amostra,utc,tempo_relativo_s,dispositivo,intervalo_real_s,leitura_bytes_total,escrita_bytes_total,leituras_total,escritas_total,leitura_bytes_delta,escrita_bytes_delta,leituras_delta,escritas_delta,leitura_bytes_s,escrita_bytes_s,ocupado_ms_delta,erro
1,2026-10-09T15:22:06.650301+00:00,1.0012591920003615,loop0,,374784,0,51,0,,,,,,,,
1,2026-10-09T15:22:06.650301+00:00,1.0012591920003615,loop1,,2107392,0,217,0,,,,,,,,
1,2026-10-09T15:22:06.650301+00:00,1.0012591920003615,loop2,,1106944,0,51,0,,,,,,,,
1,2026-10-09T15:22:06.650301+00:00,1.0012591920003615,loop3,,1141760,0,66,0,,,,,,,,
1,2026-10-09T15:22:06.650301+00:00,1.0012591920003615,loop4,,354304,0,43,0,,,,,,,,
1,2026-10-09T15:22:06.650301+00:00,1.0012591920003615,loop5,,18432,0,12,0,,,,,,,,
1,2026-10-09T15:22:06.650301+00:00,1.0012591920003615,loop6,,0,0,0,0,,,,,,,,
1,2026-10-09T15:22:06.650301+00:00,1.0012591920003615,loop7,,0,0,0,0,,,,,,,,
1,2026-10-09T15:22:06.650301+00:00,1.0012591920003615,sr0,,1536,0,8,0,,,,,,,,
1,2026-10-09T15:22:06.650301+00:00,1.0012591920003615,sda,,356335104,5344391168,7903,49445,,,,,,,,
1,2026-10-09T15:22:06.650301+00:00,1.0012591920003615,sda1,,319488,0,78,0,,,,,,,,
1,2026-10-09T15:22:06.650301+00:00,1.0012591920003615,sda2,,326784000,223088640,6593,35859,,,,,,,,
1,2026-10-09T15:22:06.650301+00:00,1.0012591920003615,sda3,,5571584,118784,155,25,,,,,,,,
1,2026-10-09T15:22:06.650301+00:00,1.0012591920003615,sda4,,4657152,0,116,0,,,,,,,,
1,2026-10-09T15:22:06.650301+00:00,1.0012591920003615,sda5,,16548864,5121183744,826,13561,,,,,,,,
2,2026-10-09T15:22:07.650639+00:00,2.001387264999721,loop0,1.0003376140002729,374784,0,51,0,0,0,0,0,0.0,0.0,0,
2,2026-10-09T15:22:07.650639+00:00,2.001387264999721,loop1,1.0003376140002729,2107392,0,217,0,0,0,0,0,0.0,0.0,0,
2,2026-10-09T15:22:07.650639+00:00,2.001387264999721,loop2,1.0003376140002729,1106944,0,51,0,0,0,0,0,0.0,0.0,0,
2,2026-10-09T15:22:07.650639+00:00,2.001387264999721,loop3,1.0003376140002729,1141760,0,66,0,0,0,0,0,0.0,0.0,0,
2,2026-10-09T15:22:07.650639+00:00,2.001387264999721,loop4,1.0003376140002729,354304,0,43,0,0,0,0,0,0.0,0.0,0,
2,2026-10-09T15:22:07.650639+00:00,2.001387264999721,loop5,1.0003376140002729,18432,0,12,0,0,0,0,0,0.0,0.0,0,
2,2026-10-09T15:22:07.650639+00:00,2.001387264999721,loop6,1.0003376140002729,0,0,0,0,0,0,0,0,0.0,0.0,0,
2,2026-10-09T15:22:07.650639+00:00,2.001387264999721,loop7,1.0003376140002729,0,0,0,0,0,0,0,0,0.0,0.0,0,
2,2026-10-09T15:22:07.650639+00:00,2.001387264999721,sr0,1.0003376140002729,1536,0,8,0,0,0,0,0,0.0,0.0,0,
2,2026-10-09T15:22:07.650639+00:00,2.001387264999721,sda,1.0003376140002729,356335104,5346516992,7903,49769,0,2125824,0,324,0.0,2125106.534281955,152,
2,2026-10-09T15:22:07.650639+00:00,2.001387264999721,sda1,1.0003376140002729,319488,0,78,0,0,0,0,0,0.0,0.0,0,
2,2026-10-09T15:22:07.650639+00:00,2.001387264999721,sda2,1.0003376140002729,326784000,225214464,6593,36183,0,2125824,0,324,0.0,2125106.534281955,152,
2,2026-10-09T15:22:07.650639+00:00,2.001387264999721,sda3,1.0003376140002729,5571584,118784,155,25,0,0,0,0,0.0,0.0,0,
2,2026-10-09T15:22:07.650639+00:00,2.001387264999721,sda4,1.0003376140002729,4657152,0,116,0,0,0,0,0,0.0,0.0,0,
2,2026-10-09T15:22:07.650639+00:00,2.001387264999721,sda5,1.0003376140002729,16548864,5121183744,826,13561,0,0,0,0,0.0,0.0,0,
3,2026-10-09T15:22:08.650877+00:00,3.001635745000385,loop0,1.0002381280000918,374784,0,51,0,0,0,0,0,0.0,0.0,0,
3,2026-10-09T15:22:08.650877+00:00,3.001635745000385,loop1,1.0002381280000918,2107392,0,217,0,0,0,0,0,0.0,0.0,0,
3,2026-10-09T15:22:08.650877+00:00,3.001635745000385,loop2,1.0002381280000918,1106944,0,51,0,0,0,0,0,0.0,0.0,0,
3,2026-10-09T15:22:08.650877+00:00,3.001635745000385,loop3,1.0002381280000918,1141760,0,66,0,0,0,0,0,0.0,0.0,0,
3,2026-10-09T15:22:08.650877+00:00,3.001635745000385,loop4,1.0002381280000918,354304,0,43,0,0,0,0,0,0.0,0.0,0,
3,2026-10-09T15:22:08.650877+00:00,3.001635745000385,loop5,1.0002381280000918,18432,0,12,0,0,0,0,0,0.0,0.0,0,
3,2026-10-09T15:22:08.650877+00:00,3.001635745000385,loop6,1.0002381280000918,0,0,0,0,0,0,0,0,0.0,0.0,0,
3,2026-10-09T15:22:08.650877+00:00,3.001635745000385,loop7,1.0002381280000918,0,0,0,0,0,0,0,0,0.0,0.0,0,
3,2026-10-09T15:22:08.650877+00:00,3.001635745000385,sr0,1.0002381280000918,1536,0,8,0,0,0,0,0,0.0,0.0,0,
3,2026-10-09T15:22:08.650877+00:00,3.001635745000385,sda,1.0002381280000918,356335104,5348311040,7903,50077,0,1794048,0,308,0.0,1793620.888644864,340,
3,2026-10-09T15:22:08.650877+00:00,3.001635745000385,sda1,1.0002381280000918,319488,0,78,0,0,0,0,0,0.0,0.0,0,
3,2026-10-09T15:22:08.650877+00:00,3.001635745000385,sda2,1.0002381280000918,326784000,227008512,6593,36491,0,1794048,0,308,0.0,1793620.888644864,340,
3,2026-10-09T15:22:08.650877+00:00,3.001635745000385,sda3,1.0002381280000918,5571584,118784,155,25,0,0,0,0,0.0,0.0,0,
3,2026-10-09T15:22:08.650877+00:00,3.001635745000385,sda4,1.0002381280000918,4657152,0,116,0,0,0,0,0,0.0,0.0,0,
3,2026-10-09T15:22:08.650877+00:00,3.001635745000385,sda5,1.0002381280000918,16548864,5121183744,826,13561,0,0,0,0,0.0,0.0,0,
4,2026-10-09T15:22:09.650195+00:00,4.001056455999787,loop0,0.9993173980001302,374784,0,51,0,0,0,0,0,0.0,0.0,0,
4,2026-10-09T15:22:09.650195+00:00,4.001056455999787,loop1,0.9993173980001302,2107392,0,217,0,0,0,0,0,0.0,0.0,0,
4,2026-10-09T15:22:09.650195+00:00,4.001056455999787,loop2,0.9993173980001302,1106944,0,51,0,0,0,0,0,0.0,0.0,0,
4,2026-10-09T15:22:09.650195+00:00,4.001056455999787,loop3,0.9993173980001302,1141760,0,66,0,0,0,0,0,0.0,0.0,0,
4,2026-10-09T15:22:09.650195+00:00,4.001056455999787,loop4,0.9993173980001302,354304,0,43,0,0,0,0,0,0.0,0.0,0,
4,2026-10-09T15:22:09.650195+00:00,4.001056455999787,loop5,0.9993173980001302,18432,0,12,0,0,0,0,0,0.0,0.0,0,
4,2026-10-09T15:22:09.650195+00:00,4.001056455999787,loop6,0.9993173980001302,0,0,0,0,0,0,0,0,0.0,0.0,0,
4,2026-10-09T15:22:09.650195+00:00,4.001056455999787,loop7,0.9993173980001302,0,0,0,0,0,0,0,0,0.0,0.0,0,
4,2026-10-09T15:22:09.650195+00:00,4.001056455999787,sr0,0.9993173980001302,1536,0,8,0,0,0,0,0,0.0,0.0,0,
4,2026-10-09T15:22:09.650195+00:00,4.001056455999787,sda,0.9993173980001302,356335104,5369417728,7903,50120,0,21106688,0,43,0.0,21121105.308723196,540,
4,2026-10-09T15:22:09.650195+00:00,4.001056455999787,sda1,0.9993173980001302,319488,0,78,0,0,0,0,0,0.0,0.0,0,
4,2026-10-09T15:22:09.650195+00:00,4.001056455999787,sda2,0.9993173980001302,326784000,227008512,6593,36491,0,0,0,0,0.0,0.0,0,
4,2026-10-09T15:22:09.650195+00:00,4.001056455999787,sda3,0.9993173980001302,5571584,118784,155,25,0,0,0,0,0.0,0.0,0,
4,2026-10-09T15:22:09.650195+00:00,4.001056455999787,sda4,0.9993173980001302,4657152,0,116,0,0,0,0,0,0.0,0.0,0,
4,2026-10-09T15:22:09.650195+00:00,4.001056455999787,sda5,0.9993173980001302,16548864,5142290432,826,13604,0,21106688,0,43,0.0,21121105.308723196,540,
5,2026-10-09T15:22:10.650071+00:00,5.001105452000047,loop0,0.9998760660000698,374784,0,51,0,0,0,0,0,0.0,0.0,0,
5,2026-10-09T15:22:10.650071+00:00,5.001105452000047,loop1,0.9998760660000698,2107392,0,217,0,0,0,0,0,0.0,0.0,0,
5,2026-10-09T15:22:10.650071+00:00,5.001105452000047,loop2,0.9998760660000698,1106944,0,51,0,0,0,0,0,0.0,0.0,0,
5,2026-10-09T15:22:10.650071+00:00,5.001105452000047,loop3,0.9998760660000698,1141760,0,66,0,0,0,0,0,0.0,0.0,0,
5,2026-10-09T15:22:10.650071+00:00,5.001105452000047,loop4,0.9998760660000698,354304,0,43,0,0,0,0,0,0.0,0.0,0,
5,2026-10-09T15:22:10.650071+00:00,5.001105452000047,loop5,0.9998760660000698,18432,0,12,0,0,0,0,0,0.0,0.0,0,
5,2026-10-09T15:22:10.650071+00:00,5.001105452000047,loop6,0.9998760660000698,0,0,0,0,0,0,0,0,0.0,0.0,0,
5,2026-10-09T15:22:10.650071+00:00,5.001105452000047,loop7,0.9998760660000698,0,0,0,0,0,0,0,0,0.0,0.0,0,
5,2026-10-09T15:22:10.650071+00:00,5.001105452000047,sr0,0.9998760660000698,1536,0,8,0,0,0,0,0,0.0,0.0,0,
5,2026-10-09T15:22:10.650071+00:00,5.001105452000047,sda,0.9998760660000698,356335104,5442179072,7903,50295,0,72761344,0,175,0.0,72770362.72212853,924,
5,2026-10-09T15:22:10.650071+00:00,5.001105452000047,sda1,0.9998760660000698,319488,0,78,0,0,0,0,0,0.0,0.0,0,
5,2026-10-09T15:22:10.650071+00:00,5.001105452000047,sda2,0.9998760660000698,326784000,227094528,6593,36502,0,86016,0,11,0.0,86026.66162827623,44,
5,2026-10-09T15:22:10.650071+00:00,5.001105452000047,sda3,0.9998760660000698,5571584,118784,155,25,0,0,0,0,0.0,0.0,0,
5,2026-10-09T15:22:10.650071+00:00,5.001105452000047,sda4,0.9998760660000698,4657152,0,116,0,0,0,0,0,0.0,0.0,0,
5,2026-10-09T15:22:10.650071+00:00,5.001105452000047,sda5,0.9998760660000698,16548864,5214965760,826,13768,0,72675328,0,164,0.0,72684336.06050025,920,
6,2026-10-09T15:22:11.650912+00:00,6.001502477999566,loop0,1.0008412269999098,374784,0,51,0,0,0,0,0,0.0,0.0,0,
6,2026-10-09T15:22:11.650912+00:00,6.001502477999566,loop1,1.0008412269999098,2107392,0,217,0,0,0,0,0,0.0,0.0,0,
6,2026-10-09T15:22:11.650912+00:00,6.001502477999566,loop2,1.0008412269999098,1106944,0,51,0,0,0,0,0,0.0,0.0,0,
6,2026-10-09T15:22:11.650912+00:00,6.001502477999566,loop3,1.0008412269999098,1141760,0,66,0,0,0,0,0,0.0,0.0,0,
6,2026-10-09T15:22:11.650912+00:00,6.001502477999566,loop4,1.0008412269999098,354304,0,43,0,0,0,0,0,0.0,0.0,0,
6,2026-10-09T15:22:11.650912+00:00,6.001502477999566,loop5,1.0008412269999098,18432,0,12,0,0,0,0,0,0.0,0.0,0,
6,2026-10-09T15:22:11.650912+00:00,6.001502477999566,loop6,1.0008412269999098,0,0,0,0,0,0,0,0,0.0,0.0,0,
6,2026-10-09T15:22:11.650912+00:00,6.001502477999566,loop7,1.0008412269999098,0,0,0,0,0,0,0,0,0.0,0.0,0,
6,2026-10-09T15:22:11.650912+00:00,6.001502477999566,sr0,1.0008412269999098,1536,0,8,0,0,0,0,0,0.0,0.0,0,
6,2026-10-09T15:22:11.650912+00:00,6.001502477999566,sda,1.0008412269999098,356335104,5517049856,7903,50459,0,74870784,0,164,0.0,74807853.61373483,944,
6,2026-10-09T15:22:11.650912+00:00,6.001502477999566,sda1,1.0008412269999098,319488,0,78,0,0,0,0,0,0.0,0.0,0,
6,2026-10-09T15:22:11.650912+00:00,6.001502477999566,sda2,1.0008412269999098,326784000,227119104,6593,36504,0,24576,0,2,0.0,24555.343382154875,4,
6,2026-10-09T15:22:11.650912+00:00,6.001502477999566,sda3,1.0008412269999098,5571584,118784,155,25,0,0,0,0,0.0,0.0,0,
6,2026-10-09T15:22:11.650912+00:00,6.001502477999566,sda4,1.0008412269999098,4657152,0,116,0,0,0,0,0,0.0,0.0,0,
6,2026-10-09T15:22:11.650912+00:00,6.001502477999566,sda5,1.0008412269999098,16548864,5289811968,826,13930,0,74846208,0,162,0.0,74783298.27035266,948,
7,2026-10-09T15:22:12.650055+00:00,7.00091359399994,loop0,0.9991434169996865,374784,0,51,0,0,0,0,0,0.0,0.0,0,
7,2026-10-09T15:22:12.650055+00:00,7.00091359399994,loop1,0.9991434169996865,2107392,0,217,0,0,0,0,0,0.0,0.0,0,
7,2026-10-09T15:22:12.650055+00:00,7.00091359399994,loop2,0.9991434169996865,1106944,0,51,0,0,0,0,0,0.0,0.0,0,
7,2026-10-09T15:22:12.650055+00:00,7.00091359399994,loop3,0.9991434169996865,1141760,0,66,0,0,0,0,0,0.0,0.0,0,
7,2026-10-09T15:22:12.650055+00:00,7.00091359399994,loop4,0.9991434169996865,354304,0,43,0,0,0,0,0,0.0,0.0,0,
7,2026-10-09T15:22:12.650055+00:00,7.00091359399994,loop5,0.9991434169996865,18432,0,12,0,0,0,0,0,0.0,0.0,0,
7,2026-10-09T15:22:12.650055+00:00,7.00091359399994,loop6,0.9991434169996865,0,0,0,0,0,0,0,0,0.0,0.0,0,
7,2026-10-09T15:22:12.650055+00:00,7.00091359399994,loop7,0.9991434169996865,0,0,0,0,0,0,0,0,0.0,0.0,0,
7,2026-10-09T15:22:12.650055+00:00,7.00091359399994,sr0,0.9991434169996865,1536,0,8,0,0,0,0,0,0.0,0.0,0,
7,2026-10-09T15:22:12.650055+00:00,7.00091359399994,sda,0.9991434169996865,356335104,5598154752,7903,50632,0,81104896,0,173,0.0,81174428.63562945,892,
7,2026-10-09T15:22:12.650055+00:00,7.00091359399994,sda1,0.9991434169996865,319488,0,78,0,0,0,0,0,0.0,0.0,0,
7,2026-10-09T15:22:12.650055+00:00,7.00091359399994,sda2,0.9991434169996865,326784000,227119104,6593,36504,0,0,0,0,0.0,0.0,0,
7,2026-10-09T15:22:12.650055+00:00,7.00091359399994,sda3,0.9991434169996865,5571584,118784,155,25,0,0,0,0,0.0,0.0,0,
7,2026-10-09T15:22:12.650055+00:00,7.00091359399994,sda4,0.9991434169996865,4657152,0,116,0,0,0,0,0,0.0,0.0,0,
7,2026-10-09T15:22:12.650055+00:00,7.00091359399994,sda5,0.9991434169996865,16548864,5370916864,826,14103,0,81104896,0,173,0.0,81174428.63562945,892,
8,2026-10-09T15:22:13.650580+00:00,8.001406499999575,loop0,1.0005245210004432,374784,0,51,0,0,0,0,0,0.0,0.0,0,
8,2026-10-09T15:22:13.650580+00:00,8.001406499999575,loop1,1.0005245210004432,2107392,0,217,0,0,0,0,0,0.0,0.0,0,
8,2026-10-09T15:22:13.650580+00:00,8.001406499999575,loop2,1.0005245210004432,1106944,0,51,0,0,0,0,0,0.0,0.0,0,
8,2026-10-09T15:22:13.650580+00:00,8.001406499999575,loop3,1.0005245210004432,1141760,0,66,0,0,0,0,0,0.0,0.0,0,
8,2026-10-09T15:22:13.650580+00:00,8.001406499999575,loop4,1.0005245210004432,354304,0,43,0,0,0,0,0,0.0,0.0,0,
8,2026-10-09T15:22:13.650580+00:00,8.001406499999575,loop5,1.0005245210004432,18432,0,12,0,0,0,0,0,0.0,0.0,0,
8,2026-10-09T15:22:13.650580+00:00,8.001406499999575,loop6,1.0005245210004432,0,0,0,0,0,0,0,0,0.0,0.0,0,
8,2026-10-09T15:22:13.650580+00:00,8.001406499999575,loop7,1.0005245210004432,0,0,0,0,0,0,0,0,0.0,0.0,0,
8,2026-10-09T15:22:13.650580+00:00,8.001406499999575,sr0,1.0005245210004432,1536,0,8,0,0,0,0,0,0.0,0.0,0,
8,2026-10-09T15:22:13.650580+00:00,8.001406499999575,sda,1.0005245210004432,356335104,5653999616,7903,50749,0,55844864,0,117,0.0,55815587.55217681,952,
8,2026-10-09T15:22:13.650580+00:00,8.001406499999575,sda1,1.0005245210004432,319488,0,78,0,0,0,0,0,0.0,0.0,0,
8,2026-10-09T15:22:13.650580+00:00,8.001406499999575,sda2,1.0005245210004432,326784000,227119104,6593,36504,0,0,0,0,0.0,0.0,0,
8,2026-10-09T15:22:13.650580+00:00,8.001406499999575,sda3,1.0005245210004432,5571584,118784,155,25,0,0,0,0,0.0,0.0,0,
8,2026-10-09T15:22:13.650580+00:00,8.001406499999575,sda4,1.0005245210004432,4657152,0,116,0,0,0,0,0,0.0,0.0,0,
8,2026-10-09T15:22:13.650580+00:00,8.001406499999575,sda5,1.0005245210004432,16548864,5426761728,826,14220,0,55844864,0,117,0.0,55815587.55217681,952,
9,2026-10-09T15:22:14.650893+00:00,9.001681194999946,loop0,1.0003132119991278,374784,0,51,0,0,0,0,0,0.0,0.0,0,
9,2026-10-09T15:22:14.650893+00:00,9.001681194999946,loop1,1.0003132119991278,2107392,0,217,0,0,0,0,0,0.0,0.0,0,
9,2026-10-09T15:22:14.650893+00:00,9.001681194999946,loop2,1.0003132119991278,1106944,0,51,0,0,0,0,0,0.0,0.0,0,
9,2026-10-09T15:22:14.650893+00:00,9.001681194999946,loop3,1.0003132119991278,1141760,0,66,0,0,0,0,0,0.0,0.0,0,
9,2026-10-09T15:22:14.650893+00:00,9.001681194999946,loop4,1.0003132119991278,354304,0,43,0,0,0,0,0,0.0,0.0,0,
9,2026-10-09T15:22:14.650893+00:00,9.001681194999946,loop5,1.0003132119991278,18432,0,12,0,0,0,0,0,0.0,0.0,0,
9,2026-10-09T15:22:14.650893+00:00,9.001681194999946,loop6,1.0003132119991278,0,0,0,0,0,0,0,0,0.0,0.0,0,
9,2026-10-09T15:22:14.650893+00:00,9.001681194999946,loop7,1.0003132119991278,0,0,0,0,0,0,0,0,0.0,0.0,0,
9,2026-10-09T15:22:14.650893+00:00,9.001681194999946,sr0,1.0003132119991278,1536,0,8,0,0,0,0,0,0.0,0.0,0,
9,2026-10-09T15:22:14.650893+00:00,9.001681194999946,sda,1.0003132119991278,356335104,5727694848,7903,50903,0,73695232,0,154,0.0,73672156.99642709,1032,
9,2026-10-09T15:22:14.650893+00:00,9.001681194999946,sda1,1.0003132119991278,319488,0,78,0,0,0,0,0,0.0,0.0,0,
9,2026-10-09T15:22:14.650893+00:00,9.001681194999946,sda2,1.0003132119991278,326784000,227119104,6593,36504,0,0,0,0,0.0,0.0,0,
9,2026-10-09T15:22:14.650893+00:00,9.001681194999946,sda3,1.0003132119991278,5571584,118784,155,25,0,0,0,0,0.0,0.0,0,
9,2026-10-09T15:22:14.650893+00:00,9.001681194999946,sda4,1.0003132119991278,4657152,0,116,0,0,0,0,0,0.0,0.0,0,
9,2026-10-09T15:22:14.650893+00:00,9.001681194999946,sda5,1.0003132119991278,16548864,5500456960,826,14374,0,73695232,0,154,0.0,73672156.99642709,1032,
10,2026-10-09T15:22:15.650606+00:00,10.001151921999735,loop0,0.9997124770006849,374784,0,51,0,0,0,0,0,0.0,0.0,0,
10,2026-10-09T15:22:15.650606+00:00,10.001151921999735,loop1,0.9997124770006849,2107392,0,217,0,0,0,0,0,0.0,0.0,0,
10,2026-10-09T15:22:15.650606+00:00,10.001151921999735,loop2,0.9997124770006849,1106944,0,51,0,0,0,0,0,0.0,0.0,0,
10,2026-10-09T15:22:15.650606+00:00,10.001151921999735,loop3,0.9997124770006849,1141760,0,66,0,0,0,0,0,0.0,0.0,0,
10,2026-10-09T15:22:15.650606+00:00,10.001151921999735,loop4,0.9997124770006849,354304,0,43,0,0,0,0,0,0.0,0.0,0,
10,2026-10-09T15:22:15.650606+00:00,10.001151921999735,loop5,0.9997124770006849,18432,0,12,0,0,0,0,0,0.0,0.0,0,
10,2026-10-09T15:22:15.650606+00:00,10.001151921999735,loop6,0.9997124770006849,0,0,0,0,0,0,0,0,0.0,0.0,0,
10,2026-10-09T15:22:15.650606+00:00,10.001151921999735,loop7,0.9997124770006849,0,0,0,0,0,0,0,0,0.0,0.0,0,
10,2026-10-09T15:22:15.650606+00:00,10.001151921999735,sr0,0.9997124770006849,1536,0,8,0,0,0,0,0,0.0,0.0,0,
10,2026-10-09T15:22:15.650606+00:00,10.001151921999735,sda,0.9997124770006849,356335104,5797982208,7903,51062,0,70287360,0,159,0.0,70307575.04485147,908,
10,2026-10-09T15:22:15.650606+00:00,10.001151921999735,sda1,0.9997124770006849,319488,0,78,0,0,0,0,0,0.0,0.0,0,
10,2026-10-09T15:22:15.650606+00:00,10.001151921999735,sda2,0.9997124770006849,326784000,227188736,6593,36512,0,69632,0,8,0.0,69652.02655958479,56,
10,2026-10-09T15:22:15.650606+00:00,10.001151921999735,sda3,0.9997124770006849,5571584,118784,155,25,0,0,0,0,0.0,0.0,0,
10,2026-10-09T15:22:15.650606+00:00,10.001151921999735,sda4,0.9997124770006849,4657152,0,116,0,0,0,0,0,0.0,0.0,0,
10,2026-10-09T15:22:15.650606+00:00,10.001151921999735,sda5,0.9997124770006849,16548864,5570674688,826,14525,0,70217728,0,151,0.0,70237923.01829189,904,
11,2026-10-09T15:22:16.651328+00:00,11.001403629999913,loop0,1.0007226950001495,374784,0,51,0,0,0,0,0,0.0,0.0,0,
11,2026-10-09T15:22:16.651328+00:00,11.001403629999913,loop1,1.0007226950001495,2107392,0,217,0,0,0,0,0,0.0,0.0,0,
11,2026-10-09T15:22:16.651328+00:00,11.001403629999913,loop2,1.0007226950001495,1106944,0,51,0,0,0,0,0,0.0,0.0,0,
11,2026-10-09T15:22:16.651328+00:00,11.001403629999913,loop3,1.0007226950001495,1141760,0,66,0,0,0,0,0,0.0,0.0,0,
11,2026-10-09T15:22:16.651328+00:00,11.001403629999913,loop4,1.0007226950001495,354304,0,43,0,0,0,0,0,0.0,0.0,0,
11,2026-10-09T15:22:16.651328+00:00,11.001403629999913,loop5,1.0007226950001495,18432,0,12,0,0,0,0,0,0.0,0.0,0,
11,2026-10-09T15:22:16.651328+00:00,11.001403629999913,loop6,1.0007226950001495,0,0,0,0,0,0,0,0,0.0,0.0,0,
11,2026-10-09T15:22:16.651328+00:00,11.001403629999913,loop7,1.0007226950001495,0,0,0,0,0,0,0,0,0.0,0.0,0,
11,2026-10-09T15:22:16.651328+00:00,11.001403629999913,sr0,1.0007226950001495,1536,0,8,0,0,0,0,0,0.0,0.0,0,
11,2026-10-09T15:22:16.651328+00:00,11.001403629999913,sda,1.0007226950001495,356335104,5864665088,7903,51202,0,66682880,0,140,0.0,66634723.41854907,980,
11,2026-10-09T15:22:16.651328+00:00,11.001403629999913,sda1,1.0007226950001495,319488,0,78,0,0,0,0,0,0.0,0.0,0,
11,2026-10-09T15:22:16.651328+00:00,11.001403629999913,sda2,1.0007226950001495,326784000,227188736,6593,36512,0,0,0,0,0.0,0.0,0,
11,2026-10-09T15:22:16.651328+00:00,11.001403629999913,sda3,1.0007226950001495,5571584,118784,155,25,0,0,0,0,0.0,0.0,0,
11,2026-10-09T15:22:16.651328+00:00,11.001403629999913,sda4,1.0007226950001495,4657152,0,116,0,0,0,0,0,0.0,0.0,0,
11,2026-10-09T15:22:16.651328+00:00,11.001403629999913,sda5,1.0007226950001495,16548864,5637357568,826,14665,0,66682880,0,140,0.0,66634723.41854907,980,
12,2026-10-09T15:22:17.650779+00:00,12.00163580499975,loop0,0.999450808999427,374784,0,51,0,0,0,0,0,0.0,0.0,0,
12,2026-10-09T15:22:17.650779+00:00,12.00163580499975,loop1,0.999450808999427,2107392,0,217,0,0,0,0,0,0.0,0.0,0,
12,2026-10-09T15:22:17.650779+00:00,12.00163580499975,loop2,0.999450808999427,1106944,0,51,0,0,0,0,0,0.0,0.0,0,
12,2026-10-09T15:22:17.650779+00:00,12.00163580499975,loop3,0.999450808999427,1141760,0,66,0,0,0,0,0,0.0,0.0,0,
12,2026-10-09T15:22:17.650779+00:00,12.00163580499975,loop4,0.999450808999427,354304,0,43,0,0,0,0,0,0.0,0.0,0,
12,2026-10-09T15:22:17.650779+00:00,12.00163580499975,loop5,0.999450808999427,18432,0,12,0,0,0,0,0,0.0,0.0,0,
12,2026-10-09T15:22:17.650779+00:00,12.00163580499975,loop6,0.999450808999427,0,0,0,0,0,0,0,0,0.0,0.0,0,
12,2026-10-09T15:22:17.650779+00:00,12.00163580499975,loop7,0.999450808999427,0,0,0,0,0,0,0,0,0.0,0.0,0,
12,2026-10-09T15:22:17.650779+00:00,12.00163580499975,sr0,0.999450808999427,1536,0,8,0,0,0,0,0,0.0,0.0,0,
12,2026-10-09T15:22:17.650779+00:00,12.00163580499975,sda,0.999450808999427,356335104,5936263168,7903,51354,0,71598080,0,152,0.0,71637422.62781145,924,
12,2026-10-09T15:22:17.650779+00:00,12.00163580499975,sda1,0.999450808999427,319488,0,78,0,0,0,0,0,0.0,0.0,0,
12,2026-10-09T15:22:17.650779+00:00,12.00163580499975,sda2,0.999450808999427,326784000,227188736,6593,36512,0,0,0,0,0.0,0.0,0,
12,2026-10-09T15:22:17.650779+00:00,12.00163580499975,sda3,0.999450808999427,5571584,118784,155,25,0,0,0,0,0.0,0.0,0,
12,2026-10-09T15:22:17.650779+00:00,12.00163580499975,sda4,0.999450808999427,4657152,0,116,0,0,0,0,0,0.0,0.0,0,
12,2026-10-09T15:22:17.650779+00:00,12.00163580499975,sda5,0.999450808999427,16548864,5708955648,826,14817,0,71598080,0,152,0.0,71637422.62781145,924,
13,2026-10-09T15:22:18.650794+00:00,13.001667767000072,loop0,1.0000153020000653,374784,0,51,0,0,0,0,0,0.0,0.0,0,
13,2026-10-09T15:22:18.650794+00:00,13.001667767000072,loop1,1.0000153020000653,2107392,0,217,0,0,0,0,0,0.0,0.0,0,
13,2026-10-09T15:22:18.650794+00:00,13.001667767000072,loop2,1.0000153020000653,1106944,0,51,0,0,0,0,0,0.0,0.0,0,
13,2026-10-09T15:22:18.650794+00:00,13.001667767000072,loop3,1.0000153020000653,1141760,0,66,0,0,0,0,0,0.0,0.0,0,
13,2026-10-09T15:22:18.650794+00:00,13.001667767000072,loop4,1.0000153020000653,354304,0,43,0,0,0,0,0,0.0,0.0,0,
13,2026-10-09T15:22:18.650794+00:00,13.001667767000072,loop5,1.0000153020000653,18432,0,12,0,0,0,0,0,0.0,0.0,0,
13,2026-10-09T15:22:18.650794+00:00,13.001667767000072,loop6,1.0000153020000653,0,0,0,0,0,0,0,0,0.0,0.0,0,
13,2026-10-09T15:22:18.650794+00:00,13.001667767000072,loop7,1.0000153020000653,0,0,0,0,0,0,0,0,0.0,0.0,0,
13,2026-10-09T15:22:18.650794+00:00,13.001667767000072,sr0,1.0000153020000653,1536,0,8,0,0,0,0,0,0.0,0.0,0,
13,2026-10-09T15:22:18.650794+00:00,13.001667767000072,sda,1.0000153020000653,356335104,6001565696,7903,51491,0,65302528,0,137,0.0,65301528.75600272,972,
13,2026-10-09T15:22:18.650794+00:00,13.001667767000072,sda1,1.0000153020000653,319488,0,78,0,0,0,0,0,0.0,0.0,0,
13,2026-10-09T15:22:18.650794+00:00,13.001667767000072,sda2,1.0000153020000653,326784000,227188736,6593,36512,0,0,0,0,0.0,0.0,0,
13,2026-10-09T15:22:18.650794+00:00,13.001667767000072,sda3,1.0000153020000653,5571584,118784,155,25,0,0,0,0,0.0,0.0,0,
13,2026-10-09T15:22:18.650794+00:00,13.001667767000072,sda4,1.0000153020000653,4657152,0,116,0,0,0,0,0,0.0,0.0,0,
13,2026-10-09T15:22:18.650794+00:00,13.001667767000072,sda5,1.0000153020000653,16548864,5774258176,826,14954,0,65302528,0,137,0.0,65301528.75600272,972,
14,2026-10-09T15:22:19.651153+00:00,14.001717680000183,loop0,1.0003581910004868,374784,0,51,0,0,0,0,0,0.0,0.0,0,
14,2026-10-09T15:22:19.651153+00:00,14.001717680000183,loop1,1.0003581910004868,2107392,0,217,0,0,0,0,0,0.0,0.0,0,
14,2026-10-09T15:22:19.651153+00:00,14.001717680000183,loop2,1.0003581910004868,1106944,0,51,0,0,0,0,0,0.0,0.0,0,
14,2026-10-09T15:22:19.651153+00:00,14.001717680000183,loop3,1.0003581910004868,1141760,0,66,0,0,0,0,0,0.0,0.0,0,
14,2026-10-09T15:22:19.651153+00:00,14.001717680000183,loop4,1.0003581910004868,354304,0,43,0,0,0,0,0,0.0,0.0,0,
14,2026-10-09T15:22:19.651153+00:00,14.001717680000183,loop5,1.0003581910004868,18432,0,12,0,0,0,0,0,0.0,0.0,0,
14,2026-10-09T15:22:19.651153+00:00,14.001717680000183,loop6,1.0003581910004868,0,0,0,0,0,0,0,0,0.0,0.0,0,
14,2026-10-09T15:22:19.651153+00:00,14.001717680000183,loop7,1.0003581910004868,0,0,0,0,0,0,0,0,0.0,0.0,0,
14,2026-10-09T15:22:19.651153+00:00,14.001717680000183,sr0,1.0003581910004868,1536,0,8,0,0,0,0,0,0.0,0.0,0,
14,2026-10-09T15:22:19.651153+00:00,14.001717680000183,sda,1.0003581910004868,356335104,6054207488,7903,51601,0,52641792,0,110,0.0,52622942.9354214,936,
14,2026-10-09T15:22:19.651153+00:00,14.001717680000183,sda1,1.0003581910004868,319488,0,78,0,0,0,0,0,0.0,0.0,0,
14,2026-10-09T15:22:19.651153+00:00,14.001717680000183,sda2,1.0003581910004868,326784000,227188736,6593,36512,0,0,0,0,0.0,0.0,0,
14,2026-10-09T15:22:19.651153+00:00,14.001717680000183,sda3,1.0003581910004868,5571584,118784,155,25,0,0,0,0,0.0,0.0,0,
14,2026-10-09T15:22:19.651153+00:00,14.001717680000183,sda4,1.0003581910004868,4657152,0,116,0,0,0,0,0,0.0,0.0,0,
14,2026-10-09T15:22:19.651153+00:00,14.001717680000183,sda5,1.0003581910004868,16548864,5826899968,826,15064,0,52641792,0,110,0.0,52622942.9354214,936,
15,2026-10-09T15:22:20.651158+00:00,15.001052892999724,loop0,1.0000059159992816,374784,0,51,0,0,0,0,0,0.0,0.0,0,
15,2026-10-09T15:22:20.651158+00:00,15.001052892999724,loop1,1.0000059159992816,2107392,0,217,0,0,0,0,0,0.0,0.0,0,
15,2026-10-09T15:22:20.651158+00:00,15.001052892999724,loop2,1.0000059159992816,1106944,0,51,0,0,0,0,0,0.0,0.0,0,
15,2026-10-09T15:22:20.651158+00:00,15.001052892999724,loop3,1.0000059159992816,1141760,0,66,0,0,0,0,0,0.0,0.0,0,
15,2026-10-09T15:22:20.651158+00:00,15.001052892999724,loop4,1.0000059159992816,354304,0,43,0,0,0,0,0,0.0,0.0,0,
15,2026-10-09T15:22:20.651158+00:00,15.001052892999724,loop5,1.0000059159992816,18432,0,12,0,0,0,0,0,0.0,0.0,0,
15,2026-10-09T15:22:20.651158+00:00,15.001052892999724,loop6,1.0000059159992816,0,0,0,0,0,0,0,0,0.0,0.0,0,
15,2026-10-09T15:22:20.651158+00:00,15.001052892999724,loop7,1.0000059159992816,0,0,0,0,0,0,0,0,0.0,0.0,0,
15,2026-10-09T15:22:20.651158+00:00,15.001052892999724,sr0,1.0000059159992816,1536,0,8,0,0,0,0,0,0.0,0.0,0,
15,2026-10-09T15:22:20.651158+00:00,15.001052892999724,sda,1.0000059159992816,356335104,6114217984,7903,51730,0,60010496,0,129,0.0,60010140.98004907,992,
15,2026-10-09T15:22:20.651158+00:00,15.001052892999724,sda1,1.0000059159992816,319488,0,78,0,0,0,0,0,0.0,0.0,0,
15,2026-10-09T15:22:20.651158+00:00,15.001052892999724,sda2,1.0000059159992816,326784000,227201024,6593,36514,0,12288,0,2,0.0,12287.927304630894,8,
15,2026-10-09T15:22:20.651158+00:00,15.001052892999724,sda3,1.0000059159992816,5571584,118784,155,25,0,0,0,0,0.0,0.0,0,
15,2026-10-09T15:22:20.651158+00:00,15.001052892999724,sda4,1.0000059159992816,4657152,0,116,0,0,0,0,0,0.0,0.0,0,
15,2026-10-09T15:22:20.651158+00:00,15.001052892999724,sda5,1.0000059159992816,16548864,5886898176,826,15191,0,59998208,0,127,0.0,59997853.05274444,984,
16,2026-10-09T15:22:21.650179+00:00,16.001066847999937,loop0,0.9990202270000736,374784,0,51,0,0,0,0,0,0.0,0.0,0,
16,2026-10-09T15:22:21.650179+00:00,16.001066847999937,loop1,0.9990202270000736,2107392,0,217,0,0,0,0,0,0.0,0.0,0,
16,2026-10-09T15:22:21.650179+00:00,16.001066847999937,loop2,0.9990202270000736,1106944,0,51,0,0,0,0,0,0.0,0.0,0,
16,2026-10-09T15:22:21.650179+00:00,16.001066847999937,loop3,0.9990202270000736,1141760,0,66,0,0,0,0,0,0.0,0.0,0,
16,2026-10-09T15:22:21.650179+00:00,16.001066847999937,loop4,0.9990202270000736,354304,0,43,0,0,0,0,0,0.0,0.0,0,
16,2026-10-09T15:22:21.650179+00:00,16.001066847999937,loop5,0.9990202270000736,18432,0,12,0,0,0,0,0,0.0,0.0,0,
16,2026-10-09T15:22:21.650179+00:00,16.001066847999937,loop6,0.9990202270000736,0,0,0,0,0,0,0,0,0.0,0.0,0,
16,2026-10-09T15:22:21.650179+00:00,16.001066847999937,loop7,0.9990202270000736,0,0,0,0,0,0,0,0,0.0,0.0,0,
16,2026-10-09T15:22:21.650179+00:00,16.001066847999937,sr0,0.9990202270000736,1536,0,8,0,0,0,0,0,0.0,0.0,0,
16,2026-10-09T15:22:21.650179+00:00,16.001066847999937,sda,0.9990202270000736,356335104,6178795520,7903,51865,0,64577536,0,135,0.0,64640869.37850883,968,
16,2026-10-09T15:22:21.650179+00:00,16.001066847999937,sda1,0.9990202270000736,319488,0,78,0,0,0,0,0,0.0,0.0,0,
16,2026-10-09T15:22:21.650179+00:00,16.001066847999937,sda2,0.9990202270000736,326784000,227201024,6593,36514,0,0,0,0,0.0,0.0,0,
16,2026-10-09T15:22:21.650179+00:00,16.001066847999937,sda3,0.9990202270000736,5571584,118784,155,25,0,0,0,0,0.0,0.0,0,
16,2026-10-09T15:22:21.650179+00:00,16.001066847999937,sda4,0.9990202270000736,4657152,0,116,0,0,0,0,0,0.0,0.0,0,
16,2026-10-09T15:22:21.650179+00:00,16.001066847999937,sda5,0.9990202270000736,16548864,5951475712,826,15326,0,64577536,0,135,0.0,64640869.37850883,968,
17,2026-10-09T15:22:22.650867+00:00,17.00143291400036,loop0,1.000688000000082,374784,0,51,0,0,0,0,0,0.0,0.0,0,
17,2026-10-09T15:22:22.650867+00:00,17.00143291400036,loop1,1.000688000000082,2107392,0,217,0,0,0,0,0,0.0,0.0,0,
17,2026-10-09T15:22:22.650867+00:00,17.00143291400036,loop2,1.000688000000082,1106944,0,51,0,0,0,0,0,0.0,0.0,0,
17,2026-10-09T15:22:22.650867+00:00,17.00143291400036,loop3,1.000688000000082,1141760,0,66,0,0,0,0,0,0.0,0.0,0,
17,2026-10-09T15:22:22.650867+00:00,17.00143291400036,loop4,1.000688000000082,354304,0,43,0,0,0,0,0,0.0,0.0,0,
17,2026-10-09T15:22:22.650867+00:00,17.00143291400036,loop5,1.000688000000082,18432,0,12,0,0,0,0,0,0.0,0.0,0,
17,2026-10-09T15:22:22.650867+00:00,17.00143291400036,loop6,1.000688000000082,0,0,0,0,0,0,0,0,0.0,0.0,0,
17,2026-10-09T15:22:22.650867+00:00,17.00143291400036,loop7,1.000688000000082,0,0,0,0,0,0,0,0,0.0,0.0,0,
17,2026-10-09T15:22:22.650867+00:00,17.00143291400036,sr0,1.000688000000082,1536,0,8,0,0,0,0,0,0.0,0.0,0,
17,2026-10-09T15:22:22.650867+00:00,17.00143291400036,sda,1.000688000000082,356335104,6233210880,7903,51979,0,54415360,0,114,0.0,54377947.971790954,948,
17,2026-10-09T15:22:22.650867+00:00,17.00143291400036,sda1,1.000688000000082,319488,0,78,0,0,0,0,0,0.0,0.0,0,
17,2026-10-09T15:22:22.650867+00:00,17.00143291400036,sda2,1.000688000000082,326784000,227201024,6593,36514,0,0,0,0,0.0,0.0,0,
17,2026-10-09T15:22:22.650867+00:00,17.00143291400036,sda3,1.000688000000082,5571584,118784,155,25,0,0,0,0,0.0,0.0,0,
17,2026-10-09T15:22:22.650867+00:00,17.00143291400036,sda4,1.000688000000082,4657152,0,116,0,0,0,0,0,0.0,0.0,0,
17,2026-10-09T15:22:22.650867+00:00,17.00143291400036,sda5,1.000688000000082,16548864,6005891072,826,15440,0,54415360,0,114,0.0,54377947.971790954,948,
18,2026-10-09T15:22:23.651132+00:00,18.001430624999557,loop0,1.0002653760002431,374784,0,51,0,0,0,0,0,0.0,0.0,0,
18,2026-10-09T15:22:23.651132+00:00,18.001430624999557,loop1,1.0002653760002431,2107392,0,217,0,0,0,0,0,0.0,0.0,0,
18,2026-10-09T15:22:23.651132+00:00,18.001430624999557,loop2,1.0002653760002431,1106944,0,51,0,0,0,0,0,0.0,0.0,0,
18,2026-10-09T15:22:23.651132+00:00,18.001430624999557,loop3,1.0002653760002431,1141760,0,66,0,0,0,0,0,0.0,0.0,0,
18,2026-10-09T15:22:23.651132+00:00,18.001430624999557,loop4,1.0002653760002431,354304,0,43,0,0,0,0,0,0.0,0.0,0,
18,2026-10-09T15:22:23.651132+00:00,18.001430624999557,loop5,1.0002653760002431,18432,0,12,0,0,0,0,0,0.0,0.0,0,
18,2026-10-09T15:22:23.651132+00:00,18.001430624999557,loop6,1.0002653760002431,0,0,0,0,0,0,0,0,0.0,0.0,0,
18,2026-10-09T15:22:23.651132+00:00,18.001430624999557,loop7,1.0002653760002431,0,0,0,0,0,0,0,0,0.0,0.0,0,
18,2026-10-09T15:22:23.651132+00:00,18.001430624999557,sr0,1.0002653760002431,1536,0,8,0,0,0,0,0,0.0,0.0,0,
18,2026-10-09T15:22:23.651132+00:00,18.001430624999557,sda,1.0002653760002431,356335104,6285889536,7903,52093,0,52678656,0,114,0.0,52664680.057852164,972,
18,2026-10-09T15:22:23.651132+00:00,18.001430624999557,sda1,1.0002653760002431,319488,0,78,0,0,0,0,0,0.0,0.0,0,
18,2026-10-09T15:22:23.651132+00:00,18.001430624999557,sda2,1.0002653760002431,326784000,227201024,6593,36514,0,0,0,0,0.0,0.0,0,
18,2026-10-09T15:22:23.651132+00:00,18.001430624999557,sda3,1.0002653760002431,5571584,118784,155,25,0,0,0,0,0.0,0.0,0,
18,2026-10-09T15:22:23.651132+00:00,18.001430624999557,sda4,1.0002653760002431,4657152,0,116,0,0,0,0,0,0.0,0.0,0,
18,2026-10-09T15:22:23.651132+00:00,18.001430624999557,sda5,1.0002653760002431,16548864,6058569728,826,15554,0,52678656,0,114,0.0,52664680.057852164,972,
19,2026-10-09T15:22:24.650640+00:00,19.001383140000144,loop0,0.999508416000026,374784,0,51,0,0,0,0,0,0.0,0.0,0,
19,2026-10-09T15:22:24.650640+00:00,19.001383140000144,loop1,0.999508416000026,2107392,0,217,0,0,0,0,0,0.0,0.0,0,
19,2026-10-09T15:22:24.650640+00:00,19.001383140000144,loop2,0.999508416000026,1106944,0,51,0,0,0,0,0,0.0,0.0,0,
19,2026-10-09T15:22:24.650640+00:00,19.001383140000144,loop3,0.999508416000026,1141760,0,66,0,0,0,0,0,0.0,0.0,0,
19,2026-10-09T15:22:24.650640+00:00,19.001383140000144,loop4,0.999508416000026,354304,0,43,0,0,0,0,0,0.0,0.0,0,
19,2026-10-09T15:22:24.650640+00:00,19.001383140000144,loop5,0.999508416000026,18432,0,12,0,0,0,0,0,0.0,0.0,0,
19,2026-10-09T15:22:24.650640+00:00,19.001383140000144,loop6,0.999508416000026,0,0,0,0,0,0,0,0,0.0,0.0,0,
19,2026-10-09T15:22:24.650640+00:00,19.001383140000144,loop7,0.999508416000026,0,0,0,0,0,0,0,0,0.0,0.0,0,
19,2026-10-09T15:22:24.650640+00:00,19.001383140000144,sr0,0.999508416000026,1536,0,8,0,0,0,0,0,0.0,0.0,0,
19,2026-10-09T15:22:24.650640+00:00,19.001383140000144,sda,0.999508416000026,356335104,6338531328,7903,52203,0,52641792,0,110,0.0,52667682.59007699,912,
19,2026-10-09T15:22:24.650640+00:00,19.001383140000144,sda1,0.999508416000026,319488,0,78,0,0,0,0,0,0.0,0.0,0,
19,2026-10-09T15:22:24.650640+00:00,19.001383140000144,sda2,0.999508416000026,326784000,227201024,6593,36514,0,0,0,0,0.0,0.0,0,
19,2026-10-09T15:22:24.650640+00:00,19.001383140000144,sda3,0.999508416000026,5571584,118784,155,25,0,0,0,0,0.0,0.0,0,
19,2026-10-09T15:22:24.650640+00:00,19.001383140000144,sda4,0.999508416000026,4657152,0,116,0,0,0,0,0,0.0,0.0,0,
19,2026-10-09T15:22:24.650640+00:00,19.001383140000144,sda5,0.999508416000026,16548864,6111211520,826,15664,0,52641792,0,110,0.0,52667682.59007699,912,
20,2026-10-09T15:22:25.650309+00:00,20.001405457000146,loop0,0.999668644999474,374784,0,51,0,0,0,0,0,0.0,0.0,0,
20,2026-10-09T15:22:25.650309+00:00,20.001405457000146,loop1,0.999668644999474,2107392,0,217,0,0,0,0,0,0.0,0.0,0,
20,2026-10-09T15:22:25.650309+00:00,20.001405457000146,loop2,0.999668644999474,1106944,0,51,0,0,0,0,0,0.0,0.0,0,
20,2026-10-09T15:22:25.650309+00:00,20.001405457000146,loop3,0.999668644999474,1141760,0,66,0,0,0,0,0,0.0,0.0,0,
20,2026-10-09T15:22:25.650309+00:00,20.001405457000146,loop4,0.999668644999474,354304,0,43,0,0,0,0,0,0.0,0.0,0,
20,2026-10-09T15:22:25.650309+00:00,20.001405457000146,loop5,0.999668644999474,18432,0,12,0,0,0,0,0,0.0,0.0,0,
20,2026-10-09T15:22:25.650309+00:00,20.001405457000146,loop6,0.999668644999474,0,0,0,0,0,0,0,0,0.0,0.0,0,
20,2026-10-09T15:22:25.650309+00:00,20.001405457000146,loop7,0.999668644999474,0,0,0,0,0,0,0,0,0.0,0.0,0,
20,2026-10-09T15:22:25.650309+00:00,20.001405457000146,sr0,0.999668644999474,1536,0,8,0,0,0,0,0,0.0,0.0,0,
20,2026-10-09T15:22:25.650309+00:00,20.001405457000146,sda,0.999668644999474,356335104,6391197696,7903,52317,0,52666368,0,114,0.0,52683825.04887678,1044,
20,2026-10-09T15:22:25.650309+00:00,20.001405457000146,sda1,0.999668644999474,319488,0,78,0,0,0,0,0,0.0,0.0,0,
20,2026-10-09T15:22:25.650309+00:00,20.001405457000146,sda2,0.999668644999474,326784000,227213312,6593,36516,0,12288,0,2,0.0,12292.07303986859,12,
20,2026-10-09T15:22:25.650309+00:00,20.001405457000146,sda3,0.999668644999474,5571584,118784,155,25,0,0,0,0,0.0,0.0,0,
20,2026-10-09T15:22:25.650309+00:00,20.001405457000146,sda4,0.999668644999474,4657152,0,116,0,0,0,0,0,0.0,0.0,0,
20,2026-10-09T15:22:25.650309+00:00,20.001405457000146,sda5,0.999668644999474,16548864,6163865600,826,15776,0,52654080,0,112,0.0,52671532.97583691,1040,
21,2026-10-09T15:22:26.650512+00:00,21.001315204000093,loop0,1.0002031460007856,374784,0,51,0,0,0,0,0,0.0,0.0,0,
21,2026-10-09T15:22:26.650512+00:00,21.001315204000093,loop1,1.0002031460007856,2107392,0,217,0,0,0,0,0,0.0,0.0,0,
21,2026-10-09T15:22:26.650512+00:00,21.001315204000093,loop2,1.0002031460007856,1106944,0,51,0,0,0,0,0,0.0,0.0,0,
21,2026-10-09T15:22:26.650512+00:00,21.001315204000093,loop3,1.0002031460007856,1141760,0,66,0,0,0,0,0,0.0,0.0,0,
21,2026-10-09T15:22:26.650512+00:00,21.001315204000093,loop4,1.0002031460007856,354304,0,43,0,0,0,0,0,0.0,0.0,0,
21,2026-10-09T15:22:26.650512+00:00,21.001315204000093,loop5,1.0002031460007856,18432,0,12,0,0,0,0,0,0.0,0.0,0,
21,2026-10-09T15:22:26.650512+00:00,21.001315204000093,loop6,1.0002031460007856,0,0,0,0,0,0,0,0,0.0,0.0,0,
21,2026-10-09T15:22:26.650512+00:00,21.001315204000093,loop7,1.0002031460007856,0,0,0,0,0,0,0,0,0.0,0.0,0,
21,2026-10-09T15:22:26.650512+00:00,21.001315204000093,sr0,1.0002031460007856,1536,0,8,0,0,0,0,0,0.0,0.0,0,
21,2026-10-09T15:22:26.650512+00:00,21.001315204000093,sda,1.0002031460007856,356335104,6449807360,7903,52440,0,58609664,0,123,0.0,58597760.09938081,932,
21,2026-10-09T15:22:26.650512+00:00,21.001315204000093,sda1,1.0002031460007856,319488,0,78,0,0,0,0,0,0.0,0.0,0,
21,2026-10-09T15:22:26.650512+00:00,21.001315204000093,sda2,1.0002031460007856,326784000,227213312,6593,36516,0,0,0,0,0.0,0.0,0,
21,2026-10-09T15:22:26.650512+00:00,21.001315204000093,sda3,1.0002031460007856,5571584,118784,155,25,0,0,0,0,0.0,0.0,0,
21,2026-10-09T15:22:26.650512+00:00,21.001315204000093,sda4,1.0002031460007856,4657152,0,116,0,0,0,0,0,0.0,0.0,0,
21,2026-10-09T15:22:26.650512+00:00,21.001315204000093,sda5,1.0002031460007856,16548864,6222475264,826,15899,0,58609664,0,123,0.0,58597760.09938081,932,
22,2026-10-09T15:22:27.650501+00:00,22.001258229000086,loop0,0.9999892089999776,374784,0,51,0,0,0,0,0,0.0,0.0,0,
22,2026-10-09T15:22:27.650501+00:00,22.001258229000086,loop1,0.9999892089999776,2107392,0,217,0,0,0,0,0,0.0,0.0,0,
22,2026-10-09T15:22:27.650501+00:00,22.001258229000086,loop2,0.9999892089999776,1106944,0,51,0,0,0,0,0,0.0,0.0,0,
22,2026-10-09T15:22:27.650501+00:00,22.001258229000086,loop3,0.9999892089999776,1141760,0,66,0,0,0,0,0,0.0,0.0,0,
22,2026-10-09T15:22:27.650501+00:00,22.001258229000086,loop4,0.9999892089999776,354304,0,43,0,0,0,0,0,0.0,0.0,0,
22,2026-10-09T15:22:27.650501+00:00,22.001258229000086,loop5,0.9999892089999776,18432,0,12,0,0,0,0,0,0.0,0.0,0,
22,2026-10-09T15:22:27.650501+00:00,22.001258229000086,loop6,0.9999892089999776,0,0,0,0,0,0,0,0,0.0,0.0,0,
22,2026-10-09T15:22:27.650501+00:00,22.001258229000086,loop7,0.9999892089999776,0,0,0,0,0,0,0,0,0.0,0.0,0,
22,2026-10-09T15:22:27.650501+00:00,22.001258229000086,sr0,0.9999892089999776,1536,0,8,0,0,0,0,0,0.0,0.0,0,
22,2026-10-09T15:22:27.650501+00:00,22.001258229000086,sda,0.9999892089999776,356335104,6513664000,7903,52573,0,63856640,0,133,0.0,63857329.08443958,1012,
22,2026-10-09T15:22:27.650501+00:00,22.001258229000086,sda1,0.9999892089999776,319488,0,78,0,0,0,0,0,0.0,0.0,0,
22,2026-10-09T15:22:27.650501+00:00,22.001258229000086,sda2,0.9999892089999776,326784000,227213312,6593,36516,0,0,0,0,0.0,0.0,0,
22,2026-10-09T15:22:27.650501+00:00,22.001258229000086,sda3,0.9999892089999776,5571584,118784,155,25,0,0,0,0,0.0,0.0,0,
22,2026-10-09T15:22:27.650501+00:00,22.001258229000086,sda4,0.9999892089999776,4657152,0,116,0,0,0,0,0,0.0,0.0,0,
22,2026-10-09T15:22:27.650501+00:00,22.001258229000086,sda5,0.9999892089999776,16548864,6286331904,826,16032,0,63856640,0,133,0.0,63857329.08443958,1012,
23,2026-10-09T15:22:28.650501+00:00,23.00158576800004,loop0,0.9999999649999154,374784,0,51,0,0,0,0,0,0.0,0.0,0,
23,2026-10-09T15:22:28.650501+00:00,23.00158576800004,loop1,0.9999999649999154,2107392,0,217,0,0,0,0,0,0.0,0.0,0,
23,2026-10-09T15:22:28.650501+00:00,23.00158576800004,loop2,0.9999999649999154,1106944,0,51,0,0,0,0,0,0.0,0.0,0,
23,2026-10-09T15:22:28.650501+00:00,23.00158576800004,loop3,0.9999999649999154,1141760,0,66,0,0,0,0,0,0.0,0.0,0,
23,2026-10-09T15:22:28.650501+00:00,23.00158576800004,loop4,0.9999999649999154,354304,0,43,0,0,0,0,0,0.0,0.0,0,
23,2026-10-09T15:22:28.650501+00:00,23.00158576800004,loop5,0.9999999649999154,18432,0,12,0,0,0,0,0,0.0,0.0,0,
23,2026-10-09T15:22:28.650501+00:00,23.00158576800004,loop6,0.9999999649999154,0,0,0,0,0,0,0,0,0.0,0.0,0,
23,2026-10-09T15:22:28.650501+00:00,23.00158576800004,loop7,0.9999999649999154,0,0,0,0,0,0,0,0,0.0,0.0,0,
23,2026-10-09T15:22:28.650501+00:00,23.00158576800004,sr0,0.9999999649999154,1536,0,8,0,0,0,0,0,0.0,0.0,0,
23,2026-10-09T15:22:28.650501+00:00,23.00158576800004,sda,0.9999999649999154,356335104,6570176512,7903,52691,0,56512512,0,118,0.0,56512513.97794277,944,
23,2026-10-09T15:22:28.650501+00:00,23.00158576800004,sda1,0.9999999649999154,319488,0,78,0,0,0,0,0,0.0,0.0,0,
23,2026-10-09T15:22:28.650501+00:00,23.00158576800004,sda2,0.9999999649999154,326784000,227213312,6593,36516,0,0,0,0,0.0,0.0,0,
23,2026-10-09T15:22:28.650501+00:00,23.00158576800004,sda3,0.9999999649999154,5571584,118784,155,25,0,0,0,0,0.0,0.0,0,
23,2026-10-09T15:22:28.650501+00:00,23.00158576800004,sda4,0.9999999649999154,4657152,0,116,0,0,0,0,0,0.0,0.0,0,
23,2026-10-09T15:22:28.650501+00:00,23.00158576800004,sda5,0.9999999649999154,16548864,6342844416,826,16150,0,56512512,0,118,0.0,56512513.97794277,944,
24,2026-10-09T15:22:29.650816+00:00,24.001539277999655,loop0,1.000314822999826,374784,0,51,0,0,0,0,0,0.0,0.0,0,
24,2026-10-09T15:22:29.650816+00:00,24.001539277999655,loop1,1.000314822999826,2107392,0,217,0,0,0,0,0,0.0,0.0,0,
24,2026-10-09T15:22:29.650816+00:00,24.001539277999655,loop2,1.000314822999826,1106944,0,51,0,0,0,0,0,0.0,0.0,0,
24,2026-10-09T15:22:29.650816+00:00,24.001539277999655,loop3,1.000314822999826,1141760,0,66,0,0,0,0,0,0.0,0.0,0,
24,2026-10-09T15:22:29.650816+00:00,24.001539277999655,loop4,1.000314822999826,354304,0,43,0,0,0,0,0,0.0,0.0,0,
24,2026-10-09T15:22:29.650816+00:00,24.001539277999655,loop5,1.000314822999826,18432,0,12,0,0,0,0,0,0.0,0.0,0,
24,2026-10-09T15:22:29.650816+00:00,24.001539277999655,loop6,1.000314822999826,0,0,0,0,0,0,0,0,0.0,0.0,0,
24,2026-10-09T15:22:29.650816+00:00,24.001539277999655,loop7,1.000314822999826,0,0,0,0,0,0,0,0,0.0,0.0,0,
24,2026-10-09T15:22:29.650816+00:00,24.001539277999655,sr0,1.000314822999826,1536,0,8,0,0,0,0,0,0.0,0.0,0,
24,2026-10-09T15:22:29.650816+00:00,24.001539277999655,sda,1.000314822999826,356335104,6622859264,7903,52806,0,52682752,0,115,0.0,52666171.477905974,1008,
24,2026-10-09T15:22:29.650816+00:00,24.001539277999655,sda1,1.000314822999826,319488,0,78,0,0,0,0,0,0.0,0.0,0,
24,2026-10-09T15:22:29.650816+00:00,24.001539277999655,sda2,1.000314822999826,326784000,227213312,6593,36516,0,0,0,0,0.0,0.0,0,
24,2026-10-09T15:22:29.650816+00:00,24.001539277999655,sda3,1.000314822999826,5571584,118784,155,25,0,0,0,0,0.0,0.0,0,
24,2026-10-09T15:22:29.650816+00:00,24.001539277999655,sda4,1.000314822999826,4657152,0,116,0,0,0,0,0,0.0,0.0,0,
24,2026-10-09T15:22:29.650816+00:00,24.001539277999655,sda5,1.000314822999826,16548864,6395527168,826,16265,0,52682752,0,115,0.0,52666171.477905974,1008,
25,2026-10-09T15:22:30.650253+00:00,25.001195163000375,loop0,0.9994369590003771,374784,0,51,0,0,0,0,0,0.0,0.0,0,
25,2026-10-09T15:22:30.650253+00:00,25.001195163000375,loop1,0.9994369590003771,2107392,0,217,0,0,0,0,0,0.0,0.0,0,
25,2026-10-09T15:22:30.650253+00:00,25.001195163000375,loop2,0.9994369590003771,1106944,0,51,0,0,0,0,0,0.0,0.0,0,
25,2026-10-09T15:22:30.650253+00:00,25.001195163000375,loop3,0.9994369590003771,1141760,0,66,0,0,0,0,0,0.0,0.0,0,
25,2026-10-09T15:22:30.650253+00:00,25.001195163000375,loop4,0.9994369590003771,354304,0,43,0,0,0,0,0,0.0,0.0,0,
25,2026-10-09T15:22:30.650253+00:00,25.001195163000375,loop5,0.9994369590003771,18432,0,12,0,0,0,0,0,0.0,0.0,0,
25,2026-10-09T15:22:30.650253+00:00,25.001195163000375,loop6,0.9994369590003771,0,0,0,0,0,0,0,0,0.0,0.0,0,
25,2026-10-09T15:22:30.650253+00:00,25.001195163000375,loop7,0.9994369590003771,0,0,0,0,0,0,0,0,0.0,0.0,0,
25,2026-10-09T15:22:30.650253+00:00,25.001195163000375,sr0,0.9994369590003771,1536,0,8,0,0,0,0,0,0.0,0.0,0,
25,2026-10-09T15:22:30.650253+00:00,25.001195163000375,sda,0.9994369590003771,356335104,6675517440,7903,52919,0,52658176,0,113,0.0,52687841.41489822,988,
25,2026-10-09T15:22:30.650253+00:00,25.001195163000375,sda1,0.9994369590003771,319488,0,78,0,0,0,0,0,0.0,0.0,0,
25,2026-10-09T15:22:30.650253+00:00,25.001195163000375,sda2,0.9994369590003771,326784000,227225600,6593,36518,0,12288,0,2,0.0,12294.922545480293,8,
25,2026-10-09T15:22:30.650253+00:00,25.001195163000375,sda3,0.9994369590003771,5571584,118784,155,25,0,0,0,0,0.0,0.0,0,
25,2026-10-09T15:22:30.650253+00:00,25.001195163000375,sda4,0.9994369590003771,4657152,0,116,0,0,0,0,0,0.0,0.0,0,
25,2026-10-09T15:22:30.650253+00:00,25.001195163000375,sda5,0.9994369590003771,16548864,6448173056,826,16376,0,52645888,0,111,0.0,52675546.49235274,984,
26,2026-10-09T15:22:31.650261+00:00,26.0012886960003,loop0,1.0000077559998317,374784,0,51,0,0,0,0,0,0.0,0.0,0,
26,2026-10-09T15:22:31.650261+00:00,26.0012886960003,loop1,1.0000077559998317,2107392,0,217,0,0,0,0,0,0.0,0.0,0,
26,2026-10-09T15:22:31.650261+00:00,26.0012886960003,loop2,1.0000077559998317,1106944,0,51,0,0,0,0,0,0.0,0.0,0,
26,2026-10-09T15:22:31.650261+00:00,26.0012886960003,loop3,1.0000077559998317,1141760,0,66,0,0,0,0,0,0.0,0.0,0,
26,2026-10-09T15:22:31.650261+00:00,26.0012886960003,loop4,1.0000077559998317,354304,0,43,0,0,0,0,0,0.0,0.0,0,
26,2026-10-09T15:22:31.650261+00:00,26.0012886960003,loop5,1.0000077559998317,18432,0,12,0,0,0,0,0,0.0,0.0,0,
26,2026-10-09T15:22:31.650261+00:00,26.0012886960003,loop6,1.0000077559998317,0,0,0,0,0,0,0,0,0.0,0.0,0,
26,2026-10-09T15:22:31.650261+00:00,26.0012886960003,loop7,1.0000077559998317,0,0,0,0,0,0,0,0,0.0,0.0,0,
26,2026-10-09T15:22:31.650261+00:00,26.0012886960003,sr0,1.0000077559998317,1536,0,8,0,0,0,0,0,0.0,0.0,0,
26,2026-10-09T15:22:31.650261+00:00,26.0012886960003,sda,1.0000077559998317,356335104,6735872000,7903,53046,0,60354560,0,127,0.0,60354091.89367343,936,
26,2026-10-09T15:22:31.650261+00:00,26.0012886960003,sda1,1.0000077559998317,319488,0,78,0,0,0,0,0,0.0,0.0,0,
26,2026-10-09T15:22:31.650261+00:00,26.0012886960003,sda2,1.0000077559998317,326784000,227225600,6593,36518,0,0,0,0,0.0,0.0,0,
26,2026-10-09T15:22:31.650261+00:00,26.0012886960003,sda3,1.0000077559998317,5571584,118784,155,25,0,0,0,0,0.0,0.0,0,
26,2026-10-09T15:22:31.650261+00:00,26.0012886960003,sda4,1.0000077559998317,4657152,0,116,0,0,0,0,0,0.0,0.0,0,
26,2026-10-09T15:22:31.650261+00:00,26.0012886960003,sda5,1.0000077559998317,16548864,6508527616,826,16503,0,60354560,0,127,0.0,60354091.89367343,936,
27,2026-10-09T15:22:32.651174+00:00,27.001248192000276,loop0,1.0009131420001722,374784,0,51,0,0,0,0,0,0.0,0.0,0,
27,2026-10-09T15:22:32.651174+00:00,27.001248192000276,loop1,1.0009131420001722,2107392,0,217,0,0,0,0,0,0.0,0.0,0,
27,2026-10-09T15:22:32.651174+00:00,27.001248192000276,loop2,1.0009131420001722,1106944,0,51,0,0,0,0,0,0.0,0.0,0,
27,2026-10-09T15:22:32.651174+00:00,27.001248192000276,loop3,1.0009131420001722,1141760,0,66,0,0,0,0,0,0.0,0.0,0,
27,2026-10-09T15:22:32.651174+00:00,27.001248192000276,loop4,1.0009131420001722,354304,0,43,0,0,0,0,0,0.0,0.0,0,
27,2026-10-09T15:22:32.651174+00:00,27.001248192000276,loop5,1.0009131420001722,18432,0,12,0,0,0,0,0,0.0,0.0,0,
27,2026-10-09T15:22:32.651174+00:00,27.001248192000276,loop6,1.0009131420001722,0,0,0,0,0,0,0,0,0.0,0.0,0,
27,2026-10-09T15:22:32.651174+00:00,27.001248192000276,loop7,1.0009131420001722,0,0,0,0,0,0,0,0,0.0,0.0,0,
27,2026-10-09T15:22:32.651174+00:00,27.001248192000276,sr0,1.0009131420001722,1536,0,8,0,0,0,0,0,0.0,0.0,0,
27,2026-10-09T15:22:32.651174+00:00,27.001248192000276,sda,1.0009131420001722,356335104,6791299072,7903,53161,0,55427072,0,115,0.0,55376505.38710827,988,
27,2026-10-09T15:22:32.651174+00:00,27.001248192000276,sda1,1.0009131420001722,319488,0,78,0,0,0,0,0,0.0,0.0,0,
27,2026-10-09T15:22:32.651174+00:00,27.001248192000276,sda2,1.0009131420001722,326784000,227225600,6593,36518,0,0,0,0,0.0,0.0,0,
27,2026-10-09T15:22:32.651174+00:00,27.001248192000276,sda3,1.0009131420001722,5571584,118784,155,25,0,0,0,0,0.0,0.0,0,
27,2026-10-09T15:22:32.651174+00:00,27.001248192000276,sda4,1.0009131420001722,4657152,0,116,0,0,0,0,0,0.0,0.0,0,
27,2026-10-09T15:22:32.651174+00:00,27.001248192000276,sda5,1.0009131420001722,16548864,6563954688,826,16618,0,55427072,0,115,0.0,55376505.38710827,988,
28,2026-10-09T15:22:33.650133+00:00,28.001147361999756,loop0,0.9989593789996434,374784,0,51,0,0,0,0,0,0.0,0.0,0,
28,2026-10-09T15:22:33.650133+00:00,28.001147361999756,loop1,0.9989593789996434,2107392,0,217,0,0,0,0,0,0.0,0.0,0,
28,2026-10-09T15:22:33.650133+00:00,28.001147361999756,loop2,0.9989593789996434,1106944,0,51,0,0,0,0,0,0.0,0.0,0,
28,2026-10-09T15:22:33.650133+00:00,28.001147361999756,loop3,0.9989593789996434,1141760,0,66,0,0,0,0,0,0.0,0.0,0,
28,2026-10-09T15:22:33.650133+00:00,28.001147361999756,loop4,0.9989593789996434,354304,0,43,0,0,0,0,0,0.0,0.0,0,
28,2026-10-09T15:22:33.650133+00:00,28.001147361999756,loop5,0.9989593789996434,18432,0,12,0,0,0,0,0,0.0,0.0,0,
28,2026-10-09T15:22:33.650133+00:00,28.001147361999756,loop6,0.9989593789996434,0,0,0,0,0,0,0,0,0.0,0.0,0,
28,2026-10-09T15:22:33.650133+00:00,28.001147361999756,loop7,0.9989593789996434,0,0,0,0,0,0,0,0,0.0,0.0,0,
28,2026-10-09T15:22:33.650133+00:00,28.001147361999756,sr0,0.9989593789996434,1536,0,8,0,0,0,0,0,0.0,0.0,0,
28,2026-10-09T15:22:33.650133+00:00,28.001147361999756,sda,0.9989593789996434,356335104,6854504448,7903,53294,0,63205376,0,133,0.0,63271217.357500345,956,
28,2026-10-09T15:22:33.650133+00:00,28.001147361999756,sda1,0.9989593789996434,319488,0,78,0,0,0,0,0,0.0,0.0,0,
28,2026-10-09T15:22:33.650133+00:00,28.001147361999756,sda2,0.9989593789996434,326784000,227225600,6593,36518,0,0,0,0,0.0,0.0,0,
28,2026-10-09T15:22:33.650133+00:00,28.001147361999756,sda3,0.9989593789996434,5571584,118784,155,25,0,0,0,0,0.0,0.0,0,
28,2026-10-09T15:22:33.650133+00:00,28.001147361999756,sda4,0.9989593789996434,4657152,0,116,0,0,0,0,0,0.0,0.0,0,
28,2026-10-09T15:22:33.650133+00:00,28.001147361999756,sda5,0.9989593789996434,16548864,6627160064,826,16751,0,63205376,0,133,0.0,63271217.357500345,956,
29,2026-10-09T15:22:34.653667+00:00,29.004745520000142,loop0,1.0035330680002517,374784,0,51,0,0,0,0,0,0.0,0.0,0,
29,2026-10-09T15:22:34.653667+00:00,29.004745520000142,loop1,1.0035330680002517,2107392,0,217,0,0,0,0,0,0.0,0.0,0,
29,2026-10-09T15:22:34.653667+00:00,29.004745520000142,loop2,1.0035330680002517,1106944,0,51,0,0,0,0,0,0.0,0.0,0,
29,2026-10-09T15:22:34.653667+00:00,29.004745520000142,loop3,1.0035330680002517,1141760,0,66,0,0,0,0,0,0.0,0.0,0,
29,2026-10-09T15:22:34.653667+00:00,29.004745520000142,loop4,1.0035330680002517,354304,0,43,0,0,0,0,0,0.0,0.0,0,
29,2026-10-09T15:22:34.653667+00:00,29.004745520000142,loop5,1.0035330680002517,18432,0,12,0,0,0,0,0,0.0,0.0,0,
29,2026-10-09T15:22:34.653667+00:00,29.004745520000142,loop6,1.0035330680002517,0,0,0,0,0,0,0,0,0.0,0.0,0,
29,2026-10-09T15:22:34.653667+00:00,29.004745520000142,loop7,1.0035330680002517,0,0,0,0,0,0,0,0,0.0,0.0,0,
29,2026-10-09T15:22:34.653667+00:00,29.004745520000142,sr0,1.0035330680002517,1536,0,8,0,0,0,0,0,0.0,0.0,0,
29,2026-10-09T15:22:34.653667+00:00,29.004745520000142,sda,1.0035330680002517,356335104,6907150336,7903,53405,0,52645888,0,111,0.0,52460541.34011536,972,
29,2026-10-09T15:22:34.653667+00:00,29.004745520000142,sda1,1.0035330680002517,319488,0,78,0,0,0,0,0,0.0,0.0,0,
29,2026-10-09T15:22:34.653667+00:00,29.004745520000142,sda2,1.0035330680002517,326784000,227225600,6593,36518,0,0,0,0,0.0,0.0,0,
29,2026-10-09T15:22:34.653667+00:00,29.004745520000142,sda3,1.0035330680002517,5571584,118784,155,25,0,0,0,0,0.0,0.0,0,
29,2026-10-09T15:22:34.653667+00:00,29.004745520000142,sda4,1.0035330680002517,4657152,0,116,0,0,0,0,0,0.0,0.0,0,
29,2026-10-09T15:22:34.653667+00:00,29.004745520000142,sda5,1.0035330680002517,16548864,6679805952,826,16862,0,52645888,0,111,0.0,52460541.34011536,972,
30,2026-10-09T15:22:35.650112+00:00,30.001110991000132,loop0,0.9964455999997881,374784,0,51,0,0,0,0,0,0.0,0.0,0,
30,2026-10-09T15:22:35.650112+00:00,30.001110991000132,loop1,0.9964455999997881,2107392,0,217,0,0,0,0,0,0.0,0.0,0,
30,2026-10-09T15:22:35.650112+00:00,30.001110991000132,loop2,0.9964455999997881,1106944,0,51,0,0,0,0,0,0.0,0.0,0,
30,2026-10-09T15:22:35.650112+00:00,30.001110991000132,loop3,0.9964455999997881,1141760,0,66,0,0,0,0,0,0.0,0.0,0,
30,2026-10-09T15:22:35.650112+00:00,30.001110991000132,loop4,0.9964455999997881,354304,0,43,0,0,0,0,0,0.0,0.0,0,
30,2026-10-09T15:22:35.650112+00:00,30.001110991000132,loop5,0.9964455999997881,18432,0,12,0,0,0,0,0,0.0,0.0,0,
30,2026-10-09T15:22:35.650112+00:00,30.001110991000132,loop6,0.9964455999997881,0,0,0,0,0,0,0,0,0.0,0.0,0,
30,2026-10-09T15:22:35.650112+00:00,30.001110991000132,loop7,0.9964455999997881,0,0,0,0,0,0,0,0,0.0,0.0,0,
30,2026-10-09T15:22:35.650112+00:00,30.001110991000132,sr0,0.9964455999997881,1536,0,8,0,0,0,0,0,0.0,0.0,0,
30,2026-10-09T15:22:35.650112+00:00,30.001110991000132,sda,0.9964455999997881,356335104,6959853568,7903,53519,0,52703232,0,114,0.0,52891228.58288622,824,
30,2026-10-09T15:22:35.650112+00:00,30.001110991000132,sda1,0.9964455999997881,319488,0,78,0,0,0,0,0,0.0,0.0,0,
30,2026-10-09T15:22:35.650112+00:00,30.001110991000132,sda2,0.9964455999997881,326784000,227237888,6593,36520,0,12288,0,2,0.0,12331.832264603921,12,
30,2026-10-09T15:22:35.650112+00:00,30.001110991000132,sda3,0.9964455999997881,5571584,118784,155,25,0,0,0,0,0.0,0.0,0,
30,2026-10-09T15:22:35.650112+00:00,30.001110991000132,sda4,0.9964455999997881,4657152,0,116,0,0,0,0,0,0.0,0.0,0,
30,2026-10-09T15:22:35.650112+00:00,30.001110991000132,sda5,0.9964455999997881,16548864,6732496896,826,16974,0,52690944,0,112,0.0,52878896.75062162,816,
31,2026-10-09T15:22:36.650649+00:00,31.001596737999535,loop0,1.0005365019997043,374784,0,51,0,0,0,0,0,0.0,0.0,0,
31,2026-10-09T15:22:36.650649+00:00,31.001596737999535,loop1,1.0005365019997043,2107392,0,217,0,0,0,0,0,0.0,0.0,0,
31,2026-10-09T15:22:36.650649+00:00,31.001596737999535,loop2,1.0005365019997043,1106944,0,51,0,0,0,0,0,0.0,0.0,0,
31,2026-10-09T15:22:36.650649+00:00,31.001596737999535,loop3,1.0005365019997043,1141760,0,66,0,0,0,0,0,0.0,0.0,0,
31,2026-10-09T15:22:36.650649+00:00,31.001596737999535,loop4,1.0005365019997043,354304,0,43,0,0,0,0,0,0.0,0.0,0,
31,2026-10-09T15:22:36.650649+00:00,31.001596737999535,loop5,1.0005365019997043,18432,0,12,0,0,0,0,0,0.0,0.0,0,
31,2026-10-09T15:22:36.650649+00:00,31.001596737999535,loop6,1.0005365019997043,0,0,0,0,0,0,0,0,0.0,0.0,0,
31,2026-10-09T15:22:36.650649+00:00,31.001596737999535,loop7,1.0005365019997043,0,0,0,0,0,0,0,0,0.0,0.0,0,
31,2026-10-09T15:22:36.650649+00:00,31.001596737999535,sr0,1.0005365019997043,1536,0,8,0,0,0,0,0,0.0,0.0,0,
31,2026-10-09T15:22:36.650649+00:00,31.001596737999535,sda,1.0005365019997043,356335104,7012536320,7903,53635,0,52682752,0,116,0.0,52654502.75397905,976,
31,2026-10-09T15:22:36.650649+00:00,31.001596737999535,sda1,1.0005365019997043,319488,0,78,0,0,0,0,0,0.0,0.0,0,
31,2026-10-09T15:22:36.650649+00:00,31.001596737999535,sda2,1.0005365019997043,326784000,227254272,6593,36522,0,16384,0,2,0.0,16375.214664586862,44,
31,2026-10-09T15:22:36.650649+00:00,31.001596737999535,sda3,1.0005365019997043,5571584,118784,155,25,0,0,0,0,0.0,0.0,0,
31,2026-10-09T15:22:36.650649+00:00,31.001596737999535,sda4,1.0005365019997043,4657152,0,116,0,0,0,0,0,0.0,0.0,0,
31,2026-10-09T15:22:36.650649+00:00,31.001596737999535,sda5,1.0005365019997043,16548864,6785163264,826,17088,0,52666368,0,114,0.0,52638127.539314464,1092,
32,2026-10-09T15:22:37.650059+00:00,32.00112444699971,loop0,0.9994099200002893,374784,0,51,0,0,0,0,0,0.0,0.0,0,
32,2026-10-09T15:22:37.650059+00:00,32.00112444699971,loop1,0.9994099200002893,2107392,0,217,0,0,0,0,0,0.0,0.0,0,
32,2026-10-09T15:22:37.650059+00:00,32.00112444699971,loop2,0.9994099200002893,1106944,0,51,0,0,0,0,0,0.0,0.0,0,
32,2026-10-09T15:22:37.650059+00:00,32.00112444699971,loop3,0.9994099200002893,1141760,0,66,0,0,0,0,0,0.0,0.0,0,
32,2026-10-09T15:22:37.650059+00:00,32.00112444699971,loop4,0.9994099200002893,354304,0,43,0,0,0,0,0,0.0,0.0,0,
32,2026-10-09T15:22:37.650059+00:00,32.00112444699971,loop5,0.9994099200002893,18432,0,12,0,0,0,0,0,0.0,0.0,0,
32,2026-10-09T15:22:37.650059+00:00,32.00112444699971,loop6,0.9994099200002893,0,0,0,0,0,0,0,0,0.0,0.0,0,
32,2026-10-09T15:22:37.650059+00:00,32.00112444699971,loop7,0.9994099200002893,0,0,0,0,0,0,0,0,0.0,0.0,0,
32,2026-10-09T15:22:37.650059+00:00,32.00112444699971,sr0,0.9994099200002893,1536,0,8,0,0,0,0,0,0.0,0.0,0,
32,2026-10-09T15:22:37.650059+00:00,32.00112444699971,sda,0.9994099200002893,356335104,7075704832,7903,53767,0,63168512,0,132,0.0,63205808.483451635,936,
32,2026-10-09T15:22:37.650059+00:00,32.00112444699971,sda1,0.9994099200002893,319488,0,78,0,0,0,0,0,0.0,0.0,0,
32,2026-10-09T15:22:37.650059+00:00,32.00112444699971,sda2,0.9994099200002893,326784000,227254272,6593,36522,0,0,0,0,0.0,0.0,0,
32,2026-10-09T15:22:37.650059+00:00,32.00112444699971,sda3,0.9994099200002893,5571584,118784,155,25,0,0,0,0,0.0,0.0,0,
32,2026-10-09T15:22:37.650059+00:00,32.00112444699971,sda4,0.9994099200002893,4657152,0,116,0,0,0,0,0,0.0,0.0,0,
32,2026-10-09T15:22:37.650059+00:00,32.00112444699971,sda5,0.9994099200002893,16548864,6848331776,826,17220,0,63168512,0,132,0.0,63205808.483451635,936,
33,2026-10-09T15:22:38.650217+00:00,33.00095661500018,loop0,1.0001583920002304,374784,0,51,0,0,0,0,0,0.0,0.0,0,
33,2026-10-09T15:22:38.650217+00:00,33.00095661500018,loop1,1.0001583920002304,2107392,0,217,0,0,0,0,0,0.0,0.0,0,
33,2026-10-09T15:22:38.650217+00:00,33.00095661500018,loop2,1.0001583920002304,1106944,0,51,0,0,0,0,0,0.0,0.0,0,
33,2026-10-09T15:22:38.650217+00:00,33.00095661500018,loop3,1.0001583920002304,1141760,0,66,0,0,0,0,0,0.0,0.0,0,
33,2026-10-09T15:22:38.650217+00:00,33.00095661500018,loop4,1.0001583920002304,354304,0,43,0,0,0,0,0,0.0,0.0,0,
33,2026-10-09T15:22:38.650217+00:00,33.00095661500018,loop5,1.0001583920002304,18432,0,12,0,0,0,0,0,0.0,0.0,0,
33,2026-10-09T15:22:38.650217+00:00,33.00095661500018,loop6,1.0001583920002304,0,0,0,0,0,0,0,0,0.0,0.0,0,
33,2026-10-09T15:22:38.650217+00:00,33.00095661500018,loop7,1.0001583920002304,0,0,0,0,0,0,0,0,0.0,0.0,0,
33,2026-10-09T15:22:38.650217+00:00,33.00095661500018,sr0,1.0001583920002304,1536,0,8,0,0,0,0,0,0.0,0.0,0,
33,2026-10-09T15:22:38.650217+00:00,33.00095661500018,sda,1.0001583920002304,356335104,7096770560,7903,53812,0,21065728,0,45,0.0,21062391.8856196,524,
33,2026-10-09T15:22:38.650217+00:00,33.00095661500018,sda1,1.0001583920002304,319488,0,78,0,0,0,0,0,0.0,0.0,0,
33,2026-10-09T15:22:38.650217+00:00,33.00095661500018,sda2,1.0001583920002304,326784000,227254272,6593,36522,0,0,0,0,0.0,0.0,0,
33,2026-10-09T15:22:38.650217+00:00,33.00095661500018,sda3,1.0001583920002304,5571584,118784,155,25,0,0,0,0,0.0,0.0,0,
33,2026-10-09T15:22:38.650217+00:00,33.00095661500018,sda4,1.0001583920002304,4657152,0,116,0,0,0,0,0,0.0,0.0,0,
33,2026-10-09T15:22:38.650217+00:00,33.00095661500018,sda5,1.0001583920002304,16548864,6869397504,826,17265,0,21065728,0,45,0.0,21062391.8856196,524,
34,2026-10-09T15:22:39.650638+00:00,34.00158018999991,loop0,1.000420533999204,374784,0,51,0,0,0,0,0,0.0,0.0,0,
34,2026-10-09T15:22:39.650638+00:00,34.00158018999991,loop1,1.000420533999204,2107392,0,217,0,0,0,0,0,0.0,0.0,0,
34,2026-10-09T15:22:39.650638+00:00,34.00158018999991,loop2,1.000420533999204,1106944,0,51,0,0,0,0,0,0.0,0.0,0,
34,2026-10-09T15:22:39.650638+00:00,34.00158018999991,loop3,1.000420533999204,1141760,0,66,0,0,0,0,0,0.0,0.0,0,
34,2026-10-09T15:22:39.650638+00:00,34.00158018999991,loop4,1.000420533999204,354304,0,43,0,0,0,0,0,0.0,0.0,0,
34,2026-10-09T15:22:39.650638+00:00,34.00158018999991,loop5,1.000420533999204,18432,0,12,0,0,0,0,0,0.0,0.0,0,
34,2026-10-09T15:22:39.650638+00:00,34.00158018999991,loop6,1.000420533999204,0,0,0,0,0,0,0,0,0.0,0.0,0,
34,2026-10-09T15:22:39.650638+00:00,34.00158018999991,loop7,1.000420533999204,0,0,0,0,0,0,0,0,0.0,0.0,0,
34,2026-10-09T15:22:39.650638+00:00,34.00158018999991,sr0,1.000420533999204,1536,0,8,0,0,0,0,0,0.0,0.0,0,
34,2026-10-09T15:22:39.650638+00:00,34.00158018999991,sda,1.000420533999204,356335104,7096770560,7903,53812,0,0,0,0,0.0,0.0,0,
34,2026-10-09T15:22:39.650638+00:00,34.00158018999991,sda1,1.000420533999204,319488,0,78,0,0,0,0,0,0.0,0.0,0,
34,2026-10-09T15:22:39.650638+00:00,34.00158018999991,sda2,1.000420533999204,326784000,227254272,6593,36522,0,0,0,0,0.0,0.0,0,
34,2026-10-09T15:22:39.650638+00:00,34.00158018999991,sda3,1.000420533999204,5571584,118784,155,25,0,0,0,0,0.0,0.0,0,
34,2026-10-09T15:22:39.650638+00:00,34.00158018999991,sda4,1.000420533999204,4657152,0,116,0,0,0,0,0,0.0,0.0,0,
34,2026-10-09T15:22:39.650638+00:00,34.00158018999991,sda5,1.000420533999204,16548864,6869397504,826,17265,0,0,0,0,0.0,0.0,0,
35,2026-10-09T15:22:40.650466+00:00,35.001344155999504,loop0,0.9998279550000007,374784,0,51,0,0,0,0,0,0.0,0.0,0,
35,2026-10-09T15:22:40.650466+00:00,35.001344155999504,loop1,0.9998279550000007,2107392,0,217,0,0,0,0,0,0.0,0.0,0,
35,2026-10-09T15:22:40.650466+00:00,35.001344155999504,loop2,0.9998279550000007,1106944,0,51,0,0,0,0,0,0.0,0.0,0,
35,2026-10-09T15:22:40.650466+00:00,35.001344155999504,loop3,0.9998279550000007,1141760,0,66,0,0,0,0,0,0.0,0.0,0,
35,2026-10-09T15:22:40.650466+00:00,35.001344155999504,loop4,0.9998279550000007,354304,0,43,0,0,0,0,0,0.0,0.0,0,
35,2026-10-09T15:22:40.650466+00:00,35.001344155999504,loop5,0.9998279550000007,18432,0,12,0,0,0,0,0,0.0,0.0,0,
35,2026-10-09T15:22:40.650466+00:00,35.001344155999504,loop6,0.9998279550000007,0,0,0,0,0,0,0,0,0.0,0.0,0,
35,2026-10-09T15:22:40.650466+00:00,35.001344155999504,loop7,0.9998279550000007,0,0,0,0,0,0,0,0,0.0,0.0,0,
35,2026-10-09T15:22:40.650466+00:00,35.001344155999504,sr0,0.9998279550000007,1536,0,8,0,0,0,0,0,0.0,0.0,0,
35,2026-10-09T15:22:40.650466+00:00,35.001344155999504,sda,0.9998279550000007,356335104,7128354816,7903,53877,0,31584256,0,65,0.0,31589690.848361984,404,
35,2026-10-09T15:22:40.650466+00:00,35.001344155999504,sda1,0.9998279550000007,319488,0,78,0,0,0,0,0,0.0,0.0,0,
35,2026-10-09T15:22:40.650466+00:00,35.001344155999504,sda2,0.9998279550000007,326784000,227254272,6593,36522,0,0,0,0,0.0,0.0,0,
35,2026-10-09T15:22:40.650466+00:00,35.001344155999504,sda3,0.9998279550000007,5571584,118784,155,25,0,0,0,0,0.0,0.0,0,
35,2026-10-09T15:22:40.650466+00:00,35.001344155999504,sda4,0.9998279550000007,4657152,0,116,0,0,0,0,0,0.0,0.0,0,
35,2026-10-09T15:22:40.650466+00:00,35.001344155999504,sda5,0.9998279550000007,16548864,6900981760,826,17330,0,31584256,0,65,0.0,31589690.848361984,404,
36,2026-10-09T15:22:41.649978+00:00,36.00105874200017,loop0,0.999512111000513,374784,0,51,0,0,0,0,0,0.0,0.0,0,
36,2026-10-09T15:22:41.649978+00:00,36.00105874200017,loop1,0.999512111000513,2107392,0,217,0,0,0,0,0,0.0,0.0,0,
36,2026-10-09T15:22:41.649978+00:00,36.00105874200017,loop2,0.999512111000513,1106944,0,51,0,0,0,0,0,0.0,0.0,0,
36,2026-10-09T15:22:41.649978+00:00,36.00105874200017,loop3,0.999512111000513,1141760,0,66,0,0,0,0,0,0.0,0.0,0,
36,2026-10-09T15:22:41.649978+00:00,36.00105874200017,loop4,0.999512111000513,354304,0,43,0,0,0,0,0,0.0,0.0,0,
36,2026-10-09T15:22:41.649978+00:00,36.00105874200017,loop5,0.999512111000513,18432,0,12,0,0,0,0,0,0.0,0.0,0,
36,2026-10-09T15:22:41.649978+00:00,36.00105874200017,loop6,0.999512111000513,0,0,0,0,0,0,0,0,0.0,0.0,0,
36,2026-10-09T15:22:41.649978+00:00,36.00105874200017,loop7,0.999512111000513,0,0,0,0,0,0,0,0,0.0,0.0,0,
36,2026-10-09T15:22:41.649978+00:00,36.00105874200017,sr0,0.999512111000513,1536,0,8,0,0,0,0,0,0.0,0.0,0,
36,2026-10-09T15:22:41.649978+00:00,36.00105874200017,sda,0.999512111000513,356335104,7181090816,7903,53997,0,52736000,0,120,0.0,52761741.87345383,1004,
36,2026-10-09T15:22:41.649978+00:00,36.00105874200017,sda1,0.999512111000513,319488,0,78,0,0,0,0,0,0.0,0.0,0,
36,2026-10-09T15:22:41.649978+00:00,36.00105874200017,sda2,0.999512111000513,326784000,227282944,6593,36526,0,28672,0,4,0.0,28685.995581683637,16,
36,2026-10-09T15:22:41.649978+00:00,36.00105874200017,sda3,0.999512111000513,5571584,118784,155,25,0,0,0,0,0.0,0.0,0,
36,2026-10-09T15:22:41.649978+00:00,36.00105874200017,sda4,0.999512111000513,4657152,0,116,0,0,0,0,0,0.0,0.0,0,
36,2026-10-09T15:22:41.649978+00:00,36.00105874200017,sda5,0.999512111000513,16548864,6953689088,826,17446,0,52707328,0,116,0.0,52733055.87787215,996,
37,2026-10-09T15:22:42.650539+00:00,37.00161548599954,loop0,1.0005618590002996,374784,0,51,0,0,0,0,0,0.0,0.0,0,
37,2026-10-09T15:22:42.650539+00:00,37.00161548599954,loop1,1.0005618590002996,2107392,0,217,0,0,0,0,0,0.0,0.0,0,
37,2026-10-09T15:22:42.650539+00:00,37.00161548599954,loop2,1.0005618590002996,1106944,0,51,0,0,0,0,0,0.0,0.0,0,
37,2026-10-09T15:22:42.650539+00:00,37.00161548599954,loop3,1.0005618590002996,1141760,0,66,0,0,0,0,0,0.0,0.0,0,
37,2026-10-09T15:22:42.650539+00:00,37.00161548599954,loop4,1.0005618590002996,354304,0,43,0,0,0,0,0,0.0,0.0,0,
37,2026-10-09T15:22:42.650539+00:00,37.00161548599954,loop5,1.0005618590002996,18432,0,12,0,0,0,0,0,0.0,0.0,0,
37,2026-10-09T15:22:42.650539+00:00,37.00161548599954,loop6,1.0005618590002996,0,0,0,0,0,0,0,0,0.0,0.0,0,
37,2026-10-09T15:22:42.650539+00:00,37.00161548599954,loop7,1.0005618590002996,0,0,0,0,0,0,0,0,0.0,0.0,0,
37,2026-10-09T15:22:42.650539+00:00,37.00161548599954,sr0,1.0005618590002996,1536,0,8,0,0,0,0,0,0.0,0.0,0,
37,2026-10-09T15:22:42.650539+00:00,37.00161548599954,sda,1.0005618590002996,356335104,7242125312,7903,54124,0,61034496,0,127,0.0,61000222.47598159,972,
37,2026-10-09T15:22:42.650539+00:00,37.00161548599954,sda1,1.0005618590002996,319488,0,78,0,0,0,0,0,0.0,0.0,0,
37,2026-10-09T15:22:42.650539+00:00,37.00161548599954,sda2,1.0005618590002996,326784000,227282944,6593,36526,0,0,0,0,0.0,0.0,0,
37,2026-10-09T15:22:42.650539+00:00,37.00161548599954,sda3,1.0005618590002996,5571584,118784,155,25,0,0,0,0,0.0,0.0,0,
37,2026-10-09T15:22:42.650539+00:00,37.00161548599954,sda4,1.0005618590002996,4657152,0,116,0,0,0,0,0,0.0,0.0,0,
37,2026-10-09T15:22:42.650539+00:00,37.00161548599954,sda5,1.0005618590002996,16548864,7014723584,826,17573,0,61034496,0,127,0.0,61000222.47598159,972,
38,2026-10-09T15:22:43.649988+00:00,38.00104397799987,loop0,0.99944842900004,374784,0,51,0,0,0,0,0,0.0,0.0,0,
38,2026-10-09T15:22:43.649988+00:00,38.00104397799987,loop1,0.99944842900004,2107392,0,217,0,0,0,0,0,0.0,0.0,0,
38,2026-10-09T15:22:43.649988+00:00,38.00104397799987,loop2,0.99944842900004,1106944,0,51,0,0,0,0,0,0.0,0.0,0,
38,2026-10-09T15:22:43.649988+00:00,38.00104397799987,loop3,0.99944842900004,1141760,0,66,0,0,0,0,0,0.0,0.0,0,
38,2026-10-09T15:22:43.649988+00:00,38.00104397799987,loop4,0.99944842900004,354304,0,43,0,0,0,0,0,0.0,0.0,0,
38,2026-10-09T15:22:43.649988+00:00,38.00104397799987,loop5,0.99944842900004,18432,0,12,0,0,0,0,0,0.0,0.0,0,
38,2026-10-09T15:22:43.649988+00:00,38.00104397799987,loop6,0.99944842900004,0,0,0,0,0,0,0,0,0.0,0.0,0,
38,2026-10-09T15:22:43.649988+00:00,38.00104397799987,loop7,0.99944842900004,0,0,0,0,0,0,0,0,0.0,0.0,0,
38,2026-10-09T15:22:43.649988+00:00,38.00104397799987,sr0,0.99944842900004,1536,0,8,0,0,0,0,0,0.0,0.0,0,
38,2026-10-09T15:22:43.649988+00:00,38.00104397799987,sda,0.99944842900004,356335104,7296901120,7903,54239,0,54775808,0,115,0.0,54806037.42086407,1016,
38,2026-10-09T15:22:43.649988+00:00,38.00104397799987,sda1,0.99944842900004,319488,0,78,0,0,0,0,0,0.0,0.0,0,
38,2026-10-09T15:22:43.649988+00:00,38.00104397799987,sda2,0.99944842900004,326784000,227282944,6593,36526,0,0,0,0,0.0,0.0,0,
38,2026-10-09T15:22:43.649988+00:00,38.00104397799987,sda3,0.99944842900004,5571584,118784,155,25,0,0,0,0,0.0,0.0,0,
38,2026-10-09T15:22:43.649988+00:00,38.00104397799987,sda4,0.99944842900004,4657152,0,116,0,0,0,0,0,0.0,0.0,0,
38,2026-10-09T15:22:43.649988+00:00,38.00104397799987,sda5,0.99944842900004,16548864,7069499392,826,17688,0,54775808,0,115,0.0,54806037.42086407,1016,
39,2026-10-09T15:22:44.650674+00:00,39.00159493599949,loop0,1.000685639999574,374784,0,51,0,0,0,0,0,0.0,0.0,0,
39,2026-10-09T15:22:44.650674+00:00,39.00159493599949,loop1,1.000685639999574,2107392,0,217,0,0,0,0,0,0.0,0.0,0,
39,2026-10-09T15:22:44.650674+00:00,39.00159493599949,loop2,1.000685639999574,1106944,0,51,0,0,0,0,0,0.0,0.0,0,
39,2026-10-09T15:22:44.650674+00:00,39.00159493599949,loop3,1.000685639999574,1141760,0,66,0,0,0,0,0,0.0,0.0,0,
39,2026-10-09T15:22:44.650674+00:00,39.00159493599949,loop4,1.000685639999574,354304,0,43,0,0,0,0,0,0.0,0.0,0,
39,2026-10-09T15:22:44.650674+00:00,39.00159493599949,loop5,1.000685639999574,18432,0,12,0,0,0,0,0,0.0,0.0,0,
39,2026-10-09T15:22:44.650674+00:00,39.00159493599949,loop6,1.000685639999574,0,0,0,0,0,0,0,0,0.0,0.0,0,
39,2026-10-09T15:22:44.650674+00:00,39.00159493599949,loop7,1.000685639999574,0,0,0,0,0,0,0,0,0.0,0.0,0,
39,2026-10-09T15:22:44.650674+00:00,39.00159493599949,sr0,1.000685639999574,1536,0,8,0,0,0,0,0,0.0,0.0,0,
39,2026-10-09T15:22:44.650674+00:00,39.00159493599949,sda,1.000685639999574,356335104,7349542912,7903,54349,0,52641792,0,110,0.0,52605723.41182233,920,
39,2026-10-09T15:22:44.650674+00:00,39.00159493599949,sda1,1.000685639999574,319488,0,78,0,0,0,0,0,0.0,0.0,0,
39,2026-10-09T15:22:44.650674+00:00,39.00159493599949,sda2,1.000685639999574,326784000,227282944,6593,36526,0,0,0,0,0.0,0.0,0,
39,2026-10-09T15:22:44.650674+00:00,39.00159493599949,sda3,1.000685639999574,5571584,118784,155,25,0,0,0,0,0.0,0.0,0,
39,2026-10-09T15:22:44.650674+00:00,39.00159493599949,sda4,1.000685639999574,4657152,0,116,0,0,0,0,0,0.0,0.0,0,
39,2026-10-09T15:22:44.650674+00:00,39.00159493599949,sda5,1.000685639999574,16548864,7122141184,826,17798,0,52641792,0,110,0.0,52605723.41182233,920,
40,2026-10-09T15:22:45.650029+00:00,40.001076589999684,loop0,0.9993550070003039,374784,0,51,0,0,0,0,0,0.0,0.0,0,
40,2026-10-09T15:22:45.650029+00:00,40.001076589999684,loop1,0.9993550070003039,2107392,0,217,0,0,0,0,0,0.0,0.0,0,
40,2026-10-09T15:22:45.650029+00:00,40.001076589999684,loop2,0.9993550070003039,1106944,0,51,0,0,0,0,0,0.0,0.0,0,
40,2026-10-09T15:22:45.650029+00:00,40.001076589999684,loop3,0.9993550070003039,1141760,0,66,0,0,0,0,0,0.0,0.0,0,
40,2026-10-09T15:22:45.650029+00:00,40.001076589999684,loop4,0.9993550070003039,354304,0,43,0,0,0,0,0,0.0,0.0,0,
40,2026-10-09T15:22:45.650029+00:00,40.001076589999684,loop5,0.9993550070003039,18432,0,12,0,0,0,0,0,0.0,0.0,0,
40,2026-10-09T15:22:45.650029+00:00,40.001076589999684,loop6,0.9993550070003039,0,0,0,0,0,0,0,0,0.0,0.0,0,
40,2026-10-09T15:22:45.650029+00:00,40.001076589999684,loop7,0.9993550070003039,0,0,0,0,0,0,0,0,0.0,0.0,0,
40,2026-10-09T15:22:45.650029+00:00,40.001076589999684,sr0,0.9993550070003039,1536,0,8,0,0,0,0,0,0.0,0.0,0,
40,2026-10-09T15:22:45.650029+00:00,40.001076589999684,sda,0.9993550070003039,356335104,7409201152,7903,54474,0,59658240,0,125,0.0,59696743.98197302,1052,
40,2026-10-09T15:22:45.650029+00:00,40.001076589999684,sda1,0.9993550070003039,319488,0,78,0,0,0,0,0,0.0,0.0,0,
40,2026-10-09T15:22:45.650029+00:00,40.001076589999684,sda2,0.9993550070003039,326784000,227282944,6593,36526,0,0,0,0,0.0,0.0,0,
40,2026-10-09T15:22:45.650029+00:00,40.001076589999684,sda3,0.9993550070003039,5571584,118784,155,25,0,0,0,0,0.0,0.0,0,
40,2026-10-09T15:22:45.650029+00:00,40.001076589999684,sda4,0.9993550070003039,4657152,0,116,0,0,0,0,0,0.0,0.0,0,
40,2026-10-09T15:22:45.650029+00:00,40.001076589999684,sda5,0.9993550070003039,16548864,7181799424,826,17923,0,59658240,0,125,0.0,59696743.98197302,1052,
41,2026-10-09T15:22:46.650181+00:00,41.00108874600028,loop0,1.0001526870000816,374784,0,51,0,0,0,0,0,0.0,0.0,0,
41,2026-10-09T15:22:46.650181+00:00,41.00108874600028,loop1,1.0001526870000816,2107392,0,217,0,0,0,0,0,0.0,0.0,0,
41,2026-10-09T15:22:46.650181+00:00,41.00108874600028,loop2,1.0001526870000816,1106944,0,51,0,0,0,0,0,0.0,0.0,0,
41,2026-10-09T15:22:46.650181+00:00,41.00108874600028,loop3,1.0001526870000816,1141760,0,66,0,0,0,0,0,0.0,0.0,0,
41,2026-10-09T15:22:46.650181+00:00,41.00108874600028,loop4,1.0001526870000816,354304,0,43,0,0,0,0,0,0.0,0.0,0,
41,2026-10-09T15:22:46.650181+00:00,41.00108874600028,loop5,1.0001526870000816,18432,0,12,0,0,0,0,0,0.0,0.0,0,
41,2026-10-09T15:22:46.650181+00:00,41.00108874600028,loop6,1.0001526870000816,0,0,0,0,0,0,0,0,0.0,0.0,0,
41,2026-10-09T15:22:46.650181+00:00,41.00108874600028,loop7,1.0001526870000816,0,0,0,0,0,0,0,0,0.0,0.0,0,
41,2026-10-09T15:22:46.650181+00:00,41.00108874600028,sr0,1.0001526870000816,1536,0,8,0,0,0,0,0,0.0,0.0,0,
41,2026-10-09T15:22:46.650181+00:00,41.00108874600028,sda,1.0001526870000816,356335104,7454838784,7903,54571,0,45637632,0,97,0.0,45630664.79068138,900,
41,2026-10-09T15:22:46.650181+00:00,41.00108874600028,sda1,1.0001526870000816,319488,0,78,0,0,0,0,0,0.0,0.0,0,
41,2026-10-09T15:22:46.650181+00:00,41.00108874600028,sda2,1.0001526870000816,326784000,227295232,6593,36528,0,12288,0,2,0.0,12286.12406857334,12,
41,2026-10-09T15:22:46.650181+00:00,41.00108874600028,sda3,1.0001526870000816,5571584,118784,155,25,0,0,0,0,0.0,0.0,0,
41,2026-10-09T15:22:46.650181+00:00,41.00108874600028,sda4,1.0001526870000816,4657152,0,116,0,0,0,0,0,0.0,0.0,0,
41,2026-10-09T15:22:46.650181+00:00,41.00108874600028,sda5,1.0001526870000816,16548864,7227424768,826,18018,0,45625344,0,95,0.0,45618378.666612804,892,
42,2026-10-09T15:22:47.649867+00:00,42.00095697599954,loop0,0.9996858079994126,374784,0,51,0,0,0,0,0,0.0,0.0,0,
42,2026-10-09T15:22:47.649867+00:00,42.00095697599954,loop1,0.9996858079994126,2107392,0,217,0,0,0,0,0,0.0,0.0,0,
42,2026-10-09T15:22:47.649867+00:00,42.00095697599954,loop2,0.9996858079994126,1106944,0,51,0,0,0,0,0,0.0,0.0,0,
42,2026-10-09T15:22:47.649867+00:00,42.00095697599954,loop3,0.9996858079994126,1141760,0,66,0,0,0,0,0,0.0,0.0,0,
42,2026-10-09T15:22:47.649867+00:00,42.00095697599954,loop4,0.9996858079994126,354304,0,43,0,0,0,0,0,0.0,0.0,0,
42,2026-10-09T15:22:47.649867+00:00,42.00095697599954,loop5,0.9996858079994126,18432,0,12,0,0,0,0,0,0.0,0.0,0,
42,2026-10-09T15:22:47.649867+00:00,42.00095697599954,loop6,0.9996858079994126,0,0,0,0,0,0,0,0,0.0,0.0,0,
42,2026-10-09T15:22:47.649867+00:00,42.00095697599954,loop7,0.9996858079994126,0,0,0,0,0,0,0,0,0.0,0.0,0,
42,2026-10-09T15:22:47.649867+00:00,42.00095697599954,sr0,0.9996858079994126,1536,0,8,0,0,0,0,0,0.0,0.0,0,
42,2026-10-09T15:22:47.649867+00:00,42.00095697599954,sda,0.9996858079994126,356335104,7518076928,7903,54711,0,63238144,0,140,0.0,63258019.1635942,1008,
42,2026-10-09T15:22:47.649867+00:00,42.00095697599954,sda1,0.9996858079994126,319488,0,78,0,0,0,0,0,0.0,0.0,0,
42,2026-10-09T15:22:47.649867+00:00,42.00095697599954,sda2,0.9996858079994126,326784000,227295232,6593,36528,0,0,0,0,0.0,0.0,0,
42,2026-10-09T15:22:47.649867+00:00,42.00095697599954,sda3,0.9996858079994126,5571584,118784,155,25,0,0,0,0,0.0,0.0,0,
42,2026-10-09T15:22:47.649867+00:00,42.00095697599954,sda4,0.9996858079994126,4657152,0,116,0,0,0,0,0,0.0,0.0,0,
42,2026-10-09T15:22:47.649867+00:00,42.00095697599954,sda5,0.9996858079994126,16548864,7290662912,826,18158,0,63238144,0,140,0.0,63258019.1635942,1008,
43,2026-10-09T15:22:48.650849+00:00,43.0019400049996,loop0,1.0009820360000958,374784,0,51,0,0,0,0,0,0.0,0.0,0,
43,2026-10-09T15:22:48.650849+00:00,43.0019400049996,loop1,1.0009820360000958,2107392,0,217,0,0,0,0,0,0.0,0.0,0,
43,2026-10-09T15:22:48.650849+00:00,43.0019400049996,loop2,1.0009820360000958,1106944,0,51,0,0,0,0,0,0.0,0.0,0,
43,2026-10-09T15:22:48.650849+00:00,43.0019400049996,loop3,1.0009820360000958,1141760,0,66,0,0,0,0,0,0.0,0.0,0,
43,2026-10-09T15:22:48.650849+00:00,43.0019400049996,loop4,1.0009820360000958,354304,0,43,0,0,0,0,0,0.0,0.0,0,
43,2026-10-09T15:22:48.650849+00:00,43.0019400049996,loop5,1.0009820360000958,18432,0,12,0,0,0,0,0,0.0,0.0,0,
43,2026-10-09T15:22:48.650849+00:00,43.0019400049996,loop6,1.0009820360000958,0,0,0,0,0,0,0,0,0.0,0.0,0,
43,2026-10-09T15:22:48.650849+00:00,43.0019400049996,loop7,1.0009820360000958,0,0,0,0,0,0,0,0,0.0,0.0,0,
43,2026-10-09T15:22:48.650849+00:00,43.0019400049996,sr0,1.0009820360000958,1536,0,8,0,0,0,0,0,0.0,0.0,0,
43,2026-10-09T15:22:48.650849+00:00,43.0019400049996,sda,1.0009820360000958,356335104,7570718720,7903,54821,0,52641792,0,110,0.0,52590146.582805365,900,
43,2026-10-09T15:22:48.650849+00:00,43.0019400049996,sda1,1.0009820360000958,319488,0,78,0,0,0,0,0,0.0,0.0,0,
43,2026-10-09T15:22:48.650849+00:00,43.0019400049996,sda2,1.0009820360000958,326784000,227295232,6593,36528,0,0,0,0,0.0,0.0,0,
43,2026-10-09T15:22:48.650849+00:00,43.0019400049996,sda3,1.0009820360000958,5571584,118784,155,25,0,0,0,0,0.0,0.0,0,
43,2026-10-09T15:22:48.650849+00:00,43.0019400049996,sda4,1.0009820360000958,4657152,0,116,0,0,0,0,0,0.0,0.0,0,
43,2026-10-09T15:22:48.650849+00:00,43.0019400049996,sda5,1.0009820360000958,16548864,7343304704,826,18268,0,52641792,0,110,0.0,52590146.582805365,900,
44,2026-10-09T15:22:49.650664+00:00,44.001350691999505,loop0,0.9998153799997453,374784,0,51,0,0,0,0,0,0.0,0.0,0,
44,2026-10-09T15:22:49.650664+00:00,44.001350691999505,loop1,0.9998153799997453,2107392,0,217,0,0,0,0,0,0.0,0.0,0,
44,2026-10-09T15:22:49.650664+00:00,44.001350691999505,loop2,0.9998153799997453,1106944,0,51,0,0,0,0,0,0.0,0.0,0,
44,2026-10-09T15:22:49.650664+00:00,44.001350691999505,loop3,0.9998153799997453,1141760,0,66,0,0,0,0,0,0.0,0.0,0,
44,2026-10-09T15:22:49.650664+00:00,44.001350691999505,loop4,0.9998153799997453,354304,0,43,0,0,0,0,0,0.0,0.0,0,
44,2026-10-09T15:22:49.650664+00:00,44.001350691999505,loop5,0.9998153799997453,18432,0,12,0,0,0,0,0,0.0,0.0,0,
44,2026-10-09T15:22:49.650664+00:00,44.001350691999505,loop6,0.9998153799997453,0,0,0,0,0,0,0,0,0.0,0.0,0,
44,2026-10-09T15:22:49.650664+00:00,44.001350691999505,loop7,0.9998153799997453,0,0,0,0,0,0,0,0,0.0,0.0,0,
44,2026-10-09T15:22:49.650664+00:00,44.001350691999505,sr0,0.9998153799997453,1536,0,8,0,0,0,0,0,0.0,0.0,0,
44,2026-10-09T15:22:49.650664+00:00,44.001350691999505,sda,0.9998153799997453,356335104,7633887232,7903,54953,0,63168512,0,132,0.0,63180176.324169055,996,
44,2026-10-09T15:22:49.650664+00:00,44.001350691999505,sda1,0.9998153799997453,319488,0,78,0,0,0,0,0,0.0,0.0,0,
44,2026-10-09T15:22:49.650664+00:00,44.001350691999505,sda2,0.9998153799997453,326784000,227295232,6593,36528,0,0,0,0,0.0,0.0,0,
44,2026-10-09T15:22:49.650664+00:00,44.001350691999505,sda3,0.9998153799997453,5571584,118784,155,25,0,0,0,0,0.0,0.0,0,
44,2026-10-09T15:22:49.650664+00:00,44.001350691999505,sda4,0.9998153799997453,4657152,0,116,0,0,0,0,0,0.0,0.0,0,
44,2026-10-09T15:22:49.650664+00:00,44.001350691999505,sda5,0.9998153799997453,16548864,7406473216,826,18400,0,63168512,0,132,0.0,63180176.324169055,996,
45,2026-10-09T15:22:50.653964+00:00,45.00114057399969,loop0,1.0032991430007314,374784,0,51,0,0,0,0,0,0.0,0.0,0,
45,2026-10-09T15:22:50.653964+00:00,45.00114057399969,loop1,1.0032991430007314,2107392,0,217,0,0,0,0,0,0.0,0.0,0,
45,2026-10-09T15:22:50.653964+00:00,45.00114057399969,loop2,1.0032991430007314,1106944,0,51,0,0,0,0,0,0.0,0.0,0,
45,2026-10-09T15:22:50.653964+00:00,45.00114057399969,loop3,1.0032991430007314,1141760,0,66,0,0,0,0,0,0.0,0.0,0,
45,2026-10-09T15:22:50.653964+00:00,45.00114057399969,loop4,1.0032991430007314,354304,0,43,0,0,0,0,0,0.0,0.0,0,
45,2026-10-09T15:22:50.653964+00:00,45.00114057399969,loop5,1.0032991430007314,18432,0,12,0,0,0,0,0,0.0,0.0,0,
45,2026-10-09T15:22:50.653964+00:00,45.00114057399969,loop6,1.0032991430007314,0,0,0,0,0,0,0,0,0.0,0.0,0,
45,2026-10-09T15:22:50.653964+00:00,45.00114057399969,loop7,1.0032991430007314,0,0,0,0,0,0,0,0,0.0,0.0,0,
45,2026-10-09T15:22:50.653964+00:00,45.00114057399969,sr0,1.0032991430007314,1536,0,8,0,0,0,0,0,0.0,0.0,0,
45,2026-10-09T15:22:50.653964+00:00,45.00114057399969,sda,1.0032991430007314,356335104,7697055744,7903,55085,0,63168512,0,132,0.0,62960795.33275745,1084,
45,2026-10-09T15:22:50.653964+00:00,45.00114057399969,sda1,1.0032991430007314,319488,0,78,0,0,0,0,0,0.0,0.0,0,
45,2026-10-09T15:22:50.653964+00:00,45.00114057399969,sda2,1.0032991430007314,326784000,227295232,6593,36528,0,0,0,0,0.0,0.0,0,
45,2026-10-09T15:22:50.653964+00:00,45.00114057399969,sda3,1.0032991430007314,5571584,118784,155,25,0,0,0,0,0.0,0.0,0,
45,2026-10-09T15:22:50.653964+00:00,45.00114057399969,sda4,1.0032991430007314,4657152,0,116,0,0,0,0,0,0.0,0.0,0,
45,2026-10-09T15:22:50.653964+00:00,45.00114057399969,sda5,1.0032991430007314,16548864,7469641728,826,18532,0,63168512,0,132,0.0,62960795.33275745,1084,
46,2026-10-09T15:22:51.649985+00:00,46.00108816000011,loop0,0.9960218539999914,374784,0,51,0,0,0,0,0,0.0,0.0,0,
46,2026-10-09T15:22:51.649985+00:00,46.00108816000011,loop1,0.9960218539999914,2107392,0,217,0,0,0,0,0,0.0,0.0,0,
46,2026-10-09T15:22:51.649985+00:00,46.00108816000011,loop2,0.9960218539999914,1106944,0,51,0,0,0,0,0,0.0,0.0,0,
46,2026-10-09T15:22:51.649985+00:00,46.00108816000011,loop3,0.9960218539999914,1141760,0,66,0,0,0,0,0,0.0,0.0,0,
46,2026-10-09T15:22:51.649985+00:00,46.00108816000011,loop4,0.9960218539999914,354304,0,43,0,0,0,0,0,0.0,0.0,0,
46,2026-10-09T15:22:51.649985+00:00,46.00108816000011,loop5,0.9960218539999914,18432,0,12,0,0,0,0,0,0.0,0.0,0,
46,2026-10-09T15:22:51.649985+00:00,46.00108816000011,loop6,0.9960218539999914,0,0,0,0,0,0,0,0,0.0,0.0,0,
46,2026-10-09T15:22:51.649985+00:00,46.00108816000011,loop7,0.9960218539999914,0,0,0,0,0,0,0,0,0.0,0.0,0,
46,2026-10-09T15:22:51.649985+00:00,46.00108816000011,sr0,0.9960218539999914,1536,0,8,0,0,0,0,0,0.0,0.0,0,
46,2026-10-09T15:22:51.649985+00:00,46.00108816000011,sda,0.9960218539999914,356335104,7749709824,7903,55197,0,52654080,0,112,0.0,52864382.23071404,852,
46,2026-10-09T15:22:51.649985+00:00,46.00108816000011,sda1,0.9960218539999914,319488,0,78,0,0,0,0,0,0.0,0.0,0,
46,2026-10-09T15:22:51.649985+00:00,46.00108816000011,sda2,0.9960218539999914,326784000,227307520,6593,36530,0,12288,0,2,0.0,12337.078700283322,8,
46,2026-10-09T15:22:51.649985+00:00,46.00108816000011,sda3,0.9960218539999914,5571584,118784,155,25,0,0,0,0,0.0,0.0,0,
46,2026-10-09T15:22:51.649985+00:00,46.00108816000011,sda4,0.9960218539999914,4657152,0,116,0,0,0,0,0,0.0,0.0,0,
46,2026-10-09T15:22:51.649985+00:00,46.00108816000011,sda5,0.9960218539999914,16548864,7522283520,826,18642,0,52641792,0,110,0.0,52852045.15201376,844,
47,2026-10-09T15:22:52.650467+00:00,47.001437508999516,loop0,1.0004813669993382,374784,0,51,0,0,0,0,0,0.0,0.0,0,
47,2026-10-09T15:22:52.650467+00:00,47.001437508999516,loop1,1.0004813669993382,2107392,0,217,0,0,0,0,0,0.0,0.0,0,
47,2026-10-09T15:22:52.650467+00:00,47.001437508999516,loop2,1.0004813669993382,1106944,0,51,0,0,0,0,0,0.0,0.0,0,
47,2026-10-09T15:22:52.650467+00:00,47.001437508999516,loop3,1.0004813669993382,1141760,0,66,0,0,0,0,0,0.0,0.0,0,
47,2026-10-09T15:22:52.650467+00:00,47.001437508999516,loop4,1.0004813669993382,354304,0,43,0,0,0,0,0,0.0,0.0,0,
47,2026-10-09T15:22:52.650467+00:00,47.001437508999516,loop5,1.0004813669993382,18432,0,12,0,0,0,0,0,0.0,0.0,0,
47,2026-10-09T15:22:52.650467+00:00,47.001437508999516,loop6,1.0004813669993382,0,0,0,0,0,0,0,0,0.0,0.0,0,
47,2026-10-09T15:22:52.650467+00:00,47.001437508999516,loop7,1.0004813669993382,0,0,0,0,0,0,0,0,0.0,0.0,0,
47,2026-10-09T15:22:52.650467+00:00,47.001437508999516,sr0,1.0004813669993382,1536,0,8,0,0,0,0,0,0.0,0.0,0,
47,2026-10-09T15:22:52.650467+00:00,47.001437508999516,sda,1.0004813669993382,356335104,7802372096,7903,55310,0,52662272,0,113,0.0,52636934.31687352,1000,
47,2026-10-09T15:22:52.650467+00:00,47.001437508999516,sda1,1.0004813669993382,319488,0,78,0,0,0,0,0,0.0,0.0,0,
47,2026-10-09T15:22:52.650467+00:00,47.001437508999516,sda2,1.0004813669993382,326784000,227307520,6593,36530,0,0,0,0,0.0,0.0,0,
47,2026-10-09T15:22:52.650467+00:00,47.001437508999516,sda3,1.0004813669993382,5571584,118784,155,25,0,0,0,0,0.0,0.0,0,
47,2026-10-09T15:22:52.650467+00:00,47.001437508999516,sda4,1.0004813669993382,4657152,0,116,0,0,0,0,0,0.0,0.0,0,
47,2026-10-09T15:22:52.650467+00:00,47.001437508999516,sda5,1.0004813669993382,16548864,7574945792,826,18755,0,52662272,0,113,0.0,52636934.31687352,1000,
48,2026-10-09T15:22:53.650289+00:00,48.000767045999964,loop0,0.9998217570000634,374784,0,51,0,0,0,0,0,0.0,0.0,0,
48,2026-10-09T15:22:53.650289+00:00,48.000767045999964,loop1,0.9998217570000634,2107392,0,217,0,0,0,0,0,0.0,0.0,0,
48,2026-10-09T15:22:53.650289+00:00,48.000767045999964,loop2,0.9998217570000634,1106944,0,51,0,0,0,0,0,0.0,0.0,0,
48,2026-10-09T15:22:53.650289+00:00,48.000767045999964,loop3,0.9998217570000634,1141760,0,66,0,0,0,0,0,0.0,0.0,0,
48,2026-10-09T15:22:53.650289+00:00,48.000767045999964,loop4,0.9998217570000634,354304,0,43,0,0,0,0,0,0.0,0.0,0,
48,2026-10-09T15:22:53.650289+00:00,48.000767045999964,loop5,0.9998217570000634,18432,0,12,0,0,0,0,0,0.0,0.0,0,
48,2026-10-09T15:22:53.650289+00:00,48.000767045999964,loop6,0.9998217570000634,0,0,0,0,0,0,0,0,0.0,0.0,0,
48,2026-10-09T15:22:53.650289+00:00,48.000767045999964,loop7,0.9998217570000634,0,0,0,0,0,0,0,0,0.0,0.0,0,
48,2026-10-09T15:22:53.650289+00:00,48.000767045999964,sr0,0.9998217570000634,1536,0,8,0,0,0,0,0,0.0,0.0,0,
48,2026-10-09T15:22:53.650289+00:00,48.000767045999964,sda,0.9998217570000634,356335104,7867691008,7903,55451,0,65318912,0,141,0.0,65330556.71441631,1028,
48,2026-10-09T15:22:53.650289+00:00,48.000767045999964,sda1,0.9998217570000634,319488,0,78,0,0,0,0,0,0.0,0.0,0,
48,2026-10-09T15:22:53.650289+00:00,48.000767045999964,sda2,0.9998217570000634,326784000,227307520,6593,36530,0,0,0,0,0.0,0.0,0,
48,2026-10-09T15:22:53.650289+00:00,48.000767045999964,sda3,0.9998217570000634,5571584,118784,155,25,0,0,0,0,0.0,0.0,0,
48,2026-10-09T15:22:53.650289+00:00,48.000767045999964,sda4,0.9998217570000634,4657152,0,116,0,0,0,0,0,0.0,0.0,0,
48,2026-10-09T15:22:53.650289+00:00,48.000767045999964,sda5,0.9998217570000634,16548864,7640264704,826,18896,0,65318912,0,141,0.0,65330556.71441631,1028,
49,2026-10-09T15:22:54.651313+00:00,49.002055461000054,loop0,1.0010240609999528,374784,0,51,0,0,0,0,0,0.0,0.0,0,
49,2026-10-09T15:22:54.651313+00:00,49.002055461000054,loop1,1.0010240609999528,2107392,0,217,0,0,0,0,0,0.0,0.0,0,
49,2026-10-09T15:22:54.651313+00:00,49.002055461000054,loop2,1.0010240609999528,1106944,0,51,0,0,0,0,0,0.0,0.0,0,
49,2026-10-09T15:22:54.651313+00:00,49.002055461000054,loop3,1.0010240609999528,1141760,0,66,0,0,0,0,0,0.0,0.0,0,
49,2026-10-09T15:22:54.651313+00:00,49.002055461000054,loop4,1.0010240609999528,354304,0,43,0,0,0,0,0,0.0,0.0,0,
49,2026-10-09T15:22:54.651313+00:00,49.002055461000054,loop5,1.0010240609999528,18432,0,12,0,0,0,0,0,0.0,0.0,0,
49,2026-10-09T15:22:54.651313+00:00,49.002055461000054,loop6,1.0010240609999528,0,0,0,0,0,0,0,0,0.0,0.0,0,
49,2026-10-09T15:22:54.651313+00:00,49.002055461000054,loop7,1.0010240609999528,0,0,0,0,0,0,0,0,0.0,0.0,0,
49,2026-10-09T15:22:54.651313+00:00,49.002055461000054,sr0,1.0010240609999528,1536,0,8,0,0,0,0,0,0.0,0.0,0,
49,2026-10-09T15:22:54.651313+00:00,49.002055461000054,sda,1.0010240609999528,356335104,7928758272,7903,55578,0,61067264,0,127,0.0,61004791.37234533,900,
49,2026-10-09T15:22:54.651313+00:00,49.002055461000054,sda1,1.0010240609999528,319488,0,78,0,0,0,0,0,0.0,0.0,0,
49,2026-10-09T15:22:54.651313+00:00,49.002055461000054,sda2,1.0010240609999528,326784000,227307520,6593,36530,0,0,0,0,0.0,0.0,0,
49,2026-10-09T15:22:54.651313+00:00,49.002055461000054,sda3,1.0010240609999528,5571584,118784,155,25,0,0,0,0,0.0,0.0,0,
49,2026-10-09T15:22:54.651313+00:00,49.002055461000054,sda4,1.0010240609999528,4657152,0,116,0,0,0,0,0,0.0,0.0,0,
49,2026-10-09T15:22:54.651313+00:00,49.002055461000054,sda5,1.0010240609999528,16548864,7701331968,826,19023,0,61067264,0,127,0.0,61004791.37234533,900,
50,2026-10-09T15:22:55.650007+00:00,50.00104990299951,loop0,0.998694599999908,374784,0,51,0,0,0,0,0,0.0,0.0,0,
50,2026-10-09T15:22:55.650007+00:00,50.00104990299951,loop1,0.998694599999908,2107392,0,217,0,0,0,0,0,0.0,0.0,0,
50,2026-10-09T15:22:55.650007+00:00,50.00104990299951,loop2,0.998694599999908,1106944,0,51,0,0,0,0,0,0.0,0.0,0,
50,2026-10-09T15:22:55.650007+00:00,50.00104990299951,loop3,0.998694599999908,1141760,0,66,0,0,0,0,0,0.0,0.0,0,
50,2026-10-09T15:22:55.650007+00:00,50.00104990299951,loop4,0.998694599999908,354304,0,43,0,0,0,0,0,0.0,0.0,0,
50,2026-10-09T15:22:55.650007+00:00,50.00104990299951,loop5,0.998694599999908,18432,0,12,0,0,0,0,0,0.0,0.0,0,
50,2026-10-09T15:22:55.650007+00:00,50.00104990299951,loop6,0.998694599999908,0,0,0,0,0,0,0,0,0.0,0.0,0,
50,2026-10-09T15:22:55.650007+00:00,50.00104990299951,loop7,0.998694599999908,0,0,0,0,0,0,0,0,0.0,0.0,0,
50,2026-10-09T15:22:55.650007+00:00,50.00104990299951,sr0,0.998694599999908,1536,0,8,0,0,0,0,0,0.0,0.0,0,
50,2026-10-09T15:22:55.650007+00:00,50.00104990299951,sda,0.998694599999908,356335104,7991926784,7903,55710,0,63168512,0,132,0.0,63251079.95978533,1032,
50,2026-10-09T15:22:55.650007+00:00,50.00104990299951,sda1,0.998694599999908,319488,0,78,0,0,0,0,0,0.0,0.0,0,
50,2026-10-09T15:22:55.650007+00:00,50.00104990299951,sda2,0.998694599999908,326784000,227307520,6593,36530,0,0,0,0,0.0,0.0,0,
50,2026-10-09T15:22:55.650007+00:00,50.00104990299951,sda3,0.998694599999908,5571584,118784,155,25,0,0,0,0,0.0,0.0,0,
50,2026-10-09T15:22:55.650007+00:00,50.00104990299951,sda4,0.998694599999908,4657152,0,116,0,0,0,0,0,0.0,0.0,0,
50,2026-10-09T15:22:55.650007+00:00,50.00104990299951,sda5,0.998694599999908,16548864,7764500480,826,19155,0,63168512,0,132,0.0,63251079.95978533,1032,
51,2026-10-09T15:22:56.649648+00:00,51.00065527700008,loop0,0.9996410810008456,374784,0,51,0,0,0,0,0,0.0,0.0,0,
51,2026-10-09T15:22:56.649648+00:00,51.00065527700008,loop1,0.9996410810008456,2107392,0,217,0,0,0,0,0,0.0,0.0,0,
51,2026-10-09T15:22:56.649648+00:00,51.00065527700008,loop2,0.9996410810008456,1106944,0,51,0,0,0,0,0,0.0,0.0,0,
51,2026-10-09T15:22:56.649648+00:00,51.00065527700008,loop3,0.9996410810008456,1141760,0,66,0,0,0,0,0,0.0,0.0,0,
51,2026-10-09T15:22:56.649648+00:00,51.00065527700008,loop4,0.9996410810008456,354304,0,43,0,0,0,0,0,0.0,0.0,0,
51,2026-10-09T15:22:56.649648+00:00,51.00065527700008,loop5,0.9996410810008456,18432,0,12,0,0,0,0,0,0.0,0.0,0,
51,2026-10-09T15:22:56.649648+00:00,51.00065527700008,loop6,0.9996410810008456,0,0,0,0,0,0,0,0,0.0,0.0,0,
51,2026-10-09T15:22:56.649648+00:00,51.00065527700008,loop7,0.9996410810008456,0,0,0,0,0,0,0,0,0.0,0.0,0,
51,2026-10-09T15:22:56.649648+00:00,51.00065527700008,sr0,0.9996410810008456,1536,0,8,0,0,0,0,0,0.0,0.0,0,
51,2026-10-09T15:22:56.649648+00:00,51.00065527700008,sda,0.9996410810008456,356335104,8044580864,7903,55822,0,52654080,0,112,0.0,52672985.33517898,900,
51,2026-10-09T15:22:56.649648+00:00,51.00065527700008,sda1,0.9996410810008456,319488,0,78,0,0,0,0,0,0.0,0.0,0,
51,2026-10-09T15:22:56.649648+00:00,51.00065527700008,sda2,0.9996410810008456,326784000,227319808,6593,36532,0,12288,0,2,0.0,12292.411980205128,8,
51,2026-10-09T15:22:56.649648+00:00,51.00065527700008,sda3,0.9996410810008456,5571584,118784,155,25,0,0,0,0,0.0,0.0,0,
51,2026-10-09T15:22:56.649648+00:00,51.00065527700008,sda4,0.9996410810008456,4657152,0,116,0,0,0,0,0,0.0,0.0,0,
51,2026-10-09T15:22:56.649648+00:00,51.00065527700008,sda5,0.9996410810008456,16548864,7817142272,826,19265,0,52641792,0,110,0.0,52660692.923198774,896,
52,2026-10-09T15:22:57.650120+00:00,52.00105552700006,loop0,1.0004717929996332,374784,0,51,0,0,0,0,0,0.0,0.0,0,
52,2026-10-09T15:22:57.650120+00:00,52.00105552700006,loop1,1.0004717929996332,2107392,0,217,0,0,0,0,0,0.0,0.0,0,
52,2026-10-09T15:22:57.650120+00:00,52.00105552700006,loop2,1.0004717929996332,1106944,0,51,0,0,0,0,0,0.0,0.0,0,
52,2026-10-09T15:22:57.650120+00:00,52.00105552700006,loop3,1.0004717929996332,1141760,0,66,0,0,0,0,0,0.0,0.0,0,
52,2026-10-09T15:22:57.650120+00:00,52.00105552700006,loop4,1.0004717929996332,354304,0,43,0,0,0,0,0,0.0,0.0,0,
52,2026-10-09T15:22:57.650120+00:00,52.00105552700006,loop5,1.0004717929996332,18432,0,12,0,0,0,0,0,0.0,0.0,0,
52,2026-10-09T15:22:57.650120+00:00,52.00105552700006,loop6,1.0004717929996332,0,0,0,0,0,0,0,0,0.0,0.0,0,
52,2026-10-09T15:22:57.650120+00:00,52.00105552700006,loop7,1.0004717929996332,0,0,0,0,0,0,0,0,0.0,0.0,0,
52,2026-10-09T15:22:57.650120+00:00,52.00105552700006,sr0,1.0004717929996332,1536,0,8,0,0,0,0,0,0.0,0.0,0,
52,2026-10-09T15:22:57.650120+00:00,52.00105552700006,sda,1.0004717929996332,356335104,8088817664,7903,55918,0,44236800,0,96,0.0,44215939.22939936,960,
52,2026-10-09T15:22:57.650120+00:00,52.00105552700006,sda1,1.0004717929996332,319488,0,78,0,0,0,0,0,0.0,0.0,0,
52,2026-10-09T15:22:57.650120+00:00,52.00105552700006,sda2,1.0004717929996332,326784000,227319808,6593,36532,0,0,0,0,0.0,0.0,0,
52,2026-10-09T15:22:57.650120+00:00,52.00105552700006,sda3,1.0004717929996332,5571584,118784,155,25,0,0,0,0,0.0,0.0,0,
52,2026-10-09T15:22:57.650120+00:00,52.00105552700006,sda4,1.0004717929996332,4657152,0,116,0,0,0,0,0,0.0,0.0,0,
52,2026-10-09T15:22:57.650120+00:00,52.00105552700006,sda5,1.0004717929996332,16548864,7861379072,826,19361,0,44236800,0,96,0.0,44215939.22939936,960,
53,2026-10-09T15:22:58.650556+00:00,53.001515287000075,loop0,1.0004358070000308,374784,0,51,0,0,0,0,0,0.0,0.0,0,
53,2026-10-09T15:22:58.650556+00:00,53.001515287000075,loop1,1.0004358070000308,2107392,0,217,0,0,0,0,0,0.0,0.0,0,
53,2026-10-09T15:22:58.650556+00:00,53.001515287000075,loop2,1.0004358070000308,1106944,0,51,0,0,0,0,0,0.0,0.0,0,
53,2026-10-09T15:22:58.650556+00:00,53.001515287000075,loop3,1.0004358070000308,1141760,0,66,0,0,0,0,0,0.0,0.0,0,
53,2026-10-09T15:22:58.650556+00:00,53.001515287000075,loop4,1.0004358070000308,354304,0,43,0,0,0,0,0,0.0,0.0,0,
53,2026-10-09T15:22:58.650556+00:00,53.001515287000075,loop5,1.0004358070000308,18432,0,12,0,0,0,0,0,0.0,0.0,0,
53,2026-10-09T15:22:58.650556+00:00,53.001515287000075,loop6,1.0004358070000308,0,0,0,0,0,0,0,0,0.0,0.0,0,
53,2026-10-09T15:22:58.650556+00:00,53.001515287000075,loop7,1.0004358070000308,0,0,0,0,0,0,0,0,0.0,0.0,0,
53,2026-10-09T15:22:58.650556+00:00,53.001515287000075,sr0,1.0004358070000308,1536,0,8,0,0,0,0,0,0.0,0.0,0,
53,2026-10-09T15:22:58.650556+00:00,53.001515287000075,sda,1.0004358070000308,356335104,8146014208,7903,56037,0,57196544,0,119,0.0,57171628.20422544,936,
53,2026-10-09T15:22:58.650556+00:00,53.001515287000075,sda1,1.0004358070000308,319488,0,78,0,0,0,0,0,0.0,0.0,0,
53,2026-10-09T15:22:58.650556+00:00,53.001515287000075,sda2,1.0004358070000308,326784000,227319808,6593,36532,0,0,0,0,0.0,0.0,0,
53,2026-10-09T15:22:58.650556+00:00,53.001515287000075,sda3,1.0004358070000308,5571584,118784,155,25,0,0,0,0,0.0,0.0,0,
53,2026-10-09T15:22:58.650556+00:00,53.001515287000075,sda4,1.0004358070000308,4657152,0,116,0,0,0,0,0,0.0,0.0,0,
53,2026-10-09T15:22:58.650556+00:00,53.001515287000075,sda5,1.0004358070000308,16548864,7918575616,826,19480,0,57196544,0,119,0.0,57171628.20422544,936,
54,2026-10-09T15:22:59.650381+00:00,54.00147616100003,loop0,0.9998250399994504,374784,0,51,0,0,0,0,0,0.0,0.0,0,
54,2026-10-09T15:22:59.650381+00:00,54.00147616100003,loop1,0.9998250399994504,2107392,0,217,0,0,0,0,0,0.0,0.0,0,
54,2026-10-09T15:22:59.650381+00:00,54.00147616100003,loop2,0.9998250399994504,1106944,0,51,0,0,0,0,0,0.0,0.0,0,
54,2026-10-09T15:22:59.650381+00:00,54.00147616100003,loop3,0.9998250399994504,1141760,0,66,0,0,0,0,0,0.0,0.0,0,
54,2026-10-09T15:22:59.650381+00:00,54.00147616100003,loop4,0.9998250399994504,354304,0,43,0,0,0,0,0,0.0,0.0,0,
54,2026-10-09T15:22:59.650381+00:00,54.00147616100003,loop5,0.9998250399994504,18432,0,12,0,0,0,0,0,0.0,0.0,0,
54,2026-10-09T15:22:59.650381+00:00,54.00147616100003,loop6,0.9998250399994504,0,0,0,0,0,0,0,0,0.0,0.0,0,
54,2026-10-09T15:22:59.650381+00:00,54.00147616100003,loop7,0.9998250399994504,0,0,0,0,0,0,0,0,0.0,0.0,0,
54,2026-10-09T15:22:59.650381+00:00,54.00147616100003,sr0,0.9998250399994504,1536,0,8,0,0,0,0,0,0.0,0.0,0,
54,2026-10-09T15:22:59.650381+00:00,54.00147616100003,sda,0.9998250399994504,356335104,8210640896,7903,56175,0,64626688,0,138,0.0,64637997.06400184,984,
54,2026-10-09T15:22:59.650381+00:00,54.00147616100003,sda1,0.9998250399994504,319488,0,78,0,0,0,0,0,0.0,0.0,0,
54,2026-10-09T15:22:59.650381+00:00,54.00147616100003,sda2,0.9998250399994504,326784000,227319808,6593,36532,0,0,0,0,0.0,0.0,0,
54,2026-10-09T15:22:59.650381+00:00,54.00147616100003,sda3,0.9998250399994504,5571584,118784,155,25,0,0,0,0,0.0,0.0,0,
54,2026-10-09T15:22:59.650381+00:00,54.00147616100003,sda4,0.9998250399994504,4657152,0,116,0,0,0,0,0,0.0,0.0,0,
54,2026-10-09T15:22:59.650381+00:00,54.00147616100003,sda5,0.9998250399994504,16548864,7983202304,826,19618,0,64626688,0,138,0.0,64637997.06400184,984,
55,2026-10-09T15:23:00.653689+00:00,55.00428191300034,loop0,1.003307735000817,374784,0,51,0,0,0,0,0,0.0,0.0,0,
55,2026-10-09T15:23:00.653689+00:00,55.00428191300034,loop1,1.003307735000817,2107392,0,217,0,0,0,0,0,0.0,0.0,0,
55,2026-10-09T15:23:00.653689+00:00,55.00428191300034,loop2,1.003307735000817,1106944,0,51,0,0,0,0,0,0.0,0.0,0,
55,2026-10-09T15:23:00.653689+00:00,55.00428191300034,loop3,1.003307735000817,1141760,0,66,0,0,0,0,0,0.0,0.0,0,
55,2026-10-09T15:23:00.653689+00:00,55.00428191300034,loop4,1.003307735000817,354304,0,43,0,0,0,0,0,0.0,0.0,0,
55,2026-10-09T15:23:00.653689+00:00,55.00428191300034,loop5,1.003307735000817,18432,0,12,0,0,0,0,0,0.0,0.0,0,
55,2026-10-09T15:23:00.653689+00:00,55.00428191300034,loop6,1.003307735000817,0,0,0,0,0,0,0,0,0.0,0.0,0,
55,2026-10-09T15:23:00.653689+00:00,55.00428191300034,loop7,1.003307735000817,0,0,0,0,0,0,0,0,0.0,0.0,0,
55,2026-10-09T15:23:00.653689+00:00,55.00428191300034,sr0,1.003307735000817,1536,0,8,0,0,0,0,0,0.0,0.0,0,
55,2026-10-09T15:23:00.653689+00:00,55.00428191300034,sda,1.003307735000817,356335104,8266436608,7903,56292,0,55795712,0,117,0.0,55611763.02498511,996,
55,2026-10-09T15:23:00.653689+00:00,55.00428191300034,sda1,1.003307735000817,319488,0,78,0,0,0,0,0,0.0,0.0,0,
55,2026-10-09T15:23:00.653689+00:00,55.00428191300034,sda2,1.003307735000817,326784000,227319808,6593,36532,0,0,0,0,0.0,0.0,0,
55,2026-10-09T15:23:00.653689+00:00,55.00428191300034,sda3,1.003307735000817,5571584,118784,155,25,0,0,0,0,0.0,0.0,0,
55,2026-10-09T15:23:00.653689+00:00,55.00428191300034,sda4,1.003307735000817,4657152,0,116,0,0,0,0,0,0.0,0.0,0,
55,2026-10-09T15:23:00.653689+00:00,55.00428191300034,sda5,1.003307735000817,16548864,8038998016,826,19735,0,55795712,0,117,0.0,55611763.02498511,996,
56,2026-10-09T15:23:01.650375+00:00,56.00109296499977,loop0,0.9966866949998803,374784,0,51,0,0,0,0,0,0.0,0.0,0,
56,2026-10-09T15:23:01.650375+00:00,56.00109296499977,loop1,0.9966866949998803,2107392,0,217,0,0,0,0,0,0.0,0.0,0,
56,2026-10-09T15:23:01.650375+00:00,56.00109296499977,loop2,0.9966866949998803,1106944,0,51,0,0,0,0,0,0.0,0.0,0,
56,2026-10-09T15:23:01.650375+00:00,56.00109296499977,loop3,0.9966866949998803,1141760,0,66,0,0,0,0,0,0.0,0.0,0,
56,2026-10-09T15:23:01.650375+00:00,56.00109296499977,loop4,0.9966866949998803,354304,0,43,0,0,0,0,0,0.0,0.0,0,
56,2026-10-09T15:23:01.650375+00:00,56.00109296499977,loop5,0.9966866949998803,18432,0,12,0,0,0,0,0,0.0,0.0,0,
56,2026-10-09T15:23:01.650375+00:00,56.00109296499977,loop6,0.9966866949998803,0,0,0,0,0,0,0,0,0.0,0.0,0,
56,2026-10-09T15:23:01.650375+00:00,56.00109296499977,loop7,0.9966866949998803,0,0,0,0,0,0,0,0,0.0,0.0,0,
56,2026-10-09T15:23:01.650375+00:00,56.00109296499977,sr0,0.9966866949998803,1536,0,8,0,0,0,0,0,0.0,0.0,0,
56,2026-10-09T15:23:01.650375+00:00,56.00109296499977,sda,0.9966866949998803,356335104,8326103040,7903,56418,0,59666432,0,126,0.0,59864782.28246758,952,
56,2026-10-09T15:23:01.650375+00:00,56.00109296499977,sda1,0.9966866949998803,319488,0,78,0,0,0,0,0,0.0,0.0,0,
56,2026-10-09T15:23:01.650375+00:00,56.00109296499977,sda2,0.9966866949998803,326784000,227332096,6593,36534,0,12288,0,2,0.0,12328.849237825409,8,
56,2026-10-09T15:23:01.650375+00:00,56.00109296499977,sda3,0.9966866949998803,5571584,118784,155,25,0,0,0,0,0.0,0.0,0,
56,2026-10-09T15:23:01.650375+00:00,56.00109296499977,sda4,0.9966866949998803,4657152,0,116,0,0,0,0,0,0.0,0.0,0,
56,2026-10-09T15:23:01.650375+00:00,56.00109296499977,sda5,0.9966866949998803,16548864,8098652160,826,19859,0,59654144,0,124,0.0,59852453.43322975,944,
57,2026-10-09T15:23:02.651364+00:00,57.00229967700034,loop0,1.0009882439999274,374784,0,51,0,0,0,0,0,0.0,0.0,0,
57,2026-10-09T15:23:02.651364+00:00,57.00229967700034,loop1,1.0009882439999274,2107392,0,217,0,0,0,0,0,0.0,0.0,0,
57,2026-10-09T15:23:02.651364+00:00,57.00229967700034,loop2,1.0009882439999274,1106944,0,51,0,0,0,0,0,0.0,0.0,0,
57,2026-10-09T15:23:02.651364+00:00,57.00229967700034,loop3,1.0009882439999274,1141760,0,66,0,0,0,0,0,0.0,0.0,0,
57,2026-10-09T15:23:02.651364+00:00,57.00229967700034,loop4,1.0009882439999274,354304,0,43,0,0,0,0,0,0.0,0.0,0,
57,2026-10-09T15:23:02.651364+00:00,57.00229967700034,loop5,1.0009882439999274,18432,0,12,0,0,0,0,0,0.0,0.0,0,
57,2026-10-09T15:23:02.651364+00:00,57.00229967700034,loop6,1.0009882439999274,0,0,0,0,0,0,0,0,0.0,0.0,0,
57,2026-10-09T15:23:02.651364+00:00,57.00229967700034,loop7,1.0009882439999274,0,0,0,0,0,0,0,0,0.0,0.0,0,
57,2026-10-09T15:23:02.651364+00:00,57.00229967700034,sr0,1.0009882439999274,1536,0,8,0,0,0,0,0,0.0,0.0,0,
57,2026-10-09T15:23:02.651364+00:00,57.00229967700034,sda,1.0009882439999274,356335104,8381587456,7903,56537,0,55484416,0,119,0.0,55429637.99283543,932,
57,2026-10-09T15:23:02.651364+00:00,57.00229967700034,sda1,1.0009882439999274,319488,0,78,0,0,0,0,0,0.0,0.0,0,
57,2026-10-09T15:23:02.651364+00:00,57.00229967700034,sda2,1.0009882439999274,326784000,227332096,6593,36534,0,0,0,0,0.0,0.0,0,
57,2026-10-09T15:23:02.651364+00:00,57.00229967700034,sda3,1.0009882439999274,5571584,118784,155,25,0,0,0,0,0.0,0.0,0,
57,2026-10-09T15:23:02.651364+00:00,57.00229967700034,sda4,1.0009882439999274,4657152,0,116,0,0,0,0,0,0.0,0.0,0,
57,2026-10-09T15:23:02.651364+00:00,57.00229967700034,sda5,1.0009882439999274,16548864,8154136576,826,19978,0,55484416,0,119,0.0,55429637.99283543,932,
58,2026-10-09T15:23:03.651226+00:00,58.00146300799952,loop0,0.9998626619999413,374784,0,51,0,0,0,0,0,0.0,0.0,0,
58,2026-10-09T15:23:03.651226+00:00,58.00146300799952,loop1,0.9998626619999413,2107392,0,217,0,0,0,0,0,0.0,0.0,0,
58,2026-10-09T15:23:03.651226+00:00,58.00146300799952,loop2,0.9998626619999413,1106944,0,51,0,0,0,0,0,0.0,0.0,0,
58,2026-10-09T15:23:03.651226+00:00,58.00146300799952,loop3,0.9998626619999413,1141760,0,66,0,0,0,0,0,0.0,0.0,0,
58,2026-10-09T15:23:03.651226+00:00,58.00146300799952,loop4,0.9998626619999413,354304,0,43,0,0,0,0,0,0.0,0.0,0,
58,2026-10-09T15:23:03.651226+00:00,58.00146300799952,loop5,0.9998626619999413,18432,0,12,0,0,0,0,0,0.0,0.0,0,
58,2026-10-09T15:23:03.651226+00:00,58.00146300799952,loop6,0.9998626619999413,0,0,0,0,0,0,0,0,0.0,0.0,0,
58,2026-10-09T15:23:03.651226+00:00,58.00146300799952,loop7,0.9998626619999413,0,0,0,0,0,0,0,0,0.0,0.0,0,
58,2026-10-09T15:23:03.651226+00:00,58.00146300799952,sr0,0.9998626619999413,1536,0,8,0,0,0,0,0,0.0,0.0,0,
58,2026-10-09T15:23:03.651226+00:00,58.00146300799952,sda,0.9998626619999413,356335104,8444719104,7903,56668,0,63131648,0,131,0.0,63140319.56521215,1048,
58,2026-10-09T15:23:03.651226+00:00,58.00146300799952,sda1,0.9998626619999413,319488,0,78,0,0,0,0,0,0.0,0.0,0,
58,2026-10-09T15:23:03.651226+00:00,58.00146300799952,sda2,0.9998626619999413,326784000,227332096,6593,36534,0,0,0,0,0.0,0.0,0,
58,2026-10-09T15:23:03.651226+00:00,58.00146300799952,sda3,0.9998626619999413,5571584,118784,155,25,0,0,0,0,0.0,0.0,0,
58,2026-10-09T15:23:03.651226+00:00,58.00146300799952,sda4,0.9998626619999413,4657152,0,116,0,0,0,0,0,0.0,0.0,0,
58,2026-10-09T15:23:03.651226+00:00,58.00146300799952,sda5,0.9998626619999413,16548864,8217268224,826,20109,0,63131648,0,131,0.0,63140319.56521215,1048,
59,2026-10-09T15:23:04.650372+00:00,59.00135582100029,loop0,0.9991458739996233,374784,0,51,0,0,0,0,0,0.0,0.0,0,
59,2026-10-09T15:23:04.650372+00:00,59.00135582100029,loop1,0.9991458739996233,2107392,0,217,0,0,0,0,0,0.0,0.0,0,
59,2026-10-09T15:23:04.650372+00:00,59.00135582100029,loop2,0.9991458739996233,1106944,0,51,0,0,0,0,0,0.0,0.0,0,
59,2026-10-09T15:23:04.650372+00:00,59.00135582100029,loop3,0.9991458739996233,1141760,0,66,0,0,0,0,0,0.0,0.0,0,
59,2026-10-09T15:23:04.650372+00:00,59.00135582100029,loop4,0.9991458739996233,354304,0,43,0,0,0,0,0,0.0,0.0,0,
59,2026-10-09T15:23:04.650372+00:00,59.00135582100029,loop5,0.9991458739996233,18432,0,12,0,0,0,0,0,0.0,0.0,0,
59,2026-10-09T15:23:04.650372+00:00,59.00135582100029,loop6,0.9991458739996233,0,0,0,0,0,0,0,0,0.0,0.0,0,
59,2026-10-09T15:23:04.650372+00:00,59.00135582100029,loop7,0.9991458739996233,0,0,0,0,0,0,0,0,0.0,0.0,0,
59,2026-10-09T15:23:04.650372+00:00,59.00135582100029,sr0,0.9991458739996233,1536,0,8,0,0,0,0,0,0.0,0.0,0,
59,2026-10-09T15:23:04.650372+00:00,59.00135582100029,sda,0.9991458739996233,356335104,8497397760,7903,56779,0,52678656,0,111,0.0,52723688.67333166,964,
59,2026-10-09T15:23:04.650372+00:00,59.00135582100029,sda1,0.9991458739996233,319488,0,78,0,0,0,0,0,0.0,0.0,0,
59,2026-10-09T15:23:04.650372+00:00,59.00135582100029,sda2,0.9991458739996233,326784000,227332096,6593,36534,0,0,0,0,0.0,0.0,0,
59,2026-10-09T15:23:04.650372+00:00,59.00135582100029,sda3,0.9991458739996233,5571584,118784,155,25,0,0,0,0,0.0,0.0,0,
59,2026-10-09T15:23:04.650372+00:00,59.00135582100029,sda4,0.9991458739996233,4657152,0,116,0,0,0,0,0,0.0,0.0,0,
59,2026-10-09T15:23:04.650372+00:00,59.00135582100029,sda5,0.9991458739996233,16548864,8269946880,826,20220,0,52678656,0,111,0.0,52723688.67333166,964,
60,2026-10-09T15:23:05.650438+00:00,60.0014483369996,loop0,1.0000662450001983,374784,0,51,0,0,0,0,0,0.0,0.0,0,
60,2026-10-09T15:23:05.650438+00:00,60.0014483369996,loop1,1.0000662450001983,2107392,0,217,0,0,0,0,0,0.0,0.0,0,
60,2026-10-09T15:23:05.650438+00:00,60.0014483369996,loop2,1.0000662450001983,1106944,0,51,0,0,0,0,0,0.0,0.0,0,
60,2026-10-09T15:23:05.650438+00:00,60.0014483369996,loop3,1.0000662450001983,1141760,0,66,0,0,0,0,0,0.0,0.0,0,
60,2026-10-09T15:23:05.650438+00:00,60.0014483369996,loop4,1.0000662450001983,354304,0,43,0,0,0,0,0,0.0,0.0,0,
60,2026-10-09T15:23:05.650438+00:00,60.0014483369996,loop5,1.0000662450001983,18432,0,12,0,0,0,0,0,0.0,0.0,0,
60,2026-10-09T15:23:05.650438+00:00,60.0014483369996,loop6,1.0000662450001983,0,0,0,0,0,0,0,0,0.0,0.0,0,
60,2026-10-09T15:23:05.650438+00:00,60.0014483369996,loop7,1.0000662450001983,0,0,0,0,0,0,0,0,0.0,0.0,0,
60,2026-10-09T15:23:05.650438+00:00,60.0014483369996,sr0,1.0000662450001983,1536,0,8,0,0,0,0,0,0.0,0.0,0,
60,2026-10-09T15:23:05.650438+00:00,60.0014483369996,sda,1.0000662450001983,356335104,8550088704,7903,56895,0,52690944,0,116,0.0,52687453.719617896,932,
60,2026-10-09T15:23:05.650438+00:00,60.0014483369996,sda1,1.0000662450001983,319488,0,78,0,0,0,0,0,0.0,0.0,0,
60,2026-10-09T15:23:05.650438+00:00,60.0014483369996,sda2,1.0000662450001983,326784000,227332096,6593,36534,0,0,0,0,0.0,0.0,0,
60,2026-10-09T15:23:05.650438+00:00,60.0014483369996,sda3,1.0000662450001983,5571584,118784,155,25,0,0,0,0,0.0,0.0,0,
60,2026-10-09T15:23:05.650438+00:00,60.0014483369996,sda4,1.0000662450001983,4657152,0,116,0,0,0,0,0,0.0,0.0,0,
60,2026-10-09T15:23:05.650438+00:00,60.0014483369996,sda5,1.0000662450001983,16548864,8322637824,826,20336,0,52690944,0,116,0.0,52687453.719617896,932,
61,2026-10-09T15:23:06.650795+00:00,61.00161793400002,loop0,1.0003563010004655,374784,0,51,0,0,0,0,0,0.0,0.0,0,
61,2026-10-09T15:23:06.650795+00:00,61.00161793400002,loop1,1.0003563010004655,2107392,0,217,0,0,0,0,0,0.0,0.0,0,
61,2026-10-09T15:23:06.650795+00:00,61.00161793400002,loop2,1.0003563010004655,1106944,0,51,0,0,0,0,0,0.0,0.0,0,
61,2026-10-09T15:23:06.650795+00:00,61.00161793400002,loop3,1.0003563010004655,1141760,0,66,0,0,0,0,0,0.0,0.0,0,
61,2026-10-09T15:23:06.650795+00:00,61.00161793400002,loop4,1.0003563010004655,354304,0,43,0,0,0,0,0,0.0,0.0,0,
61,2026-10-09T15:23:06.650795+00:00,61.00161793400002,loop5,1.0003563010004655,18432,0,12,0,0,0,0,0,0.0,0.0,0,
61,2026-10-09T15:23:06.650795+00:00,61.00161793400002,loop6,1.0003563010004655,0,0,0,0,0,0,0,0,0.0,0.0,0,
61,2026-10-09T15:23:06.650795+00:00,61.00161793400002,loop7,1.0003563010004655,0,0,0,0,0,0,0,0,0.0,0.0,0,
61,2026-10-09T15:23:06.650795+00:00,61.00161793400002,sr0,1.0003563010004655,1536,0,8,0,0,0,0,0,0.0,0.0,0,
61,2026-10-09T15:23:06.650795+00:00,61.00161793400002,sda,1.0003563010004655,356335104,8606597120,7903,57017,0,56508416,0,122,0.0,56488289.16605555,932,
61,2026-10-09T15:23:06.650795+00:00,61.00161793400002,sda1,1.0003563010004655,319488,0,78,0,0,0,0,0,0.0,0.0,0,
61,2026-10-09T15:23:06.650795+00:00,61.00161793400002,sda2,1.0003563010004655,326784000,227360768,6593,36538,0,28672,0,4,0.0,28661.787776340163,28,
61,2026-10-09T15:23:06.650795+00:00,61.00161793400002,sda3,1.0003563010004655,5571584,118784,155,25,0,0,0,0,0.0,0.0,0,
61,2026-10-09T15:23:06.650795+00:00,61.00161793400002,sda4,1.0003563010004655,4657152,0,116,0,0,0,0,0,0.0,0.0,0,
61,2026-10-09T15:23:06.650795+00:00,61.00161793400002,sda5,1.0003563010004655,16548864,8379117568,826,20454,0,56479744,0,118,0.0,56459627.37827921,1020,
62,2026-10-09T15:23:07.653138+00:00,62.00147167199975,loop0,1.0023434009999619,374784,0,51,0,0,0,0,0,0.0,0.0,0,
62,2026-10-09T15:23:07.653138+00:00,62.00147167199975,loop1,1.0023434009999619,2107392,0,217,0,0,0,0,0,0.0,0.0,0,
62,2026-10-09T15:23:07.653138+00:00,62.00147167199975,loop2,1.0023434009999619,1106944,0,51,0,0,0,0,0,0.0,0.0,0,
62,2026-10-09T15:23:07.653138+00:00,62.00147167199975,loop3,1.0023434009999619,1141760,0,66,0,0,0,0,0,0.0,0.0,0,
62,2026-10-09T15:23:07.653138+00:00,62.00147167199975,loop4,1.0023434009999619,354304,0,43,0,0,0,0,0,0.0,0.0,0,
62,2026-10-09T15:23:07.653138+00:00,62.00147167199975,loop5,1.0023434009999619,18432,0,12,0,0,0,0,0,0.0,0.0,0,
62,2026-10-09T15:23:07.653138+00:00,62.00147167199975,loop6,1.0023434009999619,0,0,0,0,0,0,0,0,0.0,0.0,0,
62,2026-10-09T15:23:07.653138+00:00,62.00147167199975,loop7,1.0023434009999619,0,0,0,0,0,0,0,0,0.0,0.0,0,
62,2026-10-09T15:23:07.653138+00:00,62.00147167199975,sr0,1.0023434009999619,1536,0,8,0,0,0,0,0,0.0,0.0,0,
62,2026-10-09T15:23:07.653138+00:00,62.00147167199975,sda,1.0023434009999619,356335104,8665927680,7903,57141,0,59330560,0,124,0.0,59191849.76008263,980,
62,2026-10-09T15:23:07.653138+00:00,62.00147167199975,sda1,1.0023434009999619,319488,0,78,0,0,0,0,0,0.0,0.0,0,
62,2026-10-09T15:23:07.653138+00:00,62.00147167199975,sda2,1.0023434009999619,326784000,227360768,6593,36538,0,0,0,0,0.0,0.0,0,
62,2026-10-09T15:23:07.653138+00:00,62.00147167199975,sda3,1.0023434009999619,5571584,118784,155,25,0,0,0,0,0.0,0.0,0,
62,2026-10-09T15:23:07.653138+00:00,62.00147167199975,sda4,1.0023434009999619,4657152,0,116,0,0,0,0,0,0.0,0.0,0,
62,2026-10-09T15:23:07.653138+00:00,62.00147167199975,sda5,1.0023434009999619,16548864,8438448128,826,20578,0,59330560,0,124,0.0,59191849.76008263,980,
63,2026-10-09T15:23:08.650190+00:00,63.00124224399951,loop0,0.997051900999395,374784,0,51,0,0,0,0,0,0.0,0.0,0,
63,2026-10-09T15:23:08.650190+00:00,63.00124224399951,loop1,0.997051900999395,2107392,0,217,0,0,0,0,0,0.0,0.0,0,
63,2026-10-09T15:23:08.650190+00:00,63.00124224399951,loop2,0.997051900999395,1106944,0,51,0,0,0,0,0,0.0,0.0,0,
63,2026-10-09T15:23:08.650190+00:00,63.00124224399951,loop3,0.997051900999395,1141760,0,66,0,0,0,0,0,0.0,0.0,0,
63,2026-10-09T15:23:08.650190+00:00,63.00124224399951,loop4,0.997051900999395,354304,0,43,0,0,0,0,0,0.0,0.0,0,
63,2026-10-09T15:23:08.650190+00:00,63.00124224399951,loop5,0.997051900999395,18432,0,12,0,0,0,0,0,0.0,0.0,0,
63,2026-10-09T15:23:08.650190+00:00,63.00124224399951,loop6,0.997051900999395,0,0,0,0,0,0,0,0,0.0,0.0,0,
63,2026-10-09T15:23:08.650190+00:00,63.00124224399951,loop7,0.997051900999395,0,0,0,0,0,0,0,0,0.0,0.0,0,
63,2026-10-09T15:23:08.650190+00:00,63.00124224399951,sr0,0.997051900999395,1536,0,8,0,0,0,0,0,0.0,0.0,0,
63,2026-10-09T15:23:08.650190+00:00,63.00124224399951,sda,0.997051900999395,356335104,8718581760,7903,57253,0,52654080,0,112,0.0,52809768.42551745,844,
63,2026-10-09T15:23:08.650190+00:00,63.00124224399951,sda1,0.997051900999395,319488,0,78,0,0,0,0,0,0.0,0.0,0,
63,2026-10-09T15:23:08.650190+00:00,63.00124224399951,sda2,0.997051900999395,326784000,227360768,6593,36538,0,0,0,0,0.0,0.0,0,
63,2026-10-09T15:23:08.650190+00:00,63.00124224399951,sda3,0.997051900999395,5571584,118784,155,25,0,0,0,0,0.0,0.0,0,
63,2026-10-09T15:23:08.650190+00:00,63.00124224399951,sda4,0.997051900999395,4657152,0,116,0,0,0,0,0,0.0,0.0,0,
63,2026-10-09T15:23:08.650190+00:00,63.00124224399951,sda5,0.997051900999395,16548864,8491102208,826,20690,0,52654080,0,112,0.0,52809768.42551745,844,
64,2026-10-09T15:23:09.650347+00:00,64.00135903599949,loop0,1.0001572979999764,374784,0,51,0,0,0,0,0,0.0,0.0,0,
64,2026-10-09T15:23:09.650347+00:00,64.00135903599949,loop1,1.0001572979999764,2107392,0,217,0,0,0,0,0,0.0,0.0,0,
64,2026-10-09T15:23:09.650347+00:00,64.00135903599949,loop2,1.0001572979999764,1106944,0,51,0,0,0,0,0,0.0,0.0,0,
64,2026-10-09T15:23:09.650347+00:00,64.00135903599949,loop3,1.0001572979999764,1141760,0,66,0,0,0,0,0,0.0,0.0,0,
64,2026-10-09T15:23:09.650347+00:00,64.00135903599949,loop4,1.0001572979999764,354304,0,43,0,0,0,0,0,0.0,0.0,0,
64,2026-10-09T15:23:09.650347+00:00,64.00135903599949,loop5,1.0001572979999764,18432,0,12,0,0,0,0,0,0.0,0.0,0,
64,2026-10-09T15:23:09.650347+00:00,64.00135903599949,loop6,1.0001572979999764,0,0,0,0,0,0,0,0,0.0,0.0,0,
64,2026-10-09T15:23:09.650347+00:00,64.00135903599949,loop7,1.0001572979999764,0,0,0,0,0,0,0,0,0.0,0.0,0,
64,2026-10-09T15:23:09.650347+00:00,64.00135903599949,sr0,1.0001572979999764,1536,0,8,0,0,0,0,0,0.0,0.0,0,
64,2026-10-09T15:23:09.650347+00:00,64.00135903599949,sda,1.0001572979999764,356335104,8792276992,7903,57407,0,73695232,0,154,0.0,73683641.71052796,1016,
64,2026-10-09T15:23:09.650347+00:00,64.00135903599949,sda1,1.0001572979999764,319488,0,78,0,0,0,0,0,0.0,0.0,0,
64,2026-10-09T15:23:09.650347+00:00,64.00135903599949,sda2,1.0001572979999764,326784000,227360768,6593,36538,0,0,0,0,0.0,0.0,0,
64,2026-10-09T15:23:09.650347+00:00,64.00135903599949,sda3,1.0001572979999764,5571584,118784,155,25,0,0,0,0,0.0,0.0,0,
64,2026-10-09T15:23:09.650347+00:00,64.00135903599949,sda4,1.0001572979999764,4657152,0,116,0,0,0,0,0,0.0,0.0,0,
64,2026-10-09T15:23:09.650347+00:00,64.00135903599949,sda5,1.0001572979999764,16548864,8564797440,826,20844,0,73695232,0,154,0.0,73683641.71052796,1016,
65,2026-10-09T15:23:10.650707+00:00,65.00147899999956,loop0,1.0003599470001063,374784,0,51,0,0,0,0,0,0.0,0.0,0,
65,2026-10-09T15:23:10.650707+00:00,65.00147899999956,loop1,1.0003599470001063,2107392,0,217,0,0,0,0,0,0.0,0.0,0,
65,2026-10-09T15:23:10.650707+00:00,65.00147899999956,loop2,1.0003599470001063,1106944,0,51,0,0,0,0,0,0.0,0.0,0,
65,2026-10-09T15:23:10.650707+00:00,65.00147899999956,loop3,1.0003599470001063,1141760,0,66,0,0,0,0,0,0.0,0.0,0,
65,2026-10-09T15:23:10.650707+00:00,65.00147899999956,loop4,1.0003599470001063,354304,0,43,0,0,0,0,0,0.0,0.0,0,
65,2026-10-09T15:23:10.650707+00:00,65.00147899999956,loop5,1.0003599470001063,18432,0,12,0,0,0,0,0,0.0,0.0,0,
65,2026-10-09T15:23:10.650707+00:00,65.00147899999956,loop6,1.0003599470001063,0,0,0,0,0,0,0,0,0.0,0.0,0,
65,2026-10-09T15:23:10.650707+00:00,65.00147899999956,loop7,1.0003599470001063,0,0,0,0,0,0,0,0,0.0,0.0,0,
65,2026-10-09T15:23:10.650707+00:00,65.00147899999956,sr0,1.0003599470001063,1536,0,8,0,0,0,0,0,0.0,0.0,0,
65,2026-10-09T15:23:10.650707+00:00,65.00147899999956,sda,1.0003599470001063,356335104,8848756736,7903,57525,0,56479744,0,118,0.0,56459421.60056714,984,
65,2026-10-09T15:23:10.650707+00:00,65.00147899999956,sda1,1.0003599470001063,319488,0,78,0,0,0,0,0,0.0,0.0,0,
65,2026-10-09T15:23:10.650707+00:00,65.00147899999956,sda2,1.0003599470001063,326784000,227360768,6593,36538,0,0,0,0,0.0,0.0,0,
65,2026-10-09T15:23:10.650707+00:00,65.00147899999956,sda3,1.0003599470001063,5571584,118784,155,25,0,0,0,0,0.0,0.0,0,
65,2026-10-09T15:23:10.650707+00:00,65.00147899999956,sda4,1.0003599470001063,4657152,0,116,0,0,0,0,0,0.0,0.0,0,
65,2026-10-09T15:23:10.650707+00:00,65.00147899999956,sda5,1.0003599470001063,16548864,8621277184,826,20962,0,56479744,0,118,0.0,56459421.60056714,984,
66,2026-10-09T15:23:11.650389+00:00,66.00139974800004,loop0,0.9996812700001101,374784,0,51,0,0,0,0,0,0.0,0.0,0,
66,2026-10-09T15:23:11.650389+00:00,66.00139974800004,loop1,0.9996812700001101,2107392,0,217,0,0,0,0,0,0.0,0.0,0,
66,2026-10-09T15:23:11.650389+00:00,66.00139974800004,loop2,0.9996812700001101,1106944,0,51,0,0,0,0,0,0.0,0.0,0,
66,2026-10-09T15:23:11.650389+00:00,66.00139974800004,loop3,0.9996812700001101,1141760,0,66,0,0,0,0,0,0.0,0.0,0,
66,2026-10-09T15:23:11.650389+00:00,66.00139974800004,loop4,0.9996812700001101,354304,0,43,0,0,0,0,0,0.0,0.0,0,
66,2026-10-09T15:23:11.650389+00:00,66.00139974800004,loop5,0.9996812700001101,18432,0,12,0,0,0,0,0,0.0,0.0,0,
66,2026-10-09T15:23:11.650389+00:00,66.00139974800004,loop6,0.9996812700001101,0,0,0,0,0,0,0,0,0.0,0.0,0,
66,2026-10-09T15:23:11.650389+00:00,66.00139974800004,loop7,0.9996812700001101,0,0,0,0,0,0,0,0,0.0,0.0,0,
66,2026-10-09T15:23:11.650389+00:00,66.00139974800004,sr0,0.9996812700001101,1536,0,8,0,0,0,0,0,0.0,0.0,0,
66,2026-10-09T15:23:11.650389+00:00,66.00139974800004,sda,0.9996812700001101,356335104,8904654848,7903,57648,0,55898112,0,123,0.0,55915934.085664965,880,
66,2026-10-09T15:23:11.650389+00:00,66.00139974800004,sda1,0.9996812700001101,319488,0,78,0,0,0,0,0,0.0,0.0,0,
66,2026-10-09T15:23:11.650389+00:00,66.00139974800004,sda2,0.9996812700001101,326784000,227393536,6593,36540,0,32768,0,2,0.0,32778.44747455996,8,
66,2026-10-09T15:23:11.650389+00:00,66.00139974800004,sda3,0.9996812700001101,5571584,118784,155,25,0,0,0,0,0.0,0.0,0,
66,2026-10-09T15:23:11.650389+00:00,66.00139974800004,sda4,0.9996812700001101,4657152,0,116,0,0,0,0,0,0.0,0.0,0,
66,2026-10-09T15:23:11.650389+00:00,66.00139974800004,sda5,0.9996812700001101,16548864,8677142528,826,21083,0,55865344,0,121,0.0,55883155.63819041,872,
67,2026-10-09T15:23:12.650293+00:00,67.0012721359999,loop0,0.9999047020000944,374784,0,51,0,0,0,0,0,0.0,0.0,0,
67,2026-10-09T15:23:12.650293+00:00,67.0012721359999,loop1,0.9999047020000944,2107392,0,217,0,0,0,0,0,0.0,0.0,0,
67,2026-10-09T15:23:12.650293+00:00,67.0012721359999,loop2,0.9999047020000944,1106944,0,51,0,0,0,0,0,0.0,0.0,0,
67,2026-10-09T15:23:12.650293+00:00,67.0012721359999,loop3,0.9999047020000944,1141760,0,66,0,0,0,0,0,0.0,0.0,0,
67,2026-10-09T15:23:12.650293+00:00,67.0012721359999,loop4,0.9999047020000944,354304,0,43,0,0,0,0,0,0.0,0.0,0,
67,2026-10-09T15:23:12.650293+00:00,67.0012721359999,loop5,0.9999047020000944,18432,0,12,0,0,0,0,0,0.0,0.0,0,
67,2026-10-09T15:23:12.650293+00:00,67.0012721359999,loop6,0.9999047020000944,0,0,0,0,0,0,0,0,0.0,0.0,0,
67,2026-10-09T15:23:12.650293+00:00,67.0012721359999,loop7,0.9999047020000944,0,0,0,0,0,0,0,0,0.0,0.0,0,
67,2026-10-09T15:23:12.650293+00:00,67.0012721359999,sr0,0.9999047020000944,1536,0,8,0,0,0,0,0,0.0,0.0,0,
67,2026-10-09T15:23:12.650293+00:00,67.0012721359999,sda,0.9999047020000944,356335104,8966414336,7903,57777,0,61759488,0,129,0.0,61765374.11661673,1068,
67,2026-10-09T15:23:12.650293+00:00,67.0012721359999,sda1,0.9999047020000944,319488,0,78,0,0,0,0,0,0.0,0.0,0,
67,2026-10-09T15:23:12.650293+00:00,67.0012721359999,sda2,0.9999047020000944,326784000,227393536,6593,36540,0,0,0,0,0.0,0.0,0,
67,2026-10-09T15:23:12.650293+00:00,67.0012721359999,sda3,0.9999047020000944,5571584,118784,155,25,0,0,0,0,0.0,0.0,0,
67,2026-10-09T15:23:12.650293+00:00,67.0012721359999,sda4,0.9999047020000944,4657152,0,116,0,0,0,0,0,0.0,0.0,0,
67,2026-10-09T15:23:12.650293+00:00,67.0012721359999,sda5,0.9999047020000944,16548864,8738902016,826,21212,0,61759488,0,129,0.0,61765374.11661673,1068,
68,2026-10-09T15:23:13.650868+00:00,68.00162839299992,loop0,1.0005748359999416,374784,0,51,0,0,0,0,0,0.0,0.0,0,
68,2026-10-09T15:23:13.650868+00:00,68.00162839299992,loop1,1.0005748359999416,2107392,0,217,0,0,0,0,0,0.0,0.0,0,
68,2026-10-09T15:23:13.650868+00:00,68.00162839299992,loop2,1.0005748359999416,1106944,0,51,0,0,0,0,0,0.0,0.0,0,
68,2026-10-09T15:23:13.650868+00:00,68.00162839299992,loop3,1.0005748359999416,1141760,0,66,0,0,0,0,0,0.0,0.0,0,
68,2026-10-09T15:23:13.650868+00:00,68.00162839299992,loop4,1.0005748359999416,354304,0,43,0,0,0,0,0,0.0,0.0,0,
68,2026-10-09T15:23:13.650868+00:00,68.00162839299992,loop5,1.0005748359999416,18432,0,12,0,0,0,0,0,0.0,0.0,0,
68,2026-10-09T15:23:13.650868+00:00,68.00162839299992,loop6,1.0005748359999416,0,0,0,0,0,0,0,0,0.0,0.0,0,
68,2026-10-09T15:23:13.650868+00:00,68.00162839299992,loop7,1.0005748359999416,0,0,0,0,0,0,0,0,0.0,0.0,0,
68,2026-10-09T15:23:13.650868+00:00,68.00162839299992,sr0,1.0005748359999416,1536,0,8,0,0,0,0,0,0.0,0.0,0,
68,2026-10-09T15:23:13.650868+00:00,68.00162839299992,sda,1.0005748359999416,356335104,9020837888,7903,57898,0,54423552,0,121,0.0,54392285.35625813,960,
68,2026-10-09T15:23:13.650868+00:00,68.00162839299992,sda1,1.0005748359999416,319488,0,78,0,0,0,0,0,0.0,0.0,0,
68,2026-10-09T15:23:13.650868+00:00,68.00162839299992,sda2,1.0005748359999416,326784000,227414016,6593,36545,0,20480,0,5,0.0,20468.234122171343,4,
68,2026-10-09T15:23:13.650868+00:00,68.00162839299992,sda3,1.0005748359999416,5571584,118784,155,25,0,0,0,0,0.0,0.0,0,
68,2026-10-09T15:23:13.650868+00:00,68.00162839299992,sda4,1.0005748359999416,4657152,0,116,0,0,0,0,0,0.0,0.0,0,
68,2026-10-09T15:23:13.650868+00:00,68.00162839299992,sda5,1.0005748359999416,16548864,8793305088,826,21328,0,54403072,0,116,0.0,54371817.12213596,960,
69,2026-10-09T15:23:14.650034+00:00,69.00103835600021,loop0,0.9991660779996892,374784,0,51,0,0,0,0,0,0.0,0.0,0,
69,2026-10-09T15:23:14.650034+00:00,69.00103835600021,loop1,0.9991660779996892,2107392,0,217,0,0,0,0,0,0.0,0.0,0,
69,2026-10-09T15:23:14.650034+00:00,69.00103835600021,loop2,0.9991660779996892,1106944,0,51,0,0,0,0,0,0.0,0.0,0,
69,2026-10-09T15:23:14.650034+00:00,69.00103835600021,loop3,0.9991660779996892,1141760,0,66,0,0,0,0,0,0.0,0.0,0,
69,2026-10-09T15:23:14.650034+00:00,69.00103835600021,loop4,0.9991660779996892,354304,0,43,0,0,0,0,0,0.0,0.0,0,
69,2026-10-09T15:23:14.650034+00:00,69.00103835600021,loop5,0.9991660779996892,18432,0,12,0,0,0,0,0,0.0,0.0,0,
69,2026-10-09T15:23:14.650034+00:00,69.00103835600021,loop6,0.9991660779996892,0,0,0,0,0,0,0,0,0.0,0.0,0,
69,2026-10-09T15:23:14.650034+00:00,69.00103835600021,loop7,0.9991660779996892,0,0,0,0,0,0,0,0,0.0,0.0,0,
69,2026-10-09T15:23:14.650034+00:00,69.00103835600021,sr0,0.9991660779996892,1536,0,8,0,0,0,0,0,0.0,0.0,0,
69,2026-10-09T15:23:14.650034+00:00,69.00103835600021,sda,0.9991660779996892,356335104,9076658176,7903,58015,0,55820288,0,117,0.0,55866876.617499985,996,
69,2026-10-09T15:23:14.650034+00:00,69.00103835600021,sda1,0.9991660779996892,319488,0,78,0,0,0,0,0,0.0,0.0,0,
69,2026-10-09T15:23:14.650034+00:00,69.00103835600021,sda2,0.9991660779996892,326784000,227414016,6593,36545,0,0,0,0,0.0,0.0,0,
69,2026-10-09T15:23:14.650034+00:00,69.00103835600021,sda3,0.9991660779996892,5571584,118784,155,25,0,0,0,0,0.0,0.0,0,
69,2026-10-09T15:23:14.650034+00:00,69.00103835600021,sda4,0.9991660779996892,4657152,0,116,0,0,0,0,0,0.0,0.0,0,
69,2026-10-09T15:23:14.650034+00:00,69.00103835600021,sda5,0.9991660779996892,16548864,8849125376,826,21445,0,55820288,0,117,0.0,55866876.617499985,996,
70,2026-10-09T15:23:15.652249+00:00,70.00302110299981,loop0,1.0022149520000312,374784,0,51,0,0,0,0,0,0.0,0.0,0,
70,2026-10-09T15:23:15.652249+00:00,70.00302110299981,loop1,1.0022149520000312,2107392,0,217,0,0,0,0,0,0.0,0.0,0,
70,2026-10-09T15:23:15.652249+00:00,70.00302110299981,loop2,1.0022149520000312,1106944,0,51,0,0,0,0,0,0.0,0.0,0,
70,2026-10-09T15:23:15.652249+00:00,70.00302110299981,loop3,1.0022149520000312,1141760,0,66,0,0,0,0,0,0.0,0.0,0,
70,2026-10-09T15:23:15.652249+00:00,70.00302110299981,loop4,1.0022149520000312,354304,0,43,0,0,0,0,0,0.0,0.0,0,
70,2026-10-09T15:23:15.652249+00:00,70.00302110299981,loop5,1.0022149520000312,18432,0,12,0,0,0,0,0,0.0,0.0,0,
70,2026-10-09T15:23:15.652249+00:00,70.00302110299981,loop6,1.0022149520000312,0,0,0,0,0,0,0,0,0.0,0.0,0,
70,2026-10-09T15:23:15.652249+00:00,70.00302110299981,loop7,1.0022149520000312,0,0,0,0,0,0,0,0,0.0,0.0,0,
70,2026-10-09T15:23:15.652249+00:00,70.00302110299981,sr0,1.0022149520000312,1536,0,8,0,0,0,0,0,0.0,0.0,0,
70,2026-10-09T15:23:15.652249+00:00,70.00302110299981,sda,1.0022149520000312,356335104,9129992192,7903,58127,0,53334016,0,112,0.0,53216144.79365534,976,
70,2026-10-09T15:23:15.652249+00:00,70.00302110299981,sda1,1.0022149520000312,319488,0,78,0,0,0,0,0,0.0,0.0,0,
70,2026-10-09T15:23:15.652249+00:00,70.00302110299981,sda2,1.0022149520000312,326784000,227414016,6593,36545,0,0,0,0,0.0,0.0,0,
70,2026-10-09T15:23:15.652249+00:00,70.00302110299981,sda3,1.0022149520000312,5571584,118784,155,25,0,0,0,0,0.0,0.0,0,
70,2026-10-09T15:23:15.652249+00:00,70.00302110299981,sda4,1.0022149520000312,4657152,0,116,0,0,0,0,0,0.0,0.0,0,
70,2026-10-09T15:23:15.652249+00:00,70.00302110299981,sda5,1.0022149520000312,16548864,8902459392,826,21557,0,53334016,0,112,0.0,53216144.79365534,976,
71,2026-10-09T15:23:16.651381+00:00,71.00229528499949,loop0,0.9991322169998966,374784,0,51,0,0,0,0,0,0.0,0.0,0,
71,2026-10-09T15:23:16.651381+00:00,71.00229528499949,loop1,0.9991322169998966,2107392,0,217,0,0,0,0,0,0.0,0.0,0,
71,2026-10-09T15:23:16.651381+00:00,71.00229528499949,loop2,0.9991322169998966,1106944,0,51,0,0,0,0,0,0.0,0.0,0,
71,2026-10-09T15:23:16.651381+00:00,71.00229528499949,loop3,0.9991322169998966,1141760,0,66,0,0,0,0,0,0.0,0.0,0,
71,2026-10-09T15:23:16.651381+00:00,71.00229528499949,loop4,0.9991322169998966,354304,0,43,0,0,0,0,0,0.0,0.0,0,
71,2026-10-09T15:23:16.651381+00:00,71.00229528499949,loop5,0.9991322169998966,18432,0,12,0,0,0,0,0,0.0,0.0,0,
71,2026-10-09T15:23:16.651381+00:00,71.00229528499949,loop6,0.9991322169998966,0,0,0,0,0,0,0,0,0.0,0.0,0,
71,2026-10-09T15:23:16.651381+00:00,71.00229528499949,loop7,0.9991322169998966,0,0,0,0,0,0,0,0,0.0,0.0,0,
71,2026-10-09T15:23:16.651381+00:00,71.00229528499949,sr0,0.9991322169998966,1536,0,8,0,0,0,0,0,0.0,0.0,0,
71,2026-10-09T15:23:16.651381+00:00,71.00229528499949,sda,0.9991322169998966,356335104,9192484864,7903,58260,0,62492672,0,133,0.0,62546949.17920604,968,
71,2026-10-09T15:23:16.651381+00:00,71.00229528499949,sda1,0.9991322169998966,319488,0,78,0,0,0,0,0,0.0,0.0,0,
71,2026-10-09T15:23:16.651381+00:00,71.00229528499949,sda2,0.9991322169998966,326784000,227426304,6593,36547,0,12288,0,2,0.0,12298.672578987884,8,
71,2026-10-09T15:23:16.651381+00:00,71.00229528499949,sda3,0.9991322169998966,5571584,118784,155,25,0,0,0,0,0.0,0.0,0,
71,2026-10-09T15:23:16.651381+00:00,71.00229528499949,sda4,0.9991322169998966,4657152,0,116,0,0,0,0,0,0.0,0.0,0,
71,2026-10-09T15:23:16.651381+00:00,71.00229528499949,sda5,0.9991322169998966,16548864,8964939776,826,21688,0,62480384,0,131,0.0,62534650.50662705,964,
72,2026-10-09T15:23:17.649891+00:00,72.00090002399975,loop0,0.998509715000182,374784,0,51,0,0,0,0,0,0.0,0.0,0,
72,2026-10-09T15:23:17.649891+00:00,72.00090002399975,loop1,0.998509715000182,2107392,0,217,0,0,0,0,0,0.0,0.0,0,
72,2026-10-09T15:23:17.649891+00:00,72.00090002399975,loop2,0.998509715000182,1106944,0,51,0,0,0,0,0,0.0,0.0,0,
72,2026-10-09T15:23:17.649891+00:00,72.00090002399975,loop3,0.998509715000182,1141760,0,66,0,0,0,0,0,0.0,0.0,0,
72,2026-10-09T15:23:17.649891+00:00,72.00090002399975,loop4,0.998509715000182,354304,0,43,0,0,0,0,0,0.0,0.0,0,
72,2026-10-09T15:23:17.649891+00:00,72.00090002399975,loop5,0.998509715000182,18432,0,12,0,0,0,0,0,0.0,0.0,0,
72,2026-10-09T15:23:17.649891+00:00,72.00090002399975,loop6,0.998509715000182,0,0,0,0,0,0,0,0,0.0,0.0,0,
72,2026-10-09T15:23:17.649891+00:00,72.00090002399975,loop7,0.998509715000182,0,0,0,0,0,0,0,0,0.0,0.0,0,
72,2026-10-09T15:23:17.649891+00:00,72.00090002399975,sr0,0.998509715000182,1536,0,8,0,0,0,0,0,0.0,0.0,0,
72,2026-10-09T15:23:17.649891+00:00,72.00090002399975,sda,0.998509715000182,356335104,9253560320,7903,58390,0,61075456,0,130,0.0,61166611.68388218,920,
72,2026-10-09T15:23:17.649891+00:00,72.00090002399975,sda1,0.998509715000182,319488,0,78,0,0,0,0,0,0.0,0.0,0,
72,2026-10-09T15:23:17.649891+00:00,72.00090002399975,sda2,0.998509715000182,326784000,227426304,6593,36547,0,0,0,0,0.0,0.0,0,
72,2026-10-09T15:23:17.649891+00:00,72.00090002399975,sda3,0.998509715000182,5571584,118784,155,25,0,0,0,0,0.0,0.0,0,
72,2026-10-09T15:23:17.649891+00:00,72.00090002399975,sda4,0.998509715000182,4657152,0,116,0,0,0,0,0,0.0,0.0,0,
72,2026-10-09T15:23:17.649891+00:00,72.00090002399975,sda5,0.998509715000182,16548864,9026015232,826,21818,0,61075456,0,130,0.0,61166611.68388218,920,
73,2026-10-09T15:23:18.651197+00:00,73.00189913000031,loop0,1.0013059660004728,374784,0,51,0,0,0,0,0,0.0,0.0,0,
73,2026-10-09T15:23:18.651197+00:00,73.00189913000031,loop1,1.0013059660004728,2107392,0,217,0,0,0,0,0,0.0,0.0,0,
73,2026-10-09T15:23:18.651197+00:00,73.00189913000031,loop2,1.0013059660004728,1106944,0,51,0,0,0,0,0,0.0,0.0,0,
73,2026-10-09T15:23:18.651197+00:00,73.00189913000031,loop3,1.0013059660004728,1141760,0,66,0,0,0,0,0,0.0,0.0,0,
73,2026-10-09T15:23:18.651197+00:00,73.00189913000031,loop4,1.0013059660004728,354304,0,43,0,0,0,0,0,0.0,0.0,0,
73,2026-10-09T15:23:18.651197+00:00,73.00189913000031,loop5,1.0013059660004728,18432,0,12,0,0,0,0,0,0.0,0.0,0,
73,2026-10-09T15:23:18.651197+00:00,73.00189913000031,loop6,1.0013059660004728,0,0,0,0,0,0,0,0,0.0,0.0,0,
73,2026-10-09T15:23:18.651197+00:00,73.00189913000031,loop7,1.0013059660004728,0,0,0,0,0,0,0,0,0.0,0.0,0,
73,2026-10-09T15:23:18.651197+00:00,73.00189913000031,sr0,1.0013059660004728,1536,0,8,0,0,0,0,0,0.0,0.0,0,
73,2026-10-09T15:23:18.651197+00:00,73.00189913000031,sda,1.0013059660004728,356335104,9306910720,7903,58504,0,53350400,0,114,0.0,53280817.064436436,852,
73,2026-10-09T15:23:18.651197+00:00,73.00189913000031,sda1,1.0013059660004728,319488,0,78,0,0,0,0,0,0.0,0.0,0,
73,2026-10-09T15:23:18.651197+00:00,73.00189913000031,sda2,1.0013059660004728,326784000,227426304,6593,36547,0,0,0,0,0.0,0.0,0,
73,2026-10-09T15:23:18.651197+00:00,73.00189913000031,sda3,1.0013059660004728,5571584,118784,155,25,0,0,0,0,0.0,0.0,0,
73,2026-10-09T15:23:18.651197+00:00,73.00189913000031,sda4,1.0013059660004728,4657152,0,116,0,0,0,0,0,0.0,0.0,0,
73,2026-10-09T15:23:18.651197+00:00,73.00189913000031,sda5,1.0013059660004728,16548864,9079365632,826,21932,0,53350400,0,114,0.0,53280817.064436436,852,
74,2026-10-09T15:23:19.650130+00:00,74.00115131799976,loop0,0.998932837999746,374784,0,51,0,0,0,0,0,0.0,0.0,0,
74,2026-10-09T15:23:19.650130+00:00,74.00115131799976,loop1,0.998932837999746,2107392,0,217,0,0,0,0,0,0.0,0.0,0,
74,2026-10-09T15:23:19.650130+00:00,74.00115131799976,loop2,0.998932837999746,1106944,0,51,0,0,0,0,0,0.0,0.0,0,
74,2026-10-09T15:23:19.650130+00:00,74.00115131799976,loop3,0.998932837999746,1141760,0,66,0,0,0,0,0,0.0,0.0,0,
74,2026-10-09T15:23:19.650130+00:00,74.00115131799976,loop4,0.998932837999746,354304,0,43,0,0,0,0,0,0.0,0.0,0,
74,2026-10-09T15:23:19.650130+00:00,74.00115131799976,loop5,0.998932837999746,18432,0,12,0,0,0,0,0,0.0,0.0,0,
74,2026-10-09T15:23:19.650130+00:00,74.00115131799976,loop6,0.998932837999746,0,0,0,0,0,0,0,0,0.0,0.0,0,
74,2026-10-09T15:23:19.650130+00:00,74.00115131799976,loop7,0.998932837999746,0,0,0,0,0,0,0,0,0.0,0.0,0,
74,2026-10-09T15:23:19.650130+00:00,74.00115131799976,sr0,0.998932837999746,1536,0,8,0,0,0,0,0,0.0,0.0,0,
74,2026-10-09T15:23:19.650130+00:00,74.00115131799976,sda,0.998932837999746,356335104,9360998400,7903,58618,0,54087680,0,114,0.0,54145461.97951073,952,
74,2026-10-09T15:23:19.650130+00:00,74.00115131799976,sda1,0.998932837999746,319488,0,78,0,0,0,0,0,0.0,0.0,0,
74,2026-10-09T15:23:19.650130+00:00,74.00115131799976,sda2,0.998932837999746,326784000,227426304,6593,36547,0,0,0,0,0.0,0.0,0,
74,2026-10-09T15:23:19.650130+00:00,74.00115131799976,sda3,0.998932837999746,5571584,118784,155,25,0,0,0,0,0.0,0.0,0,
74,2026-10-09T15:23:19.650130+00:00,74.00115131799976,sda4,0.998932837999746,4657152,0,116,0,0,0,0,0,0.0,0.0,0,
74,2026-10-09T15:23:19.650130+00:00,74.00115131799976,sda5,0.998932837999746,16548864,9133453312,826,22046,0,54087680,0,114,0.0,54145461.97951073,952,
75,2026-10-09T15:23:20.650475+00:00,75.00112686299963,loop0,1.0003447130002314,374784,0,51,0,0,0,0,0,0.0,0.0,0,
75,2026-10-09T15:23:20.650475+00:00,75.00112686299963,loop1,1.0003447130002314,2107392,0,217,0,0,0,0,0,0.0,0.0,0,
75,2026-10-09T15:23:20.650475+00:00,75.00112686299963,loop2,1.0003447130002314,1106944,0,51,0,0,0,0,0,0.0,0.0,0,
75,2026-10-09T15:23:20.650475+00:00,75.00112686299963,loop3,1.0003447130002314,1141760,0,66,0,0,0,0,0,0.0,0.0,0,
75,2026-10-09T15:23:20.650475+00:00,75.00112686299963,loop4,1.0003447130002314,354304,0,43,0,0,0,0,0,0.0,0.0,0,
75,2026-10-09T15:23:20.650475+00:00,75.00112686299963,loop5,1.0003447130002314,18432,0,12,0,0,0,0,0,0.0,0.0,0,
75,2026-10-09T15:23:20.650475+00:00,75.00112686299963,loop6,1.0003447130002314,0,0,0,0,0,0,0,0,0.0,0.0,0,
75,2026-10-09T15:23:20.650475+00:00,75.00112686299963,loop7,1.0003447130002314,0,0,0,0,0,0,0,0,0.0,0.0,0,
75,2026-10-09T15:23:20.650475+00:00,75.00112686299963,sr0,1.0003447130002314,1536,0,8,0,0,0,0,0,0.0,0.0,0,
75,2026-10-09T15:23:20.650475+00:00,75.00112686299963,sda,1.0003447130002314,356335104,9413640192,7903,58728,0,52641792,0,110,0.0,52623651.94305558,864,
75,2026-10-09T15:23:20.650475+00:00,75.00112686299963,sda1,1.0003447130002314,319488,0,78,0,0,0,0,0,0.0,0.0,0,
75,2026-10-09T15:23:20.650475+00:00,75.00112686299963,sda2,1.0003447130002314,326784000,227426304,6593,36547,0,0,0,0,0.0,0.0,0,
75,2026-10-09T15:23:20.650475+00:00,75.00112686299963,sda3,1.0003447130002314,5571584,118784,155,25,0,0,0,0,0.0,0.0,0,
75,2026-10-09T15:23:20.650475+00:00,75.00112686299963,sda4,1.0003447130002314,4657152,0,116,0,0,0,0,0,0.0,0.0,0,
75,2026-10-09T15:23:20.650475+00:00,75.00112686299963,sda5,1.0003447130002314,16548864,9186095104,826,22156,0,52641792,0,110,0.0,52623651.94305558,864,
76,2026-10-09T15:23:21.649882+00:00,76.00087484899996,loop0,0.9994072729996333,374784,0,51,0,0,0,0,0,0.0,0.0,0,
76,2026-10-09T15:23:21.649882+00:00,76.00087484899996,loop1,0.9994072729996333,2107392,0,217,0,0,0,0,0,0.0,0.0,0,
76,2026-10-09T15:23:21.649882+00:00,76.00087484899996,loop2,0.9994072729996333,1106944,0,51,0,0,0,0,0,0.0,0.0,0,
76,2026-10-09T15:23:21.649882+00:00,76.00087484899996,loop3,0.9994072729996333,1141760,0,66,0,0,0,0,0,0.0,0.0,0,
76,2026-10-09T15:23:21.649882+00:00,76.00087484899996,loop4,0.9994072729996333,354304,0,43,0,0,0,0,0,0.0,0.0,0,
76,2026-10-09T15:23:21.649882+00:00,76.00087484899996,loop5,0.9994072729996333,18432,0,12,0,0,0,0,0,0.0,0.0,0,
76,2026-10-09T15:23:21.649882+00:00,76.00087484899996,loop6,0.9994072729996333,0,0,0,0,0,0,0,0,0.0,0.0,0,
76,2026-10-09T15:23:21.649882+00:00,76.00087484899996,loop7,0.9994072729996333,0,0,0,0,0,0,0,0,0.0,0.0,0,
76,2026-10-09T15:23:21.649882+00:00,76.00087484899996,sr0,0.9994072729996333,1536,0,8,0,0,0,0,0,0.0,0.0,0,
76,2026-10-09T15:23:21.649882+00:00,76.00087484899996,sda,0.9994072729996333,356335104,9482788864,7903,58875,0,69148672,0,147,0.0,69189682.59301968,1116,
76,2026-10-09T15:23:21.649882+00:00,76.00087484899996,sda1,0.9994072729996333,319488,0,78,0,0,0,0,0,0.0,0.0,0,
76,2026-10-09T15:23:21.649882+00:00,76.00087484899996,sda2,0.9994072729996333,326784000,227438592,6593,36549,0,12288,0,2,0.0,12295.287749026125,8,
76,2026-10-09T15:23:21.649882+00:00,76.00087484899996,sda3,0.9994072729996333,5571584,118784,155,25,0,0,0,0,0.0,0.0,0,
76,2026-10-09T15:23:21.649882+00:00,76.00087484899996,sda4,0.9994072729996333,4657152,0,116,0,0,0,0,0,0.0,0.0,0,
76,2026-10-09T15:23:21.649882+00:00,76.00087484899996,sda5,0.9994072729996333,16548864,9255231488,826,22301,0,69136384,0,145,0.0,69177387.30527066,1112,
77,2026-10-09T15:23:22.650394+00:00,77.00141456799975,loop0,1.0005120890000399,374784,0,51,0,0,0,0,0,0.0,0.0,0,
77,2026-10-09T15:23:22.650394+00:00,77.00141456799975,loop1,1.0005120890000399,2107392,0,217,0,0,0,0,0,0.0,0.0,0,
77,2026-10-09T15:23:22.650394+00:00,77.00141456799975,loop2,1.0005120890000399,1106944,0,51,0,0,0,0,0,0.0,0.0,0,
77,2026-10-09T15:23:22.650394+00:00,77.00141456799975,loop3,1.0005120890000399,1141760,0,66,0,0,0,0,0,0.0,0.0,0,
77,2026-10-09T15:23:22.650394+00:00,77.00141456799975,loop4,1.0005120890000399,354304,0,43,0,0,0,0,0,0.0,0.0,0,
77,2026-10-09T15:23:22.650394+00:00,77.00141456799975,loop5,1.0005120890000399,18432,0,12,0,0,0,0,0,0.0,0.0,0,
77,2026-10-09T15:23:22.650394+00:00,77.00141456799975,loop6,1.0005120890000399,0,0,0,0,0,0,0,0,0.0,0.0,0,
77,2026-10-09T15:23:22.650394+00:00,77.00141456799975,loop7,1.0005120890000399,0,0,0,0,0,0,0,0,0.0,0.0,0,
77,2026-10-09T15:23:22.650394+00:00,77.00141456799975,sr0,1.0005120890000399,1536,0,8,0,0,0,0,0,0.0,0.0,0,
77,2026-10-09T15:23:22.650394+00:00,77.00141456799975,sda,1.0005120890000399,356335104,9539989504,7903,58994,0,57200640,0,119,0.0,57171363.173801415,944,
77,2026-10-09T15:23:22.650394+00:00,77.00141456799975,sda1,1.0005120890000399,319488,0,78,0,0,0,0,0,0.0,0.0,0,
77,2026-10-09T15:23:22.650394+00:00,77.00141456799975,sda2,1.0005120890000399,326784000,227438592,6593,36549,0,0,0,0,0.0,0.0,0,
77,2026-10-09T15:23:22.650394+00:00,77.00141456799975,sda3,1.0005120890000399,5571584,118784,155,25,0,0,0,0,0.0,0.0,0,
77,2026-10-09T15:23:22.650394+00:00,77.00141456799975,sda4,1.0005120890000399,4657152,0,116,0,0,0,0,0,0.0,0.0,0,
77,2026-10-09T15:23:22.650394+00:00,77.00141456799975,sda5,1.0005120890000399,16548864,9312432128,826,22420,0,57200640,0,119,0.0,57171363.173801415,944,
78,2026-10-09T15:23:23.650139+00:00,78.00114614700033,loop0,0.9997447480000119,374784,0,51,0,0,0,0,0,0.0,0.0,0,
78,2026-10-09T15:23:23.650139+00:00,78.00114614700033,loop1,0.9997447480000119,2107392,0,217,0,0,0,0,0,0.0,0.0,0,
78,2026-10-09T15:23:23.650139+00:00,78.00114614700033,loop2,0.9997447480000119,1106944,0,51,0,0,0,0,0,0.0,0.0,0,
78,2026-10-09T15:23:23.650139+00:00,78.00114614700033,loop3,0.9997447480000119,1141760,0,66,0,0,0,0,0,0.0,0.0,0,
78,2026-10-09T15:23:23.650139+00:00,78.00114614700033,loop4,0.9997447480000119,354304,0,43,0,0,0,0,0,0.0,0.0,0,
78,2026-10-09T15:23:23.650139+00:00,78.00114614700033,loop5,0.9997447480000119,18432,0,12,0,0,0,0,0,0.0,0.0,0,
78,2026-10-09T15:23:23.650139+00:00,78.00114614700033,loop6,0.9997447480000119,0,0,0,0,0,0,0,0,0.0,0.0,0,
78,2026-10-09T15:23:23.650139+00:00,78.00114614700033,loop7,0.9997447480000119,0,0,0,0,0,0,0,0,0.0,0.0,0,
78,2026-10-09T15:23:23.650139+00:00,78.00114614700033,sr0,0.9997447480000119,1536,0,8,0,0,0,0,0,0.0,0.0,0,
78,2026-10-09T15:23:23.650139+00:00,78.00114614700033,sda,0.9997447480000119,356335104,9592696832,7903,59110,0,52707328,0,116,0.0,52720785.0858341,836,
78,2026-10-09T15:23:23.650139+00:00,78.00114614700033,sda1,0.9997447480000119,319488,0,78,0,0,0,0,0,0.0,0.0,0,
78,2026-10-09T15:23:23.650139+00:00,78.00114614700033,sda2,0.9997447480000119,326784000,227438592,6593,36549,0,0,0,0,0.0,0.0,0,
78,2026-10-09T15:23:23.650139+00:00,78.00114614700033,sda3,0.9997447480000119,5571584,118784,155,25,0,0,0,0,0.0,0.0,0,
78,2026-10-09T15:23:23.650139+00:00,78.00114614700033,sda4,0.9997447480000119,4657152,0,116,0,0,0,0,0,0.0,0.0,0,
78,2026-10-09T15:23:23.650139+00:00,78.00114614700033,sda5,0.9997447480000119,16548864,9365139456,826,22536,0,52707328,0,116,0.0,52720785.0858341,836,
79,2026-10-09T15:23:24.655413+00:00,79.00120147599955,loop0,1.0052742819998457,374784,0,51,0,0,0,0,0,0.0,0.0,0,
79,2026-10-09T15:23:24.655413+00:00,79.00120147599955,loop1,1.0052742819998457,2107392,0,217,0,0,0,0,0,0.0,0.0,0,
79,2026-10-09T15:23:24.655413+00:00,79.00120147599955,loop2,1.0052742819998457,1106944,0,51,0,0,0,0,0,0.0,0.0,0,
79,2026-10-09T15:23:24.655413+00:00,79.00120147599955,loop3,1.0052742819998457,1141760,0,66,0,0,0,0,0,0.0,0.0,0,
79,2026-10-09T15:23:24.655413+00:00,79.00120147599955,loop4,1.0052742819998457,354304,0,43,0,0,0,0,0,0.0,0.0,0,
79,2026-10-09T15:23:24.655413+00:00,79.00120147599955,loop5,1.0052742819998457,18432,0,12,0,0,0,0,0,0.0,0.0,0,
79,2026-10-09T15:23:24.655413+00:00,79.00120147599955,loop6,1.0052742819998457,0,0,0,0,0,0,0,0,0.0,0.0,0,
79,2026-10-09T15:23:24.655413+00:00,79.00120147599955,loop7,1.0052742819998457,0,0,0,0,0,0,0,0,0.0,0.0,0,
79,2026-10-09T15:23:24.655413+00:00,79.00120147599955,sr0,1.0052742819998457,1536,0,8,0,0,0,0,0,0.0,0.0,0,
79,2026-10-09T15:23:24.655413+00:00,79.00120147599955,sda,1.0052742819998457,356335104,9645342720,7903,59221,0,52645888,0,111,0.0,52369675.56284115,1032,
79,2026-10-09T15:23:24.655413+00:00,79.00120147599955,sda1,1.0052742819998457,319488,0,78,0,0,0,0,0,0.0,0.0,0,
79,2026-10-09T15:23:24.655413+00:00,79.00120147599955,sda2,1.0052742819998457,326784000,227438592,6593,36549,0,0,0,0,0.0,0.0,0,
79,2026-10-09T15:23:24.655413+00:00,79.00120147599955,sda3,1.0052742819998457,5571584,118784,155,25,0,0,0,0,0.0,0.0,0,
79,2026-10-09T15:23:24.655413+00:00,79.00120147599955,sda4,1.0052742819998457,4657152,0,116,0,0,0,0,0,0.0,0.0,0,
79,2026-10-09T15:23:24.655413+00:00,79.00120147599955,sda5,1.0052742819998457,16548864,9417785344,826,22647,0,52645888,0,111,0.0,52369675.56284115,1032,
80,2026-10-09T15:23:25.651745+00:00,80.0023428049999,loop0,0.996331747000113,374784,0,51,0,0,0,0,0,0.0,0.0,0,
80,2026-10-09T15:23:25.651745+00:00,80.0023428049999,loop1,0.996331747000113,2107392,0,217,0,0,0,0,0,0.0,0.0,0,
80,2026-10-09T15:23:25.651745+00:00,80.0023428049999,loop2,0.996331747000113,1106944,0,51,0,0,0,0,0,0.0,0.0,0,
80,2026-10-09T15:23:25.651745+00:00,80.0023428049999,loop3,0.996331747000113,1141760,0,66,0,0,0,0,0,0.0,0.0,0,
80,2026-10-09T15:23:25.651745+00:00,80.0023428049999,loop4,0.996331747000113,354304,0,43,0,0,0,0,0,0.0,0.0,0,
80,2026-10-09T15:23:25.651745+00:00,80.0023428049999,loop5,0.996331747000113,18432,0,12,0,0,0,0,0,0.0,0.0,0,
80,2026-10-09T15:23:25.651745+00:00,80.0023428049999,loop6,0.996331747000113,0,0,0,0,0,0,0,0,0.0,0.0,0,
80,2026-10-09T15:23:25.651745+00:00,80.0023428049999,loop7,0.996331747000113,0,0,0,0,0,0,0,0,0.0,0.0,0,
80,2026-10-09T15:23:25.651745+00:00,80.0023428049999,sr0,0.996331747000113,1536,0,8,0,0,0,0,0,0.0,0.0,0,
80,2026-10-09T15:23:25.651745+00:00,80.0023428049999,sda,0.996331747000113,356335104,9698672640,7903,59332,0,53329920,0,111,0.0,53526267.89277041,964,
80,2026-10-09T15:23:25.651745+00:00,80.0023428049999,sda1,0.996331747000113,319488,0,78,0,0,0,0,0,0.0,0.0,0,
80,2026-10-09T15:23:25.651745+00:00,80.0023428049999,sda2,0.996331747000113,326784000,227438592,6593,36549,0,0,0,0,0.0,0.0,0,
80,2026-10-09T15:23:25.651745+00:00,80.0023428049999,sda3,0.996331747000113,5571584,118784,155,25,0,0,0,0,0.0,0.0,0,
80,2026-10-09T15:23:25.651745+00:00,80.0023428049999,sda4,0.996331747000113,4657152,0,116,0,0,0,0,0,0.0,0.0,0,
80,2026-10-09T15:23:25.651745+00:00,80.0023428049999,sda5,0.996331747000113,16548864,9471115264,826,22758,0,53329920,0,111,0.0,53526267.89277041,964,
81,2026-10-09T15:23:26.650315+00:00,81.00130929900024,loop0,0.9985699270000623,374784,0,51,0,0,0,0,0,0.0,0.0,0,
81,2026-10-09T15:23:26.650315+00:00,81.00130929900024,loop1,0.9985699270000623,2107392,0,217,0,0,0,0,0,0.0,0.0,0,
81,2026-10-09T15:23:26.650315+00:00,81.00130929900024,loop2,0.9985699270000623,1106944,0,51,0,0,0,0,0,0.0,0.0,0,
81,2026-10-09T15:23:26.650315+00:00,81.00130929900024,loop3,0.9985699270000623,1141760,0,66,0,0,0,0,0,0.0,0.0,0,
81,2026-10-09T15:23:26.650315+00:00,81.00130929900024,loop4,0.9985699270000623,354304,0,43,0,0,0,0,0,0.0,0.0,0,
81,2026-10-09T15:23:26.650315+00:00,81.00130929900024,loop5,0.9985699270000623,18432,0,12,0,0,0,0,0,0.0,0.0,0,
81,2026-10-09T15:23:26.650315+00:00,81.00130929900024,loop6,0.9985699270000623,0,0,0,0,0,0,0,0,0.0,0.0,0,
81,2026-10-09T15:23:26.650315+00:00,81.00130929900024,loop7,0.9985699270000623,0,0,0,0,0,0,0,0,0.0,0.0,0,
81,2026-10-09T15:23:26.650315+00:00,81.00130929900024,sr0,0.9985699270000623,1536,0,8,0,0,0,0,0,0.0,0.0,0,
81,2026-10-09T15:23:26.650315+00:00,81.00130929900024,sda,0.9985699270000623,356335104,9757290496,7903,59456,0,58617856,0,124,0.0,58701803.864754625,920,
81,2026-10-09T15:23:26.650315+00:00,81.00130929900024,sda1,0.9985699270000623,319488,0,78,0,0,0,0,0,0.0,0.0,0,
81,2026-10-09T15:23:26.650315+00:00,81.00130929900024,sda2,0.9985699270000623,326784000,227450880,6593,36551,0,12288,0,2,0.0,12305.597903309614,8,
81,2026-10-09T15:23:26.650315+00:00,81.00130929900024,sda3,0.9985699270000623,5571584,118784,155,25,0,0,0,0,0.0,0.0,0,
81,2026-10-09T15:23:26.650315+00:00,81.00130929900024,sda4,0.9985699270000623,4657152,0,116,0,0,0,0,0,0.0,0.0,0,
81,2026-10-09T15:23:26.650315+00:00,81.00130929900024,sda5,0.9985699270000623,16548864,9529720832,826,22880,0,58605568,0,122,0.0,58689498.26685131,916,
82,2026-10-09T15:23:27.651365+00:00,82.00183000800007,loop0,1.001050875999681,374784,0,51,0,0,0,0,0,0.0,0.0,0,
82,2026-10-09T15:23:27.651365+00:00,82.00183000800007,loop1,1.001050875999681,2107392,0,217,0,0,0,0,0,0.0,0.0,0,
82,2026-10-09T15:23:27.651365+00:00,82.00183000800007,loop2,1.001050875999681,1106944,0,51,0,0,0,0,0,0.0,0.0,0,
82,2026-10-09T15:23:27.651365+00:00,82.00183000800007,loop3,1.001050875999681,1141760,0,66,0,0,0,0,0,0.0,0.0,0,
82,2026-10-09T15:23:27.651365+00:00,82.00183000800007,loop4,1.001050875999681,354304,0,43,0,0,0,0,0,0.0,0.0,0,
82,2026-10-09T15:23:27.651365+00:00,82.00183000800007,loop5,1.001050875999681,18432,0,12,0,0,0,0,0,0.0,0.0,0,
82,2026-10-09T15:23:27.651365+00:00,82.00183000800007,loop6,1.001050875999681,0,0,0,0,0,0,0,0,0.0,0.0,0,
82,2026-10-09T15:23:27.651365+00:00,82.00183000800007,loop7,1.001050875999681,0,0,0,0,0,0,0,0,0.0,0.0,0,
82,2026-10-09T15:23:27.651365+00:00,82.00183000800007,sr0,1.001050875999681,1536,0,8,0,0,0,0,0,0.0,0.0,0,
82,2026-10-09T15:23:27.651365+00:00,82.00183000800007,sda,1.001050875999681,356335104,9814495232,7903,59576,0,57204736,0,120,0.0,57144684.02305082,1024,
82,2026-10-09T15:23:27.651365+00:00,82.00183000800007,sda1,1.001050875999681,319488,0,78,0,0,0,0,0,0.0,0.0,0,
82,2026-10-09T15:23:27.651365+00:00,82.00183000800007,sda2,1.001050875999681,326784000,227450880,6593,36551,0,0,0,0,0.0,0.0,0,
82,2026-10-09T15:23:27.651365+00:00,82.00183000800007,sda3,1.001050875999681,5571584,118784,155,25,0,0,0,0,0.0,0.0,0,
82,2026-10-09T15:23:27.651365+00:00,82.00183000800007,sda4,1.001050875999681,4657152,0,116,0,0,0,0,0,0.0,0.0,0,
82,2026-10-09T15:23:27.651365+00:00,82.00183000800007,sda5,1.001050875999681,16548864,9586925568,826,23000,0,57204736,0,120,0.0,57144684.02305082,1024,
83,2026-10-09T15:23:28.650853+00:00,83.00140712499979,loop0,0.9994874760004677,374784,0,51,0,0,0,0,0,0.0,0.0,0,
83,2026-10-09T15:23:28.650853+00:00,83.00140712499979,loop1,0.9994874760004677,2107392,0,217,0,0,0,0,0,0.0,0.0,0,
83,2026-10-09T15:23:28.650853+00:00,83.00140712499979,loop2,0.9994874760004677,1106944,0,51,0,0,0,0,0,0.0,0.0,0,
83,2026-10-09T15:23:28.650853+00:00,83.00140712499979,loop3,0.9994874760004677,1141760,0,66,0,0,0,0,0,0.0,0.0,0,
83,2026-10-09T15:23:28.650853+00:00,83.00140712499979,loop4,0.9994874760004677,354304,0,43,0,0,0,0,0,0.0,0.0,0,
83,2026-10-09T15:23:28.650853+00:00,83.00140712499979,loop5,0.9994874760004677,18432,0,12,0,0,0,0,0,0.0,0.0,0,
83,2026-10-09T15:23:28.650853+00:00,83.00140712499979,loop6,0.9994874760004677,0,0,0,0,0,0,0,0,0.0,0.0,0,
83,2026-10-09T15:23:28.650853+00:00,83.00140712499979,loop7,0.9994874760004677,0,0,0,0,0,0,0,0,0.0,0.0,0,
83,2026-10-09T15:23:28.650853+00:00,83.00140712499979,sr0,0.9994874760004677,1536,0,8,0,0,0,0,0,0.0,0.0,0,
83,2026-10-09T15:23:28.650853+00:00,83.00140712499979,sda,0.9994874760004677,356335104,9866444800,7903,59684,0,51949568,0,108,0.0,51976207.053519584,856,
83,2026-10-09T15:23:28.650853+00:00,83.00140712499979,sda1,0.9994874760004677,319488,0,78,0,0,0,0,0,0.0,0.0,0,
83,2026-10-09T15:23:28.650853+00:00,83.00140712499979,sda2,0.9994874760004677,326784000,227450880,6593,36551,0,0,0,0,0.0,0.0,0,
83,2026-10-09T15:23:28.650853+00:00,83.00140712499979,sda3,0.9994874760004677,5571584,118784,155,25,0,0,0,0,0.0,0.0,0,
83,2026-10-09T15:23:28.650853+00:00,83.00140712499979,sda4,0.9994874760004677,4657152,0,116,0,0,0,0,0,0.0,0.0,0,
83,2026-10-09T15:23:28.650853+00:00,83.00140712499979,sda5,0.9994874760004677,16548864,9638875136,826,23108,0,51949568,0,108,0.0,51976207.053519584,856,
84,2026-10-09T15:23:29.650283+00:00,84.00129903800007,loop0,0.9994297779994668,374784,0,51,0,0,0,0,0,0.0,0.0,0,
84,2026-10-09T15:23:29.650283+00:00,84.00129903800007,loop1,0.9994297779994668,2107392,0,217,0,0,0,0,0,0.0,0.0,0,
84,2026-10-09T15:23:29.650283+00:00,84.00129903800007,loop2,0.9994297779994668,1106944,0,51,0,0,0,0,0,0.0,0.0,0,
84,2026-10-09T15:23:29.650283+00:00,84.00129903800007,loop3,0.9994297779994668,1141760,0,66,0,0,0,0,0,0.0,0.0,0,
84,2026-10-09T15:23:29.650283+00:00,84.00129903800007,loop4,0.9994297779994668,354304,0,43,0,0,0,0,0,0.0,0.0,0,
84,2026-10-09T15:23:29.650283+00:00,84.00129903800007,loop5,0.9994297779994668,18432,0,12,0,0,0,0,0,0.0,0.0,0,
84,2026-10-09T15:23:29.650283+00:00,84.00129903800007,loop6,0.9994297779994668,0,0,0,0,0,0,0,0,0.0,0.0,0,
84,2026-10-09T15:23:29.650283+00:00,84.00129903800007,loop7,0.9994297779994668,0,0,0,0,0,0,0,0,0.0,0.0,0,
84,2026-10-09T15:23:29.650283+00:00,84.00129903800007,sr0,0.9994297779994668,1536,0,8,0,0,0,0,0,0.0,0.0,0,
84,2026-10-09T15:23:29.650283+00:00,84.00129903800007,sda,0.9994297779994668,356335104,9919160320,7903,59799,0,52715520,0,115,0.0,52745596.699669406,884,
84,2026-10-09T15:23:29.650283+00:00,84.00129903800007,sda1,0.9994297779994668,319488,0,78,0,0,0,0,0,0.0,0.0,0,
84,2026-10-09T15:23:29.650283+00:00,84.00129903800007,sda2,0.9994297779994668,326784000,227450880,6593,36551,0,0,0,0,0.0,0.0,0,
84,2026-10-09T15:23:29.650283+00:00,84.00129903800007,sda3,0.9994297779994668,5571584,118784,155,25,0,0,0,0,0.0,0.0,0,
84,2026-10-09T15:23:29.650283+00:00,84.00129903800007,sda4,0.9994297779994668,4657152,0,116,0,0,0,0,0,0.0,0.0,0,
84,2026-10-09T15:23:29.650283+00:00,84.00129903800007,sda5,0.9994297779994668,16548864,9691590656,826,23223,0,52715520,0,115,0.0,52745596.699669406,884,
85,2026-10-09T15:23:30.650647+00:00,85.00131194699952,loop0,1.0003646790000857,374784,0,51,0,0,0,0,0,0.0,0.0,0,
85,2026-10-09T15:23:30.650647+00:00,85.00131194699952,loop1,1.0003646790000857,2107392,0,217,0,0,0,0,0,0.0,0.0,0,
85,2026-10-09T15:23:30.650647+00:00,85.00131194699952,loop2,1.0003646790000857,1106944,0,51,0,0,0,0,0,0.0,0.0,0,
85,2026-10-09T15:23:30.650647+00:00,85.00131194699952,loop3,1.0003646790000857,1141760,0,66,0,0,0,0,0,0.0,0.0,0,
85,2026-10-09T15:23:30.650647+00:00,85.00131194699952,loop4,1.0003646790000857,354304,0,43,0,0,0,0,0,0.0,0.0,0,
85,2026-10-09T15:23:30.650647+00:00,85.00131194699952,loop5,1.0003646790000857,18432,0,12,0,0,0,0,0,0.0,0.0,0,
85,2026-10-09T15:23:30.650647+00:00,85.00131194699952,loop6,1.0003646790000857,0,0,0,0,0,0,0,0,0.0,0.0,0,
85,2026-10-09T15:23:30.650647+00:00,85.00131194699952,loop7,1.0003646790000857,0,0,0,0,0,0,0,0,0.0,0.0,0,
85,2026-10-09T15:23:30.650647+00:00,85.00131194699952,sr0,1.0003646790000857,1536,0,8,0,0,0,0,0,0.0,0.0,0,
85,2026-10-09T15:23:30.650647+00:00,85.00131194699952,sda,1.0003646790000857,356335104,9978458112,7903,59923,0,59297792,0,124,0.0,59276175.22369052,1000,
85,2026-10-09T15:23:30.650647+00:00,85.00131194699952,sda1,1.0003646790000857,319488,0,78,0,0,0,0,0,0.0,0.0,0,
85,2026-10-09T15:23:30.650647+00:00,85.00131194699952,sda2,1.0003646790000857,326784000,227450880,6593,36551,0,0,0,0,0.0,0.0,0,
85,2026-10-09T15:23:30.650647+00:00,85.00131194699952,sda3,1.0003646790000857,5571584,118784,155,25,0,0,0,0,0.0,0.0,0,
85,2026-10-09T15:23:30.650647+00:00,85.00131194699952,sda4,1.0003646790000857,4657152,0,116,0,0,0,0,0,0.0,0.0,0,
85,2026-10-09T15:23:30.650647+00:00,85.00131194699952,sda5,1.0003646790000857,16548864,9750888448,826,23347,0,59297792,0,124,0.0,59276175.22369052,1000,
86,2026-10-09T15:23:31.655495+00:00,86.00168195799961,loop0,1.0048478710004929,374784,0,51,0,0,0,0,0,0.0,0.0,0,
86,2026-10-09T15:23:31.655495+00:00,86.00168195799961,loop1,1.0048478710004929,2107392,0,217,0,0,0,0,0,0.0,0.0,0,
86,2026-10-09T15:23:31.655495+00:00,86.00168195799961,loop2,1.0048478710004929,1106944,0,51,0,0,0,0,0,0.0,0.0,0,
86,2026-10-09T15:23:31.655495+00:00,86.00168195799961,loop3,1.0048478710004929,1141760,0,66,0,0,0,0,0,0.0,0.0,0,
86,2026-10-09T15:23:31.655495+00:00,86.00168195799961,loop4,1.0048478710004929,354304,0,43,0,0,0,0,0,0.0,0.0,0,
86,2026-10-09T15:23:31.655495+00:00,86.00168195799961,loop5,1.0048478710004929,18432,0,12,0,0,0,0,0,0.0,0.0,0,
86,2026-10-09T15:23:31.655495+00:00,86.00168195799961,loop6,1.0048478710004929,0,0,0,0,0,0,0,0,0.0,0.0,0,
86,2026-10-09T15:23:31.655495+00:00,86.00168195799961,loop7,1.0048478710004929,0,0,0,0,0,0,0,0,0.0,0.0,0,
86,2026-10-09T15:23:31.655495+00:00,86.00168195799961,sr0,1.0048478710004929,1536,0,8,0,0,0,0,0,0.0,0.0,0,
86,2026-10-09T15:23:31.655495+00:00,86.00168195799961,sda,1.0048478710004929,356335104,10034987008,7903,60044,0,56528896,0,121,0.0,56256173.328720994,1024,
86,2026-10-09T15:23:31.655495+00:00,86.00168195799961,sda1,1.0048478710004929,319488,0,78,0,0,0,0,0,0.0,0.0,0,
86,2026-10-09T15:23:31.655495+00:00,86.00168195799961,sda2,1.0048478710004929,326784000,227463168,6593,36553,0,12288,0,2,0.0,12228.716758652487,8,
86,2026-10-09T15:23:31.655495+00:00,86.00168195799961,sda3,1.0048478710004929,5571584,118784,155,25,0,0,0,0,0.0,0.0,0,
86,2026-10-09T15:23:31.655495+00:00,86.00168195799961,sda4,1.0048478710004929,4657152,0,116,0,0,0,0,0,0.0,0.0,0,
86,2026-10-09T15:23:31.655495+00:00,86.00168195799961,sda5,1.0048478710004929,16548864,9807405056,826,23466,0,56516608,0,119,0.0,56243944.61196234,1016,
87,2026-10-09T15:23:32.650105+00:00,87.00105659499968,loop0,0.9946093669996117,374784,0,51,0,0,0,0,0,0.0,0.0,0,
87,2026-10-09T15:23:32.650105+00:00,87.00105659499968,loop1,0.9946093669996117,2107392,0,217,0,0,0,0,0,0.0,0.0,0,
87,2026-10-09T15:23:32.650105+00:00,87.00105659499968,loop2,0.9946093669996117,1106944,0,51,0,0,0,0,0,0.0,0.0,0,
87,2026-10-09T15:23:32.650105+00:00,87.00105659499968,loop3,0.9946093669996117,1141760,0,66,0,0,0,0,0,0.0,0.0,0,
87,2026-10-09T15:23:32.650105+00:00,87.00105659499968,loop4,0.9946093669996117,354304,0,43,0,0,0,0,0,0.0,0.0,0,
87,2026-10-09T15:23:32.650105+00:00,87.00105659499968,loop5,0.9946093669996117,18432,0,12,0,0,0,0,0,0.0,0.0,0,
87,2026-10-09T15:23:32.650105+00:00,87.00105659499968,loop6,0.9946093669996117,0,0,0,0,0,0,0,0,0.0,0.0,0,
87,2026-10-09T15:23:32.650105+00:00,87.00105659499968,loop7,0.9946093669996117,0,0,0,0,0,0,0,0,0.0,0.0,0,
87,2026-10-09T15:23:32.650105+00:00,87.00105659499968,sr0,0.9946093669996117,1536,0,8,0,0,0,0,0,0.0,0.0,0,
87,2026-10-09T15:23:32.650105+00:00,87.00105659499968,sda,0.9946093669996117,356335104,10098151424,7903,60175,0,63164416,0,131,0.0,63506757.62339232,968,
87,2026-10-09T15:23:32.650105+00:00,87.00105659499968,sda1,0.9946093669996117,319488,0,78,0,0,0,0,0,0.0,0.0,0,
87,2026-10-09T15:23:32.650105+00:00,87.00105659499968,sda2,0.9946093669996117,326784000,227463168,6593,36553,0,0,0,0,0.0,0.0,0,
87,2026-10-09T15:23:32.650105+00:00,87.00105659499968,sda3,0.9946093669996117,5571584,118784,155,25,0,0,0,0,0.0,0.0,0,
87,2026-10-09T15:23:32.650105+00:00,87.00105659499968,sda4,0.9946093669996117,4657152,0,116,0,0,0,0,0,0.0,0.0,0,
87,2026-10-09T15:23:32.650105+00:00,87.00105659499968,sda5,0.9946093669996117,16548864,9870569472,826,23597,0,63164416,0,131,0.0,63506757.62339232,968,
88,2026-10-09T15:23:33.650261+00:00,88.00120915400021,loop0,1.0001557940004204,374784,0,51,0,0,0,0,0,0.0,0.0,0,
88,2026-10-09T15:23:33.650261+00:00,88.00120915400021,loop1,1.0001557940004204,2107392,0,217,0,0,0,0,0,0.0,0.0,0,
88,2026-10-09T15:23:33.650261+00:00,88.00120915400021,loop2,1.0001557940004204,1106944,0,51,0,0,0,0,0,0.0,0.0,0,
88,2026-10-09T15:23:33.650261+00:00,88.00120915400021,loop3,1.0001557940004204,1141760,0,66,0,0,0,0,0,0.0,0.0,0,
88,2026-10-09T15:23:33.650261+00:00,88.00120915400021,loop4,1.0001557940004204,354304,0,43,0,0,0,0,0,0.0,0.0,0,
88,2026-10-09T15:23:33.650261+00:00,88.00120915400021,loop5,1.0001557940004204,18432,0,12,0,0,0,0,0,0.0,0.0,0,
88,2026-10-09T15:23:33.650261+00:00,88.00120915400021,loop6,1.0001557940004204,0,0,0,0,0,0,0,0,0.0,0.0,0,
88,2026-10-09T15:23:33.650261+00:00,88.00120915400021,loop7,1.0001557940004204,0,0,0,0,0,0,0,0,0.0,0.0,0,
88,2026-10-09T15:23:33.650261+00:00,88.00120915400021,sr0,1.0001557940004204,1536,0,8,0,0,0,0,0,0.0,0.0,0,
88,2026-10-09T15:23:33.650261+00:00,88.00120915400021,sda,1.0001557940004204,356335104,10150793216,7903,60285,0,52641792,0,110,0.0,52633592.00214549,948,
88,2026-10-09T15:23:33.650261+00:00,88.00120915400021,sda1,1.0001557940004204,319488,0,78,0,0,0,0,0,0.0,0.0,0,
88,2026-10-09T15:23:33.650261+00:00,88.00120915400021,sda2,1.0001557940004204,326784000,227463168,6593,36553,0,0,0,0,0.0,0.0,0,
88,2026-10-09T15:23:33.650261+00:00,88.00120915400021,sda3,1.0001557940004204,5571584,118784,155,25,0,0,0,0,0.0,0.0,0,
88,2026-10-09T15:23:33.650261+00:00,88.00120915400021,sda4,1.0001557940004204,4657152,0,116,0,0,0,0,0,0.0,0.0,0,
88,2026-10-09T15:23:33.650261+00:00,88.00120915400021,sda5,1.0001557940004204,16548864,9923211264,826,23707,0,52641792,0,110,0.0,52633592.00214549,948,
89,2026-10-09T15:23:34.650857+00:00,89.00073629599956,loop0,1.000596346999373,374784,0,51,0,0,0,0,0,0.0,0.0,0,
89,2026-10-09T15:23:34.650857+00:00,89.00073629599956,loop1,1.000596346999373,2107392,0,217,0,0,0,0,0,0.0,0.0,0,
89,2026-10-09T15:23:34.650857+00:00,89.00073629599956,loop2,1.000596346999373,1106944,0,51,0,0,0,0,0,0.0,0.0,0,
89,2026-10-09T15:23:34.650857+00:00,89.00073629599956,loop3,1.000596346999373,1141760,0,66,0,0,0,0,0,0.0,0.0,0,
89,2026-10-09T15:23:34.650857+00:00,89.00073629599956,loop4,1.000596346999373,354304,0,43,0,0,0,0,0,0.0,0.0,0,
89,2026-10-09T15:23:34.650857+00:00,89.00073629599956,loop5,1.000596346999373,18432,0,12,0,0,0,0,0,0.0,0.0,0,
89,2026-10-09T15:23:34.650857+00:00,89.00073629599956,loop6,1.000596346999373,0,0,0,0,0,0,0,0,0.0,0.0,0,
89,2026-10-09T15:23:34.650857+00:00,89.00073629599956,loop7,1.000596346999373,0,0,0,0,0,0,0,0,0.0,0.0,0,
89,2026-10-09T15:23:34.650857+00:00,89.00073629599956,sr0,1.000596346999373,1536,0,8,0,0,0,0,0,0.0,0.0,0,
89,2026-10-09T15:23:34.650857+00:00,89.00073629599956,sda,1.000596346999373,356335104,10203459584,7903,60398,0,52666368,0,113,0.0,52634979.28803951,864,
89,2026-10-09T15:23:34.650857+00:00,89.00073629599956,sda1,1.000596346999373,319488,0,78,0,0,0,0,0,0.0,0.0,0,
89,2026-10-09T15:23:34.650857+00:00,89.00073629599956,sda2,1.000596346999373,326784000,227463168,6593,36553,0,0,0,0,0.0,0.0,0,
89,2026-10-09T15:23:34.650857+00:00,89.00073629599956,sda3,1.000596346999373,5571584,118784,155,25,0,0,0,0,0.0,0.0,0,
89,2026-10-09T15:23:34.650857+00:00,89.00073629599956,sda4,1.000596346999373,4657152,0,116,0,0,0,0,0,0.0,0.0,0,
89,2026-10-09T15:23:34.650857+00:00,89.00073629599956,sda5,1.000596346999373,16548864,9975877632,826,23820,0,52666368,0,113,0.0,52634979.28803951,864,
90,2026-10-09T15:23:35.650585+00:00,90.00153881999995,loop0,0.9997280130000945,374784,0,51,0,0,0,0,0,0.0,0.0,0,
90,2026-10-09T15:23:35.650585+00:00,90.00153881999995,loop1,0.9997280130000945,2107392,0,217,0,0,0,0,0,0.0,0.0,0,
90,2026-10-09T15:23:35.650585+00:00,90.00153881999995,loop2,0.9997280130000945,1106944,0,51,0,0,0,0,0,0.0,0.0,0,
90,2026-10-09T15:23:35.650585+00:00,90.00153881999995,loop3,0.9997280130000945,1141760,0,66,0,0,0,0,0,0.0,0.0,0,
90,2026-10-09T15:23:35.650585+00:00,90.00153881999995,loop4,0.9997280130000945,354304,0,43,0,0,0,0,0,0.0,0.0,0,
90,2026-10-09T15:23:35.650585+00:00,90.00153881999995,loop5,0.9997280130000945,18432,0,12,0,0,0,0,0,0.0,0.0,0,
90,2026-10-09T15:23:35.650585+00:00,90.00153881999995,loop6,0.9997280130000945,0,0,0,0,0,0,0,0,0.0,0.0,0,
90,2026-10-09T15:23:35.650585+00:00,90.00153881999995,loop7,0.9997280130000945,0,0,0,0,0,0,0,0,0.0,0.0,0,
90,2026-10-09T15:23:35.650585+00:00,90.00153881999995,sr0,0.9997280130000945,1536,0,8,0,0,0,0,0,0.0,0.0,0,
90,2026-10-09T15:23:35.650585+00:00,90.00153881999995,sda,0.9997280130000945,356335104,10256134144,7903,60512,0,52674560,0,114,0.0,52688890.69330802,960,
90,2026-10-09T15:23:35.650585+00:00,90.00153881999995,sda1,0.9997280130000945,319488,0,78,0,0,0,0,0,0.0,0.0,0,
90,2026-10-09T15:23:35.650585+00:00,90.00153881999995,sda2,0.9997280130000945,326784000,227463168,6593,36553,0,0,0,0,0.0,0.0,0,
90,2026-10-09T15:23:35.650585+00:00,90.00153881999995,sda3,0.9997280130000945,5571584,118784,155,25,0,0,0,0,0.0,0.0,0,
90,2026-10-09T15:23:35.650585+00:00,90.00153881999995,sda4,0.9997280130000945,4657152,0,116,0,0,0,0,0,0.0,0.0,0,
90,2026-10-09T15:23:35.650585+00:00,90.00153881999995,sda5,0.9997280130000945,16548864,10028552192,826,23934,0,52674560,0,114,0.0,52688890.69330802,960,
91,2026-10-09T15:23:36.650541+00:00,91.00154987099995,loop0,0.9999557840001216,374784,0,51,0,0,0,0,0,0.0,0.0,0,
91,2026-10-09T15:23:36.650541+00:00,91.00154987099995,loop1,0.9999557840001216,2107392,0,217,0,0,0,0,0,0.0,0.0,0,
91,2026-10-09T15:23:36.650541+00:00,91.00154987099995,loop2,0.9999557840001216,1106944,0,51,0,0,0,0,0,0.0,0.0,0,
91,2026-10-09T15:23:36.650541+00:00,91.00154987099995,loop3,0.9999557840001216,1141760,0,66,0,0,0,0,0,0.0,0.0,0,
91,2026-10-09T15:23:36.650541+00:00,91.00154987099995,loop4,0.9999557840001216,354304,0,43,0,0,0,0,0,0.0,0.0,0,
91,2026-10-09T15:23:36.650541+00:00,91.00154987099995,loop5,0.9999557840001216,18432,0,12,0,0,0,0,0,0.0,0.0,0,
91,2026-10-09T15:23:36.650541+00:00,91.00154987099995,loop6,0.9999557840001216,0,0,0,0,0,0,0,0,0.0,0.0,0,
91,2026-10-09T15:23:36.650541+00:00,91.00154987099995,loop7,0.9999557840001216,0,0,0,0,0,0,0,0,0.0,0.0,0,
91,2026-10-09T15:23:36.650541+00:00,91.00154987099995,sr0,0.9999557840001216,1536,0,8,0,0,0,0,0,0.0,0.0,0,
91,2026-10-09T15:23:36.650541+00:00,91.00154987099995,sda,0.9999557840001216,356335104,10319314944,7903,60646,0,63180800,0,134,0.0,63183593.72577249,984,
91,2026-10-09T15:23:36.650541+00:00,91.00154987099995,sda1,0.9999557840001216,319488,0,78,0,0,0,0,0,0.0,0.0,0,
91,2026-10-09T15:23:36.650541+00:00,91.00154987099995,sda2,0.9999557840001216,326784000,227475456,6593,36555,0,12288,0,2,0.0,12288.543350231279,12,
91,2026-10-09T15:23:36.650541+00:00,91.00154987099995,sda3,0.9999557840001216,5571584,118784,155,25,0,0,0,0,0.0,0.0,0,
91,2026-10-09T15:23:36.650541+00:00,91.00154987099995,sda4,0.9999557840001216,4657152,0,116,0,0,0,0,0,0.0,0.0,0,
91,2026-10-09T15:23:36.650541+00:00,91.00154987099995,sda5,0.9999557840001216,16548864,10091720704,826,24066,0,63168512,0,132,0.0,63171305.182422265,980,
92,2026-10-09T15:23:37.651655+00:00,92.00127357600013,loop0,1.0011142499997732,374784,0,51,0,0,0,0,0,0.0,0.0,0,
92,2026-10-09T15:23:37.651655+00:00,92.00127357600013,loop1,1.0011142499997732,2107392,0,217,0,0,0,0,0,0.0,0.0,0,
92,2026-10-09T15:23:37.651655+00:00,92.00127357600013,loop2,1.0011142499997732,1106944,0,51,0,0,0,0,0,0.0,0.0,0,
92,2026-10-09T15:23:37.651655+00:00,92.00127357600013,loop3,1.0011142499997732,1141760,0,66,0,0,0,0,0,0.0,0.0,0,
92,2026-10-09T15:23:37.651655+00:00,92.00127357600013,loop4,1.0011142499997732,354304,0,43,0,0,0,0,0,0.0,0.0,0,
92,2026-10-09T15:23:37.651655+00:00,92.00127357600013,loop5,1.0011142499997732,18432,0,12,0,0,0,0,0,0.0,0.0,0,
92,2026-10-09T15:23:37.651655+00:00,92.00127357600013,loop6,1.0011142499997732,0,0,0,0,0,0,0,0,0.0,0.0,0,
92,2026-10-09T15:23:37.651655+00:00,92.00127357600013,loop7,1.0011142499997732,0,0,0,0,0,0,0,0,0.0,0.0,0,
92,2026-10-09T15:23:37.651655+00:00,92.00127357600013,sr0,1.0011142499997732,1536,0,8,0,0,0,0,0,0.0,0.0,0,
92,2026-10-09T15:23:37.651655+00:00,92.00127357600013,sda,1.0011142499997732,356335104,10371977216,7903,60758,0,52662272,0,112,0.0,52603658.37366907,996,
92,2026-10-09T15:23:37.651655+00:00,92.00127357600013,sda1,1.0011142499997732,319488,0,78,0,0,0,0,0,0.0,0.0,0,
92,2026-10-09T15:23:37.651655+00:00,92.00127357600013,sda2,1.0011142499997732,326784000,227491840,6593,36556,0,16384,0,1,0.0,16365.764446968678,4,
92,2026-10-09T15:23:37.651655+00:00,92.00127357600013,sda3,1.0011142499997732,5571584,118784,155,25,0,0,0,0,0.0,0.0,0,
92,2026-10-09T15:23:37.651655+00:00,92.00127357600013,sda4,1.0011142499997732,4657152,0,116,0,0,0,0,0,0.0,0.0,0,
92,2026-10-09T15:23:37.651655+00:00,92.00127357600013,sda5,1.0011142499997732,16548864,10144366592,826,24177,0,52645888,0,111,0.0,52587292.60922211,996,
93,2026-10-09T15:23:38.650453+00:00,93.0014516149995,loop0,0.9987984330000472,374784,0,51,0,0,0,0,0,0.0,0.0,0,
93,2026-10-09T15:23:38.650453+00:00,93.0014516149995,loop1,0.9987984330000472,2107392,0,217,0,0,0,0,0,0.0,0.0,0,
93,2026-10-09T15:23:38.650453+00:00,93.0014516149995,loop2,0.9987984330000472,1106944,0,51,0,0,0,0,0,0.0,0.0,0,
93,2026-10-09T15:23:38.650453+00:00,93.0014516149995,loop3,0.9987984330000472,1141760,0,66,0,0,0,0,0,0.0,0.0,0,
93,2026-10-09T15:23:38.650453+00:00,93.0014516149995,loop4,0.9987984330000472,354304,0,43,0,0,0,0,0,0.0,0.0,0,
93,2026-10-09T15:23:38.650453+00:00,93.0014516149995,loop5,0.9987984330000472,18432,0,12,0,0,0,0,0,0.0,0.0,0,
93,2026-10-09T15:23:38.650453+00:00,93.0014516149995,loop6,0.9987984330000472,0,0,0,0,0,0,0,0,0.0,0.0,0,
93,2026-10-09T15:23:38.650453+00:00,93.0014516149995,loop7,0.9987984330000472,0,0,0,0,0,0,0,0,0.0,0.0,0,
93,2026-10-09T15:23:38.650453+00:00,93.0014516149995,sr0,0.9987984330000472,1536,0,8,0,0,0,0,0,0.0,0.0,0,
93,2026-10-09T15:23:38.650453+00:00,93.0014516149995,sda,0.9987984330000472,356335104,10435141632,7903,60889,0,63164416,0,131,0.0,63240403.58200783,904,
93,2026-10-09T15:23:38.650453+00:00,93.0014516149995,sda1,0.9987984330000472,319488,0,78,0,0,0,0,0,0.0,0.0,0,
93,2026-10-09T15:23:38.650453+00:00,93.0014516149995,sda2,0.9987984330000472,326784000,227491840,6593,36556,0,0,0,0,0.0,0.0,0,
93,2026-10-09T15:23:38.650453+00:00,93.0014516149995,sda3,0.9987984330000472,5571584,118784,155,25,0,0,0,0,0.0,0.0,0,
93,2026-10-09T15:23:38.650453+00:00,93.0014516149995,sda4,0.9987984330000472,4657152,0,116,0,0,0,0,0,0.0,0.0,0,
93,2026-10-09T15:23:38.650453+00:00,93.0014516149995,sda5,0.9987984330000472,16548864,10207531008,826,24308,0,63164416,0,131,0.0,63240403.58200783,904,
94,2026-10-09T15:23:39.650657+00:00,94.00160990600034,loop0,1.000203772000532,374784,0,51,0,0,0,0,0,0.0,0.0,0,
94,2026-10-09T15:23:39.650657+00:00,94.00160990600034,loop1,1.000203772000532,2107392,0,217,0,0,0,0,0,0.0,0.0,0,
94,2026-10-09T15:23:39.650657+00:00,94.00160990600034,loop2,1.000203772000532,1106944,0,51,0,0,0,0,0,0.0,0.0,0,
94,2026-10-09T15:23:39.650657+00:00,94.00160990600034,loop3,1.000203772000532,1141760,0,66,0,0,0,0,0,0.0,0.0,0,
94,2026-10-09T15:23:39.650657+00:00,94.00160990600034,loop4,1.000203772000532,354304,0,43,0,0,0,0,0,0.0,0.0,0,
94,2026-10-09T15:23:39.650657+00:00,94.00160990600034,loop5,1.000203772000532,18432,0,12,0,0,0,0,0,0.0,0.0,0,
94,2026-10-09T15:23:39.650657+00:00,94.00160990600034,loop6,1.000203772000532,0,0,0,0,0,0,0,0,0.0,0.0,0,
94,2026-10-09T15:23:39.650657+00:00,94.00160990600034,loop7,1.000203772000532,0,0,0,0,0,0,0,0,0.0,0.0,0,
94,2026-10-09T15:23:39.650657+00:00,94.00160990600034,sr0,1.000203772000532,1536,0,8,0,0,0,0,0,0.0,0.0,0,
94,2026-10-09T15:23:39.650657+00:00,94.00160990600034,sda,1.000203772000532,356335104,10466742272,7903,60957,0,31600640,0,68,0.0,31594201.98625605,560,
94,2026-10-09T15:23:39.650657+00:00,94.00160990600034,sda1,1.000203772000532,319488,0,78,0,0,0,0,0,0.0,0.0,0,
94,2026-10-09T15:23:39.650657+00:00,94.00160990600034,sda2,1.000203772000532,326784000,227491840,6593,36556,0,0,0,0,0.0,0.0,0,
94,2026-10-09T15:23:39.650657+00:00,94.00160990600034,sda3,1.000203772000532,5571584,118784,155,25,0,0,0,0,0.0,0.0,0,
94,2026-10-09T15:23:39.650657+00:00,94.00160990600034,sda4,1.000203772000532,4657152,0,116,0,0,0,0,0,0.0,0.0,0,
94,2026-10-09T15:23:39.650657+00:00,94.00160990600034,sda5,1.000203772000532,16548864,10239131648,826,24376,0,31600640,0,68,0.0,31594201.98625605,560,
95,2026-10-09T15:23:40.650751+00:00,95.00156022600004,loop0,1.00009344099999,374784,0,51,0,0,0,0,0,0.0,0.0,0,
95,2026-10-09T15:23:40.650751+00:00,95.00156022600004,loop1,1.00009344099999,2107392,0,217,0,0,0,0,0,0.0,0.0,0,
95,2026-10-09T15:23:40.650751+00:00,95.00156022600004,loop2,1.00009344099999,1106944,0,51,0,0,0,0,0,0.0,0.0,0,
95,2026-10-09T15:23:40.650751+00:00,95.00156022600004,loop3,1.00009344099999,1141760,0,66,0,0,0,0,0,0.0,0.0,0,
95,2026-10-09T15:23:40.650751+00:00,95.00156022600004,loop4,1.00009344099999,354304,0,43,0,0,0,0,0,0.0,0.0,0,
95,2026-10-09T15:23:40.650751+00:00,95.00156022600004,loop5,1.00009344099999,18432,0,12,0,0,0,0,0,0.0,0.0,0,
95,2026-10-09T15:23:40.650751+00:00,95.00156022600004,loop6,1.00009344099999,0,0,0,0,0,0,0,0,0.0,0.0,0,
95,2026-10-09T15:23:40.650751+00:00,95.00156022600004,loop7,1.00009344099999,0,0,0,0,0,0,0,0,0.0,0.0,0,
95,2026-10-09T15:23:40.650751+00:00,95.00156022600004,sr0,1.00009344099999,1536,0,8,0,0,0,0,0,0.0,0.0,0,
95,2026-10-09T15:23:40.650751+00:00,95.00156022600004,sda,1.00009344099999,356335104,10466742272,7903,60957,0,0,0,0,0.0,0.0,0,
95,2026-10-09T15:23:40.650751+00:00,95.00156022600004,sda1,1.00009344099999,319488,0,78,0,0,0,0,0,0.0,0.0,0,
95,2026-10-09T15:23:40.650751+00:00,95.00156022600004,sda2,1.00009344099999,326784000,227491840,6593,36556,0,0,0,0,0.0,0.0,0,
95,2026-10-09T15:23:40.650751+00:00,95.00156022600004,sda3,1.00009344099999,5571584,118784,155,25,0,0,0,0,0.0,0.0,0,
95,2026-10-09T15:23:40.650751+00:00,95.00156022600004,sda4,1.00009344099999,4657152,0,116,0,0,0,0,0,0.0,0.0,0,
95,2026-10-09T15:23:40.650751+00:00,95.00156022600004,sda5,1.00009344099999,16548864,10239131648,826,24376,0,0,0,0,0.0,0.0,0,
96,2026-10-09T15:23:41.650598+00:00,96.00161899100021,loop0,0.9998471349999818,374784,0,51,0,0,0,0,0,0.0,0.0,0,
96,2026-10-09T15:23:41.650598+00:00,96.00161899100021,loop1,0.9998471349999818,2107392,0,217,0,0,0,0,0,0.0,0.0,0,
96,2026-10-09T15:23:41.650598+00:00,96.00161899100021,loop2,0.9998471349999818,1106944,0,51,0,0,0,0,0,0.0,0.0,0,
96,2026-10-09T15:23:41.650598+00:00,96.00161899100021,loop3,0.9998471349999818,1141760,0,66,0,0,0,0,0,0.0,0.0,0,
96,2026-10-09T15:23:41.650598+00:00,96.00161899100021,loop4,0.9998471349999818,354304,0,43,0,0,0,0,0,0.0,0.0,0,
96,2026-10-09T15:23:41.650598+00:00,96.00161899100021,loop5,0.9998471349999818,18432,0,12,0,0,0,0,0,0.0,0.0,0,
96,2026-10-09T15:23:41.650598+00:00,96.00161899100021,loop6,0.9998471349999818,0,0,0,0,0,0,0,0,0.0,0.0,0,
96,2026-10-09T15:23:41.650598+00:00,96.00161899100021,loop7,0.9998471349999818,0,0,0,0,0,0,0,0,0.0,0.0,0,
96,2026-10-09T15:23:41.650598+00:00,96.00161899100021,sr0,0.9998471349999818,1536,0,8,0,0,0,0,0,0.0,0.0,0,
96,2026-10-09T15:23:41.650598+00:00,96.00161899100021,sda,0.9998471349999818,356335104,10466820096,7903,60964,0,77824,0,7,0.0,77835.89838460798,84,
96,2026-10-09T15:23:41.650598+00:00,96.00161899100021,sda1,0.9998471349999818,319488,0,78,0,0,0,0,0,0.0,0.0,0,
96,2026-10-09T15:23:41.650598+00:00,96.00161899100021,sda2,0.9998471349999818,326784000,227532800,6593,36558,0,40960,0,2,0.0,40966.26230768841,80,
96,2026-10-09T15:23:41.650598+00:00,96.00161899100021,sda3,0.9998471349999818,5571584,118784,155,25,0,0,0,0,0.0,0.0,0,
96,2026-10-09T15:23:41.650598+00:00,96.00161899100021,sda4,0.9998471349999818,4657152,0,116,0,0,0,0,0,0.0,0.0,0,
96,2026-10-09T15:23:41.650598+00:00,96.00161899100021,sda5,0.9998471349999818,16548864,10239168512,826,24381,0,36864,0,5,0.0,36869.63607691957,4,
97,2026-10-09T15:23:42.650806+00:00,97.0014908510002,loop0,1.0002080510002997,374784,0,51,0,0,0,0,0,0.0,0.0,0,
97,2026-10-09T15:23:42.650806+00:00,97.0014908510002,loop1,1.0002080510002997,2107392,0,217,0,0,0,0,0,0.0,0.0,0,
97,2026-10-09T15:23:42.650806+00:00,97.0014908510002,loop2,1.0002080510002997,1106944,0,51,0,0,0,0,0,0.0,0.0,0,
97,2026-10-09T15:23:42.650806+00:00,97.0014908510002,loop3,1.0002080510002997,1141760,0,66,0,0,0,0,0,0.0,0.0,0,
97,2026-10-09T15:23:42.650806+00:00,97.0014908510002,loop4,1.0002080510002997,354304,0,43,0,0,0,0,0,0.0,0.0,0,
97,2026-10-09T15:23:42.650806+00:00,97.0014908510002,loop5,1.0002080510002997,18432,0,12,0,0,0,0,0,0.0,0.0,0,
97,2026-10-09T15:23:42.650806+00:00,97.0014908510002,loop6,1.0002080510002997,0,0,0,0,0,0,0,0,0.0,0.0,0,
97,2026-10-09T15:23:42.650806+00:00,97.0014908510002,loop7,1.0002080510002997,0,0,0,0,0,0,0,0,0.0,0.0,0,
97,2026-10-09T15:23:42.650806+00:00,97.0014908510002,sr0,1.0002080510002997,1536,0,8,0,0,0,0,0,0.0,0.0,0,
97,2026-10-09T15:23:42.650806+00:00,97.0014908510002,sda,1.0002080510002997,356335104,10466820096,7903,60964,0,0,0,0,0.0,0.0,0,
97,2026-10-09T15:23:42.650806+00:00,97.0014908510002,sda1,1.0002080510002997,319488,0,78,0,0,0,0,0,0.0,0.0,0,
97,2026-10-09T15:23:42.650806+00:00,97.0014908510002,sda2,1.0002080510002997,326784000,227532800,6593,36558,0,0,0,0,0.0,0.0,0,
97,2026-10-09T15:23:42.650806+00:00,97.0014908510002,sda3,1.0002080510002997,5571584,118784,155,25,0,0,0,0,0.0,0.0,0,
97,2026-10-09T15:23:42.650806+00:00,97.0014908510002,sda4,1.0002080510002997,4657152,0,116,0,0,0,0,0,0.0,0.0,0,
97,2026-10-09T15:23:42.650806+00:00,97.0014908510002,sda5,1.0002080510002997,16548864,10239168512,826,24381,0,0,0,0,0.0,0.0,0,
98,2026-10-09T15:23:43.650034+00:00,98.00105406300008,loop0,0.9992285319995062,374784,0,51,0,0,0,0,0,0.0,0.0,0,
98,2026-10-09T15:23:43.650034+00:00,98.00105406300008,loop1,0.9992285319995062,2107392,0,217,0,0,0,0,0,0.0,0.0,0,
98,2026-10-09T15:23:43.650034+00:00,98.00105406300008,loop2,0.9992285319995062,1106944,0,51,0,0,0,0,0,0.0,0.0,0,
98,2026-10-09T15:23:43.650034+00:00,98.00105406300008,loop3,0.9992285319995062,1141760,0,66,0,0,0,0,0,0.0,0.0,0,
98,2026-10-09T15:23:43.650034+00:00,98.00105406300008,loop4,0.9992285319995062,354304,0,43,0,0,0,0,0,0.0,0.0,0,
98,2026-10-09T15:23:43.650034+00:00,98.00105406300008,loop5,0.9992285319995062,18432,0,12,0,0,0,0,0,0.0,0.0,0,
98,2026-10-09T15:23:43.650034+00:00,98.00105406300008,loop6,0.9992285319995062,0,0,0,0,0,0,0,0,0.0,0.0,0,
98,2026-10-09T15:23:43.650034+00:00,98.00105406300008,loop7,0.9992285319995062,0,0,0,0,0,0,0,0,0.0,0.0,0,
98,2026-10-09T15:23:43.650034+00:00,98.00105406300008,sr0,0.9992285319995062,1536,0,8,0,0,0,0,0,0.0,0.0,0,
98,2026-10-09T15:23:43.650034+00:00,98.00105406300008,sda,0.9992285319995062,356335104,10466820096,7903,60964,0,0,0,0,0.0,0.0,0,
98,2026-10-09T15:23:43.650034+00:00,98.00105406300008,sda1,0.9992285319995062,319488,0,78,0,0,0,0,0,0.0,0.0,0,
98,2026-10-09T15:23:43.650034+00:00,98.00105406300008,sda2,0.9992285319995062,326784000,227532800,6593,36558,0,0,0,0,0.0,0.0,0,
98,2026-10-09T15:23:43.650034+00:00,98.00105406300008,sda3,0.9992285319995062,5571584,118784,155,25,0,0,0,0,0.0,0.0,0,
98,2026-10-09T15:23:43.650034+00:00,98.00105406300008,sda4,0.9992285319995062,4657152,0,116,0,0,0,0,0,0.0,0.0,0,
98,2026-10-09T15:23:43.650034+00:00,98.00105406300008,sda5,0.9992285319995062,16548864,10239168512,826,24381,0,0,0,0,0.0,0.0,0,
99,2026-10-09T15:23:44.650581+00:00,99.00152429900027,loop0,1.000546936000319,374784,0,51,0,0,0,0,0,0.0,0.0,0,
99,2026-10-09T15:23:44.650581+00:00,99.00152429900027,loop1,1.000546936000319,2107392,0,217,0,0,0,0,0,0.0,0.0,0,
99,2026-10-09T15:23:44.650581+00:00,99.00152429900027,loop2,1.000546936000319,1106944,0,51,0,0,0,0,0,0.0,0.0,0,
99,2026-10-09T15:23:44.650581+00:00,99.00152429900027,loop3,1.000546936000319,1141760,0,66,0,0,0,0,0,0.0,0.0,0,
99,2026-10-09T15:23:44.650581+00:00,99.00152429900027,loop4,1.000546936000319,354304,0,43,0,0,0,0,0,0.0,0.0,0,
99,2026-10-09T15:23:44.650581+00:00,99.00152429900027,loop5,1.000546936000319,18432,0,12,0,0,0,0,0,0.0,0.0,0,
99,2026-10-09T15:23:44.650581+00:00,99.00152429900027,loop6,1.000546936000319,0,0,0,0,0,0,0,0,0.0,0.0,0,
99,2026-10-09T15:23:44.650581+00:00,99.00152429900027,loop7,1.000546936000319,0,0,0,0,0,0,0,0,0.0,0.0,0,
99,2026-10-09T15:23:44.650581+00:00,99.00152429900027,sr0,1.000546936000319,1536,0,8,0,0,0,0,0,0.0,0.0,0,
99,2026-10-09T15:23:44.650581+00:00,99.00152429900027,sda,1.000546936000319,356335104,10466836480,7903,60968,0,16384,0,4,0.0,16375.043898984843,4,
99,2026-10-09T15:23:44.650581+00:00,99.00152429900027,sda1,1.000546936000319,319488,0,78,0,0,0,0,0,0.0,0.0,0,
99,2026-10-09T15:23:44.650581+00:00,99.00152429900027,sda2,1.000546936000319,326784000,227549184,6593,36562,0,16384,0,4,0.0,16375.043898984843,4,
99,2026-10-09T15:23:44.650581+00:00,99.00152429900027,sda3,1.000546936000319,5571584,118784,155,25,0,0,0,0,0.0,0.0,0,
99,2026-10-09T15:23:44.650581+00:00,99.00152429900027,sda4,1.000546936000319,4657152,0,116,0,0,0,0,0,0.0,0.0,0,
99,2026-10-09T15:23:44.650581+00:00,99.00152429900027,sda5,1.000546936000319,16548864,10239168512,826,24381,0,0,0,0,0.0,0.0,0,
100,2026-10-09T15:23:45.649962+00:00,100.00068837100025,loop0,0.9993804429996089,374784,0,51,0,0,0,0,0,0.0,0.0,0,
100,2026-10-09T15:23:45.649962+00:00,100.00068837100025,loop1,0.9993804429996089,2107392,0,217,0,0,0,0,0,0.0,0.0,0,
100,2026-10-09T15:23:45.649962+00:00,100.00068837100025,loop2,0.9993804429996089,1106944,0,51,0,0,0,0,0,0.0,0.0,0,
100,2026-10-09T15:23:45.649962+00:00,100.00068837100025,loop3,0.9993804429996089,1141760,0,66,0,0,0,0,0,0.0,0.0,0,
100,2026-10-09T15:23:45.649962+00:00,100.00068837100025,loop4,0.9993804429996089,354304,0,43,0,0,0,0,0,0.0,0.0,0,
100,2026-10-09T15:23:45.649962+00:00,100.00068837100025,loop5,0.9993804429996089,18432,0,12,0,0,0,0,0,0.0,0.0,0,
100,2026-10-09T15:23:45.649962+00:00,100.00068837100025,loop6,0.9993804429996089,0,0,0,0,0,0,0,0,0.0,0.0,0,
100,2026-10-09T15:23:45.649962+00:00,100.00068837100025,loop7,0.9993804429996089,0,0,0,0,0,0,0,0,0.0,0.0,0,
100,2026-10-09T15:23:45.649962+00:00,100.00068837100025,sr0,0.9993804429996089,1536,0,8,0,0,0,0,0,0.0,0.0,0,
100,2026-10-09T15:23:45.649962+00:00,100.00068837100025,sda,0.9993804429996089,356335104,10467913728,7903,61175,0,1077248,0,207,0.0,1077915.8302984938,76,
100,2026-10-09T15:23:45.649962+00:00,100.00068837100025,sda1,0.9993804429996089,319488,0,78,0,0,0,0,0,0.0,0.0,0,
100,2026-10-09T15:23:45.649962+00:00,100.00068837100025,sda2,0.9993804429996089,326784000,228556800,6593,36767,0,1007616,0,205,0.0,1008240.6625605683,64,
100,2026-10-09T15:23:45.649962+00:00,100.00068837100025,sda3,0.9993804429996089,5571584,118784,155,25,0,0,0,0,0.0,0.0,0,
100,2026-10-09T15:23:45.649962+00:00,100.00068837100025,sda4,0.9993804429996089,4657152,0,116,0,0,0,0,0,0.0,0.0,0,
100,2026-10-09T15:23:45.649962+00:00,100.00068837100025,sda5,0.9993804429996089,16548864,10239238144,826,24383,0,69632,0,2,0.0,69675.16773792545,12,
101,2026-10-09T15:23:46.650859+00:00,101.001612905,loop0,1.00089746499998,374784,0,51,0,0,0,0,0,0.0,0.0,0,
101,2026-10-09T15:23:46.650859+00:00,101.001612905,loop1,1.00089746499998,2107392,0,217,0,0,0,0,0,0.0,0.0,0,
101,2026-10-09T15:23:46.650859+00:00,101.001612905,loop2,1.00089746499998,1106944,0,51,0,0,0,0,0,0.0,0.0,0,
101,2026-10-09T15:23:46.650859+00:00,101.001612905,loop3,1.00089746499998,1141760,0,66,0,0,0,0,0,0.0,0.0,0,
101,2026-10-09T15:23:46.650859+00:00,101.001612905,loop4,1.00089746499998,354304,0,43,0,0,0,0,0,0.0,0.0,0,
101,2026-10-09T15:23:46.650859+00:00,101.001612905,loop5,1.00089746499998,18432,0,12,0,0,0,0,0,0.0,0.0,0,
101,2026-10-09T15:23:46.650859+00:00,101.001612905,loop6,1.00089746499998,0,0,0,0,0,0,0,0,0.0,0.0,0,
101,2026-10-09T15:23:46.650859+00:00,101.001612905,loop7,1.00089746499998,0,0,0,0,0,0,0,0,0.0,0.0,0,
101,2026-10-09T15:23:46.650859+00:00,101.001612905,sr0,1.00089746499998,1536,0,8,0,0,0,0,0,0.0,0.0,0,
101,2026-10-09T15:23:46.650859+00:00,101.001612905,sda,1.00089746499998,356335104,10467946496,7903,61179,0,32768,0,4,0.0,32738.618235985497,4,
101,2026-10-09T15:23:46.650859+00:00,101.001612905,sda1,1.00089746499998,319488,0,78,0,0,0,0,0,0.0,0.0,0,
101,2026-10-09T15:23:46.650859+00:00,101.001612905,sda2,1.00089746499998,326784000,228556800,6593,36767,0,0,0,0,0.0,0.0,0,
101,2026-10-09T15:23:46.650859+00:00,101.001612905,sda3,1.00089746499998,5571584,118784,155,25,0,0,0,0,0.0,0.0,0,
101,2026-10-09T15:23:46.650859+00:00,101.001612905,sda4,1.00089746499998,4657152,0,116,0,0,0,0,0,0.0,0.0,0,
101,2026-10-09T15:23:46.650859+00:00,101.001612905,sda5,1.00089746499998,16548864,10239270912,826,24387,0,32768,0,4,0.0,32738.618235985497,4,
102,2026-10-09T15:23:47.650227+00:00,102.0012129529996,loop0,0.9993676710000727,374784,0,51,0,0,0,0,0,0.0,0.0,0,
102,2026-10-09T15:23:47.650227+00:00,102.0012129529996,loop1,0.9993676710000727,2107392,0,217,0,0,0,0,0,0.0,0.0,0,
102,2026-10-09T15:23:47.650227+00:00,102.0012129529996,loop2,0.9993676710000727,1106944,0,51,0,0,0,0,0,0.0,0.0,0,
102,2026-10-09T15:23:47.650227+00:00,102.0012129529996,loop3,0.9993676710000727,1141760,0,66,0,0,0,0,0,0.0,0.0,0,
102,2026-10-09T15:23:47.650227+00:00,102.0012129529996,loop4,0.9993676710000727,354304,0,43,0,0,0,0,0,0.0,0.0,0,
102,2026-10-09T15:23:47.650227+00:00,102.0012129529996,loop5,0.9993676710000727,18432,0,12,0,0,0,0,0,0.0,0.0,0,
102,2026-10-09T15:23:47.650227+00:00,102.0012129529996,loop6,0.9993676710000727,0,0,0,0,0,0,0,0,0.0,0.0,0,
102,2026-10-09T15:23:47.650227+00:00,102.0012129529996,loop7,0.9993676710000727,0,0,0,0,0,0,0,0,0.0,0.0,0,
102,2026-10-09T15:23:47.650227+00:00,102.0012129529996,sr0,0.9993676710000727,1536,0,8,0,0,0,0,0,0.0,0.0,0,
102,2026-10-09T15:23:47.650227+00:00,102.0012129529996,sda,0.9993676710000727,356335104,10467979264,7903,61181,0,32768,0,2,0.0,32788.73326691555,244,
102,2026-10-09T15:23:47.650227+00:00,102.0012129529996,sda1,0.9993676710000727,319488,0,78,0,0,0,0,0,0.0,0.0,0,
102,2026-10-09T15:23:47.650227+00:00,102.0012129529996,sda2,0.9993676710000727,326784000,228589568,6593,36769,0,32768,0,2,0.0,32788.73326691555,244,
102,2026-10-09T15:23:47.650227+00:00,102.0012129529996,sda3,0.9993676710000727,5571584,118784,155,25,0,0,0,0,0.0,0.0,0,
102,2026-10-09T15:23:47.650227+00:00,102.0012129529996,sda4,0.9993676710000727,4657152,0,116,0,0,0,0,0,0.0,0.0,0,
102,2026-10-09T15:23:47.650227+00:00,102.0012129529996,sda5,0.9993676710000727,16548864,10239270912,826,24387,0,0,0,0,0.0,0.0,0,
103,2026-10-09T15:23:48.650331+00:00,103.00135396699989,loop0,1.0001038010004777,374784,0,51,0,0,0,0,0,0.0,0.0,0,
103,2026-10-09T15:23:48.650331+00:00,103.00135396699989,loop1,1.0001038010004777,2107392,0,217,0,0,0,0,0,0.0,0.0,0,
103,2026-10-09T15:23:48.650331+00:00,103.00135396699989,loop2,1.0001038010004777,1106944,0,51,0,0,0,0,0,0.0,0.0,0,
103,2026-10-09T15:23:48.650331+00:00,103.00135396699989,loop3,1.0001038010004777,1141760,0,66,0,0,0,0,0,0.0,0.0,0,
103,2026-10-09T15:23:48.650331+00:00,103.00135396699989,loop4,1.0001038010004777,354304,0,43,0,0,0,0,0,0.0,0.0,0,
103,2026-10-09T15:23:48.650331+00:00,103.00135396699989,loop5,1.0001038010004777,18432,0,12,0,0,0,0,0,0.0,0.0,0,
103,2026-10-09T15:23:48.650331+00:00,103.00135396699989,loop6,1.0001038010004777,0,0,0,0,0,0,0,0,0.0,0.0,0,
103,2026-10-09T15:23:48.650331+00:00,103.00135396699989,loop7,1.0001038010004777,0,0,0,0,0,0,0,0,0.0,0.0,0,
103,2026-10-09T15:23:48.650331+00:00,103.00135396699989,sr0,1.0001038010004777,1536,0,8,0,0,0,0,0,0.0,0.0,0,
103,2026-10-09T15:23:48.650331+00:00,103.00135396699989,sda,1.0001038010004777,356335104,10467979264,7903,61181,0,0,0,0,0.0,0.0,0,
103,2026-10-09T15:23:48.650331+00:00,103.00135396699989,sda1,1.0001038010004777,319488,0,78,0,0,0,0,0,0.0,0.0,0,
103,2026-10-09T15:23:48.650331+00:00,103.00135396699989,sda2,1.0001038010004777,326784000,228589568,6593,36769,0,0,0,0,0.0,0.0,0,
103,2026-10-09T15:23:48.650331+00:00,103.00135396699989,sda3,1.0001038010004777,5571584,118784,155,25,0,0,0,0,0.0,0.0,0,
103,2026-10-09T15:23:48.650331+00:00,103.00135396699989,sda4,1.0001038010004777,4657152,0,116,0,0,0,0,0,0.0,0.0,0,
103,2026-10-09T15:23:48.650331+00:00,103.00135396699989,sda5,1.0001038010004777,16548864,10239270912,826,24387,0,0,0,0,0.0,0.0,0,
104,2026-10-09T15:23:49.650457+00:00,104.00156320400038,loop0,1.0001262979994863,374784,0,51,0,0,0,0,0,0.0,0.0,0,
104,2026-10-09T15:23:49.650457+00:00,104.00156320400038,loop1,1.0001262979994863,2107392,0,217,0,0,0,0,0,0.0,0.0,0,
104,2026-10-09T15:23:49.650457+00:00,104.00156320400038,loop2,1.0001262979994863,1106944,0,51,0,0,0,0,0,0.0,0.0,0,
104,2026-10-09T15:23:49.650457+00:00,104.00156320400038,loop3,1.0001262979994863,1141760,0,66,0,0,0,0,0,0.0,0.0,0,
104,2026-10-09T15:23:49.650457+00:00,104.00156320400038,loop4,1.0001262979994863,354304,0,43,0,0,0,0,0,0.0,0.0,0,
104,2026-10-09T15:23:49.650457+00:00,104.00156320400038,loop5,1.0001262979994863,18432,0,12,0,0,0,0,0,0.0,0.0,0,
104,2026-10-09T15:23:49.650457+00:00,104.00156320400038,loop6,1.0001262979994863,0,0,0,0,0,0,0,0,0.0,0.0,0,
104,2026-10-09T15:23:49.650457+00:00,104.00156320400038,loop7,1.0001262979994863,0,0,0,0,0,0,0,0,0.0,0.0,0,
104,2026-10-09T15:23:49.650457+00:00,104.00156320400038,sr0,1.0001262979994863,1536,0,8,0,0,0,0,0,0.0,0.0,0,
104,2026-10-09T15:23:49.650457+00:00,104.00156320400038,sda,1.0001262979994863,356335104,10467979264,7903,61181,0,0,0,0,0.0,0.0,0,
104,2026-10-09T15:23:49.650457+00:00,104.00156320400038,sda1,1.0001262979994863,319488,0,78,0,0,0,0,0,0.0,0.0,0,
104,2026-10-09T15:23:49.650457+00:00,104.00156320400038,sda2,1.0001262979994863,326784000,228589568,6593,36769,0,0,0,0,0.0,0.0,0,
104,2026-10-09T15:23:49.650457+00:00,104.00156320400038,sda3,1.0001262979994863,5571584,118784,155,25,0,0,0,0,0.0,0.0,0,
104,2026-10-09T15:23:49.650457+00:00,104.00156320400038,sda4,1.0001262979994863,4657152,0,116,0,0,0,0,0,0.0,0.0,0,
104,2026-10-09T15:23:49.650457+00:00,104.00156320400038,sda5,1.0001262979994863,16548864,10239270912,826,24387,0,0,0,0,0.0,0.0,0,
105,2026-10-09T15:23:50.650608+00:00,105.00162402099977,loop0,1.00015140800042,374784,0,51,0,0,0,0,0,0.0,0.0,0,
105,2026-10-09T15:23:50.650608+00:00,105.00162402099977,loop1,1.00015140800042,2107392,0,217,0,0,0,0,0,0.0,0.0,0,
105,2026-10-09T15:23:50.650608+00:00,105.00162402099977,loop2,1.00015140800042,1106944,0,51,0,0,0,0,0,0.0,0.0,0,
105,2026-10-09T15:23:50.650608+00:00,105.00162402099977,loop3,1.00015140800042,1141760,0,66,0,0,0,0,0,0.0,0.0,0,
105,2026-10-09T15:23:50.650608+00:00,105.00162402099977,loop4,1.00015140800042,354304,0,43,0,0,0,0,0,0.0,0.0,0,
105,2026-10-09T15:23:50.650608+00:00,105.00162402099977,loop5,1.00015140800042,18432,0,12,0,0,0,0,0,0.0,0.0,0,
105,2026-10-09T15:23:50.650608+00:00,105.00162402099977,loop6,1.00015140800042,0,0,0,0,0,0,0,0,0.0,0.0,0,
105,2026-10-09T15:23:50.650608+00:00,105.00162402099977,loop7,1.00015140800042,0,0,0,0,0,0,0,0,0.0,0.0,0,
105,2026-10-09T15:23:50.650608+00:00,105.00162402099977,sr0,1.00015140800042,1536,0,8,0,0,0,0,0,0.0,0.0,0,
105,2026-10-09T15:23:50.650608+00:00,105.00162402099977,sda,1.00015140800042,356335104,10469081088,7903,61405,0,1101824,0,224,0.0,1101657.2002861565,72,
105,2026-10-09T15:23:50.650608+00:00,105.00162402099977,sda1,1.00015140800042,319488,0,78,0,0,0,0,0,0.0,0.0,0,
105,2026-10-09T15:23:50.650608+00:00,105.00162402099977,sda2,1.00015140800042,326784000,229646336,6593,36991,0,1056768,0,222,0.0,1056608.0210922987,68,
105,2026-10-09T15:23:50.650608+00:00,105.00162402099977,sda3,1.00015140800042,5571584,118784,155,25,0,0,0,0,0.0,0.0,0,
105,2026-10-09T15:23:50.650608+00:00,105.00162402099977,sda4,1.00015140800042,4657152,0,116,0,0,0,0,0,0.0,0.0,0,
105,2026-10-09T15:23:50.650608+00:00,105.00162402099977,sda5,1.00015140800042,16548864,10239315968,826,24389,0,45056,0,2,0.0,45049.1791938577,4,
106,2026-10-09T15:23:51.653161+00:00,106.00418699500005,loop0,1.002553196000008,374784,0,51,0,0,0,0,0,0.0,0.0,0,
106,2026-10-09T15:23:51.653161+00:00,106.00418699500005,loop1,1.002553196000008,2107392,0,217,0,0,0,0,0,0.0,0.0,0,
106,2026-10-09T15:23:51.653161+00:00,106.00418699500005,loop2,1.002553196000008,1106944,0,51,0,0,0,0,0,0.0,0.0,0,
106,2026-10-09T15:23:51.653161+00:00,106.00418699500005,loop3,1.002553196000008,1141760,0,66,0,0,0,0,0,0.0,0.0,0,
106,2026-10-09T15:23:51.653161+00:00,106.00418699500005,loop4,1.002553196000008,354304,0,43,0,0,0,0,0,0.0,0.0,0,
106,2026-10-09T15:23:51.653161+00:00,106.00418699500005,loop5,1.002553196000008,18432,0,12,0,0,0,0,0,0.0,0.0,0,
106,2026-10-09T15:23:51.653161+00:00,106.00418699500005,loop6,1.002553196000008,0,0,0,0,0,0,0,0,0.0,0.0,0,
106,2026-10-09T15:23:51.653161+00:00,106.00418699500005,loop7,1.002553196000008,0,0,0,0,0,0,0,0,0.0,0.0,0,
106,2026-10-09T15:23:51.653161+00:00,106.00418699500005,sr0,1.002553196000008,1536,0,8,0,0,0,0,0,0.0,0.0,0,
106,2026-10-09T15:23:51.653161+00:00,106.00418699500005,sda,1.002553196000008,356335104,10469081088,7903,61405,0,0,0,0,0.0,0.0,0,
106,2026-10-09T15:23:51.653161+00:00,106.00418699500005,sda1,1.002553196000008,319488,0,78,0,0,0,0,0,0.0,0.0,0,
106,2026-10-09T15:23:51.653161+00:00,106.00418699500005,sda2,1.002553196000008,326784000,229646336,6593,36991,0,0,0,0,0.0,0.0,0,
106,2026-10-09T15:23:51.653161+00:00,106.00418699500005,sda3,1.002553196000008,5571584,118784,155,25,0,0,0,0,0.0,0.0,0,
106,2026-10-09T15:23:51.653161+00:00,106.00418699500005,sda4,1.002553196000008,4657152,0,116,0,0,0,0,0,0.0,0.0,0,
106,2026-10-09T15:23:51.653161+00:00,106.00418699500005,sda5,1.002553196000008,16548864,10239315968,826,24389,0,0,0,0,0.0,0.0,0,
107,2026-10-09T15:23:52.650030+00:00,107.00104841600023,loop0,0.9968688609997116,374784,0,51,0,0,0,0,0,0.0,0.0,0,
107,2026-10-09T15:23:52.650030+00:00,107.00104841600023,loop1,0.9968688609997116,2107392,0,217,0,0,0,0,0,0.0,0.0,0,
107,2026-10-09T15:23:52.650030+00:00,107.00104841600023,loop2,0.9968688609997116,1106944,0,51,0,0,0,0,0,0.0,0.0,0,
107,2026-10-09T15:23:52.650030+00:00,107.00104841600023,loop3,0.9968688609997116,1141760,0,66,0,0,0,0,0,0.0,0.0,0,
107,2026-10-09T15:23:52.650030+00:00,107.00104841600023,loop4,0.9968688609997116,354304,0,43,0,0,0,0,0,0.0,0.0,0,
107,2026-10-09T15:23:52.650030+00:00,107.00104841600023,loop5,0.9968688609997116,18432,0,12,0,0,0,0,0,0.0,0.0,0,
107,2026-10-09T15:23:52.650030+00:00,107.00104841600023,loop6,0.9968688609997116,0,0,0,0,0,0,0,0,0.0,0.0,0,
107,2026-10-09T15:23:52.650030+00:00,107.00104841600023,loop7,0.9968688609997116,0,0,0,0,0,0,0,0,0.0,0.0,0,
107,2026-10-09T15:23:52.650030+00:00,107.00104841600023,sr0,0.9968688609997116,1536,0,8,0,0,0,0,0,0.0,0.0,0,
107,2026-10-09T15:23:52.650030+00:00,107.00104841600023,sda,0.9968688609997116,356335104,10469113856,7903,61407,0,32768,0,2,0.0,32870.92343032819,204,
107,2026-10-09T15:23:52.650030+00:00,107.00104841600023,sda1,0.9968688609997116,319488,0,78,0,0,0,0,0,0.0,0.0,0,
107,2026-10-09T15:23:52.650030+00:00,107.00104841600023,sda2,0.9968688609997116,326784000,229679104,6593,36993,0,32768,0,2,0.0,32870.92343032819,204,
107,2026-10-09T15:23:52.650030+00:00,107.00104841600023,sda3,0.9968688609997116,5571584,118784,155,25,0,0,0,0,0.0,0.0,0,
107,2026-10-09T15:23:52.650030+00:00,107.00104841600023,sda4,0.9968688609997116,4657152,0,116,0,0,0,0,0,0.0,0.0,0,
107,2026-10-09T15:23:52.650030+00:00,107.00104841600023,sda5,0.9968688609997116,16548864,10239315968,826,24389,0,0,0,0,0.0,0.0,0,
108,2026-10-09T15:23:53.651014+00:00,108.00208658999964,loop0,1.0009838289997788,374784,0,51,0,0,0,0,0,0.0,0.0,0,
108,2026-10-09T15:23:53.651014+00:00,108.00208658999964,loop1,1.0009838289997788,2107392,0,217,0,0,0,0,0,0.0,0.0,0,
108,2026-10-09T15:23:53.651014+00:00,108.00208658999964,loop2,1.0009838289997788,1106944,0,51,0,0,0,0,0,0.0,0.0,0,
108,2026-10-09T15:23:53.651014+00:00,108.00208658999964,loop3,1.0009838289997788,1141760,0,66,0,0,0,0,0,0.0,0.0,0,
108,2026-10-09T15:23:53.651014+00:00,108.00208658999964,loop4,1.0009838289997788,354304,0,43,0,0,0,0,0,0.0,0.0,0,
108,2026-10-09T15:23:53.651014+00:00,108.00208658999964,loop5,1.0009838289997788,18432,0,12,0,0,0,0,0,0.0,0.0,0,
108,2026-10-09T15:23:53.651014+00:00,108.00208658999964,loop6,1.0009838289997788,0,0,0,0,0,0,0,0,0.0,0.0,0,
108,2026-10-09T15:23:53.651014+00:00,108.00208658999964,loop7,1.0009838289997788,0,0,0,0,0,0,0,0,0.0,0.0,0,
108,2026-10-09T15:23:53.651014+00:00,108.00208658999964,sr0,1.0009838289997788,1536,0,8,0,0,0,0,0,0.0,0.0,0,
108,2026-10-09T15:23:53.651014+00:00,108.00208658999964,sda,1.0009838289997788,356335104,10469113856,7903,61407,0,0,0,0,0.0,0.0,0,
108,2026-10-09T15:23:53.651014+00:00,108.00208658999964,sda1,1.0009838289997788,319488,0,78,0,0,0,0,0,0.0,0.0,0,
108,2026-10-09T15:23:53.651014+00:00,108.00208658999964,sda2,1.0009838289997788,326784000,229679104,6593,36993,0,0,0,0,0.0,0.0,0,
108,2026-10-09T15:23:53.651014+00:00,108.00208658999964,sda3,1.0009838289997788,5571584,118784,155,25,0,0,0,0,0.0,0.0,0,
108,2026-10-09T15:23:53.651014+00:00,108.00208658999964,sda4,1.0009838289997788,4657152,0,116,0,0,0,0,0,0.0,0.0,0,
108,2026-10-09T15:23:53.651014+00:00,108.00208658999964,sda5,1.0009838289997788,16548864,10239315968,826,24389,0,0,0,0,0.0,0.0,0,
109,2026-10-09T15:23:54.650858+00:00,109.00180806299977,loop0,0.9998436720006794,374784,0,51,0,0,0,0,0,0.0,0.0,0,
109,2026-10-09T15:23:54.650858+00:00,109.00180806299977,loop1,0.9998436720006794,2107392,0,217,0,0,0,0,0,0.0,0.0,0,
109,2026-10-09T15:23:54.650858+00:00,109.00180806299977,loop2,0.9998436720006794,1106944,0,51,0,0,0,0,0,0.0,0.0,0,
109,2026-10-09T15:23:54.650858+00:00,109.00180806299977,loop3,0.9998436720006794,1141760,0,66,0,0,0,0,0,0.0,0.0,0,
109,2026-10-09T15:23:54.650858+00:00,109.00180806299977,loop4,0.9998436720006794,354304,0,43,0,0,0,0,0,0.0,0.0,0,
109,2026-10-09T15:23:54.650858+00:00,109.00180806299977,loop5,0.9998436720006794,18432,0,12,0,0,0,0,0,0.0,0.0,0,
109,2026-10-09T15:23:54.650858+00:00,109.00180806299977,loop6,0.9998436720006794,0,0,0,0,0,0,0,0,0.0,0.0,0,
109,2026-10-09T15:23:54.650858+00:00,109.00180806299977,loop7,0.9998436720006794,0,0,0,0,0,0,0,0,0.0,0.0,0,
109,2026-10-09T15:23:54.650858+00:00,109.00180806299977,sr0,0.9998436720006794,1536,0,8,0,0,0,0,0,0.0,0.0,0,
109,2026-10-09T15:23:54.650858+00:00,109.00180806299977,sda,0.9998436720006794,356335104,10469113856,7903,61407,0,0,0,0,0.0,0.0,0,
109,2026-10-09T15:23:54.650858+00:00,109.00180806299977,sda1,0.9998436720006794,319488,0,78,0,0,0,0,0,0.0,0.0,0,
109,2026-10-09T15:23:54.650858+00:00,109.00180806299977,sda2,0.9998436720006794,326784000,229679104,6593,36993,0,0,0,0,0.0,0.0,0,
109,2026-10-09T15:23:54.650858+00:00,109.00180806299977,sda3,0.9998436720006794,5571584,118784,155,25,0,0,0,0,0.0,0.0,0,
109,2026-10-09T15:23:54.650858+00:00,109.00180806299977,sda4,0.9998436720006794,4657152,0,116,0,0,0,0,0,0.0,0.0,0,
109,2026-10-09T15:23:54.650858+00:00,109.00180806299977,sda5,0.9998436720006794,16548864,10239315968,826,24389,0,0,0,0,0.0,0.0,0,
110,2026-10-09T15:23:55.650560+00:00,110.00159738499951,loop0,0.9997023229998376,374784,0,51,0,0,0,0,0,0.0,0.0,0,
110,2026-10-09T15:23:55.650560+00:00,110.00159738499951,loop1,0.9997023229998376,2107392,0,217,0,0,0,0,0,0.0,0.0,0,
110,2026-10-09T15:23:55.650560+00:00,110.00159738499951,loop2,0.9997023229998376,1106944,0,51,0,0,0,0,0,0.0,0.0,0,
110,2026-10-09T15:23:55.650560+00:00,110.00159738499951,loop3,0.9997023229998376,1141760,0,66,0,0,0,0,0,0.0,0.0,0,
110,2026-10-09T15:23:55.650560+00:00,110.00159738499951,loop4,0.9997023229998376,354304,0,43,0,0,0,0,0,0.0,0.0,0,
110,2026-10-09T15:23:55.650560+00:00,110.00159738499951,loop5,0.9997023229998376,18432,0,12,0,0,0,0,0,0.0,0.0,0,
110,2026-10-09T15:23:55.650560+00:00,110.00159738499951,loop6,0.9997023229998376,0,0,0,0,0,0,0,0,0.0,0.0,0,
110,2026-10-09T15:23:55.650560+00:00,110.00159738499951,loop7,0.9997023229998376,0,0,0,0,0,0,0,0,0.0,0.0,0,
110,2026-10-09T15:23:55.650560+00:00,110.00159738499951,sr0,0.9997023229998376,1536,0,8,0,0,0,0,0,0.0,0.0,0,
110,2026-10-09T15:23:55.650560+00:00,110.00159738499951,sda,0.9997023229998376,356335104,10469130240,7903,61409,0,16384,0,2,0.0,16388.878592215355,8,
110,2026-10-09T15:23:55.650560+00:00,110.00159738499951,sda1,0.9997023229998376,319488,0,78,0,0,0,0,0,0.0,0.0,0,
110,2026-10-09T15:23:55.650560+00:00,110.00159738499951,sda2,0.9997023229998376,326784000,229679104,6593,36993,0,0,0,0,0.0,0.0,0,
110,2026-10-09T15:23:55.650560+00:00,110.00159738499951,sda3,0.9997023229998376,5571584,118784,155,25,0,0,0,0,0.0,0.0,0,
110,2026-10-09T15:23:55.650560+00:00,110.00159738499951,sda4,0.9997023229998376,4657152,0,116,0,0,0,0,0,0.0,0.0,0,
110,2026-10-09T15:23:55.650560+00:00,110.00159738499951,sda5,0.9997023229998376,16548864,10239332352,826,24391,0,16384,0,2,0.0,16388.878592215355,8,
111,2026-10-09T15:23:56.652967+00:00,111.0039143009999,loop0,1.0024066219993983,374784,0,51,0,0,0,0,0,0.0,0.0,0,
111,2026-10-09T15:23:56.652967+00:00,111.0039143009999,loop1,1.0024066219993983,2107392,0,217,0,0,0,0,0,0.0,0.0,0,
111,2026-10-09T15:23:56.652967+00:00,111.0039143009999,loop2,1.0024066219993983,1106944,0,51,0,0,0,0,0,0.0,0.0,0,
111,2026-10-09T15:23:56.652967+00:00,111.0039143009999,loop3,1.0024066219993983,1141760,0,66,0,0,0,0,0,0.0,0.0,0,
111,2026-10-09T15:23:56.652967+00:00,111.0039143009999,loop4,1.0024066219993983,354304,0,43,0,0,0,0,0,0.0,0.0,0,
111,2026-10-09T15:23:56.652967+00:00,111.0039143009999,loop5,1.0024066219993983,18432,0,12,0,0,0,0,0,0.0,0.0,0,
111,2026-10-09T15:23:56.652967+00:00,111.0039143009999,loop6,1.0024066219993983,0,0,0,0,0,0,0,0,0.0,0.0,0,
111,2026-10-09T15:23:56.652967+00:00,111.0039143009999,loop7,1.0024066219993983,0,0,0,0,0,0,0,0,0.0,0.0,0,
111,2026-10-09T15:23:56.652967+00:00,111.0039143009999,sr0,1.0024066219993983,1536,0,8,0,0,0,0,0,0.0,0.0,0,
111,2026-10-09T15:23:56.652967+00:00,111.0039143009999,sda,1.0024066219993983,356335104,10469130240,7903,61409,0,0,0,0,0.0,0.0,0,
111,2026-10-09T15:23:56.652967+00:00,111.0039143009999,sda1,1.0024066219993983,319488,0,78,0,0,0,0,0,0.0,0.0,0,
111,2026-10-09T15:23:56.652967+00:00,111.0039143009999,sda2,1.0024066219993983,326784000,229679104,6593,36993,0,0,0,0,0.0,0.0,0,
111,2026-10-09T15:23:56.652967+00:00,111.0039143009999,sda3,1.0024066219993983,5571584,118784,155,25,0,0,0,0,0.0,0.0,0,
111,2026-10-09T15:23:56.652967+00:00,111.0039143009999,sda4,1.0024066219993983,4657152,0,116,0,0,0,0,0,0.0,0.0,0,
111,2026-10-09T15:23:56.652967+00:00,111.0039143009999,sda5,1.0024066219993983,16548864,10239332352,826,24391,0,0,0,0,0.0,0.0,0,
112,2026-10-09T15:23:57.649901+00:00,112.00092627599952,loop0,0.9969346130001213,374784,0,51,0,0,0,0,0,0.0,0.0,0,
112,2026-10-09T15:23:57.649901+00:00,112.00092627599952,loop1,0.9969346130001213,2107392,0,217,0,0,0,0,0,0.0,0.0,0,
112,2026-10-09T15:23:57.649901+00:00,112.00092627599952,loop2,0.9969346130001213,1106944,0,51,0,0,0,0,0,0.0,0.0,0,
112,2026-10-09T15:23:57.649901+00:00,112.00092627599952,loop3,0.9969346130001213,1141760,0,66,0,0,0,0,0,0.0,0.0,0,
112,2026-10-09T15:23:57.649901+00:00,112.00092627599952,loop4,0.9969346130001213,354304,0,43,0,0,0,0,0,0.0,0.0,0,
112,2026-10-09T15:23:57.649901+00:00,112.00092627599952,loop5,0.9969346130001213,18432,0,12,0,0,0,0,0,0.0,0.0,0,
112,2026-10-09T15:23:57.649901+00:00,112.00092627599952,loop6,0.9969346130001213,0,0,0,0,0,0,0,0,0.0,0.0,0,
112,2026-10-09T15:23:57.649901+00:00,112.00092627599952,loop7,0.9969346130001213,0,0,0,0,0,0,0,0,0.0,0.0,0,
112,2026-10-09T15:23:57.649901+00:00,112.00092627599952,sr0,0.9969346130001213,1536,0,8,0,0,0,0,0,0.0,0.0,0,
112,2026-10-09T15:23:57.649901+00:00,112.00092627599952,sda,0.9969346130001213,356335104,10469158912,7903,61412,0,28672,0,3,0.0,28760.16102371652,16,
112,2026-10-09T15:23:57.649901+00:00,112.00092627599952,sda1,0.9969346130001213,319488,0,78,0,0,0,0,0,0.0,0.0,0,
112,2026-10-09T15:23:57.649901+00:00,112.00092627599952,sda2,0.9969346130001213,326784000,229707776,6593,36996,0,28672,0,3,0.0,28760.16102371652,16,
112,2026-10-09T15:23:57.649901+00:00,112.00092627599952,sda3,0.9969346130001213,5571584,118784,155,25,0,0,0,0,0.0,0.0,0,
112,2026-10-09T15:23:57.649901+00:00,112.00092627599952,sda4,0.9969346130001213,4657152,0,116,0,0,0,0,0,0.0,0.0,0,
112,2026-10-09T15:23:57.649901+00:00,112.00092627599952,sda5,0.9969346130001213,16548864,10239332352,826,24391,0,0,0,0,0.0,0.0,0,
113,2026-10-09T15:23:58.650254+00:00,113.00129915799971,loop0,1.00035293000019,374784,0,51,0,0,0,0,0,0.0,0.0,0,
113,2026-10-09T15:23:58.650254+00:00,113.00129915799971,loop1,1.00035293000019,2107392,0,217,0,0,0,0,0,0.0,0.0,0,
113,2026-10-09T15:23:58.650254+00:00,113.00129915799971,loop2,1.00035293000019,1106944,0,51,0,0,0,0,0,0.0,0.0,0,
113,2026-10-09T15:23:58.650254+00:00,113.00129915799971,loop3,1.00035293000019,1141760,0,66,0,0,0,0,0,0.0,0.0,0,
113,2026-10-09T15:23:58.650254+00:00,113.00129915799971,loop4,1.00035293000019,354304,0,43,0,0,0,0,0,0.0,0.0,0,
113,2026-10-09T15:23:58.650254+00:00,113.00129915799971,loop5,1.00035293000019,18432,0,12,0,0,0,0,0,0.0,0.0,0,
113,2026-10-09T15:23:58.650254+00:00,113.00129915799971,loop6,1.00035293000019,0,0,0,0,0,0,0,0,0.0,0.0,0,
113,2026-10-09T15:23:58.650254+00:00,113.00129915799971,loop7,1.00035293000019,0,0,0,0,0,0,0,0,0.0,0.0,0,
113,2026-10-09T15:23:58.650254+00:00,113.00129915799971,sr0,1.00035293000019,1536,0,8,0,0,0,0,0,0.0,0.0,0,
113,2026-10-09T15:23:58.650254+00:00,113.00129915799971,sda,1.00035293000019,356335104,10469158912,7903,61412,0,0,0,0,0.0,0.0,0,
113,2026-10-09T15:23:58.650254+00:00,113.00129915799971,sda1,1.00035293000019,319488,0,78,0,0,0,0,0,0.0,0.0,0,
113,2026-10-09T15:23:58.650254+00:00,113.00129915799971,sda2,1.00035293000019,326784000,229707776,6593,36996,0,0,0,0,0.0,0.0,0,
113,2026-10-09T15:23:58.650254+00:00,113.00129915799971,sda3,1.00035293000019,5571584,118784,155,25,0,0,0,0,0.0,0.0,0,
113,2026-10-09T15:23:58.650254+00:00,113.00129915799971,sda4,1.00035293000019,4657152,0,116,0,0,0,0,0,0.0,0.0,0,
113,2026-10-09T15:23:58.650254+00:00,113.00129915799971,sda5,1.00035293000019,16548864,10239332352,826,24391,0,0,0,0,0.0,0.0,0,
114,2026-10-09T15:23:59.650413+00:00,114.00118420000035,loop0,1.0001583279999977,374784,0,51,0,0,0,0,0,0.0,0.0,0,
114,2026-10-09T15:23:59.650413+00:00,114.00118420000035,loop1,1.0001583279999977,2107392,0,217,0,0,0,0,0,0.0,0.0,0,
114,2026-10-09T15:23:59.650413+00:00,114.00118420000035,loop2,1.0001583279999977,1106944,0,51,0,0,0,0,0,0.0,0.0,0,
114,2026-10-09T15:23:59.650413+00:00,114.00118420000035,loop3,1.0001583279999977,1141760,0,66,0,0,0,0,0,0.0,0.0,0,
114,2026-10-09T15:23:59.650413+00:00,114.00118420000035,loop4,1.0001583279999977,354304,0,43,0,0,0,0,0,0.0,0.0,0,
114,2026-10-09T15:23:59.650413+00:00,114.00118420000035,loop5,1.0001583279999977,18432,0,12,0,0,0,0,0,0.0,0.0,0,
114,2026-10-09T15:23:59.650413+00:00,114.00118420000035,loop6,1.0001583279999977,0,0,0,0,0,0,0,0,0.0,0.0,0,
114,2026-10-09T15:23:59.650413+00:00,114.00118420000035,loop7,1.0001583279999977,0,0,0,0,0,0,0,0,0.0,0.0,0,
114,2026-10-09T15:23:59.650413+00:00,114.00118420000035,sr0,1.0001583279999977,1536,0,8,0,0,0,0,0,0.0,0.0,0,
114,2026-10-09T15:23:59.650413+00:00,114.00118420000035,sda,1.0001583279999977,356335104,10469158912,7903,61412,0,0,0,0,0.0,0.0,0,
114,2026-10-09T15:23:59.650413+00:00,114.00118420000035,sda1,1.0001583279999977,319488,0,78,0,0,0,0,0,0.0,0.0,0,
114,2026-10-09T15:23:59.650413+00:00,114.00118420000035,sda2,1.0001583279999977,326784000,229707776,6593,36996,0,0,0,0,0.0,0.0,0,
114,2026-10-09T15:23:59.650413+00:00,114.00118420000035,sda3,1.0001583279999977,5571584,118784,155,25,0,0,0,0,0.0,0.0,0,
114,2026-10-09T15:23:59.650413+00:00,114.00118420000035,sda4,1.0001583279999977,4657152,0,116,0,0,0,0,0,0.0,0.0,0,
114,2026-10-09T15:23:59.650413+00:00,114.00118420000035,sda5,1.0001583279999977,16548864,10239332352,826,24391,0,0,0,0,0.0,0.0,0,
115,2026-10-09T15:24:00.650143+00:00,115.00098438500027,loop0,0.999729911999566,374784,0,51,0,0,0,0,0,0.0,0.0,0,
115,2026-10-09T15:24:00.650143+00:00,115.00098438500027,loop1,0.999729911999566,2107392,0,217,0,0,0,0,0,0.0,0.0,0,
115,2026-10-09T15:24:00.650143+00:00,115.00098438500027,loop2,0.999729911999566,1106944,0,51,0,0,0,0,0,0.0,0.0,0,
115,2026-10-09T15:24:00.650143+00:00,115.00098438500027,loop3,0.999729911999566,1141760,0,66,0,0,0,0,0,0.0,0.0,0,
115,2026-10-09T15:24:00.650143+00:00,115.00098438500027,loop4,0.999729911999566,354304,0,43,0,0,0,0,0,0.0,0.0,0,
115,2026-10-09T15:24:00.650143+00:00,115.00098438500027,loop5,0.999729911999566,18432,0,12,0,0,0,0,0,0.0,0.0,0,
115,2026-10-09T15:24:00.650143+00:00,115.00098438500027,loop6,0.999729911999566,0,0,0,0,0,0,0,0,0.0,0.0,0,
115,2026-10-09T15:24:00.650143+00:00,115.00098438500027,loop7,0.999729911999566,0,0,0,0,0,0,0,0,0.0,0.0,0,
115,2026-10-09T15:24:00.650143+00:00,115.00098438500027,sr0,0.999729911999566,1536,0,8,0,0,0,0,0,0.0,0.0,0,
115,2026-10-09T15:24:00.650143+00:00,115.00098438500027,sda,0.999729911999566,356335104,10469158912,7903,61412,0,0,0,0,0.0,0.0,0,
115,2026-10-09T15:24:00.650143+00:00,115.00098438500027,sda1,0.999729911999566,319488,0,78,0,0,0,0,0,0.0,0.0,0,
115,2026-10-09T15:24:00.650143+00:00,115.00098438500027,sda2,0.999729911999566,326784000,229707776,6593,36996,0,0,0,0,0.0,0.0,0,
115,2026-10-09T15:24:00.650143+00:00,115.00098438500027,sda3,0.999729911999566,5571584,118784,155,25,0,0,0,0,0.0,0.0,0,
115,2026-10-09T15:24:00.650143+00:00,115.00098438500027,sda4,0.999729911999566,4657152,0,116,0,0,0,0,0,0.0,0.0,0,
115,2026-10-09T15:24:00.650143+00:00,115.00098438500027,sda5,0.999729911999566,16548864,10239332352,826,24391,0,0,0,0,0.0,0.0,0,
116,2026-10-09T15:24:01.650535+00:00,116.00155249299951,loop0,1.000392502000068,374784,0,51,0,0,0,0,0,0.0,0.0,0,
116,2026-10-09T15:24:01.650535+00:00,116.00155249299951,loop1,1.000392502000068,2107392,0,217,0,0,0,0,0,0.0,0.0,0,
116,2026-10-09T15:24:01.650535+00:00,116.00155249299951,loop2,1.000392502000068,1106944,0,51,0,0,0,0,0,0.0,0.0,0,
116,2026-10-09T15:24:01.650535+00:00,116.00155249299951,loop3,1.000392502000068,1141760,0,66,0,0,0,0,0,0.0,0.0,0,
116,2026-10-09T15:24:01.650535+00:00,116.00155249299951,loop4,1.000392502000068,354304,0,43,0,0,0,0,0,0.0,0.0,0,
116,2026-10-09T15:24:01.650535+00:00,116.00155249299951,loop5,1.000392502000068,18432,0,12,0,0,0,0,0,0.0,0.0,0,
116,2026-10-09T15:24:01.650535+00:00,116.00155249299951,loop6,1.000392502000068,0,0,0,0,0,0,0,0,0.0,0.0,0,
116,2026-10-09T15:24:01.650535+00:00,116.00155249299951,loop7,1.000392502000068,0,0,0,0,0,0,0,0,0.0,0.0,0,
116,2026-10-09T15:24:01.650535+00:00,116.00155249299951,sr0,1.000392502000068,1536,0,8,0,0,0,0,0,0.0,0.0,0,
116,2026-10-09T15:24:01.650535+00:00,116.00155249299951,sda,1.000392502000068,356335104,10469175296,7903,61414,0,16384,0,2,0.0,16377.571770323892,12,
116,2026-10-09T15:24:01.650535+00:00,116.00155249299951,sda1,1.000392502000068,319488,0,78,0,0,0,0,0,0.0,0.0,0,
116,2026-10-09T15:24:01.650535+00:00,116.00155249299951,sda2,1.000392502000068,326784000,229707776,6593,36996,0,0,0,0,0.0,0.0,0,
116,2026-10-09T15:24:01.650535+00:00,116.00155249299951,sda3,1.000392502000068,5571584,118784,155,25,0,0,0,0,0.0,0.0,0,
116,2026-10-09T15:24:01.650535+00:00,116.00155249299951,sda4,1.000392502000068,4657152,0,116,0,0,0,0,0,0.0,0.0,0,
116,2026-10-09T15:24:01.650535+00:00,116.00155249299951,sda5,1.000392502000068,16548864,10239348736,826,24393,0,16384,0,2,0.0,16377.571770323892,12,
117,2026-10-09T15:24:02.650884+00:00,117.00191578999966,loop0,1.0003489570008242,374784,0,51,0,0,0,0,0,0.0,0.0,0,
117,2026-10-09T15:24:02.650884+00:00,117.00191578999966,loop1,1.0003489570008242,2107392,0,217,0,0,0,0,0,0.0,0.0,0,
117,2026-10-09T15:24:02.650884+00:00,117.00191578999966,loop2,1.0003489570008242,1106944,0,51,0,0,0,0,0,0.0,0.0,0,
117,2026-10-09T15:24:02.650884+00:00,117.00191578999966,loop3,1.0003489570008242,1141760,0,66,0,0,0,0,0,0.0,0.0,0,
117,2026-10-09T15:24:02.650884+00:00,117.00191578999966,loop4,1.0003489570008242,354304,0,43,0,0,0,0,0,0.0,0.0,0,
117,2026-10-09T15:24:02.650884+00:00,117.00191578999966,loop5,1.0003489570008242,18432,0,12,0,0,0,0,0,0.0,0.0,0,
117,2026-10-09T15:24:02.650884+00:00,117.00191578999966,loop6,1.0003489570008242,0,0,0,0,0,0,0,0,0.0,0.0,0,
117,2026-10-09T15:24:02.650884+00:00,117.00191578999966,loop7,1.0003489570008242,0,0,0,0,0,0,0,0,0.0,0.0,0,
117,2026-10-09T15:24:02.650884+00:00,117.00191578999966,sr0,1.0003489570008242,1536,0,8,0,0,0,0,0,0.0,0.0,0,
117,2026-10-09T15:24:02.650884+00:00,117.00191578999966,sda,1.0003489570008242,356335104,10469212160,7903,61416,0,36864,0,2,0.0,36851.14053652142,8,
117,2026-10-09T15:24:02.650884+00:00,117.00191578999966,sda1,1.0003489570008242,319488,0,78,0,0,0,0,0,0.0,0.0,0,
117,2026-10-09T15:24:02.650884+00:00,117.00191578999966,sda2,1.0003489570008242,326784000,229744640,6593,36998,0,36864,0,2,0.0,36851.14053652142,8,
117,2026-10-09T15:24:02.650884+00:00,117.00191578999966,sda3,1.0003489570008242,5571584,118784,155,25,0,0,0,0,0.0,0.0,0,
117,2026-10-09T15:24:02.650884+00:00,117.00191578999966,sda4,1.0003489570008242,4657152,0,116,0,0,0,0,0,0.0,0.0,0,
117,2026-10-09T15:24:02.650884+00:00,117.00191578999966,sda5,1.0003489570008242,16548864,10239348736,826,24393,0,0,0,0,0.0,0.0,0,
118,2026-10-09T15:24:03.650073+00:00,118.00115319900033,loop0,0.9991893979995439,374784,0,51,0,0,0,0,0,0.0,0.0,0,
118,2026-10-09T15:24:03.650073+00:00,118.00115319900033,loop1,0.9991893979995439,2107392,0,217,0,0,0,0,0,0.0,0.0,0,
118,2026-10-09T15:24:03.650073+00:00,118.00115319900033,loop2,0.9991893979995439,1106944,0,51,0,0,0,0,0,0.0,0.0,0,
118,2026-10-09T15:24:03.650073+00:00,118.00115319900033,loop3,0.9991893979995439,1141760,0,66,0,0,0,0,0,0.0,0.0,0,
118,2026-10-09T15:24:03.650073+00:00,118.00115319900033,loop4,0.9991893979995439,354304,0,43,0,0,0,0,0,0.0,0.0,0,
118,2026-10-09T15:24:03.650073+00:00,118.00115319900033,loop5,0.9991893979995439,18432,0,12,0,0,0,0,0,0.0,0.0,0,
118,2026-10-09T15:24:03.650073+00:00,118.00115319900033,loop6,0.9991893979995439,0,0,0,0,0,0,0,0,0.0,0.0,0,
118,2026-10-09T15:24:03.650073+00:00,118.00115319900033,loop7,0.9991893979995439,0,0,0,0,0,0,0,0,0.0,0.0,0,
118,2026-10-09T15:24:03.650073+00:00,118.00115319900033,sr0,0.9991893979995439,1536,0,8,0,0,0,0,0,0.0,0.0,0,
118,2026-10-09T15:24:03.650073+00:00,118.00115319900033,sda,0.9991893979995439,356335104,10469212160,7903,61416,0,0,0,0,0.0,0.0,0,
118,2026-10-09T15:24:03.650073+00:00,118.00115319900033,sda1,0.9991893979995439,319488,0,78,0,0,0,0,0,0.0,0.0,0,
118,2026-10-09T15:24:03.650073+00:00,118.00115319900033,sda2,0.9991893979995439,326784000,229744640,6593,36998,0,0,0,0,0.0,0.0,0,
118,2026-10-09T15:24:03.650073+00:00,118.00115319900033,sda3,0.9991893979995439,5571584,118784,155,25,0,0,0,0,0.0,0.0,0,
118,2026-10-09T15:24:03.650073+00:00,118.00115319900033,sda4,0.9991893979995439,4657152,0,116,0,0,0,0,0,0.0,0.0,0,
118,2026-10-09T15:24:03.650073+00:00,118.00115319900033,sda5,0.9991893979995439,16548864,10239348736,826,24393,0,0,0,0,0.0,0.0,0,
119,2026-10-09T15:24:04.651939+00:00,119.00294162099999,loop0,1.0018660249997993,374784,0,51,0,0,0,0,0,0.0,0.0,0,
119,2026-10-09T15:24:04.651939+00:00,119.00294162099999,loop1,1.0018660249997993,2107392,0,217,0,0,0,0,0,0.0,0.0,0,
119,2026-10-09T15:24:04.651939+00:00,119.00294162099999,loop2,1.0018660249997993,1106944,0,51,0,0,0,0,0,0.0,0.0,0,
119,2026-10-09T15:24:04.651939+00:00,119.00294162099999,loop3,1.0018660249997993,1141760,0,66,0,0,0,0,0,0.0,0.0,0,
119,2026-10-09T15:24:04.651939+00:00,119.00294162099999,loop4,1.0018660249997993,354304,0,43,0,0,0,0,0,0.0,0.0,0,
119,2026-10-09T15:24:04.651939+00:00,119.00294162099999,loop5,1.0018660249997993,18432,0,12,0,0,0,0,0,0.0,0.0,0,
119,2026-10-09T15:24:04.651939+00:00,119.00294162099999,loop6,1.0018660249997993,0,0,0,0,0,0,0,0,0.0,0.0,0,
119,2026-10-09T15:24:04.651939+00:00,119.00294162099999,loop7,1.0018660249997993,0,0,0,0,0,0,0,0,0.0,0.0,0,
119,2026-10-09T15:24:04.651939+00:00,119.00294162099999,sr0,1.0018660249997993,1536,0,8,0,0,0,0,0,0.0,0.0,0,
119,2026-10-09T15:24:04.651939+00:00,119.00294162099999,sda,1.0018660249997993,356335104,10469212160,7903,61416,0,0,0,0,0.0,0.0,0,
119,2026-10-09T15:24:04.651939+00:00,119.00294162099999,sda1,1.0018660249997993,319488,0,78,0,0,0,0,0,0.0,0.0,0,
119,2026-10-09T15:24:04.651939+00:00,119.00294162099999,sda2,1.0018660249997993,326784000,229744640,6593,36998,0,0,0,0,0.0,0.0,0,
119,2026-10-09T15:24:04.651939+00:00,119.00294162099999,sda3,1.0018660249997993,5571584,118784,155,25,0,0,0,0,0.0,0.0,0,
119,2026-10-09T15:24:04.651939+00:00,119.00294162099999,sda4,1.0018660249997993,4657152,0,116,0,0,0,0,0,0.0,0.0,0,
119,2026-10-09T15:24:04.651939+00:00,119.00294162099999,sda5,1.0018660249997993,16548864,10239348736,826,24393,0,0,0,0,0.0,0.0,0,
120,2026-10-09T15:24:05.650241+00:00,120.00131671999952,loop0,0.9983011479998822,374784,0,51,0,0,0,0,0,0.0,0.0,0,
120,2026-10-09T15:24:05.650241+00:00,120.00131671999952,loop1,0.9983011479998822,2107392,0,217,0,0,0,0,0,0.0,0.0,0,
120,2026-10-09T15:24:05.650241+00:00,120.00131671999952,loop2,0.9983011479998822,1106944,0,51,0,0,0,0,0,0.0,0.0,0,
120,2026-10-09T15:24:05.650241+00:00,120.00131671999952,loop3,0.9983011479998822,1141760,0,66,0,0,0,0,0,0.0,0.0,0,
120,2026-10-09T15:24:05.650241+00:00,120.00131671999952,loop4,0.9983011479998822,354304,0,43,0,0,0,0,0,0.0,0.0,0,
120,2026-10-09T15:24:05.650241+00:00,120.00131671999952,loop5,0.9983011479998822,18432,0,12,0,0,0,0,0,0.0,0.0,0,
120,2026-10-09T15:24:05.650241+00:00,120.00131671999952,loop6,0.9983011479998822,0,0,0,0,0,0,0,0,0.0,0.0,0,
120,2026-10-09T15:24:05.650241+00:00,120.00131671999952,loop7,0.9983011479998822,0,0,0,0,0,0,0,0,0.0,0.0,0,
120,2026-10-09T15:24:05.650241+00:00,120.00131671999952,sr0,0.9983011479998822,1536,0,8,0,0,0,0,0,0.0,0.0,0,
120,2026-10-09T15:24:05.650241+00:00,120.00131671999952,sda,0.9983011479998822,356335104,10469212160,7903,61416,0,0,0,0,0.0,0.0,0,
120,2026-10-09T15:24:05.650241+00:00,120.00131671999952,sda1,0.9983011479998822,319488,0,78,0,0,0,0,0,0.0,0.0,0,
120,2026-10-09T15:24:05.650241+00:00,120.00131671999952,sda2,0.9983011479998822,326784000,229744640,6593,36998,0,0,0,0,0.0,0.0,0,
120,2026-10-09T15:24:05.650241+00:00,120.00131671999952,sda3,0.9983011479998822,5571584,118784,155,25,0,0,0,0,0.0,0.0,0,
120,2026-10-09T15:24:05.650241+00:00,120.00131671999952,sda4,0.9983011479998822,4657152,0,116,0,0,0,0,0,0.0,0.0,0,
120,2026-10-09T15:24:05.650241+00:00,120.00131671999952,sda5,0.9983011479998822,16548864,10239348736,826,24393,0,0,0,0,0.0,0.0,0,
121,2026-10-09T15:24:06.650032+00:00,121.00104725900019,loop0,0.999791670000377,374784,0,51,0,0,0,0,0,0.0,0.0,0,
121,2026-10-09T15:24:06.650032+00:00,121.00104725900019,loop1,0.999791670000377,2107392,0,217,0,0,0,0,0,0.0,0.0,0,
121,2026-10-09T15:24:06.650032+00:00,121.00104725900019,loop2,0.999791670000377,1106944,0,51,0,0,0,0,0,0.0,0.0,0,
121,2026-10-09T15:24:06.650032+00:00,121.00104725900019,loop3,0.999791670000377,1141760,0,66,0,0,0,0,0,0.0,0.0,0,
121,2026-10-09T15:24:06.650032+00:00,121.00104725900019,loop4,0.999791670000377,354304,0,43,0,0,0,0,0,0.0,0.0,0,
121,2026-10-09T15:24:06.650032+00:00,121.00104725900019,loop5,0.999791670000377,18432,0,12,0,0,0,0,0,0.0,0.0,0,
121,2026-10-09T15:24:06.650032+00:00,121.00104725900019,loop6,0.999791670000377,0,0,0,0,0,0,0,0,0.0,0.0,0,
121,2026-10-09T15:24:06.650032+00:00,121.00104725900019,loop7,0.999791670000377,0,0,0,0,0,0,0,0,0.0,0.0,0,
121,2026-10-09T15:24:06.650032+00:00,121.00104725900019,sr0,0.999791670000377,1536,0,8,0,0,0,0,0,0.0,0.0,0,
121,2026-10-09T15:24:06.650032+00:00,121.00104725900019,sda,0.999791670000377,356335104,10469228544,7903,61418,0,16384,0,2,0.0,16387.413989950346,16,
121,2026-10-09T15:24:06.650032+00:00,121.00104725900019,sda1,0.999791670000377,319488,0,78,0,0,0,0,0,0.0,0.0,0,
121,2026-10-09T15:24:06.650032+00:00,121.00104725900019,sda2,0.999791670000377,326784000,229744640,6593,36998,0,0,0,0,0.0,0.0,0,
121,2026-10-09T15:24:06.650032+00:00,121.00104725900019,sda3,0.999791670000377,5571584,118784,155,25,0,0,0,0,0.0,0.0,0,
121,2026-10-09T15:24:06.650032+00:00,121.00104725900019,sda4,0.999791670000377,4657152,0,116,0,0,0,0,0,0.0,0.0,0,
121,2026-10-09T15:24:06.650032+00:00,121.00104725900019,sda5,0.999791670000377,16548864,10239365120,826,24395,0,16384,0,2,0.0,16387.413989950346,16,
122,2026-10-09T15:24:07.650581+00:00,122.0013347260001,loop0,1.0005488939996212,374784,0,51,0,0,0,0,0,0.0,0.0,0,
122,2026-10-09T15:24:07.650581+00:00,122.0013347260001,loop1,1.0005488939996212,2107392,0,217,0,0,0,0,0,0.0,0.0,0,
122,2026-10-09T15:24:07.650581+00:00,122.0013347260001,loop2,1.0005488939996212,1106944,0,51,0,0,0,0,0,0.0,0.0,0,
122,2026-10-09T15:24:07.650581+00:00,122.0013347260001,loop3,1.0005488939996212,1141760,0,66,0,0,0,0,0,0.0,0.0,0,
122,2026-10-09T15:24:07.650581+00:00,122.0013347260001,loop4,1.0005488939996212,354304,0,43,0,0,0,0,0,0.0,0.0,0,
122,2026-10-09T15:24:07.650581+00:00,122.0013347260001,loop5,1.0005488939996212,18432,0,12,0,0,0,0,0,0.0,0.0,0,
122,2026-10-09T15:24:07.650581+00:00,122.0013347260001,loop6,1.0005488939996212,0,0,0,0,0,0,0,0,0.0,0.0,0,
122,2026-10-09T15:24:07.650581+00:00,122.0013347260001,loop7,1.0005488939996212,0,0,0,0,0,0,0,0,0.0,0.0,0,
122,2026-10-09T15:24:07.650581+00:00,122.0013347260001,sr0,1.0005488939996212,1536,0,8,0,0,0,0,0,0.0,0.0,0,
122,2026-10-09T15:24:07.650581+00:00,122.0013347260001,sda,1.0005488939996212,356335104,10469253120,7903,61420,0,24576,0,2,0.0,24562.517781374216,8,
122,2026-10-09T15:24:07.650581+00:00,122.0013347260001,sda1,1.0005488939996212,319488,0,78,0,0,0,0,0,0.0,0.0,0,
122,2026-10-09T15:24:07.650581+00:00,122.0013347260001,sda2,1.0005488939996212,326784000,229769216,6593,37000,0,24576,0,2,0.0,24562.517781374216,8,
122,2026-10-09T15:24:07.650581+00:00,122.0013347260001,sda3,1.0005488939996212,5571584,118784,155,25,0,0,0,0,0.0,0.0,0,
122,2026-10-09T15:24:07.650581+00:00,122.0013347260001,sda4,1.0005488939996212,4657152,0,116,0,0,0,0,0,0.0,0.0,0,
122,2026-10-09T15:24:07.650581+00:00,122.0013347260001,sda5,1.0005488939996212,16548864,10239365120,826,24395,0,0,0,0,0.0,0.0,0,
123,2026-10-09T15:24:08.650957+00:00,123.0016814720002,loop0,1.0003756169999178,374784,0,51,0,0,0,0,0,0.0,0.0,0,
123,2026-10-09T15:24:08.650957+00:00,123.0016814720002,loop1,1.0003756169999178,2107392,0,217,0,0,0,0,0,0.0,0.0,0,
123,2026-10-09T15:24:08.650957+00:00,123.0016814720002,loop2,1.0003756169999178,1106944,0,51,0,0,0,0,0,0.0,0.0,0,
123,2026-10-09T15:24:08.650957+00:00,123.0016814720002,loop3,1.0003756169999178,1141760,0,66,0,0,0,0,0,0.0,0.0,0,
123,2026-10-09T15:24:08.650957+00:00,123.0016814720002,loop4,1.0003756169999178,354304,0,43,0,0,0,0,0,0.0,0.0,0,
123,2026-10-09T15:24:08.650957+00:00,123.0016814720002,loop5,1.0003756169999178,18432,0,12,0,0,0,0,0,0.0,0.0,0,
123,2026-10-09T15:24:08.650957+00:00,123.0016814720002,loop6,1.0003756169999178,0,0,0,0,0,0,0,0,0.0,0.0,0,
123,2026-10-09T15:24:08.650957+00:00,123.0016814720002,loop7,1.0003756169999178,0,0,0,0,0,0,0,0,0.0,0.0,0,
123,2026-10-09T15:24:08.650957+00:00,123.0016814720002,sr0,1.0003756169999178,1536,0,8,0,0,0,0,0,0.0,0.0,0,
123,2026-10-09T15:24:08.650957+00:00,123.0016814720002,sda,1.0003756169999178,356335104,10469261312,7903,61421,0,8192,0,1,0.0,8188.9241008966665,4,
123,2026-10-09T15:24:08.650957+00:00,123.0016814720002,sda1,1.0003756169999178,319488,0,78,0,0,0,0,0,0.0,0.0,0,
123,2026-10-09T15:24:08.650957+00:00,123.0016814720002,sda2,1.0003756169999178,326784000,229777408,6593,37001,0,8192,0,1,0.0,8188.9241008966665,4,
123,2026-10-09T15:24:08.650957+00:00,123.0016814720002,sda3,1.0003756169999178,5571584,118784,155,25,0,0,0,0,0.0,0.0,0,
123,2026-10-09T15:24:08.650957+00:00,123.0016814720002,sda4,1.0003756169999178,4657152,0,116,0,0,0,0,0,0.0,0.0,0,
123,2026-10-09T15:24:08.650957+00:00,123.0016814720002,sda5,1.0003756169999178,16548864,10239365120,826,24395,0,0,0,0,0.0,0.0,0,
124,2026-10-09T15:24:09.650271+00:00,124.00120421799966,loop0,0.9993142160001298,374784,0,51,0,0,0,0,0,0.0,0.0,0,
124,2026-10-09T15:24:09.650271+00:00,124.00120421799966,loop1,0.9993142160001298,2107392,0,217,0,0,0,0,0,0.0,0.0,0,
124,2026-10-09T15:24:09.650271+00:00,124.00120421799966,loop2,0.9993142160001298,1106944,0,51,0,0,0,0,0,0.0,0.0,0,
124,2026-10-09T15:24:09.650271+00:00,124.00120421799966,loop3,0.9993142160001298,1141760,0,66,0,0,0,0,0,0.0,0.0,0,
124,2026-10-09T15:24:09.650271+00:00,124.00120421799966,loop4,0.9993142160001298,354304,0,43,0,0,0,0,0,0.0,0.0,0,
124,2026-10-09T15:24:09.650271+00:00,124.00120421799966,loop5,0.9993142160001298,18432,0,12,0,0,0,0,0,0.0,0.0,0,
124,2026-10-09T15:24:09.650271+00:00,124.00120421799966,loop6,0.9993142160001298,0,0,0,0,0,0,0,0,0.0,0.0,0,
124,2026-10-09T15:24:09.650271+00:00,124.00120421799966,loop7,0.9993142160001298,0,0,0,0,0,0,0,0,0.0,0.0,0,
124,2026-10-09T15:24:09.650271+00:00,124.00120421799966,sr0,0.9993142160001298,1536,0,8,0,0,0,0,0,0.0,0.0,0,
124,2026-10-09T15:24:09.650271+00:00,124.00120421799966,sda,0.9993142160001298,356335104,10469261312,7903,61421,0,0,0,0,0.0,0.0,0,
124,2026-10-09T15:24:09.650271+00:00,124.00120421799966,sda1,0.9993142160001298,319488,0,78,0,0,0,0,0,0.0,0.0,0,
124,2026-10-09T15:24:09.650271+00:00,124.00120421799966,sda2,0.9993142160001298,326784000,229777408,6593,37001,0,0,0,0,0.0,0.0,0,
124,2026-10-09T15:24:09.650271+00:00,124.00120421799966,sda3,0.9993142160001298,5571584,118784,155,25,0,0,0,0,0.0,0.0,0,
124,2026-10-09T15:24:09.650271+00:00,124.00120421799966,sda4,0.9993142160001298,4657152,0,116,0,0,0,0,0,0.0,0.0,0,
124,2026-10-09T15:24:09.650271+00:00,124.00120421799966,sda5,0.9993142160001298,16548864,10239365120,826,24395,0,0,0,0,0.0,0.0,0,
125,2026-10-09T15:24:10.649918+00:00,125.00073026399969,loop0,0.9996468230001483,374784,0,51,0,0,0,0,0,0.0,0.0,0,
125,2026-10-09T15:24:10.649918+00:00,125.00073026399969,loop1,0.9996468230001483,2107392,0,217,0,0,0,0,0,0.0,0.0,0,
125,2026-10-09T15:24:10.649918+00:00,125.00073026399969,loop2,0.9996468230001483,1106944,0,51,0,0,0,0,0,0.0,0.0,0,
125,2026-10-09T15:24:10.649918+00:00,125.00073026399969,loop3,0.9996468230001483,1141760,0,66,0,0,0,0,0,0.0,0.0,0,
125,2026-10-09T15:24:10.649918+00:00,125.00073026399969,loop4,0.9996468230001483,354304,0,43,0,0,0,0,0,0.0,0.0,0,
125,2026-10-09T15:24:10.649918+00:00,125.00073026399969,loop5,0.9996468230001483,18432,0,12,0,0,0,0,0,0.0,0.0,0,
125,2026-10-09T15:24:10.649918+00:00,125.00073026399969,loop6,0.9996468230001483,0,0,0,0,0,0,0,0,0.0,0.0,0,
125,2026-10-09T15:24:10.649918+00:00,125.00073026399969,loop7,0.9996468230001483,0,0,0,0,0,0,0,0,0.0,0.0,0,
125,2026-10-09T15:24:10.649918+00:00,125.00073026399969,sr0,0.9996468230001483,1536,0,8,0,0,0,0,0,0.0,0.0,0,
125,2026-10-09T15:24:10.649918+00:00,125.00073026399969,sda,0.9996468230001483,356335104,10469289984,7903,61423,0,28672,0,2,0.0,28682.12986857634,4,
125,2026-10-09T15:24:10.649918+00:00,125.00073026399969,sda1,0.9996468230001483,319488,0,78,0,0,0,0,0,0.0,0.0,0,
125,2026-10-09T15:24:10.649918+00:00,125.00073026399969,sda2,0.9996468230001483,326784000,229806080,6593,37003,0,28672,0,2,0.0,28682.12986857634,4,
125,2026-10-09T15:24:10.649918+00:00,125.00073026399969,sda3,0.9996468230001483,5571584,118784,155,25,0,0,0,0,0.0,0.0,0,
125,2026-10-09T15:24:10.649918+00:00,125.00073026399969,sda4,0.9996468230001483,4657152,0,116,0,0,0,0,0,0.0,0.0,0,
125,2026-10-09T15:24:10.649918+00:00,125.00073026399969,sda5,0.9996468230001483,16548864,10239365120,826,24395,0,0,0,0,0.0,0.0,0,
126,2026-10-09T15:24:11.650805+00:00,126.0017705600003,loop0,1.0008874960003595,374784,0,51,0,0,0,0,0,0.0,0.0,0,
126,2026-10-09T15:24:11.650805+00:00,126.0017705600003,loop1,1.0008874960003595,2107392,0,217,0,0,0,0,0,0.0,0.0,0,
126,2026-10-09T15:24:11.650805+00:00,126.0017705600003,loop2,1.0008874960003595,1106944,0,51,0,0,0,0,0,0.0,0.0,0,
126,2026-10-09T15:24:11.650805+00:00,126.0017705600003,loop3,1.0008874960003595,1141760,0,66,0,0,0,0,0,0.0,0.0,0,
126,2026-10-09T15:24:11.650805+00:00,126.0017705600003,loop4,1.0008874960003595,354304,0,43,0,0,0,0,0,0.0,0.0,0,
126,2026-10-09T15:24:11.650805+00:00,126.0017705600003,loop5,1.0008874960003595,18432,0,12,0,0,0,0,0,0.0,0.0,0,
126,2026-10-09T15:24:11.650805+00:00,126.0017705600003,loop6,1.0008874960003595,0,0,0,0,0,0,0,0,0.0,0.0,0,
126,2026-10-09T15:24:11.650805+00:00,126.0017705600003,loop7,1.0008874960003595,0,0,0,0,0,0,0,0,0.0,0.0,0,
126,2026-10-09T15:24:11.650805+00:00,126.0017705600003,sr0,1.0008874960003595,1536,0,8,0,0,0,0,0,0.0,0.0,0,
126,2026-10-09T15:24:11.650805+00:00,126.0017705600003,sda,1.0008874960003595,356335104,10469289984,7903,61423,0,0,0,0,0.0,0.0,0,
126,2026-10-09T15:24:11.650805+00:00,126.0017705600003,sda1,1.0008874960003595,319488,0,78,0,0,0,0,0,0.0,0.0,0,
126,2026-10-09T15:24:11.650805+00:00,126.0017705600003,sda2,1.0008874960003595,326784000,229806080,6593,37003,0,0,0,0,0.0,0.0,0,
126,2026-10-09T15:24:11.650805+00:00,126.0017705600003,sda3,1.0008874960003595,5571584,118784,155,25,0,0,0,0,0.0,0.0,0,
126,2026-10-09T15:24:11.650805+00:00,126.0017705600003,sda4,1.0008874960003595,4657152,0,116,0,0,0,0,0,0.0,0.0,0,
126,2026-10-09T15:24:11.650805+00:00,126.0017705600003,sda5,1.0008874960003595,16548864,10239365120,826,24395,0,0,0,0,0.0,0.0,0,
127,2026-10-09T15:24:12.650280+00:00,127.00105474599968,loop0,0.9994749099996625,374784,0,51,0,0,0,0,0,0.0,0.0,0,
127,2026-10-09T15:24:12.650280+00:00,127.00105474599968,loop1,0.9994749099996625,2107392,0,217,0,0,0,0,0,0.0,0.0,0,
127,2026-10-09T15:24:12.650280+00:00,127.00105474599968,loop2,0.9994749099996625,1106944,0,51,0,0,0,0,0,0.0,0.0,0,
127,2026-10-09T15:24:12.650280+00:00,127.00105474599968,loop3,0.9994749099996625,1141760,0,66,0,0,0,0,0,0.0,0.0,0,
127,2026-10-09T15:24:12.650280+00:00,127.00105474599968,loop4,0.9994749099996625,354304,0,43,0,0,0,0,0,0.0,0.0,0,
127,2026-10-09T15:24:12.650280+00:00,127.00105474599968,loop5,0.9994749099996625,18432,0,12,0,0,0,0,0,0.0,0.0,0,
127,2026-10-09T15:24:12.650280+00:00,127.00105474599968,loop6,0.9994749099996625,0,0,0,0,0,0,0,0,0.0,0.0,0,
127,2026-10-09T15:24:12.650280+00:00,127.00105474599968,loop7,0.9994749099996625,0,0,0,0,0,0,0,0,0.0,0.0,0,
127,2026-10-09T15:24:12.650280+00:00,127.00105474599968,sr0,0.9994749099996625,1536,0,8,0,0,0,0,0,0.0,0.0,0,
127,2026-10-09T15:24:12.650280+00:00,127.00105474599968,sda,0.9994749099996625,356335104,10469367808,7903,61427,0,77824,0,4,0.0,77864.88607305438,20,
127,2026-10-09T15:24:12.650280+00:00,127.00105474599968,sda1,0.9994749099996625,319488,0,78,0,0,0,0,0,0.0,0.0,0,
127,2026-10-09T15:24:12.650280+00:00,127.00105474599968,sda2,0.9994749099996625,326784000,229867520,6593,37005,0,61440,0,2,0.0,61472.278478727145,8,
127,2026-10-09T15:24:12.650280+00:00,127.00105474599968,sda3,0.9994749099996625,5571584,118784,155,25,0,0,0,0,0.0,0.0,0,
127,2026-10-09T15:24:12.650280+00:00,127.00105474599968,sda4,0.9994749099996625,4657152,0,116,0,0,0,0,0,0.0,0.0,0,
127,2026-10-09T15:24:12.650280+00:00,127.00105474599968,sda5,0.9994749099996625,16548864,10239381504,826,24397,0,16384,0,2,0.0,16392.607594327237,12,
128,2026-10-09T15:24:13.650132+00:00,128.00108580399956,loop0,0.999851628000215,374784,0,51,0,0,0,0,0,0.0,0.0,0,
128,2026-10-09T15:24:13.650132+00:00,128.00108580399956,loop1,0.999851628000215,2107392,0,217,0,0,0,0,0,0.0,0.0,0,
128,2026-10-09T15:24:13.650132+00:00,128.00108580399956,loop2,0.999851628000215,1106944,0,51,0,0,0,0,0,0.0,0.0,0,
128,2026-10-09T15:24:13.650132+00:00,128.00108580399956,loop3,0.999851628000215,1141760,0,66,0,0,0,0,0,0.0,0.0,0,
128,2026-10-09T15:24:13.650132+00:00,128.00108580399956,loop4,0.999851628000215,354304,0,43,0,0,0,0,0,0.0,0.0,0,
128,2026-10-09T15:24:13.650132+00:00,128.00108580399956,loop5,0.999851628000215,18432,0,12,0,0,0,0,0,0.0,0.0,0,
128,2026-10-09T15:24:13.650132+00:00,128.00108580399956,loop6,0.999851628000215,0,0,0,0,0,0,0,0,0.0,0.0,0,
128,2026-10-09T15:24:13.650132+00:00,128.00108580399956,loop7,0.999851628000215,0,0,0,0,0,0,0,0,0.0,0.0,0,
128,2026-10-09T15:24:13.650132+00:00,128.00108580399956,sr0,0.999851628000215,1536,0,8,0,0,0,0,0,0.0,0.0,0,
128,2026-10-09T15:24:13.650132+00:00,128.00108580399956,sda,0.999851628000215,356335104,10469367808,7903,61427,0,0,0,0,0.0,0.0,0,
128,2026-10-09T15:24:13.650132+00:00,128.00108580399956,sda1,0.999851628000215,319488,0,78,0,0,0,0,0,0.0,0.0,0,
128,2026-10-09T15:24:13.650132+00:00,128.00108580399956,sda2,0.999851628000215,326784000,229867520,6593,37005,0,0,0,0,0.0,0.0,0,
128,2026-10-09T15:24:13.650132+00:00,128.00108580399956,sda3,0.999851628000215,5571584,118784,155,25,0,0,0,0,0.0,0.0,0,
128,2026-10-09T15:24:13.650132+00:00,128.00108580399956,sda4,0.999851628000215,4657152,0,116,0,0,0,0,0,0.0,0.0,0,
128,2026-10-09T15:24:13.650132+00:00,128.00108580399956,sda5,0.999851628000215,16548864,10239381504,826,24397,0,0,0,0,0.0,0.0,0,
129,2026-10-09T15:24:14.650345+00:00,129.00124889800009,loop0,1.0002129719996447,374784,0,51,0,0,0,0,0,0.0,0.0,0,
129,2026-10-09T15:24:14.650345+00:00,129.00124889800009,loop1,1.0002129719996447,2107392,0,217,0,0,0,0,0,0.0,0.0,0,
129,2026-10-09T15:24:14.650345+00:00,129.00124889800009,loop2,1.0002129719996447,1106944,0,51,0,0,0,0,0,0.0,0.0,0,
129,2026-10-09T15:24:14.650345+00:00,129.00124889800009,loop3,1.0002129719996447,1141760,0,66,0,0,0,0,0,0.0,0.0,0,
129,2026-10-09T15:24:14.650345+00:00,129.00124889800009,loop4,1.0002129719996447,354304,0,43,0,0,0,0,0,0.0,0.0,0,
129,2026-10-09T15:24:14.650345+00:00,129.00124889800009,loop5,1.0002129719996447,18432,0,12,0,0,0,0,0,0.0,0.0,0,
129,2026-10-09T15:24:14.650345+00:00,129.00124889800009,loop6,1.0002129719996447,0,0,0,0,0,0,0,0,0.0,0.0,0,
129,2026-10-09T15:24:14.650345+00:00,129.00124889800009,loop7,1.0002129719996447,0,0,0,0,0,0,0,0,0.0,0.0,0,
129,2026-10-09T15:24:14.650345+00:00,129.00124889800009,sr0,1.0002129719996447,1536,0,8,0,0,0,0,0,0.0,0.0,0,
129,2026-10-09T15:24:14.650345+00:00,129.00124889800009,sda,1.0002129719996447,356335104,10469367808,7903,61427,0,0,0,0,0.0,0.0,0,
129,2026-10-09T15:24:14.650345+00:00,129.00124889800009,sda1,1.0002129719996447,319488,0,78,0,0,0,0,0,0.0,0.0,0,
129,2026-10-09T15:24:14.650345+00:00,129.00124889800009,sda2,1.0002129719996447,326784000,229867520,6593,37005,0,0,0,0,0.0,0.0,0,
129,2026-10-09T15:24:14.650345+00:00,129.00124889800009,sda3,1.0002129719996447,5571584,118784,155,25,0,0,0,0,0.0,0.0,0,
129,2026-10-09T15:24:14.650345+00:00,129.00124889800009,sda4,1.0002129719996447,4657152,0,116,0,0,0,0,0,0.0,0.0,0,
129,2026-10-09T15:24:14.650345+00:00,129.00124889800009,sda5,1.0002129719996447,16548864,10239381504,826,24397,0,0,0,0,0.0,0.0,0,
130,2026-10-09T15:24:15.650622+00:00,130.00166412900035,loop0,1.0002771580002445,374784,0,51,0,0,0,0,0,0.0,0.0,0,
130,2026-10-09T15:24:15.650622+00:00,130.00166412900035,loop1,1.0002771580002445,2107392,0,217,0,0,0,0,0,0.0,0.0,0,
130,2026-10-09T15:24:15.650622+00:00,130.00166412900035,loop2,1.0002771580002445,1106944,0,51,0,0,0,0,0,0.0,0.0,0,
130,2026-10-09T15:24:15.650622+00:00,130.00166412900035,loop3,1.0002771580002445,1141760,0,66,0,0,0,0,0,0.0,0.0,0,
130,2026-10-09T15:24:15.650622+00:00,130.00166412900035,loop4,1.0002771580002445,354304,0,43,0,0,0,0,0,0.0,0.0,0,
130,2026-10-09T15:24:15.650622+00:00,130.00166412900035,loop5,1.0002771580002445,18432,0,12,0,0,0,0,0,0.0,0.0,0,
130,2026-10-09T15:24:15.650622+00:00,130.00166412900035,loop6,1.0002771580002445,0,0,0,0,0,0,0,0,0.0,0.0,0,
130,2026-10-09T15:24:15.650622+00:00,130.00166412900035,loop7,1.0002771580002445,0,0,0,0,0,0,0,0,0.0,0.0,0,
130,2026-10-09T15:24:15.650622+00:00,130.00166412900035,sr0,1.0002771580002445,1536,0,8,0,0,0,0,0,0.0,0.0,0,
130,2026-10-09T15:24:15.650622+00:00,130.00166412900035,sda,1.0002771580002445,356335104,10469425152,7903,61437,0,57344,0,10,0.0,57328.11105538209,4,
130,2026-10-09T15:24:15.650622+00:00,130.00166412900035,sda1,1.0002771580002445,319488,0,78,0,0,0,0,0,0.0,0.0,0,
130,2026-10-09T15:24:15.650622+00:00,130.00166412900035,sda2,1.0002771580002445,326784000,229867520,6593,37005,0,0,0,0,0.0,0.0,0,
130,2026-10-09T15:24:15.650622+00:00,130.00166412900035,sda3,1.0002771580002445,5571584,118784,155,25,0,0,0,0,0.0,0.0,0,
130,2026-10-09T15:24:15.650622+00:00,130.00166412900035,sda4,1.0002771580002445,4657152,0,116,0,0,0,0,0,0.0,0.0,0,
130,2026-10-09T15:24:15.650622+00:00,130.00166412900035,sda5,1.0002771580002445,16548864,10239438848,826,24407,0,57344,0,10,0.0,57328.11105538209,4,
131,2026-10-09T15:24:16.650739+00:00,131.0014948979997,loop0,1.0001167210002677,374784,0,51,0,0,0,0,0,0.0,0.0,0,
131,2026-10-09T15:24:16.650739+00:00,131.0014948979997,loop1,1.0001167210002677,2107392,0,217,0,0,0,0,0,0.0,0.0,0,
131,2026-10-09T15:24:16.650739+00:00,131.0014948979997,loop2,1.0001167210002677,1106944,0,51,0,0,0,0,0,0.0,0.0,0,
131,2026-10-09T15:24:16.650739+00:00,131.0014948979997,loop3,1.0001167210002677,1141760,0,66,0,0,0,0,0,0.0,0.0,0,
131,2026-10-09T15:24:16.650739+00:00,131.0014948979997,loop4,1.0001167210002677,354304,0,43,0,0,0,0,0,0.0,0.0,0,
131,2026-10-09T15:24:16.650739+00:00,131.0014948979997,loop5,1.0001167210002677,18432,0,12,0,0,0,0,0,0.0,0.0,0,
131,2026-10-09T15:24:16.650739+00:00,131.0014948979997,loop6,1.0001167210002677,0,0,0,0,0,0,0,0,0.0,0.0,0,
131,2026-10-09T15:24:16.650739+00:00,131.0014948979997,loop7,1.0001167210002677,0,0,0,0,0,0,0,0,0.0,0.0,0,
131,2026-10-09T15:24:16.650739+00:00,131.0014948979997,sr0,1.0001167210002677,1536,0,8,0,0,0,0,0,0.0,0.0,0,
131,2026-10-09T15:24:16.650739+00:00,131.0014948979997,sda,1.0001167210002677,356335104,10469425152,7903,61437,0,0,0,0,0.0,0.0,0,
131,2026-10-09T15:24:16.650739+00:00,131.0014948979997,sda1,1.0001167210002677,319488,0,78,0,0,0,0,0,0.0,0.0,0,
131,2026-10-09T15:24:16.650739+00:00,131.0014948979997,sda2,1.0001167210002677,326784000,229867520,6593,37005,0,0,0,0,0.0,0.0,0,
131,2026-10-09T15:24:16.650739+00:00,131.0014948979997,sda3,1.0001167210002677,5571584,118784,155,25,0,0,0,0,0.0,0.0,0,
131,2026-10-09T15:24:16.650739+00:00,131.0014948979997,sda4,1.0001167210002677,4657152,0,116,0,0,0,0,0,0.0,0.0,0,
131,2026-10-09T15:24:16.650739+00:00,131.0014948979997,sda5,1.0001167210002677,16548864,10239438848,826,24407,0,0,0,0,0.0,0.0,0,
132,2026-10-09T15:24:17.650288+00:00,132.00132885899984,loop0,0.9995491519994175,374784,0,51,0,0,0,0,0,0.0,0.0,0,
132,2026-10-09T15:24:17.650288+00:00,132.00132885899984,loop1,0.9995491519994175,2107392,0,217,0,0,0,0,0,0.0,0.0,0,
132,2026-10-09T15:24:17.650288+00:00,132.00132885899984,loop2,0.9995491519994175,1106944,0,51,0,0,0,0,0,0.0,0.0,0,
132,2026-10-09T15:24:17.650288+00:00,132.00132885899984,loop3,0.9995491519994175,1141760,0,66,0,0,0,0,0,0.0,0.0,0,
132,2026-10-09T15:24:17.650288+00:00,132.00132885899984,loop4,0.9995491519994175,354304,0,43,0,0,0,0,0,0.0,0.0,0,
132,2026-10-09T15:24:17.650288+00:00,132.00132885899984,loop5,0.9995491519994175,18432,0,12,0,0,0,0,0,0.0,0.0,0,
132,2026-10-09T15:24:17.650288+00:00,132.00132885899984,loop6,0.9995491519994175,0,0,0,0,0,0,0,0,0.0,0.0,0,
132,2026-10-09T15:24:17.650288+00:00,132.00132885899984,loop7,0.9995491519994175,0,0,0,0,0,0,0,0,0.0,0.0,0,
132,2026-10-09T15:24:17.650288+00:00,132.00132885899984,sr0,0.9995491519994175,1536,0,8,0,0,0,0,0,0.0,0.0,0,
132,2026-10-09T15:24:17.650288+00:00,132.00132885899984,sda,0.9995491519994175,356335104,10469568512,7903,61444,0,143360,0,7,0.0,143424.66272242262,20,
132,2026-10-09T15:24:17.650288+00:00,132.00132885899984,sda1,0.9995491519994175,319488,0,78,0,0,0,0,0,0.0,0.0,0,
132,2026-10-09T15:24:17.650288+00:00,132.00132885899984,sda2,0.9995491519994175,326784000,229892096,6593,37007,0,24576,0,2,0.0,24587.085038129593,8,
132,2026-10-09T15:24:17.650288+00:00,132.00132885899984,sda3,0.9995491519994175,5571584,118784,155,25,0,0,0,0,0.0,0.0,0,
132,2026-10-09T15:24:17.650288+00:00,132.00132885899984,sda4,0.9995491519994175,4657152,0,116,0,0,0,0,0,0.0,0.0,0,
132,2026-10-09T15:24:17.650288+00:00,132.00132885899984,sda5,0.9995491519994175,16548864,10239557632,826,24412,0,118784,0,5,0.0,118837.57768429304,12,
133,2026-10-09T15:24:18.649755+00:00,133.0008061970002,loop0,0.9994676250007615,374784,0,51,0,0,0,0,0,0.0,0.0,0,
133,2026-10-09T15:24:18.649755+00:00,133.0008061970002,loop1,0.9994676250007615,2107392,0,217,0,0,0,0,0,0.0,0.0,0,
133,2026-10-09T15:24:18.649755+00:00,133.0008061970002,loop2,0.9994676250007615,1106944,0,51,0,0,0,0,0,0.0,0.0,0,
133,2026-10-09T15:24:18.649755+00:00,133.0008061970002,loop3,0.9994676250007615,1141760,0,66,0,0,0,0,0,0.0,0.0,0,
133,2026-10-09T15:24:18.649755+00:00,133.0008061970002,loop4,0.9994676250007615,354304,0,43,0,0,0,0,0,0.0,0.0,0,
133,2026-10-09T15:24:18.649755+00:00,133.0008061970002,loop5,0.9994676250007615,18432,0,12,0,0,0,0,0,0.0,0.0,0,
133,2026-10-09T15:24:18.649755+00:00,133.0008061970002,loop6,0.9994676250007615,0,0,0,0,0,0,0,0,0.0,0.0,0,
133,2026-10-09T15:24:18.649755+00:00,133.0008061970002,loop7,0.9994676250007615,0,0,0,0,0,0,0,0,0.0,0.0,0,
133,2026-10-09T15:24:18.649755+00:00,133.0008061970002,sr0,0.9994676250007615,1536,0,8,0,0,0,0,0,0.0,0.0,0,
133,2026-10-09T15:24:18.649755+00:00,133.0008061970002,sda,0.9994676250007615,356335104,10469568512,7903,61444,0,0,0,0,0.0,0.0,0,
133,2026-10-09T15:24:18.649755+00:00,133.0008061970002,sda1,0.9994676250007615,319488,0,78,0,0,0,0,0,0.0,0.0,0,
133,2026-10-09T15:24:18.649755+00:00,133.0008061970002,sda2,0.9994676250007615,326784000,229892096,6593,37007,0,0,0,0,0.0,0.0,0,
133,2026-10-09T15:24:18.649755+00:00,133.0008061970002,sda3,0.9994676250007615,5571584,118784,155,25,0,0,0,0,0.0,0.0,0,
133,2026-10-09T15:24:18.649755+00:00,133.0008061970002,sda4,0.9994676250007615,4657152,0,116,0,0,0,0,0,0.0,0.0,0,
133,2026-10-09T15:24:18.649755+00:00,133.0008061970002,sda5,0.9994676250007615,16548864,10239557632,826,24412,0,0,0,0,0.0,0.0,0,
134,2026-10-09T15:24:19.651581+00:00,134.00269414899958,loop0,1.0018255099994349,374784,0,51,0,0,0,0,0,0.0,0.0,0,
134,2026-10-09T15:24:19.651581+00:00,134.00269414899958,loop1,1.0018255099994349,2107392,0,217,0,0,0,0,0,0.0,0.0,0,
134,2026-10-09T15:24:19.651581+00:00,134.00269414899958,loop2,1.0018255099994349,1106944,0,51,0,0,0,0,0,0.0,0.0,0,
134,2026-10-09T15:24:19.651581+00:00,134.00269414899958,loop3,1.0018255099994349,1141760,0,66,0,0,0,0,0,0.0,0.0,0,
134,2026-10-09T15:24:19.651581+00:00,134.00269414899958,loop4,1.0018255099994349,354304,0,43,0,0,0,0,0,0.0,0.0,0,
134,2026-10-09T15:24:19.651581+00:00,134.00269414899958,loop5,1.0018255099994349,18432,0,12,0,0,0,0,0,0.0,0.0,0,
134,2026-10-09T15:24:19.651581+00:00,134.00269414899958,loop6,1.0018255099994349,0,0,0,0,0,0,0,0,0.0,0.0,0,
134,2026-10-09T15:24:19.651581+00:00,134.00269414899958,loop7,1.0018255099994349,0,0,0,0,0,0,0,0,0.0,0.0,0,
134,2026-10-09T15:24:19.651581+00:00,134.00269414899958,sr0,1.0018255099994349,1536,0,8,0,0,0,0,0,0.0,0.0,0,
134,2026-10-09T15:24:19.651581+00:00,134.00269414899958,sda,1.0018255099994349,356335104,10469568512,7903,61444,0,0,0,0,0.0,0.0,0,
134,2026-10-09T15:24:19.651581+00:00,134.00269414899958,sda1,1.0018255099994349,319488,0,78,0,0,0,0,0,0.0,0.0,0,
134,2026-10-09T15:24:19.651581+00:00,134.00269414899958,sda2,1.0018255099994349,326784000,229892096,6593,37007,0,0,0,0,0.0,0.0,0,
134,2026-10-09T15:24:19.651581+00:00,134.00269414899958,sda3,1.0018255099994349,5571584,118784,155,25,0,0,0,0,0.0,0.0,0,
134,2026-10-09T15:24:19.651581+00:00,134.00269414899958,sda4,1.0018255099994349,4657152,0,116,0,0,0,0,0,0.0,0.0,0,
134,2026-10-09T15:24:19.651581+00:00,134.00269414899958,sda5,1.0018255099994349,16548864,10239557632,826,24412,0,0,0,0,0.0,0.0,0,
135,2026-10-09T15:24:20.650850+00:00,135.0018656330003,loop0,0.9992686759997014,374784,0,51,0,0,0,0,0,0.0,0.0,0,
135,2026-10-09T15:24:20.650850+00:00,135.0018656330003,loop1,0.9992686759997014,2107392,0,217,0,0,0,0,0,0.0,0.0,0,
135,2026-10-09T15:24:20.650850+00:00,135.0018656330003,loop2,0.9992686759997014,1106944,0,51,0,0,0,0,0,0.0,0.0,0,
135,2026-10-09T15:24:20.650850+00:00,135.0018656330003,loop3,0.9992686759997014,1141760,0,66,0,0,0,0,0,0.0,0.0,0,
135,2026-10-09T15:24:20.650850+00:00,135.0018656330003,loop4,0.9992686759997014,354304,0,43,0,0,0,0,0,0.0,0.0,0,
135,2026-10-09T15:24:20.650850+00:00,135.0018656330003,loop5,0.9992686759997014,18432,0,12,0,0,0,0,0,0.0,0.0,0,
135,2026-10-09T15:24:20.650850+00:00,135.0018656330003,loop6,0.9992686759997014,0,0,0,0,0,0,0,0,0.0,0.0,0,
135,2026-10-09T15:24:20.650850+00:00,135.0018656330003,loop7,0.9992686759997014,0,0,0,0,0,0,0,0,0.0,0.0,0,
135,2026-10-09T15:24:20.650850+00:00,135.0018656330003,sr0,0.9992686759997014,1536,0,8,0,0,0,0,0,0.0,0.0,0,
135,2026-10-09T15:24:20.650850+00:00,135.0018656330003,sda,0.9992686759997014,356335104,10469621760,7903,61456,0,53248,0,12,0.0,53286.97004009351,4,
135,2026-10-09T15:24:20.650850+00:00,135.0018656330003,sda1,0.9992686759997014,319488,0,78,0,0,0,0,0,0.0,0.0,0,
135,2026-10-09T15:24:20.650850+00:00,135.0018656330003,sda2,0.9992686759997014,326784000,229945344,6593,37019,0,53248,0,12,0.0,53286.97004009351,4,
135,2026-10-09T15:24:20.650850+00:00,135.0018656330003,sda3,0.9992686759997014,5571584,118784,155,25,0,0,0,0,0.0,0.0,0,
135,2026-10-09T15:24:20.650850+00:00,135.0018656330003,sda4,0.9992686759997014,4657152,0,116,0,0,0,0,0,0.0,0.0,0,
135,2026-10-09T15:24:20.650850+00:00,135.0018656330003,sda5,0.9992686759997014,16548864,10239557632,826,24412,0,0,0,0,0.0,0.0,0,
136,2026-10-09T15:24:21.651030+00:00,136.00176261199977,loop0,1.0001800420004656,374784,0,51,0,0,0,0,0,0.0,0.0,0,
136,2026-10-09T15:24:21.651030+00:00,136.00176261199977,loop1,1.0001800420004656,2107392,0,217,0,0,0,0,0,0.0,0.0,0,
136,2026-10-09T15:24:21.651030+00:00,136.00176261199977,loop2,1.0001800420004656,1106944,0,51,0,0,0,0,0,0.0,0.0,0,
136,2026-10-09T15:24:21.651030+00:00,136.00176261199977,loop3,1.0001800420004656,1141760,0,66,0,0,0,0,0,0.0,0.0,0,
136,2026-10-09T15:24:21.651030+00:00,136.00176261199977,loop4,1.0001800420004656,354304,0,43,0,0,0,0,0,0.0,0.0,0,
136,2026-10-09T15:24:21.651030+00:00,136.00176261199977,loop5,1.0001800420004656,18432,0,12,0,0,0,0,0,0.0,0.0,0,
136,2026-10-09T15:24:21.651030+00:00,136.00176261199977,loop6,1.0001800420004656,0,0,0,0,0,0,0,0,0.0,0.0,0,
136,2026-10-09T15:24:21.651030+00:00,136.00176261199977,loop7,1.0001800420004656,0,0,0,0,0,0,0,0,0.0,0.0,0,
136,2026-10-09T15:24:21.651030+00:00,136.00176261199977,sr0,1.0001800420004656,1536,0,8,0,0,0,0,0,0.0,0.0,0,
136,2026-10-09T15:24:21.651030+00:00,136.00176261199977,sda,1.0001800420004656,356335104,10473254912,7903,62062,0,3633152,0,606,0.0,3632497.99779379,176,
136,2026-10-09T15:24:21.651030+00:00,136.00176261199977,sda1,1.0001800420004656,319488,0,78,0,0,0,0,0,0.0,0.0,0,
136,2026-10-09T15:24:21.651030+00:00,136.00176261199977,sda2,1.0001800420004656,326784000,233578496,6593,37625,0,3633152,0,606,0.0,3632497.99779379,176,
136,2026-10-09T15:24:21.651030+00:00,136.00176261199977,sda3,1.0001800420004656,5571584,118784,155,25,0,0,0,0,0.0,0.0,0,
136,2026-10-09T15:24:21.651030+00:00,136.00176261199977,sda4,1.0001800420004656,4657152,0,116,0,0,0,0,0,0.0,0.0,0,
136,2026-10-09T15:24:21.651030+00:00,136.00176261199977,sda5,1.0001800420004656,16548864,10239557632,826,24412,0,0,0,0,0.0,0.0,0,
137,2026-10-09T15:24:22.650347+00:00,137.00143887800004,loop0,0.9993172799995591,374784,0,51,0,0,0,0,0,0.0,0.0,0,
137,2026-10-09T15:24:22.650347+00:00,137.00143887800004,loop1,0.9993172799995591,2107392,0,217,0,0,0,0,0,0.0,0.0,0,
137,2026-10-09T15:24:22.650347+00:00,137.00143887800004,loop2,0.9993172799995591,1106944,0,51,0,0,0,0,0,0.0,0.0,0,
137,2026-10-09T15:24:22.650347+00:00,137.00143887800004,loop3,0.9993172799995591,1141760,0,66,0,0,0,0,0,0.0,0.0,0,
137,2026-10-09T15:24:22.650347+00:00,137.00143887800004,loop4,0.9993172799995591,354304,0,43,0,0,0,0,0,0.0,0.0,0,
137,2026-10-09T15:24:22.650347+00:00,137.00143887800004,loop5,0.9993172799995591,18432,0,12,0,0,0,0,0,0.0,0.0,0,
137,2026-10-09T15:24:22.650347+00:00,137.00143887800004,loop6,0.9993172799995591,0,0,0,0,0,0,0,0,0.0,0.0,0,
137,2026-10-09T15:24:22.650347+00:00,137.00143887800004,loop7,0.9993172799995591,0,0,0,0,0,0,0,0,0.0,0.0,0,
137,2026-10-09T15:24:22.650347+00:00,137.00143887800004,sr0,0.9993172799995591,1536,0,8,0,0,0,0,0,0.0,0.0,0,
137,2026-10-09T15:24:22.650347+00:00,137.00143887800004,sda,0.9993172799995591,356335104,10473336832,7903,62066,0,81920,0,4,0.0,81975.96663197513,160,
137,2026-10-09T15:24:22.650347+00:00,137.00143887800004,sda1,0.9993172799995591,319488,0,78,0,0,0,0,0,0.0,0.0,0,
137,2026-10-09T15:24:22.650347+00:00,137.00143887800004,sda2,0.9993172799995591,326784000,233611264,6593,37627,0,32768,0,2,0.0,32790.386652790046,8,
137,2026-10-09T15:24:22.650347+00:00,137.00143887800004,sda3,0.9993172799995591,5571584,118784,155,25,0,0,0,0,0.0,0.0,0,
137,2026-10-09T15:24:22.650347+00:00,137.00143887800004,sda4,0.9993172799995591,4657152,0,116,0,0,0,0,0,0.0,0.0,0,
137,2026-10-09T15:24:22.650347+00:00,137.00143887800004,sda5,0.9993172799995591,16548864,10239606784,826,24414,0,49152,0,2,0.0,49185.57997918507,152,
138,2026-10-09T15:24:23.650230+00:00,138.0012166939996,loop0,0.9998830770000495,374784,0,51,0,0,0,0,0,0.0,0.0,0,
138,2026-10-09T15:24:23.650230+00:00,138.0012166939996,loop1,0.9998830770000495,2107392,0,217,0,0,0,0,0,0.0,0.0,0,
138,2026-10-09T15:24:23.650230+00:00,138.0012166939996,loop2,0.9998830770000495,1106944,0,51,0,0,0,0,0,0.0,0.0,0,
138,2026-10-09T15:24:23.650230+00:00,138.0012166939996,loop3,0.9998830770000495,1141760,0,66,0,0,0,0,0,0.0,0.0,0,
138,2026-10-09T15:24:23.650230+00:00,138.0012166939996,loop4,0.9998830770000495,354304,0,43,0,0,0,0,0,0.0,0.0,0,
138,2026-10-09T15:24:23.650230+00:00,138.0012166939996,loop5,0.9998830770000495,18432,0,12,0,0,0,0,0,0.0,0.0,0,
138,2026-10-09T15:24:23.650230+00:00,138.0012166939996,loop6,0.9998830770000495,0,0,0,0,0,0,0,0,0.0,0.0,0,
138,2026-10-09T15:24:23.650230+00:00,138.0012166939996,loop7,0.9998830770000495,0,0,0,0,0,0,0,0,0.0,0.0,0,
138,2026-10-09T15:24:23.650230+00:00,138.0012166939996,sr0,0.9998830770000495,1536,0,8,0,0,0,0,0,0.0,0.0,0,
138,2026-10-09T15:24:23.650230+00:00,138.0012166939996,sda,0.9998830770000495,356335104,10473336832,7903,62066,0,0,0,0,0.0,0.0,0,
138,2026-10-09T15:24:23.650230+00:00,138.0012166939996,sda1,0.9998830770000495,319488,0,78,0,0,0,0,0,0.0,0.0,0,
138,2026-10-09T15:24:23.650230+00:00,138.0012166939996,sda2,0.9998830770000495,326784000,233611264,6593,37627,0,0,0,0,0.0,0.0,0,
138,2026-10-09T15:24:23.650230+00:00,138.0012166939996,sda3,0.9998830770000495,5571584,118784,155,25,0,0,0,0,0.0,0.0,0,
138,2026-10-09T15:24:23.650230+00:00,138.0012166939996,sda4,0.9998830770000495,4657152,0,116,0,0,0,0,0,0.0,0.0,0,
138,2026-10-09T15:24:23.650230+00:00,138.0012166939996,sda5,0.9998830770000495,16548864,10239606784,826,24414,0,0,0,0,0.0,0.0,0,
139,2026-10-09T15:24:24.650622+00:00,139.0016871150001,loop0,1.000392443000237,374784,0,51,0,0,0,0,0,0.0,0.0,0,
139,2026-10-09T15:24:24.650622+00:00,139.0016871150001,loop1,1.000392443000237,2107392,0,217,0,0,0,0,0,0.0,0.0,0,
139,2026-10-09T15:24:24.650622+00:00,139.0016871150001,loop2,1.000392443000237,1106944,0,51,0,0,0,0,0,0.0,0.0,0,
139,2026-10-09T15:24:24.650622+00:00,139.0016871150001,loop3,1.000392443000237,1141760,0,66,0,0,0,0,0,0.0,0.0,0,
139,2026-10-09T15:24:24.650622+00:00,139.0016871150001,loop4,1.000392443000237,354304,0,43,0,0,0,0,0,0.0,0.0,0,
139,2026-10-09T15:24:24.650622+00:00,139.0016871150001,loop5,1.000392443000237,18432,0,12,0,0,0,0,0,0.0,0.0,0,
139,2026-10-09T15:24:24.650622+00:00,139.0016871150001,loop6,1.000392443000237,0,0,0,0,0,0,0,0,0.0,0.0,0,
139,2026-10-09T15:24:24.650622+00:00,139.0016871150001,loop7,1.000392443000237,0,0,0,0,0,0,0,0,0.0,0.0,0,
139,2026-10-09T15:24:24.650622+00:00,139.0016871150001,sr0,1.000392443000237,1536,0,8,0,0,0,0,0,0.0,0.0,0,
139,2026-10-09T15:24:24.650622+00:00,139.0016871150001,sda,1.000392443000237,356335104,10473336832,7903,62066,0,0,0,0,0.0,0.0,0,
139,2026-10-09T15:24:24.650622+00:00,139.0016871150001,sda1,1.000392443000237,319488,0,78,0,0,0,0,0,0.0,0.0,0,
139,2026-10-09T15:24:24.650622+00:00,139.0016871150001,sda2,1.000392443000237,326784000,233611264,6593,37627,0,0,0,0,0.0,0.0,0,
139,2026-10-09T15:24:24.650622+00:00,139.0016871150001,sda3,1.000392443000237,5571584,118784,155,25,0,0,0,0,0.0,0.0,0,
139,2026-10-09T15:24:24.650622+00:00,139.0016871150001,sda4,1.000392443000237,4657152,0,116,0,0,0,0,0,0.0,0.0,0,
139,2026-10-09T15:24:24.650622+00:00,139.0016871150001,sda5,1.000392443000237,16548864,10239606784,826,24414,0,0,0,0,0.0,0.0,0,
140,2026-10-09T15:24:25.650206+00:00,140.00119543300025,loop0,0.9995832590002465,374784,0,51,0,0,0,0,0,0.0,0.0,0,
140,2026-10-09T15:24:25.650206+00:00,140.00119543300025,loop1,0.9995832590002465,2107392,0,217,0,0,0,0,0,0.0,0.0,0,
140,2026-10-09T15:24:25.650206+00:00,140.00119543300025,loop2,0.9995832590002465,1106944,0,51,0,0,0,0,0,0.0,0.0,0,
140,2026-10-09T15:24:25.650206+00:00,140.00119543300025,loop3,0.9995832590002465,1141760,0,66,0,0,0,0,0,0.0,0.0,0,
140,2026-10-09T15:24:25.650206+00:00,140.00119543300025,loop4,0.9995832590002465,354304,0,43,0,0,0,0,0,0.0,0.0,0,
140,2026-10-09T15:24:25.650206+00:00,140.00119543300025,loop5,0.9995832590002465,18432,0,12,0,0,0,0,0,0.0,0.0,0,
140,2026-10-09T15:24:25.650206+00:00,140.00119543300025,loop6,0.9995832590002465,0,0,0,0,0,0,0,0,0.0,0.0,0,
140,2026-10-09T15:24:25.650206+00:00,140.00119543300025,loop7,0.9995832590002465,0,0,0,0,0,0,0,0,0.0,0.0,0,
140,2026-10-09T15:24:25.650206+00:00,140.00119543300025,sr0,0.9995832590002465,1536,0,8,0,0,0,0,0,0.0,0.0,0,
140,2026-10-09T15:24:25.650206+00:00,140.00119543300025,sda,0.9995832590002465,356335104,10473336832,7903,62066,0,0,0,0,0.0,0.0,0,
140,2026-10-09T15:24:25.650206+00:00,140.00119543300025,sda1,0.9995832590002465,319488,0,78,0,0,0,0,0,0.0,0.0,0,
140,2026-10-09T15:24:25.650206+00:00,140.00119543300025,sda2,0.9995832590002465,326784000,233611264,6593,37627,0,0,0,0,0.0,0.0,0,
140,2026-10-09T15:24:25.650206+00:00,140.00119543300025,sda3,0.9995832590002465,5571584,118784,155,25,0,0,0,0,0.0,0.0,0,
140,2026-10-09T15:24:25.650206+00:00,140.00119543300025,sda4,0.9995832590002465,4657152,0,116,0,0,0,0,0,0.0,0.0,0,
140,2026-10-09T15:24:25.650206+00:00,140.00119543300025,sda5,0.9995832590002465,16548864,10239606784,826,24414,0,0,0,0,0.0,0.0,0,
141,2026-10-09T15:24:26.649787+00:00,141.00087996599996,loop0,0.9995816020000348,374784,0,51,0,0,0,0,0,0.0,0.0,0,
141,2026-10-09T15:24:26.649787+00:00,141.00087996599996,loop1,0.9995816020000348,2107392,0,217,0,0,0,0,0,0.0,0.0,0,
141,2026-10-09T15:24:26.649787+00:00,141.00087996599996,loop2,0.9995816020000348,1106944,0,51,0,0,0,0,0,0.0,0.0,0,
141,2026-10-09T15:24:26.649787+00:00,141.00087996599996,loop3,0.9995816020000348,1141760,0,66,0,0,0,0,0,0.0,0.0,0,
141,2026-10-09T15:24:26.649787+00:00,141.00087996599996,loop4,0.9995816020000348,354304,0,43,0,0,0,0,0,0.0,0.0,0,
141,2026-10-09T15:24:26.649787+00:00,141.00087996599996,loop5,0.9995816020000348,18432,0,12,0,0,0,0,0,0.0,0.0,0,
141,2026-10-09T15:24:26.649787+00:00,141.00087996599996,loop6,0.9995816020000348,0,0,0,0,0,0,0,0,0.0,0.0,0,
141,2026-10-09T15:24:26.649787+00:00,141.00087996599996,loop7,0.9995816020000348,0,0,0,0,0,0,0,0,0.0,0.0,0,
141,2026-10-09T15:24:26.649787+00:00,141.00087996599996,sr0,0.9995816020000348,1536,0,8,0,0,0,0,0,0.0,0.0,0,
141,2026-10-09T15:24:26.649787+00:00,141.00087996599996,sda,0.9995816020000348,356335104,10473336832,7903,62066,0,0,0,0,0.0,0.0,0,
141,2026-10-09T15:24:26.649787+00:00,141.00087996599996,sda1,0.9995816020000348,319488,0,78,0,0,0,0,0,0.0,0.0,0,
141,2026-10-09T15:24:26.649787+00:00,141.00087996599996,sda2,0.9995816020000348,326784000,233611264,6593,37627,0,0,0,0,0.0,0.0,0,
141,2026-10-09T15:24:26.649787+00:00,141.00087996599996,sda3,0.9995816020000348,5571584,118784,155,25,0,0,0,0,0.0,0.0,0,
141,2026-10-09T15:24:26.649787+00:00,141.00087996599996,sda4,0.9995816020000348,4657152,0,116,0,0,0,0,0,0.0,0.0,0,
141,2026-10-09T15:24:26.649787+00:00,141.00087996599996,sda5,0.9995816020000348,16548864,10239606784,826,24414,0,0,0,0,0.0,0.0,0,
142,2026-10-09T15:24:27.650629+00:00,142.00123009599974,loop0,1.0008418420002272,374784,0,51,0,0,0,0,0,0.0,0.0,0,
142,2026-10-09T15:24:27.650629+00:00,142.00123009599974,loop1,1.0008418420002272,2107392,0,217,0,0,0,0,0,0.0,0.0,0,
142,2026-10-09T15:24:27.650629+00:00,142.00123009599974,loop2,1.0008418420002272,1106944,0,51,0,0,0,0,0,0.0,0.0,0,
142,2026-10-09T15:24:27.650629+00:00,142.00123009599974,loop3,1.0008418420002272,1141760,0,66,0,0,0,0,0,0.0,0.0,0,
142,2026-10-09T15:24:27.650629+00:00,142.00123009599974,loop4,1.0008418420002272,354304,0,43,0,0,0,0,0,0.0,0.0,0,
142,2026-10-09T15:24:27.650629+00:00,142.00123009599974,loop5,1.0008418420002272,18432,0,12,0,0,0,0,0,0.0,0.0,0,
142,2026-10-09T15:24:27.650629+00:00,142.00123009599974,loop6,1.0008418420002272,0,0,0,0,0,0,0,0,0.0,0.0,0,
142,2026-10-09T15:24:27.650629+00:00,142.00123009599974,loop7,1.0008418420002272,0,0,0,0,0,0,0,0,0.0,0.0,0,
142,2026-10-09T15:24:27.650629+00:00,142.00123009599974,sr0,1.0008418420002272,1536,0,8,0,0,0,0,0,0.0,0.0,0,
142,2026-10-09T15:24:27.650629+00:00,142.00123009599974,sda,1.0008418420002272,356335104,10473377792,7903,62070,0,40960,0,4,0.0,40925.5471555222,32,
142,2026-10-09T15:24:27.650629+00:00,142.00123009599974,sda1,1.0008418420002272,319488,0,78,0,0,0,0,0,0.0,0.0,0,
142,2026-10-09T15:24:27.650629+00:00,142.00123009599974,sda2,1.0008418420002272,326784000,233635840,6593,37629,0,24576,0,2,0.0,24555.328293313323,8,
142,2026-10-09T15:24:27.650629+00:00,142.00123009599974,sda3,1.0008418420002272,5571584,118784,155,25,0,0,0,0,0.0,0.0,0,
142,2026-10-09T15:24:27.650629+00:00,142.00123009599974,sda4,1.0008418420002272,4657152,0,116,0,0,0,0,0,0.0,0.0,0,
142,2026-10-09T15:24:27.650629+00:00,142.00123009599974,sda5,1.0008418420002272,16548864,10239623168,826,24416,0,16384,0,2,0.0,16370.218862208882,24,
143,2026-10-09T15:24:28.650707+00:00,143.00122365599964,loop0,1.000077257999692,374784,0,51,0,0,0,0,0,0.0,0.0,0,
143,2026-10-09T15:24:28.650707+00:00,143.00122365599964,loop1,1.000077257999692,2107392,0,217,0,0,0,0,0,0.0,0.0,0,
143,2026-10-09T15:24:28.650707+00:00,143.00122365599964,loop2,1.000077257999692,1106944,0,51,0,0,0,0,0,0.0,0.0,0,
143,2026-10-09T15:24:28.650707+00:00,143.00122365599964,loop3,1.000077257999692,1141760,0,66,0,0,0,0,0,0.0,0.0,0,
143,2026-10-09T15:24:28.650707+00:00,143.00122365599964,loop4,1.000077257999692,354304,0,43,0,0,0,0,0,0.0,0.0,0,
143,2026-10-09T15:24:28.650707+00:00,143.00122365599964,loop5,1.000077257999692,18432,0,12,0,0,0,0,0,0.0,0.0,0,
143,2026-10-09T15:24:28.650707+00:00,143.00122365599964,loop6,1.000077257999692,0,0,0,0,0,0,0,0,0.0,0.0,0,
143,2026-10-09T15:24:28.650707+00:00,143.00122365599964,loop7,1.000077257999692,0,0,0,0,0,0,0,0,0.0,0.0,0,
143,2026-10-09T15:24:28.650707+00:00,143.00122365599964,sr0,1.000077257999692,1536,0,8,0,0,0,0,0,0.0,0.0,0,
143,2026-10-09T15:24:28.650707+00:00,143.00122365599964,sda,1.000077257999692,356335104,10473377792,7903,62070,0,0,0,0,0.0,0.0,0,
143,2026-10-09T15:24:28.650707+00:00,143.00122365599964,sda1,1.000077257999692,319488,0,78,0,0,0,0,0,0.0,0.0,0,
143,2026-10-09T15:24:28.650707+00:00,143.00122365599964,sda2,1.000077257999692,326784000,233635840,6593,37629,0,0,0,0,0.0,0.0,0,
143,2026-10-09T15:24:28.650707+00:00,143.00122365599964,sda3,1.000077257999692,5571584,118784,155,25,0,0,0,0,0.0,0.0,0,
143,2026-10-09T15:24:28.650707+00:00,143.00122365599964,sda4,1.000077257999692,4657152,0,116,0,0,0,0,0,0.0,0.0,0,
143,2026-10-09T15:24:28.650707+00:00,143.00122365599964,sda5,1.000077257999692,16548864,10239623168,826,24416,0,0,0,0,0.0,0.0,0,
144,2026-10-09T15:24:29.650230+00:00,144.00093140199988,loop0,0.9995235149999644,374784,0,51,0,0,0,0,0,0.0,0.0,0,
144,2026-10-09T15:24:29.650230+00:00,144.00093140199988,loop1,0.9995235149999644,2107392,0,217,0,0,0,0,0,0.0,0.0,0,
144,2026-10-09T15:24:29.650230+00:00,144.00093140199988,loop2,0.9995235149999644,1106944,0,51,0,0,0,0,0,0.0,0.0,0,
144,2026-10-09T15:24:29.650230+00:00,144.00093140199988,loop3,0.9995235149999644,1141760,0,66,0,0,0,0,0,0.0,0.0,0,
144,2026-10-09T15:24:29.650230+00:00,144.00093140199988,loop4,0.9995235149999644,354304,0,43,0,0,0,0,0,0.0,0.0,0,
144,2026-10-09T15:24:29.650230+00:00,144.00093140199988,loop5,0.9995235149999644,18432,0,12,0,0,0,0,0,0.0,0.0,0,
144,2026-10-09T15:24:29.650230+00:00,144.00093140199988,loop6,0.9995235149999644,0,0,0,0,0,0,0,0,0.0,0.0,0,
144,2026-10-09T15:24:29.650230+00:00,144.00093140199988,loop7,0.9995235149999644,0,0,0,0,0,0,0,0,0.0,0.0,0,
144,2026-10-09T15:24:29.650230+00:00,144.00093140199988,sr0,0.9995235149999644,1536,0,8,0,0,0,0,0,0.0,0.0,0,
144,2026-10-09T15:24:29.650230+00:00,144.00093140199988,sda,0.9995235149999644,356335104,10473377792,7903,62070,0,0,0,0,0.0,0.0,0,
144,2026-10-09T15:24:29.650230+00:00,144.00093140199988,sda1,0.9995235149999644,319488,0,78,0,0,0,0,0,0.0,0.0,0,
144,2026-10-09T15:24:29.650230+00:00,144.00093140199988,sda2,0.9995235149999644,326784000,233635840,6593,37629,0,0,0,0,0.0,0.0,0,
144,2026-10-09T15:24:29.650230+00:00,144.00093140199988,sda3,0.9995235149999644,5571584,118784,155,25,0,0,0,0,0.0,0.0,0,
144,2026-10-09T15:24:29.650230+00:00,144.00093140199988,sda4,0.9995235149999644,4657152,0,116,0,0,0,0,0,0.0,0.0,0,
144,2026-10-09T15:24:29.650230+00:00,144.00093140199988,sda5,0.9995235149999644,16548864,10239623168,826,24416,0,0,0,0,0.0,0.0,0,
145,2026-10-09T15:24:30.650859+00:00,145.0013984719999,loop0,1.000629076000223,374784,0,51,0,0,0,0,0,0.0,0.0,0,
145,2026-10-09T15:24:30.650859+00:00,145.0013984719999,loop1,1.000629076000223,2107392,0,217,0,0,0,0,0,0.0,0.0,0,
145,2026-10-09T15:24:30.650859+00:00,145.0013984719999,loop2,1.000629076000223,1106944,0,51,0,0,0,0,0,0.0,0.0,0,
145,2026-10-09T15:24:30.650859+00:00,145.0013984719999,loop3,1.000629076000223,1141760,0,66,0,0,0,0,0,0.0,0.0,0,
145,2026-10-09T15:24:30.650859+00:00,145.0013984719999,loop4,1.000629076000223,354304,0,43,0,0,0,0,0,0.0,0.0,0,
145,2026-10-09T15:24:30.650859+00:00,145.0013984719999,loop5,1.000629076000223,18432,0,12,0,0,0,0,0,0.0,0.0,0,
145,2026-10-09T15:24:30.650859+00:00,145.0013984719999,loop6,1.000629076000223,0,0,0,0,0,0,0,0,0.0,0.0,0,
145,2026-10-09T15:24:30.650859+00:00,145.0013984719999,loop7,1.000629076000223,0,0,0,0,0,0,0,0,0.0,0.0,0,
145,2026-10-09T15:24:30.650859+00:00,145.0013984719999,sr0,1.000629076000223,1536,0,8,0,0,0,0,0,0.0,0.0,0,
145,2026-10-09T15:24:30.650859+00:00,145.0013984719999,sda,1.000629076000223,356335104,10473377792,7903,62070,0,0,0,0,0.0,0.0,0,
145,2026-10-09T15:24:30.650859+00:00,145.0013984719999,sda1,1.000629076000223,319488,0,78,0,0,0,0,0,0.0,0.0,0,
145,2026-10-09T15:24:30.650859+00:00,145.0013984719999,sda2,1.000629076000223,326784000,233635840,6593,37629,0,0,0,0,0.0,0.0,0,
145,2026-10-09T15:24:30.650859+00:00,145.0013984719999,sda3,1.000629076000223,5571584,118784,155,25,0,0,0,0,0.0,0.0,0,
145,2026-10-09T15:24:30.650859+00:00,145.0013984719999,sda4,1.000629076000223,4657152,0,116,0,0,0,0,0,0.0,0.0,0,
145,2026-10-09T15:24:30.650859+00:00,145.0013984719999,sda5,1.000629076000223,16548864,10239623168,826,24416,0,0,0,0,0.0,0.0,0,
146,2026-10-09T15:24:31.650412+00:00,146.0012114199999,loop0,0.9995530520000102,374784,0,51,0,0,0,0,0,0.0,0.0,0,
146,2026-10-09T15:24:31.650412+00:00,146.0012114199999,loop1,0.9995530520000102,2107392,0,217,0,0,0,0,0,0.0,0.0,0,
146,2026-10-09T15:24:31.650412+00:00,146.0012114199999,loop2,0.9995530520000102,1106944,0,51,0,0,0,0,0,0.0,0.0,0,
146,2026-10-09T15:24:31.650412+00:00,146.0012114199999,loop3,0.9995530520000102,1141760,0,66,0,0,0,0,0,0.0,0.0,0,
146,2026-10-09T15:24:31.650412+00:00,146.0012114199999,loop4,0.9995530520000102,354304,0,43,0,0,0,0,0,0.0,0.0,0,
146,2026-10-09T15:24:31.650412+00:00,146.0012114199999,loop5,0.9995530520000102,18432,0,12,0,0,0,0,0,0.0,0.0,0,
146,2026-10-09T15:24:31.650412+00:00,146.0012114199999,loop6,0.9995530520000102,0,0,0,0,0,0,0,0,0.0,0.0,0,
146,2026-10-09T15:24:31.650412+00:00,146.0012114199999,loop7,0.9995530520000102,0,0,0,0,0,0,0,0,0.0,0.0,0,
146,2026-10-09T15:24:31.650412+00:00,146.0012114199999,sr0,0.9995530520000102,1536,0,8,0,0,0,0,0,0.0,0.0,0,
146,2026-10-09T15:24:31.650412+00:00,146.0012114199999,sda,0.9995530520000102,356335104,10473377792,7903,62070,0,0,0,0,0.0,0.0,0,
146,2026-10-09T15:24:31.650412+00:00,146.0012114199999,sda1,0.9995530520000102,319488,0,78,0,0,0,0,0,0.0,0.0,0,
146,2026-10-09T15:24:31.650412+00:00,146.0012114199999,sda2,0.9995530520000102,326784000,233635840,6593,37629,0,0,0,0,0.0,0.0,0,
146,2026-10-09T15:24:31.650412+00:00,146.0012114199999,sda3,0.9995530520000102,5571584,118784,155,25,0,0,0,0,0.0,0.0,0,
146,2026-10-09T15:24:31.650412+00:00,146.0012114199999,sda4,0.9995530520000102,4657152,0,116,0,0,0,0,0,0.0,0.0,0,
146,2026-10-09T15:24:31.650412+00:00,146.0012114199999,sda5,0.9995530520000102,16548864,10239623168,826,24416,0,0,0,0,0.0,0.0,0,
147,2026-10-09T15:24:32.650139+00:00,147.00099029000012,loop0,0.9997273729995868,374784,0,51,0,0,0,0,0,0.0,0.0,0,
147,2026-10-09T15:24:32.650139+00:00,147.00099029000012,loop1,0.9997273729995868,2107392,0,217,0,0,0,0,0,0.0,0.0,0,
147,2026-10-09T15:24:32.650139+00:00,147.00099029000012,loop2,0.9997273729995868,1106944,0,51,0,0,0,0,0,0.0,0.0,0,
147,2026-10-09T15:24:32.650139+00:00,147.00099029000012,loop3,0.9997273729995868,1141760,0,66,0,0,0,0,0,0.0,0.0,0,
147,2026-10-09T15:24:32.650139+00:00,147.00099029000012,loop4,0.9997273729995868,354304,0,43,0,0,0,0,0,0.0,0.0,0,
147,2026-10-09T15:24:32.650139+00:00,147.00099029000012,loop5,0.9997273729995868,18432,0,12,0,0,0,0,0,0.0,0.0,0,
147,2026-10-09T15:24:32.650139+00:00,147.00099029000012,loop6,0.9997273729995868,0,0,0,0,0,0,0,0,0.0,0.0,0,
147,2026-10-09T15:24:32.650139+00:00,147.00099029000012,loop7,0.9997273729995868,0,0,0,0,0,0,0,0,0.0,0.0,0,
147,2026-10-09T15:24:32.650139+00:00,147.00099029000012,sr0,0.9997273729995868,1536,0,8,0,0,0,0,0,0.0,0.0,0,
147,2026-10-09T15:24:32.650139+00:00,147.00099029000012,sda,0.9997273729995868,356335104,10473418752,7903,62074,0,40960,0,4,0.0,40971.169847138844,92,
147,2026-10-09T15:24:32.650139+00:00,147.00099029000012,sda1,0.9997273729995868,319488,0,78,0,0,0,0,0,0.0,0.0,0,
147,2026-10-09T15:24:32.650139+00:00,147.00099029000012,sda2,0.9997273729995868,326784000,233660416,6593,37631,0,24576,0,2,0.0,24582.701908283307,68,
147,2026-10-09T15:24:32.650139+00:00,147.00099029000012,sda3,0.9997273729995868,5571584,118784,155,25,0,0,0,0,0.0,0.0,0,
147,2026-10-09T15:24:32.650139+00:00,147.00099029000012,sda4,0.9997273729995868,4657152,0,116,0,0,0,0,0,0.0,0.0,0,
147,2026-10-09T15:24:32.650139+00:00,147.00099029000012,sda5,0.9997273729995868,16548864,10239639552,826,24418,0,16384,0,2,0.0,16388.467938855538,24,
148,2026-10-09T15:24:33.651107+00:00,148.00176600400027,loop0,1.0009668949996922,374784,0,51,0,0,0,0,0,0.0,0.0,0,
148,2026-10-09T15:24:33.651107+00:00,148.00176600400027,loop1,1.0009668949996922,2107392,0,217,0,0,0,0,0,0.0,0.0,0,
148,2026-10-09T15:24:33.651107+00:00,148.00176600400027,loop2,1.0009668949996922,1106944,0,51,0,0,0,0,0,0.0,0.0,0,
148,2026-10-09T15:24:33.651107+00:00,148.00176600400027,loop3,1.0009668949996922,1141760,0,66,0,0,0,0,0,0.0,0.0,0,
148,2026-10-09T15:24:33.651107+00:00,148.00176600400027,loop4,1.0009668949996922,354304,0,43,0,0,0,0,0,0.0,0.0,0,
148,2026-10-09T15:24:33.651107+00:00,148.00176600400027,loop5,1.0009668949996922,18432,0,12,0,0,0,0,0,0.0,0.0,0,
148,2026-10-09T15:24:33.651107+00:00,148.00176600400027,loop6,1.0009668949996922,0,0,0,0,0,0,0,0,0.0,0.0,0,
148,2026-10-09T15:24:33.651107+00:00,148.00176600400027,loop7,1.0009668949996922,0,0,0,0,0,0,0,0,0.0,0.0,0,
148,2026-10-09T15:24:33.651107+00:00,148.00176600400027,sr0,1.0009668949996922,1536,0,8,0,0,0,0,0,0.0,0.0,0,
148,2026-10-09T15:24:33.651107+00:00,148.00176600400027,sda,1.0009668949996922,356335104,10473418752,7903,62074,0,0,0,0,0.0,0.0,0,
148,2026-10-09T15:24:33.651107+00:00,148.00176600400027,sda1,1.0009668949996922,319488,0,78,0,0,0,0,0,0.0,0.0,0,
148,2026-10-09T15:24:33.651107+00:00,148.00176600400027,sda2,1.0009668949996922,326784000,233660416,6593,37631,0,0,0,0,0.0,0.0,0,
148,2026-10-09T15:24:33.651107+00:00,148.00176600400027,sda3,1.0009668949996922,5571584,118784,155,25,0,0,0,0,0.0,0.0,0,
148,2026-10-09T15:24:33.651107+00:00,148.00176600400027,sda4,1.0009668949996922,4657152,0,116,0,0,0,0,0,0.0,0.0,0,
148,2026-10-09T15:24:33.651107+00:00,148.00176600400027,sda5,1.0009668949996922,16548864,10239639552,826,24418,0,0,0,0,0.0,0.0,0,
149,2026-10-09T15:24:34.650850+00:00,149.001778242,loop0,0.9997434960005194,374784,0,51,0,0,0,0,0,0.0,0.0,0,
149,2026-10-09T15:24:34.650850+00:00,149.001778242,loop1,0.9997434960005194,2107392,0,217,0,0,0,0,0,0.0,0.0,0,
149,2026-10-09T15:24:34.650850+00:00,149.001778242,loop2,0.9997434960005194,1106944,0,51,0,0,0,0,0,0.0,0.0,0,
149,2026-10-09T15:24:34.650850+00:00,149.001778242,loop3,0.9997434960005194,1141760,0,66,0,0,0,0,0,0.0,0.0,0,
149,2026-10-09T15:24:34.650850+00:00,149.001778242,loop4,0.9997434960005194,354304,0,43,0,0,0,0,0,0.0,0.0,0,
149,2026-10-09T15:24:34.650850+00:00,149.001778242,loop5,0.9997434960005194,18432,0,12,0,0,0,0,0,0.0,0.0,0,
149,2026-10-09T15:24:34.650850+00:00,149.001778242,loop6,0.9997434960005194,0,0,0,0,0,0,0,0,0.0,0.0,0,
149,2026-10-09T15:24:34.650850+00:00,149.001778242,loop7,0.9997434960005194,0,0,0,0,0,0,0,0,0.0,0.0,0,
149,2026-10-09T15:24:34.650850+00:00,149.001778242,sr0,0.9997434960005194,1536,0,8,0,0,0,0,0,0.0,0.0,0,
149,2026-10-09T15:24:34.650850+00:00,149.001778242,sda,0.9997434960005194,356335104,10473418752,7903,62074,0,0,0,0,0.0,0.0,0,
149,2026-10-09T15:24:34.650850+00:00,149.001778242,sda1,0.9997434960005194,319488,0,78,0,0,0,0,0,0.0,0.0,0,
149,2026-10-09T15:24:34.650850+00:00,149.001778242,sda2,0.9997434960005194,326784000,233660416,6593,37631,0,0,0,0,0.0,0.0,0,
149,2026-10-09T15:24:34.650850+00:00,149.001778242,sda3,0.9997434960005194,5571584,118784,155,25,0,0,0,0,0.0,0.0,0,
149,2026-10-09T15:24:34.650850+00:00,149.001778242,sda4,0.9997434960005194,4657152,0,116,0,0,0,0,0,0.0,0.0,0,
149,2026-10-09T15:24:34.650850+00:00,149.001778242,sda5,0.9997434960005194,16548864,10239639552,826,24418,0,0,0,0,0.0,0.0,0,
150,2026-10-09T15:24:35.650116+00:00,150.00105711600008,loop0,0.9992660090001664,374784,0,51,0,0,0,0,0,0.0,0.0,0,
150,2026-10-09T15:24:35.650116+00:00,150.00105711600008,loop1,0.9992660090001664,2107392,0,217,0,0,0,0,0,0.0,0.0,0,
150,2026-10-09T15:24:35.650116+00:00,150.00105711600008,loop2,0.9992660090001664,1106944,0,51,0,0,0,0,0,0.0,0.0,0,
150,2026-10-09T15:24:35.650116+00:00,150.00105711600008,loop3,0.9992660090001664,1141760,0,66,0,0,0,0,0,0.0,0.0,0,
150,2026-10-09T15:24:35.650116+00:00,150.00105711600008,loop4,0.9992660090001664,354304,0,43,0,0,0,0,0,0.0,0.0,0,
150,2026-10-09T15:24:35.650116+00:00,150.00105711600008,loop5,0.9992660090001664,18432,0,12,0,0,0,0,0,0.0,0.0,0,
150,2026-10-09T15:24:35.650116+00:00,150.00105711600008,loop6,0.9992660090001664,0,0,0,0,0,0,0,0,0.0,0.0,0,
150,2026-10-09T15:24:35.650116+00:00,150.00105711600008,loop7,0.9992660090001664,0,0,0,0,0,0,0,0,0.0,0.0,0,
150,2026-10-09T15:24:35.650116+00:00,150.00105711600008,sr0,0.9992660090001664,1536,0,8,0,0,0,0,0,0.0,0.0,0,
150,2026-10-09T15:24:35.650116+00:00,150.00105711600008,sda,0.9992660090001664,356335104,10473418752,7903,62074,0,0,0,0,0.0,0.0,0,
150,2026-10-09T15:24:35.650116+00:00,150.00105711600008,sda1,0.9992660090001664,319488,0,78,0,0,0,0,0,0.0,0.0,0,
150,2026-10-09T15:24:35.650116+00:00,150.00105711600008,sda2,0.9992660090001664,326784000,233660416,6593,37631,0,0,0,0,0.0,0.0,0,
150,2026-10-09T15:24:35.650116+00:00,150.00105711600008,sda3,0.9992660090001664,5571584,118784,155,25,0,0,0,0,0.0,0.0,0,
150,2026-10-09T15:24:35.650116+00:00,150.00105711600008,sda4,0.9992660090001664,4657152,0,116,0,0,0,0,0,0.0,0.0,0,
150,2026-10-09T15:24:35.650116+00:00,150.00105711600008,sda5,0.9992660090001664,16548864,10239639552,826,24418,0,0,0,0,0.0,0.0,0,
151,2026-10-09T15:24:36.650477+00:00,151.00149481399967,loop0,1.000361440999768,374784,0,51,0,0,0,0,0,0.0,0.0,0,
151,2026-10-09T15:24:36.650477+00:00,151.00149481399967,loop1,1.000361440999768,2107392,0,217,0,0,0,0,0,0.0,0.0,0,
151,2026-10-09T15:24:36.650477+00:00,151.00149481399967,loop2,1.000361440999768,1106944,0,51,0,0,0,0,0,0.0,0.0,0,
151,2026-10-09T15:24:36.650477+00:00,151.00149481399967,loop3,1.000361440999768,1141760,0,66,0,0,0,0,0,0.0,0.0,0,
151,2026-10-09T15:24:36.650477+00:00,151.00149481399967,loop4,1.000361440999768,354304,0,43,0,0,0,0,0,0.0,0.0,0,
151,2026-10-09T15:24:36.650477+00:00,151.00149481399967,loop5,1.000361440999768,18432,0,12,0,0,0,0,0,0.0,0.0,0,
151,2026-10-09T15:24:36.650477+00:00,151.00149481399967,loop6,1.000361440999768,0,0,0,0,0,0,0,0,0.0,0.0,0,
151,2026-10-09T15:24:36.650477+00:00,151.00149481399967,loop7,1.000361440999768,0,0,0,0,0,0,0,0,0.0,0.0,0,
151,2026-10-09T15:24:36.650477+00:00,151.00149481399967,sr0,1.000361440999768,1536,0,8,0,0,0,0,0,0.0,0.0,0,
151,2026-10-09T15:24:36.650477+00:00,151.00149481399967,sda,1.000361440999768,356335104,10473418752,7903,62074,0,0,0,0,0.0,0.0,0,
151,2026-10-09T15:24:36.650477+00:00,151.00149481399967,sda1,1.000361440999768,319488,0,78,0,0,0,0,0,0.0,0.0,0,
151,2026-10-09T15:24:36.650477+00:00,151.00149481399967,sda2,1.000361440999768,326784000,233660416,6593,37631,0,0,0,0,0.0,0.0,0,
151,2026-10-09T15:24:36.650477+00:00,151.00149481399967,sda3,1.000361440999768,5571584,118784,155,25,0,0,0,0,0.0,0.0,0,
151,2026-10-09T15:24:36.650477+00:00,151.00149481399967,sda4,1.000361440999768,4657152,0,116,0,0,0,0,0,0.0,0.0,0,
151,2026-10-09T15:24:36.650477+00:00,151.00149481399967,sda5,1.000361440999768,16548864,10239639552,826,24418,0,0,0,0,0.0,0.0,0,
152,2026-10-09T15:24:37.650543+00:00,152.001213861,loop0,1.000065696999627,374784,0,51,0,0,0,0,0,0.0,0.0,0,
152,2026-10-09T15:24:37.650543+00:00,152.001213861,loop1,1.000065696999627,2107392,0,217,0,0,0,0,0,0.0,0.0,0,
152,2026-10-09T15:24:37.650543+00:00,152.001213861,loop2,1.000065696999627,1106944,0,51,0,0,0,0,0,0.0,0.0,0,
152,2026-10-09T15:24:37.650543+00:00,152.001213861,loop3,1.000065696999627,1141760,0,66,0,0,0,0,0,0.0,0.0,0,
152,2026-10-09T15:24:37.650543+00:00,152.001213861,loop4,1.000065696999627,354304,0,43,0,0,0,0,0,0.0,0.0,0,
152,2026-10-09T15:24:37.650543+00:00,152.001213861,loop5,1.000065696999627,18432,0,12,0,0,0,0,0,0.0,0.0,0,
152,2026-10-09T15:24:37.650543+00:00,152.001213861,loop6,1.000065696999627,0,0,0,0,0,0,0,0,0.0,0.0,0,
152,2026-10-09T15:24:37.650543+00:00,152.001213861,loop7,1.000065696999627,0,0,0,0,0,0,0,0,0.0,0.0,0,
152,2026-10-09T15:24:37.650543+00:00,152.001213861,sr0,1.000065696999627,1536,0,8,0,0,0,0,0,0.0,0.0,0,
152,2026-10-09T15:24:37.650543+00:00,152.001213861,sda,1.000065696999627,356335104,10473443328,7903,62076,0,24576,0,2,0.0,24574.385536602564,20,
152,2026-10-09T15:24:37.650543+00:00,152.001213861,sda1,1.000065696999627,319488,0,78,0,0,0,0,0,0.0,0.0,0,
152,2026-10-09T15:24:37.650543+00:00,152.001213861,sda2,1.000065696999627,326784000,233684992,6593,37633,0,24576,0,2,0.0,24574.385536602564,20,
152,2026-10-09T15:24:37.650543+00:00,152.001213861,sda3,1.000065696999627,5571584,118784,155,25,0,0,0,0,0.0,0.0,0,
152,2026-10-09T15:24:37.650543+00:00,152.001213861,sda4,1.000065696999627,4657152,0,116,0,0,0,0,0,0.0,0.0,0,
152,2026-10-09T15:24:37.650543+00:00,152.001213861,sda5,1.000065696999627,16548864,10239639552,826,24418,0,0,0,0,0.0,0.0,0,
153,2026-10-09T15:24:38.650597+00:00,153.00163100600003,loop0,1.0000539840002602,374784,0,51,0,0,0,0,0,0.0,0.0,0,
153,2026-10-09T15:24:38.650597+00:00,153.00163100600003,loop1,1.0000539840002602,2107392,0,217,0,0,0,0,0,0.0,0.0,0,
153,2026-10-09T15:24:38.650597+00:00,153.00163100600003,loop2,1.0000539840002602,1106944,0,51,0,0,0,0,0,0.0,0.0,0,
153,2026-10-09T15:24:38.650597+00:00,153.00163100600003,loop3,1.0000539840002602,1141760,0,66,0,0,0,0,0,0.0,0.0,0,
153,2026-10-09T15:24:38.650597+00:00,153.00163100600003,loop4,1.0000539840002602,354304,0,43,0,0,0,0,0,0.0,0.0,0,
153,2026-10-09T15:24:38.650597+00:00,153.00163100600003,loop5,1.0000539840002602,18432,0,12,0,0,0,0,0,0.0,0.0,0,
153,2026-10-09T15:24:38.650597+00:00,153.00163100600003,loop6,1.0000539840002602,0,0,0,0,0,0,0,0,0.0,0.0,0,
153,2026-10-09T15:24:38.650597+00:00,153.00163100600003,loop7,1.0000539840002602,0,0,0,0,0,0,0,0,0.0,0.0,0,
153,2026-10-09T15:24:38.650597+00:00,153.00163100600003,sr0,1.0000539840002602,1536,0,8,0,0,0,0,0,0.0,0.0,0,
153,2026-10-09T15:24:38.650597+00:00,153.00163100600003,sda,1.0000539840002602,356335104,10473459712,7903,62078,0,16384,0,2,0.0,16383.115573884596,8,
153,2026-10-09T15:24:38.650597+00:00,153.00163100600003,sda1,1.0000539840002602,319488,0,78,0,0,0,0,0,0.0,0.0,0,
153,2026-10-09T15:24:38.650597+00:00,153.00163100600003,sda2,1.0000539840002602,326784000,233684992,6593,37633,0,0,0,0,0.0,0.0,0,
153,2026-10-09T15:24:38.650597+00:00,153.00163100600003,sda3,1.0000539840002602,5571584,118784,155,25,0,0,0,0,0.0,0.0,0,
153,2026-10-09T15:24:38.650597+00:00,153.00163100600003,sda4,1.0000539840002602,4657152,0,116,0,0,0,0,0,0.0,0.0,0,
153,2026-10-09T15:24:38.650597+00:00,153.00163100600003,sda5,1.0000539840002602,16548864,10239655936,826,24420,0,16384,0,2,0.0,16383.115573884596,8,
154,2026-10-09T15:24:39.650442+00:00,154.00154548199953,loop0,0.9998448819997066,374784,0,51,0,0,0,0,0,0.0,0.0,0,
154,2026-10-09T15:24:39.650442+00:00,154.00154548199953,loop1,0.9998448819997066,2107392,0,217,0,0,0,0,0,0.0,0.0,0,
154,2026-10-09T15:24:39.650442+00:00,154.00154548199953,loop2,0.9998448819997066,1106944,0,51,0,0,0,0,0,0.0,0.0,0,
154,2026-10-09T15:24:39.650442+00:00,154.00154548199953,loop3,0.9998448819997066,1141760,0,66,0,0,0,0,0,0.0,0.0,0,
154,2026-10-09T15:24:39.650442+00:00,154.00154548199953,loop4,0.9998448819997066,354304,0,43,0,0,0,0,0,0.0,0.0,0,
154,2026-10-09T15:24:39.650442+00:00,154.00154548199953,loop5,0.9998448819997066,18432,0,12,0,0,0,0,0,0.0,0.0,0,
154,2026-10-09T15:24:39.650442+00:00,154.00154548199953,loop6,0.9998448819997066,0,0,0,0,0,0,0,0,0.0,0.0,0,
154,2026-10-09T15:24:39.650442+00:00,154.00154548199953,loop7,0.9998448819997066,0,0,0,0,0,0,0,0,0.0,0.0,0,
154,2026-10-09T15:24:39.650442+00:00,154.00154548199953,sr0,0.9998448819997066,1536,0,8,0,0,0,0,0,0.0,0.0,0,
154,2026-10-09T15:24:39.650442+00:00,154.00154548199953,sda,0.9998448819997066,356335104,10473459712,7903,62078,0,0,0,0,0.0,0.0,0,
154,2026-10-09T15:24:39.650442+00:00,154.00154548199953,sda1,0.9998448819997066,319488,0,78,0,0,0,0,0,0.0,0.0,0,
154,2026-10-09T15:24:39.650442+00:00,154.00154548199953,sda2,0.9998448819997066,326784000,233684992,6593,37633,0,0,0,0,0.0,0.0,0,
154,2026-10-09T15:24:39.650442+00:00,154.00154548199953,sda3,0.9998448819997066,5571584,118784,155,25,0,0,0,0,0.0,0.0,0,
154,2026-10-09T15:24:39.650442+00:00,154.00154548199953,sda4,0.9998448819997066,4657152,0,116,0,0,0,0,0,0.0,0.0,0,
154,2026-10-09T15:24:39.650442+00:00,154.00154548199953,sda5,0.9998448819997066,16548864,10239655936,826,24420,0,0,0,0,0.0,0.0,0,
155,2026-10-09T15:24:40.650566+00:00,155.00130546899982,loop0,1.0001247530008186,374784,0,51,0,0,0,0,0,0.0,0.0,0,
155,2026-10-09T15:24:40.650566+00:00,155.00130546899982,loop1,1.0001247530008186,2107392,0,217,0,0,0,0,0,0.0,0.0,0,
155,2026-10-09T15:24:40.650566+00:00,155.00130546899982,loop2,1.0001247530008186,1106944,0,51,0,0,0,0,0,0.0,0.0,0,
155,2026-10-09T15:24:40.650566+00:00,155.00130546899982,loop3,1.0001247530008186,1141760,0,66,0,0,0,0,0,0.0,0.0,0,
155,2026-10-09T15:24:40.650566+00:00,155.00130546899982,loop4,1.0001247530008186,354304,0,43,0,0,0,0,0,0.0,0.0,0,
155,2026-10-09T15:24:40.650566+00:00,155.00130546899982,loop5,1.0001247530008186,18432,0,12,0,0,0,0,0,0.0,0.0,0,
155,2026-10-09T15:24:40.650566+00:00,155.00130546899982,loop6,1.0001247530008186,0,0,0,0,0,0,0,0,0.0,0.0,0,
155,2026-10-09T15:24:40.650566+00:00,155.00130546899982,loop7,1.0001247530008186,0,0,0,0,0,0,0,0,0.0,0.0,0,
155,2026-10-09T15:24:40.650566+00:00,155.00130546899982,sr0,1.0001247530008186,1536,0,8,0,0,0,0,0,0.0,0.0,0,
155,2026-10-09T15:24:40.650566+00:00,155.00130546899982,sda,1.0001247530008186,356335104,10473459712,7903,62078,0,0,0,0,0.0,0.0,0,
155,2026-10-09T15:24:40.650566+00:00,155.00130546899982,sda1,1.0001247530008186,319488,0,78,0,0,0,0,0,0.0,0.0,0,
155,2026-10-09T15:24:40.650566+00:00,155.00130546899982,sda2,1.0001247530008186,326784000,233684992,6593,37633,0,0,0,0,0.0,0.0,0,
155,2026-10-09T15:24:40.650566+00:00,155.00130546899982,sda3,1.0001247530008186,5571584,118784,155,25,0,0,0,0,0.0,0.0,0,
155,2026-10-09T15:24:40.650566+00:00,155.00130546899982,sda4,1.0001247530008186,4657152,0,116,0,0,0,0,0,0.0,0.0,0,
155,2026-10-09T15:24:40.650566+00:00,155.00130546899982,sda5,1.0001247530008186,16548864,10239655936,826,24420,0,0,0,0,0.0,0.0,0,
156,2026-10-09T15:24:41.649967+00:00,156.0010655420001,loop0,0.9994002779994844,374784,0,51,0,0,0,0,0,0.0,0.0,0,
156,2026-10-09T15:24:41.649967+00:00,156.0010655420001,loop1,0.9994002779994844,2107392,0,217,0,0,0,0,0,0.0,0.0,0,
156,2026-10-09T15:24:41.649967+00:00,156.0010655420001,loop2,0.9994002779994844,1106944,0,51,0,0,0,0,0,0.0,0.0,0,
156,2026-10-09T15:24:41.649967+00:00,156.0010655420001,loop3,0.9994002779994844,1141760,0,66,0,0,0,0,0,0.0,0.0,0,
156,2026-10-09T15:24:41.649967+00:00,156.0010655420001,loop4,0.9994002779994844,354304,0,43,0,0,0,0,0,0.0,0.0,0,
156,2026-10-09T15:24:41.649967+00:00,156.0010655420001,loop5,0.9994002779994844,18432,0,12,0,0,0,0,0,0.0,0.0,0,
156,2026-10-09T15:24:41.649967+00:00,156.0010655420001,loop6,0.9994002779994844,0,0,0,0,0,0,0,0,0.0,0.0,0,
156,2026-10-09T15:24:41.649967+00:00,156.0010655420001,loop7,0.9994002779994844,0,0,0,0,0,0,0,0,0.0,0.0,0,
156,2026-10-09T15:24:41.649967+00:00,156.0010655420001,sr0,0.9994002779994844,1536,0,8,0,0,0,0,0,0.0,0.0,0,
156,2026-10-09T15:24:41.649967+00:00,156.0010655420001,sda,0.9994002779994844,356335104,10473492480,7903,62080,0,32768,0,2,0.0,32787.66348313634,4,
156,2026-10-09T15:24:41.649967+00:00,156.0010655420001,sda1,0.9994002779994844,319488,0,78,0,0,0,0,0,0.0,0.0,0,
156,2026-10-09T15:24:41.649967+00:00,156.0010655420001,sda2,0.9994002779994844,326784000,233717760,6593,37635,0,32768,0,2,0.0,32787.66348313634,4,
156,2026-10-09T15:24:41.649967+00:00,156.0010655420001,sda3,0.9994002779994844,5571584,118784,155,25,0,0,0,0,0.0,0.0,0,
156,2026-10-09T15:24:41.649967+00:00,156.0010655420001,sda4,0.9994002779994844,4657152,0,116,0,0,0,0,0,0.0,0.0,0,
156,2026-10-09T15:24:41.649967+00:00,156.0010655420001,sda5,0.9994002779994844,16548864,10239655936,826,24420,0,0,0,0,0.0,0.0,0,
157,2026-10-09T15:24:42.650382+00:00,157.0012201899999,loop0,1.0004149650003455,374784,0,51,0,0,0,0,0,0.0,0.0,0,
157,2026-10-09T15:24:42.650382+00:00,157.0012201899999,loop1,1.0004149650003455,2107392,0,217,0,0,0,0,0,0.0,0.0,0,
157,2026-10-09T15:24:42.650382+00:00,157.0012201899999,loop2,1.0004149650003455,1106944,0,51,0,0,0,0,0,0.0,0.0,0,
157,2026-10-09T15:24:42.650382+00:00,157.0012201899999,loop3,1.0004149650003455,1141760,0,66,0,0,0,0,0,0.0,0.0,0,
157,2026-10-09T15:24:42.650382+00:00,157.0012201899999,loop4,1.0004149650003455,354304,0,43,0,0,0,0,0,0.0,0.0,0,
157,2026-10-09T15:24:42.650382+00:00,157.0012201899999,loop5,1.0004149650003455,18432,0,12,0,0,0,0,0,0.0,0.0,0,
157,2026-10-09T15:24:42.650382+00:00,157.0012201899999,loop6,1.0004149650003455,0,0,0,0,0,0,0,0,0.0,0.0,0,
157,2026-10-09T15:24:42.650382+00:00,157.0012201899999,loop7,1.0004149650003455,0,0,0,0,0,0,0,0,0.0,0.0,0,
157,2026-10-09T15:24:42.650382+00:00,157.0012201899999,sr0,1.0004149650003455,1536,0,8,0,0,0,0,0,0.0,0.0,0,
157,2026-10-09T15:24:42.650382+00:00,157.0012201899999,sda,1.0004149650003455,356335104,10473541632,7903,62082,0,49152,0,2,0.0,49131.61210056771,40,
157,2026-10-09T15:24:42.650382+00:00,157.0012201899999,sda1,1.0004149650003455,319488,0,78,0,0,0,0,0,0.0,0.0,0,
157,2026-10-09T15:24:42.650382+00:00,157.0012201899999,sda2,1.0004149650003455,326784000,233766912,6593,37637,0,49152,0,2,0.0,49131.61210056771,40,
157,2026-10-09T15:24:42.650382+00:00,157.0012201899999,sda3,1.0004149650003455,5571584,118784,155,25,0,0,0,0,0.0,0.0,0,
157,2026-10-09T15:24:42.650382+00:00,157.0012201899999,sda4,1.0004149650003455,4657152,0,116,0,0,0,0,0,0.0,0.0,0,
157,2026-10-09T15:24:42.650382+00:00,157.0012201899999,sda5,1.0004149650003455,16548864,10239655936,826,24420,0,0,0,0,0.0,0.0,0,
158,2026-10-09T15:24:43.650639+00:00,158.00173622300008,loop0,1.000256769999396,374784,0,51,0,0,0,0,0,0.0,0.0,0,
158,2026-10-09T15:24:43.650639+00:00,158.00173622300008,loop1,1.000256769999396,2107392,0,217,0,0,0,0,0,0.0,0.0,0,
158,2026-10-09T15:24:43.650639+00:00,158.00173622300008,loop2,1.000256769999396,1106944,0,51,0,0,0,0,0,0.0,0.0,0,
158,2026-10-09T15:24:43.650639+00:00,158.00173622300008,loop3,1.000256769999396,1141760,0,66,0,0,0,0,0,0.0,0.0,0,
158,2026-10-09T15:24:43.650639+00:00,158.00173622300008,loop4,1.000256769999396,354304,0,43,0,0,0,0,0,0.0,0.0,0,
158,2026-10-09T15:24:43.650639+00:00,158.00173622300008,loop5,1.000256769999396,18432,0,12,0,0,0,0,0,0.0,0.0,0,
158,2026-10-09T15:24:43.650639+00:00,158.00173622300008,loop6,1.000256769999396,0,0,0,0,0,0,0,0,0.0,0.0,0,
158,2026-10-09T15:24:43.650639+00:00,158.00173622300008,loop7,1.000256769999396,0,0,0,0,0,0,0,0,0.0,0.0,0,
158,2026-10-09T15:24:43.650639+00:00,158.00173622300008,sr0,1.000256769999396,1536,0,8,0,0,0,0,0,0.0,0.0,0,
158,2026-10-09T15:24:43.650639+00:00,158.00173622300008,sda,1.000256769999396,356335104,10473558016,7903,62084,0,16384,0,2,0.0,16379.794160263362,8,
158,2026-10-09T15:24:43.650639+00:00,158.00173622300008,sda1,1.000256769999396,319488,0,78,0,0,0,0,0,0.0,0.0,0,
158,2026-10-09T15:24:43.650639+00:00,158.00173622300008,sda2,1.000256769999396,326784000,233766912,6593,37637,0,0,0,0,0.0,0.0,0,
158,2026-10-09T15:24:43.650639+00:00,158.00173622300008,sda3,1.000256769999396,5571584,118784,155,25,0,0,0,0,0.0,0.0,0,
158,2026-10-09T15:24:43.650639+00:00,158.00173622300008,sda4,1.000256769999396,4657152,0,116,0,0,0,0,0,0.0,0.0,0,
158,2026-10-09T15:24:43.650639+00:00,158.00173622300008,sda5,1.000256769999396,16548864,10239672320,826,24422,0,16384,0,2,0.0,16379.794160263362,8,
159,2026-10-09T15:24:44.650239+00:00,159.00123024000004,loop0,0.9995999510001639,374784,0,51,0,0,0,0,0,0.0,0.0,0,
159,2026-10-09T15:24:44.650239+00:00,159.00123024000004,loop1,0.9995999510001639,2107392,0,217,0,0,0,0,0,0.0,0.0,0,
159,2026-10-09T15:24:44.650239+00:00,159.00123024000004,loop2,0.9995999510001639,1106944,0,51,0,0,0,0,0,0.0,0.0,0,
159,2026-10-09T15:24:44.650239+00:00,159.00123024000004,loop3,0.9995999510001639,1141760,0,66,0,0,0,0,0,0.0,0.0,0,
159,2026-10-09T15:24:44.650239+00:00,159.00123024000004,loop4,0.9995999510001639,354304,0,43,0,0,0,0,0,0.0,0.0,0,
159,2026-10-09T15:24:44.650239+00:00,159.00123024000004,loop5,0.9995999510001639,18432,0,12,0,0,0,0,0,0.0,0.0,0,
159,2026-10-09T15:24:44.650239+00:00,159.00123024000004,loop6,0.9995999510001639,0,0,0,0,0,0,0,0,0.0,0.0,0,
159,2026-10-09T15:24:44.650239+00:00,159.00123024000004,loop7,0.9995999510001639,0,0,0,0,0,0,0,0,0.0,0.0,0,
159,2026-10-09T15:24:44.650239+00:00,159.00123024000004,sr0,0.9995999510001639,1536,0,8,0,0,0,0,0,0.0,0.0,0,
159,2026-10-09T15:24:44.650239+00:00,159.00123024000004,sda,0.9995999510001639,356335104,10473558016,7903,62084,0,0,0,0,0.0,0.0,0,
159,2026-10-09T15:24:44.650239+00:00,159.00123024000004,sda1,0.9995999510001639,319488,0,78,0,0,0,0,0,0.0,0.0,0,
159,2026-10-09T15:24:44.650239+00:00,159.00123024000004,sda2,0.9995999510001639,326784000,233766912,6593,37637,0,0,0,0,0.0,0.0,0,
159,2026-10-09T15:24:44.650239+00:00,159.00123024000004,sda3,0.9995999510001639,5571584,118784,155,25,0,0,0,0,0.0,0.0,0,
159,2026-10-09T15:24:44.650239+00:00,159.00123024000004,sda4,0.9995999510001639,4657152,0,116,0,0,0,0,0,0.0,0.0,0,
159,2026-10-09T15:24:44.650239+00:00,159.00123024000004,sda5,0.9995999510001639,16548864,10239672320,826,24422,0,0,0,0,0.0,0.0,0,
160,2026-10-09T15:24:45.650148+00:00,160.0011509449996,loop0,0.9999097250001796,374784,0,51,0,0,0,0,0,0.0,0.0,0,
160,2026-10-09T15:24:45.650148+00:00,160.0011509449996,loop1,0.9999097250001796,2107392,0,217,0,0,0,0,0,0.0,0.0,0,
160,2026-10-09T15:24:45.650148+00:00,160.0011509449996,loop2,0.9999097250001796,1106944,0,51,0,0,0,0,0,0.0,0.0,0,
160,2026-10-09T15:24:45.650148+00:00,160.0011509449996,loop3,0.9999097250001796,1141760,0,66,0,0,0,0,0,0.0,0.0,0,
160,2026-10-09T15:24:45.650148+00:00,160.0011509449996,loop4,0.9999097250001796,354304,0,43,0,0,0,0,0,0.0,0.0,0,
160,2026-10-09T15:24:45.650148+00:00,160.0011509449996,loop5,0.9999097250001796,18432,0,12,0,0,0,0,0,0.0,0.0,0,
160,2026-10-09T15:24:45.650148+00:00,160.0011509449996,loop6,0.9999097250001796,0,0,0,0,0,0,0,0,0.0,0.0,0,
160,2026-10-09T15:24:45.650148+00:00,160.0011509449996,loop7,0.9999097250001796,0,0,0,0,0,0,0,0,0.0,0.0,0,
160,2026-10-09T15:24:45.650148+00:00,160.0011509449996,sr0,0.9999097250001796,1536,0,8,0,0,0,0,0,0.0,0.0,0,
160,2026-10-09T15:24:45.650148+00:00,160.0011509449996,sda,0.9999097250001796,356335104,10473558016,7903,62084,0,0,0,0,0.0,0.0,0,
160,2026-10-09T15:24:45.650148+00:00,160.0011509449996,sda1,0.9999097250001796,319488,0,78,0,0,0,0,0,0.0,0.0,0,
160,2026-10-09T15:24:45.650148+00:00,160.0011509449996,sda2,0.9999097250001796,326784000,233766912,6593,37637,0,0,0,0,0.0,0.0,0,
160,2026-10-09T15:24:45.650148+00:00,160.0011509449996,sda3,0.9999097250001796,5571584,118784,155,25,0,0,0,0,0.0,0.0,0,
160,2026-10-09T15:24:45.650148+00:00,160.0011509449996,sda4,0.9999097250001796,4657152,0,116,0,0,0,0,0,0.0,0.0,0,
160,2026-10-09T15:24:45.650148+00:00,160.0011509449996,sda5,0.9999097250001796,16548864,10239672320,826,24422,0,0,0,0,0.0,0.0,0,
161,2026-10-09T15:24:46.650138+00:00,161.00119350800014,loop0,0.9999900060001892,374784,0,51,0,0,0,0,0,0.0,0.0,0,
161,2026-10-09T15:24:46.650138+00:00,161.00119350800014,loop1,0.9999900060001892,2107392,0,217,0,0,0,0,0,0.0,0.0,0,
161,2026-10-09T15:24:46.650138+00:00,161.00119350800014,loop2,0.9999900060001892,1106944,0,51,0,0,0,0,0,0.0,0.0,0,
161,2026-10-09T15:24:46.650138+00:00,161.00119350800014,loop3,0.9999900060001892,1141760,0,66,0,0,0,0,0,0.0,0.0,0,
161,2026-10-09T15:24:46.650138+00:00,161.00119350800014,loop4,0.9999900060001892,354304,0,43,0,0,0,0,0,0.0,0.0,0,
161,2026-10-09T15:24:46.650138+00:00,161.00119350800014,loop5,0.9999900060001892,18432,0,12,0,0,0,0,0,0.0,0.0,0,
161,2026-10-09T15:24:46.650138+00:00,161.00119350800014,loop6,0.9999900060001892,0,0,0,0,0,0,0,0,0.0,0.0,0,
161,2026-10-09T15:24:46.650138+00:00,161.00119350800014,loop7,0.9999900060001892,0,0,0,0,0,0,0,0,0.0,0.0,0,
161,2026-10-09T15:24:46.650138+00:00,161.00119350800014,sr0,0.9999900060001892,1536,0,8,0,0,0,0,0,0.0,0.0,0,
161,2026-10-09T15:24:46.650138+00:00,161.00119350800014,sda,0.9999900060001892,356335104,10473558016,7903,62084,0,0,0,0,0.0,0.0,0,
161,2026-10-09T15:24:46.650138+00:00,161.00119350800014,sda1,0.9999900060001892,319488,0,78,0,0,0,0,0,0.0,0.0,0,
161,2026-10-09T15:24:46.650138+00:00,161.00119350800014,sda2,0.9999900060001892,326784000,233766912,6593,37637,0,0,0,0,0.0,0.0,0,
161,2026-10-09T15:24:46.650138+00:00,161.00119350800014,sda3,0.9999900060001892,5571584,118784,155,25,0,0,0,0,0.0,0.0,0,
161,2026-10-09T15:24:46.650138+00:00,161.00119350800014,sda4,0.9999900060001892,4657152,0,116,0,0,0,0,0,0.0,0.0,0,
161,2026-10-09T15:24:46.650138+00:00,161.00119350800014,sda5,0.9999900060001892,16548864,10239672320,826,24422,0,0,0,0,0.0,0.0,0,
162,2026-10-09T15:24:47.650438+00:00,162.00134003699986,loop0,1.0002999759999511,374784,0,51,0,0,0,0,0,0.0,0.0,0,
162,2026-10-09T15:24:47.650438+00:00,162.00134003699986,loop1,1.0002999759999511,2107392,0,217,0,0,0,0,0,0.0,0.0,0,
162,2026-10-09T15:24:47.650438+00:00,162.00134003699986,loop2,1.0002999759999511,1106944,0,51,0,0,0,0,0,0.0,0.0,0,
162,2026-10-09T15:24:47.650438+00:00,162.00134003699986,loop3,1.0002999759999511,1141760,0,66,0,0,0,0,0,0.0,0.0,0,
162,2026-10-09T15:24:47.650438+00:00,162.00134003699986,loop4,1.0002999759999511,354304,0,43,0,0,0,0,0,0.0,0.0,0,
162,2026-10-09T15:24:47.650438+00:00,162.00134003699986,loop5,1.0002999759999511,18432,0,12,0,0,0,0,0,0.0,0.0,0,
162,2026-10-09T15:24:47.650438+00:00,162.00134003699986,loop6,1.0002999759999511,0,0,0,0,0,0,0,0,0.0,0.0,0,
162,2026-10-09T15:24:47.650438+00:00,162.00134003699986,loop7,1.0002999759999511,0,0,0,0,0,0,0,0,0.0,0.0,0,
162,2026-10-09T15:24:47.650438+00:00,162.00134003699986,sr0,1.0002999759999511,1536,0,8,0,0,0,0,0,0.0,0.0,0,
162,2026-10-09T15:24:47.650438+00:00,162.00134003699986,sda,1.0002999759999511,356335104,10475790336,7903,62461,0,2232320,0,377,0.0,2231650.558392205,540,
162,2026-10-09T15:24:47.650438+00:00,162.00134003699986,sda1,1.0002999759999511,319488,0,78,0,0,0,0,0,0.0,0.0,0,
162,2026-10-09T15:24:47.650438+00:00,162.00134003699986,sda2,1.0002999759999511,326784000,235999232,6593,38014,0,2232320,0,377,0.0,2231650.558392205,540,
162,2026-10-09T15:24:47.650438+00:00,162.00134003699986,sda3,1.0002999759999511,5571584,118784,155,25,0,0,0,0,0.0,0.0,0,
162,2026-10-09T15:24:47.650438+00:00,162.00134003699986,sda4,1.0002999759999511,4657152,0,116,0,0,0,0,0,0.0,0.0,0,
162,2026-10-09T15:24:47.650438+00:00,162.00134003699986,sda5,1.0002999759999511,16548864,10239672320,826,24422,0,0,0,0,0.0,0.0,0,
163,2026-10-09T15:24:48.650046+00:00,163.0011187,loop0,0.9996072989997629,374784,0,51,0,0,0,0,0,0.0,0.0,0,
163,2026-10-09T15:24:48.650046+00:00,163.0011187,loop1,0.9996072989997629,2107392,0,217,0,0,0,0,0,0.0,0.0,0,
163,2026-10-09T15:24:48.650046+00:00,163.0011187,loop2,0.9996072989997629,1106944,0,51,0,0,0,0,0,0.0,0.0,0,
163,2026-10-09T15:24:48.650046+00:00,163.0011187,loop3,0.9996072989997629,1141760,0,66,0,0,0,0,0,0.0,0.0,0,
163,2026-10-09T15:24:48.650046+00:00,163.0011187,loop4,0.9996072989997629,354304,0,43,0,0,0,0,0,0.0,0.0,0,
163,2026-10-09T15:24:48.650046+00:00,163.0011187,loop5,0.9996072989997629,18432,0,12,0,0,0,0,0,0.0,0.0,0,
163,2026-10-09T15:24:48.650046+00:00,163.0011187,loop6,0.9996072989997629,0,0,0,0,0,0,0,0,0.0,0.0,0,
163,2026-10-09T15:24:48.650046+00:00,163.0011187,loop7,0.9996072989997629,0,0,0,0,0,0,0,0,0.0,0.0,0,
163,2026-10-09T15:24:48.650046+00:00,163.0011187,sr0,0.9996072989997629,1536,0,8,0,0,0,0,0,0.0,0.0,0,
163,2026-10-09T15:24:48.650046+00:00,163.0011187,sda,0.9996072989997629,356335104,10475941888,7903,62468,0,151552,0,7,0.0,151611.53800262112,52,
163,2026-10-09T15:24:48.650046+00:00,163.0011187,sda1,0.9996072989997629,319488,0,78,0,0,0,0,0,0.0,0.0,0,
163,2026-10-09T15:24:48.650046+00:00,163.0011187,sda2,0.9996072989997629,326784000,236027904,6593,38016,0,28672,0,2,0.0,28683.263946441835,28,
163,2026-10-09T15:24:48.650046+00:00,163.0011187,sda3,0.9996072989997629,5571584,118784,155,25,0,0,0,0,0.0,0.0,0,
163,2026-10-09T15:24:48.650046+00:00,163.0011187,sda4,0.9996072989997629,4657152,0,116,0,0,0,0,0,0.0,0.0,0,
163,2026-10-09T15:24:48.650046+00:00,163.0011187,sda5,0.9996072989997629,16548864,10239795200,826,24427,0,122880,0,5,0.0,122928.27405617929,24,
164,2026-10-09T15:24:49.650561+00:00,164.00150661099997,loop0,1.0005157639998288,374784,0,51,0,0,0,0,0,0.0,0.0,0,
164,2026-10-09T15:24:49.650561+00:00,164.00150661099997,loop1,1.0005157639998288,2107392,0,217,0,0,0,0,0,0.0,0.0,0,
164,2026-10-09T15:24:49.650561+00:00,164.00150661099997,loop2,1.0005157639998288,1106944,0,51,0,0,0,0,0,0.0,0.0,0,
164,2026-10-09T15:24:49.650561+00:00,164.00150661099997,loop3,1.0005157639998288,1141760,0,66,0,0,0,0,0,0.0,0.0,0,
164,2026-10-09T15:24:49.650561+00:00,164.00150661099997,loop4,1.0005157639998288,354304,0,43,0,0,0,0,0,0.0,0.0,0,
164,2026-10-09T15:24:49.650561+00:00,164.00150661099997,loop5,1.0005157639998288,18432,0,12,0,0,0,0,0,0.0,0.0,0,
164,2026-10-09T15:24:49.650561+00:00,164.00150661099997,loop6,1.0005157639998288,0,0,0,0,0,0,0,0,0.0,0.0,0,
164,2026-10-09T15:24:49.650561+00:00,164.00150661099997,loop7,1.0005157639998288,0,0,0,0,0,0,0,0,0.0,0.0,0,
164,2026-10-09T15:24:49.650561+00:00,164.00150661099997,sr0,1.0005157639998288,1536,0,8,0,0,0,0,0,0.0,0.0,0,
164,2026-10-09T15:24:49.650561+00:00,164.00150661099997,sda,1.0005157639998288,356335104,10475941888,7903,62468,0,0,0,0,0.0,0.0,0,
164,2026-10-09T15:24:49.650561+00:00,164.00150661099997,sda1,1.0005157639998288,319488,0,78,0,0,0,0,0,0.0,0.0,0,
164,2026-10-09T15:24:49.650561+00:00,164.00150661099997,sda2,1.0005157639998288,326784000,236027904,6593,38016,0,0,0,0,0.0,0.0,0,
164,2026-10-09T15:24:49.650561+00:00,164.00150661099997,sda3,1.0005157639998288,5571584,118784,155,25,0,0,0,0,0.0,0.0,0,
164,2026-10-09T15:24:49.650561+00:00,164.00150661099997,sda4,1.0005157639998288,4657152,0,116,0,0,0,0,0,0.0,0.0,0,
164,2026-10-09T15:24:49.650561+00:00,164.00150661099997,sda5,1.0005157639998288,16548864,10239795200,826,24427,0,0,0,0,0.0,0.0,0,
165,2026-10-09T15:24:50.650500+00:00,165.0013269330002,loop0,0.9999388570004157,374784,0,51,0,0,0,0,0,0.0,0.0,0,
165,2026-10-09T15:24:50.650500+00:00,165.0013269330002,loop1,0.9999388570004157,2107392,0,217,0,0,0,0,0,0.0,0.0,0,
165,2026-10-09T15:24:50.650500+00:00,165.0013269330002,loop2,0.9999388570004157,1106944,0,51,0,0,0,0,0,0.0,0.0,0,
165,2026-10-09T15:24:50.650500+00:00,165.0013269330002,loop3,0.9999388570004157,1141760,0,66,0,0,0,0,0,0.0,0.0,0,
165,2026-10-09T15:24:50.650500+00:00,165.0013269330002,loop4,0.9999388570004157,354304,0,43,0,0,0,0,0,0.0,0.0,0,
165,2026-10-09T15:24:50.650500+00:00,165.0013269330002,loop5,0.9999388570004157,18432,0,12,0,0,0,0,0,0.0,0.0,0,
165,2026-10-09T15:24:50.650500+00:00,165.0013269330002,loop6,0.9999388570004157,0,0,0,0,0,0,0,0,0.0,0.0,0,
165,2026-10-09T15:24:50.650500+00:00,165.0013269330002,loop7,0.9999388570004157,0,0,0,0,0,0,0,0,0.0,0.0,0,
165,2026-10-09T15:24:50.650500+00:00,165.0013269330002,sr0,0.9999388570004157,1536,0,8,0,0,0,0,0,0.0,0.0,0,
165,2026-10-09T15:24:50.650500+00:00,165.0013269330002,sda,0.9999388570004157,356335104,10475941888,7903,62468,0,0,0,0,0.0,0.0,0,
165,2026-10-09T15:24:50.650500+00:00,165.0013269330002,sda1,0.9999388570004157,319488,0,78,0,0,0,0,0,0.0,0.0,0,
165,2026-10-09T15:24:50.650500+00:00,165.0013269330002,sda2,0.9999388570004157,326784000,236027904,6593,38016,0,0,0,0,0.0,0.0,0,
165,2026-10-09T15:24:50.650500+00:00,165.0013269330002,sda3,0.9999388570004157,5571584,118784,155,25,0,0,0,0,0.0,0.0,0,
165,2026-10-09T15:24:50.650500+00:00,165.0013269330002,sda4,0.9999388570004157,4657152,0,116,0,0,0,0,0,0.0,0.0,0,
165,2026-10-09T15:24:50.650500+00:00,165.0013269330002,sda5,0.9999388570004157,16548864,10239795200,826,24427,0,0,0,0,0.0,0.0,0,
166,2026-10-09T15:24:51.652749+00:00,166.00377802099956,loop0,1.002248373999464,374784,0,51,0,0,0,0,0,0.0,0.0,0,
166,2026-10-09T15:24:51.652749+00:00,166.00377802099956,loop1,1.002248373999464,2107392,0,217,0,0,0,0,0,0.0,0.0,0,
166,2026-10-09T15:24:51.652749+00:00,166.00377802099956,loop2,1.002248373999464,1106944,0,51,0,0,0,0,0,0.0,0.0,0,
166,2026-10-09T15:24:51.652749+00:00,166.00377802099956,loop3,1.002248373999464,1141760,0,66,0,0,0,0,0,0.0,0.0,0,
166,2026-10-09T15:24:51.652749+00:00,166.00377802099956,loop4,1.002248373999464,354304,0,43,0,0,0,0,0,0.0,0.0,0,
166,2026-10-09T15:24:51.652749+00:00,166.00377802099956,loop5,1.002248373999464,18432,0,12,0,0,0,0,0,0.0,0.0,0,
166,2026-10-09T15:24:51.652749+00:00,166.00377802099956,loop6,1.002248373999464,0,0,0,0,0,0,0,0,0.0,0.0,0,
166,2026-10-09T15:24:51.652749+00:00,166.00377802099956,loop7,1.002248373999464,0,0,0,0,0,0,0,0,0.0,0.0,0,
166,2026-10-09T15:24:51.652749+00:00,166.00377802099956,sr0,1.002248373999464,1536,0,8,0,0,0,0,0,0.0,0.0,0,
166,2026-10-09T15:24:51.652749+00:00,166.00377802099956,sda,1.002248373999464,356335104,10475941888,7903,62468,0,0,0,0,0.0,0.0,0,
166,2026-10-09T15:24:51.652749+00:00,166.00377802099956,sda1,1.002248373999464,319488,0,78,0,0,0,0,0,0.0,0.0,0,
166,2026-10-09T15:24:51.652749+00:00,166.00377802099956,sda2,1.002248373999464,326784000,236027904,6593,38016,0,0,0,0,0.0,0.0,0,
166,2026-10-09T15:24:51.652749+00:00,166.00377802099956,sda3,1.002248373999464,5571584,118784,155,25,0,0,0,0,0.0,0.0,0,
166,2026-10-09T15:24:51.652749+00:00,166.00377802099956,sda4,1.002248373999464,4657152,0,116,0,0,0,0,0,0.0,0.0,0,
166,2026-10-09T15:24:51.652749+00:00,166.00377802099956,sda5,1.002248373999464,16548864,10239795200,826,24427,0,0,0,0,0.0,0.0,0,
167,2026-10-09T15:24:52.649923+00:00,167.00088444599987,loop0,0.9971746670007633,374784,0,51,0,0,0,0,0,0.0,0.0,0,
167,2026-10-09T15:24:52.649923+00:00,167.00088444599987,loop1,0.9971746670007633,2107392,0,217,0,0,0,0,0,0.0,0.0,0,
167,2026-10-09T15:24:52.649923+00:00,167.00088444599987,loop2,0.9971746670007633,1106944,0,51,0,0,0,0,0,0.0,0.0,0,
167,2026-10-09T15:24:52.649923+00:00,167.00088444599987,loop3,0.9971746670007633,1141760,0,66,0,0,0,0,0,0.0,0.0,0,
167,2026-10-09T15:24:52.649923+00:00,167.00088444599987,loop4,0.9971746670007633,354304,0,43,0,0,0,0,0,0.0,0.0,0,
167,2026-10-09T15:24:52.649923+00:00,167.00088444599987,loop5,0.9971746670007633,18432,0,12,0,0,0,0,0,0.0,0.0,0,
167,2026-10-09T15:24:52.649923+00:00,167.00088444599987,loop6,0.9971746670007633,0,0,0,0,0,0,0,0,0.0,0.0,0,
167,2026-10-09T15:24:52.649923+00:00,167.00088444599987,loop7,0.9971746670007633,0,0,0,0,0,0,0,0,0.0,0.0,0,
167,2026-10-09T15:24:52.649923+00:00,167.00088444599987,sr0,0.9971746670007633,1536,0,8,0,0,0,0,0,0.0,0.0,0,
167,2026-10-09T15:24:52.649923+00:00,167.00088444599987,sda,0.9971746670007633,356335104,10477174784,7903,62682,0,1232896,0,214,0.0,1236389.2112384122,236,
167,2026-10-09T15:24:52.649923+00:00,167.00088444599987,sda1,0.9971746670007633,319488,0,78,0,0,0,0,0,0.0,0.0,0,
167,2026-10-09T15:24:52.649923+00:00,167.00088444599987,sda2,0.9971746670007633,326784000,237260800,6593,38230,0,1232896,0,214,0.0,1236389.2112384122,236,
167,2026-10-09T15:24:52.649923+00:00,167.00088444599987,sda3,0.9971746670007633,5571584,118784,155,25,0,0,0,0,0.0,0.0,0,
167,2026-10-09T15:24:52.649923+00:00,167.00088444599987,sda4,0.9971746670007633,4657152,0,116,0,0,0,0,0,0.0,0.0,0,
167,2026-10-09T15:24:52.649923+00:00,167.00088444599987,sda5,0.9971746670007633,16548864,10239795200,826,24427,0,0,0,0,0.0,0.0,0,
168,2026-10-09T15:24:53.649878+00:00,168.0009566789995,loop0,0.9999551189994236,374784,0,51,0,0,0,0,0,0.0,0.0,0,
168,2026-10-09T15:24:53.649878+00:00,168.0009566789995,loop1,0.9999551189994236,2107392,0,217,0,0,0,0,0,0.0,0.0,0,
168,2026-10-09T15:24:53.649878+00:00,168.0009566789995,loop2,0.9999551189994236,1106944,0,51,0,0,0,0,0,0.0,0.0,0,
168,2026-10-09T15:24:53.649878+00:00,168.0009566789995,loop3,0.9999551189994236,1141760,0,66,0,0,0,0,0,0.0,0.0,0,
168,2026-10-09T15:24:53.649878+00:00,168.0009566789995,loop4,0.9999551189994236,354304,0,43,0,0,0,0,0,0.0,0.0,0,
168,2026-10-09T15:24:53.649878+00:00,168.0009566789995,loop5,0.9999551189994236,18432,0,12,0,0,0,0,0,0.0,0.0,0,
168,2026-10-09T15:24:53.649878+00:00,168.0009566789995,loop6,0.9999551189994236,0,0,0,0,0,0,0,0,0.0,0.0,0,
168,2026-10-09T15:24:53.649878+00:00,168.0009566789995,loop7,0.9999551189994236,0,0,0,0,0,0,0,0,0.0,0.0,0,
168,2026-10-09T15:24:53.649878+00:00,168.0009566789995,sr0,0.9999551189994236,1536,0,8,0,0,0,0,0,0.0,0.0,0,
168,2026-10-09T15:24:53.649878+00:00,168.0009566789995,sda,0.9999551189994236,356335104,10477203456,7903,62684,0,28672,0,2,0.0,28673.28688580525,164,
168,2026-10-09T15:24:53.649878+00:00,168.0009566789995,sda1,0.9999551189994236,319488,0,78,0,0,0,0,0,0.0,0.0,0,
168,2026-10-09T15:24:53.649878+00:00,168.0009566789995,sda2,0.9999551189994236,326784000,237289472,6593,38232,0,28672,0,2,0.0,28673.28688580525,164,
168,2026-10-09T15:24:53.649878+00:00,168.0009566789995,sda3,0.9999551189994236,5571584,118784,155,25,0,0,0,0,0.0,0.0,0,
168,2026-10-09T15:24:53.649878+00:00,168.0009566789995,sda4,0.9999551189994236,4657152,0,116,0,0,0,0,0,0.0,0.0,0,
168,2026-10-09T15:24:53.649878+00:00,168.0009566789995,sda5,0.9999551189994236,16548864,10239795200,826,24427,0,0,0,0,0.0,0.0,0,
169,2026-10-09T15:24:54.650608+00:00,169.0016195620001,loop0,1.0007296410003619,374784,0,51,0,0,0,0,0,0.0,0.0,0,
169,2026-10-09T15:24:54.650608+00:00,169.0016195620001,loop1,1.0007296410003619,2107392,0,217,0,0,0,0,0,0.0,0.0,0,
169,2026-10-09T15:24:54.650608+00:00,169.0016195620001,loop2,1.0007296410003619,1106944,0,51,0,0,0,0,0,0.0,0.0,0,
169,2026-10-09T15:24:54.650608+00:00,169.0016195620001,loop3,1.0007296410003619,1141760,0,66,0,0,0,0,0,0.0,0.0,0,
169,2026-10-09T15:24:54.650608+00:00,169.0016195620001,loop4,1.0007296410003619,354304,0,43,0,0,0,0,0,0.0,0.0,0,
169,2026-10-09T15:24:54.650608+00:00,169.0016195620001,loop5,1.0007296410003619,18432,0,12,0,0,0,0,0,0.0,0.0,0,
169,2026-10-09T15:24:54.650608+00:00,169.0016195620001,loop6,1.0007296410003619,0,0,0,0,0,0,0,0,0.0,0.0,0,
169,2026-10-09T15:24:54.650608+00:00,169.0016195620001,loop7,1.0007296410003619,0,0,0,0,0,0,0,0,0.0,0.0,0,
169,2026-10-09T15:24:54.650608+00:00,169.0016195620001,sr0,1.0007296410003619,1536,0,8,0,0,0,0,0,0.0,0.0,0,
169,2026-10-09T15:24:54.650608+00:00,169.0016195620001,sda,1.0007296410003619,356335104,10477252608,7903,62686,0,49152,0,2,0.0,49116.162833816,12,
169,2026-10-09T15:24:54.650608+00:00,169.0016195620001,sda1,1.0007296410003619,319488,0,78,0,0,0,0,0,0.0,0.0,0,
169,2026-10-09T15:24:54.650608+00:00,169.0016195620001,sda2,1.0007296410003619,326784000,237289472,6593,38232,0,0,0,0,0.0,0.0,0,
169,2026-10-09T15:24:54.650608+00:00,169.0016195620001,sda3,1.0007296410003619,5571584,118784,155,25,0,0,0,0,0.0,0.0,0,
169,2026-10-09T15:24:54.650608+00:00,169.0016195620001,sda4,1.0007296410003619,4657152,0,116,0,0,0,0,0,0.0,0.0,0,
169,2026-10-09T15:24:54.650608+00:00,169.0016195620001,sda5,1.0007296410003619,16548864,10239844352,826,24429,0,49152,0,2,0.0,49116.162833816,12,
170,2026-10-09T15:24:55.650593+00:00,170.00166441599958,loop0,0.9999848819998078,374784,0,51,0,0,0,0,0,0.0,0.0,0,
170,2026-10-09T15:24:55.650593+00:00,170.00166441599958,loop1,0.9999848819998078,2107392,0,217,0,0,0,0,0,0.0,0.0,0,
170,2026-10-09T15:24:55.650593+00:00,170.00166441599958,loop2,0.9999848819998078,1106944,0,51,0,0,0,0,0,0.0,0.0,0,
170,2026-10-09T15:24:55.650593+00:00,170.00166441599958,loop3,0.9999848819998078,1141760,0,66,0,0,0,0,0,0.0,0.0,0,
170,2026-10-09T15:24:55.650593+00:00,170.00166441599958,loop4,0.9999848819998078,354304,0,43,0,0,0,0,0,0.0,0.0,0,
170,2026-10-09T15:24:55.650593+00:00,170.00166441599958,loop5,0.9999848819998078,18432,0,12,0,0,0,0,0,0.0,0.0,0,
170,2026-10-09T15:24:55.650593+00:00,170.00166441599958,loop6,0.9999848819998078,0,0,0,0,0,0,0,0,0.0,0.0,0,
170,2026-10-09T15:24:55.650593+00:00,170.00166441599958,loop7,0.9999848819998078,0,0,0,0,0,0,0,0,0.0,0.0,0,
170,2026-10-09T15:24:55.650593+00:00,170.00166441599958,sr0,0.9999848819998078,1536,0,8,0,0,0,0,0,0.0,0.0,0,
170,2026-10-09T15:24:55.650593+00:00,170.00166441599958,sda,0.9999848819998078,356335104,10477252608,7903,62686,0,0,0,0,0.0,0.0,0,
170,2026-10-09T15:24:55.650593+00:00,170.00166441599958,sda1,0.9999848819998078,319488,0,78,0,0,0,0,0,0.0,0.0,0,
170,2026-10-09T15:24:55.650593+00:00,170.00166441599958,sda2,0.9999848819998078,326784000,237289472,6593,38232,0,0,0,0,0.0,0.0,0,
170,2026-10-09T15:24:55.650593+00:00,170.00166441599958,sda3,0.9999848819998078,5571584,118784,155,25,0,0,0,0,0.0,0.0,0,
170,2026-10-09T15:24:55.650593+00:00,170.00166441599958,sda4,0.9999848819998078,4657152,0,116,0,0,0,0,0,0.0,0.0,0,
170,2026-10-09T15:24:55.650593+00:00,170.00166441599958,sda5,0.9999848819998078,16548864,10239844352,826,24429,0,0,0,0,0.0,0.0,0,
171,2026-10-09T15:24:56.651188+00:00,171.00223206200008,loop0,1.0005955770002402,374784,0,51,0,0,0,0,0,0.0,0.0,0,
171,2026-10-09T15:24:56.651188+00:00,171.00223206200008,loop1,1.0005955770002402,2107392,0,217,0,0,0,0,0,0.0,0.0,0,
171,2026-10-09T15:24:56.651188+00:00,171.00223206200008,loop2,1.0005955770002402,1106944,0,51,0,0,0,0,0,0.0,0.0,0,
171,2026-10-09T15:24:56.651188+00:00,171.00223206200008,loop3,1.0005955770002402,1141760,0,66,0,0,0,0,0,0.0,0.0,0,
171,2026-10-09T15:24:56.651188+00:00,171.00223206200008,loop4,1.0005955770002402,354304,0,43,0,0,0,0,0,0.0,0.0,0,
171,2026-10-09T15:24:56.651188+00:00,171.00223206200008,loop5,1.0005955770002402,18432,0,12,0,0,0,0,0,0.0,0.0,0,
171,2026-10-09T15:24:56.651188+00:00,171.00223206200008,loop6,1.0005955770002402,0,0,0,0,0,0,0,0,0.0,0.0,0,
171,2026-10-09T15:24:56.651188+00:00,171.00223206200008,loop7,1.0005955770002402,0,0,0,0,0,0,0,0,0.0,0.0,0,
171,2026-10-09T15:24:56.651188+00:00,171.00223206200008,sr0,1.0005955770002402,1536,0,8,0,0,0,0,0,0.0,0.0,0,
171,2026-10-09T15:24:56.651188+00:00,171.00223206200008,sda,1.0005955770002402,356335104,10477252608,7903,62686,0,0,0,0,0.0,0.0,0,
171,2026-10-09T15:24:56.651188+00:00,171.00223206200008,sda1,1.0005955770002402,319488,0,78,0,0,0,0,0,0.0,0.0,0,
171,2026-10-09T15:24:56.651188+00:00,171.00223206200008,sda2,1.0005955770002402,326784000,237289472,6593,38232,0,0,0,0,0.0,0.0,0,
171,2026-10-09T15:24:56.651188+00:00,171.00223206200008,sda3,1.0005955770002402,5571584,118784,155,25,0,0,0,0,0.0,0.0,0,
171,2026-10-09T15:24:56.651188+00:00,171.00223206200008,sda4,1.0005955770002402,4657152,0,116,0,0,0,0,0,0.0,0.0,0,
171,2026-10-09T15:24:56.651188+00:00,171.00223206200008,sda5,1.0005955770002402,16548864,10239844352,826,24429,0,0,0,0,0.0,0.0,0,
172,2026-10-09T15:24:57.650341+00:00,172.00143241600017,loop0,0.9991528319997087,374784,0,51,0,0,0,0,0,0.0,0.0,0,
172,2026-10-09T15:24:57.650341+00:00,172.00143241600017,loop1,0.9991528319997087,2107392,0,217,0,0,0,0,0,0.0,0.0,0,
172,2026-10-09T15:24:57.650341+00:00,172.00143241600017,loop2,0.9991528319997087,1106944,0,51,0,0,0,0,0,0.0,0.0,0,
172,2026-10-09T15:24:57.650341+00:00,172.00143241600017,loop3,0.9991528319997087,1141760,0,66,0,0,0,0,0,0.0,0.0,0,
172,2026-10-09T15:24:57.650341+00:00,172.00143241600017,loop4,0.9991528319997087,354304,0,43,0,0,0,0,0,0.0,0.0,0,
172,2026-10-09T15:24:57.650341+00:00,172.00143241600017,loop5,0.9991528319997087,18432,0,12,0,0,0,0,0,0.0,0.0,0,
172,2026-10-09T15:24:57.650341+00:00,172.00143241600017,loop6,0.9991528319997087,0,0,0,0,0,0,0,0,0.0,0.0,0,
172,2026-10-09T15:24:57.650341+00:00,172.00143241600017,loop7,0.9991528319997087,0,0,0,0,0,0,0,0,0.0,0.0,0,
172,2026-10-09T15:24:57.650341+00:00,172.00143241600017,sr0,0.9991528319997087,1536,0,8,0,0,0,0,0,0.0,0.0,0,
172,2026-10-09T15:24:57.650341+00:00,172.00143241600017,sda,0.9991528319997087,356335104,10477252608,7903,62686,0,0,0,0,0.0,0.0,0,
172,2026-10-09T15:24:57.650341+00:00,172.00143241600017,sda1,0.9991528319997087,319488,0,78,0,0,0,0,0,0.0,0.0,0,
172,2026-10-09T15:24:57.650341+00:00,172.00143241600017,sda2,0.9991528319997087,326784000,237289472,6593,38232,0,0,0,0,0.0,0.0,0,
172,2026-10-09T15:24:57.650341+00:00,172.00143241600017,sda3,0.9991528319997087,5571584,118784,155,25,0,0,0,0,0.0,0.0,0,
172,2026-10-09T15:24:57.650341+00:00,172.00143241600017,sda4,0.9991528319997087,4657152,0,116,0,0,0,0,0,0.0,0.0,0,
172,2026-10-09T15:24:57.650341+00:00,172.00143241600017,sda5,0.9991528319997087,16548864,10239844352,826,24429,0,0,0,0,0.0,0.0,0,
173,2026-10-09T15:24:58.650537+00:00,173.0016240949999,loop0,1.0001953900000444,374784,0,51,0,0,0,0,0,0.0,0.0,0,
173,2026-10-09T15:24:58.650537+00:00,173.0016240949999,loop1,1.0001953900000444,2107392,0,217,0,0,0,0,0,0.0,0.0,0,
173,2026-10-09T15:24:58.650537+00:00,173.0016240949999,loop2,1.0001953900000444,1106944,0,51,0,0,0,0,0,0.0,0.0,0,
173,2026-10-09T15:24:58.650537+00:00,173.0016240949999,loop3,1.0001953900000444,1141760,0,66,0,0,0,0,0,0.0,0.0,0,
173,2026-10-09T15:24:58.650537+00:00,173.0016240949999,loop4,1.0001953900000444,354304,0,43,0,0,0,0,0,0.0,0.0,0,
173,2026-10-09T15:24:58.650537+00:00,173.0016240949999,loop5,1.0001953900000444,18432,0,12,0,0,0,0,0,0.0,0.0,0,
173,2026-10-09T15:24:58.650537+00:00,173.0016240949999,loop6,1.0001953900000444,0,0,0,0,0,0,0,0,0.0,0.0,0,
173,2026-10-09T15:24:58.650537+00:00,173.0016240949999,loop7,1.0001953900000444,0,0,0,0,0,0,0,0,0.0,0.0,0,
173,2026-10-09T15:24:58.650537+00:00,173.0016240949999,sr0,1.0001953900000444,1536,0,8,0,0,0,0,0,0.0,0.0,0,
173,2026-10-09T15:24:58.650537+00:00,173.0016240949999,sda,1.0001953900000444,356335104,10477281280,7903,62689,0,28672,0,3,0.0,28666.398872323065,12,
173,2026-10-09T15:24:58.650537+00:00,173.0016240949999,sda1,1.0001953900000444,319488,0,78,0,0,0,0,0,0.0,0.0,0,
173,2026-10-09T15:24:58.650537+00:00,173.0016240949999,sda2,1.0001953900000444,326784000,237318144,6593,38235,0,28672,0,3,0.0,28666.398872323065,12,
173,2026-10-09T15:24:58.650537+00:00,173.0016240949999,sda3,1.0001953900000444,5571584,118784,155,25,0,0,0,0,0.0,0.0,0,
173,2026-10-09T15:24:58.650537+00:00,173.0016240949999,sda4,1.0001953900000444,4657152,0,116,0,0,0,0,0,0.0,0.0,0,
173,2026-10-09T15:24:58.650537+00:00,173.0016240949999,sda5,1.0001953900000444,16548864,10239844352,826,24429,0,0,0,0,0.0,0.0,0,
174,2026-10-09T15:24:59.649838+00:00,174.00092875999962,loop0,0.9993016700000226,374784,0,51,0,0,0,0,0,0.0,0.0,0,
174,2026-10-09T15:24:59.649838+00:00,174.00092875999962,loop1,0.9993016700000226,2107392,0,217,0,0,0,0,0,0.0,0.0,0,
174,2026-10-09T15:24:59.649838+00:00,174.00092875999962,loop2,0.9993016700000226,1106944,0,51,0,0,0,0,0,0.0,0.0,0,
174,2026-10-09T15:24:59.649838+00:00,174.00092875999962,loop3,0.9993016700000226,1141760,0,66,0,0,0,0,0,0.0,0.0,0,
174,2026-10-09T15:24:59.649838+00:00,174.00092875999962,loop4,0.9993016700000226,354304,0,43,0,0,0,0,0,0.0,0.0,0,
174,2026-10-09T15:24:59.649838+00:00,174.00092875999962,loop5,0.9993016700000226,18432,0,12,0,0,0,0,0,0.0,0.0,0,
174,2026-10-09T15:24:59.649838+00:00,174.00092875999962,loop6,0.9993016700000226,0,0,0,0,0,0,0,0,0.0,0.0,0,
174,2026-10-09T15:24:59.649838+00:00,174.00092875999962,loop7,0.9993016700000226,0,0,0,0,0,0,0,0,0.0,0.0,0,
174,2026-10-09T15:24:59.649838+00:00,174.00092875999962,sr0,0.9993016700000226,1536,0,8,0,0,0,0,0,0.0,0.0,0,
174,2026-10-09T15:24:59.649838+00:00,174.00092875999962,sda,0.9993016700000226,356335104,10477297664,7903,62691,0,16384,0,2,0.0,16395.449434203016,8,
174,2026-10-09T15:24:59.649838+00:00,174.00092875999962,sda1,0.9993016700000226,319488,0,78,0,0,0,0,0,0.0,0.0,0,
174,2026-10-09T15:24:59.649838+00:00,174.00092875999962,sda2,0.9993016700000226,326784000,237318144,6593,38235,0,0,0,0,0.0,0.0,0,
174,2026-10-09T15:24:59.649838+00:00,174.00092875999962,sda3,0.9993016700000226,5571584,118784,155,25,0,0,0,0,0.0,0.0,0,
174,2026-10-09T15:24:59.649838+00:00,174.00092875999962,sda4,0.9993016700000226,4657152,0,116,0,0,0,0,0,0.0,0.0,0,
174,2026-10-09T15:24:59.649838+00:00,174.00092875999962,sda5,0.9993016700000226,16548864,10239860736,826,24431,0,16384,0,2,0.0,16395.449434203016,8,
175,2026-10-09T15:25:00.650261+00:00,175.00120382099976,loop0,1.0004223699997965,374784,0,51,0,0,0,0,0,0.0,0.0,0,
175,2026-10-09T15:25:00.650261+00:00,175.00120382099976,loop1,1.0004223699997965,2107392,0,217,0,0,0,0,0,0.0,0.0,0,
175,2026-10-09T15:25:00.650261+00:00,175.00120382099976,loop2,1.0004223699997965,1106944,0,51,0,0,0,0,0,0.0,0.0,0,
175,2026-10-09T15:25:00.650261+00:00,175.00120382099976,loop3,1.0004223699997965,1141760,0,66,0,0,0,0,0,0.0,0.0,0,
175,2026-10-09T15:25:00.650261+00:00,175.00120382099976,loop4,1.0004223699997965,354304,0,43,0,0,0,0,0,0.0,0.0,0,
175,2026-10-09T15:25:00.650261+00:00,175.00120382099976,loop5,1.0004223699997965,18432,0,12,0,0,0,0,0,0.0,0.0,0,
175,2026-10-09T15:25:00.650261+00:00,175.00120382099976,loop6,1.0004223699997965,0,0,0,0,0,0,0,0,0.0,0.0,0,
175,2026-10-09T15:25:00.650261+00:00,175.00120382099976,loop7,1.0004223699997965,0,0,0,0,0,0,0,0,0.0,0.0,0,
175,2026-10-09T15:25:00.650261+00:00,175.00120382099976,sr0,1.0004223699997965,1536,0,8,0,0,0,0,0,0.0,0.0,0,
175,2026-10-09T15:25:00.650261+00:00,175.00120382099976,sda,1.0004223699997965,356335104,10477297664,7903,62691,0,0,0,0,0.0,0.0,0,
175,2026-10-09T15:25:00.650261+00:00,175.00120382099976,sda1,1.0004223699997965,319488,0,78,0,0,0,0,0,0.0,0.0,0,
175,2026-10-09T15:25:00.650261+00:00,175.00120382099976,sda2,1.0004223699997965,326784000,237318144,6593,38235,0,0,0,0,0.0,0.0,0,
175,2026-10-09T15:25:00.650261+00:00,175.00120382099976,sda3,1.0004223699997965,5571584,118784,155,25,0,0,0,0,0.0,0.0,0,
175,2026-10-09T15:25:00.650261+00:00,175.00120382099976,sda4,1.0004223699997965,4657152,0,116,0,0,0,0,0,0.0,0.0,0,
175,2026-10-09T15:25:00.650261+00:00,175.00120382099976,sda5,1.0004223699997965,16548864,10239860736,826,24431,0,0,0,0,0.0,0.0,0,
176,2026-10-09T15:25:01.650589+00:00,176.0016201339995,loop0,1.0003278399999544,374784,0,51,0,0,0,0,0,0.0,0.0,0,
176,2026-10-09T15:25:01.650589+00:00,176.0016201339995,loop1,1.0003278399999544,2107392,0,217,0,0,0,0,0,0.0,0.0,0,
176,2026-10-09T15:25:01.650589+00:00,176.0016201339995,loop2,1.0003278399999544,1106944,0,51,0,0,0,0,0,0.0,0.0,0,
176,2026-10-09T15:25:01.650589+00:00,176.0016201339995,loop3,1.0003278399999544,1141760,0,66,0,0,0,0,0,0.0,0.0,0,
176,2026-10-09T15:25:01.650589+00:00,176.0016201339995,loop4,1.0003278399999544,354304,0,43,0,0,0,0,0,0.0,0.0,0,
176,2026-10-09T15:25:01.650589+00:00,176.0016201339995,loop5,1.0003278399999544,18432,0,12,0,0,0,0,0,0.0,0.0,0,
176,2026-10-09T15:25:01.650589+00:00,176.0016201339995,loop6,1.0003278399999544,0,0,0,0,0,0,0,0,0.0,0.0,0,
176,2026-10-09T15:25:01.650589+00:00,176.0016201339995,loop7,1.0003278399999544,0,0,0,0,0,0,0,0,0.0,0.0,0,
176,2026-10-09T15:25:01.650589+00:00,176.0016201339995,sr0,1.0003278399999544,1536,0,8,0,0,0,0,0,0.0,0.0,0,
176,2026-10-09T15:25:01.650589+00:00,176.0016201339995,sda,1.0003278399999544,356335104,10477297664,7903,62691,0,0,0,0,0.0,0.0,0,
176,2026-10-09T15:25:01.650589+00:00,176.0016201339995,sda1,1.0003278399999544,319488,0,78,0,0,0,0,0,0.0,0.0,0,
176,2026-10-09T15:25:01.650589+00:00,176.0016201339995,sda2,1.0003278399999544,326784000,237318144,6593,38235,0,0,0,0,0.0,0.0,0,
176,2026-10-09T15:25:01.650589+00:00,176.0016201339995,sda3,1.0003278399999544,5571584,118784,155,25,0,0,0,0,0.0,0.0,0,
176,2026-10-09T15:25:01.650589+00:00,176.0016201339995,sda4,1.0003278399999544,4657152,0,116,0,0,0,0,0,0.0,0.0,0,
176,2026-10-09T15:25:01.650589+00:00,176.0016201339995,sda5,1.0003278399999544,16548864,10239860736,826,24431,0,0,0,0,0.0,0.0,0,
177,2026-10-09T15:25:02.650528+00:00,177.00109874699956,loop0,0.9999394080005004,374784,0,51,0,0,0,0,0,0.0,0.0,0,
177,2026-10-09T15:25:02.650528+00:00,177.00109874699956,loop1,0.9999394080005004,2107392,0,217,0,0,0,0,0,0.0,0.0,0,
177,2026-10-09T15:25:02.650528+00:00,177.00109874699956,loop2,0.9999394080005004,1106944,0,51,0,0,0,0,0,0.0,0.0,0,
177,2026-10-09T15:25:02.650528+00:00,177.00109874699956,loop3,0.9999394080005004,1141760,0,66,0,0,0,0,0,0.0,0.0,0,
177,2026-10-09T15:25:02.650528+00:00,177.00109874699956,loop4,0.9999394080005004,354304,0,43,0,0,0,0,0,0.0,0.0,0,
177,2026-10-09T15:25:02.650528+00:00,177.00109874699956,loop5,0.9999394080005004,18432,0,12,0,0,0,0,0,0.0,0.0,0,
177,2026-10-09T15:25:02.650528+00:00,177.00109874699956,loop6,0.9999394080005004,0,0,0,0,0,0,0,0,0.0,0.0,0,
177,2026-10-09T15:25:02.650528+00:00,177.00109874699956,loop7,0.9999394080005004,0,0,0,0,0,0,0,0,0.0,0.0,0,
177,2026-10-09T15:25:02.650528+00:00,177.00109874699956,sr0,0.9999394080005004,1536,0,8,0,0,0,0,0,0.0,0.0,0,
177,2026-10-09T15:25:02.650528+00:00,177.00109874699956,sda,0.9999394080005004,356335104,10477297664,7903,62691,0,0,0,0,0.0,0.0,0,
177,2026-10-09T15:25:02.650528+00:00,177.00109874699956,sda1,0.9999394080005004,319488,0,78,0,0,0,0,0,0.0,0.0,0,
177,2026-10-09T15:25:02.650528+00:00,177.00109874699956,sda2,0.9999394080005004,326784000,237318144,6593,38235,0,0,0,0,0.0,0.0,0,
177,2026-10-09T15:25:02.650528+00:00,177.00109874699956,sda3,0.9999394080005004,5571584,118784,155,25,0,0,0,0,0.0,0.0,0,
177,2026-10-09T15:25:02.650528+00:00,177.00109874699956,sda4,0.9999394080005004,4657152,0,116,0,0,0,0,0,0.0,0.0,0,
177,2026-10-09T15:25:02.650528+00:00,177.00109874699956,sda5,0.9999394080005004,16548864,10239860736,826,24431,0,0,0,0,0.0,0.0,0,
178,2026-10-09T15:25:03.650622+00:00,178.00161359699996,loop0,1.0000935219995881,374784,0,51,0,0,0,0,0,0.0,0.0,0,
178,2026-10-09T15:25:03.650622+00:00,178.00161359699996,loop1,1.0000935219995881,2107392,0,217,0,0,0,0,0,0.0,0.0,0,
178,2026-10-09T15:25:03.650622+00:00,178.00161359699996,loop2,1.0000935219995881,1106944,0,51,0,0,0,0,0,0.0,0.0,0,
178,2026-10-09T15:25:03.650622+00:00,178.00161359699996,loop3,1.0000935219995881,1141760,0,66,0,0,0,0,0,0.0,0.0,0,
178,2026-10-09T15:25:03.650622+00:00,178.00161359699996,loop4,1.0000935219995881,354304,0,43,0,0,0,0,0,0.0,0.0,0,
178,2026-10-09T15:25:03.650622+00:00,178.00161359699996,loop5,1.0000935219995881,18432,0,12,0,0,0,0,0,0.0,0.0,0,
178,2026-10-09T15:25:03.650622+00:00,178.00161359699996,loop6,1.0000935219995881,0,0,0,0,0,0,0,0,0.0,0.0,0,
178,2026-10-09T15:25:03.650622+00:00,178.00161359699996,loop7,1.0000935219995881,0,0,0,0,0,0,0,0,0.0,0.0,0,
178,2026-10-09T15:25:03.650622+00:00,178.00161359699996,sr0,1.0000935219995881,1536,0,8,0,0,0,0,0,0.0,0.0,0,
178,2026-10-09T15:25:03.650622+00:00,178.00161359699996,sda,1.0000935219995881,356335104,10477371392,7903,62699,0,73728,0,8,0.0,73721.10545480602,76,
178,2026-10-09T15:25:03.650622+00:00,178.00161359699996,sda1,1.0000935219995881,319488,0,78,0,0,0,0,0,0.0,0.0,0,
178,2026-10-09T15:25:03.650622+00:00,178.00161359699996,sda2,1.0000935219995881,326784000,237359104,6593,38238,0,40960,0,3,0.0,40956.169697114456,32,
178,2026-10-09T15:25:03.650622+00:00,178.00161359699996,sda3,1.0000935219995881,5571584,118784,155,25,0,0,0,0,0.0,0.0,0,
178,2026-10-09T15:25:03.650622+00:00,178.00161359699996,sda4,1.0000935219995881,4657152,0,116,0,0,0,0,0,0.0,0.0,0,
178,2026-10-09T15:25:03.650622+00:00,178.00161359699996,sda5,1.0000935219995881,16548864,10239893504,826,24436,0,32768,0,5,0.0,32764.935757691565,68,
179,2026-10-09T15:25:04.649787+00:00,179.00073027300004,loop0,0.9991656869997314,374784,0,51,0,0,0,0,0,0.0,0.0,0,
179,2026-10-09T15:25:04.649787+00:00,179.00073027300004,loop1,0.9991656869997314,2107392,0,217,0,0,0,0,0,0.0,0.0,0,
179,2026-10-09T15:25:04.649787+00:00,179.00073027300004,loop2,0.9991656869997314,1106944,0,51,0,0,0,0,0,0.0,0.0,0,
179,2026-10-09T15:25:04.649787+00:00,179.00073027300004,loop3,0.9991656869997314,1141760,0,66,0,0,0,0,0,0.0,0.0,0,
179,2026-10-09T15:25:04.649787+00:00,179.00073027300004,loop4,0.9991656869997314,354304,0,43,0,0,0,0,0,0.0,0.0,0,
179,2026-10-09T15:25:04.649787+00:00,179.00073027300004,loop5,0.9991656869997314,18432,0,12,0,0,0,0,0,0.0,0.0,0,
179,2026-10-09T15:25:04.649787+00:00,179.00073027300004,loop6,0.9991656869997314,0,0,0,0,0,0,0,0,0.0,0.0,0,
179,2026-10-09T15:25:04.649787+00:00,179.00073027300004,loop7,0.9991656869997314,0,0,0,0,0,0,0,0,0.0,0.0,0,
179,2026-10-09T15:25:04.649787+00:00,179.00073027300004,sr0,0.9991656869997314,1536,0,8,0,0,0,0,0,0.0,0.0,0,
179,2026-10-09T15:25:04.649787+00:00,179.00073027300004,sda,0.9991656869997314,356335104,10477387776,7903,62701,0,16384,0,2,0.0,16397.680798264246,36,
179,2026-10-09T15:25:04.649787+00:00,179.00073027300004,sda1,0.9991656869997314,319488,0,78,0,0,0,0,0,0.0,0.0,0,
179,2026-10-09T15:25:04.649787+00:00,179.00073027300004,sda2,0.9991656869997314,326784000,237359104,6593,38238,0,0,0,0,0.0,0.0,0,
179,2026-10-09T15:25:04.649787+00:00,179.00073027300004,sda3,0.9991656869997314,5571584,118784,155,25,0,0,0,0,0.0,0.0,0,
179,2026-10-09T15:25:04.649787+00:00,179.00073027300004,sda4,0.9991656869997314,4657152,0,116,0,0,0,0,0,0.0,0.0,0,
179,2026-10-09T15:25:04.649787+00:00,179.00073027300004,sda5,0.9991656869997314,16548864,10239909888,826,24438,0,16384,0,2,0.0,16397.680798264246,36,
180,2026-10-09T15:25:05.650117+00:00,180.00084459299978,loop0,1.0003294520001873,374784,0,51,0,0,0,0,0,0.0,0.0,0,
180,2026-10-09T15:25:05.650117+00:00,180.00084459299978,loop1,1.0003294520001873,2107392,0,217,0,0,0,0,0,0.0,0.0,0,
180,2026-10-09T15:25:05.650117+00:00,180.00084459299978,loop2,1.0003294520001873,1106944,0,51,0,0,0,0,0,0.0,0.0,0,
180,2026-10-09T15:25:05.650117+00:00,180.00084459299978,loop3,1.0003294520001873,1141760,0,66,0,0,0,0,0,0.0,0.0,0,
180,2026-10-09T15:25:05.650117+00:00,180.00084459299978,loop4,1.0003294520001873,354304,0,43,0,0,0,0,0,0.0,0.0,0,
180,2026-10-09T15:25:05.650117+00:00,180.00084459299978,loop5,1.0003294520001873,18432,0,12,0,0,0,0,0,0.0,0.0,0,
180,2026-10-09T15:25:05.650117+00:00,180.00084459299978,loop6,1.0003294520001873,0,0,0,0,0,0,0,0,0.0,0.0,0,
180,2026-10-09T15:25:05.650117+00:00,180.00084459299978,loop7,1.0003294520001873,0,0,0,0,0,0,0,0,0.0,0.0,0,
180,2026-10-09T15:25:05.650117+00:00,180.00084459299978,sr0,1.0003294520001873,1536,0,8,0,0,0,0,0,0.0,0.0,0,
180,2026-10-09T15:25:05.650117+00:00,180.00084459299978,sda,1.0003294520001873,356335104,10477387776,7903,62701,0,0,0,0,0.0,0.0,0,
180,2026-10-09T15:25:05.650117+00:00,180.00084459299978,sda1,1.0003294520001873,319488,0,78,0,0,0,0,0,0.0,0.0,0,
180,2026-10-09T15:25:05.650117+00:00,180.00084459299978,sda2,1.0003294520001873,326784000,237359104,6593,38238,0,0,0,0,0.0,0.0,0,
180,2026-10-09T15:25:05.650117+00:00,180.00084459299978,sda3,1.0003294520001873,5571584,118784,155,25,0,0,0,0,0.0,0.0,0,
180,2026-10-09T15:25:05.650117+00:00,180.00084459299978,sda4,1.0003294520001873,4657152,0,116,0,0,0,0,0,0.0,0.0,0,
180,2026-10-09T15:25:05.650117+00:00,180.00084459299978,sda5,1.0003294520001873,16548864,10239909888,826,24438,0,0,0,0,0.0,0.0,0,
181,2026-10-09T15:25:06.650377+00:00,181.0011195979996,loop0,1.0002601020005386,374784,0,51,0,0,0,0,0,0.0,0.0,0,
181,2026-10-09T15:25:06.650377+00:00,181.0011195979996,loop1,1.0002601020005386,2107392,0,217,0,0,0,0,0,0.0,0.0,0,
181,2026-10-09T15:25:06.650377+00:00,181.0011195979996,loop2,1.0002601020005386,1106944,0,51,0,0,0,0,0,0.0,0.0,0,
181,2026-10-09T15:25:06.650377+00:00,181.0011195979996,loop3,1.0002601020005386,1141760,0,66,0,0,0,0,0,0.0,0.0,0,
181,2026-10-09T15:25:06.650377+00:00,181.0011195979996,loop4,1.0002601020005386,354304,0,43,0,0,0,0,0,0.0,0.0,0,
181,2026-10-09T15:25:06.650377+00:00,181.0011195979996,loop5,1.0002601020005386,18432,0,12,0,0,0,0,0,0.0,0.0,0,
181,2026-10-09T15:25:06.650377+00:00,181.0011195979996,loop6,1.0002601020005386,0,0,0,0,0,0,0,0,0.0,0.0,0,
181,2026-10-09T15:25:06.650377+00:00,181.0011195979996,loop7,1.0002601020005386,0,0,0,0,0,0,0,0,0.0,0.0,0,
181,2026-10-09T15:25:06.650377+00:00,181.0011195979996,sr0,1.0002601020005386,1536,0,8,0,0,0,0,0,0.0,0.0,0,
181,2026-10-09T15:25:06.650377+00:00,181.0011195979996,sda,1.0002601020005386,356335104,10477387776,7903,62701,0,0,0,0,0.0,0.0,0,
181,2026-10-09T15:25:06.650377+00:00,181.0011195979996,sda1,1.0002601020005386,319488,0,78,0,0,0,0,0,0.0,0.0,0,
181,2026-10-09T15:25:06.650377+00:00,181.0011195979996,sda2,1.0002601020005386,326784000,237359104,6593,38238,0,0,0,0,0.0,0.0,0,
181,2026-10-09T15:25:06.650377+00:00,181.0011195979996,sda3,1.0002601020005386,5571584,118784,155,25,0,0,0,0,0.0,0.0,0,
181,2026-10-09T15:25:06.650377+00:00,181.0011195979996,sda4,1.0002601020005386,4657152,0,116,0,0,0,0,0,0.0,0.0,0,
181,2026-10-09T15:25:06.650377+00:00,181.0011195979996,sda5,1.0002601020005386,16548864,10239909888,826,24438,0,0,0,0,0.0,0.0,0,
182,2026-10-09T15:25:07.650463+00:00,182.00114891199973,loop0,1.0000865419997353,374784,0,51,0,0,0,0,0,0.0,0.0,0,
182,2026-10-09T15:25:07.650463+00:00,182.00114891199973,loop1,1.0000865419997353,2107392,0,217,0,0,0,0,0,0.0,0.0,0,
182,2026-10-09T15:25:07.650463+00:00,182.00114891199973,loop2,1.0000865419997353,1106944,0,51,0,0,0,0,0,0.0,0.0,0,
182,2026-10-09T15:25:07.650463+00:00,182.00114891199973,loop3,1.0000865419997353,1141760,0,66,0,0,0,0,0,0.0,0.0,0,
182,2026-10-09T15:25:07.650463+00:00,182.00114891199973,loop4,1.0000865419997353,354304,0,43,0,0,0,0,0,0.0,0.0,0,
182,2026-10-09T15:25:07.650463+00:00,182.00114891199973,loop5,1.0000865419997353,18432,0,12,0,0,0,0,0,0.0,0.0,0,
182,2026-10-09T15:25:07.650463+00:00,182.00114891199973,loop6,1.0000865419997353,0,0,0,0,0,0,0,0,0.0,0.0,0,
182,2026-10-09T15:25:07.650463+00:00,182.00114891199973,loop7,1.0000865419997353,0,0,0,0,0,0,0,0,0.0,0.0,0,
182,2026-10-09T15:25:07.650463+00:00,182.00114891199973,sr0,1.0000865419997353,1536,0,8,0,0,0,0,0,0.0,0.0,0,
182,2026-10-09T15:25:07.650463+00:00,182.00114891199973,sda,1.0000865419997353,356335104,10477387776,7903,62701,0,0,0,0,0.0,0.0,0,
182,2026-10-09T15:25:07.650463+00:00,182.00114891199973,sda1,1.0000865419997353,319488,0,78,0,0,0,0,0,0.0,0.0,0,
182,2026-10-09T15:25:07.650463+00:00,182.00114891199973,sda2,1.0000865419997353,326784000,237359104,6593,38238,0,0,0,0,0.0,0.0,0,
182,2026-10-09T15:25:07.650463+00:00,182.00114891199973,sda3,1.0000865419997353,5571584,118784,155,25,0,0,0,0,0.0,0.0,0,
182,2026-10-09T15:25:07.650463+00:00,182.00114891199973,sda4,1.0000865419997353,4657152,0,116,0,0,0,0,0,0.0,0.0,0,
182,2026-10-09T15:25:07.650463+00:00,182.00114891199973,sda5,1.0000865419997353,16548864,10239909888,826,24438,0,0,0,0,0.0,0.0,0,
183,2026-10-09T15:25:08.650248+00:00,183.00108868999996,loop0,0.9997843649998686,374784,0,51,0,0,0,0,0,0.0,0.0,0,
183,2026-10-09T15:25:08.650248+00:00,183.00108868999996,loop1,0.9997843649998686,2107392,0,217,0,0,0,0,0,0.0,0.0,0,
183,2026-10-09T15:25:08.650248+00:00,183.00108868999996,loop2,0.9997843649998686,1106944,0,51,0,0,0,0,0,0.0,0.0,0,
183,2026-10-09T15:25:08.650248+00:00,183.00108868999996,loop3,0.9997843649998686,1141760,0,66,0,0,0,0,0,0.0,0.0,0,
183,2026-10-09T15:25:08.650248+00:00,183.00108868999996,loop4,0.9997843649998686,354304,0,43,0,0,0,0,0,0.0,0.0,0,
183,2026-10-09T15:25:08.650248+00:00,183.00108868999996,loop5,0.9997843649998686,18432,0,12,0,0,0,0,0,0.0,0.0,0,
183,2026-10-09T15:25:08.650248+00:00,183.00108868999996,loop6,0.9997843649998686,0,0,0,0,0,0,0,0,0.0,0.0,0,
183,2026-10-09T15:25:08.650248+00:00,183.00108868999996,loop7,0.9997843649998686,0,0,0,0,0,0,0,0,0.0,0.0,0,
183,2026-10-09T15:25:08.650248+00:00,183.00108868999996,sr0,0.9997843649998686,1536,0,8,0,0,0,0,0,0.0,0.0,0,
183,2026-10-09T15:25:08.650248+00:00,183.00108868999996,sda,0.9997843649998686,356335104,10477412352,7903,62703,0,24576,0,2,0.0,24581.300588755686,8,
183,2026-10-09T15:25:08.650248+00:00,183.00108868999996,sda1,0.9997843649998686,319488,0,78,0,0,0,0,0,0.0,0.0,0,
183,2026-10-09T15:25:08.650248+00:00,183.00108868999996,sda2,0.9997843649998686,326784000,237383680,6593,38240,0,24576,0,2,0.0,24581.300588755686,8,
183,2026-10-09T15:25:08.650248+00:00,183.00108868999996,sda3,0.9997843649998686,5571584,118784,155,25,0,0,0,0,0.0,0.0,0,
183,2026-10-09T15:25:08.650248+00:00,183.00108868999996,sda4,0.9997843649998686,4657152,0,116,0,0,0,0,0,0.0,0.0,0,
183,2026-10-09T15:25:08.650248+00:00,183.00108868999996,sda5,0.9997843649998686,16548864,10239909888,826,24438,0,0,0,0,0.0,0.0,0,
184,2026-10-09T15:25:09.651523+00:00,184.00254272599977,loop0,1.0012753850005538,374784,0,51,0,0,0,0,0,0.0,0.0,0,
184,2026-10-09T15:25:09.651523+00:00,184.00254272599977,loop1,1.0012753850005538,2107392,0,217,0,0,0,0,0,0.0,0.0,0,
184,2026-10-09T15:25:09.651523+00:00,184.00254272599977,loop2,1.0012753850005538,1106944,0,51,0,0,0,0,0,0.0,0.0,0,
184,2026-10-09T15:25:09.651523+00:00,184.00254272599977,loop3,1.0012753850005538,1141760,0,66,0,0,0,0,0,0.0,0.0,0,
184,2026-10-09T15:25:09.651523+00:00,184.00254272599977,loop4,1.0012753850005538,354304,0,43,0,0,0,0,0,0.0,0.0,0,
184,2026-10-09T15:25:09.651523+00:00,184.00254272599977,loop5,1.0012753850005538,18432,0,12,0,0,0,0,0,0.0,0.0,0,
184,2026-10-09T15:25:09.651523+00:00,184.00254272599977,loop6,1.0012753850005538,0,0,0,0,0,0,0,0,0.0,0.0,0,
184,2026-10-09T15:25:09.651523+00:00,184.00254272599977,loop7,1.0012753850005538,0,0,0,0,0,0,0,0,0.0,0.0,0,
184,2026-10-09T15:25:09.651523+00:00,184.00254272599977,sr0,1.0012753850005538,1536,0,8,0,0,0,0,0,0.0,0.0,0,
184,2026-10-09T15:25:09.651523+00:00,184.00254272599977,sda,1.0012753850005538,356335104,10477428736,7903,62705,0,16384,0,2,0.0,16363.130708532237,12,
184,2026-10-09T15:25:09.651523+00:00,184.00254272599977,sda1,1.0012753850005538,319488,0,78,0,0,0,0,0,0.0,0.0,0,
184,2026-10-09T15:25:09.651523+00:00,184.00254272599977,sda2,1.0012753850005538,326784000,237383680,6593,38240,0,0,0,0,0.0,0.0,0,
184,2026-10-09T15:25:09.651523+00:00,184.00254272599977,sda3,1.0012753850005538,5571584,118784,155,25,0,0,0,0,0.0,0.0,0,
184,2026-10-09T15:25:09.651523+00:00,184.00254272599977,sda4,1.0012753850005538,4657152,0,116,0,0,0,0,0,0.0,0.0,0,
184,2026-10-09T15:25:09.651523+00:00,184.00254272599977,sda5,1.0012753850005538,16548864,10239926272,826,24440,0,16384,0,2,0.0,16363.130708532237,12,
185,2026-10-09T15:25:10.650172+00:00,185.0012095000002,loop0,0.9986491219997333,374784,0,51,0,0,0,0,0,0.0,0.0,0,
185,2026-10-09T15:25:10.650172+00:00,185.0012095000002,loop1,0.9986491219997333,2107392,0,217,0,0,0,0,0,0.0,0.0,0,
185,2026-10-09T15:25:10.650172+00:00,185.0012095000002,loop2,0.9986491219997333,1106944,0,51,0,0,0,0,0,0.0,0.0,0,
185,2026-10-09T15:25:10.650172+00:00,185.0012095000002,loop3,0.9986491219997333,1141760,0,66,0,0,0,0,0,0.0,0.0,0,
185,2026-10-09T15:25:10.650172+00:00,185.0012095000002,loop4,0.9986491219997333,354304,0,43,0,0,0,0,0,0.0,0.0,0,
185,2026-10-09T15:25:10.650172+00:00,185.0012095000002,loop5,0.9986491219997333,18432,0,12,0,0,0,0,0,0.0,0.0,0,
185,2026-10-09T15:25:10.650172+00:00,185.0012095000002,loop6,0.9986491219997333,0,0,0,0,0,0,0,0,0.0,0.0,0,
185,2026-10-09T15:25:10.650172+00:00,185.0012095000002,loop7,0.9986491219997333,0,0,0,0,0,0,0,0,0.0,0.0,0,
185,2026-10-09T15:25:10.650172+00:00,185.0012095000002,sr0,0.9986491219997333,1536,0,8,0,0,0,0,0,0.0,0.0,0,
185,2026-10-09T15:25:10.650172+00:00,185.0012095000002,sda,0.9986491219997333,356335104,10477428736,7903,62705,0,0,0,0,0.0,0.0,0,
185,2026-10-09T15:25:10.650172+00:00,185.0012095000002,sda1,0.9986491219997333,319488,0,78,0,0,0,0,0,0.0,0.0,0,
185,2026-10-09T15:25:10.650172+00:00,185.0012095000002,sda2,0.9986491219997333,326784000,237383680,6593,38240,0,0,0,0,0.0,0.0,0,
185,2026-10-09T15:25:10.650172+00:00,185.0012095000002,sda3,0.9986491219997333,5571584,118784,155,25,0,0,0,0,0.0,0.0,0,
185,2026-10-09T15:25:10.650172+00:00,185.0012095000002,sda4,0.9986491219997333,4657152,0,116,0,0,0,0,0,0.0,0.0,0,
185,2026-10-09T15:25:10.650172+00:00,185.0012095000002,sda5,0.9986491219997333,16548864,10239926272,826,24440,0,0,0,0,0.0,0.0,0,
186,2026-10-09T15:25:11.650465+00:00,186.00156285399953,loop0,1.0002931179997177,374784,0,51,0,0,0,0,0,0.0,0.0,0,
186,2026-10-09T15:25:11.650465+00:00,186.00156285399953,loop1,1.0002931179997177,2107392,0,217,0,0,0,0,0,0.0,0.0,0,
186,2026-10-09T15:25:11.650465+00:00,186.00156285399953,loop2,1.0002931179997177,1106944,0,51,0,0,0,0,0,0.0,0.0,0,
186,2026-10-09T15:25:11.650465+00:00,186.00156285399953,loop3,1.0002931179997177,1141760,0,66,0,0,0,0,0,0.0,0.0,0,
186,2026-10-09T15:25:11.650465+00:00,186.00156285399953,loop4,1.0002931179997177,354304,0,43,0,0,0,0,0,0.0,0.0,0,
186,2026-10-09T15:25:11.650465+00:00,186.00156285399953,loop5,1.0002931179997177,18432,0,12,0,0,0,0,0,0.0,0.0,0,
186,2026-10-09T15:25:11.650465+00:00,186.00156285399953,loop6,1.0002931179997177,0,0,0,0,0,0,0,0,0.0,0.0,0,
186,2026-10-09T15:25:11.650465+00:00,186.00156285399953,loop7,1.0002931179997177,0,0,0,0,0,0,0,0,0.0,0.0,0,
186,2026-10-09T15:25:11.650465+00:00,186.00156285399953,sr0,1.0002931179997177,1536,0,8,0,0,0,0,0,0.0,0.0,0,
186,2026-10-09T15:25:11.650465+00:00,186.00156285399953,sda,1.0002931179997177,356335104,10477428736,7903,62705,0,0,0,0,0.0,0.0,0,
186,2026-10-09T15:25:11.650465+00:00,186.00156285399953,sda1,1.0002931179997177,319488,0,78,0,0,0,0,0,0.0,0.0,0,
186,2026-10-09T15:25:11.650465+00:00,186.00156285399953,sda2,1.0002931179997177,326784000,237383680,6593,38240,0,0,0,0,0.0,0.0,0,
186,2026-10-09T15:25:11.650465+00:00,186.00156285399953,sda3,1.0002931179997177,5571584,118784,155,25,0,0,0,0,0.0,0.0,0,
186,2026-10-09T15:25:11.650465+00:00,186.00156285399953,sda4,1.0002931179997177,4657152,0,116,0,0,0,0,0,0.0,0.0,0,
186,2026-10-09T15:25:11.650465+00:00,186.00156285399953,sda5,1.0002931179997177,16548864,10239926272,826,24440,0,0,0,0,0.0,0.0,0,
187,2026-10-09T15:25:12.650104+00:00,187.00111070399998,loop0,0.9996382870003799,374784,0,51,0,0,0,0,0,0.0,0.0,0,
187,2026-10-09T15:25:12.650104+00:00,187.00111070399998,loop1,0.9996382870003799,2107392,0,217,0,0,0,0,0,0.0,0.0,0,
187,2026-10-09T15:25:12.650104+00:00,187.00111070399998,loop2,0.9996382870003799,1106944,0,51,0,0,0,0,0,0.0,0.0,0,
187,2026-10-09T15:25:12.650104+00:00,187.00111070399998,loop3,0.9996382870003799,1141760,0,66,0,0,0,0,0,0.0,0.0,0,
187,2026-10-09T15:25:12.650104+00:00,187.00111070399998,loop4,0.9996382870003799,354304,0,43,0,0,0,0,0,0.0,0.0,0,
187,2026-10-09T15:25:12.650104+00:00,187.00111070399998,loop5,0.9996382870003799,18432,0,12,0,0,0,0,0,0.0,0.0,0,
187,2026-10-09T15:25:12.650104+00:00,187.00111070399998,loop6,0.9996382870003799,0,0,0,0,0,0,0,0,0.0,0.0,0,
187,2026-10-09T15:25:12.650104+00:00,187.00111070399998,loop7,0.9996382870003799,0,0,0,0,0,0,0,0,0.0,0.0,0,
187,2026-10-09T15:25:12.650104+00:00,187.00111070399998,sr0,0.9996382870003799,1536,0,8,0,0,0,0,0,0.0,0.0,0,
187,2026-10-09T15:25:12.650104+00:00,187.00111070399998,sda,0.9996382870003799,356335104,10477428736,7903,62705,0,0,0,0,0.0,0.0,0,
187,2026-10-09T15:25:12.650104+00:00,187.00111070399998,sda1,0.9996382870003799,319488,0,78,0,0,0,0,0,0.0,0.0,0,
187,2026-10-09T15:25:12.650104+00:00,187.00111070399998,sda2,0.9996382870003799,326784000,237383680,6593,38240,0,0,0,0,0.0,0.0,0,
187,2026-10-09T15:25:12.650104+00:00,187.00111070399998,sda3,0.9996382870003799,5571584,118784,155,25,0,0,0,0,0.0,0.0,0,
187,2026-10-09T15:25:12.650104+00:00,187.00111070399998,sda4,0.9996382870003799,4657152,0,116,0,0,0,0,0,0.0,0.0,0,
187,2026-10-09T15:25:12.650104+00:00,187.00111070399998,sda5,0.9996382870003799,16548864,10239926272,826,24440,0,0,0,0,0.0,0.0,0,
188,2026-10-09T15:25:13.650370+00:00,188.0007121769995,loop0,1.000265947999651,374784,0,51,0,0,0,0,0,0.0,0.0,0,
188,2026-10-09T15:25:13.650370+00:00,188.0007121769995,loop1,1.000265947999651,2107392,0,217,0,0,0,0,0,0.0,0.0,0,
188,2026-10-09T15:25:13.650370+00:00,188.0007121769995,loop2,1.000265947999651,1106944,0,51,0,0,0,0,0,0.0,0.0,0,
188,2026-10-09T15:25:13.650370+00:00,188.0007121769995,loop3,1.000265947999651,1141760,0,66,0,0,0,0,0,0.0,0.0,0,
188,2026-10-09T15:25:13.650370+00:00,188.0007121769995,loop4,1.000265947999651,354304,0,43,0,0,0,0,0,0.0,0.0,0,
188,2026-10-09T15:25:13.650370+00:00,188.0007121769995,loop5,1.000265947999651,18432,0,12,0,0,0,0,0,0.0,0.0,0,
188,2026-10-09T15:25:13.650370+00:00,188.0007121769995,loop6,1.000265947999651,0,0,0,0,0,0,0,0,0.0,0.0,0,
188,2026-10-09T15:25:13.650370+00:00,188.0007121769995,loop7,1.000265947999651,0,0,0,0,0,0,0,0,0.0,0.0,0,
188,2026-10-09T15:25:13.650370+00:00,188.0007121769995,sr0,1.000265947999651,1536,0,8,0,0,0,0,0,0.0,0.0,0,
188,2026-10-09T15:25:13.650370+00:00,188.0007121769995,sda,1.000265947999651,356335104,10477502464,7903,62712,0,73728,0,7,0.0,73708.39739915422,40,
188,2026-10-09T15:25:13.650370+00:00,188.0007121769995,sda1,1.000265947999651,319488,0,78,0,0,0,0,0,0.0,0.0,0,
188,2026-10-09T15:25:13.650370+00:00,188.0007121769995,sda2,1.000265947999651,326784000,237457408,6593,38247,0,73728,0,7,0.0,73708.39739915422,40,
188,2026-10-09T15:25:13.650370+00:00,188.0007121769995,sda3,1.000265947999651,5571584,118784,155,25,0,0,0,0,0.0,0.0,0,
188,2026-10-09T15:25:13.650370+00:00,188.0007121769995,sda4,1.000265947999651,4657152,0,116,0,0,0,0,0,0.0,0.0,0,
188,2026-10-09T15:25:13.650370+00:00,188.0007121769995,sda5,1.000265947999651,16548864,10239926272,826,24440,0,0,0,0,0.0,0.0,0,
189,2026-10-09T15:25:14.650472+00:00,189.0014923259996,loop0,1.0001029140003084,374784,0,51,0,0,0,0,0,0.0,0.0,0,
189,2026-10-09T15:25:14.650472+00:00,189.0014923259996,loop1,1.0001029140003084,2107392,0,217,0,0,0,0,0,0.0,0.0,0,
189,2026-10-09T15:25:14.650472+00:00,189.0014923259996,loop2,1.0001029140003084,1106944,0,51,0,0,0,0,0,0.0,0.0,0,
189,2026-10-09T15:25:14.650472+00:00,189.0014923259996,loop3,1.0001029140003084,1141760,0,66,0,0,0,0,0,0.0,0.0,0,
189,2026-10-09T15:25:14.650472+00:00,189.0014923259996,loop4,1.0001029140003084,354304,0,43,0,0,0,0,0,0.0,0.0,0,
189,2026-10-09T15:25:14.650472+00:00,189.0014923259996,loop5,1.0001029140003084,18432,0,12,0,0,0,0,0,0.0,0.0,0,
189,2026-10-09T15:25:14.650472+00:00,189.0014923259996,loop6,1.0001029140003084,0,0,0,0,0,0,0,0,0.0,0.0,0,
189,2026-10-09T15:25:14.650472+00:00,189.0014923259996,loop7,1.0001029140003084,0,0,0,0,0,0,0,0,0.0,0.0,0,
189,2026-10-09T15:25:14.650472+00:00,189.0014923259996,sr0,1.0001029140003084,1536,0,8,0,0,0,0,0,0.0,0.0,0,
189,2026-10-09T15:25:14.650472+00:00,189.0014923259996,sda,1.0001029140003084,356335104,10477502464,7903,62712,0,0,0,0,0.0,0.0,0,
189,2026-10-09T15:25:14.650472+00:00,189.0014923259996,sda1,1.0001029140003084,319488,0,78,0,0,0,0,0,0.0,0.0,0,
189,2026-10-09T15:25:14.650472+00:00,189.0014923259996,sda2,1.0001029140003084,326784000,237457408,6593,38247,0,0,0,0,0.0,0.0,0,
189,2026-10-09T15:25:14.650472+00:00,189.0014923259996,sda3,1.0001029140003084,5571584,118784,155,25,0,0,0,0,0.0,0.0,0,
189,2026-10-09T15:25:14.650472+00:00,189.0014923259996,sda4,1.0001029140003084,4657152,0,116,0,0,0,0,0,0.0,0.0,0,
189,2026-10-09T15:25:14.650472+00:00,189.0014923259996,sda5,1.0001029140003084,16548864,10239926272,826,24440,0,0,0,0,0.0,0.0,0,
190,2026-10-09T15:25:15.650049+00:00,190.00112567900032,loop0,0.999576387000161,374784,0,51,0,0,0,0,0,0.0,0.0,0,
190,2026-10-09T15:25:15.650049+00:00,190.00112567900032,loop1,0.999576387000161,2107392,0,217,0,0,0,0,0,0.0,0.0,0,
190,2026-10-09T15:25:15.650049+00:00,190.00112567900032,loop2,0.999576387000161,1106944,0,51,0,0,0,0,0,0.0,0.0,0,
190,2026-10-09T15:25:15.650049+00:00,190.00112567900032,loop3,0.999576387000161,1141760,0,66,0,0,0,0,0,0.0,0.0,0,
190,2026-10-09T15:25:15.650049+00:00,190.00112567900032,loop4,0.999576387000161,354304,0,43,0,0,0,0,0,0.0,0.0,0,
190,2026-10-09T15:25:15.650049+00:00,190.00112567900032,loop5,0.999576387000161,18432,0,12,0,0,0,0,0,0.0,0.0,0,
190,2026-10-09T15:25:15.650049+00:00,190.00112567900032,loop6,0.999576387000161,0,0,0,0,0,0,0,0,0.0,0.0,0,
190,2026-10-09T15:25:15.650049+00:00,190.00112567900032,loop7,0.999576387000161,0,0,0,0,0,0,0,0,0.0,0.0,0,
190,2026-10-09T15:25:15.650049+00:00,190.00112567900032,sr0,0.999576387000161,1536,0,8,0,0,0,0,0,0.0,0.0,0,
190,2026-10-09T15:25:15.650049+00:00,190.00112567900032,sda,0.999576387000161,356335104,10477518848,7903,62714,0,16384,0,2,0.0,16390.943416710943,12,
190,2026-10-09T15:25:15.650049+00:00,190.00112567900032,sda1,0.999576387000161,319488,0,78,0,0,0,0,0,0.0,0.0,0,
190,2026-10-09T15:25:15.650049+00:00,190.00112567900032,sda2,0.999576387000161,326784000,237457408,6593,38247,0,0,0,0,0.0,0.0,0,
190,2026-10-09T15:25:15.650049+00:00,190.00112567900032,sda3,0.999576387000161,5571584,118784,155,25,0,0,0,0,0.0,0.0,0,
190,2026-10-09T15:25:15.650049+00:00,190.00112567900032,sda4,0.999576387000161,4657152,0,116,0,0,0,0,0,0.0,0.0,0,
190,2026-10-09T15:25:15.650049+00:00,190.00112567900032,sda5,0.999576387000161,16548864,10239942656,826,24442,0,16384,0,2,0.0,16390.943416710943,12,
191,2026-10-09T15:25:16.650010+00:00,191.0010326849997,loop0,0.9999614660000589,374784,0,51,0,0,0,0,0,0.0,0.0,0,
191,2026-10-09T15:25:16.650010+00:00,191.0010326849997,loop1,0.9999614660000589,2107392,0,217,0,0,0,0,0,0.0,0.0,0,
191,2026-10-09T15:25:16.650010+00:00,191.0010326849997,loop2,0.9999614660000589,1106944,0,51,0,0,0,0,0,0.0,0.0,0,
191,2026-10-09T15:25:16.650010+00:00,191.0010326849997,loop3,0.9999614660000589,1141760,0,66,0,0,0,0,0,0.0,0.0,0,
191,2026-10-09T15:25:16.650010+00:00,191.0010326849997,loop4,0.9999614660000589,354304,0,43,0,0,0,0,0,0.0,0.0,0,
191,2026-10-09T15:25:16.650010+00:00,191.0010326849997,loop5,0.9999614660000589,18432,0,12,0,0,0,0,0,0.0,0.0,0,
191,2026-10-09T15:25:16.650010+00:00,191.0010326849997,loop6,0.9999614660000589,0,0,0,0,0,0,0,0,0.0,0.0,0,
191,2026-10-09T15:25:16.650010+00:00,191.0010326849997,loop7,0.9999614660000589,0,0,0,0,0,0,0,0,0.0,0.0,0,
191,2026-10-09T15:25:16.650010+00:00,191.0010326849997,sr0,0.9999614660000589,1536,0,8,0,0,0,0,0,0.0,0.0,0,
191,2026-10-09T15:25:16.650010+00:00,191.0010326849997,sda,0.9999614660000589,356335104,10477518848,7903,62714,0,0,0,0,0.0,0.0,0,
191,2026-10-09T15:25:16.650010+00:00,191.0010326849997,sda1,0.9999614660000589,319488,0,78,0,0,0,0,0,0.0,0.0,0,
191,2026-10-09T15:25:16.650010+00:00,191.0010326849997,sda2,0.9999614660000589,326784000,237457408,6593,38247,0,0,0,0,0.0,0.0,0,
191,2026-10-09T15:25:16.650010+00:00,191.0010326849997,sda3,0.9999614660000589,5571584,118784,155,25,0,0,0,0,0.0,0.0,0,
191,2026-10-09T15:25:16.650010+00:00,191.0010326849997,sda4,0.9999614660000589,4657152,0,116,0,0,0,0,0,0.0,0.0,0,
191,2026-10-09T15:25:16.650010+00:00,191.0010326849997,sda5,0.9999614660000589,16548864,10239942656,826,24442,0,0,0,0,0.0,0.0,0,
192,2026-10-09T15:25:17.650775+00:00,192.00155475599968,loop0,1.0007652679996681,374784,0,51,0,0,0,0,0,0.0,0.0,0,
192,2026-10-09T15:25:17.650775+00:00,192.00155475599968,loop1,1.0007652679996681,2107392,0,217,0,0,0,0,0,0.0,0.0,0,
192,2026-10-09T15:25:17.650775+00:00,192.00155475599968,loop2,1.0007652679996681,1106944,0,51,0,0,0,0,0,0.0,0.0,0,
192,2026-10-09T15:25:17.650775+00:00,192.00155475599968,loop3,1.0007652679996681,1141760,0,66,0,0,0,0,0,0.0,0.0,0,
192,2026-10-09T15:25:17.650775+00:00,192.00155475599968,loop4,1.0007652679996681,354304,0,43,0,0,0,0,0,0.0,0.0,0,
192,2026-10-09T15:25:17.650775+00:00,192.00155475599968,loop5,1.0007652679996681,18432,0,12,0,0,0,0,0,0.0,0.0,0,
192,2026-10-09T15:25:17.650775+00:00,192.00155475599968,loop6,1.0007652679996681,0,0,0,0,0,0,0,0,0.0,0.0,0,
192,2026-10-09T15:25:17.650775+00:00,192.00155475599968,loop7,1.0007652679996681,0,0,0,0,0,0,0,0,0.0,0.0,0,
192,2026-10-09T15:25:17.650775+00:00,192.00155475599968,sr0,1.0007652679996681,1536,0,8,0,0,0,0,0,0.0,0.0,0,
192,2026-10-09T15:25:17.650775+00:00,192.00155475599968,sda,1.0007652679996681,356335104,10478559232,7903,62900,0,1040384,0,186,0.0,1039588.4362369229,232,
192,2026-10-09T15:25:17.650775+00:00,192.00155475599968,sda1,1.0007652679996681,319488,0,78,0,0,0,0,0,0.0,0.0,0,
192,2026-10-09T15:25:17.650775+00:00,192.00155475599968,sda2,1.0007652679996681,326784000,238497792,6593,38433,0,1040384,0,186,0.0,1039588.4362369229,232,
192,2026-10-09T15:25:17.650775+00:00,192.00155475599968,sda3,1.0007652679996681,5571584,118784,155,25,0,0,0,0,0.0,0.0,0,
192,2026-10-09T15:25:17.650775+00:00,192.00155475599968,sda4,1.0007652679996681,4657152,0,116,0,0,0,0,0,0.0,0.0,0,
192,2026-10-09T15:25:17.650775+00:00,192.00155475599968,sda5,1.0007652679996681,16548864,10239942656,826,24442,0,0,0,0,0.0,0.0,0,
193,2026-10-09T15:25:18.650117+00:00,193.00114697499976,loop0,0.9993412519997946,374784,0,51,0,0,0,0,0,0.0,0.0,0,
193,2026-10-09T15:25:18.650117+00:00,193.00114697499976,loop1,0.9993412519997946,2107392,0,217,0,0,0,0,0,0.0,0.0,0,
193,2026-10-09T15:25:18.650117+00:00,193.00114697499976,loop2,0.9993412519997946,1106944,0,51,0,0,0,0,0,0.0,0.0,0,
193,2026-10-09T15:25:18.650117+00:00,193.00114697499976,loop3,0.9993412519997946,1141760,0,66,0,0,0,0,0,0.0,0.0,0,
193,2026-10-09T15:25:18.650117+00:00,193.00114697499976,loop4,0.9993412519997946,354304,0,43,0,0,0,0,0,0.0,0.0,0,
193,2026-10-09T15:25:18.650117+00:00,193.00114697499976,loop5,0.9993412519997946,18432,0,12,0,0,0,0,0,0.0,0.0,0,
193,2026-10-09T15:25:18.650117+00:00,193.00114697499976,loop6,0.9993412519997946,0,0,0,0,0,0,0,0,0.0,0.0,0,
193,2026-10-09T15:25:18.650117+00:00,193.00114697499976,loop7,0.9993412519997946,0,0,0,0,0,0,0,0,0.0,0.0,0,
193,2026-10-09T15:25:18.650117+00:00,193.00114697499976,sr0,0.9993412519997946,1536,0,8,0,0,0,0,0,0.0,0.0,0,
193,2026-10-09T15:25:18.650117+00:00,193.00114697499976,sda,0.9993412519997946,356335104,10481053696,7903,63283,0,2494464,0,383,0.0,2496108.3063551076,472,
193,2026-10-09T15:25:18.650117+00:00,193.00114697499976,sda1,0.9993412519997946,319488,0,78,0,0,0,0,0,0.0,0.0,0,
193,2026-10-09T15:25:18.650117+00:00,193.00114697499976,sda2,0.9993412519997946,326784000,240992256,6593,38816,0,2494464,0,383,0.0,2496108.3063551076,472,
193,2026-10-09T15:25:18.650117+00:00,193.00114697499976,sda3,0.9993412519997946,5571584,118784,155,25,0,0,0,0,0.0,0.0,0,
193,2026-10-09T15:25:18.650117+00:00,193.00114697499976,sda4,0.9993412519997946,4657152,0,116,0,0,0,0,0,0.0,0.0,0,
193,2026-10-09T15:25:18.650117+00:00,193.00114697499976,sda5,0.9993412519997946,16548864,10239942656,826,24442,0,0,0,0,0.0,0.0,0,
194,2026-10-09T15:25:19.650362+00:00,194.00136736100012,loop0,1.000244904000283,374784,0,51,0,0,0,0,0,0.0,0.0,0,
194,2026-10-09T15:25:19.650362+00:00,194.00136736100012,loop1,1.000244904000283,2107392,0,217,0,0,0,0,0,0.0,0.0,0,
194,2026-10-09T15:25:19.650362+00:00,194.00136736100012,loop2,1.000244904000283,1106944,0,51,0,0,0,0,0,0.0,0.0,0,
194,2026-10-09T15:25:19.650362+00:00,194.00136736100012,loop3,1.000244904000283,1141760,0,66,0,0,0,0,0,0.0,0.0,0,
194,2026-10-09T15:25:19.650362+00:00,194.00136736100012,loop4,1.000244904000283,354304,0,43,0,0,0,0,0,0.0,0.0,0,
194,2026-10-09T15:25:19.650362+00:00,194.00136736100012,loop5,1.000244904000283,18432,0,12,0,0,0,0,0,0.0,0.0,0,
194,2026-10-09T15:25:19.650362+00:00,194.00136736100012,loop6,1.000244904000283,0,0,0,0,0,0,0,0,0.0,0.0,0,
194,2026-10-09T15:25:19.650362+00:00,194.00136736100012,loop7,1.000244904000283,0,0,0,0,0,0,0,0,0.0,0.0,0,
194,2026-10-09T15:25:19.650362+00:00,194.00136736100012,sr0,1.000244904000283,1536,0,8,0,0,0,0,0,0.0,0.0,0,
194,2026-10-09T15:25:19.650362+00:00,194.00136736100012,sda,1.000244904000283,356335104,10481160192,7903,63288,0,106496,0,5,0.0,106469.92508943577,28,
194,2026-10-09T15:25:19.650362+00:00,194.00136736100012,sda1,1.000244904000283,319488,0,78,0,0,0,0,0,0.0,0.0,0,
194,2026-10-09T15:25:19.650362+00:00,194.00136736100012,sda2,1.000244904000283,326784000,240992256,6593,38816,0,0,0,0,0.0,0.0,0,
194,2026-10-09T15:25:19.650362+00:00,194.00136736100012,sda3,1.000244904000283,5571584,118784,155,25,0,0,0,0,0.0,0.0,0,
194,2026-10-09T15:25:19.650362+00:00,194.00136736100012,sda4,1.000244904000283,4657152,0,116,0,0,0,0,0,0.0,0.0,0,
194,2026-10-09T15:25:19.650362+00:00,194.00136736100012,sda5,1.000244904000283,16548864,10240049152,826,24447,0,106496,0,5,0.0,106469.92508943577,28,
195,2026-10-09T15:25:20.650205+00:00,195.00131402599982,loop0,0.999843139999939,374784,0,51,0,0,0,0,0,0.0,0.0,0,
195,2026-10-09T15:25:20.650205+00:00,195.00131402599982,loop1,0.999843139999939,2107392,0,217,0,0,0,0,0,0.0,0.0,0,
195,2026-10-09T15:25:20.650205+00:00,195.00131402599982,loop2,0.999843139999939,1106944,0,51,0,0,0,0,0,0.0,0.0,0,
195,2026-10-09T15:25:20.650205+00:00,195.00131402599982,loop3,0.999843139999939,1141760,0,66,0,0,0,0,0,0.0,0.0,0,
195,2026-10-09T15:25:20.650205+00:00,195.00131402599982,loop4,0.999843139999939,354304,0,43,0,0,0,0,0,0.0,0.0,0,
195,2026-10-09T15:25:20.650205+00:00,195.00131402599982,loop5,0.999843139999939,18432,0,12,0,0,0,0,0,0.0,0.0,0,
195,2026-10-09T15:25:20.650205+00:00,195.00131402599982,loop6,0.999843139999939,0,0,0,0,0,0,0,0,0.0,0.0,0,
195,2026-10-09T15:25:20.650205+00:00,195.00131402599982,loop7,0.999843139999939,0,0,0,0,0,0,0,0,0.0,0.0,0,
195,2026-10-09T15:25:20.650205+00:00,195.00131402599982,sr0,0.999843139999939,1536,0,8,0,0,0,0,0,0.0,0.0,0,
195,2026-10-09T15:25:20.650205+00:00,195.00131402599982,sda,0.999843139999939,356335104,10481160192,7903,63288,0,0,0,0,0.0,0.0,0,
195,2026-10-09T15:25:20.650205+00:00,195.00131402599982,sda1,0.999843139999939,319488,0,78,0,0,0,0,0,0.0,0.0,0,
195,2026-10-09T15:25:20.650205+00:00,195.00131402599982,sda2,0.999843139999939,326784000,240992256,6593,38816,0,0,0,0,0.0,0.0,0,
195,2026-10-09T15:25:20.650205+00:00,195.00131402599982,sda3,0.999843139999939,5571584,118784,155,25,0,0,0,0,0.0,0.0,0,
195,2026-10-09T15:25:20.650205+00:00,195.00131402599982,sda4,0.999843139999939,4657152,0,116,0,0,0,0,0,0.0,0.0,0,
195,2026-10-09T15:25:20.650205+00:00,195.00131402599982,sda5,0.999843139999939,16548864,10240049152,826,24447,0,0,0,0,0.0,0.0,0,
196,2026-10-09T15:25:21.650011+00:00,196.00105534900013,loop0,0.9998059760000615,374784,0,51,0,0,0,0,0,0.0,0.0,0,
196,2026-10-09T15:25:21.650011+00:00,196.00105534900013,loop1,0.9998059760000615,2107392,0,217,0,0,0,0,0,0.0,0.0,0,
196,2026-10-09T15:25:21.650011+00:00,196.00105534900013,loop2,0.9998059760000615,1106944,0,51,0,0,0,0,0,0.0,0.0,0,
196,2026-10-09T15:25:21.650011+00:00,196.00105534900013,loop3,0.9998059760000615,1141760,0,66,0,0,0,0,0,0.0,0.0,0,
196,2026-10-09T15:25:21.650011+00:00,196.00105534900013,loop4,0.9998059760000615,354304,0,43,0,0,0,0,0,0.0,0.0,0,
196,2026-10-09T15:25:21.650011+00:00,196.00105534900013,loop5,0.9998059760000615,18432,0,12,0,0,0,0,0,0.0,0.0,0,
196,2026-10-09T15:25:21.650011+00:00,196.00105534900013,loop6,0.9998059760000615,0,0,0,0,0,0,0,0,0.0,0.0,0,
196,2026-10-09T15:25:21.650011+00:00,196.00105534900013,loop7,0.9998059760000615,0,0,0,0,0,0,0,0,0.0,0.0,0,
196,2026-10-09T15:25:21.650011+00:00,196.00105534900013,sr0,0.9998059760000615,1536,0,8,0,0,0,0,0,0.0,0.0,0,
196,2026-10-09T15:25:21.650011+00:00,196.00105534900013,sda,0.9998059760000615,356335104,10481209344,7903,63290,0,49152,0,2,0.0,49161.53851834646,36,
196,2026-10-09T15:25:21.650011+00:00,196.00105534900013,sda1,0.9998059760000615,319488,0,78,0,0,0,0,0,0.0,0.0,0,
196,2026-10-09T15:25:21.650011+00:00,196.00105534900013,sda2,0.9998059760000615,326784000,240992256,6593,38816,0,0,0,0,0.0,0.0,0,
196,2026-10-09T15:25:21.650011+00:00,196.00105534900013,sda3,0.9998059760000615,5571584,118784,155,25,0,0,0,0,0.0,0.0,0,
196,2026-10-09T15:25:21.650011+00:00,196.00105534900013,sda4,0.9998059760000615,4657152,0,116,0,0,0,0,0,0.0,0.0,0,
196,2026-10-09T15:25:21.650011+00:00,196.00105534900013,sda5,0.9998059760000615,16548864,10240098304,826,24449,0,49152,0,2,0.0,49161.53851834646,36,
197,2026-10-09T15:25:22.650934+00:00,197.00185020800018,loop0,1.0009235910001735,374784,0,51,0,0,0,0,0,0.0,0.0,0,
197,2026-10-09T15:25:22.650934+00:00,197.00185020800018,loop1,1.0009235910001735,2107392,0,217,0,0,0,0,0,0.0,0.0,0,
197,2026-10-09T15:25:22.650934+00:00,197.00185020800018,loop2,1.0009235910001735,1106944,0,51,0,0,0,0,0,0.0,0.0,0,
197,2026-10-09T15:25:22.650934+00:00,197.00185020800018,loop3,1.0009235910001735,1141760,0,66,0,0,0,0,0,0.0,0.0,0,
197,2026-10-09T15:25:22.650934+00:00,197.00185020800018,loop4,1.0009235910001735,354304,0,43,0,0,0,0,0,0.0,0.0,0,
197,2026-10-09T15:25:22.650934+00:00,197.00185020800018,loop5,1.0009235910001735,18432,0,12,0,0,0,0,0,0.0,0.0,0,
197,2026-10-09T15:25:22.650934+00:00,197.00185020800018,loop6,1.0009235910001735,0,0,0,0,0,0,0,0,0.0,0.0,0,
197,2026-10-09T15:25:22.650934+00:00,197.00185020800018,loop7,1.0009235910001735,0,0,0,0,0,0,0,0,0.0,0.0,0,
197,2026-10-09T15:25:22.650934+00:00,197.00185020800018,sr0,1.0009235910001735,1536,0,8,0,0,0,0,0,0.0,0.0,0,
197,2026-10-09T15:25:22.650934+00:00,197.00185020800018,sda,1.0009235910001735,356335104,10481238016,7903,63292,0,28672,0,2,0.0,28645.543234073928,8,
197,2026-10-09T15:25:22.650934+00:00,197.00185020800018,sda1,1.0009235910001735,319488,0,78,0,0,0,0,0,0.0,0.0,0,
197,2026-10-09T15:25:22.650934+00:00,197.00185020800018,sda2,1.0009235910001735,326784000,241020928,6593,38818,0,28672,0,2,0.0,28645.543234073928,8,
197,2026-10-09T15:25:22.650934+00:00,197.00185020800018,sda3,1.0009235910001735,5571584,118784,155,25,0,0,0,0,0.0,0.0,0,
197,2026-10-09T15:25:22.650934+00:00,197.00185020800018,sda4,1.0009235910001735,4657152,0,116,0,0,0,0,0,0.0,0.0,0,
197,2026-10-09T15:25:22.650934+00:00,197.00185020800018,sda5,1.0009235910001735,16548864,10240098304,826,24449,0,0,0,0,0.0,0.0,0,
198,2026-10-09T15:25:23.650414+00:00,198.00144603599983,loop0,0.9994800159993247,374784,0,51,0,0,0,0,0,0.0,0.0,0,
198,2026-10-09T15:25:23.650414+00:00,198.00144603599983,loop1,0.9994800159993247,2107392,0,217,0,0,0,0,0,0.0,0.0,0,
198,2026-10-09T15:25:23.650414+00:00,198.00144603599983,loop2,0.9994800159993247,1106944,0,51,0,0,0,0,0,0.0,0.0,0,
198,2026-10-09T15:25:23.650414+00:00,198.00144603599983,loop3,0.9994800159993247,1141760,0,66,0,0,0,0,0,0.0,0.0,0,
198,2026-10-09T15:25:23.650414+00:00,198.00144603599983,loop4,0.9994800159993247,354304,0,43,0,0,0,0,0,0.0,0.0,0,
198,2026-10-09T15:25:23.650414+00:00,198.00144603599983,loop5,0.9994800159993247,18432,0,12,0,0,0,0,0,0.0,0.0,0,
198,2026-10-09T15:25:23.650414+00:00,198.00144603599983,loop6,0.9994800159993247,0,0,0,0,0,0,0,0,0.0,0.0,0,
198,2026-10-09T15:25:23.650414+00:00,198.00144603599983,loop7,0.9994800159993247,0,0,0,0,0,0,0,0,0.0,0.0,0,
198,2026-10-09T15:25:23.650414+00:00,198.00144603599983,sr0,0.9994800159993247,1536,0,8,0,0,0,0,0,0.0,0.0,0,
198,2026-10-09T15:25:23.650414+00:00,198.00144603599983,sda,0.9994800159993247,356335104,10481577984,7903,63363,0,339968,0,71,0.0,340144.86989025475,60,
198,2026-10-09T15:25:23.650414+00:00,198.00144603599983,sda1,0.9994800159993247,319488,0,78,0,0,0,0,0,0.0,0.0,0,
198,2026-10-09T15:25:23.650414+00:00,198.00144603599983,sda2,0.9994800159993247,326784000,241360896,6593,38889,0,339968,0,71,0.0,340144.86989025475,60,
198,2026-10-09T15:25:23.650414+00:00,198.00144603599983,sda3,0.9994800159993247,5571584,118784,155,25,0,0,0,0,0.0,0.0,0,
198,2026-10-09T15:25:23.650414+00:00,198.00144603599983,sda4,0.9994800159993247,4657152,0,116,0,0,0,0,0,0.0,0.0,0,
198,2026-10-09T15:25:23.650414+00:00,198.00144603599983,sda5,0.9994800159993247,16548864,10240098304,826,24449,0,0,0,0,0.0,0.0,0,
199,2026-10-09T15:25:24.656023+00:00,199.00681708499997,loop0,1.0056090400003086,374784,0,51,0,0,0,0,0,0.0,0.0,0,
199,2026-10-09T15:25:24.656023+00:00,199.00681708499997,loop1,1.0056090400003086,2107392,0,217,0,0,0,0,0,0.0,0.0,0,
199,2026-10-09T15:25:24.656023+00:00,199.00681708499997,loop2,1.0056090400003086,1106944,0,51,0,0,0,0,0,0.0,0.0,0,
199,2026-10-09T15:25:24.656023+00:00,199.00681708499997,loop3,1.0056090400003086,1141760,0,66,0,0,0,0,0,0.0,0.0,0,
199,2026-10-09T15:25:24.656023+00:00,199.00681708499997,loop4,1.0056090400003086,354304,0,43,0,0,0,0,0,0.0,0.0,0,
199,2026-10-09T15:25:24.656023+00:00,199.00681708499997,loop5,1.0056090400003086,18432,0,12,0,0,0,0,0,0.0,0.0,0,
199,2026-10-09T15:25:24.656023+00:00,199.00681708499997,loop6,1.0056090400003086,0,0,0,0,0,0,0,0,0.0,0.0,0,
199,2026-10-09T15:25:24.656023+00:00,199.00681708499997,loop7,1.0056090400003086,0,0,0,0,0,0,0,0,0.0,0.0,0,
199,2026-10-09T15:25:24.656023+00:00,199.00681708499997,sr0,1.0056090400003086,1536,0,8,0,0,0,0,0,0.0,0.0,0,
199,2026-10-09T15:25:24.656023+00:00,199.00681708499997,sda,1.0056090400003086,356335104,10481577984,7903,63363,0,0,0,0,0.0,0.0,0,
199,2026-10-09T15:25:24.656023+00:00,199.00681708499997,sda1,1.0056090400003086,319488,0,78,0,0,0,0,0,0.0,0.0,0,
199,2026-10-09T15:25:24.656023+00:00,199.00681708499997,sda2,1.0056090400003086,326784000,241360896,6593,38889,0,0,0,0,0.0,0.0,0,
199,2026-10-09T15:25:24.656023+00:00,199.00681708499997,sda3,1.0056090400003086,5571584,118784,155,25,0,0,0,0,0.0,0.0,0,
199,2026-10-09T15:25:24.656023+00:00,199.00681708499997,sda4,1.0056090400003086,4657152,0,116,0,0,0,0,0,0.0,0.0,0,
199,2026-10-09T15:25:24.656023+00:00,199.00681708499997,sda5,1.0056090400003086,16548864,10240098304,826,24449,0,0,0,0,0.0,0.0,0,
