amostra,utc,tempo_relativo_s,pid,criado_epoch_s,papel,cpu_intervalo_real_s,cpu_uma_cpu_pct,cpu_capacidade_vm_pct,rss_bytes,vms_bytes,uss_bytes,pss_bytes,erro
1,2026-10-08T22:44:25.790149+00:00,1.00088455399964,1051,1791490686.26,principal,,,,23932928,32919552,14028800,14667776,
1,2026-10-08T22:44:25.790149+00:00,1.00088455399964,1052,1791490686.67,descendente,,,,11264000,19447808,5021696,5380096,
1,2026-10-08T22:44:25.790149+00:00,1.00088455399964,1053,1791490686.68,descendente,,,,45867008,509480960,32043008,33298432,
1,2026-10-08T22:44:25.790149+00:00,1.00088455399964,1054,1791490686.68,descendente,,,,45838336,509476864,32190464,33438720,
2,2026-10-08T22:44:26.790488+00:00,2.0012589329999173,1051,1791490686.26,principal,1.0003413710001041,0.0,0.0,23932928,32919552,14028800,14667776,
2,2026-10-08T22:44:26.790488+00:00,2.0012589329999173,1052,1791490686.67,descendente,1.0003727029998117,0.0,0.0,11264000,19447808,5021696,5380096,
2,2026-10-08T22:44:26.790488+00:00,2.0012589329999173,1053,1791490686.68,descendente,1.0003958670004067,0.0,0.0,45867008,509480960,32043008,33298432,
2,2026-10-08T22:44:26.790488+00:00,2.0012589329999173,1054,1791490686.68,descendente,1.0004241620008543,0.9995760178360698,0.4997880089180349,45838336,509476864,32190464,33438720,
3,2026-10-08T22:44:27.790729+00:00,3.001568521000081,1051,1791490686.26,principal,1.0002502349998394,0.0,0.0,23932928,32919552,14028800,14667776,
3,2026-10-08T22:44:27.790729+00:00,3.001568521000081,1052,1791490686.67,descendente,1.0002491689992894,0.0,0.0,11264000,19447808,5021696,5380096,
3,2026-10-08T22:44:27.790729+00:00,3.001568521000081,1053,1791490686.68,descendente,1.0002082519986288,0.0,0.0,45867008,509480960,32043008,33298432,
3,2026-10-08T22:44:27.790729+00:00,3.001568521000081,1054,1791490686.68,descendente,1.0002339399998164,0.0,0.0,45838336,509476864,32190464,33438720,
4,2026-10-08T22:44:28.794839+00:00,4.005739274000007,1051,1791490686.26,principal,1.004110132000278,0.9959066920357516,0.4979533460178758,23932928,32919552,14028800,14667776,
4,2026-10-08T22:44:28.794839+00:00,4.005739274000007,1052,1791490686.67,descendente,1.0040858580014174,0.0,0.0,11264000,19447808,5021696,5380096,
4,2026-10-08T22:44:28.794839+00:00,4.005739274000007,1053,1791490686.68,descendente,1.0040704020011617,0.0,0.0,45867008,509480960,32043008,33298432,
4,2026-10-08T22:44:28.794839+00:00,4.005739274000007,1054,1791490686.68,descendente,1.0040405550007563,5.975854232298125,2.9879271161490624,202350592,666763264,189476864,190725120,
5,2026-10-08T22:44:29.792490+00:00,5.003335380000863,1051,1791490686.26,principal,0.9976377759994648,0.0,0.0,23932928,32919552,14028800,14667776,
5,2026-10-08T22:44:29.792490+00:00,5.003335380000863,1052,1791490686.67,descendente,0.997618485998828,0.0,0.0,11264000,19447808,5021696,5380096,
5,2026-10-08T22:44:29.792490+00:00,5.003335380000863,1053,1791490686.68,descendente,0.9976091520002228,0.0,0.0,45867008,509480960,32043008,33298432,
5,2026-10-08T22:44:29.792490+00:00,5.003335380000863,1054,1791490686.68,descendente,0.9976072969984671,6.01439065056222,3.00719532528111,202350592,666763264,189476864,190725120,
6,2026-10-08T22:44:30.797775+00:00,6.008624789999885,1051,1791490686.26,principal,1.005315641001289,0.0,0.0,23932928,32919552,14028800,14667776,
6,2026-10-08T22:44:30.797775+00:00,6.008624789999885,1052,1791490686.67,descendente,1.005328606999683,0.0,0.0,11264000,19447808,5021696,5380096,
6,2026-10-08T22:44:30.797775+00:00,6.008624789999885,1053,1791490686.68,descendente,1.005334777999451,1.9893870616706093,0.9946935308353047,98037760,561909760,84471808,85727232,
6,2026-10-08T22:44:30.797775+00:00,6.008624789999885,1054,1791490686.68,descendente,1.0056785610013321,5.966121017858986,2.983060508929493,150179840,614334464,137048064,138296320,
7,2026-10-08T22:44:31.790607+00:00,7.0014032809995115,1051,1791490686.26,principal,0.9928018329992483,0.0,0.0,23932928,32919552,14028800,14667776,
7,2026-10-08T22:44:31.790607+00:00,7.0014032809995115,1052,1791490686.67,descendente,0.9929486150012963,0.0,0.0,11264000,19447808,5021696,5380096,
7,2026-10-08T22:44:31.790607+00:00,7.0014032809995115,1053,1791490686.68,descendente,0.9932156819995726,1.0068306593662322,0.5034153296831161,45867008,509480960,32043008,33298432,
7,2026-10-08T22:44:31.790607+00:00,7.0014032809995115,1054,1791490686.68,descendente,0.9928523500002484,6.043194640167811,3.0215973200839055,202350592,666763264,189476864,190725120,
8,2026-10-08T22:44:32.793639+00:00,8.004658181000195,1051,1791490686.26,principal,1.0030302079994726,0.0,0.0,23932928,32919552,14028800,14667776,
8,2026-10-08T22:44:32.793639+00:00,8.004658181000195,1052,1791490686.67,descendente,1.0028844680000475,0.0,0.0,11264000,19447808,5021696,5380096,
8,2026-10-08T22:44:32.793639+00:00,8.004658181000195,1053,1791490686.68,descendente,1.0026164970004174,4.986951655950694,2.493475827975347,150208512,614338560,136900608,138156032,
8,2026-10-08T22:44:32.793639+00:00,8.004658181000195,1054,1791490686.68,descendente,1.0031050889992912,3.9876180909323864,1.9938090454661932,98009088,561905664,84619264,85867520,
9,2026-10-08T22:44:33.791920+00:00,9.002141875000234,1051,1791490686.26,principal,0.998282641001424,0.0,0.0,23932928,32919552,14028800,14667776,
9,2026-10-08T22:44:33.791920+00:00,9.002141875000234,1052,1791490686.67,descendente,0.9983126099996298,0.0,0.0,11264000,19447808,5021696,5380096,
9,2026-10-08T22:44:33.791920+00:00,9.002141875000234,1053,1791490686.68,descendente,0.9983106429990585,6.010153294545098,3.005076647272549,202379264,666767360,189329408,190584832,
9,2026-10-08T22:44:33.791920+00:00,9.002141875000234,1054,1791490686.68,descendente,0.9987660759998107,1.0012354484501946,0.5006177242250973,45838336,509476864,32190464,33438720,
10,2026-10-08T22:44:34.797457+00:00,10.008470470000248,1051,1791490686.26,principal,1.0055359789985232,0.0,0.0,23932928,32919552,14028800,14667776,
10,2026-10-08T22:44:34.797457+00:00,10.008470470000248,1052,1791490686.67,descendente,1.0054989460004435,0.0,0.0,11264000,19447808,5021696,5380096,
10,2026-10-08T22:44:34.797457+00:00,10.008470470000248,1053,1791490686.68,descendente,1.0054988709998725,3.978124804876506,1.989062402438253,98037760,561909760,84471808,85727232,
10,2026-10-08T22:44:34.797457+00:00,10.008470470000248,1054,1791490686.68,descendente,1.0048858099999052,3.980551780306553,1.9902758901532764,150179840,614334464,137048064,138296320,
11,2026-10-08T22:44:35.792083+00:00,11.002743486000327,1051,1791490686.26,principal,0.9946260740016442,0.0,0.0,23932928,32919552,14028800,14667776,
11,2026-10-08T22:44:35.792083+00:00,11.002743486000327,1052,1791490686.67,descendente,0.9946285359983449,0.0,0.0,11264000,19447808,5021696,5380096,
11,2026-10-08T22:44:35.792083+00:00,11.002743486000327,1053,1791490686.68,descendente,0.9946325520013488,1.005396412964418,0.502698206482209,45867008,509480960,32043008,33298432,
11,2026-10-08T22:44:35.792083+00:00,11.002743486000327,1054,1791490686.68,descendente,0.9942870670001867,7.040220306917373,3.5201101534586865,202350592,666763264,189476864,190725120,
12,2026-10-08T22:44:36.790966+00:00,12.001803908999136,1051,1791490686.26,principal,0.9988854809998884,0.0,0.0,23932928,32919552,14028800,14667776,
12,2026-10-08T22:44:36.790966+00:00,12.001803908999136,1052,1791490686.67,descendente,0.9988986420012225,0.0,0.0,11264000,19447808,5021696,5380096,
12,2026-10-08T22:44:36.790966+00:00,12.001803908999136,1053,1791490686.68,descendente,0.998909123998601,4.004368269245599,2.0021841346227993,150208512,614338560,136900608,138156032,
12,2026-10-08T22:44:36.790966+00:00,12.001803908999136,1054,1791490686.68,descendente,0.9996675839993259,3.0009975796135615,1.5004987898067808,98009088,561905664,84619264,85867520,
13,2026-10-08T22:44:37.789161+00:00,13.000120452999909,1051,1791490686.26,principal,0.9981922379993193,0.0,0.0,23932928,32919552,14028800,14667776,
13,2026-10-08T22:44:37.789161+00:00,13.000120452999909,1052,1791490686.67,descendente,0.9981807730000583,0.0,0.0,11264000,19447808,5021696,5380096,
13,2026-10-08T22:44:37.789161+00:00,13.000120452999909,1053,1791490686.68,descendente,0.9981686930004798,7.012842667864222,3.506421333932111,202379264,666767360,189329408,190584832,
13,2026-10-08T22:44:37.789161+00:00,13.000120452999909,1054,1791490686.68,descendente,0.9984723070010659,1.001530030415489,0.5007650152077445,45838336,509476864,32190464,33438720,
14,2026-10-08T22:44:38.790053+00:00,14.000695904000168,1051,1791490686.26,principal,1.0008923940004024,0.0,0.0,23932928,32919552,14028800,14667776,
14,2026-10-08T22:44:38.790053+00:00,14.000695904000168,1052,1791490686.67,descendente,1.0009446389994991,0.0,0.0,11264000,19447808,5021696,5380096,
14,2026-10-08T22:44:38.790053+00:00,14.000695904000168,1053,1791490686.68,descendente,1.000984416999927,0.9990165511236666,0.4995082755618333,45867008,509480960,32043008,33298432,
14,2026-10-08T22:44:38.790053+00:00,14.000695904000168,1054,1791490686.68,descendente,1.0001123780002672,5.999325807762289,2.9996629038811444,202350592,666763264,189476864,190725120,
15,2026-10-08T22:44:39.790574+00:00,15.00130191199969,1051,1791490686.26,principal,1.0005228800000623,0.0,0.0,23932928,32919552,14028800,14667776,
15,2026-10-08T22:44:39.790574+00:00,15.00130191199969,1052,1791490686.67,descendente,1.0005065299992566,0.0,0.0,11264000,19447808,5021696,5380096,
15,2026-10-08T22:44:39.790574+00:00,15.00130191199969,1053,1791490686.68,descendente,1.0004720079996332,2.99858464406054,1.49929232203027,98037760,561909760,84471808,85727232,
15,2026-10-08T22:44:39.790574+00:00,15.00130191199969,1054,1791490686.68,descendente,1.0009305579987995,5.994421842806226,2.997210921403113,150179840,614334464,137048064,138296320,
16,2026-10-08T22:44:40.790736+00:00,16.000875935000295,1051,1791490686.26,principal,1.0001676169995335,0.0,0.0,23932928,32919552,14028800,14667776,
16,2026-10-08T22:44:40.790736+00:00,16.000875935000295,1052,1791490686.67,descendente,1.000152701000843,0.0,0.0,11264000,19447808,5021696,5380096,
16,2026-10-08T22:44:40.790736+00:00,16.000875935000295,1053,1791490686.68,descendente,1.000379385000997,4.99810379438741,2.499051897193705,150208512,614338560,136900608,138156032,
16,2026-10-08T22:44:40.790736+00:00,16.000875935000295,1054,1791490686.68,descendente,1.0004665910000767,2.998600879816769,1.4993004399083845,98009088,561905664,84619264,85867520,
17,2026-10-08T22:44:41.790973+00:00,17.001759504000802,1051,1791490686.26,principal,1.000231096000789,0.0,0.0,23932928,32919552,14028800,14667776,
17,2026-10-08T22:44:41.790973+00:00,17.001759504000802,1052,1791490686.67,descendente,1.0005194400000619,0.0,0.0,11264000,19447808,5021696,5380096,
17,2026-10-08T22:44:41.790973+00:00,17.001759504000802,1053,1791490686.68,descendente,1.0003141830002278,4.998429578398348,2.499214789199174,150208512,614338560,136900608,138156032,
17,2026-10-08T22:44:41.790973+00:00,17.001759504000802,1054,1791490686.68,descendente,1.0003179129998898,2.9990465641101083,1.4995232820550541,98009088,561905664,84619264,85867520,
18,2026-10-08T22:44:42.790407+00:00,18.001292293000006,1051,1791490686.26,principal,0.9994411249990662,0.0,0.0,23932928,32919552,14028800,14667776,
18,2026-10-08T22:44:42.790407+00:00,18.001292293000006,1052,1791490686.67,descendente,0.9991722960003244,0.0,0.0,11264000,19447808,5021696,5380096,
18,2026-10-08T22:44:42.790407+00:00,18.001292293000006,1053,1791490686.68,descendente,0.9991469469987351,4.003415125288562,2.001707562644281,150208512,614338560,136900608,138156032,
18,2026-10-08T22:44:42.790407+00:00,18.001292293000006,1054,1791490686.68,descendente,0.9993419230013387,3.00197553104764,1.50098776552382,98009088,561905664,84619264,85867520,
19,2026-10-08T22:44:43.789358+00:00,19.000355579000825,1051,1791490686.26,principal,0.9989414619994932,0.0,0.0,23932928,32919552,14028800,14667776,
19,2026-10-08T22:44:43.789358+00:00,19.000355579000825,1052,1791490686.67,descendente,0.9988934840002912,0.0,0.0,11264000,19447808,5021696,5380096,
19,2026-10-08T22:44:43.789358+00:00,19.000355579000825,1053,1791490686.68,descendente,0.9988868400014326,4.004457602017729,2.0022288010088647,98037760,561909760,84471808,85727232,
19,2026-10-08T22:44:43.789358+00:00,19.000355579000825,1054,1791490686.68,descendente,0.998554558998876,4.0057901333004855,2.0028950666502428,150179840,614334464,137048064,138296320,
20,2026-10-08T22:44:44.793488+00:00,20.004453980000108,1051,1791490686.26,principal,1.0041321999997308,0.0,0.0,23932928,32919552,14028800,14667776,
20,2026-10-08T22:44:44.793488+00:00,20.004453980000108,1052,1791490686.67,descendente,1.0041342739987158,0.0,0.0,11264000,19447808,5021696,5380096,
20,2026-10-08T22:44:44.793488+00:00,20.004453980000108,1053,1791490686.68,descendente,1.0041407939988858,1.9917525629404236,0.9958762814702118,98037760,561909760,84471808,85727232,
20,2026-10-08T22:44:44.793488+00:00,20.004453980000108,1054,1791490686.68,descendente,1.003837451000436,5.977063312411634,2.988531656205817,150179840,614334464,137048064,138296320,
21,2026-10-08T22:44:45.789640+00:00,21.00028322000071,1051,1791490686.26,principal,0.9961494690014661,0.0,0.0,23932928,32919552,14028800,14667776,
21,2026-10-08T22:44:45.789640+00:00,21.00028322000071,1052,1791490686.67,descendente,0.9961516380008106,0.0,0.0,11264000,19447808,5021696,5380096,
21,2026-10-08T22:44:45.789640+00:00,21.00028322000071,1053,1791490686.68,descendente,0.9961518649997743,3.0115890010413158,1.5057945005206579,98037760,561909760,84471808,85727232,
21,2026-10-08T22:44:45.789640+00:00,21.00028322000071,1054,1791490686.68,descendente,0.9961469070003659,3.011603990252626,1.505801995126313,150179840,614334464,137048064,138296320,
22,2026-10-08T22:44:46.790387+00:00,22.001276074999623,1051,1791490686.26,principal,1.0007493149987567,0.0,0.0,23932928,32919552,14028800,14667776,
22,2026-10-08T22:44:46.790387+00:00,22.001276074999623,1052,1791490686.67,descendente,1.0007603310004924,0.0,0.0,11264000,19447808,5021696,5380096,
22,2026-10-08T22:44:46.790387+00:00,22.001276074999623,1053,1791490686.68,descendente,1.0007663520009373,1.9984684696897557,0.9992342348448778,98037760,561909760,84471808,85727232,
22,2026-10-08T22:44:46.790387+00:00,22.001276074999623,1054,1791490686.68,descendente,1.001165936999314,5.993012524960024,2.996506262480012,150179840,614334464,137048064,138296320,
23,2026-10-08T22:44:47.790435+00:00,23.001324156999544,1051,1791490686.26,principal,1.0000500250007462,0.0,0.0,23932928,32919552,14028800,14667776,
23,2026-10-08T22:44:47.790435+00:00,23.001324156999544,1052,1791490686.67,descendente,1.0000516129985044,0.0,0.0,11264000,19447808,5021696,5380096,
23,2026-10-08T22:44:47.790435+00:00,23.001324156999544,1053,1791490686.68,descendente,1.0000524120005139,1.999895181492322,0.999947590746161,45867008,509480960,32043008,33298432,
23,2026-10-08T22:44:47.790435+00:00,23.001324156999544,1054,1791490686.68,descendente,0.9993737370004965,6.003759932703981,3.0018799663519906,202350592,666763264,189476864,190725120,
24,2026-10-08T22:44:48.791138+00:00,24.001774981999915,1051,1791490686.26,principal,1.000702375000401,0.0,0.0,23932928,32919552,14028800,14667776,
24,2026-10-08T22:44:48.791138+00:00,24.001774981999915,1052,1791490686.67,descendente,1.0006999030010775,0.0,0.0,11264000,19447808,5021696,5380096,
24,2026-10-08T22:44:48.791138+00:00,24.001774981999915,1053,1791490686.68,descendente,1.0006986749995121,3.9972072512256145,1.9986036256128072,150208512,614338560,136900608,138156032,
24,2026-10-08T22:44:48.791138+00:00,24.001774981999915,1054,1791490686.68,descendente,1.001426418999472,3.9943024510940366,1.9971512255470183,98009088,561905664,84619264,85867520,
25,2026-10-08T22:44:49.791034+00:00,25.00162056999943,1051,1791490686.26,principal,0.9998975679991418,0.0,0.0,23932928,32919552,14028800,14667776,
25,2026-10-08T22:44:49.791034+00:00,25.00162056999943,1052,1791490686.67,descendente,0.999915663000138,0.0,0.0,11264000,19447808,5021696,5380096,
25,2026-10-08T22:44:49.791034+00:00,25.00162056999943,1053,1791490686.68,descendente,0.9999279439998645,4.000288244770222,2.000144122385111,150208512,614338560,136900608,138156032,
25,2026-10-08T22:44:49.791034+00:00,25.00162056999943,1054,1791490686.68,descendente,1.0001040549996105,0.9998959558265069,0.49994797791325346,55836672,561905664,42762240,44010496,
26,2026-10-08T22:44:50.798350+00:00,26.0055656429995,1051,1791490686.26,principal,1.007312699999602,0.9927403873696558,0.4963701936848279,23932928,32919552,14028800,14667776,
26,2026-10-08T22:44:50.798350+00:00,26.0055656429995,1052,1791490686.67,descendente,1.007418756998959,0.0,0.0,11264000,19447808,5021696,5380096,
26,2026-10-08T22:44:50.798350+00:00,26.0055656429995,1053,1791490686.68,descendente,1.0074189719998685,2.977906991412611,1.4889534957063055,104792064,614338560,91840512,93095936,
26,2026-10-08T22:44:50.798350+00:00,26.0055656429995,1054,1791490686.68,descendente,1.0069789389999642,1.9861388580637171,0.9930694290318586,98009088,561905664,84619264,85867520,
27,2026-10-08T22:44:51.859833+00:00,27.069591657000274,1051,1791490686.26,principal,1.0614844190004078,0.0,0.0,23932928,32919552,14028800,14667776,
27,2026-10-08T22:44:51.859833+00:00,27.069591657000274,1052,1791490686.67,descendente,1.0613546500007942,0.0,0.0,11264000,19447808,5021696,5380096,
27,2026-10-08T22:44:51.859833+00:00,27.069591657000274,1053,1791490686.68,descendente,1.0613391240003693,4.711029572860611,2.3555147864303057,45867008,509480960,32043008,33298432,
27,2026-10-08T22:44:51.859833+00:00,27.069591657000274,1054,1791490686.68,descendente,1.0613734480011772,1.884350888715745,0.9421754443578725,98009088,561905664,84619264,85867520,
28,2026-10-08T22:44:52.789855+00:00,28.0005962489995,1051,1791490686.26,principal,0.9300203149996378,0.0,0.0,23932928,32919552,14028800,14667776,
28,2026-10-08T22:44:52.789855+00:00,28.0005962489995,1052,1791490686.67,descendente,0.9300153519998275,0.0,0.0,11264000,19447808,5021696,5380096,
28,2026-10-08T22:44:52.789855+00:00,28.0005962489995,1053,1791490686.68,descendente,0.9300135249995947,3.225759539358765,1.6128797696793824,98037760,561909760,84471808,85727232,
28,2026-10-08T22:44:52.789855+00:00,28.0005962489995,1054,1791490686.68,descendente,0.9298151149996556,2.150965248614025,1.0754826243070126,150179840,614334464,137048064,138296320,
29,2026-10-08T22:44:53.790787+00:00,29.001812902000893,1051,1791490686.26,principal,1.0009293430011894,0.0,0.0,23932928,32919552,14028800,14667776,
29,2026-10-08T22:44:53.790787+00:00,29.001812902000893,1052,1791490686.67,descendente,1.0012195319995953,0.0,0.0,11264000,19447808,5021696,5380096,
29,2026-10-08T22:44:53.790787+00:00,29.001812902000893,1053,1791490686.68,descendente,1.0012209899996378,1.9975609979980904,0.9987804989990452,98037760,561909760,84471808,85727232,
29,2026-10-08T22:44:53.790787+00:00,29.001812902000893,1054,1791490686.68,descendente,1.0013674950005225,5.991806234929861,2.9959031174649304,150179840,614334464,137048064,138296320,
30,2026-10-08T22:44:54.792180+00:00,30.002883658000428,1051,1791490686.26,principal,1.001395778999722,0.0,0.0,23932928,32919552,14028800,14667776,
30,2026-10-08T22:44:54.792180+00:00,30.002883658000428,1052,1791490686.67,descendente,1.0011063940000895,0.0,0.0,11264000,19447808,5021696,5380096,
30,2026-10-08T22:44:54.792180+00:00,30.002883658000428,1053,1791490686.68,descendente,1.0011090290008724,4.994460997909308,2.497230498954654,150208512,614338560,136900608,138156032,
30,2026-10-08T22:44:54.792180+00:00,30.002883658000428,1054,1791490686.68,descendente,1.001369091000015,2.995898342541669,1.4979491712708346,98009088,561905664,84619264,85867520,
31,2026-10-08T22:44:55.790705+00:00,31.001451890999306,1051,1791490686.26,principal,0.9985258699998667,0.0,0.0,23932928,32919552,14028800,14667776,
31,2026-10-08T22:44:55.790705+00:00,31.001451890999306,1052,1791490686.67,descendente,0.9985637820009288,0.0,0.0,11264000,19447808,5021696,5380096,
31,2026-10-08T22:44:55.790705+00:00,31.001451890999306,1053,1791490686.68,descendente,0.9987915019992215,1.0012099602351048,0.5006049801175524,45867008,509480960,32047104,33302528,
31,2026-10-08T22:44:55.790705+00:00,31.001451890999306,1054,1791490686.68,descendente,0.9980911479997303,6.011475016109299,3.0057375080546493,202350592,666763264,189476864,190725120,
32,2026-10-08T22:44:56.795043+00:00,32.006033412999386,1051,1791490686.26,principal,1.0043347339997126,0.0,0.0,23932928,32919552,14028800,14667776,
32,2026-10-08T22:44:56.795043+00:00,32.006033412999386,1052,1791490686.67,descendente,1.0042946739995386,0.0,0.0,11264000,19447808,5021696,5380096,
32,2026-10-08T22:44:56.795043+00:00,32.006033412999386,1053,1791490686.68,descendente,1.0040567369997007,2.9878789608689296,1.4939394804344648,98037760,561909760,84480000,85735424,
32,2026-10-08T22:44:56.795043+00:00,32.006033412999386,1054,1791490686.68,descendente,1.004365089998828,4.978269406004096,2.489134703002048,150179840,614334464,137048064,138296320,
33,2026-10-08T22:44:57.790489+00:00,33.001484778000304,1051,1791490686.26,principal,0.99544604500079,0.0,0.0,23932928,32919552,14028800,14667776,
33,2026-10-08T22:44:57.790489+00:00,33.001484778000304,1052,1791490686.67,descendente,0.9954830650003714,0.0,0.0,11264000,19447808,5021696,5380096,
33,2026-10-08T22:44:57.790489+00:00,33.001484778000304,1053,1791490686.68,descendente,0.995485990000816,2.009068957362899,1.0045344786814494,98037760,561909760,84480000,85735424,
33,2026-10-08T22:44:57.790489+00:00,33.001484778000304,1054,1791490686.68,descendente,0.9955851960003201,1.004434380922112,0.502217190461056,45838336,509476864,32190464,33438720,
34,2026-10-08T22:44:58.794449+00:00,34.00531895799941,1051,1791490686.26,principal,1.0039659229987592,0.0,0.0,23932928,32919552,14028800,14667776,
34,2026-10-08T22:44:58.794449+00:00,34.00531895799941,1052,1791490686.67,descendente,1.0039465359986934,0.0,0.0,11264000,19447808,5021696,5380096,
34,2026-10-08T22:44:58.794449+00:00,34.00531895799941,1053,1791490686.68,descendente,1.0039568899992446,0.9960587052702566,0.4980293526351283,45867008,509480960,32051200,33306624,
34,2026-10-08T22:44:58.794449+00:00,34.00531895799941,1054,1791490686.68,descendente,1.003557277001164,0.0,0.0,45838336,509476864,32190464,33438720,
35,2026-10-08T22:44:59.803444+00:00,35.00790597800005,1051,1791490686.26,principal,1.0090016260000993,0.0,0.0,23932928,32919552,14028800,14667776,
35,2026-10-08T22:44:59.803444+00:00,35.00790597800005,1052,1791490686.67,descendente,1.0090115720013273,0.0,0.0,11264000,19447808,5021696,5380096,
35,2026-10-08T22:44:59.803444+00:00,35.00790597800005,1053,1791490686.68,descendente,1.0090158630009682,0.0,0.0,45867008,509480960,32051200,33306624,
35,2026-10-08T22:44:59.803444+00:00,35.00790597800005,1054,1791490686.68,descendente,1.0090200089998689,3.964242497000022,1.982121248500011,156934144,666763264,145768448,147016704,
36,2026-10-08T22:45:00.790589+00:00,36.00160986800074,1051,1791490686.26,principal,0.9871327159999055,0.0,0.0,23932928,32919552,14028800,14667776,
36,2026-10-08T22:45:00.790589+00:00,36.00160986800074,1052,1791490686.67,descendente,0.9872495229992637,0.0,0.0,11264000,19447808,5021696,5380096,
36,2026-10-08T22:45:00.790589+00:00,36.00160986800074,1053,1791490686.68,descendente,0.987452053999732,0.0,0.0,45867008,509480960,32051200,33306624,
36,2026-10-08T22:45:00.790589+00:00,36.00160986800074,1054,1791490686.68,descendente,0.9874559780000709,2.0254067467901424,1.0127033733950712,202350592,666763264,189476864,190725120,
37,2026-10-08T22:45:01.790344+00:00,37.0012882810006,1051,1791490686.26,principal,0.9997572370011767,0.0,0.0,23932928,32919552,14028800,14667776,
37,2026-10-08T22:45:01.790344+00:00,37.0012882810006,1052,1791490686.67,descendente,0.9996233960009704,0.0,0.0,11264000,19447808,5021696,5380096,
37,2026-10-08T22:45:01.790344+00:00,37.0012882810006,1053,1791490686.68,descendente,0.9994208219995926,2.0011590272835216,1.0005795136417608,98037760,561909760,84480000,85735424,
37,2026-10-08T22:45:01.790344+00:00,37.0012882810006,1054,1791490686.68,descendente,1.000088490998678,5.999469100987944,2.999734550493972,150179840,614334464,137048064,138296320,
38,2026-10-08T22:45:02.795159+00:00,38.006089827000324,1051,1791490686.26,principal,1.0048134899989236,0.0,0.0,23932928,32919552,14028800,14667776,
38,2026-10-08T22:45:02.795159+00:00,38.006089827000324,1052,1791490686.67,descendente,1.0048067129991978,0.0,0.0,11264000,19447808,5021696,5380096,
38,2026-10-08T22:45:02.795159+00:00,38.006089827000324,1053,1791490686.68,descendente,1.0047921229997883,2.985692195758531,1.4928460978792655,98037760,561909760,84480000,85735424,
38,2026-10-08T22:45:02.795159+00:00,38.006089827000324,1054,1791490686.68,descendente,1.004414513001393,4.978024446360715,2.4890122231803575,150179840,614334464,137052160,138300416,
39,2026-10-08T22:45:03.791116+00:00,39.00199423900085,1051,1791490686.26,principal,0.9959594550000475,0.0,0.0,23932928,32919552,14028800,14667776,
39,2026-10-08T22:45:03.791116+00:00,39.00199423900085,1052,1791490686.67,descendente,0.9959500360000675,0.0,0.0,11264000,19447808,5021696,5380096,
39,2026-10-08T22:45:03.791116+00:00,39.00199423900085,1053,1791490686.68,descendente,0.9959456579999824,4.016283386418153,2.0081416932090765,150208512,614338560,136908800,138164224,
39,2026-10-08T22:45:03.791116+00:00,39.00199423900085,1054,1791490686.68,descendente,0.9962656449988572,3.0112450580415673,1.5056225290207836,98009088,561905664,84627456,85875712,
40,2026-10-08T22:45:04.798510+00:00,40.009457665999435,1051,1791490686.26,principal,1.0074387040003785,0.0,0.0,23932928,32919552,14028800,14667776,
40,2026-10-08T22:45:04.798510+00:00,40.009457665999435,1052,1791490686.67,descendente,1.0074863040008495,0.0,0.0,11264000,19447808,5021696,5380096,
40,2026-10-08T22:45:04.798510+00:00,40.009457665999435,1053,1791490686.68,descendente,1.0074960479996662,2.977679173984321,1.4888395869921605,98037760,561909760,84480000,85735424,
40,2026-10-08T22:45:04.798510+00:00,40.009457665999435,1054,1791490686.68,descendente,1.0073126570005115,3.9709617189868025,1.9854808594934013,150179840,614334464,137056256,138304512,
41,2026-10-08T22:45:05.790636+00:00,41.00141360000089,1051,1791490686.26,principal,0.992078995999691,0.0,0.0,23932928,32919552,14028800,14667776,
41,2026-10-08T22:45:05.790636+00:00,41.00141360000089,1052,1791490686.67,descendente,0.9922349829994346,0.0,0.0,11264000,19447808,5021696,5380096,
41,2026-10-08T22:45:05.790636+00:00,41.00141360000089,1053,1791490686.68,descendente,0.9922544730015943,4.031223953971309,2.0156119769856544,150208512,614338560,136908800,138164224,
41,2026-10-08T22:45:05.790636+00:00,41.00141360000089,1054,1791490686.68,descendente,0.9924237830000493,3.022902162754764,1.511451081377382,98009088,561905664,84627456,85875712,
42,2026-10-08T22:45:06.790486+00:00,42.00146169999971,1051,1791490686.26,principal,0.9998512950005534,0.0,0.0,23932928,32919552,14028800,14667776,
42,2026-10-08T22:45:06.790486+00:00,42.00146169999971,1052,1791490686.67,descendente,0.9996907669992652,0.0,0.0,11264000,19447808,5021696,5380096,
42,2026-10-08T22:45:06.790486+00:00,42.00146169999971,1053,1791490686.68,descendente,0.9996710979994532,1.0003290102131757,0.5001645051065878,45867008,509480960,32051200,33306624,
42,2026-10-08T22:45:06.790486+00:00,42.00146169999971,1054,1791490686.68,descendente,0.9990403650008375,6.005763340698649,3.0028816703493244,202350592,666763264,189485056,190733312,
43,2026-10-08T22:45:07.796174+00:00,43.0071519739995,1051,1791490686.26,principal,1.005686381000487,0.0,0.0,23932928,32919552,14028800,14667776,
43,2026-10-08T22:45:07.796174+00:00,43.0071519739995,1052,1791490686.67,descendente,1.0056846830011636,0.0,0.0,11264000,19447808,5021696,5380096,
43,2026-10-08T22:45:07.796174+00:00,43.0071519739995,1053,1791490686.68,descendente,1.0056832059999579,3.9773956412274845,1.9886978206137422,150208512,614338560,136908800,138164224,
43,2026-10-08T22:45:07.796174+00:00,43.0071519739995,1054,1791490686.68,descendente,1.0064706089997344,4.967854953031257,2.4839274765156283,98009088,561905664,84627456,85875712,
44,2026-10-08T22:45:08.795692+00:00,44.00667491099921,1051,1791490686.26,principal,0.999518401999012,0.0,0.0,23932928,32919552,14028800,14667776,
44,2026-10-08T22:45:08.795692+00:00,44.00667491099921,1052,1791490686.67,descendente,0.9994847119996848,0.0,0.0,11264000,19447808,5021696,5380096,
44,2026-10-08T22:45:08.795692+00:00,44.00667491099921,1053,1791490686.68,descendente,0.9994827890004672,4.002069914580635,2.0010349572903174,150208512,614338560,136908800,138164224,
44,2026-10-08T22:45:08.795692+00:00,44.00667491099921,1054,1791490686.68,descendente,0.9994841600000655,2.0010322124566553,1.0005161062283277,98009088,561905664,84627456,85875712,
45,2026-10-08T22:45:09.792439+00:00,45.0034049019996,1051,1791490686.26,principal,0.9967467120004585,0.0,0.0,23932928,32919552,14028800,14667776,
45,2026-10-08T22:45:09.792439+00:00,45.0034049019996,1052,1791490686.67,descendente,0.996740040000077,0.0,0.0,11264000,19447808,5021696,5380096,
45,2026-10-08T22:45:09.792439+00:00,45.0034049019996,1053,1791490686.68,descendente,0.996737644998575,5.016365163981405,2.5081825819907024,150208512,614338560,136908800,138164224,
45,2026-10-08T22:45:09.792439+00:00,45.0034049019996,1054,1791490686.68,descendente,0.9967138430001796,3.009890974293986,1.504945487146993,98009088,561905664,84627456,85875712,
46,2026-10-08T22:45:10.790500+00:00,46.00149886200052,1051,1791490686.26,principal,0.9980604850006785,0.0,0.0,23932928,32919552,14028800,14667776,
46,2026-10-08T22:45:10.790500+00:00,46.00149886200052,1052,1791490686.67,descendente,0.9980973089986946,0.0,0.0,11264000,19447808,5021696,5380096,
46,2026-10-08T22:45:10.790500+00:00,46.00149886200052,1053,1791490686.68,descendente,0.9981026250006835,6.011405891249027,3.0057029456245137,150208512,614338560,136908800,138164224,
46,2026-10-08T22:45:10.790500+00:00,46.00149886200052,1054,1791490686.68,descendente,0.9980772489998344,2.0038529101868487,1.0019264550934244,98009088,561905664,84627456,85875712,
47,2026-10-08T22:45:11.796123+00:00,47.00711453800068,1051,1791490686.26,principal,1.0056229239999084,0.0,0.0,23932928,32919552,14028800,14667776,
47,2026-10-08T22:45:11.796123+00:00,47.00711453800068,1052,1791490686.67,descendente,1.0056020250012807,0.0,0.0,11264000,19447808,5021696,5380096,
47,2026-10-08T22:45:11.796123+00:00,47.00711453800068,1053,1791490686.68,descendente,1.0055987699997786,3.977729606810075,1.9888648034050376,150208512,614338560,136908800,138164224,
47,2026-10-08T22:45:11.796123+00:00,47.00711453800068,1054,1791490686.68,descendente,1.0055926009990799,1.9888770044780217,0.9944385022390109,98009088,561905664,84627456,85875712,
48,2026-10-08T22:45:12.791601+00:00,48.00254030100041,1051,1791490686.26,principal,0.9954797069985943,0.0,0.0,23932928,32919552,14028800,14667776,
48,2026-10-08T22:45:12.791601+00:00,48.00254030100041,1052,1791490686.67,descendente,0.9954709229987202,0.0,0.0,11264000,19447808,5021696,5380096,
48,2026-10-08T22:45:12.791601+00:00,48.00254030100041,1053,1791490686.68,descendente,0.995473230999778,4.018189415282033,2.0090947076410166,150208512,614338560,136908800,138164224,
48,2026-10-08T22:45:12.791601+00:00,48.00254030100041,1054,1791490686.68,descendente,0.9955483009998716,3.0134148157222365,1.5067074078611182,98009088,561905664,84627456,85875712,
49,2026-10-08T22:45:13.797311+00:00,49.00830947599934,1051,1791490686.26,principal,1.0057078230001935,0.0,0.0,23932928,32919552,14028800,14667776,
49,2026-10-08T22:45:13.797311+00:00,49.00830947599934,1052,1791490686.67,descendente,1.00570216000051,0.0,0.0,11264000,19447808,5021696,5380096,
49,2026-10-08T22:45:13.797311+00:00,49.00830947599934,1053,1791490686.68,descendente,1.0056973000009748,4.971674876720441,2.4858374383602206,150208512,614338560,136908800,138164224,
49,2026-10-08T22:45:13.797311+00:00,49.00830947599934,1054,1791490686.68,descendente,1.0057093320010608,2.9829692382698796,1.4914846191349398,98009088,561905664,84627456,85875712,
50,2026-10-08T22:45:14.793982+00:00,50.00494673200046,1051,1791490686.26,principal,0.996672197999942,0.0,0.0,23932928,32919552,14028800,14667776,
50,2026-10-08T22:45:14.793982+00:00,50.00494673200046,1052,1791490686.67,descendente,0.9966744960001961,0.0,0.0,11264000,19447808,5021696,5380096,
50,2026-10-08T22:45:14.793982+00:00,50.00494673200046,1053,1791490686.68,descendente,0.9966764029995829,3.0100040404000303,1.5050020202000152,98037760,561909760,84480000,85735424,
50,2026-10-08T22:45:14.793982+00:00,50.00494673200046,1054,1791490686.68,descendente,0.9963027579997288,5.0185548116299366,2.5092774058149683,150179840,614334464,137056256,138304512,
51,2026-10-08T22:45:15.793068+00:00,51.0039623749999,1051,1791490686.26,principal,0.9990864810006315,0.0,0.0,23932928,32919552,14028800,14667776,
51,2026-10-08T22:45:15.793068+00:00,51.0039623749999,1052,1791490686.67,descendente,0.999195263000729,0.0,0.0,11264000,19447808,5021696,5380096,
51,2026-10-08T22:45:15.793068+00:00,51.0039623749999,1053,1791490686.68,descendente,0.999196380000285,1.000804266324019,0.5004021331620095,45867008,509480960,32051200,33306624,
51,2026-10-08T22:45:15.793068+00:00,51.0039623749999,1054,1791490686.68,descendente,0.999123707999388,6.0052623633701145,3.0026311816850573,202350592,666763264,189485056,190733312,
52,2026-10-08T22:45:16.789412+00:00,52.00034360000063,1051,1791490686.26,principal,0.9963418370007275,0.0,0.0,23932928,32919552,14028800,14667776,
52,2026-10-08T22:45:16.789412+00:00,52.00034360000063,1052,1791490686.67,descendente,0.9962660879991745,0.0,0.0,11264000,19447808,5021696,5380096,
52,2026-10-08T22:45:16.789412+00:00,52.00034360000063,1053,1791490686.68,descendente,0.9962659140001051,4.014992326636493,2.0074961633182467,150208512,614338560,136908800,138164224,
52,2026-10-08T22:45:16.789412+00:00,52.00034360000063,1054,1791490686.68,descendente,0.997510967999915,4.009980970957069,2.0049904854785345,98009088,561905664,84627456,85875712,
53,2026-10-08T22:45:17.789403+00:00,53.000246554000114,1051,1791490686.26,principal,1.0003271139994467,0.0,0.0,23932928,32919552,14028800,14667776,
53,2026-10-08T22:45:17.789403+00:00,53.000246554000114,1052,1791490686.67,descendente,1.0003034040000784,0.0,0.0,11264000,19447808,5021696,5380096,
53,2026-10-08T22:45:17.789403+00:00,53.000246554000114,1053,1791490686.68,descendente,1.0003426929997659,6.997601970789491,3.4988009853947455,202379264,666767360,189337600,190593024,
53,2026-10-08T22:45:17.789403+00:00,53.000246554000114,1054,1791490686.68,descendente,0.9997809119995509,1.0002191360103205,0.5001095680051603,45838336,509476864,32198656,33446912,
54,2026-10-08T22:45:18.789631+00:00,54.00060438800028,1051,1791490686.26,principal,0.9998928839995642,0.0,0.0,23932928,32919552,14028800,14667776,
54,2026-10-08T22:45:18.789631+00:00,54.00060438800028,1052,1791490686.67,descendente,0.9998873179993097,0.0,0.0,11264000,19447808,5021696,5380096,
54,2026-10-08T22:45:18.789631+00:00,54.00060438800028,1053,1791490686.68,descendente,0.9998475600004895,7.0010672426870775,3.5005336213435387,202379264,666767360,189337600,190593024,
54,2026-10-08T22:45:18.789631+00:00,54.00060438800028,1054,1791490686.68,descendente,0.9997563320011977,0.0,0.0,45838336,509476864,32198656,33446912,
55,2026-10-08T22:45:19.798067+00:00,55.00880522800071,1051,1791490686.26,principal,1.008438054999715,0.0,0.0,23932928,32919552,14028800,14667776,
55,2026-10-08T22:45:19.798067+00:00,55.00880522800071,1052,1791490686.67,descendente,1.0084372800010897,0.0,0.0,11264000,19447808,5021696,5380096,
55,2026-10-08T22:45:19.798067+00:00,55.00880522800071,1053,1791490686.68,descendente,1.008488972998748,0.9915824830749462,0.4957912415374731,45867008,509480960,32051200,33306624,
55,2026-10-08T22:45:19.798067+00:00,55.00880522800071,1054,1791490686.68,descendente,1.00756755600014,4.962446408902651,2.4812232044513256,202350592,666763264,189485056,190733312,
56,2026-10-08T22:45:20.793466+00:00,56.00443081400044,1051,1791490686.26,principal,0.9953968070003612,1.0046244803753082,0.5023122401876541,23932928,32919552,14028800,14667776,
56,2026-10-08T22:45:20.793466+00:00,56.00443081400044,1052,1791490686.67,descendente,0.9954302679998364,0.0,0.0,11264000,19447808,5021696,5380096,
56,2026-10-08T22:45:20.793466+00:00,56.00443081400044,1053,1791490686.68,descendente,0.995382447999873,4.018555890791059,2.0092779453955294,150208512,614338560,136908800,138164224,
56,2026-10-08T22:45:20.793466+00:00,56.00443081400044,1054,1791490686.68,descendente,0.9960326219988929,4.015932723139625,2.0079663615698125,98009088,561905664,84627456,85875712,
57,2026-10-08T22:45:21.794241+00:00,57.00496345099964,1051,1791490686.26,principal,1.0007774639998388,0.0,0.0,23932928,32919552,14028800,14667776,
57,2026-10-08T22:45:21.794241+00:00,57.00496345099964,1052,1791490686.67,descendente,1.0007430929999828,0.0,0.0,11264000,19447808,5021696,5380096,
57,2026-10-08T22:45:21.794241+00:00,57.00496345099964,1053,1791490686.68,descendente,1.0007376869998552,3.9970514271250828,1.9985257135625414,98037760,561909760,84480000,85735424,
57,2026-10-08T22:45:21.794241+00:00,57.00496345099964,1054,1791490686.68,descendente,1.0003729860000021,4.998135765333847,2.4990678826669237,150179840,614334464,137056256,138304512,
58,2026-10-08T22:45:22.796575+00:00,58.007556632999695,1051,1791490686.26,principal,1.0023321480002778,0.0,0.0,23932928,32919552,14028800,14667776,
58,2026-10-08T22:45:22.796575+00:00,58.007556632999695,1052,1791490686.67,descendente,1.00233533500068,0.0,0.0,11264000,19447808,5021696,5380096,
58,2026-10-08T22:45:22.796575+00:00,58.007556632999695,1053,1791490686.68,descendente,1.0023373450003419,2.99300431632464,1.49650215816232,150208512,614338560,136908800,138164224,
58,2026-10-08T22:45:22.796575+00:00,58.007556632999695,1054,1791490686.68,descendente,1.0026931970005535,3.989256147309541,1.9946280736547706,98009088,561905664,84627456,85875712,
59,2026-10-08T22:45:23.790307+00:00,59.00120281300042,1051,1791490686.26,principal,0.9937338279996766,0.0,0.0,23932928,32919552,14028800,14667776,
59,2026-10-08T22:45:23.790307+00:00,59.00120281300042,1052,1791490686.67,descendente,0.9937488029991073,0.0,0.0,11264000,19447808,5021696,5380096,
59,2026-10-08T22:45:23.790307+00:00,59.00120281300042,1053,1791490686.68,descendente,0.9937577330001659,5.031407388303152,2.515703694151576,150208512,614338560,136908800,138164224,
59,2026-10-08T22:45:23.790307+00:00,59.00120281300042,1054,1791490686.68,descendente,0.993715438999061,2.0126486129820536,1.0063243064910268,98009088,561905664,84627456,85875712,
60,2026-10-08T22:45:24.790616+00:00,60.00154148299953,1051,1791490686.26,principal,1.0003362000006746,0.0,0.0,23932928,32919552,14028800,14667776,
60,2026-10-08T22:45:24.790616+00:00,60.00154148299953,1052,1791490686.67,descendente,1.000327224999637,0.0,0.0,11264000,19447808,5021696,5380096,
60,2026-10-08T22:45:24.790616+00:00,60.00154148299953,1053,1791490686.68,descendente,1.0003238370009058,1.9993525356714072,0.9996762678357036,45867008,509480960,32051200,33306624,
60,2026-10-08T22:45:24.790616+00:00,60.00154148299953,1054,1791490686.68,descendente,0.9999677400010114,6.000193566237895,3.0000967831189476,202350592,666763264,189485056,190733312,
61,2026-10-08T22:45:25.790689+00:00,61.00134748600067,1051,1791490686.26,principal,1.0000490809998155,0.0,0.0,23932928,32919552,14028800,14667776,
61,2026-10-08T22:45:25.790689+00:00,61.00134748600067,1052,1791490686.67,descendente,1.0000660349996906,0.0,0.0,11264000,19447808,5021696,5380096,
61,2026-10-08T22:45:25.790689+00:00,61.00134748600067,1053,1791490686.68,descendente,1.0048042119997262,0.0,0.0,59920384,561909760,46866432,48121856,
61,2026-10-08T22:45:25.790689+00:00,61.00134748600067,1054,1791490686.68,descendente,1.0046977929996501,4.976620865337332,2.488310432668666,150179840,614334464,137056256,138304512,
62,2026-10-08T22:45:26.793789+00:00,62.004476322999835,1051,1791490686.26,principal,1.003104658000666,0.0,0.0,23932928,32919552,14028800,14667776,
62,2026-10-08T22:45:26.793789+00:00,62.004476322999835,1052,1791490686.67,descendente,1.0031074240014277,0.0,0.0,11264000,19447808,5021696,5380096,
62,2026-10-08T22:45:26.793789+00:00,62.004476322999835,1053,1791490686.68,descendente,0.9984366019998561,4.006263384162053,2.0031316920810265,179941376,666767360,167964672,169220096,
62,2026-10-08T22:45:26.793789+00:00,62.004476322999835,1054,1791490686.68,descendente,0.9993024470004457,2.001396079839101,1.0006980399195504,45838336,509476864,32198656,33446912,
63,2026-10-08T22:45:27.795367+00:00,63.006207771000845,1051,1791490686.26,principal,1.0015708369992353,0.0,0.0,23932928,32919552,14028800,14667776,
63,2026-10-08T22:45:27.795367+00:00,63.006207771000845,1052,1791490686.67,descendente,1.0015570979994664,0.0,0.0,11264000,19447808,5021696,5380096,
63,2026-10-08T22:45:27.795367+00:00,63.006207771000845,1053,1791490686.68,descendente,1.0014892740000505,6.989590584472287,3.4947952922361436,202379264,666767360,189337600,190593024,
63,2026-10-08T22:45:27.795367+00:00,63.006207771000845,1054,1791490686.68,descendente,1.0018154039989895,0.0,0.0,45838336,509476864,32198656,33446912,
64,2026-10-08T22:45:28.789853+00:00,64.00075905899939,1051,1791490686.26,principal,0.994484028999068,0.0,0.0,23932928,32919552,14028800,14667776,
64,2026-10-08T22:45:28.789853+00:00,64.00075905899939,1052,1791490686.67,descendente,0.9945066509990284,0.0,0.0,11264000,19447808,5021696,5380096,
64,2026-10-08T22:45:28.789853+00:00,64.00075905899939,1053,1791490686.68,descendente,0.9945019400001911,4.022113823124805,2.0110569115624024,202379264,666767360,189337600,190593024,
64,2026-10-08T22:45:28.789853+00:00,64.00075905899939,1054,1791490686.68,descendente,0.9943679309999425,0.0,0.0,45838336,509476864,32198656,33446912,
65,2026-10-08T22:45:29.799429+00:00,65.01030133700078,1051,1791490686.26,principal,1.0095808300011413,0.0,0.0,23932928,32919552,14028800,14667776,
65,2026-10-08T22:45:29.799429+00:00,65.01030133700078,1052,1791490686.67,descendente,1.0095470600008412,0.0,0.0,11264000,19447808,5021696,5380096,
65,2026-10-08T22:45:29.799429+00:00,65.01030133700078,1053,1791490686.68,descendente,1.009806373000174,6.932022006559007,3.4660110032795033,202379264,666767360,189337600,190593024,
65,2026-10-08T22:45:29.799429+00:00,65.01030133700078,1054,1791490686.68,descendente,1.00951321499997,0.0,0.0,45838336,509476864,32198656,33446912,
66,2026-10-08T22:45:30.795287+00:00,66.00621166900055,1051,1791490686.26,principal,0.9958514119989559,0.0,0.0,23932928,32919552,14028800,14667776,
66,2026-10-08T22:45:30.795287+00:00,66.00621166900055,1052,1791490686.67,descendente,0.9960869980004645,0.0,0.0,11264000,19447808,5021696,5380096,
66,2026-10-08T22:45:30.795287+00:00,66.00621166900055,1053,1791490686.68,descendente,0.9958344320002652,2.008365985078802,1.004182992539401,45867008,509480960,32051200,33306624,
66,2026-10-08T22:45:30.795287+00:00,66.00621166900055,1054,1791490686.68,descendente,0.9949417670013645,6.030503692776714,3.015251846388357,202350592,666763264,189485056,190733312,
67,2026-10-08T22:45:31.793456+00:00,67.00439874800031,1051,1791490686.26,principal,0.9981697840012203,0.0,0.0,23932928,32919552,14028800,14667776,
67,2026-10-08T22:45:31.793456+00:00,67.00439874800031,1052,1791490686.67,descendente,0.9979301219991612,0.0,0.0,11264000,19447808,5021696,5380096,
67,2026-10-08T22:45:31.793456+00:00,67.00439874800031,1053,1791490686.68,descendente,0.9979250500000489,0.0,0.0,45867008,509480960,32051200,33306624,
67,2026-10-08T22:45:31.793456+00:00,67.00439874800031,1054,1791490686.68,descendente,0.997869222999725,6.012811961433918,3.006405980716959,202350592,666763264,189485056,190733312,
68,2026-10-08T22:45:32.789423+00:00,68.00037712800076,1051,1791490686.26,principal,0.9959685379999428,0.0,0.0,23932928,32919552,14028800,14667776,
68,2026-10-08T22:45:32.789423+00:00,68.00037712800076,1052,1791490686.67,descendente,0.996003883999947,0.0,0.0,11264000,19447808,5021696,5380096,
68,2026-10-08T22:45:32.789423+00:00,68.00037712800076,1053,1791490686.68,descendente,0.9960025979999045,2.00802689070948,1.00401344535474,98037760,561909760,84480000,85735424,
68,2026-10-08T22:45:32.789423+00:00,68.00037712800076,1054,1791490686.68,descendente,0.9962866040004883,7.02609065693842,3.51304532846921,150179840,614334464,137056256,138304512,
69,2026-10-08T22:45:33.795896+00:00,69.00692599499962,1051,1791490686.26,principal,1.0064713100000517,0.0,0.0,23932928,32919552,14028800,14667776,
69,2026-10-08T22:45:33.795896+00:00,69.00692599499962,1052,1791490686.67,descendente,1.0064349540007242,0.0,0.0,11264000,19447808,5021696,5380096,
69,2026-10-08T22:45:33.795896+00:00,69.00692599499962,1053,1791490686.68,descendente,1.0064332419988204,1.9872157601116447,0.9936078800558223,98037760,561909760,84480000,85735424,
69,2026-10-08T22:45:33.795896+00:00,69.00692599499962,1054,1791490686.68,descendente,1.0064800579984876,4.967808313999629,2.4839041569998144,150179840,614334464,137056256,138304512,
70,2026-10-08T22:45:34.790425+00:00,70.00144602399996,1051,1791490686.26,principal,0.9945297699996445,0.0,0.0,23932928,32919552,14028800,14667776,
70,2026-10-08T22:45:34.790425+00:00,70.00144602399996,1052,1791490686.67,descendente,0.994530832998862,0.0,0.0,11264000,19447808,5021696,5380096,
70,2026-10-08T22:45:34.790425+00:00,70.00144602399996,1053,1791490686.68,descendente,0.9946004820012604,5.027144155348781,2.5135720776743904,150208512,614338560,136908800,138164224,
70,2026-10-08T22:45:34.790425+00:00,70.00144602399996,1054,1791490686.68,descendente,0.9951874860016687,3.014507358862713,1.5072536794313565,98009088,561905664,84627456,85875712,
71,2026-10-08T22:45:35.789638+00:00,71.00063288700039,1051,1791490686.26,principal,0.9992125839999062,0.0,0.0,23932928,32919552,14028800,14667776,
71,2026-10-08T22:45:35.789638+00:00,71.00063288700039,1052,1791490686.67,descendente,0.9992115790009848,0.0,0.0,11264000,19447808,5021696,5380096,
71,2026-10-08T22:45:35.789638+00:00,71.00063288700039,1053,1791490686.68,descendente,0.9991413709994958,5.004296834388853,2.5021484171944266,150208512,614338560,136908800,138164224,
71,2026-10-08T22:45:35.789638+00:00,71.00063288700039,1054,1791490686.68,descendente,0.9990000659981888,2.0020018697408455,1.0010009348704227,98009088,561905664,84627456,85875712,
72,2026-10-08T22:45:36.798531+00:00,72.00943379000091,1051,1791490686.26,principal,1.0089201560003858,0.0,0.0,23932928,32919552,14028800,14667776,
72,2026-10-08T22:45:36.798531+00:00,72.00943379000091,1052,1791490686.67,descendente,1.008928115999879,0.0,0.0,11264000,19447808,5021696,5380096,
72,2026-10-08T22:45:36.798531+00:00,72.00943379000091,1053,1791490686.68,descendente,1.0089673309994396,0.9911123673448917,0.49555618367244586,45867008,509480960,32051200,33306624,
72,2026-10-08T22:45:36.798531+00:00,72.00943379000091,1054,1791490686.68,descendente,1.0082289480014879,5.95102928942224,2.97551464471112,202350592,666763264,189485056,190733312,
73,2026-10-08T22:45:37.795204+00:00,73.00623405499937,1051,1791490686.26,principal,0.9966446929993253,0.0,0.0,23932928,32919552,14028800,14667776,
73,2026-10-08T22:45:37.795204+00:00,73.00623405499937,1052,1791490686.67,descendente,0.9966359589998319,0.0,0.0,11264000,19447808,5021696,5380096,
73,2026-10-08T22:45:37.795204+00:00,73.00623405499937,1053,1791490686.68,descendente,0.996595583999806,0.0,0.0,45867008,509480960,32051200,33306624,
73,2026-10-08T22:45:37.795204+00:00,73.00623405499937,1054,1791490686.68,descendente,0.9965579709987651,7.024177422397742,3.512088711198871,202350592,666763264,189485056,190733312,
74,2026-10-08T22:45:38.790483+00:00,74.00118669699987,1051,1791490686.26,principal,0.9952837470009399,0.0,0.0,23932928,32919552,14028800,14667776,
74,2026-10-08T22:45:38.790483+00:00,74.00118669699987,1052,1791490686.67,descendente,0.9953195470006904,0.0,0.0,11264000,19447808,5021696,5380096,
74,2026-10-08T22:45:38.790483+00:00,74.00118669699987,1053,1791490686.68,descendente,0.995373138001014,6.027890216174796,3.013945108087398,202379264,666767360,189337600,190593024,
74,2026-10-08T22:45:38.790483+00:00,74.00118669699987,1054,1791490686.68,descendente,0.9962908990000869,2.007445819295935,1.0037229096479674,45838336,509476864,32198656,33446912,
75,2026-10-08T22:45:39.806802+00:00,75.01783254700058,1051,1791490686.26,principal,1.0163133989990456,0.0,0.0,23932928,32919552,14028800,14667776,
75,2026-10-08T22:45:39.806802+00:00,75.01783254700058,1052,1791490686.67,descendente,1.0163518369990925,0.0,0.0,11264000,19447808,5021696,5380096,
75,2026-10-08T22:45:39.806802+00:00,75.01783254700058,1053,1791490686.68,descendente,1.0162998089999746,1.9679232272692109,0.9839616136346054,45867008,509480960,32051200,33306624,
75,2026-10-08T22:45:39.806802+00:00,75.01783254700058,1054,1791490686.68,descendente,1.0153763670004992,4.92428242620035,2.462141213100175,202350592,666763264,189485056,190733312,
76,2026-10-08T22:45:40.791712+00:00,76.00241268399986,1051,1791490686.26,principal,0.984916654000699,0.0,0.0,23932928,32919552,14028800,14667776,
76,2026-10-08T22:45:40.791712+00:00,76.00241268399986,1052,1791490686.67,descendente,0.9848525649995281,0.0,0.0,11264000,19447808,5021696,5380096,
76,2026-10-08T22:45:40.791712+00:00,76.00241268399986,1053,1791490686.68,descendente,0.984859278998556,0.0,0.0,45867008,509480960,32051200,33306624,
76,2026-10-08T22:45:40.791712+00:00,76.00241268399986,1054,1791490686.68,descendente,0.984874113000842,7.107507353068223,3.5537536765341113,202350592,666763264,189493248,190741504,
77,2026-10-08T22:45:41.789910+00:00,77.00085742400006,1051,1791490686.26,principal,0.9981944920000387,0.0,0.0,23932928,32919552,14028800,14667776,
77,2026-10-08T22:45:41.789910+00:00,77.00085742400006,1052,1791490686.67,descendente,0.9982554220005113,0.0,0.0,11264000,19447808,5021696,5380096,
77,2026-10-08T22:45:41.789910+00:00,77.00085742400006,1053,1791490686.68,descendente,0.9982545560014842,6.010490975400663,3.0052454877003316,202379264,666767360,189337600,190593024,
77,2026-10-08T22:45:41.789910+00:00,77.00085742400006,1054,1791490686.68,descendente,0.9991827279991412,2.001635880961737,1.0008179404808686,45838336,509476864,32206848,33455104,
78,2026-10-08T22:45:42.793803+00:00,78.0044031540001,1051,1791490686.26,principal,1.0038940710001043,0.0,0.0,23932928,32919552,14028800,14667776,
78,2026-10-08T22:45:42.793803+00:00,78.0044031540001,1052,1791490686.67,descendente,1.003824486000667,0.0,0.0,11264000,19447808,5021696,5380096,
78,2026-10-08T22:45:42.793803+00:00,78.0044031540001,1053,1791490686.68,descendente,1.003817347000222,5.977183018335406,2.988591509167703,150208512,614338560,136916992,138172416,
78,2026-10-08T22:45:42.793803+00:00,78.0044031540001,1054,1791490686.68,descendente,1.00378569699933,1.9924571609042732,0.9962285804521366,98009088,561905664,84635648,85883904,
79,2026-10-08T22:45:43.792885+00:00,79.00382532299955,1051,1791490686.26,principal,0.9990821819992561,1.0009186611645646,0.5004593305822823,23932928,32919552,14028800,14667776,
79,2026-10-08T22:45:43.792885+00:00,79.00382532299955,1052,1791490686.67,descendente,0.9990884229991934,0.0,0.0,11264000,19447808,5021696,5380096,
79,2026-10-08T22:45:43.792885+00:00,79.00382532299955,1053,1791490686.68,descendente,0.9994893209986913,1.0005109399274017,0.5002554699637008,45867008,509480960,32059392,33314816,
79,2026-10-08T22:45:43.792885+00:00,79.00382532299955,1054,1791490686.68,descendente,0.9985976600000868,6.008425855914489,3.0042129279572447,202350592,666763264,189497344,190745600,
80,2026-10-08T22:45:44.789961+00:00,80.00052892799977,1051,1791490686.26,principal,0.997074753000561,0.0,0.0,23932928,32919552,14028800,14667776,
80,2026-10-08T22:45:44.789961+00:00,80.00052892799977,1052,1791490686.67,descendente,0.997067270000116,0.0,0.0,11264000,19447808,5021696,5380096,
80,2026-10-08T22:45:44.789961+00:00,80.00052892799977,1053,1791490686.68,descendente,0.9966666199998144,4.013378114340149,2.0066890571700746,150208512,614338560,136916992,138172416,
80,2026-10-08T22:45:44.789961+00:00,80.00052892799977,1054,1791490686.68,descendente,0.9975689029997739,4.009748086544776,2.004874043272388,98009088,561905664,84639744,85888000,
81,2026-10-08T22:45:45.796218+00:00,81.0072036799993,1051,1791490686.26,principal,1.0062581339989265,0.0,0.0,23932928,32919552,14028800,14667776,
81,2026-10-08T22:45:45.796218+00:00,81.0072036799993,1052,1791490686.67,descendente,1.0062622069999634,0.0,0.0,11264000,19447808,5021696,5380096,
81,2026-10-08T22:45:45.796218+00:00,81.0072036799993,1053,1791490686.68,descendente,1.0062636870006827,5.962651815334211,2.9813259076671055,202379264,666767360,189345792,190601216,
81,2026-10-08T22:45:45.796218+00:00,81.0072036799993,1054,1791490686.68,descendente,1.0062737280004512,0.0,0.0,45838336,509476864,32210944,33459200,
82,2026-10-08T22:45:46.790497+00:00,82.00134659899959,1051,1791490686.26,principal,0.9942755170013697,0.0,0.0,23932928,32919552,14028800,14667776,
82,2026-10-08T22:45:46.790497+00:00,82.00134659899959,1052,1791490686.67,descendente,0.9942995510009496,0.0,0.0,11264000,19447808,5021696,5380096,
82,2026-10-08T22:45:46.790497+00:00,82.00134659899959,1053,1791490686.68,descendente,0.9943392250006582,4.022772007206361,2.0113860036031803,98037760,561909760,84488192,85743616,
82,2026-10-08T22:45:46.790497+00:00,82.00134659899959,1054,1791490686.68,descendente,0.9940931680012,4.023767719923699,2.0118838599618494,150179840,614334464,137068544,138316800,
83,2026-10-08T22:45:47.789709+00:00,83.0006197370003,1051,1791490686.26,principal,0.9992131689996313,0.0,0.0,23932928,32919552,14028800,14667776,
83,2026-10-08T22:45:47.789709+00:00,83.0006197370003,1052,1791490686.67,descendente,0.9991859589990781,0.0,0.0,11264000,19447808,5021696,5380096,
83,2026-10-08T22:45:47.789709+00:00,83.0006197370003,1053,1791490686.68,descendente,0.9991464369995811,1.000854292193138,0.500427146096569,45867008,509480960,32059392,33314816,
83,2026-10-08T22:45:47.789709+00:00,83.0006197370003,1054,1791490686.68,descendente,0.9984650409987808,6.009223912334807,3.0046119561674036,202350592,666763264,189497344,190745600,
84,2026-10-08T22:45:48.790659+00:00,84.00154082699919,1051,1791490686.26,principal,1.0009544209988235,0.0,0.0,23932928,32919552,14028800,14667776,
84,2026-10-08T22:45:48.790659+00:00,84.00154082699919,1052,1791490686.67,descendente,1.001040696999553,0.0,0.0,11264000,19447808,5021696,5380096,
84,2026-10-08T22:45:48.790659+00:00,84.00154082699919,1053,1791490686.68,descendente,1.0010856209992198,3.995662225181758,1.997831112590879,150208512,614338560,136916992,138172416,
84,2026-10-08T22:45:48.790659+00:00,84.00154082699919,1054,1791490686.68,descendente,1.001847514000474,2.994467679038413,1.4972338395192064,98009088,561905664,84639744,85888000,
85,2026-10-08T22:45:49.794307+00:00,85.00531229999979,1051,1791490686.26,principal,1.0036439580017031,0.0,0.0,23932928,32919552,14028800,14667776,
85,2026-10-08T22:45:49.794307+00:00,85.00531229999979,1052,1791490686.67,descendente,1.0035636790016724,0.0,0.0,11264000,19447808,5021696,5380096,
85,2026-10-08T22:45:49.794307+00:00,85.00531229999979,1053,1791490686.68,descendente,1.003520584999933,2.989475298107925,1.4947376490539626,98037760,561909760,84488192,85743616,
85,2026-10-08T22:45:49.794307+00:00,85.00531229999979,1054,1791490686.68,descendente,1.0030197739997675,5.981935905484569,2.9909679527422846,150179840,614334464,137068544,138316800,
86,2026-10-08T22:45:50.789702+00:00,86.00065009799982,1051,1791490686.26,principal,0.9953958669993881,0.0,0.0,23932928,32919552,14028800,14667776,
86,2026-10-08T22:45:50.789702+00:00,86.00065009799982,1052,1791490686.67,descendente,0.9953889349999372,0.0,0.0,11264000,19447808,5021696,5380096,
86,2026-10-08T22:45:50.789702+00:00,86.00065009799982,1053,1791490686.68,descendente,0.9953869119999581,7.032441270436389,3.5162206352181946,202379264,666767360,189345792,190601216,
86,2026-10-08T22:45:50.789702+00:00,86.00065009799982,1054,1791490686.68,descendente,0.9960963789999369,1.0039189189742697,0.5019594594871348,45838336,509476864,32210944,33459200,
87,2026-10-08T22:45:51.796115+00:00,87.00710574100049,1051,1791490686.26,principal,1.0064121870000236,0.0,0.0,23932928,32919552,14028800,14667776,
87,2026-10-08T22:45:51.796115+00:00,87.00710574100049,1052,1791490686.67,descendente,1.0064130479986488,0.0,0.0,11264000,19447808,5021696,5380096,
87,2026-10-08T22:45:51.796115+00:00,87.00710574100049,1053,1791490686.68,descendente,1.0064128730009543,0.9936279898897341,0.49681399494486705,45867008,509480960,32059392,33314816,
87,2026-10-08T22:45:51.796115+00:00,87.00710574100049,1054,1791490686.68,descendente,1.0054462190000777,5.967499689806645,2.9837498449033224,202350592,666763264,189497344,190745600,
88,2026-10-08T22:45:52.796332+00:00,88.00730140499945,1051,1791490686.26,principal,1.0002163730005122,0.0,0.0,23932928,32919552,14028800,14667776,
88,2026-10-08T22:45:52.796332+00:00,88.00730140499945,1052,1791490686.67,descendente,1.000221928999963,0.0,0.0,11264000,19447808,5021696,5380096,
88,2026-10-08T22:45:52.796332+00:00,88.00730140499945,1053,1791490686.68,descendente,1.000222663000386,2.9993321597022797,1.4996660798511399,98037760,561909760,84488192,85743616,
88,2026-10-08T22:45:52.796332+00:00,88.00730140499945,1054,1791490686.68,descendente,1.0005552060010814,4.9972255104075805,2.4986127552037902,150179840,614334464,137068544,138316800,
89,2026-10-08T22:45:53.795343+00:00,89.00629857999957,1051,1791490686.26,principal,0.9990141869984654,1.0009867857877726,0.5004933928938863,23932928,32919552,14028800,14667776,
89,2026-10-08T22:45:53.795343+00:00,89.00629857999957,1052,1791490686.67,descendente,0.9990195420014061,0.0,0.0,11264000,19447808,5021696,5380096,
89,2026-10-08T22:45:53.795343+00:00,89.00629857999957,1053,1791490686.68,descendente,0.9992408239995711,2.001519505573334,1.000759752786667,98037760,561909760,84488192,85743616,
89,2026-10-08T22:45:53.795343+00:00,89.00629857999957,1054,1791490686.68,descendente,0.9992330399982166,6.004605292085754,3.002302646042877,150179840,614334464,137068544,138316800,
90,2026-10-08T22:45:54.799769+00:00,90.01070767300007,1051,1791490686.26,principal,1.0044272180002736,0.0,0.0,23932928,32919552,14028800,14667776,
90,2026-10-08T22:45:54.799769+00:00,90.01070767300007,1052,1791490686.67,descendente,1.0044323269994493,0.0,0.0,11264000,19447808,5021696,5380096,
90,2026-10-08T22:45:54.799769+00:00,90.01070767300007,1053,1791490686.68,descendente,1.0045039819997328,2.986548638690127,1.4932743193450635,98037760,561909760,84488192,85743616,
90,2026-10-08T22:45:54.799769+00:00,90.01070767300007,1054,1791490686.68,descendente,1.0047840730003372,3.980954821523413,1.9904774107617065,130715648,614334464,119332864,120581120,
91,2026-10-08T22:45:55.792523+00:00,91.0033629619993,1051,1791490686.26,principal,0.9927581829997507,0.0,0.0,23932928,32919552,14028800,14667776,
91,2026-10-08T22:45:55.792523+00:00,91.0033629619993,1052,1791490686.67,descendente,0.9927735010005563,0.0,0.0,11264000,19447808,5021696,5380096,
91,2026-10-08T22:45:55.792523+00:00,91.0033629619993,1053,1791490686.68,descendente,0.9925049569992552,0.0,0.0,45867008,509480960,32059392,33314816,
91,2026-10-08T22:45:55.792523+00:00,91.0033629619993,1054,1791490686.68,descendente,0.991962563000925,2.0162051216420123,1.0081025608210061,202350592,666763264,189497344,190745600,
92,2026-10-08T22:45:56.790948+00:00,92.00185781400069,1051,1791490686.26,principal,0.998417603001144,0.0,0.0,23932928,32919552,14028800,14667776,
92,2026-10-08T22:45:56.790948+00:00,92.00185781400069,1052,1791490686.67,descendente,0.9984231210000871,0.0,0.0,11264000,19447808,5021696,5380096,
92,2026-10-08T22:45:56.790948+00:00,92.00185781400069,1053,1791490686.68,descendente,0.9984026980000635,1.0015998574552505,0.5007999287276252,45867008,509480960,32059392,33314816,
92,2026-10-08T22:45:56.790948+00:00,92.00185781400069,1054,1791490686.68,descendente,0.9985459500003344,5.007280836698643,2.5036404183493217,202350592,666763264,189497344,190745600,
93,2026-10-08T22:45:57.795803+00:00,93.00672065300023,1051,1791490686.26,principal,1.0048539660001552,0.0,0.0,23932928,32919552,14028800,14667776,
93,2026-10-08T22:45:57.795803+00:00,93.00672065300023,1052,1791490686.67,descendente,1.004818528999749,0.0,0.0,11264000,19447808,5021696,5380096,
93,2026-10-08T22:45:57.795803+00:00,93.00672065300023,1053,1791490686.68,descendente,1.004816414000743,3.9808266905928127,1.9904133452964063,150208512,614338560,136916992,138172416,
93,2026-10-08T22:45:57.795803+00:00,93.00672065300023,1054,1791490686.68,descendente,1.005366461999074,2.9839865495760654,1.4919932747880327,98009088,561905664,84639744,85888000,
94,2026-10-08T22:45:58.790736+00:00,94.00173402399923,1051,1791490686.26,principal,0.994933783000306,0.0,0.0,23932928,32919552,14028800,14667776,
94,2026-10-08T22:45:58.790736+00:00,94.00173402399923,1052,1791490686.67,descendente,0.9949307729984866,0.0,0.0,11264000,19447808,5021696,5380096,
94,2026-10-08T22:45:58.790736+00:00,94.00173402399923,1053,1791490686.68,descendente,0.9951977500004432,3.01447626865995,1.507238134329975,98037760,561909760,84488192,85743616,
94,2026-10-08T22:45:58.790736+00:00,94.00173402399923,1054,1791490686.68,descendente,0.9947675469993555,5.0262998778778565,2.5131499389389282,150179840,614334464,137068544,138316800,
95,2026-10-08T22:45:59.790269+00:00,95.00081636700088,1051,1791490686.26,principal,0.9995321809983579,0.0,0.0,23932928,32919552,14028800,14660608,
95,2026-10-08T22:45:59.790269+00:00,95.00081636700088,1052,1791490686.67,descendente,0.999533688000156,0.0,0.0,11264000,19447808,5021696,5378048,
95,2026-10-08T22:45:59.790269+00:00,95.00081636700088,1053,1791490686.68,descendente,0.9992681139992783,1.0007324220499678,0.5003662110249839,45867008,509480960,32059392,33303552,
95,2026-10-08T22:45:59.790269+00:00,95.00081636700088,1054,1791490686.68,descendente,0.9989586420015257,2.0020848871111303,1.0010424435555652,45838336,509476864,32210944,33449984,
96,2026-10-08T22:46:00.792031+00:00,96.00296347800031,1051,1791490686.26,principal,1.0017628430014156,0.0,0.0,23932928,32919552,14028800,14667776,
96,2026-10-08T22:46:00.792031+00:00,96.00296347800031,1052,1791490686.67,descendente,1.0018064249998133,0.0,0.0,11264000,19447808,5021696,5380096,
96,2026-10-08T22:46:00.792031+00:00,96.00296347800031,1053,1791490686.68,descendente,1.0018089420009346,0.0,0.0,45867008,509480960,32059392,33314816,
96,2026-10-08T22:46:00.792031+00:00,96.00296347800031,1054,1791490686.68,descendente,1.0020311299995228,0.0,0.0,45838336,509476864,32210944,33459200,
97,2026-10-08T22:46:01.797615+00:00,97.00797985099962,1051,1791490686.26,principal,1.0055865710000944,0.0,0.0,23932928,32919552,14028800,14667776,
97,2026-10-08T22:46:01.797615+00:00,97.00797985099962,1052,1791490686.67,descendente,1.0055497810008092,0.0,0.0,11264000,19447808,5021696,5380096,
97,2026-10-08T22:46:01.797615+00:00,97.00797985099962,1053,1791490686.68,descendente,1.0055493169984402,0.0,0.0,45867008,509480960,32059392,33314816,
97,2026-10-08T22:46:01.797615+00:00,97.00797985099962,1054,1791490686.68,descendente,1.0053167749993008,0.0,0.0,45838336,509476864,32210944,33459200,
98,2026-10-08T22:46:02.790051+00:00,98.00073836000047,1051,1791490686.26,principal,0.992434099998718,0.0,0.0,23932928,32919552,14028800,14667776,
98,2026-10-08T22:46:02.790051+00:00,98.00073836000047,1052,1791490686.67,descendente,0.9924267839996901,0.0,0.0,11264000,19447808,5021696,5380096,
98,2026-10-08T22:46:02.790051+00:00,98.00073836000047,1053,1791490686.68,descendente,0.9924206790001335,0.0,0.0,45867008,509480960,32059392,33314816,
98,2026-10-08T22:46:02.790051+00:00,98.00073836000047,1054,1791490686.68,descendente,0.9925363840011414,0.0,0.0,45838336,509476864,32210944,33459200,
99,2026-10-08T22:46:03.790397+00:00,99.00115668000035,1051,1791490686.26,principal,1.0003460080006334,0.0,0.0,23932928,32919552,14028800,14628864,
99,2026-10-08T22:46:03.790397+00:00,99.00115668000035,1052,1791490686.67,descendente,1.0003518829998939,0.0,0.0,11264000,19447808,5021696,5359616,
99,2026-10-08T22:46:03.790397+00:00,99.00115668000035,1053,1791490686.68,descendente,1.0003601900007197,0.0,0.0,45867008,509480960,32059392,33274880,
99,2026-10-08T22:46:03.790397+00:00,99.00115668000035,1054,1791490686.68,descendente,1.0003516209999361,0.0,0.0,45838336,509476864,32210944,33422336,
100,2026-10-08T22:46:04.790785+00:00,100.00170276300014,1051,1791490686.26,principal,1.0003856160001305,0.0,0.0,23932928,32919552,14028800,14667776,
100,2026-10-08T22:46:04.790785+00:00,100.00170276300014,1052,1791490686.67,descendente,1.000373278000552,0.0,0.0,11264000,19447808,5021696,5380096,
100,2026-10-08T22:46:04.790785+00:00,100.00170276300014,1053,1791490686.68,descendente,1.0004338020007708,0.0,0.0,45867008,509480960,32059392,33314816,
100,2026-10-08T22:46:04.790785+00:00,100.00170276300014,1054,1791490686.68,descendente,1.0003189589988324,0.0,0.0,45838336,509476864,32210944,33459200,
101,2026-10-08T22:46:05.989660+00:00,101.20029431900002,1051,1791490686.26,principal,1.1988748099993245,0.0,0.0,23932928,32919552,14028800,14667776,
101,2026-10-08T22:46:05.989660+00:00,101.20029431900002,1052,1791490686.67,descendente,1.1988798530001077,0.0,0.0,11264000,19447808,5021696,5380096,
101,2026-10-08T22:46:05.989660+00:00,101.20029431900002,1053,1791490686.68,descendente,1.1988092719984706,0.0,0.0,45867008,509480960,32059392,33314816,
101,2026-10-08T22:46:05.989660+00:00,101.20029431900002,1054,1791490686.68,descendente,1.1988026380004158,0.0,0.0,45838336,509476864,32210944,33459200,
102,2026-10-08T22:46:06.790714+00:00,102.00165886200011,1051,1791490686.26,principal,0.8010548370002653,0.0,0.0,23932928,32919552,14028800,14667776,
102,2026-10-08T22:46:06.790714+00:00,102.00165886200011,1052,1791490686.67,descendente,0.8010585859992716,0.0,0.0,11264000,19447808,5021696,5380096,
102,2026-10-08T22:46:06.790714+00:00,102.00165886200011,1053,1791490686.68,descendente,0.8015308009998989,0.0,0.0,45867008,509480960,32059392,33314816,
102,2026-10-08T22:46:06.790714+00:00,102.00165886200011,1054,1791490686.68,descendente,0.8015688020004745,0.0,0.0,45838336,509476864,32210944,33459200,
103,2026-10-08T22:46:07.790862+00:00,103.00184573300066,1051,1791490686.26,principal,1.000146644000779,0.0,0.0,23932928,32919552,14028800,14667776,
103,2026-10-08T22:46:07.790862+00:00,103.00184573300066,1052,1791490686.67,descendente,1.0001789569996618,0.0,0.0,11264000,19447808,5021696,5380096,
103,2026-10-08T22:46:07.790862+00:00,103.00184573300066,1053,1791490686.68,descendente,0.9997149860009813,0.0,0.0,45867008,509480960,32059392,33314816,
103,2026-10-08T22:46:07.790862+00:00,103.00184573300066,1054,1791490686.68,descendente,0.9996864599997934,0.0,0.0,45838336,509476864,32210944,33459200,
104,2026-10-08T22:46:08.790343+00:00,104.00119154200002,1051,1791490686.26,principal,0.9994831189997058,0.0,0.0,23932928,32919552,14028800,14661632,
104,2026-10-08T22:46:08.790343+00:00,104.00119154200002,1052,1791490686.67,descendente,0.9994539400013309,0.0,0.0,11264000,19447808,5021696,5379072,
104,2026-10-08T22:46:08.790343+00:00,104.00119154200002,1053,1791490686.68,descendente,0.9994524609992368,1.000547838964474,0.500273919482237,45867008,509480960,32059392,33305600,
104,2026-10-08T22:46:08.790343+00:00,104.00119154200002,1054,1791490686.68,descendente,0.9994693080006982,0.0,0.0,45838336,509476864,32210944,33451008,
105,2026-10-08T22:46:09.790444+00:00,105.00145709500066,1051,1791490686.26,principal,1.0001005009999062,0.0,0.0,23932928,32919552,14028800,14667776,
105,2026-10-08T22:46:09.790444+00:00,105.00145709500066,1052,1791490686.67,descendente,1.0001379080003971,0.0,0.0,11264000,19447808,5021696,5380096,
105,2026-10-08T22:46:09.790444+00:00,105.00145709500066,1053,1791490686.68,descendente,1.0001612860014575,0.0,0.0,45867008,509480960,32059392,33314816,
105,2026-10-08T22:46:09.790444+00:00,105.00145709500066,1054,1791490686.68,descendente,1.0004763809993165,0.0,0.0,45838336,509476864,32210944,33459200,
106,2026-10-08T22:46:10.790696+00:00,106.00169760800054,1051,1791490686.26,principal,1.0002520990001358,0.0,0.0,23932928,32919552,14028800,14667776,
106,2026-10-08T22:46:10.790696+00:00,106.00169760800054,1052,1791490686.67,descendente,1.0002144430000044,0.0,0.0,11264000,19447808,5021696,5380096,
106,2026-10-08T22:46:10.790696+00:00,106.00169760800054,1053,1791490686.68,descendente,1.0002249119988846,0.0,0.0,45867008,509480960,32059392,33314816,
106,2026-10-08T22:46:10.790696+00:00,106.00169760800054,1054,1791490686.68,descendente,0.9998878900005366,1.0001121225693257,0.5000560612846628,45838336,509476864,32210944,33459200,
107,2026-10-08T22:46:11.791149+00:00,107.00216362699939,1051,1791490686.26,principal,1.0004516119988693,0.0,0.0,23932928,32919552,14028800,14667776,
107,2026-10-08T22:46:11.791149+00:00,107.00216362699939,1052,1791490686.67,descendente,1.000499129999298,0.0,0.0,11264000,19447808,5021696,5380096,
107,2026-10-08T22:46:11.791149+00:00,107.00216362699939,1053,1791490686.68,descendente,1.0004605850008375,0.0,0.0,45867008,509480960,32059392,33314816,
107,2026-10-08T22:46:11.791149+00:00,107.00216362699939,1054,1791490686.68,descendente,1.000460352999653,0.0,0.0,45838336,509476864,32210944,33459200,
108,2026-10-08T22:46:12.790765+00:00,108.00146183300058,1051,1791490686.26,principal,0.9996175320011389,0.0,0.0,23932928,32919552,14028800,14644224,
108,2026-10-08T22:46:12.790765+00:00,108.00146183300058,1052,1791490686.67,descendente,0.9995782070000132,0.0,0.0,11264000,19447808,5021696,5364736,
108,2026-10-08T22:46:12.790765+00:00,108.00146183300058,1053,1791490686.68,descendente,0.9996774299997924,0.0,0.0,45867008,509480960,32059392,33286144,
108,2026-10-08T22:46:12.790765+00:00,108.00146183300058,1054,1791490686.68,descendente,0.9996993969998584,0.0,0.0,45838336,509476864,32210944,33429504,
109,2026-10-08T22:46:13.790266+00:00,109.00120504400002,1051,1791490686.26,principal,0.9995015089989465,0.0,0.0,23932928,32919552,14028800,14667776,
109,2026-10-08T22:46:13.790266+00:00,109.00120504400002,1052,1791490686.67,descendente,0.9994982850002998,0.0,0.0,11264000,19447808,5021696,5380096,
109,2026-10-08T22:46:13.790266+00:00,109.00120504400002,1053,1791490686.68,descendente,0.9993971839994629,1.0006031796066561,0.5003015898033281,45867008,509480960,32059392,33314816,
109,2026-10-08T22:46:13.790266+00:00,109.00120504400002,1054,1791490686.68,descendente,0.9994143940002687,0.0,0.0,45838336,509476864,32210944,33459200,
110,2026-10-08T22:46:14.913451+00:00,110.12438478500007,1051,1791490686.26,principal,1.1231875230005244,0.0,0.0,23932928,32919552,14028800,14667776,
110,2026-10-08T22:46:14.913451+00:00,110.12438478500007,1052,1791490686.67,descendente,1.1231948820004618,0.0,0.0,11264000,19447808,5021696,5380096,
110,2026-10-08T22:46:14.913451+00:00,110.12438478500007,1053,1791490686.68,descendente,1.1235468020004191,0.0,0.0,45867008,509480960,32059392,33314816,
110,2026-10-08T22:46:14.913451+00:00,110.12438478500007,1054,1791490686.68,descendente,1.1235422529989592,0.0,0.0,45838336,509476864,32210944,33459200,
111,2026-10-08T22:46:15.817203+00:00,111.02815148000082,1051,1791490686.26,principal,0.9037477430010767,0.0,0.0,23932928,32919552,14028800,14667776,
111,2026-10-08T22:46:15.817203+00:00,111.02815148000082,1052,1791490686.67,descendente,0.9037646399992809,0.0,0.0,11264000,19447808,5021696,5380096,
111,2026-10-08T22:46:15.817203+00:00,111.02815148000082,1053,1791490686.68,descendente,0.9034121439999581,0.0,0.0,45867008,509480960,32059392,33314816,
111,2026-10-08T22:46:15.817203+00:00,111.02815148000082,1054,1791490686.68,descendente,0.9033721699997841,0.0,0.0,45838336,509476864,32210944,33459200,
112,2026-10-08T22:46:16.791079+00:00,112.00202408400037,1051,1791490686.26,principal,0.9738814169995749,0.0,0.0,23932928,32919552,14028800,14667776,
112,2026-10-08T22:46:16.791079+00:00,112.00202408400037,1052,1791490686.67,descendente,0.973928170000363,0.0,0.0,11264000,19447808,5021696,5380096,
112,2026-10-08T22:46:16.791079+00:00,112.00202408400037,1053,1791490686.68,descendente,0.9739471659995615,0.0,0.0,45867008,509480960,32059392,33314816,
112,2026-10-08T22:46:16.791079+00:00,112.00202408400037,1054,1791490686.68,descendente,0.973966351000854,0.0,0.0,45838336,509476864,32210944,33459200,
113,2026-10-08T22:46:17.812042+00:00,113.02294722499937,1051,1791490686.26,principal,1.020959863999451,0.9794704329341946,0.4897352164670973,23932928,32919552,14028800,14656512,
113,2026-10-08T22:46:17.812042+00:00,113.02294722499937,1052,1791490686.67,descendente,1.0208819879990187,0.0,0.0,11264000,19447808,5021696,5378048,
113,2026-10-08T22:46:17.812042+00:00,113.02294722499937,1053,1791490686.68,descendente,1.020871516000625,0.0,0.0,45867008,509480960,32059392,33299456,
113,2026-10-08T22:46:17.812042+00:00,113.02294722499937,1054,1791490686.68,descendente,1.0208651180000743,0.9795613371133314,0.4897806685566657,45838336,509476864,32210944,33446912,
114,2026-10-08T22:46:18.869489+00:00,114.0804353629992,1051,1791490686.26,principal,1.0574461399992288,0.0,0.0,23932928,32919552,14028800,14667776,
114,2026-10-08T22:46:18.869489+00:00,114.0804353629992,1052,1791490686.67,descendente,1.0574416449999262,0.0,0.0,11264000,19447808,5021696,5380096,
114,2026-10-08T22:46:18.869489+00:00,114.0804353629992,1053,1791490686.68,descendente,1.0574368979996507,0.0,0.0,45867008,509480960,32059392,33314816,
114,2026-10-08T22:46:18.869489+00:00,114.0804353629992,1054,1791490686.68,descendente,1.0574246359992685,0.0,0.0,45838336,509476864,32210944,33459200,
115,2026-10-08T22:46:19.799847+00:00,115.01076000399917,1051,1791490686.26,principal,0.9303565810005239,0.0,0.0,23932928,32919552,14028800,14667776,
115,2026-10-08T22:46:19.799847+00:00,115.01076000399917,1052,1791490686.67,descendente,0.9303560839998681,0.0,0.0,11264000,19447808,5021696,5380096,
115,2026-10-08T22:46:19.799847+00:00,115.01076000399917,1053,1791490686.68,descendente,0.9303510549998464,0.0,0.0,45867008,509480960,32059392,33314816,
115,2026-10-08T22:46:19.799847+00:00,115.01076000399917,1054,1791490686.68,descendente,0.9303546410010313,0.0,0.0,45838336,509476864,32210944,33459200,
116,2026-10-08T22:46:20.919111+00:00,116.12989722199927,1051,1791490686.26,principal,1.119266363000861,0.0,0.0,23932928,32919552,14028800,14667776,
116,2026-10-08T22:46:20.919111+00:00,116.12989722199927,1052,1791490686.67,descendente,1.1193127750011627,0.0,0.0,11264000,19447808,5021696,5380096,
116,2026-10-08T22:46:20.919111+00:00,116.12989722199927,1053,1791490686.68,descendente,1.1193182730003173,0.0,0.0,45867008,509480960,32059392,33314816,
116,2026-10-08T22:46:20.919111+00:00,116.12989722199927,1054,1791490686.68,descendente,1.1193179439997039,0.0,0.0,45838336,509476864,32210944,33459200,
117,2026-10-08T22:46:21.790053+00:00,117.00074382000093,1051,1791490686.26,principal,0.8709415869998338,0.0,0.0,23932928,32919552,14028800,14659584,
117,2026-10-08T22:46:21.790053+00:00,117.00074382000093,1052,1791490686.67,descendente,0.871335834999627,0.0,0.0,11264000,19447808,5021696,5378048,
117,2026-10-08T22:46:21.790053+00:00,117.00074382000093,1053,1791490686.68,descendente,0.8713684680005827,0.0,0.0,45867008,509480960,32059392,33303552,
117,2026-10-08T22:46:21.790053+00:00,117.00074382000093,1054,1791490686.68,descendente,0.8714692499997909,0.0,0.0,45838336,509476864,32210944,33448960,
118,2026-10-08T22:46:22.793649+00:00,118.00466839699948,1051,1791490686.26,principal,1.0035922309998568,0.0,0.0,23932928,32919552,14028800,14667776,
118,2026-10-08T22:46:22.793649+00:00,118.00466839699948,1052,1791490686.67,descendente,1.00314634499955,0.0,0.0,11264000,19447808,5021696,5380096,
118,2026-10-08T22:46:22.793649+00:00,118.00466839699948,1053,1791490686.68,descendente,1.0031044309998833,0.0,0.0,45867008,509480960,32059392,33314816,
118,2026-10-08T22:46:22.793649+00:00,118.00466839699948,1054,1791490686.68,descendente,1.003007379000337,0.0,0.0,45838336,509476864,32210944,33459200,
119,2026-10-08T22:46:23.791019+00:00,119.00184488000014,1051,1791490686.26,principal,0.9973723250004696,0.0,0.0,23932928,32919552,14028800,14667776,
119,2026-10-08T22:46:23.791019+00:00,119.00184488000014,1052,1791490686.67,descendente,0.9974094730005163,0.0,0.0,11264000,19447808,5021696,5380096,
119,2026-10-08T22:46:23.791019+00:00,119.00184488000014,1053,1791490686.68,descendente,0.9974155299987615,0.0,0.0,45867008,509480960,32059392,33314816,
119,2026-10-08T22:46:23.791019+00:00,119.00184488000014,1054,1791490686.68,descendente,0.9974072219993104,0.0,0.0,45838336,509476864,32210944,33459200,
120,2026-10-08T22:46:24.801816+00:00,120.01225602600061,1051,1791490686.26,principal,1.0107967749991076,0.0,0.0,23932928,32919552,14028800,14667776,
120,2026-10-08T22:46:24.801816+00:00,120.01225602600061,1052,1791490686.67,descendente,1.010767890000352,0.0,0.0,11264000,19447808,5021696,5380096,
120,2026-10-08T22:46:24.801816+00:00,120.01225602600061,1053,1791490686.68,descendente,1.0107732880005642,0.0,0.0,45867008,509480960,32059392,33314816,
120,2026-10-08T22:46:24.801816+00:00,120.01225602600061,1054,1791490686.68,descendente,1.0107798210010515,0.0,0.0,45838336,509476864,32210944,33459200,
121,2026-10-08T22:46:25.790942+00:00,121.00177453099968,1051,1791490686.26,principal,0.9891287930004182,0.0,0.0,23932928,32919552,14028800,14667776,
121,2026-10-08T22:46:25.790942+00:00,121.00177453099968,1052,1791490686.67,descendente,0.989201315000173,0.0,0.0,11264000,19447808,5021696,5380096,
121,2026-10-08T22:46:25.790942+00:00,121.00177453099968,1053,1791490686.68,descendente,0.989213295000809,0.0,0.0,45867008,509480960,32059392,33314816,
121,2026-10-08T22:46:25.790942+00:00,121.00177453099968,1054,1791490686.68,descendente,0.9892333810003038,1.0108838007352827,0.5054419003676414,45838336,509476864,32210944,33459200,
122,2026-10-08T22:46:26.791041+00:00,122.00138219700057,1051,1791490686.26,principal,1.0001026549998642,0.0,0.0,23932928,32919552,14028800,14655488,
122,2026-10-08T22:46:26.791041+00:00,122.00138219700057,1052,1791490686.67,descendente,1.0000933129995246,0.0,0.0,11264000,19447808,5021696,5378048,
122,2026-10-08T22:46:26.791041+00:00,122.00138219700057,1053,1791490686.68,descendente,1.0000908369984245,0.0,0.0,45867008,509480960,32059392,33300480,
122,2026-10-08T22:46:26.791041+00:00,122.00138219700057,1054,1791490686.68,descendente,1.000440717998572,0.0,0.0,45838336,509476864,32210944,33447936,
123,2026-10-08T22:46:27.792321+00:00,123.00329532999967,1051,1791490686.26,principal,1.0012751880003634,0.0,0.0,23932928,32919552,14028800,14667776,
123,2026-10-08T22:46:27.792321+00:00,123.00329532999967,1052,1791490686.67,descendente,1.0012105699988751,0.0,0.0,11264000,19447808,5021696,5380096,
123,2026-10-08T22:46:27.792321+00:00,123.00329532999967,1053,1791490686.68,descendente,1.0011943760000577,1.997614097664685,0.9988070488323425,45867008,509480960,32059392,33314816,
123,2026-10-08T22:46:27.792321+00:00,123.00329532999967,1054,1791490686.68,descendente,1.0010949690004054,0.0,0.0,45838336,509476864,32210944,33459200,
124,2026-10-08T22:46:28.790848+00:00,124.0018228959998,1051,1791490686.26,principal,0.9985245269999723,0.0,0.0,23932928,32919552,14028800,14667776,
124,2026-10-08T22:46:28.790848+00:00,124.0018228959998,1052,1791490686.67,descendente,0.9985257250009454,0.0,0.0,11264000,19447808,5021696,5380096,
124,2026-10-08T22:46:28.790848+00:00,124.0018228959998,1053,1791490686.68,descendente,0.9987781090003409,0.0,0.0,45867008,509480960,32059392,33314816,
124,2026-10-08T22:46:28.790848+00:00,124.0018228959998,1054,1791490686.68,descendente,0.9985179239993158,0.0,0.0,45838336,509476864,32210944,33459200,
125,2026-10-08T22:46:29.794229+00:00,125.00513684799989,1051,1791490686.26,principal,1.0034176179997303,0.0,0.0,23932928,32919552,14028800,14667776,
125,2026-10-08T22:46:29.794229+00:00,125.00513684799989,1052,1791490686.67,descendente,1.0034216139993077,0.0,0.0,11264000,19447808,5021696,5380096,
125,2026-10-08T22:46:29.794229+00:00,125.00513684799989,1053,1791490686.68,descendente,1.0031725879998703,0.0,0.0,45867008,509480960,32059392,33314816,
125,2026-10-08T22:46:29.794229+00:00,125.00513684799989,1054,1791490686.68,descendente,1.0031621770012862,0.0,0.0,45838336,509476864,32210944,33459200,
126,2026-10-08T22:46:30.790475+00:00,126.00105491899922,1051,1791490686.26,principal,0.9962129169998661,0.0,0.0,23932928,32919552,14028800,14659584,
126,2026-10-08T22:46:30.790475+00:00,126.00105491899922,1052,1791490686.67,descendente,0.9962130820003949,0.0,0.0,11264000,19447808,5021696,5377024,
126,2026-10-08T22:46:30.790475+00:00,126.00105491899922,1053,1791490686.68,descendente,0.9962198709999939,0.0,0.0,45867008,509480960,32059392,33303552,
126,2026-10-08T22:46:30.790475+00:00,126.00105491899922,1054,1791490686.68,descendente,0.9962476759992569,0.0,0.0,45838336,509476864,32210944,33448960,
127,2026-10-08T22:46:31.789174+00:00,127.00023907099967,1051,1791490686.26,principal,0.9986956140000984,0.0,0.0,23932928,32919552,14028800,14667776,
127,2026-10-08T22:46:31.789174+00:00,127.00023907099967,1052,1791490686.67,descendente,0.9986881160002667,0.0,0.0,11264000,19447808,5021696,5380096,
127,2026-10-08T22:46:31.789174+00:00,127.00023907099967,1053,1791490686.68,descendente,0.9986766900001385,0.0,0.0,45867008,509480960,32059392,33314816,
127,2026-10-08T22:46:31.789174+00:00,127.00023907099967,1054,1791490686.68,descendente,0.9986441119999654,0.0,0.0,45838336,509476864,32210944,33459200,
128,2026-10-08T22:46:32.789868+00:00,128.00079212700075,1051,1791490686.26,principal,1.0006972810006118,0.0,0.0,23932928,32919552,14028800,14667776,
128,2026-10-08T22:46:32.789868+00:00,128.00079212700075,1052,1791490686.67,descendente,1.0007052359997033,0.0,0.0,11264000,19447808,5021696,5380096,
128,2026-10-08T22:46:32.789868+00:00,128.00079212700075,1053,1791490686.68,descendente,1.0007160040004237,0.0,0.0,45867008,509480960,32059392,33314816,
128,2026-10-08T22:46:32.789868+00:00,128.00079212700075,1054,1791490686.68,descendente,1.0007206780010165,0.0,0.0,45838336,509476864,32210944,33459200,
129,2026-10-08T22:46:33.789509+00:00,129.00028338599986,1051,1791490686.26,principal,0.9996396409987938,0.0,0.0,23932928,32919552,14028800,14667776,
129,2026-10-08T22:46:33.789509+00:00,129.00028338599986,1052,1791490686.67,descendente,0.9996281910007383,0.0,0.0,11264000,19447808,5021696,5380096,
129,2026-10-08T22:46:33.789509+00:00,129.00028338599986,1053,1791490686.68,descendente,0.9996126480000385,0.0,0.0,45867008,509480960,32059392,33314816,
129,2026-10-08T22:46:33.789509+00:00,129.00028338599986,1054,1791490686.68,descendente,0.9996006869987468,0.0,0.0,45838336,509476864,32210944,33459200,
130,2026-10-08T22:46:34.790732+00:00,130.00117953100016,1051,1791490686.26,principal,1.0012263130010979,0.0,0.0,23932928,32919552,14028800,14659584,
130,2026-10-08T22:46:34.790732+00:00,130.00117953100016,1052,1791490686.67,descendente,1.00123325200002,0.0,0.0,11264000,19447808,5021696,5379072,
130,2026-10-08T22:46:34.790732+00:00,130.00117953100016,1053,1791490686.68,descendente,1.0012449610003387,0.0,0.0,45867008,509480960,32059392,33305600,
130,2026-10-08T22:46:34.790732+00:00,130.00117953100016,1054,1791490686.68,descendente,1.0016915760006668,0.9983112805963492,0.4991556402981746,45838336,509476864,32210944,33451008,
131,2026-10-08T22:46:35.793619+00:00,131.0042594360002,1051,1791490686.26,principal,1.0028898079999635,0.0,0.0,23932928,32919552,14028800,14667776,
131,2026-10-08T22:46:35.793619+00:00,131.0042594360002,1052,1791490686.67,descendente,1.0029453499992087,0.0,0.0,11264000,19447808,5021696,5380096,
131,2026-10-08T22:46:35.793619+00:00,131.0042594360002,1053,1791490686.68,descendente,1.0031773709997651,0.0,0.0,45867008,509480960,32059392,33314816,
131,2026-10-08T22:46:35.793619+00:00,131.0042594360002,1054,1791490686.68,descendente,1.003038466000362,0.0,0.0,45838336,509476864,32210944,33459200,
132,2026-10-08T22:46:36.788989+00:00,132.0000943590003,1051,1791490686.26,principal,0.9953611959990667,0.0,0.0,23932928,32919552,14028800,14667776,
132,2026-10-08T22:46:36.788989+00:00,132.0000943590003,1052,1791490686.67,descendente,0.9952975920004974,0.0,0.0,11264000,19447808,5021696,5380096,
132,2026-10-08T22:46:36.788989+00:00,132.0000943590003,1053,1791490686.68,descendente,0.9950572329998977,0.0,0.0,45867008,509480960,32059392,33314816,
132,2026-10-08T22:46:36.788989+00:00,132.0000943590003,1054,1791490686.68,descendente,0.9947547709998616,0.0,0.0,45838336,509476864,32210944,33459200,
133,2026-10-08T22:46:37.790432+00:00,133.00148102899948,1051,1791490686.26,principal,1.0014446460008912,0.0,0.0,23932928,32919552,14028800,14667776,
133,2026-10-08T22:46:37.790432+00:00,133.00148102899948,1052,1791490686.67,descendente,1.0014543380002578,0.0,0.0,11264000,19447808,5021696,5380096,
133,2026-10-08T22:46:37.790432+00:00,133.00148102899948,1053,1791490686.68,descendente,1.001457730999391,0.0,0.0,45867008,509480960,32059392,33314816,
133,2026-10-08T22:46:37.790432+00:00,133.00148102899948,1054,1791490686.68,descendente,1.0017332669995085,0.0,0.0,45838336,509476864,32210944,33459200,
134,2026-10-08T22:46:38.790985+00:00,134.0017405870003,1051,1791490686.26,principal,1.0005552229995374,0.0,0.0,23932928,32919552,14028800,14667776,
134,2026-10-08T22:46:38.790985+00:00,134.0017405870003,1052,1791490686.67,descendente,1.0005539119993045,0.0,0.0,11264000,19447808,5021696,5380096,
134,2026-10-08T22:46:38.790985+00:00,134.0017405870003,1053,1791490686.68,descendente,1.0007982719998836,0.0,0.0,45867008,509480960,32059392,33314816,
134,2026-10-08T22:46:38.790985+00:00,134.0017405870003,1054,1791490686.68,descendente,1.0005708709995815,0.0,0.0,45838336,509476864,32210944,33459200,
135,2026-10-08T22:46:39.790805+00:00,135.00133330899916,1051,1791490686.26,principal,0.999818836000486,0.0,0.0,23932928,32919552,14028800,14659584,
135,2026-10-08T22:46:39.790805+00:00,135.00133330899916,1052,1791490686.67,descendente,0.9999835560010979,0.0,0.0,11264000,19447808,5021696,5378048,
135,2026-10-08T22:46:39.790805+00:00,135.00133330899916,1053,1791490686.68,descendente,0.9999444860004587,0.0,0.0,45867008,509480960,32059392,33304576,
135,2026-10-08T22:46:39.790805+00:00,135.00133330899916,1054,1791490686.68,descendente,0.9999399210009869,0.0,0.0,45838336,509476864,32210944,33449984,
136,2026-10-08T22:46:40.790240+00:00,136.00116870000056,1051,1791490686.26,principal,0.9994383590001235,0.0,0.0,23932928,32919552,14028800,14667776,
136,2026-10-08T22:46:40.790240+00:00,136.00116870000056,1052,1791490686.67,descendente,0.9992860249985824,0.0,0.0,11264000,19447808,5021696,5380096,
136,2026-10-08T22:46:40.790240+00:00,136.00116870000056,1053,1791490686.68,descendente,0.9990909900006955,0.0,0.0,45867008,509480960,32059392,33314816,
136,2026-10-08T22:46:40.790240+00:00,136.00116870000056,1054,1791490686.68,descendente,0.9991890130004322,0.0,0.0,45838336,509476864,32210944,33459200,
137,2026-10-08T22:46:41.790814+00:00,137.0016514229992,1051,1791490686.26,principal,1.0005746589995397,0.9994256710437424,0.4997128355218712,23932928,32919552,14028800,14667776,
137,2026-10-08T22:46:41.790814+00:00,137.0016514229992,1052,1791490686.67,descendente,1.000576448001084,0.0,0.0,11264000,19447808,5021696,5380096,
137,2026-10-08T22:46:41.790814+00:00,137.0016514229992,1053,1791490686.68,descendente,1.0005839629993716,0.0,0.0,45867008,509480960,32059392,33314816,
137,2026-10-08T22:46:41.790814+00:00,137.0016514229992,1054,1791490686.68,descendente,1.0004987209995306,0.0,0.0,45838336,509476864,32210944,33459200,
138,2026-10-08T22:46:42.790568+00:00,138.0015830730008,1051,1791490686.26,principal,0.999748735999674,0.0,0.0,23932928,32919552,14028800,14667776,
138,2026-10-08T22:46:42.790568+00:00,138.0015830730008,1052,1791490686.67,descendente,0.9997347179996723,0.0,0.0,11264000,19447808,5021696,5380096,
138,2026-10-08T22:46:42.790568+00:00,138.0015830730008,1053,1791490686.68,descendente,0.9997183220002626,0.0,0.0,45867008,509480960,32059392,33314816,
138,2026-10-08T22:46:42.790568+00:00,138.0015830730008,1054,1791490686.68,descendente,0.9997422399992502,0.0,0.0,45838336,509476864,32210944,33459200,
139,2026-10-08T22:46:43.790350+00:00,139.00123895400066,1051,1791490686.26,principal,0.9997819140007778,0.0,0.0,23932928,32919552,14028800,14658560,
139,2026-10-08T22:46:43.790350+00:00,139.00123895400066,1052,1791490686.67,descendente,0.9998863870005152,0.0,0.0,11264000,19447808,5021696,5377024,
139,2026-10-08T22:46:43.790350+00:00,139.00123895400066,1053,1791490686.68,descendente,0.9998889199996484,0.0,0.0,45867008,509480960,32059392,33303552,
139,2026-10-08T22:46:43.790350+00:00,139.00123895400066,1054,1791490686.68,descendente,0.9999428900009661,0.0,0.0,45838336,509476864,32210944,33448960,
140,2026-10-08T22:46:44.886570+00:00,140.09761522900044,1051,1791490686.26,principal,1.096221230998708,0.0,0.0,23932928,32919552,14028800,14667776,
140,2026-10-08T22:46:44.886570+00:00,140.09761522900044,1052,1791490686.67,descendente,1.096115310998357,0.0,0.0,11264000,19447808,5021696,5380096,
140,2026-10-08T22:46:44.886570+00:00,140.09761522900044,1053,1791490686.68,descendente,1.0961120690008102,0.912315472368968,0.456157736184484,45867008,509480960,32059392,33314816,
140,2026-10-08T22:46:44.886570+00:00,140.09761522900044,1054,1791490686.68,descendente,1.0960851979998552,0.0,0.0,45838336,509476864,32210944,33459200,
141,2026-10-08T22:46:45.797033+00:00,141.00764775800053,1051,1791490686.26,principal,0.9104668640011369,0.0,0.0,23932928,32919552,14028800,14667776,
141,2026-10-08T22:46:45.797033+00:00,141.00764775800053,1052,1791490686.67,descendente,0.9104637550008192,0.0,0.0,11264000,19447808,5021696,5380096,
141,2026-10-08T22:46:45.797033+00:00,141.00764775800053,1053,1791490686.68,descendente,0.9104978249997657,0.0,0.0,45867008,509480960,32059392,33314816,
141,2026-10-08T22:46:45.797033+00:00,141.00764775800053,1054,1791490686.68,descendente,0.9103926280004089,0.0,0.0,45838336,509476864,32210944,33459200,
142,2026-10-08T22:46:46.806746+00:00,142.01776281099956,1051,1791490686.26,principal,1.009706943999845,0.0,0.0,23932928,32919552,14028800,14667776,
142,2026-10-08T22:46:46.806746+00:00,142.01776281099956,1052,1791490686.67,descendente,1.0097022370009654,0.0,0.0,11264000,19447808,5021696,5380096,
142,2026-10-08T22:46:46.806746+00:00,142.01776281099956,1053,1791490686.68,descendente,1.009663269000157,0.0,0.0,45867008,509480960,32059392,33314816,
142,2026-10-08T22:46:46.806746+00:00,142.01776281099956,1054,1791490686.68,descendente,1.0096985319996747,0.9903946260276763,0.4951973130138381,45838336,509476864,32210944,33459200,
143,2026-10-08T22:46:47.791096+00:00,143.00192340799913,1051,1791490686.26,principal,0.9843531679998705,0.0,0.0,23932928,32919552,14028800,14667776,
143,2026-10-08T22:46:47.791096+00:00,143.00192340799913,1052,1791490686.67,descendente,0.9844362719995843,0.0,0.0,11264000,19447808,5021696,5380096,
143,2026-10-08T22:46:47.791096+00:00,143.00192340799913,1053,1791490686.68,descendente,0.9844589280000946,0.0,0.0,45867008,509480960,32059392,33314816,
143,2026-10-08T22:46:47.791096+00:00,143.00192340799913,1054,1791490686.68,descendente,0.9844410669993522,0.0,0.0,45838336,509476864,32210944,33459200,
144,2026-10-08T22:46:48.790276+00:00,144.00101067600008,1051,1791490686.26,principal,0.9991902799993113,0.0,0.0,23932928,32919552,14028800,14667776,
144,2026-10-08T22:46:48.790276+00:00,144.00101067600008,1052,1791490686.67,descendente,0.9991439759996865,0.0,0.0,11264000,19447808,5021696,5380096,
144,2026-10-08T22:46:48.790276+00:00,144.00101067600008,1053,1791490686.68,descendente,0.9991436829986924,1.0008570509083725,0.5004285254541863,45867008,509480960,32059392,33314816,
144,2026-10-08T22:46:48.790276+00:00,144.00101067600008,1054,1791490686.68,descendente,0.9992563190007786,0.0,0.0,45838336,509476864,32210944,33459200,
145,2026-10-08T22:46:49.920443+00:00,145.13138347899985,1051,1791490686.26,principal,1.1301552590011852,0.0,0.0,23932928,32919552,14028800,14667776,
145,2026-10-08T22:46:49.920443+00:00,145.13138347899985,1052,1791490686.67,descendente,1.130122857999595,0.0,0.0,11264000,19447808,5021696,5380096,
145,2026-10-08T22:46:49.920443+00:00,145.13138347899985,1053,1791490686.68,descendente,1.1301058620010735,0.0,0.0,45867008,509480960,32059392,33314816,
145,2026-10-08T22:46:49.920443+00:00,145.13138347899985,1054,1791490686.68,descendente,1.1299783129998104,0.0,0.0,45838336,509476864,32210944,33459200,
146,2026-10-08T22:46:50.789909+00:00,146.00091356700068,1051,1791490686.26,principal,0.8694653189995734,0.0,0.0,23932928,32919552,14028800,14667776,
146,2026-10-08T22:46:50.789909+00:00,146.00091356700068,1052,1791490686.67,descendente,0.8694751729999552,0.0,0.0,11264000,19447808,5021696,5380096,
146,2026-10-08T22:46:50.789909+00:00,146.00091356700068,1053,1791490686.68,descendente,0.8694763679995958,0.0,0.0,45867008,509480960,32059392,33314816,
146,2026-10-08T22:46:50.789909+00:00,146.00091356700068,1054,1791490686.68,descendente,0.8694783390001248,0.0,0.0,45838336,509476864,32210944,33459200,
147,2026-10-08T22:46:51.790794+00:00,147.00174161299947,1051,1791490686.26,principal,1.000889744000233,0.0,0.0,23932928,32919552,14028800,14667776,
147,2026-10-08T22:46:51.790794+00:00,147.00174161299947,1052,1791490686.67,descendente,1.0008916019996832,0.0,0.0,11264000,19447808,5021696,5380096,
147,2026-10-08T22:46:51.790794+00:00,147.00174161299947,1053,1791490686.68,descendente,1.0009669650007709,0.0,0.0,45867008,509480960,32059392,33314816,
147,2026-10-08T22:46:51.790794+00:00,147.00174161299947,1054,1791490686.68,descendente,1.0009912079985952,0.9990097735216117,0.49950488676080584,45838336,509476864,32210944,33459200,
148,2026-10-08T22:46:52.791817+00:00,148.00235918600083,1051,1791490686.26,principal,1.0010215089987469,0.0,0.0,23932928,32919552,14028800,14658560,
148,2026-10-08T22:46:52.791817+00:00,148.00235918600083,1052,1791490686.67,descendente,1.0010168720000365,0.0,0.0,11264000,19447808,5021696,5378048,
148,2026-10-08T22:46:52.791817+00:00,148.00235918600083,1053,1791490686.68,descendente,1.000945886999034,0.0,0.0,45867008,509480960,32059392,33303552,
148,2026-10-08T22:46:52.791817+00:00,148.00235918600083,1054,1791490686.68,descendente,1.0009307230011473,0.0,0.0,45838336,509476864,32210944,33449984,
149,2026-10-08T22:46:53.790926+00:00,149.00190717899932,1051,1791490686.26,principal,0.9991067770006339,0.0,0.0,23932928,32919552,14028800,14667776,
149,2026-10-08T22:46:53.790926+00:00,149.00190717899932,1052,1791490686.67,descendente,0.9990981880000618,0.0,0.0,11264000,19447808,5021696,5380096,
149,2026-10-08T22:46:53.790926+00:00,149.00190717899932,1053,1791490686.68,descendente,0.999124773999938,0.0,0.0,45867008,509480960,32059392,33314816,
149,2026-10-08T22:46:53.790926+00:00,149.00190717899932,1054,1791490686.68,descendente,0.9991126120003173,0.0,0.0,45838336,509476864,32210944,33459200,
150,2026-10-08T22:46:54.792700+00:00,150.00360767299935,1051,1791490686.26,principal,1.0017743909993442,0.0,0.0,23932928,32919552,14028800,14667776,
150,2026-10-08T22:46:54.792700+00:00,150.00360767299935,1052,1791490686.67,descendente,1.0018172729996877,0.0,0.0,11264000,19447808,5021696,5380096,
150,2026-10-08T22:46:54.792700+00:00,150.00360767299935,1053,1791490686.68,descendente,1.0017871630006994,0.9982160252534735,0.49910801262673676,45867008,509480960,32059392,33314816,
150,2026-10-08T22:46:54.792700+00:00,150.00360767299935,1054,1791490686.68,descendente,1.002155901000151,0.0,0.0,45838336,509476864,32210944,33459200,
151,2026-10-08T22:46:55.789429+00:00,151.0004342730008,1051,1791490686.26,principal,0.9967307260012603,0.0,0.0,23932928,32919552,14028800,14667776,
151,2026-10-08T22:46:55.789429+00:00,151.0004342730008,1052,1791490686.67,descendente,0.997055101001024,0.0,0.0,11264000,19447808,5021696,5380096,
151,2026-10-08T22:46:55.789429+00:00,151.0004342730008,1053,1791490686.68,descendente,0.9970681909999257,0.0,0.0,45867008,509480960,32059392,33314816,
151,2026-10-08T22:46:55.789429+00:00,151.0004342730008,1054,1791490686.68,descendente,0.9967038839986344,0.0,0.0,45838336,509476864,32210944,33459200,
152,2026-10-08T22:46:56.791142+00:00,152.00160722100009,1051,1791490686.26,principal,1.0017129799998656,0.0,0.0,23932928,32919552,14028800,14657536,
152,2026-10-08T22:46:56.791142+00:00,152.00160722100009,1052,1791490686.67,descendente,1.0014031499995326,0.0,0.0,11264000,19447808,5021696,5378048,
152,2026-10-08T22:46:56.791142+00:00,152.00160722100009,1053,1791490686.68,descendente,1.0014035280000826,0.0,0.0,45867008,509480960,32059392,33299456,
152,2026-10-08T22:46:56.791142+00:00,152.00160722100009,1054,1791490686.68,descendente,1.0014112629996816,0.0,0.0,45838336,509476864,32210944,33446912,
153,2026-10-08T22:46:57.821891+00:00,153.03291924299992,1051,1791490686.26,principal,1.0307445689995802,0.0,0.0,23932928,32919552,14028800,14666752,
153,2026-10-08T22:46:57.821891+00:00,153.03291924299992,1052,1791490686.67,descendente,1.0306862340003136,0.0,0.0,11264000,19447808,5021696,5379072,
153,2026-10-08T22:46:57.821891+00:00,153.03291924299992,1053,1791490686.68,descendente,1.0306705999992118,0.0,0.0,45867008,509480960,32059392,33308672,
153,2026-10-08T22:46:57.821891+00:00,153.03291924299992,1054,1791490686.68,descendente,1.0306628070011357,0.0,0.0,45838336,509476864,32210944,33453056,
154,2026-10-08T22:46:58.879487+00:00,154.09054592599932,1051,1791490686.26,principal,1.0575962210004946,0.0,0.0,23932928,32919552,14028800,14667776,
154,2026-10-08T22:46:58.879487+00:00,154.09054592599932,1052,1791490686.67,descendente,1.0576284140006464,0.0,0.0,11264000,19447808,5021696,5380096,
154,2026-10-08T22:46:58.879487+00:00,154.09054592599932,1053,1791490686.68,descendente,1.0576248390007095,0.0,0.0,45867008,509480960,32059392,33314816,
154,2026-10-08T22:46:58.879487+00:00,154.09054592599932,1054,1791490686.68,descendente,1.0576139209988469,0.0,0.0,45838336,509476864,32210944,33459200,
155,2026-10-08T22:46:59.789792+00:00,155.00062014399919,1051,1791490686.26,principal,0.9103069669999968,0.0,0.0,23932928,32919552,14028800,14667776,
155,2026-10-08T22:46:59.789792+00:00,155.00062014399919,1052,1791490686.67,descendente,0.9102798959993379,0.0,0.0,11264000,19447808,5021696,5380096,
155,2026-10-08T22:46:59.789792+00:00,155.00062014399919,1053,1791490686.68,descendente,0.9102826429989364,0.0,0.0,45867008,509480960,32059392,33314816,
155,2026-10-08T22:46:59.789792+00:00,155.00062014399919,1054,1791490686.68,descendente,0.9102916500014544,0.0,0.0,45838336,509476864,32210944,33459200,
156,2026-10-08T22:47:00.790751+00:00,156.00142359500023,1051,1791490686.26,principal,1.0009604440001567,0.0,0.0,23932928,32919552,14028800,14657536,
156,2026-10-08T22:47:00.790751+00:00,156.00142359500023,1052,1791490686.67,descendente,1.000960175999353,0.0,0.0,11264000,19447808,5021696,5376000,
156,2026-10-08T22:47:00.790751+00:00,156.00142359500023,1053,1791490686.68,descendente,1.0010765360002551,0.0,0.0,45867008,509480960,32059392,33302528,
156,2026-10-08T22:47:00.790751+00:00,156.00142359500023,1054,1791490686.68,descendente,1.0011131419996673,0.0,0.0,45838336,509476864,32210944,33448960,
157,2026-10-08T22:47:01.793818+00:00,157.00480606999918,1051,1791490686.26,principal,1.0030680330000905,0.0,0.0,23932928,32919552,14028800,14667776,
157,2026-10-08T22:47:01.793818+00:00,157.00480606999918,1052,1791490686.67,descendente,1.0030924239999877,0.0,0.0,11264000,19447808,5021696,5380096,
157,2026-10-08T22:47:01.793818+00:00,157.00480606999918,1053,1791490686.68,descendente,1.0029881299997214,0.0,0.0,45867008,509480960,32059392,33314816,
157,2026-10-08T22:47:01.793818+00:00,157.00480606999918,1054,1791490686.68,descendente,1.0029669199993805,0.0,0.0,45838336,509476864,32210944,33459200,
158,2026-10-08T22:47:02.796874+00:00,158.0079060450007,1051,1791490686.26,principal,1.0030537029997504,0.0,0.0,23932928,32919552,14028800,14667776,
158,2026-10-08T22:47:02.796874+00:00,158.0079060450007,1052,1791490686.67,descendente,1.0030293360014184,0.0,0.0,11264000,19447808,5021696,5380096,
158,2026-10-08T22:47:02.796874+00:00,158.0079060450007,1053,1791490686.68,descendente,1.0030199760003597,0.0,0.0,45867008,509480960,32059392,33314816,
158,2026-10-08T22:47:02.796874+00:00,158.0079060450007,1054,1791490686.68,descendente,1.0030050830009714,0.9970039204665054,0.4985019602332527,45838336,509476864,32210944,33459200,
159,2026-10-08T22:47:03.790437+00:00,159.00146023900015,1051,1791490686.26,principal,0.9935635530000582,0.0,0.0,23932928,32919552,14028800,14667776,
159,2026-10-08T22:47:03.790437+00:00,159.00146023900015,1052,1791490686.67,descendente,0.9935634849989583,0.0,0.0,11264000,19447808,5021696,5380096,
159,2026-10-08T22:47:03.790437+00:00,159.00146023900015,1053,1791490686.68,descendente,0.9935645400000794,0.0,0.0,45867008,509480960,32059392,33314816,
159,2026-10-08T22:47:03.790437+00:00,159.00146023900015,1054,1791490686.68,descendente,0.9938205069993273,0.0,0.0,45838336,509476864,32210944,33459200,
160,2026-10-08T22:47:04.795596+00:00,160.00638860099934,1051,1791490686.26,principal,1.0051703049994103,0.0,0.0,23932928,32919552,14028800,14631936,
160,2026-10-08T22:47:04.795596+00:00,160.00638860099934,1052,1791490686.67,descendente,1.0051974119996885,0.0,0.0,11264000,19447808,5021696,5359616,
160,2026-10-08T22:47:04.795596+00:00,160.00638860099934,1053,1791490686.68,descendente,1.005221667999649,0.0,0.0,45867008,509480960,32059392,33270784,
160,2026-10-08T22:47:04.795596+00:00,160.00638860099934,1054,1791490686.68,descendente,1.0050027220004267,0.0,0.0,45838336,509476864,32210944,33414144,
161,2026-10-08T22:47:05.789923+00:00,161.00097323599948,1051,1791490686.26,principal,0.994312558999809,0.0,0.0,23932928,32919552,14028800,14667776,
161,2026-10-08T22:47:05.789923+00:00,161.00097323599948,1052,1791490686.67,descendente,0.9942811070013704,0.0,0.0,11264000,19447808,5021696,5380096,
161,2026-10-08T22:47:05.789923+00:00,161.00097323599948,1053,1791490686.68,descendente,0.9942487260013877,0.0,0.0,45867008,509480960,32059392,33314816,
161,2026-10-08T22:47:05.789923+00:00,161.00097323599948,1054,1791490686.68,descendente,0.9942029929989076,0.0,0.0,45838336,509476864,32210944,33459200,
162,2026-10-08T22:47:06.794481+00:00,162.0054072139992,1051,1791490686.26,principal,1.0045612230005645,0.0,0.0,23932928,32919552,14028800,14667776,
162,2026-10-08T22:47:06.794481+00:00,162.0054072139992,1052,1791490686.67,descendente,1.004571801999191,0.0,0.0,11264000,19447808,5021696,5380096,
162,2026-10-08T22:47:06.794481+00:00,162.0054072139992,1053,1791490686.68,descendente,1.0045762279987684,0.0,0.0,45867008,509480960,32059392,33314816,
162,2026-10-08T22:47:06.794481+00:00,162.0054072139992,1054,1791490686.68,descendente,1.0045914400016045,0.0,0.0,45838336,509476864,32210944,33459200,
163,2026-10-08T22:47:07.792156+00:00,163.00315161099934,1051,1791490686.26,principal,0.9976739079993422,0.0,0.0,23932928,32919552,14028800,14667776,
163,2026-10-08T22:47:07.792156+00:00,163.00315161099934,1052,1791490686.67,descendente,0.9976741919999768,0.0,0.0,11264000,19447808,5021696,5380096,
163,2026-10-08T22:47:07.792156+00:00,163.00315161099934,1053,1791490686.68,descendente,0.9976771700003155,1.0023282381000802,0.5011641190500401,45867008,509480960,32059392,33314816,
163,2026-10-08T22:47:07.792156+00:00,163.00315161099934,1054,1791490686.68,descendente,0.997674502999871,0.0,0.0,45838336,509476864,32210944,33459200,
164,2026-10-08T22:47:08.789419+00:00,164.0003586139992,1051,1791490686.26,principal,0.9972651110001607,1.002742389129771,0.5013711945648855,23932928,32919552,14028800,14667776,
164,2026-10-08T22:47:08.789419+00:00,164.0003586139992,1052,1791490686.67,descendente,0.9972584709994408,0.0,0.0,11264000,19447808,5021696,5380096,
164,2026-10-08T22:47:08.789419+00:00,164.0003586139992,1053,1791490686.68,descendente,0.997257699000329,0.0,0.0,45867008,509480960,32059392,33314816,
164,2026-10-08T22:47:08.789419+00:00,164.0003586139992,1054,1791490686.68,descendente,0.9972550419988693,0.0,0.0,45838336,509476864,32210944,33459200,
165,2026-10-08T22:47:09.790884+00:00,165.00156951700046,1051,1791490686.26,principal,1.0014637740005128,0.0,0.0,23932928,32919552,14028800,14654464,
165,2026-10-08T22:47:09.790884+00:00,165.00156951700046,1052,1791490686.67,descendente,1.0014601190014218,0.0,0.0,11264000,19447808,5021696,5378048,
165,2026-10-08T22:47:09.790884+00:00,165.00156951700046,1053,1791490686.68,descendente,1.001489792999564,0.0,0.0,45867008,509480960,32059392,33304576,
165,2026-10-08T22:47:09.790884+00:00,165.00156951700046,1054,1791490686.68,descendente,1.0015133340002649,0.9984889527194724,0.4992444763597362,45838336,509476864,32210944,33451008,
166,2026-10-08T22:47:10.830305+00:00,166.0412711989993,1051,1791490686.26,principal,1.0394199439997465,0.0,0.0,23932928,32919552,14028800,14667776,
166,2026-10-08T22:47:10.830305+00:00,166.0412711989993,1052,1791490686.67,descendente,1.0394213689996832,0.0,0.0,11264000,19447808,5021696,5380096,
166,2026-10-08T22:47:10.830305+00:00,166.0412711989993,1053,1791490686.68,descendente,1.0393922309995105,0.0,0.0,45867008,509480960,32059392,33314816,
166,2026-10-08T22:47:10.830305+00:00,166.0412711989993,1054,1791490686.68,descendente,1.0393671319998248,0.0,0.0,45838336,509476864,32210944,33459200,
167,2026-10-08T22:47:11.804702+00:00,167.01568504200077,1051,1791490686.26,principal,0.9743956179991073,0.0,0.0,23932928,32919552,14028800,14667776,
167,2026-10-08T22:47:11.804702+00:00,167.01568504200077,1052,1791490686.67,descendente,0.9744270829996822,0.0,0.0,11264000,19447808,5021696,5380096,
167,2026-10-08T22:47:11.804702+00:00,167.01568504200077,1053,1791490686.68,descendente,0.9744238300008874,0.0,0.0,45867008,509480960,32059392,33314816,
167,2026-10-08T22:47:11.804702+00:00,167.01568504200077,1054,1791490686.68,descendente,0.9744557760004682,0.0,0.0,45838336,509476864,32210944,33459200,
168,2026-10-08T22:47:12.790217+00:00,168.00106611299998,1051,1791490686.26,principal,0.9855196420012362,0.0,0.0,23932928,32919552,14028800,14667776,
168,2026-10-08T22:47:12.790217+00:00,168.00106611299998,1052,1791490686.67,descendente,0.9854930319997948,0.0,0.0,11264000,19447808,5021696,5380096,
168,2026-10-08T22:47:12.790217+00:00,168.00106611299998,1053,1791490686.68,descendente,0.985495703000197,0.0,0.0,45867008,509480960,32059392,33314816,
168,2026-10-08T22:47:12.790217+00:00,168.00106611299998,1054,1791490686.68,descendente,0.9854628480006795,0.0,0.0,45838336,509476864,32210944,33459200,
169,2026-10-08T22:47:13.790289+00:00,169.001200187,1051,1791490686.26,principal,1.0000731269992684,0.0,0.0,23932928,32919552,14028800,14641152,
169,2026-10-08T22:47:13.790289+00:00,169.001200187,1052,1791490686.67,descendente,1.0000723670000298,0.0,0.0,11264000,19447808,5021696,5361664,
169,2026-10-08T22:47:13.790289+00:00,169.001200187,1053,1791490686.68,descendente,1.0000761930004956,0.9999238128049471,0.49996190640247357,45867008,509480960,32059392,33283072,
169,2026-10-08T22:47:13.790289+00:00,169.001200187,1054,1791490686.68,descendente,1.0000867989983817,0.0,0.0,45838336,509476864,32210944,33428480,
170,2026-10-08T22:47:14.790856+00:00,170.00182867299918,1051,1791490686.26,principal,1.0005621569998766,0.0,0.0,23932928,32919552,14028800,14667776,
170,2026-10-08T22:47:14.790856+00:00,170.00182867299918,1052,1791490686.67,descendente,1.0005612009990728,0.0,0.0,11264000,19447808,5021696,5380096,
170,2026-10-08T22:47:14.790856+00:00,170.00182867299918,1053,1791490686.68,descendente,1.0005545519998122,0.0,0.0,45867008,509480960,32059392,33314816,
170,2026-10-08T22:47:14.790856+00:00,170.00182867299918,1054,1791490686.68,descendente,1.0006872510002722,0.0,0.0,45838336,509476864,32210944,33459200,
171,2026-10-08T22:47:15.876369+00:00,171.08740725499956,1051,1791490686.26,principal,1.0855131400003302,0.0,0.0,23932928,32919552,14028800,14667776,
171,2026-10-08T22:47:15.876369+00:00,171.08740725499956,1052,1791490686.67,descendente,1.0855113490015356,0.0,0.0,11264000,19447808,5021696,5380096,
171,2026-10-08T22:47:15.876369+00:00,171.08740725499956,1053,1791490686.68,descendente,1.0855115249996743,0.0,0.0,45867008,509480960,32059392,33314816,
171,2026-10-08T22:47:15.876369+00:00,171.08740725499956,1054,1791490686.68,descendente,1.085373124000398,0.0,0.0,45838336,509476864,32210944,33459200,
172,2026-10-08T22:47:16.824575+00:00,172.03523532700092,1051,1791490686.26,principal,0.9482064540006832,0.0,0.0,23932928,32919552,14028800,14667776,
172,2026-10-08T22:47:16.824575+00:00,172.03523532700092,1052,1791490686.67,descendente,0.9482408779986145,0.0,0.0,11264000,19447808,5021696,5380096,
172,2026-10-08T22:47:16.824575+00:00,172.03523532700092,1053,1791490686.68,descendente,0.9482411280005181,0.0,0.0,45867008,509480960,32059392,33314816,
172,2026-10-08T22:47:16.824575+00:00,172.03523532700092,1054,1791490686.68,descendente,0.9482294330009609,0.0,0.0,45838336,509476864,32210944,33459200,
173,2026-10-08T22:47:17.790275+00:00,173.00099235000016,1051,1791490686.26,principal,0.9657027189987275,0.0,0.0,23932928,32919552,14028800,14667776,
173,2026-10-08T22:47:17.790275+00:00,173.00099235000016,1052,1791490686.67,descendente,0.9656766260013683,0.0,0.0,11264000,19447808,5021696,5380096,
173,2026-10-08T22:47:17.790275+00:00,173.00099235000016,1053,1791490686.68,descendente,0.9656922489994031,0.0,0.0,45867008,509480960,32059392,33314816,
173,2026-10-08T22:47:17.790275+00:00,173.00099235000016,1054,1791490686.68,descendente,0.9657104559992149,1.0355070650706655,0.5177535325353327,45838336,509476864,32210944,33459200,
174,2026-10-08T22:47:18.790722+00:00,174.0016352370003,1051,1791490686.26,principal,1.000445176001449,0.0,0.0,23932928,32919552,14028800,14657536,
174,2026-10-08T22:47:18.790722+00:00,174.0016352370003,1052,1791490686.67,descendente,1.0004499669994402,0.0,0.0,11264000,19447808,5021696,5378048,
174,2026-10-08T22:47:18.790722+00:00,174.0016352370003,1053,1791490686.68,descendente,1.0004462739998417,0.0,0.0,45867008,509480960,32059392,33299456,
174,2026-10-08T22:47:18.790722+00:00,174.0016352370003,1054,1791490686.68,descendente,1.0005303769994498,0.0,0.0,45838336,509476864,32210944,33446912,
175,2026-10-08T22:47:20.097971+00:00,175.3059178809999,1051,1791490686.26,principal,1.307254858998931,0.0,0.0,23932928,32919552,14028800,14656512,
175,2026-10-08T22:47:20.097971+00:00,175.3059178809999,1052,1791490686.67,descendente,1.307252384000094,0.0,0.0,11264000,19447808,5021696,5378048,
175,2026-10-08T22:47:20.097971+00:00,175.3059178809999,1053,1791490686.68,descendente,1.3072501189999457,0.0,0.0,45867008,509480960,32059392,33299456,
175,2026-10-08T22:47:20.097971+00:00,175.3059178809999,1054,1791490686.68,descendente,1.3072154649998993,0.0,0.0,45838336,509476864,32210944,33446912,
176,2026-10-08T22:47:20.790442+00:00,176.00127348999922,1051,1791490686.26,principal,0.6924649530010356,0.0,0.0,23932928,32919552,14028800,14667776,
176,2026-10-08T22:47:20.790442+00:00,176.00127348999922,1052,1791490686.67,descendente,0.6924596509998082,0.0,0.0,11264000,19447808,5021696,5380096,
176,2026-10-08T22:47:20.790442+00:00,176.00127348999922,1053,1791490686.68,descendente,0.6924543090008228,0.0,0.0,45867008,509480960,32059392,33314816,
176,2026-10-08T22:47:20.790442+00:00,176.00127348999922,1054,1791490686.68,descendente,0.6924684380010149,0.0,0.0,45838336,509476864,32210944,33459200,
177,2026-10-08T22:47:21.790409+00:00,177.00120089700067,1051,1791490686.26,principal,0.9999683969999751,0.0,0.0,23932928,32919552,14028800,14667776,
177,2026-10-08T22:47:21.790409+00:00,177.00120089700067,1052,1791490686.67,descendente,0.9999614450007357,0.0,0.0,11264000,19447808,5021696,5380096,
177,2026-10-08T22:47:21.790409+00:00,177.00120089700067,1053,1791490686.68,descendente,0.9999541699999099,0.0,0.0,45867008,509480960,32059392,33314816,
177,2026-10-08T22:47:21.790409+00:00,177.00120089700067,1054,1791490686.68,descendente,0.9999215369989543,0.0,0.0,45838336,509476864,32210944,33459200,
178,2026-10-08T22:47:22.790794+00:00,178.00134200399953,1051,1791490686.26,principal,1.0003876969985868,0.0,0.0,23932928,32919552,14028800,14660608,
178,2026-10-08T22:47:22.790794+00:00,178.00134200399953,1052,1791490686.67,descendente,1.0003988299995399,0.0,0.0,11264000,19447808,5021696,5378048,
178,2026-10-08T22:47:22.790794+00:00,178.00134200399953,1053,1791490686.68,descendente,1.0004086729986739,0.999591493946521,0.4997957469732605,45867008,509480960,32059392,33303552,
178,2026-10-08T22:47:22.790794+00:00,178.00134200399953,1054,1791490686.68,descendente,1.0006250790011109,0.0,0.0,45838336,509476864,32210944,33449984,
179,2026-10-08T22:47:23.796581+00:00,179.00725225300084,1051,1791490686.26,principal,1.0057851140009006,0.0,0.0,23932928,32919552,14028800,14667776,
179,2026-10-08T22:47:23.796581+00:00,179.00725225300084,1052,1791490686.67,descendente,1.0057795800003078,0.0,0.0,11264000,19447808,5021696,5380096,
179,2026-10-08T22:47:23.796581+00:00,179.00725225300084,1053,1791490686.68,descendente,1.0058106360011152,0.0,0.0,45867008,509480960,32059392,33314816,
179,2026-10-08T22:47:23.796581+00:00,179.00725225300084,1054,1791490686.68,descendente,1.0055656469994574,0.0,0.0,45838336,509476864,32210944,33459200,
180,2026-10-08T22:47:24.789473+00:00,180.00052932399922,1051,1791490686.26,principal,0.992888609000147,0.0,0.0,23932928,32919552,14028800,14667776,
180,2026-10-08T22:47:24.789473+00:00,180.00052932399922,1052,1791490686.67,descendente,0.9928911459992378,0.0,0.0,11264000,19447808,5021696,5380096,
180,2026-10-08T22:47:24.789473+00:00,180.00052932399922,1053,1791490686.68,descendente,0.9928578099988954,0.0,0.0,45867008,509480960,32059392,33314816,
180,2026-10-08T22:47:24.789473+00:00,180.00052932399922,1054,1791490686.68,descendente,0.9928456720008398,0.0,0.0,45838336,509476864,32210944,33459200,
181,2026-10-08T22:47:25.790026+00:00,181.00085200499962,1051,1791490686.26,principal,1.0005553659993893,0.0,0.0,23932928,32919552,14028800,14667776,
181,2026-10-08T22:47:25.790026+00:00,181.00085200499962,1052,1791490686.67,descendente,1.0005500740007847,0.0,0.0,11264000,19447808,5021696,5380096,
181,2026-10-08T22:47:25.790026+00:00,181.00085200499962,1053,1791490686.68,descendente,1.0005508680005732,0.0,0.0,45867008,509480960,32059392,33314816,
181,2026-10-08T22:47:25.790026+00:00,181.00085200499962,1054,1791490686.68,descendente,1.0005486099998961,0.9994516908078108,0.4997258454039054,45838336,509476864,32210944,33459200,
182,2026-10-08T22:47:26.789724+00:00,182.00043630300024,1051,1791490686.26,principal,0.9997001610008738,0.0,0.0,23932928,32919552,14028800,14667776,
182,2026-10-08T22:47:26.789724+00:00,182.00043630300024,1052,1791490686.67,descendente,0.999763816000268,0.0,0.0,11264000,19447808,5021696,5380096,
182,2026-10-08T22:47:26.789724+00:00,182.00043630300024,1053,1791490686.68,descendente,0.9997854510002071,0.0,0.0,45867008,509480960,32059392,33314816,
182,2026-10-08T22:47:26.789724+00:00,182.00043630300024,1054,1791490686.68,descendente,0.999801268999363,0.0,0.0,45838336,509476864,32210944,33459200,
183,2026-10-08T22:47:27.790552+00:00,183.00147120399924,1051,1791490686.26,principal,1.0008296399992105,0.0,0.0,23932928,32919552,14028800,14667776,
183,2026-10-08T22:47:27.790552+00:00,183.00147120399924,1052,1791490686.67,descendente,1.000783858999057,0.0,0.0,11264000,19447808,5021696,5380096,
183,2026-10-08T22:47:27.790552+00:00,183.00147120399924,1053,1791490686.68,descendente,1.000769603999288,0.0,0.0,45867008,509480960,32059392,33314816,
183,2026-10-08T22:47:27.790552+00:00,183.00147120399924,1054,1791490686.68,descendente,1.0021259839995764,0.0,0.0,45838336,509476864,32210944,33459200,
184,2026-10-08T22:47:28.789854+00:00,184.00087073299983,1051,1791490686.26,principal,0.9992971379997471,0.0,0.0,23932928,32919552,14028800,14667776,
184,2026-10-08T22:47:28.789854+00:00,184.00087073299983,1052,1791490686.67,descendente,0.999278872001014,0.0,0.0,11264000,19447808,5021696,5380096,
184,2026-10-08T22:47:28.789854+00:00,184.00087073299983,1053,1791490686.68,descendente,0.9992648700008431,0.0,0.0,45867008,509480960,32059392,33314816,
184,2026-10-08T22:47:28.789854+00:00,184.00087073299983,1054,1791490686.68,descendente,0.997894140000426,0.0,0.0,45838336,509476864,32210944,33459200,
185,2026-10-08T22:47:29.791975+00:00,185.0028943950001,1051,1791490686.26,principal,1.0021215890010353,0.9978829026094812,0.4989414513047406,23932928,32919552,14028800,14667776,
185,2026-10-08T22:47:29.791975+00:00,185.0028943950001,1052,1791490686.67,descendente,1.00239479999982,0.0,0.0,11264000,19447808,5021696,5380096,
185,2026-10-08T22:47:29.791975+00:00,185.0028943950001,1053,1791490686.68,descendente,1.0024033989993768,0.0,0.0,45867008,509480960,32059392,33314816,
185,2026-10-08T22:47:29.791975+00:00,185.0028943950001,1054,1791490686.68,descendente,1.0025092369996855,0.0,0.0,45838336,509476864,32210944,33459200,
186,2026-10-08T22:47:30.791989+00:00,186.00296930900004,1051,1791490686.26,principal,1.0002207069992437,0.0,0.0,23932928,32919552,14028800,14667776,
186,2026-10-08T22:47:30.791989+00:00,186.00296930900004,1052,1791490686.67,descendente,0.9999572269989585,0.0,0.0,11264000,19447808,5021696,5380096,
186,2026-10-08T22:47:30.791989+00:00,186.00296930900004,1053,1791490686.68,descendente,0.9999537740004598,0.0,0.0,45867008,509480960,32059392,33314816,
186,2026-10-08T22:47:30.791989+00:00,186.00296930900004,1054,1791490686.68,descendente,0.9998526790004689,0.0,0.0,45838336,509476864,32210944,33459200,
187,2026-10-08T22:47:31.790265+00:00,187.00082406600086,1051,1791490686.26,principal,0.9980707640006585,0.0,0.0,23932928,32919552,14028800,14660608,
187,2026-10-08T22:47:31.790265+00:00,187.00082406600086,1052,1791490686.67,descendente,0.9980703530000028,0.0,0.0,11264000,19447808,5021696,5379072,
187,2026-10-08T22:47:31.790265+00:00,187.00082406600086,1053,1791490686.68,descendente,0.9980766120006592,0.0,0.0,45867008,509480960,32059392,33305600,
187,2026-10-08T22:47:31.790265+00:00,187.00082406600086,1054,1791490686.68,descendente,0.9982653999995819,0.0,0.0,45838336,509476864,32210944,33452032,
188,2026-10-08T22:47:32.790761+00:00,188.0017146200007,1051,1791490686.26,principal,1.0004950809998263,0.0,0.0,23932928,32919552,14028800,14667776,
188,2026-10-08T22:47:32.790761+00:00,188.0017146200007,1052,1791490686.67,descendente,1.0004856970008404,0.0,0.0,11264000,19447808,5021696,5380096,
188,2026-10-08T22:47:32.790761+00:00,188.0017146200007,1053,1791490686.68,descendente,1.0004791039991687,0.0,0.0,45867008,509480960,32059392,33314816,
188,2026-10-08T22:47:32.790761+00:00,188.0017146200007,1054,1791490686.68,descendente,1.0003274110003986,0.0,0.0,45838336,509476864,32210944,33459200,
189,2026-10-08T22:47:33.793284+00:00,189.0042866340009,1051,1791490686.26,principal,1.0025209579998773,0.0,0.0,23932928,32919552,14028800,14667776,
189,2026-10-08T22:47:33.793284+00:00,189.0042866340009,1052,1791490686.67,descendente,1.0025185449994751,0.0,0.0,11264000,19447808,5021696,5380096,
189,2026-10-08T22:47:33.793284+00:00,189.0042866340009,1053,1791490686.68,descendente,1.0025188899999193,0.9974874388649989,0.49874371943249945,45867008,509480960,32059392,33314816,
189,2026-10-08T22:47:33.793284+00:00,189.0042866340009,1054,1791490686.68,descendente,1.0025277419990744,0.0,0.0,45838336,509476864,32210944,33459200,
190,2026-10-08T22:47:34.795948+00:00,190.0068815550003,1051,1791490686.26,principal,1.0026995070002158,0.0,0.0,23932928,32919552,14028800,14667776,
190,2026-10-08T22:47:34.795948+00:00,190.0068815550003,1052,1791490686.67,descendente,1.0027049039999838,0.0,0.0,11264000,19447808,5021696,5380096,
190,2026-10-08T22:47:34.795948+00:00,190.0068815550003,1053,1791490686.68,descendente,1.0027011799993488,0.0,0.0,45867008,509480960,32059392,33314816,
190,2026-10-08T22:47:34.795948+00:00,190.0068815550003,1054,1791490686.68,descendente,1.0026924530011456,0.0,0.0,45838336,509476864,32210944,33459200,
191,2026-10-08T22:47:35.790474+00:00,191.00131025299925,1051,1791490686.26,principal,0.994493207999767,0.0,0.0,23932928,32919552,14028800,14655488,
191,2026-10-08T22:47:35.790474+00:00,191.00131025299925,1052,1791490686.67,descendente,0.9944979659994715,0.0,0.0,11264000,19447808,5021696,5378048,
191,2026-10-08T22:47:35.790474+00:00,191.00131025299925,1053,1791490686.68,descendente,0.9945027290013968,0.0,0.0,45867008,509480960,32059392,33299456,
191,2026-10-08T22:47:35.790474+00:00,191.00131025299925,1054,1791490686.68,descendente,0.9944801719993848,1.0055504656159395,0.5027752328079698,45838336,509476864,32210944,33445888,
192,2026-10-08T22:47:36.791759+00:00,192.0028041250007,1051,1791490686.26,principal,1.0012825399990106,0.0,0.0,23932928,32919552,14028800,14667776,
192,2026-10-08T22:47:36.791759+00:00,192.0028041250007,1052,1791490686.67,descendente,1.001553842001158,0.0,0.0,11264000,19447808,5021696,5380096,
192,2026-10-08T22:47:36.791759+00:00,192.0028041250007,1053,1791490686.68,descendente,1.001559375999932,0.0,0.0,45867008,509480960,32059392,33314816,
192,2026-10-08T22:47:36.791759+00:00,192.0028041250007,1054,1791490686.68,descendente,1.001545695000459,0.0,0.0,45838336,509476864,32210944,33459200,
193,2026-10-08T22:47:37.792225+00:00,193.00292915499995,1051,1791490686.26,principal,1.0004673040002672,0.0,0.0,23932928,32919552,14028800,14667776,
193,2026-10-08T22:47:37.792225+00:00,193.00292915499995,1052,1791490686.67,descendente,1.0001897879992612,0.0,0.0,11264000,19447808,5021696,5380096,
193,2026-10-08T22:47:37.792225+00:00,193.00292915499995,1053,1791490686.68,descendente,1.0001803889990697,0.0,0.0,45867008,509480960,32059392,33314816,
193,2026-10-08T22:47:37.792225+00:00,193.00292915499995,1054,1791490686.68,descendente,1.0001788019999367,0.0,0.0,45838336,509476864,32210944,33459200,
194,2026-10-08T22:47:38.789429+00:00,194.00015811699996,1051,1791490686.26,principal,0.997204082999815,0.0,0.0,23932928,32919552,14028800,14667776,
194,2026-10-08T22:47:38.789429+00:00,194.00015811699996,1052,1791490686.67,descendente,0.9972037879997515,0.0,0.0,11264000,19447808,5021696,5380096,
194,2026-10-08T22:47:38.789429+00:00,194.00015811699996,1053,1791490686.68,descendente,0.997434457000054,0.0,0.0,45867008,509480960,32059392,33314816,
194,2026-10-08T22:47:38.789429+00:00,194.00015811699996,1054,1791490686.68,descendente,0.9974665539994021,0.0,0.0,45838336,509476864,32210944,33459200,
195,2026-10-08T22:47:39.790691+00:00,195.00150986699919,1051,1791490686.26,principal,1.0012975120007468,0.0,0.0,23932928,32919552,14028800,14667776,
195,2026-10-08T22:47:39.790691+00:00,195.00150986699919,1052,1791490686.67,descendente,1.0013079489999654,0.0,0.0,11264000,19447808,5021696,5380096,
195,2026-10-08T22:47:39.790691+00:00,195.00150986699919,1053,1791490686.68,descendente,1.0010842650008271,0.0,0.0,45867008,509480960,32059392,33314816,
195,2026-10-08T22:47:39.790691+00:00,195.00150986699919,1054,1791490686.68,descendente,1.0012902689995826,0.0,0.0,45838336,509476864,32210944,33459200,
196,2026-10-08T22:47:40.793609+00:00,196.0042427339995,1051,1791490686.26,principal,1.0028829509992647,0.0,0.0,23932928,32919552,14028800,14657536,
196,2026-10-08T22:47:40.793609+00:00,196.0042427339995,1052,1791490686.67,descendente,1.0029646330003743,0.0,0.0,11264000,19447808,5021696,5378048,
196,2026-10-08T22:47:40.793609+00:00,196.0042427339995,1053,1791490686.68,descendente,1.0029862869996578,0.0,0.0,45867008,509480960,32059392,33299456,
196,2026-10-08T22:47:40.793609+00:00,196.0042427339995,1054,1791490686.68,descendente,1.002929538000899,0.9970790191233802,0.4985395095616901,45838336,509476864,32210944,33445888,
197,2026-10-08T22:47:41.789768+00:00,197.00069262599936,1051,1791490686.26,principal,0.9961579380014882,0.0,0.0,23932928,32919552,14028800,14667776,
197,2026-10-08T22:47:41.789768+00:00,197.00069262599936,1052,1791490686.67,descendente,0.996095915999831,0.0,0.0,11264000,19447808,5021696,5380096,
197,2026-10-08T22:47:41.789768+00:00,197.00069262599936,1053,1791490686.68,descendente,0.996067371999743,1.0039481546241928,0.5019740773120964,45867008,509480960,32059392,33314816,
197,2026-10-08T22:47:41.789768+00:00,197.00069262599936,1054,1791490686.68,descendente,0.9959276980007417,0.0,0.0,45838336,509476864,32210944,33459200,
198,2026-10-08T22:47:42.791913+00:00,198.0029450689999,1051,1791490686.26,principal,1.0021617579986923,0.0,0.0,23932928,32919552,14028800,14667776,
198,2026-10-08T22:47:42.791913+00:00,198.0029450689999,1052,1791490686.67,descendente,1.0021474019995367,0.0,0.0,11264000,19447808,5021696,5380096,
198,2026-10-08T22:47:42.791913+00:00,198.0029450689999,1053,1791490686.68,descendente,1.0021469130006153,0.0,0.0,45867008,509480960,32059392,33314816,
198,2026-10-08T22:47:42.791913+00:00,198.0029450689999,1054,1791490686.68,descendente,1.0021067639991088,0.0,0.0,45838336,509476864,32210944,33459200,
199,2026-10-08T22:47:43.789890+00:00,199.00082669599942,1051,1791490686.26,principal,0.9979589579997992,0.0,0.0,23932928,32919552,14028800,14667776,
199,2026-10-08T22:47:43.789890+00:00,199.00082669599942,1052,1791490686.67,descendente,0.9979784580009436,0.0,0.0,11264000,19447808,5021696,5380096,
199,2026-10-08T22:47:43.789890+00:00,199.00082669599942,1053,1791490686.68,descendente,0.9979797269988921,0.0,0.0,45867008,509480960,32059392,33314816,
199,2026-10-08T22:47:43.789890+00:00,199.00082669599942,1054,1791490686.68,descendente,0.9980150789997424,0.0,0.0,45838336,509476864,32210944,33459200,
