amostra,utc,tempo_relativo_s,dispositivo,intervalo_real_s,leitura_bytes_total,escrita_bytes_total,leituras_total,escritas_total,leitura_bytes_delta,escrita_bytes_delta,leituras_delta,escritas_delta,leitura_bytes_s,escrita_bytes_s,ocupado_ms_delta,erro
1,2026-10-09T10:43:53.593155+00:00,1.0386004890000322,loop0,,2107392,0,217,0,,,,,,,,
1,2026-10-09T10:43:53.593155+00:00,1.0386004890000322,loop1,,354304,0,43,0,,,,,,,,
1,2026-10-09T10:43:53.593155+00:00,1.0386004890000322,loop2,,1106944,0,51,0,,,,,,,,
1,2026-10-09T10:43:53.593155+00:00,1.0386004890000322,loop3,,1141760,0,66,0,,,,,,,,
1,2026-10-09T10:43:53.593155+00:00,1.0386004890000322,loop4,,1688576,0,83,0,,,,,,,,
1,2026-10-09T10:43:53.593155+00:00,1.0386004890000322,loop5,,14336,0,11,0,,,,,,,,
1,2026-10-09T10:43:53.593155+00:00,1.0386004890000322,loop6,,0,0,0,0,,,,,,,,
1,2026-10-09T10:43:53.593155+00:00,1.0386004890000322,loop7,,0,0,0,0,,,,,,,,
1,2026-10-09T10:43:53.593155+00:00,1.0386004890000322,sr0,,1536,0,8,0,,,,,,,,
1,2026-10-09T10:43:53.593155+00:00,1.0386004890000322,sda,,382503424,5081817088,8114,16045,,,,,,,,
1,2026-10-09T10:43:53.593155+00:00,1.0386004890000322,sda1,,319488,0,78,0,,,,,,,,
1,2026-10-09T10:43:53.593155+00:00,1.0386004890000322,sda2,,353301504,117940224,6828,5907,,,,,,,,
1,2026-10-09T10:43:53.593155+00:00,1.0386004890000322,sda3,,5653504,118784,152,24,,,,,,,,
1,2026-10-09T10:43:53.593155+00:00,1.0386004890000322,sda4,,4657152,0,116,0,,,,,,,,
1,2026-10-09T10:43:53.593155+00:00,1.0386004890000322,sda5,,16117760,4963758080,805,10114,,,,,,,,
2,2026-10-09T10:43:54.612780+00:00,2.057303895000018,loop0,1.019625241999961,2107392,0,217,0,0,0,0,0,0.0,0.0,0,
2,2026-10-09T10:43:54.612780+00:00,2.057303895000018,loop1,1.019625241999961,354304,0,43,0,0,0,0,0,0.0,0.0,0,
2,2026-10-09T10:43:54.612780+00:00,2.057303895000018,loop2,1.019625241999961,1106944,0,51,0,0,0,0,0,0.0,0.0,0,
2,2026-10-09T10:43:54.612780+00:00,2.057303895000018,loop3,1.019625241999961,1141760,0,66,0,0,0,0,0,0.0,0.0,0,
2,2026-10-09T10:43:54.612780+00:00,2.057303895000018,loop4,1.019625241999961,1688576,0,83,0,0,0,0,0,0.0,0.0,0,
2,2026-10-09T10:43:54.612780+00:00,2.057303895000018,loop5,1.019625241999961,14336,0,11,0,0,0,0,0,0.0,0.0,0,
2,2026-10-09T10:43:54.612780+00:00,2.057303895000018,loop6,1.019625241999961,0,0,0,0,0,0,0,0,0.0,0.0,0,
2,2026-10-09T10:43:54.612780+00:00,2.057303895000018,loop7,1.019625241999961,0,0,0,0,0,0,0,0,0.0,0.0,0,
2,2026-10-09T10:43:54.612780+00:00,2.057303895000018,sr0,1.019625241999961,1536,0,8,0,0,0,0,0,0.0,0.0,0,
2,2026-10-09T10:43:54.612780+00:00,2.057303895000018,sda,1.019625241999961,382503424,5081817088,8114,16045,0,0,0,0,0.0,0.0,0,
2,2026-10-09T10:43:54.612780+00:00,2.057303895000018,sda1,1.019625241999961,319488,0,78,0,0,0,0,0,0.0,0.0,0,
2,2026-10-09T10:43:54.612780+00:00,2.057303895000018,sda2,1.019625241999961,353301504,117940224,6828,5907,0,0,0,0,0.0,0.0,0,
2,2026-10-09T10:43:54.612780+00:00,2.057303895000018,sda3,1.019625241999961,5653504,118784,152,24,0,0,0,0,0.0,0.0,0,
2,2026-10-09T10:43:54.612780+00:00,2.057303895000018,sda4,1.019625241999961,4657152,0,116,0,0,0,0,0,0.0,0.0,0,
2,2026-10-09T10:43:54.612780+00:00,2.057303895000018,sda5,1.019625241999961,16117760,4963758080,805,10114,0,0,0,0,0.0,0.0,0,
3,2026-10-09T10:43:55.560377+00:00,3.0058923520000462,loop0,0.9475969630000236,2107392,0,217,0,0,0,0,0,0.0,0.0,0,
3,2026-10-09T10:43:55.560377+00:00,3.0058923520000462,loop1,0.9475969630000236,354304,0,43,0,0,0,0,0,0.0,0.0,0,
3,2026-10-09T10:43:55.560377+00:00,3.0058923520000462,loop2,0.9475969630000236,1106944,0,51,0,0,0,0,0,0.0,0.0,0,
3,2026-10-09T10:43:55.560377+00:00,3.0058923520000462,loop3,0.9475969630000236,1141760,0,66,0,0,0,0,0,0.0,0.0,0,
3,2026-10-09T10:43:55.560377+00:00,3.0058923520000462,loop4,0.9475969630000236,1688576,0,83,0,0,0,0,0,0.0,0.0,0,
3,2026-10-09T10:43:55.560377+00:00,3.0058923520000462,loop5,0.9475969630000236,14336,0,11,0,0,0,0,0,0.0,0.0,0,
3,2026-10-09T10:43:55.560377+00:00,3.0058923520000462,loop6,0.9475969630000236,0,0,0,0,0,0,0,0,0.0,0.0,0,
3,2026-10-09T10:43:55.560377+00:00,3.0058923520000462,loop7,0.9475969630000236,0,0,0,0,0,0,0,0,0.0,0.0,0,
3,2026-10-09T10:43:55.560377+00:00,3.0058923520000462,sr0,0.9475969630000236,1536,0,8,0,0,0,0,0,0.0,0.0,0,
3,2026-10-09T10:43:55.560377+00:00,3.0058923520000462,sda,0.9475969630000236,382503424,5081886720,8114,16049,0,69632,0,4,0.0,73482.7175675512,28,
3,2026-10-09T10:43:55.560377+00:00,3.0058923520000462,sda1,0.9475969630000236,319488,0,78,0,0,0,0,0,0.0,0.0,0,
3,2026-10-09T10:43:55.560377+00:00,3.0058923520000462,sda2,0.9475969630000236,353301504,118009856,6828,5911,0,69632,0,4,0.0,73482.7175675512,28,
3,2026-10-09T10:43:55.560377+00:00,3.0058923520000462,sda3,0.9475969630000236,5653504,118784,152,24,0,0,0,0,0.0,0.0,0,
3,2026-10-09T10:43:55.560377+00:00,3.0058923520000462,sda4,0.9475969630000236,4657152,0,116,0,0,0,0,0,0.0,0.0,0,
3,2026-10-09T10:43:55.560377+00:00,3.0058923520000462,sda5,0.9475969630000236,16117760,4963758080,805,10114,0,0,0,0,0.0,0.0,0,
4,2026-10-09T10:43:56.560594+00:00,4.003234065000015,loop0,1.000216765999994,2107392,0,217,0,0,0,0,0,0.0,0.0,0,
4,2026-10-09T10:43:56.560594+00:00,4.003234065000015,loop1,1.000216765999994,354304,0,43,0,0,0,0,0,0.0,0.0,0,
4,2026-10-09T10:43:56.560594+00:00,4.003234065000015,loop2,1.000216765999994,1106944,0,51,0,0,0,0,0,0.0,0.0,0,
4,2026-10-09T10:43:56.560594+00:00,4.003234065000015,loop3,1.000216765999994,1141760,0,66,0,0,0,0,0,0.0,0.0,0,
4,2026-10-09T10:43:56.560594+00:00,4.003234065000015,loop4,1.000216765999994,1688576,0,83,0,0,0,0,0,0.0,0.0,0,
4,2026-10-09T10:43:56.560594+00:00,4.003234065000015,loop5,1.000216765999994,14336,0,11,0,0,0,0,0,0.0,0.0,0,
4,2026-10-09T10:43:56.560594+00:00,4.003234065000015,loop6,1.000216765999994,0,0,0,0,0,0,0,0,0.0,0.0,0,
4,2026-10-09T10:43:56.560594+00:00,4.003234065000015,loop7,1.000216765999994,0,0,0,0,0,0,0,0,0.0,0.0,0,
4,2026-10-09T10:43:56.560594+00:00,4.003234065000015,sr0,1.000216765999994,1536,0,8,0,0,0,0,0,0.0,0.0,0,
4,2026-10-09T10:43:56.560594+00:00,4.003234065000015,sda,1.000216765999994,382503424,5124079616,8114,16138,0,42192896,0,89,0.0,42183751.99681491,484,
4,2026-10-09T10:43:56.560594+00:00,4.003234065000015,sda1,1.000216765999994,319488,0,78,0,0,0,0,0,0.0,0.0,0,
4,2026-10-09T10:43:56.560594+00:00,4.003234065000015,sda2,1.000216765999994,353301504,118009856,6828,5911,0,0,0,0,0.0,0.0,0,
4,2026-10-09T10:43:56.560594+00:00,4.003234065000015,sda3,1.000216765999994,5653504,118784,152,24,0,0,0,0,0.0,0.0,0,
4,2026-10-09T10:43:56.560594+00:00,4.003234065000015,sda4,1.000216765999994,4657152,0,116,0,0,0,0,0,0.0,0.0,0,
4,2026-10-09T10:43:56.560594+00:00,4.003234065000015,sda5,1.000216765999994,16117760,5005950976,805,10203,0,42192896,0,89,0.0,42183751.99681491,484,
5,2026-10-09T10:43:57.564406+00:00,5.0098407550000275,loop0,1.0038123830000814,2107392,0,217,0,0,0,0,0,0.0,0.0,0,
5,2026-10-09T10:43:57.564406+00:00,5.0098407550000275,loop1,1.0038123830000814,354304,0,43,0,0,0,0,0,0.0,0.0,0,
5,2026-10-09T10:43:57.564406+00:00,5.0098407550000275,loop2,1.0038123830000814,1106944,0,51,0,0,0,0,0,0.0,0.0,0,
5,2026-10-09T10:43:57.564406+00:00,5.0098407550000275,loop3,1.0038123830000814,1141760,0,66,0,0,0,0,0,0.0,0.0,0,
5,2026-10-09T10:43:57.564406+00:00,5.0098407550000275,loop4,1.0038123830000814,1688576,0,83,0,0,0,0,0,0.0,0.0,0,
5,2026-10-09T10:43:57.564406+00:00,5.0098407550000275,loop5,1.0038123830000814,14336,0,11,0,0,0,0,0,0.0,0.0,0,
5,2026-10-09T10:43:57.564406+00:00,5.0098407550000275,loop6,1.0038123830000814,0,0,0,0,0,0,0,0,0.0,0.0,0,
5,2026-10-09T10:43:57.564406+00:00,5.0098407550000275,loop7,1.0038123830000814,0,0,0,0,0,0,0,0,0.0,0.0,0,
5,2026-10-09T10:43:57.564406+00:00,5.0098407550000275,sr0,1.0038123830000814,1536,0,8,0,0,0,0,0,0.0,0.0,0,
5,2026-10-09T10:43:57.564406+00:00,5.0098407550000275,sda,1.0038123830000814,382503424,5187350528,8114,16289,0,63270912,0,151,0.0,63030615.15430107,936,
5,2026-10-09T10:43:57.564406+00:00,5.0098407550000275,sda1,1.0038123830000814,319488,0,78,0,0,0,0,0,0.0,0.0,0,
5,2026-10-09T10:43:57.564406+00:00,5.0098407550000275,sda2,1.0038123830000814,353301504,118046720,6828,5918,0,36864,0,7,0.0,36723.99406931506,152,
5,2026-10-09T10:43:57.564406+00:00,5.0098407550000275,sda3,1.0038123830000814,5653504,118784,152,24,0,0,0,0,0.0,0.0,0,
5,2026-10-09T10:43:57.564406+00:00,5.0098407550000275,sda4,1.0038123830000814,4657152,0,116,0,0,0,0,0,0.0,0.0,0,
5,2026-10-09T10:43:57.564406+00:00,5.0098407550000275,sda5,1.0038123830000814,16117760,5069185024,805,10347,0,63234048,0,144,0.0,62993891.160231754,936,
6,2026-10-09T10:43:58.555974+00:00,6.001116649999972,loop0,0.9915676050000002,2107392,0,217,0,0,0,0,0,0.0,0.0,0,
6,2026-10-09T10:43:58.555974+00:00,6.001116649999972,loop1,0.9915676050000002,354304,0,43,0,0,0,0,0,0.0,0.0,0,
6,2026-10-09T10:43:58.555974+00:00,6.001116649999972,loop2,0.9915676050000002,1106944,0,51,0,0,0,0,0,0.0,0.0,0,
6,2026-10-09T10:43:58.555974+00:00,6.001116649999972,loop3,0.9915676050000002,1141760,0,66,0,0,0,0,0,0.0,0.0,0,
6,2026-10-09T10:43:58.555974+00:00,6.001116649999972,loop4,0.9915676050000002,1688576,0,83,0,0,0,0,0,0.0,0.0,0,
6,2026-10-09T10:43:58.555974+00:00,6.001116649999972,loop5,0.9915676050000002,14336,0,11,0,0,0,0,0,0.0,0.0,0,
6,2026-10-09T10:43:58.555974+00:00,6.001116649999972,loop6,0.9915676050000002,0,0,0,0,0,0,0,0,0.0,0.0,0,
6,2026-10-09T10:43:58.555974+00:00,6.001116649999972,loop7,0.9915676050000002,0,0,0,0,0,0,0,0,0.0,0.0,0,
6,2026-10-09T10:43:58.555974+00:00,6.001116649999972,sr0,0.9915676050000002,1536,0,8,0,0,0,0,0,0.0,0.0,0,
6,2026-10-09T10:43:58.555974+00:00,6.001116649999972,sda,0.9915676050000002,382503424,5241077760,8114,16615,0,53727232,0,326,0.0,54184134.020796284,808,
6,2026-10-09T10:43:58.555974+00:00,6.001116649999972,sda1,0.9915676050000002,319488,0,78,0,0,0,0,0,0.0,0.0,0,
6,2026-10-09T10:43:58.555974+00:00,6.001116649999972,sda2,0.9915676050000002,353301504,119074816,6828,6129,0,1028096,0,211,0.0,1036839.0363055476,100,
6,2026-10-09T10:43:58.555974+00:00,6.001116649999972,sda3,0.9915676050000002,5653504,118784,152,24,0,0,0,0,0.0,0.0,0,
6,2026-10-09T10:43:58.555974+00:00,6.001116649999972,sda4,0.9915676050000002,4657152,0,116,0,0,0,0,0,0.0,0.0,0,
6,2026-10-09T10:43:58.555974+00:00,6.001116649999972,sda5,0.9915676050000002,16117760,5121884160,805,10462,0,52699136,0,115,0.0,53147294.98449074,876,
7,2026-10-09T10:43:59.557555+00:00,7.000237046000052,loop0,1.0015812549999055,2107392,0,217,0,0,0,0,0,0.0,0.0,0,
7,2026-10-09T10:43:59.557555+00:00,7.000237046000052,loop1,1.0015812549999055,354304,0,43,0,0,0,0,0,0.0,0.0,0,
7,2026-10-09T10:43:59.557555+00:00,7.000237046000052,loop2,1.0015812549999055,1106944,0,51,0,0,0,0,0,0.0,0.0,0,
7,2026-10-09T10:43:59.557555+00:00,7.000237046000052,loop3,1.0015812549999055,1141760,0,66,0,0,0,0,0,0.0,0.0,0,
7,2026-10-09T10:43:59.557555+00:00,7.000237046000052,loop4,1.0015812549999055,1688576,0,83,0,0,0,0,0,0.0,0.0,0,
7,2026-10-09T10:43:59.557555+00:00,7.000237046000052,loop5,1.0015812549999055,14336,0,11,0,0,0,0,0,0.0,0.0,0,
7,2026-10-09T10:43:59.557555+00:00,7.000237046000052,loop6,1.0015812549999055,0,0,0,0,0,0,0,0,0.0,0.0,0,
7,2026-10-09T10:43:59.557555+00:00,7.000237046000052,loop7,1.0015812549999055,0,0,0,0,0,0,0,0,0.0,0.0,0,
7,2026-10-09T10:43:59.557555+00:00,7.000237046000052,sr0,1.0015812549999055,1536,0,8,0,0,0,0,0,0.0,0.0,0,
7,2026-10-09T10:43:59.557555+00:00,7.000237046000052,sda,1.0015812549999055,382503424,5302673408,8114,16765,0,61595648,0,150,0.0,61498403.3422289,872,
7,2026-10-09T10:43:59.557555+00:00,7.000237046000052,sda1,1.0015812549999055,319488,0,78,0,0,0,0,0,0.0,0.0,0,
7,2026-10-09T10:43:59.557555+00:00,7.000237046000052,sda2,1.0015812549999055,353301504,119279616,6828,6151,0,204800,0,22,0.0,204476.67024281452,12,
7,2026-10-09T10:43:59.557555+00:00,7.000237046000052,sda3,1.0015812549999055,5653504,118784,152,24,0,0,0,0,0.0,0.0,0,
7,2026-10-09T10:43:59.557555+00:00,7.000237046000052,sda4,1.0015812549999055,4657152,0,116,0,0,0,0,0,0.0,0.0,0,
7,2026-10-09T10:43:59.557555+00:00,7.000237046000052,sda5,1.0015812549999055,16117760,5183275008,805,10590,0,61390848,0,128,0.0,61293926.67198608,1004,
8,2026-10-09T10:44:00.560048+00:00,8.00290488500002,loop0,1.0024926010000854,2107392,0,217,0,0,0,0,0,0.0,0.0,0,
8,2026-10-09T10:44:00.560048+00:00,8.00290488500002,loop1,1.0024926010000854,354304,0,43,0,0,0,0,0,0.0,0.0,0,
8,2026-10-09T10:44:00.560048+00:00,8.00290488500002,loop2,1.0024926010000854,1106944,0,51,0,0,0,0,0,0.0,0.0,0,
8,2026-10-09T10:44:00.560048+00:00,8.00290488500002,loop3,1.0024926010000854,1141760,0,66,0,0,0,0,0,0.0,0.0,0,
8,2026-10-09T10:44:00.560048+00:00,8.00290488500002,loop4,1.0024926010000854,1688576,0,83,0,0,0,0,0,0.0,0.0,0,
8,2026-10-09T10:44:00.560048+00:00,8.00290488500002,loop5,1.0024926010000854,14336,0,11,0,0,0,0,0,0.0,0.0,0,
8,2026-10-09T10:44:00.560048+00:00,8.00290488500002,loop6,1.0024926010000854,0,0,0,0,0,0,0,0,0.0,0.0,0,
8,2026-10-09T10:44:00.560048+00:00,8.00290488500002,loop7,1.0024926010000854,0,0,0,0,0,0,0,0,0.0,0.0,0,
8,2026-10-09T10:44:00.560048+00:00,8.00290488500002,sr0,1.0024926010000854,1536,0,8,0,0,0,0,0,0.0,0.0,0,
8,2026-10-09T10:44:00.560048+00:00,8.00290488500002,sda,1.0024926010000854,382503424,5363093504,8114,16894,0,60420096,0,129,0.0,60269867.26857135,960,
8,2026-10-09T10:44:00.560048+00:00,8.00290488500002,sda1,1.0024926010000854,319488,0,78,0,0,0,0,0,0.0,0.0,0,
8,2026-10-09T10:44:00.560048+00:00,8.00290488500002,sda2,1.0024926010000854,353301504,119320576,6828,6153,0,40960,0,2,0.0,40858.15691720652,8,
8,2026-10-09T10:44:00.560048+00:00,8.00290488500002,sda3,1.0024926010000854,5653504,118784,152,24,0,0,0,0,0.0,0.0,0,
8,2026-10-09T10:44:00.560048+00:00,8.00290488500002,sda4,1.0024926010000854,4657152,0,116,0,0,0,0,0,0.0,0.0,0,
8,2026-10-09T10:44:00.560048+00:00,8.00290488500002,sda5,1.0024926010000854,16117760,5243654144,805,10717,0,60379136,0,127,0.0,60229009.11165414,952,
9,2026-10-09T10:44:01.555234+00:00,9.000531745999979,loop0,0.9951863619999131,2107392,0,217,0,0,0,0,0,0.0,0.0,0,
9,2026-10-09T10:44:01.555234+00:00,9.000531745999979,loop1,0.9951863619999131,354304,0,43,0,0,0,0,0,0.0,0.0,0,
9,2026-10-09T10:44:01.555234+00:00,9.000531745999979,loop2,0.9951863619999131,1106944,0,51,0,0,0,0,0,0.0,0.0,0,
9,2026-10-09T10:44:01.555234+00:00,9.000531745999979,loop3,0.9951863619999131,1141760,0,66,0,0,0,0,0,0.0,0.0,0,
9,2026-10-09T10:44:01.555234+00:00,9.000531745999979,loop4,0.9951863619999131,1688576,0,83,0,0,0,0,0,0.0,0.0,0,
9,2026-10-09T10:44:01.555234+00:00,9.000531745999979,loop5,0.9951863619999131,14336,0,11,0,0,0,0,0,0.0,0.0,0,
9,2026-10-09T10:44:01.555234+00:00,9.000531745999979,loop6,0.9951863619999131,0,0,0,0,0,0,0,0,0.0,0.0,0,
9,2026-10-09T10:44:01.555234+00:00,9.000531745999979,loop7,0.9951863619999131,0,0,0,0,0,0,0,0,0.0,0.0,0,
9,2026-10-09T10:44:01.555234+00:00,9.000531745999979,sr0,0.9951863619999131,1536,0,8,0,0,0,0,0,0.0,0.0,0,
9,2026-10-09T10:44:01.555234+00:00,9.000531745999979,sda,0.9951863619999131,382503424,5420290048,8114,17013,0,57196544,0,119,0.0,57473199.17553794,932,
9,2026-10-09T10:44:01.555234+00:00,9.000531745999979,sda1,0.9951863619999131,319488,0,78,0,0,0,0,0,0.0,0.0,0,
9,2026-10-09T10:44:01.555234+00:00,9.000531745999979,sda2,0.9951863619999131,353301504,119320576,6828,6153,0,0,0,0,0.0,0.0,0,
9,2026-10-09T10:44:01.555234+00:00,9.000531745999979,sda3,0.9951863619999131,5653504,118784,152,24,0,0,0,0,0.0,0.0,0,
9,2026-10-09T10:44:01.555234+00:00,9.000531745999979,sda4,0.9951863619999131,4657152,0,116,0,0,0,0,0,0.0,0.0,0,
9,2026-10-09T10:44:01.555234+00:00,9.000531745999979,sda5,0.9951863619999131,16117760,5300850688,805,10836,0,57196544,0,119,0.0,57473199.17553794,932,
10,2026-10-09T10:44:02.556784+00:00,10.001428780999959,loop0,1.0015498590000789,2107392,0,217,0,0,0,0,0,0.0,0.0,0,
10,2026-10-09T10:44:02.556784+00:00,10.001428780999959,loop1,1.0015498590000789,354304,0,43,0,0,0,0,0,0.0,0.0,0,
10,2026-10-09T10:44:02.556784+00:00,10.001428780999959,loop2,1.0015498590000789,1106944,0,51,0,0,0,0,0,0.0,0.0,0,
10,2026-10-09T10:44:02.556784+00:00,10.001428780999959,loop3,1.0015498590000789,1141760,0,66,0,0,0,0,0,0.0,0.0,0,
10,2026-10-09T10:44:02.556784+00:00,10.001428780999959,loop4,1.0015498590000789,1688576,0,83,0,0,0,0,0,0.0,0.0,0,
10,2026-10-09T10:44:02.556784+00:00,10.001428780999959,loop5,1.0015498590000789,14336,0,11,0,0,0,0,0,0.0,0.0,0,
10,2026-10-09T10:44:02.556784+00:00,10.001428780999959,loop6,1.0015498590000789,0,0,0,0,0,0,0,0,0.0,0.0,0,
10,2026-10-09T10:44:02.556784+00:00,10.001428780999959,loop7,1.0015498590000789,0,0,0,0,0,0,0,0,0.0,0.0,0,
10,2026-10-09T10:44:02.556784+00:00,10.001428780999959,sr0,1.0015498590000789,1536,0,8,0,0,0,0,0,0.0,0.0,0,
10,2026-10-09T10:44:02.556784+00:00,10.001428780999959,sda,1.0015498590000789,382503424,5489750016,8114,17158,0,69459968,0,145,0.0,69352481.43247408,964,
10,2026-10-09T10:44:02.556784+00:00,10.001428780999959,sda1,1.0015498590000789,319488,0,78,0,0,0,0,0,0.0,0.0,0,
10,2026-10-09T10:44:02.556784+00:00,10.001428780999959,sda2,1.0015498590000789,353301504,119320576,6828,6153,0,0,0,0,0.0,0.0,0,
10,2026-10-09T10:44:02.556784+00:00,10.001428780999959,sda3,1.0015498590000789,5653504,118784,152,24,0,0,0,0,0.0,0.0,0,
10,2026-10-09T10:44:02.556784+00:00,10.001428780999959,sda4,1.0015498590000789,4657152,0,116,0,0,0,0,0,0.0,0.0,0,
10,2026-10-09T10:44:02.556784+00:00,10.001428780999959,sda5,1.0015498590000789,16117760,5370310656,805,10981,0,69459968,0,145,0.0,69352481.43247408,964,
11,2026-10-09T10:44:03.555874+00:00,11.001179529999945,loop0,0.9990904559999763,2107392,0,217,0,0,0,0,0,0.0,0.0,0,
11,2026-10-09T10:44:03.555874+00:00,11.001179529999945,loop1,0.9990904559999763,354304,0,43,0,0,0,0,0,0.0,0.0,0,
11,2026-10-09T10:44:03.555874+00:00,11.001179529999945,loop2,0.9990904559999763,1106944,0,51,0,0,0,0,0,0.0,0.0,0,
11,2026-10-09T10:44:03.555874+00:00,11.001179529999945,loop3,0.9990904559999763,1141760,0,66,0,0,0,0,0,0.0,0.0,0,
11,2026-10-09T10:44:03.555874+00:00,11.001179529999945,loop4,0.9990904559999763,1688576,0,83,0,0,0,0,0,0.0,0.0,0,
11,2026-10-09T10:44:03.555874+00:00,11.001179529999945,loop5,0.9990904559999763,14336,0,11,0,0,0,0,0,0.0,0.0,0,
11,2026-10-09T10:44:03.555874+00:00,11.001179529999945,loop6,0.9990904559999763,0,0,0,0,0,0,0,0,0.0,0.0,0,
11,2026-10-09T10:44:03.555874+00:00,11.001179529999945,loop7,0.9990904559999763,0,0,0,0,0,0,0,0,0.0,0.0,0,
11,2026-10-09T10:44:03.555874+00:00,11.001179529999945,sr0,0.9990904559999763,1536,0,8,0,0,0,0,0,0.0,0.0,0,
11,2026-10-09T10:44:03.555874+00:00,11.001179529999945,sda,0.9990904559999763,382503424,5551575040,8114,17296,0,61825024,0,138,0.0,61881307.77219783,920,
11,2026-10-09T10:44:03.555874+00:00,11.001179529999945,sda1,0.9990904559999763,319488,0,78,0,0,0,0,0,0.0,0.0,0,
11,2026-10-09T10:44:03.555874+00:00,11.001179529999945,sda2,0.9990904559999763,353301504,119349248,6828,6159,0,28672,0,6,0.0,28698.102186655942,40,
11,2026-10-09T10:44:03.555874+00:00,11.001179529999945,sda3,0.9990904559999763,5653504,118784,152,24,0,0,0,0,0.0,0.0,0,
11,2026-10-09T10:44:03.555874+00:00,11.001179529999945,sda4,0.9990904559999763,4657152,0,116,0,0,0,0,0,0.0,0.0,0,
11,2026-10-09T10:44:03.555874+00:00,11.001179529999945,sda5,0.9990904559999763,16117760,5432107008,805,11113,0,61796352,0,132,0.0,61852609.67001117,920,
12,2026-10-09T10:44:04.559163+00:00,12.00113116600005,loop0,1.0032884920000242,2107392,0,217,0,0,0,0,0,0.0,0.0,0,
12,2026-10-09T10:44:04.559163+00:00,12.00113116600005,loop1,1.0032884920000242,354304,0,43,0,0,0,0,0,0.0,0.0,0,
12,2026-10-09T10:44:04.559163+00:00,12.00113116600005,loop2,1.0032884920000242,1106944,0,51,0,0,0,0,0,0.0,0.0,0,
12,2026-10-09T10:44:04.559163+00:00,12.00113116600005,loop3,1.0032884920000242,1141760,0,66,0,0,0,0,0,0.0,0.0,0,
12,2026-10-09T10:44:04.559163+00:00,12.00113116600005,loop4,1.0032884920000242,1688576,0,83,0,0,0,0,0,0.0,0.0,0,
12,2026-10-09T10:44:04.559163+00:00,12.00113116600005,loop5,1.0032884920000242,14336,0,11,0,0,0,0,0,0.0,0.0,0,
12,2026-10-09T10:44:04.559163+00:00,12.00113116600005,loop6,1.0032884920000242,0,0,0,0,0,0,0,0,0.0,0.0,0,
12,2026-10-09T10:44:04.559163+00:00,12.00113116600005,loop7,1.0032884920000242,0,0,0,0,0,0,0,0,0.0,0.0,0,
12,2026-10-09T10:44:04.559163+00:00,12.00113116600005,sr0,1.0032884920000242,1536,0,8,0,0,0,0,0,0.0,0.0,0,
12,2026-10-09T10:44:04.559163+00:00,12.00113116600005,sda,1.0032884920000242,382503424,5609869312,8114,17421,0,58294272,0,125,0.0,58103200.091323875,924,
12,2026-10-09T10:44:04.559163+00:00,12.00113116600005,sda1,1.0032884920000242,319488,0,78,0,0,0,0,0,0.0,0.0,0,
12,2026-10-09T10:44:04.559163+00:00,12.00113116600005,sda2,1.0032884920000242,353301504,119349248,6828,6159,0,0,0,0,0.0,0.0,0,
12,2026-10-09T10:44:04.559163+00:00,12.00113116600005,sda3,1.0032884920000242,5653504,118784,152,24,0,0,0,0,0.0,0.0,0,
12,2026-10-09T10:44:04.559163+00:00,12.00113116600005,sda4,1.0032884920000242,4657152,0,116,0,0,0,0,0,0.0,0.0,0,
12,2026-10-09T10:44:04.559163+00:00,12.00113116600005,sda5,1.0032884920000242,16117760,5490401280,805,11238,0,58294272,0,125,0.0,58103200.091323875,924,
13,2026-10-09T10:44:05.593017+00:00,13.038723748000052,loop0,1.0338542129999269,2107392,0,217,0,0,0,0,0,0.0,0.0,0,
13,2026-10-09T10:44:05.593017+00:00,13.038723748000052,loop1,1.0338542129999269,354304,0,43,0,0,0,0,0,0.0,0.0,0,
13,2026-10-09T10:44:05.593017+00:00,13.038723748000052,loop2,1.0338542129999269,1106944,0,51,0,0,0,0,0,0.0,0.0,0,
13,2026-10-09T10:44:05.593017+00:00,13.038723748000052,loop3,1.0338542129999269,1141760,0,66,0,0,0,0,0,0.0,0.0,0,
13,2026-10-09T10:44:05.593017+00:00,13.038723748000052,loop4,1.0338542129999269,1688576,0,83,0,0,0,0,0,0.0,0.0,0,
13,2026-10-09T10:44:05.593017+00:00,13.038723748000052,loop5,1.0338542129999269,14336,0,11,0,0,0,0,0,0.0,0.0,0,
13,2026-10-09T10:44:05.593017+00:00,13.038723748000052,loop6,1.0338542129999269,0,0,0,0,0,0,0,0,0.0,0.0,0,
13,2026-10-09T10:44:05.593017+00:00,13.038723748000052,loop7,1.0338542129999269,0,0,0,0,0,0,0,0,0.0,0.0,0,
13,2026-10-09T10:44:05.593017+00:00,13.038723748000052,sr0,1.0338542129999269,1536,0,8,0,0,0,0,0,0.0,0.0,0,
13,2026-10-09T10:44:05.593017+00:00,13.038723748000052,sda,1.0338542129999269,382503424,5662519296,8114,17533,0,52649984,0,112,0.0,50925926.82601345,1020,
13,2026-10-09T10:44:05.593017+00:00,13.038723748000052,sda1,1.0338542129999269,319488,0,78,0,0,0,0,0,0.0,0.0,0,
13,2026-10-09T10:44:05.593017+00:00,13.038723748000052,sda2,1.0338542129999269,353301504,119361536,6828,6161,0,12288,0,2,0.0,11885.621633580236,8,
13,2026-10-09T10:44:05.593017+00:00,13.038723748000052,sda3,1.0338542129999269,5653504,118784,152,24,0,0,0,0,0.0,0.0,0,
13,2026-10-09T10:44:05.593017+00:00,13.038723748000052,sda4,1.0338542129999269,4657152,0,116,0,0,0,0,0,0.0,0.0,0,
13,2026-10-09T10:44:05.593017+00:00,13.038723748000052,sda5,1.0338542129999269,16117760,5543038976,805,11348,0,52637696,0,110,0.0,50914041.20437987,1012,
14,2026-10-09T10:44:06.556044+00:00,14.001766478000036,loop0,0.9630264460000717,2107392,0,217,0,0,0,0,0,0.0,0.0,0,
14,2026-10-09T10:44:06.556044+00:00,14.001766478000036,loop1,0.9630264460000717,354304,0,43,0,0,0,0,0,0.0,0.0,0,
14,2026-10-09T10:44:06.556044+00:00,14.001766478000036,loop2,0.9630264460000717,1106944,0,51,0,0,0,0,0,0.0,0.0,0,
14,2026-10-09T10:44:06.556044+00:00,14.001766478000036,loop3,0.9630264460000717,1141760,0,66,0,0,0,0,0,0.0,0.0,0,
14,2026-10-09T10:44:06.556044+00:00,14.001766478000036,loop4,0.9630264460000717,1688576,0,83,0,0,0,0,0,0.0,0.0,0,
14,2026-10-09T10:44:06.556044+00:00,14.001766478000036,loop5,0.9630264460000717,14336,0,11,0,0,0,0,0,0.0,0.0,0,
14,2026-10-09T10:44:06.556044+00:00,14.001766478000036,loop6,0.9630264460000717,0,0,0,0,0,0,0,0,0.0,0.0,0,
14,2026-10-09T10:44:06.556044+00:00,14.001766478000036,loop7,0.9630264460000717,0,0,0,0,0,0,0,0,0.0,0.0,0,
14,2026-10-09T10:44:06.556044+00:00,14.001766478000036,sr0,0.9630264460000717,1536,0,8,0,0,0,0,0,0.0,0.0,0,
14,2026-10-09T10:44:06.556044+00:00,14.001766478000036,sda,0.9630264460000717,382503424,5715156992,8114,17643,0,52637696,0,110,0.0,54658619.416559696,920,
14,2026-10-09T10:44:06.556044+00:00,14.001766478000036,sda1,0.9630264460000717,319488,0,78,0,0,0,0,0,0.0,0.0,0,
14,2026-10-09T10:44:06.556044+00:00,14.001766478000036,sda2,0.9630264460000717,353301504,119361536,6828,6161,0,0,0,0,0.0,0.0,0,
14,2026-10-09T10:44:06.556044+00:00,14.001766478000036,sda3,0.9630264460000717,5653504,118784,152,24,0,0,0,0,0.0,0.0,0,
14,2026-10-09T10:44:06.556044+00:00,14.001766478000036,sda4,0.9630264460000717,4657152,0,116,0,0,0,0,0,0.0,0.0,0,
14,2026-10-09T10:44:06.556044+00:00,14.001766478000036,sda5,0.9630264460000717,16117760,5595676672,805,11458,0,52637696,0,110,0.0,54658619.416559696,920,
15,2026-10-09T10:44:07.561466+00:00,15.004817451000008,loop0,1.0054224959999374,2107392,0,217,0,0,0,0,0,0.0,0.0,0,
15,2026-10-09T10:44:07.561466+00:00,15.004817451000008,loop1,1.0054224959999374,354304,0,43,0,0,0,0,0,0.0,0.0,0,
15,2026-10-09T10:44:07.561466+00:00,15.004817451000008,loop2,1.0054224959999374,1106944,0,51,0,0,0,0,0,0.0,0.0,0,
15,2026-10-09T10:44:07.561466+00:00,15.004817451000008,loop3,1.0054224959999374,1141760,0,66,0,0,0,0,0,0.0,0.0,0,
15,2026-10-09T10:44:07.561466+00:00,15.004817451000008,loop4,1.0054224959999374,1688576,0,83,0,0,0,0,0,0.0,0.0,0,
15,2026-10-09T10:44:07.561466+00:00,15.004817451000008,loop5,1.0054224959999374,14336,0,11,0,0,0,0,0,0.0,0.0,0,
15,2026-10-09T10:44:07.561466+00:00,15.004817451000008,loop6,1.0054224959999374,0,0,0,0,0,0,0,0,0.0,0.0,0,
15,2026-10-09T10:44:07.561466+00:00,15.004817451000008,loop7,1.0054224959999374,0,0,0,0,0,0,0,0,0.0,0.0,0,
15,2026-10-09T10:44:07.561466+00:00,15.004817451000008,sr0,1.0054224959999374,1536,0,8,0,0,0,0,0,0.0,0.0,0,
15,2026-10-09T10:44:07.561466+00:00,15.004817451000008,sda,1.0054224959999374,382503424,5757272064,8114,17732,0,42115072,0,89,0.0,41887934.84087969,992,
15,2026-10-09T10:44:07.561466+00:00,15.004817451000008,sda1,1.0054224959999374,319488,0,78,0,0,0,0,0,0.0,0.0,0,
15,2026-10-09T10:44:07.561466+00:00,15.004817451000008,sda2,1.0054224959999374,353301504,119361536,6828,6161,0,0,0,0,0.0,0.0,0,
15,2026-10-09T10:44:07.561466+00:00,15.004817451000008,sda3,1.0054224959999374,5653504,118784,152,24,0,0,0,0,0.0,0.0,0,
15,2026-10-09T10:44:07.561466+00:00,15.004817451000008,sda4,1.0054224959999374,4657152,0,116,0,0,0,0,0,0.0,0.0,0,
15,2026-10-09T10:44:07.561466+00:00,15.004817451000008,sda5,1.0054224959999374,16117760,5637791744,805,11547,0,42115072,0,89,0.0,41887934.84087969,992,
16,2026-10-09T10:44:08.556729+00:00,16.001080335999973,loop0,0.9952632890000359,2107392,0,217,0,0,0,0,0,0.0,0.0,0,
16,2026-10-09T10:44:08.556729+00:00,16.001080335999973,loop1,0.9952632890000359,354304,0,43,0,0,0,0,0,0.0,0.0,0,
16,2026-10-09T10:44:08.556729+00:00,16.001080335999973,loop2,0.9952632890000359,1106944,0,51,0,0,0,0,0,0.0,0.0,0,
16,2026-10-09T10:44:08.556729+00:00,16.001080335999973,loop3,0.9952632890000359,1141760,0,66,0,0,0,0,0,0.0,0.0,0,
16,2026-10-09T10:44:08.556729+00:00,16.001080335999973,loop4,0.9952632890000359,1688576,0,83,0,0,0,0,0,0.0,0.0,0,
16,2026-10-09T10:44:08.556729+00:00,16.001080335999973,loop5,0.9952632890000359,14336,0,11,0,0,0,0,0,0.0,0.0,0,
16,2026-10-09T10:44:08.556729+00:00,16.001080335999973,loop6,0.9952632890000359,0,0,0,0,0,0,0,0,0.0,0.0,0,
16,2026-10-09T10:44:08.556729+00:00,16.001080335999973,loop7,0.9952632890000359,0,0,0,0,0,0,0,0,0.0,0.0,0,
16,2026-10-09T10:44:08.556729+00:00,16.001080335999973,sr0,0.9952632890000359,1536,0,8,0,0,0,0,0,0.0,0.0,0,
16,2026-10-09T10:44:08.556729+00:00,16.001080335999973,sda,0.9952632890000359,382503424,5819355136,8114,17862,0,62083072,0,130,0.0,62378541.121893786,856,
16,2026-10-09T10:44:08.556729+00:00,16.001080335999973,sda1,0.9952632890000359,319488,0,78,0,0,0,0,0,0.0,0.0,0,
16,2026-10-09T10:44:08.556729+00:00,16.001080335999973,sda2,0.9952632890000359,353301504,119361536,6828,6161,0,0,0,0,0.0,0.0,0,
16,2026-10-09T10:44:08.556729+00:00,16.001080335999973,sda3,0.9952632890000359,5653504,118784,152,24,0,0,0,0,0.0,0.0,0,
16,2026-10-09T10:44:08.556729+00:00,16.001080335999973,sda4,0.9952632890000359,4657152,0,116,0,0,0,0,0,0.0,0.0,0,
16,2026-10-09T10:44:08.556729+00:00,16.001080335999973,sda5,0.9952632890000359,16117760,5699874816,805,11677,0,62083072,0,130,0.0,62378541.121893786,856,
17,2026-10-09T10:44:09.556115+00:00,17.00135736599998,loop0,0.9993861430000379,2107392,0,217,0,0,0,0,0,0.0,0.0,0,
17,2026-10-09T10:44:09.556115+00:00,17.00135736599998,loop1,0.9993861430000379,354304,0,43,0,0,0,0,0,0.0,0.0,0,
17,2026-10-09T10:44:09.556115+00:00,17.00135736599998,loop2,0.9993861430000379,1106944,0,51,0,0,0,0,0,0.0,0.0,0,
17,2026-10-09T10:44:09.556115+00:00,17.00135736599998,loop3,0.9993861430000379,1141760,0,66,0,0,0,0,0,0.0,0.0,0,
17,2026-10-09T10:44:09.556115+00:00,17.00135736599998,loop4,0.9993861430000379,1688576,0,83,0,0,0,0,0,0.0,0.0,0,
17,2026-10-09T10:44:09.556115+00:00,17.00135736599998,loop5,0.9993861430000379,14336,0,11,0,0,0,0,0,0.0,0.0,0,
17,2026-10-09T10:44:09.556115+00:00,17.00135736599998,loop6,0.9993861430000379,0,0,0,0,0,0,0,0,0.0,0.0,0,
17,2026-10-09T10:44:09.556115+00:00,17.00135736599998,loop7,0.9993861430000379,0,0,0,0,0,0,0,0,0.0,0.0,0,
17,2026-10-09T10:44:09.556115+00:00,17.00135736599998,sr0,0.9993861430000379,1536,0,8,0,0,0,0,0,0.0,0.0,0,
17,2026-10-09T10:44:09.556115+00:00,17.00135736599998,sda,0.9993861430000379,382503424,5873078272,8114,17975,0,53723136,0,113,0.0,53756134.57950253,880,
17,2026-10-09T10:44:09.556115+00:00,17.00135736599998,sda1,0.9993861430000379,319488,0,78,0,0,0,0,0,0.0,0.0,0,
17,2026-10-09T10:44:09.556115+00:00,17.00135736599998,sda2,0.9993861430000379,353301504,119361536,6828,6161,0,0,0,0,0.0,0.0,0,
17,2026-10-09T10:44:09.556115+00:00,17.00135736599998,sda3,0.9993861430000379,5653504,118784,152,24,0,0,0,0,0.0,0.0,0,
17,2026-10-09T10:44:09.556115+00:00,17.00135736599998,sda4,0.9993861430000379,4657152,0,116,0,0,0,0,0,0.0,0.0,0,
17,2026-10-09T10:44:09.556115+00:00,17.00135736599998,sda5,0.9993861430000379,16117760,5753597952,805,11790,0,53723136,0,113,0.0,53756134.57950253,880,
18,2026-10-09T10:44:10.560801+00:00,18.005806344999996,loop0,1.0046850369999447,2107392,0,217,0,0,0,0,0,0.0,0.0,0,
18,2026-10-09T10:44:10.560801+00:00,18.005806344999996,loop1,1.0046850369999447,354304,0,43,0,0,0,0,0,0.0,0.0,0,
18,2026-10-09T10:44:10.560801+00:00,18.005806344999996,loop2,1.0046850369999447,1106944,0,51,0,0,0,0,0,0.0,0.0,0,
18,2026-10-09T10:44:10.560801+00:00,18.005806344999996,loop3,1.0046850369999447,1141760,0,66,0,0,0,0,0,0.0,0.0,0,
18,2026-10-09T10:44:10.560801+00:00,18.005806344999996,loop4,1.0046850369999447,1688576,0,83,0,0,0,0,0,0.0,0.0,0,
18,2026-10-09T10:44:10.560801+00:00,18.005806344999996,loop5,1.0046850369999447,14336,0,11,0,0,0,0,0,0.0,0.0,0,
18,2026-10-09T10:44:10.560801+00:00,18.005806344999996,loop6,1.0046850369999447,0,0,0,0,0,0,0,0,0.0,0.0,0,
18,2026-10-09T10:44:10.560801+00:00,18.005806344999996,loop7,1.0046850369999447,0,0,0,0,0,0,0,0,0.0,0.0,0,
18,2026-10-09T10:44:10.560801+00:00,18.005806344999996,sr0,1.0046850369999447,1536,0,8,0,0,0,0,0,0.0,0.0,0,
18,2026-10-09T10:44:10.560801+00:00,18.005806344999996,sda,1.0046850369999447,382503424,5926457344,8114,18091,0,53379072,0,116,0.0,53130155.25680904,1044,
18,2026-10-09T10:44:10.560801+00:00,18.005806344999996,sda1,1.0046850369999447,319488,0,78,0,0,0,0,0,0.0,0.0,0,
18,2026-10-09T10:44:10.560801+00:00,18.005806344999996,sda2,1.0046850369999447,353301504,119361536,6828,6161,0,0,0,0,0.0,0.0,0,
18,2026-10-09T10:44:10.560801+00:00,18.005806344999996,sda3,1.0046850369999447,5653504,118784,152,24,0,0,0,0,0.0,0.0,0,
18,2026-10-09T10:44:10.560801+00:00,18.005806344999996,sda4,1.0046850369999447,4657152,0,116,0,0,0,0,0,0.0,0.0,0,
18,2026-10-09T10:44:10.560801+00:00,18.005806344999996,sda5,1.0046850369999447,16117760,5806977024,805,11906,0,53379072,0,116,0.0,53130155.25680904,1044,
19,2026-10-09T10:44:11.568857+00:00,19.001075560000004,loop0,1.0080564900000581,2107392,0,217,0,0,0,0,0,0.0,0.0,0,
19,2026-10-09T10:44:11.568857+00:00,19.001075560000004,loop1,1.0080564900000581,354304,0,43,0,0,0,0,0,0.0,0.0,0,
19,2026-10-09T10:44:11.568857+00:00,19.001075560000004,loop2,1.0080564900000581,1106944,0,51,0,0,0,0,0,0.0,0.0,0,
19,2026-10-09T10:44:11.568857+00:00,19.001075560000004,loop3,1.0080564900000581,1141760,0,66,0,0,0,0,0,0.0,0.0,0,
19,2026-10-09T10:44:11.568857+00:00,19.001075560000004,loop4,1.0080564900000581,1688576,0,83,0,0,0,0,0,0.0,0.0,0,
19,2026-10-09T10:44:11.568857+00:00,19.001075560000004,loop5,1.0080564900000581,14336,0,11,0,0,0,0,0,0.0,0.0,0,
19,2026-10-09T10:44:11.568857+00:00,19.001075560000004,loop6,1.0080564900000581,0,0,0,0,0,0,0,0,0.0,0.0,0,
19,2026-10-09T10:44:11.568857+00:00,19.001075560000004,loop7,1.0080564900000581,0,0,0,0,0,0,0,0,0.0,0.0,0,
19,2026-10-09T10:44:11.568857+00:00,19.001075560000004,sr0,1.0080564900000581,1536,0,8,0,0,0,0,0,0.0,0.0,0,
19,2026-10-09T10:44:11.568857+00:00,19.001075560000004,sda,1.0080564900000581,382503424,5986119680,8114,18217,0,59662336,0,126,0.0,59185508.542280756,980,
19,2026-10-09T10:44:11.568857+00:00,19.001075560000004,sda1,1.0080564900000581,319488,0,78,0,0,0,0,0,0.0,0.0,0,
19,2026-10-09T10:44:11.568857+00:00,19.001075560000004,sda2,1.0080564900000581,353301504,119373824,6828,6163,0,12288,0,2,0.0,12189.793054156411,8,
19,2026-10-09T10:44:11.568857+00:00,19.001075560000004,sda3,1.0080564900000581,5653504,118784,152,24,0,0,0,0,0.0,0.0,0,
19,2026-10-09T10:44:11.568857+00:00,19.001075560000004,sda4,1.0080564900000581,4657152,0,116,0,0,0,0,0,0.0,0.0,0,
19,2026-10-09T10:44:11.568857+00:00,19.001075560000004,sda5,1.0080564900000581,16117760,5866627072,805,12030,0,59650048,0,124,0.0,59173318.7492266,972,
20,2026-10-09T10:44:12.561721+00:00,20.001926077999997,loop0,0.9928642069999114,2107392,0,217,0,0,0,0,0,0.0,0.0,0,
20,2026-10-09T10:44:12.561721+00:00,20.001926077999997,loop1,0.9928642069999114,354304,0,43,0,0,0,0,0,0.0,0.0,0,
20,2026-10-09T10:44:12.561721+00:00,20.001926077999997,loop2,0.9928642069999114,1106944,0,51,0,0,0,0,0,0.0,0.0,0,
20,2026-10-09T10:44:12.561721+00:00,20.001926077999997,loop3,0.9928642069999114,1141760,0,66,0,0,0,0,0,0.0,0.0,0,
20,2026-10-09T10:44:12.561721+00:00,20.001926077999997,loop4,0.9928642069999114,1688576,0,83,0,0,0,0,0,0.0,0.0,0,
20,2026-10-09T10:44:12.561721+00:00,20.001926077999997,loop5,0.9928642069999114,14336,0,11,0,0,0,0,0,0.0,0.0,0,
20,2026-10-09T10:44:12.561721+00:00,20.001926077999997,loop6,0.9928642069999114,0,0,0,0,0,0,0,0,0.0,0.0,0,
20,2026-10-09T10:44:12.561721+00:00,20.001926077999997,loop7,0.9928642069999114,0,0,0,0,0,0,0,0,0.0,0.0,0,
20,2026-10-09T10:44:12.561721+00:00,20.001926077999997,sr0,0.9928642069999114,1536,0,8,0,0,0,0,0,0.0,0.0,0,
20,2026-10-09T10:44:12.561721+00:00,20.001926077999997,sda,0.9928642069999114,382503424,6039445504,8114,18328,0,53325824,0,111,0.0,53709080.88340902,948,
20,2026-10-09T10:44:12.561721+00:00,20.001926077999997,sda1,0.9928642069999114,319488,0,78,0,0,0,0,0,0.0,0.0,0,
20,2026-10-09T10:44:12.561721+00:00,20.001926077999997,sda2,0.9928642069999114,353301504,119373824,6828,6163,0,0,0,0,0.0,0.0,0,
20,2026-10-09T10:44:12.561721+00:00,20.001926077999997,sda3,0.9928642069999114,5653504,118784,152,24,0,0,0,0,0.0,0.0,0,
20,2026-10-09T10:44:12.561721+00:00,20.001926077999997,sda4,0.9928642069999114,4657152,0,116,0,0,0,0,0,0.0,0.0,0,
20,2026-10-09T10:44:12.561721+00:00,20.001926077999997,sda5,0.9928642069999114,16117760,5919952896,805,12141,0,53325824,0,111,0.0,53709080.88340902,948,
21,2026-10-09T10:44:13.557647+00:00,21.001129545000026,loop0,0.9959257560000196,2107392,0,217,0,0,0,0,0,0.0,0.0,0,
21,2026-10-09T10:44:13.557647+00:00,21.001129545000026,loop1,0.9959257560000196,354304,0,43,0,0,0,0,0,0.0,0.0,0,
21,2026-10-09T10:44:13.557647+00:00,21.001129545000026,loop2,0.9959257560000196,1106944,0,51,0,0,0,0,0,0.0,0.0,0,
21,2026-10-09T10:44:13.557647+00:00,21.001129545000026,loop3,0.9959257560000196,1141760,0,66,0,0,0,0,0,0.0,0.0,0,
21,2026-10-09T10:44:13.557647+00:00,21.001129545000026,loop4,0.9959257560000196,1688576,0,83,0,0,0,0,0,0.0,0.0,0,
21,2026-10-09T10:44:13.557647+00:00,21.001129545000026,loop5,0.9959257560000196,14336,0,11,0,0,0,0,0,0.0,0.0,0,
21,2026-10-09T10:44:13.557647+00:00,21.001129545000026,loop6,0.9959257560000196,0,0,0,0,0,0,0,0,0.0,0.0,0,
21,2026-10-09T10:44:13.557647+00:00,21.001129545000026,loop7,0.9959257560000196,0,0,0,0,0,0,0,0,0.0,0.0,0,
21,2026-10-09T10:44:13.557647+00:00,21.001129545000026,sr0,0.9959257560000196,1536,0,8,0,0,0,0,0,0.0,0.0,0,
21,2026-10-09T10:44:13.557647+00:00,21.001129545000026,sda,0.9959257560000196,382503424,6083698688,8114,18423,0,44253184,0,95,0.0,44434219.85363247,824,
21,2026-10-09T10:44:13.557647+00:00,21.001129545000026,sda1,0.9959257560000196,319488,0,78,0,0,0,0,0,0.0,0.0,0,
21,2026-10-09T10:44:13.557647+00:00,21.001129545000026,sda2,0.9959257560000196,353301504,119373824,6828,6163,0,0,0,0,0.0,0.0,0,
21,2026-10-09T10:44:13.557647+00:00,21.001129545000026,sda3,0.9959257560000196,5653504,118784,152,24,0,0,0,0,0.0,0.0,0,
21,2026-10-09T10:44:13.557647+00:00,21.001129545000026,sda4,0.9959257560000196,4657152,0,116,0,0,0,0,0,0.0,0.0,0,
21,2026-10-09T10:44:13.557647+00:00,21.001129545000026,sda5,0.9959257560000196,16117760,5964206080,805,12236,0,44253184,0,95,0.0,44434219.85363247,824,
22,2026-10-09T10:44:14.556015+00:00,22.001657888999944,loop0,0.9983683169999722,2107392,0,217,0,0,0,0,0,0.0,0.0,0,
22,2026-10-09T10:44:14.556015+00:00,22.001657888999944,loop1,0.9983683169999722,354304,0,43,0,0,0,0,0,0.0,0.0,0,
22,2026-10-09T10:44:14.556015+00:00,22.001657888999944,loop2,0.9983683169999722,1106944,0,51,0,0,0,0,0,0.0,0.0,0,
22,2026-10-09T10:44:14.556015+00:00,22.001657888999944,loop3,0.9983683169999722,1141760,0,66,0,0,0,0,0,0.0,0.0,0,
22,2026-10-09T10:44:14.556015+00:00,22.001657888999944,loop4,0.9983683169999722,1688576,0,83,0,0,0,0,0,0.0,0.0,0,
22,2026-10-09T10:44:14.556015+00:00,22.001657888999944,loop5,0.9983683169999722,14336,0,11,0,0,0,0,0,0.0,0.0,0,
22,2026-10-09T10:44:14.556015+00:00,22.001657888999944,loop6,0.9983683169999722,0,0,0,0,0,0,0,0,0.0,0.0,0,
22,2026-10-09T10:44:14.556015+00:00,22.001657888999944,loop7,0.9983683169999722,0,0,0,0,0,0,0,0,0.0,0.0,0,
22,2026-10-09T10:44:14.556015+00:00,22.001657888999944,sr0,0.9983683169999722,1536,0,8,0,0,0,0,0,0.0,0.0,0,
22,2026-10-09T10:44:14.556015+00:00,22.001657888999944,sda,0.9983683169999722,382503424,6143713280,8114,18549,0,60014592,0,126,0.0,60112676.832874365,1020,
22,2026-10-09T10:44:14.556015+00:00,22.001657888999944,sda1,0.9983683169999722,319488,0,78,0,0,0,0,0,0.0,0.0,0,
22,2026-10-09T10:44:14.556015+00:00,22.001657888999944,sda2,0.9983683169999722,353301504,119373824,6828,6163,0,0,0,0,0.0,0.0,0,
22,2026-10-09T10:44:14.556015+00:00,22.001657888999944,sda3,0.9983683169999722,5653504,118784,152,24,0,0,0,0,0.0,0.0,0,
22,2026-10-09T10:44:14.556015+00:00,22.001657888999944,sda4,0.9983683169999722,4657152,0,116,0,0,0,0,0,0.0,0.0,0,
22,2026-10-09T10:44:14.556015+00:00,22.001657888999944,sda5,0.9983683169999722,16117760,6024220672,805,12362,0,60014592,0,126,0.0,60112676.832874365,1020,
23,2026-10-09T10:44:15.556117+00:00,23.00147773799995,loop0,1.0001019420000148,2107392,0,217,0,0,0,0,0,0.0,0.0,0,
23,2026-10-09T10:44:15.556117+00:00,23.00147773799995,loop1,1.0001019420000148,354304,0,43,0,0,0,0,0,0.0,0.0,0,
23,2026-10-09T10:44:15.556117+00:00,23.00147773799995,loop2,1.0001019420000148,1106944,0,51,0,0,0,0,0,0.0,0.0,0,
23,2026-10-09T10:44:15.556117+00:00,23.00147773799995,loop3,1.0001019420000148,1141760,0,66,0,0,0,0,0,0.0,0.0,0,
23,2026-10-09T10:44:15.556117+00:00,23.00147773799995,loop4,1.0001019420000148,1688576,0,83,0,0,0,0,0,0.0,0.0,0,
23,2026-10-09T10:44:15.556117+00:00,23.00147773799995,loop5,1.0001019420000148,14336,0,11,0,0,0,0,0,0.0,0.0,0,
23,2026-10-09T10:44:15.556117+00:00,23.00147773799995,loop6,1.0001019420000148,0,0,0,0,0,0,0,0,0.0,0.0,0,
23,2026-10-09T10:44:15.556117+00:00,23.00147773799995,loop7,1.0001019420000148,0,0,0,0,0,0,0,0,0.0,0.0,0,
23,2026-10-09T10:44:15.556117+00:00,23.00147773799995,sr0,1.0001019420000148,1536,0,8,0,0,0,0,0,0.0,0.0,0,
23,2026-10-09T10:44:15.556117+00:00,23.00147773799995,sda,1.0001019420000148,382503424,6199500800,8114,18665,0,55787520,0,116,0.0,55781833.48832971,904,
23,2026-10-09T10:44:15.556117+00:00,23.00147773799995,sda1,1.0001019420000148,319488,0,78,0,0,0,0,0,0.0,0.0,0,
23,2026-10-09T10:44:15.556117+00:00,23.00147773799995,sda2,1.0001019420000148,353301504,119373824,6828,6163,0,0,0,0,0.0,0.0,0,
23,2026-10-09T10:44:15.556117+00:00,23.00147773799995,sda3,1.0001019420000148,5653504,118784,152,24,0,0,0,0,0.0,0.0,0,
23,2026-10-09T10:44:15.556117+00:00,23.00147773799995,sda4,1.0001019420000148,4657152,0,116,0,0,0,0,0,0.0,0.0,0,
23,2026-10-09T10:44:15.556117+00:00,23.00147773799995,sda5,1.0001019420000148,16117760,6080008192,805,12478,0,55787520,0,116,0.0,55781833.48832971,904,
24,2026-10-09T10:44:16.557651+00:00,24.001404031999982,loop0,1.001533868000024,2107392,0,217,0,0,0,0,0,0.0,0.0,0,
24,2026-10-09T10:44:16.557651+00:00,24.001404031999982,loop1,1.001533868000024,354304,0,43,0,0,0,0,0,0.0,0.0,0,
24,2026-10-09T10:44:16.557651+00:00,24.001404031999982,loop2,1.001533868000024,1106944,0,51,0,0,0,0,0,0.0,0.0,0,
24,2026-10-09T10:44:16.557651+00:00,24.001404031999982,loop3,1.001533868000024,1141760,0,66,0,0,0,0,0,0.0,0.0,0,
24,2026-10-09T10:44:16.557651+00:00,24.001404031999982,loop4,1.001533868000024,1688576,0,83,0,0,0,0,0,0.0,0.0,0,
24,2026-10-09T10:44:16.557651+00:00,24.001404031999982,loop5,1.001533868000024,14336,0,11,0,0,0,0,0,0.0,0.0,0,
24,2026-10-09T10:44:16.557651+00:00,24.001404031999982,loop6,1.001533868000024,0,0,0,0,0,0,0,0,0.0,0.0,0,
24,2026-10-09T10:44:16.557651+00:00,24.001404031999982,loop7,1.001533868000024,0,0,0,0,0,0,0,0,0.0,0.0,0,
24,2026-10-09T10:44:16.557651+00:00,24.001404031999982,sr0,1.001533868000024,1536,0,8,0,0,0,0,0,0.0,0.0,0,
24,2026-10-09T10:44:16.557651+00:00,24.001404031999982,sda,1.001533868000024,382503424,6258499584,8114,18795,0,58998784,0,130,0.0,58908426.25004328,1008,
24,2026-10-09T10:44:16.557651+00:00,24.001404031999982,sda1,1.001533868000024,319488,0,78,0,0,0,0,0,0.0,0.0,0,
24,2026-10-09T10:44:16.557651+00:00,24.001404031999982,sda2,1.001533868000024,353301504,119386112,6828,6165,0,12288,0,2,0.0,12269.180696343366,8,
24,2026-10-09T10:44:16.557651+00:00,24.001404031999982,sda3,1.001533868000024,5653504,118784,152,24,0,0,0,0,0.0,0.0,0,
24,2026-10-09T10:44:16.557651+00:00,24.001404031999982,sda4,1.001533868000024,4657152,0,116,0,0,0,0,0,0.0,0.0,0,
24,2026-10-09T10:44:16.557651+00:00,24.001404031999982,sda5,1.001533868000024,16117760,6138994688,805,12606,0,58986496,0,128,0.0,58896157.069346935,1000,
25,2026-10-09T10:44:17.564700+00:00,25.00143786000001,loop0,1.007048237000049,2107392,0,217,0,0,0,0,0,0.0,0.0,0,
25,2026-10-09T10:44:17.564700+00:00,25.00143786000001,loop1,1.007048237000049,354304,0,43,0,0,0,0,0,0.0,0.0,0,
25,2026-10-09T10:44:17.564700+00:00,25.00143786000001,loop2,1.007048237000049,1106944,0,51,0,0,0,0,0,0.0,0.0,0,
25,2026-10-09T10:44:17.564700+00:00,25.00143786000001,loop3,1.007048237000049,1141760,0,66,0,0,0,0,0,0.0,0.0,0,
25,2026-10-09T10:44:17.564700+00:00,25.00143786000001,loop4,1.007048237000049,1688576,0,83,0,0,0,0,0,0.0,0.0,0,
25,2026-10-09T10:44:17.564700+00:00,25.00143786000001,loop5,1.007048237000049,14336,0,11,0,0,0,0,0,0.0,0.0,0,
25,2026-10-09T10:44:17.564700+00:00,25.00143786000001,loop6,1.007048237000049,0,0,0,0,0,0,0,0,0.0,0.0,0,
25,2026-10-09T10:44:17.564700+00:00,25.00143786000001,loop7,1.007048237000049,0,0,0,0,0,0,0,0,0.0,0.0,0,
25,2026-10-09T10:44:17.564700+00:00,25.00143786000001,sr0,1.007048237000049,1536,0,8,0,0,0,0,0,0.0,0.0,0,
25,2026-10-09T10:44:17.564700+00:00,25.00143786000001,sda,1.007048237000049,382503424,6321336320,8114,18927,0,62836736,0,132,0.0,62396947.525758825,960,
25,2026-10-09T10:44:17.564700+00:00,25.00143786000001,sda1,1.007048237000049,319488,0,78,0,0,0,0,0,0.0,0.0,0,
25,2026-10-09T10:44:17.564700+00:00,25.00143786000001,sda2,1.007048237000049,353301504,119386112,6828,6165,0,0,0,0,0.0,0.0,0,
25,2026-10-09T10:44:17.564700+00:00,25.00143786000001,sda3,1.007048237000049,5653504,118784,152,24,0,0,0,0,0.0,0.0,0,
25,2026-10-09T10:44:17.564700+00:00,25.00143786000001,sda4,1.007048237000049,4657152,0,116,0,0,0,0,0,0.0,0.0,0,
25,2026-10-09T10:44:17.564700+00:00,25.00143786000001,sda5,1.007048237000049,16117760,6201831424,805,12738,0,62836736,0,132,0.0,62396947.525758825,960,
26,2026-10-09T10:44:18.558991+00:00,26.000834119000046,loop0,0.9942919229999916,2107392,0,217,0,0,0,0,0,0.0,0.0,0,
26,2026-10-09T10:44:18.558991+00:00,26.000834119000046,loop1,0.9942919229999916,354304,0,43,0,0,0,0,0,0.0,0.0,0,
26,2026-10-09T10:44:18.558991+00:00,26.000834119000046,loop2,0.9942919229999916,1106944,0,51,0,0,0,0,0,0.0,0.0,0,
26,2026-10-09T10:44:18.558991+00:00,26.000834119000046,loop3,0.9942919229999916,1141760,0,66,0,0,0,0,0,0.0,0.0,0,
26,2026-10-09T10:44:18.558991+00:00,26.000834119000046,loop4,0.9942919229999916,1688576,0,83,0,0,0,0,0,0.0,0.0,0,
26,2026-10-09T10:44:18.558991+00:00,26.000834119000046,loop5,0.9942919229999916,14336,0,11,0,0,0,0,0,0.0,0.0,0,
26,2026-10-09T10:44:18.558991+00:00,26.000834119000046,loop6,0.9942919229999916,0,0,0,0,0,0,0,0,0.0,0.0,0,
26,2026-10-09T10:44:18.558991+00:00,26.000834119000046,loop7,0.9942919229999916,0,0,0,0,0,0,0,0,0.0,0.0,0,
26,2026-10-09T10:44:18.558991+00:00,26.000834119000046,sr0,0.9942919229999916,1536,0,8,0,0,0,0,0,0.0,0.0,0,
26,2026-10-09T10:44:18.558991+00:00,26.000834119000046,sda,0.9942919229999916,382503424,6368010240,8114,19025,0,46673920,0,98,0.0,46941867.79590323,948,
26,2026-10-09T10:44:18.558991+00:00,26.000834119000046,sda1,0.9942919229999916,319488,0,78,0,0,0,0,0,0.0,0.0,0,
26,2026-10-09T10:44:18.558991+00:00,26.000834119000046,sda2,0.9942919229999916,353301504,119386112,6828,6165,0,0,0,0,0.0,0.0,0,
26,2026-10-09T10:44:18.558991+00:00,26.000834119000046,sda3,0.9942919229999916,5653504,118784,152,24,0,0,0,0,0.0,0.0,0,
26,2026-10-09T10:44:18.558991+00:00,26.000834119000046,sda4,0.9942919229999916,4657152,0,116,0,0,0,0,0,0.0,0.0,0,
26,2026-10-09T10:44:18.558991+00:00,26.000834119000046,sda5,0.9942919229999916,16117760,6248505344,805,12836,0,46673920,0,98,0.0,46941867.79590323,948,
27,2026-10-09T10:44:19.556127+00:00,27.00159045099997,loop0,0.9971358989999999,2107392,0,217,0,0,0,0,0,0.0,0.0,0,
27,2026-10-09T10:44:19.556127+00:00,27.00159045099997,loop1,0.9971358989999999,354304,0,43,0,0,0,0,0,0.0,0.0,0,
27,2026-10-09T10:44:19.556127+00:00,27.00159045099997,loop2,0.9971358989999999,1106944,0,51,0,0,0,0,0,0.0,0.0,0,
27,2026-10-09T10:44:19.556127+00:00,27.00159045099997,loop3,0.9971358989999999,1141760,0,66,0,0,0,0,0,0.0,0.0,0,
27,2026-10-09T10:44:19.556127+00:00,27.00159045099997,loop4,0.9971358989999999,1688576,0,83,0,0,0,0,0,0.0,0.0,0,
27,2026-10-09T10:44:19.556127+00:00,27.00159045099997,loop5,0.9971358989999999,14336,0,11,0,0,0,0,0,0.0,0.0,0,
27,2026-10-09T10:44:19.556127+00:00,27.00159045099997,loop6,0.9971358989999999,0,0,0,0,0,0,0,0,0.0,0.0,0,
27,2026-10-09T10:44:19.556127+00:00,27.00159045099997,loop7,0.9971358989999999,0,0,0,0,0,0,0,0,0.0,0.0,0,
27,2026-10-09T10:44:19.556127+00:00,27.00159045099997,sr0,0.9971358989999999,1536,0,8,0,0,0,0,0,0.0,0.0,0,
27,2026-10-09T10:44:19.556127+00:00,27.00159045099997,sda,0.9971358989999999,382503424,6427992064,8114,19150,0,59981824,0,125,0.0,60154111.45076024,944,
27,2026-10-09T10:44:19.556127+00:00,27.00159045099997,sda1,0.9971358989999999,319488,0,78,0,0,0,0,0,0.0,0.0,0,
27,2026-10-09T10:44:19.556127+00:00,27.00159045099997,sda2,0.9971358989999999,353301504,119386112,6828,6165,0,0,0,0,0.0,0.0,0,
27,2026-10-09T10:44:19.556127+00:00,27.00159045099997,sda3,0.9971358989999999,5653504,118784,152,24,0,0,0,0,0.0,0.0,0,
27,2026-10-09T10:44:19.556127+00:00,27.00159045099997,sda4,0.9971358989999999,4657152,0,116,0,0,0,0,0,0.0,0.0,0,
27,2026-10-09T10:44:19.556127+00:00,27.00159045099997,sda5,0.9971358989999999,16117760,6308487168,805,12961,0,59981824,0,125,0.0,60154111.45076024,944,
28,2026-10-09T10:44:20.559042+00:00,28.00081004599997,loop0,1.0029150259999824,2107392,0,217,0,0,0,0,0,0.0,0.0,0,
28,2026-10-09T10:44:20.559042+00:00,28.00081004599997,loop1,1.0029150259999824,354304,0,43,0,0,0,0,0,0.0,0.0,0,
28,2026-10-09T10:44:20.559042+00:00,28.00081004599997,loop2,1.0029150259999824,1106944,0,51,0,0,0,0,0,0.0,0.0,0,
28,2026-10-09T10:44:20.559042+00:00,28.00081004599997,loop3,1.0029150259999824,1141760,0,66,0,0,0,0,0,0.0,0.0,0,
28,2026-10-09T10:44:20.559042+00:00,28.00081004599997,loop4,1.0029150259999824,1688576,0,83,0,0,0,0,0,0.0,0.0,0,
28,2026-10-09T10:44:20.559042+00:00,28.00081004599997,loop5,1.0029150259999824,14336,0,11,0,0,0,0,0,0.0,0.0,0,
28,2026-10-09T10:44:20.559042+00:00,28.00081004599997,loop6,1.0029150259999824,0,0,0,0,0,0,0,0,0.0,0.0,0,
28,2026-10-09T10:44:20.559042+00:00,28.00081004599997,loop7,1.0029150259999824,0,0,0,0,0,0,0,0,0.0,0.0,0,
28,2026-10-09T10:44:20.559042+00:00,28.00081004599997,sr0,1.0029150259999824,1536,0,8,0,0,0,0,0,0.0,0.0,0,
28,2026-10-09T10:44:20.559042+00:00,28.00081004599997,sda,1.0029150259999824,382503424,6482366464,8114,19263,0,54374400,0,113,0.0,54216357.90707652,960,
28,2026-10-09T10:44:20.559042+00:00,28.00081004599997,sda1,1.0029150259999824,319488,0,78,0,0,0,0,0,0.0,0.0,0,
28,2026-10-09T10:44:20.559042+00:00,28.00081004599997,sda2,1.0029150259999824,353301504,119386112,6828,6165,0,0,0,0,0.0,0.0,0,
28,2026-10-09T10:44:20.559042+00:00,28.00081004599997,sda3,1.0029150259999824,5653504,118784,152,24,0,0,0,0,0.0,0.0,0,
28,2026-10-09T10:44:20.559042+00:00,28.00081004599997,sda4,1.0029150259999824,4657152,0,116,0,0,0,0,0,0.0,0.0,0,
28,2026-10-09T10:44:20.559042+00:00,28.00081004599997,sda5,1.0029150259999824,16117760,6362861568,805,13074,0,54374400,0,113,0.0,54216357.90707652,960,
29,2026-10-09T10:44:21.579511+00:00,29.022375814000043,loop0,1.020468314000027,2107392,0,217,0,0,0,0,0,0.0,0.0,0,
29,2026-10-09T10:44:21.579511+00:00,29.022375814000043,loop1,1.020468314000027,354304,0,43,0,0,0,0,0,0.0,0.0,0,
29,2026-10-09T10:44:21.579511+00:00,29.022375814000043,loop2,1.020468314000027,1106944,0,51,0,0,0,0,0,0.0,0.0,0,
29,2026-10-09T10:44:21.579511+00:00,29.022375814000043,loop3,1.020468314000027,1141760,0,66,0,0,0,0,0,0.0,0.0,0,
29,2026-10-09T10:44:21.579511+00:00,29.022375814000043,loop4,1.020468314000027,1688576,0,83,0,0,0,0,0,0.0,0.0,0,
29,2026-10-09T10:44:21.579511+00:00,29.022375814000043,loop5,1.020468314000027,14336,0,11,0,0,0,0,0,0.0,0.0,0,
29,2026-10-09T10:44:21.579511+00:00,29.022375814000043,loop6,1.020468314000027,0,0,0,0,0,0,0,0,0.0,0.0,0,
29,2026-10-09T10:44:21.579511+00:00,29.022375814000043,loop7,1.020468314000027,0,0,0,0,0,0,0,0,0.0,0.0,0,
29,2026-10-09T10:44:21.579511+00:00,29.022375814000043,sr0,1.020468314000027,1536,0,8,0,0,0,0,0,0.0,0.0,0,
29,2026-10-09T10:44:21.579511+00:00,29.022375814000043,sda,1.020468314000027,382503424,6534328320,8114,19374,0,51961856,0,111,0.0,50919617.28465645,916,
29,2026-10-09T10:44:21.579511+00:00,29.022375814000043,sda1,1.020468314000027,319488,0,78,0,0,0,0,0,0.0,0.0,0,
29,2026-10-09T10:44:21.579511+00:00,29.022375814000043,sda2,1.020468314000027,353301504,119398400,6828,6167,0,12288,0,2,0.0,12041.530179250303,8,
29,2026-10-09T10:44:21.579511+00:00,29.022375814000043,sda3,1.020468314000027,5653504,118784,152,24,0,0,0,0,0.0,0.0,0,
29,2026-10-09T10:44:21.579511+00:00,29.022375814000043,sda4,1.020468314000027,4657152,0,116,0,0,0,0,0,0.0,0.0,0,
29,2026-10-09T10:44:21.579511+00:00,29.022375814000043,sda5,1.020468314000027,16117760,6414811136,805,13183,0,51949568,0,109,0.0,50907575.754477195,908,
30,2026-10-09T10:44:22.555635+00:00,30.00050829899999,loop0,0.9761246350000192,2107392,0,217,0,0,0,0,0,0.0,0.0,0,
30,2026-10-09T10:44:22.555635+00:00,30.00050829899999,loop1,0.9761246350000192,354304,0,43,0,0,0,0,0,0.0,0.0,0,
30,2026-10-09T10:44:22.555635+00:00,30.00050829899999,loop2,0.9761246350000192,1106944,0,51,0,0,0,0,0,0.0,0.0,0,
30,2026-10-09T10:44:22.555635+00:00,30.00050829899999,loop3,0.9761246350000192,1141760,0,66,0,0,0,0,0,0.0,0.0,0,
30,2026-10-09T10:44:22.555635+00:00,30.00050829899999,loop4,0.9761246350000192,1688576,0,83,0,0,0,0,0,0.0,0.0,0,
30,2026-10-09T10:44:22.555635+00:00,30.00050829899999,loop5,0.9761246350000192,14336,0,11,0,0,0,0,0,0.0,0.0,0,
30,2026-10-09T10:44:22.555635+00:00,30.00050829899999,loop6,0.9761246350000192,0,0,0,0,0,0,0,0,0.0,0.0,0,
30,2026-10-09T10:44:22.555635+00:00,30.00050829899999,loop7,0.9761246350000192,0,0,0,0,0,0,0,0,0.0,0.0,0,
30,2026-10-09T10:44:22.555635+00:00,30.00050829899999,sr0,0.9761246350000192,1536,0,8,0,0,0,0,0,0.0,0.0,0,
30,2026-10-09T10:44:22.555635+00:00,30.00050829899999,sda,0.9761246350000192,382503424,6587031552,8114,19487,0,52703232,0,113,0.0,53992318.30676926,868,
30,2026-10-09T10:44:22.555635+00:00,30.00050829899999,sda1,0.9761246350000192,319488,0,78,0,0,0,0,0,0.0,0.0,0,
30,2026-10-09T10:44:22.555635+00:00,30.00050829899999,sda2,0.9761246350000192,353301504,119398400,6828,6167,0,0,0,0,0.0,0.0,0,
30,2026-10-09T10:44:22.555635+00:00,30.00050829899999,sda3,0.9761246350000192,5653504,118784,152,24,0,0,0,0,0.0,0.0,0,
30,2026-10-09T10:44:22.555635+00:00,30.00050829899999,sda4,0.9761246350000192,4657152,0,116,0,0,0,0,0,0.0,0.0,0,
30,2026-10-09T10:44:22.555635+00:00,30.00050829899999,sda5,0.9761246350000192,16117760,6467514368,805,13296,0,52703232,0,113,0.0,53992318.30676926,868,
31,2026-10-09T10:44:23.556071+00:00,31.00123445500003,loop0,1.0004356039999038,2107392,0,217,0,0,0,0,0,0.0,0.0,0,
31,2026-10-09T10:44:23.556071+00:00,31.00123445500003,loop1,1.0004356039999038,354304,0,43,0,0,0,0,0,0.0,0.0,0,
31,2026-10-09T10:44:23.556071+00:00,31.00123445500003,loop2,1.0004356039999038,1106944,0,51,0,0,0,0,0,0.0,0.0,0,
31,2026-10-09T10:44:23.556071+00:00,31.00123445500003,loop3,1.0004356039999038,1141760,0,66,0,0,0,0,0,0.0,0.0,0,
31,2026-10-09T10:44:23.556071+00:00,31.00123445500003,loop4,1.0004356039999038,1688576,0,83,0,0,0,0,0,0.0,0.0,0,
31,2026-10-09T10:44:23.556071+00:00,31.00123445500003,loop5,1.0004356039999038,14336,0,11,0,0,0,0,0,0.0,0.0,0,
31,2026-10-09T10:44:23.556071+00:00,31.00123445500003,loop6,1.0004356039999038,0,0,0,0,0,0,0,0,0.0,0.0,0,
31,2026-10-09T10:44:23.556071+00:00,31.00123445500003,loop7,1.0004356039999038,0,0,0,0,0,0,0,0,0.0,0.0,0,
31,2026-10-09T10:44:23.556071+00:00,31.00123445500003,sr0,1.0004356039999038,1536,0,8,0,0,0,0,0,0.0,0.0,0,
31,2026-10-09T10:44:23.556071+00:00,31.00123445500003,sda,1.0004356039999038,382503424,6641819648,8114,19604,0,54788096,0,117,0.0,54764240.477796175,960,
31,2026-10-09T10:44:23.556071+00:00,31.00123445500003,sda1,1.0004356039999038,319488,0,78,0,0,0,0,0,0.0,0.0,0,
31,2026-10-09T10:44:23.556071+00:00,31.00123445500003,sda2,1.0004356039999038,353301504,119414784,6828,6169,0,16384,0,2,0.0,16376.866171589765,16,
31,2026-10-09T10:44:23.556071+00:00,31.00123445500003,sda3,1.0004356039999038,5653504,118784,152,24,0,0,0,0,0.0,0.0,0,
31,2026-10-09T10:44:23.556071+00:00,31.00123445500003,sda4,1.0004356039999038,4657152,0,116,0,0,0,0,0,0.0,0.0,0,
31,2026-10-09T10:44:23.556071+00:00,31.00123445500003,sda5,1.0004356039999038,16117760,6522286080,805,13411,0,54771712,0,115,0.0,54747863.61162458,1024,
32,2026-10-09T10:44:24.563627+00:00,32.00918370199997,loop0,1.0075560260000884,2107392,0,217,0,0,0,0,0,0.0,0.0,0,
32,2026-10-09T10:44:24.563627+00:00,32.00918370199997,loop1,1.0075560260000884,354304,0,43,0,0,0,0,0,0.0,0.0,0,
32,2026-10-09T10:44:24.563627+00:00,32.00918370199997,loop2,1.0075560260000884,1106944,0,51,0,0,0,0,0,0.0,0.0,0,
32,2026-10-09T10:44:24.563627+00:00,32.00918370199997,loop3,1.0075560260000884,1141760,0,66,0,0,0,0,0,0.0,0.0,0,
32,2026-10-09T10:44:24.563627+00:00,32.00918370199997,loop4,1.0075560260000884,1688576,0,83,0,0,0,0,0,0.0,0.0,0,
32,2026-10-09T10:44:24.563627+00:00,32.00918370199997,loop5,1.0075560260000884,14336,0,11,0,0,0,0,0,0.0,0.0,0,
32,2026-10-09T10:44:24.563627+00:00,32.00918370199997,loop6,1.0075560260000884,0,0,0,0,0,0,0,0,0.0,0.0,0,
32,2026-10-09T10:44:24.563627+00:00,32.00918370199997,loop7,1.0075560260000884,0,0,0,0,0,0,0,0,0.0,0.0,0,
32,2026-10-09T10:44:24.563627+00:00,32.00918370199997,sr0,1.0075560260000884,1536,0,8,0,0,0,0,0,0.0,0.0,0,
32,2026-10-09T10:44:24.563627+00:00,32.00918370199997,sda,1.0075560260000884,382503424,6688841728,8114,19705,0,47022080,0,101,0.0,46669444.46421868,808,
32,2026-10-09T10:44:24.563627+00:00,32.00918370199997,sda1,1.0075560260000884,319488,0,78,0,0,0,0,0,0.0,0.0,0,
32,2026-10-09T10:44:24.563627+00:00,32.00918370199997,sda2,1.0075560260000884,353301504,119414784,6828,6169,0,0,0,0,0.0,0.0,0,
32,2026-10-09T10:44:24.563627+00:00,32.00918370199997,sda3,1.0075560260000884,5653504,118784,152,24,0,0,0,0,0.0,0.0,0,
32,2026-10-09T10:44:24.563627+00:00,32.00918370199997,sda4,1.0075560260000884,4657152,0,116,0,0,0,0,0,0.0,0.0,0,
32,2026-10-09T10:44:24.563627+00:00,32.00918370199997,sda5,1.0075560260000884,16117760,6569308160,805,13512,0,47022080,0,101,0.0,46669444.46421868,808,
33,2026-10-09T10:44:25.556518+00:00,33.001743334000025,loop0,0.9928915739999411,2107392,0,217,0,0,0,0,0,0.0,0.0,0,
33,2026-10-09T10:44:25.556518+00:00,33.001743334000025,loop1,0.9928915739999411,354304,0,43,0,0,0,0,0,0.0,0.0,0,
33,2026-10-09T10:44:25.556518+00:00,33.001743334000025,loop2,0.9928915739999411,1106944,0,51,0,0,0,0,0,0.0,0.0,0,
33,2026-10-09T10:44:25.556518+00:00,33.001743334000025,loop3,0.9928915739999411,1141760,0,66,0,0,0,0,0,0.0,0.0,0,
33,2026-10-09T10:44:25.556518+00:00,33.001743334000025,loop4,0.9928915739999411,1688576,0,83,0,0,0,0,0,0.0,0.0,0,
33,2026-10-09T10:44:25.556518+00:00,33.001743334000025,loop5,0.9928915739999411,14336,0,11,0,0,0,0,0,0.0,0.0,0,
33,2026-10-09T10:44:25.556518+00:00,33.001743334000025,loop6,0.9928915739999411,0,0,0,0,0,0,0,0,0.0,0.0,0,
33,2026-10-09T10:44:25.556518+00:00,33.001743334000025,loop7,0.9928915739999411,0,0,0,0,0,0,0,0,0.0,0.0,0,
33,2026-10-09T10:44:25.556518+00:00,33.001743334000025,sr0,0.9928915739999411,1536,0,8,0,0,0,0,0,0.0,0.0,0,
33,2026-10-09T10:44:25.556518+00:00,33.001743334000025,sda,0.9928915739999411,382503424,6694486016,8114,19718,0,5644288,0,13,0.0,5684697.249732462,740,
33,2026-10-09T10:44:25.556518+00:00,33.001743334000025,sda1,0.9928915739999411,319488,0,78,0,0,0,0,0,0.0,0.0,0,
33,2026-10-09T10:44:25.556518+00:00,33.001743334000025,sda2,0.9928915739999411,353301504,119414784,6828,6169,0,0,0,0,0.0,0.0,0,
33,2026-10-09T10:44:25.556518+00:00,33.001743334000025,sda3,0.9928915739999411,5653504,118784,152,24,0,0,0,0,0.0,0.0,0,
33,2026-10-09T10:44:25.556518+00:00,33.001743334000025,sda4,0.9928915739999411,4657152,0,116,0,0,0,0,0,0.0,0.0,0,
33,2026-10-09T10:44:25.556518+00:00,33.001743334000025,sda5,0.9928915739999411,16117760,6574952448,805,13525,0,5644288,0,13,0.0,5684697.249732462,740,
34,2026-10-09T10:44:26.559514+00:00,34.00521736500002,loop0,1.0029962170000317,2107392,0,217,0,0,0,0,0,0.0,0.0,0,
34,2026-10-09T10:44:26.559514+00:00,34.00521736500002,loop1,1.0029962170000317,354304,0,43,0,0,0,0,0,0.0,0.0,0,
34,2026-10-09T10:44:26.559514+00:00,34.00521736500002,loop2,1.0029962170000317,1106944,0,51,0,0,0,0,0,0.0,0.0,0,
34,2026-10-09T10:44:26.559514+00:00,34.00521736500002,loop3,1.0029962170000317,1141760,0,66,0,0,0,0,0,0.0,0.0,0,
34,2026-10-09T10:44:26.559514+00:00,34.00521736500002,loop4,1.0029962170000317,1688576,0,83,0,0,0,0,0,0.0,0.0,0,
34,2026-10-09T10:44:26.559514+00:00,34.00521736500002,loop5,1.0029962170000317,14336,0,11,0,0,0,0,0,0.0,0.0,0,
34,2026-10-09T10:44:26.559514+00:00,34.00521736500002,loop6,1.0029962170000317,0,0,0,0,0,0,0,0,0.0,0.0,0,
34,2026-10-09T10:44:26.559514+00:00,34.00521736500002,loop7,1.0029962170000317,0,0,0,0,0,0,0,0,0.0,0.0,0,
34,2026-10-09T10:44:26.559514+00:00,34.00521736500002,sr0,1.0029962170000317,1536,0,8,0,0,0,0,0,0.0,0.0,0,
34,2026-10-09T10:44:26.559514+00:00,34.00521736500002,sda,1.0029962170000317,382503424,6694486016,8114,19718,0,0,0,0,0.0,0.0,0,
34,2026-10-09T10:44:26.559514+00:00,34.00521736500002,sda1,1.0029962170000317,319488,0,78,0,0,0,0,0,0.0,0.0,0,
34,2026-10-09T10:44:26.559514+00:00,34.00521736500002,sda2,1.0029962170000317,353301504,119414784,6828,6169,0,0,0,0,0.0,0.0,0,
34,2026-10-09T10:44:26.559514+00:00,34.00521736500002,sda3,1.0029962170000317,5653504,118784,152,24,0,0,0,0,0.0,0.0,0,
34,2026-10-09T10:44:26.559514+00:00,34.00521736500002,sda4,1.0029962170000317,4657152,0,116,0,0,0,0,0,0.0,0.0,0,
34,2026-10-09T10:44:26.559514+00:00,34.00521736500002,sda5,1.0029962170000317,16117760,6574952448,805,13525,0,0,0,0,0.0,0.0,0,
35,2026-10-09T10:44:27.555925+00:00,35.00158653400001,loop0,0.9964106529999981,2107392,0,217,0,0,0,0,0,0.0,0.0,0,
35,2026-10-09T10:44:27.555925+00:00,35.00158653400001,loop1,0.9964106529999981,354304,0,43,0,0,0,0,0,0.0,0.0,0,
35,2026-10-09T10:44:27.555925+00:00,35.00158653400001,loop2,0.9964106529999981,1106944,0,51,0,0,0,0,0,0.0,0.0,0,
35,2026-10-09T10:44:27.555925+00:00,35.00158653400001,loop3,0.9964106529999981,1141760,0,66,0,0,0,0,0,0.0,0.0,0,
35,2026-10-09T10:44:27.555925+00:00,35.00158653400001,loop4,0.9964106529999981,1688576,0,83,0,0,0,0,0,0.0,0.0,0,
35,2026-10-09T10:44:27.555925+00:00,35.00158653400001,loop5,0.9964106529999981,14336,0,11,0,0,0,0,0,0.0,0.0,0,
35,2026-10-09T10:44:27.555925+00:00,35.00158653400001,loop6,0.9964106529999981,0,0,0,0,0,0,0,0,0.0,0.0,0,
35,2026-10-09T10:44:27.555925+00:00,35.00158653400001,loop7,0.9964106529999981,0,0,0,0,0,0,0,0,0.0,0.0,0,
35,2026-10-09T10:44:27.555925+00:00,35.00158653400001,sr0,0.9964106529999981,1536,0,8,0,0,0,0,0,0.0,0.0,0,
35,2026-10-09T10:44:27.555925+00:00,35.00158653400001,sda,0.9964106529999981,382503424,6715576320,8114,19764,0,21090304,0,46,0.0,21166277.11325768,384,
35,2026-10-09T10:44:27.555925+00:00,35.00158653400001,sda1,0.9964106529999981,319488,0,78,0,0,0,0,0,0.0,0.0,0,
35,2026-10-09T10:44:27.555925+00:00,35.00158653400001,sda2,0.9964106529999981,353301504,119447552,6828,6171,0,32768,0,2,0.0,32886.03940688705,8,
35,2026-10-09T10:44:27.555925+00:00,35.00158653400001,sda3,0.9964106529999981,5653504,118784,152,24,0,0,0,0,0.0,0.0,0,
35,2026-10-09T10:44:27.555925+00:00,35.00158653400001,sda4,0.9964106529999981,4657152,0,116,0,0,0,0,0,0.0,0.0,0,
35,2026-10-09T10:44:27.555925+00:00,35.00158653400001,sda5,0.9964106529999981,16117760,6596009984,805,13569,0,21057536,0,44,0.0,21133391.073850792,376,
36,2026-10-09T10:44:28.554967+00:00,36.00062373100002,loop0,0.9990420169999652,2107392,0,217,0,0,0,0,0,0.0,0.0,0,
36,2026-10-09T10:44:28.554967+00:00,36.00062373100002,loop1,0.9990420169999652,354304,0,43,0,0,0,0,0,0.0,0.0,0,
36,2026-10-09T10:44:28.554967+00:00,36.00062373100002,loop2,0.9990420169999652,1106944,0,51,0,0,0,0,0,0.0,0.0,0,
36,2026-10-09T10:44:28.554967+00:00,36.00062373100002,loop3,0.9990420169999652,1141760,0,66,0,0,0,0,0,0.0,0.0,0,
36,2026-10-09T10:44:28.554967+00:00,36.00062373100002,loop4,0.9990420169999652,1688576,0,83,0,0,0,0,0,0.0,0.0,0,
36,2026-10-09T10:44:28.554967+00:00,36.00062373100002,loop5,0.9990420169999652,14336,0,11,0,0,0,0,0,0.0,0.0,0,
36,2026-10-09T10:44:28.554967+00:00,36.00062373100002,loop6,0.9990420169999652,0,0,0,0,0,0,0,0,0.0,0.0,0,
36,2026-10-09T10:44:28.554967+00:00,36.00062373100002,loop7,0.9990420169999652,0,0,0,0,0,0,0,0,0.0,0.0,0,
36,2026-10-09T10:44:28.554967+00:00,36.00062373100002,sr0,0.9990420169999652,1536,0,8,0,0,0,0,0,0.0,0.0,0,
36,2026-10-09T10:44:28.554967+00:00,36.00062373100002,sda,0.9990420169999652,382503424,6774931456,8114,19891,0,59355136,0,127,0.0,59412051.73555985,908,
36,2026-10-09T10:44:28.554967+00:00,36.00062373100002,sda1,0.9990420169999652,319488,0,78,0,0,0,0,0,0.0,0.0,0,
36,2026-10-09T10:44:28.554967+00:00,36.00062373100002,sda2,0.9990420169999652,353301504,119447552,6828,6171,0,0,0,0,0.0,0.0,0,
36,2026-10-09T10:44:28.554967+00:00,36.00062373100002,sda3,0.9990420169999652,5653504,118784,152,24,0,0,0,0,0.0,0.0,0,
36,2026-10-09T10:44:28.554967+00:00,36.00062373100002,sda4,0.9990420169999652,4657152,0,116,0,0,0,0,0,0.0,0.0,0,
36,2026-10-09T10:44:28.554967+00:00,36.00062373100002,sda5,0.9990420169999652,16117760,6655365120,805,13696,0,59355136,0,127,0.0,59412051.73555985,908,
37,2026-10-09T10:44:29.558972+00:00,37.003249341000014,loop0,1.0040051839999933,2107392,0,217,0,0,0,0,0,0.0,0.0,0,
37,2026-10-09T10:44:29.558972+00:00,37.003249341000014,loop1,1.0040051839999933,354304,0,43,0,0,0,0,0,0.0,0.0,0,
37,2026-10-09T10:44:29.558972+00:00,37.003249341000014,loop2,1.0040051839999933,1106944,0,51,0,0,0,0,0,0.0,0.0,0,
37,2026-10-09T10:44:29.558972+00:00,37.003249341000014,loop3,1.0040051839999933,1141760,0,66,0,0,0,0,0,0.0,0.0,0,
37,2026-10-09T10:44:29.558972+00:00,37.003249341000014,loop4,1.0040051839999933,1688576,0,83,0,0,0,0,0,0.0,0.0,0,
37,2026-10-09T10:44:29.558972+00:00,37.003249341000014,loop5,1.0040051839999933,14336,0,11,0,0,0,0,0,0.0,0.0,0,
37,2026-10-09T10:44:29.558972+00:00,37.003249341000014,loop6,1.0040051839999933,0,0,0,0,0,0,0,0,0.0,0.0,0,
37,2026-10-09T10:44:29.558972+00:00,37.003249341000014,loop7,1.0040051839999933,0,0,0,0,0,0,0,0,0.0,0.0,0,
37,2026-10-09T10:44:29.558972+00:00,37.003249341000014,sr0,1.0040051839999933,1536,0,8,0,0,0,0,0,0.0,0.0,0,
37,2026-10-09T10:44:29.558972+00:00,37.003249341000014,sda,1.0040051839999933,382503424,6829346816,8114,20012,0,54415360,0,121,0.0,54198285.89251623,1028,
37,2026-10-09T10:44:29.558972+00:00,37.003249341000014,sda1,1.0040051839999933,319488,0,78,0,0,0,0,0,0.0,0.0,0,
37,2026-10-09T10:44:29.558972+00:00,37.003249341000014,sda2,1.0040051839999933,353301504,119468032,6828,6176,0,20480,0,5,0.0,20398.301051003476,4,
37,2026-10-09T10:44:29.558972+00:00,37.003249341000014,sda3,1.0040051839999933,5653504,118784,152,24,0,0,0,0,0.0,0.0,0,
37,2026-10-09T10:44:29.558972+00:00,37.003249341000014,sda4,1.0040051839999933,4657152,0,116,0,0,0,0,0,0.0,0.0,0,
37,2026-10-09T10:44:29.558972+00:00,37.003249341000014,sda5,1.0040051839999933,16117760,6709760000,805,13812,0,54394880,0,116,0.0,54177887.59146523,1028,
38,2026-10-09T10:44:30.560360+00:00,38.00585114499995,loop0,1.0013875890000463,2107392,0,217,0,0,0,0,0,0.0,0.0,0,
38,2026-10-09T10:44:30.560360+00:00,38.00585114499995,loop1,1.0013875890000463,354304,0,43,0,0,0,0,0,0.0,0.0,0,
38,2026-10-09T10:44:30.560360+00:00,38.00585114499995,loop2,1.0013875890000463,1106944,0,51,0,0,0,0,0,0.0,0.0,0,
38,2026-10-09T10:44:30.560360+00:00,38.00585114499995,loop3,1.0013875890000463,1141760,0,66,0,0,0,0,0,0.0,0.0,0,
38,2026-10-09T10:44:30.560360+00:00,38.00585114499995,loop4,1.0013875890000463,1688576,0,83,0,0,0,0,0,0.0,0.0,0,
38,2026-10-09T10:44:30.560360+00:00,38.00585114499995,loop5,1.0013875890000463,14336,0,11,0,0,0,0,0,0.0,0.0,0,
38,2026-10-09T10:44:30.560360+00:00,38.00585114499995,loop6,1.0013875890000463,0,0,0,0,0,0,0,0,0.0,0.0,0,
38,2026-10-09T10:44:30.560360+00:00,38.00585114499995,loop7,1.0013875890000463,0,0,0,0,0,0,0,0,0.0,0.0,0,
38,2026-10-09T10:44:30.560360+00:00,38.00585114499995,sr0,1.0013875890000463,1536,0,8,0,0,0,0,0,0.0,0.0,0,
38,2026-10-09T10:44:30.560360+00:00,38.00585114499995,sda,1.0013875890000463,382503424,6884118528,8114,20127,0,54771712,0,115,0.0,54695816.68641738,892,
38,2026-10-09T10:44:30.560360+00:00,38.00585114499995,sda1,1.0013875890000463,319488,0,78,0,0,0,0,0,0.0,0.0,0,
38,2026-10-09T10:44:30.560360+00:00,38.00585114499995,sda2,1.0013875890000463,353301504,119468032,6828,6176,0,0,0,0,0.0,0.0,0,
38,2026-10-09T10:44:30.560360+00:00,38.00585114499995,sda3,1.0013875890000463,5653504,118784,152,24,0,0,0,0,0.0,0.0,0,
38,2026-10-09T10:44:30.560360+00:00,38.00585114499995,sda4,1.0013875890000463,4657152,0,116,0,0,0,0,0,0.0,0.0,0,
38,2026-10-09T10:44:30.560360+00:00,38.00585114499995,sda5,1.0013875890000463,16117760,6764531712,805,13927,0,54771712,0,115,0.0,54695816.68641738,892,
39,2026-10-09T10:44:31.564271+00:00,39.008945324000024,loop0,1.003910612000027,2107392,0,217,0,0,0,0,0,0.0,0.0,0,
39,2026-10-09T10:44:31.564271+00:00,39.008945324000024,loop1,1.003910612000027,354304,0,43,0,0,0,0,0,0.0,0.0,0,
39,2026-10-09T10:44:31.564271+00:00,39.008945324000024,loop2,1.003910612000027,1106944,0,51,0,0,0,0,0,0.0,0.0,0,
39,2026-10-09T10:44:31.564271+00:00,39.008945324000024,loop3,1.003910612000027,1141760,0,66,0,0,0,0,0,0.0,0.0,0,
39,2026-10-09T10:44:31.564271+00:00,39.008945324000024,loop4,1.003910612000027,1688576,0,83,0,0,0,0,0,0.0,0.0,0,
39,2026-10-09T10:44:31.564271+00:00,39.008945324000024,loop5,1.003910612000027,14336,0,11,0,0,0,0,0,0.0,0.0,0,
39,2026-10-09T10:44:31.564271+00:00,39.008945324000024,loop6,1.003910612000027,0,0,0,0,0,0,0,0,0.0,0.0,0,
39,2026-10-09T10:44:31.564271+00:00,39.008945324000024,loop7,1.003910612000027,0,0,0,0,0,0,0,0,0.0,0.0,0,
39,2026-10-09T10:44:31.564271+00:00,39.008945324000024,sr0,1.003910612000027,1536,0,8,0,0,0,0,0,0.0,0.0,0,
39,2026-10-09T10:44:31.564271+00:00,39.008945324000024,sda,1.003910612000027,382503424,6947282944,8114,20259,0,63164416,0,132,0.0,62918366.680238165,988,
39,2026-10-09T10:44:31.564271+00:00,39.008945324000024,sda1,1.003910612000027,319488,0,78,0,0,0,0,0,0.0,0.0,0,
39,2026-10-09T10:44:31.564271+00:00,39.008945324000024,sda2,1.003910612000027,353301504,119468032,6828,6176,0,0,0,0,0.0,0.0,0,
39,2026-10-09T10:44:31.564271+00:00,39.008945324000024,sda3,1.003910612000027,5653504,118784,152,24,0,0,0,0,0.0,0.0,0,
39,2026-10-09T10:44:31.564271+00:00,39.008945324000024,sda4,1.003910612000027,4657152,0,116,0,0,0,0,0,0.0,0.0,0,
39,2026-10-09T10:44:31.564271+00:00,39.008945324000024,sda5,1.003910612000027,16117760,6827696128,805,14059,0,63164416,0,132,0.0,62918366.680238165,988,
40,2026-10-09T10:44:32.556401+00:00,40.001838877999944,loop0,0.9921302409999271,2107392,0,217,0,0,0,0,0,0.0,0.0,0,
40,2026-10-09T10:44:32.556401+00:00,40.001838877999944,loop1,0.9921302409999271,354304,0,43,0,0,0,0,0,0.0,0.0,0,
40,2026-10-09T10:44:32.556401+00:00,40.001838877999944,loop2,0.9921302409999271,1106944,0,51,0,0,0,0,0,0.0,0.0,0,
40,2026-10-09T10:44:32.556401+00:00,40.001838877999944,loop3,0.9921302409999271,1141760,0,66,0,0,0,0,0,0.0,0.0,0,
40,2026-10-09T10:44:32.556401+00:00,40.001838877999944,loop4,0.9921302409999271,1688576,0,83,0,0,0,0,0,0.0,0.0,0,
40,2026-10-09T10:44:32.556401+00:00,40.001838877999944,loop5,0.9921302409999271,14336,0,11,0,0,0,0,0,0.0,0.0,0,
40,2026-10-09T10:44:32.556401+00:00,40.001838877999944,loop6,0.9921302409999271,0,0,0,0,0,0,0,0,0.0,0.0,0,
40,2026-10-09T10:44:32.556401+00:00,40.001838877999944,loop7,0.9921302409999271,0,0,0,0,0,0,0,0,0.0,0.0,0,
40,2026-10-09T10:44:32.556401+00:00,40.001838877999944,sr0,0.9921302409999271,1536,0,8,0,0,0,0,0,0.0,0.0,0,
40,2026-10-09T10:44:32.556401+00:00,40.001838877999944,sda,0.9921302409999271,382503424,6997798912,8114,20366,0,50515968,0,107,0.0,50916669.92136742,920,
40,2026-10-09T10:44:32.556401+00:00,40.001838877999944,sda1,0.9921302409999271,319488,0,78,0,0,0,0,0,0.0,0.0,0,
40,2026-10-09T10:44:32.556401+00:00,40.001838877999944,sda2,0.9921302409999271,353301504,119480320,6828,6178,0,12288,0,2,0.0,12385.470669269624,12,
40,2026-10-09T10:44:32.556401+00:00,40.001838877999944,sda3,0.9921302409999271,5653504,118784,152,24,0,0,0,0,0.0,0.0,0,
40,2026-10-09T10:44:32.556401+00:00,40.001838877999944,sda4,0.9921302409999271,4657152,0,116,0,0,0,0,0,0.0,0.0,0,
40,2026-10-09T10:44:32.556401+00:00,40.001838877999944,sda5,0.9921302409999271,16117760,6878199808,805,14164,0,50503680,0,105,0.0,50904284.45069815,908,
41,2026-10-09T10:44:33.560574+00:00,41.00505239500001,loop0,1.0041734760000054,2107392,0,217,0,0,0,0,0,0.0,0.0,0,
41,2026-10-09T10:44:33.560574+00:00,41.00505239500001,loop1,1.0041734760000054,354304,0,43,0,0,0,0,0,0.0,0.0,0,
41,2026-10-09T10:44:33.560574+00:00,41.00505239500001,loop2,1.0041734760000054,1106944,0,51,0,0,0,0,0,0.0,0.0,0,
41,2026-10-09T10:44:33.560574+00:00,41.00505239500001,loop3,1.0041734760000054,1141760,0,66,0,0,0,0,0,0.0,0.0,0,
41,2026-10-09T10:44:33.560574+00:00,41.00505239500001,loop4,1.0041734760000054,1688576,0,83,0,0,0,0,0,0.0,0.0,0,
41,2026-10-09T10:44:33.560574+00:00,41.00505239500001,loop5,1.0041734760000054,14336,0,11,0,0,0,0,0,0.0,0.0,0,
41,2026-10-09T10:44:33.560574+00:00,41.00505239500001,loop6,1.0041734760000054,0,0,0,0,0,0,0,0,0.0,0.0,0,
41,2026-10-09T10:44:33.560574+00:00,41.00505239500001,loop7,1.0041734760000054,0,0,0,0,0,0,0,0,0.0,0.0,0,
41,2026-10-09T10:44:33.560574+00:00,41.00505239500001,sr0,1.0041734760000054,1536,0,8,0,0,0,0,0,0.0,0.0,0,
41,2026-10-09T10:44:33.560574+00:00,41.00505239500001,sda,1.0041734760000054,382503424,7057457152,8114,20491,0,59658240,0,125,0.0,59410292.56980661,1024,
41,2026-10-09T10:44:33.560574+00:00,41.00505239500001,sda1,1.0041734760000054,319488,0,78,0,0,0,0,0,0.0,0.0,0,
41,2026-10-09T10:44:33.560574+00:00,41.00505239500001,sda2,1.0041734760000054,353301504,119480320,6828,6178,0,0,0,0,0.0,0.0,0,
41,2026-10-09T10:44:33.560574+00:00,41.00505239500001,sda3,1.0041734760000054,5653504,118784,152,24,0,0,0,0,0.0,0.0,0,
41,2026-10-09T10:44:33.560574+00:00,41.00505239500001,sda4,1.0041734760000054,4657152,0,116,0,0,0,0,0,0.0,0.0,0,
41,2026-10-09T10:44:33.560574+00:00,41.00505239500001,sda5,1.0041734760000054,16117760,6937858048,805,14289,0,59658240,0,125,0.0,59410292.56980661,1024,
42,2026-10-09T10:44:34.563703+00:00,42.00866125799996,loop0,1.0031278300000395,2107392,0,217,0,0,0,0,0,0.0,0.0,0,
42,2026-10-09T10:44:34.563703+00:00,42.00866125799996,loop1,1.0031278300000395,354304,0,43,0,0,0,0,0,0.0,0.0,0,
42,2026-10-09T10:44:34.563703+00:00,42.00866125799996,loop2,1.0031278300000395,1106944,0,51,0,0,0,0,0,0.0,0.0,0,
42,2026-10-09T10:44:34.563703+00:00,42.00866125799996,loop3,1.0031278300000395,1141760,0,66,0,0,0,0,0,0.0,0.0,0,
42,2026-10-09T10:44:34.563703+00:00,42.00866125799996,loop4,1.0031278300000395,1688576,0,83,0,0,0,0,0,0.0,0.0,0,
42,2026-10-09T10:44:34.563703+00:00,42.00866125799996,loop5,1.0031278300000395,14336,0,11,0,0,0,0,0,0.0,0.0,0,
42,2026-10-09T10:44:34.563703+00:00,42.00866125799996,loop6,1.0031278300000395,0,0,0,0,0,0,0,0,0.0,0.0,0,
42,2026-10-09T10:44:34.563703+00:00,42.00866125799996,loop7,1.0031278300000395,0,0,0,0,0,0,0,0,0.0,0.0,0,
42,2026-10-09T10:44:34.563703+00:00,42.00866125799996,sr0,1.0031278300000395,1536,0,8,0,0,0,0,0,0.0,0.0,0,
42,2026-10-09T10:44:34.563703+00:00,42.00866125799996,sda,1.0031278300000395,382503424,7105273856,8114,20597,0,47816704,0,106,0.0,47667607.82621106,740,
42,2026-10-09T10:44:34.563703+00:00,42.00866125799996,sda1,1.0031278300000395,319488,0,78,0,0,0,0,0,0.0,0.0,0,
42,2026-10-09T10:44:34.563703+00:00,42.00866125799996,sda2,1.0031278300000395,353301504,119480320,6828,6178,0,0,0,0,0.0,0.0,0,
42,2026-10-09T10:44:34.563703+00:00,42.00866125799996,sda3,1.0031278300000395,5653504,118784,152,24,0,0,0,0,0.0,0.0,0,
42,2026-10-09T10:44:34.563703+00:00,42.00866125799996,sda4,1.0031278300000395,4657152,0,116,0,0,0,0,0,0.0,0.0,0,
42,2026-10-09T10:44:34.563703+00:00,42.00866125799996,sda5,1.0031278300000395,16117760,6985674752,805,14395,0,47816704,0,106,0.0,47667607.82621106,740,
43,2026-10-09T10:44:35.561838+00:00,43.00113120799995,loop0,0.9981363050000027,2107392,0,217,0,0,0,0,0,0.0,0.0,0,
43,2026-10-09T10:44:35.561838+00:00,43.00113120799995,loop1,0.9981363050000027,354304,0,43,0,0,0,0,0,0.0,0.0,0,
43,2026-10-09T10:44:35.561838+00:00,43.00113120799995,loop2,0.9981363050000027,1106944,0,51,0,0,0,0,0,0.0,0.0,0,
43,2026-10-09T10:44:35.561838+00:00,43.00113120799995,loop3,0.9981363050000027,1141760,0,66,0,0,0,0,0,0.0,0.0,0,
43,2026-10-09T10:44:35.561838+00:00,43.00113120799995,loop4,0.9981363050000027,1688576,0,83,0,0,0,0,0,0.0,0.0,0,
43,2026-10-09T10:44:35.561838+00:00,43.00113120799995,loop5,0.9981363050000027,14336,0,11,0,0,0,0,0,0.0,0.0,0,
43,2026-10-09T10:44:35.561838+00:00,43.00113120799995,loop6,0.9981363050000027,0,0,0,0,0,0,0,0,0.0,0.0,0,
43,2026-10-09T10:44:35.561838+00:00,43.00113120799995,loop7,0.9981363050000027,0,0,0,0,0,0,0,0,0.0,0.0,0,
43,2026-10-09T10:44:35.561838+00:00,43.00113120799995,sr0,0.9981363050000027,1536,0,8,0,0,0,0,0,0.0,0.0,0,
43,2026-10-09T10:44:35.561838+00:00,43.00113120799995,sda,0.9981363050000027,382503424,7168454656,8114,20716,0,63180800,0,119,0.0,63298769.60041027,1044,
43,2026-10-09T10:44:35.561838+00:00,43.00113120799995,sda1,0.9981363050000027,319488,0,78,0,0,0,0,0,0.0,0.0,0,
43,2026-10-09T10:44:35.561838+00:00,43.00113120799995,sda2,0.9981363050000027,353301504,119480320,6828,6178,0,0,0,0,0.0,0.0,0,
43,2026-10-09T10:44:35.561838+00:00,43.00113120799995,sda3,0.9981363050000027,5653504,118784,152,24,0,0,0,0,0.0,0.0,0,
43,2026-10-09T10:44:35.561838+00:00,43.00113120799995,sda4,0.9981363050000027,4657152,0,116,0,0,0,0,0,0.0,0.0,0,
43,2026-10-09T10:44:35.561838+00:00,43.00113120799995,sda5,0.9981363050000027,16117760,7048855552,805,14514,0,63180800,0,119,0.0,63298769.60041027,1044,
44,2026-10-09T10:44:36.557118+00:00,44.00181102900001,loop0,0.9952796789999638,2107392,0,217,0,0,0,0,0,0.0,0.0,0,
44,2026-10-09T10:44:36.557118+00:00,44.00181102900001,loop1,0.9952796789999638,354304,0,43,0,0,0,0,0,0.0,0.0,0,
44,2026-10-09T10:44:36.557118+00:00,44.00181102900001,loop2,0.9952796789999638,1106944,0,51,0,0,0,0,0,0.0,0.0,0,
44,2026-10-09T10:44:36.557118+00:00,44.00181102900001,loop3,0.9952796789999638,1141760,0,66,0,0,0,0,0,0.0,0.0,0,
44,2026-10-09T10:44:36.557118+00:00,44.00181102900001,loop4,0.9952796789999638,1688576,0,83,0,0,0,0,0,0.0,0.0,0,
44,2026-10-09T10:44:36.557118+00:00,44.00181102900001,loop5,0.9952796789999638,14336,0,11,0,0,0,0,0,0.0,0.0,0,
44,2026-10-09T10:44:36.557118+00:00,44.00181102900001,loop6,0.9952796789999638,0,0,0,0,0,0,0,0,0.0,0.0,0,
44,2026-10-09T10:44:36.557118+00:00,44.00181102900001,loop7,0.9952796789999638,0,0,0,0,0,0,0,0,0.0,0.0,0,
44,2026-10-09T10:44:36.557118+00:00,44.00181102900001,sr0,0.9952796789999638,1536,0,8,0,0,0,0,0,0.0,0.0,0,
44,2026-10-09T10:44:36.557118+00:00,44.00181102900001,sda,0.9952796789999638,382503424,7220322304,8114,20812,0,51867648,0,96,0.0,52113641.114541315,916,
44,2026-10-09T10:44:36.557118+00:00,44.00181102900001,sda1,0.9952796789999638,319488,0,78,0,0,0,0,0,0.0,0.0,0,
44,2026-10-09T10:44:36.557118+00:00,44.00181102900001,sda2,0.9952796789999638,353301504,119480320,6828,6178,0,0,0,0,0.0,0.0,0,
44,2026-10-09T10:44:36.557118+00:00,44.00181102900001,sda3,0.9952796789999638,5653504,118784,152,24,0,0,0,0,0.0,0.0,0,
44,2026-10-09T10:44:36.557118+00:00,44.00181102900001,sda4,0.9952796789999638,4657152,0,116,0,0,0,0,0,0.0,0.0,0,
44,2026-10-09T10:44:36.557118+00:00,44.00181102900001,sda5,0.9952796789999638,16117760,7100723200,805,14610,0,51867648,0,96,0.0,52113641.114541315,916,
45,2026-10-09T10:44:37.560589+00:00,45.006321661000015,loop0,1.0034705269999904,2107392,0,217,0,0,0,0,0,0.0,0.0,0,
45,2026-10-09T10:44:37.560589+00:00,45.006321661000015,loop1,1.0034705269999904,354304,0,43,0,0,0,0,0,0.0,0.0,0,
45,2026-10-09T10:44:37.560589+00:00,45.006321661000015,loop2,1.0034705269999904,1106944,0,51,0,0,0,0,0,0.0,0.0,0,
45,2026-10-09T10:44:37.560589+00:00,45.006321661000015,loop3,1.0034705269999904,1141760,0,66,0,0,0,0,0,0.0,0.0,0,
45,2026-10-09T10:44:37.560589+00:00,45.006321661000015,loop4,1.0034705269999904,1688576,0,83,0,0,0,0,0,0.0,0.0,0,
45,2026-10-09T10:44:37.560589+00:00,45.006321661000015,loop5,1.0034705269999904,14336,0,11,0,0,0,0,0,0.0,0.0,0,
45,2026-10-09T10:44:37.560589+00:00,45.006321661000015,loop6,1.0034705269999904,0,0,0,0,0,0,0,0,0.0,0.0,0,
45,2026-10-09T10:44:37.560589+00:00,45.006321661000015,loop7,1.0034705269999904,0,0,0,0,0,0,0,0,0.0,0.0,0,
45,2026-10-09T10:44:37.560589+00:00,45.006321661000015,sr0,1.0034705269999904,1536,0,8,0,0,0,0,0,0.0,0.0,0,
45,2026-10-09T10:44:37.560589+00:00,45.006321661000015,sda,1.0034705269999904,382503424,7273730048,8114,20919,0,53407744,0,107,0.0,53223032.03031743,900,
45,2026-10-09T10:44:37.560589+00:00,45.006321661000015,sda1,1.0034705269999904,319488,0,78,0,0,0,0,0,0.0,0.0,0,
45,2026-10-09T10:44:37.560589+00:00,45.006321661000015,sda2,1.0034705269999904,353301504,119480320,6828,6178,0,0,0,0,0.0,0.0,0,
45,2026-10-09T10:44:37.560589+00:00,45.006321661000015,sda3,1.0034705269999904,5653504,118784,152,24,0,0,0,0,0.0,0.0,0,
45,2026-10-09T10:44:37.560589+00:00,45.006321661000015,sda4,1.0034705269999904,4657152,0,116,0,0,0,0,0,0.0,0.0,0,
45,2026-10-09T10:44:37.560589+00:00,45.006321661000015,sda5,1.0034705269999904,16117760,7154130944,805,14717,0,53407744,0,107,0.0,53223032.03031743,900,
46,2026-10-09T10:44:38.565316+00:00,46.00943974100005,loop0,1.0047271120000687,2107392,0,217,0,0,0,0,0,0.0,0.0,0,
46,2026-10-09T10:44:38.565316+00:00,46.00943974100005,loop1,1.0047271120000687,354304,0,43,0,0,0,0,0,0.0,0.0,0,
46,2026-10-09T10:44:38.565316+00:00,46.00943974100005,loop2,1.0047271120000687,1106944,0,51,0,0,0,0,0,0.0,0.0,0,
46,2026-10-09T10:44:38.565316+00:00,46.00943974100005,loop3,1.0047271120000687,1141760,0,66,0,0,0,0,0,0.0,0.0,0,
46,2026-10-09T10:44:38.565316+00:00,46.00943974100005,loop4,1.0047271120000687,1688576,0,83,0,0,0,0,0,0.0,0.0,0,
46,2026-10-09T10:44:38.565316+00:00,46.00943974100005,loop5,1.0047271120000687,14336,0,11,0,0,0,0,0,0.0,0.0,0,
46,2026-10-09T10:44:38.565316+00:00,46.00943974100005,loop6,1.0047271120000687,0,0,0,0,0,0,0,0,0.0,0.0,0,
46,2026-10-09T10:44:38.565316+00:00,46.00943974100005,loop7,1.0047271120000687,0,0,0,0,0,0,0,0,0.0,0.0,0,
46,2026-10-09T10:44:38.565316+00:00,46.00943974100005,sr0,1.0047271120000687,1536,0,8,0,0,0,0,0,0.0,0.0,0,
46,2026-10-09T10:44:38.565316+00:00,46.00943974100005,sda,1.0047271120000687,382503424,7326384128,8114,21032,0,52654080,0,113,0.0,52406349.317262575,980,
46,2026-10-09T10:44:38.565316+00:00,46.00943974100005,sda1,1.0047271120000687,319488,0,78,0,0,0,0,0,0.0,0.0,0,
46,2026-10-09T10:44:38.565316+00:00,46.00943974100005,sda2,1.0047271120000687,353301504,119492608,6828,6180,0,12288,0,2,0.0,12230.18653845101,4,
46,2026-10-09T10:44:38.565316+00:00,46.00943974100005,sda3,1.0047271120000687,5653504,118784,152,24,0,0,0,0,0.0,0.0,0,
46,2026-10-09T10:44:38.565316+00:00,46.00943974100005,sda4,1.0047271120000687,4657152,0,116,0,0,0,0,0,0.0,0.0,0,
46,2026-10-09T10:44:38.565316+00:00,46.00943974100005,sda5,1.0047271120000687,16117760,7206772736,805,14828,0,52641792,0,111,0.0,52394119.130724125,1052,
47,2026-10-09T10:44:39.557192+00:00,47.00165531899995,loop0,0.9918767359999947,2107392,0,217,0,0,0,0,0,0.0,0.0,0,
47,2026-10-09T10:44:39.557192+00:00,47.00165531899995,loop1,0.9918767359999947,354304,0,43,0,0,0,0,0,0.0,0.0,0,
47,2026-10-09T10:44:39.557192+00:00,47.00165531899995,loop2,0.9918767359999947,1106944,0,51,0,0,0,0,0,0.0,0.0,0,
47,2026-10-09T10:44:39.557192+00:00,47.00165531899995,loop3,0.9918767359999947,1141760,0,66,0,0,0,0,0,0.0,0.0,0,
47,2026-10-09T10:44:39.557192+00:00,47.00165531899995,loop4,0.9918767359999947,1688576,0,83,0,0,0,0,0,0.0,0.0,0,
47,2026-10-09T10:44:39.557192+00:00,47.00165531899995,loop5,0.9918767359999947,14336,0,11,0,0,0,0,0,0.0,0.0,0,
47,2026-10-09T10:44:39.557192+00:00,47.00165531899995,loop6,0.9918767359999947,0,0,0,0,0,0,0,0,0.0,0.0,0,
47,2026-10-09T10:44:39.557192+00:00,47.00165531899995,loop7,0.9918767359999947,0,0,0,0,0,0,0,0,0.0,0.0,0,
47,2026-10-09T10:44:39.557192+00:00,47.00165531899995,sr0,0.9918767359999947,1536,0,8,0,0,0,0,0,0.0,0.0,0,
47,2026-10-09T10:44:39.557192+00:00,47.00165531899995,sda,0.9918767359999947,382503424,7389544448,8114,21163,0,63160320,0,131,0.0,63677589.8734259,952,
47,2026-10-09T10:44:39.557192+00:00,47.00165531899995,sda1,0.9918767359999947,319488,0,78,0,0,0,0,0,0.0,0.0,0,
47,2026-10-09T10:44:39.557192+00:00,47.00165531899995,sda2,0.9918767359999947,353301504,119492608,6828,6180,0,0,0,0,0.0,0.0,0,
47,2026-10-09T10:44:39.557192+00:00,47.00165531899995,sda3,0.9918767359999947,5653504,118784,152,24,0,0,0,0,0.0,0.0,0,
47,2026-10-09T10:44:39.557192+00:00,47.00165531899995,sda4,0.9918767359999947,4657152,0,116,0,0,0,0,0,0.0,0.0,0,
47,2026-10-09T10:44:39.557192+00:00,47.00165531899995,sda5,0.9918767359999947,16117760,7269933056,805,14959,0,63160320,0,131,0.0,63677589.8734259,952,
48,2026-10-09T10:44:40.559499+00:00,48.00482461499996,loop0,1.002306568999984,2107392,0,217,0,0,0,0,0,0.0,0.0,0,
48,2026-10-09T10:44:40.559499+00:00,48.00482461499996,loop1,1.002306568999984,354304,0,43,0,0,0,0,0,0.0,0.0,0,
48,2026-10-09T10:44:40.559499+00:00,48.00482461499996,loop2,1.002306568999984,1106944,0,51,0,0,0,0,0,0.0,0.0,0,
48,2026-10-09T10:44:40.559499+00:00,48.00482461499996,loop3,1.002306568999984,1141760,0,66,0,0,0,0,0,0.0,0.0,0,
48,2026-10-09T10:44:40.559499+00:00,48.00482461499996,loop4,1.002306568999984,1688576,0,83,0,0,0,0,0,0.0,0.0,0,
48,2026-10-09T10:44:40.559499+00:00,48.00482461499996,loop5,1.002306568999984,14336,0,11,0,0,0,0,0,0.0,0.0,0,
48,2026-10-09T10:44:40.559499+00:00,48.00482461499996,loop6,1.002306568999984,0,0,0,0,0,0,0,0,0.0,0.0,0,
48,2026-10-09T10:44:40.559499+00:00,48.00482461499996,loop7,1.002306568999984,0,0,0,0,0,0,0,0,0.0,0.0,0,
48,2026-10-09T10:44:40.559499+00:00,48.00482461499996,sr0,1.002306568999984,1536,0,8,0,0,0,0,0,0.0,0.0,0,
48,2026-10-09T10:44:40.559499+00:00,48.00482461499996,sda,1.002306568999984,382503424,7438016512,8114,21268,0,48472064,0,105,0.0,48360517.13036391,924,
48,2026-10-09T10:44:40.559499+00:00,48.00482461499996,sda1,1.002306568999984,319488,0,78,0,0,0,0,0,0.0,0.0,0,
48,2026-10-09T10:44:40.559499+00:00,48.00482461499996,sda2,1.002306568999984,353301504,119492608,6828,6180,0,0,0,0,0.0,0.0,0,
48,2026-10-09T10:44:40.559499+00:00,48.00482461499996,sda3,1.002306568999984,5653504,118784,152,24,0,0,0,0,0.0,0.0,0,
48,2026-10-09T10:44:40.559499+00:00,48.00482461499996,sda4,1.002306568999984,4657152,0,116,0,0,0,0,0,0.0,0.0,0,
48,2026-10-09T10:44:40.559499+00:00,48.00482461499996,sda5,1.002306568999984,16117760,7318405120,805,15064,0,48472064,0,105,0.0,48360517.13036391,924,
49,2026-10-09T10:44:41.556369+00:00,49.00184069299996,loop0,0.996869992000029,2107392,0,217,0,0,0,0,0,0.0,0.0,0,
49,2026-10-09T10:44:41.556369+00:00,49.00184069299996,loop1,0.996869992000029,354304,0,43,0,0,0,0,0,0.0,0.0,0,
49,2026-10-09T10:44:41.556369+00:00,49.00184069299996,loop2,0.996869992000029,1106944,0,51,0,0,0,0,0,0.0,0.0,0,
49,2026-10-09T10:44:41.556369+00:00,49.00184069299996,loop3,0.996869992000029,1141760,0,66,0,0,0,0,0,0.0,0.0,0,
49,2026-10-09T10:44:41.556369+00:00,49.00184069299996,loop4,0.996869992000029,1688576,0,83,0,0,0,0,0,0.0,0.0,0,
49,2026-10-09T10:44:41.556369+00:00,49.00184069299996,loop5,0.996869992000029,14336,0,11,0,0,0,0,0,0.0,0.0,0,
49,2026-10-09T10:44:41.556369+00:00,49.00184069299996,loop6,0.996869992000029,0,0,0,0,0,0,0,0,0.0,0.0,0,
49,2026-10-09T10:44:41.556369+00:00,49.00184069299996,loop7,0.996869992000029,0,0,0,0,0,0,0,0,0.0,0.0,0,
49,2026-10-09T10:44:41.556369+00:00,49.00184069299996,sr0,0.996869992000029,1536,0,8,0,0,0,0,0,0.0,0.0,0,
49,2026-10-09T10:44:41.556369+00:00,49.00184069299996,sda,0.996869992000029,382503424,7494885376,8114,21387,0,56868864,0,119,0.0,57047422.8900235,952,
49,2026-10-09T10:44:41.556369+00:00,49.00184069299996,sda1,0.996869992000029,319488,0,78,0,0,0,0,0,0.0,0.0,0,
49,2026-10-09T10:44:41.556369+00:00,49.00184069299996,sda2,0.996869992000029,353301504,119492608,6828,6180,0,0,0,0,0.0,0.0,0,
49,2026-10-09T10:44:41.556369+00:00,49.00184069299996,sda3,0.996869992000029,5653504,118784,152,24,0,0,0,0,0.0,0.0,0,
49,2026-10-09T10:44:41.556369+00:00,49.00184069299996,sda4,0.996869992000029,4657152,0,116,0,0,0,0,0,0.0,0.0,0,
49,2026-10-09T10:44:41.556369+00:00,49.00184069299996,sda5,0.996869992000029,16117760,7375273984,805,15183,0,56868864,0,119,0.0,57047422.8900235,952,
50,2026-10-09T10:44:42.562081+00:00,50.00596882399998,loop0,1.0057123179999508,2107392,0,217,0,0,0,0,0,0.0,0.0,0,
50,2026-10-09T10:44:42.562081+00:00,50.00596882399998,loop1,1.0057123179999508,354304,0,43,0,0,0,0,0,0.0,0.0,0,
50,2026-10-09T10:44:42.562081+00:00,50.00596882399998,loop2,1.0057123179999508,1106944,0,51,0,0,0,0,0,0.0,0.0,0,
50,2026-10-09T10:44:42.562081+00:00,50.00596882399998,loop3,1.0057123179999508,1141760,0,66,0,0,0,0,0,0.0,0.0,0,
50,2026-10-09T10:44:42.562081+00:00,50.00596882399998,loop4,1.0057123179999508,1688576,0,83,0,0,0,0,0,0.0,0.0,0,
50,2026-10-09T10:44:42.562081+00:00,50.00596882399998,loop5,1.0057123179999508,14336,0,11,0,0,0,0,0,0.0,0.0,0,
50,2026-10-09T10:44:42.562081+00:00,50.00596882399998,loop6,1.0057123179999508,0,0,0,0,0,0,0,0,0.0,0.0,0,
50,2026-10-09T10:44:42.562081+00:00,50.00596882399998,loop7,1.0057123179999508,0,0,0,0,0,0,0,0,0.0,0.0,0,
50,2026-10-09T10:44:42.562081+00:00,50.00596882399998,sr0,1.0057123179999508,1536,0,8,0,0,0,0,0,0.0,0.0,0,
50,2026-10-09T10:44:42.562081+00:00,50.00596882399998,sda,1.0057123179999508,382503424,7552770048,8114,21508,0,57884672,0,121,0.0,57555894.42825422,976,
50,2026-10-09T10:44:42.562081+00:00,50.00596882399998,sda1,1.0057123179999508,319488,0,78,0,0,0,0,0,0.0,0.0,0,
50,2026-10-09T10:44:42.562081+00:00,50.00596882399998,sda2,1.0057123179999508,353301504,119492608,6828,6180,0,0,0,0,0.0,0.0,0,
50,2026-10-09T10:44:42.562081+00:00,50.00596882399998,sda3,1.0057123179999508,5653504,118784,152,24,0,0,0,0,0.0,0.0,0,
50,2026-10-09T10:44:42.562081+00:00,50.00596882399998,sda4,1.0057123179999508,4657152,0,116,0,0,0,0,0,0.0,0.0,0,
50,2026-10-09T10:44:42.562081+00:00,50.00596882399998,sda5,1.0057123179999508,16117760,7433158656,805,15304,0,57884672,0,121,0.0,57555894.42825422,976,
51,2026-10-09T10:44:43.557727+00:00,51.00298253200003,loop0,0.9956457429999546,2107392,0,217,0,0,0,0,0,0.0,0.0,0,
51,2026-10-09T10:44:43.557727+00:00,51.00298253200003,loop1,0.9956457429999546,354304,0,43,0,0,0,0,0,0.0,0.0,0,
51,2026-10-09T10:44:43.557727+00:00,51.00298253200003,loop2,0.9956457429999546,1106944,0,51,0,0,0,0,0,0.0,0.0,0,
51,2026-10-09T10:44:43.557727+00:00,51.00298253200003,loop3,0.9956457429999546,1141760,0,66,0,0,0,0,0,0.0,0.0,0,
51,2026-10-09T10:44:43.557727+00:00,51.00298253200003,loop4,0.9956457429999546,1688576,0,83,0,0,0,0,0,0.0,0.0,0,
51,2026-10-09T10:44:43.557727+00:00,51.00298253200003,loop5,0.9956457429999546,14336,0,11,0,0,0,0,0,0.0,0.0,0,
51,2026-10-09T10:44:43.557727+00:00,51.00298253200003,loop6,0.9956457429999546,0,0,0,0,0,0,0,0,0.0,0.0,0,
51,2026-10-09T10:44:43.557727+00:00,51.00298253200003,loop7,0.9956457429999546,0,0,0,0,0,0,0,0,0.0,0.0,0,
51,2026-10-09T10:44:43.557727+00:00,51.00298253200003,sr0,0.9956457429999546,1536,0,8,0,0,0,0,0,0.0,0.0,0,
51,2026-10-09T10:44:43.557727+00:00,51.00298253200003,sda,0.9956457429999546,382503424,7600173056,8114,21609,0,47403008,0,101,0.0,47610315.5497569,908,
51,2026-10-09T10:44:43.557727+00:00,51.00298253200003,sda1,0.9956457429999546,319488,0,78,0,0,0,0,0,0.0,0.0,0,
51,2026-10-09T10:44:43.557727+00:00,51.00298253200003,sda2,0.9956457429999546,353301504,119504896,6828,6182,0,12288,0,2,0.0,12341.73910388583,8,
51,2026-10-09T10:44:43.557727+00:00,51.00298253200003,sda3,0.9956457429999546,5653504,118784,152,24,0,0,0,0,0.0,0.0,0,
51,2026-10-09T10:44:43.557727+00:00,51.00298253200003,sda4,0.9956457429999546,4657152,0,116,0,0,0,0,0,0.0,0.0,0,
51,2026-10-09T10:44:43.557727+00:00,51.00298253200003,sda5,0.9956457429999546,16117760,7480549376,805,15403,0,47390720,0,99,0.0,47597973.810653016,904,
52,2026-10-09T10:44:44.556631+00:00,52.00087037200001,loop0,0.998903460000065,2107392,0,217,0,0,0,0,0,0.0,0.0,0,
52,2026-10-09T10:44:44.556631+00:00,52.00087037200001,loop1,0.998903460000065,354304,0,43,0,0,0,0,0,0.0,0.0,0,
52,2026-10-09T10:44:44.556631+00:00,52.00087037200001,loop2,0.998903460000065,1106944,0,51,0,0,0,0,0,0.0,0.0,0,
52,2026-10-09T10:44:44.556631+00:00,52.00087037200001,loop3,0.998903460000065,1141760,0,66,0,0,0,0,0,0.0,0.0,0,
52,2026-10-09T10:44:44.556631+00:00,52.00087037200001,loop4,0.998903460000065,1688576,0,83,0,0,0,0,0,0.0,0.0,0,
52,2026-10-09T10:44:44.556631+00:00,52.00087037200001,loop5,0.998903460000065,14336,0,11,0,0,0,0,0,0.0,0.0,0,
52,2026-10-09T10:44:44.556631+00:00,52.00087037200001,loop6,0.998903460000065,0,0,0,0,0,0,0,0,0.0,0.0,0,
52,2026-10-09T10:44:44.556631+00:00,52.00087037200001,loop7,0.998903460000065,0,0,0,0,0,0,0,0,0.0,0.0,0,
52,2026-10-09T10:44:44.556631+00:00,52.00087037200001,sr0,0.998903460000065,1536,0,8,0,0,0,0,0,0.0,0.0,0,
52,2026-10-09T10:44:44.556631+00:00,52.00087037200001,sda,0.998903460000065,382503424,7652814848,8114,21720,0,52641792,0,111,0.0,52699579.19656878,1008,
52,2026-10-09T10:44:44.556631+00:00,52.00087037200001,sda1,0.998903460000065,319488,0,78,0,0,0,0,0,0.0,0.0,0,
52,2026-10-09T10:44:44.556631+00:00,52.00087037200001,sda2,0.998903460000065,353301504,119504896,6828,6182,0,0,0,0,0.0,0.0,0,
52,2026-10-09T10:44:44.556631+00:00,52.00087037200001,sda3,0.998903460000065,5653504,118784,152,24,0,0,0,0,0.0,0.0,0,
52,2026-10-09T10:44:44.556631+00:00,52.00087037200001,sda4,0.998903460000065,4657152,0,116,0,0,0,0,0,0.0,0.0,0,
52,2026-10-09T10:44:44.556631+00:00,52.00087037200001,sda5,0.998903460000065,16117760,7533191168,805,15514,0,52641792,0,111,0.0,52699579.19656878,1008,
53,2026-10-09T10:44:45.562138+00:00,53.00589755500005,loop0,1.0055066879999686,2107392,0,217,0,0,0,0,0,0.0,0.0,0,
53,2026-10-09T10:44:45.562138+00:00,53.00589755500005,loop1,1.0055066879999686,354304,0,43,0,0,0,0,0,0.0,0.0,0,
53,2026-10-09T10:44:45.562138+00:00,53.00589755500005,loop2,1.0055066879999686,1106944,0,51,0,0,0,0,0,0.0,0.0,0,
53,2026-10-09T10:44:45.562138+00:00,53.00589755500005,loop3,1.0055066879999686,1141760,0,66,0,0,0,0,0,0.0,0.0,0,
53,2026-10-09T10:44:45.562138+00:00,53.00589755500005,loop4,1.0055066879999686,1688576,0,83,0,0,0,0,0,0.0,0.0,0,
53,2026-10-09T10:44:45.562138+00:00,53.00589755500005,loop5,1.0055066879999686,14336,0,11,0,0,0,0,0,0.0,0.0,0,
53,2026-10-09T10:44:45.562138+00:00,53.00589755500005,loop6,1.0055066879999686,0,0,0,0,0,0,0,0,0.0,0.0,0,
53,2026-10-09T10:44:45.562138+00:00,53.00589755500005,loop7,1.0055066879999686,0,0,0,0,0,0,0,0,0.0,0.0,0,
53,2026-10-09T10:44:45.562138+00:00,53.00589755500005,sr0,1.0055066879999686,1536,0,8,0,0,0,0,0,0.0,0.0,0,
53,2026-10-09T10:44:45.562138+00:00,53.00589755500005,sda,1.0055066879999686,382503424,7715995648,8114,21853,0,63180800,0,133,0.0,62834788.42460168,888,
53,2026-10-09T10:44:45.562138+00:00,53.00589755500005,sda1,1.0055066879999686,319488,0,78,0,0,0,0,0,0.0,0.0,0,
53,2026-10-09T10:44:45.562138+00:00,53.00589755500005,sda2,1.0055066879999686,353301504,119504896,6828,6182,0,0,0,0,0.0,0.0,0,
53,2026-10-09T10:44:45.562138+00:00,53.00589755500005,sda3,1.0055066879999686,5653504,118784,152,24,0,0,0,0,0.0,0.0,0,
53,2026-10-09T10:44:45.562138+00:00,53.00589755500005,sda4,1.0055066879999686,4657152,0,116,0,0,0,0,0,0.0,0.0,0,
53,2026-10-09T10:44:45.562138+00:00,53.00589755500005,sda5,1.0055066879999686,16117760,7596371968,805,15647,0,63180800,0,133,0.0,62834788.42460168,888,
54,2026-10-09T10:44:46.556367+00:00,54.0017818,loop0,0.9942296020000185,2107392,0,217,0,0,0,0,0,0.0,0.0,0,
54,2026-10-09T10:44:46.556367+00:00,54.0017818,loop1,0.9942296020000185,354304,0,43,0,0,0,0,0,0.0,0.0,0,
54,2026-10-09T10:44:46.556367+00:00,54.0017818,loop2,0.9942296020000185,1106944,0,51,0,0,0,0,0,0.0,0.0,0,
54,2026-10-09T10:44:46.556367+00:00,54.0017818,loop3,0.9942296020000185,1141760,0,66,0,0,0,0,0,0.0,0.0,0,
54,2026-10-09T10:44:46.556367+00:00,54.0017818,loop4,0.9942296020000185,1688576,0,83,0,0,0,0,0,0.0,0.0,0,
54,2026-10-09T10:44:46.556367+00:00,54.0017818,loop5,0.9942296020000185,14336,0,11,0,0,0,0,0,0.0,0.0,0,
54,2026-10-09T10:44:46.556367+00:00,54.0017818,loop6,0.9942296020000185,0,0,0,0,0,0,0,0,0.0,0.0,0,
54,2026-10-09T10:44:46.556367+00:00,54.0017818,loop7,0.9942296020000185,0,0,0,0,0,0,0,0,0.0,0.0,0,
54,2026-10-09T10:44:46.556367+00:00,54.0017818,sr0,0.9942296020000185,1536,0,8,0,0,0,0,0,0.0,0.0,0,
54,2026-10-09T10:44:46.556367+00:00,54.0017818,sda,0.9942296020000185,382503424,7763771392,8114,21957,0,47775744,0,104,0.0,48053029.10302917,852,
54,2026-10-09T10:44:46.556367+00:00,54.0017818,sda1,0.9942296020000185,319488,0,78,0,0,0,0,0,0.0,0.0,0,
54,2026-10-09T10:44:46.556367+00:00,54.0017818,sda2,0.9942296020000185,353301504,119504896,6828,6182,0,0,0,0,0.0,0.0,0,
54,2026-10-09T10:44:46.556367+00:00,54.0017818,sda3,0.9942296020000185,5653504,118784,152,24,0,0,0,0,0.0,0.0,0,
54,2026-10-09T10:44:46.556367+00:00,54.0017818,sda4,0.9942296020000185,4657152,0,116,0,0,0,0,0,0.0,0.0,0,
54,2026-10-09T10:44:46.556367+00:00,54.0017818,sda5,0.9942296020000185,16117760,7644147712,805,15751,0,47775744,0,104,0.0,48053029.10302917,852,
55,2026-10-09T10:44:47.560947+00:00,55.006405642999994,loop0,1.0045799129999295,2107392,0,217,0,0,0,0,0,0.0,0.0,0,
55,2026-10-09T10:44:47.560947+00:00,55.006405642999994,loop1,1.0045799129999295,354304,0,43,0,0,0,0,0,0.0,0.0,0,
55,2026-10-09T10:44:47.560947+00:00,55.006405642999994,loop2,1.0045799129999295,1106944,0,51,0,0,0,0,0,0.0,0.0,0,
55,2026-10-09T10:44:47.560947+00:00,55.006405642999994,loop3,1.0045799129999295,1141760,0,66,0,0,0,0,0,0.0,0.0,0,
55,2026-10-09T10:44:47.560947+00:00,55.006405642999994,loop4,1.0045799129999295,1688576,0,83,0,0,0,0,0,0.0,0.0,0,
55,2026-10-09T10:44:47.560947+00:00,55.006405642999994,loop5,1.0045799129999295,14336,0,11,0,0,0,0,0,0.0,0.0,0,
55,2026-10-09T10:44:47.560947+00:00,55.006405642999994,loop6,1.0045799129999295,0,0,0,0,0,0,0,0,0.0,0.0,0,
55,2026-10-09T10:44:47.560947+00:00,55.006405642999994,loop7,1.0045799129999295,0,0,0,0,0,0,0,0,0.0,0.0,0,
55,2026-10-09T10:44:47.560947+00:00,55.006405642999994,sr0,1.0045799129999295,1536,0,8,0,0,0,0,0,0.0,0.0,0,
55,2026-10-09T10:44:47.560947+00:00,55.006405642999994,sda,1.0045799129999295,382503424,7821328384,8114,22077,0,57556992,0,120,0.0,57294587.772634506,972,
55,2026-10-09T10:44:47.560947+00:00,55.006405642999994,sda1,1.0045799129999295,319488,0,78,0,0,0,0,0,0.0,0.0,0,
55,2026-10-09T10:44:47.560947+00:00,55.006405642999994,sda2,1.0045799129999295,353301504,119504896,6828,6182,0,0,0,0,0.0,0.0,0,
55,2026-10-09T10:44:47.560947+00:00,55.006405642999994,sda3,1.0045799129999295,5653504,118784,152,24,0,0,0,0,0.0,0.0,0,
55,2026-10-09T10:44:47.560947+00:00,55.006405642999994,sda4,1.0045799129999295,4657152,0,116,0,0,0,0,0,0.0,0.0,0,
55,2026-10-09T10:44:47.560947+00:00,55.006405642999994,sda5,1.0045799129999295,16117760,7701704704,805,15871,0,57556992,0,120,0.0,57294587.772634506,972,
56,2026-10-09T10:44:48.557897+00:00,56.00226390299997,loop0,0.9969501070000888,2107392,0,217,0,0,0,0,0,0.0,0.0,0,
56,2026-10-09T10:44:48.557897+00:00,56.00226390299997,loop1,0.9969501070000888,354304,0,43,0,0,0,0,0,0.0,0.0,0,
56,2026-10-09T10:44:48.557897+00:00,56.00226390299997,loop2,0.9969501070000888,1106944,0,51,0,0,0,0,0,0.0,0.0,0,
56,2026-10-09T10:44:48.557897+00:00,56.00226390299997,loop3,0.9969501070000888,1141760,0,66,0,0,0,0,0,0.0,0.0,0,
56,2026-10-09T10:44:48.557897+00:00,56.00226390299997,loop4,0.9969501070000888,1688576,0,83,0,0,0,0,0,0.0,0.0,0,
56,2026-10-09T10:44:48.557897+00:00,56.00226390299997,loop5,0.9969501070000888,14336,0,11,0,0,0,0,0,0.0,0.0,0,
56,2026-10-09T10:44:48.557897+00:00,56.00226390299997,loop6,0.9969501070000888,0,0,0,0,0,0,0,0,0.0,0.0,0,
56,2026-10-09T10:44:48.557897+00:00,56.00226390299997,loop7,0.9969501070000888,0,0,0,0,0,0,0,0,0.0,0.0,0,
56,2026-10-09T10:44:48.557897+00:00,56.00226390299997,sr0,0.9969501070000888,1536,0,8,0,0,0,0,0,0.0,0.0,0,
56,2026-10-09T10:44:48.557897+00:00,56.00226390299997,sda,0.9969501070000888,382503424,7873982464,8114,22190,0,52654080,0,113,0.0,52815160.58856826,952,
56,2026-10-09T10:44:48.557897+00:00,56.00226390299997,sda1,0.9969501070000888,319488,0,78,0,0,0,0,0,0.0,0.0,0,
56,2026-10-09T10:44:48.557897+00:00,56.00226390299997,sda2,0.9969501070000888,353301504,119517184,6828,6184,0,12288,0,2,0.0,12325.591735955253,8,
56,2026-10-09T10:44:48.557897+00:00,56.00226390299997,sda3,0.9969501070000888,5653504,118784,152,24,0,0,0,0,0.0,0.0,0,
56,2026-10-09T10:44:48.557897+00:00,56.00226390299997,sda4,0.9969501070000888,4657152,0,116,0,0,0,0,0,0.0,0.0,0,
56,2026-10-09T10:44:48.557897+00:00,56.00226390299997,sda5,0.9969501070000888,16117760,7754346496,805,15982,0,52641792,0,111,0.0,52802834.9968323,944,
57,2026-10-09T10:44:49.572759+00:00,57.01777285000003,loop0,1.0148619099999223,2107392,0,217,0,0,0,0,0,0.0,0.0,0,
57,2026-10-09T10:44:49.572759+00:00,57.01777285000003,loop1,1.0148619099999223,354304,0,43,0,0,0,0,0,0.0,0.0,0,
57,2026-10-09T10:44:49.572759+00:00,57.01777285000003,loop2,1.0148619099999223,1106944,0,51,0,0,0,0,0,0.0,0.0,0,
57,2026-10-09T10:44:49.572759+00:00,57.01777285000003,loop3,1.0148619099999223,1141760,0,66,0,0,0,0,0,0.0,0.0,0,
57,2026-10-09T10:44:49.572759+00:00,57.01777285000003,loop4,1.0148619099999223,1688576,0,83,0,0,0,0,0,0.0,0.0,0,
57,2026-10-09T10:44:49.572759+00:00,57.01777285000003,loop5,1.0148619099999223,14336,0,11,0,0,0,0,0,0.0,0.0,0,
57,2026-10-09T10:44:49.572759+00:00,57.01777285000003,loop6,1.0148619099999223,0,0,0,0,0,0,0,0,0.0,0.0,0,
57,2026-10-09T10:44:49.572759+00:00,57.01777285000003,loop7,1.0148619099999223,0,0,0,0,0,0,0,0,0.0,0.0,0,
57,2026-10-09T10:44:49.572759+00:00,57.01777285000003,sr0,1.0148619099999223,1536,0,8,0,0,0,0,0,0.0,0.0,0,
57,2026-10-09T10:44:49.572759+00:00,57.01777285000003,sda,1.0148619099999223,382503424,7931658240,8114,22298,0,57675776,0,108,0.0,56831156.46739014,940,
57,2026-10-09T10:44:49.572759+00:00,57.01777285000003,sda1,1.0148619099999223,319488,0,78,0,0,0,0,0,0.0,0.0,0,
57,2026-10-09T10:44:49.572759+00:00,57.01777285000003,sda2,1.0148619099999223,353301504,119517184,6828,6184,0,0,0,0,0.0,0.0,0,
57,2026-10-09T10:44:49.572759+00:00,57.01777285000003,sda3,1.0148619099999223,5653504,118784,152,24,0,0,0,0,0.0,0.0,0,
57,2026-10-09T10:44:49.572759+00:00,57.01777285000003,sda4,1.0148619099999223,4657152,0,116,0,0,0,0,0,0.0,0.0,0,
57,2026-10-09T10:44:49.572759+00:00,57.01777285000003,sda5,1.0148619099999223,16117760,7812022272,805,16090,0,57675776,0,108,0.0,56831156.46739014,940,
58,2026-10-09T10:44:50.584148+00:00,58.028386146,loop0,1.011388667999995,2107392,0,217,0,0,0,0,0,0.0,0.0,0,
58,2026-10-09T10:44:50.584148+00:00,58.028386146,loop1,1.011388667999995,354304,0,43,0,0,0,0,0,0.0,0.0,0,
58,2026-10-09T10:44:50.584148+00:00,58.028386146,loop2,1.011388667999995,1106944,0,51,0,0,0,0,0,0.0,0.0,0,
58,2026-10-09T10:44:50.584148+00:00,58.028386146,loop3,1.011388667999995,1141760,0,66,0,0,0,0,0,0.0,0.0,0,
58,2026-10-09T10:44:50.584148+00:00,58.028386146,loop4,1.011388667999995,1688576,0,83,0,0,0,0,0,0.0,0.0,0,
58,2026-10-09T10:44:50.584148+00:00,58.028386146,loop5,1.011388667999995,14336,0,11,0,0,0,0,0,0.0,0.0,0,
58,2026-10-09T10:44:50.584148+00:00,58.028386146,loop6,1.011388667999995,0,0,0,0,0,0,0,0,0.0,0.0,0,
58,2026-10-09T10:44:50.584148+00:00,58.028386146,loop7,1.011388667999995,0,0,0,0,0,0,0,0,0.0,0.0,0,
58,2026-10-09T10:44:50.584148+00:00,58.028386146,sr0,1.011388667999995,1536,0,8,0,0,0,0,0,0.0,0.0,0,
58,2026-10-09T10:44:50.584148+00:00,58.028386146,sda,1.011388667999995,382503424,7998193664,8114,22431,0,66535424,0,133,0.0,65786206.73254402,968,
58,2026-10-09T10:44:50.584148+00:00,58.028386146,sda1,1.011388667999995,319488,0,78,0,0,0,0,0,0.0,0.0,0,
58,2026-10-09T10:44:50.584148+00:00,58.028386146,sda2,1.011388667999995,353301504,119517184,6828,6184,0,0,0,0,0.0,0.0,0,
58,2026-10-09T10:44:50.584148+00:00,58.028386146,sda3,1.011388667999995,5653504,118784,152,24,0,0,0,0,0.0,0.0,0,
58,2026-10-09T10:44:50.584148+00:00,58.028386146,sda4,1.011388667999995,4657152,0,116,0,0,0,0,0,0.0,0.0,0,
58,2026-10-09T10:44:50.584148+00:00,58.028386146,sda5,1.011388667999995,16117760,7878557696,805,16223,0,66535424,0,133,0.0,65786206.73254402,968,
59,2026-10-09T10:44:51.674660+00:00,59.11744923100002,loop0,1.0905126170000585,2107392,0,217,0,0,0,0,0,0.0,0.0,0,
59,2026-10-09T10:44:51.674660+00:00,59.11744923100002,loop1,1.0905126170000585,354304,0,43,0,0,0,0,0,0.0,0.0,0,
59,2026-10-09T10:44:51.674660+00:00,59.11744923100002,loop2,1.0905126170000585,1106944,0,51,0,0,0,0,0,0.0,0.0,0,
59,2026-10-09T10:44:51.674660+00:00,59.11744923100002,loop3,1.0905126170000585,1141760,0,66,0,0,0,0,0,0.0,0.0,0,
59,2026-10-09T10:44:51.674660+00:00,59.11744923100002,loop4,1.0905126170000585,1688576,0,83,0,0,0,0,0,0.0,0.0,0,
59,2026-10-09T10:44:51.674660+00:00,59.11744923100002,loop5,1.0905126170000585,14336,0,11,0,0,0,0,0,0.0,0.0,0,
59,2026-10-09T10:44:51.674660+00:00,59.11744923100002,loop6,1.0905126170000585,0,0,0,0,0,0,0,0,0.0,0.0,0,
59,2026-10-09T10:44:51.674660+00:00,59.11744923100002,loop7,1.0905126170000585,0,0,0,0,0,0,0,0,0.0,0.0,0,
59,2026-10-09T10:44:51.674660+00:00,59.11744923100002,sr0,1.0905126170000585,1536,0,8,0,0,0,0,0,0.0,0.0,0,
59,2026-10-09T10:44:51.674660+00:00,59.11744923100002,sda,1.0905126170000585,382503424,8053026816,8114,22542,0,54833152,0,111,0.0,50281996.87486702,952,
59,2026-10-09T10:44:51.674660+00:00,59.11744923100002,sda1,1.0905126170000585,319488,0,78,0,0,0,0,0,0.0,0.0,0,
59,2026-10-09T10:44:51.674660+00:00,59.11744923100002,sda2,1.0905126170000585,353301504,119517184,6828,6184,0,0,0,0,0.0,0.0,0,
59,2026-10-09T10:44:51.674660+00:00,59.11744923100002,sda3,1.0905126170000585,5653504,118784,152,24,0,0,0,0,0.0,0.0,0,
59,2026-10-09T10:44:51.674660+00:00,59.11744923100002,sda4,1.0905126170000585,4657152,0,116,0,0,0,0,0,0.0,0.0,0,
59,2026-10-09T10:44:51.674660+00:00,59.11744923100002,sda5,1.0905126170000585,16117760,7933390848,805,16334,0,54833152,0,111,0.0,50281996.87486702,952,
60,2026-10-09T10:44:52.568624+00:00,60.01219588499998,loop0,0.8939635650000355,2107392,0,217,0,0,0,0,0,0.0,0.0,0,
60,2026-10-09T10:44:52.568624+00:00,60.01219588499998,loop1,0.8939635650000355,354304,0,43,0,0,0,0,0,0.0,0.0,0,
60,2026-10-09T10:44:52.568624+00:00,60.01219588499998,loop2,0.8939635650000355,1106944,0,51,0,0,0,0,0,0.0,0.0,0,
60,2026-10-09T10:44:52.568624+00:00,60.01219588499998,loop3,0.8939635650000355,1141760,0,66,0,0,0,0,0,0.0,0.0,0,
60,2026-10-09T10:44:52.568624+00:00,60.01219588499998,loop4,0.8939635650000355,1688576,0,83,0,0,0,0,0,0.0,0.0,0,
60,2026-10-09T10:44:52.568624+00:00,60.01219588499998,loop5,0.8939635650000355,14336,0,11,0,0,0,0,0,0.0,0.0,0,
60,2026-10-09T10:44:52.568624+00:00,60.01219588499998,loop6,0.8939635650000355,0,0,0,0,0,0,0,0,0.0,0.0,0,
60,2026-10-09T10:44:52.568624+00:00,60.01219588499998,loop7,0.8939635650000355,0,0,0,0,0,0,0,0,0.0,0.0,0,
60,2026-10-09T10:44:52.568624+00:00,60.01219588499998,sr0,0.8939635650000355,1536,0,8,0,0,0,0,0,0.0,0.0,0,
60,2026-10-09T10:44:52.568624+00:00,60.01219588499998,sda,0.8939635650000355,382503424,8105664512,8114,22638,0,52637696,0,96,0.0,58881254.29362203,848,
60,2026-10-09T10:44:52.568624+00:00,60.01219588499998,sda1,0.8939635650000355,319488,0,78,0,0,0,0,0,0.0,0.0,0,
60,2026-10-09T10:44:52.568624+00:00,60.01219588499998,sda2,0.8939635650000355,353301504,119517184,6828,6184,0,0,0,0,0.0,0.0,0,
60,2026-10-09T10:44:52.568624+00:00,60.01219588499998,sda3,0.8939635650000355,5653504,118784,152,24,0,0,0,0,0.0,0.0,0,
60,2026-10-09T10:44:52.568624+00:00,60.01219588499998,sda4,0.8939635650000355,4657152,0,116,0,0,0,0,0,0.0,0.0,0,
60,2026-10-09T10:44:52.568624+00:00,60.01219588499998,sda5,0.8939635650000355,16117760,7986028544,805,16430,0,52637696,0,96,0.0,58881254.29362203,848,
61,2026-10-09T10:44:53.589862+00:00,61.02013947399996,loop0,1.0212385539999786,2107392,0,217,0,0,0,0,0,0.0,0.0,0,
61,2026-10-09T10:44:53.589862+00:00,61.02013947399996,loop1,1.0212385539999786,354304,0,43,0,0,0,0,0,0.0,0.0,0,
61,2026-10-09T10:44:53.589862+00:00,61.02013947399996,loop2,1.0212385539999786,1106944,0,51,0,0,0,0,0,0.0,0.0,0,
61,2026-10-09T10:44:53.589862+00:00,61.02013947399996,loop3,1.0212385539999786,1141760,0,66,0,0,0,0,0,0.0,0.0,0,
61,2026-10-09T10:44:53.589862+00:00,61.02013947399996,loop4,1.0212385539999786,1688576,0,83,0,0,0,0,0,0.0,0.0,0,
61,2026-10-09T10:44:53.589862+00:00,61.02013947399996,loop5,1.0212385539999786,14336,0,11,0,0,0,0,0,0.0,0.0,0,
61,2026-10-09T10:44:53.589862+00:00,61.02013947399996,loop6,1.0212385539999786,0,0,0,0,0,0,0,0,0.0,0.0,0,
61,2026-10-09T10:44:53.589862+00:00,61.02013947399996,loop7,1.0212385539999786,0,0,0,0,0,0,0,0,0.0,0.0,0,
61,2026-10-09T10:44:53.589862+00:00,61.02013947399996,sr0,1.0212385539999786,1536,0,8,0,0,0,0,0,0.0,0.0,0,
61,2026-10-09T10:44:53.589862+00:00,61.02013947399996,sda,1.0212385539999786,382503424,8164139008,8114,22756,0,58474496,0,118,0.0,57258410.16378356,984,
61,2026-10-09T10:44:53.589862+00:00,61.02013947399996,sda1,1.0212385539999786,319488,0,78,0,0,0,0,0,0.0,0.0,0,
61,2026-10-09T10:44:53.589862+00:00,61.02013947399996,sda2,1.0212385539999786,353301504,119558144,6828,6187,0,40960,0,3,0.0,40108.160663899944,16,
61,2026-10-09T10:44:53.589862+00:00,61.02013947399996,sda3,1.0212385539999786,5653504,118784,152,24,0,0,0,0,0.0,0.0,0,
61,2026-10-09T10:44:53.589862+00:00,61.02013947399996,sda4,1.0212385539999786,4657152,0,116,0,0,0,0,0,0.0,0.0,0,
61,2026-10-09T10:44:53.589862+00:00,61.02013947399996,sda5,1.0212385539999786,16117760,8044462080,805,16545,0,58433536,0,115,0.0,57218302.003119655,968,
62,2026-10-09T10:44:54.556474+00:00,62.000883980000026,loop0,0.9666121139999859,2107392,0,217,0,0,0,0,0,0.0,0.0,0,
62,2026-10-09T10:44:54.556474+00:00,62.000883980000026,loop1,0.9666121139999859,354304,0,43,0,0,0,0,0,0.0,0.0,0,
62,2026-10-09T10:44:54.556474+00:00,62.000883980000026,loop2,0.9666121139999859,1106944,0,51,0,0,0,0,0,0.0,0.0,0,
62,2026-10-09T10:44:54.556474+00:00,62.000883980000026,loop3,0.9666121139999859,1141760,0,66,0,0,0,0,0,0.0,0.0,0,
62,2026-10-09T10:44:54.556474+00:00,62.000883980000026,loop4,0.9666121139999859,1688576,0,83,0,0,0,0,0,0.0,0.0,0,
62,2026-10-09T10:44:54.556474+00:00,62.000883980000026,loop5,0.9666121139999859,14336,0,11,0,0,0,0,0,0.0,0.0,0,
62,2026-10-09T10:44:54.556474+00:00,62.000883980000026,loop6,0.9666121139999859,0,0,0,0,0,0,0,0,0.0,0.0,0,
62,2026-10-09T10:44:54.556474+00:00,62.000883980000026,loop7,0.9666121139999859,0,0,0,0,0,0,0,0,0.0,0.0,0,
62,2026-10-09T10:44:54.556474+00:00,62.000883980000026,sr0,0.9666121139999859,1536,0,8,0,0,0,0,0,0.0,0.0,0,
62,2026-10-09T10:44:54.556474+00:00,62.000883980000026,sda,0.9666121139999859,382503424,8221507584,8114,22870,0,57368576,0,114,0.0,59350152.11282655,916,
62,2026-10-09T10:44:54.556474+00:00,62.000883980000026,sda1,0.9666121139999859,319488,0,78,0,0,0,0,0,0.0,0.0,0,
62,2026-10-09T10:44:54.556474+00:00,62.000883980000026,sda2,0.9666121139999859,353301504,119558144,6828,6187,0,0,0,0,0.0,0.0,0,
62,2026-10-09T10:44:54.556474+00:00,62.000883980000026,sda3,0.9666121139999859,5653504,118784,152,24,0,0,0,0,0.0,0.0,0,
62,2026-10-09T10:44:54.556474+00:00,62.000883980000026,sda4,0.9666121139999859,4657152,0,116,0,0,0,0,0,0.0,0.0,0,
62,2026-10-09T10:44:54.556474+00:00,62.000883980000026,sda5,0.9666121139999859,16117760,8101830656,805,16659,0,57368576,0,114,0.0,59350152.11282655,916,
63,2026-10-09T10:44:55.622222+00:00,63.06716218300005,loop0,1.0657476430000088,2107392,0,217,0,0,0,0,0,0.0,0.0,0,
63,2026-10-09T10:44:55.622222+00:00,63.06716218300005,loop1,1.0657476430000088,354304,0,43,0,0,0,0,0,0.0,0.0,0,
63,2026-10-09T10:44:55.622222+00:00,63.06716218300005,loop2,1.0657476430000088,1106944,0,51,0,0,0,0,0,0.0,0.0,0,
63,2026-10-09T10:44:55.622222+00:00,63.06716218300005,loop3,1.0657476430000088,1141760,0,66,0,0,0,0,0,0.0,0.0,0,
63,2026-10-09T10:44:55.622222+00:00,63.06716218300005,loop4,1.0657476430000088,1688576,0,83,0,0,0,0,0,0.0,0.0,0,
63,2026-10-09T10:44:55.622222+00:00,63.06716218300005,loop5,1.0657476430000088,14336,0,11,0,0,0,0,0,0.0,0.0,0,
63,2026-10-09T10:44:55.622222+00:00,63.06716218300005,loop6,1.0657476430000088,0,0,0,0,0,0,0,0,0.0,0.0,0,
63,2026-10-09T10:44:55.622222+00:00,63.06716218300005,loop7,1.0657476430000088,0,0,0,0,0,0,0,0,0.0,0.0,0,
63,2026-10-09T10:44:55.622222+00:00,63.06716218300005,sr0,1.0657476430000088,1536,0,8,0,0,0,0,0,0.0,0.0,0,
63,2026-10-09T10:44:55.622222+00:00,63.06716218300005,sda,1.0657476430000088,382503424,8274178048,8114,22979,0,52670464,0,109,0.0,49421140.49789136,988,
63,2026-10-09T10:44:55.622222+00:00,63.06716218300005,sda1,1.0657476430000088,319488,0,78,0,0,0,0,0,0.0,0.0,0,
63,2026-10-09T10:44:55.622222+00:00,63.06716218300005,sda2,1.0657476430000088,353301504,119570432,6828,6190,0,12288,0,3,0.0,11529.934014594764,20,
63,2026-10-09T10:44:55.622222+00:00,63.06716218300005,sda3,1.0657476430000088,5653504,118784,152,24,0,0,0,0,0.0,0.0,0,
63,2026-10-09T10:44:55.622222+00:00,63.06716218300005,sda4,1.0657476430000088,4657152,0,116,0,0,0,0,0,0.0,0.0,0,
63,2026-10-09T10:44:55.622222+00:00,63.06716218300005,sda5,1.0657476430000088,16117760,8154488832,805,16765,0,52658176,0,106,0.0,49409610.56387677,988,
64,2026-10-09T10:44:56.640227+00:00,64.08081969099999,loop0,1.018004923000035,2107392,0,217,0,0,0,0,0,0.0,0.0,0,
64,2026-10-09T10:44:56.640227+00:00,64.08081969099999,loop1,1.018004923000035,354304,0,43,0,0,0,0,0,0.0,0.0,0,
64,2026-10-09T10:44:56.640227+00:00,64.08081969099999,loop2,1.018004923000035,1106944,0,51,0,0,0,0,0,0.0,0.0,0,
64,2026-10-09T10:44:56.640227+00:00,64.08081969099999,loop3,1.018004923000035,1141760,0,66,0,0,0,0,0,0.0,0.0,0,
64,2026-10-09T10:44:56.640227+00:00,64.08081969099999,loop4,1.018004923000035,1688576,0,83,0,0,0,0,0,0.0,0.0,0,
64,2026-10-09T10:44:56.640227+00:00,64.08081969099999,loop5,1.018004923000035,14336,0,11,0,0,0,0,0,0.0,0.0,0,
64,2026-10-09T10:44:56.640227+00:00,64.08081969099999,loop6,1.018004923000035,0,0,0,0,0,0,0,0,0.0,0.0,0,
64,2026-10-09T10:44:56.640227+00:00,64.08081969099999,loop7,1.018004923000035,0,0,0,0,0,0,0,0,0.0,0.0,0,
64,2026-10-09T10:44:56.640227+00:00,64.08081969099999,sr0,1.018004923000035,1536,0,8,0,0,0,0,0,0.0,0.0,0,
64,2026-10-09T10:44:56.640227+00:00,64.08081969099999,sda,1.018004923000035,382503424,8326819840,8114,23081,0,52641792,0,102,0.0,51710744.035368666,984,
64,2026-10-09T10:44:56.640227+00:00,64.08081969099999,sda1,1.018004923000035,319488,0,78,0,0,0,0,0,0.0,0.0,0,
64,2026-10-09T10:44:56.640227+00:00,64.08081969099999,sda2,1.018004923000035,353301504,119570432,6828,6190,0,0,0,0,0.0,0.0,0,
64,2026-10-09T10:44:56.640227+00:00,64.08081969099999,sda3,1.018004923000035,5653504,118784,152,24,0,0,0,0,0.0,0.0,0,
64,2026-10-09T10:44:56.640227+00:00,64.08081969099999,sda4,1.018004923000035,4657152,0,116,0,0,0,0,0,0.0,0.0,0,
64,2026-10-09T10:44:56.640227+00:00,64.08081969099999,sda5,1.018004923000035,16117760,8207130624,805,16867,0,52641792,0,102,0.0,51710744.035368666,984,
65,2026-10-09T10:44:57.564512+00:00,65.009142914,loop0,0.9242856569999276,2107392,0,217,0,0,0,0,0,0.0,0.0,0,
65,2026-10-09T10:44:57.564512+00:00,65.009142914,loop1,0.9242856569999276,354304,0,43,0,0,0,0,0,0.0,0.0,0,
65,2026-10-09T10:44:57.564512+00:00,65.009142914,loop2,0.9242856569999276,1106944,0,51,0,0,0,0,0,0.0,0.0,0,
65,2026-10-09T10:44:57.564512+00:00,65.009142914,loop3,0.9242856569999276,1141760,0,66,0,0,0,0,0,0.0,0.0,0,
65,2026-10-09T10:44:57.564512+00:00,65.009142914,loop4,0.9242856569999276,1688576,0,83,0,0,0,0,0,0.0,0.0,0,
65,2026-10-09T10:44:57.564512+00:00,65.009142914,loop5,0.9242856569999276,14336,0,11,0,0,0,0,0,0.0,0.0,0,
65,2026-10-09T10:44:57.564512+00:00,65.009142914,loop6,0.9242856569999276,0,0,0,0,0,0,0,0,0.0,0.0,0,
65,2026-10-09T10:44:57.564512+00:00,65.009142914,loop7,0.9242856569999276,0,0,0,0,0,0,0,0,0.0,0.0,0,
65,2026-10-09T10:44:57.564512+00:00,65.009142914,sr0,0.9242856569999276,1536,0,8,0,0,0,0,0,0.0,0.0,0,
65,2026-10-09T10:44:57.564512+00:00,65.009142914,sda,0.9242856569999276,382503424,8368988160,8114,23174,0,42168320,0,93,0.0,45622605.60968902,780,
65,2026-10-09T10:44:57.564512+00:00,65.009142914,sda1,0.9242856569999276,319488,0,78,0,0,0,0,0,0.0,0.0,0,
65,2026-10-09T10:44:57.564512+00:00,65.009142914,sda2,0.9242856569999276,353301504,119570432,6828,6190,0,0,0,0,0.0,0.0,0,
65,2026-10-09T10:44:57.564512+00:00,65.009142914,sda3,0.9242856569999276,5653504,118784,152,24,0,0,0,0,0.0,0.0,0,
65,2026-10-09T10:44:57.564512+00:00,65.009142914,sda4,0.9242856569999276,4657152,0,116,0,0,0,0,0,0.0,0.0,0,
65,2026-10-09T10:44:57.564512+00:00,65.009142914,sda5,0.9242856569999276,16117760,8249298944,805,16960,0,42168320,0,93,0.0,45622605.60968902,780,
66,2026-10-09T10:44:58.557650+00:00,66.00165323299996,loop0,0.9931377000000339,2107392,0,217,0,0,0,0,0,0.0,0.0,0,
66,2026-10-09T10:44:58.557650+00:00,66.00165323299996,loop1,0.9931377000000339,354304,0,43,0,0,0,0,0,0.0,0.0,0,
66,2026-10-09T10:44:58.557650+00:00,66.00165323299996,loop2,0.9931377000000339,1106944,0,51,0,0,0,0,0,0.0,0.0,0,
66,2026-10-09T10:44:58.557650+00:00,66.00165323299996,loop3,0.9931377000000339,1141760,0,66,0,0,0,0,0,0.0,0.0,0,
66,2026-10-09T10:44:58.557650+00:00,66.00165323299996,loop4,0.9931377000000339,1688576,0,83,0,0,0,0,0,0.0,0.0,0,
66,2026-10-09T10:44:58.557650+00:00,66.00165323299996,loop5,0.9931377000000339,14336,0,11,0,0,0,0,0,0.0,0.0,0,
66,2026-10-09T10:44:58.557650+00:00,66.00165323299996,loop6,0.9931377000000339,0,0,0,0,0,0,0,0,0.0,0.0,0,
66,2026-10-09T10:44:58.557650+00:00,66.00165323299996,loop7,0.9931377000000339,0,0,0,0,0,0,0,0,0.0,0.0,0,
66,2026-10-09T10:44:58.557650+00:00,66.00165323299996,sr0,0.9931377000000339,1536,0,8,0,0,0,0,0,0.0,0.0,0,
66,2026-10-09T10:44:58.557650+00:00,66.00165323299996,sda,0.9931377000000339,382503424,8421629952,8114,23285,0,52641792,0,111,0.0,53005531.86128993,1056,
66,2026-10-09T10:44:58.557650+00:00,66.00165323299996,sda1,0.9931377000000339,319488,0,78,0,0,0,0,0,0.0,0.0,0,
66,2026-10-09T10:44:58.557650+00:00,66.00165323299996,sda2,0.9931377000000339,353301504,119570432,6828,6190,0,0,0,0,0.0,0.0,0,
66,2026-10-09T10:44:58.557650+00:00,66.00165323299996,sda3,0.9931377000000339,5653504,118784,152,24,0,0,0,0,0.0,0.0,0,
66,2026-10-09T10:44:58.557650+00:00,66.00165323299996,sda4,0.9931377000000339,4657152,0,116,0,0,0,0,0,0.0,0.0,0,
66,2026-10-09T10:44:58.557650+00:00,66.00165323299996,sda5,0.9931377000000339,16117760,8301940736,805,17071,0,52641792,0,111,0.0,53005531.86128993,1056,
67,2026-10-09T10:44:59.556702+00:00,67.00163773700001,loop0,0.9990514730000086,2107392,0,217,0,0,0,0,0,0.0,0.0,0,
67,2026-10-09T10:44:59.556702+00:00,67.00163773700001,loop1,0.9990514730000086,354304,0,43,0,0,0,0,0,0.0,0.0,0,
67,2026-10-09T10:44:59.556702+00:00,67.00163773700001,loop2,0.9990514730000086,1106944,0,51,0,0,0,0,0,0.0,0.0,0,
67,2026-10-09T10:44:59.556702+00:00,67.00163773700001,loop3,0.9990514730000086,1141760,0,66,0,0,0,0,0,0.0,0.0,0,
67,2026-10-09T10:44:59.556702+00:00,67.00163773700001,loop4,0.9990514730000086,1688576,0,83,0,0,0,0,0,0.0,0.0,0,
67,2026-10-09T10:44:59.556702+00:00,67.00163773700001,loop5,0.9990514730000086,14336,0,11,0,0,0,0,0,0.0,0.0,0,
67,2026-10-09T10:44:59.556702+00:00,67.00163773700001,loop6,0.9990514730000086,0,0,0,0,0,0,0,0,0.0,0.0,0,
67,2026-10-09T10:44:59.556702+00:00,67.00163773700001,loop7,0.9990514730000086,0,0,0,0,0,0,0,0,0.0,0.0,0,
67,2026-10-09T10:44:59.556702+00:00,67.00163773700001,sr0,0.9990514730000086,1536,0,8,0,0,0,0,0,0.0,0.0,0,
67,2026-10-09T10:44:59.556702+00:00,67.00163773700001,sda,0.9990514730000086,382503424,8482340864,8114,23394,0,60710912,0,109,0.0,60768552.61290374,956,
67,2026-10-09T10:44:59.556702+00:00,67.00163773700001,sda1,0.9990514730000086,319488,0,78,0,0,0,0,0,0.0,0.0,0,
67,2026-10-09T10:44:59.556702+00:00,67.00163773700001,sda2,0.9990514730000086,353301504,119582720,6828,6192,0,12288,0,2,0.0,12299.66656582858,12,
67,2026-10-09T10:44:59.556702+00:00,67.00163773700001,sda3,0.9990514730000086,5653504,118784,152,24,0,0,0,0,0.0,0.0,0,
67,2026-10-09T10:44:59.556702+00:00,67.00163773700001,sda4,0.9990514730000086,4657152,0,116,0,0,0,0,0,0.0,0.0,0,
67,2026-10-09T10:44:59.556702+00:00,67.00163773700001,sda5,0.9990514730000086,16117760,8362639360,805,17178,0,60698624,0,107,0.0,60756252.94633791,944,
68,2026-10-09T10:45:00.562541+00:00,68.00817547700001,loop0,1.0058395989999553,2107392,0,217,0,0,0,0,0,0.0,0.0,0,
68,2026-10-09T10:45:00.562541+00:00,68.00817547700001,loop1,1.0058395989999553,354304,0,43,0,0,0,0,0,0.0,0.0,0,
68,2026-10-09T10:45:00.562541+00:00,68.00817547700001,loop2,1.0058395989999553,1106944,0,51,0,0,0,0,0,0.0,0.0,0,
68,2026-10-09T10:45:00.562541+00:00,68.00817547700001,loop3,1.0058395989999553,1141760,0,66,0,0,0,0,0,0.0,0.0,0,
68,2026-10-09T10:45:00.562541+00:00,68.00817547700001,loop4,1.0058395989999553,1688576,0,83,0,0,0,0,0,0.0,0.0,0,
68,2026-10-09T10:45:00.562541+00:00,68.00817547700001,loop5,1.0058395989999553,14336,0,11,0,0,0,0,0,0.0,0.0,0,
68,2026-10-09T10:45:00.562541+00:00,68.00817547700001,loop6,1.0058395989999553,0,0,0,0,0,0,0,0,0.0,0.0,0,
68,2026-10-09T10:45:00.562541+00:00,68.00817547700001,loop7,1.0058395989999553,0,0,0,0,0,0,0,0,0.0,0.0,0,
68,2026-10-09T10:45:00.562541+00:00,68.00817547700001,sr0,1.0058395989999553,1536,0,8,0,0,0,0,0,0.0,0.0,0,
68,2026-10-09T10:45:00.562541+00:00,68.00817547700001,sda,1.0058395989999553,382503424,8535773184,8114,23489,0,53432320,0,95,0.0,53122108.19013736,912,
68,2026-10-09T10:45:00.562541+00:00,68.00817547700001,sda1,1.0058395989999553,319488,0,78,0,0,0,0,0,0.0,0.0,0,
68,2026-10-09T10:45:00.562541+00:00,68.00817547700001,sda2,1.0058395989999553,353301504,119582720,6828,6192,0,0,0,0,0.0,0.0,0,
68,2026-10-09T10:45:00.562541+00:00,68.00817547700001,sda3,1.0058395989999553,5653504,118784,152,24,0,0,0,0,0.0,0.0,0,
68,2026-10-09T10:45:00.562541+00:00,68.00817547700001,sda4,1.0058395989999553,4657152,0,116,0,0,0,0,0,0.0,0.0,0,
68,2026-10-09T10:45:00.562541+00:00,68.00817547700001,sda5,1.0058395989999553,16117760,8416071680,805,17273,0,53432320,0,95,0.0,53122108.19013736,912,
69,2026-10-09T10:45:01.555973+00:00,69.001044664,loop0,0.993431935999979,2107392,0,217,0,0,0,0,0,0.0,0.0,0,
69,2026-10-09T10:45:01.555973+00:00,69.001044664,loop1,0.993431935999979,354304,0,43,0,0,0,0,0,0.0,0.0,0,
69,2026-10-09T10:45:01.555973+00:00,69.001044664,loop2,0.993431935999979,1106944,0,51,0,0,0,0,0,0.0,0.0,0,
69,2026-10-09T10:45:01.555973+00:00,69.001044664,loop3,0.993431935999979,1141760,0,66,0,0,0,0,0,0.0,0.0,0,
69,2026-10-09T10:45:01.555973+00:00,69.001044664,loop4,0.993431935999979,1688576,0,83,0,0,0,0,0,0.0,0.0,0,
69,2026-10-09T10:45:01.555973+00:00,69.001044664,loop5,0.993431935999979,14336,0,11,0,0,0,0,0,0.0,0.0,0,
69,2026-10-09T10:45:01.555973+00:00,69.001044664,loop6,0.993431935999979,0,0,0,0,0,0,0,0,0.0,0.0,0,
69,2026-10-09T10:45:01.555973+00:00,69.001044664,loop7,0.993431935999979,0,0,0,0,0,0,0,0,0.0,0.0,0,
69,2026-10-09T10:45:01.555973+00:00,69.001044664,sr0,0.993431935999979,1536,0,8,0,0,0,0,0,0.0,0.0,0,
69,2026-10-09T10:45:01.555973+00:00,69.001044664,sda,0.993431935999979,382503424,8590098432,8114,23600,0,54325248,0,111,0.0,54684418.7622343,948,
69,2026-10-09T10:45:01.555973+00:00,69.001044664,sda1,0.993431935999979,319488,0,78,0,0,0,0,0,0.0,0.0,0,
69,2026-10-09T10:45:01.555973+00:00,69.001044664,sda2,0.993431935999979,353301504,119582720,6828,6192,0,0,0,0,0.0,0.0,0,
69,2026-10-09T10:45:01.555973+00:00,69.001044664,sda3,0.993431935999979,5653504,118784,152,24,0,0,0,0,0.0,0.0,0,
69,2026-10-09T10:45:01.555973+00:00,69.001044664,sda4,0.993431935999979,4657152,0,116,0,0,0,0,0,0.0,0.0,0,
69,2026-10-09T10:45:01.555973+00:00,69.001044664,sda5,0.993431935999979,16117760,8470396928,805,17384,0,54325248,0,111,0.0,54684418.7622343,948,
70,2026-10-09T10:45:02.576451+00:00,70.01741666600003,loop0,1.0204772210000783,2107392,0,217,0,0,0,0,0,0.0,0.0,0,
70,2026-10-09T10:45:02.576451+00:00,70.01741666600003,loop1,1.0204772210000783,354304,0,43,0,0,0,0,0,0.0,0.0,0,
70,2026-10-09T10:45:02.576451+00:00,70.01741666600003,loop2,1.0204772210000783,1106944,0,51,0,0,0,0,0,0.0,0.0,0,
70,2026-10-09T10:45:02.576451+00:00,70.01741666600003,loop3,1.0204772210000783,1141760,0,66,0,0,0,0,0,0.0,0.0,0,
70,2026-10-09T10:45:02.576451+00:00,70.01741666600003,loop4,1.0204772210000783,1688576,0,83,0,0,0,0,0,0.0,0.0,0,
70,2026-10-09T10:45:02.576451+00:00,70.01741666600003,loop5,1.0204772210000783,14336,0,11,0,0,0,0,0,0.0,0.0,0,
70,2026-10-09T10:45:02.576451+00:00,70.01741666600003,loop6,1.0204772210000783,0,0,0,0,0,0,0,0,0.0,0.0,0,
70,2026-10-09T10:45:02.576451+00:00,70.01741666600003,loop7,1.0204772210000783,0,0,0,0,0,0,0,0,0.0,0.0,0,
70,2026-10-09T10:45:02.576451+00:00,70.01741666600003,sr0,1.0204772210000783,1536,0,8,0,0,0,0,0,0.0,0.0,0,
70,2026-10-09T10:45:02.576451+00:00,70.01741666600003,sda,1.0204772210000783,382503424,8642736128,8114,23710,0,52637696,0,110,0.0,51581451.22378578,976,
70,2026-10-09T10:45:02.576451+00:00,70.01741666600003,sda1,1.0204772210000783,319488,0,78,0,0,0,0,0,0.0,0.0,0,
70,2026-10-09T10:45:02.576451+00:00,70.01741666600003,sda2,1.0204772210000783,353301504,119582720,6828,6192,0,0,0,0,0.0,0.0,0,
70,2026-10-09T10:45:02.576451+00:00,70.01741666600003,sda3,1.0204772210000783,5653504,118784,152,24,0,0,0,0,0.0,0.0,0,
70,2026-10-09T10:45:02.576451+00:00,70.01741666600003,sda4,1.0204772210000783,4657152,0,116,0,0,0,0,0,0.0,0.0,0,
70,2026-10-09T10:45:02.576451+00:00,70.01741666600003,sda5,1.0204772210000783,16117760,8523034624,805,17494,0,52637696,0,110,0.0,51581451.22378578,976,
71,2026-10-09T10:45:03.556608+00:00,71.00186347500005,loop0,0.9801579259999471,2107392,0,217,0,0,0,0,0,0.0,0.0,0,
71,2026-10-09T10:45:03.556608+00:00,71.00186347500005,loop1,0.9801579259999471,354304,0,43,0,0,0,0,0,0.0,0.0,0,
71,2026-10-09T10:45:03.556608+00:00,71.00186347500005,loop2,0.9801579259999471,1106944,0,51,0,0,0,0,0,0.0,0.0,0,
71,2026-10-09T10:45:03.556608+00:00,71.00186347500005,loop3,0.9801579259999471,1141760,0,66,0,0,0,0,0,0.0,0.0,0,
71,2026-10-09T10:45:03.556608+00:00,71.00186347500005,loop4,0.9801579259999471,1688576,0,83,0,0,0,0,0,0.0,0.0,0,
71,2026-10-09T10:45:03.556608+00:00,71.00186347500005,loop5,0.9801579259999471,14336,0,11,0,0,0,0,0,0.0,0.0,0,
71,2026-10-09T10:45:03.556608+00:00,71.00186347500005,loop6,0.9801579259999471,0,0,0,0,0,0,0,0,0.0,0.0,0,
71,2026-10-09T10:45:03.556608+00:00,71.00186347500005,loop7,0.9801579259999471,0,0,0,0,0,0,0,0,0.0,0.0,0,
71,2026-10-09T10:45:03.556608+00:00,71.00186347500005,sr0,0.9801579259999471,1536,0,8,0,0,0,0,0,0.0,0.0,0,
71,2026-10-09T10:45:03.556608+00:00,71.00186347500005,sda,0.9801579259999471,382503424,8691924992,8114,23817,0,49188864,0,107,0.0,50184631.165246174,936,
71,2026-10-09T10:45:03.556608+00:00,71.00186347500005,sda1,0.9801579259999471,319488,0,78,0,0,0,0,0,0.0,0.0,0,
71,2026-10-09T10:45:03.556608+00:00,71.00186347500005,sda2,0.9801579259999471,353301504,119582720,6828,6192,0,0,0,0,0.0,0.0,0,
71,2026-10-09T10:45:03.556608+00:00,71.00186347500005,sda3,0.9801579259999471,5653504,118784,152,24,0,0,0,0,0.0,0.0,0,
71,2026-10-09T10:45:03.556608+00:00,71.00186347500005,sda4,0.9801579259999471,4657152,0,116,0,0,0,0,0,0.0,0.0,0,
71,2026-10-09T10:45:03.556608+00:00,71.00186347500005,sda5,0.9801579259999471,16117760,8572223488,805,17601,0,49188864,0,107,0.0,50184631.165246174,936,
72,2026-10-09T10:45:04.571215+00:00,72.01349769199999,loop0,1.0146069370000532,2107392,0,217,0,0,0,0,0,0.0,0.0,0,
72,2026-10-09T10:45:04.571215+00:00,72.01349769199999,loop1,1.0146069370000532,354304,0,43,0,0,0,0,0,0.0,0.0,0,
72,2026-10-09T10:45:04.571215+00:00,72.01349769199999,loop2,1.0146069370000532,1106944,0,51,0,0,0,0,0,0.0,0.0,0,
72,2026-10-09T10:45:04.571215+00:00,72.01349769199999,loop3,1.0146069370000532,1141760,0,66,0,0,0,0,0,0.0,0.0,0,
72,2026-10-09T10:45:04.571215+00:00,72.01349769199999,loop4,1.0146069370000532,1688576,0,83,0,0,0,0,0,0.0,0.0,0,
72,2026-10-09T10:45:04.571215+00:00,72.01349769199999,loop5,1.0146069370000532,14336,0,11,0,0,0,0,0,0.0,0.0,0,
72,2026-10-09T10:45:04.571215+00:00,72.01349769199999,loop6,1.0146069370000532,0,0,0,0,0,0,0,0,0.0,0.0,0,
72,2026-10-09T10:45:04.571215+00:00,72.01349769199999,loop7,1.0146069370000532,0,0,0,0,0,0,0,0,0.0,0.0,0,
72,2026-10-09T10:45:04.571215+00:00,72.01349769199999,sr0,1.0146069370000532,1536,0,8,0,0,0,0,0,0.0,0.0,0,
72,2026-10-09T10:45:04.571215+00:00,72.01349769199999,sda,1.0146069370000532,382503424,8744902656,8114,23917,0,52977664,0,100,0.0,52214963.320319995,980,
72,2026-10-09T10:45:04.571215+00:00,72.01349769199999,sda1,1.0146069370000532,319488,0,78,0,0,0,0,0,0.0,0.0,0,
72,2026-10-09T10:45:04.571215+00:00,72.01349769199999,sda2,1.0146069370000532,353301504,119595008,6828,6194,0,12288,0,2,0.0,12111.094012753982,8,
72,2026-10-09T10:45:04.571215+00:00,72.01349769199999,sda3,1.0146069370000532,5653504,118784,152,24,0,0,0,0,0.0,0.0,0,
72,2026-10-09T10:45:04.571215+00:00,72.01349769199999,sda4,1.0146069370000532,4657152,0,116,0,0,0,0,0,0.0,0.0,0,
72,2026-10-09T10:45:04.571215+00:00,72.01349769199999,sda5,1.0146069370000532,16117760,8625188864,805,17699,0,52965376,0,98,0.0,52202852.22630724,972,
73,2026-10-09T10:45:05.583461+00:00,73.02837630099998,loop0,1.0122457459999623,2107392,0,217,0,0,0,0,0,0.0,0.0,0,
73,2026-10-09T10:45:05.583461+00:00,73.02837630099998,loop1,1.0122457459999623,354304,0,43,0,0,0,0,0,0.0,0.0,0,
73,2026-10-09T10:45:05.583461+00:00,73.02837630099998,loop2,1.0122457459999623,1106944,0,51,0,0,0,0,0,0.0,0.0,0,
73,2026-10-09T10:45:05.583461+00:00,73.02837630099998,loop3,1.0122457459999623,1141760,0,66,0,0,0,0,0,0.0,0.0,0,
73,2026-10-09T10:45:05.583461+00:00,73.02837630099998,loop4,1.0122457459999623,1688576,0,83,0,0,0,0,0,0.0,0.0,0,
73,2026-10-09T10:45:05.583461+00:00,73.02837630099998,loop5,1.0122457459999623,14336,0,11,0,0,0,0,0,0.0,0.0,0,
73,2026-10-09T10:45:05.583461+00:00,73.02837630099998,loop6,1.0122457459999623,0,0,0,0,0,0,0,0,0.0,0.0,0,
73,2026-10-09T10:45:05.583461+00:00,73.02837630099998,loop7,1.0122457459999623,0,0,0,0,0,0,0,0,0.0,0.0,0,
73,2026-10-09T10:45:05.583461+00:00,73.02837630099998,sr0,1.0122457459999623,1536,0,8,0,0,0,0,0,0.0,0.0,0,
73,2026-10-09T10:45:05.583461+00:00,73.02837630099998,sda,1.0122457459999623,382503424,8800722944,8114,24007,0,55820288,0,90,0.0,55144996.38114762,936,
73,2026-10-09T10:45:05.583461+00:00,73.02837630099998,sda1,1.0122457459999623,319488,0,78,0,0,0,0,0,0.0,0.0,0,
73,2026-10-09T10:45:05.583461+00:00,73.02837630099998,sda2,1.0122457459999623,353301504,119595008,6828,6194,0,0,0,0,0.0,0.0,0,
73,2026-10-09T10:45:05.583461+00:00,73.02837630099998,sda3,1.0122457459999623,5653504,118784,152,24,0,0,0,0,0.0,0.0,0,
73,2026-10-09T10:45:05.583461+00:00,73.02837630099998,sda4,1.0122457459999623,4657152,0,116,0,0,0,0,0,0.0,0.0,0,
73,2026-10-09T10:45:05.583461+00:00,73.02837630099998,sda5,1.0122457459999623,16117760,8681009152,805,17789,0,55820288,0,90,0.0,55144996.38114762,936,
74,2026-10-09T10:45:06.557799+00:00,74.00185413400004,loop0,0.9743370009999808,2107392,0,217,0,0,0,0,0,0.0,0.0,0,
74,2026-10-09T10:45:06.557799+00:00,74.00185413400004,loop1,0.9743370009999808,354304,0,43,0,0,0,0,0,0.0,0.0,0,
74,2026-10-09T10:45:06.557799+00:00,74.00185413400004,loop2,0.9743370009999808,1106944,0,51,0,0,0,0,0,0.0,0.0,0,
74,2026-10-09T10:45:06.557799+00:00,74.00185413400004,loop3,0.9743370009999808,1141760,0,66,0,0,0,0,0,0.0,0.0,0,
74,2026-10-09T10:45:06.557799+00:00,74.00185413400004,loop4,0.9743370009999808,1688576,0,83,0,0,0,0,0,0.0,0.0,0,
74,2026-10-09T10:45:06.557799+00:00,74.00185413400004,loop5,0.9743370009999808,14336,0,11,0,0,0,0,0,0.0,0.0,0,
74,2026-10-09T10:45:06.557799+00:00,74.00185413400004,loop6,0.9743370009999808,0,0,0,0,0,0,0,0,0.0,0.0,0,
74,2026-10-09T10:45:06.557799+00:00,74.00185413400004,loop7,0.9743370009999808,0,0,0,0,0,0,0,0,0.0,0.0,0,
74,2026-10-09T10:45:06.557799+00:00,74.00185413400004,sr0,0.9743370009999808,1536,0,8,0,0,0,0,0,0.0,0.0,0,
74,2026-10-09T10:45:06.557799+00:00,74.00185413400004,sda,0.9743370009999808,382503424,8852656128,8114,24103,0,51933184,0,96,0.0,53301048.761054926,904,
74,2026-10-09T10:45:06.557799+00:00,74.00185413400004,sda1,0.9743370009999808,319488,0,78,0,0,0,0,0,0.0,0.0,0,
74,2026-10-09T10:45:06.557799+00:00,74.00185413400004,sda2,0.9743370009999808,353301504,119595008,6828,6194,0,0,0,0,0.0,0.0,0,
74,2026-10-09T10:45:06.557799+00:00,74.00185413400004,sda3,0.9743370009999808,5653504,118784,152,24,0,0,0,0,0.0,0.0,0,
74,2026-10-09T10:45:06.557799+00:00,74.00185413400004,sda4,0.9743370009999808,4657152,0,116,0,0,0,0,0,0.0,0.0,0,
74,2026-10-09T10:45:06.557799+00:00,74.00185413400004,sda5,0.9743370009999808,16117760,8732942336,805,17885,0,51933184,0,96,0.0,53301048.761054926,904,
75,2026-10-09T10:45:07.566487+00:00,75.01201620100005,loop0,1.0086889000000383,2107392,0,217,0,0,0,0,0,0.0,0.0,0,
75,2026-10-09T10:45:07.566487+00:00,75.01201620100005,loop1,1.0086889000000383,354304,0,43,0,0,0,0,0,0.0,0.0,0,
75,2026-10-09T10:45:07.566487+00:00,75.01201620100005,loop2,1.0086889000000383,1106944,0,51,0,0,0,0,0,0.0,0.0,0,
75,2026-10-09T10:45:07.566487+00:00,75.01201620100005,loop3,1.0086889000000383,1141760,0,66,0,0,0,0,0,0.0,0.0,0,
75,2026-10-09T10:45:07.566487+00:00,75.01201620100005,loop4,1.0086889000000383,1688576,0,83,0,0,0,0,0,0.0,0.0,0,
75,2026-10-09T10:45:07.566487+00:00,75.01201620100005,loop5,1.0086889000000383,14336,0,11,0,0,0,0,0,0.0,0.0,0,
75,2026-10-09T10:45:07.566487+00:00,75.01201620100005,loop6,1.0086889000000383,0,0,0,0,0,0,0,0,0.0,0.0,0,
75,2026-10-09T10:45:07.566487+00:00,75.01201620100005,loop7,1.0086889000000383,0,0,0,0,0,0,0,0,0.0,0.0,0,
75,2026-10-09T10:45:07.566487+00:00,75.01201620100005,sr0,1.0086889000000383,1536,0,8,0,0,0,0,0,0.0,0.0,0,
75,2026-10-09T10:45:07.566487+00:00,75.01201620100005,sda,1.0086889000000383,382503424,8906018816,8114,24213,0,53362688,0,110,0.0,52903018.95856886,972,
75,2026-10-09T10:45:07.566487+00:00,75.01201620100005,sda1,1.0086889000000383,319488,0,78,0,0,0,0,0,0.0,0.0,0,
75,2026-10-09T10:45:07.566487+00:00,75.01201620100005,sda2,1.0086889000000383,353301504,119595008,6828,6194,0,0,0,0,0.0,0.0,0,
75,2026-10-09T10:45:07.566487+00:00,75.01201620100005,sda3,1.0086889000000383,5653504,118784,152,24,0,0,0,0,0.0,0.0,0,
75,2026-10-09T10:45:07.566487+00:00,75.01201620100005,sda4,1.0086889000000383,4657152,0,116,0,0,0,0,0,0.0,0.0,0,
75,2026-10-09T10:45:07.566487+00:00,75.01201620100005,sda5,1.0086889000000383,16117760,8786305024,805,17995,0,53362688,0,110,0.0,52903018.95856886,972,
76,2026-10-09T10:45:08.593024+00:00,76.03728112199997,loop0,1.0265371680000044,2107392,0,217,0,0,0,0,0,0.0,0.0,0,
76,2026-10-09T10:45:08.593024+00:00,76.03728112199997,loop1,1.0265371680000044,354304,0,43,0,0,0,0,0,0.0,0.0,0,
76,2026-10-09T10:45:08.593024+00:00,76.03728112199997,loop2,1.0265371680000044,1106944,0,51,0,0,0,0,0,0.0,0.0,0,
76,2026-10-09T10:45:08.593024+00:00,76.03728112199997,loop3,1.0265371680000044,1141760,0,66,0,0,0,0,0,0.0,0.0,0,
76,2026-10-09T10:45:08.593024+00:00,76.03728112199997,loop4,1.0265371680000044,1688576,0,83,0,0,0,0,0,0.0,0.0,0,
76,2026-10-09T10:45:08.593024+00:00,76.03728112199997,loop5,1.0265371680000044,14336,0,11,0,0,0,0,0,0.0,0.0,0,
76,2026-10-09T10:45:08.593024+00:00,76.03728112199997,loop6,1.0265371680000044,0,0,0,0,0,0,0,0,0.0,0.0,0,
76,2026-10-09T10:45:08.593024+00:00,76.03728112199997,loop7,1.0265371680000044,0,0,0,0,0,0,0,0,0.0,0.0,0,
76,2026-10-09T10:45:08.593024+00:00,76.03728112199997,sr0,1.0265371680000044,1536,0,8,0,0,0,0,0,0.0,0.0,0,
76,2026-10-09T10:45:08.593024+00:00,76.03728112199997,sda,1.0265371680000044,382503424,8958660608,8114,24314,0,52641792,0,101,0.0,51280941.052102044,996,
76,2026-10-09T10:45:08.593024+00:00,76.03728112199997,sda1,1.0265371680000044,319488,0,78,0,0,0,0,0,0.0,0.0,0,
76,2026-10-09T10:45:08.593024+00:00,76.03728112199997,sda2,1.0265371680000044,353301504,119595008,6828,6194,0,0,0,0,0.0,0.0,0,
76,2026-10-09T10:45:08.593024+00:00,76.03728112199997,sda3,1.0265371680000044,5653504,118784,152,24,0,0,0,0,0.0,0.0,0,
76,2026-10-09T10:45:08.593024+00:00,76.03728112199997,sda4,1.0265371680000044,4657152,0,116,0,0,0,0,0,0.0,0.0,0,
76,2026-10-09T10:45:08.593024+00:00,76.03728112199997,sda5,1.0265371680000044,16117760,8838946816,805,18096,0,52641792,0,101,0.0,51280941.052102044,996,
77,2026-10-09T10:45:09.556950+00:00,77.00187208700004,loop0,0.9639260420000255,2107392,0,217,0,0,0,0,0,0.0,0.0,0,
77,2026-10-09T10:45:09.556950+00:00,77.00187208700004,loop1,0.9639260420000255,354304,0,43,0,0,0,0,0,0.0,0.0,0,
77,2026-10-09T10:45:09.556950+00:00,77.00187208700004,loop2,0.9639260420000255,1106944,0,51,0,0,0,0,0,0.0,0.0,0,
77,2026-10-09T10:45:09.556950+00:00,77.00187208700004,loop3,0.9639260420000255,1141760,0,66,0,0,0,0,0,0.0,0.0,0,
77,2026-10-09T10:45:09.556950+00:00,77.00187208700004,loop4,0.9639260420000255,1688576,0,83,0,0,0,0,0,0.0,0.0,0,
77,2026-10-09T10:45:09.556950+00:00,77.00187208700004,loop5,0.9639260420000255,14336,0,11,0,0,0,0,0,0.0,0.0,0,
77,2026-10-09T10:45:09.556950+00:00,77.00187208700004,loop6,0.9639260420000255,0,0,0,0,0,0,0,0,0.0,0.0,0,
77,2026-10-09T10:45:09.556950+00:00,77.00187208700004,loop7,0.9639260420000255,0,0,0,0,0,0,0,0,0.0,0.0,0,
77,2026-10-09T10:45:09.556950+00:00,77.00187208700004,sr0,0.9639260420000255,1536,0,8,0,0,0,0,0,0.0,0.0,0,
77,2026-10-09T10:45:09.556950+00:00,77.00187208700004,sda,0.9639260420000255,382503424,9018109952,8114,24420,0,59449344,0,106,0.0,61674175.62103631,924,
77,2026-10-09T10:45:09.556950+00:00,77.00187208700004,sda1,0.9639260420000255,319488,0,78,0,0,0,0,0,0.0,0.0,0,
77,2026-10-09T10:45:09.556950+00:00,77.00187208700004,sda2,0.9639260420000255,353301504,119607296,6828,6196,0,12288,0,2,0.0,12747.865982024869,8,
77,2026-10-09T10:45:09.556950+00:00,77.00187208700004,sda3,0.9639260420000255,5653504,118784,152,24,0,0,0,0,0.0,0.0,0,
77,2026-10-09T10:45:09.556950+00:00,77.00187208700004,sda4,0.9639260420000255,4657152,0,116,0,0,0,0,0,0.0,0.0,0,
77,2026-10-09T10:45:09.556950+00:00,77.00187208700004,sda5,0.9639260420000255,16117760,8898383872,805,18200,0,59437056,0,104,0.0,61661427.75505429,920,
78,2026-10-09T10:45:10.560872+00:00,78.00442243999998,loop0,1.0039202299999488,2107392,0,217,0,0,0,0,0,0.0,0.0,0,
78,2026-10-09T10:45:10.560872+00:00,78.00442243999998,loop1,1.0039202299999488,354304,0,43,0,0,0,0,0,0.0,0.0,0,
78,2026-10-09T10:45:10.560872+00:00,78.00442243999998,loop2,1.0039202299999488,1106944,0,51,0,0,0,0,0,0.0,0.0,0,
78,2026-10-09T10:45:10.560872+00:00,78.00442243999998,loop3,1.0039202299999488,1141760,0,66,0,0,0,0,0,0.0,0.0,0,
78,2026-10-09T10:45:10.560872+00:00,78.00442243999998,loop4,1.0039202299999488,1688576,0,83,0,0,0,0,0,0.0,0.0,0,
78,2026-10-09T10:45:10.560872+00:00,78.00442243999998,loop5,1.0039202299999488,14336,0,11,0,0,0,0,0,0.0,0.0,0,
78,2026-10-09T10:45:10.560872+00:00,78.00442243999998,loop6,1.0039202299999488,0,0,0,0,0,0,0,0,0.0,0.0,0,
78,2026-10-09T10:45:10.560872+00:00,78.00442243999998,loop7,1.0039202299999488,0,0,0,0,0,0,0,0,0.0,0.0,0,
78,2026-10-09T10:45:10.560872+00:00,78.00442243999998,sr0,1.0039202299999488,1536,0,8,0,0,0,0,0,0.0,0.0,0,
78,2026-10-09T10:45:10.560872+00:00,78.00442243999998,sda,1.0039202299999488,382503424,9074520064,8114,24526,0,56410112,0,106,0.0,56189834.923440956,948,
78,2026-10-09T10:45:10.560872+00:00,78.00442243999998,sda1,1.0039202299999488,319488,0,78,0,0,0,0,0,0.0,0.0,0,
78,2026-10-09T10:45:10.560872+00:00,78.00442243999998,sda2,1.0039202299999488,353301504,119607296,6828,6196,0,0,0,0,0.0,0.0,0,
78,2026-10-09T10:45:10.560872+00:00,78.00442243999998,sda3,1.0039202299999488,5653504,118784,152,24,0,0,0,0,0.0,0.0,0,
78,2026-10-09T10:45:10.560872+00:00,78.00442243999998,sda4,1.0039202299999488,4657152,0,116,0,0,0,0,0,0.0,0.0,0,
78,2026-10-09T10:45:10.560872+00:00,78.00442243999998,sda5,1.0039202299999488,16117760,8954793984,805,18306,0,56410112,0,106,0.0,56189834.923440956,948,
79,2026-10-09T10:45:11.560079+00:00,79.00293066899997,loop0,0.9992086009999639,2107392,0,217,0,0,0,0,0,0.0,0.0,0,
79,2026-10-09T10:45:11.560079+00:00,79.00293066899997,loop1,0.9992086009999639,354304,0,43,0,0,0,0,0,0.0,0.0,0,
79,2026-10-09T10:45:11.560079+00:00,79.00293066899997,loop2,0.9992086009999639,1106944,0,51,0,0,0,0,0,0.0,0.0,0,
79,2026-10-09T10:45:11.560079+00:00,79.00293066899997,loop3,0.9992086009999639,1141760,0,66,0,0,0,0,0,0.0,0.0,0,
79,2026-10-09T10:45:11.560079+00:00,79.00293066899997,loop4,0.9992086009999639,1688576,0,83,0,0,0,0,0,0.0,0.0,0,
79,2026-10-09T10:45:11.560079+00:00,79.00293066899997,loop5,0.9992086009999639,14336,0,11,0,0,0,0,0,0.0,0.0,0,
79,2026-10-09T10:45:11.560079+00:00,79.00293066899997,loop6,0.9992086009999639,0,0,0,0,0,0,0,0,0.0,0.0,0,
79,2026-10-09T10:45:11.560079+00:00,79.00293066899997,loop7,0.9992086009999639,0,0,0,0,0,0,0,0,0.0,0.0,0,
79,2026-10-09T10:45:11.560079+00:00,79.00293066899997,sr0,0.9992086009999639,1536,0,8,0,0,0,0,0,0.0,0.0,0,
79,2026-10-09T10:45:11.560079+00:00,79.00293066899997,sda,0.9992086009999639,382503424,9127170048,8114,24637,0,52649984,0,111,0.0,52691684.14614347,908,
79,2026-10-09T10:45:11.560079+00:00,79.00293066899997,sda1,0.9992086009999639,319488,0,78,0,0,0,0,0,0.0,0.0,0,
79,2026-10-09T10:45:11.560079+00:00,79.00293066899997,sda2,0.9992086009999639,353301504,119607296,6828,6196,0,0,0,0,0.0,0.0,0,
79,2026-10-09T10:45:11.560079+00:00,79.00293066899997,sda3,0.9992086009999639,5653504,118784,152,24,0,0,0,0,0.0,0.0,0,
79,2026-10-09T10:45:11.560079+00:00,79.00293066899997,sda4,0.9992086009999639,4657152,0,116,0,0,0,0,0,0.0,0.0,0,
79,2026-10-09T10:45:11.560079+00:00,79.00293066899997,sda5,0.9992086009999639,16117760,9007443968,805,18417,0,52649984,0,111,0.0,52691684.14614347,908,
80,2026-10-09T10:45:12.560352+00:00,80.00336727299998,loop0,1.0002725200000668,2107392,0,217,0,0,0,0,0,0.0,0.0,0,
80,2026-10-09T10:45:12.560352+00:00,80.00336727299998,loop1,1.0002725200000668,354304,0,43,0,0,0,0,0,0.0,0.0,0,
80,2026-10-09T10:45:12.560352+00:00,80.00336727299998,loop2,1.0002725200000668,1106944,0,51,0,0,0,0,0,0.0,0.0,0,
80,2026-10-09T10:45:12.560352+00:00,80.00336727299998,loop3,1.0002725200000668,1141760,0,66,0,0,0,0,0,0.0,0.0,0,
80,2026-10-09T10:45:12.560352+00:00,80.00336727299998,loop4,1.0002725200000668,1688576,0,83,0,0,0,0,0,0.0,0.0,0,
80,2026-10-09T10:45:12.560352+00:00,80.00336727299998,loop5,1.0002725200000668,14336,0,11,0,0,0,0,0,0.0,0.0,0,
80,2026-10-09T10:45:12.560352+00:00,80.00336727299998,loop6,1.0002725200000668,0,0,0,0,0,0,0,0,0.0,0.0,0,
80,2026-10-09T10:45:12.560352+00:00,80.00336727299998,loop7,1.0002725200000668,0,0,0,0,0,0,0,0,0.0,0.0,0,
80,2026-10-09T10:45:12.560352+00:00,80.00336727299998,sr0,1.0002725200000668,1536,0,8,0,0,0,0,0,0.0,0.0,0,
80,2026-10-09T10:45:12.560352+00:00,80.00336727299998,sda,1.0002725200000668,382503424,9190334464,8114,24769,0,63164416,0,132,0.0,63147207.12311059,916,
80,2026-10-09T10:45:12.560352+00:00,80.00336727299998,sda1,1.0002725200000668,319488,0,78,0,0,0,0,0,0.0,0.0,0,
80,2026-10-09T10:45:12.560352+00:00,80.00336727299998,sda2,1.0002725200000668,353301504,119607296,6828,6196,0,0,0,0,0.0,0.0,0,
80,2026-10-09T10:45:12.560352+00:00,80.00336727299998,sda3,1.0002725200000668,5653504,118784,152,24,0,0,0,0,0.0,0.0,0,
80,2026-10-09T10:45:12.560352+00:00,80.00336727299998,sda4,1.0002725200000668,4657152,0,116,0,0,0,0,0,0.0,0.0,0,
80,2026-10-09T10:45:12.560352+00:00,80.00336727299998,sda5,1.0002725200000668,16117760,9070608384,805,18549,0,63164416,0,132,0.0,63147207.12311059,916,
81,2026-10-09T10:45:13.590290+00:00,81.03469142400002,loop0,1.0299382969999442,2107392,0,217,0,0,0,0,0,0.0,0.0,0,
81,2026-10-09T10:45:13.590290+00:00,81.03469142400002,loop1,1.0299382969999442,354304,0,43,0,0,0,0,0,0.0,0.0,0,
81,2026-10-09T10:45:13.590290+00:00,81.03469142400002,loop2,1.0299382969999442,1106944,0,51,0,0,0,0,0,0.0,0.0,0,
81,2026-10-09T10:45:13.590290+00:00,81.03469142400002,loop3,1.0299382969999442,1141760,0,66,0,0,0,0,0,0.0,0.0,0,
81,2026-10-09T10:45:13.590290+00:00,81.03469142400002,loop4,1.0299382969999442,1688576,0,83,0,0,0,0,0,0.0,0.0,0,
81,2026-10-09T10:45:13.590290+00:00,81.03469142400002,loop5,1.0299382969999442,14336,0,11,0,0,0,0,0,0.0,0.0,0,
81,2026-10-09T10:45:13.590290+00:00,81.03469142400002,loop6,1.0299382969999442,0,0,0,0,0,0,0,0,0.0,0.0,0,
81,2026-10-09T10:45:13.590290+00:00,81.03469142400002,loop7,1.0299382969999442,0,0,0,0,0,0,0,0,0.0,0.0,0,
81,2026-10-09T10:45:13.590290+00:00,81.03469142400002,sr0,1.0299382969999442,1536,0,8,0,0,0,0,0,0.0,0.0,0,
81,2026-10-09T10:45:13.590290+00:00,81.03469142400002,sda,1.0299382969999442,382503424,9242972160,8114,24879,0,52637696,0,110,0.0,51107620.867508,972,
81,2026-10-09T10:45:13.590290+00:00,81.03469142400002,sda1,1.0299382969999442,319488,0,78,0,0,0,0,0,0.0,0.0,0,
81,2026-10-09T10:45:13.590290+00:00,81.03469142400002,sda2,1.0299382969999442,353301504,119607296,6828,6196,0,0,0,0,0.0,0.0,0,
81,2026-10-09T10:45:13.590290+00:00,81.03469142400002,sda3,1.0299382969999442,5653504,118784,152,24,0,0,0,0,0.0,0.0,0,
81,2026-10-09T10:45:13.590290+00:00,81.03469142400002,sda4,1.0299382969999442,4657152,0,116,0,0,0,0,0,0.0,0.0,0,
81,2026-10-09T10:45:13.590290+00:00,81.03469142400002,sda5,1.0299382969999442,16117760,9123246080,805,18659,0,52637696,0,110,0.0,51107620.867508,972,
82,2026-10-09T10:45:14.559532+00:00,82.00317254599997,loop0,0.9692421650000824,2107392,0,217,0,0,0,0,0,0.0,0.0,0,
82,2026-10-09T10:45:14.559532+00:00,82.00317254599997,loop1,0.9692421650000824,354304,0,43,0,0,0,0,0,0.0,0.0,0,
82,2026-10-09T10:45:14.559532+00:00,82.00317254599997,loop2,0.9692421650000824,1106944,0,51,0,0,0,0,0,0.0,0.0,0,
82,2026-10-09T10:45:14.559532+00:00,82.00317254599997,loop3,0.9692421650000824,1141760,0,66,0,0,0,0,0,0.0,0.0,0,
82,2026-10-09T10:45:14.559532+00:00,82.00317254599997,loop4,0.9692421650000824,1688576,0,83,0,0,0,0,0,0.0,0.0,0,
82,2026-10-09T10:45:14.559532+00:00,82.00317254599997,loop5,0.9692421650000824,14336,0,11,0,0,0,0,0,0.0,0.0,0,
82,2026-10-09T10:45:14.559532+00:00,82.00317254599997,loop6,0.9692421650000824,0,0,0,0,0,0,0,0,0.0,0.0,0,
82,2026-10-09T10:45:14.559532+00:00,82.00317254599997,loop7,0.9692421650000824,0,0,0,0,0,0,0,0,0.0,0.0,0,
82,2026-10-09T10:45:14.559532+00:00,82.00317254599997,sr0,0.9692421650000824,1536,0,8,0,0,0,0,0,0.0,0.0,0,
82,2026-10-09T10:45:14.559532+00:00,82.00317254599997,sda,0.9692421650000824,382503424,9293520896,8114,24987,0,50548736,0,108,0.0,52152844.58863354,940,
82,2026-10-09T10:45:14.559532+00:00,82.00317254599997,sda1,0.9692421650000824,319488,0,78,0,0,0,0,0,0.0,0.0,0,
82,2026-10-09T10:45:14.559532+00:00,82.00317254599997,sda2,0.9692421650000824,353301504,119619584,6828,6198,0,12288,0,2,0.0,12677.946176638896,8,
82,2026-10-09T10:45:14.559532+00:00,82.00317254599997,sda3,0.9692421650000824,5653504,118784,152,24,0,0,0,0,0.0,0.0,0,
82,2026-10-09T10:45:14.559532+00:00,82.00317254599997,sda4,0.9692421650000824,4657152,0,116,0,0,0,0,0,0.0,0.0,0,
82,2026-10-09T10:45:14.559532+00:00,82.00317254599997,sda5,0.9692421650000824,16117760,9173782528,805,18765,0,50536448,0,106,0.0,52140166.6424569,932,
83,2026-10-09T10:45:15.558815+00:00,83.00334038000005,loop0,0.999282882999978,2107392,0,217,0,0,0,0,0,0.0,0.0,0,
83,2026-10-09T10:45:15.558815+00:00,83.00334038000005,loop1,0.999282882999978,354304,0,43,0,0,0,0,0,0.0,0.0,0,
83,2026-10-09T10:45:15.558815+00:00,83.00334038000005,loop2,0.999282882999978,1106944,0,51,0,0,0,0,0,0.0,0.0,0,
83,2026-10-09T10:45:15.558815+00:00,83.00334038000005,loop3,0.999282882999978,1141760,0,66,0,0,0,0,0,0.0,0.0,0,
83,2026-10-09T10:45:15.558815+00:00,83.00334038000005,loop4,0.999282882999978,1688576,0,83,0,0,0,0,0,0.0,0.0,0,
83,2026-10-09T10:45:15.558815+00:00,83.00334038000005,loop5,0.999282882999978,14336,0,11,0,0,0,0,0,0.0,0.0,0,
83,2026-10-09T10:45:15.558815+00:00,83.00334038000005,loop6,0.999282882999978,0,0,0,0,0,0,0,0,0.0,0.0,0,
83,2026-10-09T10:45:15.558815+00:00,83.00334038000005,loop7,0.999282882999978,0,0,0,0,0,0,0,0,0.0,0.0,0,
83,2026-10-09T10:45:15.558815+00:00,83.00334038000005,sr0,0.999282882999978,1536,0,8,0,0,0,0,0,0.0,0.0,0,
83,2026-10-09T10:45:15.558815+00:00,83.00334038000005,sda,0.999282882999978,382503424,9348329472,8114,25105,0,54808576,0,118,0.0,54847908.36750598,960,
83,2026-10-09T10:45:15.558815+00:00,83.00334038000005,sda1,0.999282882999978,319488,0,78,0,0,0,0,0,0.0,0.0,0,
83,2026-10-09T10:45:15.558815+00:00,83.00334038000005,sda2,0.999282882999978,353301504,119619584,6828,6198,0,0,0,0,0.0,0.0,0,
83,2026-10-09T10:45:15.558815+00:00,83.00334038000005,sda3,0.999282882999978,5653504,118784,152,24,0,0,0,0,0.0,0.0,0,
83,2026-10-09T10:45:15.558815+00:00,83.00334038000005,sda4,0.999282882999978,4657152,0,116,0,0,0,0,0,0.0,0.0,0,
83,2026-10-09T10:45:15.558815+00:00,83.00334038000005,sda5,0.999282882999978,16117760,9228591104,805,18883,0,54808576,0,118,0.0,54847908.36750598,960,
84,2026-10-09T10:45:16.565311+00:00,84.00999488299999,loop0,1.0064942709999514,2107392,0,217,0,0,0,0,0,0.0,0.0,0,
84,2026-10-09T10:45:16.565311+00:00,84.00999488299999,loop1,1.0064942709999514,354304,0,43,0,0,0,0,0,0.0,0.0,0,
84,2026-10-09T10:45:16.565311+00:00,84.00999488299999,loop2,1.0064942709999514,1106944,0,51,0,0,0,0,0,0.0,0.0,0,
84,2026-10-09T10:45:16.565311+00:00,84.00999488299999,loop3,1.0064942709999514,1141760,0,66,0,0,0,0,0,0.0,0.0,0,
84,2026-10-09T10:45:16.565311+00:00,84.00999488299999,loop4,1.0064942709999514,1688576,0,83,0,0,0,0,0,0.0,0.0,0,
84,2026-10-09T10:45:16.565311+00:00,84.00999488299999,loop5,1.0064942709999514,14336,0,11,0,0,0,0,0,0.0,0.0,0,
84,2026-10-09T10:45:16.565311+00:00,84.00999488299999,loop6,1.0064942709999514,0,0,0,0,0,0,0,0,0.0,0.0,0,
84,2026-10-09T10:45:16.565311+00:00,84.00999488299999,loop7,1.0064942709999514,0,0,0,0,0,0,0,0,0.0,0.0,0,
84,2026-10-09T10:45:16.565311+00:00,84.00999488299999,sr0,1.0064942709999514,1536,0,8,0,0,0,0,0,0.0,0.0,0,
84,2026-10-09T10:45:16.565311+00:00,84.00999488299999,sda,1.0064942709999514,382503424,9409384448,8114,25235,0,61054976,0,130,0.0,60661026.852484636,888,
84,2026-10-09T10:45:16.565311+00:00,84.00999488299999,sda1,1.0064942709999514,319488,0,78,0,0,0,0,0,0.0,0.0,0,
84,2026-10-09T10:45:16.565311+00:00,84.00999488299999,sda2,1.0064942709999514,353301504,119619584,6828,6198,0,0,0,0,0.0,0.0,0,
84,2026-10-09T10:45:16.565311+00:00,84.00999488299999,sda3,1.0064942709999514,5653504,118784,152,24,0,0,0,0,0.0,0.0,0,
84,2026-10-09T10:45:16.565311+00:00,84.00999488299999,sda4,1.0064942709999514,4657152,0,116,0,0,0,0,0,0.0,0.0,0,
84,2026-10-09T10:45:16.565311+00:00,84.00999488299999,sda5,1.0064942709999514,16117760,9289646080,805,19013,0,61054976,0,130,0.0,60661026.852484636,888,
85,2026-10-09T10:45:17.556883+00:00,85.001242273,loop0,0.9915738199999851,2107392,0,217,0,0,0,0,0,0.0,0.0,0,
85,2026-10-09T10:45:17.556883+00:00,85.001242273,loop1,0.9915738199999851,354304,0,43,0,0,0,0,0,0.0,0.0,0,
85,2026-10-09T10:45:17.556883+00:00,85.001242273,loop2,0.9915738199999851,1106944,0,51,0,0,0,0,0,0.0,0.0,0,
85,2026-10-09T10:45:17.556883+00:00,85.001242273,loop3,0.9915738199999851,1141760,0,66,0,0,0,0,0,0.0,0.0,0,
85,2026-10-09T10:45:17.556883+00:00,85.001242273,loop4,0.9915738199999851,1688576,0,83,0,0,0,0,0,0.0,0.0,0,
85,2026-10-09T10:45:17.556883+00:00,85.001242273,loop5,0.9915738199999851,14336,0,11,0,0,0,0,0,0.0,0.0,0,
85,2026-10-09T10:45:17.556883+00:00,85.001242273,loop6,0.9915738199999851,0,0,0,0,0,0,0,0,0.0,0.0,0,
85,2026-10-09T10:45:17.556883+00:00,85.001242273,loop7,0.9915738199999851,0,0,0,0,0,0,0,0,0.0,0.0,0,
85,2026-10-09T10:45:17.556883+00:00,85.001242273,sr0,0.9915738199999851,1536,0,8,0,0,0,0,0,0.0,0.0,0,
85,2026-10-09T10:45:17.556883+00:00,85.001242273,sda,0.9915738199999851,382503424,9461268480,8114,25339,0,51884032,0,104,0.0,52324931.289534025,932,
85,2026-10-09T10:45:17.556883+00:00,85.001242273,sda1,0.9915738199999851,319488,0,78,0,0,0,0,0,0.0,0.0,0,
85,2026-10-09T10:45:17.556883+00:00,85.001242273,sda2,0.9915738199999851,353301504,119619584,6828,6198,0,0,0,0,0.0,0.0,0,
85,2026-10-09T10:45:17.556883+00:00,85.001242273,sda3,0.9915738199999851,5653504,118784,152,24,0,0,0,0,0.0,0.0,0,
85,2026-10-09T10:45:17.556883+00:00,85.001242273,sda4,0.9915738199999851,4657152,0,116,0,0,0,0,0,0.0,0.0,0,
85,2026-10-09T10:45:17.556883+00:00,85.001242273,sda5,0.9915738199999851,16117760,9341530112,805,19117,0,51884032,0,104,0.0,52324931.289534025,932,
86,2026-10-09T10:45:18.561945+00:00,86.00734728199996,loop0,1.0050619120000874,2107392,0,217,0,0,0,0,0,0.0,0.0,0,
86,2026-10-09T10:45:18.561945+00:00,86.00734728199996,loop1,1.0050619120000874,354304,0,43,0,0,0,0,0,0.0,0.0,0,
86,2026-10-09T10:45:18.561945+00:00,86.00734728199996,loop2,1.0050619120000874,1106944,0,51,0,0,0,0,0,0.0,0.0,0,
86,2026-10-09T10:45:18.561945+00:00,86.00734728199996,loop3,1.0050619120000874,1141760,0,66,0,0,0,0,0,0.0,0.0,0,
86,2026-10-09T10:45:18.561945+00:00,86.00734728199996,loop4,1.0050619120000874,1688576,0,83,0,0,0,0,0,0.0,0.0,0,
86,2026-10-09T10:45:18.561945+00:00,86.00734728199996,loop5,1.0050619120000874,14336,0,11,0,0,0,0,0,0.0,0.0,0,
86,2026-10-09T10:45:18.561945+00:00,86.00734728199996,loop6,1.0050619120000874,0,0,0,0,0,0,0,0,0.0,0.0,0,
86,2026-10-09T10:45:18.561945+00:00,86.00734728199996,loop7,1.0050619120000874,0,0,0,0,0,0,0,0,0.0,0.0,0,
86,2026-10-09T10:45:18.561945+00:00,86.00734728199996,sr0,1.0050619120000874,1536,0,8,0,0,0,0,0,0.0,0.0,0,
86,2026-10-09T10:45:18.561945+00:00,86.00734728199996,sda,1.0050619120000874,382503424,9516793856,8114,25445,0,55525376,0,106,0.0,55245726.99158773,884,
86,2026-10-09T10:45:18.561945+00:00,86.00734728199996,sda1,1.0050619120000874,319488,0,78,0,0,0,0,0,0.0,0.0,0,
86,2026-10-09T10:45:18.561945+00:00,86.00734728199996,sda2,1.0050619120000874,353301504,119619584,6828,6198,0,0,0,0,0.0,0.0,0,
86,2026-10-09T10:45:18.561945+00:00,86.00734728199996,sda3,1.0050619120000874,5653504,118784,152,24,0,0,0,0,0.0,0.0,0,
86,2026-10-09T10:45:18.561945+00:00,86.00734728199996,sda4,1.0050619120000874,4657152,0,116,0,0,0,0,0,0.0,0.0,0,
86,2026-10-09T10:45:18.561945+00:00,86.00734728199996,sda5,1.0050619120000874,16117760,9397055488,805,19223,0,55525376,0,106,0.0,55245726.99158773,884,
87,2026-10-09T10:45:19.557240+00:00,87.00275511699999,loop0,0.995295520999889,2107392,0,217,0,0,0,0,0,0.0,0.0,0,
87,2026-10-09T10:45:19.557240+00:00,87.00275511699999,loop1,0.995295520999889,354304,0,43,0,0,0,0,0,0.0,0.0,0,
87,2026-10-09T10:45:19.557240+00:00,87.00275511699999,loop2,0.995295520999889,1106944,0,51,0,0,0,0,0,0.0,0.0,0,
87,2026-10-09T10:45:19.557240+00:00,87.00275511699999,loop3,0.995295520999889,1141760,0,66,0,0,0,0,0,0.0,0.0,0,
87,2026-10-09T10:45:19.557240+00:00,87.00275511699999,loop4,0.995295520999889,1688576,0,83,0,0,0,0,0,0.0,0.0,0,
87,2026-10-09T10:45:19.557240+00:00,87.00275511699999,loop5,0.995295520999889,14336,0,11,0,0,0,0,0,0.0,0.0,0,
87,2026-10-09T10:45:19.557240+00:00,87.00275511699999,loop6,0.995295520999889,0,0,0,0,0,0,0,0,0.0,0.0,0,
87,2026-10-09T10:45:19.557240+00:00,87.00275511699999,loop7,0.995295520999889,0,0,0,0,0,0,0,0,0.0,0.0,0,
87,2026-10-09T10:45:19.557240+00:00,87.00275511699999,sr0,0.995295520999889,1536,0,8,0,0,0,0,0,0.0,0.0,0,
87,2026-10-09T10:45:19.557240+00:00,87.00275511699999,sda,0.995295520999889,382503424,9569431552,8114,25555,0,52637696,0,110,0.0,52886499.42593871,952,
87,2026-10-09T10:45:19.557240+00:00,87.00275511699999,sda1,0.995295520999889,319488,0,78,0,0,0,0,0,0.0,0.0,0,
87,2026-10-09T10:45:19.557240+00:00,87.00275511699999,sda2,0.995295520999889,353301504,119619584,6828,6198,0,0,0,0,0.0,0.0,0,
87,2026-10-09T10:45:19.557240+00:00,87.00275511699999,sda3,0.995295520999889,5653504,118784,152,24,0,0,0,0,0.0,0.0,0,
87,2026-10-09T10:45:19.557240+00:00,87.00275511699999,sda4,0.995295520999889,4657152,0,116,0,0,0,0,0,0.0,0.0,0,
87,2026-10-09T10:45:19.557240+00:00,87.00275511699999,sda5,0.995295520999889,16117760,9449693184,805,19333,0,52637696,0,110,0.0,52886499.42593871,952,
88,2026-10-09T10:45:20.556979+00:00,88.00112679699998,loop0,0.9997389620000376,2107392,0,217,0,0,0,0,0,0.0,0.0,0,
88,2026-10-09T10:45:20.556979+00:00,88.00112679699998,loop1,0.9997389620000376,354304,0,43,0,0,0,0,0,0.0,0.0,0,
88,2026-10-09T10:45:20.556979+00:00,88.00112679699998,loop2,0.9997389620000376,1106944,0,51,0,0,0,0,0,0.0,0.0,0,
88,2026-10-09T10:45:20.556979+00:00,88.00112679699998,loop3,0.9997389620000376,1141760,0,66,0,0,0,0,0,0.0,0.0,0,
88,2026-10-09T10:45:20.556979+00:00,88.00112679699998,loop4,0.9997389620000376,1688576,0,83,0,0,0,0,0,0.0,0.0,0,
88,2026-10-09T10:45:20.556979+00:00,88.00112679699998,loop5,0.9997389620000376,14336,0,11,0,0,0,0,0,0.0,0.0,0,
88,2026-10-09T10:45:20.556979+00:00,88.00112679699998,loop6,0.9997389620000376,0,0,0,0,0,0,0,0,0.0,0.0,0,
88,2026-10-09T10:45:20.556979+00:00,88.00112679699998,loop7,0.9997389620000376,0,0,0,0,0,0,0,0,0.0,0.0,0,
88,2026-10-09T10:45:20.556979+00:00,88.00112679699998,sr0,0.9997389620000376,1536,0,8,0,0,0,0,0,0.0,0.0,0,
88,2026-10-09T10:45:20.556979+00:00,88.00112679699998,sda,0.9997389620000376,382503424,9627185152,8114,25670,0,57753600,0,115,0.0,57768679.82064085,924,
88,2026-10-09T10:45:20.556979+00:00,88.00112679699998,sda1,0.9997389620000376,319488,0,78,0,0,0,0,0,0.0,0.0,0,
88,2026-10-09T10:45:20.556979+00:00,88.00112679699998,sda2,0.9997389620000376,353301504,119631872,6828,6200,0,12288,0,2,0.0,12291.208472476776,20,
88,2026-10-09T10:45:20.556979+00:00,88.00112679699998,sda3,0.9997389620000376,5653504,118784,152,24,0,0,0,0,0.0,0.0,0,
88,2026-10-09T10:45:20.556979+00:00,88.00112679699998,sda4,0.9997389620000376,4657152,0,116,0,0,0,0,0,0.0,0.0,0,
88,2026-10-09T10:45:20.556979+00:00,88.00112679699998,sda5,0.9997389620000376,16117760,9507434496,805,19446,0,57741312,0,113,0.0,57756388.61216837,1032,
89,2026-10-09T10:45:21.556786+00:00,89.00094765699998,loop0,0.9998060750000377,2107392,0,217,0,0,0,0,0,0.0,0.0,0,
89,2026-10-09T10:45:21.556786+00:00,89.00094765699998,loop1,0.9998060750000377,354304,0,43,0,0,0,0,0,0.0,0.0,0,
89,2026-10-09T10:45:21.556786+00:00,89.00094765699998,loop2,0.9998060750000377,1106944,0,51,0,0,0,0,0,0.0,0.0,0,
89,2026-10-09T10:45:21.556786+00:00,89.00094765699998,loop3,0.9998060750000377,1141760,0,66,0,0,0,0,0,0.0,0.0,0,
89,2026-10-09T10:45:21.556786+00:00,89.00094765699998,loop4,0.9998060750000377,1688576,0,83,0,0,0,0,0,0.0,0.0,0,
89,2026-10-09T10:45:21.556786+00:00,89.00094765699998,loop5,0.9998060750000377,14336,0,11,0,0,0,0,0,0.0,0.0,0,
89,2026-10-09T10:45:21.556786+00:00,89.00094765699998,loop6,0.9998060750000377,0,0,0,0,0,0,0,0,0.0,0.0,0,
89,2026-10-09T10:45:21.556786+00:00,89.00094765699998,loop7,0.9998060750000377,0,0,0,0,0,0,0,0,0.0,0.0,0,
89,2026-10-09T10:45:21.556786+00:00,89.00094765699998,sr0,0.9998060750000377,1536,0,8,0,0,0,0,0,0.0,0.0,0,
89,2026-10-09T10:45:21.556786+00:00,89.00094765699998,sda,0.9998060750000377,382503424,9683320832,8114,25785,0,56135680,0,115,0.0,56146568.22324058,940,
89,2026-10-09T10:45:21.556786+00:00,89.00094765699998,sda1,0.9998060750000377,319488,0,78,0,0,0,0,0,0.0,0.0,0,
89,2026-10-09T10:45:21.556786+00:00,89.00094765699998,sda2,0.9998060750000377,353301504,119631872,6828,6200,0,0,0,0,0.0,0.0,0,
89,2026-10-09T10:45:21.556786+00:00,89.00094765699998,sda3,0.9998060750000377,5653504,118784,152,24,0,0,0,0,0.0,0.0,0,
89,2026-10-09T10:45:21.556786+00:00,89.00094765699998,sda4,0.9998060750000377,4657152,0,116,0,0,0,0,0,0.0,0.0,0,
89,2026-10-09T10:45:21.556786+00:00,89.00094765699998,sda5,0.9998060750000377,16117760,9563570176,805,19561,0,56135680,0,115,0.0,56146568.22324058,940,
90,2026-10-09T10:45:22.562471+00:00,90.00654666399998,loop0,1.0056847480000215,2107392,0,217,0,0,0,0,0,0.0,0.0,0,
90,2026-10-09T10:45:22.562471+00:00,90.00654666399998,loop1,1.0056847480000215,354304,0,43,0,0,0,0,0,0.0,0.0,0,
90,2026-10-09T10:45:22.562471+00:00,90.00654666399998,loop2,1.0056847480000215,1106944,0,51,0,0,0,0,0,0.0,0.0,0,
90,2026-10-09T10:45:22.562471+00:00,90.00654666399998,loop3,1.0056847480000215,1141760,0,66,0,0,0,0,0,0.0,0.0,0,
90,2026-10-09T10:45:22.562471+00:00,90.00654666399998,loop4,1.0056847480000215,1688576,0,83,0,0,0,0,0,0.0,0.0,0,
90,2026-10-09T10:45:22.562471+00:00,90.00654666399998,loop5,1.0056847480000215,14336,0,11,0,0,0,0,0,0.0,0.0,0,
90,2026-10-09T10:45:22.562471+00:00,90.00654666399998,loop6,1.0056847480000215,0,0,0,0,0,0,0,0,0.0,0.0,0,
90,2026-10-09T10:45:22.562471+00:00,90.00654666399998,loop7,1.0056847480000215,0,0,0,0,0,0,0,0,0.0,0.0,0,
90,2026-10-09T10:45:22.562471+00:00,90.00654666399998,sr0,1.0056847480000215,1536,0,8,0,0,0,0,0,0.0,0.0,0,
90,2026-10-09T10:45:22.562471+00:00,90.00654666399998,sda,1.0056847480000215,382503424,9737969664,8114,25899,0,54648832,0,114,0.0,54339923.230096385,960,
90,2026-10-09T10:45:22.562471+00:00,90.00654666399998,sda1,1.0056847480000215,319488,0,78,0,0,0,0,0,0.0,0.0,0,
90,2026-10-09T10:45:22.562471+00:00,90.00654666399998,sda2,1.0056847480000215,353301504,119631872,6828,6200,0,0,0,0,0.0,0.0,0,
90,2026-10-09T10:45:22.562471+00:00,90.00654666399998,sda3,1.0056847480000215,5653504,118784,152,24,0,0,0,0,0.0,0.0,0,
90,2026-10-09T10:45:22.562471+00:00,90.00654666399998,sda4,1.0056847480000215,4657152,0,116,0,0,0,0,0,0.0,0.0,0,
90,2026-10-09T10:45:22.562471+00:00,90.00654666399998,sda5,1.0056847480000215,16117760,9618219008,805,19675,0,54648832,0,114,0.0,54339923.230096385,960,
91,2026-10-09T10:45:23.573147+00:00,91.018316164,loop0,1.0106758919999947,2107392,0,217,0,0,0,0,0,0.0,0.0,0,
91,2026-10-09T10:45:23.573147+00:00,91.018316164,loop1,1.0106758919999947,354304,0,43,0,0,0,0,0,0.0,0.0,0,
91,2026-10-09T10:45:23.573147+00:00,91.018316164,loop2,1.0106758919999947,1106944,0,51,0,0,0,0,0,0.0,0.0,0,
91,2026-10-09T10:45:23.573147+00:00,91.018316164,loop3,1.0106758919999947,1141760,0,66,0,0,0,0,0,0.0,0.0,0,
91,2026-10-09T10:45:23.573147+00:00,91.018316164,loop4,1.0106758919999947,1688576,0,83,0,0,0,0,0,0.0,0.0,0,
91,2026-10-09T10:45:23.573147+00:00,91.018316164,loop5,1.0106758919999947,14336,0,11,0,0,0,0,0,0.0,0.0,0,
91,2026-10-09T10:45:23.573147+00:00,91.018316164,loop6,1.0106758919999947,0,0,0,0,0,0,0,0,0.0,0.0,0,
91,2026-10-09T10:45:23.573147+00:00,91.018316164,loop7,1.0106758919999947,0,0,0,0,0,0,0,0,0.0,0.0,0,
91,2026-10-09T10:45:23.573147+00:00,91.018316164,sr0,1.0106758919999947,1536,0,8,0,0,0,0,0,0.0,0.0,0,
91,2026-10-09T10:45:23.573147+00:00,91.018316164,sda,1.0106758919999947,382503424,9790607360,8114,26006,0,52637696,0,107,0.0,52081677.63439664,904,
91,2026-10-09T10:45:23.573147+00:00,91.018316164,sda1,1.0106758919999947,319488,0,78,0,0,0,0,0,0.0,0.0,0,
91,2026-10-09T10:45:23.573147+00:00,91.018316164,sda2,1.0106758919999947,353301504,119631872,6828,6200,0,0,0,0,0.0,0.0,0,
91,2026-10-09T10:45:23.573147+00:00,91.018316164,sda3,1.0106758919999947,5653504,118784,152,24,0,0,0,0,0.0,0.0,0,
91,2026-10-09T10:45:23.573147+00:00,91.018316164,sda4,1.0106758919999947,4657152,0,116,0,0,0,0,0,0.0,0.0,0,
91,2026-10-09T10:45:23.573147+00:00,91.018316164,sda5,1.0106758919999947,16117760,9670856704,805,19782,0,52637696,0,107,0.0,52081677.63439664,904,
92,2026-10-09T10:45:24.566255+00:00,92.01043447200004,loop0,0.9931088069999987,2107392,0,217,0,0,0,0,0,0.0,0.0,0,
92,2026-10-09T10:45:24.566255+00:00,92.01043447200004,loop1,0.9931088069999987,354304,0,43,0,0,0,0,0,0.0,0.0,0,
92,2026-10-09T10:45:24.566255+00:00,92.01043447200004,loop2,0.9931088069999987,1106944,0,51,0,0,0,0,0,0.0,0.0,0,
92,2026-10-09T10:45:24.566255+00:00,92.01043447200004,loop3,0.9931088069999987,1141760,0,66,0,0,0,0,0,0.0,0.0,0,
92,2026-10-09T10:45:24.566255+00:00,92.01043447200004,loop4,0.9931088069999987,1688576,0,83,0,0,0,0,0,0.0,0.0,0,
92,2026-10-09T10:45:24.566255+00:00,92.01043447200004,loop5,0.9931088069999987,14336,0,11,0,0,0,0,0,0.0,0.0,0,
92,2026-10-09T10:45:24.566255+00:00,92.01043447200004,loop6,0.9931088069999987,0,0,0,0,0,0,0,0,0.0,0.0,0,
92,2026-10-09T10:45:24.566255+00:00,92.01043447200004,loop7,0.9931088069999987,0,0,0,0,0,0,0,0,0.0,0.0,0,
92,2026-10-09T10:45:24.566255+00:00,92.01043447200004,sr0,0.9931088069999987,1536,0,8,0,0,0,0,0,0.0,0.0,0,
92,2026-10-09T10:45:24.566255+00:00,92.01043447200004,sda,0.9931088069999987,382503424,9850970112,8114,26129,0,60362752,0,123,0.0,60781609.804010205,992,
92,2026-10-09T10:45:24.566255+00:00,92.01043447200004,sda1,0.9931088069999987,319488,0,78,0,0,0,0,0,0.0,0.0,0,
92,2026-10-09T10:45:24.566255+00:00,92.01043447200004,sda2,0.9931088069999987,353301504,119652352,6828,6202,0,20480,0,2,0.0,20622.110946600464,32,
92,2026-10-09T10:45:24.566255+00:00,92.01043447200004,sda3,0.9931088069999987,5653504,118784,152,24,0,0,0,0,0.0,0.0,0,
92,2026-10-09T10:45:24.566255+00:00,92.01043447200004,sda4,0.9931088069999987,4657152,0,116,0,0,0,0,0,0.0,0.0,0,
92,2026-10-09T10:45:24.566255+00:00,92.01043447200004,sda5,0.9931088069999987,16117760,9731198976,805,19903,0,60342272,0,121,0.0,60760987.6930636,992,
93,2026-10-09T10:45:25.571006+00:00,93.01625121400002,loop0,1.0047507509999605,2107392,0,217,0,0,0,0,0,0.0,0.0,0,
93,2026-10-09T10:45:25.571006+00:00,93.01625121400002,loop1,1.0047507509999605,354304,0,43,0,0,0,0,0,0.0,0.0,0,
93,2026-10-09T10:45:25.571006+00:00,93.01625121400002,loop2,1.0047507509999605,1106944,0,51,0,0,0,0,0,0.0,0.0,0,
93,2026-10-09T10:45:25.571006+00:00,93.01625121400002,loop3,1.0047507509999605,1141760,0,66,0,0,0,0,0,0.0,0.0,0,
93,2026-10-09T10:45:25.571006+00:00,93.01625121400002,loop4,1.0047507509999605,1688576,0,83,0,0,0,0,0,0.0,0.0,0,
93,2026-10-09T10:45:25.571006+00:00,93.01625121400002,loop5,1.0047507509999605,14336,0,11,0,0,0,0,0,0.0,0.0,0,
93,2026-10-09T10:45:25.571006+00:00,93.01625121400002,loop6,1.0047507509999605,0,0,0,0,0,0,0,0,0.0,0.0,0,
93,2026-10-09T10:45:25.571006+00:00,93.01625121400002,loop7,1.0047507509999605,0,0,0,0,0,0,0,0,0.0,0.0,0,
93,2026-10-09T10:45:25.571006+00:00,93.01625121400002,sr0,1.0047507509999605,1536,0,8,0,0,0,0,0,0.0,0.0,0,
93,2026-10-09T10:45:25.571006+00:00,93.01625121400002,sda,1.0047507509999605,382503424,9906454528,8114,26247,0,55484416,0,118,0.0,55222069.6971663,972,
93,2026-10-09T10:45:25.571006+00:00,93.01625121400002,sda1,1.0047507509999605,319488,0,78,0,0,0,0,0,0.0,0.0,0,
93,2026-10-09T10:45:25.571006+00:00,93.01625121400002,sda2,1.0047507509999605,353301504,119676928,6828,6204,0,24576,0,2,0.0,24459.797592130355,8,
93,2026-10-09T10:45:25.571006+00:00,93.01625121400002,sda3,1.0047507509999605,5653504,118784,152,24,0,0,0,0,0.0,0.0,0,
93,2026-10-09T10:45:25.571006+00:00,93.01625121400002,sda4,1.0047507509999605,4657152,0,116,0,0,0,0,0,0.0,0.0,0,
93,2026-10-09T10:45:25.571006+00:00,93.01625121400002,sda5,1.0047507509999605,16117760,9786658816,805,20019,0,55459840,0,116,0.0,55197609.89957417,964,
94,2026-10-09T10:45:26.572316+00:00,94.01697384900001,loop0,1.0013104549999525,2107392,0,217,0,0,0,0,0,0.0,0.0,0,
94,2026-10-09T10:45:26.572316+00:00,94.01697384900001,loop1,1.0013104549999525,354304,0,43,0,0,0,0,0,0.0,0.0,0,
94,2026-10-09T10:45:26.572316+00:00,94.01697384900001,loop2,1.0013104549999525,1106944,0,51,0,0,0,0,0,0.0,0.0,0,
94,2026-10-09T10:45:26.572316+00:00,94.01697384900001,loop3,1.0013104549999525,1141760,0,66,0,0,0,0,0,0.0,0.0,0,
94,2026-10-09T10:45:26.572316+00:00,94.01697384900001,loop4,1.0013104549999525,1688576,0,83,0,0,0,0,0,0.0,0.0,0,
94,2026-10-09T10:45:26.572316+00:00,94.01697384900001,loop5,1.0013104549999525,14336,0,11,0,0,0,0,0,0.0,0.0,0,
94,2026-10-09T10:45:26.572316+00:00,94.01697384900001,loop6,1.0013104549999525,0,0,0,0,0,0,0,0,0.0,0.0,0,
94,2026-10-09T10:45:26.572316+00:00,94.01697384900001,loop7,1.0013104549999525,0,0,0,0,0,0,0,0,0.0,0.0,0,
94,2026-10-09T10:45:26.572316+00:00,94.01697384900001,sr0,1.0013104549999525,1536,0,8,0,0,0,0,0,0.0,0.0,0,
94,2026-10-09T10:45:26.572316+00:00,94.01697384900001,sda,1.0013104549999525,382503424,9938042880,8114,26314,0,31588352,0,67,0.0,31547011.061620742,640,
94,2026-10-09T10:45:26.572316+00:00,94.01697384900001,sda1,1.0013104549999525,319488,0,78,0,0,0,0,0,0.0,0.0,0,
94,2026-10-09T10:45:26.572316+00:00,94.01697384900001,sda2,1.0013104549999525,353301504,119676928,6828,6204,0,0,0,0,0.0,0.0,0,
94,2026-10-09T10:45:26.572316+00:00,94.01697384900001,sda3,1.0013104549999525,5653504,118784,152,24,0,0,0,0,0.0,0.0,0,
94,2026-10-09T10:45:26.572316+00:00,94.01697384900001,sda4,1.0013104549999525,4657152,0,116,0,0,0,0,0,0.0,0.0,0,
94,2026-10-09T10:45:26.572316+00:00,94.01697384900001,sda5,1.0013104549999525,16117760,9818247168,805,20086,0,31588352,0,67,0.0,31547011.061620742,640,
95,2026-10-09T10:45:27.649096+00:00,95.09424135300003,loop0,1.0767796070001623,2107392,0,217,0,0,0,0,0,0.0,0.0,0,
95,2026-10-09T10:45:27.649096+00:00,95.09424135300003,loop1,1.0767796070001623,354304,0,43,0,0,0,0,0,0.0,0.0,0,
95,2026-10-09T10:45:27.649096+00:00,95.09424135300003,loop2,1.0767796070001623,1106944,0,51,0,0,0,0,0,0.0,0.0,0,
95,2026-10-09T10:45:27.649096+00:00,95.09424135300003,loop3,1.0767796070001623,1141760,0,66,0,0,0,0,0,0.0,0.0,0,
95,2026-10-09T10:45:27.649096+00:00,95.09424135300003,loop4,1.0767796070001623,1688576,0,83,0,0,0,0,0,0.0,0.0,0,
95,2026-10-09T10:45:27.649096+00:00,95.09424135300003,loop5,1.0767796070001623,14336,0,11,0,0,0,0,0,0.0,0.0,0,
95,2026-10-09T10:45:27.649096+00:00,95.09424135300003,loop6,1.0767796070001623,0,0,0,0,0,0,0,0,0.0,0.0,0,
95,2026-10-09T10:45:27.649096+00:00,95.09424135300003,loop7,1.0767796070001623,0,0,0,0,0,0,0,0,0.0,0.0,0,
95,2026-10-09T10:45:27.649096+00:00,95.09424135300003,sr0,1.0767796070001623,1536,0,8,0,0,0,0,0,0.0,0.0,0,
95,2026-10-09T10:45:27.649096+00:00,95.09424135300003,sda,1.0767796070001623,382581248,9938100224,8115,26322,77824,57344,1,8,72274.77145189681,53255.09475402923,24,
95,2026-10-09T10:45:27.649096+00:00,95.09424135300003,sda1,1.0767796070001623,319488,0,78,0,0,0,0,0,0.0,0.0,0,
95,2026-10-09T10:45:27.649096+00:00,95.09424135300003,sda2,1.0767796070001623,353379328,119693312,6829,6208,77824,16384,1,4,72274.77145189681,15215.741358294066,24,
95,2026-10-09T10:45:27.649096+00:00,95.09424135300003,sda3,1.0767796070001623,5653504,118784,152,24,0,0,0,0,0.0,0.0,0,
95,2026-10-09T10:45:27.649096+00:00,95.09424135300003,sda4,1.0767796070001623,4657152,0,116,0,0,0,0,0,0.0,0.0,0,
95,2026-10-09T10:45:27.649096+00:00,95.09424135300003,sda5,1.0767796070001623,16117760,9818288128,805,20090,0,40960,0,4,0.0,38039.35339573517,4,
96,2026-10-09T10:45:28.556762+00:00,96.00183888499998,loop0,0.9076661709998461,2107392,0,217,0,0,0,0,0,0.0,0.0,0,
96,2026-10-09T10:45:28.556762+00:00,96.00183888499998,loop1,0.9076661709998461,354304,0,43,0,0,0,0,0,0.0,0.0,0,
96,2026-10-09T10:45:28.556762+00:00,96.00183888499998,loop2,0.9076661709998461,1106944,0,51,0,0,0,0,0,0.0,0.0,0,
96,2026-10-09T10:45:28.556762+00:00,96.00183888499998,loop3,0.9076661709998461,1141760,0,66,0,0,0,0,0,0.0,0.0,0,
96,2026-10-09T10:45:28.556762+00:00,96.00183888499998,loop4,0.9076661709998461,1688576,0,83,0,0,0,0,0,0.0,0.0,0,
96,2026-10-09T10:45:28.556762+00:00,96.00183888499998,loop5,0.9076661709998461,14336,0,11,0,0,0,0,0,0.0,0.0,0,
96,2026-10-09T10:45:28.556762+00:00,96.00183888499998,loop6,0.9076661709998461,0,0,0,0,0,0,0,0,0.0,0.0,0,
96,2026-10-09T10:45:28.556762+00:00,96.00183888499998,loop7,0.9076661709998461,0,0,0,0,0,0,0,0,0.0,0.0,0,
96,2026-10-09T10:45:28.556762+00:00,96.00183888499998,sr0,0.9076661709998461,1536,0,8,0,0,0,0,0,0.0,0.0,0,
96,2026-10-09T10:45:28.556762+00:00,96.00183888499998,sda,0.9076661709998461,382581248,9938100224,8115,26322,0,0,0,0,0.0,0.0,0,
96,2026-10-09T10:45:28.556762+00:00,96.00183888499998,sda1,0.9076661709998461,319488,0,78,0,0,0,0,0,0.0,0.0,0,
96,2026-10-09T10:45:28.556762+00:00,96.00183888499998,sda2,0.9076661709998461,353379328,119693312,6829,6208,0,0,0,0,0.0,0.0,0,
96,2026-10-09T10:45:28.556762+00:00,96.00183888499998,sda3,0.9076661709998461,5653504,118784,152,24,0,0,0,0,0.0,0.0,0,
96,2026-10-09T10:45:28.556762+00:00,96.00183888499998,sda4,0.9076661709998461,4657152,0,116,0,0,0,0,0,0.0,0.0,0,
96,2026-10-09T10:45:28.556762+00:00,96.00183888499998,sda5,0.9076661709998461,16117760,9818288128,805,20090,0,0,0,0,0.0,0.0,0,
97,2026-10-09T10:45:29.670680+00:00,97.11439799800007,loop0,1.113916940000081,2107392,0,217,0,0,0,0,0,0.0,0.0,0,
97,2026-10-09T10:45:29.670680+00:00,97.11439799800007,loop1,1.113916940000081,354304,0,43,0,0,0,0,0,0.0,0.0,0,
97,2026-10-09T10:45:29.670680+00:00,97.11439799800007,loop2,1.113916940000081,1106944,0,51,0,0,0,0,0,0.0,0.0,0,
97,2026-10-09T10:45:29.670680+00:00,97.11439799800007,loop3,1.113916940000081,1141760,0,66,0,0,0,0,0,0.0,0.0,0,
97,2026-10-09T10:45:29.670680+00:00,97.11439799800007,loop4,1.113916940000081,1688576,0,83,0,0,0,0,0,0.0,0.0,0,
97,2026-10-09T10:45:29.670680+00:00,97.11439799800007,loop5,1.113916940000081,14336,0,11,0,0,0,0,0,0.0,0.0,0,
97,2026-10-09T10:45:29.670680+00:00,97.11439799800007,loop6,1.113916940000081,0,0,0,0,0,0,0,0,0.0,0.0,0,
97,2026-10-09T10:45:29.670680+00:00,97.11439799800007,loop7,1.113916940000081,0,0,0,0,0,0,0,0,0.0,0.0,0,
97,2026-10-09T10:45:29.670680+00:00,97.11439799800007,sr0,1.113916940000081,1536,0,8,0,0,0,0,0,0.0,0.0,0,
97,2026-10-09T10:45:29.670680+00:00,97.11439799800007,sda,1.113916940000081,382614016,9938100224,8117,26322,32768,0,2,0,29416.915052928107,0.0,20,
97,2026-10-09T10:45:29.670680+00:00,97.11439799800007,sda1,1.113916940000081,319488,0,78,0,0,0,0,0,0.0,0.0,0,
97,2026-10-09T10:45:29.670680+00:00,97.11439799800007,sda2,1.113916940000081,353412096,119693312,6831,6208,32768,0,2,0,29416.915052928107,0.0,20,
97,2026-10-09T10:45:29.670680+00:00,97.11439799800007,sda3,1.113916940000081,5653504,118784,152,24,0,0,0,0,0.0,0.0,0,
97,2026-10-09T10:45:29.670680+00:00,97.11439799800007,sda4,1.113916940000081,4657152,0,116,0,0,0,0,0,0.0,0.0,0,
97,2026-10-09T10:45:29.670680+00:00,97.11439799800007,sda5,1.113916940000081,16117760,9818288128,805,20090,0,0,0,0,0.0,0.0,0,
98,2026-10-09T10:45:30.634820+00:00,98.0801521709999,loop0,0.9641407249998792,2107392,0,217,0,0,0,0,0,0.0,0.0,0,
98,2026-10-09T10:45:30.634820+00:00,98.0801521709999,loop1,0.9641407249998792,354304,0,43,0,0,0,0,0,0.0,0.0,0,
98,2026-10-09T10:45:30.634820+00:00,98.0801521709999,loop2,0.9641407249998792,1106944,0,51,0,0,0,0,0,0.0,0.0,0,
98,2026-10-09T10:45:30.634820+00:00,98.0801521709999,loop3,0.9641407249998792,1141760,0,66,0,0,0,0,0,0.0,0.0,0,
98,2026-10-09T10:45:30.634820+00:00,98.0801521709999,loop4,0.9641407249998792,1688576,0,83,0,0,0,0,0,0.0,0.0,0,
98,2026-10-09T10:45:30.634820+00:00,98.0801521709999,loop5,0.9641407249998792,14336,0,11,0,0,0,0,0,0.0,0.0,0,
98,2026-10-09T10:45:30.634820+00:00,98.0801521709999,loop6,0.9641407249998792,0,0,0,0,0,0,0,0,0.0,0.0,0,
98,2026-10-09T10:45:30.634820+00:00,98.0801521709999,loop7,0.9641407249998792,0,0,0,0,0,0,0,0,0.0,0.0,0,
98,2026-10-09T10:45:30.634820+00:00,98.0801521709999,sr0,0.9641407249998792,1536,0,8,0,0,0,0,0,0.0,0.0,0,
98,2026-10-09T10:45:30.634820+00:00,98.0801521709999,sda,0.9641407249998792,382614016,9938141184,8117,26324,0,40960,0,2,0.0,42483.424813328085,36,
98,2026-10-09T10:45:30.634820+00:00,98.0801521709999,sda1,0.9641407249998792,319488,0,78,0,0,0,0,0,0.0,0.0,0,
98,2026-10-09T10:45:30.634820+00:00,98.0801521709999,sda2,0.9641407249998792,353412096,119734272,6831,6210,0,40960,0,2,0.0,42483.424813328085,36,
98,2026-10-09T10:45:30.634820+00:00,98.0801521709999,sda3,0.9641407249998792,5653504,118784,152,24,0,0,0,0,0.0,0.0,0,
98,2026-10-09T10:45:30.634820+00:00,98.0801521709999,sda4,0.9641407249998792,4657152,0,116,0,0,0,0,0,0.0,0.0,0,
98,2026-10-09T10:45:30.634820+00:00,98.0801521709999,sda5,0.9641407249998792,16117760,9818288128,805,20090,0,0,0,0,0.0,0.0,0,
99,2026-10-09T10:45:31.571672+00:00,99.01732622599991,loop0,0.9368521760000021,2107392,0,217,0,0,0,0,0,0.0,0.0,0,
99,2026-10-09T10:45:31.571672+00:00,99.01732622599991,loop1,0.9368521760000021,354304,0,43,0,0,0,0,0,0.0,0.0,0,
99,2026-10-09T10:45:31.571672+00:00,99.01732622599991,loop2,0.9368521760000021,1106944,0,51,0,0,0,0,0,0.0,0.0,0,
99,2026-10-09T10:45:31.571672+00:00,99.01732622599991,loop3,0.9368521760000021,1141760,0,66,0,0,0,0,0,0.0,0.0,0,
99,2026-10-09T10:45:31.571672+00:00,99.01732622599991,loop4,0.9368521760000021,1688576,0,83,0,0,0,0,0,0.0,0.0,0,
99,2026-10-09T10:45:31.571672+00:00,99.01732622599991,loop5,0.9368521760000021,14336,0,11,0,0,0,0,0,0.0,0.0,0,
99,2026-10-09T10:45:31.571672+00:00,99.01732622599991,loop6,0.9368521760000021,0,0,0,0,0,0,0,0,0.0,0.0,0,
99,2026-10-09T10:45:31.571672+00:00,99.01732622599991,loop7,0.9368521760000021,0,0,0,0,0,0,0,0,0.0,0.0,0,
99,2026-10-09T10:45:31.571672+00:00,99.01732622599991,sr0,0.9368521760000021,1536,0,8,0,0,0,0,0,0.0,0.0,0,
99,2026-10-09T10:45:31.571672+00:00,99.01732622599991,sda,0.9368521760000021,382614016,9938202624,8117,26326,0,61440,0,2,0.0,65581.31749485295,12,
99,2026-10-09T10:45:31.571672+00:00,99.01732622599991,sda1,0.9368521760000021,319488,0,78,0,0,0,0,0,0.0,0.0,0,
99,2026-10-09T10:45:31.571672+00:00,99.01732622599991,sda2,0.9368521760000021,353412096,119734272,6831,6210,0,0,0,0,0.0,0.0,0,
99,2026-10-09T10:45:31.571672+00:00,99.01732622599991,sda3,0.9368521760000021,5653504,118784,152,24,0,0,0,0,0.0,0.0,0,
99,2026-10-09T10:45:31.571672+00:00,99.01732622599991,sda4,0.9368521760000021,4657152,0,116,0,0,0,0,0,0.0,0.0,0,
99,2026-10-09T10:45:31.571672+00:00,99.01732622599991,sda5,0.9368521760000021,16117760,9818349568,805,20092,0,61440,0,2,0.0,65581.31749485295,12,
100,2026-10-09T10:45:32.555719+00:00,100.0011686040001,loop0,0.9840472079999927,2107392,0,217,0,0,0,0,0,0.0,0.0,0,
100,2026-10-09T10:45:32.555719+00:00,100.0011686040001,loop1,0.9840472079999927,354304,0,43,0,0,0,0,0,0.0,0.0,0,
100,2026-10-09T10:45:32.555719+00:00,100.0011686040001,loop2,0.9840472079999927,1106944,0,51,0,0,0,0,0,0.0,0.0,0,
100,2026-10-09T10:45:32.555719+00:00,100.0011686040001,loop3,0.9840472079999927,1141760,0,66,0,0,0,0,0,0.0,0.0,0,
100,2026-10-09T10:45:32.555719+00:00,100.0011686040001,loop4,0.9840472079999927,1688576,0,83,0,0,0,0,0,0.0,0.0,0,
100,2026-10-09T10:45:32.555719+00:00,100.0011686040001,loop5,0.9840472079999927,14336,0,11,0,0,0,0,0,0.0,0.0,0,
100,2026-10-09T10:45:32.555719+00:00,100.0011686040001,loop6,0.9840472079999927,0,0,0,0,0,0,0,0,0.0,0.0,0,
100,2026-10-09T10:45:32.555719+00:00,100.0011686040001,loop7,0.9840472079999927,0,0,0,0,0,0,0,0,0.0,0.0,0,
100,2026-10-09T10:45:32.555719+00:00,100.0011686040001,sr0,0.9840472079999927,1536,0,8,0,0,0,0,0,0.0,0.0,0,
100,2026-10-09T10:45:32.555719+00:00,100.0011686040001,sda,0.9840472079999927,382614016,9939255296,8117,26522,0,1052672,0,196,0.0,1069737.2965871042,52,
100,2026-10-09T10:45:32.555719+00:00,100.0011686040001,sda1,0.9840472079999927,319488,0,78,0,0,0,0,0,0.0,0.0,0,
100,2026-10-09T10:45:32.555719+00:00,100.0011686040001,sda2,0.9840472079999927,353412096,120745984,6831,6401,0,1011712,0,191,0.0,1028113.2772646488,48,
100,2026-10-09T10:45:32.555719+00:00,100.0011686040001,sda3,0.9840472079999927,5653504,118784,152,24,0,0,0,0,0.0,0.0,0,
100,2026-10-09T10:45:32.555719+00:00,100.0011686040001,sda4,0.9840472079999927,4657152,0,116,0,0,0,0,0,0.0,0.0,0,
100,2026-10-09T10:45:32.555719+00:00,100.0011686040001,sda5,0.9840472079999927,16117760,9818390528,805,20097,0,40960,0,5,0.0,41624.01932245542,4,
101,2026-10-09T10:45:33.613878+00:00,101.05695442600006,loop0,1.0581591090001439,2107392,0,217,0,0,0,0,0,0.0,0.0,0,
101,2026-10-09T10:45:33.613878+00:00,101.05695442600006,loop1,1.0581591090001439,354304,0,43,0,0,0,0,0,0.0,0.0,0,
101,2026-10-09T10:45:33.613878+00:00,101.05695442600006,loop2,1.0581591090001439,1106944,0,51,0,0,0,0,0,0.0,0.0,0,
101,2026-10-09T10:45:33.613878+00:00,101.05695442600006,loop3,1.0581591090001439,1141760,0,66,0,0,0,0,0,0.0,0.0,0,
101,2026-10-09T10:45:33.613878+00:00,101.05695442600006,loop4,1.0581591090001439,1688576,0,83,0,0,0,0,0,0.0,0.0,0,
101,2026-10-09T10:45:33.613878+00:00,101.05695442600006,loop5,1.0581591090001439,14336,0,11,0,0,0,0,0,0.0,0.0,0,
101,2026-10-09T10:45:33.613878+00:00,101.05695442600006,loop6,1.0581591090001439,0,0,0,0,0,0,0,0,0.0,0.0,0,
101,2026-10-09T10:45:33.613878+00:00,101.05695442600006,loop7,1.0581591090001439,0,0,0,0,0,0,0,0,0.0,0.0,0,
101,2026-10-09T10:45:33.613878+00:00,101.05695442600006,sr0,1.0581591090001439,1536,0,8,0,0,0,0,0,0.0,0.0,0,
101,2026-10-09T10:45:33.613878+00:00,101.05695442600006,sda,1.0581591090001439,382614016,9939255296,8117,26522,0,0,0,0,0.0,0.0,0,
101,2026-10-09T10:45:33.613878+00:00,101.05695442600006,sda1,1.0581591090001439,319488,0,78,0,0,0,0,0,0.0,0.0,0,
101,2026-10-09T10:45:33.613878+00:00,101.05695442600006,sda2,1.0581591090001439,353412096,120745984,6831,6401,0,0,0,0,0.0,0.0,0,
101,2026-10-09T10:45:33.613878+00:00,101.05695442600006,sda3,1.0581591090001439,5653504,118784,152,24,0,0,0,0,0.0,0.0,0,
101,2026-10-09T10:45:33.613878+00:00,101.05695442600006,sda4,1.0581591090001439,4657152,0,116,0,0,0,0,0,0.0,0.0,0,
101,2026-10-09T10:45:33.613878+00:00,101.05695442600006,sda5,1.0581591090001439,16117760,9818390528,805,20097,0,0,0,0,0.0,0.0,0,
102,2026-10-09T10:45:34.559250+00:00,102.00147553499994,loop0,0.9453712029999224,2107392,0,217,0,0,0,0,0,0.0,0.0,0,
102,2026-10-09T10:45:34.559250+00:00,102.00147553499994,loop1,0.9453712029999224,354304,0,43,0,0,0,0,0,0.0,0.0,0,
102,2026-10-09T10:45:34.559250+00:00,102.00147553499994,loop2,0.9453712029999224,1106944,0,51,0,0,0,0,0,0.0,0.0,0,
102,2026-10-09T10:45:34.559250+00:00,102.00147553499994,loop3,0.9453712029999224,1141760,0,66,0,0,0,0,0,0.0,0.0,0,
102,2026-10-09T10:45:34.559250+00:00,102.00147553499994,loop4,0.9453712029999224,1688576,0,83,0,0,0,0,0,0.0,0.0,0,
102,2026-10-09T10:45:34.559250+00:00,102.00147553499994,loop5,0.9453712029999224,14336,0,11,0,0,0,0,0,0.0,0.0,0,
102,2026-10-09T10:45:34.559250+00:00,102.00147553499994,loop6,0.9453712029999224,0,0,0,0,0,0,0,0,0.0,0.0,0,
102,2026-10-09T10:45:34.559250+00:00,102.00147553499994,loop7,0.9453712029999224,0,0,0,0,0,0,0,0,0.0,0.0,0,
102,2026-10-09T10:45:34.559250+00:00,102.00147553499994,sr0,0.9453712029999224,1536,0,8,0,0,0,0,0,0.0,0.0,0,
102,2026-10-09T10:45:34.559250+00:00,102.00147553499994,sda,0.9453712029999224,382614016,9939255296,8117,26522,0,0,0,0,0.0,0.0,0,
102,2026-10-09T10:45:34.559250+00:00,102.00147553499994,sda1,0.9453712029999224,319488,0,78,0,0,0,0,0,0.0,0.0,0,
102,2026-10-09T10:45:34.559250+00:00,102.00147553499994,sda2,0.9453712029999224,353412096,120745984,6831,6401,0,0,0,0,0.0,0.0,0,
102,2026-10-09T10:45:34.559250+00:00,102.00147553499994,sda3,0.9453712029999224,5653504,118784,152,24,0,0,0,0,0.0,0.0,0,
102,2026-10-09T10:45:34.559250+00:00,102.00147553499994,sda4,0.9453712029999224,4657152,0,116,0,0,0,0,0,0.0,0.0,0,
102,2026-10-09T10:45:34.559250+00:00,102.00147553499994,sda5,0.9453712029999224,16117760,9818390528,805,20097,0,0,0,0,0.0,0.0,0,
103,2026-10-09T10:45:35.558537+00:00,103.00146274499991,loop0,0.9992866340001001,2107392,0,217,0,0,0,0,0,0.0,0.0,0,
103,2026-10-09T10:45:35.558537+00:00,103.00146274499991,loop1,0.9992866340001001,354304,0,43,0,0,0,0,0,0.0,0.0,0,
103,2026-10-09T10:45:35.558537+00:00,103.00146274499991,loop2,0.9992866340001001,1106944,0,51,0,0,0,0,0,0.0,0.0,0,
103,2026-10-09T10:45:35.558537+00:00,103.00146274499991,loop3,0.9992866340001001,1141760,0,66,0,0,0,0,0,0.0,0.0,0,
103,2026-10-09T10:45:35.558537+00:00,103.00146274499991,loop4,0.9992866340001001,1688576,0,83,0,0,0,0,0,0.0,0.0,0,
103,2026-10-09T10:45:35.558537+00:00,103.00146274499991,loop5,0.9992866340001001,14336,0,11,0,0,0,0,0,0.0,0.0,0,
103,2026-10-09T10:45:35.558537+00:00,103.00146274499991,loop6,0.9992866340001001,0,0,0,0,0,0,0,0,0.0,0.0,0,
103,2026-10-09T10:45:35.558537+00:00,103.00146274499991,loop7,0.9992866340001001,0,0,0,0,0,0,0,0,0.0,0.0,0,
103,2026-10-09T10:45:35.558537+00:00,103.00146274499991,sr0,0.9992866340001001,1536,0,8,0,0,0,0,0,0.0,0.0,0,
103,2026-10-09T10:45:35.558537+00:00,103.00146274499991,sda,0.9992866340001001,382614016,9939296256,8117,26523,0,40960,0,1,0.0,40989.24033041344,8,
103,2026-10-09T10:45:35.558537+00:00,103.00146274499991,sda1,0.9992866340001001,319488,0,78,0,0,0,0,0,0.0,0.0,0,
103,2026-10-09T10:45:35.558537+00:00,103.00146274499991,sda2,0.9992866340001001,353412096,120786944,6831,6402,0,40960,0,1,0.0,40989.24033041344,8,
103,2026-10-09T10:45:35.558537+00:00,103.00146274499991,sda3,0.9992866340001001,5653504,118784,152,24,0,0,0,0,0.0,0.0,0,
103,2026-10-09T10:45:35.558537+00:00,103.00146274499991,sda4,0.9992866340001001,4657152,0,116,0,0,0,0,0,0.0,0.0,0,
103,2026-10-09T10:45:35.558537+00:00,103.00146274499991,sda5,0.9992866340001001,16117760,9818390528,805,20097,0,0,0,0,0.0,0.0,4,
104,2026-10-09T10:45:36.556611+00:00,104.002242572,loop0,0.9980745979999028,2107392,0,217,0,0,0,0,0,0.0,0.0,0,
104,2026-10-09T10:45:36.556611+00:00,104.002242572,loop1,0.9980745979999028,354304,0,43,0,0,0,0,0,0.0,0.0,0,
104,2026-10-09T10:45:36.556611+00:00,104.002242572,loop2,0.9980745979999028,1106944,0,51,0,0,0,0,0,0.0,0.0,0,
104,2026-10-09T10:45:36.556611+00:00,104.002242572,loop3,0.9980745979999028,1141760,0,66,0,0,0,0,0,0.0,0.0,0,
104,2026-10-09T10:45:36.556611+00:00,104.002242572,loop4,0.9980745979999028,1688576,0,83,0,0,0,0,0,0.0,0.0,0,
104,2026-10-09T10:45:36.556611+00:00,104.002242572,loop5,0.9980745979999028,14336,0,11,0,0,0,0,0,0.0,0.0,0,
104,2026-10-09T10:45:36.556611+00:00,104.002242572,loop6,0.9980745979999028,0,0,0,0,0,0,0,0,0.0,0.0,0,
104,2026-10-09T10:45:36.556611+00:00,104.002242572,loop7,0.9980745979999028,0,0,0,0,0,0,0,0,0.0,0.0,0,
104,2026-10-09T10:45:36.556611+00:00,104.002242572,sr0,0.9980745979999028,1536,0,8,0,0,0,0,0,0.0,0.0,0,
104,2026-10-09T10:45:36.556611+00:00,104.002242572,sda,0.9980745979999028,382614016,9939329024,8117,26531,0,32768,0,8,0.0,32831.21328372209,204,
104,2026-10-09T10:45:36.556611+00:00,104.002242572,sda1,0.9980745979999028,319488,0,78,0,0,0,0,0,0.0,0.0,0,
104,2026-10-09T10:45:36.556611+00:00,104.002242572,sda2,0.9980745979999028,353412096,120803328,6831,6406,0,16384,0,4,0.0,16415.606641861046,204,
104,2026-10-09T10:45:36.556611+00:00,104.002242572,sda3,0.9980745979999028,5653504,118784,152,24,0,0,0,0,0.0,0.0,0,
104,2026-10-09T10:45:36.556611+00:00,104.002242572,sda4,0.9980745979999028,4657152,0,116,0,0,0,0,0,0.0,0.0,0,
104,2026-10-09T10:45:36.556611+00:00,104.002242572,sda5,0.9980745979999028,16117760,9818406912,805,20101,0,16384,0,4,0.0,16415.606641861046,200,
105,2026-10-09T10:45:37.557767+00:00,105.001262483,loop0,1.0011545110000952,2107392,0,217,0,0,0,0,0,0.0,0.0,0,
105,2026-10-09T10:45:37.557767+00:00,105.001262483,loop1,1.0011545110000952,354304,0,43,0,0,0,0,0,0.0,0.0,0,
105,2026-10-09T10:45:37.557767+00:00,105.001262483,loop2,1.0011545110000952,1106944,0,51,0,0,0,0,0,0.0,0.0,0,
105,2026-10-09T10:45:37.557767+00:00,105.001262483,loop3,1.0011545110000952,1141760,0,66,0,0,0,0,0,0.0,0.0,0,
105,2026-10-09T10:45:37.557767+00:00,105.001262483,loop4,1.0011545110000952,1688576,0,83,0,0,0,0,0,0.0,0.0,0,
105,2026-10-09T10:45:37.557767+00:00,105.001262483,loop5,1.0011545110000952,14336,0,11,0,0,0,0,0,0.0,0.0,0,
105,2026-10-09T10:45:37.557767+00:00,105.001262483,loop6,1.0011545110000952,0,0,0,0,0,0,0,0,0.0,0.0,0,
105,2026-10-09T10:45:37.557767+00:00,105.001262483,loop7,1.0011545110000952,0,0,0,0,0,0,0,0,0.0,0.0,0,
105,2026-10-09T10:45:37.557767+00:00,105.001262483,sr0,1.0011545110000952,1536,0,8,0,0,0,0,0,0.0,0.0,0,
105,2026-10-09T10:45:37.557767+00:00,105.001262483,sda,1.0011545110000952,382614016,9940361216,8117,26720,0,1032192,0,189,0.0,1031001.6971994664,48,
105,2026-10-09T10:45:37.557767+00:00,105.001262483,sda1,1.0011545110000952,319488,0,78,0,0,0,0,0,0.0,0.0,0,
105,2026-10-09T10:45:37.557767+00:00,105.001262483,sda2,1.0011545110000952,353412096,121790464,6831,6593,0,987136,0,187,0.0,985997.6548613944,44,
105,2026-10-09T10:45:37.557767+00:00,105.001262483,sda3,1.0011545110000952,5653504,118784,152,24,0,0,0,0,0.0,0.0,0,
105,2026-10-09T10:45:37.557767+00:00,105.001262483,sda4,1.0011545110000952,4657152,0,116,0,0,0,0,0,0.0,0.0,0,
105,2026-10-09T10:45:37.557767+00:00,105.001262483,sda5,1.0011545110000952,16117760,9818451968,805,20103,0,45056,0,2,0.0,45004.042338071944,4,
106,2026-10-09T10:45:38.565339+00:00,106.01062297100009,loop0,1.0075735329999134,2107392,0,217,0,0,0,0,0,0.0,0.0,0,
106,2026-10-09T10:45:38.565339+00:00,106.01062297100009,loop1,1.0075735329999134,354304,0,43,0,0,0,0,0,0.0,0.0,0,
106,2026-10-09T10:45:38.565339+00:00,106.01062297100009,loop2,1.0075735329999134,1106944,0,51,0,0,0,0,0,0.0,0.0,0,
106,2026-10-09T10:45:38.565339+00:00,106.01062297100009,loop3,1.0075735329999134,1141760,0,66,0,0,0,0,0,0.0,0.0,0,
106,2026-10-09T10:45:38.565339+00:00,106.01062297100009,loop4,1.0075735329999134,1688576,0,83,0,0,0,0,0,0.0,0.0,0,
106,2026-10-09T10:45:38.565339+00:00,106.01062297100009,loop5,1.0075735329999134,14336,0,11,0,0,0,0,0,0.0,0.0,0,
106,2026-10-09T10:45:38.565339+00:00,106.01062297100009,loop6,1.0075735329999134,0,0,0,0,0,0,0,0,0.0,0.0,0,
106,2026-10-09T10:45:38.565339+00:00,106.01062297100009,loop7,1.0075735329999134,0,0,0,0,0,0,0,0,0.0,0.0,0,
106,2026-10-09T10:45:38.565339+00:00,106.01062297100009,sr0,1.0075735329999134,1536,0,8,0,0,0,0,0,0.0,0.0,0,
106,2026-10-09T10:45:38.565339+00:00,106.01062297100009,sda,1.0075735329999134,382614016,9940361216,8117,26720,0,0,0,0,0.0,0.0,0,
106,2026-10-09T10:45:38.565339+00:00,106.01062297100009,sda1,1.0075735329999134,319488,0,78,0,0,0,0,0,0.0,0.0,0,
106,2026-10-09T10:45:38.565339+00:00,106.01062297100009,sda2,1.0075735329999134,353412096,121790464,6831,6593,0,0,0,0,0.0,0.0,0,
106,2026-10-09T10:45:38.565339+00:00,106.01062297100009,sda3,1.0075735329999134,5653504,118784,152,24,0,0,0,0,0.0,0.0,0,
106,2026-10-09T10:45:38.565339+00:00,106.01062297100009,sda4,1.0075735329999134,4657152,0,116,0,0,0,0,0,0.0,0.0,0,
106,2026-10-09T10:45:38.565339+00:00,106.01062297100009,sda5,1.0075735329999134,16117760,9818451968,805,20103,0,0,0,0,0.0,0.0,0,
107,2026-10-09T10:45:39.585441+00:00,107.03008055399994,loop0,1.0201020800000151,2107392,0,217,0,0,0,0,0,0.0,0.0,0,
107,2026-10-09T10:45:39.585441+00:00,107.03008055399994,loop1,1.0201020800000151,354304,0,43,0,0,0,0,0,0.0,0.0,0,
107,2026-10-09T10:45:39.585441+00:00,107.03008055399994,loop2,1.0201020800000151,1106944,0,51,0,0,0,0,0,0.0,0.0,0,
107,2026-10-09T10:45:39.585441+00:00,107.03008055399994,loop3,1.0201020800000151,1141760,0,66,0,0,0,0,0,0.0,0.0,0,
107,2026-10-09T10:45:39.585441+00:00,107.03008055399994,loop4,1.0201020800000151,1688576,0,83,0,0,0,0,0,0.0,0.0,0,
107,2026-10-09T10:45:39.585441+00:00,107.03008055399994,loop5,1.0201020800000151,14336,0,11,0,0,0,0,0,0.0,0.0,0,
107,2026-10-09T10:45:39.585441+00:00,107.03008055399994,loop6,1.0201020800000151,0,0,0,0,0,0,0,0,0.0,0.0,0,
107,2026-10-09T10:45:39.585441+00:00,107.03008055399994,loop7,1.0201020800000151,0,0,0,0,0,0,0,0,0.0,0.0,0,
107,2026-10-09T10:45:39.585441+00:00,107.03008055399994,sr0,1.0201020800000151,1536,0,8,0,0,0,0,0,0.0,0.0,0,
107,2026-10-09T10:45:39.585441+00:00,107.03008055399994,sda,1.0201020800000151,382614016,9940361216,8117,26720,0,0,0,0,0.0,0.0,0,
107,2026-10-09T10:45:39.585441+00:00,107.03008055399994,sda1,1.0201020800000151,319488,0,78,0,0,0,0,0,0.0,0.0,0,
107,2026-10-09T10:45:39.585441+00:00,107.03008055399994,sda2,1.0201020800000151,353412096,121790464,6831,6593,0,0,0,0,0.0,0.0,0,
107,2026-10-09T10:45:39.585441+00:00,107.03008055399994,sda3,1.0201020800000151,5653504,118784,152,24,0,0,0,0,0.0,0.0,0,
107,2026-10-09T10:45:39.585441+00:00,107.03008055399994,sda4,1.0201020800000151,4657152,0,116,0,0,0,0,0,0.0,0.0,0,
107,2026-10-09T10:45:39.585441+00:00,107.03008055399994,sda5,1.0201020800000151,16117760,9818451968,805,20103,0,0,0,0,0.0,0.0,0,
108,2026-10-09T10:45:40.555392+00:00,108.00079630800008,loop0,0.9699511540000003,2107392,0,217,0,0,0,0,0,0.0,0.0,0,
108,2026-10-09T10:45:40.555392+00:00,108.00079630800008,loop1,0.9699511540000003,354304,0,43,0,0,0,0,0,0.0,0.0,0,
108,2026-10-09T10:45:40.555392+00:00,108.00079630800008,loop2,0.9699511540000003,1106944,0,51,0,0,0,0,0,0.0,0.0,0,
108,2026-10-09T10:45:40.555392+00:00,108.00079630800008,loop3,0.9699511540000003,1141760,0,66,0,0,0,0,0,0.0,0.0,0,
108,2026-10-09T10:45:40.555392+00:00,108.00079630800008,loop4,0.9699511540000003,1688576,0,83,0,0,0,0,0,0.0,0.0,0,
108,2026-10-09T10:45:40.555392+00:00,108.00079630800008,loop5,0.9699511540000003,14336,0,11,0,0,0,0,0,0.0,0.0,0,
108,2026-10-09T10:45:40.555392+00:00,108.00079630800008,loop6,0.9699511540000003,0,0,0,0,0,0,0,0,0.0,0.0,0,
108,2026-10-09T10:45:40.555392+00:00,108.00079630800008,loop7,0.9699511540000003,0,0,0,0,0,0,0,0,0.0,0.0,0,
108,2026-10-09T10:45:40.555392+00:00,108.00079630800008,sr0,0.9699511540000003,1536,0,8,0,0,0,0,0,0.0,0.0,0,
108,2026-10-09T10:45:40.555392+00:00,108.00079630800008,sda,0.9699511540000003,382614016,9940393984,8117,26722,0,32768,0,2,0.0,33783.14450667687,92,
108,2026-10-09T10:45:40.555392+00:00,108.00079630800008,sda1,0.9699511540000003,319488,0,78,0,0,0,0,0,0.0,0.0,0,
108,2026-10-09T10:45:40.555392+00:00,108.00079630800008,sda2,0.9699511540000003,353412096,121823232,6831,6595,0,32768,0,2,0.0,33783.14450667687,92,
108,2026-10-09T10:45:40.555392+00:00,108.00079630800008,sda3,0.9699511540000003,5653504,118784,152,24,0,0,0,0,0.0,0.0,0,
108,2026-10-09T10:45:40.555392+00:00,108.00079630800008,sda4,0.9699511540000003,4657152,0,116,0,0,0,0,0,0.0,0.0,0,
108,2026-10-09T10:45:40.555392+00:00,108.00079630800008,sda5,0.9699511540000003,16117760,9818451968,805,20103,0,0,0,0,0.0,0.0,0,
109,2026-10-09T10:45:41.558737+00:00,109.00129533300003,loop0,1.0033452019999913,2107392,0,217,0,0,0,0,0,0.0,0.0,0,
109,2026-10-09T10:45:41.558737+00:00,109.00129533300003,loop1,1.0033452019999913,354304,0,43,0,0,0,0,0,0.0,0.0,0,
109,2026-10-09T10:45:41.558737+00:00,109.00129533300003,loop2,1.0033452019999913,1106944,0,51,0,0,0,0,0,0.0,0.0,0,
109,2026-10-09T10:45:41.558737+00:00,109.00129533300003,loop3,1.0033452019999913,1141760,0,66,0,0,0,0,0,0.0,0.0,0,
109,2026-10-09T10:45:41.558737+00:00,109.00129533300003,loop4,1.0033452019999913,1688576,0,83,0,0,0,0,0,0.0,0.0,0,
109,2026-10-09T10:45:41.558737+00:00,109.00129533300003,loop5,1.0033452019999913,14336,0,11,0,0,0,0,0,0.0,0.0,0,
109,2026-10-09T10:45:41.558737+00:00,109.00129533300003,loop6,1.0033452019999913,0,0,0,0,0,0,0,0,0.0,0.0,0,
109,2026-10-09T10:45:41.558737+00:00,109.00129533300003,loop7,1.0033452019999913,0,0,0,0,0,0,0,0,0.0,0.0,0,
109,2026-10-09T10:45:41.558737+00:00,109.00129533300003,sr0,1.0033452019999913,1536,0,8,0,0,0,0,0,0.0,0.0,0,
109,2026-10-09T10:45:41.558737+00:00,109.00129533300003,sda,1.0033452019999913,382614016,9940393984,8117,26722,0,0,0,0,0.0,0.0,0,
109,2026-10-09T10:45:41.558737+00:00,109.00129533300003,sda1,1.0033452019999913,319488,0,78,0,0,0,0,0,0.0,0.0,0,
109,2026-10-09T10:45:41.558737+00:00,109.00129533300003,sda2,1.0033452019999913,353412096,121823232,6831,6595,0,0,0,0,0.0,0.0,0,
109,2026-10-09T10:45:41.558737+00:00,109.00129533300003,sda3,1.0033452019999913,5653504,118784,152,24,0,0,0,0,0.0,0.0,0,
109,2026-10-09T10:45:41.558737+00:00,109.00129533300003,sda4,1.0033452019999913,4657152,0,116,0,0,0,0,0,0.0,0.0,0,
109,2026-10-09T10:45:41.558737+00:00,109.00129533300003,sda5,1.0033452019999913,16117760,9818451968,805,20103,0,0,0,0,0.0,0.0,0,
110,2026-10-09T10:45:42.558382+00:00,110.00378791500009,loop0,0.9996453290000318,2107392,0,217,0,0,0,0,0,0.0,0.0,0,
110,2026-10-09T10:45:42.558382+00:00,110.00378791500009,loop1,0.9996453290000318,354304,0,43,0,0,0,0,0,0.0,0.0,0,
110,2026-10-09T10:45:42.558382+00:00,110.00378791500009,loop2,0.9996453290000318,1106944,0,51,0,0,0,0,0,0.0,0.0,0,
110,2026-10-09T10:45:42.558382+00:00,110.00378791500009,loop3,0.9996453290000318,1141760,0,66,0,0,0,0,0,0.0,0.0,0,
110,2026-10-09T10:45:42.558382+00:00,110.00378791500009,loop4,0.9996453290000318,1688576,0,83,0,0,0,0,0,0.0,0.0,0,
110,2026-10-09T10:45:42.558382+00:00,110.00378791500009,loop5,0.9996453290000318,14336,0,11,0,0,0,0,0,0.0,0.0,0,
110,2026-10-09T10:45:42.558382+00:00,110.00378791500009,loop6,0.9996453290000318,0,0,0,0,0,0,0,0,0.0,0.0,0,
110,2026-10-09T10:45:42.558382+00:00,110.00378791500009,loop7,0.9996453290000318,0,0,0,0,0,0,0,0,0.0,0.0,0,
110,2026-10-09T10:45:42.558382+00:00,110.00378791500009,sr0,0.9996453290000318,1536,0,8,0,0,0,0,0,0.0,0.0,0,
110,2026-10-09T10:45:42.558382+00:00,110.00378791500009,sda,0.9996453290000318,382614016,9940393984,8117,26722,0,0,0,0,0.0,0.0,0,
110,2026-10-09T10:45:42.558382+00:00,110.00378791500009,sda1,0.9996453290000318,319488,0,78,0,0,0,0,0,0.0,0.0,0,
110,2026-10-09T10:45:42.558382+00:00,110.00378791500009,sda2,0.9996453290000318,353412096,121823232,6831,6595,0,0,0,0,0.0,0.0,0,
110,2026-10-09T10:45:42.558382+00:00,110.00378791500009,sda3,0.9996453290000318,5653504,118784,152,24,0,0,0,0,0.0,0.0,0,
110,2026-10-09T10:45:42.558382+00:00,110.00378791500009,sda4,0.9996453290000318,4657152,0,116,0,0,0,0,0,0.0,0.0,0,
110,2026-10-09T10:45:42.558382+00:00,110.00378791500009,sda5,0.9996453290000318,16117760,9818451968,805,20103,0,0,0,0,0.0,0.0,0,
111,2026-10-09T10:45:43.647866+00:00,111.09237414000006,loop0,1.089483719999862,2107392,0,217,0,0,0,0,0,0.0,0.0,0,
111,2026-10-09T10:45:43.647866+00:00,111.09237414000006,loop1,1.089483719999862,354304,0,43,0,0,0,0,0,0.0,0.0,0,
111,2026-10-09T10:45:43.647866+00:00,111.09237414000006,loop2,1.089483719999862,1106944,0,51,0,0,0,0,0,0.0,0.0,0,
111,2026-10-09T10:45:43.647866+00:00,111.09237414000006,loop3,1.089483719999862,1141760,0,66,0,0,0,0,0,0.0,0.0,0,
111,2026-10-09T10:45:43.647866+00:00,111.09237414000006,loop4,1.089483719999862,1688576,0,83,0,0,0,0,0,0.0,0.0,0,
111,2026-10-09T10:45:43.647866+00:00,111.09237414000006,loop5,1.089483719999862,14336,0,11,0,0,0,0,0,0.0,0.0,0,
111,2026-10-09T10:45:43.647866+00:00,111.09237414000006,loop6,1.089483719999862,0,0,0,0,0,0,0,0,0.0,0.0,0,
111,2026-10-09T10:45:43.647866+00:00,111.09237414000006,loop7,1.089483719999862,0,0,0,0,0,0,0,0,0.0,0.0,0,
111,2026-10-09T10:45:43.647866+00:00,111.09237414000006,sr0,1.089483719999862,1536,0,8,0,0,0,0,0,0.0,0.0,0,
111,2026-10-09T10:45:43.647866+00:00,111.09237414000006,sda,1.089483719999862,382650880,9940422656,8118,26726,36864,28672,1,4,33836.21005369834,26317.0522639876,32,
111,2026-10-09T10:45:43.647866+00:00,111.09237414000006,sda1,1.089483719999862,319488,0,78,0,0,0,0,0,0.0,0.0,0,
111,2026-10-09T10:45:43.647866+00:00,111.09237414000006,sda2,1.089483719999862,353448960,121835520,6832,6597,36864,12288,1,2,33836.21005369834,11278.736684566114,24,
111,2026-10-09T10:45:43.647866+00:00,111.09237414000006,sda3,1.089483719999862,5653504,118784,152,24,0,0,0,0,0.0,0.0,0,
111,2026-10-09T10:45:43.647866+00:00,111.09237414000006,sda4,1.089483719999862,4657152,0,116,0,0,0,0,0,0.0,0.0,0,
111,2026-10-09T10:45:43.647866+00:00,111.09237414000006,sda5,1.089483719999862,16117760,9818468352,805,20105,0,16384,0,2,0.0,15038.315579421485,8,
112,2026-10-09T10:45:44.560887+00:00,112.00146025099991,loop0,0.9130199280000397,2107392,0,217,0,0,0,0,0,0.0,0.0,0,
112,2026-10-09T10:45:44.560887+00:00,112.00146025099991,loop1,0.9130199280000397,354304,0,43,0,0,0,0,0,0.0,0.0,0,
112,2026-10-09T10:45:44.560887+00:00,112.00146025099991,loop2,0.9130199280000397,1106944,0,51,0,0,0,0,0,0.0,0.0,0,
112,2026-10-09T10:45:44.560887+00:00,112.00146025099991,loop3,0.9130199280000397,1141760,0,66,0,0,0,0,0,0.0,0.0,0,
112,2026-10-09T10:45:44.560887+00:00,112.00146025099991,loop4,0.9130199280000397,1688576,0,83,0,0,0,0,0,0.0,0.0,0,
112,2026-10-09T10:45:44.560887+00:00,112.00146025099991,loop5,0.9130199280000397,14336,0,11,0,0,0,0,0,0.0,0.0,0,
112,2026-10-09T10:45:44.560887+00:00,112.00146025099991,loop6,0.9130199280000397,0,0,0,0,0,0,0,0,0.0,0.0,0,
112,2026-10-09T10:45:44.560887+00:00,112.00146025099991,loop7,0.9130199280000397,0,0,0,0,0,0,0,0,0.0,0.0,0,
112,2026-10-09T10:45:44.560887+00:00,112.00146025099991,sr0,0.9130199280000397,1536,0,8,0,0,0,0,0,0.0,0.0,0,
112,2026-10-09T10:45:44.560887+00:00,112.00146025099991,sda,0.9130199280000397,382650880,9940422656,8118,26726,0,0,0,0,0.0,0.0,0,
112,2026-10-09T10:45:44.560887+00:00,112.00146025099991,sda1,0.9130199280000397,319488,0,78,0,0,0,0,0,0.0,0.0,0,
112,2026-10-09T10:45:44.560887+00:00,112.00146025099991,sda2,0.9130199280000397,353448960,121835520,6832,6597,0,0,0,0,0.0,0.0,0,
112,2026-10-09T10:45:44.560887+00:00,112.00146025099991,sda3,0.9130199280000397,5653504,118784,152,24,0,0,0,0,0.0,0.0,0,
112,2026-10-09T10:45:44.560887+00:00,112.00146025099991,sda4,0.9130199280000397,4657152,0,116,0,0,0,0,0,0.0,0.0,0,
112,2026-10-09T10:45:44.560887+00:00,112.00146025099991,sda5,0.9130199280000397,16117760,9818468352,805,20105,0,0,0,0,0.0,0.0,0,
113,2026-10-09T10:45:45.559419+00:00,113.00190252499999,loop0,0.9985319879999679,2107392,0,217,0,0,0,0,0,0.0,0.0,0,
113,2026-10-09T10:45:45.559419+00:00,113.00190252499999,loop1,0.9985319879999679,354304,0,43,0,0,0,0,0,0.0,0.0,0,
113,2026-10-09T10:45:45.559419+00:00,113.00190252499999,loop2,0.9985319879999679,1106944,0,51,0,0,0,0,0,0.0,0.0,0,
113,2026-10-09T10:45:45.559419+00:00,113.00190252499999,loop3,0.9985319879999679,1141760,0,66,0,0,0,0,0,0.0,0.0,0,
113,2026-10-09T10:45:45.559419+00:00,113.00190252499999,loop4,0.9985319879999679,1688576,0,83,0,0,0,0,0,0.0,0.0,0,
113,2026-10-09T10:45:45.559419+00:00,113.00190252499999,loop5,0.9985319879999679,14336,0,11,0,0,0,0,0,0.0,0.0,0,
113,2026-10-09T10:45:45.559419+00:00,113.00190252499999,loop6,0.9985319879999679,0,0,0,0,0,0,0,0,0.0,0.0,0,
113,2026-10-09T10:45:45.559419+00:00,113.00190252499999,loop7,0.9985319879999679,0,0,0,0,0,0,0,0,0.0,0.0,0,
113,2026-10-09T10:45:45.559419+00:00,113.00190252499999,sr0,0.9985319879999679,1536,0,8,0,0,0,0,0,0.0,0.0,0,
113,2026-10-09T10:45:45.559419+00:00,113.00190252499999,sda,0.9985319879999679,382650880,9940422656,8118,26726,0,0,0,0,0.0,0.0,0,
113,2026-10-09T10:45:45.559419+00:00,113.00190252499999,sda1,0.9985319879999679,319488,0,78,0,0,0,0,0,0.0,0.0,0,
113,2026-10-09T10:45:45.559419+00:00,113.00190252499999,sda2,0.9985319879999679,353448960,121835520,6832,6597,0,0,0,0,0.0,0.0,0,
113,2026-10-09T10:45:45.559419+00:00,113.00190252499999,sda3,0.9985319879999679,5653504,118784,152,24,0,0,0,0,0.0,0.0,0,
113,2026-10-09T10:45:45.559419+00:00,113.00190252499999,sda4,0.9985319879999679,4657152,0,116,0,0,0,0,0,0.0,0.0,0,
113,2026-10-09T10:45:45.559419+00:00,113.00190252499999,sda5,0.9985319879999679,16117760,9818468352,805,20105,0,0,0,0,0.0,0.0,0,
114,2026-10-09T10:45:46.559979+00:00,114.00525670700006,loop0,1.0005612510001356,2107392,0,217,0,0,0,0,0,0.0,0.0,0,
114,2026-10-09T10:45:46.559979+00:00,114.00525670700006,loop1,1.0005612510001356,354304,0,43,0,0,0,0,0,0.0,0.0,0,
114,2026-10-09T10:45:46.559979+00:00,114.00525670700006,loop2,1.0005612510001356,1106944,0,51,0,0,0,0,0,0.0,0.0,0,
114,2026-10-09T10:45:46.559979+00:00,114.00525670700006,loop3,1.0005612510001356,1141760,0,66,0,0,0,0,0,0.0,0.0,0,
114,2026-10-09T10:45:46.559979+00:00,114.00525670700006,loop4,1.0005612510001356,1688576,0,83,0,0,0,0,0,0.0,0.0,0,
114,2026-10-09T10:45:46.559979+00:00,114.00525670700006,loop5,1.0005612510001356,14336,0,11,0,0,0,0,0,0.0,0.0,0,
114,2026-10-09T10:45:46.559979+00:00,114.00525670700006,loop6,1.0005612510001356,0,0,0,0,0,0,0,0,0.0,0.0,0,
114,2026-10-09T10:45:46.559979+00:00,114.00525670700006,loop7,1.0005612510001356,0,0,0,0,0,0,0,0,0.0,0.0,0,
114,2026-10-09T10:45:46.559979+00:00,114.00525670700006,sr0,1.0005612510001356,1536,0,8,0,0,0,0,0,0.0,0.0,0,
114,2026-10-09T10:45:46.559979+00:00,114.00525670700006,sda,1.0005612510001356,382650880,9940459520,8118,26728,0,36864,0,2,0.0,36843.32164887625,8,
114,2026-10-09T10:45:46.559979+00:00,114.00525670700006,sda1,1.0005612510001356,319488,0,78,0,0,0,0,0,0.0,0.0,0,
114,2026-10-09T10:45:46.559979+00:00,114.00525670700006,sda2,1.0005612510001356,353448960,121872384,6832,6599,0,36864,0,2,0.0,36843.32164887625,8,
114,2026-10-09T10:45:46.559979+00:00,114.00525670700006,sda3,1.0005612510001356,5653504,118784,152,24,0,0,0,0,0.0,0.0,0,
114,2026-10-09T10:45:46.559979+00:00,114.00525670700006,sda4,1.0005612510001356,4657152,0,116,0,0,0,0,0,0.0,0.0,0,
114,2026-10-09T10:45:46.559979+00:00,114.00525670700006,sda5,1.0005612510001356,16117760,9818468352,805,20105,0,0,0,0,0.0,0.0,0,
115,2026-10-09T10:45:47.556182+00:00,115.00180365900007,loop0,0.9962030869999126,2107392,0,217,0,0,0,0,0,0.0,0.0,0,
115,2026-10-09T10:45:47.556182+00:00,115.00180365900007,loop1,0.9962030869999126,354304,0,43,0,0,0,0,0,0.0,0.0,0,
115,2026-10-09T10:45:47.556182+00:00,115.00180365900007,loop2,0.9962030869999126,1106944,0,51,0,0,0,0,0,0.0,0.0,0,
115,2026-10-09T10:45:47.556182+00:00,115.00180365900007,loop3,0.9962030869999126,1141760,0,66,0,0,0,0,0,0.0,0.0,0,
115,2026-10-09T10:45:47.556182+00:00,115.00180365900007,loop4,0.9962030869999126,1688576,0,83,0,0,0,0,0,0.0,0.0,0,
115,2026-10-09T10:45:47.556182+00:00,115.00180365900007,loop5,0.9962030869999126,14336,0,11,0,0,0,0,0,0.0,0.0,0,
115,2026-10-09T10:45:47.556182+00:00,115.00180365900007,loop6,0.9962030869999126,0,0,0,0,0,0,0,0,0.0,0.0,0,
115,2026-10-09T10:45:47.556182+00:00,115.00180365900007,loop7,0.9962030869999126,0,0,0,0,0,0,0,0,0.0,0.0,0,
115,2026-10-09T10:45:47.556182+00:00,115.00180365900007,sr0,0.9962030869999126,1536,0,8,0,0,0,0,0,0.0,0.0,0,
115,2026-10-09T10:45:47.556182+00:00,115.00180365900007,sda,0.9962030869999126,382650880,9940459520,8118,26728,0,0,0,0,0.0,0.0,0,
115,2026-10-09T10:45:47.556182+00:00,115.00180365900007,sda1,0.9962030869999126,319488,0,78,0,0,0,0,0,0.0,0.0,0,
115,2026-10-09T10:45:47.556182+00:00,115.00180365900007,sda2,0.9962030869999126,353448960,121872384,6832,6599,0,0,0,0,0.0,0.0,0,
115,2026-10-09T10:45:47.556182+00:00,115.00180365900007,sda3,0.9962030869999126,5653504,118784,152,24,0,0,0,0,0.0,0.0,0,
115,2026-10-09T10:45:47.556182+00:00,115.00180365900007,sda4,0.9962030869999126,4657152,0,116,0,0,0,0,0,0.0,0.0,0,
115,2026-10-09T10:45:47.556182+00:00,115.00180365900007,sda5,0.9962030869999126,16117760,9818468352,805,20105,0,0,0,0,0.0,0.0,0,
116,2026-10-09T10:45:48.557649+00:00,116.00183363100007,loop0,1.0014668070000425,2107392,0,217,0,0,0,0,0,0.0,0.0,0,
116,2026-10-09T10:45:48.557649+00:00,116.00183363100007,loop1,1.0014668070000425,354304,0,43,0,0,0,0,0,0.0,0.0,0,
116,2026-10-09T10:45:48.557649+00:00,116.00183363100007,loop2,1.0014668070000425,1106944,0,51,0,0,0,0,0,0.0,0.0,0,
116,2026-10-09T10:45:48.557649+00:00,116.00183363100007,loop3,1.0014668070000425,1141760,0,66,0,0,0,0,0,0.0,0.0,0,
116,2026-10-09T10:45:48.557649+00:00,116.00183363100007,loop4,1.0014668070000425,1688576,0,83,0,0,0,0,0,0.0,0.0,0,
116,2026-10-09T10:45:48.557649+00:00,116.00183363100007,loop5,1.0014668070000425,14336,0,11,0,0,0,0,0,0.0,0.0,0,
116,2026-10-09T10:45:48.557649+00:00,116.00183363100007,loop6,1.0014668070000425,0,0,0,0,0,0,0,0,0.0,0.0,0,
116,2026-10-09T10:45:48.557649+00:00,116.00183363100007,loop7,1.0014668070000425,0,0,0,0,0,0,0,0,0.0,0.0,0,
116,2026-10-09T10:45:48.557649+00:00,116.00183363100007,sr0,1.0014668070000425,1536,0,8,0,0,0,0,0,0.0,0.0,0,
116,2026-10-09T10:45:48.557649+00:00,116.00183363100007,sda,1.0014668070000425,382650880,9940488192,8118,26732,0,28672,0,4,0.0,28630.005307803258,24,
116,2026-10-09T10:45:48.557649+00:00,116.00183363100007,sda1,1.0014668070000425,319488,0,78,0,0,0,0,0,0.0,0.0,0,
116,2026-10-09T10:45:48.557649+00:00,116.00183363100007,sda2,1.0014668070000425,353448960,121884672,6832,6601,0,12288,0,2,0.0,12270.002274772825,4,
116,2026-10-09T10:45:48.557649+00:00,116.00183363100007,sda3,1.0014668070000425,5653504,118784,152,24,0,0,0,0,0.0,0.0,0,
116,2026-10-09T10:45:48.557649+00:00,116.00183363100007,sda4,1.0014668070000425,4657152,0,116,0,0,0,0,0,0.0,0.0,0,
116,2026-10-09T10:45:48.557649+00:00,116.00183363100007,sda5,1.0014668070000425,16117760,9818484736,805,20107,0,16384,0,2,0.0,16360.003033030434,20,
117,2026-10-09T10:45:49.557196+00:00,117.00121519700008,loop0,0.9995469759999196,2107392,0,217,0,0,0,0,0,0.0,0.0,0,
117,2026-10-09T10:45:49.557196+00:00,117.00121519700008,loop1,0.9995469759999196,354304,0,43,0,0,0,0,0,0.0,0.0,0,
117,2026-10-09T10:45:49.557196+00:00,117.00121519700008,loop2,0.9995469759999196,1106944,0,51,0,0,0,0,0,0.0,0.0,0,
117,2026-10-09T10:45:49.557196+00:00,117.00121519700008,loop3,0.9995469759999196,1141760,0,66,0,0,0,0,0,0.0,0.0,0,
117,2026-10-09T10:45:49.557196+00:00,117.00121519700008,loop4,0.9995469759999196,1688576,0,83,0,0,0,0,0,0.0,0.0,0,
117,2026-10-09T10:45:49.557196+00:00,117.00121519700008,loop5,0.9995469759999196,14336,0,11,0,0,0,0,0,0.0,0.0,0,
117,2026-10-09T10:45:49.557196+00:00,117.00121519700008,loop6,0.9995469759999196,0,0,0,0,0,0,0,0,0.0,0.0,0,
117,2026-10-09T10:45:49.557196+00:00,117.00121519700008,loop7,0.9995469759999196,0,0,0,0,0,0,0,0,0.0,0.0,0,
117,2026-10-09T10:45:49.557196+00:00,117.00121519700008,sr0,0.9995469759999196,1536,0,8,0,0,0,0,0,0.0,0.0,0,
117,2026-10-09T10:45:49.557196+00:00,117.00121519700008,sda,0.9995469759999196,382650880,9940488192,8118,26732,0,0,0,0,0.0,0.0,0,
117,2026-10-09T10:45:49.557196+00:00,117.00121519700008,sda1,0.9995469759999196,319488,0,78,0,0,0,0,0,0.0,0.0,0,
117,2026-10-09T10:45:49.557196+00:00,117.00121519700008,sda2,0.9995469759999196,353448960,121884672,6832,6601,0,0,0,0,0.0,0.0,0,
117,2026-10-09T10:45:49.557196+00:00,117.00121519700008,sda3,0.9995469759999196,5653504,118784,152,24,0,0,0,0,0.0,0.0,0,
117,2026-10-09T10:45:49.557196+00:00,117.00121519700008,sda4,0.9995469759999196,4657152,0,116,0,0,0,0,0,0.0,0.0,0,
117,2026-10-09T10:45:49.557196+00:00,117.00121519700008,sda5,0.9995469759999196,16117760,9818484736,805,20107,0,0,0,0,0.0,0.0,0,
118,2026-10-09T10:45:50.557964+00:00,118.00159432099997,loop0,1.000768096999991,2107392,0,217,0,0,0,0,0,0.0,0.0,0,
118,2026-10-09T10:45:50.557964+00:00,118.00159432099997,loop1,1.000768096999991,354304,0,43,0,0,0,0,0,0.0,0.0,0,
118,2026-10-09T10:45:50.557964+00:00,118.00159432099997,loop2,1.000768096999991,1106944,0,51,0,0,0,0,0,0.0,0.0,0,
118,2026-10-09T10:45:50.557964+00:00,118.00159432099997,loop3,1.000768096999991,1141760,0,66,0,0,0,0,0,0.0,0.0,0,
118,2026-10-09T10:45:50.557964+00:00,118.00159432099997,loop4,1.000768096999991,1688576,0,83,0,0,0,0,0,0.0,0.0,0,
118,2026-10-09T10:45:50.557964+00:00,118.00159432099997,loop5,1.000768096999991,14336,0,11,0,0,0,0,0,0.0,0.0,0,
118,2026-10-09T10:45:50.557964+00:00,118.00159432099997,loop6,1.000768096999991,0,0,0,0,0,0,0,0,0.0,0.0,0,
118,2026-10-09T10:45:50.557964+00:00,118.00159432099997,loop7,1.000768096999991,0,0,0,0,0,0,0,0,0.0,0.0,0,
118,2026-10-09T10:45:50.557964+00:00,118.00159432099997,sr0,1.000768096999991,1536,0,8,0,0,0,0,0,0.0,0.0,0,
118,2026-10-09T10:45:50.557964+00:00,118.00159432099997,sda,1.000768096999991,382650880,9940488192,8118,26732,0,0,0,0,0.0,0.0,0,
118,2026-10-09T10:45:50.557964+00:00,118.00159432099997,sda1,1.000768096999991,319488,0,78,0,0,0,0,0,0.0,0.0,0,
118,2026-10-09T10:45:50.557964+00:00,118.00159432099997,sda2,1.000768096999991,353448960,121884672,6832,6601,0,0,0,0,0.0,0.0,0,
118,2026-10-09T10:45:50.557964+00:00,118.00159432099997,sda3,1.000768096999991,5653504,118784,152,24,0,0,0,0,0.0,0.0,0,
118,2026-10-09T10:45:50.557964+00:00,118.00159432099997,sda4,1.000768096999991,4657152,0,116,0,0,0,0,0,0.0,0.0,0,
118,2026-10-09T10:45:50.557964+00:00,118.00159432099997,sda5,1.000768096999991,16117760,9818484736,805,20107,0,0,0,0,0.0,0.0,0,
119,2026-10-09T10:45:51.564200+00:00,119.01002841699994,loop0,1.0062356610001189,2107392,0,217,0,0,0,0,0,0.0,0.0,0,
119,2026-10-09T10:45:51.564200+00:00,119.01002841699994,loop1,1.0062356610001189,354304,0,43,0,0,0,0,0,0.0,0.0,0,
119,2026-10-09T10:45:51.564200+00:00,119.01002841699994,loop2,1.0062356610001189,1106944,0,51,0,0,0,0,0,0.0,0.0,0,
119,2026-10-09T10:45:51.564200+00:00,119.01002841699994,loop3,1.0062356610001189,1141760,0,66,0,0,0,0,0,0.0,0.0,0,
119,2026-10-09T10:45:51.564200+00:00,119.01002841699994,loop4,1.0062356610001189,1688576,0,83,0,0,0,0,0,0.0,0.0,0,
119,2026-10-09T10:45:51.564200+00:00,119.01002841699994,loop5,1.0062356610001189,14336,0,11,0,0,0,0,0,0.0,0.0,0,
119,2026-10-09T10:45:51.564200+00:00,119.01002841699994,loop6,1.0062356610001189,0,0,0,0,0,0,0,0,0.0,0.0,0,
119,2026-10-09T10:45:51.564200+00:00,119.01002841699994,loop7,1.0062356610001189,0,0,0,0,0,0,0,0,0.0,0.0,0,
119,2026-10-09T10:45:51.564200+00:00,119.01002841699994,sr0,1.0062356610001189,1536,0,8,0,0,0,0,0,0.0,0.0,0,
119,2026-10-09T10:45:51.564200+00:00,119.01002841699994,sda,1.0062356610001189,382650880,9940582400,8118,26746,0,94208,0,14,0.0,93624.19128175668,12,
119,2026-10-09T10:45:51.564200+00:00,119.01002841699994,sda1,1.0062356610001189,319488,0,78,0,0,0,0,0,0.0,0.0,0,
119,2026-10-09T10:45:51.564200+00:00,119.01002841699994,sda2,1.0062356610001189,353448960,121950208,6832,6610,0,65536,0,9,0.0,65129.872196004646,12,
119,2026-10-09T10:45:51.564200+00:00,119.01002841699994,sda3,1.0062356610001189,5653504,118784,152,24,0,0,0,0,0.0,0.0,0,
119,2026-10-09T10:45:51.564200+00:00,119.01002841699994,sda4,1.0062356610001189,4657152,0,116,0,0,0,0,0,0.0,0.0,0,
119,2026-10-09T10:45:51.564200+00:00,119.01002841699994,sda5,1.0062356610001189,16117760,9818513408,805,20112,0,28672,0,5,0.0,28494.319085752035,4,
120,2026-10-09T10:45:52.555999+00:00,120.00107952499991,loop0,0.9917995959999644,2107392,0,217,0,0,0,0,0,0.0,0.0,0,
120,2026-10-09T10:45:52.555999+00:00,120.00107952499991,loop1,0.9917995959999644,354304,0,43,0,0,0,0,0,0.0,0.0,0,
120,2026-10-09T10:45:52.555999+00:00,120.00107952499991,loop2,0.9917995959999644,1106944,0,51,0,0,0,0,0,0.0,0.0,0,
120,2026-10-09T10:45:52.555999+00:00,120.00107952499991,loop3,0.9917995959999644,1141760,0,66,0,0,0,0,0,0.0,0.0,0,
120,2026-10-09T10:45:52.555999+00:00,120.00107952499991,loop4,0.9917995959999644,1688576,0,83,0,0,0,0,0,0.0,0.0,0,
120,2026-10-09T10:45:52.555999+00:00,120.00107952499991,loop5,0.9917995959999644,14336,0,11,0,0,0,0,0,0.0,0.0,0,
120,2026-10-09T10:45:52.555999+00:00,120.00107952499991,loop6,0.9917995959999644,0,0,0,0,0,0,0,0,0.0,0.0,0,
120,2026-10-09T10:45:52.555999+00:00,120.00107952499991,loop7,0.9917995959999644,0,0,0,0,0,0,0,0,0.0,0.0,0,
120,2026-10-09T10:45:52.555999+00:00,120.00107952499991,sr0,0.9917995959999644,1536,0,8,0,0,0,0,0,0.0,0.0,0,
120,2026-10-09T10:45:52.555999+00:00,120.00107952499991,sda,0.9917995959999644,382650880,9940582400,8118,26746,0,0,0,0,0.0,0.0,0,
120,2026-10-09T10:45:52.555999+00:00,120.00107952499991,sda1,0.9917995959999644,319488,0,78,0,0,0,0,0,0.0,0.0,0,
120,2026-10-09T10:45:52.555999+00:00,120.00107952499991,sda2,0.9917995959999644,353448960,121950208,6832,6610,0,0,0,0,0.0,0.0,0,
120,2026-10-09T10:45:52.555999+00:00,120.00107952499991,sda3,0.9917995959999644,5653504,118784,152,24,0,0,0,0,0.0,0.0,0,
120,2026-10-09T10:45:52.555999+00:00,120.00107952499991,sda4,0.9917995959999644,4657152,0,116,0,0,0,0,0,0.0,0.0,0,
120,2026-10-09T10:45:52.555999+00:00,120.00107952499991,sda5,0.9917995959999644,16117760,9818513408,805,20112,0,0,0,0,0.0,0.0,0,
121,2026-10-09T10:45:53.557113+00:00,121.001132257,loop0,1.0011130430000321,2107392,0,217,0,0,0,0,0,0.0,0.0,0,
121,2026-10-09T10:45:53.557113+00:00,121.001132257,loop1,1.0011130430000321,354304,0,43,0,0,0,0,0,0.0,0.0,0,
121,2026-10-09T10:45:53.557113+00:00,121.001132257,loop2,1.0011130430000321,1106944,0,51,0,0,0,0,0,0.0,0.0,0,
121,2026-10-09T10:45:53.557113+00:00,121.001132257,loop3,1.0011130430000321,1141760,0,66,0,0,0,0,0,0.0,0.0,0,
121,2026-10-09T10:45:53.557113+00:00,121.001132257,loop4,1.0011130430000321,1688576,0,83,0,0,0,0,0,0.0,0.0,0,
121,2026-10-09T10:45:53.557113+00:00,121.001132257,loop5,1.0011130430000321,14336,0,11,0,0,0,0,0,0.0,0.0,0,
121,2026-10-09T10:45:53.557113+00:00,121.001132257,loop6,1.0011130430000321,0,0,0,0,0,0,0,0,0.0,0.0,0,
121,2026-10-09T10:45:53.557113+00:00,121.001132257,loop7,1.0011130430000321,0,0,0,0,0,0,0,0,0.0,0.0,0,
121,2026-10-09T10:45:53.557113+00:00,121.001132257,sr0,1.0011130430000321,1536,0,8,0,0,0,0,0,0.0,0.0,0,
121,2026-10-09T10:45:53.557113+00:00,121.001132257,sda,1.0011130430000321,382650880,9940594688,8118,26748,0,12288,0,2,0.0,12274.33813386008,4,
121,2026-10-09T10:45:53.557113+00:00,121.001132257,sda1,1.0011130430000321,319488,0,78,0,0,0,0,0,0.0,0.0,0,
121,2026-10-09T10:45:53.557113+00:00,121.001132257,sda2,1.0011130430000321,353448960,121962496,6832,6612,0,12288,0,2,0.0,12274.33813386008,4,
121,2026-10-09T10:45:53.557113+00:00,121.001132257,sda3,1.0011130430000321,5653504,118784,152,24,0,0,0,0,0.0,0.0,0,
121,2026-10-09T10:45:53.557113+00:00,121.001132257,sda4,1.0011130430000321,4657152,0,116,0,0,0,0,0,0.0,0.0,0,
121,2026-10-09T10:45:53.557113+00:00,121.001132257,sda5,1.0011130430000321,16117760,9818513408,805,20112,0,0,0,0,0.0,0.0,0,
122,2026-10-09T10:45:54.557187+00:00,122.00206996700001,loop0,1.0000741460000881,2107392,0,217,0,0,0,0,0,0.0,0.0,0,
122,2026-10-09T10:45:54.557187+00:00,122.00206996700001,loop1,1.0000741460000881,354304,0,43,0,0,0,0,0,0.0,0.0,0,
122,2026-10-09T10:45:54.557187+00:00,122.00206996700001,loop2,1.0000741460000881,1106944,0,51,0,0,0,0,0,0.0,0.0,0,
122,2026-10-09T10:45:54.557187+00:00,122.00206996700001,loop3,1.0000741460000881,1141760,0,66,0,0,0,0,0,0.0,0.0,0,
122,2026-10-09T10:45:54.557187+00:00,122.00206996700001,loop4,1.0000741460000881,1688576,0,83,0,0,0,0,0,0.0,0.0,0,
122,2026-10-09T10:45:54.557187+00:00,122.00206996700001,loop5,1.0000741460000881,14336,0,11,0,0,0,0,0,0.0,0.0,0,
122,2026-10-09T10:45:54.557187+00:00,122.00206996700001,loop6,1.0000741460000881,0,0,0,0,0,0,0,0,0.0,0.0,0,
122,2026-10-09T10:45:54.557187+00:00,122.00206996700001,loop7,1.0000741460000881,0,0,0,0,0,0,0,0,0.0,0.0,0,
122,2026-10-09T10:45:54.557187+00:00,122.00206996700001,sr0,1.0000741460000881,1536,0,8,0,0,0,0,0,0.0,0.0,0,
122,2026-10-09T10:45:54.557187+00:00,122.00206996700001,sda,1.0000741460000881,382650880,9940611072,8118,26750,0,16384,0,2,0.0,16382.785282001036,8,
122,2026-10-09T10:45:54.557187+00:00,122.00206996700001,sda1,1.0000741460000881,319488,0,78,0,0,0,0,0,0.0,0.0,0,
122,2026-10-09T10:45:54.557187+00:00,122.00206996700001,sda2,1.0000741460000881,353448960,121962496,6832,6612,0,0,0,0,0.0,0.0,0,
122,2026-10-09T10:45:54.557187+00:00,122.00206996700001,sda3,1.0000741460000881,5653504,118784,152,24,0,0,0,0,0.0,0.0,0,
122,2026-10-09T10:45:54.557187+00:00,122.00206996700001,sda4,1.0000741460000881,4657152,0,116,0,0,0,0,0,0.0,0.0,0,
122,2026-10-09T10:45:54.557187+00:00,122.00206996700001,sda5,1.0000741460000881,16117760,9818529792,805,20114,0,16384,0,2,0.0,16382.785282001036,8,
123,2026-10-09T10:45:55.558025+00:00,123.00165505999996,loop0,1.000838179999846,2107392,0,217,0,0,0,0,0,0.0,0.0,0,
123,2026-10-09T10:45:55.558025+00:00,123.00165505999996,loop1,1.000838179999846,354304,0,43,0,0,0,0,0,0.0,0.0,0,
123,2026-10-09T10:45:55.558025+00:00,123.00165505999996,loop2,1.000838179999846,1106944,0,51,0,0,0,0,0,0.0,0.0,0,
123,2026-10-09T10:45:55.558025+00:00,123.00165505999996,loop3,1.000838179999846,1141760,0,66,0,0,0,0,0,0.0,0.0,0,
123,2026-10-09T10:45:55.558025+00:00,123.00165505999996,loop4,1.000838179999846,1688576,0,83,0,0,0,0,0,0.0,0.0,0,
123,2026-10-09T10:45:55.558025+00:00,123.00165505999996,loop5,1.000838179999846,14336,0,11,0,0,0,0,0,0.0,0.0,0,
123,2026-10-09T10:45:55.558025+00:00,123.00165505999996,loop6,1.000838179999846,0,0,0,0,0,0,0,0,0.0,0.0,0,
123,2026-10-09T10:45:55.558025+00:00,123.00165505999996,loop7,1.000838179999846,0,0,0,0,0,0,0,0,0.0,0.0,0,
123,2026-10-09T10:45:55.558025+00:00,123.00165505999996,sr0,1.000838179999846,1536,0,8,0,0,0,0,0,0.0,0.0,0,
123,2026-10-09T10:45:55.558025+00:00,123.00165505999996,sda,1.000838179999846,382650880,9940615168,8118,26751,0,4096,0,1,0.0,4092.569689937918,4,
123,2026-10-09T10:45:55.558025+00:00,123.00165505999996,sda1,1.000838179999846,319488,0,78,0,0,0,0,0,0.0,0.0,0,
123,2026-10-09T10:45:55.558025+00:00,123.00165505999996,sda2,1.000838179999846,353448960,121966592,6832,6613,0,4096,0,1,0.0,4092.569689937918,4,
123,2026-10-09T10:45:55.558025+00:00,123.00165505999996,sda3,1.000838179999846,5653504,118784,152,24,0,0,0,0,0.0,0.0,0,
123,2026-10-09T10:45:55.558025+00:00,123.00165505999996,sda4,1.000838179999846,4657152,0,116,0,0,0,0,0,0.0,0.0,0,
123,2026-10-09T10:45:55.558025+00:00,123.00165505999996,sda5,1.000838179999846,16117760,9818529792,805,20114,0,0,0,0,0.0,0.0,0,
124,2026-10-09T10:45:56.564278+00:00,124.00935760100003,loop0,1.006253253000068,2107392,0,217,0,0,0,0,0,0.0,0.0,0,
124,2026-10-09T10:45:56.564278+00:00,124.00935760100003,loop1,1.006253253000068,354304,0,43,0,0,0,0,0,0.0,0.0,0,
124,2026-10-09T10:45:56.564278+00:00,124.00935760100003,loop2,1.006253253000068,1106944,0,51,0,0,0,0,0,0.0,0.0,0,
124,2026-10-09T10:45:56.564278+00:00,124.00935760100003,loop3,1.006253253000068,1141760,0,66,0,0,0,0,0,0.0,0.0,0,
124,2026-10-09T10:45:56.564278+00:00,124.00935760100003,loop4,1.006253253000068,1688576,0,83,0,0,0,0,0,0.0,0.0,0,
124,2026-10-09T10:45:56.564278+00:00,124.00935760100003,loop5,1.006253253000068,14336,0,11,0,0,0,0,0,0.0,0.0,0,
124,2026-10-09T10:45:56.564278+00:00,124.00935760100003,loop6,1.006253253000068,0,0,0,0,0,0,0,0,0.0,0.0,0,
124,2026-10-09T10:45:56.564278+00:00,124.00935760100003,loop7,1.006253253000068,0,0,0,0,0,0,0,0,0.0,0.0,0,
124,2026-10-09T10:45:56.564278+00:00,124.00935760100003,sr0,1.006253253000068,1536,0,8,0,0,0,0,0,0.0,0.0,0,
124,2026-10-09T10:45:56.564278+00:00,124.00935760100003,sda,1.006253253000068,382650880,9940652032,8118,26753,0,36864,0,2,0.0,36634.91262273465,8,
124,2026-10-09T10:45:56.564278+00:00,124.00935760100003,sda1,1.006253253000068,319488,0,78,0,0,0,0,0,0.0,0.0,0,
124,2026-10-09T10:45:56.564278+00:00,124.00935760100003,sda2,1.006253253000068,353448960,122003456,6832,6615,0,36864,0,2,0.0,36634.91262273465,8,
124,2026-10-09T10:45:56.564278+00:00,124.00935760100003,sda3,1.006253253000068,5653504,118784,152,24,0,0,0,0,0.0,0.0,0,
124,2026-10-09T10:45:56.564278+00:00,124.00935760100003,sda4,1.006253253000068,4657152,0,116,0,0,0,0,0,0.0,0.0,0,
124,2026-10-09T10:45:56.564278+00:00,124.00935760100003,sda5,1.006253253000068,16117760,9818529792,805,20114,0,0,0,0,0.0,0.0,0,
125,2026-10-09T10:45:57.555673+00:00,125.000991021,loop0,0.991394702999969,2107392,0,217,0,0,0,0,0,0.0,0.0,0,
125,2026-10-09T10:45:57.555673+00:00,125.000991021,loop1,0.991394702999969,354304,0,43,0,0,0,0,0,0.0,0.0,0,
125,2026-10-09T10:45:57.555673+00:00,125.000991021,loop2,0.991394702999969,1106944,0,51,0,0,0,0,0,0.0,0.0,0,
125,2026-10-09T10:45:57.555673+00:00,125.000991021,loop3,0.991394702999969,1141760,0,66,0,0,0,0,0,0.0,0.0,0,
125,2026-10-09T10:45:57.555673+00:00,125.000991021,loop4,0.991394702999969,1688576,0,83,0,0,0,0,0,0.0,0.0,0,
125,2026-10-09T10:45:57.555673+00:00,125.000991021,loop5,0.991394702999969,14336,0,11,0,0,0,0,0,0.0,0.0,0,
125,2026-10-09T10:45:57.555673+00:00,125.000991021,loop6,0.991394702999969,0,0,0,0,0,0,0,0,0.0,0.0,0,
125,2026-10-09T10:45:57.555673+00:00,125.000991021,loop7,0.991394702999969,0,0,0,0,0,0,0,0,0.0,0.0,0,
125,2026-10-09T10:45:57.555673+00:00,125.000991021,sr0,0.991394702999969,1536,0,8,0,0,0,0,0,0.0,0.0,0,
125,2026-10-09T10:45:57.555673+00:00,125.000991021,sda,0.991394702999969,382650880,9940652032,8118,26753,0,0,0,0,0.0,0.0,0,
125,2026-10-09T10:45:57.555673+00:00,125.000991021,sda1,0.991394702999969,319488,0,78,0,0,0,0,0,0.0,0.0,0,
125,2026-10-09T10:45:57.555673+00:00,125.000991021,sda2,0.991394702999969,353448960,122003456,6832,6615,0,0,0,0,0.0,0.0,0,
125,2026-10-09T10:45:57.555673+00:00,125.000991021,sda3,0.991394702999969,5653504,118784,152,24,0,0,0,0,0.0,0.0,0,
125,2026-10-09T10:45:57.555673+00:00,125.000991021,sda4,0.991394702999969,4657152,0,116,0,0,0,0,0,0.0,0.0,0,
125,2026-10-09T10:45:57.555673+00:00,125.000991021,sda5,0.991394702999969,16117760,9818529792,805,20114,0,0,0,0,0.0,0.0,0,
126,2026-10-09T10:45:58.556250+00:00,126.00082426899996,loop0,1.0005775330000688,2107392,0,217,0,0,0,0,0,0.0,0.0,0,
126,2026-10-09T10:45:58.556250+00:00,126.00082426899996,loop1,1.0005775330000688,354304,0,43,0,0,0,0,0,0.0,0.0,0,
126,2026-10-09T10:45:58.556250+00:00,126.00082426899996,loop2,1.0005775330000688,1106944,0,51,0,0,0,0,0,0.0,0.0,0,
126,2026-10-09T10:45:58.556250+00:00,126.00082426899996,loop3,1.0005775330000688,1141760,0,66,0,0,0,0,0,0.0,0.0,0,
126,2026-10-09T10:45:58.556250+00:00,126.00082426899996,loop4,1.0005775330000688,1688576,0,83,0,0,0,0,0,0.0,0.0,0,
126,2026-10-09T10:45:58.556250+00:00,126.00082426899996,loop5,1.0005775330000688,14336,0,11,0,0,0,0,0,0.0,0.0,0,
126,2026-10-09T10:45:58.556250+00:00,126.00082426899996,loop6,1.0005775330000688,0,0,0,0,0,0,0,0,0.0,0.0,0,
126,2026-10-09T10:45:58.556250+00:00,126.00082426899996,loop7,1.0005775330000688,0,0,0,0,0,0,0,0,0.0,0.0,0,
126,2026-10-09T10:45:58.556250+00:00,126.00082426899996,sr0,1.0005775330000688,1536,0,8,0,0,0,0,0,0.0,0.0,0,
126,2026-10-09T10:45:58.556250+00:00,126.00082426899996,sda,1.0005775330000688,382650880,9940652032,8118,26753,0,0,0,0,0.0,0.0,0,
126,2026-10-09T10:45:58.556250+00:00,126.00082426899996,sda1,1.0005775330000688,319488,0,78,0,0,0,0,0,0.0,0.0,0,
126,2026-10-09T10:45:58.556250+00:00,126.00082426899996,sda2,1.0005775330000688,353448960,122003456,6832,6615,0,0,0,0,0.0,0.0,0,
126,2026-10-09T10:45:58.556250+00:00,126.00082426899996,sda3,1.0005775330000688,5653504,118784,152,24,0,0,0,0,0.0,0.0,0,
126,2026-10-09T10:45:58.556250+00:00,126.00082426899996,sda4,1.0005775330000688,4657152,0,116,0,0,0,0,0,0.0,0.0,0,
126,2026-10-09T10:45:58.556250+00:00,126.00082426899996,sda5,1.0005775330000688,16117760,9818529792,805,20114,0,0,0,0,0.0,0.0,0,
127,2026-10-09T10:45:59.558324+00:00,127.00160843900005,loop0,1.0020735839998451,2107392,0,217,0,0,0,0,0,0.0,0.0,0,
127,2026-10-09T10:45:59.558324+00:00,127.00160843900005,loop1,1.0020735839998451,354304,0,43,0,0,0,0,0,0.0,0.0,0,
127,2026-10-09T10:45:59.558324+00:00,127.00160843900005,loop2,1.0020735839998451,1106944,0,51,0,0,0,0,0,0.0,0.0,0,
127,2026-10-09T10:45:59.558324+00:00,127.00160843900005,loop3,1.0020735839998451,1141760,0,66,0,0,0,0,0,0.0,0.0,0,
127,2026-10-09T10:45:59.558324+00:00,127.00160843900005,loop4,1.0020735839998451,1688576,0,83,0,0,0,0,0,0.0,0.0,0,
127,2026-10-09T10:45:59.558324+00:00,127.00160843900005,loop5,1.0020735839998451,14336,0,11,0,0,0,0,0,0.0,0.0,0,
127,2026-10-09T10:45:59.558324+00:00,127.00160843900005,loop6,1.0020735839998451,0,0,0,0,0,0,0,0,0.0,0.0,0,
127,2026-10-09T10:45:59.558324+00:00,127.00160843900005,loop7,1.0020735839998451,0,0,0,0,0,0,0,0,0.0,0.0,0,
127,2026-10-09T10:45:59.558324+00:00,127.00160843900005,sr0,1.0020735839998451,1536,0,8,0,0,0,0,0,0.0,0.0,0,
127,2026-10-09T10:45:59.558324+00:00,127.00160843900005,sda,1.0020735839998451,382650880,9940680704,8118,26757,0,28672,0,4,0.0,28612.66922689824,8,
127,2026-10-09T10:45:59.558324+00:00,127.00160843900005,sda1,1.0020735839998451,319488,0,78,0,0,0,0,0,0.0,0.0,0,
127,2026-10-09T10:45:59.558324+00:00,127.00160843900005,sda2,1.0020735839998451,353448960,122015744,6832,6617,0,12288,0,2,0.0,12262.572525813532,4,
127,2026-10-09T10:45:59.558324+00:00,127.00160843900005,sda3,1.0020735839998451,5653504,118784,152,24,0,0,0,0,0.0,0.0,0,
127,2026-10-09T10:45:59.558324+00:00,127.00160843900005,sda4,1.0020735839998451,4657152,0,116,0,0,0,0,0,0.0,0.0,0,
127,2026-10-09T10:45:59.558324+00:00,127.00160843900005,sda5,1.0020735839998451,16117760,9818546176,805,20116,0,16384,0,2,0.0,16350.09670108471,4,
128,2026-10-09T10:46:00.560883+00:00,128.00634963000005,loop0,1.002558689000125,2107392,0,217,0,0,0,0,0,0.0,0.0,0,
128,2026-10-09T10:46:00.560883+00:00,128.00634963000005,loop1,1.002558689000125,354304,0,43,0,0,0,0,0,0.0,0.0,0,
128,2026-10-09T10:46:00.560883+00:00,128.00634963000005,loop2,1.002558689000125,1106944,0,51,0,0,0,0,0,0.0,0.0,0,
128,2026-10-09T10:46:00.560883+00:00,128.00634963000005,loop3,1.002558689000125,1141760,0,66,0,0,0,0,0,0.0,0.0,0,
128,2026-10-09T10:46:00.560883+00:00,128.00634963000005,loop4,1.002558689000125,1688576,0,83,0,0,0,0,0,0.0,0.0,0,
128,2026-10-09T10:46:00.560883+00:00,128.00634963000005,loop5,1.002558689000125,14336,0,11,0,0,0,0,0,0.0,0.0,0,
128,2026-10-09T10:46:00.560883+00:00,128.00634963000005,loop6,1.002558689000125,0,0,0,0,0,0,0,0,0.0,0.0,0,
128,2026-10-09T10:46:00.560883+00:00,128.00634963000005,loop7,1.002558689000125,0,0,0,0,0,0,0,0,0.0,0.0,0,
128,2026-10-09T10:46:00.560883+00:00,128.00634963000005,sr0,1.002558689000125,1536,0,8,0,0,0,0,0,0.0,0.0,0,
128,2026-10-09T10:46:00.560883+00:00,128.00634963000005,sda,1.002558689000125,382650880,9940680704,8118,26757,0,0,0,0,0.0,0.0,0,
128,2026-10-09T10:46:00.560883+00:00,128.00634963000005,sda1,1.002558689000125,319488,0,78,0,0,0,0,0,0.0,0.0,0,
128,2026-10-09T10:46:00.560883+00:00,128.00634963000005,sda2,1.002558689000125,353448960,122015744,6832,6617,0,0,0,0,0.0,0.0,0,
128,2026-10-09T10:46:00.560883+00:00,128.00634963000005,sda3,1.002558689000125,5653504,118784,152,24,0,0,0,0,0.0,0.0,0,
128,2026-10-09T10:46:00.560883+00:00,128.00634963000005,sda4,1.002558689000125,4657152,0,116,0,0,0,0,0,0.0,0.0,0,
128,2026-10-09T10:46:00.560883+00:00,128.00634963000005,sda5,1.002558689000125,16117760,9818546176,805,20116,0,0,0,0,0.0,0.0,0,
129,2026-10-09T10:46:01.556542+00:00,129.001234038,loop0,0.9956583010000486,2107392,0,217,0,0,0,0,0,0.0,0.0,0,
129,2026-10-09T10:46:01.556542+00:00,129.001234038,loop1,0.9956583010000486,354304,0,43,0,0,0,0,0,0.0,0.0,0,
129,2026-10-09T10:46:01.556542+00:00,129.001234038,loop2,0.9956583010000486,1106944,0,51,0,0,0,0,0,0.0,0.0,0,
129,2026-10-09T10:46:01.556542+00:00,129.001234038,loop3,0.9956583010000486,1141760,0,66,0,0,0,0,0,0.0,0.0,0,
129,2026-10-09T10:46:01.556542+00:00,129.001234038,loop4,0.9956583010000486,1688576,0,83,0,0,0,0,0,0.0,0.0,0,
129,2026-10-09T10:46:01.556542+00:00,129.001234038,loop5,0.9956583010000486,14336,0,11,0,0,0,0,0,0.0,0.0,0,
129,2026-10-09T10:46:01.556542+00:00,129.001234038,loop6,0.9956583010000486,0,0,0,0,0,0,0,0,0.0,0.0,0,
129,2026-10-09T10:46:01.556542+00:00,129.001234038,loop7,0.9956583010000486,0,0,0,0,0,0,0,0,0.0,0.0,0,
129,2026-10-09T10:46:01.556542+00:00,129.001234038,sr0,0.9956583010000486,1536,0,8,0,0,0,0,0,0.0,0.0,0,
129,2026-10-09T10:46:01.556542+00:00,129.001234038,sda,0.9956583010000486,382650880,9940717568,8118,26759,0,36864,0,2,0.0,37024.750321444066,8,
129,2026-10-09T10:46:01.556542+00:00,129.001234038,sda1,0.9956583010000486,319488,0,78,0,0,0,0,0,0.0,0.0,0,
129,2026-10-09T10:46:01.556542+00:00,129.001234038,sda2,0.9956583010000486,353448960,122052608,6832,6619,0,36864,0,2,0.0,37024.750321444066,8,
129,2026-10-09T10:46:01.556542+00:00,129.001234038,sda3,0.9956583010000486,5653504,118784,152,24,0,0,0,0,0.0,0.0,0,
129,2026-10-09T10:46:01.556542+00:00,129.001234038,sda4,0.9956583010000486,4657152,0,116,0,0,0,0,0,0.0,0.0,0,
129,2026-10-09T10:46:01.556542+00:00,129.001234038,sda5,0.9956583010000486,16117760,9818546176,805,20116,0,0,0,0,0.0,0.0,0,
130,2026-10-09T10:46:02.562155+00:00,130.007055658,loop0,1.005614229999992,2107392,0,217,0,0,0,0,0,0.0,0.0,0,
130,2026-10-09T10:46:02.562155+00:00,130.007055658,loop1,1.005614229999992,354304,0,43,0,0,0,0,0,0.0,0.0,0,
130,2026-10-09T10:46:02.562155+00:00,130.007055658,loop2,1.005614229999992,1106944,0,51,0,0,0,0,0,0.0,0.0,0,
130,2026-10-09T10:46:02.562155+00:00,130.007055658,loop3,1.005614229999992,1141760,0,66,0,0,0,0,0,0.0,0.0,0,
130,2026-10-09T10:46:02.562155+00:00,130.007055658,loop4,1.005614229999992,1688576,0,83,0,0,0,0,0,0.0,0.0,0,
130,2026-10-09T10:46:02.562155+00:00,130.007055658,loop5,1.005614229999992,14336,0,11,0,0,0,0,0,0.0,0.0,0,
130,2026-10-09T10:46:02.562155+00:00,130.007055658,loop6,1.005614229999992,0,0,0,0,0,0,0,0,0.0,0.0,0,
130,2026-10-09T10:46:02.562155+00:00,130.007055658,loop7,1.005614229999992,0,0,0,0,0,0,0,0,0.0,0.0,0,
130,2026-10-09T10:46:02.562155+00:00,130.007055658,sr0,1.005614229999992,1536,0,8,0,0,0,0,0,0.0,0.0,0,
130,2026-10-09T10:46:02.562155+00:00,130.007055658,sda,1.005614229999992,382650880,9940717568,8118,26759,0,0,0,0,0.0,0.0,0,
130,2026-10-09T10:46:02.562155+00:00,130.007055658,sda1,1.005614229999992,319488,0,78,0,0,0,0,0,0.0,0.0,0,
130,2026-10-09T10:46:02.562155+00:00,130.007055658,sda2,1.005614229999992,353448960,122052608,6832,6619,0,0,0,0,0.0,0.0,0,
130,2026-10-09T10:46:02.562155+00:00,130.007055658,sda3,1.005614229999992,5653504,118784,152,24,0,0,0,0,0.0,0.0,0,
130,2026-10-09T10:46:02.562155+00:00,130.007055658,sda4,1.005614229999992,4657152,0,116,0,0,0,0,0,0.0,0.0,0,
130,2026-10-09T10:46:02.562155+00:00,130.007055658,sda5,1.005614229999992,16117760,9818546176,805,20116,0,0,0,0,0.0,0.0,0,
131,2026-10-09T10:46:03.564631+00:00,131.01035122399992,loop0,1.0024759609998455,2107392,0,217,0,0,0,0,0,0.0,0.0,0,
131,2026-10-09T10:46:03.564631+00:00,131.01035122399992,loop1,1.0024759609998455,354304,0,43,0,0,0,0,0,0.0,0.0,0,
131,2026-10-09T10:46:03.564631+00:00,131.01035122399992,loop2,1.0024759609998455,1106944,0,51,0,0,0,0,0,0.0,0.0,0,
131,2026-10-09T10:46:03.564631+00:00,131.01035122399992,loop3,1.0024759609998455,1141760,0,66,0,0,0,0,0,0.0,0.0,0,
131,2026-10-09T10:46:03.564631+00:00,131.01035122399992,loop4,1.0024759609998455,1688576,0,83,0,0,0,0,0,0.0,0.0,0,
131,2026-10-09T10:46:03.564631+00:00,131.01035122399992,loop5,1.0024759609998455,14336,0,11,0,0,0,0,0,0.0,0.0,0,
131,2026-10-09T10:46:03.564631+00:00,131.01035122399992,loop6,1.0024759609998455,0,0,0,0,0,0,0,0,0.0,0.0,0,
131,2026-10-09T10:46:03.564631+00:00,131.01035122399992,loop7,1.0024759609998455,0,0,0,0,0,0,0,0,0.0,0.0,0,
131,2026-10-09T10:46:03.564631+00:00,131.01035122399992,sr0,1.0024759609998455,1536,0,8,0,0,0,0,0,0.0,0.0,0,
131,2026-10-09T10:46:03.564631+00:00,131.01035122399992,sda,1.0024759609998455,382650880,9940877312,8118,26765,0,159744,0,6,0.0,159349.4569592224,8,
131,2026-10-09T10:46:03.564631+00:00,131.01035122399992,sda1,1.0024759609998455,319488,0,78,0,0,0,0,0,0.0,0.0,0,
131,2026-10-09T10:46:03.564631+00:00,131.01035122399992,sda2,1.0024759609998455,353448960,122052608,6832,6619,0,0,0,0,0.0,0.0,0,
131,2026-10-09T10:46:03.564631+00:00,131.01035122399992,sda3,1.0024759609998455,5653504,118784,152,24,0,0,0,0,0.0,0.0,0,
131,2026-10-09T10:46:03.564631+00:00,131.01035122399992,sda4,1.0024759609998455,4657152,0,116,0,0,0,0,0,0.0,0.0,0,
131,2026-10-09T10:46:03.564631+00:00,131.01035122399992,sda5,1.0024759609998455,16117760,9818705920,805,20122,0,159744,0,6,0.0,159349.4569592224,8,
132,2026-10-09T10:46:04.556139+00:00,132.0005235110001,loop0,0.9915085260001888,2107392,0,217,0,0,0,0,0,0.0,0.0,0,
132,2026-10-09T10:46:04.556139+00:00,132.0005235110001,loop1,0.9915085260001888,354304,0,43,0,0,0,0,0,0.0,0.0,0,
132,2026-10-09T10:46:04.556139+00:00,132.0005235110001,loop2,0.9915085260001888,1106944,0,51,0,0,0,0,0,0.0,0.0,0,
132,2026-10-09T10:46:04.556139+00:00,132.0005235110001,loop3,0.9915085260001888,1141760,0,66,0,0,0,0,0,0.0,0.0,0,
132,2026-10-09T10:46:04.556139+00:00,132.0005235110001,loop4,0.9915085260001888,1688576,0,83,0,0,0,0,0,0.0,0.0,0,
132,2026-10-09T10:46:04.556139+00:00,132.0005235110001,loop5,0.9915085260001888,14336,0,11,0,0,0,0,0,0.0,0.0,0,
132,2026-10-09T10:46:04.556139+00:00,132.0005235110001,loop6,0.9915085260001888,0,0,0,0,0,0,0,0,0.0,0.0,0,
132,2026-10-09T10:46:04.556139+00:00,132.0005235110001,loop7,0.9915085260001888,0,0,0,0,0,0,0,0,0.0,0.0,0,
132,2026-10-09T10:46:04.556139+00:00,132.0005235110001,sr0,0.9915085260001888,1536,0,8,0,0,0,0,0,0.0,0.0,0,
132,2026-10-09T10:46:04.556139+00:00,132.0005235110001,sda,0.9915085260001888,382650880,9940938752,8118,26769,0,61440,0,4,0.0,61966.18424236152,16,
132,2026-10-09T10:46:04.556139+00:00,132.0005235110001,sda1,0.9915085260001888,319488,0,78,0,0,0,0,0,0.0,0.0,0,
132,2026-10-09T10:46:04.556139+00:00,132.0005235110001,sda2,0.9915085260001888,353448960,122064896,6832,6621,0,12288,0,2,0.0,12393.236848472305,4,
132,2026-10-09T10:46:04.556139+00:00,132.0005235110001,sda3,0.9915085260001888,5653504,118784,152,24,0,0,0,0,0.0,0.0,0,
132,2026-10-09T10:46:04.556139+00:00,132.0005235110001,sda4,0.9915085260001888,4657152,0,116,0,0,0,0,0,0.0,0.0,0,
132,2026-10-09T10:46:04.556139+00:00,132.0005235110001,sda5,0.9915085260001888,16117760,9818755072,805,20124,0,49152,0,2,0.0,49572.94739388922,12,
133,2026-10-09T10:46:05.563217+00:00,133.00115642499998,loop0,1.0070769149999705,2107392,0,217,0,0,0,0,0,0.0,0.0,0,
133,2026-10-09T10:46:05.563217+00:00,133.00115642499998,loop1,1.0070769149999705,354304,0,43,0,0,0,0,0,0.0,0.0,0,
133,2026-10-09T10:46:05.563217+00:00,133.00115642499998,loop2,1.0070769149999705,1106944,0,51,0,0,0,0,0,0.0,0.0,0,
133,2026-10-09T10:46:05.563217+00:00,133.00115642499998,loop3,1.0070769149999705,1141760,0,66,0,0,0,0,0,0.0,0.0,0,
133,2026-10-09T10:46:05.563217+00:00,133.00115642499998,loop4,1.0070769149999705,1688576,0,83,0,0,0,0,0,0.0,0.0,0,
133,2026-10-09T10:46:05.563217+00:00,133.00115642499998,loop5,1.0070769149999705,14336,0,11,0,0,0,0,0,0.0,0.0,0,
133,2026-10-09T10:46:05.563217+00:00,133.00115642499998,loop6,1.0070769149999705,0,0,0,0,0,0,0,0,0.0,0.0,0,
133,2026-10-09T10:46:05.563217+00:00,133.00115642499998,loop7,1.0070769149999705,0,0,0,0,0,0,0,0,0.0,0.0,0,
133,2026-10-09T10:46:05.563217+00:00,133.00115642499998,sr0,1.0070769149999705,1536,0,8,0,0,0,0,0,0.0,0.0,0,
133,2026-10-09T10:46:05.563217+00:00,133.00115642499998,sda,1.0070769149999705,382650880,9940938752,8118,26769,0,0,0,0,0.0,0.0,0,
133,2026-10-09T10:46:05.563217+00:00,133.00115642499998,sda1,1.0070769149999705,319488,0,78,0,0,0,0,0,0.0,0.0,0,
133,2026-10-09T10:46:05.563217+00:00,133.00115642499998,sda2,1.0070769149999705,353448960,122064896,6832,6621,0,0,0,0,0.0,0.0,0,
133,2026-10-09T10:46:05.563217+00:00,133.00115642499998,sda3,1.0070769149999705,5653504,118784,152,24,0,0,0,0,0.0,0.0,0,
133,2026-10-09T10:46:05.563217+00:00,133.00115642499998,sda4,1.0070769149999705,4657152,0,116,0,0,0,0,0,0.0,0.0,0,
133,2026-10-09T10:46:05.563217+00:00,133.00115642499998,sda5,1.0070769149999705,16117760,9818755072,805,20124,0,0,0,0,0.0,0.0,0,
134,2026-10-09T10:46:06.565660+00:00,134.00959899099996,loop0,1.0024434570000267,2107392,0,217,0,0,0,0,0,0.0,0.0,0,
134,2026-10-09T10:46:06.565660+00:00,134.00959899099996,loop1,1.0024434570000267,354304,0,43,0,0,0,0,0,0.0,0.0,0,
134,2026-10-09T10:46:06.565660+00:00,134.00959899099996,loop2,1.0024434570000267,1106944,0,51,0,0,0,0,0,0.0,0.0,0,
134,2026-10-09T10:46:06.565660+00:00,134.00959899099996,loop3,1.0024434570000267,1141760,0,66,0,0,0,0,0,0.0,0.0,0,
134,2026-10-09T10:46:06.565660+00:00,134.00959899099996,loop4,1.0024434570000267,1688576,0,83,0,0,0,0,0,0.0,0.0,0,
134,2026-10-09T10:46:06.565660+00:00,134.00959899099996,loop5,1.0024434570000267,14336,0,11,0,0,0,0,0,0.0,0.0,0,
134,2026-10-09T10:46:06.565660+00:00,134.00959899099996,loop6,1.0024434570000267,0,0,0,0,0,0,0,0,0.0,0.0,0,
134,2026-10-09T10:46:06.565660+00:00,134.00959899099996,loop7,1.0024434570000267,0,0,0,0,0,0,0,0,0.0,0.0,0,
134,2026-10-09T10:46:06.565660+00:00,134.00959899099996,sr0,1.0024434570000267,1536,0,8,0,0,0,0,0,0.0,0.0,0,
134,2026-10-09T10:46:06.565660+00:00,134.00959899099996,sda,1.0024434570000267,382650880,9940938752,8118,26769,0,0,0,0,0.0,0.0,0,
134,2026-10-09T10:46:06.565660+00:00,134.00959899099996,sda1,1.0024434570000267,319488,0,78,0,0,0,0,0,0.0,0.0,0,
134,2026-10-09T10:46:06.565660+00:00,134.00959899099996,sda2,1.0024434570000267,353448960,122064896,6832,6621,0,0,0,0,0.0,0.0,0,
134,2026-10-09T10:46:06.565660+00:00,134.00959899099996,sda3,1.0024434570000267,5653504,118784,152,24,0,0,0,0,0.0,0.0,0,
134,2026-10-09T10:46:06.565660+00:00,134.00959899099996,sda4,1.0024434570000267,4657152,0,116,0,0,0,0,0,0.0,0.0,0,
134,2026-10-09T10:46:06.565660+00:00,134.00959899099996,sda5,1.0024434570000267,16117760,9818755072,805,20124,0,0,0,0,0.0,0.0,0,
135,2026-10-09T10:46:07.556624+00:00,135.0015796250001,loop0,0.9909637379998912,2107392,0,217,0,0,0,0,0,0.0,0.0,0,
135,2026-10-09T10:46:07.556624+00:00,135.0015796250001,loop1,0.9909637379998912,354304,0,43,0,0,0,0,0,0.0,0.0,0,
135,2026-10-09T10:46:07.556624+00:00,135.0015796250001,loop2,0.9909637379998912,1106944,0,51,0,0,0,0,0,0.0,0.0,0,
135,2026-10-09T10:46:07.556624+00:00,135.0015796250001,loop3,0.9909637379998912,1141760,0,66,0,0,0,0,0,0.0,0.0,0,
135,2026-10-09T10:46:07.556624+00:00,135.0015796250001,loop4,0.9909637379998912,1688576,0,83,0,0,0,0,0,0.0,0.0,0,
135,2026-10-09T10:46:07.556624+00:00,135.0015796250001,loop5,0.9909637379998912,14336,0,11,0,0,0,0,0,0.0,0.0,0,
135,2026-10-09T10:46:07.556624+00:00,135.0015796250001,loop6,0.9909637379998912,0,0,0,0,0,0,0,0,0.0,0.0,0,
135,2026-10-09T10:46:07.556624+00:00,135.0015796250001,loop7,0.9909637379998912,0,0,0,0,0,0,0,0,0.0,0.0,0,
135,2026-10-09T10:46:07.556624+00:00,135.0015796250001,sr0,0.9909637379998912,1536,0,8,0,0,0,0,0,0.0,0.0,0,
135,2026-10-09T10:46:07.556624+00:00,135.0015796250001,sda,0.9909637379998912,382650880,9941020672,8118,26779,0,81920,0,10,0.0,82667.00067687946,12,
135,2026-10-09T10:46:07.556624+00:00,135.0015796250001,sda1,0.9909637379998912,319488,0,78,0,0,0,0,0,0.0,0.0,0,
135,2026-10-09T10:46:07.556624+00:00,135.0015796250001,sda2,0.9909637379998912,353448960,122114048,6832,6626,0,49152,0,5,0.0,49600.20040612767,12,
135,2026-10-09T10:46:07.556624+00:00,135.0015796250001,sda3,0.9909637379998912,5653504,118784,152,24,0,0,0,0,0.0,0.0,0,
135,2026-10-09T10:46:07.556624+00:00,135.0015796250001,sda4,0.9909637379998912,4657152,0,116,0,0,0,0,0,0.0,0.0,0,
135,2026-10-09T10:46:07.556624+00:00,135.0015796250001,sda5,0.9909637379998912,16117760,9818787840,805,20129,0,32768,0,5,0.0,33066.80027075178,4,
136,2026-10-09T10:46:08.559230+00:00,136.00499478099994,loop0,1.0026065479999033,2107392,0,217,0,0,0,0,0,0.0,0.0,0,
136,2026-10-09T10:46:08.559230+00:00,136.00499478099994,loop1,1.0026065479999033,354304,0,43,0,0,0,0,0,0.0,0.0,0,
136,2026-10-09T10:46:08.559230+00:00,136.00499478099994,loop2,1.0026065479999033,1106944,0,51,0,0,0,0,0,0.0,0.0,0,
136,2026-10-09T10:46:08.559230+00:00,136.00499478099994,loop3,1.0026065479999033,1141760,0,66,0,0,0,0,0,0.0,0.0,0,
136,2026-10-09T10:46:08.559230+00:00,136.00499478099994,loop4,1.0026065479999033,1688576,0,83,0,0,0,0,0,0.0,0.0,0,
136,2026-10-09T10:46:08.559230+00:00,136.00499478099994,loop5,1.0026065479999033,14336,0,11,0,0,0,0,0,0.0,0.0,0,
136,2026-10-09T10:46:08.559230+00:00,136.00499478099994,loop6,1.0026065479999033,0,0,0,0,0,0,0,0,0.0,0.0,0,
136,2026-10-09T10:46:08.559230+00:00,136.00499478099994,loop7,1.0026065479999033,0,0,0,0,0,0,0,0,0.0,0.0,0,
136,2026-10-09T10:46:08.559230+00:00,136.00499478099994,sr0,1.0026065479999033,1536,0,8,0,0,0,0,0,0.0,0.0,0,
136,2026-10-09T10:46:08.559230+00:00,136.00499478099994,sda,1.0026065479999033,382716416,9944285184,8119,27222,65536,3264512,1,443,65365.62137035466,3256025.0145107917,160,
136,2026-10-09T10:46:08.559230+00:00,136.00499478099994,sda1,1.0026065479999033,319488,0,78,0,0,0,0,0,0.0,0.0,0,
136,2026-10-09T10:46:08.559230+00:00,136.00499478099994,sda2,1.0026065479999033,353514496,125378560,6833,7069,65536,3264512,1,443,65365.62137035466,3256025.0145107917,160,
136,2026-10-09T10:46:08.559230+00:00,136.00499478099994,sda3,1.0026065479999033,5653504,118784,152,24,0,0,0,0,0.0,0.0,0,
136,2026-10-09T10:46:08.559230+00:00,136.00499478099994,sda4,1.0026065479999033,4657152,0,116,0,0,0,0,0,0.0,0.0,0,
136,2026-10-09T10:46:08.559230+00:00,136.00499478099994,sda5,1.0026065479999033,16117760,9818787840,805,20129,0,0,0,0,0.0,0.0,0,
137,2026-10-09T10:46:09.557339+00:00,137.00179274999994,loop0,0.998109045000092,2107392,0,217,0,0,0,0,0,0.0,0.0,0,
137,2026-10-09T10:46:09.557339+00:00,137.00179274999994,loop1,0.998109045000092,354304,0,43,0,0,0,0,0,0.0,0.0,0,
137,2026-10-09T10:46:09.557339+00:00,137.00179274999994,loop2,0.998109045000092,1106944,0,51,0,0,0,0,0,0.0,0.0,0,
137,2026-10-09T10:46:09.557339+00:00,137.00179274999994,loop3,0.998109045000092,1141760,0,66,0,0,0,0,0,0.0,0.0,0,
137,2026-10-09T10:46:09.557339+00:00,137.00179274999994,loop4,0.998109045000092,1688576,0,83,0,0,0,0,0,0.0,0.0,0,
137,2026-10-09T10:46:09.557339+00:00,137.00179274999994,loop5,0.998109045000092,14336,0,11,0,0,0,0,0,0.0,0.0,0,
137,2026-10-09T10:46:09.557339+00:00,137.00179274999994,loop6,0.998109045000092,0,0,0,0,0,0,0,0,0.0,0.0,0,
137,2026-10-09T10:46:09.557339+00:00,137.00179274999994,loop7,0.998109045000092,0,0,0,0,0,0,0,0,0.0,0.0,0,
137,2026-10-09T10:46:09.557339+00:00,137.00179274999994,sr0,0.998109045000092,1536,0,8,0,0,0,0,0,0.0,0.0,0,
137,2026-10-09T10:46:09.557339+00:00,137.00179274999994,sda,0.998109045000092,382716416,9944313856,8119,27226,0,28672,0,4,0.0,28726.320178771006,68,
137,2026-10-09T10:46:09.557339+00:00,137.00179274999994,sda1,0.998109045000092,319488,0,78,0,0,0,0,0,0.0,0.0,0,
137,2026-10-09T10:46:09.557339+00:00,137.00179274999994,sda2,0.998109045000092,353514496,125390848,6833,7071,0,12288,0,2,0.0,12311.280076616145,4,
137,2026-10-09T10:46:09.557339+00:00,137.00179274999994,sda3,0.998109045000092,5653504,118784,152,24,0,0,0,0,0.0,0.0,0,
137,2026-10-09T10:46:09.557339+00:00,137.00179274999994,sda4,0.998109045000092,4657152,0,116,0,0,0,0,0,0.0,0.0,0,
137,2026-10-09T10:46:09.557339+00:00,137.00179274999994,sda5,0.998109045000092,16117760,9818804224,805,20131,0,16384,0,2,0.0,16415.04010215486,64,
138,2026-10-09T10:46:10.555907+00:00,138.00092013999995,loop0,0.9985676650001096,2107392,0,217,0,0,0,0,0,0.0,0.0,0,
138,2026-10-09T10:46:10.555907+00:00,138.00092013999995,loop1,0.9985676650001096,354304,0,43,0,0,0,0,0,0.0,0.0,0,
138,2026-10-09T10:46:10.555907+00:00,138.00092013999995,loop2,0.9985676650001096,1106944,0,51,0,0,0,0,0,0.0,0.0,0,
138,2026-10-09T10:46:10.555907+00:00,138.00092013999995,loop3,0.9985676650001096,1141760,0,66,0,0,0,0,0,0.0,0.0,0,
138,2026-10-09T10:46:10.555907+00:00,138.00092013999995,loop4,0.9985676650001096,1688576,0,83,0,0,0,0,0,0.0,0.0,0,
138,2026-10-09T10:46:10.555907+00:00,138.00092013999995,loop5,0.9985676650001096,14336,0,11,0,0,0,0,0,0.0,0.0,0,
138,2026-10-09T10:46:10.555907+00:00,138.00092013999995,loop6,0.9985676650001096,0,0,0,0,0,0,0,0,0.0,0.0,0,
138,2026-10-09T10:46:10.555907+00:00,138.00092013999995,loop7,0.9985676650001096,0,0,0,0,0,0,0,0,0.0,0.0,0,
138,2026-10-09T10:46:10.555907+00:00,138.00092013999995,sr0,0.9985676650001096,1536,0,8,0,0,0,0,0,0.0,0.0,0,
138,2026-10-09T10:46:10.555907+00:00,138.00092013999995,sda,0.9985676650001096,382716416,9944313856,8119,27226,0,0,0,0,0.0,0.0,0,
138,2026-10-09T10:46:10.555907+00:00,138.00092013999995,sda1,0.9985676650001096,319488,0,78,0,0,0,0,0,0.0,0.0,0,
138,2026-10-09T10:46:10.555907+00:00,138.00092013999995,sda2,0.9985676650001096,353514496,125390848,6833,7071,0,0,0,0,0.0,0.0,0,
138,2026-10-09T10:46:10.555907+00:00,138.00092013999995,sda3,0.9985676650001096,5653504,118784,152,24,0,0,0,0,0.0,0.0,0,
138,2026-10-09T10:46:10.555907+00:00,138.00092013999995,sda4,0.9985676650001096,4657152,0,116,0,0,0,0,0,0.0,0.0,0,
138,2026-10-09T10:46:10.555907+00:00,138.00092013999995,sda5,0.9985676650001096,16117760,9818804224,805,20131,0,0,0,0,0.0,0.0,0,
139,2026-10-09T10:46:11.562553+00:00,139.00775020100002,loop0,1.0066455609999139,2107392,0,217,0,0,0,0,0,0.0,0.0,0,
139,2026-10-09T10:46:11.562553+00:00,139.00775020100002,loop1,1.0066455609999139,354304,0,43,0,0,0,0,0,0.0,0.0,0,
139,2026-10-09T10:46:11.562553+00:00,139.00775020100002,loop2,1.0066455609999139,1106944,0,51,0,0,0,0,0,0.0,0.0,0,
139,2026-10-09T10:46:11.562553+00:00,139.00775020100002,loop3,1.0066455609999139,1141760,0,66,0,0,0,0,0,0.0,0.0,0,
139,2026-10-09T10:46:11.562553+00:00,139.00775020100002,loop4,1.0066455609999139,1688576,0,83,0,0,0,0,0,0.0,0.0,0,
139,2026-10-09T10:46:11.562553+00:00,139.00775020100002,loop5,1.0066455609999139,14336,0,11,0,0,0,0,0,0.0,0.0,0,
139,2026-10-09T10:46:11.562553+00:00,139.00775020100002,loop6,1.0066455609999139,0,0,0,0,0,0,0,0,0.0,0.0,0,
139,2026-10-09T10:46:11.562553+00:00,139.00775020100002,loop7,1.0066455609999139,0,0,0,0,0,0,0,0,0.0,0.0,0,
139,2026-10-09T10:46:11.562553+00:00,139.00775020100002,sr0,1.0066455609999139,1536,0,8,0,0,0,0,0,0.0,0.0,0,
139,2026-10-09T10:46:11.562553+00:00,139.00775020100002,sda,1.0066455609999139,382716416,9944313856,8119,27226,0,0,0,0,0.0,0.0,0,
139,2026-10-09T10:46:11.562553+00:00,139.00775020100002,sda1,1.0066455609999139,319488,0,78,0,0,0,0,0,0.0,0.0,0,
139,2026-10-09T10:46:11.562553+00:00,139.00775020100002,sda2,1.0066455609999139,353514496,125390848,6833,7071,0,0,0,0,0.0,0.0,0,
139,2026-10-09T10:46:11.562553+00:00,139.00775020100002,sda3,1.0066455609999139,5653504,118784,152,24,0,0,0,0,0.0,0.0,0,
139,2026-10-09T10:46:11.562553+00:00,139.00775020100002,sda4,1.0066455609999139,4657152,0,116,0,0,0,0,0,0.0,0.0,0,
139,2026-10-09T10:46:11.562553+00:00,139.00775020100002,sda5,1.0066455609999139,16117760,9818804224,805,20131,0,0,0,0,0.0,0.0,0,
140,2026-10-09T10:46:12.556877+00:00,140.00172012399992,loop0,0.9943248170000061,2107392,0,217,0,0,0,0,0,0.0,0.0,0,
140,2026-10-09T10:46:12.556877+00:00,140.00172012399992,loop1,0.9943248170000061,354304,0,43,0,0,0,0,0,0.0,0.0,0,
140,2026-10-09T10:46:12.556877+00:00,140.00172012399992,loop2,0.9943248170000061,1106944,0,51,0,0,0,0,0,0.0,0.0,0,
140,2026-10-09T10:46:12.556877+00:00,140.00172012399992,loop3,0.9943248170000061,1141760,0,66,0,0,0,0,0,0.0,0.0,0,
140,2026-10-09T10:46:12.556877+00:00,140.00172012399992,loop4,0.9943248170000061,1688576,0,83,0,0,0,0,0,0.0,0.0,0,
140,2026-10-09T10:46:12.556877+00:00,140.00172012399992,loop5,0.9943248170000061,14336,0,11,0,0,0,0,0,0.0,0.0,0,
140,2026-10-09T10:46:12.556877+00:00,140.00172012399992,loop6,0.9943248170000061,0,0,0,0,0,0,0,0,0.0,0.0,0,
140,2026-10-09T10:46:12.556877+00:00,140.00172012399992,loop7,0.9943248170000061,0,0,0,0,0,0,0,0,0.0,0.0,0,
140,2026-10-09T10:46:12.556877+00:00,140.00172012399992,sr0,0.9943248170000061,1536,0,8,0,0,0,0,0,0.0,0.0,0,
140,2026-10-09T10:46:12.556877+00:00,140.00172012399992,sda,0.9943248170000061,382716416,9944358912,8119,27228,0,45056,0,2,0.0,45313.16047802086,4,
140,2026-10-09T10:46:12.556877+00:00,140.00172012399992,sda1,0.9943248170000061,319488,0,78,0,0,0,0,0,0.0,0.0,0,
140,2026-10-09T10:46:12.556877+00:00,140.00172012399992,sda2,0.9943248170000061,353514496,125435904,6833,7073,0,45056,0,2,0.0,45313.16047802086,4,
140,2026-10-09T10:46:12.556877+00:00,140.00172012399992,sda3,0.9943248170000061,5653504,118784,152,24,0,0,0,0,0.0,0.0,0,
140,2026-10-09T10:46:12.556877+00:00,140.00172012399992,sda4,0.9943248170000061,4657152,0,116,0,0,0,0,0,0.0,0.0,0,
140,2026-10-09T10:46:12.556877+00:00,140.00172012399992,sda5,0.9943248170000061,16117760,9818804224,805,20131,0,0,0,0,0.0,0.0,0,
141,2026-10-09T10:46:13.557596+00:00,141.000922372,loop0,1.0007182290000856,2107392,0,217,0,0,0,0,0,0.0,0.0,0,
141,2026-10-09T10:46:13.557596+00:00,141.000922372,loop1,1.0007182290000856,354304,0,43,0,0,0,0,0,0.0,0.0,0,
141,2026-10-09T10:46:13.557596+00:00,141.000922372,loop2,1.0007182290000856,1106944,0,51,0,0,0,0,0,0.0,0.0,0,
141,2026-10-09T10:46:13.557596+00:00,141.000922372,loop3,1.0007182290000856,1141760,0,66,0,0,0,0,0,0.0,0.0,0,
141,2026-10-09T10:46:13.557596+00:00,141.000922372,loop4,1.0007182290000856,1688576,0,83,0,0,0,0,0,0.0,0.0,0,
141,2026-10-09T10:46:13.557596+00:00,141.000922372,loop5,1.0007182290000856,14336,0,11,0,0,0,0,0,0.0,0.0,0,
141,2026-10-09T10:46:13.557596+00:00,141.000922372,loop6,1.0007182290000856,0,0,0,0,0,0,0,0,0.0,0.0,0,
141,2026-10-09T10:46:13.557596+00:00,141.000922372,loop7,1.0007182290000856,0,0,0,0,0,0,0,0,0.0,0.0,0,
141,2026-10-09T10:46:13.557596+00:00,141.000922372,sr0,1.0007182290000856,1536,0,8,0,0,0,0,0,0.0,0.0,0,
141,2026-10-09T10:46:13.557596+00:00,141.000922372,sda,1.0007182290000856,382716416,9944358912,8119,27228,0,0,0,0,0.0,0.0,0,
141,2026-10-09T10:46:13.557596+00:00,141.000922372,sda1,1.0007182290000856,319488,0,78,0,0,0,0,0,0.0,0.0,0,
141,2026-10-09T10:46:13.557596+00:00,141.000922372,sda2,1.0007182290000856,353514496,125435904,6833,7073,0,0,0,0,0.0,0.0,0,
141,2026-10-09T10:46:13.557596+00:00,141.000922372,sda3,1.0007182290000856,5653504,118784,152,24,0,0,0,0,0.0,0.0,0,
141,2026-10-09T10:46:13.557596+00:00,141.000922372,sda4,1.0007182290000856,4657152,0,116,0,0,0,0,0,0.0,0.0,0,
141,2026-10-09T10:46:13.557596+00:00,141.000922372,sda5,1.0007182290000856,16117760,9818804224,805,20131,0,0,0,0,0.0,0.0,0,
142,2026-10-09T10:46:14.555071+00:00,142.000121744,loop0,0.9974752910000007,2107392,0,217,0,0,0,0,0,0.0,0.0,0,
142,2026-10-09T10:46:14.555071+00:00,142.000121744,loop1,0.9974752910000007,354304,0,43,0,0,0,0,0,0.0,0.0,0,
142,2026-10-09T10:46:14.555071+00:00,142.000121744,loop2,0.9974752910000007,1106944,0,51,0,0,0,0,0,0.0,0.0,0,
142,2026-10-09T10:46:14.555071+00:00,142.000121744,loop3,0.9974752910000007,1141760,0,66,0,0,0,0,0,0.0,0.0,0,
142,2026-10-09T10:46:14.555071+00:00,142.000121744,loop4,0.9974752910000007,1688576,0,83,0,0,0,0,0,0.0,0.0,0,
142,2026-10-09T10:46:14.555071+00:00,142.000121744,loop5,0.9974752910000007,14336,0,11,0,0,0,0,0,0.0,0.0,0,
142,2026-10-09T10:46:14.555071+00:00,142.000121744,loop6,0.9974752910000007,0,0,0,0,0,0,0,0,0.0,0.0,0,
142,2026-10-09T10:46:14.555071+00:00,142.000121744,loop7,0.9974752910000007,0,0,0,0,0,0,0,0,0.0,0.0,0,
142,2026-10-09T10:46:14.555071+00:00,142.000121744,sr0,0.9974752910000007,1536,0,8,0,0,0,0,0,0.0,0.0,0,
142,2026-10-09T10:46:14.555071+00:00,142.000121744,sda,0.9974752910000007,382716416,9944371200,8119,27230,0,12288,0,2,0.0,12319.10214806513,4,
142,2026-10-09T10:46:14.555071+00:00,142.000121744,sda1,0.9974752910000007,319488,0,78,0,0,0,0,0,0.0,0.0,0,
142,2026-10-09T10:46:14.555071+00:00,142.000121744,sda2,0.9974752910000007,353514496,125448192,6833,7075,0,12288,0,2,0.0,12319.10214806513,4,
142,2026-10-09T10:46:14.555071+00:00,142.000121744,sda3,0.9974752910000007,5653504,118784,152,24,0,0,0,0,0.0,0.0,0,
142,2026-10-09T10:46:14.555071+00:00,142.000121744,sda4,0.9974752910000007,4657152,0,116,0,0,0,0,0,0.0,0.0,0,
142,2026-10-09T10:46:14.555071+00:00,142.000121744,sda5,0.9974752910000007,16117760,9818804224,805,20131,0,0,0,0,0.0,0.0,0,
143,2026-10-09T10:46:15.563030+00:00,143.00841298700004,loop0,1.0079590339998958,2107392,0,217,0,0,0,0,0,0.0,0.0,0,
143,2026-10-09T10:46:15.563030+00:00,143.00841298700004,loop1,1.0079590339998958,354304,0,43,0,0,0,0,0,0.0,0.0,0,
143,2026-10-09T10:46:15.563030+00:00,143.00841298700004,loop2,1.0079590339998958,1106944,0,51,0,0,0,0,0,0.0,0.0,0,
143,2026-10-09T10:46:15.563030+00:00,143.00841298700004,loop3,1.0079590339998958,1141760,0,66,0,0,0,0,0,0.0,0.0,0,
143,2026-10-09T10:46:15.563030+00:00,143.00841298700004,loop4,1.0079590339998958,1688576,0,83,0,0,0,0,0,0.0,0.0,0,
143,2026-10-09T10:46:15.563030+00:00,143.00841298700004,loop5,1.0079590339998958,14336,0,11,0,0,0,0,0,0.0,0.0,0,
143,2026-10-09T10:46:15.563030+00:00,143.00841298700004,loop6,1.0079590339998958,0,0,0,0,0,0,0,0,0.0,0.0,0,
143,2026-10-09T10:46:15.563030+00:00,143.00841298700004,loop7,1.0079590339998958,0,0,0,0,0,0,0,0,0.0,0.0,0,
143,2026-10-09T10:46:15.563030+00:00,143.00841298700004,sr0,1.0079590339998958,1536,0,8,0,0,0,0,0,0.0,0.0,0,
143,2026-10-09T10:46:15.563030+00:00,143.00841298700004,sda,1.0079590339998958,382716416,9944387584,8119,27232,0,16384,0,2,0.0,16254.628856277202,8,
143,2026-10-09T10:46:15.563030+00:00,143.00841298700004,sda1,1.0079590339998958,319488,0,78,0,0,0,0,0,0.0,0.0,0,
143,2026-10-09T10:46:15.563030+00:00,143.00841298700004,sda2,1.0079590339998958,353514496,125448192,6833,7075,0,0,0,0,0.0,0.0,0,
143,2026-10-09T10:46:15.563030+00:00,143.00841298700004,sda3,1.0079590339998958,5653504,118784,152,24,0,0,0,0,0.0,0.0,0,
143,2026-10-09T10:46:15.563030+00:00,143.00841298700004,sda4,1.0079590339998958,4657152,0,116,0,0,0,0,0,0.0,0.0,0,
143,2026-10-09T10:46:15.563030+00:00,143.00841298700004,sda5,1.0079590339998958,16117760,9818820608,805,20133,0,16384,0,2,0.0,16254.628856277202,8,
144,2026-10-09T10:46:16.556697+00:00,144.001548008,loop0,0.9936674929999754,2107392,0,217,0,0,0,0,0,0.0,0.0,0,
144,2026-10-09T10:46:16.556697+00:00,144.001548008,loop1,0.9936674929999754,354304,0,43,0,0,0,0,0,0.0,0.0,0,
144,2026-10-09T10:46:16.556697+00:00,144.001548008,loop2,0.9936674929999754,1106944,0,51,0,0,0,0,0,0.0,0.0,0,
144,2026-10-09T10:46:16.556697+00:00,144.001548008,loop3,0.9936674929999754,1141760,0,66,0,0,0,0,0,0.0,0.0,0,
144,2026-10-09T10:46:16.556697+00:00,144.001548008,loop4,0.9936674929999754,1688576,0,83,0,0,0,0,0,0.0,0.0,0,
144,2026-10-09T10:46:16.556697+00:00,144.001548008,loop5,0.9936674929999754,14336,0,11,0,0,0,0,0,0.0,0.0,0,
144,2026-10-09T10:46:16.556697+00:00,144.001548008,loop6,0.9936674929999754,0,0,0,0,0,0,0,0,0.0,0.0,0,
144,2026-10-09T10:46:16.556697+00:00,144.001548008,loop7,0.9936674929999754,0,0,0,0,0,0,0,0,0.0,0.0,0,
144,2026-10-09T10:46:16.556697+00:00,144.001548008,sr0,0.9936674929999754,1536,0,8,0,0,0,0,0,0.0,0.0,0,
144,2026-10-09T10:46:16.556697+00:00,144.001548008,sda,0.9936674929999754,382716416,9944387584,8119,27232,0,0,0,0,0.0,0.0,0,
144,2026-10-09T10:46:16.556697+00:00,144.001548008,sda1,0.9936674929999754,319488,0,78,0,0,0,0,0,0.0,0.0,0,
144,2026-10-09T10:46:16.556697+00:00,144.001548008,sda2,0.9936674929999754,353514496,125448192,6833,7075,0,0,0,0,0.0,0.0,0,
144,2026-10-09T10:46:16.556697+00:00,144.001548008,sda3,0.9936674929999754,5653504,118784,152,24,0,0,0,0,0.0,0.0,0,
144,2026-10-09T10:46:16.556697+00:00,144.001548008,sda4,0.9936674929999754,4657152,0,116,0,0,0,0,0,0.0,0.0,0,
144,2026-10-09T10:46:16.556697+00:00,144.001548008,sda5,0.9936674929999754,16117760,9818820608,805,20133,0,0,0,0,0.0,0.0,0,
145,2026-10-09T10:46:17.557162+00:00,145.001184051,loop0,1.000464673000124,2107392,0,217,0,0,0,0,0,0.0,0.0,0,
145,2026-10-09T10:46:17.557162+00:00,145.001184051,loop1,1.000464673000124,354304,0,43,0,0,0,0,0,0.0,0.0,0,
145,2026-10-09T10:46:17.557162+00:00,145.001184051,loop2,1.000464673000124,1106944,0,51,0,0,0,0,0,0.0,0.0,0,
145,2026-10-09T10:46:17.557162+00:00,145.001184051,loop3,1.000464673000124,1141760,0,66,0,0,0,0,0,0.0,0.0,0,
145,2026-10-09T10:46:17.557162+00:00,145.001184051,loop4,1.000464673000124,1688576,0,83,0,0,0,0,0,0.0,0.0,0,
145,2026-10-09T10:46:17.557162+00:00,145.001184051,loop5,1.000464673000124,14336,0,11,0,0,0,0,0,0.0,0.0,0,
145,2026-10-09T10:46:17.557162+00:00,145.001184051,loop6,1.000464673000124,0,0,0,0,0,0,0,0,0.0,0.0,0,
145,2026-10-09T10:46:17.557162+00:00,145.001184051,loop7,1.000464673000124,0,0,0,0,0,0,0,0,0.0,0.0,0,
145,2026-10-09T10:46:17.557162+00:00,145.001184051,sr0,1.000464673000124,1536,0,8,0,0,0,0,0,0.0,0.0,0,
145,2026-10-09T10:46:17.557162+00:00,145.001184051,sda,1.000464673000124,382716416,9944424448,8119,27234,0,36864,0,2,0.0,36846.87825053812,8,
145,2026-10-09T10:46:17.557162+00:00,145.001184051,sda1,1.000464673000124,319488,0,78,0,0,0,0,0,0.0,0.0,0,
145,2026-10-09T10:46:17.557162+00:00,145.001184051,sda2,1.000464673000124,353514496,125485056,6833,7077,0,36864,0,2,0.0,36846.87825053812,8,
145,2026-10-09T10:46:17.557162+00:00,145.001184051,sda3,1.000464673000124,5653504,118784,152,24,0,0,0,0,0.0,0.0,0,
145,2026-10-09T10:46:17.557162+00:00,145.001184051,sda4,1.000464673000124,4657152,0,116,0,0,0,0,0,0.0,0.0,0,
145,2026-10-09T10:46:17.557162+00:00,145.001184051,sda5,1.000464673000124,16117760,9818820608,805,20133,0,0,0,0,0.0,0.0,0,
146,2026-10-09T10:46:18.563515+00:00,146.009093365,loop0,1.0063527959998737,2107392,0,217,0,0,0,0,0,0.0,0.0,0,
146,2026-10-09T10:46:18.563515+00:00,146.009093365,loop1,1.0063527959998737,354304,0,43,0,0,0,0,0,0.0,0.0,0,
146,2026-10-09T10:46:18.563515+00:00,146.009093365,loop2,1.0063527959998737,1106944,0,51,0,0,0,0,0,0.0,0.0,0,
146,2026-10-09T10:46:18.563515+00:00,146.009093365,loop3,1.0063527959998737,1141760,0,66,0,0,0,0,0,0.0,0.0,0,
146,2026-10-09T10:46:18.563515+00:00,146.009093365,loop4,1.0063527959998737,1688576,0,83,0,0,0,0,0,0.0,0.0,0,
146,2026-10-09T10:46:18.563515+00:00,146.009093365,loop5,1.0063527959998737,14336,0,11,0,0,0,0,0,0.0,0.0,0,
146,2026-10-09T10:46:18.563515+00:00,146.009093365,loop6,1.0063527959998737,0,0,0,0,0,0,0,0,0.0,0.0,0,
146,2026-10-09T10:46:18.563515+00:00,146.009093365,loop7,1.0063527959998737,0,0,0,0,0,0,0,0,0.0,0.0,0,
146,2026-10-09T10:46:18.563515+00:00,146.009093365,sr0,1.0063527959998737,1536,0,8,0,0,0,0,0,0.0,0.0,0,
146,2026-10-09T10:46:18.563515+00:00,146.009093365,sda,1.0063527959998737,382716416,9944424448,8119,27234,0,0,0,0,0.0,0.0,0,
146,2026-10-09T10:46:18.563515+00:00,146.009093365,sda1,1.0063527959998737,319488,0,78,0,0,0,0,0,0.0,0.0,0,
146,2026-10-09T10:46:18.563515+00:00,146.009093365,sda2,1.0063527959998737,353514496,125485056,6833,7077,0,0,0,0,0.0,0.0,0,
146,2026-10-09T10:46:18.563515+00:00,146.009093365,sda3,1.0063527959998737,5653504,118784,152,24,0,0,0,0,0.0,0.0,0,
146,2026-10-09T10:46:18.563515+00:00,146.009093365,sda4,1.0063527959998737,4657152,0,116,0,0,0,0,0,0.0,0.0,0,
146,2026-10-09T10:46:18.563515+00:00,146.009093365,sda5,1.0063527959998737,16117760,9818820608,805,20133,0,0,0,0,0.0,0.0,0,
147,2026-10-09T10:46:19.555615+00:00,147.0011002309999,loop0,0.9920998570000847,2107392,0,217,0,0,0,0,0,0.0,0.0,0,
147,2026-10-09T10:46:19.555615+00:00,147.0011002309999,loop1,0.9920998570000847,354304,0,43,0,0,0,0,0,0.0,0.0,0,
147,2026-10-09T10:46:19.555615+00:00,147.0011002309999,loop2,0.9920998570000847,1106944,0,51,0,0,0,0,0,0.0,0.0,0,
147,2026-10-09T10:46:19.555615+00:00,147.0011002309999,loop3,0.9920998570000847,1141760,0,66,0,0,0,0,0,0.0,0.0,0,
147,2026-10-09T10:46:19.555615+00:00,147.0011002309999,loop4,0.9920998570000847,1688576,0,83,0,0,0,0,0,0.0,0.0,0,
147,2026-10-09T10:46:19.555615+00:00,147.0011002309999,loop5,0.9920998570000847,14336,0,11,0,0,0,0,0,0.0,0.0,0,
147,2026-10-09T10:46:19.555615+00:00,147.0011002309999,loop6,0.9920998570000847,0,0,0,0,0,0,0,0,0.0,0.0,0,
147,2026-10-09T10:46:19.555615+00:00,147.0011002309999,loop7,0.9920998570000847,0,0,0,0,0,0,0,0,0.0,0.0,0,
147,2026-10-09T10:46:19.555615+00:00,147.0011002309999,sr0,0.9920998570000847,1536,0,8,0,0,0,0,0,0.0,0.0,0,
147,2026-10-09T10:46:19.555615+00:00,147.0011002309999,sda,0.9920998570000847,382716416,9944424448,8119,27234,0,0,0,0,0.0,0.0,0,
147,2026-10-09T10:46:19.555615+00:00,147.0011002309999,sda1,0.9920998570000847,319488,0,78,0,0,0,0,0,0.0,0.0,0,
147,2026-10-09T10:46:19.555615+00:00,147.0011002309999,sda2,0.9920998570000847,353514496,125485056,6833,7077,0,0,0,0,0.0,0.0,0,
147,2026-10-09T10:46:19.555615+00:00,147.0011002309999,sda3,0.9920998570000847,5653504,118784,152,24,0,0,0,0,0.0,0.0,0,
147,2026-10-09T10:46:19.555615+00:00,147.0011002309999,sda4,0.9920998570000847,4657152,0,116,0,0,0,0,0,0.0,0.0,0,
147,2026-10-09T10:46:19.555615+00:00,147.0011002309999,sda5,0.9920998570000847,16117760,9818820608,805,20133,0,0,0,0,0.0,0.0,0,
148,2026-10-09T10:46:20.556172+00:00,148.00092752500007,loop0,1.0005568379999659,2107392,0,217,0,0,0,0,0,0.0,0.0,0,
148,2026-10-09T10:46:20.556172+00:00,148.00092752500007,loop1,1.0005568379999659,354304,0,43,0,0,0,0,0,0.0,0.0,0,
148,2026-10-09T10:46:20.556172+00:00,148.00092752500007,loop2,1.0005568379999659,1106944,0,51,0,0,0,0,0,0.0,0.0,0,
148,2026-10-09T10:46:20.556172+00:00,148.00092752500007,loop3,1.0005568379999659,1141760,0,66,0,0,0,0,0,0.0,0.0,0,
148,2026-10-09T10:46:20.556172+00:00,148.00092752500007,loop4,1.0005568379999659,1688576,0,83,0,0,0,0,0,0.0,0.0,0,
148,2026-10-09T10:46:20.556172+00:00,148.00092752500007,loop5,1.0005568379999659,14336,0,11,0,0,0,0,0,0.0,0.0,0,
148,2026-10-09T10:46:20.556172+00:00,148.00092752500007,loop6,1.0005568379999659,0,0,0,0,0,0,0,0,0.0,0.0,0,
148,2026-10-09T10:46:20.556172+00:00,148.00092752500007,loop7,1.0005568379999659,0,0,0,0,0,0,0,0,0.0,0.0,0,
148,2026-10-09T10:46:20.556172+00:00,148.00092752500007,sr0,1.0005568379999659,1536,0,8,0,0,0,0,0,0.0,0.0,0,
148,2026-10-09T10:46:20.556172+00:00,148.00092752500007,sda,1.0005568379999659,382773760,9944453120,8120,27238,57344,28672,1,4,57312.08645240597,28656.043226202986,56,
148,2026-10-09T10:46:20.556172+00:00,148.00092752500007,sda1,1.0005568379999659,319488,0,78,0,0,0,0,0,0.0,0.0,0,
148,2026-10-09T10:46:20.556172+00:00,148.00092752500007,sda2,1.0005568379999659,353571840,125497344,6834,7079,57344,12288,1,2,57312.08645240597,12281.161382658422,44,
148,2026-10-09T10:46:20.556172+00:00,148.00092752500007,sda3,1.0005568379999659,5653504,118784,152,24,0,0,0,0,0.0,0.0,0,
148,2026-10-09T10:46:20.556172+00:00,148.00092752500007,sda4,1.0005568379999659,4657152,0,116,0,0,0,0,0,0.0,0.0,0,
148,2026-10-09T10:46:20.556172+00:00,148.00092752500007,sda5,1.0005568379999659,16117760,9818836992,805,20135,0,16384,0,2,0.0,16374.881843544563,12,
149,2026-10-09T10:46:21.559344+00:00,149.00116226400007,loop0,1.003171613999939,2107392,0,217,0,0,0,0,0,0.0,0.0,0,
149,2026-10-09T10:46:21.559344+00:00,149.00116226400007,loop1,1.003171613999939,354304,0,43,0,0,0,0,0,0.0,0.0,0,
149,2026-10-09T10:46:21.559344+00:00,149.00116226400007,loop2,1.003171613999939,1106944,0,51,0,0,0,0,0,0.0,0.0,0,
149,2026-10-09T10:46:21.559344+00:00,149.00116226400007,loop3,1.003171613999939,1141760,0,66,0,0,0,0,0,0.0,0.0,0,
149,2026-10-09T10:46:21.559344+00:00,149.00116226400007,loop4,1.003171613999939,1688576,0,83,0,0,0,0,0,0.0,0.0,0,
149,2026-10-09T10:46:21.559344+00:00,149.00116226400007,loop5,1.003171613999939,14336,0,11,0,0,0,0,0,0.0,0.0,0,
149,2026-10-09T10:46:21.559344+00:00,149.00116226400007,loop6,1.003171613999939,0,0,0,0,0,0,0,0,0.0,0.0,0,
149,2026-10-09T10:46:21.559344+00:00,149.00116226400007,loop7,1.003171613999939,0,0,0,0,0,0,0,0,0.0,0.0,0,
149,2026-10-09T10:46:21.559344+00:00,149.00116226400007,sr0,1.003171613999939,1536,0,8,0,0,0,0,0,0.0,0.0,0,
149,2026-10-09T10:46:21.559344+00:00,149.00116226400007,sda,1.003171613999939,382773760,9944453120,8120,27238,0,0,0,0,0.0,0.0,0,
149,2026-10-09T10:46:21.559344+00:00,149.00116226400007,sda1,1.003171613999939,319488,0,78,0,0,0,0,0,0.0,0.0,0,
149,2026-10-09T10:46:21.559344+00:00,149.00116226400007,sda2,1.003171613999939,353571840,125497344,6834,7079,0,0,0,0,0.0,0.0,0,
149,2026-10-09T10:46:21.559344+00:00,149.00116226400007,sda3,1.003171613999939,5653504,118784,152,24,0,0,0,0,0.0,0.0,0,
149,2026-10-09T10:46:21.559344+00:00,149.00116226400007,sda4,1.003171613999939,4657152,0,116,0,0,0,0,0,0.0,0.0,0,
149,2026-10-09T10:46:21.559344+00:00,149.00116226400007,sda5,1.003171613999939,16117760,9818836992,805,20135,0,0,0,0,0.0,0.0,0,
150,2026-10-09T10:46:22.556734+00:00,150.0017925389999,loop0,0.9973895400000856,2107392,0,217,0,0,0,0,0,0.0,0.0,0,
150,2026-10-09T10:46:22.556734+00:00,150.0017925389999,loop1,0.9973895400000856,354304,0,43,0,0,0,0,0,0.0,0.0,0,
150,2026-10-09T10:46:22.556734+00:00,150.0017925389999,loop2,0.9973895400000856,1106944,0,51,0,0,0,0,0,0.0,0.0,0,
150,2026-10-09T10:46:22.556734+00:00,150.0017925389999,loop3,0.9973895400000856,1141760,0,66,0,0,0,0,0,0.0,0.0,0,
150,2026-10-09T10:46:22.556734+00:00,150.0017925389999,loop4,0.9973895400000856,1688576,0,83,0,0,0,0,0,0.0,0.0,0,
150,2026-10-09T10:46:22.556734+00:00,150.0017925389999,loop5,0.9973895400000856,14336,0,11,0,0,0,0,0,0.0,0.0,0,
150,2026-10-09T10:46:22.556734+00:00,150.0017925389999,loop6,0.9973895400000856,0,0,0,0,0,0,0,0,0.0,0.0,0,
150,2026-10-09T10:46:22.556734+00:00,150.0017925389999,loop7,0.9973895400000856,0,0,0,0,0,0,0,0,0.0,0.0,0,
150,2026-10-09T10:46:22.556734+00:00,150.0017925389999,sr0,0.9973895400000856,1536,0,8,0,0,0,0,0,0.0,0.0,0,
150,2026-10-09T10:46:22.556734+00:00,150.0017925389999,sda,0.9973895400000856,382851584,9944453120,8121,27238,77824,0,1,0,78027.6881588244,0.0,20,
150,2026-10-09T10:46:22.556734+00:00,150.0017925389999,sda1,0.9973895400000856,319488,0,78,0,0,0,0,0,0.0,0.0,0,
150,2026-10-09T10:46:22.556734+00:00,150.0017925389999,sda2,0.9973895400000856,353649664,125497344,6835,7079,77824,0,1,0,78027.6881588244,0.0,20,
150,2026-10-09T10:46:22.556734+00:00,150.0017925389999,sda3,0.9973895400000856,5653504,118784,152,24,0,0,0,0,0.0,0.0,0,
150,2026-10-09T10:46:22.556734+00:00,150.0017925389999,sda4,0.9973895400000856,4657152,0,116,0,0,0,0,0,0.0,0.0,0,
150,2026-10-09T10:46:22.556734+00:00,150.0017925389999,sda5,0.9973895400000856,16117760,9818836992,805,20135,0,0,0,0,0.0,0.0,0,
151,2026-10-09T10:46:23.560046+00:00,151.005337361,loop0,1.0033134799998606,2107392,0,217,0,0,0,0,0,0.0,0.0,0,
151,2026-10-09T10:46:23.560046+00:00,151.005337361,loop1,1.0033134799998606,354304,0,43,0,0,0,0,0,0.0,0.0,0,
151,2026-10-09T10:46:23.560046+00:00,151.005337361,loop2,1.0033134799998606,1106944,0,51,0,0,0,0,0,0.0,0.0,0,
151,2026-10-09T10:46:23.560046+00:00,151.005337361,loop3,1.0033134799998606,1141760,0,66,0,0,0,0,0,0.0,0.0,0,
151,2026-10-09T10:46:23.560046+00:00,151.005337361,loop4,1.0033134799998606,1688576,0,83,0,0,0,0,0,0.0,0.0,0,
151,2026-10-09T10:46:23.560046+00:00,151.005337361,loop5,1.0033134799998606,14336,0,11,0,0,0,0,0,0.0,0.0,0,
151,2026-10-09T10:46:23.560046+00:00,151.005337361,loop6,1.0033134799998606,0,0,0,0,0,0,0,0,0.0,0.0,0,
151,2026-10-09T10:46:23.560046+00:00,151.005337361,loop7,1.0033134799998606,0,0,0,0,0,0,0,0,0.0,0.0,0,
151,2026-10-09T10:46:23.560046+00:00,151.005337361,sr0,1.0033134799998606,1536,0,8,0,0,0,0,0,0.0,0.0,0,
151,2026-10-09T10:46:23.560046+00:00,151.005337361,sda,1.0033134799998606,382851584,9944489984,8121,27240,0,36864,0,2,0.0,36742.255272006434,8,
151,2026-10-09T10:46:23.560046+00:00,151.005337361,sda1,1.0033134799998606,319488,0,78,0,0,0,0,0,0.0,0.0,0,
151,2026-10-09T10:46:23.560046+00:00,151.005337361,sda2,1.0033134799998606,353649664,125534208,6835,7081,0,36864,0,2,0.0,36742.255272006434,8,
151,2026-10-09T10:46:23.560046+00:00,151.005337361,sda3,1.0033134799998606,5653504,118784,152,24,0,0,0,0,0.0,0.0,0,
151,2026-10-09T10:46:23.560046+00:00,151.005337361,sda4,1.0033134799998606,4657152,0,116,0,0,0,0,0,0.0,0.0,0,
151,2026-10-09T10:46:23.560046+00:00,151.005337361,sda5,1.0033134799998606,16117760,9818836992,805,20135,0,0,0,0,0.0,0.0,0,
152,2026-10-09T10:46:24.563733+00:00,152.00838352199992,loop0,1.0036870890000955,2107392,0,217,0,0,0,0,0,0.0,0.0,0,
152,2026-10-09T10:46:24.563733+00:00,152.00838352199992,loop1,1.0036870890000955,354304,0,43,0,0,0,0,0,0.0,0.0,0,
152,2026-10-09T10:46:24.563733+00:00,152.00838352199992,loop2,1.0036870890000955,1106944,0,51,0,0,0,0,0,0.0,0.0,0,
152,2026-10-09T10:46:24.563733+00:00,152.00838352199992,loop3,1.0036870890000955,1141760,0,66,0,0,0,0,0,0.0,0.0,0,
152,2026-10-09T10:46:24.563733+00:00,152.00838352199992,loop4,1.0036870890000955,1688576,0,83,0,0,0,0,0,0.0,0.0,0,
152,2026-10-09T10:46:24.563733+00:00,152.00838352199992,loop5,1.0036870890000955,14336,0,11,0,0,0,0,0,0.0,0.0,0,
152,2026-10-09T10:46:24.563733+00:00,152.00838352199992,loop6,1.0036870890000955,0,0,0,0,0,0,0,0,0.0,0.0,0,
152,2026-10-09T10:46:24.563733+00:00,152.00838352199992,loop7,1.0036870890000955,0,0,0,0,0,0,0,0,0.0,0.0,0,
152,2026-10-09T10:46:24.563733+00:00,152.00838352199992,sr0,1.0036870890000955,1536,0,8,0,0,0,0,0,0.0,0.0,0,
152,2026-10-09T10:46:24.563733+00:00,152.00838352199992,sda,1.0036870890000955,382851584,9944489984,8121,27240,0,0,0,0,0.0,0.0,0,
152,2026-10-09T10:46:24.563733+00:00,152.00838352199992,sda1,1.0036870890000955,319488,0,78,0,0,0,0,0,0.0,0.0,0,
152,2026-10-09T10:46:24.563733+00:00,152.00838352199992,sda2,1.0036870890000955,353649664,125534208,6835,7081,0,0,0,0,0.0,0.0,0,
152,2026-10-09T10:46:24.563733+00:00,152.00838352199992,sda3,1.0036870890000955,5653504,118784,152,24,0,0,0,0,0.0,0.0,0,
152,2026-10-09T10:46:24.563733+00:00,152.00838352199992,sda4,1.0036870890000955,4657152,0,116,0,0,0,0,0,0.0,0.0,0,
152,2026-10-09T10:46:24.563733+00:00,152.00838352199992,sda5,1.0036870890000955,16117760,9818836992,805,20135,0,0,0,0,0.0,0.0,0,
153,2026-10-09T10:46:25.556781+00:00,153.00110503999997,loop0,0.9930472880000707,2107392,0,217,0,0,0,0,0,0.0,0.0,0,
153,2026-10-09T10:46:25.556781+00:00,153.00110503999997,loop1,0.9930472880000707,354304,0,43,0,0,0,0,0,0.0,0.0,0,
153,2026-10-09T10:46:25.556781+00:00,153.00110503999997,loop2,0.9930472880000707,1106944,0,51,0,0,0,0,0,0.0,0.0,0,
153,2026-10-09T10:46:25.556781+00:00,153.00110503999997,loop3,0.9930472880000707,1141760,0,66,0,0,0,0,0,0.0,0.0,0,
153,2026-10-09T10:46:25.556781+00:00,153.00110503999997,loop4,0.9930472880000707,1688576,0,83,0,0,0,0,0,0.0,0.0,0,
153,2026-10-09T10:46:25.556781+00:00,153.00110503999997,loop5,0.9930472880000707,14336,0,11,0,0,0,0,0,0.0,0.0,0,
153,2026-10-09T10:46:25.556781+00:00,153.00110503999997,loop6,0.9930472880000707,0,0,0,0,0,0,0,0,0.0,0.0,0,
153,2026-10-09T10:46:25.556781+00:00,153.00110503999997,loop7,0.9930472880000707,0,0,0,0,0,0,0,0,0.0,0.0,0,
153,2026-10-09T10:46:25.556781+00:00,153.00110503999997,sr0,0.9930472880000707,1536,0,8,0,0,0,0,0,0.0,0.0,0,
153,2026-10-09T10:46:25.556781+00:00,153.00110503999997,sda,0.9930472880000707,382851584,9944498176,8121,27242,0,8192,0,2,0.0,8249.35539222722,4,
153,2026-10-09T10:46:25.556781+00:00,153.00110503999997,sda1,0.9930472880000707,319488,0,78,0,0,0,0,0,0.0,0.0,0,
153,2026-10-09T10:46:25.556781+00:00,153.00110503999997,sda2,0.9930472880000707,353649664,125542400,6835,7083,0,8192,0,2,0.0,8249.35539222722,4,
153,2026-10-09T10:46:25.556781+00:00,153.00110503999997,sda3,0.9930472880000707,5653504,118784,152,24,0,0,0,0,0.0,0.0,0,
153,2026-10-09T10:46:25.556781+00:00,153.00110503999997,sda4,0.9930472880000707,4657152,0,116,0,0,0,0,0,0.0,0.0,0,
153,2026-10-09T10:46:25.556781+00:00,153.00110503999997,sda5,0.9930472880000707,16117760,9818836992,805,20135,0,0,0,0,0.0,0.0,0,
154,2026-10-09T10:46:26.559828+00:00,154.00475496899992,loop0,1.0030475419998766,2107392,0,217,0,0,0,0,0,0.0,0.0,0,
154,2026-10-09T10:46:26.559828+00:00,154.00475496899992,loop1,1.0030475419998766,354304,0,43,0,0,0,0,0,0.0,0.0,0,
154,2026-10-09T10:46:26.559828+00:00,154.00475496899992,loop2,1.0030475419998766,1106944,0,51,0,0,0,0,0,0.0,0.0,0,
154,2026-10-09T10:46:26.559828+00:00,154.00475496899992,loop3,1.0030475419998766,1141760,0,66,0,0,0,0,0,0.0,0.0,0,
154,2026-10-09T10:46:26.559828+00:00,154.00475496899992,loop4,1.0030475419998766,1688576,0,83,0,0,0,0,0,0.0,0.0,0,
154,2026-10-09T10:46:26.559828+00:00,154.00475496899992,loop5,1.0030475419998766,14336,0,11,0,0,0,0,0,0.0,0.0,0,
154,2026-10-09T10:46:26.559828+00:00,154.00475496899992,loop6,1.0030475419998766,0,0,0,0,0,0,0,0,0.0,0.0,0,
154,2026-10-09T10:46:26.559828+00:00,154.00475496899992,loop7,1.0030475419998766,0,0,0,0,0,0,0,0,0.0,0.0,0,
154,2026-10-09T10:46:26.559828+00:00,154.00475496899992,sr0,1.0030475419998766,1536,0,8,0,0,0,0,0,0.0,0.0,0,
154,2026-10-09T10:46:26.559828+00:00,154.00475496899992,sda,1.0030475419998766,382851584,9944514560,8121,27244,0,16384,0,2,0.0,16334.220776149428,4,
154,2026-10-09T10:46:26.559828+00:00,154.00475496899992,sda1,1.0030475419998766,319488,0,78,0,0,0,0,0,0.0,0.0,0,
154,2026-10-09T10:46:26.559828+00:00,154.00475496899992,sda2,1.0030475419998766,353649664,125542400,6835,7083,0,0,0,0,0.0,0.0,0,
154,2026-10-09T10:46:26.559828+00:00,154.00475496899992,sda3,1.0030475419998766,5653504,118784,152,24,0,0,0,0,0.0,0.0,0,
154,2026-10-09T10:46:26.559828+00:00,154.00475496899992,sda4,1.0030475419998766,4657152,0,116,0,0,0,0,0,0.0,0.0,0,
154,2026-10-09T10:46:26.559828+00:00,154.00475496899992,sda5,1.0030475419998766,16117760,9818853376,805,20137,0,16384,0,2,0.0,16334.220776149428,4,
155,2026-10-09T10:46:27.565428+00:00,155.0105674099999,loop0,1.005599740999969,2107392,0,217,0,0,0,0,0,0.0,0.0,0,
155,2026-10-09T10:46:27.565428+00:00,155.0105674099999,loop1,1.005599740999969,354304,0,43,0,0,0,0,0,0.0,0.0,0,
155,2026-10-09T10:46:27.565428+00:00,155.0105674099999,loop2,1.005599740999969,1106944,0,51,0,0,0,0,0,0.0,0.0,0,
155,2026-10-09T10:46:27.565428+00:00,155.0105674099999,loop3,1.005599740999969,1141760,0,66,0,0,0,0,0,0.0,0.0,0,
155,2026-10-09T10:46:27.565428+00:00,155.0105674099999,loop4,1.005599740999969,1688576,0,83,0,0,0,0,0,0.0,0.0,0,
155,2026-10-09T10:46:27.565428+00:00,155.0105674099999,loop5,1.005599740999969,14336,0,11,0,0,0,0,0,0.0,0.0,0,
155,2026-10-09T10:46:27.565428+00:00,155.0105674099999,loop6,1.005599740999969,0,0,0,0,0,0,0,0,0.0,0.0,0,
155,2026-10-09T10:46:27.565428+00:00,155.0105674099999,loop7,1.005599740999969,0,0,0,0,0,0,0,0,0.0,0.0,0,
155,2026-10-09T10:46:27.565428+00:00,155.0105674099999,sr0,1.005599740999969,1536,0,8,0,0,0,0,0,0.0,0.0,0,
155,2026-10-09T10:46:27.565428+00:00,155.0105674099999,sda,1.005599740999969,382851584,9944514560,8121,27244,0,0,0,0,0.0,0.0,0,
155,2026-10-09T10:46:27.565428+00:00,155.0105674099999,sda1,1.005599740999969,319488,0,78,0,0,0,0,0,0.0,0.0,0,
155,2026-10-09T10:46:27.565428+00:00,155.0105674099999,sda2,1.005599740999969,353649664,125542400,6835,7083,0,0,0,0,0.0,0.0,0,
155,2026-10-09T10:46:27.565428+00:00,155.0105674099999,sda3,1.005599740999969,5653504,118784,152,24,0,0,0,0,0.0,0.0,0,
155,2026-10-09T10:46:27.565428+00:00,155.0105674099999,sda4,1.005599740999969,4657152,0,116,0,0,0,0,0,0.0,0.0,0,
155,2026-10-09T10:46:27.565428+00:00,155.0105674099999,sda5,1.005599740999969,16117760,9818853376,805,20137,0,0,0,0,0.0,0.0,0,
156,2026-10-09T10:46:28.584236+00:00,156.02812594199997,loop0,1.0188080940001782,2107392,0,217,0,0,0,0,0,0.0,0.0,0,
156,2026-10-09T10:46:28.584236+00:00,156.02812594199997,loop1,1.0188080940001782,354304,0,43,0,0,0,0,0,0.0,0.0,0,
156,2026-10-09T10:46:28.584236+00:00,156.02812594199997,loop2,1.0188080940001782,1106944,0,51,0,0,0,0,0,0.0,0.0,0,
156,2026-10-09T10:46:28.584236+00:00,156.02812594199997,loop3,1.0188080940001782,1141760,0,66,0,0,0,0,0,0.0,0.0,0,
156,2026-10-09T10:46:28.584236+00:00,156.02812594199997,loop4,1.0188080940001782,1688576,0,83,0,0,0,0,0,0.0,0.0,0,
156,2026-10-09T10:46:28.584236+00:00,156.02812594199997,loop5,1.0188080940001782,14336,0,11,0,0,0,0,0,0.0,0.0,0,
156,2026-10-09T10:46:28.584236+00:00,156.02812594199997,loop6,1.0188080940001782,0,0,0,0,0,0,0,0,0.0,0.0,0,
156,2026-10-09T10:46:28.584236+00:00,156.02812594199997,loop7,1.0188080940001782,0,0,0,0,0,0,0,0,0.0,0.0,0,
156,2026-10-09T10:46:28.584236+00:00,156.02812594199997,sr0,1.0188080940001782,1536,0,8,0,0,0,0,0,0.0,0.0,0,
156,2026-10-09T10:46:28.584236+00:00,156.02812594199997,sda,1.0188080940001782,382851584,9944539136,8121,27246,0,24576,0,2,0.0,24122.30541230437,8,
156,2026-10-09T10:46:28.584236+00:00,156.02812594199997,sda1,1.0188080940001782,319488,0,78,0,0,0,0,0,0.0,0.0,0,
156,2026-10-09T10:46:28.584236+00:00,156.02812594199997,sda2,1.0188080940001782,353649664,125566976,6835,7085,0,24576,0,2,0.0,24122.30541230437,8,
156,2026-10-09T10:46:28.584236+00:00,156.02812594199997,sda3,1.0188080940001782,5653504,118784,152,24,0,0,0,0,0.0,0.0,0,
156,2026-10-09T10:46:28.584236+00:00,156.02812594199997,sda4,1.0188080940001782,4657152,0,116,0,0,0,0,0,0.0,0.0,0,
156,2026-10-09T10:46:28.584236+00:00,156.02812594199997,sda5,1.0188080940001782,16117760,9818853376,805,20137,0,0,0,0,0.0,0.0,0,
157,2026-10-09T10:46:29.562877+00:00,157.00856916700002,loop0,0.9786414539998987,2107392,0,217,0,0,0,0,0,0.0,0.0,0,
157,2026-10-09T10:46:29.562877+00:00,157.00856916700002,loop1,0.9786414539998987,354304,0,43,0,0,0,0,0,0.0,0.0,0,
157,2026-10-09T10:46:29.562877+00:00,157.00856916700002,loop2,0.9786414539998987,1106944,0,51,0,0,0,0,0,0.0,0.0,0,
157,2026-10-09T10:46:29.562877+00:00,157.00856916700002,loop3,0.9786414539998987,1141760,0,66,0,0,0,0,0,0.0,0.0,0,
157,2026-10-09T10:46:29.562877+00:00,157.00856916700002,loop4,0.9786414539998987,1688576,0,83,0,0,0,0,0,0.0,0.0,0,
157,2026-10-09T10:46:29.562877+00:00,157.00856916700002,loop5,0.9786414539998987,14336,0,11,0,0,0,0,0,0.0,0.0,0,
157,2026-10-09T10:46:29.562877+00:00,157.00856916700002,loop6,0.9786414539998987,0,0,0,0,0,0,0,0,0.0,0.0,0,
157,2026-10-09T10:46:29.562877+00:00,157.00856916700002,loop7,0.9786414539998987,0,0,0,0,0,0,0,0,0.0,0.0,0,
157,2026-10-09T10:46:29.562877+00:00,157.00856916700002,sr0,0.9786414539998987,1536,0,8,0,0,0,0,0,0.0,0.0,0,
157,2026-10-09T10:46:29.562877+00:00,157.00856916700002,sda,0.9786414539998987,382851584,9944543232,8121,27247,0,4096,0,1,0.0,4185.393928755877,4,
157,2026-10-09T10:46:29.562877+00:00,157.00856916700002,sda1,0.9786414539998987,319488,0,78,0,0,0,0,0,0.0,0.0,0,
157,2026-10-09T10:46:29.562877+00:00,157.00856916700002,sda2,0.9786414539998987,353649664,125571072,6835,7086,0,4096,0,1,0.0,4185.393928755877,4,
157,2026-10-09T10:46:29.562877+00:00,157.00856916700002,sda3,0.9786414539998987,5653504,118784,152,24,0,0,0,0,0.0,0.0,0,
157,2026-10-09T10:46:29.562877+00:00,157.00856916700002,sda4,0.9786414539998987,4657152,0,116,0,0,0,0,0,0.0,0.0,0,
157,2026-10-09T10:46:29.562877+00:00,157.00856916700002,sda5,0.9786414539998987,16117760,9818853376,805,20137,0,0,0,0,0.0,0.0,0,
158,2026-10-09T10:46:30.556882+00:00,158.00215416000003,loop0,0.9940050449999944,2107392,0,217,0,0,0,0,0,0.0,0.0,0,
158,2026-10-09T10:46:30.556882+00:00,158.00215416000003,loop1,0.9940050449999944,354304,0,43,0,0,0,0,0,0.0,0.0,0,
158,2026-10-09T10:46:30.556882+00:00,158.00215416000003,loop2,0.9940050449999944,1106944,0,51,0,0,0,0,0,0.0,0.0,0,
158,2026-10-09T10:46:30.556882+00:00,158.00215416000003,loop3,0.9940050449999944,1141760,0,66,0,0,0,0,0,0.0,0.0,0,
158,2026-10-09T10:46:30.556882+00:00,158.00215416000003,loop4,0.9940050449999944,1688576,0,83,0,0,0,0,0,0.0,0.0,0,
158,2026-10-09T10:46:30.556882+00:00,158.00215416000003,loop5,0.9940050449999944,14336,0,11,0,0,0,0,0,0.0,0.0,0,
158,2026-10-09T10:46:30.556882+00:00,158.00215416000003,loop6,0.9940050449999944,0,0,0,0,0,0,0,0,0.0,0.0,0,
158,2026-10-09T10:46:30.556882+00:00,158.00215416000003,loop7,0.9940050449999944,0,0,0,0,0,0,0,0,0.0,0.0,0,
158,2026-10-09T10:46:30.556882+00:00,158.00215416000003,sr0,0.9940050449999944,1536,0,8,0,0,0,0,0,0.0,0.0,0,
158,2026-10-09T10:46:30.556882+00:00,158.00215416000003,sda,0.9940050449999944,382851584,9944543232,8121,27247,0,0,0,0,0.0,0.0,0,
158,2026-10-09T10:46:30.556882+00:00,158.00215416000003,sda1,0.9940050449999944,319488,0,78,0,0,0,0,0,0.0,0.0,0,
158,2026-10-09T10:46:30.556882+00:00,158.00215416000003,sda2,0.9940050449999944,353649664,125571072,6835,7086,0,0,0,0,0.0,0.0,0,
158,2026-10-09T10:46:30.556882+00:00,158.00215416000003,sda3,0.9940050449999944,5653504,118784,152,24,0,0,0,0,0.0,0.0,0,
158,2026-10-09T10:46:30.556882+00:00,158.00215416000003,sda4,0.9940050449999944,4657152,0,116,0,0,0,0,0,0.0,0.0,0,
158,2026-10-09T10:46:30.556882+00:00,158.00215416000003,sda5,0.9940050449999944,16117760,9818853376,805,20137,0,0,0,0,0.0,0.0,0,
159,2026-10-09T10:46:31.561565+00:00,159.0072612109999,loop0,1.0046825500000978,2107392,0,217,0,0,0,0,0,0.0,0.0,0,
159,2026-10-09T10:46:31.561565+00:00,159.0072612109999,loop1,1.0046825500000978,354304,0,43,0,0,0,0,0,0.0,0.0,0,
159,2026-10-09T10:46:31.561565+00:00,159.0072612109999,loop2,1.0046825500000978,1106944,0,51,0,0,0,0,0,0.0,0.0,0,
159,2026-10-09T10:46:31.561565+00:00,159.0072612109999,loop3,1.0046825500000978,1141760,0,66,0,0,0,0,0,0.0,0.0,0,
159,2026-10-09T10:46:31.561565+00:00,159.0072612109999,loop4,1.0046825500000978,1688576,0,83,0,0,0,0,0,0.0,0.0,0,
159,2026-10-09T10:46:31.561565+00:00,159.0072612109999,loop5,1.0046825500000978,14336,0,11,0,0,0,0,0,0.0,0.0,0,
159,2026-10-09T10:46:31.561565+00:00,159.0072612109999,loop6,1.0046825500000978,0,0,0,0,0,0,0,0,0.0,0.0,0,
159,2026-10-09T10:46:31.561565+00:00,159.0072612109999,loop7,1.0046825500000978,0,0,0,0,0,0,0,0,0.0,0.0,0,
159,2026-10-09T10:46:31.561565+00:00,159.0072612109999,sr0,1.0046825500000978,1536,0,8,0,0,0,0,0,0.0,0.0,0,
159,2026-10-09T10:46:31.561565+00:00,159.0072612109999,sda,1.0046825500000978,382851584,9944571904,8121,27251,0,28672,0,4,0.0,28538.36766648053,8,
159,2026-10-09T10:46:31.561565+00:00,159.0072612109999,sda1,1.0046825500000978,319488,0,78,0,0,0,0,0,0.0,0.0,0,
159,2026-10-09T10:46:31.561565+00:00,159.0072612109999,sda2,1.0046825500000978,353649664,125583360,6835,7088,0,12288,0,2,0.0,12230.728999920228,4,
159,2026-10-09T10:46:31.561565+00:00,159.0072612109999,sda3,1.0046825500000978,5653504,118784,152,24,0,0,0,0,0.0,0.0,0,
159,2026-10-09T10:46:31.561565+00:00,159.0072612109999,sda4,1.0046825500000978,4657152,0,116,0,0,0,0,0,0.0,0.0,0,
159,2026-10-09T10:46:31.561565+00:00,159.0072612109999,sda5,1.0046825500000978,16117760,9818869760,805,20139,0,16384,0,2,0.0,16307.638666560304,4,
160,2026-10-09T10:46:32.557415+00:00,160.00122431500006,loop0,0.9958502089998547,2107392,0,217,0,0,0,0,0,0.0,0.0,0,
160,2026-10-09T10:46:32.557415+00:00,160.00122431500006,loop1,0.9958502089998547,354304,0,43,0,0,0,0,0,0.0,0.0,0,
160,2026-10-09T10:46:32.557415+00:00,160.00122431500006,loop2,0.9958502089998547,1106944,0,51,0,0,0,0,0,0.0,0.0,0,
160,2026-10-09T10:46:32.557415+00:00,160.00122431500006,loop3,0.9958502089998547,1141760,0,66,0,0,0,0,0,0.0,0.0,0,
160,2026-10-09T10:46:32.557415+00:00,160.00122431500006,loop4,0.9958502089998547,1688576,0,83,0,0,0,0,0,0.0,0.0,0,
160,2026-10-09T10:46:32.557415+00:00,160.00122431500006,loop5,0.9958502089998547,14336,0,11,0,0,0,0,0,0.0,0.0,0,
160,2026-10-09T10:46:32.557415+00:00,160.00122431500006,loop6,0.9958502089998547,0,0,0,0,0,0,0,0,0.0,0.0,0,
160,2026-10-09T10:46:32.557415+00:00,160.00122431500006,loop7,0.9958502089998547,0,0,0,0,0,0,0,0,0.0,0.0,0,
160,2026-10-09T10:46:32.557415+00:00,160.00122431500006,sr0,0.9958502089998547,1536,0,8,0,0,0,0,0,0.0,0.0,0,
160,2026-10-09T10:46:32.557415+00:00,160.00122431500006,sda,0.9958502089998547,382851584,9944571904,8121,27251,0,0,0,0,0.0,0.0,0,
160,2026-10-09T10:46:32.557415+00:00,160.00122431500006,sda1,0.9958502089998547,319488,0,78,0,0,0,0,0,0.0,0.0,0,
160,2026-10-09T10:46:32.557415+00:00,160.00122431500006,sda2,0.9958502089998547,353649664,125583360,6835,7088,0,0,0,0,0.0,0.0,0,
160,2026-10-09T10:46:32.557415+00:00,160.00122431500006,sda3,0.9958502089998547,5653504,118784,152,24,0,0,0,0,0.0,0.0,0,
160,2026-10-09T10:46:32.557415+00:00,160.00122431500006,sda4,0.9958502089998547,4657152,0,116,0,0,0,0,0,0.0,0.0,0,
160,2026-10-09T10:46:32.557415+00:00,160.00122431500006,sda5,0.9958502089998547,16117760,9818869760,805,20139,0,0,0,0,0.0,0.0,0,
161,2026-10-09T10:46:33.564801+00:00,161.01053632600008,loop0,1.0073859080000602,2107392,0,217,0,0,0,0,0,0.0,0.0,0,
161,2026-10-09T10:46:33.564801+00:00,161.01053632600008,loop1,1.0073859080000602,354304,0,43,0,0,0,0,0,0.0,0.0,0,
161,2026-10-09T10:46:33.564801+00:00,161.01053632600008,loop2,1.0073859080000602,1106944,0,51,0,0,0,0,0,0.0,0.0,0,
161,2026-10-09T10:46:33.564801+00:00,161.01053632600008,loop3,1.0073859080000602,1141760,0,66,0,0,0,0,0,0.0,0.0,0,
161,2026-10-09T10:46:33.564801+00:00,161.01053632600008,loop4,1.0073859080000602,1688576,0,83,0,0,0,0,0,0.0,0.0,0,
161,2026-10-09T10:46:33.564801+00:00,161.01053632600008,loop5,1.0073859080000602,14336,0,11,0,0,0,0,0,0.0,0.0,0,
161,2026-10-09T10:46:33.564801+00:00,161.01053632600008,loop6,1.0073859080000602,0,0,0,0,0,0,0,0,0.0,0.0,0,
161,2026-10-09T10:46:33.564801+00:00,161.01053632600008,loop7,1.0073859080000602,0,0,0,0,0,0,0,0,0.0,0.0,0,
161,2026-10-09T10:46:33.564801+00:00,161.01053632600008,sr0,1.0073859080000602,1536,0,8,0,0,0,0,0,0.0,0.0,0,
161,2026-10-09T10:46:33.564801+00:00,161.01053632600008,sda,1.0073859080000602,382851584,9944571904,8121,27251,0,0,0,0,0.0,0.0,0,
161,2026-10-09T10:46:33.564801+00:00,161.01053632600008,sda1,1.0073859080000602,319488,0,78,0,0,0,0,0,0.0,0.0,0,
161,2026-10-09T10:46:33.564801+00:00,161.01053632600008,sda2,1.0073859080000602,353649664,125583360,6835,7088,0,0,0,0,0.0,0.0,0,
161,2026-10-09T10:46:33.564801+00:00,161.01053632600008,sda3,1.0073859080000602,5653504,118784,152,24,0,0,0,0,0.0,0.0,0,
161,2026-10-09T10:46:33.564801+00:00,161.01053632600008,sda4,1.0073859080000602,4657152,0,116,0,0,0,0,0,0.0,0.0,0,
161,2026-10-09T10:46:33.564801+00:00,161.01053632600008,sda5,1.0073859080000602,16117760,9818869760,805,20139,0,0,0,0,0.0,0.0,0,
162,2026-10-09T10:46:34.560258+00:00,162.00583208299997,loop0,0.9954573400000299,2107392,0,217,0,0,0,0,0,0.0,0.0,0,
162,2026-10-09T10:46:34.560258+00:00,162.00583208299997,loop1,0.9954573400000299,354304,0,43,0,0,0,0,0,0.0,0.0,0,
162,2026-10-09T10:46:34.560258+00:00,162.00583208299997,loop2,0.9954573400000299,1106944,0,51,0,0,0,0,0,0.0,0.0,0,
162,2026-10-09T10:46:34.560258+00:00,162.00583208299997,loop3,0.9954573400000299,1141760,0,66,0,0,0,0,0,0.0,0.0,0,
162,2026-10-09T10:46:34.560258+00:00,162.00583208299997,loop4,0.9954573400000299,1688576,0,83,0,0,0,0,0,0.0,0.0,0,
162,2026-10-09T10:46:34.560258+00:00,162.00583208299997,loop5,0.9954573400000299,14336,0,11,0,0,0,0,0,0.0,0.0,0,
162,2026-10-09T10:46:34.560258+00:00,162.00583208299997,loop6,0.9954573400000299,0,0,0,0,0,0,0,0,0.0,0.0,0,
162,2026-10-09T10:46:34.560258+00:00,162.00583208299997,loop7,0.9954573400000299,0,0,0,0,0,0,0,0,0.0,0.0,0,
162,2026-10-09T10:46:34.560258+00:00,162.00583208299997,sr0,0.9954573400000299,1536,0,8,0,0,0,0,0,0.0,0.0,0,
162,2026-10-09T10:46:34.560258+00:00,162.00583208299997,sda,0.9954573400000299,382851584,9944772608,8121,27259,0,200704,0,8,0.0,201619.89061228276,8,
162,2026-10-09T10:46:34.560258+00:00,162.00583208299997,sda1,0.9954573400000299,319488,0,78,0,0,0,0,0,0.0,0.0,0,
162,2026-10-09T10:46:34.560258+00:00,162.00583208299997,sda2,0.9954573400000299,353649664,125628416,6835,7090,0,45056,0,2,0.0,45261.6080966349,4,
162,2026-10-09T10:46:34.560258+00:00,162.00583208299997,sda3,0.9954573400000299,5653504,118784,152,24,0,0,0,0,0.0,0.0,0,
162,2026-10-09T10:46:34.560258+00:00,162.00583208299997,sda4,0.9954573400000299,4657152,0,116,0,0,0,0,0,0.0,0.0,0,
162,2026-10-09T10:46:34.560258+00:00,162.00583208299997,sda5,0.9954573400000299,16117760,9819025408,805,20145,0,155648,0,6,0.0,156358.28251564785,4,
163,2026-10-09T10:46:35.556214+00:00,163.001635384,loop0,0.9959554370000205,2107392,0,217,0,0,0,0,0,0.0,0.0,0,
163,2026-10-09T10:46:35.556214+00:00,163.001635384,loop1,0.9959554370000205,354304,0,43,0,0,0,0,0,0.0,0.0,0,
163,2026-10-09T10:46:35.556214+00:00,163.001635384,loop2,0.9959554370000205,1106944,0,51,0,0,0,0,0,0.0,0.0,0,
163,2026-10-09T10:46:35.556214+00:00,163.001635384,loop3,0.9959554370000205,1141760,0,66,0,0,0,0,0,0.0,0.0,0,
163,2026-10-09T10:46:35.556214+00:00,163.001635384,loop4,0.9959554370000205,1688576,0,83,0,0,0,0,0,0.0,0.0,0,
163,2026-10-09T10:46:35.556214+00:00,163.001635384,loop5,0.9959554370000205,14336,0,11,0,0,0,0,0,0.0,0.0,0,
163,2026-10-09T10:46:35.556214+00:00,163.001635384,loop6,0.9959554370000205,0,0,0,0,0,0,0,0,0.0,0.0,0,
163,2026-10-09T10:46:35.556214+00:00,163.001635384,loop7,0.9959554370000205,0,0,0,0,0,0,0,0,0.0,0.0,0,
163,2026-10-09T10:46:35.556214+00:00,163.001635384,sr0,0.9959554370000205,1536,0,8,0,0,0,0,0,0.0,0.0,0,
163,2026-10-09T10:46:35.556214+00:00,163.001635384,sda,0.9959554370000205,382851584,9944772608,8121,27259,0,0,0,0,0.0,0.0,0,
163,2026-10-09T10:46:35.556214+00:00,163.001635384,sda1,0.9959554370000205,319488,0,78,0,0,0,0,0,0.0,0.0,0,
163,2026-10-09T10:46:35.556214+00:00,163.001635384,sda2,0.9959554370000205,353649664,125628416,6835,7090,0,0,0,0,0.0,0.0,0,
163,2026-10-09T10:46:35.556214+00:00,163.001635384,sda3,0.9959554370000205,5653504,118784,152,24,0,0,0,0,0.0,0.0,0,
163,2026-10-09T10:46:35.556214+00:00,163.001635384,sda4,0.9959554370000205,4657152,0,116,0,0,0,0,0,0.0,0.0,0,
163,2026-10-09T10:46:35.556214+00:00,163.001635384,sda5,0.9959554370000205,16117760,9819025408,805,20145,0,0,0,0,0.0,0.0,0,
164,2026-10-09T10:46:36.557487+00:00,164.001271663,loop0,1.0012725499998396,2107392,0,217,0,0,0,0,0,0.0,0.0,0,
164,2026-10-09T10:46:36.557487+00:00,164.001271663,loop1,1.0012725499998396,354304,0,43,0,0,0,0,0,0.0,0.0,0,
164,2026-10-09T10:46:36.557487+00:00,164.001271663,loop2,1.0012725499998396,1106944,0,51,0,0,0,0,0,0.0,0.0,0,
164,2026-10-09T10:46:36.557487+00:00,164.001271663,loop3,1.0012725499998396,1141760,0,66,0,0,0,0,0,0.0,0.0,0,
164,2026-10-09T10:46:36.557487+00:00,164.001271663,loop4,1.0012725499998396,1688576,0,83,0,0,0,0,0,0.0,0.0,0,
164,2026-10-09T10:46:36.557487+00:00,164.001271663,loop5,1.0012725499998396,14336,0,11,0,0,0,0,0,0.0,0.0,0,
164,2026-10-09T10:46:36.557487+00:00,164.001271663,loop6,1.0012725499998396,0,0,0,0,0,0,0,0,0.0,0.0,0,
164,2026-10-09T10:46:36.557487+00:00,164.001271663,loop7,1.0012725499998396,0,0,0,0,0,0,0,0,0.0,0.0,0,
164,2026-10-09T10:46:36.557487+00:00,164.001271663,sr0,1.0012725499998396,1536,0,8,0,0,0,0,0,0.0,0.0,0,
164,2026-10-09T10:46:36.557487+00:00,164.001271663,sda,1.0012725499998396,382851584,9944838144,8121,27263,0,65536,0,4,0.0,65452.70815624627,12,
164,2026-10-09T10:46:36.557487+00:00,164.001271663,sda1,1.0012725499998396,319488,0,78,0,0,0,0,0,0.0,0.0,0,
164,2026-10-09T10:46:36.557487+00:00,164.001271663,sda2,1.0012725499998396,353649664,125644800,6835,7092,0,16384,0,2,0.0,16363.177039061567,4,
164,2026-10-09T10:46:36.557487+00:00,164.001271663,sda3,1.0012725499998396,5653504,118784,152,24,0,0,0,0,0.0,0.0,0,
164,2026-10-09T10:46:36.557487+00:00,164.001271663,sda4,1.0012725499998396,4657152,0,116,0,0,0,0,0,0.0,0.0,0,
164,2026-10-09T10:46:36.557487+00:00,164.001271663,sda5,1.0012725499998396,16117760,9819074560,805,20147,0,49152,0,2,0.0,49089.5311171847,8,
165,2026-10-09T10:46:37.556993+00:00,165.00235854200002,loop0,0.9995069750000312,2107392,0,217,0,0,0,0,0,0.0,0.0,0,
165,2026-10-09T10:46:37.556993+00:00,165.00235854200002,loop1,0.9995069750000312,354304,0,43,0,0,0,0,0,0.0,0.0,0,
165,2026-10-09T10:46:37.556993+00:00,165.00235854200002,loop2,0.9995069750000312,1106944,0,51,0,0,0,0,0,0.0,0.0,0,
165,2026-10-09T10:46:37.556993+00:00,165.00235854200002,loop3,0.9995069750000312,1141760,0,66,0,0,0,0,0,0.0,0.0,0,
165,2026-10-09T10:46:37.556993+00:00,165.00235854200002,loop4,0.9995069750000312,1688576,0,83,0,0,0,0,0,0.0,0.0,0,
165,2026-10-09T10:46:37.556993+00:00,165.00235854200002,loop5,0.9995069750000312,14336,0,11,0,0,0,0,0,0.0,0.0,0,
165,2026-10-09T10:46:37.556993+00:00,165.00235854200002,loop6,0.9995069750000312,0,0,0,0,0,0,0,0,0.0,0.0,0,
165,2026-10-09T10:46:37.556993+00:00,165.00235854200002,loop7,0.9995069750000312,0,0,0,0,0,0,0,0,0.0,0.0,0,
165,2026-10-09T10:46:37.556993+00:00,165.00235854200002,sr0,0.9995069750000312,1536,0,8,0,0,0,0,0,0.0,0.0,0,
165,2026-10-09T10:46:37.556993+00:00,165.00235854200002,sda,0.9995069750000312,382851584,9944838144,8121,27263,0,0,0,0,0.0,0.0,0,
165,2026-10-09T10:46:37.556993+00:00,165.00235854200002,sda1,0.9995069750000312,319488,0,78,0,0,0,0,0,0.0,0.0,0,
165,2026-10-09T10:46:37.556993+00:00,165.00235854200002,sda2,0.9995069750000312,353649664,125644800,6835,7092,0,0,0,0,0.0,0.0,0,
165,2026-10-09T10:46:37.556993+00:00,165.00235854200002,sda3,0.9995069750000312,5653504,118784,152,24,0,0,0,0,0.0,0.0,0,
165,2026-10-09T10:46:37.556993+00:00,165.00235854200002,sda4,0.9995069750000312,4657152,0,116,0,0,0,0,0,0.0,0.0,0,
165,2026-10-09T10:46:37.556993+00:00,165.00235854200002,sda5,0.9995069750000312,16117760,9819074560,805,20147,0,0,0,0,0.0,0.0,0,
166,2026-10-09T10:46:38.564325+00:00,166.009919127,loop0,1.0073310940001647,2107392,0,217,0,0,0,0,0,0.0,0.0,0,
166,2026-10-09T10:46:38.564325+00:00,166.009919127,loop1,1.0073310940001647,354304,0,43,0,0,0,0,0,0.0,0.0,0,
166,2026-10-09T10:46:38.564325+00:00,166.009919127,loop2,1.0073310940001647,1106944,0,51,0,0,0,0,0,0.0,0.0,0,
166,2026-10-09T10:46:38.564325+00:00,166.009919127,loop3,1.0073310940001647,1141760,0,66,0,0,0,0,0,0.0,0.0,0,
166,2026-10-09T10:46:38.564325+00:00,166.009919127,loop4,1.0073310940001647,1688576,0,83,0,0,0,0,0,0.0,0.0,0,
166,2026-10-09T10:46:38.564325+00:00,166.009919127,loop5,1.0073310940001647,14336,0,11,0,0,0,0,0,0.0,0.0,0,
166,2026-10-09T10:46:38.564325+00:00,166.009919127,loop6,1.0073310940001647,0,0,0,0,0,0,0,0,0.0,0.0,0,
166,2026-10-09T10:46:38.564325+00:00,166.009919127,loop7,1.0073310940001647,0,0,0,0,0,0,0,0,0.0,0.0,0,
166,2026-10-09T10:46:38.564325+00:00,166.009919127,sr0,1.0073310940001647,1536,0,8,0,0,0,0,0,0.0,0.0,0,
166,2026-10-09T10:46:38.564325+00:00,166.009919127,sda,1.0073310940001647,382855680,9944854528,8122,27267,4096,16384,1,4,4066.1903761300255,16264.761504520102,24,
166,2026-10-09T10:46:38.564325+00:00,166.009919127,sda1,1.0073310940001647,319488,0,78,0,0,0,0,0,0.0,0.0,0,
166,2026-10-09T10:46:38.564325+00:00,166.009919127,sda2,1.0073310940001647,353653760,125661184,6836,7096,4096,16384,1,4,4066.1903761300255,16264.761504520102,24,
166,2026-10-09T10:46:38.564325+00:00,166.009919127,sda3,1.0073310940001647,5653504,118784,152,24,0,0,0,0,0.0,0.0,0,
166,2026-10-09T10:46:38.564325+00:00,166.009919127,sda4,1.0073310940001647,4657152,0,116,0,0,0,0,0,0.0,0.0,0,
166,2026-10-09T10:46:38.564325+00:00,166.009919127,sda5,1.0073310940001647,16117760,9819074560,805,20147,0,0,0,0,0.0,0.0,0,
167,2026-10-09T10:46:39.555511+00:00,167.00118598400002,loop0,0.9911868159999813,2107392,0,217,0,0,0,0,0,0.0,0.0,0,
167,2026-10-09T10:46:39.555511+00:00,167.00118598400002,loop1,0.9911868159999813,354304,0,43,0,0,0,0,0,0.0,0.0,0,
167,2026-10-09T10:46:39.555511+00:00,167.00118598400002,loop2,0.9911868159999813,1106944,0,51,0,0,0,0,0,0.0,0.0,0,
167,2026-10-09T10:46:39.555511+00:00,167.00118598400002,loop3,0.9911868159999813,1141760,0,66,0,0,0,0,0,0.0,0.0,0,
167,2026-10-09T10:46:39.555511+00:00,167.00118598400002,loop4,0.9911868159999813,1688576,0,83,0,0,0,0,0,0.0,0.0,0,
167,2026-10-09T10:46:39.555511+00:00,167.00118598400002,loop5,0.9911868159999813,14336,0,11,0,0,0,0,0,0.0,0.0,0,
167,2026-10-09T10:46:39.555511+00:00,167.00118598400002,loop6,0.9911868159999813,0,0,0,0,0,0,0,0,0.0,0.0,0,
167,2026-10-09T10:46:39.555511+00:00,167.00118598400002,loop7,0.9911868159999813,0,0,0,0,0,0,0,0,0.0,0.0,0,
167,2026-10-09T10:46:39.555511+00:00,167.00118598400002,sr0,0.9911868159999813,1536,0,8,0,0,0,0,0,0.0,0.0,0,
167,2026-10-09T10:46:39.555511+00:00,167.00118598400002,sda,0.9911868159999813,382855680,9944903680,8122,27269,0,49152,0,2,0.0,49589.037310198575,36,
167,2026-10-09T10:46:39.555511+00:00,167.00118598400002,sda1,0.9911868159999813,319488,0,78,0,0,0,0,0,0.0,0.0,0,
167,2026-10-09T10:46:39.555511+00:00,167.00118598400002,sda2,0.9911868159999813,353653760,125710336,6836,7098,0,49152,0,2,0.0,49589.037310198575,36,
167,2026-10-09T10:46:39.555511+00:00,167.00118598400002,sda3,0.9911868159999813,5653504,118784,152,24,0,0,0,0,0.0,0.0,0,
167,2026-10-09T10:46:39.555511+00:00,167.00118598400002,sda4,0.9911868159999813,4657152,0,116,0,0,0,0,0,0.0,0.0,0,
167,2026-10-09T10:46:39.555511+00:00,167.00118598400002,sda5,0.9911868159999813,16117760,9819074560,805,20147,0,0,0,0,0.0,0.0,0,
168,2026-10-09T10:46:40.555901+00:00,168.0013096680001,loop0,1.000389898999856,2107392,0,217,0,0,0,0,0,0.0,0.0,0,
168,2026-10-09T10:46:40.555901+00:00,168.0013096680001,loop1,1.000389898999856,354304,0,43,0,0,0,0,0,0.0,0.0,0,
168,2026-10-09T10:46:40.555901+00:00,168.0013096680001,loop2,1.000389898999856,1106944,0,51,0,0,0,0,0,0.0,0.0,0,
168,2026-10-09T10:46:40.555901+00:00,168.0013096680001,loop3,1.000389898999856,1141760,0,66,0,0,0,0,0,0.0,0.0,0,
168,2026-10-09T10:46:40.555901+00:00,168.0013096680001,loop4,1.000389898999856,1688576,0,83,0,0,0,0,0,0.0,0.0,0,
168,2026-10-09T10:46:40.555901+00:00,168.0013096680001,loop5,1.000389898999856,14336,0,11,0,0,0,0,0,0.0,0.0,0,
168,2026-10-09T10:46:40.555901+00:00,168.0013096680001,loop6,1.000389898999856,0,0,0,0,0,0,0,0,0.0,0.0,0,
168,2026-10-09T10:46:40.555901+00:00,168.0013096680001,loop7,1.000389898999856,0,0,0,0,0,0,0,0,0.0,0.0,0,
168,2026-10-09T10:46:40.555901+00:00,168.0013096680001,sr0,1.000389898999856,1536,0,8,0,0,0,0,0,0.0,0.0,0,
168,2026-10-09T10:46:40.555901+00:00,168.0013096680001,sda,1.000389898999856,382855680,9948090368,8122,27736,0,3186688,0,467,0.0,3185445.9977913657,336,
168,2026-10-09T10:46:40.555901+00:00,168.0013096680001,sda1,1.000389898999856,319488,0,78,0,0,0,0,0,0.0,0.0,0,
168,2026-10-09T10:46:40.555901+00:00,168.0013096680001,sda2,1.000389898999856,353653760,128897024,6836,7565,0,3186688,0,467,0.0,3185445.9977913657,336,
168,2026-10-09T10:46:40.555901+00:00,168.0013096680001,sda3,1.000389898999856,5653504,118784,152,24,0,0,0,0,0.0,0.0,0,
168,2026-10-09T10:46:40.555901+00:00,168.0013096680001,sda4,1.000389898999856,4657152,0,116,0,0,0,0,0,0.0,0.0,0,
168,2026-10-09T10:46:40.555901+00:00,168.0013096680001,sda5,1.000389898999856,16117760,9819074560,805,20147,0,0,0,0,0.0,0.0,0,
169,2026-10-09T10:46:41.556814+00:00,169.00140729099996,loop0,1.0009125890001087,2107392,0,217,0,0,0,0,0,0.0,0.0,0,
169,2026-10-09T10:46:41.556814+00:00,169.00140729099996,loop1,1.0009125890001087,354304,0,43,0,0,0,0,0,0.0,0.0,0,
169,2026-10-09T10:46:41.556814+00:00,169.00140729099996,loop2,1.0009125890001087,1106944,0,51,0,0,0,0,0,0.0,0.0,0,
169,2026-10-09T10:46:41.556814+00:00,169.00140729099996,loop3,1.0009125890001087,1141760,0,66,0,0,0,0,0,0.0,0.0,0,
169,2026-10-09T10:46:41.556814+00:00,169.00140729099996,loop4,1.0009125890001087,1688576,0,83,0,0,0,0,0,0.0,0.0,0,
169,2026-10-09T10:46:41.556814+00:00,169.00140729099996,loop5,1.0009125890001087,14336,0,11,0,0,0,0,0,0.0,0.0,0,
169,2026-10-09T10:46:41.556814+00:00,169.00140729099996,loop6,1.0009125890001087,0,0,0,0,0,0,0,0,0.0,0.0,0,
169,2026-10-09T10:46:41.556814+00:00,169.00140729099996,loop7,1.0009125890001087,0,0,0,0,0,0,0,0,0.0,0.0,0,
169,2026-10-09T10:46:41.556814+00:00,169.00140729099996,sr0,1.0009125890001087,1536,0,8,0,0,0,0,0,0.0,0.0,0,
169,2026-10-09T10:46:41.556814+00:00,169.00140729099996,sda,1.0009125890001087,382855680,9948090368,8122,27736,0,0,0,0,0.0,0.0,0,
169,2026-10-09T10:46:41.556814+00:00,169.00140729099996,sda1,1.0009125890001087,319488,0,78,0,0,0,0,0,0.0,0.0,0,
169,2026-10-09T10:46:41.556814+00:00,169.00140729099996,sda2,1.0009125890001087,353653760,128897024,6836,7565,0,0,0,0,0.0,0.0,0,
169,2026-10-09T10:46:41.556814+00:00,169.00140729099996,sda3,1.0009125890001087,5653504,118784,152,24,0,0,0,0,0.0,0.0,0,
169,2026-10-09T10:46:41.556814+00:00,169.00140729099996,sda4,1.0009125890001087,4657152,0,116,0,0,0,0,0,0.0,0.0,0,
169,2026-10-09T10:46:41.556814+00:00,169.00140729099996,sda5,1.0009125890001087,16117760,9819074560,805,20147,0,0,0,0,0.0,0.0,0,
170,2026-10-09T10:46:42.556525+00:00,170.001352956,loop0,0.9997115109999868,2107392,0,217,0,0,0,0,0,0.0,0.0,0,
170,2026-10-09T10:46:42.556525+00:00,170.001352956,loop1,0.9997115109999868,354304,0,43,0,0,0,0,0,0.0,0.0,0,
170,2026-10-09T10:46:42.556525+00:00,170.001352956,loop2,0.9997115109999868,1106944,0,51,0,0,0,0,0,0.0,0.0,0,
170,2026-10-09T10:46:42.556525+00:00,170.001352956,loop3,0.9997115109999868,1141760,0,66,0,0,0,0,0,0.0,0.0,0,
170,2026-10-09T10:46:42.556525+00:00,170.001352956,loop4,0.9997115109999868,1688576,0,83,0,0,0,0,0,0.0,0.0,0,
170,2026-10-09T10:46:42.556525+00:00,170.001352956,loop5,0.9997115109999868,14336,0,11,0,0,0,0,0,0.0,0.0,0,
170,2026-10-09T10:46:42.556525+00:00,170.001352956,loop6,0.9997115109999868,0,0,0,0,0,0,0,0,0.0,0.0,0,
170,2026-10-09T10:46:42.556525+00:00,170.001352956,loop7,0.9997115109999868,0,0,0,0,0,0,0,0,0.0,0.0,0,
170,2026-10-09T10:46:42.556525+00:00,170.001352956,sr0,0.9997115109999868,1536,0,8,0,0,0,0,0,0.0,0.0,0,
170,2026-10-09T10:46:42.556525+00:00,170.001352956,sda,0.9997115109999868,382855680,9948119040,8122,27740,0,28672,0,4,0.0,28680.27394355008,64,
170,2026-10-09T10:46:42.556525+00:00,170.001352956,sda1,0.9997115109999868,319488,0,78,0,0,0,0,0,0.0,0.0,0,
170,2026-10-09T10:46:42.556525+00:00,170.001352956,sda2,0.9997115109999868,353653760,128909312,6836,7567,0,12288,0,2,0.0,12291.545975807177,4,
170,2026-10-09T10:46:42.556525+00:00,170.001352956,sda3,0.9997115109999868,5653504,118784,152,24,0,0,0,0,0.0,0.0,0,
170,2026-10-09T10:46:42.556525+00:00,170.001352956,sda4,0.9997115109999868,4657152,0,116,0,0,0,0,0,0.0,0.0,0,
170,2026-10-09T10:46:42.556525+00:00,170.001352956,sda5,0.9997115109999868,16117760,9819090944,805,20149,0,16384,0,2,0.0,16388.727967742903,60,
171,2026-10-09T10:46:43.565006+00:00,171.00994427700005,loop0,1.0084811199999422,2107392,0,217,0,0,0,0,0,0.0,0.0,0,
171,2026-10-09T10:46:43.565006+00:00,171.00994427700005,loop1,1.0084811199999422,354304,0,43,0,0,0,0,0,0.0,0.0,0,
171,2026-10-09T10:46:43.565006+00:00,171.00994427700005,loop2,1.0084811199999422,1106944,0,51,0,0,0,0,0,0.0,0.0,0,
171,2026-10-09T10:46:43.565006+00:00,171.00994427700005,loop3,1.0084811199999422,1141760,0,66,0,0,0,0,0,0.0,0.0,0,
171,2026-10-09T10:46:43.565006+00:00,171.00994427700005,loop4,1.0084811199999422,1688576,0,83,0,0,0,0,0,0.0,0.0,0,
171,2026-10-09T10:46:43.565006+00:00,171.00994427700005,loop5,1.0084811199999422,14336,0,11,0,0,0,0,0,0.0,0.0,0,
171,2026-10-09T10:46:43.565006+00:00,171.00994427700005,loop6,1.0084811199999422,0,0,0,0,0,0,0,0,0.0,0.0,0,
171,2026-10-09T10:46:43.565006+00:00,171.00994427700005,loop7,1.0084811199999422,0,0,0,0,0,0,0,0,0.0,0.0,0,
171,2026-10-09T10:46:43.565006+00:00,171.00994427700005,sr0,1.0084811199999422,1536,0,8,0,0,0,0,0,0.0,0.0,0,
171,2026-10-09T10:46:43.565006+00:00,171.00994427700005,sda,1.0084811199999422,382855680,9948151808,8122,27745,0,32768,0,5,0.0,32492.427820564335,136,
171,2026-10-09T10:46:43.565006+00:00,171.00994427700005,sda1,1.0084811199999422,319488,0,78,0,0,0,0,0,0.0,0.0,0,
171,2026-10-09T10:46:43.565006+00:00,171.00994427700005,sda2,1.0084811199999422,353653760,128909312,6836,7567,0,0,0,0,0.0,0.0,0,
171,2026-10-09T10:46:43.565006+00:00,171.00994427700005,sda3,1.0084811199999422,5653504,118784,152,24,0,0,0,0,0.0,0.0,0,
171,2026-10-09T10:46:43.565006+00:00,171.00994427700005,sda4,1.0084811199999422,4657152,0,116,0,0,0,0,0,0.0,0.0,0,
171,2026-10-09T10:46:43.565006+00:00,171.00994427700005,sda5,1.0084811199999422,16117760,9819123712,805,20154,0,32768,0,5,0.0,32492.427820564335,136,
172,2026-10-09T10:46:44.558089+00:00,172.0016365150001,loop0,0.9930819930000325,2107392,0,217,0,0,0,0,0,0.0,0.0,0,
172,2026-10-09T10:46:44.558089+00:00,172.0016365150001,loop1,0.9930819930000325,354304,0,43,0,0,0,0,0,0.0,0.0,0,
172,2026-10-09T10:46:44.558089+00:00,172.0016365150001,loop2,0.9930819930000325,1106944,0,51,0,0,0,0,0,0.0,0.0,0,
172,2026-10-09T10:46:44.558089+00:00,172.0016365150001,loop3,0.9930819930000325,1141760,0,66,0,0,0,0,0,0.0,0.0,0,
172,2026-10-09T10:46:44.558089+00:00,172.0016365150001,loop4,0.9930819930000325,1688576,0,83,0,0,0,0,0,0.0,0.0,0,
172,2026-10-09T10:46:44.558089+00:00,172.0016365150001,loop5,0.9930819930000325,14336,0,11,0,0,0,0,0,0.0,0.0,0,
172,2026-10-09T10:46:44.558089+00:00,172.0016365150001,loop6,0.9930819930000325,0,0,0,0,0,0,0,0,0.0,0.0,0,
172,2026-10-09T10:46:44.558089+00:00,172.0016365150001,loop7,0.9930819930000325,0,0,0,0,0,0,0,0,0.0,0.0,0,
172,2026-10-09T10:46:44.558089+00:00,172.0016365150001,sr0,0.9930819930000325,1536,0,8,0,0,0,0,0,0.0,0.0,0,
172,2026-10-09T10:46:44.558089+00:00,172.0016365150001,sda,0.9930819930000325,382855680,9948196864,8122,27747,0,45056,0,2,0.0,45369.869071826506,8,
172,2026-10-09T10:46:44.558089+00:00,172.0016365150001,sda1,0.9930819930000325,319488,0,78,0,0,0,0,0,0.0,0.0,0,
172,2026-10-09T10:46:44.558089+00:00,172.0016365150001,sda2,0.9930819930000325,353653760,128954368,6836,7569,0,45056,0,2,0.0,45369.869071826506,8,
172,2026-10-09T10:46:44.558089+00:00,172.0016365150001,sda3,0.9930819930000325,5653504,118784,152,24,0,0,0,0,0.0,0.0,0,
172,2026-10-09T10:46:44.558089+00:00,172.0016365150001,sda4,0.9930819930000325,4657152,0,116,0,0,0,0,0,0.0,0.0,0,
172,2026-10-09T10:46:44.558089+00:00,172.0016365150001,sda5,0.9930819930000325,16117760,9819123712,805,20154,0,0,0,0,0.0,0.0,0,
173,2026-10-09T10:46:45.555112+00:00,173.00057599500008,loop0,0.9970238680000421,2107392,0,217,0,0,0,0,0,0.0,0.0,0,
173,2026-10-09T10:46:45.555112+00:00,173.00057599500008,loop1,0.9970238680000421,354304,0,43,0,0,0,0,0,0.0,0.0,0,
173,2026-10-09T10:46:45.555112+00:00,173.00057599500008,loop2,0.9970238680000421,1106944,0,51,0,0,0,0,0,0.0,0.0,0,
173,2026-10-09T10:46:45.555112+00:00,173.00057599500008,loop3,0.9970238680000421,1141760,0,66,0,0,0,0,0,0.0,0.0,0,
173,2026-10-09T10:46:45.555112+00:00,173.00057599500008,loop4,0.9970238680000421,1688576,0,83,0,0,0,0,0,0.0,0.0,0,
173,2026-10-09T10:46:45.555112+00:00,173.00057599500008,loop5,0.9970238680000421,14336,0,11,0,0,0,0,0,0.0,0.0,0,
173,2026-10-09T10:46:45.555112+00:00,173.00057599500008,loop6,0.9970238680000421,0,0,0,0,0,0,0,0,0.0,0.0,0,
173,2026-10-09T10:46:45.555112+00:00,173.00057599500008,loop7,0.9970238680000421,0,0,0,0,0,0,0,0,0.0,0.0,0,
173,2026-10-09T10:46:45.555112+00:00,173.00057599500008,sr0,0.9970238680000421,1536,0,8,0,0,0,0,0,0.0,0.0,0,
173,2026-10-09T10:46:45.555112+00:00,173.00057599500008,sda,0.9970238680000421,382855680,9948266496,8122,27751,0,69632,0,4,0.0,69839.8526202555,4,
173,2026-10-09T10:46:45.555112+00:00,173.00057599500008,sda1,0.9970238680000421,319488,0,78,0,0,0,0,0,0.0,0.0,0,
173,2026-10-09T10:46:45.555112+00:00,173.00057599500008,sda2,0.9970238680000421,353653760,128954368,6836,7569,0,0,0,0,0.0,0.0,0,
173,2026-10-09T10:46:45.555112+00:00,173.00057599500008,sda3,0.9970238680000421,5653504,118784,152,24,0,0,0,0,0.0,0.0,0,
173,2026-10-09T10:46:45.555112+00:00,173.00057599500008,sda4,0.9970238680000421,4657152,0,116,0,0,0,0,0,0.0,0.0,0,
173,2026-10-09T10:46:45.555112+00:00,173.00057599500008,sda5,0.9970238680000421,16117760,9819193344,805,20158,0,69632,0,4,0.0,69839.8526202555,4,
174,2026-10-09T10:46:46.556026+00:00,174.00086767699997,loop0,1.0009136720000242,2107392,0,217,0,0,0,0,0,0.0,0.0,0,
174,2026-10-09T10:46:46.556026+00:00,174.00086767699997,loop1,1.0009136720000242,354304,0,43,0,0,0,0,0,0.0,0.0,0,
174,2026-10-09T10:46:46.556026+00:00,174.00086767699997,loop2,1.0009136720000242,1106944,0,51,0,0,0,0,0,0.0,0.0,0,
174,2026-10-09T10:46:46.556026+00:00,174.00086767699997,loop3,1.0009136720000242,1141760,0,66,0,0,0,0,0,0.0,0.0,0,
174,2026-10-09T10:46:46.556026+00:00,174.00086767699997,loop4,1.0009136720000242,1688576,0,83,0,0,0,0,0,0.0,0.0,0,
174,2026-10-09T10:46:46.556026+00:00,174.00086767699997,loop5,1.0009136720000242,14336,0,11,0,0,0,0,0,0.0,0.0,0,
174,2026-10-09T10:46:46.556026+00:00,174.00086767699997,loop6,1.0009136720000242,0,0,0,0,0,0,0,0,0.0,0.0,0,
174,2026-10-09T10:46:46.556026+00:00,174.00086767699997,loop7,1.0009136720000242,0,0,0,0,0,0,0,0,0.0,0.0,0,
174,2026-10-09T10:46:46.556026+00:00,174.00086767699997,sr0,1.0009136720000242,1536,0,8,0,0,0,0,0,0.0,0.0,0,
174,2026-10-09T10:46:46.556026+00:00,174.00086767699997,sda,1.0009136720000242,382855680,9948266496,8122,27751,0,0,0,0,0.0,0.0,0,
174,2026-10-09T10:46:46.556026+00:00,174.00086767699997,sda1,1.0009136720000242,319488,0,78,0,0,0,0,0,0.0,0.0,0,
174,2026-10-09T10:46:46.556026+00:00,174.00086767699997,sda2,1.0009136720000242,353653760,128954368,6836,7569,0,0,0,0,0.0,0.0,0,
174,2026-10-09T10:46:46.556026+00:00,174.00086767699997,sda3,1.0009136720000242,5653504,118784,152,24,0,0,0,0,0.0,0.0,0,
174,2026-10-09T10:46:46.556026+00:00,174.00086767699997,sda4,1.0009136720000242,4657152,0,116,0,0,0,0,0,0.0,0.0,0,
174,2026-10-09T10:46:46.556026+00:00,174.00086767699997,sda5,1.0009136720000242,16117760,9819193344,805,20158,0,0,0,0,0.0,0.0,0,
175,2026-10-09T10:46:47.557781+00:00,175.00253418,loop0,1.0017549699998654,2107392,0,217,0,0,0,0,0,0.0,0.0,0,
175,2026-10-09T10:46:47.557781+00:00,175.00253418,loop1,1.0017549699998654,354304,0,43,0,0,0,0,0,0.0,0.0,0,
175,2026-10-09T10:46:47.557781+00:00,175.00253418,loop2,1.0017549699998654,1106944,0,51,0,0,0,0,0,0.0,0.0,0,
175,2026-10-09T10:46:47.557781+00:00,175.00253418,loop3,1.0017549699998654,1141760,0,66,0,0,0,0,0,0.0,0.0,0,
175,2026-10-09T10:46:47.557781+00:00,175.00253418,loop4,1.0017549699998654,1688576,0,83,0,0,0,0,0,0.0,0.0,0,
175,2026-10-09T10:46:47.557781+00:00,175.00253418,loop5,1.0017549699998654,14336,0,11,0,0,0,0,0,0.0,0.0,0,
175,2026-10-09T10:46:47.557781+00:00,175.00253418,loop6,1.0017549699998654,0,0,0,0,0,0,0,0,0.0,0.0,0,
175,2026-10-09T10:46:47.557781+00:00,175.00253418,loop7,1.0017549699998654,0,0,0,0,0,0,0,0,0.0,0.0,0,
175,2026-10-09T10:46:47.557781+00:00,175.00253418,sr0,1.0017549699998654,1536,0,8,0,0,0,0,0,0.0,0.0,0,
175,2026-10-09T10:46:47.557781+00:00,175.00253418,sda,1.0017549699998654,382855680,9948323840,8122,27755,0,57344,0,4,0.0,57243.53930583215,8,
175,2026-10-09T10:46:47.557781+00:00,175.00253418,sda1,1.0017549699998654,319488,0,78,0,0,0,0,0,0.0,0.0,0,
175,2026-10-09T10:46:47.557781+00:00,175.00253418,sda2,1.0017549699998654,353653760,128962560,6836,7571,0,8192,0,2,0.0,8177.648472261736,8,
175,2026-10-09T10:46:47.557781+00:00,175.00253418,sda3,1.0017549699998654,5653504,118784,152,24,0,0,0,0,0.0,0.0,0,
175,2026-10-09T10:46:47.557781+00:00,175.00253418,sda4,1.0017549699998654,4657152,0,116,0,0,0,0,0,0.0,0.0,0,
175,2026-10-09T10:46:47.557781+00:00,175.00253418,sda5,1.0017549699998654,16117760,9819242496,805,20160,0,49152,0,2,0.0,49065.89083357042,8,
176,2026-10-09T10:46:48.559296+00:00,176.00143958,loop0,1.0015129319999687,2107392,0,217,0,0,0,0,0,0.0,0.0,0,
176,2026-10-09T10:46:48.559296+00:00,176.00143958,loop1,1.0015129319999687,354304,0,43,0,0,0,0,0,0.0,0.0,0,
176,2026-10-09T10:46:48.559296+00:00,176.00143958,loop2,1.0015129319999687,1106944,0,51,0,0,0,0,0,0.0,0.0,0,
176,2026-10-09T10:46:48.559296+00:00,176.00143958,loop3,1.0015129319999687,1141760,0,66,0,0,0,0,0,0.0,0.0,0,
176,2026-10-09T10:46:48.559296+00:00,176.00143958,loop4,1.0015129319999687,1688576,0,83,0,0,0,0,0,0.0,0.0,0,
176,2026-10-09T10:46:48.559296+00:00,176.00143958,loop5,1.0015129319999687,14336,0,11,0,0,0,0,0,0.0,0.0,0,
176,2026-10-09T10:46:48.559296+00:00,176.00143958,loop6,1.0015129319999687,0,0,0,0,0,0,0,0,0.0,0.0,0,
176,2026-10-09T10:46:48.559296+00:00,176.00143958,loop7,1.0015129319999687,0,0,0,0,0,0,0,0,0.0,0.0,0,
176,2026-10-09T10:46:48.559296+00:00,176.00143958,sr0,1.0015129319999687,1536,0,8,0,0,0,0,0,0.0,0.0,0,
176,2026-10-09T10:46:48.559296+00:00,176.00143958,sda,1.0015129319999687,382855680,9948389376,8122,27767,0,65536,0,12,0.0,65436.9982713334,152,
176,2026-10-09T10:46:48.559296+00:00,176.00143958,sda1,1.0015129319999687,319488,0,78,0,0,0,0,0,0.0,0.0,0,
176,2026-10-09T10:46:48.559296+00:00,176.00143958,sda2,1.0015129319999687,353653760,128995328,6836,7578,0,32768,0,7,0.0,32718.4991356667,152,
176,2026-10-09T10:46:48.559296+00:00,176.00143958,sda3,1.0015129319999687,5653504,118784,152,24,0,0,0,0,0.0,0.0,0,
176,2026-10-09T10:46:48.559296+00:00,176.00143958,sda4,1.0015129319999687,4657152,0,116,0,0,0,0,0,0.0,0.0,0,
176,2026-10-09T10:46:48.559296+00:00,176.00143958,sda5,1.0015129319999687,16117760,9819275264,805,20165,0,32768,0,5,0.0,32718.4991356667,4,
177,2026-10-09T10:46:49.588466+00:00,177.0323387960001,loop0,1.0291716570000062,2107392,0,217,0,0,0,0,0,0.0,0.0,0,
177,2026-10-09T10:46:49.588466+00:00,177.0323387960001,loop1,1.0291716570000062,354304,0,43,0,0,0,0,0,0.0,0.0,0,
177,2026-10-09T10:46:49.588466+00:00,177.0323387960001,loop2,1.0291716570000062,1106944,0,51,0,0,0,0,0,0.0,0.0,0,
177,2026-10-09T10:46:49.588466+00:00,177.0323387960001,loop3,1.0291716570000062,1141760,0,66,0,0,0,0,0,0.0,0.0,0,
177,2026-10-09T10:46:49.588466+00:00,177.0323387960001,loop4,1.0291716570000062,1688576,0,83,0,0,0,0,0,0.0,0.0,0,
177,2026-10-09T10:46:49.588466+00:00,177.0323387960001,loop5,1.0291716570000062,14336,0,11,0,0,0,0,0,0.0,0.0,0,
177,2026-10-09T10:46:49.588466+00:00,177.0323387960001,loop6,1.0291716570000062,0,0,0,0,0,0,0,0,0.0,0.0,0,
177,2026-10-09T10:46:49.588466+00:00,177.0323387960001,loop7,1.0291716570000062,0,0,0,0,0,0,0,0,0.0,0.0,0,
177,2026-10-09T10:46:49.588466+00:00,177.0323387960001,sr0,1.0291716570000062,1536,0,8,0,0,0,0,0,0.0,0.0,0,
177,2026-10-09T10:46:49.588466+00:00,177.0323387960001,sda,1.0291716570000062,382892544,9948389376,8123,27767,36864,0,1,0,35819.09757159177,0.0,12,
177,2026-10-09T10:46:49.588466+00:00,177.0323387960001,sda1,1.0291716570000062,319488,0,78,0,0,0,0,0,0.0,0.0,0,
177,2026-10-09T10:46:49.588466+00:00,177.0323387960001,sda2,1.0291716570000062,353690624,128995328,6837,7578,36864,0,1,0,35819.09757159177,0.0,12,
177,2026-10-09T10:46:49.588466+00:00,177.0323387960001,sda3,1.0291716570000062,5653504,118784,152,24,0,0,0,0,0.0,0.0,0,
177,2026-10-09T10:46:49.588466+00:00,177.0323387960001,sda4,1.0291716570000062,4657152,0,116,0,0,0,0,0,0.0,0.0,0,
177,2026-10-09T10:46:49.588466+00:00,177.0323387960001,sda5,1.0291716570000062,16117760,9819275264,805,20165,0,0,0,0,0.0,0.0,0,
178,2026-10-09T10:46:50.563241+00:00,178.00889052500008,loop0,0.9747751590000462,2107392,0,217,0,0,0,0,0,0.0,0.0,0,
178,2026-10-09T10:46:50.563241+00:00,178.00889052500008,loop1,0.9747751590000462,354304,0,43,0,0,0,0,0,0.0,0.0,0,
178,2026-10-09T10:46:50.563241+00:00,178.00889052500008,loop2,0.9747751590000462,1106944,0,51,0,0,0,0,0,0.0,0.0,0,
178,2026-10-09T10:46:50.563241+00:00,178.00889052500008,loop3,0.9747751590000462,1141760,0,66,0,0,0,0,0,0.0,0.0,0,
178,2026-10-09T10:46:50.563241+00:00,178.00889052500008,loop4,0.9747751590000462,1688576,0,83,0,0,0,0,0,0.0,0.0,0,
178,2026-10-09T10:46:50.563241+00:00,178.00889052500008,loop5,0.9747751590000462,14336,0,11,0,0,0,0,0,0.0,0.0,0,
178,2026-10-09T10:46:50.563241+00:00,178.00889052500008,loop6,0.9747751590000462,0,0,0,0,0,0,0,0,0.0,0.0,0,
178,2026-10-09T10:46:50.563241+00:00,178.00889052500008,loop7,0.9747751590000462,0,0,0,0,0,0,0,0,0.0,0.0,0,
178,2026-10-09T10:46:50.563241+00:00,178.00889052500008,sr0,0.9747751590000462,1536,0,8,0,0,0,0,0,0.0,0.0,0,
178,2026-10-09T10:46:50.563241+00:00,178.00889052500008,sda,0.9747751590000462,382896640,9948413952,8124,27769,4096,24576,1,2,4201.994646849434,25211.967881096603,32,
178,2026-10-09T10:46:50.563241+00:00,178.00889052500008,sda1,0.9747751590000462,319488,0,78,0,0,0,0,0,0.0,0.0,0,
178,2026-10-09T10:46:50.563241+00:00,178.00889052500008,sda2,0.9747751590000462,353694720,129019904,6838,7580,4096,24576,1,2,4201.994646849434,25211.967881096603,32,
178,2026-10-09T10:46:50.563241+00:00,178.00889052500008,sda3,0.9747751590000462,5653504,118784,152,24,0,0,0,0,0.0,0.0,0,
178,2026-10-09T10:46:50.563241+00:00,178.00889052500008,sda4,0.9747751590000462,4657152,0,116,0,0,0,0,0,0.0,0.0,0,
178,2026-10-09T10:46:50.563241+00:00,178.00889052500008,sda5,0.9747751590000462,16117760,9819275264,805,20165,0,0,0,0,0.0,0.0,0,
179,2026-10-09T10:46:51.559583+00:00,179.005200145,loop0,0.9963426389999768,2107392,0,217,0,0,0,0,0,0.0,0.0,0,
179,2026-10-09T10:46:51.559583+00:00,179.005200145,loop1,0.9963426389999768,354304,0,43,0,0,0,0,0,0.0,0.0,0,
179,2026-10-09T10:46:51.559583+00:00,179.005200145,loop2,0.9963426389999768,1106944,0,51,0,0,0,0,0,0.0,0.0,0,
179,2026-10-09T10:46:51.559583+00:00,179.005200145,loop3,0.9963426389999768,1141760,0,66,0,0,0,0,0,0.0,0.0,0,
179,2026-10-09T10:46:51.559583+00:00,179.005200145,loop4,0.9963426389999768,1688576,0,83,0,0,0,0,0,0.0,0.0,0,
179,2026-10-09T10:46:51.559583+00:00,179.005200145,loop5,0.9963426389999768,14336,0,11,0,0,0,0,0,0.0,0.0,0,
179,2026-10-09T10:46:51.559583+00:00,179.005200145,loop6,0.9963426389999768,0,0,0,0,0,0,0,0,0.0,0.0,0,
179,2026-10-09T10:46:51.559583+00:00,179.005200145,loop7,0.9963426389999768,0,0,0,0,0,0,0,0,0.0,0.0,0,
179,2026-10-09T10:46:51.559583+00:00,179.005200145,sr0,0.9963426389999768,1536,0,8,0,0,0,0,0,0.0,0.0,0,
179,2026-10-09T10:46:51.559583+00:00,179.005200145,sda,0.9963426389999768,382896640,9948413952,8124,27769,0,0,0,0,0.0,0.0,0,
179,2026-10-09T10:46:51.559583+00:00,179.005200145,sda1,0.9963426389999768,319488,0,78,0,0,0,0,0,0.0,0.0,0,
179,2026-10-09T10:46:51.559583+00:00,179.005200145,sda2,0.9963426389999768,353694720,129019904,6838,7580,0,0,0,0,0.0,0.0,0,
179,2026-10-09T10:46:51.559583+00:00,179.005200145,sda3,0.9963426389999768,5653504,118784,152,24,0,0,0,0,0.0,0.0,0,
179,2026-10-09T10:46:51.559583+00:00,179.005200145,sda4,0.9963426389999768,4657152,0,116,0,0,0,0,0,0.0,0.0,0,
179,2026-10-09T10:46:51.559583+00:00,179.005200145,sda5,0.9963426389999768,16117760,9819275264,805,20165,0,0,0,0,0.0,0.0,0,
180,2026-10-09T10:46:52.557289+00:00,180.002086694,loop0,0.9977052740000545,2107392,0,217,0,0,0,0,0,0.0,0.0,0,
180,2026-10-09T10:46:52.557289+00:00,180.002086694,loop1,0.9977052740000545,354304,0,43,0,0,0,0,0,0.0,0.0,0,
180,2026-10-09T10:46:52.557289+00:00,180.002086694,loop2,0.9977052740000545,1106944,0,51,0,0,0,0,0,0.0,0.0,0,
180,2026-10-09T10:46:52.557289+00:00,180.002086694,loop3,0.9977052740000545,1141760,0,66,0,0,0,0,0,0.0,0.0,0,
180,2026-10-09T10:46:52.557289+00:00,180.002086694,loop4,0.9977052740000545,1688576,0,83,0,0,0,0,0,0.0,0.0,0,
180,2026-10-09T10:46:52.557289+00:00,180.002086694,loop5,0.9977052740000545,14336,0,11,0,0,0,0,0,0.0,0.0,0,
180,2026-10-09T10:46:52.557289+00:00,180.002086694,loop6,0.9977052740000545,0,0,0,0,0,0,0,0,0.0,0.0,0,
180,2026-10-09T10:46:52.557289+00:00,180.002086694,loop7,0.9977052740000545,0,0,0,0,0,0,0,0,0.0,0.0,0,
180,2026-10-09T10:46:52.557289+00:00,180.002086694,sr0,0.9977052740000545,1536,0,8,0,0,0,0,0,0.0,0.0,0,
180,2026-10-09T10:46:52.557289+00:00,180.002086694,sda,0.9977052740000545,382896640,9948442624,8124,27773,0,28672,0,4,0.0,28737.945711208533,12,
180,2026-10-09T10:46:52.557289+00:00,180.002086694,sda1,0.9977052740000545,319488,0,78,0,0,0,0,0,0.0,0.0,0,
180,2026-10-09T10:46:52.557289+00:00,180.002086694,sda2,0.9977052740000545,353694720,129032192,6838,7582,0,12288,0,2,0.0,12316.2624476608,4,
180,2026-10-09T10:46:52.557289+00:00,180.002086694,sda3,0.9977052740000545,5653504,118784,152,24,0,0,0,0,0.0,0.0,0,
180,2026-10-09T10:46:52.557289+00:00,180.002086694,sda4,0.9977052740000545,4657152,0,116,0,0,0,0,0,0.0,0.0,0,
180,2026-10-09T10:46:52.557289+00:00,180.002086694,sda5,0.9977052740000545,16117760,9819291648,805,20167,0,16384,0,2,0.0,16421.683263547733,8,
181,2026-10-09T10:46:53.556811+00:00,181.0010943619999,loop0,0.9995221169999695,2107392,0,217,0,0,0,0,0,0.0,0.0,0,
181,2026-10-09T10:46:53.556811+00:00,181.0010943619999,loop1,0.9995221169999695,354304,0,43,0,0,0,0,0,0.0,0.0,0,
181,2026-10-09T10:46:53.556811+00:00,181.0010943619999,loop2,0.9995221169999695,1106944,0,51,0,0,0,0,0,0.0,0.0,0,
181,2026-10-09T10:46:53.556811+00:00,181.0010943619999,loop3,0.9995221169999695,1141760,0,66,0,0,0,0,0,0.0,0.0,0,
181,2026-10-09T10:46:53.556811+00:00,181.0010943619999,loop4,0.9995221169999695,1688576,0,83,0,0,0,0,0,0.0,0.0,0,
181,2026-10-09T10:46:53.556811+00:00,181.0010943619999,loop5,0.9995221169999695,14336,0,11,0,0,0,0,0,0.0,0.0,0,
181,2026-10-09T10:46:53.556811+00:00,181.0010943619999,loop6,0.9995221169999695,0,0,0,0,0,0,0,0,0.0,0.0,0,
181,2026-10-09T10:46:53.556811+00:00,181.0010943619999,loop7,0.9995221169999695,0,0,0,0,0,0,0,0,0.0,0.0,0,
181,2026-10-09T10:46:53.556811+00:00,181.0010943619999,sr0,0.9995221169999695,1536,0,8,0,0,0,0,0,0.0,0.0,0,
181,2026-10-09T10:46:53.556811+00:00,181.0010943619999,sda,0.9995221169999695,382896640,9948442624,8124,27773,0,0,0,0,0.0,0.0,0,
181,2026-10-09T10:46:53.556811+00:00,181.0010943619999,sda1,0.9995221169999695,319488,0,78,0,0,0,0,0,0.0,0.0,0,
181,2026-10-09T10:46:53.556811+00:00,181.0010943619999,sda2,0.9995221169999695,353694720,129032192,6838,7582,0,0,0,0,0.0,0.0,0,
181,2026-10-09T10:46:53.556811+00:00,181.0010943619999,sda3,0.9995221169999695,5653504,118784,152,24,0,0,0,0,0.0,0.0,0,
181,2026-10-09T10:46:53.556811+00:00,181.0010943619999,sda4,0.9995221169999695,4657152,0,116,0,0,0,0,0,0.0,0.0,0,
181,2026-10-09T10:46:53.556811+00:00,181.0010943619999,sda5,0.9995221169999695,16117760,9819291648,805,20167,0,0,0,0,0.0,0.0,0,
182,2026-10-09T10:46:54.556759+00:00,182.00216528499993,loop0,0.9999481669999568,2107392,0,217,0,0,0,0,0,0.0,0.0,0,
182,2026-10-09T10:46:54.556759+00:00,182.00216528499993,loop1,0.9999481669999568,354304,0,43,0,0,0,0,0,0.0,0.0,0,
182,2026-10-09T10:46:54.556759+00:00,182.00216528499993,loop2,0.9999481669999568,1106944,0,51,0,0,0,0,0,0.0,0.0,0,
182,2026-10-09T10:46:54.556759+00:00,182.00216528499993,loop3,0.9999481669999568,1141760,0,66,0,0,0,0,0,0.0,0.0,0,
182,2026-10-09T10:46:54.556759+00:00,182.00216528499993,loop4,0.9999481669999568,1688576,0,83,0,0,0,0,0,0.0,0.0,0,
182,2026-10-09T10:46:54.556759+00:00,182.00216528499993,loop5,0.9999481669999568,14336,0,11,0,0,0,0,0,0.0,0.0,0,
182,2026-10-09T10:46:54.556759+00:00,182.00216528499993,loop6,0.9999481669999568,0,0,0,0,0,0,0,0,0.0,0.0,0,
182,2026-10-09T10:46:54.556759+00:00,182.00216528499993,loop7,0.9999481669999568,0,0,0,0,0,0,0,0,0.0,0.0,0,
182,2026-10-09T10:46:54.556759+00:00,182.00216528499993,sr0,0.9999481669999568,1536,0,8,0,0,0,0,0,0.0,0.0,0,
182,2026-10-09T10:46:54.556759+00:00,182.00216528499993,sda,0.9999481669999568,382896640,9948442624,8124,27773,0,0,0,0,0.0,0.0,0,
182,2026-10-09T10:46:54.556759+00:00,182.00216528499993,sda1,0.9999481669999568,319488,0,78,0,0,0,0,0,0.0,0.0,0,
182,2026-10-09T10:46:54.556759+00:00,182.00216528499993,sda2,0.9999481669999568,353694720,129032192,6838,7582,0,0,0,0,0.0,0.0,0,
182,2026-10-09T10:46:54.556759+00:00,182.00216528499993,sda3,0.9999481669999568,5653504,118784,152,24,0,0,0,0,0.0,0.0,0,
182,2026-10-09T10:46:54.556759+00:00,182.00216528499993,sda4,0.9999481669999568,4657152,0,116,0,0,0,0,0,0.0,0.0,0,
182,2026-10-09T10:46:54.556759+00:00,182.00216528499993,sda5,0.9999481669999568,16117760,9819291648,805,20167,0,0,0,0,0.0,0.0,0,
183,2026-10-09T10:46:55.557025+00:00,183.00261656600003,loop0,1.0002663160000793,2107392,0,217,0,0,0,0,0,0.0,0.0,0,
183,2026-10-09T10:46:55.557025+00:00,183.00261656600003,loop1,1.0002663160000793,354304,0,43,0,0,0,0,0,0.0,0.0,0,
183,2026-10-09T10:46:55.557025+00:00,183.00261656600003,loop2,1.0002663160000793,1106944,0,51,0,0,0,0,0,0.0,0.0,0,
183,2026-10-09T10:46:55.557025+00:00,183.00261656600003,loop3,1.0002663160000793,1141760,0,66,0,0,0,0,0,0.0,0.0,0,
183,2026-10-09T10:46:55.557025+00:00,183.00261656600003,loop4,1.0002663160000793,1688576,0,83,0,0,0,0,0,0.0,0.0,0,
183,2026-10-09T10:46:55.557025+00:00,183.00261656600003,loop5,1.0002663160000793,14336,0,11,0,0,0,0,0,0.0,0.0,0,
183,2026-10-09T10:46:55.557025+00:00,183.00261656600003,loop6,1.0002663160000793,0,0,0,0,0,0,0,0,0.0,0.0,0,
183,2026-10-09T10:46:55.557025+00:00,183.00261656600003,loop7,1.0002663160000793,0,0,0,0,0,0,0,0,0.0,0.0,0,
183,2026-10-09T10:46:55.557025+00:00,183.00261656600003,sr0,1.0002663160000793,1536,0,8,0,0,0,0,0,0.0,0.0,0,
183,2026-10-09T10:46:55.557025+00:00,183.00261656600003,sda,1.0002663160000793,382896640,9948479488,8124,27775,0,36864,0,2,0.0,36854.18514082711,8,
183,2026-10-09T10:46:55.557025+00:00,183.00261656600003,sda1,1.0002663160000793,319488,0,78,0,0,0,0,0,0.0,0.0,0,
183,2026-10-09T10:46:55.557025+00:00,183.00261656600003,sda2,1.0002663160000793,353694720,129069056,6838,7584,0,36864,0,2,0.0,36854.18514082711,8,
183,2026-10-09T10:46:55.557025+00:00,183.00261656600003,sda3,1.0002663160000793,5653504,118784,152,24,0,0,0,0,0.0,0.0,0,
183,2026-10-09T10:46:55.557025+00:00,183.00261656600003,sda4,1.0002663160000793,4657152,0,116,0,0,0,0,0,0.0,0.0,0,
183,2026-10-09T10:46:55.557025+00:00,183.00261656600003,sda5,1.0002663160000793,16117760,9819291648,805,20167,0,0,0,0,0.0,0.0,0,
184,2026-10-09T10:46:56.564338+00:00,184.0098571489999,loop0,1.0073130509999828,2107392,0,217,0,0,0,0,0,0.0,0.0,0,
184,2026-10-09T10:46:56.564338+00:00,184.0098571489999,loop1,1.0073130509999828,354304,0,43,0,0,0,0,0,0.0,0.0,0,
184,2026-10-09T10:46:56.564338+00:00,184.0098571489999,loop2,1.0073130509999828,1106944,0,51,0,0,0,0,0,0.0,0.0,0,
184,2026-10-09T10:46:56.564338+00:00,184.0098571489999,loop3,1.0073130509999828,1141760,0,66,0,0,0,0,0,0.0,0.0,0,
184,2026-10-09T10:46:56.564338+00:00,184.0098571489999,loop4,1.0073130509999828,1688576,0,83,0,0,0,0,0,0.0,0.0,0,
184,2026-10-09T10:46:56.564338+00:00,184.0098571489999,loop5,1.0073130509999828,14336,0,11,0,0,0,0,0,0.0,0.0,0,
184,2026-10-09T10:46:56.564338+00:00,184.0098571489999,loop6,1.0073130509999828,0,0,0,0,0,0,0,0,0.0,0.0,0,
184,2026-10-09T10:46:56.564338+00:00,184.0098571489999,loop7,1.0073130509999828,0,0,0,0,0,0,0,0,0.0,0.0,0,
184,2026-10-09T10:46:56.564338+00:00,184.0098571489999,sr0,1.0073130509999828,1536,0,8,0,0,0,0,0,0.0,0.0,0,
184,2026-10-09T10:46:56.564338+00:00,184.0098571489999,sda,1.0073130509999828,382896640,9948479488,8124,27775,0,0,0,0,0.0,0.0,0,
184,2026-10-09T10:46:56.564338+00:00,184.0098571489999,sda1,1.0073130509999828,319488,0,78,0,0,0,0,0,0.0,0.0,0,
184,2026-10-09T10:46:56.564338+00:00,184.0098571489999,sda2,1.0073130509999828,353694720,129069056,6838,7584,0,0,0,0,0.0,0.0,0,
184,2026-10-09T10:46:56.564338+00:00,184.0098571489999,sda3,1.0073130509999828,5653504,118784,152,24,0,0,0,0,0.0,0.0,0,
184,2026-10-09T10:46:56.564338+00:00,184.0098571489999,sda4,1.0073130509999828,4657152,0,116,0,0,0,0,0,0.0,0.0,0,
184,2026-10-09T10:46:56.564338+00:00,184.0098571489999,sda5,1.0073130509999828,16117760,9819291648,805,20167,0,0,0,0,0.0,0.0,0,
185,2026-10-09T10:46:57.558908+00:00,185.00142315100004,loop0,0.994568801000014,2107392,0,217,0,0,0,0,0,0.0,0.0,0,
185,2026-10-09T10:46:57.558908+00:00,185.00142315100004,loop1,0.994568801000014,354304,0,43,0,0,0,0,0,0.0,0.0,0,
185,2026-10-09T10:46:57.558908+00:00,185.00142315100004,loop2,0.994568801000014,1106944,0,51,0,0,0,0,0,0.0,0.0,0,
185,2026-10-09T10:46:57.558908+00:00,185.00142315100004,loop3,0.994568801000014,1141760,0,66,0,0,0,0,0,0.0,0.0,0,
185,2026-10-09T10:46:57.558908+00:00,185.00142315100004,loop4,0.994568801000014,1688576,0,83,0,0,0,0,0,0.0,0.0,0,
185,2026-10-09T10:46:57.558908+00:00,185.00142315100004,loop5,0.994568801000014,14336,0,11,0,0,0,0,0,0.0,0.0,0,
185,2026-10-09T10:46:57.558908+00:00,185.00142315100004,loop6,0.994568801000014,0,0,0,0,0,0,0,0,0.0,0.0,0,
185,2026-10-09T10:46:57.558908+00:00,185.00142315100004,loop7,0.994568801000014,0,0,0,0,0,0,0,0,0.0,0.0,0,
185,2026-10-09T10:46:57.558908+00:00,185.00142315100004,sr0,0.994568801000014,1536,0,8,0,0,0,0,0,0.0,0.0,0,
185,2026-10-09T10:46:57.558908+00:00,185.00142315100004,sda,0.994568801000014,382896640,9948491776,8124,27777,0,12288,0,2,0.0,12355.103023184241,4,
185,2026-10-09T10:46:57.558908+00:00,185.00142315100004,sda1,0.994568801000014,319488,0,78,0,0,0,0,0,0.0,0.0,0,
185,2026-10-09T10:46:57.558908+00:00,185.00142315100004,sda2,0.994568801000014,353694720,129081344,6838,7586,0,12288,0,2,0.0,12355.103023184241,4,
185,2026-10-09T10:46:57.558908+00:00,185.00142315100004,sda3,0.994568801000014,5653504,118784,152,24,0,0,0,0,0.0,0.0,0,
185,2026-10-09T10:46:57.558908+00:00,185.00142315100004,sda4,0.994568801000014,4657152,0,116,0,0,0,0,0,0.0,0.0,0,
185,2026-10-09T10:46:57.558908+00:00,185.00142315100004,sda5,0.994568801000014,16117760,9819291648,805,20167,0,0,0,0,0.0,0.0,0,
186,2026-10-09T10:46:58.556252+00:00,186.00182458799998,loop0,0.9973452560000169,2107392,0,217,0,0,0,0,0,0.0,0.0,0,
186,2026-10-09T10:46:58.556252+00:00,186.00182458799998,loop1,0.9973452560000169,354304,0,43,0,0,0,0,0,0.0,0.0,0,
186,2026-10-09T10:46:58.556252+00:00,186.00182458799998,loop2,0.9973452560000169,1106944,0,51,0,0,0,0,0,0.0,0.0,0,
186,2026-10-09T10:46:58.556252+00:00,186.00182458799998,loop3,0.9973452560000169,1141760,0,66,0,0,0,0,0,0.0,0.0,0,
186,2026-10-09T10:46:58.556252+00:00,186.00182458799998,loop4,0.9973452560000169,1688576,0,83,0,0,0,0,0,0.0,0.0,0,
186,2026-10-09T10:46:58.556252+00:00,186.00182458799998,loop5,0.9973452560000169,14336,0,11,0,0,0,0,0,0.0,0.0,0,
186,2026-10-09T10:46:58.556252+00:00,186.00182458799998,loop6,0.9973452560000169,0,0,0,0,0,0,0,0,0.0,0.0,0,
186,2026-10-09T10:46:58.556252+00:00,186.00182458799998,loop7,0.9973452560000169,0,0,0,0,0,0,0,0,0.0,0.0,0,
186,2026-10-09T10:46:58.556252+00:00,186.00182458799998,sr0,0.9973452560000169,1536,0,8,0,0,0,0,0,0.0,0.0,0,
186,2026-10-09T10:46:58.556252+00:00,186.00182458799998,sda,0.9973452560000169,382896640,9948508160,8124,27779,0,16384,0,2,0.0,16427.611102007108,8,
186,2026-10-09T10:46:58.556252+00:00,186.00182458799998,sda1,0.9973452560000169,319488,0,78,0,0,0,0,0,0.0,0.0,0,
186,2026-10-09T10:46:58.556252+00:00,186.00182458799998,sda2,0.9973452560000169,353694720,129081344,6838,7586,0,0,0,0,0.0,0.0,0,
186,2026-10-09T10:46:58.556252+00:00,186.00182458799998,sda3,0.9973452560000169,5653504,118784,152,24,0,0,0,0,0.0,0.0,0,
186,2026-10-09T10:46:58.556252+00:00,186.00182458799998,sda4,0.9973452560000169,4657152,0,116,0,0,0,0,0,0.0,0.0,0,
186,2026-10-09T10:46:58.556252+00:00,186.00182458799998,sda5,0.9973452560000169,16117760,9819308032,805,20169,0,16384,0,2,0.0,16427.611102007108,8,
187,2026-10-09T10:46:59.559716+00:00,187.005214314,loop0,1.0034637169999314,2107392,0,217,0,0,0,0,0,0.0,0.0,0,
187,2026-10-09T10:46:59.559716+00:00,187.005214314,loop1,1.0034637169999314,354304,0,43,0,0,0,0,0,0.0,0.0,0,
187,2026-10-09T10:46:59.559716+00:00,187.005214314,loop2,1.0034637169999314,1106944,0,51,0,0,0,0,0,0.0,0.0,0,
187,2026-10-09T10:46:59.559716+00:00,187.005214314,loop3,1.0034637169999314,1141760,0,66,0,0,0,0,0,0.0,0.0,0,
187,2026-10-09T10:46:59.559716+00:00,187.005214314,loop4,1.0034637169999314,1688576,0,83,0,0,0,0,0,0.0,0.0,0,
187,2026-10-09T10:46:59.559716+00:00,187.005214314,loop5,1.0034637169999314,14336,0,11,0,0,0,0,0,0.0,0.0,0,
187,2026-10-09T10:46:59.559716+00:00,187.005214314,loop6,1.0034637169999314,0,0,0,0,0,0,0,0,0.0,0.0,0,
187,2026-10-09T10:46:59.559716+00:00,187.005214314,loop7,1.0034637169999314,0,0,0,0,0,0,0,0,0.0,0.0,0,
187,2026-10-09T10:46:59.559716+00:00,187.005214314,sr0,1.0034637169999314,1536,0,8,0,0,0,0,0,0.0,0.0,0,
187,2026-10-09T10:46:59.559716+00:00,187.005214314,sda,1.0034637169999314,382896640,9948508160,8124,27779,0,0,0,0,0.0,0.0,0,
187,2026-10-09T10:46:59.559716+00:00,187.005214314,sda1,1.0034637169999314,319488,0,78,0,0,0,0,0,0.0,0.0,0,
187,2026-10-09T10:46:59.559716+00:00,187.005214314,sda2,1.0034637169999314,353694720,129081344,6838,7586,0,0,0,0,0.0,0.0,0,
187,2026-10-09T10:46:59.559716+00:00,187.005214314,sda3,1.0034637169999314,5653504,118784,152,24,0,0,0,0,0.0,0.0,0,
187,2026-10-09T10:46:59.559716+00:00,187.005214314,sda4,1.0034637169999314,4657152,0,116,0,0,0,0,0,0.0,0.0,0,
187,2026-10-09T10:46:59.559716+00:00,187.005214314,sda5,1.0034637169999314,16117760,9819308032,805,20169,0,0,0,0,0.0,0.0,0,
188,2026-10-09T10:47:00.564343+00:00,188.00958241799992,loop0,1.0046267660000012,2107392,0,217,0,0,0,0,0,0.0,0.0,0,
188,2026-10-09T10:47:00.564343+00:00,188.00958241799992,loop1,1.0046267660000012,354304,0,43,0,0,0,0,0,0.0,0.0,0,
188,2026-10-09T10:47:00.564343+00:00,188.00958241799992,loop2,1.0046267660000012,1106944,0,51,0,0,0,0,0,0.0,0.0,0,
188,2026-10-09T10:47:00.564343+00:00,188.00958241799992,loop3,1.0046267660000012,1141760,0,66,0,0,0,0,0,0.0,0.0,0,
188,2026-10-09T10:47:00.564343+00:00,188.00958241799992,loop4,1.0046267660000012,1688576,0,83,0,0,0,0,0,0.0,0.0,0,
188,2026-10-09T10:47:00.564343+00:00,188.00958241799992,loop5,1.0046267660000012,14336,0,11,0,0,0,0,0,0.0,0.0,0,
188,2026-10-09T10:47:00.564343+00:00,188.00958241799992,loop6,1.0046267660000012,0,0,0,0,0,0,0,0,0.0,0.0,0,
188,2026-10-09T10:47:00.564343+00:00,188.00958241799992,loop7,1.0046267660000012,0,0,0,0,0,0,0,0,0.0,0.0,0,
188,2026-10-09T10:47:00.564343+00:00,188.00958241799992,sr0,1.0046267660000012,1536,0,8,0,0,0,0,0,0.0,0.0,0,
188,2026-10-09T10:47:00.564343+00:00,188.00958241799992,sda,1.0046267660000012,382896640,9948545024,8124,27781,0,36864,0,2,0.0,36694.22441010292,4,
188,2026-10-09T10:47:00.564343+00:00,188.00958241799992,sda1,1.0046267660000012,319488,0,78,0,0,0,0,0,0.0,0.0,0,
188,2026-10-09T10:47:00.564343+00:00,188.00958241799992,sda2,1.0046267660000012,353694720,129118208,6838,7588,0,36864,0,2,0.0,36694.22441010292,4,
188,2026-10-09T10:47:00.564343+00:00,188.00958241799992,sda3,1.0046267660000012,5653504,118784,152,24,0,0,0,0,0.0,0.0,0,
188,2026-10-09T10:47:00.564343+00:00,188.00958241799992,sda4,1.0046267660000012,4657152,0,116,0,0,0,0,0,0.0,0.0,0,
188,2026-10-09T10:47:00.564343+00:00,188.00958241799992,sda5,1.0046267660000012,16117760,9819308032,805,20169,0,0,0,0,0.0,0.0,0,
189,2026-10-09T10:47:01.557037+00:00,189.0010970489999,loop0,0.992694634000145,2107392,0,217,0,0,0,0,0,0.0,0.0,0,
189,2026-10-09T10:47:01.557037+00:00,189.0010970489999,loop1,0.992694634000145,354304,0,43,0,0,0,0,0,0.0,0.0,0,
189,2026-10-09T10:47:01.557037+00:00,189.0010970489999,loop2,0.992694634000145,1106944,0,51,0,0,0,0,0,0.0,0.0,0,
189,2026-10-09T10:47:01.557037+00:00,189.0010970489999,loop3,0.992694634000145,1141760,0,66,0,0,0,0,0,0.0,0.0,0,
189,2026-10-09T10:47:01.557037+00:00,189.0010970489999,loop4,0.992694634000145,1688576,0,83,0,0,0,0,0,0.0,0.0,0,
189,2026-10-09T10:47:01.557037+00:00,189.0010970489999,loop5,0.992694634000145,14336,0,11,0,0,0,0,0,0.0,0.0,0,
189,2026-10-09T10:47:01.557037+00:00,189.0010970489999,loop6,0.992694634000145,0,0,0,0,0,0,0,0,0.0,0.0,0,
189,2026-10-09T10:47:01.557037+00:00,189.0010970489999,loop7,0.992694634000145,0,0,0,0,0,0,0,0,0.0,0.0,0,
189,2026-10-09T10:47:01.557037+00:00,189.0010970489999,sr0,0.992694634000145,1536,0,8,0,0,0,0,0,0.0,0.0,0,
189,2026-10-09T10:47:01.557037+00:00,189.0010970489999,sda,0.992694634000145,382896640,9948545024,8124,27781,0,0,0,0,0.0,0.0,0,
189,2026-10-09T10:47:01.557037+00:00,189.0010970489999,sda1,0.992694634000145,319488,0,78,0,0,0,0,0,0.0,0.0,0,
189,2026-10-09T10:47:01.557037+00:00,189.0010970489999,sda2,0.992694634000145,353694720,129118208,6838,7588,0,0,0,0,0.0,0.0,0,
189,2026-10-09T10:47:01.557037+00:00,189.0010970489999,sda3,0.992694634000145,5653504,118784,152,24,0,0,0,0,0.0,0.0,0,
189,2026-10-09T10:47:01.557037+00:00,189.0010970489999,sda4,0.992694634000145,4657152,0,116,0,0,0,0,0,0.0,0.0,0,
189,2026-10-09T10:47:01.557037+00:00,189.0010970489999,sda5,0.992694634000145,16117760,9819308032,805,20169,0,0,0,0,0.0,0.0,0,
190,2026-10-09T10:47:02.555664+00:00,190.00076855500004,loop0,0.9986264269998628,2107392,0,217,0,0,0,0,0,0.0,0.0,0,
190,2026-10-09T10:47:02.555664+00:00,190.00076855500004,loop1,0.9986264269998628,354304,0,43,0,0,0,0,0,0.0,0.0,0,
190,2026-10-09T10:47:02.555664+00:00,190.00076855500004,loop2,0.9986264269998628,1106944,0,51,0,0,0,0,0,0.0,0.0,0,
190,2026-10-09T10:47:02.555664+00:00,190.00076855500004,loop3,0.9986264269998628,1141760,0,66,0,0,0,0,0,0.0,0.0,0,
190,2026-10-09T10:47:02.555664+00:00,190.00076855500004,loop4,0.9986264269998628,1688576,0,83,0,0,0,0,0,0.0,0.0,0,
190,2026-10-09T10:47:02.555664+00:00,190.00076855500004,loop5,0.9986264269998628,14336,0,11,0,0,0,0,0,0.0,0.0,0,
190,2026-10-09T10:47:02.555664+00:00,190.00076855500004,loop6,0.9986264269998628,0,0,0,0,0,0,0,0,0.0,0.0,0,
190,2026-10-09T10:47:02.555664+00:00,190.00076855500004,loop7,0.9986264269998628,0,0,0,0,0,0,0,0,0.0,0.0,0,
190,2026-10-09T10:47:02.555664+00:00,190.00076855500004,sr0,0.9986264269998628,1536,0,8,0,0,0,0,0,0.0,0.0,0,
190,2026-10-09T10:47:02.555664+00:00,190.00076855500004,sda,0.9986264269998628,382896640,9948545024,8124,27781,0,0,0,0,0.0,0.0,0,
190,2026-10-09T10:47:02.555664+00:00,190.00076855500004,sda1,0.9986264269998628,319488,0,78,0,0,0,0,0,0.0,0.0,0,
190,2026-10-09T10:47:02.555664+00:00,190.00076855500004,sda2,0.9986264269998628,353694720,129118208,6838,7588,0,0,0,0,0.0,0.0,0,
190,2026-10-09T10:47:02.555664+00:00,190.00076855500004,sda3,0.9986264269998628,5653504,118784,152,24,0,0,0,0,0.0,0.0,0,
190,2026-10-09T10:47:02.555664+00:00,190.00076855500004,sda4,0.9986264269998628,4657152,0,116,0,0,0,0,0,0.0,0.0,0,
190,2026-10-09T10:47:02.555664+00:00,190.00076855500004,sda5,0.9986264269998628,16117760,9819308032,805,20169,0,0,0,0,0.0,0.0,0,
191,2026-10-09T10:47:03.556641+00:00,191.00135270299995,loop0,1.0009769539999525,2107392,0,217,0,0,0,0,0,0.0,0.0,0,
191,2026-10-09T10:47:03.556641+00:00,191.00135270299995,loop1,1.0009769539999525,354304,0,43,0,0,0,0,0,0.0,0.0,0,
191,2026-10-09T10:47:03.556641+00:00,191.00135270299995,loop2,1.0009769539999525,1106944,0,51,0,0,0,0,0,0.0,0.0,0,
191,2026-10-09T10:47:03.556641+00:00,191.00135270299995,loop3,1.0009769539999525,1141760,0,66,0,0,0,0,0,0.0,0.0,0,
191,2026-10-09T10:47:03.556641+00:00,191.00135270299995,loop4,1.0009769539999525,1688576,0,83,0,0,0,0,0,0.0,0.0,0,
191,2026-10-09T10:47:03.556641+00:00,191.00135270299995,loop5,1.0009769539999525,14336,0,11,0,0,0,0,0,0.0,0.0,0,
191,2026-10-09T10:47:03.556641+00:00,191.00135270299995,loop6,1.0009769539999525,0,0,0,0,0,0,0,0,0.0,0.0,0,
191,2026-10-09T10:47:03.556641+00:00,191.00135270299995,loop7,1.0009769539999525,0,0,0,0,0,0,0,0,0.0,0.0,0,
191,2026-10-09T10:47:03.556641+00:00,191.00135270299995,sr0,1.0009769539999525,1536,0,8,0,0,0,0,0,0.0,0.0,0,
191,2026-10-09T10:47:03.556641+00:00,191.00135270299995,sda,1.0009769539999525,382896640,9948573696,8124,27785,0,28672,0,4,0.0,28644.01611388284,8,
191,2026-10-09T10:47:03.556641+00:00,191.00135270299995,sda1,1.0009769539999525,319488,0,78,0,0,0,0,0,0.0,0.0,0,
191,2026-10-09T10:47:03.556641+00:00,191.00135270299995,sda2,1.0009769539999525,353694720,129130496,6838,7590,0,12288,0,2,0.0,12276.00690594979,4,
191,2026-10-09T10:47:03.556641+00:00,191.00135270299995,sda3,1.0009769539999525,5653504,118784,152,24,0,0,0,0,0.0,0.0,0,
191,2026-10-09T10:47:03.556641+00:00,191.00135270299995,sda4,1.0009769539999525,4657152,0,116,0,0,0,0,0,0.0,0.0,0,
191,2026-10-09T10:47:03.556641+00:00,191.00135270299995,sda5,1.0009769539999525,16117760,9819324416,805,20171,0,16384,0,2,0.0,16368.009207933052,4,
192,2026-10-09T10:47:04.556323+00:00,192.0005641670001,loop0,0.9996813870000096,2107392,0,217,0,0,0,0,0,0.0,0.0,0,
192,2026-10-09T10:47:04.556323+00:00,192.0005641670001,loop1,0.9996813870000096,354304,0,43,0,0,0,0,0,0.0,0.0,0,
192,2026-10-09T10:47:04.556323+00:00,192.0005641670001,loop2,0.9996813870000096,1106944,0,51,0,0,0,0,0,0.0,0.0,0,
192,2026-10-09T10:47:04.556323+00:00,192.0005641670001,loop3,0.9996813870000096,1141760,0,66,0,0,0,0,0,0.0,0.0,0,
192,2026-10-09T10:47:04.556323+00:00,192.0005641670001,loop4,0.9996813870000096,1688576,0,83,0,0,0,0,0,0.0,0.0,0,
192,2026-10-09T10:47:04.556323+00:00,192.0005641670001,loop5,0.9996813870000096,14336,0,11,0,0,0,0,0,0.0,0.0,0,
192,2026-10-09T10:47:04.556323+00:00,192.0005641670001,loop6,0.9996813870000096,0,0,0,0,0,0,0,0,0.0,0.0,0,
192,2026-10-09T10:47:04.556323+00:00,192.0005641670001,loop7,0.9996813870000096,0,0,0,0,0,0,0,0,0.0,0.0,0,
192,2026-10-09T10:47:04.556323+00:00,192.0005641670001,sr0,0.9996813870000096,1536,0,8,0,0,0,0,0,0.0,0.0,0,
192,2026-10-09T10:47:04.556323+00:00,192.0005641670001,sda,0.9996813870000096,382896640,9948573696,8124,27785,0,0,0,0,0.0,0.0,0,
192,2026-10-09T10:47:04.556323+00:00,192.0005641670001,sda1,0.9996813870000096,319488,0,78,0,0,0,0,0,0.0,0.0,0,
192,2026-10-09T10:47:04.556323+00:00,192.0005641670001,sda2,0.9996813870000096,353694720,129130496,6838,7590,0,0,0,0,0.0,0.0,0,
192,2026-10-09T10:47:04.556323+00:00,192.0005641670001,sda3,0.9996813870000096,5653504,118784,152,24,0,0,0,0,0.0,0.0,0,
192,2026-10-09T10:47:04.556323+00:00,192.0005641670001,sda4,0.9996813870000096,4657152,0,116,0,0,0,0,0,0.0,0.0,0,
192,2026-10-09T10:47:04.556323+00:00,192.0005641670001,sda5,0.9996813870000096,16117760,9819324416,805,20171,0,0,0,0,0.0,0.0,0,
193,2026-10-09T10:47:05.556845+00:00,193.00119425600008,loop0,1.000522402000115,2107392,0,217,0,0,0,0,0,0.0,0.0,0,
193,2026-10-09T10:47:05.556845+00:00,193.00119425600008,loop1,1.000522402000115,354304,0,43,0,0,0,0,0,0.0,0.0,0,
193,2026-10-09T10:47:05.556845+00:00,193.00119425600008,loop2,1.000522402000115,1106944,0,51,0,0,0,0,0,0.0,0.0,0,
193,2026-10-09T10:47:05.556845+00:00,193.00119425600008,loop3,1.000522402000115,1141760,0,66,0,0,0,0,0,0.0,0.0,0,
193,2026-10-09T10:47:05.556845+00:00,193.00119425600008,loop4,1.000522402000115,1688576,0,83,0,0,0,0,0,0.0,0.0,0,
193,2026-10-09T10:47:05.556845+00:00,193.00119425600008,loop5,1.000522402000115,14336,0,11,0,0,0,0,0,0.0,0.0,0,
193,2026-10-09T10:47:05.556845+00:00,193.00119425600008,loop6,1.000522402000115,0,0,0,0,0,0,0,0,0.0,0.0,0,
193,2026-10-09T10:47:05.556845+00:00,193.00119425600008,loop7,1.000522402000115,0,0,0,0,0,0,0,0,0.0,0.0,0,
193,2026-10-09T10:47:05.556845+00:00,193.00119425600008,sr0,1.000522402000115,1536,0,8,0,0,0,0,0,0.0,0.0,0,
193,2026-10-09T10:47:05.556845+00:00,193.00119425600008,sda,1.000522402000115,382896640,9948610560,8124,27787,0,36864,0,2,0.0,36844.75222774248,8,
193,2026-10-09T10:47:05.556845+00:00,193.00119425600008,sda1,1.000522402000115,319488,0,78,0,0,0,0,0,0.0,0.0,0,
193,2026-10-09T10:47:05.556845+00:00,193.00119425600008,sda2,1.000522402000115,353694720,129167360,6838,7592,0,36864,0,2,0.0,36844.75222774248,8,
193,2026-10-09T10:47:05.556845+00:00,193.00119425600008,sda3,1.000522402000115,5653504,118784,152,24,0,0,0,0,0.0,0.0,0,
193,2026-10-09T10:47:05.556845+00:00,193.00119425600008,sda4,1.000522402000115,4657152,0,116,0,0,0,0,0,0.0,0.0,0,
193,2026-10-09T10:47:05.556845+00:00,193.00119425600008,sda5,1.000522402000115,16117760,9819324416,805,20171,0,0,0,0,0.0,0.0,0,
194,2026-10-09T10:47:06.556980+00:00,194.00095027600003,loop0,1.0001355590000003,2107392,0,217,0,0,0,0,0,0.0,0.0,0,
194,2026-10-09T10:47:06.556980+00:00,194.00095027600003,loop1,1.0001355590000003,354304,0,43,0,0,0,0,0,0.0,0.0,0,
194,2026-10-09T10:47:06.556980+00:00,194.00095027600003,loop2,1.0001355590000003,1106944,0,51,0,0,0,0,0,0.0,0.0,0,
194,2026-10-09T10:47:06.556980+00:00,194.00095027600003,loop3,1.0001355590000003,1141760,0,66,0,0,0,0,0,0.0,0.0,0,
194,2026-10-09T10:47:06.556980+00:00,194.00095027600003,loop4,1.0001355590000003,1688576,0,83,0,0,0,0,0,0.0,0.0,0,
194,2026-10-09T10:47:06.556980+00:00,194.00095027600003,loop5,1.0001355590000003,14336,0,11,0,0,0,0,0,0.0,0.0,0,
194,2026-10-09T10:47:06.556980+00:00,194.00095027600003,loop6,1.0001355590000003,0,0,0,0,0,0,0,0,0.0,0.0,0,
194,2026-10-09T10:47:06.556980+00:00,194.00095027600003,loop7,1.0001355590000003,0,0,0,0,0,0,0,0,0.0,0.0,0,
194,2026-10-09T10:47:06.556980+00:00,194.00095027600003,sr0,1.0001355590000003,1536,0,8,0,0,0,0,0,0.0,0.0,0,
194,2026-10-09T10:47:06.556980+00:00,194.00095027600003,sda,1.0001355590000003,382896640,9948610560,8124,27787,0,0,0,0,0.0,0.0,0,
194,2026-10-09T10:47:06.556980+00:00,194.00095027600003,sda1,1.0001355590000003,319488,0,78,0,0,0,0,0,0.0,0.0,0,
194,2026-10-09T10:47:06.556980+00:00,194.00095027600003,sda2,1.0001355590000003,353694720,129167360,6838,7592,0,0,0,0,0.0,0.0,0,
194,2026-10-09T10:47:06.556980+00:00,194.00095027600003,sda3,1.0001355590000003,5653504,118784,152,24,0,0,0,0,0.0,0.0,0,
194,2026-10-09T10:47:06.556980+00:00,194.00095027600003,sda4,1.0001355590000003,4657152,0,116,0,0,0,0,0,0.0,0.0,0,
194,2026-10-09T10:47:06.556980+00:00,194.00095027600003,sda5,1.0001355590000003,16117760,9819324416,805,20171,0,0,0,0,0.0,0.0,0,
195,2026-10-09T10:47:07.559286+00:00,195.00497542300002,loop0,1.0023056449999785,2107392,0,217,0,0,0,0,0,0.0,0.0,0,
195,2026-10-09T10:47:07.559286+00:00,195.00497542300002,loop1,1.0023056449999785,354304,0,43,0,0,0,0,0,0.0,0.0,0,
195,2026-10-09T10:47:07.559286+00:00,195.00497542300002,loop2,1.0023056449999785,1106944,0,51,0,0,0,0,0,0.0,0.0,0,
195,2026-10-09T10:47:07.559286+00:00,195.00497542300002,loop3,1.0023056449999785,1141760,0,66,0,0,0,0,0,0.0,0.0,0,
195,2026-10-09T10:47:07.559286+00:00,195.00497542300002,loop4,1.0023056449999785,1688576,0,83,0,0,0,0,0,0.0,0.0,0,
195,2026-10-09T10:47:07.559286+00:00,195.00497542300002,loop5,1.0023056449999785,14336,0,11,0,0,0,0,0,0.0,0.0,0,
195,2026-10-09T10:47:07.559286+00:00,195.00497542300002,loop6,1.0023056449999785,0,0,0,0,0,0,0,0,0.0,0.0,0,
195,2026-10-09T10:47:07.559286+00:00,195.00497542300002,loop7,1.0023056449999785,0,0,0,0,0,0,0,0,0.0,0.0,0,
195,2026-10-09T10:47:07.559286+00:00,195.00497542300002,sr0,1.0023056449999785,1536,0,8,0,0,0,0,0,0.0,0.0,0,
195,2026-10-09T10:47:07.559286+00:00,195.00497542300002,sda,1.0023056449999785,382896640,9948610560,8124,27787,0,0,0,0,0.0,0.0,0,
195,2026-10-09T10:47:07.559286+00:00,195.00497542300002,sda1,1.0023056449999785,319488,0,78,0,0,0,0,0,0.0,0.0,0,
195,2026-10-09T10:47:07.559286+00:00,195.00497542300002,sda2,1.0023056449999785,353694720,129167360,6838,7592,0,0,0,0,0.0,0.0,0,
195,2026-10-09T10:47:07.559286+00:00,195.00497542300002,sda3,1.0023056449999785,5653504,118784,152,24,0,0,0,0,0.0,0.0,0,
195,2026-10-09T10:47:07.559286+00:00,195.00497542300002,sda4,1.0023056449999785,4657152,0,116,0,0,0,0,0,0.0,0.0,0,
195,2026-10-09T10:47:07.559286+00:00,195.00497542300002,sda5,1.0023056449999785,16117760,9819324416,805,20171,0,0,0,0,0.0,0.0,0,
196,2026-10-09T10:47:08.565835+00:00,196.0102878450001,loop0,1.0065492979999817,2107392,0,217,0,0,0,0,0,0.0,0.0,0,
196,2026-10-09T10:47:08.565835+00:00,196.0102878450001,loop1,1.0065492979999817,354304,0,43,0,0,0,0,0,0.0,0.0,0,
196,2026-10-09T10:47:08.565835+00:00,196.0102878450001,loop2,1.0065492979999817,1106944,0,51,0,0,0,0,0,0.0,0.0,0,
196,2026-10-09T10:47:08.565835+00:00,196.0102878450001,loop3,1.0065492979999817,1141760,0,66,0,0,0,0,0,0.0,0.0,0,
196,2026-10-09T10:47:08.565835+00:00,196.0102878450001,loop4,1.0065492979999817,1688576,0,83,0,0,0,0,0,0.0,0.0,0,
196,2026-10-09T10:47:08.565835+00:00,196.0102878450001,loop5,1.0065492979999817,14336,0,11,0,0,0,0,0,0.0,0.0,0,
196,2026-10-09T10:47:08.565835+00:00,196.0102878450001,loop6,1.0065492979999817,0,0,0,0,0,0,0,0,0.0,0.0,0,
196,2026-10-09T10:47:08.565835+00:00,196.0102878450001,loop7,1.0065492979999817,0,0,0,0,0,0,0,0,0.0,0.0,0,
196,2026-10-09T10:47:08.565835+00:00,196.0102878450001,sr0,1.0065492979999817,1536,0,8,0,0,0,0,0,0.0,0.0,0,
196,2026-10-09T10:47:08.565835+00:00,196.0102878450001,sda,1.0065492979999817,382896640,9948643328,8124,27791,0,32768,0,4,0.0,32554.788985606738,8,
196,2026-10-09T10:47:08.565835+00:00,196.0102878450001,sda1,1.0065492979999817,319488,0,78,0,0,0,0,0,0.0,0.0,0,
196,2026-10-09T10:47:08.565835+00:00,196.0102878450001,sda2,1.0065492979999817,353694720,129183744,6838,7594,0,16384,0,2,0.0,16277.394492803369,4,
196,2026-10-09T10:47:08.565835+00:00,196.0102878450001,sda3,1.0065492979999817,5653504,118784,152,24,0,0,0,0,0.0,0.0,0,
196,2026-10-09T10:47:08.565835+00:00,196.0102878450001,sda4,1.0065492979999817,4657152,0,116,0,0,0,0,0,0.0,0.0,0,
196,2026-10-09T10:47:08.565835+00:00,196.0102878450001,sda5,1.0065492979999817,16117760,9819340800,805,20173,0,16384,0,2,0.0,16277.394492803369,4,
197,2026-10-09T10:47:09.557714+00:00,197.00107199899992,loop0,0.9918786790001377,2107392,0,217,0,0,0,0,0,0.0,0.0,0,
197,2026-10-09T10:47:09.557714+00:00,197.00107199899992,loop1,0.9918786790001377,354304,0,43,0,0,0,0,0,0.0,0.0,0,
197,2026-10-09T10:47:09.557714+00:00,197.00107199899992,loop2,0.9918786790001377,1106944,0,51,0,0,0,0,0,0.0,0.0,0,
197,2026-10-09T10:47:09.557714+00:00,197.00107199899992,loop3,0.9918786790001377,1141760,0,66,0,0,0,0,0,0.0,0.0,0,
197,2026-10-09T10:47:09.557714+00:00,197.00107199899992,loop4,0.9918786790001377,1688576,0,83,0,0,0,0,0,0.0,0.0,0,
197,2026-10-09T10:47:09.557714+00:00,197.00107199899992,loop5,0.9918786790001377,14336,0,11,0,0,0,0,0,0.0,0.0,0,
197,2026-10-09T10:47:09.557714+00:00,197.00107199899992,loop6,0.9918786790001377,0,0,0,0,0,0,0,0,0.0,0.0,0,
197,2026-10-09T10:47:09.557714+00:00,197.00107199899992,loop7,0.9918786790001377,0,0,0,0,0,0,0,0,0.0,0.0,0,
197,2026-10-09T10:47:09.557714+00:00,197.00107199899992,sr0,0.9918786790001377,1536,0,8,0,0,0,0,0,0.0,0.0,0,
197,2026-10-09T10:47:09.557714+00:00,197.00107199899992,sda,0.9918786790001377,382896640,9948643328,8124,27791,0,0,0,0,0.0,0.0,0,
197,2026-10-09T10:47:09.557714+00:00,197.00107199899992,sda1,0.9918786790001377,319488,0,78,0,0,0,0,0,0.0,0.0,0,
197,2026-10-09T10:47:09.557714+00:00,197.00107199899992,sda2,0.9918786790001377,353694720,129183744,6838,7594,0,0,0,0,0.0,0.0,0,
197,2026-10-09T10:47:09.557714+00:00,197.00107199899992,sda3,0.9918786790001377,5653504,118784,152,24,0,0,0,0,0.0,0.0,0,
197,2026-10-09T10:47:09.557714+00:00,197.00107199899992,sda4,0.9918786790001377,4657152,0,116,0,0,0,0,0,0.0,0.0,0,
197,2026-10-09T10:47:09.557714+00:00,197.00107199899992,sda5,0.9918786790001377,16117760,9819340800,805,20173,0,0,0,0,0.0,0.0,0,
198,2026-10-09T10:47:10.561144+00:00,198.0068050440001,loop0,1.003429714999811,2107392,0,217,0,0,0,0,0,0.0,0.0,0,
198,2026-10-09T10:47:10.561144+00:00,198.0068050440001,loop1,1.003429714999811,354304,0,43,0,0,0,0,0,0.0,0.0,0,
198,2026-10-09T10:47:10.561144+00:00,198.0068050440001,loop2,1.003429714999811,1106944,0,51,0,0,0,0,0,0.0,0.0,0,
198,2026-10-09T10:47:10.561144+00:00,198.0068050440001,loop3,1.003429714999811,1141760,0,66,0,0,0,0,0,0.0,0.0,0,
198,2026-10-09T10:47:10.561144+00:00,198.0068050440001,loop4,1.003429714999811,1688576,0,83,0,0,0,0,0,0.0,0.0,0,
198,2026-10-09T10:47:10.561144+00:00,198.0068050440001,loop5,1.003429714999811,14336,0,11,0,0,0,0,0,0.0,0.0,0,
198,2026-10-09T10:47:10.561144+00:00,198.0068050440001,loop6,1.003429714999811,0,0,0,0,0,0,0,0,0.0,0.0,0,
198,2026-10-09T10:47:10.561144+00:00,198.0068050440001,loop7,1.003429714999811,0,0,0,0,0,0,0,0,0.0,0.0,0,
198,2026-10-09T10:47:10.561144+00:00,198.0068050440001,sr0,1.003429714999811,1536,0,8,0,0,0,0,0,0.0,0.0,0,
198,2026-10-09T10:47:10.561144+00:00,198.0068050440001,sda,1.003429714999811,382937600,9948643328,8125,27791,40960,0,1,0,40819.99903701049,0.0,4,
198,2026-10-09T10:47:10.561144+00:00,198.0068050440001,sda1,1.003429714999811,319488,0,78,0,0,0,0,0,0.0,0.0,0,
198,2026-10-09T10:47:10.561144+00:00,198.0068050440001,sda2,1.003429714999811,353735680,129183744,6839,7594,40960,0,1,0,40819.99903701049,0.0,4,
198,2026-10-09T10:47:10.561144+00:00,198.0068050440001,sda3,1.003429714999811,5653504,118784,152,24,0,0,0,0,0.0,0.0,0,
198,2026-10-09T10:47:10.561144+00:00,198.0068050440001,sda4,1.003429714999811,4657152,0,116,0,0,0,0,0,0.0,0.0,0,
198,2026-10-09T10:47:10.561144+00:00,198.0068050440001,sda5,1.003429714999811,16117760,9819340800,805,20173,0,0,0,0,0.0,0.0,0,
199,2026-10-09T10:47:11.555292+00:00,199.0008583309999,loop0,0.9941481890000432,2107392,0,217,0,0,0,0,0,0.0,0.0,0,
199,2026-10-09T10:47:11.555292+00:00,199.0008583309999,loop1,0.9941481890000432,354304,0,43,0,0,0,0,0,0.0,0.0,0,
199,2026-10-09T10:47:11.555292+00:00,199.0008583309999,loop2,0.9941481890000432,1106944,0,51,0,0,0,0,0,0.0,0.0,0,
199,2026-10-09T10:47:11.555292+00:00,199.0008583309999,loop3,0.9941481890000432,1141760,0,66,0,0,0,0,0,0.0,0.0,0,
199,2026-10-09T10:47:11.555292+00:00,199.0008583309999,loop4,0.9941481890000432,1688576,0,83,0,0,0,0,0,0.0,0.0,0,
199,2026-10-09T10:47:11.555292+00:00,199.0008583309999,loop5,0.9941481890000432,14336,0,11,0,0,0,0,0,0.0,0.0,0,
199,2026-10-09T10:47:11.555292+00:00,199.0008583309999,loop6,0.9941481890000432,0,0,0,0,0,0,0,0,0.0,0.0,0,
199,2026-10-09T10:47:11.555292+00:00,199.0008583309999,loop7,0.9941481890000432,0,0,0,0,0,0,0,0,0.0,0.0,0,
199,2026-10-09T10:47:11.555292+00:00,199.0008583309999,sr0,0.9941481890000432,1536,0,8,0,0,0,0,0,0.0,0.0,0,
199,2026-10-09T10:47:11.555292+00:00,199.0008583309999,sda,0.9941481890000432,382937600,9951989760,8125,28283,0,3346432,0,492,0.0,3366129.9563055933,344,
199,2026-10-09T10:47:11.555292+00:00,199.0008583309999,sda1,0.9941481890000432,319488,0,78,0,0,0,0,0,0.0,0.0,0,
199,2026-10-09T10:47:11.555292+00:00,199.0008583309999,sda2,0.9941481890000432,353735680,132530176,6839,8086,0,3346432,0,492,0.0,3366129.9563055933,344,
199,2026-10-09T10:47:11.555292+00:00,199.0008583309999,sda3,0.9941481890000432,5653504,118784,152,24,0,0,0,0,0.0,0.0,0,
199,2026-10-09T10:47:11.555292+00:00,199.0008583309999,sda4,0.9941481890000432,4657152,0,116,0,0,0,0,0,0.0,0.0,0,
199,2026-10-09T10:47:11.555292+00:00,199.0008583309999,sda5,0.9941481890000432,16117760,9819340800,805,20173,0,0,0,0,0.0,0.0,0,
