amostra,utc,tempo_relativo_s,pid,criado_epoch_s,papel,cpu_intervalo_real_s,cpu_uma_cpu_pct,cpu_capacidade_vm_pct,rss_bytes,vms_bytes,uss_bytes,pss_bytes,erro
1,2026-10-09T11:33:41.601075+00:00,1.000904840000203,1282,1791541887.28,principal,,,,24018944,32931840,14065664,14794752,
1,2026-10-09T11:33:41.601075+00:00,1.000904840000203,1283,1791541887.37,descendente,,,,11145216,19406848,5029888,5385216,
1,2026-10-09T11:33:41.601075+00:00,1.000904840000203,1284,1791541887.37,descendente,,,,43229184,358354944,29396992,30775296,
1,2026-10-09T11:33:41.601075+00:00,1.000904840000203,1285,1791541887.37,descendente,,,,42651648,358346752,28770304,30251008,
2,2026-10-09T11:33:42.601608+00:00,2.0013826000003974,1282,1791541887.28,principal,1.000540735999948,0.0,0.0,24018944,32931840,14065664,14794752,
2,2026-10-09T11:33:42.601608+00:00,2.0013826000003974,1283,1791541887.37,descendente,1.0002807350001603,0.0,0.0,11145216,19406848,5029888,5385216,
2,2026-10-09T11:33:42.601608+00:00,2.0013826000003974,1284,1791541887.37,descendente,1.0002899179999076,0.0,0.0,43229184,358354944,29396992,30775296,
2,2026-10-09T11:33:42.601608+00:00,2.0013826000003974,1285,1791541887.37,descendente,1.0003261589999966,0.0,0.0,42651648,358346752,28770304,30251008,
3,2026-10-09T11:33:43.602057+00:00,3.0015543200001957,1282,1791541887.28,principal,1.0004489680000006,0.0,0.0,24018944,32931840,14065664,14794752,
3,2026-10-09T11:33:43.602057+00:00,3.0015543200001957,1283,1791541887.37,descendente,1.0004743360000248,0.0,0.0,11145216,19406848,5029888,5385216,
3,2026-10-09T11:33:43.602057+00:00,3.0015543200001957,1284,1791541887.37,descendente,1.0005572990003202,0.999443011409021,0.4997215057045105,43229184,358354944,29396992,30775296,
3,2026-10-09T11:33:43.602057+00:00,3.0015543200001957,1285,1791541887.37,descendente,1.000665773000037,0.9993346699585417,0.49966733497927085,42651648,358346752,28770304,30251008,
4,2026-10-09T11:33:44.604072+00:00,4.003951681000217,1282,1791541887.28,principal,1.0020063599999958,0.9979976574200861,0.49899882871004303,24018944,32931840,14065664,14794752,
4,2026-10-09T11:33:44.604072+00:00,4.003951681000217,1283,1791541887.37,descendente,1.0019754439999815,0.0,0.0,11145216,19406848,5029888,5385216,
4,2026-10-09T11:33:44.604072+00:00,4.003951681000217,1284,1791541887.37,descendente,1.0018880989996433,4.990577295999851,2.4952886479999257,199741440,515641344,186683392,188061696,
4,2026-10-09T11:33:44.604072+00:00,4.003951681000217,1285,1791541887.37,descendente,1.0031033879999995,0.0,0.0,42651648,358346752,28770304,30251008,
5,2026-10-09T11:33:45.601944+00:00,5.001414481000211,1282,1791541887.28,principal,0.9978731149999476,0.0,0.0,24018944,32931840,14065664,14794752,
5,2026-10-09T11:33:45.601944+00:00,5.001414481000211,1283,1791541887.37,descendente,0.9978579769999669,0.0,0.0,11145216,19406848,5029888,5385216,
5,2026-10-09T11:33:45.601944+00:00,5.001414481000211,1284,1791541887.37,descendente,0.9978491050001139,6.012933187928792,3.006466593964396,147570688,463212544,134254592,135632896,
5,2026-10-09T11:33:45.601944+00:00,5.001414481000211,1285,1791541887.37,descendente,0.9969971350001288,2.0060238187140818,1.0030119093570409,94822400,410775552,81199104,82679808,
6,2026-10-09T11:33:46.600582+00:00,6.0004357610000625,1282,1791541887.28,principal,0.9986344889998691,0.0,0.0,24018944,32931840,14065664,14794752,
6,2026-10-09T11:33:46.600582+00:00,6.0004357610000625,1283,1791541887.37,descendente,0.9986310499998581,0.0,0.0,11145216,19406848,5029888,5385216,
6,2026-10-09T11:33:46.600582+00:00,6.0004357610000625,1284,1791541887.37,descendente,0.9986246459998256,7.009640737427681,3.5048203687138404,199741440,515641344,186683392,188061696,
6,2026-10-09T11:33:46.600582+00:00,6.0004357610000625,1285,1791541887.37,descendente,0.9989956849999544,1.0010053246628408,0.5005026623314204,42651648,358346752,28770304,30251008,
7,2026-10-09T11:33:47.606101+00:00,7.005819117000101,1282,1791541887.28,principal,1.0055420399999093,0.0,0.0,24018944,32931840,14065664,14794752,
7,2026-10-09T11:33:47.606101+00:00,7.005819117000101,1283,1791541887.37,descendente,1.0059151880000172,0.0,0.0,11145216,19406848,5029888,5385216,
7,2026-10-09T11:33:47.606101+00:00,7.005819117000101,1284,1791541887.37,descendente,1.0060894850003024,5.96368423430851,2.981842117154255,147570688,463212544,134254592,135632896,
7,2026-10-09T11:33:47.606101+00:00,7.005819117000101,1285,1791541887.37,descendente,1.005816422999942,1.9884344242806946,0.9942172121403473,94822400,410775552,81199104,82679808,
8,2026-10-09T11:33:48.602901+00:00,8.002579082000011,1282,1791541887.28,principal,0.9967812150002828,0.0,0.0,24018944,32931840,14065664,14794752,
8,2026-10-09T11:33:48.602901+00:00,8.002579082000011,1283,1791541887.37,descendente,0.9964203290001024,0.0,0.0,11145216,19406848,5029888,5385216,
8,2026-10-09T11:33:48.602901+00:00,8.002579082000011,1284,1791541887.37,descendente,0.9962573309999243,3.011270187582029,1.5056350937910146,95399936,410783744,81825792,83204096,
8,2026-10-09T11:33:48.602901+00:00,8.002579082000011,1285,1791541887.37,descendente,0.9960185659997478,6.023984095093054,3.011992047546527,146993152,463204352,133627904,135108608,
9,2026-10-09T11:33:49.610893+00:00,9.008936744000039,1282,1791541887.28,principal,1.0079957009997997,0.0,0.0,24018944,32931840,14065664,14794752,
9,2026-10-09T11:33:49.610893+00:00,9.008936744000039,1283,1791541887.37,descendente,1.0079934479999793,0.0,0.0,11145216,19406848,5029888,5385216,
9,2026-10-09T11:33:49.610893+00:00,9.008936744000039,1284,1791541887.37,descendente,1.007988340999873,5.952449801203588,2.976224900601794,147570688,463212544,134254592,135632896,
9,2026-10-09T11:33:49.610893+00:00,9.008936744000039,1285,1791541887.37,descendente,1.0090046370000891,2.9732271686278176,1.4866135843139088,94822400,410775552,81199104,82679808,
10,2026-10-09T11:33:50.621818+00:00,10.021658861000105,1282,1791541887.28,principal,1.0109197199999471,0.0,0.0,24018944,32931840,14065664,14794752,
10,2026-10-09T11:33:50.621818+00:00,10.021658861000105,1283,1791541887.37,descendente,1.0109202969997568,0.0,0.0,11145216,19406848,5029888,5385216,
10,2026-10-09T11:33:50.621818+00:00,10.021658861000105,1284,1791541887.37,descendente,1.010987650000061,1.9782635326948226,0.9891317663474113,95399936,410783744,81825792,83204096,
10,2026-10-09T11:33:50.621818+00:00,10.021658861000105,1285,1791541887.37,descendente,1.0099079579999852,4.950946232666274,2.475473116333137,146993152,463204352,133627904,135108608,
11,2026-10-09T11:33:51.605316+00:00,11.004903997000383,1282,1791541887.28,principal,0.983500764999917,0.0,0.0,24018944,32931840,14065664,14794752,
11,2026-10-09T11:33:51.605316+00:00,11.004903997000383,1283,1791541887.37,descendente,0.9835450870000386,0.0,0.0,11145216,19406848,5029888,5385216,
11,2026-10-09T11:33:51.605316+00:00,11.004903997000383,1284,1791541887.37,descendente,0.9835220160002791,7.1172783995896705,3.5586391997948352,199741440,515641344,186683392,188061696,
11,2026-10-09T11:33:51.605316+00:00,11.004903997000383,1285,1791541887.37,descendente,0.9846220449999237,1.0156181298990048,0.5078090649495024,42651648,358346752,28770304,30251008,
12,2026-10-09T11:33:52.603406+00:00,12.003250365999975,1282,1791541887.28,principal,0.9980875430001106,1.001916121499843,0.5009580607499216,24018944,32931840,14065664,14794752,
12,2026-10-09T11:33:52.603406+00:00,12.003250365999975,1283,1791541887.37,descendente,0.9980374970000412,0.0,0.0,11145216,19406848,5029888,5385216,
12,2026-10-09T11:33:52.603406+00:00,12.003250365999975,1284,1791541887.37,descendente,0.9979957059999833,5.010041596311748,2.505020798155874,147570688,463212544,134254592,135632896,
12,2026-10-09T11:33:52.603406+00:00,12.003250365999975,1285,1791541887.37,descendente,0.9970946820003519,2.005827566934362,1.002913783467181,94822400,410775552,81199104,82679808,
13,2026-10-09T11:33:53.610114+00:00,13.009982284000216,1282,1791541887.28,principal,1.0067066820001855,0.0,0.0,24018944,32931840,14065664,14794752,
13,2026-10-09T11:33:53.610114+00:00,13.009982284000216,1283,1791541887.37,descendente,1.0067101750000802,0.0,0.0,11145216,19406848,5029888,5385216,
13,2026-10-09T11:33:53.610114+00:00,13.009982284000216,1284,1791541887.37,descendente,1.0067053029997624,2.9800180758563726,1.4900090379281863,95399936,410783744,81825792,83204096,
13,2026-10-09T11:33:53.610114+00:00,13.009982284000216,1285,1791541887.37,descendente,1.0064058289999593,4.968174722287179,2.4840873611435894,146993152,463204352,133632000,135112704,
14,2026-10-09T11:33:54.608287+00:00,14.007559094000044,1282,1791541887.28,principal,0.9981913480000912,0.0,0.0,24018944,32931840,14065664,14794752,
14,2026-10-09T11:33:54.608287+00:00,14.007559094000044,1283,1791541887.37,descendente,0.9982626559999517,0.0,0.0,11145216,19406848,5029888,5385216,
14,2026-10-09T11:33:54.608287+00:00,14.007559094000044,1284,1791541887.37,descendente,0.9983267030002025,5.0083805080780825,2.5041902540390413,147570688,463212544,134254592,135632896,
14,2026-10-09T11:33:54.608287+00:00,14.007559094000044,1285,1791541887.37,descendente,0.9990981569999349,3.0027079711651488,1.5013539855825744,94822400,410775552,81203200,82683904,
15,2026-10-09T11:33:55.601782+00:00,15.00130196200007,1282,1791541887.28,principal,0.9934853629997633,0.0,0.0,24018944,32931840,14065664,14794752,
15,2026-10-09T11:33:55.601782+00:00,15.00130196200007,1283,1791541887.37,descendente,0.9934407900000224,0.0,0.0,11145216,19406848,5029888,5385216,
15,2026-10-09T11:33:55.601782+00:00,15.00130196200007,1284,1791541887.37,descendente,0.9933918479996464,3.0199563304662647,1.5099781652331323,164057088,515641344,152543232,153921536,
15,2026-10-09T11:33:55.601782+00:00,15.00130196200007,1285,1791541887.37,descendente,0.9931013489999714,1.0069465729828397,0.5034732864914199,42651648,358346752,28774400,30255104,
16,2026-10-09T11:33:56.601104+00:00,16.000636756000404,1282,1791541887.28,principal,0.9993132409999816,0.0,0.0,24018944,32931840,14065664,14794752,
16,2026-10-09T11:33:56.601104+00:00,16.000636756000404,1283,1791541887.37,descendente,0.9992873340002006,0.0,0.0,11145216,19406848,5029888,5385216,
16,2026-10-09T11:33:56.601104+00:00,16.000636756000404,1284,1791541887.37,descendente,0.99932496800011,3.0020264639277814,1.5010132319638907,95399936,410783744,81825792,83204096,
16,2026-10-09T11:33:56.601104+00:00,16.000636756000404,1285,1791541887.37,descendente,0.9990523370001938,5.004742809583904,2.502371404791952,121851904,463204352,109305856,110786560,
17,2026-10-09T11:33:57.604662+00:00,17.004523885000253,1282,1791541887.28,principal,1.0035581870001806,0.0,0.0,24018944,32931840,14065664,14794752,
17,2026-10-09T11:33:57.604662+00:00,17.004523885000253,1283,1791541887.37,descendente,1.0035615659999166,0.0,0.0,11145216,19406848,5029888,5385216,
17,2026-10-09T11:33:57.604662+00:00,17.004523885000253,1284,1791541887.37,descendente,1.0035181200000807,0.9964942137763497,0.49824710688817486,43229184,358354944,29396992,30775296,
17,2026-10-09T11:33:57.604662+00:00,17.004523885000253,1285,1791541887.37,descendente,1.0033632609997767,5.979888075652356,2.989944037826178,199163904,515633152,186068992,187549696,
18,2026-10-09T11:33:58.613972+00:00,18.01341753500037,1282,1791541887.28,principal,1.0093109929998718,0.0,0.0,24018944,32931840,14065664,14794752,
18,2026-10-09T11:33:58.613972+00:00,18.01341753500037,1283,1791541887.37,descendente,1.009326523999789,0.0,0.0,11145216,19406848,5029888,5385216,
18,2026-10-09T11:33:58.613972+00:00,18.01341753500037,1284,1791541887.37,descendente,1.009337453000171,3.96299571378259,1.981497856891295,147570688,463212544,134254592,135632896,
18,2026-10-09T11:33:58.613972+00:00,18.01341753500037,1285,1791541887.37,descendente,1.0095788680000624,2.9715360484343787,1.4857680242171893,94822400,410775552,81211392,82692096,
19,2026-10-09T11:33:59.606938+00:00,19.006694385000173,1282,1791541887.28,principal,0.9929694600000403,0.0,0.0,24018944,32931840,14065664,14794752,
19,2026-10-09T11:33:59.606938+00:00,19.006694385000173,1283,1791541887.37,descendente,0.9929471290001857,0.0,0.0,11145216,19406848,5029888,5385216,
19,2026-10-09T11:33:59.606938+00:00,19.006694385000173,1284,1791541887.37,descendente,0.9929234579999502,3.0213809290426332,1.5106904645213166,95399936,410783744,81825792,83204096,
19,2026-10-09T11:33:59.606938+00:00,19.006694385000173,1285,1791541887.37,descendente,0.9930566389998603,5.034959541719326,2.517479770859663,146993152,463204352,133640192,135120896,
20,2026-10-09T11:34:00.601086+00:00,20.000489675000154,1282,1791541887.28,principal,0.9941570410001077,0.0,0.0,24018944,32931840,14065664,14794752,
20,2026-10-09T11:34:00.601086+00:00,20.000489675000154,1283,1791541887.37,descendente,0.9942044229997009,0.0,0.0,11145216,19406848,5029888,5385216,
20,2026-10-09T11:34:00.601086+00:00,20.000489675000154,1284,1791541887.37,descendente,0.9942526019999605,6.034683729195924,3.017341864597962,188387328,515641344,175226880,176605184,
20,2026-10-09T11:34:00.601086+00:00,20.000489675000154,1285,1791541887.37,descendente,0.9947607630001585,1.005266831176414,0.502633415588207,42651648,358346752,28782592,30263296,
21,2026-10-09T11:34:01.604749+00:00,21.00456086200029,1282,1791541887.28,principal,1.0036528840000756,0.0,0.0,24018944,32931840,14065664,14794752,
21,2026-10-09T11:34:01.604749+00:00,21.00456086200029,1283,1791541887.37,descendente,1.003624587000104,0.0,0.0,11145216,19406848,5029888,5385216,
21,2026-10-09T11:34:01.604749+00:00,21.00456086200029,1284,1791541887.37,descendente,1.0036024659998475,1.9928209303545705,0.9964104651772853,95399936,410783744,81825792,83204096,
21,2026-10-09T11:34:01.604749+00:00,21.00456086200029,1285,1791541887.37,descendente,1.0028145669998594,3.988773330215127,1.9943866651075635,146993152,463204352,133640192,135120896,
22,2026-10-09T11:34:02.601188+00:00,22.00108832700016,1282,1791541887.28,principal,0.996435599999586,0.0,0.0,24018944,32931840,14065664,14794752,
22,2026-10-09T11:34:02.601188+00:00,22.00108832700016,1283,1791541887.37,descendente,0.996420801000113,0.0,0.0,11145216,19406848,5029888,5385216,
22,2026-10-09T11:34:02.601188+00:00,22.00108832700016,1284,1791541887.37,descendente,0.9964055509999525,3.010822247015218,1.505411123507609,95399936,410783744,81825792,83204096,
22,2026-10-09T11:34:02.601188+00:00,22.00108832700016,1285,1791541887.37,descendente,0.9962634950002212,5.018752594160806,2.509376297080403,146993152,463204352,133640192,135120896,
23,2026-10-09T11:34:03.602278+00:00,23.00174701600008,1282,1791541887.28,principal,1.0010914130002675,0.0,0.0,24018944,32931840,14065664,14794752,
23,2026-10-09T11:34:03.602278+00:00,23.00174701600008,1283,1791541887.37,descendente,1.0010919480000666,0.0,0.0,11145216,19406848,5029888,5385216,
23,2026-10-09T11:34:03.602278+00:00,23.00174701600008,1284,1791541887.37,descendente,1.0010895620002884,3.995646495411928,1.997823247705964,147570688,463212544,134254592,135632896,
23,2026-10-09T11:34:03.602278+00:00,23.00174701600008,1285,1791541887.37,descendente,1.0013679959997717,2.9959016185698455,1.4979508092849227,94822400,410775552,81211392,82692096,
24,2026-10-09T11:34:04.604160+00:00,24.00396782300004,1282,1791541887.28,principal,1.0018814029999703,0.0,0.0,24018944,32931840,14065664,14794752,
24,2026-10-09T11:34:04.604160+00:00,24.00396782300004,1283,1791541887.37,descendente,1.0022723729998688,0.0,0.0,11145216,19406848,5029888,5385216,
24,2026-10-09T11:34:04.604160+00:00,24.00396782300004,1284,1791541887.37,descendente,1.00228345000005,2.993165256794337,1.4965826283971686,95399936,410783744,81825792,83204096,
24,2026-10-09T11:34:04.604160+00:00,24.00396782300004,1285,1791541887.37,descendente,1.0025378410000485,5.984811499997616,2.992405749998808,146993152,463204352,133640192,135120896,
25,2026-10-09T11:34:05.600820+00:00,25.000277157000255,1282,1791541887.28,principal,0.9966615580001417,0.0,0.0,24018944,32931840,14065664,14794752,
25,2026-10-09T11:34:05.600820+00:00,25.000277157000255,1283,1791541887.37,descendente,0.9962736550000955,0.0,0.0,11145216,19406848,5029888,5385216,
25,2026-10-09T11:34:05.600820+00:00,25.000277157000255,1284,1791541887.37,descendente,0.9963416379996488,3.0110153842643794,1.5055076921321897,95399936,410783744,81825792,83204096,
25,2026-10-09T11:34:05.600820+00:00,25.000277157000255,1285,1791541887.37,descendente,0.995993301999988,5.02011408104844,2.51005704052422,146993152,463204352,133640192,135120896,
26,2026-10-09T11:34:06.603399+00:00,26.003238867000164,1282,1791541887.28,principal,1.0025784659997043,0.0,0.0,24018944,32931840,14065664,14794752,
26,2026-10-09T11:34:06.603399+00:00,26.003238867000164,1283,1791541887.37,descendente,1.0025729839999258,0.0,0.0,11145216,19406848,5029888,5385216,
26,2026-10-09T11:34:06.603399+00:00,26.003238867000164,1284,1791541887.37,descendente,1.0024887029999263,2.9925524258002327,1.4962762129001164,95399936,410783744,81825792,83204096,
26,2026-10-09T11:34:06.603399+00:00,26.003238867000164,1285,1791541887.37,descendente,1.002531898000143,5.984846977905707,2.9924234889528534,146993152,463204352,133640192,135120896,
27,2026-10-09T11:34:07.601447+00:00,27.00080209400039,1282,1791541887.28,principal,0.9980518000002121,0.0,0.0,24018944,32931840,14065664,14794752,
27,2026-10-09T11:34:07.601447+00:00,27.00080209400039,1283,1791541887.37,descendente,0.9980585299999802,0.0,0.0,11145216,19406848,5029888,5385216,
27,2026-10-09T11:34:07.601447+00:00,27.00080209400039,1284,1791541887.37,descendente,0.9980791400003,3.005773670411759,1.5028868352058795,95399936,410783744,81825792,83204096,
27,2026-10-09T11:34:07.601447+00:00,27.00080209400039,1285,1791541887.37,descendente,0.9979064579997612,5.010489670567166,2.505244835283583,146993152,463204352,133640192,135120896,
28,2026-10-09T11:34:08.606373+00:00,28.005904360000386,1282,1791541887.28,principal,1.0049741190000532,0.0,0.0,24018944,32931840,14065664,14794752,
28,2026-10-09T11:34:08.606373+00:00,28.005904360000386,1283,1791541887.37,descendente,1.0052278580001257,0.0,0.0,11145216,19406848,5029888,5385216,
28,2026-10-09T11:34:08.606373+00:00,28.005904360000386,1284,1791541887.37,descendente,1.0053704849997303,2.9839746091218933,1.4919873045609466,95399936,410783744,81825792,83204096,
28,2026-10-09T11:34:08.606373+00:00,28.005904360000386,1285,1791541887.37,descendente,1.0064243750002788,4.968083170678702,2.484041585339351,146993152,463204352,133640192,135120896,
29,2026-10-09T11:34:09.610079+00:00,29.009879833000014,1282,1791541887.28,principal,1.0036503679998532,0.0,0.0,24018944,32931840,14065664,14794752,
29,2026-10-09T11:34:09.610079+00:00,29.009879833000014,1283,1791541887.37,descendente,1.003377153999736,0.0,0.0,11145216,19406848,5029888,5385216,
29,2026-10-09T11:34:09.610079+00:00,29.009879833000014,1284,1791541887.37,descendente,1.003245852999953,1.9935292969513088,0.9967646484756544,95399936,410783744,81825792,83204096,
29,2026-10-09T11:34:09.610079+00:00,29.009879833000014,1285,1791541887.37,descendente,1.0021067659999972,4.9894883156592575,2.4947441578296288,146993152,463204352,133640192,135120896,
30,2026-10-09T11:34:10.607117+00:00,30.00667553300036,1282,1791541887.28,principal,0.9970517910001035,0.0,0.0,24018944,32931840,14065664,14794752,
30,2026-10-09T11:34:10.607117+00:00,30.00667553300036,1283,1791541887.37,descendente,0.9970754109999689,0.0,0.0,11145216,19406848,5029888,5385216,
30,2026-10-09T11:34:10.607117+00:00,30.00667553300036,1284,1791541887.37,descendente,0.9970637700002953,3.0088346305060005,1.5044173152530003,95399936,410783744,81825792,83204096,
30,2026-10-09T11:34:10.607117+00:00,30.00667553300036,1285,1791541887.37,descendente,0.9970974709999609,5.014554890993468,2.507277445496734,146993152,463204352,133640192,135120896,
31,2026-10-09T11:34:11.601253+00:00,31.00111080400029,1282,1791541887.28,principal,0.9941254559998924,0.0,0.0,24018944,32931840,14065664,14794752,
31,2026-10-09T11:34:11.601253+00:00,31.00111080400029,1283,1791541887.37,descendente,0.9941148430002613,0.0,0.0,11145216,19406848,5029888,5385216,
31,2026-10-09T11:34:11.601253+00:00,31.00111080400029,1284,1791541887.37,descendente,0.99409863999972,3.0178091783738465,1.5089045891869233,95399936,410783744,81825792,83204096,
31,2026-10-09T11:34:11.601253+00:00,31.00111080400029,1285,1791541887.37,descendente,0.9944361509997179,5.027974893082391,2.5139874465411953,146993152,463204352,133640192,135120896,
32,2026-10-09T11:34:12.601395+00:00,32.00125526000011,1282,1791541887.28,principal,1.0001403470000696,0.0,0.0,24018944,32931840,14065664,14794752,
32,2026-10-09T11:34:12.601395+00:00,32.00125526000011,1283,1791541887.37,descendente,1.0001397790001647,0.0,0.0,11145216,19406848,5029888,5385216,
32,2026-10-09T11:34:12.601395+00:00,32.00125526000011,1284,1791541887.37,descendente,1.0001401940003234,1.999719651302516,0.999859825651258,147570688,463212544,134254592,135632896,
32,2026-10-09T11:34:12.601395+00:00,32.00125526000011,1285,1791541887.37,descendente,1.00013078100028,0.0,0.0,94822400,410775552,81211392,82692096,
33,2026-10-09T11:34:13.609571+00:00,33.009485637000125,1282,1791541887.28,principal,1.0081739239999479,0.0,0.0,24018944,32931840,14065664,14794752,
33,2026-10-09T11:34:13.609571+00:00,33.009485637000125,1283,1791541887.37,descendente,1.0081672689998413,0.0,0.0,11145216,19406848,5029888,5385216,
33,2026-10-09T11:34:13.609571+00:00,33.009485637000125,1284,1791541887.37,descendente,1.0081619429997772,2.9757124049670427,1.4878562024835214,95399936,410783744,81825792,83204096,
33,2026-10-09T11:34:13.609571+00:00,33.009485637000125,1285,1791541887.37,descendente,1.007857932999741,2.976609998068576,1.488304999034288,94822400,410775552,81211392,82692096,
34,2026-10-09T11:34:14.602063+00:00,34.00151975400013,1282,1791541887.28,principal,0.9925000560001536,0.0,0.0,24018944,32931840,14065664,14794752,
34,2026-10-09T11:34:14.602063+00:00,34.00151975400013,1283,1791541887.37,descendente,0.9925130599999648,0.0,0.0,11145216,19406848,5029888,5385216,
34,2026-10-09T11:34:14.602063+00:00,34.00151975400013,1284,1791541887.37,descendente,0.9925231600000188,0.0,0.0,43229184,358354944,29396992,30775296,
34,2026-10-09T11:34:14.602063+00:00,34.00151975400013,1285,1791541887.37,descendente,0.9922965529999601,1.0077632507912144,0.5038816253956072,42651648,358346752,28782592,30263296,
35,2026-10-09T11:34:15.608369+00:00,35.007852384000216,1282,1791541887.28,principal,1.006310848999874,0.0,0.0,24018944,32931840,14065664,14794752,
35,2026-10-09T11:34:15.608369+00:00,35.007852384000216,1283,1791541887.37,descendente,1.0063304589998552,0.0,0.0,11145216,19406848,5029888,5385216,
35,2026-10-09T11:34:15.608369+00:00,35.007852384000216,1284,1791541887.37,descendente,1.0063419430002796,0.0,0.0,43229184,358354944,29396992,30775296,
35,2026-10-09T11:34:15.608369+00:00,35.007852384000216,1285,1791541887.37,descendente,1.0063640800003668,0.0,0.0,42651648,358346752,28782592,30263296,
36,2026-10-09T11:34:16.603679+00:00,36.00349872200013,1282,1791541887.28,principal,0.9952993179999794,0.0,0.0,24018944,32931840,14065664,14794752,
36,2026-10-09T11:34:16.603679+00:00,36.00349872200013,1283,1791541887.37,descendente,0.9952739170003042,0.0,0.0,11145216,19406848,5029888,5385216,
36,2026-10-09T11:34:16.603679+00:00,36.00349872200013,1284,1791541887.37,descendente,0.9952586790000169,0.0,0.0,43229184,358354944,29396992,30775296,
36,2026-10-09T11:34:16.603679+00:00,36.00349872200013,1285,1791541887.37,descendente,0.995226067999738,6.028780990492957,3.0143904952464786,199163904,591134720,186089472,187570176,
37,2026-10-09T11:34:17.601050+00:00,37.0009638180004,1282,1791541887.28,principal,0.9973680250000143,1.0026389205729838,0.5013194602864919,24018944,32931840,14065664,14794752,
37,2026-10-09T11:34:17.601050+00:00,37.0009638180004,1283,1791541887.37,descendente,0.997359196999696,0.0,0.0,11145216,19406848,5029888,5385216,
37,2026-10-09T11:34:17.601050+00:00,37.0009638180004,1284,1791541887.37,descendente,0.9973530399997799,0.0,0.0,43229184,358354944,29396992,30775296,
37,2026-10-09T11:34:17.601050+00:00,37.0009638180004,1285,1791541887.37,descendente,0.9973446829999375,7.018636705361036,3.509318352680518,199180288,591134720,186101760,187582464,
38,2026-10-09T11:34:18.608839+00:00,38.00807622000002,1282,1791541887.28,principal,1.0077970659999664,0.0,0.0,24018944,32931840,14065664,14794752,
38,2026-10-09T11:34:18.608839+00:00,38.00807622000002,1283,1791541887.37,descendente,1.008117355000195,0.0,0.0,11145216,19406848,5029888,5385216,
38,2026-10-09T11:34:18.608839+00:00,38.00807622000002,1284,1791541887.37,descendente,1.0082336999998915,4.959167700901342,2.479583850450671,147570688,463212544,134254592,135632896,
38,2026-10-09T11:34:18.608839+00:00,38.00807622000002,1285,1791541887.37,descendente,1.0088025780000862,3.965096925039354,1.982548462519677,94846976,486277120,81244160,82724864,
39,2026-10-09T11:34:19.605102+00:00,39.00498347800021,1282,1791541887.28,principal,0.9962598819997766,0.0,0.0,24018944,32931840,14065664,14794752,
39,2026-10-09T11:34:19.605102+00:00,39.00498347800021,1283,1791541887.37,descendente,0.9959626989998469,0.0,0.0,11145216,19406848,5029888,5385216,
39,2026-10-09T11:34:19.605102+00:00,39.00498347800021,1284,1791541887.37,descendente,0.9959890130003259,5.020135699025818,2.510067849512909,147570688,463212544,134258688,135636992,
39,2026-10-09T11:34:19.605102+00:00,39.00498347800021,1285,1791541887.37,descendente,0.996547228000054,3.0103942048193133,1.5051971024096567,94846976,486277120,81244160,82724864,
40,2026-10-09T11:34:20.611008+00:00,40.01053842600004,1282,1791541887.28,principal,1.0059035310000581,0.0,0.0,24018944,32931840,14065664,14794752,
40,2026-10-09T11:34:20.611008+00:00,40.01053842600004,1283,1791541887.37,descendente,1.0059055850001641,0.0,0.0,11145216,19406848,5029888,5385216,
40,2026-10-09T11:34:20.611008+00:00,40.01053842600004,1284,1791541887.37,descendente,1.0062155609998626,2.981468500664708,1.490734250332354,95404032,410783744,81833984,83212288,
40,2026-10-09T11:34:20.611008+00:00,40.01053842600004,1285,1791541887.37,descendente,1.0055642769998485,4.972332564277067,2.4861662821385333,147017728,538705920,133672960,135153664,
41,2026-10-09T11:34:21.600891+00:00,41.000741368000035,1282,1791541887.28,principal,0.9898854520001805,0.0,0.0,24018944,32931840,14065664,14794752,
41,2026-10-09T11:34:21.600891+00:00,41.000741368000035,1283,1791541887.37,descendente,0.9898672760000409,0.0,0.0,11145216,19406848,5029888,5385216,
41,2026-10-09T11:34:21.600891+00:00,41.000741368000035,1284,1791541887.37,descendente,0.9894201209999665,5.05346504874671,2.526732524373355,147574784,463212544,134262784,135641088,
41,2026-10-09T11:34:21.600891+00:00,41.000741368000035,1285,1791541887.37,descendente,0.989510748000157,3.031801328144121,1.5159006640720605,94846976,486277120,81244160,82724864,
42,2026-10-09T11:34:22.611616+00:00,42.01099089700028,1282,1791541887.28,principal,1.0107245330000296,0.0,0.0,24018944,32931840,14065664,14794752,
42,2026-10-09T11:34:22.611616+00:00,42.01099089700028,1283,1791541887.37,descendente,1.0107249469997441,0.0,0.0,11145216,19406848,5029888,5385216,
42,2026-10-09T11:34:22.611616+00:00,42.01099089700028,1284,1791541887.37,descendente,1.0113685820001592,0.9887592098442737,0.49437960492213684,43233280,358354944,29405184,30783488,
42,2026-10-09T11:34:22.611616+00:00,42.01099089700028,1285,1791541887.37,descendente,1.0108910859999014,6.924583762726652,3.462291881363326,199188480,591134720,186101760,187582464,
43,2026-10-09T11:34:23.601266+00:00,43.0011366560002,1282,1791541887.28,principal,0.9896489049997399,0.0,0.0,24018944,32931840,14065664,14794752,
43,2026-10-09T11:34:23.601266+00:00,43.0011366560002,1283,1791541887.37,descendente,0.9896479620001628,0.0,0.0,11145216,19406848,5029888,5385216,
43,2026-10-09T11:34:23.601266+00:00,43.0011366560002,1284,1791541887.37,descendente,0.98900077899998,0.0,0.0,43233280,358354944,29405184,30783488,
43,2026-10-09T11:34:23.601266+00:00,43.0011366560002,1285,1791541887.37,descendente,0.9889188420002029,6.067231955925253,3.0336159779626266,199188480,591134720,186101760,187582464,
44,2026-10-09T11:34:24.605274+00:00,44.00509748600007,1282,1791541887.28,principal,1.0040087340003083,0.0,0.0,24018944,32931840,14065664,14794752,
44,2026-10-09T11:34:24.605274+00:00,44.00509748600007,1283,1791541887.37,descendente,1.0040360960001635,0.0,0.0,11145216,19406848,5029888,5385216,
44,2026-10-09T11:34:24.605274+00:00,44.00509748600007,1284,1791541887.37,descendente,1.0045835269997951,1.990874771730873,0.9954373858654365,95404032,410783744,81833984,83212288,
44,2026-10-09T11:34:24.605274+00:00,44.00509748600007,1285,1791541887.37,descendente,1.005061772999852,5.969782317052775,2.9848911585263873,147017728,538705920,133672960,135153664,
45,2026-10-09T11:34:25.602322+00:00,45.002163832000406,1282,1791541887.28,principal,0.9970474930000819,0.0,0.0,24018944,32931840,14065664,14794752,
45,2026-10-09T11:34:25.602322+00:00,45.002163832000406,1283,1791541887.37,descendente,0.9970118829996863,0.0,0.0,11145216,19406848,5029888,5385216,
45,2026-10-09T11:34:25.602322+00:00,45.002163832000406,1284,1791541887.37,descendente,0.9968676039998172,2.0062844774720645,1.0031422387360323,95404032,410783744,81833984,83212288,
45,2026-10-09T11:34:25.602322+00:00,45.002163832000406,1285,1791541887.37,descendente,0.9966123849999349,5.016995649717962,2.508497824858981,147017728,538705920,133672960,135153664,
46,2026-10-09T11:34:26.604153+00:00,46.00399809700002,1282,1791541887.28,principal,1.0018282149999322,0.0,0.0,24018944,32931840,14065664,14794752,
46,2026-10-09T11:34:26.604153+00:00,46.00399809700002,1283,1791541887.37,descendente,1.0018956560002152,0.0,0.0,11145216,19406848,5029888,5385216,
46,2026-10-09T11:34:26.604153+00:00,46.00399809700002,1284,1791541887.37,descendente,1.0014902470002198,0.9985119705313883,0.49925598526569415,43233280,358354944,29405184,30783488,
46,2026-10-09T11:34:26.604153+00:00,46.00399809700002,1285,1791541887.37,descendente,1.0015342040001087,5.990808877057159,2.9954044385285794,199188480,591134720,186101760,187582464,
47,2026-10-09T11:34:27.602662+00:00,47.002549573000124,1282,1791541887.28,principal,0.9985089899996638,0.0,0.0,24018944,32931840,14065664,14794752,
47,2026-10-09T11:34:27.602662+00:00,47.002549573000124,1283,1791541887.37,descendente,0.9984521149999637,0.0,0.0,11145216,19406848,5029888,5385216,
47,2026-10-09T11:34:27.602662+00:00,47.002549573000124,1284,1791541887.37,descendente,0.9984556750000593,0.0,0.0,43233280,358354944,29405184,30783488,
47,2026-10-09T11:34:27.602662+00:00,47.002549573000124,1285,1791541887.37,descendente,0.9982069920001777,7.012573600564828,3.506286800282414,199188480,591134720,186101760,187582464,
48,2026-10-09T11:34:28.600992+00:00,48.000814343,1282,1791541887.28,principal,0.998332302000108,0.0,0.0,24018944,32931840,14065664,14794752,
48,2026-10-09T11:34:28.600992+00:00,48.000814343,1283,1791541887.37,descendente,0.9983429720000458,0.0,0.0,11145216,19406848,5029888,5385216,
48,2026-10-09T11:34:28.600992+00:00,48.000814343,1284,1791541887.37,descendente,0.998341882999739,2.00332174183709,1.001660870918545,95404032,410783744,81833984,83212288,
48,2026-10-09T11:34:28.600992+00:00,48.000814343,1285,1791541887.37,descendente,0.9986590149997028,6.0080567139341925,3.0040283569670962,147017728,538705920,133672960,135153664,
49,2026-10-09T11:34:29.607625+00:00,49.00724705700031,1282,1791541887.28,principal,1.0066357860000608,0.0,0.0,24018944,32931840,14065664,14794752,
49,2026-10-09T11:34:29.607625+00:00,49.00724705700031,1283,1791541887.37,descendente,1.0069398199998432,0.0,0.0,11145216,19406848,5029888,5385216,
49,2026-10-09T11:34:29.607625+00:00,49.00724705700031,1284,1791541887.37,descendente,1.0069576280002366,0.9930904461052119,0.49654522305260596,43233280,358354944,29405184,30783488,
49,2026-10-09T11:34:29.607625+00:00,49.00724705700031,1285,1791541887.37,descendente,1.0066513380002107,6.9537482698889725,3.4768741349444863,199454720,591134720,186109952,187590656,
50,2026-10-09T11:34:30.605061+00:00,50.00394203900032,1282,1791541887.28,principal,0.9974425189998328,0.0,0.0,24018944,32931840,14065664,14794752,
50,2026-10-09T11:34:30.605061+00:00,50.00394203900032,1283,1791541887.37,descendente,0.9974670239998886,0.0,0.0,11145216,19406848,5029888,5385216,
50,2026-10-09T11:34:30.605061+00:00,50.00394203900032,1284,1791541887.37,descendente,0.998758713999905,2.002485657412249,1.0012428287061246,95404032,410783744,81833984,83212288,
50,2026-10-09T11:34:30.605061+00:00,50.00394203900032,1285,1791541887.37,descendente,1.000322241000049,8.99710076525185,4.498550382625925,147283968,538705920,133681152,135161856,
51,2026-10-09T11:34:31.604725+00:00,51.00196268400032,1282,1791541887.28,principal,0.9996617210003933,0.0,0.0,24018944,32931840,14065664,14794752,
51,2026-10-09T11:34:31.604725+00:00,51.00196268400032,1283,1791541887.37,descendente,0.9995843640003841,0.0,0.0,11145216,19406848,5029888,5385216,
51,2026-10-09T11:34:31.604725+00:00,51.00196268400032,1284,1791541887.37,descendente,0.9985397569998895,5.007311892139938,2.503655946069969,147574784,463212544,134262784,135641088,
51,2026-10-09T11:34:31.604725+00:00,51.00196268400032,1285,1791541887.37,descendente,0.9983509909998247,3.0049551981670146,1.5024775990835073,95113216,486277120,81252352,82733056,
52,2026-10-09T11:34:32.606682+00:00,52.00565083800029,1282,1791541887.28,principal,1.0019671999998536,0.0,0.0,24018944,32931840,14065664,14794752,
52,2026-10-09T11:34:32.606682+00:00,52.00565083800029,1283,1791541887.37,descendente,1.001938878999681,0.0,0.0,11145216,19406848,5029888,5385216,
52,2026-10-09T11:34:32.606682+00:00,52.00565083800029,1284,1791541887.37,descendente,1.0023664029999964,3.9905567345715687,1.9952783672857843,95404032,410783744,81842176,83220480,
52,2026-10-09T11:34:32.606682+00:00,52.00565083800029,1285,1791541887.37,descendente,1.001892990000215,2.9943317599209025,1.4971658799604513,86732800,486277120,72855552,74336256,
53,2026-10-09T11:34:33.608409+00:00,53.00420601900032,1282,1791541887.28,principal,1.0017177529998662,0.0,0.0,24018944,32931840,14065664,14794752,
53,2026-10-09T11:34:33.608409+00:00,53.00420601900032,1283,1791541887.37,descendente,1.0014928260002307,0.0,0.0,11145216,19406848,5029888,5385216,
53,2026-10-09T11:34:33.608409+00:00,53.00420601900032,1284,1791541887.37,descendente,1.0008038139999371,2.9975904947939647,1.4987952473969823,102420480,463212544,89759744,91138048,
53,2026-10-09T11:34:33.608409+00:00,53.00420601900032,1285,1791541887.37,descendente,1.0005309899997883,0.9994692918011144,0.4997346459005572,95113216,486277120,81252352,82733056,
54,2026-10-09T11:34:34.636682+00:00,54.03597107600035,1282,1791541887.28,principal,1.0282653920003213,0.0,0.0,24018944,32931840,14065664,14794752,
54,2026-10-09T11:34:34.636682+00:00,54.03597107600035,1283,1791541887.37,descendente,1.029815994999808,0.0,0.0,11145216,19406848,5029888,5385216,
54,2026-10-09T11:34:34.636682+00:00,54.03597107600035,1284,1791541887.37,descendente,1.0386222850002014,4.814069630712243,2.4070348153561216,95666176,410783744,81846272,83224576,
54,2026-10-09T11:34:34.636682+00:00,54.03597107600035,1285,1791541887.37,descendente,1.0383324949998496,2.889247918606451,1.4446239593032255,113762304,538705920,99930112,101410816,
55,2026-10-09T11:34:35.706645+00:00,55.10374645000002,1282,1791541887.28,principal,1.069966690000001,0.0,0.0,24018944,32931840,14065664,14794752,
55,2026-10-09T11:34:35.706645+00:00,55.10374645000002,1283,1791541887.37,descendente,1.068414859999848,0.0,0.0,11145216,19406848,5029888,5385216,
55,2026-10-09T11:34:35.706645+00:00,55.10374645000002,1284,1791541887.37,descendente,1.0596110790002058,2.8312274753019793,1.4156137376509896,43495424,358354944,29417472,30795776,
55,2026-10-09T11:34:35.706645+00:00,55.10374645000002,1285,1791541887.37,descendente,1.0597987220003233,4.717876985700447,2.3589384928502235,157822976,591134720,145170432,146651136,
56,2026-10-09T11:34:36.618441+00:00,56.018228383000405,1282,1791541887.28,principal,0.9117941459999201,0.0,0.0,24018944,32931840,14065664,14794752,
56,2026-10-09T11:34:36.618441+00:00,56.018228383000405,1283,1791541887.37,descendente,0.9117840830003843,0.0,0.0,11145216,19406848,5029888,5385216,
56,2026-10-09T11:34:36.618441+00:00,56.018228383000405,1284,1791541887.37,descendente,0.911780362999707,2.193510719423774,1.096755359711887,95666176,410783744,81846272,83224576,
56,2026-10-09T11:34:36.618441+00:00,56.018228383000405,1285,1791541887.37,descendente,0.9114915519999158,5.485514362727229,2.7427571813636145,147283968,538705920,133681152,135161856,
57,2026-10-09T11:34:37.601252+00:00,57.00107518000004,1282,1791541887.28,principal,0.9828072729997075,0.0,0.0,24018944,32931840,14065664,14794752,
57,2026-10-09T11:34:37.601252+00:00,57.00107518000004,1283,1791541887.37,descendente,0.982805567000014,0.0,0.0,11145216,19406848,5029888,5385216,
57,2026-10-09T11:34:37.601252+00:00,57.00107518000004,1284,1791541887.37,descendente,0.9828024580001511,3.0524954181582364,1.5262477090791182,95666176,410783744,81846272,83224576,
57,2026-10-09T11:34:37.601252+00:00,57.00107518000004,1285,1791541887.37,descendente,0.9828328119997423,5.087335240493967,2.5436676202469837,147283968,538705920,133681152,135161856,
58,2026-10-09T11:34:38.601735+00:00,58.001357305000056,1282,1791541887.28,principal,1.000483216000248,0.0,0.0,24018944,32931840,14065664,14794752,
58,2026-10-09T11:34:38.601735+00:00,58.001357305000056,1283,1791541887.37,descendente,1.0004813509999622,0.0,0.0,11145216,19406848,5029888,5385216,
58,2026-10-09T11:34:38.601735+00:00,58.001357305000056,1284,1791541887.37,descendente,1.0004807539999092,2.9985584310404296,1.4992792155202148,95666176,410783744,81846272,83224576,
58,2026-10-09T11:34:38.601735+00:00,58.001357305000056,1285,1791541887.37,descendente,1.0004547620001176,3.9981817788573277,1.9990908894286639,147283968,538705920,133681152,135161856,
59,2026-10-09T11:34:39.628737+00:00,59.02825961899998,1282,1791541887.28,principal,1.0270086450000235,0.0,0.0,24018944,32931840,14065664,14794752,
59,2026-10-09T11:34:39.628737+00:00,59.02825961899998,1283,1791541887.37,descendente,1.0270187490000353,0.0,0.0,11145216,19406848,5029888,5385216,
59,2026-10-09T11:34:39.628737+00:00,59.02825961899998,1284,1791541887.37,descendente,1.0271499569998923,3.8942707174745412,1.9471353587372706,147836928,463212544,134279168,135657472,
59,2026-10-09T11:34:39.628737+00:00,59.02825961899998,1285,1791541887.37,descendente,1.0278258500002266,3.891709865050614,1.945854932525307,95113216,486277120,81252352,82733056,
60,2026-10-09T11:34:40.769363+00:00,60.169244166000226,1282,1791541887.28,principal,1.140616958999999,0.0,0.0,24018944,32931840,14065664,14794752,
60,2026-10-09T11:34:40.769363+00:00,60.169244166000226,1283,1791541887.37,descendente,1.1406083499996384,0.0,0.0,11145216,19406848,5029888,5385216,
60,2026-10-09T11:34:40.769363+00:00,60.169244166000226,1284,1791541887.37,descendente,1.1404730330000348,4.384145749458999,2.1920728747294995,147836928,463212544,134283264,135661568,
60,2026-10-09T11:34:40.769363+00:00,60.169244166000226,1285,1791541887.37,descendente,1.1400930219997463,1.7542428217759958,0.8771214108879979,95113216,486277120,81252352,82733056,
61,2026-10-09T11:34:41.601725+00:00,61.00148000700028,1282,1791541887.28,principal,0.8323659509997015,0.0,0.0,24018944,32931840,14065664,14794752,
61,2026-10-09T11:34:41.601725+00:00,61.00148000700028,1283,1791541887.37,descendente,0.8323672770002304,0.0,0.0,11145216,19406848,5029888,5385216,
61,2026-10-09T11:34:41.601725+00:00,61.00148000700028,1284,1791541887.37,descendente,0.8323705590000827,3.6041639959058376,1.8020819979529188,95666176,410783744,81854464,83232768,
61,2026-10-09T11:34:41.601725+00:00,61.00148000700028,1285,1791541887.37,descendente,0.8323844649999046,7.208207567882607,3.6041037839413037,147283968,538705920,133681152,135161856,
62,2026-10-09T11:34:42.699131+00:00,62.0989830780004,1282,1791541887.28,principal,1.0974022460000015,0.0,0.0,24018944,32931840,14065664,14794752,
62,2026-10-09T11:34:42.699131+00:00,62.0989830780004,1283,1791541887.37,descendente,1.0973914269998204,0.0,0.0,11145216,19406848,5029888,5385216,
62,2026-10-09T11:34:42.699131+00:00,62.0989830780004,1284,1791541887.37,descendente,1.0973818460001894,4.556299175373422,2.278149587686711,147836928,463212544,134283264,135661568,
62,2026-10-09T11:34:42.699131+00:00,62.0989830780004,1285,1791541887.37,descendente,1.0977404280001792,1.821924335649621,0.9109621678248105,95113216,486277120,81252352,82733056,
63,2026-10-09T11:34:43.618505+00:00,63.01818189400001,1282,1791541887.28,principal,0.9193813560000308,1.0876879256619874,0.5438439628309937,24018944,32931840,14065664,14794752,
63,2026-10-09T11:34:43.618505+00:00,63.01818189400001,1283,1791541887.37,descendente,0.9193974190002336,0.0,0.0,11145216,19406848,5029888,5385216,
63,2026-10-09T11:34:43.618505+00:00,63.01818189400001,1284,1791541887.37,descendente,0.9194122839999181,7.613559359405183,3.8067796797025917,200007680,515641344,186712064,188090368,
63,2026-10-09T11:34:43.618505+00:00,63.01818189400001,1285,1791541887.37,descendente,0.9193195130001186,2.1755221897478636,1.0877610948739318,42942464,433848320,28823552,30304256,
64,2026-10-09T11:34:44.648299+00:00,64.04809671000021,1282,1791541887.28,principal,1.029797441000028,0.0,0.0,24018944,32931840,14065664,14794752,
64,2026-10-09T11:34:44.648299+00:00,64.04809671000021,1283,1791541887.37,descendente,1.02980437899987,0.0,0.0,11145216,19406848,5029888,5385216,
64,2026-10-09T11:34:44.648299+00:00,64.04809671000021,1284,1791541887.37,descendente,1.0298047500000393,2.9131735894592095,1.4565867947296047,95666176,410783744,81854464,83232768,
64,2026-10-09T11:34:44.648299+00:00,64.04809671000021,1285,1791541887.37,descendente,1.0293075919998955,3.8861075455861602,1.9430537727930801,147283968,538705920,133681152,135161856,
65,2026-10-09T11:34:45.600516+00:00,65.0003957050003,1282,1791541887.28,principal,0.9522085540002081,0.0,0.0,24018944,32931840,14065664,14794752,
65,2026-10-09T11:34:45.600516+00:00,65.0003957050003,1283,1791541887.37,descendente,0.9522076960001868,0.0,0.0,11145216,19406848,5029888,5385216,
65,2026-10-09T11:34:45.600516+00:00,65.0003957050003,1284,1791541887.37,descendente,0.9522121179998067,4.200744691637166,2.100372345818583,95666176,410783744,81854464,83232768,
65,2026-10-09T11:34:45.600516+00:00,65.0003957050003,1285,1791541887.37,descendente,0.9521586629998637,5.2512256562862225,2.6256128281431113,147283968,538705920,133681152,135161856,
66,2026-10-09T11:34:46.601341+00:00,66.0012610800004,1282,1791541887.28,principal,1.0008231709998654,0.0,0.0,24018944,32931840,14065664,14794752,
66,2026-10-09T11:34:46.601341+00:00,66.0012610800004,1283,1791541887.37,descendente,1.0008088750000752,0.0,0.0,11145216,19406848,5029888,5385216,
66,2026-10-09T11:34:46.601341+00:00,66.0012610800004,1284,1791541887.37,descendente,1.000801014999979,0.9991996261116673,0.4995998130558337,43495424,358354944,29425664,30803968,
66,2026-10-09T11:34:46.601341+00:00,66.0012610800004,1285,1791541887.37,descendente,1.0005465010003718,5.996722784999273,2.9983613924996364,199454720,591134720,186109952,187590656,
67,2026-10-09T11:34:47.615112+00:00,67.01484225700005,1282,1791541887.28,principal,1.0137751779998325,0.0,0.0,24018944,32931840,14065664,14794752,
67,2026-10-09T11:34:47.615112+00:00,67.01484225700005,1283,1791541887.37,descendente,1.0137803479997274,0.0,0.0,11145216,19406848,5029888,5385216,
67,2026-10-09T11:34:47.615112+00:00,67.01484225700005,1284,1791541887.37,descendente,1.0138166189999538,1.9727433566559962,0.9863716783279981,95666176,410783744,81854464,83232768,
67,2026-10-09T11:34:47.615112+00:00,67.01484225700005,1285,1791541887.37,descendente,1.014100892999977,4.930475887077075,2.4652379435385376,147283968,538705920,133681152,135161856,
68,2026-10-09T11:34:48.600631+00:00,68.00051769100037,1282,1791541887.28,principal,0.9855163640004321,0.0,0.0,24018944,32931840,14065664,14794752,
68,2026-10-09T11:34:48.600631+00:00,68.00051769100037,1283,1791541887.37,descendente,0.9855173599999034,0.0,0.0,11145216,19406848,5029888,5385216,
68,2026-10-09T11:34:48.600631+00:00,68.00051769100037,1284,1791541887.37,descendente,0.9854758300002686,6.088429383396031,3.0442146916980155,200007680,515641344,186712064,188090368,
68,2026-10-09T11:34:48.600631+00:00,68.00051769100037,1285,1791541887.37,descendente,0.9859329949999847,1.0142677089330718,0.5071338544665359,42942464,433848320,28823552,30304256,
69,2026-10-09T11:34:49.601388+00:00,69.00131205300022,1282,1791541887.28,principal,1.0007568169999104,0.0,0.0,24018944,32931840,14065664,14794752,
69,2026-10-09T11:34:49.601388+00:00,69.00131205300022,1283,1791541887.37,descendente,1.0007488599999306,0.0,0.0,11145216,19406848,5029888,5385216,
69,2026-10-09T11:34:49.601388+00:00,69.00131205300022,1284,1791541887.37,descendente,1.0007487670000046,5.99551075939542,2.99775537969771,200007680,515641344,186712064,188090368,
69,2026-10-09T11:34:49.601388+00:00,69.00131205300022,1285,1791541887.37,descendente,1.0010910389996752,0.9989101500692593,0.49945507503462966,42942464,433848320,28823552,30304256,
70,2026-10-09T11:34:50.601631+00:00,70.0010997950003,1282,1791541887.28,principal,1.0002458769999976,0.0,0.0,24018944,32931840,14065664,14794752,
70,2026-10-09T11:34:50.601631+00:00,70.0010997950003,1283,1791541887.37,descendente,1.0002468200000294,0.0,0.0,11145216,19406848,5029888,5385216,
70,2026-10-09T11:34:50.601631+00:00,70.0010997950003,1284,1791541887.37,descendente,1.0002505239999664,1.9994990774927797,0.9997495387463898,43495424,358354944,29425664,30803968,
70,2026-10-09T11:34:50.601631+00:00,70.0010997950003,1285,1791541887.37,descendente,0.9991210350003712,6.005278429552119,3.0026392147760594,199454720,591134720,186109952,187590656,
71,2026-10-09T11:34:51.602092+00:00,71.00195717600036,1282,1791541887.28,principal,1.0004583479999383,0.0,0.0,24018944,32931840,14065664,14794752,
71,2026-10-09T11:34:51.602092+00:00,71.00195717600036,1283,1791541887.37,descendente,1.0004721320001408,0.0,0.0,11145216,19406848,5029888,5385216,
71,2026-10-09T11:34:51.602092+00:00,71.00195717600036,1284,1791541887.37,descendente,1.00047676999975,6.996664200410947,3.4983321002054737,200007680,515641344,186712064,188090368,
71,2026-10-09T11:34:51.602092+00:00,71.00195717600036,1285,1791541887.37,descendente,1.001270910999665,0.9987307021650716,0.4993653510825358,42942464,433848320,28823552,30304256,
72,2026-10-09T11:34:52.601336+00:00,72.00113866400034,1282,1791541887.28,principal,0.9992732179998711,0.0,0.0,24018944,32931840,14065664,14794752,
72,2026-10-09T11:34:52.601336+00:00,72.00113866400034,1283,1791541887.37,descendente,0.9992706510001881,0.0,0.0,11145216,19406848,5029888,5385216,
72,2026-10-09T11:34:52.601336+00:00,72.00113866400034,1284,1791541887.37,descendente,0.999262323000039,2.0014764431383796,1.0007382215691898,43495424,358354944,29425664,30803968,
72,2026-10-09T11:34:52.601336+00:00,72.00113866400034,1285,1791541887.37,descendente,0.9988797650003107,6.0067289480010695,3.0033644740005347,199454720,591134720,186109952,187590656,
73,2026-10-09T11:34:53.601982+00:00,73.00189762900027,1282,1791541887.28,principal,1.0006154900002002,0.0,0.0,24018944,32931840,14065664,14794752,
73,2026-10-09T11:34:53.601982+00:00,73.00189762900027,1283,1791541887.37,descendente,1.0006057599998712,0.0,0.0,11145216,19406848,5029888,5385216,
73,2026-10-09T11:34:53.601982+00:00,73.00189762900027,1284,1791541887.37,descendente,1.000606498000252,0.0,0.0,43495424,358354944,29425664,30803968,
73,2026-10-09T11:34:53.601982+00:00,73.00189762900027,1285,1791541887.37,descendente,1.000193661999674,5.998838252988432,2.999419126494216,199454720,591134720,186109952,187590656,
74,2026-10-09T11:34:54.600775+00:00,74.00032843500003,1282,1791541887.28,principal,0.9987999049999416,0.0,0.0,24018944,32931840,14065664,14794752,
74,2026-10-09T11:34:54.600775+00:00,74.00032843500003,1283,1791541887.37,descendente,0.9988083329999426,0.0,0.0,11145216,19406848,5029888,5385216,
74,2026-10-09T11:34:54.600775+00:00,74.00032843500003,1284,1791541887.37,descendente,0.9988142759998482,4.00474852644229,2.002374263221145,147836928,463212544,134283264,135661568,
74,2026-10-09T11:34:54.600775+00:00,74.00032843500003,1285,1791541887.37,descendente,0.9993744080002216,4.002503934440382,2.001251967220191,95113216,486277120,81252352,82733056,
75,2026-10-09T11:34:55.600465+00:00,75.00034619500002,1282,1791541887.28,principal,0.9996855979998145,0.0,0.0,24018944,32931840,14065664,14794752,
75,2026-10-09T11:34:55.600465+00:00,75.00034619500002,1283,1791541887.37,descendente,0.9996813239999938,0.0,0.0,11145216,19406848,5029888,5385216,
75,2026-10-09T11:34:55.600465+00:00,75.00034619500002,1284,1791541887.37,descendente,0.9996831419998671,7.002218709016661,3.5011093545083307,200007680,515641344,186712064,188090368,
75,2026-10-09T11:34:55.600465+00:00,75.00034619500002,1285,1791541887.37,descendente,0.9999216890000753,0.0,0.0,42942464,433848320,28823552,30304256,
76,2026-10-09T11:34:56.601404+00:00,76.00123281100014,1282,1791541887.28,principal,1.000940563000313,0.0,0.0,24018944,32931840,14065664,14794752,
76,2026-10-09T11:34:56.601404+00:00,76.00123281100014,1283,1791541887.37,descendente,1.0009637439998187,0.0,0.0,11145216,19406848,5029888,5385216,
76,2026-10-09T11:34:56.601404+00:00,76.00123281100014,1284,1791541887.37,descendente,1.000975149000169,3.996103203956005,1.9980516019780026,95666176,410783744,81854464,83232768,
76,2026-10-09T11:34:56.601404+00:00,76.00123281100014,1285,1791541887.37,descendente,1.0005249299997558,1.9989506908146715,0.9994753454073357,112951296,538705920,100339712,101820416,
77,2026-10-09T11:34:57.634870+00:00,77.03441062399997,1282,1791541887.28,principal,1.0334722739999052,0.0,0.0,24018944,32931840,14065664,14794752,
77,2026-10-09T11:34:57.634870+00:00,77.03441062399997,1283,1791541887.37,descendente,1.0334632590002002,0.0,0.0,11145216,19406848,5029888,5385216,
77,2026-10-09T11:34:57.634870+00:00,77.03441062399997,1284,1791541887.37,descendente,1.0335256950002076,1.9351236352179475,0.9675618176089738,95666176,410783744,81854464,83232768,
77,2026-10-09T11:34:57.634870+00:00,77.03441062399997,1285,1791541887.37,descendente,1.033543242000178,4.837726954049257,2.4188634770246287,131334144,538705920,119533568,121014272,
78,2026-10-09T11:34:58.624978+00:00,78.02487822800003,1282,1791541887.28,principal,0.9900997689996984,0.0,0.0,24018944,32931840,14065664,14794752,
78,2026-10-09T11:34:58.624978+00:00,78.02487822800003,1283,1791541887.37,descendente,0.9900856429999294,0.0,0.0,11145216,19406848,5029888,5385216,
78,2026-10-09T11:34:58.624978+00:00,78.02487822800003,1284,1791541887.37,descendente,0.9900128459998996,2.0201758068906512,1.0100879034453256,147836928,463212544,134283264,135661568,
78,2026-10-09T11:34:58.624978+00:00,78.02487822800003,1285,1791541887.37,descendente,0.9903031039998496,2.019583693034917,1.0097918465174585,95113216,486277120,81252352,82733056,
79,2026-10-09T11:34:59.682078+00:00,79.08169411400013,1282,1791541887.28,principal,1.0570991540002979,0.0,0.0,24018944,32931840,14065664,14794752,
79,2026-10-09T11:34:59.682078+00:00,79.08169411400013,1283,1791541887.37,descendente,1.0590813060002802,0.0,0.0,11145216,19406848,5029888,5385216,
79,2026-10-09T11:34:59.682078+00:00,79.08169411400013,1284,1791541887.37,descendente,1.0591537509999398,3.7765999471026204,1.8882999735513102,43495424,358354944,29425664,30803968,
79,2026-10-09T11:34:59.682078+00:00,79.08169411400013,1285,1791541887.37,descendente,1.0587175370001205,4.72269498261792,2.36134749130896,95113216,486277120,84606976,86087680,
80,2026-10-09T11:35:00.759001+00:00,80.15533466700026,1282,1791541887.28,principal,1.0769407210000281,0.0,0.0,24018944,32931840,14065664,14794752,
80,2026-10-09T11:35:00.759001+00:00,80.15533466700026,1283,1791541887.37,descendente,1.0750652259998787,0.0,0.0,11145216,19406848,5029888,5385216,
80,2026-10-09T11:35:00.759001+00:00,80.15533466700026,1284,1791541887.37,descendente,1.075054782999814,6.511296085272372,3.255648042636186,169459712,515641344,158990336,160368640,
80,2026-10-09T11:35:00.759001+00:00,80.15533466700026,1285,1791541887.37,descendente,1.0758356070000445,3.7180401670789363,1.8590200835394681,42942464,433848320,28823552,30304256,
81,2026-10-09T11:35:01.684890+00:00,81.08467286400037,1282,1791541887.28,principal,0.9258710139997675,0.0,0.0,24018944,32931840,14065664,14794752,
81,2026-10-09T11:35:01.684890+00:00,81.08467286400037,1283,1791541887.37,descendente,0.925764104999871,0.0,0.0,11145216,19406848,5029888,5385216,
81,2026-10-09T11:35:01.684890+00:00,81.08467286400037,1284,1791541887.37,descendente,0.9256990349999796,2.160529420882843,1.0802647104414216,147836928,463212544,134283264,135661568,
81,2026-10-09T11:35:01.684890+00:00,81.08467286400037,1285,1791541887.37,descendente,0.9253148429997964,2.1614264756805563,1.0807132378402782,95113216,486277120,81252352,82733056,
82,2026-10-09T11:35:02.601229+00:00,82.00107218600033,1282,1791541887.28,principal,0.9163389020000068,1.0912992974732572,0.5456496487366286,24018944,32931840,14065664,14794752,
82,2026-10-09T11:35:02.601229+00:00,82.00107218600033,1283,1791541887.37,descendente,0.9163354370002708,0.0,0.0,11145216,19406848,5029888,5385216,
82,2026-10-09T11:35:02.601229+00:00,82.00107218600033,1284,1791541887.37,descendente,0.9163301390003653,3.2739292011859904,1.6369646005929952,95666176,410783744,81854464,83232768,
82,2026-10-09T11:35:02.601229+00:00,82.00107218600033,1285,1791541887.37,descendente,0.915964674999941,5.458725796385535,2.7293628981927673,147283968,538705920,133681152,135161856,
83,2026-10-09T11:35:03.621678+00:00,83.02152278200037,1282,1791541887.28,principal,1.0204518600003212,0.0,0.0,24018944,32931840,14065664,14794752,
83,2026-10-09T11:35:03.621678+00:00,83.02152278200037,1283,1791541887.37,descendente,1.0204580629997508,0.0,0.0,11145216,19406848,5029888,5385216,
83,2026-10-09T11:35:03.621678+00:00,83.02152278200037,1284,1791541887.37,descendente,1.0204599159997088,4.899751495972668,2.449875747986334,147836928,463212544,134283264,135661568,
83,2026-10-09T11:35:03.621678+00:00,83.02152278200037,1285,1791541887.37,descendente,1.0208008399999926,2.9388690550060046,1.4694345275030023,95113216,486277120,81252352,82733056,
84,2026-10-09T11:35:04.705186+00:00,84.10426341700031,1282,1791541887.28,principal,1.0835104339998907,0.0,0.0,24018944,32931840,14065664,14794752,
84,2026-10-09T11:35:04.705186+00:00,84.10426341700031,1283,1791541887.37,descendente,1.0835075850000067,0.0,0.0,11145216,19406848,5029888,5385216,
84,2026-10-09T11:35:04.705186+00:00,84.10426341700031,1284,1791541887.37,descendente,1.0835191129999657,1.8458373055021695,0.9229186527510848,43495424,358354944,29425664,30803968,
84,2026-10-09T11:35:04.705186+00:00,84.10426341700031,1285,1791541887.37,descendente,1.0829626449999523,7.387143071772509,3.6935715358862544,199454720,591134720,186109952,187590656,
85,2026-10-09T11:35:05.611751+00:00,85.01158116800025,1282,1791541887.28,principal,0.9065602890000264,0.0,0.0,24018944,32931840,14065664,14794752,
85,2026-10-09T11:35:05.611751+00:00,85.01158116800025,1283,1791541887.37,descendente,0.9065621059999103,0.0,0.0,11145216,19406848,5029888,5385216,
85,2026-10-09T11:35:05.611751+00:00,85.01158116800025,1284,1791541887.37,descendente,0.9065624439999738,6.618407854539411,3.3092039272697056,200007680,515641344,186712064,188090368,
85,2026-10-09T11:35:05.611751+00:00,85.01158116800025,1285,1791541887.37,descendente,0.9075598240001455,1.101855738382703,0.5509278691913515,42942464,433848320,28823552,30304256,
86,2026-10-09T11:35:06.602595+00:00,86.00140237400001,1282,1791541887.28,principal,0.9908560189996933,0.0,0.0,24018944,32931840,14065664,14794752,
86,2026-10-09T11:35:06.602595+00:00,86.00140237400001,1283,1791541887.37,descendente,0.9908811509999396,0.0,0.0,11145216,19406848,5029888,5385216,
86,2026-10-09T11:35:06.602595+00:00,86.00140237400001,1284,1791541887.37,descendente,0.9909567220001918,1.0091258051932996,0.5045629025966498,43495424,358354944,29425664,30803968,
86,2026-10-09T11:35:06.602595+00:00,86.00140237400001,1285,1791541887.37,descendente,0.9899366240001655,6.060994062180358,3.030497031090179,199454720,591134720,186109952,187590656,
87,2026-10-09T11:35:07.701118+00:00,87.10095478200037,1282,1791541887.28,principal,1.0985139100002925,0.0,0.0,24018944,32931840,14065664,14794752,
87,2026-10-09T11:35:07.701118+00:00,87.10095478200037,1283,1791541887.37,descendente,1.0984913500001312,0.0,0.0,11145216,19406848,5029888,5385216,
87,2026-10-09T11:35:07.701118+00:00,87.10095478200037,1284,1791541887.37,descendente,1.0984011790001205,2.7312425162641136,1.3656212581320568,95666176,410783744,81854464,83232768,
87,2026-10-09T11:35:07.701118+00:00,87.10095478200037,1285,1791541887.37,descendente,1.0990667739997662,5.45917695079144,2.72958847539572,147283968,538705920,133681152,135161856,
88,2026-10-09T11:35:08.682541+00:00,88.08228442900008,1282,1791541887.28,principal,0.9815495399998326,0.0,0.0,24018944,32931840,14065664,14794752,
88,2026-10-09T11:35:08.682541+00:00,88.08228442900008,1283,1791541887.37,descendente,0.9818095599998742,0.0,0.0,11145216,19406848,5029888,5385216,
88,2026-10-09T11:35:08.682541+00:00,88.08228442900008,1284,1791541887.37,descendente,0.9820260889996462,6.109817312605418,3.054908656302709,147836928,463212544,134283264,135661568,
88,2026-10-09T11:35:08.682541+00:00,88.08228442900008,1285,1791541887.37,descendente,0.9823625409999295,4.071816496512973,2.0359082482564865,95113216,486277120,81260544,82741248,
89,2026-10-09T11:35:09.609961+00:00,89.0092655100002,1282,1791541887.28,principal,0.9272952530000111,0.0,0.0,24018944,32931840,14065664,14794752,
89,2026-10-09T11:35:09.609961+00:00,89.0092655100002,1283,1791541887.37,descendente,0.9270638760003749,0.0,0.0,11145216,19406848,5029888,5385216,
89,2026-10-09T11:35:09.609961+00:00,89.0092655100002,1284,1791541887.37,descendente,0.9268468280001798,3.2367807812139713,1.6183903906069856,95666176,410783744,81854464,83232768,
89,2026-10-09T11:35:09.609961+00:00,89.0092655100002,1285,1791541887.37,descendente,0.9262312880000536,5.398219715505256,2.699109857752628,147288064,538705920,133689344,135170048,
90,2026-10-09T11:35:10.760590+00:00,90.15981370500003,1282,1791541887.28,principal,1.1506325380000817,0.8690871907186651,0.43454359535933257,24018944,32931840,14065664,14794752,
90,2026-10-09T11:35:10.760590+00:00,90.15981370500003,1283,1791541887.37,descendente,1.150626932999785,0.0,0.0,11145216,19406848,5029888,5385216,
90,2026-10-09T11:35:10.760590+00:00,90.15981370500003,1284,1791541887.37,descendente,1.1506527970000207,2.6072156673339753,1.3036078336669876,95666176,410783744,81854464,83232768,
90,2026-10-09T11:35:10.760590+00:00,90.15981370500003,1285,1791541887.37,descendente,1.150636378999934,5.214505737438162,2.607252868719081,147288064,538705920,133689344,135170048,
91,2026-10-09T11:35:11.603471+00:00,91.00301682600002,1282,1791541887.28,principal,0.84287649099997,0.0,0.0,24018944,32931840,14065664,14794752,
91,2026-10-09T11:35:11.603471+00:00,91.00301682600002,1283,1791541887.37,descendente,0.842849089000083,0.0,0.0,11145216,19406848,5029888,5385216,
91,2026-10-09T11:35:11.603471+00:00,91.00301682600002,1284,1791541887.37,descendente,0.8428287729998374,7.1188836833896625,3.5594418416948312,147836928,463212544,134283264,135661568,
91,2026-10-09T11:35:11.603471+00:00,91.00301682600002,1285,1791541887.37,descendente,0.8429996460004077,3.558720355617638,1.779360177808819,95117312,486277120,81260544,82741248,
92,2026-10-09T11:35:12.602453+00:00,92.00153990800027,1282,1791541887.28,principal,0.9989832340002067,0.0,0.0,24018944,32931840,14065664,14794752,
92,2026-10-09T11:35:12.602453+00:00,92.00153990800027,1283,1791541887.37,descendente,0.9989890540000488,0.0,0.0,11145216,19406848,5029888,5385216,
92,2026-10-09T11:35:12.602453+00:00,92.00153990800027,1284,1791541887.37,descendente,0.9989992890000394,1.0010017134257607,0.5005008567128804,43495424,358354944,29425664,30803968,
92,2026-10-09T11:35:12.602453+00:00,92.00153990800027,1285,1791541887.37,descendente,0.9984544999997524,7.010835245874262,3.505417622937131,199458816,591134720,186118144,187598848,
93,2026-10-09T11:35:13.602453+00:00,93.00211931500007,1282,1791541887.28,principal,1.0000011619999896,0.0,0.0,24018944,32931840,14065664,14794752,
93,2026-10-09T11:35:13.602453+00:00,93.00211931500007,1283,1791541887.37,descendente,0.999995348000084,0.0,0.0,11145216,19406848,5029888,5385216,
93,2026-10-09T11:35:13.602453+00:00,93.00211931500007,1284,1791541887.37,descendente,0.9999820080001882,0.0,0.0,43495424,358354944,29425664,30803968,
93,2026-10-09T11:35:13.602453+00:00,93.00211931500007,1285,1791541887.37,descendente,1.000039347999973,8.999645881933711,4.4998229409668555,199458816,591134720,186118144,187598848,
94,2026-10-09T11:35:14.602765+00:00,94.00130579400002,1282,1791541887.28,principal,1.000442565999947,0.0,0.0,24018944,32931840,14065664,14794752,
94,2026-10-09T11:35:14.602765+00:00,94.00130579400002,1283,1791541887.37,descendente,1.0004994359997,0.0,0.0,11145216,19406848,5029888,5385216,
94,2026-10-09T11:35:14.602765+00:00,94.00130579400002,1284,1791541887.37,descendente,1.0005253290000837,0.0,0.0,43495424,358354944,29425664,30803968,
94,2026-10-09T11:35:14.602765+00:00,94.00130579400002,1285,1791541887.37,descendente,1.0004742800001623,6.996681613843079,3.4983408069215396,199458816,591134720,186118144,187598848,
95,2026-10-09T11:35:15.601581+00:00,95.00042224000026,1282,1791541887.28,principal,0.9986917910000557,0.0,0.0,24018944,32931840,14065664,14794752,
95,2026-10-09T11:35:15.601581+00:00,95.00042224000026,1283,1791541887.37,descendente,0.998673245000191,0.0,0.0,11145216,19406848,5029888,5385216,
95,2026-10-09T11:35:15.601581+00:00,95.00042224000026,1284,1791541887.37,descendente,0.9991083719996823,0.0,0.0,43495424,358354944,29425664,30803968,
95,2026-10-09T11:35:15.601581+00:00,95.00042224000026,1285,1791541887.37,descendente,0.9992825509998511,1.000717964102933,0.5003589820514664,42946560,433848320,28831744,30312448,
96,2026-10-09T11:35:16.601274+00:00,96.00107510400039,1282,1791541887.28,principal,0.9996822449998035,0.0,0.0,24018944,32931840,14065664,14794752,
96,2026-10-09T11:35:16.601274+00:00,96.00107510400039,1283,1791541887.37,descendente,0.9996450660000846,0.0,0.0,11145216,19406848,5029888,5385216,
96,2026-10-09T11:35:16.601274+00:00,96.00107510400039,1284,1791541887.37,descendente,0.9991879110002628,1.0008127490240801,0.5004063745120401,43495424,358354944,29425664,30803968,
96,2026-10-09T11:35:16.601274+00:00,96.00107510400039,1285,1791541887.37,descendente,0.9990044690002833,1.0009965230694806,0.5004982615347403,42946560,433848320,28831744,30312448,
97,2026-10-09T11:35:17.602517+00:00,97.00159407299998,1282,1791541887.28,principal,1.0012469970001803,0.0,0.0,24018944,32931840,14041088,14745600,
97,2026-10-09T11:35:17.602517+00:00,97.00159407299998,1283,1791541887.37,descendente,1.0012604859998646,0.0,0.0,11145216,19406848,5029888,5383168,
97,2026-10-09T11:35:17.602517+00:00,97.00159407299998,1284,1791541887.37,descendente,1.0012855999998465,0.0,0.0,43495424,358354944,29425664,30767104,
97,2026-10-09T11:35:17.602517+00:00,97.00159407299998,1285,1791541887.37,descendente,1.0013142399998287,0.0,0.0,42946560,433848320,28831744,30248960,
98,2026-10-09T11:35:18.602270+00:00,98.00209190600026,1282,1791541887.28,principal,0.9997489339998538,0.0,0.0,24018944,32931840,14065664,14794752,
98,2026-10-09T11:35:18.602270+00:00,98.00209190600026,1283,1791541887.37,descendente,0.9997415889997683,0.0,0.0,11145216,19406848,5029888,5385216,
98,2026-10-09T11:35:18.602270+00:00,98.00209190600026,1284,1791541887.37,descendente,0.9997133860001668,0.0,0.0,43495424,358354944,29425664,30803968,
98,2026-10-09T11:35:18.602270+00:00,98.00209190600026,1285,1791541887.37,descendente,0.9996860800001741,0.0,0.0,42946560,433848320,28831744,30312448,
99,2026-10-09T11:35:19.608581+00:00,99.00814704699997,1282,1791541887.28,principal,1.006322568000087,0.0,0.0,24018944,32931840,14065664,14794752,
99,2026-10-09T11:35:19.608581+00:00,99.00814704699997,1283,1791541887.37,descendente,1.0063235440002245,0.0,0.0,11145216,19406848,5029888,5385216,
99,2026-10-09T11:35:19.608581+00:00,99.00814704699997,1284,1791541887.37,descendente,1.0063309779998235,0.0,0.0,43495424,358354944,29425664,30803968,
99,2026-10-09T11:35:19.608581+00:00,99.00814704699997,1285,1791541887.37,descendente,1.006343182999899,0.0,0.0,42946560,433848320,28831744,30312448,
100,2026-10-09T11:35:20.603927+00:00,100.00360542600038,1282,1791541887.28,principal,0.9953330739999728,0.0,0.0,24018944,32931840,14061568,14726144,
100,2026-10-09T11:35:20.603927+00:00,100.00360542600038,1283,1791541887.37,descendente,0.9953220070001407,0.0,0.0,11145216,19406848,5029888,5363712,
100,2026-10-09T11:35:20.603927+00:00,100.00360542600038,1284,1791541887.37,descendente,0.9953155749999496,0.0,0.0,43495424,358354944,29425664,30730240,
100,2026-10-09T11:35:20.603927+00:00,100.00360542600038,1285,1791541887.37,descendente,0.9953083779996632,1.004713737072692,0.502356868536346,42946560,433848320,28831744,30201856,
101,2026-10-09T11:35:21.602898+00:00,101.00183972800005,1282,1791541887.28,principal,0.9989842649997627,0.0,0.0,24018944,32931840,14065664,14794752,
101,2026-10-09T11:35:21.602898+00:00,101.00183972800005,1283,1791541887.37,descendente,0.9990132269999776,0.0,0.0,11145216,19406848,5029888,5385216,
101,2026-10-09T11:35:21.602898+00:00,101.00183972800005,1284,1791541887.37,descendente,0.9990249490001588,0.0,0.0,43495424,358354944,29425664,30803968,
101,2026-10-09T11:35:21.602898+00:00,101.00183972800005,1285,1791541887.37,descendente,0.9994263230000797,0.0,0.0,42946560,433848320,28831744,30312448,
102,2026-10-09T11:35:22.604101+00:00,102.0034424800001,1282,1791541887.28,principal,1.0011971040003118,0.0,0.0,24018944,32931840,14065664,14794752,
102,2026-10-09T11:35:22.604101+00:00,102.0034424800001,1283,1791541887.37,descendente,1.0011753349999708,0.0,0.0,11145216,19406848,5029888,5385216,
102,2026-10-09T11:35:22.604101+00:00,102.0034424800001,1284,1791541887.37,descendente,1.001165484000012,0.0,0.0,43495424,358354944,29425664,30803968,
102,2026-10-09T11:35:22.604101+00:00,102.0034424800001,1285,1791541887.37,descendente,1.0009675500000412,0.9990333852478633,0.49951669262393167,42946560,433848320,28831744,30312448,
103,2026-10-09T11:35:23.603130+00:00,103.00180465300036,1282,1791541887.28,principal,0.9990393479997692,0.0,0.0,24018944,32931840,14065664,14794752,
103,2026-10-09T11:35:23.603130+00:00,103.00180465300036,1283,1791541887.37,descendente,0.9991159549999793,0.0,0.0,11145216,19406848,5029888,5385216,
103,2026-10-09T11:35:23.603130+00:00,103.00180465300036,1284,1791541887.37,descendente,0.9991996529997778,0.0,0.0,43495424,358354944,29425664,30803968,
103,2026-10-09T11:35:23.603130+00:00,103.00180465300036,1285,1791541887.37,descendente,0.9994257180001114,0.0,0.0,42946560,433848320,28831744,30312448,
104,2026-10-09T11:35:24.602247+00:00,104.00085916100034,1282,1791541887.28,principal,0.9991047889998299,0.0,0.0,24018944,32931840,14053376,14763008,
104,2026-10-09T11:35:24.602247+00:00,104.00085916100034,1283,1791541887.37,descendente,0.9990956259998711,0.0,0.0,11145216,19406848,5029888,5381120,
104,2026-10-09T11:35:24.602247+00:00,104.00085916100034,1284,1791541887.37,descendente,0.9990492130000348,1.0009516918560109,0.5004758459280054,43495424,358354944,29425664,30780416,
104,2026-10-09T11:35:24.602247+00:00,104.00085916100034,1285,1791541887.37,descendente,0.9990460770000027,0.0,0.0,42946560,433848320,28831744,30266368,
105,2026-10-09T11:35:25.603386+00:00,105.00249250500019,1282,1791541887.28,principal,1.0012258040001143,0.0,0.0,24018944,32931840,14065664,14794752,
105,2026-10-09T11:35:25.603386+00:00,105.00249250500019,1283,1791541887.37,descendente,1.0012255400001777,0.0,0.0,11145216,19406848,5029888,5385216,
105,2026-10-09T11:35:25.603386+00:00,105.00249250500019,1284,1791541887.37,descendente,1.0012299099998927,0.998771600820698,0.499385800410349,43495424,358354944,29425664,30803968,
105,2026-10-09T11:35:25.603386+00:00,105.00249250500019,1285,1791541887.37,descendente,1.001410382999893,0.0,0.0,42946560,433848320,28831744,30312448,
106,2026-10-09T11:35:26.602458+00:00,106.00204498300036,1282,1791541887.28,principal,0.998981348000143,0.0,0.0,24018944,32931840,14065664,14794752,
106,2026-10-09T11:35:26.602458+00:00,106.00204498300036,1283,1791541887.37,descendente,0.9989023379998798,0.0,0.0,11145216,19406848,5029888,5385216,
106,2026-10-09T11:35:26.602458+00:00,106.00204498300036,1284,1791541887.37,descendente,0.9988535410002441,0.0,0.0,43495424,358354944,29425664,30803968,
106,2026-10-09T11:35:26.602458+00:00,106.00204498300036,1285,1791541887.37,descendente,0.9982682180002485,0.0,0.0,42946560,433848320,28831744,30312448,
107,2026-10-09T11:35:27.601844+00:00,107.00174550700012,1282,1791541887.28,principal,0.9993849759998739,0.0,0.0,24018944,32931840,14065664,14794752,
107,2026-10-09T11:35:27.601844+00:00,107.00174550700012,1283,1791541887.37,descendente,0.9993916819998958,0.0,0.0,11145216,19406848,5029888,5385216,
107,2026-10-09T11:35:27.601844+00:00,107.00174550700012,1284,1791541887.37,descendente,0.9994054789999609,0.0,0.0,43495424,358354944,29425664,30803968,
107,2026-10-09T11:35:27.601844+00:00,107.00174550700012,1285,1791541887.37,descendente,0.9995983229996455,0.0,0.0,42946560,433848320,28831744,30312448,
108,2026-10-09T11:35:28.601332+00:00,108.00098109600003,1282,1791541887.28,principal,0.9994860810002137,0.0,0.0,24018944,32931840,14065664,14774272,
108,2026-10-09T11:35:28.601332+00:00,108.00098109600003,1283,1791541887.37,descendente,0.9994778640002551,0.0,0.0,11145216,19406848,5029888,5381120,
108,2026-10-09T11:35:28.601332+00:00,108.00098109600003,1284,1791541887.37,descendente,0.9994675530001587,0.0,0.0,43495424,358354944,29425664,30777344,
108,2026-10-09T11:35:28.601332+00:00,108.00098109600003,1285,1791541887.37,descendente,0.999243129000206,0.0,0.0,42946560,433848320,28831744,30267392,
109,2026-10-09T11:35:29.687089+00:00,109.08626932800007,1282,1791541887.28,principal,1.0857625079997888,0.0,0.0,24018944,32931840,14065664,14794752,
109,2026-10-09T11:35:29.687089+00:00,109.08626932800007,1283,1791541887.37,descendente,1.0857731579999381,0.0,0.0,11145216,19406848,5029888,5385216,
109,2026-10-09T11:35:29.687089+00:00,109.08626932800007,1284,1791541887.37,descendente,1.0857925769996655,0.0,0.0,43495424,358354944,29425664,30803968,
109,2026-10-09T11:35:29.687089+00:00,109.08626932800007,1285,1791541887.37,descendente,1.085807831999773,0.0,0.0,42946560,433848320,28831744,30312448,
110,2026-10-09T11:35:30.744462+00:00,110.14438353100013,1282,1791541887.28,principal,1.057370746000288,0.0,0.0,24018944,32931840,14065664,14794752,
110,2026-10-09T11:35:30.744462+00:00,110.14438353100013,1283,1791541887.37,descendente,1.0574508330000754,0.0,0.0,11145216,19406848,5029888,5385216,
110,2026-10-09T11:35:30.744462+00:00,110.14438353100013,1284,1791541887.37,descendente,1.0574909880001542,0.0,0.0,43495424,358354944,29425664,30803968,
110,2026-10-09T11:35:30.744462+00:00,110.14438353100013,1285,1791541887.37,descendente,1.057518844000242,0.9456096273589688,0.4728048136794844,42946560,433848320,28831744,30312448,
111,2026-10-09T11:35:31.663030+00:00,111.06271275000017,1282,1791541887.28,principal,0.9186429889996361,0.0,0.0,24018944,32931840,14065664,14794752,
111,2026-10-09T11:35:31.663030+00:00,111.06271275000017,1283,1791541887.37,descendente,0.9185910769997463,0.0,0.0,11145216,19406848,5029888,5385216,
111,2026-10-09T11:35:31.663030+00:00,111.06271275000017,1284,1791541887.37,descendente,0.9185577779999221,0.0,0.0,43495424,358354944,29425664,30803968,
111,2026-10-09T11:35:31.663030+00:00,111.06271275000017,1285,1791541887.37,descendente,0.9185927280000215,0.0,0.0,42946560,433848320,28831744,30312448,
112,2026-10-09T11:35:32.602757+00:00,112.00242665900032,1282,1791541887.28,principal,0.939652722000119,0.0,0.0,24018944,32931840,14065664,14767104,
112,2026-10-09T11:35:32.602757+00:00,112.00242665900032,1283,1791541887.37,descendente,0.9396235909998722,0.0,0.0,11145216,19406848,5029888,5381120,
112,2026-10-09T11:35:32.602757+00:00,112.00242665900032,1284,1791541887.37,descendente,0.9396061370002826,0.0,0.0,43495424,358354944,29425664,30778368,
112,2026-10-09T11:35:32.602757+00:00,112.00242665900032,1285,1791541887.37,descendente,0.9395599710001079,0.0,0.0,42946560,433848320,28831744,30269440,
113,2026-10-09T11:35:33.619797+00:00,113.01888596800018,1282,1791541887.28,principal,1.017055485000128,0.0,0.0,24018944,32931840,14065664,14794752,
113,2026-10-09T11:35:33.619797+00:00,113.01888596800018,1283,1791541887.37,descendente,1.0174844030002532,0.0,0.0,11145216,19406848,5029888,5385216,
113,2026-10-09T11:35:33.619797+00:00,113.01888596800018,1284,1791541887.37,descendente,1.017570384999999,0.0,0.0,43495424,358354944,29425664,30803968,
113,2026-10-09T11:35:33.619797+00:00,113.01888596800018,1285,1791541887.37,descendente,1.0177881909999087,0.0,0.0,42946560,433848320,28831744,30312448,
114,2026-10-09T11:35:34.632666+00:00,114.0319115340003,1282,1791541887.28,principal,1.0129853710000134,0.0,0.0,24018944,32931840,14065664,14794752,
114,2026-10-09T11:35:34.632666+00:00,114.0319115340003,1283,1791541887.37,descendente,1.0126612599997316,0.0,0.0,11145216,19406848,5029888,5385216,
114,2026-10-09T11:35:34.632666+00:00,114.0319115340003,1284,1791541887.37,descendente,1.0126951659999577,0.0,0.0,43495424,358354944,29425664,30803968,
114,2026-10-09T11:35:34.632666+00:00,114.0319115340003,1285,1791541887.37,descendente,1.0130080180001642,0.0,0.0,42946560,433848320,28831744,30312448,
115,2026-10-09T11:35:35.603530+00:00,115.00333782300004,1282,1791541887.28,principal,0.9707280200000241,0.0,0.0,24018944,32931840,14065664,14794752,
115,2026-10-09T11:35:35.603530+00:00,115.00333782300004,1283,1791541887.37,descendente,0.9706112370004121,0.0,0.0,11145216,19406848,5029888,5385216,
115,2026-10-09T11:35:35.603530+00:00,115.00333782300004,1284,1791541887.37,descendente,0.970478318000005,0.0,0.0,43495424,358354944,29425664,30803968,
115,2026-10-09T11:35:35.603530+00:00,115.00333782300004,1285,1791541887.37,descendente,0.9701718019996406,0.0,0.0,42946560,433848320,28831744,30312448,
116,2026-10-09T11:35:36.602027+00:00,116.00117957900011,1282,1791541887.28,principal,0.9985034829996948,0.0,0.0,24018944,32931840,14065664,14779392,
116,2026-10-09T11:35:36.602027+00:00,116.00117957900011,1283,1791541887.37,descendente,0.9989405100000113,0.0,0.0,11145216,19406848,5029888,5384192,
116,2026-10-09T11:35:36.602027+00:00,116.00117957900011,1284,1791541887.37,descendente,0.9991121409998414,1.0008886479944348,0.5004443239972174,43495424,358354944,29425664,30781440,
116,2026-10-09T11:35:36.602027+00:00,116.00117957900011,1285,1791541887.37,descendente,0.9991754810002931,0.0,0.0,42946560,433848320,28831744,30270464,
117,2026-10-09T11:35:37.602208+00:00,117.00093484000035,1282,1791541887.28,principal,1.0001911090002977,0.0,0.0,24018944,32931840,14065664,14794752,
117,2026-10-09T11:35:37.602208+00:00,117.00093484000035,1283,1791541887.37,descendente,0.99980889499966,0.0,0.0,11145216,19406848,5029888,5385216,
117,2026-10-09T11:35:37.602208+00:00,117.00093484000035,1284,1791541887.37,descendente,0.9996486899999582,0.0,0.0,43495424,358354944,29425664,30803968,
117,2026-10-09T11:35:37.602208+00:00,117.00093484000035,1285,1791541887.37,descendente,0.9993275449996872,0.0,0.0,42946560,433848320,28831744,30312448,
118,2026-10-09T11:35:38.606375+00:00,118.00610656900017,1282,1791541887.28,principal,1.0042424640000718,0.995775458465329,0.4978877292326645,24018944,32931840,14065664,14794752,
118,2026-10-09T11:35:38.606375+00:00,118.00610656900017,1283,1791541887.37,descendente,1.0048593930000607,0.0,0.0,11145216,19406848,5029888,5385216,
118,2026-10-09T11:35:38.606375+00:00,118.00610656900017,1284,1791541887.37,descendente,1.004914238999845,0.0,0.0,43495424,358354944,29425664,30803968,
118,2026-10-09T11:35:38.606375+00:00,118.00610656900017,1285,1791541887.37,descendente,1.004960102000041,0.0,0.0,42946560,433848320,28831744,30312448,
119,2026-10-09T11:35:39.604498+00:00,119.00261285100032,1282,1791541887.28,principal,0.998037075999946,0.0,0.0,24018944,32931840,14065664,14794752,
119,2026-10-09T11:35:39.604498+00:00,119.00261285100032,1283,1791541887.37,descendente,0.9973798219998571,0.0,0.0,11145216,19406848,5029888,5385216,
119,2026-10-09T11:35:39.604498+00:00,119.00261285100032,1284,1791541887.37,descendente,0.9973216830003366,0.0,0.0,43495424,358354944,29425664,30803968,
119,2026-10-09T11:35:39.604498+00:00,119.00261285100032,1285,1791541887.37,descendente,0.9975505380002687,0.0,0.0,42946560,433848320,28831744,30312448,
120,2026-10-09T11:35:40.603981+00:00,120.003515203,1282,1791541887.28,principal,0.9994827729997269,0.0,0.0,24018944,32931840,14065664,14794752,
120,2026-10-09T11:35:40.603981+00:00,120.003515203,1283,1791541887.37,descendente,0.9994831880003403,0.0,0.0,11145216,19406848,5029888,5385216,
120,2026-10-09T11:35:40.603981+00:00,120.003515203,1284,1791541887.37,descendente,0.9994991999997183,0.0,0.0,43495424,358354944,29425664,30803968,
120,2026-10-09T11:35:40.603981+00:00,120.003515203,1285,1791541887.37,descendente,0.9993568769996273,1.0006435368738944,0.5003217684369472,42946560,433848320,28831744,30312448,
121,2026-10-09T11:35:41.601331+00:00,121.00071696300029,1282,1791541887.28,principal,0.9973506100000122,0.0,0.0,24018944,32931840,14065664,14794752,
121,2026-10-09T11:35:41.601331+00:00,121.00071696300029,1283,1791541887.37,descendente,0.997351050999896,0.0,0.0,11145216,19406848,5029888,5385216,
121,2026-10-09T11:35:41.601331+00:00,121.00071696300029,1284,1791541887.37,descendente,0.9973486980002235,0.0,0.0,43495424,358354944,29425664,30803968,
121,2026-10-09T11:35:41.601331+00:00,121.00071696300029,1285,1791541887.37,descendente,0.997239859000274,0.0,0.0,42946560,433848320,28831744,30312448,
122,2026-10-09T11:35:42.602902+00:00,122.00184131100013,1282,1791541887.28,principal,1.0015677730002608,0.0,0.0,24018944,32931840,14065664,14794752,
122,2026-10-09T11:35:42.602902+00:00,122.00184131100013,1283,1791541887.37,descendente,1.001555934999942,0.0,0.0,11145216,19406848,5029888,5385216,
122,2026-10-09T11:35:42.602902+00:00,122.00184131100013,1284,1791541887.37,descendente,1.0015341359999184,0.9984682139679785,0.49923410698398923,43495424,358354944,29425664,30803968,
122,2026-10-09T11:35:42.602902+00:00,122.00184131100013,1285,1791541887.37,descendente,1.00172454199992,0.9982784269249549,0.49913921346247747,42946560,433848320,28831744,30312448,
123,2026-10-09T11:35:43.603890+00:00,123.00168213999996,1282,1791541887.28,principal,1.000989484999991,0.0,0.0,24018944,32931840,14065664,14778368,
123,2026-10-09T11:35:43.603890+00:00,123.00168213999996,1283,1791541887.37,descendente,1.0009950240000762,0.0,0.0,11145216,19406848,5029888,5384192,
123,2026-10-09T11:35:43.603890+00:00,123.00168213999996,1284,1791541887.37,descendente,1.0010010239998337,0.0,0.0,43495424,358354944,29425664,30780416,
123,2026-10-09T11:35:43.603890+00:00,123.00168213999996,1285,1791541887.37,descendente,1.0008102520000648,0.0,0.0,42946560,433848320,28831744,30270464,
124,2026-10-09T11:35:44.709428+00:00,124.10936285700018,1282,1791541887.28,principal,1.1055307159999757,0.0,0.0,24018944,32931840,14053376,14756864,
124,2026-10-09T11:35:44.709428+00:00,124.10936285700018,1283,1791541887.37,descendente,1.1055472819998613,0.0,0.0,11145216,19406848,5029888,5383168,
124,2026-10-09T11:35:44.709428+00:00,124.10936285700018,1284,1791541887.37,descendente,1.105633958999988,0.0,0.0,43495424,358354944,29425664,30770176,
124,2026-10-09T11:35:44.709428+00:00,124.10936285700018,1285,1791541887.37,descendente,1.1059680210000806,0.0,0.0,42946560,433848320,28831744,30247936,
125,2026-10-09T11:35:45.718598+00:00,125.11844636800015,1282,1791541887.28,principal,1.009176208000099,0.0,0.0,24018944,32931840,14065664,14794752,
125,2026-10-09T11:35:45.718598+00:00,125.11844636800015,1283,1791541887.37,descendente,1.009154860000308,0.0,0.0,11145216,19406848,5029888,5385216,
125,2026-10-09T11:35:45.718598+00:00,125.11844636800015,1284,1791541887.37,descendente,1.0091460560001906,0.0,0.0,43495424,358354944,29425664,30803968,
125,2026-10-09T11:35:45.718598+00:00,125.11844636800015,1285,1791541887.37,descendente,1.008801671999663,0.0,0.0,42946560,433848320,28831744,30312448,
126,2026-10-09T11:35:46.681048+00:00,126.08088676200032,1282,1791541887.28,principal,0.9624490109999897,0.0,0.0,24018944,32931840,14065664,14794752,
126,2026-10-09T11:35:46.681048+00:00,126.08088676200032,1283,1791541887.37,descendente,0.9624522359999901,0.0,0.0,11145216,19406848,5029888,5385216,
126,2026-10-09T11:35:46.681048+00:00,126.08088676200032,1284,1791541887.37,descendente,0.9623766260001503,0.0,0.0,43495424,358354944,29425664,30803968,
126,2026-10-09T11:35:46.681048+00:00,126.08088676200032,1285,1791541887.37,descendente,0.9623798700004045,0.0,0.0,42946560,433848320,28831744,30312448,
127,2026-10-09T11:35:47.601938+00:00,127.00177008200035,1282,1791541887.28,principal,0.9208873210000093,0.0,0.0,24018944,32931840,14065664,14794752,
127,2026-10-09T11:35:47.601938+00:00,127.00177008200035,1283,1791541887.37,descendente,0.9208864509996602,0.0,0.0,11145216,19406848,5029888,5385216,
127,2026-10-09T11:35:47.601938+00:00,127.00177008200035,1284,1791541887.37,descendente,0.9208912209996925,1.0859045859012864,0.5429522929506432,43495424,358354944,29425664,30803968,
127,2026-10-09T11:35:47.601938+00:00,127.00177008200035,1285,1791541887.37,descendente,0.9208771169996908,0.0,0.0,42946560,433848320,28831744,30312448,
128,2026-10-09T11:35:48.667292+00:00,128.0670438760003,1282,1791541887.28,principal,1.0653591159998541,0.9386506249223436,0.4693253124611718,24018944,32931840,14041088,14745600,
128,2026-10-09T11:35:48.667292+00:00,128.0670438760003,1283,1791541887.37,descendente,1.065381890000026,0.0,0.0,11145216,19406848,5029888,5383168,
128,2026-10-09T11:35:48.667292+00:00,128.0670438760003,1284,1791541887.37,descendente,1.0653930470002706,0.0,0.0,43495424,358354944,29425664,30767104,
128,2026-10-09T11:35:48.667292+00:00,128.0670438760003,1285,1791541887.37,descendente,1.0656429280002158,0.0,0.0,42946560,433848320,28831744,30248960,
129,2026-10-09T11:35:49.601327+00:00,129.0012740670004,1282,1791541887.28,principal,0.9340273640000305,0.0,0.0,24018944,32931840,14065664,14794752,
129,2026-10-09T11:35:49.601327+00:00,129.0012740670004,1283,1791541887.37,descendente,0.934002146000239,0.0,0.0,11145216,19406848,5029888,5385216,
129,2026-10-09T11:35:49.601327+00:00,129.0012740670004,1284,1791541887.37,descendente,0.9339769260000139,0.0,0.0,43495424,358354944,29425664,30803968,
129,2026-10-09T11:35:49.601327+00:00,129.0012740670004,1285,1791541887.37,descendente,0.9337258149998888,0.0,0.0,42946560,433848320,28831744,30312448,
130,2026-10-09T11:35:50.601211+00:00,130.00111532000028,1282,1791541887.28,principal,0.9998874980001347,0.0,0.0,24018944,32931840,14065664,14794752,
130,2026-10-09T11:35:50.601211+00:00,130.00111532000028,1283,1791541887.37,descendente,0.9998908009997649,0.0,0.0,11145216,19406848,5029888,5385216,
130,2026-10-09T11:35:50.601211+00:00,130.00111532000028,1284,1791541887.37,descendente,0.9998966349999137,0.0,0.0,43495424,358354944,29425664,30803968,
130,2026-10-09T11:35:50.601211+00:00,130.00111532000028,1285,1791541887.37,descendente,0.9999001520000093,0.0,0.0,42946560,433848320,28831744,30312448,
131,2026-10-09T11:35:51.608410+00:00,131.0083188560002,1282,1791541887.28,principal,1.0071967149997363,0.0,0.0,24018944,32931840,14065664,14794752,
131,2026-10-09T11:35:51.608410+00:00,131.0083188560002,1283,1791541887.37,descendente,1.00742104200026,0.0,0.0,11145216,19406848,5029888,5385216,
131,2026-10-09T11:35:51.608410+00:00,131.0083188560002,1284,1791541887.37,descendente,1.0074212169997736,0.0,0.0,43495424,358354944,29425664,30803968,
131,2026-10-09T11:35:51.608410+00:00,131.0083188560002,1285,1791541887.37,descendente,1.0074180309998155,0.0,0.0,42946560,433848320,28831744,30312448,
132,2026-10-09T11:35:52.601214+00:00,132.00085390100003,1282,1791541887.28,principal,0.9928120099998523,0.0,0.0,24018944,32931840,14065664,14768128,
132,2026-10-09T11:35:52.601214+00:00,132.00085390100003,1283,1791541887.37,descendente,0.9925995489998058,0.0,0.0,11145216,19406848,5029888,5383168,
132,2026-10-09T11:35:52.601214+00:00,132.00085390100003,1284,1791541887.37,descendente,0.992604570000367,0.0,0.0,43495424,358354944,29425664,30765056,
132,2026-10-09T11:35:52.601214+00:00,132.00085390100003,1285,1791541887.37,descendente,0.9928393570003209,0.0,0.0,42946560,433848320,28831744,30248960,
133,2026-10-09T11:35:53.604973+00:00,133.00487135499998,1282,1791541887.28,principal,1.0037549280000349,0.0,0.0,24018944,32931840,14065664,14794752,
133,2026-10-09T11:35:53.604973+00:00,133.00487135499998,1283,1791541887.37,descendente,1.0037419559998852,0.0,0.0,11145216,19406848,5029888,5385216,
133,2026-10-09T11:35:53.604973+00:00,133.00487135499998,1284,1791541887.37,descendente,1.0037474319997273,0.0,0.0,43495424,358354944,29425664,30803968,
133,2026-10-09T11:35:53.604973+00:00,133.00487135499998,1285,1791541887.37,descendente,1.0038681259998157,0.0,0.0,42946560,433848320,28831744,30312448,
134,2026-10-09T11:35:54.601258+00:00,134.00117374299998,1282,1791541887.28,principal,0.9962823300002128,0.0,0.0,24018944,32931840,14065664,14794752,
134,2026-10-09T11:35:54.601258+00:00,134.00117374299998,1283,1791541887.37,descendente,0.9962863340001604,0.0,0.0,11145216,19406848,5029888,5385216,
134,2026-10-09T11:35:54.601258+00:00,134.00117374299998,1284,1791541887.37,descendente,0.9962731519999579,0.0,0.0,43495424,358354944,29425664,30803968,
134,2026-10-09T11:35:54.601258+00:00,134.00117374299998,1285,1791541887.37,descendente,0.9959153039999364,0.0,0.0,42946560,433848320,28831744,30312448,
135,2026-10-09T11:35:55.607275+00:00,135.00646296800005,1282,1791541887.28,principal,1.0060532369998327,0.0,0.0,24018944,32931840,14065664,14794752,
135,2026-10-09T11:35:55.607275+00:00,135.00646296800005,1283,1791541887.37,descendente,1.0067499769997994,0.0,0.0,11145216,19406848,5029888,5385216,
135,2026-10-09T11:35:55.607275+00:00,135.00646296800005,1284,1791541887.37,descendente,1.0068359870001586,0.0,0.0,43495424,358354944,29425664,30803968,
135,2026-10-09T11:35:55.607275+00:00,135.00646296800005,1285,1791541887.37,descendente,1.007002790000115,0.9930459080456391,0.49652295402281954,42946560,433848320,28831744,30312448,
136,2026-10-09T11:35:56.602833+00:00,136.00131335900005,1282,1791541887.28,principal,0.9955539070001578,0.0,0.0,24018944,32931840,14041088,14745600,
136,2026-10-09T11:35:56.602833+00:00,136.00131335900005,1283,1791541887.37,descendente,0.9953775150002002,0.0,0.0,11145216,19406848,5029888,5383168,
136,2026-10-09T11:35:56.602833+00:00,136.00131335900005,1284,1791541887.37,descendente,0.9957787210000788,0.0,0.0,43495424,358354944,29425664,30767104,
136,2026-10-09T11:35:56.602833+00:00,136.00131335900005,1285,1791541887.37,descendente,0.9961906290000115,1.003823937797898,0.501911968898949,42946560,433848320,28831744,30248960,
137,2026-10-09T11:35:57.605945+00:00,137.005718549,1282,1791541887.28,principal,1.0030912480001462,0.0,0.0,24018944,32931840,14065664,14794752,
137,2026-10-09T11:35:57.605945+00:00,137.005718549,1283,1791541887.37,descendente,1.0028377120002006,0.0,0.0,11145216,19406848,5029888,5385216,
137,2026-10-09T11:35:57.605945+00:00,137.005718549,1284,1791541887.37,descendente,1.0024421279999842,0.0,0.0,43495424,358354944,29425664,30803968,
137,2026-10-09T11:35:57.605945+00:00,137.005718549,1285,1791541887.37,descendente,1.0019923099998778,0.0,0.0,42946560,433848320,28831744,30312448,
138,2026-10-09T11:35:58.602298+00:00,138.0012373540003,1282,1791541887.28,principal,0.9963555879999149,0.0,0.0,24018944,32931840,14065664,14794752,
138,2026-10-09T11:35:58.602298+00:00,138.0012373540003,1283,1791541887.37,descendente,0.9961208839999927,0.0,0.0,11145216,19406848,5029888,5385216,
138,2026-10-09T11:35:58.602298+00:00,138.0012373540003,1284,1791541887.37,descendente,0.996039177000057,1.0039765735038946,0.5019882867519473,43495424,358354944,29425664,30803968,
138,2026-10-09T11:35:58.602298+00:00,138.0012373540003,1285,1791541887.37,descendente,0.9959246040002654,0.0,0.0,42946560,433848320,28831744,30312448,
139,2026-10-09T11:35:59.602375+00:00,139.00114908700016,1282,1791541887.28,principal,1.0000760509997235,0.0,0.0,24018944,32931840,14065664,14766080,
139,2026-10-09T11:35:59.602375+00:00,139.00114908700016,1283,1791541887.37,descendente,1.0001139529999818,0.0,0.0,11145216,19406848,5029888,5383168,
139,2026-10-09T11:35:59.602375+00:00,139.00114908700016,1284,1791541887.37,descendente,1.0001551059999656,0.0,0.0,43495424,358354944,29425664,30769152,
139,2026-10-09T11:35:59.602375+00:00,139.00114908700016,1285,1791541887.37,descendente,1.0002183980000154,0.0,0.0,42946560,433848320,28831744,30243840,
140,2026-10-09T11:36:00.603025+00:00,140.00223457200036,1282,1791541887.28,principal,1.000645896000151,0.0,0.0,24018944,32931840,14065664,14794752,
140,2026-10-09T11:36:00.603025+00:00,140.00223457200036,1283,1791541887.37,descendente,1.0010409299998173,0.0,0.0,11145216,19406848,5029888,5385216,
140,2026-10-09T11:36:00.603025+00:00,140.00223457200036,1284,1791541887.37,descendente,1.001013660999888,0.0,0.0,43495424,358354944,29425664,30803968,
140,2026-10-09T11:36:00.603025+00:00,140.00223457200036,1285,1791541887.37,descendente,1.000946374999785,0.0,0.0,42946560,433848320,28831744,30312448,
141,2026-10-09T11:36:01.603131+00:00,141.0024731200001,1282,1791541887.28,principal,1.0001049470001817,0.0,0.0,24018944,32931840,14065664,14794752,
141,2026-10-09T11:36:01.603131+00:00,141.0024731200001,1283,1791541887.37,descendente,0.9997185399997761,0.0,0.0,11145216,19406848,5029888,5385216,
141,2026-10-09T11:36:01.603131+00:00,141.0024731200001,1284,1791541887.37,descendente,0.9997096140000394,1.0002904703486395,0.5001452351743197,43495424,358354944,29425664,30803968,
141,2026-10-09T11:36:01.603131+00:00,141.0024731200001,1285,1791541887.37,descendente,0.9999602950001645,0.0,0.0,42946560,433848320,28831744,30312448,
142,2026-10-09T11:36:02.603226+00:00,142.00210825900012,1282,1791541887.28,principal,1.0000913529997888,0.0,0.0,24018944,32931840,14065664,14794752,
142,2026-10-09T11:36:02.603226+00:00,142.00210825900012,1283,1791541887.37,descendente,1.000013262000266,0.0,0.0,11145216,19406848,5029888,5385216,
142,2026-10-09T11:36:02.603226+00:00,142.00210825900012,1284,1791541887.37,descendente,1.000000246000127,0.0,0.0,43495424,358354944,29425664,30803968,
142,2026-10-09T11:36:02.603226+00:00,142.00210825900012,1285,1791541887.37,descendente,0.9997441609998532,0.0,0.0,42946560,433848320,28831744,30312448,
143,2026-10-09T11:36:03.601766+00:00,143.00128655700018,1282,1791541887.28,principal,0.9985389550001855,0.0,0.0,24018944,32931840,14065664,14776320,
143,2026-10-09T11:36:03.601766+00:00,143.00128655700018,1283,1791541887.37,descendente,0.9988187919998381,0.0,0.0,11145216,19406848,5029888,5382144,
143,2026-10-09T11:36:03.601766+00:00,143.00128655700018,1284,1791541887.37,descendente,0.998928221999904,0.0,0.0,43495424,358354944,29425664,30782464,
143,2026-10-09T11:36:03.601766+00:00,143.00128655700018,1285,1791541887.37,descendente,1.0001026290001391,0.0,0.0,42946560,433848320,28831744,30249984,
144,2026-10-09T11:36:04.601961+00:00,144.00124154600007,1282,1791541887.28,principal,1.0001964539997061,0.0,0.0,24018944,32931840,14065664,14794752,
144,2026-10-09T11:36:04.601961+00:00,144.00124154600007,1283,1791541887.37,descendente,0.9999101480002537,0.0,0.0,11145216,19406848,5029888,5385216,
144,2026-10-09T11:36:04.601961+00:00,144.00124154600007,1284,1791541887.37,descendente,1.000175211000169,0.0,0.0,43495424,358354944,29425664,30803968,
144,2026-10-09T11:36:04.601961+00:00,144.00124154600007,1285,1791541887.37,descendente,0.9990836769998168,0.0,0.0,42946560,433848320,28831744,30312448,
145,2026-10-09T11:36:05.685137+00:00,145.08419376400025,1282,1791541887.28,principal,1.0831738400001996,0.0,0.0,24018944,32931840,14065664,14794752,
145,2026-10-09T11:36:05.685137+00:00,145.08419376400025,1283,1791541887.37,descendente,1.083175409999967,0.0,0.0,11145216,19406848,5029888,5385216,
145,2026-10-09T11:36:05.685137+00:00,145.08419376400025,1284,1791541887.37,descendente,1.0828027499997006,0.0,0.0,43495424,358354944,29425664,30803968,
145,2026-10-09T11:36:05.685137+00:00,145.08419376400025,1285,1791541887.37,descendente,1.0827184260001559,0.0,0.0,42946560,433848320,28831744,30312448,
146,2026-10-09T11:36:06.665533+00:00,146.06524732900016,1282,1791541887.28,principal,0.9803968629998963,0.0,0.0,24018944,32931840,14065664,14794752,
146,2026-10-09T11:36:06.665533+00:00,146.06524732900016,1283,1791541887.37,descendente,0.9803973079997377,0.0,0.0,11145216,19406848,5029888,5385216,
146,2026-10-09T11:36:06.665533+00:00,146.06524732900016,1284,1791541887.37,descendente,0.9803965480000443,0.0,0.0,43495424,358354944,29425664,30803968,
146,2026-10-09T11:36:06.665533+00:00,146.06524732900016,1285,1791541887.37,descendente,0.9804151909997927,0.0,0.0,42946560,433848320,28831744,30312448,
147,2026-10-09T11:36:07.600735+00:00,147.00060006700005,1282,1791541887.28,principal,0.9351964530001169,0.0,0.0,24018944,32931840,14065664,14794752,
147,2026-10-09T11:36:07.600735+00:00,147.00060006700005,1283,1791541887.37,descendente,0.9353157680002369,0.0,0.0,11145216,19406848,5029888,5385216,
147,2026-10-09T11:36:07.600735+00:00,147.00060006700005,1284,1791541887.37,descendente,0.9353213210001741,0.0,0.0,43495424,358354944,29425664,30803968,
147,2026-10-09T11:36:07.600735+00:00,147.00060006700005,1285,1791541887.37,descendente,0.9353439280002931,0.0,0.0,42946560,433848320,28831744,30312448,
148,2026-10-09T11:36:08.601681+00:00,148.00077593700007,1282,1791541887.28,principal,1.000954264000029,0.0,0.0,24018944,32931840,14065664,14794752,
148,2026-10-09T11:36:08.601681+00:00,148.00077593700007,1283,1791541887.37,descendente,1.0008502219998263,0.0,0.0,11145216,19406848,5029888,5385216,
148,2026-10-09T11:36:08.601681+00:00,148.00077593700007,1284,1791541887.37,descendente,1.0012764319999405,0.0,0.0,43495424,358354944,29425664,30803968,
148,2026-10-09T11:36:08.601681+00:00,148.00077593700007,1285,1791541887.37,descendente,1.0013243509997665,0.9986774005858909,0.49933870029294547,42946560,433848320,28831744,30312448,
149,2026-10-09T11:36:09.684948+00:00,149.08387136400006,1282,1791541887.28,principal,1.0832791190000535,0.0,0.0,24018944,32931840,14065664,14794752,
149,2026-10-09T11:36:09.684948+00:00,149.08387136400006,1283,1791541887.37,descendente,1.0833076409999194,0.0,0.0,11145216,19406848,5029888,5385216,
149,2026-10-09T11:36:09.684948+00:00,149.08387136400006,1284,1791541887.37,descendente,1.0828870320001442,0.0,0.0,43495424,358354944,29425664,30803968,
149,2026-10-09T11:36:09.684948+00:00,149.08387136400006,1285,1791541887.37,descendente,1.083311526000216,0.0,0.0,42946560,433848320,28831744,30312448,
150,2026-10-09T11:36:10.663318+00:00,150.06166447400028,1282,1791541887.28,principal,0.9783717629998137,0.0,0.0,24018944,32931840,14065664,14794752,
150,2026-10-09T11:36:10.663318+00:00,150.06166447400028,1283,1791541887.37,descendente,0.9784884880000391,0.0,0.0,11145216,19406848,5029888,5385216,
150,2026-10-09T11:36:10.663318+00:00,150.06166447400028,1284,1791541887.37,descendente,0.9786417869995603,1.021824341944077,0.5109121709720384,43495424,358354944,29425664,30803968,
150,2026-10-09T11:36:10.663318+00:00,150.06166447400028,1285,1791541887.37,descendente,0.9783751609998035,0.0,0.0,42946560,433848320,28831744,30312448,
151,2026-10-09T11:36:11.601721+00:00,151.00114087300017,1282,1791541887.28,principal,0.9383917770001062,0.0,0.0,24018944,32931840,14065664,14794752,
151,2026-10-09T11:36:11.601721+00:00,151.00114087300017,1283,1791541887.37,descendente,0.9385780689999592,0.0,0.0,11145216,19406848,5029888,5385216,
151,2026-10-09T11:36:11.601721+00:00,151.00114087300017,1284,1791541887.37,descendente,0.9384404060001543,0.0,0.0,43495424,358354944,29425664,30803968,
151,2026-10-09T11:36:11.601721+00:00,151.00114087300017,1285,1791541887.37,descendente,0.9382525099999839,0.0,0.0,42946560,433848320,28831744,30312448,
152,2026-10-09T11:36:12.730698+00:00,152.12925502500002,1282,1791541887.28,principal,1.1289905650000946,0.0,0.0,24018944,32931840,14065664,14794752,
152,2026-10-09T11:36:12.730698+00:00,152.12925502500002,1283,1791541887.37,descendente,1.1287807970002177,0.0,0.0,11145216,19406848,5029888,5385216,
152,2026-10-09T11:36:12.730698+00:00,152.12925502500002,1284,1791541887.37,descendente,1.1287955309999234,0.0,0.0,43495424,358354944,29425664,30803968,
152,2026-10-09T11:36:12.730698+00:00,152.12925502500002,1285,1791541887.37,descendente,1.1288154329999998,0.8858844154376091,0.44294220771880455,42946560,433848320,28831744,30312448,
153,2026-10-09T11:36:13.603291+00:00,153.0027146260004,1282,1791541887.28,principal,0.872583891999966,1.1460216137018284,0.5730108068509142,24018944,32931840,14065664,14794752,
153,2026-10-09T11:36:13.603291+00:00,153.0027146260004,1283,1791541887.37,descendente,0.8725194359999477,0.0,0.0,11145216,19406848,5029888,5385216,
153,2026-10-09T11:36:13.603291+00:00,153.0027146260004,1284,1791541887.37,descendente,0.8726285640000242,0.0,0.0,43495424,358354944,29425664,30803968,
153,2026-10-09T11:36:13.603291+00:00,153.0027146260004,1285,1791541887.37,descendente,0.872666807999849,0.0,0.0,42946560,433848320,28831744,30312448,
154,2026-10-09T11:36:14.601397+00:00,154.00035689300012,1282,1791541887.28,principal,0.9980966929997521,0.0,0.0,24018944,32931840,14065664,14775296,
154,2026-10-09T11:36:14.601397+00:00,154.00035689300012,1283,1791541887.37,descendente,0.9980216379999547,0.0,0.0,11145216,19406848,5029888,5381120,
154,2026-10-09T11:36:14.601397+00:00,154.00035689300012,1284,1791541887.37,descendente,0.997874450999916,0.0,0.0,43495424,358354944,29425664,30778368,
154,2026-10-09T11:36:14.601397+00:00,154.00035689300012,1285,1791541887.37,descendente,0.9977618060001987,0.0,0.0,42946560,433848320,28831744,30267392,
155,2026-10-09T11:36:15.601647+00:00,155.00139975900038,1282,1791541887.28,principal,1.0002575840003374,0.0,0.0,24018944,32931840,14065664,14794752,
155,2026-10-09T11:36:15.601647+00:00,155.00139975900038,1283,1791541887.37,descendente,1.0002943790000245,0.0,0.0,11145216,19406848,5029888,5385216,
155,2026-10-09T11:36:15.601647+00:00,155.00139975900038,1284,1791541887.37,descendente,1.0003057860003537,0.0,0.0,43495424,358354944,29425664,30803968,
155,2026-10-09T11:36:15.601647+00:00,155.00139975900038,1285,1791541887.37,descendente,1.0003371399998287,0.0,0.0,42946560,433848320,28831744,30312448,
156,2026-10-09T11:36:16.606450+00:00,156.00634377400002,1282,1791541887.28,principal,1.0047924529999364,0.0,0.0,24018944,32931840,14065664,14794752,
156,2026-10-09T11:36:16.606450+00:00,156.00634377400002,1283,1791541887.37,descendente,1.0047639280001022,0.0,0.0,11145216,19406848,5029888,5385216,
156,2026-10-09T11:36:16.606450+00:00,156.00634377400002,1284,1791541887.37,descendente,1.0047511509997094,0.0,0.0,43495424,358354944,29425664,30803968,
156,2026-10-09T11:36:16.606450+00:00,156.00634377400002,1285,1791541887.37,descendente,1.0047346579999612,0.0,0.0,42946560,433848320,28831744,30312448,
157,2026-10-09T11:36:17.602555+00:00,157.0018925700001,1282,1791541887.28,principal,0.9961075719998007,0.0,0.0,24018944,32931840,14061568,14744576,
157,2026-10-09T11:36:17.602555+00:00,157.0018925700001,1283,1791541887.37,descendente,0.9961121159999493,0.0,0.0,11145216,19406848,5029888,5365760,
157,2026-10-09T11:36:17.602555+00:00,157.0018925700001,1284,1791541887.37,descendente,0.9961254489999192,0.0,0.0,43495424,358354944,29425664,30747648,
157,2026-10-09T11:36:17.602555+00:00,157.0018925700001,1285,1791541887.37,descendente,0.9961244970004373,0.0,0.0,42946560,433848320,28831744,30237696,
158,2026-10-09T11:36:18.607378+00:00,158.00713902899997,1282,1791541887.28,principal,1.0048256509999192,0.0,0.0,24018944,32931840,14065664,14794752,
158,2026-10-09T11:36:18.607378+00:00,158.00713902899997,1283,1791541887.37,descendente,1.0048215890001302,0.0,0.0,11145216,19406848,5029888,5385216,
158,2026-10-09T11:36:18.607378+00:00,158.00713902899997,1284,1791541887.37,descendente,1.004809982000097,0.9952130431758632,0.4976065215879316,43495424,358354944,29425664,30803968,
158,2026-10-09T11:36:18.607378+00:00,158.00713902899997,1285,1791541887.37,descendente,1.004797397999937,0.0,0.0,42946560,433848320,28831744,30312448,
159,2026-10-09T11:36:19.603070+00:00,159.00293514500027,1282,1791541887.28,principal,0.9956869350003217,0.0,0.0,24018944,32931840,14065664,14794752,
159,2026-10-09T11:36:19.603070+00:00,159.00293514500027,1283,1791541887.37,descendente,0.9956876289998036,0.0,0.0,11145216,19406848,5029888,5385216,
159,2026-10-09T11:36:19.603070+00:00,159.00293514500027,1284,1791541887.37,descendente,0.9956901730001846,0.0,0.0,43495424,358354944,29425664,30803968,
159,2026-10-09T11:36:19.603070+00:00,159.00293514500027,1285,1791541887.37,descendente,0.9959300709997478,0.0,0.0,42946560,433848320,28831744,30312448,
160,2026-10-09T11:36:20.600434+00:00,160.0001907410001,1282,1791541887.28,principal,0.9973697529999299,0.0,0.0,24018944,32931840,14065664,14794752,
160,2026-10-09T11:36:20.600434+00:00,160.0001907410001,1283,1791541887.37,descendente,0.9973620830000982,0.0,0.0,11145216,19406848,5029888,5385216,
160,2026-10-09T11:36:20.600434+00:00,160.0001907410001,1284,1791541887.37,descendente,0.9973532039998645,0.0,0.0,43495424,358354944,29425664,30803968,
160,2026-10-09T11:36:20.600434+00:00,160.0001907410001,1285,1791541887.37,descendente,0.9971405999999661,0.0,0.0,42946560,433848320,28831744,30312448,
161,2026-10-09T11:36:21.601583+00:00,161.00126490000002,1282,1791541887.28,principal,1.0011430819999987,0.0,0.0,24018944,32931840,14065664,14794752,
161,2026-10-09T11:36:21.601583+00:00,161.00126490000002,1283,1791541887.37,descendente,1.0011365549999027,0.0,0.0,11145216,19406848,5029888,5385216,
161,2026-10-09T11:36:21.601583+00:00,161.00126490000002,1284,1791541887.37,descendente,1.0011334450000504,0.0,0.0,43495424,358354944,29425664,30803968,
161,2026-10-09T11:36:21.601583+00:00,161.00126490000002,1285,1791541887.37,descendente,1.0010932400000456,0.9989079538686234,0.4994539769343117,42946560,433848320,28831744,30312448,
162,2026-10-09T11:36:22.604175+00:00,162.00406550000025,1282,1791541887.28,principal,1.002592478999759,0.9974142245687234,0.4987071122843617,24018944,32931840,14065664,14794752,
162,2026-10-09T11:36:22.604175+00:00,162.00406550000025,1283,1791541887.37,descendente,1.0026589990002321,0.0,0.0,11145216,19406848,5029888,5385216,
162,2026-10-09T11:36:22.604175+00:00,162.00406550000025,1284,1791541887.37,descendente,1.0026831340001081,0.0,0.0,43495424,358354944,29425664,30803968,
162,2026-10-09T11:36:22.604175+00:00,162.00406550000025,1285,1791541887.37,descendente,1.002924202000031,0.0,0.0,42946560,433848320,28831744,30312448,
163,2026-10-09T11:36:23.602426+00:00,163.00191475500014,1282,1791541887.28,principal,0.9982514789999186,0.0,0.0,24018944,32931840,14065664,14794752,
163,2026-10-09T11:36:23.602426+00:00,163.00191475500014,1283,1791541887.37,descendente,0.9981956079996053,0.0,0.0,11145216,19406848,5029888,5385216,
163,2026-10-09T11:36:23.602426+00:00,163.00191475500014,1284,1791541887.37,descendente,0.9982110089999878,0.0,0.0,43495424,358354944,29425664,30803968,
163,2026-10-09T11:36:23.602426+00:00,163.00191475500014,1285,1791541887.37,descendente,0.9979879229999824,0.0,0.0,42946560,433848320,28831744,30312448,
164,2026-10-09T11:36:24.606856+00:00,164.0066938140003,1282,1791541887.28,principal,1.004428217000168,0.0,0.0,24018944,32931840,14065664,14794752,
164,2026-10-09T11:36:24.606856+00:00,164.0066938140003,1283,1791541887.37,descendente,1.0044870650003759,0.0,0.0,11145216,19406848,5029888,5385216,
164,2026-10-09T11:36:24.606856+00:00,164.0066938140003,1284,1791541887.37,descendente,1.0044497220001176,0.0,0.0,43495424,358354944,29425664,30803968,
164,2026-10-09T11:36:24.606856+00:00,164.0066938140003,1285,1791541887.37,descendente,1.0044675449998977,0.0,0.0,42946560,433848320,28831744,30312448,
165,2026-10-09T11:36:25.602078+00:00,165.001881571,1282,1791541887.28,principal,0.995222953999928,0.0,0.0,24018944,32931840,14065664,14794752,
165,2026-10-09T11:36:25.602078+00:00,165.001881571,1283,1791541887.37,descendente,0.9951594229996772,0.0,0.0,11145216,19406848,5029888,5385216,
165,2026-10-09T11:36:25.602078+00:00,165.001881571,1284,1791541887.37,descendente,0.9954434569999648,0.0,0.0,43495424,358354944,29425664,30803968,
165,2026-10-09T11:36:25.602078+00:00,165.001881571,1285,1791541887.37,descendente,0.995481626000128,0.0,0.0,42946560,433848320,28831744,30312448,
166,2026-10-09T11:36:26.601451+00:00,166.0005665040003,1282,1791541887.28,principal,0.999376188000042,0.0,0.0,24018944,32931840,14057472,14759936,
166,2026-10-09T11:36:26.601451+00:00,166.0005665040003,1283,1791541887.37,descendente,0.9993849090001277,0.0,0.0,11145216,19406848,5029888,5383168,
166,2026-10-09T11:36:26.601451+00:00,166.0005665040003,1284,1791541887.37,descendente,0.9991050539997559,0.0,0.0,43495424,358354944,29425664,30770176,
166,2026-10-09T11:36:26.601451+00:00,166.0005665040003,1285,1791541887.37,descendente,0.9990435049999178,0.0,0.0,42946560,433848320,28831744,30246912,
167,2026-10-09T11:36:27.602112+00:00,167.0015916110001,1282,1791541887.28,principal,1.0006613169998673,0.0,0.0,24018944,32931840,14065664,14794752,
167,2026-10-09T11:36:27.602112+00:00,167.0015916110001,1283,1791541887.37,descendente,1.0006602240000575,0.0,0.0,11145216,19406848,5029888,5385216,
167,2026-10-09T11:36:27.602112+00:00,167.0015916110001,1284,1791541887.37,descendente,1.0006667560001006,0.9993336882677565,0.49966684413387824,43495424,358354944,29425664,30803968,
167,2026-10-09T11:36:27.602112+00:00,167.0015916110001,1285,1791541887.37,descendente,1.0006631189999098,0.0,0.0,42946560,433848320,28831744,30312448,
168,2026-10-09T11:36:28.603005+00:00,168.00287288500022,1282,1791541887.28,principal,1.000890891000381,0.0,0.0,24018944,32931840,14065664,14794752,
168,2026-10-09T11:36:28.603005+00:00,168.00287288500022,1283,1791541887.37,descendente,1.0008959840001808,0.0,0.0,11145216,19406848,5029888,5385216,
168,2026-10-09T11:36:28.603005+00:00,168.00287288500022,1284,1791541887.37,descendente,1.0008909510002013,0.0,0.0,43495424,358354944,29425664,30803968,
168,2026-10-09T11:36:28.603005+00:00,168.00287288500022,1285,1791541887.37,descendente,1.0012966680001227,0.0,0.0,42946560,433848320,28831744,30312448,
169,2026-10-09T11:36:29.606275+00:00,169.00604349100013,1282,1791541887.28,principal,1.0032725759997447,0.0,0.0,24018944,32931840,14065664,14794752,
169,2026-10-09T11:36:29.606275+00:00,169.00604349100013,1283,1791541887.37,descendente,1.0033088969998971,0.0,0.0,11145216,19406848,5029888,5385216,
169,2026-10-09T11:36:29.606275+00:00,169.00604349100013,1284,1791541887.37,descendente,1.003320412999983,0.0,0.0,43495424,358354944,29425664,30803968,
169,2026-10-09T11:36:29.606275+00:00,169.00604349100013,1285,1791541887.37,descendente,1.002916513999935,0.0,0.0,42946560,433848320,28831744,30312448,
170,2026-10-09T11:36:30.602154+00:00,170.00125754300007,1282,1791541887.28,principal,0.9958768559999953,0.0,0.0,24018944,32931840,14065664,14772224,
170,2026-10-09T11:36:30.602154+00:00,170.00125754300007,1283,1791541887.37,descendente,0.9958266309999999,0.0,0.0,11145216,19406848,5029888,5382144,
170,2026-10-09T11:36:30.602154+00:00,170.00125754300007,1284,1791541887.37,descendente,0.9958149269996284,0.0,0.0,43495424,358354944,29425664,30780416,
170,2026-10-09T11:36:30.602154+00:00,170.00125754300007,1285,1791541887.37,descendente,0.9958148030000302,0.0,0.0,42946560,433848320,28831744,30263296,
171,2026-10-09T11:36:31.603200+00:00,171.00310643300008,1282,1791541887.28,principal,1.0010411150001346,0.0,0.0,24018944,32931840,14065664,14794752,
171,2026-10-09T11:36:31.603200+00:00,171.00310643300008,1283,1791541887.37,descendente,1.0010369490000812,0.0,0.0,11145216,19406848,5029888,5385216,
171,2026-10-09T11:36:31.603200+00:00,171.00310643300008,1284,1791541887.37,descendente,1.0010279269999955,0.9989731285486959,0.49948656427434796,43495424,358354944,29425664,30803968,
171,2026-10-09T11:36:31.603200+00:00,171.00310643300008,1285,1791541887.37,descendente,1.0010757680001916,0.9989253880327764,0.4994626940163882,42946560,433848320,28831744,30312448,
172,2026-10-09T11:36:32.601158+00:00,172.0005025190003,1282,1791541887.28,principal,0.997963615000117,0.0,0.0,24018944,32931840,14065664,14794752,
172,2026-10-09T11:36:32.601158+00:00,172.0005025190003,1283,1791541887.37,descendente,0.9980753469999399,0.0,0.0,11145216,19406848,5029888,5385216,
172,2026-10-09T11:36:32.601158+00:00,172.0005025190003,1284,1791541887.37,descendente,0.998091652000312,0.0,0.0,43495424,358354944,29425664,30803968,
172,2026-10-09T11:36:32.601158+00:00,172.0005025190003,1285,1791541887.37,descendente,0.9980437609997352,0.0,0.0,42946560,433848320,28831744,30312448,
173,2026-10-09T11:36:33.603955+00:00,173.00368503500022,1282,1791541887.28,principal,1.0032478009998158,0.0,0.0,24018944,32931840,14065664,14794752,
173,2026-10-09T11:36:33.603955+00:00,173.00368503500022,1283,1791541887.37,descendente,1.0031695650000074,0.0,0.0,11145216,19406848,5029888,5385216,
173,2026-10-09T11:36:33.603955+00:00,173.00368503500022,1284,1791541887.37,descendente,1.0031867369998508,0.0,0.0,43495424,358354944,29425664,30803968,
173,2026-10-09T11:36:33.603955+00:00,173.00368503500022,1285,1791541887.37,descendente,1.0034179480003331,0.0,0.0,42946560,433848320,28831744,30312448,
174,2026-10-09T11:36:34.601702+00:00,174.0011400620001,1282,1791541887.28,principal,0.9972960559998683,0.0,0.0,24018944,32931840,14065664,14769152,
174,2026-10-09T11:36:34.601702+00:00,174.0011400620001,1283,1791541887.37,descendente,0.997268585999791,0.0,0.0,11145216,19406848,5029888,5381120,
174,2026-10-09T11:36:34.601702+00:00,174.0011400620001,1284,1791541887.37,descendente,0.9972454580001795,0.0,0.0,43495424,358354944,29425664,30777344,
174,2026-10-09T11:36:34.601702+00:00,174.0011400620001,1285,1791541887.37,descendente,0.9970863819999067,1.002922131976219,0.5014610659881095,42946560,433848320,28831744,30269440,
175,2026-10-09T11:36:35.608294+00:00,175.0079254090001,1282,1791541887.28,principal,1.0065995489999295,0.0,0.0,24018944,32931840,14065664,14794752,
175,2026-10-09T11:36:35.608294+00:00,175.0079254090001,1283,1791541887.37,descendente,1.00668368200013,0.0,0.0,11145216,19406848,5029888,5385216,
175,2026-10-09T11:36:35.608294+00:00,175.0079254090001,1284,1791541887.37,descendente,1.0067113149998477,0.0,0.0,43495424,358354944,29425664,30803968,
175,2026-10-09T11:36:35.608294+00:00,175.0079254090001,1285,1791541887.37,descendente,1.0066602840001906,0.0,0.0,42946560,433848320,28831744,30312448,
176,2026-10-09T11:36:36.602454+00:00,176.00234810100028,1282,1791541887.28,principal,0.9941505540000435,0.0,0.0,24018944,32931840,14065664,14794752,
176,2026-10-09T11:36:36.602454+00:00,176.00234810100028,1283,1791541887.37,descendente,0.9940691130000232,0.0,0.0,11145216,19406848,5029888,5385216,
176,2026-10-09T11:36:36.602454+00:00,176.00234810100028,1284,1791541887.37,descendente,0.9940359769998395,0.0,0.0,43495424,358354944,29425664,30803968,
176,2026-10-09T11:36:36.602454+00:00,176.00234810100028,1285,1791541887.37,descendente,0.9940135999995618,0.0,0.0,42946560,433848320,28831744,30312448,
177,2026-10-09T11:36:37.610298+00:00,177.0095601080002,1282,1791541887.28,principal,1.0078440540000884,0.0,0.0,24018944,32931840,14065664,14794752,
177,2026-10-09T11:36:37.610298+00:00,177.0095601080002,1283,1791541887.37,descendente,1.007838399999855,0.0,0.0,11145216,19406848,5029888,5385216,
177,2026-10-09T11:36:37.610298+00:00,177.0095601080002,1284,1791541887.37,descendente,1.0078390319999926,0.0,0.0,43495424,358354944,29425664,30803968,
177,2026-10-09T11:36:37.610298+00:00,177.0095601080002,1285,1791541887.37,descendente,1.0078340100003516,0.0,0.0,42946560,433848320,28831744,30312448,
178,2026-10-09T11:36:38.601304+00:00,178.00085448499976,1282,1791541887.28,principal,0.9910012350001125,0.0,0.0,24018944,32931840,14061568,14735360,
178,2026-10-09T11:36:38.601304+00:00,178.00085448499976,1283,1791541887.37,descendente,0.991002128999753,0.0,0.0,11145216,19406848,5029888,5364736,
178,2026-10-09T11:36:38.601304+00:00,178.00085448499976,1284,1791541887.37,descendente,0.9910052600002928,0.0,0.0,43495424,358354944,29425664,30731264,
178,2026-10-09T11:36:38.601304+00:00,178.00085448499976,1285,1791541887.37,descendente,0.9910095850000289,0.0,0.0,42946560,433848320,28831744,30221312,
179,2026-10-09T11:36:39.600529+00:00,179.0003743110001,1282,1791541887.28,principal,0.9992296090003947,0.0,0.0,24018944,32931840,14065664,14794752,
179,2026-10-09T11:36:39.600529+00:00,179.0003743110001,1283,1791541887.37,descendente,0.9994972900003631,0.0,0.0,11145216,19406848,5029888,5385216,
179,2026-10-09T11:36:39.600529+00:00,179.0003743110001,1284,1791541887.37,descendente,0.9995093620000262,0.0,0.0,43495424,358354944,29425664,30803968,
179,2026-10-09T11:36:39.600529+00:00,179.0003743110001,1285,1791541887.37,descendente,0.9995117959997515,0.0,0.0,42946560,433848320,28831744,30312448,
180,2026-10-09T11:36:40.601331+00:00,180.00113718100056,1282,1791541887.28,principal,1.0008055599992076,0.0,0.0,24018944,32931840,14065664,14794752,
180,2026-10-09T11:36:40.601331+00:00,180.00113718100056,1283,1791541887.37,descendente,1.0007483990002584,0.0,0.0,11145216,19406848,5029888,5385216,
180,2026-10-09T11:36:40.601331+00:00,180.00113718100056,1284,1791541887.37,descendente,1.000823352000225,0.0,0.0,43495424,358354944,29425664,30803968,
180,2026-10-09T11:36:40.601331+00:00,180.00113718100056,1285,1791541887.37,descendente,1.001323808000052,0.0,0.0,42946560,433848320,28831744,30312448,
181,2026-10-09T11:36:41.605404+00:00,181.00530727099977,1282,1791541887.28,principal,1.0040694550007174,0.0,0.0,24018944,32931840,14065664,14794752,
181,2026-10-09T11:36:41.605404+00:00,181.00530727099977,1283,1791541887.37,descendente,1.0040455399994244,0.0,0.0,11145216,19406848,5029888,5385216,
181,2026-10-09T11:36:41.605404+00:00,181.00530727099977,1284,1791541887.37,descendente,1.0040788219994283,0.9959377472067882,0.4979688736033941,43495424,358354944,29425664,30803968,
181,2026-10-09T11:36:41.605404+00:00,181.00530727099977,1285,1791541887.37,descendente,1.0037057790004837,0.0,0.0,42946560,433848320,28831744,30312448,
182,2026-10-09T11:36:42.601780+00:00,182.00110862099973,1282,1791541887.28,principal,0.9963787309998224,0.0,0.0,24018944,32931840,14065664,14794752,
182,2026-10-09T11:36:42.601780+00:00,182.00110862099973,1283,1791541887.37,descendente,0.9961944030001177,0.0,0.0,11145216,19406848,5029888,5385216,
182,2026-10-09T11:36:42.601780+00:00,182.00110862099973,1284,1791541887.37,descendente,0.9960690369998701,0.0,0.0,43495424,358354944,29425664,30803968,
182,2026-10-09T11:36:42.601780+00:00,182.00110862099973,1285,1791541887.37,descendente,0.9959347429994523,0.0,0.0,42946560,433848320,28831744,30312448,
183,2026-10-09T11:36:43.602384+00:00,183.00177398600044,1282,1791541887.28,principal,1.0006101039998612,0.0,0.0,24018944,32931840,14065664,14769152,
183,2026-10-09T11:36:43.602384+00:00,183.00177398600044,1283,1791541887.37,descendente,1.0007636410000487,0.0,0.0,11145216,19406848,5029888,5383168,
183,2026-10-09T11:36:43.602384+00:00,183.00177398600044,1284,1791541887.37,descendente,1.0009350520003863,0.0,0.0,43495424,358354944,29425664,30769152,
183,2026-10-09T11:36:43.602384+00:00,183.00177398600044,1285,1791541887.37,descendente,1.000949013000536,0.0,0.0,42946560,433848320,28831744,30247936,
184,2026-10-09T11:36:44.602430+00:00,184.00174526800038,1282,1791541887.28,principal,1.0000401219995183,0.0,0.0,24018944,32931840,14065664,14794752,
184,2026-10-09T11:36:44.602430+00:00,184.00174526800038,1283,1791541887.37,descendente,0.9998886940002194,0.0,0.0,11145216,19406848,5029888,5385216,
184,2026-10-09T11:36:44.602430+00:00,184.00174526800038,1284,1791541887.37,descendente,0.9997276479998618,0.0,0.0,43495424,358354944,29425664,30803968,
184,2026-10-09T11:36:44.602430+00:00,184.00174526800038,1285,1791541887.37,descendente,0.9997387549992709,0.0,0.0,42946560,433848320,28831744,30312448,
185,2026-10-09T11:36:45.601261+00:00,185.00076201200045,1282,1791541887.28,principal,0.9988331050008128,0.0,0.0,24018944,32931840,14065664,14794752,
185,2026-10-09T11:36:45.601261+00:00,185.00076201200045,1283,1791541887.37,descendente,0.9989235599996391,0.0,0.0,11145216,19406848,5029888,5385216,
185,2026-10-09T11:36:45.601261+00:00,185.00076201200045,1284,1791541887.37,descendente,0.9989200339996387,0.0,0.0,43495424,358354944,29425664,30803968,
185,2026-10-09T11:36:45.601261+00:00,185.00076201200045,1285,1791541887.37,descendente,0.9990079350000087,0.0,0.0,42946560,433848320,28831744,30312448,
186,2026-10-09T11:36:46.610536+00:00,186.01041931500004,1282,1791541887.28,principal,1.0092701459998352,0.0,0.0,24018944,32931840,14065664,14794752,
186,2026-10-09T11:36:46.610536+00:00,186.01041931500004,1283,1791541887.37,descendente,1.0091799910005648,0.0,0.0,11145216,19406848,5029888,5385216,
186,2026-10-09T11:36:46.610536+00:00,186.01041931500004,1284,1791541887.37,descendente,1.0091767280000568,0.9909067185704069,0.49545335928520345,43495424,358354944,29425664,30803968,
186,2026-10-09T11:36:46.610536+00:00,186.01041931500004,1285,1791541887.37,descendente,1.009322302000328,0.0,0.0,42946560,433848320,28831744,30312448,
187,2026-10-09T11:36:47.602324+00:00,187.00186072999986,1282,1791541887.28,principal,0.9917854650002482,0.0,0.0,24018944,32931840,14065664,14775296,
187,2026-10-09T11:36:47.602324+00:00,187.00186072999986,1283,1791541887.37,descendente,0.9918054780000602,0.0,0.0,11145216,19406848,5029888,5382144,
187,2026-10-09T11:36:47.602324+00:00,187.00186072999986,1284,1791541887.37,descendente,0.9918011800000386,0.0,0.0,43495424,358354944,29425664,30778368,
187,2026-10-09T11:36:47.602324+00:00,187.00186072999986,1285,1791541887.37,descendente,0.9915438279995215,0.0,0.0,42946560,433848320,28831744,30268416,
188,2026-10-09T11:36:48.609987+00:00,188.00972822699987,1282,1791541887.28,principal,1.0076689079996868,0.0,0.0,24018944,32931840,14065664,14794752,
188,2026-10-09T11:36:48.609987+00:00,188.00972822699987,1283,1791541887.37,descendente,1.007644968999557,0.0,0.0,11145216,19406848,5029888,5385216,
188,2026-10-09T11:36:48.609987+00:00,188.00972822699987,1284,1791541887.37,descendente,1.0076433500007624,0.0,0.0,43495424,358354944,29425664,30803968,
188,2026-10-09T11:36:48.609987+00:00,188.00972822699987,1285,1791541887.37,descendente,1.007674484000745,0.0,0.0,42946560,433848320,28831744,30312448,
189,2026-10-09T11:36:49.601809+00:00,189.00121608800055,1282,1791541887.28,principal,0.9921444069996141,0.0,0.0,24018944,32931840,14065664,14794752,
189,2026-10-09T11:36:49.601809+00:00,189.00121608800055,1283,1791541887.37,descendente,0.992157374999806,0.0,0.0,11145216,19406848,5029888,5385216,
189,2026-10-09T11:36:49.601809+00:00,189.00121608800055,1284,1791541887.37,descendente,0.992162596999151,0.0,0.0,43495424,358354944,29425664,30803968,
189,2026-10-09T11:36:49.601809+00:00,189.00121608800055,1285,1791541887.37,descendente,0.9921319459999722,1.0079304512186167,0.5039652256093083,42946560,433848320,28831744,30312448,
190,2026-10-09T11:36:50.602471+00:00,190.00230610400013,1282,1791541887.28,principal,1.0003348050004206,0.0,0.0,24018944,32931840,14065664,14794752,
190,2026-10-09T11:36:50.602471+00:00,190.00230610400013,1283,1791541887.37,descendente,1.0003192730000592,0.0,0.0,11145216,19406848,5029888,5385216,
190,2026-10-09T11:36:50.602471+00:00,190.00230610400013,1284,1791541887.37,descendente,1.0003615150008045,0.0,0.0,43495424,358354944,29425664,30803968,
190,2026-10-09T11:36:50.602471+00:00,190.00230610400013,1285,1791541887.37,descendente,1.0003605289994084,0.0,0.0,42946560,433848320,28831744,30312448,
191,2026-10-09T11:36:51.602417+00:00,191.00193912000032,1282,1791541887.28,principal,0.9999475829999938,0.0,0.0,24018944,32931840,14065664,14770176,
191,2026-10-09T11:36:51.602417+00:00,191.00193912000032,1283,1791541887.37,descendente,0.9999480129999938,0.0,0.0,11145216,19406848,5029888,5382144,
191,2026-10-09T11:36:51.602417+00:00,191.00193912000032,1284,1791541887.37,descendente,0.9999079780000102,0.0,0.0,43495424,358354944,29425664,30778368,
191,2026-10-09T11:36:51.602417+00:00,191.00193912000032,1285,1791541887.37,descendente,0.9999120150005183,1.0000879927416793,0.5000439963708396,42946560,433848320,28831744,30273536,
192,2026-10-09T11:36:52.603002+00:00,192.00291839500005,1282,1791541887.28,principal,1.0005842419996043,0.0,0.0,24018944,32931840,14065664,14794752,
192,2026-10-09T11:36:52.603002+00:00,192.00291839500005,1283,1791541887.37,descendente,1.0005887260003874,0.0,0.0,11145216,19406848,5029888,5385216,
192,2026-10-09T11:36:52.603002+00:00,192.00291839500005,1284,1791541887.37,descendente,1.0005841379997946,0.0,0.0,43495424,358354944,29425664,30803968,
192,2026-10-09T11:36:52.603002+00:00,192.00291839500005,1285,1791541887.37,descendente,1.0008742049994908,0.0,0.0,42946560,433848320,28831744,30312448,
193,2026-10-09T11:36:53.600885+00:00,193.0006899280006,1282,1791541887.28,principal,0.9978900480000448,1.0021144133105717,0.5010572066552859,24018944,32931840,14065664,14794752,
193,2026-10-09T11:36:53.600885+00:00,193.0006899280006,1283,1791541887.37,descendente,0.9979008000000249,0.0,0.0,11145216,19406848,5029888,5385216,
193,2026-10-09T11:36:53.600885+00:00,193.0006899280006,1284,1791541887.37,descendente,0.9979129759994976,0.0,0.0,43495424,358354944,29425664,30803968,
193,2026-10-09T11:36:53.600885+00:00,193.0006899280006,1285,1791541887.37,descendente,0.9976450800004386,0.0,0.0,42946560,433848320,28831744,30312448,
194,2026-10-09T11:36:54.605134+00:00,194.004791888,1282,1791541887.28,principal,1.0042419979999977,0.0,0.0,24018944,32931840,14065664,14794752,
194,2026-10-09T11:36:54.605134+00:00,194.004791888,1283,1791541887.37,descendente,1.004237049999574,0.0,0.0,11145216,19406848,5029888,5385216,
194,2026-10-09T11:36:54.605134+00:00,194.004791888,1284,1791541887.37,descendente,1.0042742870000438,0.0,0.0,43495424,358354944,29425664,30803968,
194,2026-10-09T11:36:54.605134+00:00,194.004791888,1285,1791541887.37,descendente,1.0042874789996858,0.0,0.0,42946560,433848320,28831744,30312448,
195,2026-10-09T11:36:55.601574+00:00,195.00108989399996,1282,1791541887.28,principal,0.9964455540002746,0.0,0.0,24018944,32931840,14061568,14747648,
195,2026-10-09T11:36:55.601574+00:00,195.00108989399996,1283,1791541887.37,descendente,0.9964398350002739,0.0,0.0,11145216,19406848,5029888,5367808,
195,2026-10-09T11:36:55.601574+00:00,195.00108989399996,1284,1791541887.37,descendente,0.9963979100002689,0.0,0.0,43495424,358354944,29425664,30751744,
195,2026-10-09T11:36:55.601574+00:00,195.00108989399996,1285,1791541887.37,descendente,0.9963673030006248,0.0,0.0,42946560,433848320,28831744,30234624,
196,2026-10-09T11:36:56.604570+00:00,196.0044138130006,1282,1791541887.28,principal,1.0029901340003562,0.0,0.0,24018944,32931840,14065664,14794752,
196,2026-10-09T11:36:56.604570+00:00,196.0044138130006,1283,1791541887.37,descendente,1.0030308599998534,0.0,0.0,11145216,19406848,5029888,5385216,
196,2026-10-09T11:36:56.604570+00:00,196.0044138130006,1284,1791541887.37,descendente,1.003036136999981,0.0,0.0,43495424,358354944,29425664,30803968,
196,2026-10-09T11:36:56.604570+00:00,196.0044138130006,1285,1791541887.37,descendente,1.0033378839998477,0.0,0.0,42946560,433848320,28831744,30312448,
197,2026-10-09T11:36:57.601529+00:00,197.00109661199986,1282,1791541887.28,principal,0.9969595159991513,0.0,0.0,24018944,32931840,14065664,14794752,
197,2026-10-09T11:36:57.601529+00:00,197.00109661199986,1283,1791541887.37,descendente,0.9969230240003526,0.0,0.0,11145216,19406848,5029888,5385216,
197,2026-10-09T11:36:57.601529+00:00,197.00109661199986,1284,1791541887.37,descendente,0.9969062119998853,0.0,0.0,43495424,358354944,29425664,30803968,
197,2026-10-09T11:36:57.601529+00:00,197.00109661199986,1285,1791541887.37,descendente,0.9965940160000173,0.0,0.0,42946560,433848320,28831744,30312448,
198,2026-10-09T11:36:58.601546+00:00,198.0010991300005,1282,1791541887.28,principal,1.0000881570003912,0.0,0.0,24018944,32931840,14065664,14794752,
198,2026-10-09T11:36:58.601546+00:00,198.0010991300005,1283,1791541887.37,descendente,1.0000947919997998,0.0,0.0,11145216,19406848,5029888,5385216,
198,2026-10-09T11:36:58.601546+00:00,198.0010991300005,1284,1791541887.37,descendente,1.0001038170003085,0.9998961937763433,0.49994809688817166,43495424,358354944,29425664,30803968,
198,2026-10-09T11:36:58.601546+00:00,198.0010991300005,1285,1791541887.37,descendente,1.0001106169993363,0.0,0.0,42946560,433848320,28831744,30312448,
199,2026-10-09T11:36:59.602483+00:00,199.00187379599993,1282,1791541887.28,principal,1.0008689719998074,0.0,0.0,24018944,32931840,14065664,14794752,
199,2026-10-09T11:36:59.602483+00:00,199.00187379599993,1283,1791541887.37,descendente,1.0008759729998928,0.0,0.0,11145216,19406848,5029888,5385216,
199,2026-10-09T11:36:59.602483+00:00,199.00187379599993,1284,1791541887.37,descendente,1.0008873569995558,0.0,0.0,43495424,358354944,29425664,30803968,
199,2026-10-09T11:36:59.602483+00:00,199.00187379599993,1285,1791541887.37,descendente,1.000927486999899,0.0,0.0,42946560,433848320,28831744,30312448,
