amostra,utc,tempo_relativo_s,pid,criado_epoch_s,papel,cpu_intervalo_real_s,cpu_uma_cpu_pct,cpu_capacidade_vm_pct,rss_bytes,vms_bytes,uss_bytes,pss_bytes,erro
1,2026-10-08T22:47:48.196408+00:00,1.0141651300000376,1051,1791490686.26,principal,,,,23932928,32919552,14024704,14658560,
1,2026-10-08T22:47:48.196408+00:00,1.0141651300000376,1052,1791490686.67,descendente,,,,11264000,19447808,5021696,5377024,
1,2026-10-08T22:47:48.196408+00:00,1.0141651300000376,1053,1791490686.68,descendente,,,,45867008,509480960,32059392,33313792,
1,2026-10-08T22:47:48.196408+00:00,1.0141651300000376,1054,1791490686.68,descendente,,,,45838336,509476864,32210944,33460224,
2,2026-10-08T22:47:49.245833+00:00,2.0631840850001026,1051,1791490686.26,principal,1.049431101000664,0.0,0.0,23932928,32919552,14024704,14658560,
2,2026-10-08T22:47:49.245833+00:00,2.0631840850001026,1052,1791490686.67,descendente,1.0494396670001152,0.0,0.0,11264000,19447808,5021696,5377024,
2,2026-10-08T22:47:49.245833+00:00,2.0631840850001026,1053,1791490686.68,descendente,1.04946641099923,0.0,0.0,45867008,509480960,32059392,33313792,
2,2026-10-08T22:47:49.245833+00:00,2.0631840850001026,1054,1791490686.68,descendente,1.0495125090001238,0.0,0.0,45838336,509476864,32210944,33460224,
3,2026-10-08T22:47:50.382095+00:00,3.1995498230007797,1051,1791490686.26,principal,1.1362620189993322,0.0,0.0,23932928,32919552,14024704,14658560,
3,2026-10-08T22:47:50.382095+00:00,3.1995498230007797,1052,1791490686.67,descendente,1.1362638989994593,0.0,0.0,11264000,19447808,5021696,5377024,
3,2026-10-08T22:47:50.382095+00:00,3.1995498230007797,1053,1791490686.68,descendente,1.1362555350006005,0.0,0.0,45867008,509480960,32059392,33313792,
3,2026-10-08T22:47:50.382095+00:00,3.1995498230007797,1054,1791490686.68,descendente,1.136238080000112,0.0,0.0,45838336,509476864,32210944,33460224,
4,2026-10-08T22:47:51.441893+00:00,4.25951531300052,1051,1791490686.26,principal,1.0597930589992757,0.0,0.0,23932928,32919552,14024704,14658560,
4,2026-10-08T22:47:51.441893+00:00,4.25951531300052,1052,1791490686.67,descendente,1.0597806610003317,0.0,0.0,11264000,19447808,5021696,5377024,
4,2026-10-08T22:47:51.441893+00:00,4.25951531300052,1053,1791490686.68,descendente,1.0597703389994422,5.661604009095961,2.8308020045479805,202379264,666767360,189345792,190600192,
4,2026-10-08T22:47:51.441893+00:00,4.25951531300052,1054,1791490686.68,descendente,1.0606886699988536,0.0,0.0,45838336,509476864,32210944,33460224,
5,2026-10-08T22:47:52.262726+00:00,5.0802893890013365,1051,1791490686.26,principal,0.8208400330004224,0.0,0.0,23932928,32919552,14024704,14658560,
5,2026-10-08T22:47:52.262726+00:00,5.0802893890013365,1052,1791490686.67,descendente,0.8208483750004234,0.0,0.0,11264000,19447808,5021696,5377024,
5,2026-10-08T22:47:52.262726+00:00,5.0802893890013365,1053,1791490686.68,descendente,0.8208605510008056,3.6547011503262867,1.8273505751631434,98037760,561909760,84488192,85742592,
5,2026-10-08T22:47:52.262726+00:00,5.0802893890013365,1054,1791490686.68,descendente,0.8204212689997803,6.094430006789311,3.0472150033946557,150179840,614334464,137068544,138317824,
6,2026-10-08T22:47:53.248482+00:00,6.0663125370010675,1051,1791490686.26,principal,0.9857470400002057,0.0,0.0,23932928,32919552,14024704,14658560,
6,2026-10-08T22:47:53.248482+00:00,6.0663125370010675,1052,1791490686.67,descendente,0.9857340519993159,0.0,0.0,11264000,19447808,5021696,5377024,
6,2026-10-08T22:47:53.248482+00:00,6.0663125370010675,1053,1791490686.68,descendente,0.9857195089989546,5.07243688935147,2.536218444675735,150208512,614338560,136916992,138171392,
6,2026-10-08T22:47:53.248482+00:00,6.0663125370010675,1054,1791490686.68,descendente,0.986078642999928,3.0423536918643337,1.5211768459321668,98009088,561905664,84639744,85889024,
7,2026-10-08T22:47:54.183359+00:00,7.0012228499999765,1051,1791490686.26,principal,0.9348798370010627,0.0,0.0,23932928,32919552,14024704,14658560,
7,2026-10-08T22:47:54.183359+00:00,7.0012228499999765,1052,1791490686.67,descendente,0.934884616999625,0.0,0.0,11264000,19447808,5021696,5377024,
7,2026-10-08T22:47:54.183359+00:00,7.0012228499999765,1053,1791490686.68,descendente,0.9349297349999688,1.0695990966634883,0.5347995483317441,45867008,509480960,32059392,33313792,
7,2026-10-08T22:47:54.183359+00:00,7.0012228499999765,1054,1791490686.68,descendente,0.9340814980005234,7.4939927779150874,3.7469963889575437,202350592,666763264,189497344,190746624,
8,2026-10-08T22:47:55.197805+00:00,8.015445797000211,1051,1791490686.26,principal,1.0144438849983999,0.0,0.0,23932928,32919552,14024704,14658560,
8,2026-10-08T22:47:55.197805+00:00,8.015445797000211,1052,1791490686.67,descendente,1.0144393870014028,0.0,0.0,11264000,19447808,5021696,5377024,
8,2026-10-08T22:47:55.197805+00:00,8.015445797000211,1053,1791490686.68,descendente,1.0143935390005936,0.0,0.0,45867008,509480960,32059392,33313792,
8,2026-10-08T22:47:55.197805+00:00,8.015445797000211,1054,1791490686.68,descendente,1.014384998999958,6.900732963225059,3.4503664816125297,202350592,666763264,189497344,190746624,
9,2026-10-08T22:47:56.226157+00:00,9.043656304000251,1051,1791490686.26,principal,1.0283516990002681,0.9724299585172543,0.48621497925862717,23932928,32919552,14024704,14658560,
9,2026-10-08T22:47:56.226157+00:00,9.043656304000251,1052,1791490686.67,descendente,1.0283816449991718,0.0,0.0,11264000,19447808,5021696,5377024,
9,2026-10-08T22:47:56.226157+00:00,9.043656304000251,1053,1791490686.68,descendente,1.0284043600004225,4.861900818855312,2.430950409427656,202379264,666767360,189345792,190600192,
9,2026-10-08T22:47:56.226157+00:00,9.043656304000251,1054,1791490686.68,descendente,1.0293617540010018,0.9714757674966306,0.4857378837483153,45838336,509476864,32210944,33460224,
10,2026-10-08T22:47:57.234363+00:00,10.052114938000159,1051,1791490686.26,principal,1.0082057820000045,0.0,0.0,23932928,32919552,14024704,14658560,
10,2026-10-08T22:47:57.234363+00:00,10.052114938000159,1052,1791490686.67,descendente,1.008175435999874,0.0,0.0,11264000,19447808,5021696,5377024,
10,2026-10-08T22:47:57.234363+00:00,10.052114938000159,1053,1791490686.68,descendente,1.0081530699990253,3.967651459915489,1.9838257299577444,98037760,561909760,84488192,85742592,
10,2026-10-08T22:47:57.234363+00:00,10.052114938000159,1054,1791490686.68,descendente,1.007626997999978,4.9621536639300485,2.4810768319650243,150179840,614334464,137068544,138317824,
11,2026-10-08T22:47:58.208194+00:00,11.02599466600077,1051,1791490686.26,principal,0.9738312980007322,0.0,0.0,23932928,32919552,14024704,14658560,
11,2026-10-08T22:47:58.208194+00:00,11.02599466600077,1052,1791490686.67,descendente,0.9738585989998683,0.0,0.0,11264000,19447808,5021696,5377024,
11,2026-10-08T22:47:58.208194+00:00,11.02599466600077,1053,1791490686.68,descendente,0.9738573159993393,1.0268444705101742,0.5134222352550871,45867008,509480960,32059392,33313792,
11,2026-10-08T22:47:58.208194+00:00,11.02599466600077,1054,1791490686.68,descendente,0.973423109999203,7.191117539839135,3.5955587699195677,202350592,666763264,189497344,190746624,
12,2026-10-08T22:47:59.183713+00:00,12.00162100900161,1051,1791490686.26,principal,0.9755170099997486,0.0,0.0,23932928,32919552,14024704,14658560,
12,2026-10-08T22:47:59.183713+00:00,12.00162100900161,1052,1791490686.67,descendente,0.975522799000828,0.0,0.0,11264000,19447808,5021696,5377024,
12,2026-10-08T22:47:59.183713+00:00,12.00162100900161,1053,1791490686.68,descendente,0.9755246660006378,0.0,0.0,45867008,509480960,32059392,33313792,
12,2026-10-08T22:47:59.183713+00:00,12.00162100900161,1054,1791490686.68,descendente,0.9755227629993897,6.150548431645342,3.075274215822671,202350592,666763264,189497344,190746624,
13,2026-10-08T22:48:00.182537+00:00,13.000421593000283,1051,1791490686.26,principal,0.9988257000004523,0.0,0.0,23932928,32919552,14024704,14658560,
13,2026-10-08T22:48:00.182537+00:00,13.000421593000283,1052,1791490686.67,descendente,0.9987922559994331,0.0,0.0,11264000,19447808,5021696,5377024,
13,2026-10-08T22:48:00.182537+00:00,13.000421593000283,1053,1791490686.68,descendente,0.9987868890002574,4.004858337702504,2.002429168851252,150208512,614338560,136916992,138171392,
13,2026-10-08T22:48:00.182537+00:00,13.000421593000283,1054,1791490686.68,descendente,0.9995587730008992,4.001765687064411,2.0008828435322057,98009088,561905664,84639744,85889024,
14,2026-10-08T22:48:01.218870+00:00,14.036604275001082,1051,1791490686.26,principal,1.0363339689993154,0.0,0.0,23932928,32919552,14024704,14658560,
14,2026-10-08T22:48:01.218870+00:00,14.036604275001082,1052,1791490686.67,descendente,1.0363355240006058,0.0,0.0,11264000,19447808,5021696,5377024,
14,2026-10-08T22:48:01.218870+00:00,14.036604275001082,1053,1791490686.68,descendente,1.0363393169991468,2.8948047717488876,1.4474023858744438,98037760,561909760,84488192,85742592,
14,2026-10-08T22:48:01.218870+00:00,14.036604275001082,1054,1791490686.68,descendente,1.0363420840003528,3.8597293902804237,1.9298646951402119,150179840,614334464,137068544,138317824,
15,2026-10-08T22:48:02.298573+00:00,15.116335757000343,1051,1791490686.26,principal,1.0797021510006743,0.0,0.0,23932928,32919552,14024704,14658560,
15,2026-10-08T22:48:02.298573+00:00,15.116335757000343,1052,1791490686.67,descendente,1.0797005469994474,0.0,0.0,11264000,19447808,5021696,5377024,
15,2026-10-08T22:48:02.298573+00:00,15.116335757000343,1053,1791490686.68,descendente,1.0797001860009914,2.7785491184463393,1.3892745592231697,98037760,561909760,84488192,85742592,
15,2026-10-08T22:48:02.298573+00:00,15.116335757000343,1054,1791490686.68,descendente,1.079561840999304,4.631508645555154,2.315754322777577,150179840,614334464,137068544,138317824,
16,2026-10-08T22:48:03.185342+00:00,16.002903774000515,1051,1791490686.26,principal,0.8867718009987584,0.0,0.0,23932928,32919552,14024704,14658560,
16,2026-10-08T22:48:03.185342+00:00,16.002903774000515,1052,1791490686.67,descendente,0.8867867099997966,0.0,0.0,11264000,19447808,5021696,5377024,
16,2026-10-08T22:48:03.185342+00:00,16.002903774000515,1053,1791490686.68,descendente,0.8867978550006228,4.510610820091694,2.255305410045847,150208512,614338560,136916992,138171392,
16,2026-10-08T22:48:03.185342+00:00,16.002903774000515,1054,1791490686.68,descendente,0.8868428299992956,3.382786553060926,1.691393276530463,98009088,561905664,84639744,85889024,
17,2026-10-08T22:48:04.182479+00:00,17.000289745001282,1051,1791490686.26,principal,0.9971368690003146,0.0,0.0,23932928,32919552,14024704,14658560,
17,2026-10-08T22:48:04.182479+00:00,17.000289745001282,1052,1791490686.67,descendente,0.9971306480001658,0.0,0.0,11264000,19447808,5021696,5377024,
17,2026-10-08T22:48:04.182479+00:00,17.000289745001282,1053,1791490686.68,descendente,0.9971293290000176,4.0115157419061775,2.0057578709530888,150208512,614338560,136916992,138171392,
17,2026-10-08T22:48:04.182479+00:00,17.000289745001282,1054,1791490686.68,descendente,0.9971422160015209,3.0085979230023274,1.5042989615011637,98009088,561905664,84639744,85889024,
18,2026-10-08T22:48:05.189571+00:00,18.00736462400164,1051,1791490686.26,principal,1.007090054999935,0.0,0.0,23932928,32919552,14024704,14658560,
18,2026-10-08T22:48:05.189571+00:00,18.00736462400164,1052,1791490686.67,descendente,1.0071396570001525,0.0,0.0,11264000,19447808,5021696,5377024,
18,2026-10-08T22:48:05.189571+00:00,18.00736462400164,1053,1791490686.68,descendente,1.0071424999987357,7.943265228118744,3.971632614059372,202379264,666767360,189345792,190600192,
18,2026-10-08T22:48:05.189571+00:00,18.00736462400164,1054,1791490686.68,descendente,1.0074693339993246,0.9925860433191821,0.49629302165959105,45838336,509476864,32210944,33460224,
19,2026-10-08T22:48:06.182490+00:00,19.000262783001745,1051,1791490686.26,principal,0.9929178340007638,0.0,0.0,23932928,32919552,14024704,14658560,
19,2026-10-08T22:48:06.182490+00:00,19.000262783001745,1052,1791490686.67,descendente,0.9929382970003644,0.0,0.0,11264000,19447808,5021696,5377024,
19,2026-10-08T22:48:06.182490+00:00,19.000262783001745,1053,1791490686.68,descendente,0.9929633909996483,0.0,0.0,150208512,614338560,136916992,138171392,
19,2026-10-08T22:48:06.182490+00:00,19.000262783001745,1054,1791490686.68,descendente,0.9931688630003919,2.0137562447923054,1.0068781223961527,98009088,561905664,84639744,85889024,
20,2026-10-08T22:48:07.185500+00:00,20.0032384060014,1051,1791490686.26,principal,1.003010219999851,0.0,0.0,23932928,32919552,14024704,14658560,
20,2026-10-08T22:48:07.185500+00:00,20.0032384060014,1052,1791490686.67,descendente,1.0029379079987848,0.0,0.0,11264000,19447808,5021696,5377024,
20,2026-10-08T22:48:07.185500+00:00,20.0032384060014,1053,1791490686.68,descendente,1.002906243000325,2.9913065363171154,1.4956532681585577,98037760,561909760,84488192,85742592,
20,2026-10-08T22:48:07.185500+00:00,20.0032384060014,1054,1791490686.68,descendente,1.002034167999227,2.9939098843208587,1.4969549421604293,98009088,561905664,84639744,85889024,
21,2026-10-08T22:48:08.189774+00:00,21.007552026001576,1051,1791490686.26,principal,1.004274725999494,0.0,0.0,23932928,32919552,14024704,14658560,
21,2026-10-08T22:48:08.189774+00:00,21.007552026001576,1052,1791490686.67,descendente,1.004271965000953,0.0,0.0,11264000,19447808,5021696,5377024,
21,2026-10-08T22:48:08.189774+00:00,21.007552026001576,1053,1791490686.68,descendente,1.0042708380005934,0.9957473244866837,0.49787366224334184,45867008,509480960,32059392,33313792,
21,2026-10-08T22:48:08.189774+00:00,21.007552026001576,1054,1791490686.68,descendente,1.0039285359998757,4.980434185008897,2.4902170925044484,202350592,666763264,189497344,190746624,
22,2026-10-08T22:48:09.185844+00:00,22.002900346000388,1051,1791490686.26,principal,0.9960764560000825,0.0,0.0,23932928,32919552,14024704,14658560,
22,2026-10-08T22:48:09.185844+00:00,22.002900346000388,1052,1791490686.67,descendente,0.9960729209997226,0.0,0.0,11264000,19447808,5021696,5377024,
22,2026-10-08T22:48:09.185844+00:00,22.002900346000388,1053,1791490686.68,descendente,0.9960633129994676,0.0,0.0,45867008,509480960,32059392,33313792,
22,2026-10-08T22:48:09.185844+00:00,22.002900346000388,1054,1791490686.68,descendente,0.9960862999996607,7.027503540609295,3.5137517703046477,202350592,666763264,189497344,190746624,
23,2026-10-08T22:48:10.183628+00:00,23.00141647700002,1051,1791490686.26,principal,0.9977794380010891,0.0,0.0,23932928,32919552,14024704,14658560,
23,2026-10-08T22:48:10.183628+00:00,23.00141647700002,1052,1791490686.67,descendente,0.9977948640007526,0.0,0.0,11264000,19447808,5021696,5377024,
23,2026-10-08T22:48:10.183628+00:00,23.00141647700002,1053,1791490686.68,descendente,0.9978132440010086,0.0,0.0,45867008,509480960,32059392,33313792,
23,2026-10-08T22:48:10.183628+00:00,23.00141647700002,1054,1791490686.68,descendente,0.9978624330015009,7.014995021853378,3.507497510926689,202350592,666763264,189497344,190746624,
24,2026-10-08T22:48:11.188724+00:00,24.00657274400146,1051,1791490686.26,principal,1.0050940599994647,0.0,0.0,23932928,32919552,14024704,14658560,
24,2026-10-08T22:48:11.188724+00:00,24.00657274400146,1052,1791490686.67,descendente,1.0050825849993998,0.0,0.0,11264000,19447808,5021696,5377024,
24,2026-10-08T22:48:11.188724+00:00,24.00657274400146,1053,1791490686.68,descendente,1.0050739660000545,0.0,0.0,45867008,509480960,32059392,33313792,
24,2026-10-08T22:48:11.188724+00:00,24.00657274400146,1054,1791490686.68,descendente,1.005058074999397,6.964771662577039,3.4823858312885196,202350592,666763264,189497344,190746624,
25,2026-10-08T22:48:12.186851+00:00,25.004710404000434,1051,1791490686.26,principal,0.9981264569996711,0.0,0.0,23932928,32919552,14024704,14658560,
25,2026-10-08T22:48:12.186851+00:00,25.004710404000434,1052,1791490686.67,descendente,0.9981257889994595,0.0,0.0,11264000,19447808,5021696,5377024,
25,2026-10-08T22:48:12.186851+00:00,25.004710404000434,1053,1791490686.68,descendente,0.9981258110001363,0.0,0.0,45867008,509480960,32059392,33313792,
25,2026-10-08T22:48:12.186851+00:00,25.004710404000434,1054,1791490686.68,descendente,0.9980642909995368,6.011636779420957,3.0058183897104787,202350592,666763264,189497344,190746624,
26,2026-10-08T22:48:13.183585+00:00,26.00143200400089,1051,1791490686.26,principal,0.9967347969995899,0.0,0.0,23932928,32919552,14024704,14658560,
26,2026-10-08T22:48:13.183585+00:00,26.00143200400089,1052,1791490686.67,descendente,0.9967362549996324,0.0,0.0,11264000,19447808,5021696,5377024,
26,2026-10-08T22:48:13.183585+00:00,26.00143200400089,1053,1791490686.68,descendente,0.9967772719992354,0.0,0.0,45867008,509480960,32059392,33313792,
26,2026-10-08T22:48:13.183585+00:00,26.00143200400089,1054,1791490686.68,descendente,0.99684064900066,7.022185548932308,3.511092774466154,202350592,666763264,189497344,190746624,
27,2026-10-08T22:48:14.182671+00:00,27.000468998001452,1051,1791490686.26,principal,0.9990844870008004,0.0,0.0,23932928,32919552,14024704,14658560,
27,2026-10-08T22:48:14.182671+00:00,27.000468998001452,1052,1791490686.67,descendente,0.9990764419999323,0.0,0.0,11264000,19447808,5021696,5377024,
27,2026-10-08T22:48:14.182671+00:00,27.000468998001452,1053,1791490686.68,descendente,0.9991751990000921,0.0,0.0,45867008,509480960,32059392,33313792,
27,2026-10-08T22:48:14.182671+00:00,27.000468998001452,1054,1791490686.68,descendente,0.9991137649994926,7.006209147766944,3.503104573883472,202350592,666763264,189497344,190746624,
28,2026-10-08T22:48:15.187865+00:00,28.00557745900005,1051,1791490686.26,principal,1.0051961690005555,0.0,0.0,23932928,32919552,14024704,14658560,
28,2026-10-08T22:48:15.187865+00:00,28.00557745900005,1052,1791490686.67,descendente,1.0052050490012334,0.0,0.0,11264000,19447808,5021696,5377024,
28,2026-10-08T22:48:15.187865+00:00,28.00557745900005,1053,1791490686.68,descendente,1.0050622960006876,0.0,0.0,45867008,509480960,32059392,33313792,
28,2026-10-08T22:48:15.187865+00:00,28.00557745900005,1054,1791490686.68,descendente,1.0051604460004455,6.9640623323907,3.48203116619535,202350592,666763264,189497344,190746624,
29,2026-10-08T22:48:16.189943+00:00,29.00778123300006,1051,1791490686.26,principal,1.002076301998386,0.0,0.0,23932928,32919552,14024704,14658560,
29,2026-10-08T22:48:16.189943+00:00,29.00778123300006,1052,1791490686.67,descendente,1.0020998519994464,0.0,0.0,11264000,19447808,5021696,5377024,
29,2026-10-08T22:48:16.189943+00:00,29.00778123300006,1053,1791490686.68,descendente,1.0021007249997638,4.989518393973425,2.4947591969867124,150208512,614338560,136916992,138171392,
29,2026-10-08T22:48:16.189943+00:00,29.00778123300006,1054,1791490686.68,descendente,1.0027092509990325,3.9891922768378483,1.9945961384189241,98009088,561905664,84639744,85889024,
30,2026-10-08T22:48:17.182721+00:00,30.000530705001438,1051,1791490686.26,principal,0.9927787460001127,0.0,0.0,23932928,32919552,14024704,14658560,
30,2026-10-08T22:48:17.182721+00:00,30.000530705001438,1052,1791490686.67,descendente,0.992755532000956,0.0,0.0,11264000,19447808,5021696,5377024,
30,2026-10-08T22:48:17.182721+00:00,30.000530705001438,1053,1791490686.68,descendente,0.9929741639989516,4.028302190553408,2.014151095276704,150208512,614338560,136916992,138171392,
30,2026-10-08T22:48:17.182721+00:00,30.000530705001438,1054,1791490686.68,descendente,0.9929874220015336,2.014124203072961,1.0070621015364805,98009088,561905664,84639744,85889024,
31,2026-10-08T22:48:18.182616+00:00,31.000465540000732,1051,1791490686.26,principal,0.9998951770012354,0.0,0.0,23932928,32919552,14024704,14658560,
31,2026-10-08T22:48:18.182616+00:00,31.000465540000732,1052,1791490686.67,descendente,0.9998954189995857,0.0,0.0,11264000,19447808,5021696,5377024,
31,2026-10-08T22:48:18.182616+00:00,31.000465540000732,1053,1791490686.68,descendente,0.9996781520003424,3.0009658548575406,1.5004829274287703,98037760,561909760,84488192,85742592,
31,2026-10-08T22:48:18.182616+00:00,31.000465540000732,1054,1791490686.68,descendente,0.9992761009998503,4.00289769363804,2.00144884681902,150179840,614334464,137068544,138317824,
32,2026-10-08T22:48:19.188964+00:00,32.006842090000646,1051,1791490686.26,principal,1.0063472189995082,0.0,0.0,23932928,32919552,14024704,14658560,
32,2026-10-08T22:48:19.188964+00:00,32.006842090000646,1052,1791490686.67,descendente,1.0063507169998047,0.0,0.0,11264000,19447808,5021696,5377024,
32,2026-10-08T22:48:19.188964+00:00,32.006842090000646,1053,1791490686.68,descendente,1.00635391600008,0.0,0.0,45867008,509480960,32059392,33313792,
32,2026-10-08T22:48:19.188964+00:00,32.006842090000646,1054,1791490686.68,descendente,1.0060397449997254,6.95797560165174,3.47898780082587,202350592,666763264,189497344,190746624,
33,2026-10-08T22:48:20.185666+00:00,33.00351222400059,1051,1791490686.26,principal,0.996699876999628,1.0033110498721893,0.5016555249360947,23932928,32919552,14024704,14658560,
33,2026-10-08T22:48:20.185666+00:00,33.00351222400059,1052,1791490686.67,descendente,0.9966864559992246,0.0,0.0,11264000,19447808,5021696,5377024,
33,2026-10-08T22:48:20.185666+00:00,33.00351222400059,1053,1791490686.68,descendente,0.9966796659991815,1.0033313953458567,0.5016656976729283,45867008,509480960,32059392,33313792,
33,2026-10-08T22:48:20.185666+00:00,33.00351222400059,1054,1791490686.68,descendente,0.996666634999201,3.0100335404550975,1.5050167702275488,98009088,561905664,84639744,85889024,
34,2026-10-08T22:48:21.183276+00:00,34.00046174400086,1051,1791490686.26,principal,0.9976190150009643,0.0,0.0,23932928,32919552,14024704,14658560,
34,2026-10-08T22:48:21.183276+00:00,34.00046174400086,1052,1791490686.67,descendente,0.9978793830014183,0.0,0.0,11264000,19447808,5021696,5377024,
34,2026-10-08T22:48:21.183276+00:00,34.00046174400086,1053,1791490686.68,descendente,0.9979228680003871,0.0,0.0,45867008,509480960,32059392,33313792,
34,2026-10-08T22:48:21.183276+00:00,34.00046174400086,1054,1791490686.68,descendente,0.9979641040008573,0.0,0.0,45838336,509476864,32210944,33460224,
35,2026-10-08T22:48:22.190018+00:00,35.00748526500138,1051,1791490686.26,principal,1.0067459099991538,0.0,0.0,23932928,32919552,14024704,14658560,
35,2026-10-08T22:48:22.190018+00:00,35.00748526500138,1052,1791490686.67,descendente,1.0065159749992745,0.0,0.0,11264000,19447808,5021696,5377024,
35,2026-10-08T22:48:22.190018+00:00,35.00748526500138,1053,1791490686.68,descendente,1.0064880650006671,0.0,0.0,45867008,509480960,32059392,33313792,
35,2026-10-08T22:48:22.190018+00:00,35.00748526500138,1054,1791490686.68,descendente,1.0064787629999046,0.0,0.0,45838336,509476864,32210944,33460224,
36,2026-10-08T22:48:23.185918+00:00,36.0036045700017,1051,1791490686.26,principal,0.9958922549994895,0.0,0.0,23932928,32919552,14024704,14658560,
36,2026-10-08T22:48:23.185918+00:00,36.0036045700017,1052,1791490686.67,descendente,0.9958795559996361,0.0,0.0,11264000,19447808,5021696,5377024,
36,2026-10-08T22:48:23.185918+00:00,36.0036045700017,1053,1791490686.68,descendente,0.995874100999572,6.024857955416199,3.0124289777080997,202379264,666767360,189345792,190600192,
36,2026-10-08T22:48:23.185918+00:00,36.0036045700017,1054,1791490686.68,descendente,0.9967949869987933,0.0,0.0,45838336,509476864,32210944,33460224,
37,2026-10-08T22:48:24.183159+00:00,37.00099981400126,1051,1791490686.26,principal,0.9972377190006227,0.0,0.0,23932928,32919552,14024704,14658560,
37,2026-10-08T22:48:24.183159+00:00,37.00099981400126,1052,1791490686.67,descendente,0.9972276059997967,0.0,0.0,11264000,19447808,5021696,5377024,
37,2026-10-08T22:48:24.183159+00:00,37.00099981400126,1053,1791490686.68,descendente,0.9972230759995,6.0167079406847135,3.0083539703423567,150208512,614338560,136916992,138171392,
37,2026-10-08T22:48:24.183159+00:00,37.00099981400126,1054,1791490686.68,descendente,0.9971599530017556,2.0056962716760762,1.0028481358380381,98009088,561905664,84639744,85889024,
38,2026-10-08T22:48:25.186964+00:00,38.00482450000163,1051,1791490686.26,principal,1.0038053650005168,0.0,0.0,23932928,32919552,14024704,14658560,
38,2026-10-08T22:48:25.186964+00:00,38.00482450000163,1052,1791490686.67,descendente,1.0038079969999671,0.0,0.0,11264000,19447808,5021696,5377024,
38,2026-10-08T22:48:25.186964+00:00,38.00482450000163,1053,1791490686.68,descendente,1.0038065160006227,0.9962079186176359,0.49810395930881796,45867008,509480960,32059392,33313792,
38,2026-10-08T22:48:25.186964+00:00,38.00482450000163,1054,1791490686.68,descendente,1.0029204579986981,5.98252827743994,2.99126413871997,202350592,666763264,189497344,190746624,
39,2026-10-08T22:48:26.184451+00:00,39.00221247100126,1051,1791490686.26,principal,0.9974859369995102,0.0,0.0,23932928,32919552,14024704,14658560,
39,2026-10-08T22:48:26.184451+00:00,39.00221247100126,1052,1791490686.67,descendente,0.9974795910002285,0.0,0.0,11264000,19447808,5021696,5377024,
39,2026-10-08T22:48:26.184451+00:00,39.00221247100126,1053,1791490686.68,descendente,0.9974783929992554,4.01011192630706,2.00505596315353,150208512,614338560,136916992,138171392,
39,2026-10-08T22:48:26.184451+00:00,39.00221247100126,1054,1791490686.68,descendente,0.9981033130006836,4.007601165027357,2.0038005825136787,98009088,561905664,84639744,85889024,
40,2026-10-08T22:48:27.182752+00:00,40.000396541001464,1051,1791490686.26,principal,0.9983023879995017,0.0,0.0,23932928,32919552,14024704,14658560,
40,2026-10-08T22:48:27.182752+00:00,40.000396541001464,1052,1791490686.67,descendente,0.998307157000454,0.0,0.0,11264000,19447808,5021696,5377024,
40,2026-10-08T22:48:27.182752+00:00,40.000396541001464,1053,1791490686.68,descendente,0.9983053780015325,7.011882490318791,3.5059412451593954,202379264,666767360,189345792,190600192,
40,2026-10-08T22:48:27.182752+00:00,40.000396541001464,1054,1791490686.68,descendente,0.9988919009992969,2.002218656492761,1.0011093282463805,45838336,509476864,32210944,33460224,
41,2026-10-08T22:48:28.188284+00:00,41.006127476000984,1051,1791490686.26,principal,1.005532357001357,0.0,0.0,23932928,32919552,14024704,14658560,
41,2026-10-08T22:48:28.188284+00:00,41.006127476000984,1052,1791490686.67,descendente,1.0055338379988825,0.0,0.0,11264000,19447808,5021696,5377024,
41,2026-10-08T22:48:28.188284+00:00,41.006127476000984,1053,1791490686.68,descendente,1.005536275999475,6.961459439185546,3.480729719592773,202379264,666767360,189345792,190600192,
41,2026-10-08T22:48:28.188284+00:00,41.006127476000984,1054,1791490686.68,descendente,1.0052547730010701,0.0,0.0,45838336,509476864,32210944,33460224,
42,2026-10-08T22:48:29.183267+00:00,42.00109545400119,1051,1791490686.26,principal,0.9949831079993601,1.0050421881138325,0.5025210940569163,23932928,32919552,14024704,14658560,
42,2026-10-08T22:48:29.183267+00:00,42.00109545400119,1052,1791490686.67,descendente,0.9949806540007557,0.0,0.0,11264000,19447808,5021696,5377024,
42,2026-10-08T22:48:29.183267+00:00,42.00109545400119,1053,1791490686.68,descendente,0.9951773379998485,7.033922229448009,3.5169611147240043,202379264,666767360,189345792,190600192,
42,2026-10-08T22:48:29.183267+00:00,42.00109545400119,1054,1791490686.68,descendente,0.9952418359989679,0.0,0.0,45838336,509476864,32210944,33460224,
43,2026-10-08T22:48:30.182811+00:00,43.000661842001136,1051,1791490686.26,principal,0.9995440589991631,0.0,0.0,23932928,32919552,14024704,14658560,
43,2026-10-08T22:48:30.182811+00:00,43.000661842001136,1052,1791490686.67,descendente,0.9995380910004315,0.0,0.0,11264000,19447808,5021696,5377024,
43,2026-10-08T22:48:30.182811+00:00,43.000661842001136,1053,1791490686.68,descendente,0.9993375510002807,7.004640216905111,3.5023201084525555,202379264,666767360,189345792,190600192,
43,2026-10-08T22:48:30.182811+00:00,43.000661842001136,1054,1791490686.68,descendente,0.9993240900003002,0.0,0.0,45838336,509476864,32210944,33460224,
44,2026-10-08T22:48:31.186519+00:00,44.0041139620007,1051,1791490686.26,principal,1.0037103080012457,0.0,0.0,23932928,32919552,14024704,14658560,
44,2026-10-08T22:48:31.186519+00:00,44.0041139620007,1052,1791490686.67,descendente,1.0037201060004008,0.0,0.0,11264000,19447808,5021696,5377024,
44,2026-10-08T22:48:31.186519+00:00,44.0041139620007,1053,1791490686.68,descendente,1.0037204719992587,5.977759911630006,2.988879955815003,202379264,666767360,189345792,190600192,
44,2026-10-08T22:48:31.186519+00:00,44.0041139620007,1054,1791490686.68,descendente,1.0040634069991938,0.0,0.0,45838336,509476864,32210944,33460224,
45,2026-10-08T22:48:32.186551+00:00,45.00429192500087,1051,1791490686.26,principal,1.0000635889991827,0.0,0.0,23932928,32919552,14024704,14658560,
45,2026-10-08T22:48:32.186551+00:00,45.00429192500087,1052,1791490686.67,descendente,1.000069457999416,0.0,0.0,11264000,19447808,5021696,5377024,
45,2026-10-08T22:48:32.186551+00:00,45.00429192500087,1053,1791490686.68,descendente,1.0000742200008972,7.99940628405896,3.99970314202948,202379264,666767360,189345792,190600192,
45,2026-10-08T22:48:32.186551+00:00,45.00429192500087,1054,1791490686.68,descendente,0.9997411190015555,0.0,0.0,45838336,509476864,32210944,33460224,
46,2026-10-08T22:48:33.191840+00:00,46.009677748001195,1051,1791490686.26,principal,1.0052558160004992,0.0,0.0,23932928,32919552,14024704,14658560,
46,2026-10-08T22:48:33.191840+00:00,46.009677748001195,1052,1791490686.67,descendente,1.005328997000106,0.0,0.0,11264000,19447808,5021696,5377024,
46,2026-10-08T22:48:33.191840+00:00,46.009677748001195,1053,1791490686.68,descendente,1.0053301159987313,1.9893962870230344,0.9946981435115172,45867008,509480960,32059392,33313792,
46,2026-10-08T22:48:33.191840+00:00,46.009677748001195,1054,1791490686.68,descendente,1.004342544998508,5.974057386972918,2.987028693486459,202350592,666763264,189497344,190746624,
47,2026-10-08T22:48:34.186743+00:00,47.00444135300131,1051,1791490686.26,principal,0.99490181299916,0.0,0.0,23932928,32919552,14024704,14658560,
47,2026-10-08T22:48:34.186743+00:00,47.00444135300131,1052,1791490686.67,descendente,0.9948185789999116,0.0,0.0,11264000,19447808,5021696,5377024,
47,2026-10-08T22:48:34.186743+00:00,47.00444135300131,1053,1791490686.68,descendente,0.9948158470015187,2.0104223369861023,1.0052111684930511,98037760,561909760,84488192,85742592,
47,2026-10-08T22:48:34.186743+00:00,47.00444135300131,1054,1791490686.68,descendente,0.9954404860000068,5.022901991953331,2.5114509959766655,150179840,614334464,137068544,138317824,
48,2026-10-08T22:48:35.185038+00:00,48.00284183500116,1051,1791490686.26,principal,0.998296271000072,0.0,0.0,23932928,32919552,14024704,14658560,
48,2026-10-08T22:48:35.185038+00:00,48.00284183500116,1052,1791490686.67,descendente,0.9983317930000339,0.0,0.0,11264000,19447808,5021696,5377024,
48,2026-10-08T22:48:35.185038+00:00,48.00284183500116,1053,1791490686.68,descendente,0.9983335069991881,5.0083463741779255,2.5041731870889627,150208512,614338560,136916992,138171392,
48,2026-10-08T22:48:35.185038+00:00,48.00284183500116,1054,1791490686.68,descendente,0.9984001100001478,3.0048073612481465,1.5024036806240733,98009088,561905664,84639744,85889024,
49,2026-10-08T22:48:36.183873+00:00,49.00165909700081,1051,1791490686.26,principal,0.998834848000115,0.0,0.0,23932928,32919552,14024704,14658560,
49,2026-10-08T22:48:36.183873+00:00,49.00165909700081,1052,1791490686.67,descendente,0.9990301819998422,0.0,0.0,11264000,19447808,5021696,5377024,
49,2026-10-08T22:48:36.183873+00:00,49.00165909700081,1053,1791490686.68,descendente,0.9990361390009639,6.005788745540504,3.002894372770252,202379264,666767360,189345792,190600192,
49,2026-10-08T22:48:36.183873+00:00,49.00165909700081,1054,1791490686.68,descendente,0.9993247150014213,1.0006757413170646,0.5003378706585323,45838336,509476864,32210944,33460224,
50,2026-10-08T22:48:37.183602+00:00,50.001448132001315,1051,1791490686.26,principal,0.9997283660013636,0.0,0.0,23932928,32919552,14024704,14658560,
50,2026-10-08T22:48:37.183602+00:00,50.001448132001315,1052,1791490686.67,descendente,0.9995150480008306,0.0,0.0,11264000,19447808,5021696,5377024,
50,2026-10-08T22:48:37.183602+00:00,50.001448132001315,1053,1791490686.68,descendente,0.9995534939989739,5.002233527288184,2.501116763644092,150208512,614338560,136916992,138171392,
50,2026-10-08T22:48:37.183602+00:00,50.001448132001315,1054,1791490686.68,descendente,0.9991893979986344,2.00162251921966,1.00081125960983,98009088,561905664,84639744,85889024,
51,2026-10-08T22:48:38.182797+00:00,51.00065294500018,1051,1791490686.26,principal,0.9991938269995444,0.0,0.0,23932928,32919552,14024704,14658560,
51,2026-10-08T22:48:38.182797+00:00,51.00065294500018,1052,1791490686.67,descendente,0.9991757679999864,0.0,0.0,11264000,19447808,5021696,5377024,
51,2026-10-08T22:48:38.182797+00:00,51.00065294500018,1053,1791490686.68,descendente,0.9991263860010804,7.006120645074396,3.503060322537198,202379264,666767360,189345792,190600192,
51,2026-10-08T22:48:38.182797+00:00,51.00065294500018,1054,1791490686.68,descendente,0.9998389430002135,0.0,0.0,45838336,509476864,32210944,33460224,
52,2026-10-08T22:48:39.184258+00:00,52.00202448800155,1051,1791490686.26,principal,1.0014634500003012,0.0,0.0,23932928,32919552,14024704,14658560,
52,2026-10-08T22:48:39.184258+00:00,52.00202448800155,1052,1791490686.67,descendente,1.0015072689984663,0.0,0.0,11264000,19447808,5021696,5377024,
52,2026-10-08T22:48:39.184258+00:00,52.00202448800155,1053,1791490686.68,descendente,1.0018873959998018,4.990580797765326,2.495290398882663,150208512,614338560,136916992,138171392,
52,2026-10-08T22:48:39.184258+00:00,52.00202448800155,1054,1791490686.68,descendente,1.0013498010011972,1.9973040370114592,0.9986520185057296,98009088,561905664,84639744,85889024,
53,2026-10-08T22:48:40.183839+00:00,53.00169889800054,1051,1791490686.26,principal,0.9995777149997593,0.0,0.0,23932928,32919552,14024704,14658560,
53,2026-10-08T22:48:40.183839+00:00,53.00169889800054,1052,1791490686.67,descendente,0.999568397000985,0.0,0.0,11264000,19447808,5021696,5377024,
53,2026-10-08T22:48:40.183839+00:00,53.00169889800054,1053,1791490686.68,descendente,0.999194895999608,0.0,0.0,45867008,509480960,32059392,33313792,
53,2026-10-08T22:48:40.183839+00:00,53.00169889800054,1054,1791490686.68,descendente,0.9984710199987603,7.010719249526861,3.5053596247634307,202350592,666763264,189497344,190746624,
54,2026-10-08T22:48:41.183499+00:00,54.0012829490006,1051,1791490686.26,principal,0.9996632049987966,0.0,0.0,23932928,32919552,14024704,14658560,
54,2026-10-08T22:48:41.183499+00:00,54.0012829490006,1052,1791490686.67,descendente,0.9996456190001481,0.0,0.0,11264000,19447808,5021696,5377024,
54,2026-10-08T22:48:41.183499+00:00,54.0012829490006,1053,1791490686.68,descendente,0.9998772719991393,0.0,0.0,45867008,509480960,32059392,33313792,
54,2026-10-08T22:48:41.183499+00:00,54.0012829490006,1054,1791490686.68,descendente,0.9998519640012091,8.001184463333368,4.000592231666684,202350592,666763264,189497344,190746624,
55,2026-10-08T22:48:42.182912+00:00,55.00074893300007,1051,1791490686.26,principal,0.9994109330000356,0.0,0.0,23932928,32919552,14024704,14658560,
55,2026-10-08T22:48:42.182912+00:00,55.00074893300007,1052,1791490686.67,descendente,0.9993990980001399,0.0,0.0,11264000,19447808,5021696,5377024,
55,2026-10-08T22:48:42.182912+00:00,55.00074893300007,1053,1791490686.68,descendente,0.9991652280004928,5.0041773471296676,2.5020886735648338,150208512,614338560,136916992,138171392,
55,2026-10-08T22:48:42.182912+00:00,55.00074893300007,1054,1791490686.68,descendente,1.0001056369983417,2.999683122479079,1.4998415612395395,98009088,561905664,84639744,85889024,
56,2026-10-08T22:48:43.190130+00:00,56.007848460001696,1051,1791490686.26,principal,1.0072221820009872,0.0,0.0,23932928,32919552,14024704,14658560,
56,2026-10-08T22:48:43.190130+00:00,56.007848460001696,1052,1791490686.67,descendente,1.007246919998579,0.0,0.0,11264000,19447808,5021696,5377024,
56,2026-10-08T22:48:43.190130+00:00,56.007848460001696,1053,1791490686.68,descendente,1.0072525430005044,3.9711987105885345,1.9855993552942672,139935744,614338560,126439424,127693824,
56,2026-10-08T22:48:43.190130+00:00,56.007848460001696,1054,1791490686.68,descendente,1.0068911490016035,0.9931560139267042,0.4965780069633521,98009088,561905664,84639744,85889024,
57,2026-10-08T22:48:44.185845+00:00,57.00365097800022,1051,1791490686.26,principal,0.9957102779990237,0.0,0.0,23932928,32919552,14024704,14658560,
57,2026-10-08T22:48:44.185845+00:00,57.00365097800022,1052,1791490686.67,descendente,0.9956809210016218,0.0,0.0,11264000,19447808,5021696,5377024,
57,2026-10-08T22:48:44.185845+00:00,57.00365097800022,1053,1791490686.68,descendente,0.9956780219999928,3.0130222157293183,1.5065111078646591,150208512,614338560,136916992,138171392,
57,2026-10-08T22:48:44.185845+00:00,57.00365097800022,1054,1791490686.68,descendente,0.9958025959986117,2.008430192927907,1.0042150964639536,98009088,561905664,84639744,85889024,
58,2026-10-08T22:48:45.185583+00:00,58.003386153000974,1051,1791490686.26,principal,0.9997386600007303,0.0,0.0,23932928,32919552,14024704,14658560,
58,2026-10-08T22:48:45.185583+00:00,58.003386153000974,1052,1791490686.67,descendente,0.9997403629986366,0.0,0.0,11264000,19447808,5021696,5377024,
58,2026-10-08T22:48:45.185583+00:00,58.003386153000974,1053,1791490686.68,descendente,0.9997342629994819,2.0005316152711963,1.0002658076355981,45867008,509480960,32059392,33313792,
58,2026-10-08T22:48:45.185583+00:00,58.003386153000974,1054,1791490686.68,descendente,0.9989889610005775,6.006072373403091,3.0030361867015456,202350592,666763264,189497344,190746624,
59,2026-10-08T22:48:46.182365+00:00,59.000161937001394,1051,1791490686.26,principal,0.9967819890007377,0.0,0.0,23932928,32919552,14024704,14658560,
59,2026-10-08T22:48:46.182365+00:00,59.000161937001394,1052,1791490686.67,descendente,0.9967820950005262,0.0,0.0,11264000,19447808,5021696,5377024,
59,2026-10-08T22:48:46.182365+00:00,59.000161937001394,1053,1791490686.68,descendente,0.9967902520002099,0.0,0.0,45867008,509480960,32059392,33313792,
59,2026-10-08T22:48:46.182365+00:00,59.000161937001394,1054,1791490686.68,descendente,0.9968060209994292,5.016021065950784,2.508010532975392,167477248,666763264,156684288,157933568,
60,2026-10-08T22:48:47.183384+00:00,60.00122399900101,1051,1791490686.26,principal,1.0010191649998887,0.0,0.0,23932928,32919552,14024704,14658560,
60,2026-10-08T22:48:47.183384+00:00,60.00122399900101,1052,1791490686.67,descendente,1.001017574000798,0.0,0.0,11264000,19447808,5021696,5377024,
60,2026-10-08T22:48:47.183384+00:00,60.00122399900101,1053,1791490686.68,descendente,1.001011925000057,0.0,0.0,45867008,509480960,32059392,33313792,
60,2026-10-08T22:48:47.183384+00:00,60.00122399900101,1054,1791490686.68,descendente,1.00103701900116,6.992748387052325,3.4963741935261625,202350592,666763264,189497344,190746624,
61,2026-10-08T22:48:48.190180+00:00,61.00781166800152,1051,1791490686.26,principal,1.006795928999054,0.0,0.0,23932928,32919552,14024704,14658560,
61,2026-10-08T22:48:48.190180+00:00,61.00781166800152,1052,1791490686.67,descendente,1.006797234998885,0.0,0.0,11264000,19447808,5021696,5377024,
61,2026-10-08T22:48:48.190180+00:00,61.00781166800152,1053,1791490686.68,descendente,1.0067954040005134,2.9797513855144535,1.4898756927572268,150208512,614338560,136916992,138171392,
61,2026-10-08T22:48:48.190180+00:00,61.00781166800152,1054,1791490686.68,descendente,1.0074681179994514,2.9777617240705054,1.4888808620352527,98009088,561905664,84639744,85889024,
62,2026-10-08T22:48:49.188920+00:00,62.00644004300011,1051,1791490686.26,principal,0.9987409929999558,0.0,0.0,23932928,32919552,14024704,14658560,
62,2026-10-08T22:48:49.188920+00:00,62.00644004300011,1052,1791490686.67,descendente,0.9987569349996193,0.0,0.0,11264000,19447808,5021696,5377024,
62,2026-10-08T22:48:49.188920+00:00,62.00644004300011,1053,1791490686.68,descendente,0.9987512489988148,5.006251561649511,2.5031257808247553,150208512,614338560,136916992,138171392,
62,2026-10-08T22:48:49.188920+00:00,62.00644004300011,1054,1791490686.68,descendente,0.9987112500002695,2.002580826039331,1.0012904130196656,98009088,561905664,84639744,85889024,
63,2026-10-08T22:48:50.185144+00:00,63.00254462200064,1051,1791490686.26,principal,0.9962237769996136,0.0,0.0,23932928,32919552,14024704,14658560,
63,2026-10-08T22:48:50.185144+00:00,63.00254462200064,1052,1791490686.67,descendente,0.9962028190002457,0.0,0.0,11264000,19447808,5021696,5377024,
63,2026-10-08T22:48:50.185144+00:00,63.00254462200064,1053,1791490686.68,descendente,0.9962508059998072,5.018816516772468,2.509408258386234,98037760,561909760,84488192,85742592,
63,2026-10-08T22:48:50.185144+00:00,63.00254462200064,1054,1791490686.68,descendente,0.9959628590004286,4.016214022291652,2.008107011145826,150179840,614334464,137068544,138317824,
64,2026-10-08T22:48:51.182344+00:00,64.00021064000066,1051,1791490686.26,principal,0.9971998910004913,0.0,0.0,23932928,32919552,14024704,14658560,
64,2026-10-08T22:48:51.182344+00:00,64.00021064000066,1052,1791490686.67,descendente,0.99720410000009,0.0,0.0,11264000,19447808,5021696,5377024,
64,2026-10-08T22:48:51.182344+00:00,64.00021064000066,1053,1791490686.68,descendente,0.9971621430013329,2.005691866700688,1.002845933350344,98037760,561909760,84488192,85742592,
64,2026-10-08T22:48:51.182344+00:00,64.00021064000066,1054,1791490686.68,descendente,0.9971108909994655,5.014487400682806,2.507243700341403,150179840,614334464,137068544,138317824,
65,2026-10-08T22:48:52.188030+00:00,65.00588558300115,1051,1791490686.26,principal,1.0056879940002545,0.0,0.0,23932928,32919552,14024704,14658560,
65,2026-10-08T22:48:52.188030+00:00,65.00588558300115,1052,1791490686.67,descendente,1.0056869729996833,0.0,0.0,11264000,19447808,5021696,5377024,
65,2026-10-08T22:48:52.188030+00:00,65.00588558300115,1053,1791490686.68,descendente,1.005690150999726,2.9830261308792823,1.4915130654396411,98037760,561909760,84488192,85742592,
65,2026-10-08T22:48:52.188030+00:00,65.00588558300115,1054,1791490686.68,descendente,1.0057192650001525,5.965879553872639,2.9829397769363193,150179840,614334464,137068544,138317824,
66,2026-10-08T22:48:53.185357+00:00,66.00319343299998,1051,1791490686.26,principal,0.9973245010005485,0.0,0.0,23932928,32919552,14024704,14658560,
66,2026-10-08T22:48:53.185357+00:00,66.00319343299998,1052,1791490686.67,descendente,0.9973565420004888,0.0,0.0,11264000,19447808,5021696,5377024,
66,2026-10-08T22:48:53.185357+00:00,66.00319343299998,1053,1791490686.68,descendente,0.9973519369996211,6.01593056313732,3.00796528156866,202379264,666767360,189345792,190600192,
66,2026-10-08T22:48:53.185357+00:00,66.00319343299998,1054,1791490686.68,descendente,0.9979761929989763,1.0020279111015096,0.5010139555507548,45838336,509476864,32210944,33460224,
67,2026-10-08T22:48:54.182690+00:00,67.00055152200002,1051,1791490686.26,principal,0.9973325589999149,0.0,0.0,23932928,32919552,14024704,14658560,
67,2026-10-08T22:48:54.182690+00:00,67.00055152200002,1052,1791490686.67,descendente,0.9972979909998685,0.0,0.0,11264000,19447808,5021696,5377024,
67,2026-10-08T22:48:54.182690+00:00,67.00055152200002,1053,1791490686.68,descendente,0.9972954889999528,4.0108473808616765,2.0054236904308382,98037760,561909760,84488192,85742592,
67,2026-10-08T22:48:54.182690+00:00,67.00055152200002,1054,1791490686.68,descendente,0.9966379770012281,4.0134934573095205,2.0067467286547602,150179840,614334464,137068544,138317824,
68,2026-10-08T22:48:55.186496+00:00,68.00421394300065,1051,1791490686.26,principal,1.0038065600001573,0.0,0.0,23932928,32919552,14024704,14658560,
68,2026-10-08T22:48:55.186496+00:00,68.00421394300065,1052,1791490686.67,descendente,1.0038096700009191,0.0,0.0,11264000,19447808,5021696,5377024,
68,2026-10-08T22:48:55.186496+00:00,68.00421394300065,1053,1791490686.68,descendente,1.0038106390002213,1.9924076536901112,0.9962038268450556,98037760,561909760,84488192,85742592,
68,2026-10-08T22:48:55.186496+00:00,68.00421394300065,1054,1791490686.68,descendente,1.0038409070002672,4.98086894559915,2.490434472799575,150179840,614334464,137068544,138317824,
69,2026-10-08T22:48:56.182484+00:00,69.00025725600062,1051,1791490686.26,principal,0.9960129069986579,1.0040030535481956,0.5020015267740978,23932928,32919552,14024704,14658560,
69,2026-10-08T22:48:56.182484+00:00,69.00025725600062,1052,1791490686.67,descendente,0.9960243129989976,0.0,0.0,11264000,19447808,5021696,5377024,
69,2026-10-08T22:48:56.182484+00:00,69.00025725600062,1053,1791490686.68,descendente,0.9960285039996961,3.0119619950163887,1.5059809975081944,98037760,561909760,84488192,85742592,
69,2026-10-08T22:48:56.182484+00:00,69.00025725600062,1054,1791490686.68,descendente,0.9965360559999681,6.020855907696037,3.0104279538480183,150179840,614334464,137068544,138317824,
70,2026-10-08T22:48:57.182911+00:00,70.00075356300113,1051,1791490686.26,principal,1.0004035720012325,0.0,0.0,23932928,32919552,14024704,14658560,
70,2026-10-08T22:48:57.182911+00:00,70.00075356300113,1052,1791490686.67,descendente,1.0003930650000257,0.0,0.0,11264000,19447808,5021696,5377024,
70,2026-10-08T22:48:57.182911+00:00,70.00075356300113,1053,1791490686.68,descendente,1.0003905590001523,3.9984383739064313,1.9992191869532157,150208512,614338560,136916992,138171392,
70,2026-10-08T22:48:57.182911+00:00,70.00075356300113,1054,1791490686.68,descendente,1.0005612559998553,3.9977562353268783,1.9988781176634391,98009088,561905664,84639744,85889024,
71,2026-10-08T22:48:58.182811+00:00,71.00063275600041,1051,1791490686.26,principal,0.9998979689989937,0.0,0.0,23932928,32919552,14024704,14658560,
71,2026-10-08T22:48:58.182811+00:00,71.00063275600041,1052,1791490686.67,descendente,0.9998959360000299,0.0,0.0,11264000,19447808,5021696,5377024,
71,2026-10-08T22:48:58.182811+00:00,71.00063275600041,1053,1791490686.68,descendente,1.0001761010007613,3.9992957200212786,1.9996478600106393,98037760,561909760,84488192,85742592,
71,2026-10-08T22:48:58.182811+00:00,71.00063275600041,1054,1791490686.68,descendente,0.9996380350003164,4.001448384263769,2.0007241921318846,150179840,614334464,137068544,138317824,
72,2026-10-08T22:48:59.189884+00:00,72.00727706700127,1051,1791490686.26,principal,1.007073382001181,0.0,0.0,23932928,32919552,14024704,14658560,
72,2026-10-08T22:48:59.189884+00:00,72.00727706700127,1052,1791490686.67,descendente,1.007077449999997,0.0,0.0,11264000,19447808,5021696,5377024,
72,2026-10-08T22:48:59.189884+00:00,72.00727706700127,1053,1791490686.68,descendente,1.0067968009989272,3.9729963345452544,1.9864981672726272,150208512,614338560,136916992,138171392,
72,2026-10-08T22:48:59.189884+00:00,72.00727706700127,1054,1791490686.68,descendente,1.0071299409992207,2.978761605501434,1.489380802750717,98009088,561905664,84639744,85889024,
73,2026-10-08T22:49:00.186317+00:00,73.00404683500165,1051,1791490686.26,principal,0.996468006998839,0.0,0.0,23932928,32919552,14024704,14658560,
73,2026-10-08T22:49:00.186317+00:00,73.00404683500165,1052,1791490686.67,descendente,0.9964684730002773,0.0,0.0,11264000,19447808,5021696,5377024,
73,2026-10-08T22:49:00.186317+00:00,73.00404683500165,1053,1791490686.68,descendente,0.9964694440004678,8.028344519910913,4.014172259955457,202379264,666767360,189345792,190600192,
73,2026-10-08T22:49:00.186317+00:00,73.00404683500165,1054,1791490686.68,descendente,0.996642874999452,0.0,0.0,45838336,509476864,32210944,33460224,
74,2026-10-08T22:49:01.190899+00:00,74.00881103100073,1051,1791490686.26,principal,1.004544266999801,0.0,0.0,23932928,32919552,14024704,14658560,
74,2026-10-08T22:49:01.190899+00:00,74.00881103100073,1052,1791490686.67,descendente,1.0045409909998853,0.0,0.0,11264000,19447808,5021696,5377024,
74,2026-10-08T22:49:01.190899+00:00,74.00881103100073,1053,1791490686.68,descendente,1.0045416169996315,2.986436748096634,1.493218374048317,98037760,561909760,84496384,85750784,
74,2026-10-08T22:49:01.190899+00:00,74.00881103100073,1054,1791490686.68,descendente,1.0040812229999574,3.9837414627163925,1.9918707313581963,150179840,614334464,137068544,138317824,
75,2026-10-08T22:49:02.184009+00:00,75.0017875980011,1051,1791490686.26,principal,0.993114783999772,0.0,0.0,23932928,32919552,14024704,14658560,
75,2026-10-08T22:49:02.184009+00:00,75.0017875980011,1052,1791490686.67,descendente,0.9931239430006826,0.0,0.0,11264000,19447808,5021696,5377024,
75,2026-10-08T22:49:02.184009+00:00,75.0017875980011,1053,1791490686.68,descendente,0.993132952000451,0.0,0.0,45867008,509480960,32067584,33321984,
75,2026-10-08T22:49:02.184009+00:00,75.0017875980011,1054,1791490686.68,descendente,0.9925966110004083,7.05221025583157,3.526105127915785,202350592,666763264,189497344,190746624,
76,2026-10-08T22:49:03.182483+00:00,76.00015830600023,1051,1791490686.26,principal,0.9984733340006642,0.0,0.0,23932928,32919552,14024704,14658560,
76,2026-10-08T22:49:03.182483+00:00,76.00015830600023,1052,1791490686.67,descendente,0.9984651119993941,0.0,0.0,11264000,19447808,5021696,5377024,
76,2026-10-08T22:49:03.182483+00:00,76.00015830600023,1053,1791490686.68,descendente,0.9984558369997103,0.0,0.0,45867008,509480960,32067584,33321984,
76,2026-10-08T22:49:03.182483+00:00,76.00015830600023,1054,1791490686.68,descendente,0.9987201420008205,5.006407490673807,2.5032037453369034,166936576,666763264,155672576,156921856,
77,2026-10-08T22:49:04.182519+00:00,77.00018222400104,1051,1791490686.26,principal,1.000047211000492,0.0,0.0,23932928,32919552,14024704,14658560,
77,2026-10-08T22:49:04.182519+00:00,77.00018222400104,1052,1791490686.67,descendente,1.0000896750007087,0.0,0.0,11264000,19447808,5021696,5377024,
77,2026-10-08T22:49:04.182519+00:00,77.00018222400104,1053,1791490686.68,descendente,1.0001112390000344,0.0,0.0,61542400,561909760,48406528,49660928,
77,2026-10-08T22:49:04.182519+00:00,77.00018222400104,1054,1791490686.68,descendente,1.0002095839990943,4.998952299585487,2.4994761497927436,150179840,614334464,137068544,138317824,
78,2026-10-08T22:49:05.182867+00:00,78.00068425900099,1051,1791490686.26,principal,1.0003360779992363,0.0,0.0,23932928,32919552,14024704,14658560,
78,2026-10-08T22:49:05.182867+00:00,78.00068425900099,1052,1791490686.67,descendente,1.0002874900001189,0.0,0.0,11264000,19447808,5021696,5377024,
78,2026-10-08T22:49:05.182867+00:00,78.00068425900099,1053,1791490686.68,descendente,1.0004186229998595,4.997907760859843,2.4989538804299216,150208512,614338560,136925184,138179584,
78,2026-10-08T22:49:05.182867+00:00,78.00068425900099,1054,1791490686.68,descendente,1.000824755999929,1.9983518473242627,0.9991759236621314,98009088,561905664,84639744,85889024,
79,2026-10-08T22:49:06.182740+00:00,79.00044282199997,1051,1791490686.26,principal,0.9998727310012328,0.0,0.0,23932928,32919552,14024704,14658560,
79,2026-10-08T22:49:06.182740+00:00,79.00044282199997,1052,1791490686.67,descendente,0.999878484999499,0.0,0.0,11264000,19447808,5021696,5377024,
79,2026-10-08T22:49:06.182740+00:00,79.00044282199997,1053,1791490686.68,descendente,0.999728901000708,3.000813517541781,1.5004067587708905,98037760,561909760,84496384,85750784,
79,2026-10-08T22:49:06.182740+00:00,79.00044282199997,1054,1791490686.68,descendente,0.9993777310010046,5.003113282294461,2.5015566411472303,150179840,614334464,137068544,138317824,
80,2026-10-08T22:49:07.183404+00:00,80.00102980000156,1051,1791490686.26,principal,1.0006680379992758,0.0,0.0,23932928,32919552,14024704,14658560,
80,2026-10-08T22:49:07.183404+00:00,80.00102980000156,1052,1791490686.67,descendente,1.0009359859996039,0.0,0.0,11264000,19447808,5021696,5377024,
80,2026-10-08T22:49:07.183404+00:00,80.00102980000156,1053,1791490686.68,descendente,1.0010582289996819,1.997885779329863,0.9989428896649315,76951552,561909760,64016384,65270784,
80,2026-10-08T22:49:07.183404+00:00,80.00102980000156,1054,1791490686.68,descendente,1.000886226998773,4.995572788520193,2.4977863942600966,150179840,614334464,137068544,138317824,
81,2026-10-08T22:49:08.183990+00:00,81.0018686200001,1051,1791490686.26,principal,1.000579416000619,0.0,0.0,23932928,32919552,14024704,14658560,
81,2026-10-08T22:49:08.183990+00:00,81.0018686200001,1052,1791490686.67,descendente,1.000299000999803,0.0,0.0,11264000,19447808,5021696,5377024,
81,2026-10-08T22:49:08.183990+00:00,81.0018686200001,1053,1791490686.68,descendente,1.0002012719996856,0.9997987685030919,0.49989938425154595,98037760,561909760,84496384,85750784,
81,2026-10-08T22:49:08.183990+00:00,81.0018686200001,1054,1791490686.68,descendente,1.0002995770009875,4.998502563592287,2.4992512817961434,150179840,614334464,137068544,138317824,
82,2026-10-08T22:49:09.287762+00:00,82.10530469300102,1051,1791490686.26,principal,1.1037833559985302,0.0,0.0,23932928,32919552,14024704,14658560,
82,2026-10-08T22:49:09.287762+00:00,82.10530469300102,1052,1791490686.67,descendente,1.1037992439996742,0.0,0.0,11264000,19447808,5021696,5377024,
82,2026-10-08T22:49:09.287762+00:00,82.10530469300102,1053,1791490686.68,descendente,1.1039074550008081,4.52936519030579,2.264682595152895,98037760,561909760,84496384,85750784,
82,2026-10-08T22:49:09.287762+00:00,82.10530469300102,1054,1791490686.68,descendente,1.1039696119987639,3.6232881381198685,1.8116440690599342,150179840,614334464,137068544,138317824,
83,2026-10-08T22:49:10.182407+00:00,83.00028088600084,1051,1791490686.26,principal,0.8946348250010487,0.0,0.0,23932928,32919552,14024704,14658560,
83,2026-10-08T22:49:10.182407+00:00,83.00028088600084,1052,1791490686.67,descendente,0.8946320610011753,0.0,0.0,11264000,19447808,5021696,5377024,
83,2026-10-08T22:49:10.182407+00:00,83.00028088600084,1053,1791490686.68,descendente,0.8944951220000803,4.471796325792423,2.2358981628962113,202379264,666767360,189353984,190608384,
83,2026-10-08T22:49:10.182407+00:00,83.00028088600084,1054,1791490686.68,descendente,0.895575987000484,2.233199671530755,1.1165998357653775,45838336,509476864,32210944,33460224,
84,2026-10-08T22:49:11.191696+00:00,84.00943634300165,1051,1791490686.26,principal,1.0092923619995418,0.0,0.0,23932928,32919552,14024704,14658560,
84,2026-10-08T22:49:11.191696+00:00,84.00943634300165,1052,1791490686.67,descendente,1.0093014750000293,0.0,0.0,11264000,19447808,5021696,5377024,
84,2026-10-08T22:49:11.191696+00:00,84.00943634300165,1053,1791490686.68,descendente,1.0093097089993535,4.953880811231095,2.4769404056155473,150208512,614338560,136925184,138179584,
84,2026-10-08T22:49:11.191696+00:00,84.00943634300165,1054,1791490686.68,descendente,1.008484010999382,1.983174723828941,0.9915873619144705,98009088,561905664,84639744,85889024,
85,2026-10-08T22:49:12.187260+00:00,85.00514489800116,1051,1791490686.26,principal,0.9955601820001903,0.0,0.0,23932928,32919552,14024704,14658560,
85,2026-10-08T22:49:12.187260+00:00,85.00514489800116,1052,1791490686.67,descendente,0.9955448000000615,0.0,0.0,11264000,19447808,5021696,5377024,
85,2026-10-08T22:49:12.187260+00:00,85.00514489800116,1053,1791490686.68,descendente,0.9955340979995526,1.004485935748973,0.5022429678744865,45867008,509480960,32067584,33321984,
85,2026-10-08T22:49:12.187260+00:00,85.00514489800116,1054,1791490686.68,descendente,0.9948750020012085,6.0309083934475405,3.0154541967237702,202350592,666763264,189497344,190746624,
86,2026-10-08T22:49:13.185084+00:00,86.00289736400009,1051,1791490686.26,principal,0.9978247300005023,0.0,0.0,23932928,32919552,14024704,14658560,
86,2026-10-08T22:49:13.185084+00:00,86.00289736400009,1052,1791490686.67,descendente,0.997886440000002,0.0,0.0,11264000,19447808,5021696,5377024,
86,2026-10-08T22:49:13.185084+00:00,86.00289736400009,1053,1791490686.68,descendente,0.9978915909996431,5.010564318907278,2.505282159453639,150208512,614338560,136925184,138179584,
86,2026-10-08T22:49:13.185084+00:00,86.00289736400009,1054,1791490686.68,descendente,0.9986008979994949,4.005604248917807,2.0028021244589036,98009088,561905664,84639744,85889024,
87,2026-10-08T22:49:14.183068+00:00,87.00093196300077,1051,1791490686.26,principal,0.9979844209992734,0.0,0.0,23932928,32919552,14024704,14658560,
87,2026-10-08T22:49:14.183068+00:00,87.00093196300077,1052,1791490686.67,descendente,0.997928779999711,0.0,0.0,11264000,19447808,5021696,5377024,
87,2026-10-08T22:49:14.183068+00:00,87.00093196300077,1053,1791490686.68,descendente,0.9979271640004299,1.0020771415732002,0.5010385707866001,45867008,509480960,32067584,33321984,
87,2026-10-08T22:49:14.183068+00:00,87.00093196300077,1054,1791490686.68,descendente,0.9975920329998189,6.014482675806018,3.007241337903009,202350592,666763264,189497344,190746624,
88,2026-10-08T22:49:15.182976+00:00,88.00069942400114,1051,1791490686.26,principal,1.0000644820011075,0.0,0.0,23932928,32919552,14024704,14658560,
88,2026-10-08T22:49:15.182976+00:00,88.00069942400114,1052,1791490686.67,descendente,1.0004153650006629,0.0,0.0,11264000,19447808,5021696,5377024,
88,2026-10-08T22:49:15.182976+00:00,88.00069942400114,1053,1791490686.68,descendente,1.0004268920001778,0.0,0.0,45867008,509480960,32067584,33321984,
88,2026-10-08T22:49:15.182976+00:00,88.00069942400114,1054,1791490686.68,descendente,1.0001288069997827,6.9990984671260055,3.4995492335630027,202350592,666763264,189497344,190746624,
89,2026-10-08T22:49:16.185081+00:00,89.00286746700112,1051,1791490686.26,principal,1.0019462789987301,0.0,0.0,23932928,32919552,14024704,14658560,
89,2026-10-08T22:49:16.185081+00:00,89.00286746700112,1052,1791490686.67,descendente,1.0016467819987156,0.0,0.0,11264000,19447808,5021696,5377024,
89,2026-10-08T22:49:16.185081+00:00,89.00286746700112,1053,1791490686.68,descendente,1.0016330310008925,0.0,0.0,45867008,509480960,32067584,33321984,
89,2026-10-08T22:49:16.185081+00:00,89.00286746700112,1054,1791490686.68,descendente,1.0018920130005426,6.986780919667364,3.493390459833682,202350592,666763264,189497344,190746624,
90,2026-10-08T22:49:17.183025+00:00,90.00087824800175,1051,1791490686.26,principal,0.9979439720009395,0.0,0.0,23932928,32919552,14024704,14658560,
90,2026-10-08T22:49:17.183025+00:00,90.00087824800175,1052,1791490686.67,descendente,0.9978938320000452,0.0,0.0,11264000,19447808,5021696,5377024,
90,2026-10-08T22:49:17.183025+00:00,90.00087824800175,1053,1791490686.68,descendente,0.997901249998904,0.0,0.0,45867008,509480960,32067584,33321984,
90,2026-10-08T22:49:17.183025+00:00,90.00087824800175,1054,1791490686.68,descendente,0.9979293029991823,6.0124499621043235,3.0062249810521617,202350592,666763264,189497344,190746624,
91,2026-10-08T22:49:18.183000+00:00,91.00087009100025,1051,1791490686.26,principal,0.9999761090002721,1.0000238915705002,0.5000119457852501,23932928,32919552,14024704,14658560,
91,2026-10-08T22:49:18.183000+00:00,91.00087009100025,1052,1791490686.67,descendente,0.999975988001097,0.0,0.0,11264000,19447808,5021696,5377024,
91,2026-10-08T22:49:18.183000+00:00,91.00087009100025,1053,1791490686.68,descendente,0.9999721730000601,0.0,0.0,45867008,509480960,32067584,33321984,
91,2026-10-08T22:49:18.183000+00:00,91.00087009100025,1054,1791490686.68,descendente,0.9995947730003536,8.003243130200921,4.001621565100461,202350592,666763264,189497344,190746624,
92,2026-10-08T22:49:19.186701+00:00,92.0044352140012,1051,1791490686.26,principal,1.003704619999553,0.0,0.0,23932928,32919552,14024704,14658560,
92,2026-10-08T22:49:19.186701+00:00,92.0044352140012,1052,1791490686.67,descendente,1.0037126119987079,0.0,0.0,11264000,19447808,5021696,5377024,
92,2026-10-08T22:49:19.186701+00:00,92.0044352140012,1053,1791490686.68,descendente,1.003717517000041,0.9962962517475629,0.49814812587378143,45867008,509480960,32067584,33321984,
92,2026-10-08T22:49:19.186701+00:00,92.0044352140012,1054,1791490686.68,descendente,1.0037232499998936,5.977743367009645,2.9888716835048226,202350592,666763264,189497344,190746624,
93,2026-10-08T22:49:20.185807+00:00,93.00348553800177,1051,1791490686.26,principal,0.9991080509989843,0.0,0.0,23932928,32919552,14024704,14658560,
93,2026-10-08T22:49:20.185807+00:00,93.00348553800177,1052,1791490686.67,descendente,0.9990924670000823,0.0,0.0,11264000,19447808,5021696,5377024,
93,2026-10-08T22:49:20.185807+00:00,93.00348553800177,1053,1791490686.68,descendente,0.9990800329997,0.0,0.0,45867008,509480960,32067584,33321984,
93,2026-10-08T22:49:20.185807+00:00,93.00348553800177,1054,1791490686.68,descendente,0.9991099510007189,7.00623589324554,3.50311794662277,202350592,666763264,189497344,190746624,
94,2026-10-08T22:49:21.182394+00:00,94.00020764800138,1051,1791490686.26,principal,0.9965830830005871,0.0,0.0,23932928,32919552,14024704,14658560,
94,2026-10-08T22:49:21.182394+00:00,94.00020764800138,1052,1791490686.67,descendente,0.9965940929996577,0.0,0.0,11264000,19447808,5021696,5377024,
94,2026-10-08T22:49:21.182394+00:00,94.00020764800138,1053,1791490686.68,descendente,0.996599423000589,0.0,0.0,45867008,509480960,32067584,33321984,
94,2026-10-08T22:49:21.182394+00:00,94.00020764800138,1054,1791490686.68,descendente,0.9969299499989575,6.018477025397613,3.0092385126988064,202350592,666763264,189497344,190746624,
95,2026-10-08T22:49:22.183467+00:00,95.00112558100045,1051,1791490686.26,principal,1.0010906200004683,0.0,0.0,23932928,32919552,14024704,14658560,
95,2026-10-08T22:49:22.183467+00:00,95.00112558100045,1052,1791490686.67,descendente,1.0015888650013949,0.0,0.0,11264000,19447808,5021696,5377024,
95,2026-10-08T22:49:22.183467+00:00,95.00112558100045,1053,1791490686.68,descendente,1.0016838720002852,0.998318958657963,0.4991594793289815,45867008,509480960,32067584,33321984,
95,2026-10-08T22:49:22.183467+00:00,95.00112558100045,1054,1791490686.68,descendente,1.0014509170014207,1.9971023702184953,0.9985511851092477,45838336,509476864,32210944,33460224,
96,2026-10-08T22:49:23.191002+00:00,96.00880204600071,1051,1791490686.26,principal,1.0075193499997113,0.0,0.0,23932928,32919552,14024704,14658560,
96,2026-10-08T22:49:23.191002+00:00,96.00880204600071,1052,1791490686.67,descendente,1.0070172089999687,0.0,0.0,11264000,19447808,5021696,5377024,
96,2026-10-08T22:49:23.191002+00:00,96.00880204600071,1053,1791490686.68,descendente,1.0069219380002323,0.0,0.0,45867008,509480960,32067584,33321984,
96,2026-10-08T22:49:23.191002+00:00,96.00880204600071,1054,1791490686.68,descendente,1.0067876479988627,0.0,0.0,45838336,509476864,32210944,33460224,
97,2026-10-08T22:49:24.186109+00:00,97.00390291000076,1051,1791490686.26,principal,0.9951069460003055,0.0,0.0,23932928,32919552,14024704,14658560,
97,2026-10-08T22:49:24.186109+00:00,97.00390291000076,1052,1791490686.67,descendente,0.9951147039992065,0.0,0.0,11264000,19447808,5021696,5377024,
97,2026-10-08T22:49:24.186109+00:00,97.00390291000076,1053,1791490686.68,descendente,0.9951222799991228,0.0,0.0,45867008,509480960,32067584,33321984,
97,2026-10-08T22:49:24.186109+00:00,97.00390291000076,1054,1791490686.68,descendente,0.9951378929999919,0.0,0.0,45838336,509476864,32210944,33460224,
98,2026-10-08T22:49:25.182630+00:00,98.00021683200066,1051,1791490686.26,principal,0.9965228000000934,0.0,0.0,23932928,32919552,14024704,14649344,
98,2026-10-08T22:49:25.182630+00:00,98.00021683200066,1052,1791490686.67,descendente,0.9965102170008322,0.0,0.0,11264000,19447808,5021696,5373952,
98,2026-10-08T22:49:25.182630+00:00,98.00021683200066,1053,1791490686.68,descendente,0.9965072089999012,0.0,0.0,45867008,509480960,32067584,33311744,
98,2026-10-08T22:49:25.182630+00:00,98.00021683200066,1054,1791490686.68,descendente,0.9967983840015222,1.0032118992656427,0.5016059496328213,45838336,509476864,32210944,33448960,
99,2026-10-08T22:49:26.186258+00:00,99.00403319200086,1051,1791490686.26,principal,1.003625605999332,0.0,0.0,23932928,32919552,14024704,14658560,
99,2026-10-08T22:49:26.186258+00:00,99.00403319200086,1052,1791490686.67,descendente,1.003628368000136,0.0,0.0,11264000,19447808,5021696,5377024,
99,2026-10-08T22:49:26.186258+00:00,99.00403319200086,1053,1791490686.68,descendente,1.0036244620005164,0.0,0.0,45867008,509480960,32067584,33321984,
99,2026-10-08T22:49:26.186258+00:00,99.00403319200086,1054,1791490686.68,descendente,1.0035638859990286,0.0,0.0,45838336,509476864,32210944,33460224,
100,2026-10-08T22:49:27.183895+00:00,100.00175412500175,1051,1791490686.26,principal,0.9976343689995701,0.0,0.0,23932928,32919552,14024704,14658560,
100,2026-10-08T22:49:27.183895+00:00,100.00175412500175,1052,1791490686.67,descendente,0.9976354729988088,0.0,0.0,11264000,19447808,5021696,5377024,
100,2026-10-08T22:49:27.183895+00:00,100.00175412500175,1053,1791490686.68,descendente,0.9976708979993418,0.0,0.0,45867008,509480960,32067584,33321984,
100,2026-10-08T22:49:27.183895+00:00,100.00175412500175,1054,1791490686.68,descendente,0.9974274849992071,0.0,0.0,45838336,509476864,32210944,33460224,
101,2026-10-08T22:49:28.187498+00:00,101.00529789100074,1051,1791490686.26,principal,1.0036029720013175,0.9964099628022572,0.4982049814011286,23932928,32919552,14024704,14658560,
101,2026-10-08T22:49:28.187498+00:00,101.00529789100074,1052,1791490686.67,descendente,1.0035923830000684,0.0,0.0,11264000,19447808,5021696,5377024,
101,2026-10-08T22:49:28.187498+00:00,101.00529789100074,1053,1791490686.68,descendente,1.003943743000491,0.0,0.0,45867008,509480960,32067584,33321984,
101,2026-10-08T22:49:28.187498+00:00,101.00529789100074,1054,1791490686.68,descendente,1.0039838530010456,0.0,0.0,45838336,509476864,32210944,33460224,
102,2026-10-08T22:49:29.183137+00:00,102.00078682700041,1051,1791490686.26,principal,0.9956384819997766,0.0,0.0,23932928,32919552,14024704,14621696,
102,2026-10-08T22:49:29.183137+00:00,102.00078682700041,1052,1791490686.67,descendente,0.9958117620008125,0.0,0.0,11264000,19447808,5021696,5356544,
102,2026-10-08T22:49:29.183137+00:00,102.00078682700041,1053,1791490686.68,descendente,0.9954378980000911,0.0,0.0,45867008,509480960,32067584,33278976,
102,2026-10-08T22:49:29.183137+00:00,102.00078682700041,1054,1791490686.68,descendente,0.9954912310004147,0.0,0.0,45838336,509476864,32210944,33419264,
103,2026-10-08T22:49:30.186596+00:00,103.00440938000065,1051,1791490686.26,principal,1.0034585449993756,0.0,0.0,23932928,32919552,14024704,14658560,
103,2026-10-08T22:49:30.186596+00:00,103.00440938000065,1052,1791490686.67,descendente,1.0033039999998437,0.0,0.0,11264000,19447808,5021696,5377024,
103,2026-10-08T22:49:30.186596+00:00,103.00440938000065,1053,1791490686.68,descendente,1.0032899460002227,0.0,0.0,45867008,509480960,32067584,33321984,
103,2026-10-08T22:49:30.186596+00:00,103.00440938000065,1054,1791490686.68,descendente,1.003197754998837,0.0,0.0,45838336,509476864,32210944,33460224,
104,2026-10-08T22:49:31.192525+00:00,104.01038062400039,1051,1791490686.26,principal,1.0059285509996698,0.0,0.0,23932928,32919552,14024704,14658560,
104,2026-10-08T22:49:31.192525+00:00,104.01038062400039,1052,1791490686.67,descendente,1.0060155329992995,0.0,0.0,11264000,19447808,5021696,5377024,
104,2026-10-08T22:49:31.192525+00:00,104.01038062400039,1053,1791490686.68,descendente,1.0060165029990458,0.0,0.0,45867008,509480960,32067584,33321984,
104,2026-10-08T22:49:31.192525+00:00,104.01038062400039,1054,1791490686.68,descendente,1.0060116900003777,0.0,0.0,45838336,509476864,32210944,33460224,
105,2026-10-08T22:49:32.188704+00:00,105.00645789400005,1051,1791490686.26,principal,0.996181198001068,0.0,0.0,23932928,32919552,14024704,14658560,
105,2026-10-08T22:49:32.188704+00:00,105.00645789400005,1052,1791490686.67,descendente,0.9960861720010143,0.0,0.0,11264000,19447808,5021696,5377024,
105,2026-10-08T22:49:32.188704+00:00,105.00645789400005,1053,1791490686.68,descendente,0.9960850389998086,1.003930348159755,0.5019651740798775,45867008,509480960,32067584,33321984,
105,2026-10-08T22:49:32.188704+00:00,105.00645789400005,1054,1791490686.68,descendente,0.9961450780010637,0.0,0.0,45838336,509476864,32210944,33460224,
106,2026-10-08T22:49:33.183220+00:00,106.00090773300144,1051,1791490686.26,principal,0.9945179349997488,0.0,0.0,23932928,32919552,14024704,14658560,
106,2026-10-08T22:49:33.183220+00:00,106.00090773300144,1052,1791490686.67,descendente,0.9945576299996901,0.0,0.0,11264000,19447808,5021696,5377024,
106,2026-10-08T22:49:33.183220+00:00,106.00090773300144,1053,1791490686.68,descendente,0.9948449160001474,0.0,0.0,45867008,509480960,32067584,33321984,
106,2026-10-08T22:49:33.183220+00:00,106.00090773300144,1054,1791490686.68,descendente,0.994846282999788,0.0,0.0,45838336,509476864,32210944,33460224,
107,2026-10-08T22:49:34.183577+00:00,107.00096840900005,1051,1791490686.26,principal,1.0003570699991542,0.0,0.0,23932928,32919552,14024704,14651392,
107,2026-10-08T22:49:34.183577+00:00,107.00096840900005,1052,1791490686.67,descendente,1.0009194929989462,0.0,0.0,11264000,19447808,5021696,5376000,
107,2026-10-08T22:49:34.183577+00:00,107.00096840900005,1053,1791490686.68,descendente,1.0008218370003306,0.0,0.0,45867008,509480960,32067584,33313792,
107,2026-10-08T22:49:34.183577+00:00,107.00096840900005,1054,1791490686.68,descendente,1.0007800709990988,0.0,0.0,45838336,509476864,32210944,33451008,
108,2026-10-08T22:49:35.184012+00:00,108.00174067100124,1051,1791490686.26,principal,1.0004671010010497,0.0,0.0,23932928,32919552,14024704,14658560,
108,2026-10-08T22:49:35.184012+00:00,108.00174067100124,1052,1791490686.67,descendente,0.9998647060001531,0.0,0.0,11264000,19447808,5021696,5377024,
108,2026-10-08T22:49:35.184012+00:00,108.00174067100124,1053,1791490686.68,descendente,0.9997143900000083,0.0,0.0,45867008,509480960,32067584,33321984,
108,2026-10-08T22:49:35.184012+00:00,108.00174067100124,1054,1791490686.68,descendente,0.9999840700002096,0.0,0.0,45838336,509476864,32210944,33460224,
109,2026-10-08T22:49:36.182252+00:00,109.00015746000099,1051,1791490686.26,principal,0.9982034219992784,0.0,0.0,23932928,32919552,14024704,14658560,
109,2026-10-08T22:49:36.182252+00:00,109.00015746000099,1052,1791490686.67,descendente,0.9981971020006313,0.0,0.0,11264000,19447808,5021696,5377024,
109,2026-10-08T22:49:36.182252+00:00,109.00015746000099,1053,1791490686.68,descendente,0.9985237439996126,0.0,0.0,45867008,509480960,32067584,33321984,
109,2026-10-08T22:49:36.182252+00:00,109.00015746000099,1054,1791490686.68,descendente,0.9982414269998117,0.0,0.0,45838336,509476864,32210944,33460224,
110,2026-10-08T22:49:37.182500+00:00,110.00032080000165,1051,1791490686.26,principal,1.0002501319995645,0.0,0.0,23932928,32919552,14024704,14658560,
110,2026-10-08T22:49:37.182500+00:00,110.00032080000165,1052,1791490686.67,descendente,1.0002943359995697,0.0,0.0,11264000,19447808,5021696,5377024,
110,2026-10-08T22:49:37.182500+00:00,110.00032080000165,1053,1791490686.68,descendente,0.9999324079999496,0.0,0.0,45867008,509480960,32067584,33321984,
110,2026-10-08T22:49:37.182500+00:00,110.00032080000165,1054,1791490686.68,descendente,1.0001820130000851,0.9998180201231298,0.4999090100615649,45838336,509476864,32210944,33460224,
111,2026-10-08T22:49:38.184934+00:00,111.00221301300007,1051,1791490686.26,principal,1.0024344960002054,0.0,0.0,23932928,32919552,14024704,14633984,
111,2026-10-08T22:49:38.184934+00:00,111.00221301300007,1052,1791490686.67,descendente,1.0023953370000527,0.0,0.0,11264000,19447808,5021696,5360640,
111,2026-10-08T22:49:38.184934+00:00,111.00221301300007,1053,1791490686.68,descendente,1.0023988780012587,0.0,0.0,45867008,509480960,32067584,33291264,
111,2026-10-08T22:49:38.184934+00:00,111.00221301300007,1054,1791490686.68,descendente,1.0021542529993894,0.0,0.0,45838336,509476864,32210944,33429504,
112,2026-10-08T22:49:39.182889+00:00,112.00075463100075,1051,1791490686.26,principal,0.9979534810008772,0.0,0.0,23932928,32919552,14024704,14658560,
112,2026-10-08T22:49:39.182889+00:00,112.00075463100075,1052,1791490686.67,descendente,0.9979580030012585,0.0,0.0,11264000,19447808,5021696,5377024,
112,2026-10-08T22:49:39.182889+00:00,112.00075463100075,1053,1791490686.68,descendente,0.9982025600002089,0.0,0.0,45867008,509480960,32067584,33321984,
112,2026-10-08T22:49:39.182889+00:00,112.00075463100075,1054,1791490686.68,descendente,0.9981957569998485,0.0,0.0,45838336,509476864,32210944,33460224,
113,2026-10-08T22:49:40.188790+00:00,113.00664416100153,1051,1791490686.26,principal,1.0058990719990106,0.0,0.0,23932928,32919552,14024704,14658560,
113,2026-10-08T22:49:40.188790+00:00,113.00664416100153,1052,1791490686.67,descendente,1.0058897159997287,0.0,0.0,11264000,19447808,5021696,5377024,
113,2026-10-08T22:49:40.188790+00:00,113.00664416100153,1053,1791490686.68,descendente,1.0056341759991483,0.9943973900916416,0.4971986950458208,45867008,509480960,32067584,33321984,
113,2026-10-08T22:49:40.188790+00:00,113.00664416100153,1054,1791490686.68,descendente,1.0056219690013677,0.0,0.0,45838336,509476864,32210944,33460224,
114,2026-10-08T22:49:41.182539+00:00,114.00039364300028,1051,1791490686.26,principal,0.9937525839995942,0.0,0.0,23932928,32919552,14024704,14658560,
114,2026-10-08T22:49:41.182539+00:00,114.00039364300028,1052,1791490686.67,descendente,0.9937598109991086,0.0,0.0,11264000,19447808,5021696,5377024,
114,2026-10-08T22:49:41.182539+00:00,114.00039364300028,1053,1791490686.68,descendente,0.9938028209999175,0.0,0.0,45867008,509480960,32067584,33321984,
114,2026-10-08T22:49:41.182539+00:00,114.00039364300028,1054,1791490686.68,descendente,0.9938137139997707,0.0,0.0,45838336,509476864,32210944,33460224,
115,2026-10-08T22:49:42.182635+00:00,115.00042758300151,1051,1791490686.26,principal,1.0000986869999906,0.0,0.0,23932928,32919552,14024704,14658560,
115,2026-10-08T22:49:42.182635+00:00,115.00042758300151,1052,1791490686.67,descendente,1.0001059330006683,0.0,0.0,11264000,19447808,5021696,5377024,
115,2026-10-08T22:49:42.182635+00:00,115.00042758300151,1053,1791490686.68,descendente,1.0000728790000721,0.0,0.0,45867008,509480960,32067584,33321984,
115,2026-10-08T22:49:42.182635+00:00,115.00042758300151,1054,1791490686.68,descendente,1.0005821359991387,0.0,0.0,45838336,509476864,32210944,33460224,
116,2026-10-08T22:49:43.182369+00:00,116.00019111000074,1051,1791490686.26,principal,0.9997317420002219,0.0,0.0,23932928,32919552,14024704,14650368,
116,2026-10-08T22:49:43.182369+00:00,116.00019111000074,1052,1791490686.67,descendente,0.9997284740002215,0.0,0.0,11264000,19447808,5021696,5376000,
116,2026-10-08T22:49:43.182369+00:00,116.00019111000074,1053,1791490686.68,descendente,0.9997346569998626,0.0,0.0,45867008,509480960,32067584,33313792,
116,2026-10-08T22:49:43.182369+00:00,116.00019111000074,1054,1791490686.68,descendente,1.000251355000728,0.0,0.0,45838336,509476864,32210944,33451008,
117,2026-10-08T22:49:44.184526+00:00,117.00236319000032,1051,1791490686.26,principal,1.0021554670001933,0.0,0.0,23932928,32919552,14024704,14658560,
117,2026-10-08T22:49:44.184526+00:00,117.00236319000032,1052,1791490686.67,descendente,1.002195267999923,0.0,0.0,11264000,19447808,5021696,5377024,
117,2026-10-08T22:49:44.184526+00:00,117.00236319000032,1053,1791490686.68,descendente,1.0021873460009374,0.0,0.0,45867008,509480960,32067584,33321984,
117,2026-10-08T22:49:44.184526+00:00,117.00236319000032,1054,1791490686.68,descendente,1.0011660239997582,0.0,0.0,45838336,509476864,32210944,33460224,
118,2026-10-08T22:49:45.191841+00:00,118.00968948300033,1051,1791490686.26,principal,1.0073152349996235,0.0,0.0,23932928,32919552,14024704,14658560,
118,2026-10-08T22:49:45.191841+00:00,118.00968948300033,1052,1791490686.67,descendente,1.0073070859998552,0.0,0.0,11264000,19447808,5021696,5377024,
118,2026-10-08T22:49:45.191841+00:00,118.00968948300033,1053,1791490686.68,descendente,1.0073053859996435,0.0,0.0,45867008,509480960,32067584,33321984,
118,2026-10-08T22:49:45.191841+00:00,118.00968948300033,1054,1791490686.68,descendente,1.0073408129992458,1.9854253636808612,0.9927126818404306,45838336,509476864,32210944,33460224,
119,2026-10-08T22:49:46.187611+00:00,119.00537927100049,1051,1791490686.26,principal,0.9958005950011284,0.0,0.0,23932928,32919552,14024704,14658560,
119,2026-10-08T22:49:46.187611+00:00,119.00537927100049,1052,1791490686.67,descendente,0.9957569029993465,0.0,0.0,11264000,19447808,5021696,5377024,
119,2026-10-08T22:49:46.187611+00:00,119.00537927100049,1053,1791490686.68,descendente,0.9957474109996838,0.0,0.0,45867008,509480960,32067584,33321984,
119,2026-10-08T22:49:46.187611+00:00,119.00537927100049,1054,1791490686.68,descendente,0.9957338160002109,0.0,0.0,45838336,509476864,32210944,33460224,
120,2026-10-08T22:49:47.183174+00:00,120.0006127250017,1051,1791490686.26,principal,0.9955348940002295,0.0,0.0,23932928,32919552,14024704,14649344,
120,2026-10-08T22:49:47.183174+00:00,120.0006127250017,1052,1791490686.67,descendente,0.9955371899995953,0.0,0.0,11264000,19447808,5021696,5373952,
120,2026-10-08T22:49:47.183174+00:00,120.0006127250017,1053,1791490686.68,descendente,0.9958733229996142,0.0,0.0,45867008,509480960,32067584,33310720,
120,2026-10-08T22:49:47.183174+00:00,120.0006127250017,1054,1791490686.68,descendente,0.9959414170007221,0.0,0.0,45838336,509476864,32210944,33449984,
121,2026-10-08T22:49:48.190649+00:00,121.00843697900018,1051,1791490686.26,principal,1.0074744430003193,0.9925810098188881,0.49629050490944404,23932928,32919552,14024704,14658560,
121,2026-10-08T22:49:48.190649+00:00,121.00843697900018,1052,1791490686.67,descendente,1.0074953260009352,0.0,0.0,11264000,19447808,5021696,5377024,
121,2026-10-08T22:49:48.190649+00:00,121.00843697900018,1053,1791490686.68,descendente,1.007174483000199,0.0,0.0,45867008,509480960,32067584,33321984,
121,2026-10-08T22:49:48.190649+00:00,121.00843697900018,1054,1791490686.68,descendente,1.0070885320001253,0.0,0.0,45838336,509476864,32210944,33460224,
122,2026-10-08T22:49:49.187440+00:00,122.00527701100145,1051,1791490686.26,principal,0.9967893719986023,0.0,0.0,23932928,32919552,14024704,14658560,
122,2026-10-08T22:49:49.187440+00:00,122.00527701100145,1052,1791490686.67,descendente,0.9967773770003987,0.0,0.0,11264000,19447808,5021696,5377024,
122,2026-10-08T22:49:49.187440+00:00,122.00527701100145,1053,1791490686.68,descendente,0.9967710269993404,1.0032394330422916,0.5016197165211458,45867008,509480960,32067584,33321984,
122,2026-10-08T22:49:49.187440+00:00,122.00527701100145,1054,1791490686.68,descendente,0.9967583580000792,0.0,0.0,45838336,509476864,32210944,33460224,
123,2026-10-08T22:49:50.184722+00:00,123.00248534000093,1051,1791490686.26,principal,0.9972817130001204,0.0,0.0,23932928,32919552,14024704,14658560,
123,2026-10-08T22:49:50.184722+00:00,123.00248534000093,1052,1791490686.67,descendente,0.9973140199999762,0.0,0.0,11264000,19447808,5021696,5377024,
123,2026-10-08T22:49:50.184722+00:00,123.00248534000093,1053,1791490686.68,descendente,0.9973114420008642,0.0,0.0,45867008,509480960,32067584,33321984,
123,2026-10-08T22:49:50.184722+00:00,123.00248534000093,1054,1791490686.68,descendente,0.9973101550003776,0.0,0.0,45838336,509476864,32210944,33460224,
124,2026-10-08T22:49:51.183308+00:00,124.00111378800102,1051,1791490686.26,principal,0.9985893450011645,0.0,0.0,23932928,32919552,14024704,14658560,
124,2026-10-08T22:49:51.183308+00:00,124.00111378800102,1052,1791490686.67,descendente,0.9988381900002423,0.0,0.0,11264000,19447808,5021696,5377024,
124,2026-10-08T22:49:51.183308+00:00,124.00111378800102,1053,1791490686.68,descendente,0.9988592200006678,0.0,0.0,45867008,509480960,32067584,33321984,
124,2026-10-08T22:49:51.183308+00:00,124.00111378800102,1054,1791490686.68,descendente,0.9988803239994013,0.0,0.0,45838336,509476864,32210944,33460224,
125,2026-10-08T22:49:52.183011+00:00,125.00062029500077,1051,1791490686.26,principal,0.9997005609984626,0.0,0.0,23932928,32919552,14024704,14648320,
125,2026-10-08T22:49:52.183011+00:00,125.00062029500077,1052,1791490686.67,descendente,0.99942085299881,0.0,0.0,11264000,19447808,5021696,5374976,
125,2026-10-08T22:49:52.183011+00:00,125.00062029500077,1053,1791490686.68,descendente,0.9994039550001617,0.0,0.0,45867008,509480960,32067584,33307648,
125,2026-10-08T22:49:52.183011+00:00,125.00062029500077,1054,1791490686.68,descendente,0.9997117290004098,0.0,0.0,45838336,509476864,32210944,33446912,
126,2026-10-08T22:49:53.183732+00:00,126.00126892200024,1051,1791490686.26,principal,1.0007300780016521,0.0,0.0,23932928,32919552,14024704,14658560,
126,2026-10-08T22:49:53.183732+00:00,126.00126892200024,1052,1791490686.67,descendente,1.000778124000135,0.0,0.0,11264000,19447808,5021696,5377024,
126,2026-10-08T22:49:53.183732+00:00,126.00126892200024,1053,1791490686.68,descendente,1.0008152349982993,0.0,0.0,45867008,509480960,32067584,33321984,
126,2026-10-08T22:49:53.183732+00:00,126.00126892200024,1054,1791490686.68,descendente,1.0006574999988516,0.0,0.0,45838336,509476864,32210944,33460224,
127,2026-10-08T22:49:54.189176+00:00,127.00697383100123,1051,1791490686.26,principal,1.0054342669991456,0.0,0.0,23932928,32919552,14024704,14658560,
127,2026-10-08T22:49:54.189176+00:00,127.00697383100123,1052,1791490686.67,descendente,1.0053806579999218,0.0,0.0,11264000,19447808,5021696,5377024,
127,2026-10-08T22:49:54.189176+00:00,127.00697383100123,1053,1791490686.68,descendente,1.0053418910010805,0.0,0.0,45867008,509480960,32067584,33321984,
127,2026-10-08T22:49:54.189176+00:00,127.00697383100123,1054,1791490686.68,descendente,1.0051774700004898,0.0,0.0,45838336,509476864,32210944,33460224,
128,2026-10-08T22:49:55.182794+00:00,128.00055962200167,1051,1791490686.26,principal,0.9936235370005306,0.0,0.0,23932928,32919552,14024704,14658560,
128,2026-10-08T22:49:55.182794+00:00,128.00055962200167,1052,1791490686.67,descendente,0.9937194340000133,0.0,0.0,11264000,19447808,5021696,5377024,
128,2026-10-08T22:49:55.182794+00:00,128.00055962200167,1053,1791490686.68,descendente,0.9937315209990629,0.0,0.0,45867008,509480960,32067584,33321984,
128,2026-10-08T22:49:55.182794+00:00,128.00055962200167,1054,1791490686.68,descendente,0.993741880000016,0.0,0.0,45838336,509476864,32210944,33460224,
129,2026-10-08T22:49:56.182997+00:00,129.00058489399999,1051,1791490686.26,principal,1.0002009729996644,0.0,0.0,23932928,32919552,14024704,14648320,
129,2026-10-08T22:49:56.182997+00:00,129.00058489399999,1052,1791490686.67,descendente,1.0002459669995005,0.0,0.0,11264000,19447808,5021696,5373952,
129,2026-10-08T22:49:56.182997+00:00,129.00058489399999,1053,1791490686.68,descendente,1.0002501220005797,0.0,0.0,45867008,509480960,32067584,33311744,
129,2026-10-08T22:49:56.182997+00:00,129.00058489399999,1054,1791490686.68,descendente,1.0004855189999944,0.0,0.0,45838336,509476864,32210944,33449984,
130,2026-10-08T22:49:57.255160+00:00,130.0729278530016,1051,1791490686.26,principal,1.0722398750003777,0.0,0.0,23932928,32919552,14024704,14658560,
130,2026-10-08T22:49:57.255160+00:00,130.0729278530016,1052,1791490686.67,descendente,1.0720938430004026,0.0,0.0,11264000,19447808,5021696,5377024,
130,2026-10-08T22:49:57.255160+00:00,130.0729278530016,1053,1791490686.68,descendente,1.0720689789995959,0.0,0.0,45867008,509480960,32067584,33321984,
130,2026-10-08T22:49:57.255160+00:00,130.0729278530016,1054,1791490686.68,descendente,1.072031044999676,0.0,0.0,45838336,509476864,32210944,33460224,
131,2026-10-08T22:49:58.183993+00:00,131.00178504400174,1051,1791490686.26,principal,0.9287527269989369,0.0,0.0,23932928,32919552,14024704,14658560,
131,2026-10-08T22:49:58.183993+00:00,131.00178504400174,1052,1791490686.67,descendente,0.9287580250002065,0.0,0.0,11264000,19447808,5021696,5377024,
131,2026-10-08T22:49:58.183993+00:00,131.00178504400174,1053,1791490686.68,descendente,0.9287657140012016,0.0,0.0,45867008,509480960,32067584,33321984,
131,2026-10-08T22:49:58.183993+00:00,131.00178504400174,1054,1791490686.68,descendente,0.9289006740000332,1.0765413654985418,0.5382706827492709,45838336,509476864,32210944,33460224,
132,2026-10-08T22:49:59.182399+00:00,132.0002234650001,1051,1791490686.26,principal,0.9984058050013118,0.0,0.0,23932928,32919552,14024704,14658560,
132,2026-10-08T22:49:59.182399+00:00,132.0002234650001,1052,1791490686.67,descendente,0.998407708000741,0.0,0.0,11264000,19447808,5021696,5377024,
132,2026-10-08T22:49:59.182399+00:00,132.0002234650001,1053,1791490686.68,descendente,0.9984374109990313,1.0015650345064757,0.5007825172532379,45867008,509480960,32067584,33321984,
132,2026-10-08T22:49:59.182399+00:00,132.0002234650001,1054,1791490686.68,descendente,0.9980942870006402,0.0,0.0,45838336,509476864,32210944,33460224,
133,2026-10-08T22:50:00.182601+00:00,133.0003902260014,1051,1791490686.26,principal,1.0002034829994955,0.0,0.0,23932928,32919552,14024704,14658560,
133,2026-10-08T22:50:00.182601+00:00,133.0003902260014,1052,1791490686.67,descendente,1.0002072520001093,0.0,0.0,11264000,19447808,5021696,5377024,
133,2026-10-08T22:50:00.182601+00:00,133.0003902260014,1053,1791490686.68,descendente,1.0001806590007618,0.0,0.0,45867008,509480960,32067584,33321984,
133,2026-10-08T22:50:00.182601+00:00,133.0003902260014,1054,1791490686.68,descendente,1.0004100450005353,0.0,0.0,45838336,509476864,32210944,33460224,
134,2026-10-08T22:50:01.182720+00:00,134.00040946100125,1051,1791490686.26,principal,1.000119910999274,0.0,0.0,23932928,32919552,14024704,14648320,
134,2026-10-08T22:50:01.182720+00:00,134.00040946100125,1052,1791490686.67,descendente,1.0001178160000563,0.0,0.0,11264000,19447808,5021696,5374976,
134,2026-10-08T22:50:01.182720+00:00,134.00040946100125,1053,1791490686.68,descendente,1.0001161709988082,0.0,0.0,45867008,509480960,32067584,33307648,
134,2026-10-08T22:50:01.182720+00:00,134.00040946100125,1054,1791490686.68,descendente,1.0000989749987639,0.0,0.0,45838336,509476864,32210944,33446912,
135,2026-10-08T22:50:02.191900+00:00,135.0096452710004,1051,1791490686.26,principal,1.0091787760011357,0.0,0.0,23932928,32919552,14024704,14658560,
135,2026-10-08T22:50:02.191900+00:00,135.0096452710004,1052,1791490686.67,descendente,1.0091750519986817,0.0,0.0,11264000,19447808,5021696,5377024,
135,2026-10-08T22:50:02.191900+00:00,135.0096452710004,1053,1791490686.68,descendente,1.0091728740007966,0.0,0.0,45867008,509480960,32067584,33321984,
135,2026-10-08T22:50:02.191900+00:00,135.0096452710004,1054,1791490686.68,descendente,1.0090022350013896,0.0,0.0,45838336,509476864,32210944,33460224,
136,2026-10-08T22:50:03.182664+00:00,136.00050604400167,1051,1791490686.26,principal,0.9907638459990267,0.0,0.0,23932928,32919552,14024704,14658560,
136,2026-10-08T22:50:03.182664+00:00,136.00050604400167,1052,1791490686.67,descendente,0.9907630840007187,0.0,0.0,11264000,19447808,5021696,5377024,
136,2026-10-08T22:50:03.182664+00:00,136.00050604400167,1053,1791490686.68,descendente,0.9907630679990689,0.0,0.0,45867008,509480960,32067584,33321984,
136,2026-10-08T22:50:03.182664+00:00,136.00050604400167,1054,1791490686.68,descendente,0.9907164749984076,0.0,0.0,45838336,509476864,32210944,33460224,
137,2026-10-08T22:50:04.184467+00:00,137.00224922600137,1051,1791490686.26,principal,1.0018062119997921,0.0,0.0,23932928,32919552,14024704,14658560,
137,2026-10-08T22:50:04.184467+00:00,137.00224922600137,1052,1791490686.67,descendente,1.0018650380006875,0.0,0.0,11264000,19447808,5021696,5377024,
137,2026-10-08T22:50:04.184467+00:00,137.00224922600137,1053,1791490686.68,descendente,1.0018746750010905,0.0,0.0,45867008,509480960,32067584,33321984,
137,2026-10-08T22:50:04.184467+00:00,137.00224922600137,1054,1791490686.68,descendente,1.0018892600000981,0.0,0.0,45838336,509476864,32210944,33460224,
138,2026-10-08T22:50:05.183103+00:00,138.00058707000062,1051,1791490686.26,principal,0.998635973999626,0.0,0.0,23932928,32919552,14024704,14649344,
138,2026-10-08T22:50:05.183103+00:00,138.00058707000062,1052,1791490686.67,descendente,0.9987163899986626,0.0,0.0,11264000,19447808,5021696,5374976,
138,2026-10-08T22:50:05.183103+00:00,138.00058707000062,1053,1791490686.68,descendente,0.9987295289993199,0.0,0.0,45867008,509480960,32067584,33311744,
138,2026-10-08T22:50:05.183103+00:00,138.00058707000062,1054,1791490686.68,descendente,0.9987306610000815,0.0,0.0,45838336,509476864,32210944,33449984,
139,2026-10-08T22:50:06.287259+00:00,139.105103934,1051,1791490686.26,principal,1.1041494410001178,0.0,0.0,23932928,32919552,14024704,14658560,
139,2026-10-08T22:50:06.287259+00:00,139.105103934,1052,1791490686.67,descendente,1.1040011460008827,0.0,0.0,11264000,19447808,5021696,5377024,
139,2026-10-08T22:50:06.287259+00:00,139.105103934,1053,1791490686.68,descendente,1.1039718709998851,0.0,0.0,45867008,509480960,32067584,33321984,
139,2026-10-08T22:50:06.287259+00:00,139.105103934,1054,1791490686.68,descendente,1.1040570310015028,0.0,0.0,45838336,509476864,32210944,33460224,
140,2026-10-08T22:50:07.201229+00:00,140.0188932810015,1051,1791490686.26,principal,0.9140639760007616,0.0,0.0,23932928,32919552,14024704,14658560,
140,2026-10-08T22:50:07.201229+00:00,140.0188932810015,1052,1791490686.67,descendente,0.914312852999501,0.0,0.0,11264000,19447808,5021696,5377024,
140,2026-10-08T22:50:07.201229+00:00,140.0188932810015,1053,1791490686.68,descendente,0.9143341730014072,1.0936920324413737,0.5468460162206868,45867008,509480960,32067584,33321984,
140,2026-10-08T22:50:07.201229+00:00,140.0188932810015,1054,1791490686.68,descendente,0.9142472289986472,0.0,0.0,45838336,509476864,32210944,33460224,
141,2026-10-08T22:50:08.184075+00:00,141.00188945500122,1051,1791490686.26,principal,0.9827545989992359,0.0,0.0,23932928,32919552,14024704,14658560,
141,2026-10-08T22:50:08.184075+00:00,141.00188945500122,1052,1791490686.67,descendente,0.9825385040003312,0.0,0.0,11264000,19447808,5021696,5377024,
141,2026-10-08T22:50:08.184075+00:00,141.00188945500122,1053,1791490686.68,descendente,0.9825167129984038,0.0,0.0,45867008,509480960,32067584,33321984,
141,2026-10-08T22:50:08.184075+00:00,141.00188945500122,1054,1791490686.68,descendente,0.9825719889995526,0.0,0.0,45838336,509476864,32210944,33460224,
142,2026-10-08T22:50:09.183475+00:00,142.00103504900108,1051,1791490686.26,principal,0.999402828001621,1.0005975288258406,0.5002987644129203,23932928,32919552,14024704,14647296,
142,2026-10-08T22:50:09.183475+00:00,142.00103504900108,1052,1791490686.67,descendente,0.9993677649999881,0.0,0.0,11264000,19447808,5021696,5374976,
142,2026-10-08T22:50:09.183475+00:00,142.00103504900108,1053,1791490686.68,descendente,0.9993747400003485,0.0,0.0,45867008,509480960,32067584,33307648,
142,2026-10-08T22:50:09.183475+00:00,142.00103504900108,1054,1791490686.68,descendente,0.9993175610015896,0.0,0.0,45838336,509476864,32210944,33444864,
143,2026-10-08T22:50:10.239761+00:00,143.0572848060001,1051,1791490686.26,principal,1.056282856998223,0.0,0.0,23932928,32919552,14024704,14647296,
143,2026-10-08T22:50:10.239761+00:00,143.0572848060001,1052,1791490686.67,descendente,1.0562873239996406,0.0,0.0,11264000,19447808,5021696,5374976,
143,2026-10-08T22:50:10.239761+00:00,143.0572848060001,1053,1791490686.68,descendente,1.056284375999894,0.0,0.0,45867008,509480960,32067584,33307648,
143,2026-10-08T22:50:10.239761+00:00,143.0572848060001,1054,1791490686.68,descendente,1.0564911239998764,0.9465294854667591,0.47326474273337954,45838336,509476864,32210944,33446912,
144,2026-10-08T22:50:11.183262+00:00,144.00108692200047,1051,1791490686.26,principal,0.9435019760003343,0.0,0.0,23932928,32919552,14024704,14658560,
144,2026-10-08T22:50:11.183262+00:00,144.00108692200047,1052,1791490686.67,descendente,0.9435059229999752,0.0,0.0,11264000,19447808,5021696,5377024,
144,2026-10-08T22:50:11.183262+00:00,144.00108692200047,1053,1791490686.68,descendente,0.9438502330012852,0.0,0.0,45867008,509480960,32067584,33321984,
144,2026-10-08T22:50:11.183262+00:00,144.00108692200047,1054,1791490686.68,descendente,0.9437287009986903,1.059626563165412,0.529813281582706,45838336,509476864,32210944,33460224,
145,2026-10-08T22:50:12.298469+00:00,145.11631929400028,1051,1791490686.26,principal,1.1152047920004406,0.0,0.0,23932928,32919552,14024704,14658560,
145,2026-10-08T22:50:12.298469+00:00,145.11631929400028,1052,1791490686.67,descendente,1.1151993140010745,0.0,0.0,11264000,19447808,5021696,5377024,
145,2026-10-08T22:50:12.298469+00:00,145.11631929400028,1053,1791490686.68,descendente,1.11485216499932,0.0,0.0,45867008,509480960,32067584,33321984,
145,2026-10-08T22:50:12.298469+00:00,145.11631929400028,1054,1791490686.68,descendente,1.114747105000788,0.0,0.0,45838336,509476864,32210944,33460224,
146,2026-10-08T22:50:13.182825+00:00,146.00048069900004,1051,1791490686.26,principal,0.8843594829995709,0.0,0.0,23932928,32919552,14024704,14658560,
146,2026-10-08T22:50:13.182825+00:00,146.00048069900004,1052,1791490686.67,descendente,0.8844782469986967,0.0,0.0,11264000,19447808,5021696,5377024,
146,2026-10-08T22:50:13.182825+00:00,146.00048069900004,1053,1791490686.68,descendente,0.8845583990005252,0.0,0.0,45867008,509480960,32067584,33321984,
146,2026-10-08T22:50:13.182825+00:00,146.00048069900004,1054,1791490686.68,descendente,0.8845834460007609,0.0,0.0,45838336,509476864,32210944,33460224,
147,2026-10-08T22:50:14.182655+00:00,147.00021276500047,1051,1791490686.26,principal,0.9998302780004451,0.0,0.0,23932928,32919552,14024704,14650368,
147,2026-10-08T22:50:14.182655+00:00,147.00021276500047,1052,1791490686.67,descendente,0.9997166129996913,0.0,0.0,11264000,19447808,5021696,5373952,
147,2026-10-08T22:50:14.182655+00:00,147.00021276500047,1053,1791490686.68,descendente,0.9996509339998738,1.0003491878888362,0.5001745939444181,45867008,509480960,32067584,33311744,
147,2026-10-08T22:50:14.182655+00:00,147.00021276500047,1054,1791490686.68,descendente,0.9999534329999733,0.0,0.0,45838336,509476864,32210944,33449984,
148,2026-10-08T22:50:15.183278+00:00,148.00110732800022,1051,1791490686.26,principal,1.0006203539996932,0.0,0.0,23932928,32919552,14024704,14658560,
148,2026-10-08T22:50:15.183278+00:00,148.00110732800022,1052,1791490686.67,descendente,1.0008534560001863,0.0,0.0,11264000,19447808,5021696,5377024,
148,2026-10-08T22:50:15.183278+00:00,148.00110732800022,1053,1791490686.68,descendente,1.0008524849999958,0.0,0.0,45867008,509480960,32067584,33321984,
148,2026-10-08T22:50:15.183278+00:00,148.00110732800022,1054,1791490686.68,descendente,1.0005346509988158,0.0,0.0,45838336,509476864,32210944,33460224,
149,2026-10-08T22:50:16.185832+00:00,149.0035879700008,1051,1791490686.26,principal,1.0025547700006427,0.0,0.0,23932928,32919552,14024704,14658560,
149,2026-10-08T22:50:16.185832+00:00,149.0035879700008,1052,1791490686.67,descendente,1.0023241779999807,0.0,0.0,11264000,19447808,5021696,5377024,
149,2026-10-08T22:50:16.185832+00:00,149.0035879700008,1053,1791490686.68,descendente,1.0023149619992182,0.0,0.0,45867008,509480960,32067584,33321984,
149,2026-10-08T22:50:16.185832+00:00,149.0035879700008,1054,1791490686.68,descendente,1.0023156450006354,0.0,0.0,45838336,509476864,32210944,33460224,
150,2026-10-08T22:50:17.182523+00:00,150.00023983500068,1051,1791490686.26,principal,0.9967002760004107,0.0,0.0,23932928,32919552,14024704,14658560,
150,2026-10-08T22:50:17.182523+00:00,150.00023983500068,1052,1791490686.67,descendente,0.9967037790011091,0.0,0.0,11264000,19447808,5021696,5377024,
150,2026-10-08T22:50:17.182523+00:00,150.00023983500068,1053,1791490686.68,descendente,0.9967069180002,0.0,0.0,45867008,509480960,32067584,33321984,
150,2026-10-08T22:50:17.182523+00:00,150.00023983500068,1054,1791490686.68,descendente,0.9969209829996544,0.0,0.0,45838336,509476864,32210944,33460224,
151,2026-10-08T22:50:18.182951+00:00,151.00076971700037,1051,1791490686.26,principal,1.0004145099992456,0.0,0.0,23932928,32919552,14024704,14618624,
151,2026-10-08T22:50:18.182951+00:00,151.00076971700037,1052,1791490686.67,descendente,1.000425689999247,0.0,0.0,11264000,19447808,5021696,5357568,
151,2026-10-08T22:50:18.182951+00:00,151.00076971700037,1053,1791490686.68,descendente,1.0004199020004307,0.0,0.0,45867008,509480960,32067584,33280000,
151,2026-10-08T22:50:18.182951+00:00,151.00076971700037,1054,1791490686.68,descendente,1.0002029850002145,0.9997970561948453,0.49989852809742263,45838336,509476864,32210944,33421312,
152,2026-10-08T22:50:19.183391+00:00,152.00127513400002,1051,1791490686.26,principal,1.0004774890003318,0.0,0.0,23932928,32919552,14024704,14658560,
152,2026-10-08T22:50:19.183391+00:00,152.00127513400002,1052,1791490686.67,descendente,1.0004747759994643,0.0,0.0,11264000,19447808,5021696,5377024,
152,2026-10-08T22:50:19.183391+00:00,152.00127513400002,1053,1791490686.68,descendente,1.000478268999359,0.9995219596330405,0.49976097981652023,45867008,509480960,32067584,33321984,
152,2026-10-08T22:50:19.183391+00:00,152.00127513400002,1054,1791490686.68,descendente,1.0004733450005006,0.0,0.0,45838336,509476864,32210944,33460224,
153,2026-10-08T22:50:20.183400+00:00,153.00123328300106,1051,1791490686.26,principal,0.9999747469992144,0.0,0.0,23932928,32919552,14024704,14658560,
153,2026-10-08T22:50:20.183400+00:00,153.00123328300106,1052,1791490686.67,descendente,0.9999588900009257,0.0,0.0,11264000,19447808,5021696,5377024,
153,2026-10-08T22:50:20.183400+00:00,153.00123328300106,1053,1791490686.68,descendente,0.9999602139996568,0.0,0.0,45867008,509480960,32067584,33321984,
153,2026-10-08T22:50:20.183400+00:00,153.00123328300106,1054,1791490686.68,descendente,0.999960764998832,0.0,0.0,45838336,509476864,32210944,33460224,
154,2026-10-08T22:50:21.183162+00:00,154.0010535190013,1051,1791490686.26,principal,0.9997607149998657,0.0,0.0,23932928,32919552,14024704,14658560,
154,2026-10-08T22:50:21.183162+00:00,154.0010535190013,1052,1791490686.67,descendente,0.9997927330005041,0.0,0.0,11264000,19447808,5021696,5377024,
154,2026-10-08T22:50:21.183162+00:00,154.0010535190013,1053,1791490686.68,descendente,0.9997890620015824,0.0,0.0,45867008,509480960,32067584,33321984,
154,2026-10-08T22:50:21.183162+00:00,154.0010535190013,1054,1791490686.68,descendente,0.9997861820011167,0.0,0.0,45838336,509476864,32210944,33460224,
155,2026-10-08T22:50:22.182728+00:00,155.00052556900118,1051,1791490686.26,principal,0.9995686800011754,1.0004315061160207,0.5002157530580104,23932928,32919552,14024704,14658560,
155,2026-10-08T22:50:22.182728+00:00,155.00052556900118,1052,1791490686.67,descendente,0.9995407850001357,0.0,0.0,11264000,19447808,5021696,5377024,
155,2026-10-08T22:50:22.182728+00:00,155.00052556900118,1053,1791490686.68,descendente,0.9995509889995446,0.0,0.0,45867008,509480960,32067584,33321984,
155,2026-10-08T22:50:22.182728+00:00,155.00052556900118,1054,1791490686.68,descendente,0.9995666729992081,0.0,0.0,45838336,509476864,32210944,33460224,
156,2026-10-08T22:50:23.182395+00:00,156.00019833200167,1051,1791490686.26,principal,0.9996673909990932,0.0,0.0,23932928,32919552,14024704,14648320,
156,2026-10-08T22:50:23.182395+00:00,156.00019833200167,1052,1791490686.67,descendente,0.9996694759993261,0.0,0.0,11264000,19447808,5021696,5376000,
156,2026-10-08T22:50:23.182395+00:00,156.00019833200167,1053,1791490686.68,descendente,0.9996706829988398,0.0,0.0,45867008,509480960,32067584,33313792,
156,2026-10-08T22:50:23.182395+00:00,156.00019833200167,1054,1791490686.68,descendente,0.9996670380005526,0.0,0.0,45838336,509476864,32210944,33452032,
157,2026-10-08T22:50:24.190993+00:00,157.00879420000092,1051,1791490686.26,principal,1.0085946409999451,0.0,0.0,23932928,32919552,14024704,14658560,
157,2026-10-08T22:50:24.190993+00:00,157.00879420000092,1052,1791490686.67,descendente,1.0086136770005396,0.0,0.0,11264000,19447808,5021696,5377024,
157,2026-10-08T22:50:24.190993+00:00,157.00879420000092,1053,1791490686.68,descendente,1.0086023940002633,0.0,0.0,45867008,509480960,32067584,33321984,
157,2026-10-08T22:50:24.190993+00:00,157.00879420000092,1054,1791490686.68,descendente,1.0086724430002505,0.0,0.0,45838336,509476864,32210944,33460224,
158,2026-10-08T22:50:25.213925+00:00,158.03173129600145,1051,1791490686.26,principal,1.022935081000469,0.0,0.0,23932928,32919552,14024704,14658560,
158,2026-10-08T22:50:25.213925+00:00,158.03173129600145,1052,1791490686.67,descendente,1.0229108039984567,0.0,0.0,11264000,19447808,5021696,5377024,
158,2026-10-08T22:50:25.213925+00:00,158.03173129600145,1053,1791490686.68,descendente,1.0229119390005508,0.0,0.0,45867008,509480960,32067584,33321984,
158,2026-10-08T22:50:25.213925+00:00,158.03173129600145,1054,1791490686.68,descendente,1.0228337659991666,0.0,0.0,45838336,509476864,32210944,33460224,
159,2026-10-08T22:50:26.182469+00:00,159.00022594800066,1051,1791490686.26,principal,0.9685449820008216,0.0,0.0,23932928,32919552,14024704,14621696,
159,2026-10-08T22:50:26.182469+00:00,159.00022594800066,1052,1791490686.67,descendente,0.9685470390013506,0.0,0.0,11264000,19447808,5021696,5357568,
159,2026-10-08T22:50:26.182469+00:00,159.00022594800066,1053,1791490686.68,descendente,0.9685574830000405,0.0,0.0,45867008,509480960,32067584,33281024,
159,2026-10-08T22:50:26.182469+00:00,159.00022594800066,1054,1791490686.68,descendente,0.9685939430000872,1.0324243788913627,0.5162121894456814,45838336,509476864,32210944,33419264,
160,2026-10-08T22:50:27.278974+00:00,160.09628767499999,1051,1791490686.26,principal,1.0965044229997147,0.0,0.0,23932928,32919552,14024704,14647296,
160,2026-10-08T22:50:27.278974+00:00,160.09628767499999,1052,1791490686.67,descendente,1.0965041509989533,0.0,0.0,11264000,19447808,5021696,5374976,
160,2026-10-08T22:50:27.278974+00:00,160.09628767499999,1053,1791490686.68,descendente,1.0964963820006233,0.0,0.0,45867008,509480960,32067584,33307648,
160,2026-10-08T22:50:27.278974+00:00,160.09628767499999,1054,1791490686.68,descendente,1.096509815999525,0.0,0.0,45838336,509476864,32210944,33446912,
161,2026-10-08T22:50:28.182623+00:00,161.0004007030002,1051,1791490686.26,principal,0.9036476789988228,0.0,0.0,23932928,32919552,14024704,14658560,
161,2026-10-08T22:50:28.182623+00:00,161.0004007030002,1052,1791490686.67,descendente,0.9036559300002409,0.0,0.0,11264000,19447808,5021696,5377024,
161,2026-10-08T22:50:28.182623+00:00,161.0004007030002,1053,1791490686.68,descendente,0.9036560609984008,0.0,0.0,45867008,509480960,32067584,33321984,
161,2026-10-08T22:50:28.182623+00:00,161.0004007030002,1054,1791490686.68,descendente,0.9036125470011029,0.0,0.0,45838336,509476864,32210944,33460224,
162,2026-10-08T22:50:29.184409+00:00,162.00214879300074,1051,1791490686.26,principal,1.0017858820010588,0.0,0.0,23932928,32919552,14024704,14658560,
162,2026-10-08T22:50:29.184409+00:00,162.00214879300074,1052,1791490686.67,descendente,1.0017786520002119,0.0,0.0,11264000,19447808,5021696,5377024,
162,2026-10-08T22:50:29.184409+00:00,162.00214879300074,1053,1791490686.68,descendente,1.0020584000012605,0.0,0.0,45867008,509480960,32067584,33321984,
162,2026-10-08T22:50:29.184409+00:00,162.00214879300074,1054,1791490686.68,descendente,1.0020709609998448,0.0,0.0,45838336,509476864,32210944,33460224,
163,2026-10-08T22:50:30.183206+00:00,163.00099433300056,1051,1791490686.26,principal,0.9987985829993704,0.0,0.0,23932928,32919552,14024704,14658560,
163,2026-10-08T22:50:30.183206+00:00,163.00099433300056,1052,1791490686.67,descendente,0.9990884859998914,0.0,0.0,11264000,19447808,5021696,5377024,
163,2026-10-08T22:50:30.183206+00:00,163.00099433300056,1053,1791490686.68,descendente,0.9988296289993741,1.0011717423737214,0.5005858711868607,45867008,509480960,32067584,33321984,
163,2026-10-08T22:50:30.183206+00:00,163.00099433300056,1054,1791490686.68,descendente,0.9988288179993106,0.0,0.0,45838336,509476864,32210944,33460224,
164,2026-10-08T22:50:31.182903+00:00,164.0004356010013,1051,1791490686.26,principal,0.9998586470010196,0.0,0.0,23932928,32919552,14024704,14650368,
164,2026-10-08T22:50:31.182903+00:00,164.0004356010013,1052,1791490686.67,descendente,0.9997786069998256,0.0,0.0,11264000,19447808,5021696,5374976,
164,2026-10-08T22:50:31.182903+00:00,164.0004356010013,1053,1791490686.68,descendente,0.9997787089996564,0.0,0.0,45867008,509480960,32067584,33312768,
164,2026-10-08T22:50:31.182903+00:00,164.0004356010013,1054,1791490686.68,descendente,0.9997809619999316,0.0,0.0,45838336,509476864,32210944,33451008,
165,2026-10-08T22:50:32.184995+00:00,165.00247017400034,1051,1791490686.26,principal,1.0019328819998918,0.0,0.0,23932928,32919552,14024704,14658560,
165,2026-10-08T22:50:32.184995+00:00,165.00247017400034,1052,1791490686.67,descendente,1.0017618620004214,0.0,0.0,11264000,19447808,5021696,5377024,
165,2026-10-08T22:50:32.184995+00:00,165.00247017400034,1053,1791490686.68,descendente,1.001741961001244,0.0,0.0,45867008,509480960,32067584,33321984,
165,2026-10-08T22:50:32.184995+00:00,165.00247017400034,1054,1791490686.68,descendente,1.0017284080004174,0.0,0.0,45838336,509476864,32210944,33460224,
166,2026-10-08T22:50:33.183096+00:00,166.0009538840004,1051,1791490686.26,principal,0.9980977279992658,0.0,0.0,23932928,32919552,14024704,14658560,
166,2026-10-08T22:50:33.183096+00:00,166.0009538840004,1052,1791490686.67,descendente,0.9980671710000024,0.0,0.0,11264000,19447808,5021696,5377024,
166,2026-10-08T22:50:33.183096+00:00,166.0009538840004,1053,1791490686.68,descendente,0.9980686269991565,0.0,0.0,45867008,509480960,32067584,33321984,
166,2026-10-08T22:50:33.183096+00:00,166.0009538840004,1054,1791490686.68,descendente,0.9980694969999604,0.0,0.0,45838336,509476864,32210944,33460224,
167,2026-10-08T22:50:34.182534+00:00,167.00038569500066,1051,1791490686.26,principal,0.9994354469999962,0.0,0.0,23932928,32919552,14024704,14658560,
167,2026-10-08T22:50:34.182534+00:00,167.00038569500066,1052,1791490686.67,descendente,0.9994347819992981,0.0,0.0,11264000,19447808,5021696,5377024,
167,2026-10-08T22:50:34.182534+00:00,167.00038569500066,1053,1791490686.68,descendente,0.9994361709996156,0.0,0.0,45867008,509480960,32067584,33321984,
167,2026-10-08T22:50:34.182534+00:00,167.00038569500066,1054,1791490686.68,descendente,0.9994337919997633,0.0,0.0,45838336,509476864,32210944,33460224,
168,2026-10-08T22:50:35.182639+00:00,168.00019418900047,1051,1791490686.26,principal,1.0001095900006476,0.0,0.0,23932928,32919552,14024704,14649344,
168,2026-10-08T22:50:35.182639+00:00,168.00019418900047,1052,1791490686.67,descendente,1.0000983420013654,0.0,0.0,11264000,19447808,5021696,5373952,
168,2026-10-08T22:50:35.182639+00:00,168.00019418900047,1053,1791490686.68,descendente,1.0001014650006255,0.0,0.0,45867008,509480960,32067584,33310720,
168,2026-10-08T22:50:35.182639+00:00,168.00019418900047,1054,1791490686.68,descendente,1.0003445950005698,0.9996555237040408,0.4998277618520204,45838336,509476864,32210944,33449984,
169,2026-10-08T22:50:36.187761+00:00,169.00548198100114,1051,1791490686.26,principal,1.0051434069991956,0.0,0.0,23932928,32919552,14024704,14658560,
169,2026-10-08T22:50:36.187761+00:00,169.00548198100114,1052,1791490686.67,descendente,1.0051644149989443,0.0,0.0,11264000,19447808,5021696,5377024,
169,2026-10-08T22:50:36.187761+00:00,169.00548198100114,1053,1791490686.68,descendente,1.005157142999451,0.0,0.0,45867008,509480960,32067584,33321984,
169,2026-10-08T22:50:36.187761+00:00,169.00548198100114,1054,1791490686.68,descendente,1.0050293740005145,0.0,0.0,45838336,509476864,32210944,33460224,
170,2026-10-08T22:50:37.183346+00:00,170.0011737120003,1051,1791490686.26,principal,0.995561818999704,0.0,0.0,23932928,32919552,14024704,14658560,
170,2026-10-08T22:50:37.183346+00:00,170.0011737120003,1052,1791490686.67,descendente,0.9955450100005692,0.0,0.0,11264000,19447808,5021696,5377024,
170,2026-10-08T22:50:37.183346+00:00,170.0011737120003,1053,1791490686.68,descendente,0.9955442450009286,1.0044756976108764,0.5022378488054382,45867008,509480960,32067584,33321984,
170,2026-10-08T22:50:37.183346+00:00,170.0011737120003,1054,1791490686.68,descendente,0.9954328529984195,0.0,0.0,45838336,509476864,32210944,33460224,
171,2026-10-08T22:50:38.182973+00:00,171.00084242100093,1051,1791490686.26,principal,0.9996251370012033,0.0,0.0,23932928,32919552,14024704,14658560,
171,2026-10-08T22:50:38.182973+00:00,171.00084242100093,1052,1791490686.67,descendente,0.9996236549995956,0.0,0.0,11264000,19447808,5021696,5377024,
171,2026-10-08T22:50:38.182973+00:00,171.00084242100093,1053,1791490686.68,descendente,0.999622814999384,0.0,0.0,45867008,509480960,32067584,33321984,
171,2026-10-08T22:50:38.182973+00:00,171.00084242100093,1054,1791490686.68,descendente,0.9996138400001655,0.0,0.0,45838336,509476864,32210944,33460224,
172,2026-10-08T22:50:39.183336+00:00,172.00079027700122,1051,1791490686.26,principal,1.000360987998647,0.0,0.0,23932928,32919552,14024704,14624768,
172,2026-10-08T22:50:39.183336+00:00,172.00079027700122,1052,1791490686.67,descendente,1.000733726999897,0.0,0.0,11264000,19447808,5021696,5355520,
172,2026-10-08T22:50:39.183336+00:00,172.00079027700122,1053,1791490686.68,descendente,1.00074557500011,0.0,0.0,45867008,509480960,32067584,33281024,
172,2026-10-08T22:50:39.183336+00:00,172.00079027700122,1054,1791490686.68,descendente,1.0007543460014858,0.0,0.0,45838336,509476864,32210944,33418240,
173,2026-10-08T22:50:40.184350+00:00,173.00218550800128,1051,1791490686.26,principal,1.0010171860012633,0.0,0.0,23932928,32919552,14024704,14658560,
173,2026-10-08T22:50:40.184350+00:00,173.00218550800128,1052,1791490686.67,descendente,1.0006439990011131,0.0,0.0,11264000,19447808,5021696,5377024,
173,2026-10-08T22:50:40.184350+00:00,173.00218550800128,1053,1791490686.68,descendente,1.0006579010005225,0.0,0.0,45867008,509480960,32067584,33321984,
173,2026-10-08T22:50:40.184350+00:00,173.00218550800128,1054,1791490686.68,descendente,1.0007255839991558,0.0,0.0,45838336,509476864,32210944,33460224,
174,2026-10-08T22:50:41.318675+00:00,174.13645121500122,1051,1791490686.26,principal,1.1343263509988901,0.0,0.0,23932928,32919552,14024704,14658560,
174,2026-10-08T22:50:41.318675+00:00,174.13645121500122,1052,1791490686.67,descendente,1.1343343629996525,0.0,0.0,11264000,19447808,5021696,5377024,
174,2026-10-08T22:50:41.318675+00:00,174.13645121500122,1053,1791490686.68,descendente,1.1343418229989766,0.0,0.0,45867008,509480960,32067584,33321984,
174,2026-10-08T22:50:41.318675+00:00,174.13645121500122,1054,1791490686.68,descendente,1.1343357759997161,0.0,0.0,45838336,509476864,32210944,33460224,
175,2026-10-08T22:50:42.234240+00:00,175.0516534490016,1051,1791490686.26,principal,0.9155633360005595,0.0,0.0,23932928,32919552,14024704,14658560,
175,2026-10-08T22:50:42.234240+00:00,175.0516534490016,1052,1791490686.67,descendente,0.9155979690003733,0.0,0.0,11264000,19447808,5021696,5377024,
175,2026-10-08T22:50:42.234240+00:00,175.0516534490016,1053,1791490686.68,descendente,0.9156211150002491,0.0,0.0,45867008,509480960,32067584,33321984,
175,2026-10-08T22:50:42.234240+00:00,175.0516534490016,1054,1791490686.68,descendente,0.9155606650001573,0.0,0.0,45838336,509476864,32210944,33460224,
176,2026-10-08T22:50:43.182899+00:00,176.00048256900118,1051,1791490686.26,principal,0.9486616119993414,0.0,0.0,23932928,32919552,14024704,14642176,
176,2026-10-08T22:50:43.182899+00:00,176.00048256900118,1052,1791490686.67,descendente,0.9487825939995673,0.0,0.0,11264000,19447808,5021696,5374976,
176,2026-10-08T22:50:43.182899+00:00,176.00048256900118,1053,1791490686.68,descendente,0.9487849859997368,0.0,0.0,45867008,509480960,32067584,33308672,
176,2026-10-08T22:50:43.182899+00:00,176.00048256900118,1054,1791490686.68,descendente,0.9487881810000545,1.0539760296618346,0.5269880148309173,45838336,509476864,32210944,33447936,
177,2026-10-08T22:50:44.230983+00:00,177.04815410500123,1051,1791490686.26,principal,1.048083329000292,0.9541226086992747,0.47706130434963734,23932928,32919552,14024704,14642176,
177,2026-10-08T22:50:44.230983+00:00,177.04815410500123,1052,1791490686.67,descendente,1.0479150929986645,0.0,0.0,11264000,19447808,5021696,5374976,
177,2026-10-08T22:50:44.230983+00:00,177.04815410500123,1053,1791490686.68,descendente,1.047858031000942,0.0,0.0,45867008,509480960,32067584,33308672,
177,2026-10-08T22:50:44.230983+00:00,177.04815410500123,1054,1791490686.68,descendente,1.0480655770006706,0.0,0.0,45838336,509476864,32210944,33446912,
178,2026-10-08T22:50:45.330134+00:00,178.14743176900083,1051,1791490686.26,principal,1.0991500029995223,0.0,0.0,23932928,32919552,14024704,14658560,
178,2026-10-08T22:50:45.330134+00:00,178.14743176900083,1052,1791490686.67,descendente,1.0992267710007582,0.0,0.0,11264000,19447808,5021696,5377024,
178,2026-10-08T22:50:45.330134+00:00,178.14743176900083,1053,1791490686.68,descendente,1.099228184999447,0.0,0.0,45867008,509480960,32067584,33321984,
178,2026-10-08T22:50:45.330134+00:00,178.14743176900083,1054,1791490686.68,descendente,1.0990093319996959,0.0,0.0,45838336,509476864,32210944,33460224,
179,2026-10-08T22:50:46.358816+00:00,179.17662868700063,1051,1791490686.26,principal,1.0286809420013014,0.0,0.0,23932928,32919552,14024704,14658560,
179,2026-10-08T22:50:46.358816+00:00,179.17662868700063,1052,1791490686.67,descendente,1.0286400469994987,0.0,0.0,11264000,19447808,5021696,5377024,
179,2026-10-08T22:50:46.358816+00:00,179.17662868700063,1053,1791490686.68,descendente,1.0286392110010638,0.9721581574042071,0.48607907870210354,45867008,509480960,32067584,33321984,
179,2026-10-08T22:50:46.358816+00:00,179.17662868700063,1054,1791490686.68,descendente,1.02893482699983,0.0,0.0,45838336,509476864,32210944,33460224,
180,2026-10-08T22:50:47.190860+00:00,180.00862511000014,1051,1791490686.26,principal,0.8320455109987961,0.0,0.0,23932928,32919552,14024704,14658560,
180,2026-10-08T22:50:47.190860+00:00,180.00862511000014,1052,1791490686.67,descendente,0.8320143330001883,0.0,0.0,11264000,19447808,5021696,5377024,
180,2026-10-08T22:50:47.190860+00:00,180.00862511000014,1053,1791490686.68,descendente,0.8320132589997229,0.0,0.0,45867008,509480960,32067584,33321984,
180,2026-10-08T22:50:47.190860+00:00,180.00862511000014,1054,1791490686.68,descendente,0.8317203770002379,0.0,0.0,45838336,509476864,32210944,33460224,
181,2026-10-08T22:50:48.182828+00:00,181.000330922001,1051,1791490686.26,principal,0.9919690280003124,0.0,0.0,23932928,32919552,14024704,14644224,
181,2026-10-08T22:50:48.182828+00:00,181.000330922001,1052,1791490686.67,descendente,0.9919705299998895,0.0,0.0,11264000,19447808,5021696,5373952,
181,2026-10-08T22:50:48.182828+00:00,181.000330922001,1053,1791490686.68,descendente,0.9919793019998906,0.0,0.0,45867008,509480960,32067584,33312768,
181,2026-10-08T22:50:48.182828+00:00,181.000330922001,1054,1791490686.68,descendente,0.9922960659987439,0.0,0.0,45838336,509476864,32210944,33451008,
182,2026-10-08T22:50:49.185679+00:00,182.0034864420013,1051,1791490686.26,principal,1.0028965510009584,0.0,0.0,23932928,32919552,14024704,14658560,
182,2026-10-08T22:50:49.185679+00:00,182.0034864420013,1052,1791490686.67,descendente,1.0029028310000285,0.0,0.0,11264000,19447808,5021696,5377024,
182,2026-10-08T22:50:49.185679+00:00,182.0034864420013,1053,1791490686.68,descendente,1.0028971430001548,0.0,0.0,45867008,509480960,32067584,33321984,
182,2026-10-08T22:50:49.185679+00:00,182.0034864420013,1054,1791490686.68,descendente,1.0032382270001108,0.0,0.0,45838336,509476864,32210944,33460224,
183,2026-10-08T22:50:50.185002+00:00,183.0026877880009,1051,1791490686.26,principal,0.9992744390001462,0.0,0.0,23932928,32919552,14024704,14658560,
183,2026-10-08T22:50:50.185002+00:00,183.0026877880009,1052,1791490686.67,descendente,0.9993383100008941,0.0,0.0,11264000,19447808,5021696,5377024,
183,2026-10-08T22:50:50.185002+00:00,183.0026877880009,1053,1791490686.68,descendente,0.9993489869993937,0.0,0.0,45867008,509480960,32067584,33321984,
183,2026-10-08T22:50:50.185002+00:00,183.0026877880009,1054,1791490686.68,descendente,0.9986944000011135,0.0,0.0,45838336,509476864,32210944,33460224,
184,2026-10-08T22:50:51.190988+00:00,184.00882417400135,1051,1791490686.26,principal,1.0059853059992747,0.0,0.0,23932928,32919552,14024704,14658560,
184,2026-10-08T22:50:51.190988+00:00,184.00882417400135,1052,1791490686.67,descendente,1.0059146200001123,0.0,0.0,11264000,19447808,5021696,5377024,
184,2026-10-08T22:50:51.190988+00:00,184.00882417400135,1053,1791490686.68,descendente,1.0059025560003647,0.0,0.0,45867008,509480960,32067584,33321984,
184,2026-10-08T22:50:51.190988+00:00,184.00882417400135,1054,1791490686.68,descendente,1.0059458630003064,0.0,0.0,45838336,509476864,32210944,33460224,
185,2026-10-08T22:50:52.182935+00:00,185.00068050200025,1051,1791490686.26,principal,0.9919486449998658,0.0,0.0,23932928,32919552,14024704,14629888,
185,2026-10-08T22:50:52.182935+00:00,185.00068050200025,1052,1791490686.67,descendente,0.991953005999676,0.0,0.0,11264000,19447808,5021696,5357568,
185,2026-10-08T22:50:52.182935+00:00,185.00068050200025,1053,1791490686.68,descendente,0.9919580559999304,1.0081071411752023,0.5040535705876011,45867008,509480960,32067584,33290240,
185,2026-10-08T22:50:52.182935+00:00,185.00068050200025,1054,1791490686.68,descendente,0.9919234259996301,1.0081423361801554,0.5040711680900777,45838336,509476864,32210944,33427456,
186,2026-10-08T22:50:53.339090+00:00,186.15662353800144,1051,1791490686.26,principal,1.1561583210004756,0.0,0.0,23932928,32919552,14024704,14651392,
186,2026-10-08T22:50:53.339090+00:00,186.15662353800144,1052,1791490686.67,descendente,1.1561613840003702,0.0,0.0,11264000,19447808,5021696,5376000,
186,2026-10-08T22:50:53.339090+00:00,186.15662353800144,1053,1791490686.68,descendente,1.156160626998826,0.0,0.0,45867008,509480960,32067584,33313792,
186,2026-10-08T22:50:53.339090+00:00,186.15662353800144,1054,1791490686.68,descendente,1.1561579200006236,0.0,0.0,45838336,509476864,32210944,33451008,
187,2026-10-08T22:50:54.292809+00:00,187.11045411800114,1051,1791490686.26,principal,0.953712323000218,0.0,0.0,23932928,32919552,14024704,14658560,
187,2026-10-08T22:50:54.292809+00:00,187.11045411800114,1052,1791490686.67,descendente,0.95372376999876,0.0,0.0,11264000,19447808,5021696,5377024,
187,2026-10-08T22:50:54.292809+00:00,187.11045411800114,1053,1791490686.68,descendente,0.9537139940002817,0.0,0.0,45867008,509480960,32067584,33321984,
187,2026-10-08T22:50:54.292809+00:00,187.11045411800114,1054,1791490686.68,descendente,0.9536957809996238,0.0,0.0,45838336,509476864,32210944,33460224,
188,2026-10-08T22:50:55.184071+00:00,188.00183538500096,1051,1791490686.26,principal,0.8912656289994629,0.0,0.0,23932928,32919552,14024704,14658560,
188,2026-10-08T22:50:55.184071+00:00,188.00183538500096,1052,1791490686.67,descendente,0.8912744320005004,0.0,0.0,11264000,19447808,5021696,5377024,
188,2026-10-08T22:50:55.184071+00:00,188.00183538500096,1053,1791490686.68,descendente,0.8912781230010296,0.0,0.0,45867008,509480960,32067584,33321984,
188,2026-10-08T22:50:55.184071+00:00,188.00183538500096,1054,1791490686.68,descendente,0.8914307369996095,0.0,0.0,45838336,509476864,32210944,33460224,
189,2026-10-08T22:50:56.183173+00:00,189.00095828600024,1051,1791490686.26,principal,0.999104188000274,0.0,0.0,23932928,32919552,14024704,14658560,
189,2026-10-08T22:50:56.183173+00:00,189.00095828600024,1052,1791490686.67,descendente,0.9990811509997002,0.0,0.0,11264000,19447808,5021696,5377024,
189,2026-10-08T22:50:56.183173+00:00,189.00095828600024,1053,1791490686.68,descendente,0.9990850379999756,0.0,0.0,45867008,509480960,32067584,33321984,
189,2026-10-08T22:50:56.183173+00:00,189.00095828600024,1054,1791490686.68,descendente,0.9989486499998748,0.0,0.0,45838336,509476864,32210944,33460224,
190,2026-10-08T22:50:57.183739+00:00,190.00123445100144,1051,1791490686.26,principal,1.0005632789998344,0.0,0.0,23932928,32919552,14024704,14652416,
190,2026-10-08T22:50:57.183739+00:00,190.00123445100144,1052,1791490686.67,descendente,1.0005582700014202,0.0,0.0,11264000,19447808,5021696,5376000,
190,2026-10-08T22:50:57.183739+00:00,190.00123445100144,1053,1791490686.68,descendente,1.0005587359992205,0.0,0.0,45867008,509480960,32067584,33312768,
190,2026-10-08T22:50:57.183739+00:00,190.00123445100144,1054,1791490686.68,descendente,1.0005489159993886,0.0,0.0,45838336,509476864,32210944,33452032,
191,2026-10-08T22:50:58.285230+00:00,191.10311461100173,1051,1791490686.26,principal,1.1014906340005837,0.0,0.0,23932928,32919552,14024704,14658560,
191,2026-10-08T22:50:58.285230+00:00,191.10311461100173,1052,1791490686.67,descendente,1.1014851839991024,0.0,0.0,11264000,19447808,5021696,5377024,
191,2026-10-08T22:50:58.285230+00:00,191.10311461100173,1053,1791490686.68,descendente,1.1014757539996936,0.0,0.0,45867008,509480960,32067584,33321984,
191,2026-10-08T22:50:58.285230+00:00,191.10311461100173,1054,1791490686.68,descendente,1.1014701090007293,0.0,0.0,45838336,509476864,32210944,33460224,
192,2026-10-08T22:50:59.187449+00:00,192.00509704700016,1051,1791490686.26,principal,0.9022549370001798,0.0,0.0,23932928,32919552,14024704,14658560,
192,2026-10-08T22:50:59.187449+00:00,192.00509704700016,1052,1791490686.67,descendente,0.9022607700007939,0.0,0.0,11264000,19447808,5021696,5377024,
192,2026-10-08T22:50:59.187449+00:00,192.00509704700016,1053,1791490686.68,descendente,0.9022643660009635,0.0,0.0,45867008,509480960,32067584,33321984,
192,2026-10-08T22:50:59.187449+00:00,192.00509704700016,1054,1791490686.68,descendente,0.902313361000779,0.0,0.0,45838336,509476864,32210944,33460224,
193,2026-10-08T22:51:00.228024+00:00,193.0393542870006,1051,1791490686.26,principal,1.040581426999779,0.0,0.0,23932928,32919552,14024704,14658560,
193,2026-10-08T22:51:00.228024+00:00,193.0393542870006,1052,1791490686.67,descendente,1.0405940679993364,0.0,0.0,11264000,19447808,5021696,5377024,
193,2026-10-08T22:51:00.228024+00:00,193.0393542870006,1053,1791490686.68,descendente,1.0406048240001837,0.0,0.0,45867008,509480960,32067584,33321984,
193,2026-10-08T22:51:00.228024+00:00,193.0393542870006,1054,1791490686.68,descendente,1.0406144579992542,0.9609706960281618,0.4804853480140809,45838336,509476864,32210944,33460224,
194,2026-10-08T22:51:01.182500+00:00,194.0003220590006,1051,1791490686.26,principal,0.9544350239993946,0.0,0.0,23932928,32919552,14024704,14645248,
194,2026-10-08T22:51:01.182500+00:00,194.0003220590006,1052,1791490686.67,descendente,0.9544241990006412,0.0,0.0,11264000,19447808,5021696,5376000,
194,2026-10-08T22:51:01.182500+00:00,194.0003220590006,1053,1791490686.68,descendente,0.9544170429999213,0.0,0.0,45867008,509480960,32067584,33313792,
194,2026-10-08T22:51:01.182500+00:00,194.0003220590006,1054,1791490686.68,descendente,0.954391287999897,0.0,0.0,45838336,509476864,32210944,33452032,
195,2026-10-08T22:51:02.314576+00:00,195.13238416100103,1051,1791490686.26,principal,1.1320751189996372,0.0,0.0,23932928,32919552,14024704,14658560,
195,2026-10-08T22:51:02.314576+00:00,195.13238416100103,1052,1791490686.67,descendente,1.1320672879992344,0.0,0.0,11264000,19447808,5021696,5377024,
195,2026-10-08T22:51:02.314576+00:00,195.13238416100103,1053,1791490686.68,descendente,1.1320636629989167,0.0,0.0,45867008,509480960,32067584,33321984,
195,2026-10-08T22:51:02.314576+00:00,195.13238416100103,1054,1791490686.68,descendente,1.1320376709991251,0.0,0.0,45838336,509476864,32210944,33460224,
196,2026-10-08T22:51:03.340158+00:00,196.15801501200076,1051,1791490686.26,principal,1.0255815380005515,0.0,0.0,23932928,32919552,14024704,14658560,
196,2026-10-08T22:51:03.340158+00:00,196.15801501200076,1052,1791490686.67,descendente,1.0256195389993081,0.0,0.0,11264000,19447808,5021696,5377024,
196,2026-10-08T22:51:03.340158+00:00,196.15801501200076,1053,1791490686.68,descendente,1.0256223440010217,0.0,0.0,45867008,509480960,32067584,33321984,
196,2026-10-08T22:51:03.340158+00:00,196.15801501200076,1054,1791490686.68,descendente,1.0256253570005356,0.0,0.0,45838336,509476864,32210944,33460224,
197,2026-10-08T22:51:04.182286+00:00,197.0000832300011,1051,1791490686.26,principal,0.8421274399988761,0.0,0.0,23932928,32919552,14024704,14658560,
197,2026-10-08T22:51:04.182286+00:00,197.0000832300011,1052,1791490686.67,descendente,0.8421287580003991,0.0,0.0,11264000,19447808,5021696,5377024,
197,2026-10-08T22:51:04.182286+00:00,197.0000832300011,1053,1791490686.68,descendente,0.8421272989999125,1.1874689268325274,0.5937344634162637,45867008,509480960,32067584,33321984,
197,2026-10-08T22:51:04.182286+00:00,197.0000832300011,1054,1791490686.68,descendente,0.8421549680006137,0.0,0.0,45838336,509476864,32210944,33460224,
198,2026-10-08T22:51:05.185387+00:00,198.0007654000001,1051,1791490686.26,principal,1.0031158660003712,0.0,0.0,23932928,32919552,14024704,14644224,
198,2026-10-08T22:51:05.185387+00:00,198.0007654000001,1052,1791490686.67,descendente,1.0030827169994154,0.0,0.0,11264000,19447808,5021696,5374976,
198,2026-10-08T22:51:05.185387+00:00,198.0007654000001,1053,1791490686.68,descendente,1.0030882270002621,0.0,0.0,45867008,509480960,32067584,33308672,
198,2026-10-08T22:51:05.185387+00:00,198.0007654000001,1054,1791490686.68,descendente,1.0030674350000481,0.0,0.0,45838336,509476864,32210944,33446912,
199,2026-10-08T22:51:06.204454+00:00,199.02220061800108,1051,1791490686.26,principal,1.019052270999964,0.0,0.0,23932928,32919552,14024704,14658560,
199,2026-10-08T22:51:06.204454+00:00,199.02220061800108,1052,1791490686.67,descendente,1.0190470040015498,0.0,0.0,11264000,19447808,5021696,5377024,
199,2026-10-08T22:51:06.204454+00:00,199.02220061800108,1053,1791490686.68,descendente,1.019037150999793,0.0,0.0,45867008,509480960,32067584,33321984,
199,2026-10-08T22:51:06.204454+00:00,199.02220061800108,1054,1791490686.68,descendente,1.01902372099903,0.0,0.0,45838336,509476864,32210944,33460224,
