amostra,utc,tempo_relativo_s,pid,criado_epoch_s,papel,cpu_intervalo_real_s,cpu_uma_cpu_pct,cpu_capacidade_vm_pct,rss_bytes,vms_bytes,uss_bytes,pss_bytes,erro
1,2026-10-09T11:16:46.283494+00:00,1.0576939769998717,1282,1791541887.28,principal,,,,24018944,32931840,14061568,14786560,
1,2026-10-09T11:16:46.283494+00:00,1.0576939769998717,1283,1791541887.37,descendente,,,,11145216,19406848,5029888,5385216,
1,2026-10-09T11:16:46.283494+00:00,1.0576939769998717,1284,1791541887.37,descendente,,,,45182976,207351808,31416320,32791552,
1,2026-10-09T11:16:46.283494+00:00,1.0576939769998717,1285,1791541887.37,descendente,,,,45510656,207343616,31617024,33086464,
2,2026-10-09T11:16:47.231021+00:00,2.005231418999756,1282,1791541887.28,principal,0.9475314630003595,0.0,0.0,24018944,32931840,14061568,14786560,
2,2026-10-09T11:16:47.231021+00:00,2.005231418999756,1283,1791541887.37,descendente,0.9474796479998986,0.0,0.0,11145216,19406848,5029888,5385216,
2,2026-10-09T11:16:47.231021+00:00,2.005231418999756,1284,1791541887.37,descendente,0.9474752159999298,0.0,0.0,45182976,207351808,31416320,32791552,
2,2026-10-09T11:16:47.231021+00:00,2.005231418999756,1285,1791541887.37,descendente,0.9474521209999693,0.0,0.0,45510656,207343616,31617024,33086464,
3,2026-10-09T11:16:48.319110+00:00,3.0931886069997745,1282,1791541887.28,principal,1.088089158999992,0.0,0.0,24018944,32931840,14061568,14786560,
3,2026-10-09T11:16:48.319110+00:00,3.0931886069997745,1283,1791541887.37,descendente,1.0880993929999931,0.0,0.0,11145216,19406848,5029888,5385216,
3,2026-10-09T11:16:48.319110+00:00,3.0931886069997745,1284,1791541887.37,descendente,1.0881037109998033,0.0,0.0,45182976,207351808,31416320,32791552,
3,2026-10-09T11:16:48.319110+00:00,3.0931886069997745,1285,1791541887.37,descendente,1.0881069329998354,0.9190273213710951,0.45951366068554755,45510656,207343616,31617024,33086464,
4,2026-10-09T11:16:49.306844+00:00,4.058560142999795,1282,1791541887.28,principal,0.9877311860000191,0.0,0.0,24018944,32931840,14061568,14786560,
4,2026-10-09T11:16:49.306844+00:00,4.058560142999795,1283,1791541887.37,descendente,0.9877299350000612,0.0,0.0,11145216,19406848,5029888,5385216,
4,2026-10-09T11:16:49.306844+00:00,4.058560142999795,1284,1791541887.37,descendente,0.9877306500002305,0.0,0.0,45182976,207351808,31416320,32791552,
4,2026-10-09T11:16:49.306844+00:00,4.058560142999795,1285,1791541887.37,descendente,0.9877592520001599,12.14870928892902,6.07435464446451,150122496,387702784,136511488,137980928,
5,2026-10-09T11:16:50.228892+00:00,5.0031696129999546,1282,1791541887.28,principal,0.9220494549999785,0.0,0.0,24018944,32931840,14061568,14786560,
5,2026-10-09T11:16:50.228892+00:00,5.0031696129999546,1283,1791541887.37,descendente,0.9220478899997033,0.0,0.0,11145216,19406848,5029888,5385216,
5,2026-10-09T11:16:50.228892+00:00,5.0031696129999546,1284,1791541887.37,descendente,0.9220409370000198,7.591853809414744,3.795926904707372,149794816,387710976,136306688,137681920,
5,2026-10-09T11:16:50.228892+00:00,5.0031696129999546,1285,1791541887.37,descendente,0.9229816560000472,2.166890302747095,1.0834451513735475,45527040,282845184,31662080,33131520,
6,2026-10-09T11:16:51.259476+00:00,6.0334340350000275,1282,1791541887.28,principal,1.0305881799999952,0.0,0.0,24018944,32931840,14061568,14786560,
6,2026-10-09T11:16:51.259476+00:00,6.0334340350000275,1283,1791541887.37,descendente,1.0305985499999224,0.0,0.0,11145216,19406848,5029888,5385216,
6,2026-10-09T11:16:51.259476+00:00,6.0334340350000275,1284,1791541887.37,descendente,1.030616893000115,0.9702926536446322,0.4851463268223161,45203456,282853376,31461376,32836608,
6,2026-10-09T11:16:51.259476+00:00,6.0334340350000275,1285,1791541887.37,descendente,1.0297135159999016,4.855719500918496,2.427859750459248,149868544,387702784,136523776,137993216,
7,2026-10-09T11:16:52.226600+00:00,7.000998949999939,1282,1791541887.28,principal,0.9671115309997731,0.0,0.0,24018944,32931840,14061568,14786560,
7,2026-10-09T11:16:52.226600+00:00,7.000998949999939,1283,1791541887.37,descendente,0.9670808370001396,0.0,0.0,11145216,19406848,5029888,5385216,
7,2026-10-09T11:16:52.226600+00:00,7.000998949999939,1284,1791541887.37,descendente,0.9670568609999464,5.170326794258957,2.5851633971294783,149815296,387710976,136323072,137698304,
7,2026-10-09T11:16:52.226600+00:00,7.000998949999939,1285,1791541887.37,descendente,0.9676056110001809,1.033478918095889,0.5167394590479445,45531136,282845184,31666176,33135616,
8,2026-10-09T11:16:53.240704+00:00,8.015068495999913,1282,1791541887.28,principal,1.0141053259999353,0.0,0.0,24018944,32931840,14061568,14786560,
8,2026-10-09T11:16:53.240704+00:00,8.015068495999913,1283,1791541887.37,descendente,1.0141216279998844,0.0,0.0,11145216,19406848,5029888,5385216,
8,2026-10-09T11:16:53.240704+00:00,8.015068495999913,1284,1791541887.37,descendente,1.0141277759998957,0.9860690375174986,0.4930345187587493,45481984,282853376,31469568,32844800,
8,2026-10-09T11:16:53.240704+00:00,8.015068495999913,1285,1791541887.37,descendente,1.0135054049997052,3.9466982418323444,1.9733491209161722,149872640,387702784,136523776,137993216,
9,2026-10-09T11:16:54.273919+00:00,9.048277453000082,1282,1791541887.28,principal,1.0332399070002793,0.9678294394408544,0.4839147197204272,24018944,32931840,14061568,14786560,
9,2026-10-09T11:16:54.273919+00:00,9.048277453000082,1283,1791541887.37,descendente,1.033228629000405,0.0,0.0,11145216,19406848,5029888,5385216,
9,2026-10-09T11:16:54.273919+00:00,9.048277453000082,1284,1791541887.37,descendente,1.033217829000023,0.0,0.0,45481984,282853376,31469568,32844800,
9,2026-10-09T11:16:54.273919+00:00,9.048277453000082,1285,1791541887.37,descendente,1.0332382480000888,3.871323973674413,1.9356619868372065,149872640,387702784,136523776,137993216,
10,2026-10-09T11:16:55.335913+00:00,10.110258742000042,1282,1791541887.28,principal,1.061970263999683,0.0,0.0,24018944,32931840,14061568,14786560,
10,2026-10-09T11:16:55.335913+00:00,10.110258742000042,1283,1791541887.37,descendente,1.061980382999991,0.0,0.0,11145216,19406848,5029888,5385216,
10,2026-10-09T11:16:55.335913+00:00,10.110258742000042,1284,1791541887.37,descendente,1.0619923439999184,0.0,0.0,45481984,282853376,31469568,32844800,
10,2026-10-09T11:16:55.335913+00:00,10.110258742000042,1285,1791541887.37,descendente,1.061970631999884,4.708228127348478,2.354114063674239,149872640,387702784,136523776,137993216,
11,2026-10-09T11:16:56.262462+00:00,11.036756877999778,1282,1791541887.28,principal,0.9265483600001971,0.0,0.0,24018944,32931840,14061568,14786560,
11,2026-10-09T11:16:56.262462+00:00,11.036756877999778,1283,1791541887.37,descendente,0.9265523239996583,0.0,0.0,11145216,19406848,5029888,5385216,
11,2026-10-09T11:16:56.262462+00:00,11.036756877999778,1284,1791541887.37,descendente,0.9265570349998598,2.1585287515520823,1.0792643757760412,97652736,335282176,83902464,85277696,
11,2026-10-09T11:16:56.262462+00:00,11.036756877999778,1285,1791541887.37,descendente,0.9269725630001631,3.2363417427270567,1.6181708713635283,97701888,335273984,84094976,85564416,
12,2026-10-09T11:16:57.227362+00:00,12.00156588999971,1282,1791541887.28,principal,0.9649010200000703,0.0,0.0,24018944,32931840,14061568,14786560,
12,2026-10-09T11:16:57.227362+00:00,12.00156588999971,1283,1791541887.37,descendente,0.9649408499999481,0.0,0.0,11145216,19406848,5029888,5385216,
12,2026-10-09T11:16:57.227362+00:00,12.00156588999971,1284,1791541887.37,descendente,0.964942197000255,2.0726630115436,1.0363315057718,117383168,387710976,103854080,105229312,
12,2026-10-09T11:16:57.227362+00:00,12.00156588999971,1285,1791541887.37,descendente,0.9649979250002616,1.036271658303856,0.518135829151928,45531136,282845184,31666176,33135616,
13,2026-10-09T11:16:58.226979+00:00,13.001301655999669,1282,1791541887.28,principal,0.9996147899996686,0.0,0.0,24018944,32931840,14061568,14786560,
13,2026-10-09T11:16:58.226979+00:00,13.001301655999669,1283,1791541887.37,descendente,0.9995680629999697,0.0,0.0,11145216,19406848,5029888,5385216,
13,2026-10-09T11:16:58.226979+00:00,13.001301655999669,1284,1791541887.37,descendente,0.9995537979998517,2.0008928023704575,1.0004464011852288,97652736,335282176,83910656,85285888,
13,2026-10-09T11:16:58.226979+00:00,13.001301655999669,1285,1791541887.37,descendente,0.999765835999824,1.0002342188459543,0.5001171094229772,97701888,335273984,84094976,85564416,
14,2026-10-09T11:16:59.226289+00:00,14.000613660999988,1282,1791541887.28,principal,0.9993123590002142,0.0,0.0,24018944,32931840,14061568,14786560,
14,2026-10-09T11:16:59.226289+00:00,14.000613660999988,1283,1791541887.37,descendente,0.9993136990001403,0.0,0.0,11145216,19406848,5029888,5385216,
14,2026-10-09T11:16:59.226289+00:00,14.000613660999988,1284,1791541887.37,descendente,0.9993179230000351,1.000682542546516,0.500341271273258,45481984,282853376,31481856,32857088,
14,2026-10-09T11:16:59.226289+00:00,14.000613660999988,1285,1791541887.37,descendente,0.9986327699998583,5.006845509386579,2.5034227546932897,149872640,387702784,136523776,137993216,
15,2026-10-09T11:17:00.227839+00:00,15.002172770000016,1282,1791541887.28,principal,1.0015519170001426,0.0,0.0,24018944,32931840,14061568,14786560,
15,2026-10-09T11:17:00.227839+00:00,15.002172770000016,1283,1791541887.37,descendente,1.0016118359999382,0.0,0.0,11145216,19406848,5029888,5385216,
15,2026-10-09T11:17:00.227839+00:00,15.002172770000016,1284,1791541887.37,descendente,1.001617195000108,0.0,0.0,45481984,282853376,31481856,32857088,
15,2026-10-09T11:17:00.227839+00:00,15.002172770000016,1285,1791541887.37,descendente,1.0016187010000976,3.9935356598334164,1.9967678299167082,149872640,387702784,136523776,137993216,
16,2026-10-09T11:17:01.227116+00:00,16.001456635000068,1282,1791541887.28,principal,0.9992756259998714,0.0,0.0,24018944,32931840,14061568,14786560,
16,2026-10-09T11:17:01.227116+00:00,16.001456635000068,1283,1791541887.37,descendente,0.9992147739999382,0.0,0.0,11145216,19406848,5029888,5385216,
16,2026-10-09T11:17:01.227116+00:00,16.001456635000068,1284,1791541887.37,descendente,0.9992131879998851,0.0,0.0,45481984,282853376,31481856,32857088,
16,2026-10-09T11:17:01.227116+00:00,16.001456635000068,1285,1791541887.37,descendente,0.9992099470000539,5.003953388386155,2.5019766941930777,149872640,387702784,136523776,137993216,
17,2026-10-09T11:17:02.237278+00:00,17.011571312999877,1282,1791541887.28,principal,1.0101626830000896,0.0,0.0,24018944,32931840,14061568,14786560,
17,2026-10-09T11:17:02.237278+00:00,17.011571312999877,1283,1791541887.37,descendente,1.0101685550002912,0.0,0.0,11145216,19406848,5029888,5385216,
17,2026-10-09T11:17:02.237278+00:00,17.011571312999877,1284,1791541887.37,descendente,1.010177105999901,3.959701696110697,1.9798508480553485,149823488,387710976,136339456,137714688,
17,2026-10-09T11:17:02.237278+00:00,17.011571312999877,1285,1791541887.37,descendente,1.0112326509997729,0.9888921199402643,0.49444605997013213,45531136,282845184,31666176,33135616,
18,2026-10-09T11:17:03.226684+00:00,18.001048352999987,1282,1791541887.28,principal,0.9894025419998798,0.0,0.0,24018944,32931840,14061568,14786560,
18,2026-10-09T11:17:03.226684+00:00,18.001048352999987,1283,1791541887.37,descendente,0.9893945819999317,0.0,0.0,11145216,19406848,5029888,5385216,
18,2026-10-09T11:17:03.226684+00:00,18.001048352999987,1284,1791541887.37,descendente,0.9893794220001837,1.010734585502509,0.5053672927512545,45481984,282853376,31481856,32857088,
18,2026-10-09T11:17:03.226684+00:00,18.001048352999987,1285,1791541887.37,descendente,0.9883261449999736,5.059058717909387,2.5295293589546937,149872640,387702784,136523776,137993216,
19,2026-10-09T11:17:04.227349+00:00,19.001697139000044,1282,1791541887.28,principal,1.0006658259999313,0.0,0.0,24018944,32931840,14061568,14786560,
19,2026-10-09T11:17:04.227349+00:00,19.001697139000044,1283,1791541887.37,descendente,1.0006679479997729,0.0,0.0,11145216,19406848,5029888,5385216,
19,2026-10-09T11:17:04.227349+00:00,19.001697139000044,1284,1791541887.37,descendente,1.0006703760000164,2.9979902193086274,1.4989951096543137,97652736,335282176,83910656,85285888,
19,2026-10-09T11:17:04.227349+00:00,19.001697139000044,1285,1791541887.37,descendente,1.0009845220001807,2.9970493389902506,1.4985246694951253,97701888,335273984,84103168,85572608,
20,2026-10-09T11:17:05.230572+00:00,20.001914380000017,1282,1791541887.28,principal,1.003224756000236,0.0,0.0,24018944,32931840,14061568,14786560,
20,2026-10-09T11:17:05.230572+00:00,20.001914380000017,1283,1791541887.37,descendente,1.003229948000353,0.0,0.0,11145216,19406848,5029888,5385216,
20,2026-10-09T11:17:05.230572+00:00,20.001914380000017,1284,1791541887.37,descendente,1.0032387649998782,1.9935433814703127,0.9967716907351564,101974016,387710976,90066944,91442176,
20,2026-10-09T11:17:05.230572+00:00,20.001914380000017,1285,1791541887.37,descendente,1.0033603599999878,0.996650894201153,0.4983254471005765,45531136,282845184,31674368,33143808,
21,2026-10-09T11:17:06.227090+00:00,21.00140692900004,1282,1791541887.28,principal,0.9965176870000505,0.0,0.0,24018944,32931840,14061568,14786560,
21,2026-10-09T11:17:06.227090+00:00,21.00140692900004,1283,1791541887.37,descendente,0.9965507739998429,0.0,0.0,11145216,19406848,5029888,5385216,
21,2026-10-09T11:17:06.227090+00:00,21.00140692900004,1284,1791541887.37,descendente,0.9965460040002654,5.017329837187065,2.5086649185935324,149823488,387710976,136339456,137714688,
21,2026-10-09T11:17:06.227090+00:00,21.00140692900004,1285,1791541887.37,descendente,0.9968413890001102,0.0,0.0,45531136,282845184,31674368,33143808,
22,2026-10-09T11:17:07.226317+00:00,22.00069197599987,1282,1791541887.28,principal,0.9993224410000039,0.0,0.0,24018944,32931840,14061568,14786560,
22,2026-10-09T11:17:07.226317+00:00,22.00069197599987,1283,1791541887.37,descendente,0.9992986739998742,0.0,0.0,11145216,19406848,5029888,5385216,
22,2026-10-09T11:17:07.226317+00:00,22.00069197599987,1284,1791541887.37,descendente,0.9993004949997157,5.003499973250193,2.5017499866250965,149823488,387710976,136339456,137714688,
22,2026-10-09T11:17:07.226317+00:00,22.00069197599987,1285,1791541887.37,descendente,0.9992087890000221,0.0,0.0,45531136,282845184,31674368,33143808,
23,2026-10-09T11:17:08.226284+00:00,23.000681710999743,1282,1791541887.28,principal,0.9998695959998258,0.0,0.0,24018944,32931840,14061568,14786560,
23,2026-10-09T11:17:08.226284+00:00,23.000681710999743,1283,1791541887.37,descendente,0.9998485520000031,0.0,0.0,11145216,19406848,5029888,5385216,
23,2026-10-09T11:17:08.226284+00:00,23.000681710999743,1284,1791541887.37,descendente,0.9998421690002033,4.000631423657418,2.000315711828709,149823488,387710976,136339456,137714688,
23,2026-10-09T11:17:08.226284+00:00,23.000681710999743,1285,1791541887.37,descendente,0.9998156880001261,0.0,0.0,45531136,282845184,31674368,33143808,
24,2026-10-09T11:17:09.226233+00:00,24.0005464259998,1282,1791541887.28,principal,0.9999527219997617,0.0,0.0,24018944,32931840,14061568,14786560,
24,2026-10-09T11:17:09.226233+00:00,24.0005464259998,1283,1791541887.37,descendente,1.000496366000334,0.0,0.0,11145216,19406848,5029888,5385216,
24,2026-10-09T11:17:09.226233+00:00,24.0005464259998,1284,1791541887.37,descendente,1.0005148479999662,0.9994854169320758,0.4997427084660379,45481984,282853376,31481856,32857088,
24,2026-10-09T11:17:09.226233+00:00,24.0005464259998,1285,1791541887.37,descendente,0.9999126919997252,4.0003492624944235,2.0001746312472117,149872640,387702784,136531968,138001408,
25,2026-10-09T11:17:10.226636+00:00,25.000870734999808,1282,1791541887.28,principal,1.0004011099999843,0.0,0.0,24018944,32931840,14061568,14786560,
25,2026-10-09T11:17:10.226636+00:00,25.000870734999808,1283,1791541887.37,descendente,0.9999174370000219,0.0,0.0,11145216,19406848,5029888,5385216,
25,2026-10-09T11:17:10.226636+00:00,25.000870734999808,1284,1791541887.37,descendente,0.9999167249998209,0.0,0.0,45481984,282853376,31481856,32857088,
25,2026-10-09T11:17:10.226636+00:00,25.000870734999808,1285,1791541887.37,descendente,0.9999523280002904,4.000190697089842,2.000095348544921,149872640,387702784,136531968,138001408,
26,2026-10-09T11:17:11.228403+00:00,26.002340875999835,1282,1791541887.28,principal,1.0017753910001375,0.0,0.0,24018944,32931840,14061568,14786560,
26,2026-10-09T11:17:11.228403+00:00,26.002340875999835,1283,1791541887.37,descendente,1.0017317409997304,0.0,0.0,11145216,19406848,5029888,5385216,
26,2026-10-09T11:17:11.228403+00:00,26.002340875999835,1284,1791541887.37,descendente,1.0017229670002052,0.0,0.0,45481984,282853376,31481856,32857088,
26,2026-10-09T11:17:11.228403+00:00,26.002340875999835,1285,1791541887.37,descendente,1.0016851029999998,4.991588658976066,2.495794329488033,149872640,387702784,136531968,138001408,
27,2026-10-09T11:17:12.230972+00:00,27.00509460300009,1282,1791541887.28,principal,1.0025633600002948,0.0,0.0,24018944,32931840,14061568,14786560,
27,2026-10-09T11:17:12.230972+00:00,27.00509460300009,1283,1791541887.37,descendente,1.0025570940001671,0.0,0.0,11145216,19406848,5029888,5385216,
27,2026-10-09T11:17:12.230972+00:00,27.00509460300009,1284,1791541887.37,descendente,1.002547824999965,0.0,0.0,45481984,282853376,31481856,32857088,
27,2026-10-09T11:17:12.230972+00:00,27.00509460300009,1285,1791541887.37,descendente,1.0025458119998802,4.9873032635046215,2.4936516317523107,149872640,387702784,136531968,138001408,
28,2026-10-09T11:17:13.226739+00:00,28.001023368000006,1282,1791541887.28,principal,0.9957678249998025,0.0,0.0,24018944,32931840,14061568,14786560,
28,2026-10-09T11:17:13.226739+00:00,28.001023368000006,1283,1791541887.37,descendente,0.9957771009999306,0.0,0.0,11145216,19406848,5029888,5385216,
28,2026-10-09T11:17:13.226739+00:00,28.001023368000006,1284,1791541887.37,descendente,0.9957863979998365,0.0,0.0,45481984,282853376,31481856,32857088,
28,2026-10-09T11:17:13.226739+00:00,28.001023368000006,1285,1791541887.37,descendente,0.9957965079997848,4.016884943726833,2.0084424718634164,149872640,387702784,136531968,138001408,
29,2026-10-09T11:17:14.226760+00:00,29.000903189999917,1282,1791541887.28,principal,1.0000307139998768,0.9999692869434449,0.49998464347172245,24018944,32931840,14061568,14786560,
29,2026-10-09T11:17:14.226760+00:00,29.000903189999917,1283,1791541887.37,descendente,1.000039538999772,0.0,0.0,11145216,19406848,5029888,5385216,
29,2026-10-09T11:17:14.226760+00:00,29.000903189999917,1284,1791541887.37,descendente,1.0000480759999846,0.0,0.0,45481984,282853376,31481856,32857088,
29,2026-10-09T11:17:14.226760+00:00,29.000903189999917,1285,1791541887.37,descendente,1.0003877940002894,5.997674137953482,2.998837068976741,149872640,387702784,136531968,138001408,
30,2026-10-09T11:17:15.227410+00:00,30.00174353400007,1282,1791541887.28,principal,1.0006419850001294,0.0,0.0,24018944,32931840,14061568,14786560,
30,2026-10-09T11:17:15.227410+00:00,30.00174353400007,1283,1791541887.37,descendente,1.0011301819999971,0.0,0.0,11145216,19406848,5029888,5385216,
30,2026-10-09T11:17:15.227410+00:00,30.00174353400007,1284,1791541887.37,descendente,1.0011609950001912,2.99652105403823,1.498260527019115,97652736,335282176,83910656,85285888,
30,2026-10-09T11:17:15.227410+00:00,30.00174353400007,1285,1791541887.37,descendente,1.0012778309996975,2.9961713993056738,1.4980856996528369,97701888,335273984,84103168,85572608,
31,2026-10-09T11:17:16.226755+00:00,31.00083088800011,1282,1791541887.28,principal,0.9993429549999746,0.0,0.0,24018944,32931840,14061568,14786560,
31,2026-10-09T11:17:16.226755+00:00,31.00083088800011,1283,1791541887.37,descendente,0.9988398380000945,0.0,0.0,11145216,19406848,5029888,5385216,
31,2026-10-09T11:17:16.226755+00:00,31.00083088800011,1284,1791541887.37,descendente,0.9987993009999627,0.0,0.0,45481984,282853376,31481856,32857088,
31,2026-10-09T11:17:16.226755+00:00,31.00083088800011,1285,1791541887.37,descendente,0.9983360200003517,5.008333767220111,2.5041668836100555,149872640,387702784,136531968,138001408,
32,2026-10-09T11:17:17.229645+00:00,32.004002356,1282,1791541887.28,principal,1.0028858999999102,0.0,0.0,24018944,32931840,14061568,14786560,
32,2026-10-09T11:17:17.229645+00:00,32.004002356,1283,1791541887.37,descendente,1.0029175260001466,0.0,0.0,11145216,19406848,5029888,5385216,
32,2026-10-09T11:17:17.229645+00:00,32.004002356,1284,1791541887.37,descendente,1.0029546649998338,0.0,0.0,45481984,282853376,31481856,32857088,
32,2026-10-09T11:17:17.229645+00:00,32.004002356,1285,1791541887.37,descendente,1.0029439039999488,3.988258948528687,1.9941294742643434,149872640,387702784,136531968,138001408,
33,2026-10-09T11:17:18.227451+00:00,33.001806509999824,1282,1791541887.28,principal,0.9978076759998658,0.0,0.0,24018944,32931840,14061568,14786560,
33,2026-10-09T11:17:18.227451+00:00,33.001806509999824,1283,1791541887.37,descendente,0.9977745390001473,0.0,0.0,11145216,19406848,5029888,5385216,
33,2026-10-09T11:17:18.227451+00:00,33.001806509999824,1284,1791541887.37,descendente,0.9977340059999733,1.0022711403905924,0.5011355701952962,45481984,282853376,31481856,32857088,
33,2026-10-09T11:17:18.227451+00:00,33.001806509999824,1285,1791541887.37,descendente,0.9977396269996461,3.0067964815844688,1.5033982407922344,97701888,335273984,84103168,85572608,
34,2026-10-09T11:17:19.230293+00:00,34.004337373,1282,1791541887.28,principal,1.0028554590003296,0.0,0.0,24018944,32931840,14061568,14786560,
34,2026-10-09T11:17:19.230293+00:00,34.004337373,1283,1791541887.37,descendente,1.0028699099998448,0.0,0.0,11145216,19406848,5029888,5385216,
34,2026-10-09T11:17:19.230293+00:00,34.004337373,1284,1791541887.37,descendente,1.0028818360001424,0.0,0.0,45481984,282853376,31481856,32857088,
34,2026-10-09T11:17:19.230293+00:00,34.004337373,1285,1791541887.37,descendente,1.0029531390000557,0.0,0.0,45531136,282845184,31674368,33143808,
35,2026-10-09T11:17:20.232052+00:00,35.006360721999954,1282,1791541887.28,principal,1.0017483199999333,0.0,0.0,24018944,32931840,14061568,14786560,
35,2026-10-09T11:17:20.232052+00:00,35.006360721999954,1283,1791541887.37,descendente,1.0017390019997947,0.0,0.0,11145216,19406848,5029888,5385216,
35,2026-10-09T11:17:20.232052+00:00,35.006360721999954,1284,1791541887.37,descendente,1.0017334570002276,0.0,0.0,45481984,282853376,31481856,32857088,
35,2026-10-09T11:17:20.232052+00:00,35.006360721999954,1285,1791541887.37,descendente,1.0016798890001155,0.0,0.0,45531136,282845184,31674368,33143808,
36,2026-10-09T11:17:21.232649+00:00,36.00701338499994,1282,1791541887.28,principal,1.0005923300000177,0.0,0.0,24018944,32931840,14061568,14786560,
36,2026-10-09T11:17:21.232649+00:00,36.00701338499994,1283,1791541887.37,descendente,1.0005800970002383,0.0,0.0,11145216,19406848,5029888,5385216,
36,2026-10-09T11:17:21.232649+00:00,36.00701338499994,1284,1791541887.37,descendente,1.0005693709999832,0.0,0.0,45481984,282853376,31481856,32857088,
36,2026-10-09T11:17:21.232649+00:00,36.00701338499994,1285,1791541887.37,descendente,1.0005437770000754,3.997826074130679,1.9989130370653394,149872640,387702784,136531968,138001408,
37,2026-10-09T11:17:22.234581+00:00,37.008835369999815,1282,1791541887.28,principal,1.0019354169999133,0.0,0.0,24018944,32931840,14061568,14786560,
37,2026-10-09T11:17:22.234581+00:00,37.008835369999815,1283,1791541887.37,descendente,1.0019398750000619,0.0,0.0,11145216,19406848,5029888,5385216,
37,2026-10-09T11:17:22.234581+00:00,37.008835369999815,1284,1791541887.37,descendente,1.0019449239998721,0.0,0.0,45481984,282853376,31481856,32857088,
37,2026-10-09T11:17:22.234581+00:00,37.008835369999815,1285,1791541887.37,descendente,1.0019533459999366,4.9902523106102885,2.4951261553051443,149872640,387702784,136540160,138009600,
38,2026-10-09T11:17:23.230521+00:00,38.004886517999694,1282,1791541887.28,principal,0.9959373289998439,0.0,0.0,24018944,32931840,14061568,14786560,
38,2026-10-09T11:17:23.230521+00:00,38.004886517999694,1283,1791541887.37,descendente,0.995970412999668,0.0,0.0,11145216,19406848,5029888,5385216,
38,2026-10-09T11:17:23.230521+00:00,38.004886517999694,1284,1791541887.37,descendente,0.995968486000038,0.0,0.0,45481984,282853376,31481856,32857088,
38,2026-10-09T11:17:23.230521+00:00,38.004886517999694,1285,1791541887.37,descendente,0.9959618060001958,4.016218268513909,2.0081091342569546,149872640,387702784,136540160,138009600,
39,2026-10-09T11:17:24.227000+00:00,39.00123768100002,1282,1791541887.28,principal,0.9964782690003631,0.0,0.0,24018944,32931840,14061568,14786560,
39,2026-10-09T11:17:24.227000+00:00,39.00123768100002,1283,1791541887.37,descendente,0.9966220940000312,0.0,0.0,11145216,19406848,5029888,5385216,
39,2026-10-09T11:17:24.227000+00:00,39.00123768100002,1284,1791541887.37,descendente,0.9966282309997041,0.0,0.0,45481984,282853376,31481856,32857088,
39,2026-10-09T11:17:24.227000+00:00,39.00123768100002,1285,1791541887.37,descendente,0.9968486619995929,5.0158065016311735,2.5079032508155867,149872640,387702784,136540160,138009600,
40,2026-10-09T11:17:25.235281+00:00,40.00930970699983,1282,1791541887.28,principal,1.0082945269996344,0.0,0.0,24018944,32931840,14061568,14786560,
40,2026-10-09T11:17:25.235281+00:00,40.00930970699983,1283,1791541887.37,descendente,1.0081420810001873,0.0,0.0,11145216,19406848,5029888,5385216,
40,2026-10-09T11:17:25.235281+00:00,40.00930970699983,1284,1791541887.37,descendente,1.0081509290002941,0.0,0.0,45481984,282853376,31481856,32857088,
40,2026-10-09T11:17:25.235281+00:00,40.00930970699983,1285,1791541887.37,descendente,1.0079874600000949,4.960379169796022,2.480189584898011,149872640,387702784,136540160,138009600,
41,2026-10-09T11:17:26.227672+00:00,41.002079804999994,1282,1791541887.28,principal,0.9923764590002975,0.0,0.0,24018944,32931840,14061568,14786560,
41,2026-10-09T11:17:26.227672+00:00,41.002079804999994,1283,1791541887.37,descendente,0.9923627899997882,0.0,0.0,11145216,19406848,5029888,5385216,
41,2026-10-09T11:17:26.227672+00:00,41.002079804999994,1284,1791541887.37,descendente,0.9926426600000013,5.037059358299164,2.518529679149582,149889024,387710976,136343552,137720832,
41,2026-10-09T11:17:26.227672+00:00,41.002079804999994,1285,1791541887.37,descendente,0.9931990000000042,1.00684757032576,0.50342378516288,45531136,282845184,31682560,33152000,
42,2026-10-09T11:17:27.227316+00:00,42.00170681000009,1282,1791541887.28,principal,0.9996454160000212,0.0,0.0,24018944,32931840,14061568,14786560,
42,2026-10-09T11:17:27.227316+00:00,42.00170681000009,1283,1791541887.37,descendente,0.9996308510003473,0.0,0.0,11145216,19406848,5029888,5385216,
42,2026-10-09T11:17:27.227316+00:00,42.00170681000009,1284,1791541887.37,descendente,0.9993335449998995,4.00266759783441,2.001333798917205,149889024,387710976,136351744,137729024,
42,2026-10-09T11:17:27.227316+00:00,42.00170681000009,1285,1791541887.37,descendente,0.9993948050000654,0.0,0.0,45531136,282845184,31682560,33152000,
43,2026-10-09T11:17:28.234486+00:00,43.008838104000006,1282,1791541887.28,principal,1.0071707179999976,0.0,0.0,24018944,32931840,14061568,14786560,
43,2026-10-09T11:17:28.234486+00:00,43.008838104000006,1283,1791541887.37,descendente,1.0071686389997012,0.0,0.0,11145216,19406848,5029888,5385216,
43,2026-10-09T11:17:28.234486+00:00,43.008838104000006,1284,1791541887.37,descendente,1.0071669539997856,4.964420228586013,2.4822101142930064,149889024,387710976,136351744,137729024,
43,2026-10-09T11:17:28.234486+00:00,43.008838104000006,1285,1791541887.37,descendente,1.0070965830000205,0.0,0.0,45531136,282845184,31682560,33152000,
44,2026-10-09T11:17:29.230289+00:00,44.00464368699977,1282,1791541887.28,principal,0.9958023589997538,0.0,0.0,24018944,32931840,14061568,14786560,
44,2026-10-09T11:17:29.230289+00:00,44.00464368699977,1283,1791541887.37,descendente,0.9958026560002509,0.0,0.0,11145216,19406848,5029888,5385216,
44,2026-10-09T11:17:29.230289+00:00,44.00464368699977,1284,1791541887.37,descendente,0.9958147150000514,4.016811500922436,2.008405750461218,149889024,387710976,136351744,137729024,
44,2026-10-09T11:17:29.230289+00:00,44.00464368699977,1285,1791541887.37,descendente,0.9959062570001151,0.0,0.0,45531136,282845184,31682560,33152000,
45,2026-10-09T11:17:30.226857+00:00,45.000578889999815,1282,1791541887.28,principal,0.9965734090001206,0.0,0.0,24018944,32931840,14061568,14786560,
45,2026-10-09T11:17:30.226857+00:00,45.000578889999815,1283,1791541887.37,descendente,0.9967936989996815,0.0,0.0,11145216,19406848,5029888,5385216,
45,2026-10-09T11:17:30.226857+00:00,45.000578889999815,1284,1791541887.37,descendente,0.9967940090000411,5.016081512183101,2.5080407560915505,149889024,387710976,136351744,137729024,
45,2026-10-09T11:17:30.226857+00:00,45.000578889999815,1285,1791541887.37,descendente,0.9968420499999411,0.0,0.0,45531136,282845184,31682560,33152000,
46,2026-10-09T11:17:31.226474+00:00,46.00086925100004,1282,1791541887.28,principal,0.999611454999922,0.0,0.0,24018944,32931840,14061568,14786560,
46,2026-10-09T11:17:31.226474+00:00,46.00086925100004,1283,1791541887.37,descendente,0.9997957840000709,0.0,0.0,11145216,19406848,5029888,5385216,
46,2026-10-09T11:17:31.226474+00:00,46.00086925100004,1284,1791541887.37,descendente,0.9998083400000723,4.000766786962192,2.000383393481096,149889024,387710976,136351744,137729024,
46,2026-10-09T11:17:31.226474+00:00,46.00086925100004,1285,1791541887.37,descendente,0.9999606110000059,0.0,0.0,45531136,282845184,31682560,33152000,
47,2026-10-09T11:17:32.227776+00:00,47.00216006399978,1282,1791541887.28,principal,1.0013000760000068,0.0,0.0,24018944,32931840,14061568,14786560,
47,2026-10-09T11:17:32.227776+00:00,47.00216006399978,1283,1791541887.37,descendente,1.0008942090003075,0.0,0.0,11145216,19406848,5029888,5385216,
47,2026-10-09T11:17:32.227776+00:00,47.00216006399978,1284,1791541887.37,descendente,1.0008712550002201,3.996518013697011,1.9982590068485055,149889024,387710976,136351744,137729024,
47,2026-10-09T11:17:32.227776+00:00,47.00216006399978,1285,1791541887.37,descendente,1.0005991349999022,0.0,0.0,45531136,282845184,31682560,33152000,
48,2026-10-09T11:17:33.232301+00:00,48.00662108999995,1282,1791541887.28,principal,1.0045290389998627,0.9954913807127258,0.4977456903563629,24018944,32931840,14061568,14786560,
48,2026-10-09T11:17:33.232301+00:00,48.00662108999995,1283,1791541887.37,descendente,1.0045404689999486,0.0,0.0,11145216,19406848,5029888,5385216,
48,2026-10-09T11:17:33.232301+00:00,48.00662108999995,1284,1791541887.37,descendente,1.0045483629996852,4.977361154688017,2.4886805773440086,149889024,387710976,136351744,137729024,
48,2026-10-09T11:17:33.232301+00:00,48.00662108999995,1285,1791541887.37,descendente,1.0045619200000147,0.0,0.0,45531136,282845184,31682560,33152000,
49,2026-10-09T11:17:34.232005+00:00,49.006332593000025,1282,1791541887.28,principal,0.9997025170000597,0.0,0.0,24018944,32931840,14061568,14786560,
49,2026-10-09T11:17:34.232005+00:00,49.006332593000025,1283,1791541887.37,descendente,0.9996885549999206,0.0,0.0,11145216,19406848,5029888,5385216,
49,2026-10-09T11:17:34.232005+00:00,49.006332593000025,1284,1791541887.37,descendente,0.9996775570002683,3.0009676410082005,1.5004838205041002,97718272,335282176,83922944,85300224,
49,2026-10-09T11:17:34.232005+00:00,49.006332593000025,1285,1791541887.37,descendente,0.999781252000048,1.0002187958610878,0.5001093979305439,97701888,335273984,84111360,85580800,
50,2026-10-09T11:17:35.229917+00:00,50.004243880000104,1282,1791541887.28,principal,0.9979121440001109,0.0,0.0,24018944,32931840,14061568,14786560,
50,2026-10-09T11:17:35.229917+00:00,50.004243880000104,1283,1791541887.37,descendente,0.9979610539999157,0.0,0.0,11145216,19406848,5029888,5385216,
50,2026-10-09T11:17:35.229917+00:00,50.004243880000104,1284,1791541887.37,descendente,0.9979671629998847,2.004073955688136,1.002036977844068,97718272,335282176,83927040,85304320,
50,2026-10-09T11:17:35.229917+00:00,50.004243880000104,1285,1791541887.37,descendente,0.9978382240001338,3.00649937819934,1.50324968909967,97701888,335273984,84111360,85580800,
51,2026-10-09T11:17:36.227157+00:00,51.001410293999925,1282,1791541887.28,principal,0.9972415430002002,0.0,0.0,24018944,32931840,14061568,14786560,
51,2026-10-09T11:17:36.227157+00:00,51.001410293999925,1283,1791541887.37,descendente,0.9972663940002349,0.0,0.0,11145216,19406848,5029888,5385216,
51,2026-10-09T11:17:36.227157+00:00,51.001410293999925,1284,1791541887.37,descendente,0.9972801979997712,3.008181658491843,1.5040908292459214,97718272,335282176,83927040,85304320,
51,2026-10-09T11:17:36.227157+00:00,51.001410293999925,1285,1791541887.37,descendente,0.9971025659997395,3.0087175605572534,1.5043587802786267,97701888,335273984,84111360,85580800,
52,2026-10-09T11:17:37.226376+00:00,52.000762371999826,1282,1791541887.28,principal,0.9992172639999808,0.0,0.0,24018944,32931840,14061568,14786560,
52,2026-10-09T11:17:37.226376+00:00,52.000762371999826,1283,1791541887.37,descendente,0.9991442159998769,0.0,0.0,11145216,19406848,5029888,5385216,
52,2026-10-09T11:17:37.226376+00:00,52.000762371999826,1284,1791541887.37,descendente,0.9991235170000436,1.000877251896309,0.5004386259481545,45547520,282853376,31498240,32875520,
52,2026-10-09T11:17:37.226376+00:00,52.000762371999826,1285,1791541887.37,descendente,0.9986835690001499,4.0052726650991035,2.0026363325495518,149872640,387702784,136540160,138009600,
53,2026-10-09T11:17:38.227841+00:00,53.002148601000044,1282,1791541887.28,principal,1.0014768490000279,0.0,0.0,24018944,32931840,14061568,14786560,
53,2026-10-09T11:17:38.227841+00:00,53.002148601000044,1283,1791541887.37,descendente,1.0014780050000809,0.0,0.0,11145216,19406848,5029888,5385216,
53,2026-10-09T11:17:38.227841+00:00,53.002148601000044,1284,1791541887.37,descendente,1.001484236000124,0.0,0.0,45547520,282853376,31498240,32875520,
53,2026-10-09T11:17:38.227841+00:00,53.002148601000044,1285,1791541887.37,descendente,1.0016943979999269,1.9966169362565442,0.9983084681282721,149872640,387702784,136540160,138009600,
54,2026-10-09T11:17:39.226413+00:00,54.000791671000115,1282,1791541887.28,principal,0.998559140999987,0.0,0.0,24018944,32931840,14061568,14786560,
54,2026-10-09T11:17:39.226413+00:00,54.000791671000115,1283,1791541887.37,descendente,0.9985592719999659,0.0,0.0,11145216,19406848,5029888,5385216,
54,2026-10-09T11:17:39.226413+00:00,54.000791671000115,1284,1791541887.37,descendente,0.9985559560000183,3.0043383968358905,1.5021691984179453,97718272,335282176,83935232,85312512,
54,2026-10-09T11:17:39.226413+00:00,54.000791671000115,1285,1791541887.37,descendente,0.9989416620001066,3.0031783777977954,1.5015891888988977,97701888,335273984,84111360,85580800,
55,2026-10-09T11:17:40.226583+00:00,55.00090529399995,1282,1791541887.28,principal,1.000171981999756,0.0,0.0,24018944,32931840,14061568,14786560,
55,2026-10-09T11:17:40.226583+00:00,55.00090529399995,1283,1791541887.37,descendente,1.000177390999852,0.0,0.0,11145216,19406848,5029888,5385216,
55,2026-10-09T11:17:40.226583+00:00,55.00090529399995,1284,1791541887.37,descendente,1.0001788089998627,2.9994636689012646,1.4997318344506323,149889024,387710976,136372224,137749504,
55,2026-10-09T11:17:40.226583+00:00,55.00090529399995,1285,1791541887.37,descendente,1.0004547939997792,0.9995454127435786,0.4997727063717893,45531136,282845184,31682560,33152000,
56,2026-10-09T11:17:41.226388+00:00,56.00069168099981,1282,1791541887.28,principal,0.9998069359999135,0.0,0.0,24018944,32931840,14061568,14786560,
56,2026-10-09T11:17:41.226388+00:00,56.00069168099981,1283,1791541887.37,descendente,0.9998192590001054,0.0,0.0,11145216,19406848,5029888,5385216,
56,2026-10-09T11:17:41.226388+00:00,56.00069168099981,1284,1791541887.37,descendente,0.9998319400001492,3.0005042647462217,1.5002521323731108,149889024,387710976,136372224,137749504,
56,2026-10-09T11:17:41.226388+00:00,56.00069168099981,1285,1791541887.37,descendente,0.9999082180002006,0.0,0.0,45531136,282845184,31682560,33152000,
57,2026-10-09T11:17:42.228931+00:00,57.00333551599988,1282,1791541887.28,principal,1.002538265000112,0.0,0.0,24018944,32931840,14061568,14786560,
57,2026-10-09T11:17:42.228931+00:00,57.00333551599988,1283,1791541887.37,descendente,1.0025184040000568,0.0,0.0,11145216,19406848,5029888,5385216,
57,2026-10-09T11:17:42.228931+00:00,57.00333551599988,1284,1791541887.37,descendente,1.0025036530000762,1.9950051992476934,0.9975025996238467,97718272,335282176,83943424,85320704,
57,2026-10-09T11:17:42.228931+00:00,57.00333551599988,1285,1791541887.37,descendente,1.0021888619999118,1.99563183730582,0.99781591865291,97701888,335273984,84111360,85580800,
58,2026-10-09T11:17:43.229002+00:00,58.00337942499982,1282,1791541887.28,principal,1.0000730450001356,0.0,0.0,24018944,32931840,14061568,14786560,
58,2026-10-09T11:17:43.229002+00:00,58.00337942499982,1283,1791541887.37,descendente,1.000079273999745,0.0,0.0,11145216,19406848,5029888,5385216,
58,2026-10-09T11:17:43.229002+00:00,58.00337942499982,1284,1791541887.37,descendente,1.0000805839999884,0.9999194224932481,0.49995971124662403,45547520,282853376,31514624,32891904,
58,2026-10-09T11:17:43.229002+00:00,58.00337942499982,1285,1791541887.37,descendente,0.9994643400000314,4.002143788341452,2.001071894170726,149872640,387702784,136540160,138009600,
59,2026-10-09T11:17:44.227541+00:00,59.00185056999999,1282,1791541887.28,principal,0.9985389909998048,0.0,0.0,24018944,32931840,14061568,14786560,
59,2026-10-09T11:17:44.227541+00:00,59.00185056999999,1283,1791541887.37,descendente,0.9985776060002536,0.0,0.0,11145216,19406848,5029888,5385216,
59,2026-10-09T11:17:44.227541+00:00,59.00185056999999,1284,1791541887.37,descendente,0.9985845810001592,4.0056697010019775,2.0028348505009888,149889024,387710976,136372224,137749504,
59,2026-10-09T11:17:44.227541+00:00,59.00185056999999,1285,1791541887.37,descendente,0.9994222199998148,1.0005781140227064,0.5002890570113532,45531136,282845184,31682560,33152000,
60,2026-10-09T11:17:45.231417+00:00,60.00576562099968,1282,1791541887.28,principal,1.0038747270000385,0.0,0.0,24018944,32931840,14061568,14786560,
60,2026-10-09T11:17:45.231417+00:00,60.00576562099968,1283,1791541887.37,descendente,1.0038365440000234,0.0,0.0,11145216,19406848,5029888,5385216,
60,2026-10-09T11:17:45.231417+00:00,60.00576562099968,1284,1791541887.37,descendente,1.0038307979998535,2.9885514630328904,1.4942757315164452,97718272,335282176,83943424,85320704,
60,2026-10-09T11:17:45.231417+00:00,60.00576562099968,1285,1791541887.37,descendente,1.003310471000077,1.9934009041155332,0.9967004520577666,97701888,335273984,84111360,85580800,
61,2026-10-09T11:17:46.229500+00:00,61.0037021789999,1282,1791541887.28,principal,0.9980933249998998,0.0,0.0,24018944,32931840,14061568,14786560,
61,2026-10-09T11:17:46.229500+00:00,61.0037021789999,1283,1791541887.37,descendente,0.9981217109998397,0.0,0.0,11145216,19406848,5029888,5385216,
61,2026-10-09T11:17:46.229500+00:00,61.0037021789999,1284,1791541887.37,descendente,0.9981411069998103,4.007449419674852,2.003724709837426,149889024,387710976,136372224,137749504,
61,2026-10-09T11:17:46.229500+00:00,61.0037021789999,1285,1791541887.37,descendente,0.9985308250002163,1.001471336650786,0.500735668325393,45531136,282845184,31682560,33152000,
62,2026-10-09T11:17:47.229943+00:00,62.004241485999955,1282,1791541887.28,principal,1.0004344480003056,0.0,0.0,24018944,32931840,14061568,14786560,
62,2026-10-09T11:17:47.229943+00:00,62.004241485999955,1283,1791541887.37,descendente,1.0008686529999977,0.0,0.0,11145216,19406848,5029888,5385216,
62,2026-10-09T11:17:47.229943+00:00,62.004241485999955,1284,1791541887.37,descendente,1.0010614380003062,0.9989396874557879,0.49946984372789394,45547520,282853376,31514624,32891904,
62,2026-10-09T11:17:47.229943+00:00,62.004241485999955,1285,1791541887.37,descendente,1.0004008149999208,3.998397382353601,1.9991986911768005,149872640,387702784,136540160,138009600,
63,2026-10-09T11:17:48.228192+00:00,63.00246254400008,1282,1791541887.28,principal,0.9982494959999713,0.0,0.0,24018944,32931840,14061568,14786560,
63,2026-10-09T11:17:48.228192+00:00,63.00246254400008,1283,1791541887.37,descendente,0.9977840759997889,0.0,0.0,11145216,19406848,5029888,5385216,
63,2026-10-09T11:17:48.228192+00:00,63.00246254400008,1284,1791541887.37,descendente,0.9975672619998477,0.0,0.0,45547520,282853376,31514624,32891904,
63,2026-10-09T11:17:48.228192+00:00,63.00246254400008,1285,1791541887.37,descendente,0.9975592800001323,4.009786766756921,2.0048933833784606,149872640,387702784,136540160,138009600,
64,2026-10-09T11:17:49.226449+00:00,64.000779857,1282,1791541887.28,principal,0.9982538399999612,0.0,0.0,24018944,32931840,14061568,14786560,
64,2026-10-09T11:17:49.226449+00:00,64.000779857,1283,1791541887.37,descendente,0.9982905720003146,0.0,0.0,11145216,19406848,5029888,5385216,
64,2026-10-09T11:17:49.226449+00:00,64.000779857,1284,1791541887.37,descendente,0.9982906690001982,0.0,0.0,45547520,282853376,31514624,32891904,
64,2026-10-09T11:17:49.226449+00:00,64.000779857,1285,1791541887.37,descendente,0.9982294930000535,5.008868236273849,2.5044341181369245,149872640,387702784,136540160,138009600,
65,2026-10-09T11:17:50.226250+00:00,65.00060674199995,1282,1791541887.28,principal,0.9998007979997965,0.0,0.0,24018944,32931840,14061568,14786560,
65,2026-10-09T11:17:50.226250+00:00,65.00060674199995,1283,1791541887.37,descendente,0.9997565389999181,0.0,0.0,11145216,19406848,5029888,5385216,
65,2026-10-09T11:17:50.226250+00:00,65.00060674199995,1284,1791541887.37,descendente,0.9997528639996744,4.000988788366419,2.0004943941832094,149889024,387710976,136372224,137749504,
65,2026-10-09T11:17:50.226250+00:00,65.00060674199995,1285,1791541887.37,descendente,1.000593674999891,0.9994066772411542,0.4997033386205771,45531136,282845184,31682560,33152000,
66,2026-10-09T11:17:51.226557+00:00,66.00082485899975,1282,1791541887.28,principal,1.0003116560001217,0.0,0.0,24018944,32931840,14061568,14786560,
66,2026-10-09T11:17:51.226557+00:00,66.00082485899975,1283,1791541887.37,descendente,1.0004558489999908,0.0,0.0,11145216,19406848,5029888,5385216,
66,2026-10-09T11:17:51.226557+00:00,66.00082485899975,1284,1791541887.37,descendente,1.0005656560001626,3.997738655142729,1.9988693275713645,149889024,387710976,136380416,137757696,
66,2026-10-09T11:17:51.226557+00:00,66.00082485899975,1285,1791541887.37,descendente,1.0007583870001326,0.0,0.0,45531136,282845184,31682560,33152000,
67,2026-10-09T11:17:52.226779+00:00,67.00108711899975,1282,1791541887.28,principal,1.0002217629998995,0.0,0.0,24018944,32931840,14061568,14786560,
67,2026-10-09T11:17:52.226779+00:00,67.00108711899975,1283,1791541887.37,descendente,1.0000905940000848,0.0,0.0,11145216,19406848,5029888,5385216,
67,2026-10-09T11:17:52.226779+00:00,67.00108711899975,1284,1791541887.37,descendente,0.9999933879998935,5.00003306021902,2.50001653010951,149889024,387710976,136380416,137757696,
67,2026-10-09T11:17:52.226779+00:00,67.00108711899975,1285,1791541887.37,descendente,0.9996876659997724,0.0,0.0,45531136,282845184,31682560,33152000,
68,2026-10-09T11:17:53.232852+00:00,68.00729118599975,1282,1791541887.28,principal,1.0060681840000143,0.0,0.0,24018944,32931840,14061568,14786560,
68,2026-10-09T11:17:53.232852+00:00,68.00729118599975,1283,1791541887.37,descendente,1.006056814999738,0.0,0.0,11145216,19406848,5029888,5385216,
68,2026-10-09T11:17:53.232852+00:00,68.00729118599975,1284,1791541887.37,descendente,1.0060481619998427,4.969940991752294,2.484970495876147,149889024,387710976,136380416,137757696,
68,2026-10-09T11:17:53.232852+00:00,68.00729118599975,1285,1791541887.37,descendente,1.005908757999805,0.0,0.0,45531136,282845184,31682560,33152000,
69,2026-10-09T11:17:54.226374+00:00,69.00078748299984,1282,1791541887.28,principal,0.9935239840001486,0.0,0.0,24018944,32931840,14061568,14786560,
69,2026-10-09T11:17:54.226374+00:00,69.00078748299984,1283,1791541887.37,descendente,0.9935291060000964,0.0,0.0,11145216,19406848,5029888,5385216,
69,2026-10-09T11:17:54.226374+00:00,69.00078748299984,1284,1791541887.37,descendente,0.9935571570003958,5.032423112018296,2.516211556009148,149889024,387710976,136380416,137757696,
69,2026-10-09T11:17:54.226374+00:00,69.00078748299984,1285,1791541887.37,descendente,0.9937569680000706,0.0,0.0,45531136,282845184,31682560,33152000,
70,2026-10-09T11:17:55.236438+00:00,70.0107482389999,1282,1791541887.28,principal,1.0100640549999298,0.0,0.0,24018944,32931840,14061568,14786560,
70,2026-10-09T11:17:55.236438+00:00,70.0107482389999,1283,1791541887.37,descendente,1.0100578020001194,0.0,0.0,11145216,19406848,5029888,5385216,
70,2026-10-09T11:17:55.236438+00:00,70.0107482389999,1284,1791541887.37,descendente,1.0100271919995976,1.9801447088176556,0.9900723544088278,97718272,335282176,83951616,85328896,
70,2026-10-09T11:17:55.236438+00:00,70.0107482389999,1285,1791541887.37,descendente,1.009598915999959,1.9809846943219565,0.9904923471609782,97701888,335273984,84111360,85580800,
71,2026-10-09T11:17:56.232889+00:00,71.007287378,1282,1791541887.28,principal,0.996450515000106,0.0,0.0,24018944,32931840,14061568,14786560,
71,2026-10-09T11:17:56.232889+00:00,71.007287378,1283,1791541887.37,descendente,0.9964592279998215,0.0,0.0,11145216,19406848,5029888,5385216,
71,2026-10-09T11:17:56.232889+00:00,71.007287378,1284,1791541887.37,descendente,0.9964646450002874,0.0,0.0,45547520,282853376,31522816,32900096,
71,2026-10-09T11:17:56.232889+00:00,71.007287378,1285,1791541887.37,descendente,0.9961183800000981,4.015586982743478,2.007793491371739,149872640,387702784,136540160,138009600,
72,2026-10-09T11:17:57.227372+00:00,72.00122778900004,1282,1791541887.28,principal,0.9944891039999675,0.0,0.0,24018944,32931840,14061568,14786560,
72,2026-10-09T11:17:57.227372+00:00,72.00122778900004,1283,1791541887.37,descendente,0.9945305020000887,0.0,0.0,11145216,19406848,5029888,5385216,
72,2026-10-09T11:17:57.227372+00:00,72.00122778900004,1284,1791541887.37,descendente,0.9945318430000043,5.027491110709424,2.513745555354712,149889024,387710976,136380416,137757696,
72,2026-10-09T11:17:57.227372+00:00,72.00122778900004,1285,1791541887.37,descendente,0.9952398760001415,2.009565782309802,1.004782891154901,45531136,282845184,31682560,33152000,
73,2026-10-09T11:17:58.226979+00:00,73.0013468039997,1282,1791541887.28,principal,0.9996033369998258,0.0,0.0,24018944,32931840,14061568,14786560,
73,2026-10-09T11:17:58.226979+00:00,73.0013468039997,1283,1791541887.37,descendente,0.9995731819999492,0.0,0.0,11145216,19406848,5029888,5385216,
73,2026-10-09T11:17:58.226979+00:00,73.0013468039997,1284,1791541887.37,descendente,0.9995769610000025,5.002116090188736,2.501058045094368,149889024,387710976,136380416,137757696,
73,2026-10-09T11:17:58.226979+00:00,73.0013468039997,1285,1791541887.37,descendente,0.9997629449999295,0.0,0.0,45531136,282845184,31682560,33152000,
74,2026-10-09T11:17:59.226364+00:00,74.00076932000002,1282,1791541887.28,principal,0.9993821510001908,0.0,0.0,24018944,32931840,14061568,14786560,
74,2026-10-09T11:17:59.226364+00:00,74.00076932000002,1283,1791541887.37,descendente,0.9993701759999567,0.0,0.0,11145216,19406848,5029888,5385216,
74,2026-10-09T11:17:59.226364+00:00,74.00076932000002,1284,1791541887.37,descendente,0.9993698869998298,4.002522041171525,2.0012610205857624,149889024,387710976,136380416,137757696,
74,2026-10-09T11:17:59.226364+00:00,74.00076932000002,1285,1791541887.37,descendente,0.9991100279999046,0.0,0.0,45531136,282845184,31682560,33152000,
75,2026-10-09T11:18:00.227039+00:00,75.0013021689997,1282,1791541887.28,principal,1.0006760050000594,0.0,0.0,24018944,32931840,14061568,14786560,
75,2026-10-09T11:18:00.227039+00:00,75.0013021689997,1283,1791541887.37,descendente,1.0007613960001436,0.0,0.0,11145216,19406848,5029888,5385216,
75,2026-10-09T11:18:00.227039+00:00,75.0013021689997,1284,1791541887.37,descendente,1.0007579050002278,4.996213344923748,2.498106672461874,149889024,387710976,136380416,137757696,
75,2026-10-09T11:18:00.227039+00:00,75.0013021689997,1285,1791541887.37,descendente,1.0009659460001785,0.0,0.0,45531136,282845184,31682560,33152000,
76,2026-10-09T11:18:01.226837+00:00,76.00092699900006,1282,1791541887.28,principal,0.999808984000083,0.0,0.0,24018944,32931840,14061568,14786560,
76,2026-10-09T11:18:01.226837+00:00,76.00092699900006,1283,1791541887.37,descendente,0.9997702420000678,0.0,0.0,11145216,19406848,5029888,5385216,
76,2026-10-09T11:18:01.226837+00:00,76.00092699900006,1284,1791541887.37,descendente,0.9997997499999656,3.0006008703244995,1.5003004351622498,97718272,335282176,83951616,85328896,
76,2026-10-09T11:18:01.226837+00:00,76.00092699900006,1285,1791541887.37,descendente,0.9999238629998217,2.0001522855948823,1.0000761427974412,97701888,335273984,84111360,85580800,
77,2026-10-09T11:18:02.228410+00:00,77.00271879399997,1282,1791541887.28,principal,1.001564813999721,0.0,0.0,24018944,32931840,14061568,14786560,
77,2026-10-09T11:18:02.228410+00:00,77.00271879399997,1283,1791541887.37,descendente,1.0015364010000667,0.0,0.0,11145216,19406848,5029888,5385216,
77,2026-10-09T11:18:02.228410+00:00,77.00271879399997,1284,1791541887.37,descendente,1.0015224220001073,2.995439676736079,1.4977198383680395,97718272,335282176,83951616,85328896,
77,2026-10-09T11:18:02.228410+00:00,77.00271879399997,1285,1791541887.37,descendente,1.0009101999999075,2.9972718831321865,1.4986359415660933,97701888,335273984,84115456,85584896,
78,2026-10-09T11:18:03.230021+00:00,78.004268529,1282,1791541887.28,principal,1.0016111610002554,0.0,0.0,24018944,32931840,14061568,14786560,
78,2026-10-09T11:18:03.230021+00:00,78.004268529,1283,1791541887.37,descendente,1.0016128229999595,0.0,0.0,11145216,19406848,5029888,5385216,
78,2026-10-09T11:18:03.230021+00:00,78.004268529,1284,1791541887.37,descendente,1.0016066939997472,0.0,0.0,45547520,282853376,31522816,32900096,
78,2026-10-09T11:18:03.230021+00:00,78.004268529,1285,1791541887.37,descendente,1.0012686690001829,3.994931753925863,1.9974658769629314,149872640,387702784,136548352,138017792,
79,2026-10-09T11:18:04.232409+00:00,79.00673439799994,1282,1791541887.28,principal,1.0023902240000098,0.0,0.0,24018944,32931840,14061568,14786560,
79,2026-10-09T11:18:04.232409+00:00,79.00673439799994,1283,1791541887.37,descendente,1.002383928999734,0.0,0.0,11145216,19406848,5029888,5385216,
79,2026-10-09T11:18:04.232409+00:00,79.00673439799994,1284,1791541887.37,descendente,1.0023834389999138,1.9952444565478595,0.9976222282739298,97718272,335282176,83951616,85328896,
79,2026-10-09T11:18:04.232409+00:00,79.00673439799994,1285,1791541887.37,descendente,1.0027416269999776,2.9917976069025616,1.4958988034512808,97701888,335273984,84119552,85588992,
80,2026-10-09T11:18:05.232010+00:00,80.00634297599981,1282,1791541887.28,principal,0.9995972589999838,1.0004029032656812,0.5002014516328406,24018944,32931840,14061568,14786560,
80,2026-10-09T11:18:05.232010+00:00,80.00634297599981,1283,1791541887.37,descendente,0.9995993920001638,0.0,0.0,11145216,19406848,5029888,5385216,
80,2026-10-09T11:18:05.232010+00:00,80.00634297599981,1284,1791541887.37,descendente,0.9996170140002505,3.0011493982026045,1.5005746991013023,97718272,335282176,83951616,85328896,
80,2026-10-09T11:18:05.232010+00:00,80.00634297599981,1285,1791541887.37,descendente,0.9996016959998997,3.001195388128288,1.500597694064144,97701888,335273984,84119552,85588992,
81,2026-10-09T11:18:06.233642+00:00,81.00798550899981,1282,1791541887.28,principal,1.00163247699993,0.0,0.0,24018944,32931840,14061568,14786560,
81,2026-10-09T11:18:06.233642+00:00,81.00798550899981,1283,1791541887.37,descendente,1.0016252330001407,0.0,0.0,11145216,19406848,5029888,5385216,
81,2026-10-09T11:18:06.233642+00:00,81.00798550899981,1284,1791541887.37,descendente,1.0016031850000218,3.993597524352926,1.996798762176463,149889024,387710976,136380416,137757696,
81,2026-10-09T11:18:06.233642+00:00,81.00798550899981,1285,1791541887.37,descendente,1.0018480510002519,0.0,0.0,45531136,282845184,31690752,33160192,
82,2026-10-09T11:18:07.235666+00:00,82.00992918199972,1282,1791541887.28,principal,1.002022775000114,0.9979813083588714,0.4989906541794357,24018944,32931840,14061568,14786560,
82,2026-10-09T11:18:07.235666+00:00,82.00992918199972,1283,1791541887.37,descendente,1.002059067999653,0.0,0.0,11145216,19406848,5029888,5385216,
82,2026-10-09T11:18:07.235666+00:00,82.00992918199972,1284,1791541887.37,descendente,1.002061372999833,3.991771470070008,1.995885735035004,149889024,387710976,136380416,137757696,
82,2026-10-09T11:18:07.235666+00:00,82.00992918199972,1285,1791541887.37,descendente,1.0020847979999417,0.0,0.0,45531136,282845184,31690752,33160192,
83,2026-10-09T11:18:08.226671+00:00,83.00079298699984,1282,1791541887.28,principal,0.9910039689998484,0.0,0.0,24018944,32931840,14061568,14786560,
83,2026-10-09T11:18:08.226671+00:00,83.00079298699984,1283,1791541887.37,descendente,0.9910016530002395,0.0,0.0,11145216,19406848,5029888,5385216,
83,2026-10-09T11:18:08.226671+00:00,83.00079298699984,1284,1791541887.37,descendente,0.9910052870000072,5.045381760914899,2.5226908804574495,149889024,387710976,136380416,137757696,
83,2026-10-09T11:18:08.226671+00:00,83.00079298699984,1285,1791541887.37,descendente,0.991269034999732,0.0,0.0,45531136,282845184,31690752,33160192,
84,2026-10-09T11:18:09.227430+00:00,84.0017489349998,1282,1791541887.28,principal,1.0007607299999108,0.0,0.0,24018944,32931840,14061568,14786560,
84,2026-10-09T11:18:09.227430+00:00,84.0017489349998,1283,1791541887.37,descendente,1.0009389420001753,0.0,0.0,11145216,19406848,5029888,5385216,
84,2026-10-09T11:18:09.227430+00:00,84.0017489349998,1284,1791541887.37,descendente,1.0009479380000812,2.997158879206056,1.498579439603028,97718272,335282176,83951616,85328896,
84,2026-10-09T11:18:09.227430+00:00,84.0017489349998,1285,1791541887.37,descendente,1.0003964050001741,1.9992075041489272,0.9996037520744636,97701888,335273984,84119552,85588992,
85,2026-10-09T11:18:10.233737+00:00,85.0076861839998,1282,1791541887.28,principal,1.0063188439999067,0.0,0.0,24018944,32931840,14061568,14786560,
85,2026-10-09T11:18:10.233737+00:00,85.0076861839998,1283,1791541887.37,descendente,1.0061209399996187,0.0,0.0,11145216,19406848,5029888,5385216,
85,2026-10-09T11:18:10.233737+00:00,85.0076861839998,1284,1791541887.37,descendente,1.0061913879999338,3.975386837638443,1.9876934188192215,149889024,387710976,136380416,137757696,
85,2026-10-09T11:18:10.233737+00:00,85.0076861839998,1285,1791541887.37,descendente,1.0064783480002006,0.9935633508529081,0.4967816754264541,45531136,282845184,31690752,33160192,
86,2026-10-09T11:18:11.229626+00:00,86.00397531899989,1282,1791541887.28,principal,0.9958760610002173,0.0,0.0,24018944,32931840,14061568,14786560,
86,2026-10-09T11:18:11.229626+00:00,86.00397531899989,1283,1791541887.37,descendente,0.995857702000194,0.0,0.0,11145216,19406848,5029888,5385216,
86,2026-10-09T11:18:11.229626+00:00,86.00397531899989,1284,1791541887.37,descendente,0.9958222569998725,2.008390539517951,1.0041952697589756,149889024,387710976,136388608,137765888,
86,2026-10-09T11:18:11.229626+00:00,86.00397531899989,1285,1791541887.37,descendente,0.9959634749998258,0.0,0.0,45531136,282845184,31690752,33160192,
87,2026-10-09T11:18:12.226241+00:00,87.00063283100008,1282,1791541887.28,principal,0.996639581999716,0.0,0.0,24018944,32931840,14061568,14786560,
87,2026-10-09T11:18:12.226241+00:00,87.00063283100008,1283,1791541887.37,descendente,0.9966309120000005,0.0,0.0,11145216,19406848,5029888,5385216,
87,2026-10-09T11:18:12.226241+00:00,87.00063283100008,1284,1791541887.37,descendente,0.9965702990002683,3.0103245129916605,1.5051622564958302,104742912,387710976,91115520,92492800,
87,2026-10-09T11:18:12.226241+00:00,87.00063283100008,1285,1791541887.37,descendente,0.9963779879999493,0.0,0.0,45531136,282845184,31690752,33160192,
88,2026-10-09T11:18:13.232017+00:00,88.00637940599972,1282,1791541887.28,principal,1.0057504740002514,0.0,0.0,24018944,32931840,14061568,14786560,
88,2026-10-09T11:18:13.232017+00:00,88.00637940599972,1283,1791541887.37,descendente,1.0057781969999269,0.0,0.0,11145216,19406848,5029888,5385216,
88,2026-10-09T11:18:13.232017+00:00,88.00637940599972,1284,1791541887.37,descendente,1.0057797689996733,4.9712672238107976,2.4856336119053988,149889024,387710976,136388608,137765888,
88,2026-10-09T11:18:13.232017+00:00,88.00637940599972,1285,1791541887.37,descendente,1.0057940420001614,0.0,0.0,45531136,282845184,31690752,33160192,
89,2026-10-09T11:18:14.230823+00:00,89.0051299669999,1282,1791541887.28,principal,0.9988608509997903,0.0,0.0,24018944,32931840,14061568,14786560,
89,2026-10-09T11:18:14.230823+00:00,89.0051299669999,1283,1791541887.37,descendente,0.9989681759998348,0.0,0.0,11145216,19406848,5029888,5385216,
89,2026-10-09T11:18:14.230823+00:00,89.0051299669999,1284,1791541887.37,descendente,0.9990141340003902,1.0009868388906755,0.5004934194453378,45547520,282853376,31531008,32908288,
89,2026-10-09T11:18:14.230823+00:00,89.0051299669999,1285,1791541887.37,descendente,0.9984298919998764,4.00629030846423,2.003145154232115,149872640,387702784,136548352,138017792,
90,2026-10-09T11:18:15.235418+00:00,90.00976824600002,1282,1791541887.28,principal,1.0045434200001182,0.0,0.0,24018944,32931840,14061568,14786560,
90,2026-10-09T11:18:15.235418+00:00,90.00976824600002,1283,1791541887.37,descendente,1.0044200300003467,0.0,0.0,11145216,19406848,5029888,5385216,
90,2026-10-09T11:18:15.235418+00:00,90.00976824600002,1284,1791541887.37,descendente,1.0043845139998666,0.9956346260431629,0.49781731302158144,97718272,335282176,83959808,85337088,
90,2026-10-09T11:18:15.235418+00:00,90.00976824600002,1285,1791541887.37,descendente,1.0047138019999693,2.985924941041098,1.492962470520549,97701888,335273984,84127744,85597184,
91,2026-10-09T11:18:16.230702+00:00,91.00487987499992,1282,1791541887.28,principal,0.9952904080000735,0.0,0.0,24018944,32931840,14061568,14786560,
91,2026-10-09T11:18:16.230702+00:00,91.00487987499992,1283,1791541887.37,descendente,0.9953337399997508,0.0,0.0,11145216,19406848,5029888,5385216,
91,2026-10-09T11:18:16.230702+00:00,91.00487987499992,1284,1791541887.37,descendente,0.9953391220001322,4.018730814038458,2.009365407019229,149889024,387710976,136388608,137765888,
91,2026-10-09T11:18:16.230702+00:00,91.00487987499992,1285,1791541887.37,descendente,0.9956168100002287,1.004402486936464,0.502201243468232,45531136,282845184,31698944,33168384,
92,2026-10-09T11:18:17.226659+00:00,92.000925672,1282,1791541887.28,principal,0.9959496020001097,0.0,0.0,24018944,32931840,14061568,14786560,
92,2026-10-09T11:18:17.226659+00:00,92.000925672,1283,1791541887.37,descendente,0.9959381100002247,0.0,0.0,11145216,19406848,5029888,5385216,
92,2026-10-09T11:18:17.226659+00:00,92.000925672,1284,1791541887.37,descendente,0.9959341429998858,5.0204122784056855,2.5102061392028427,149889024,387710976,136388608,137765888,
92,2026-10-09T11:18:17.226659+00:00,92.000925672,1285,1791541887.37,descendente,0.9962165509996339,0.0,0.0,45531136,282845184,31698944,33168384,
93,2026-10-09T11:18:18.227519+00:00,93.00184451699988,1282,1791541887.28,principal,1.0008600169999227,0.0,0.0,24018944,32931840,14061568,14786560,
93,2026-10-09T11:18:18.227519+00:00,93.00184451699988,1283,1791541887.37,descendente,1.0008339109999724,0.0,0.0,11145216,19406848,5029888,5385216,
93,2026-10-09T11:18:18.227519+00:00,93.00184451699988,1284,1791541887.37,descendente,1.0008332489996974,3.9966697789046988,1.9983348894523494,97718272,335282176,83959808,85337088,
93,2026-10-09T11:18:18.227519+00:00,93.00184451699988,1285,1791541887.37,descendente,1.0002999050002472,1.9994003698315488,0.9997001849157744,97701888,335273984,84127744,85597184,
94,2026-10-09T11:18:19.226875+00:00,94.00121931700005,1282,1791541887.28,principal,0.9993550649996905,0.0,0.0,24018944,32931840,14061568,14786560,
94,2026-10-09T11:18:19.226875+00:00,94.00121931700005,1283,1791541887.37,descendente,0.9993499439997322,0.0,0.0,11145216,19406848,5029888,5385216,
94,2026-10-09T11:18:19.226875+00:00,94.00121931700005,1284,1791541887.37,descendente,0.9993488560003243,0.0,0.0,45547520,282853376,31531008,32908288,
94,2026-10-09T11:18:19.226875+00:00,94.00121931700005,1285,1791541887.37,descendente,0.9989925330000915,4.004033932052972,2.002016966026486,149872640,387702784,136556544,138025984,
95,2026-10-09T11:18:20.226530+00:00,95.00085012499994,1282,1791541887.28,principal,0.9996568940000543,0.0,0.0,24018944,32931840,14061568,14767104,
95,2026-10-09T11:18:20.226530+00:00,95.00085012499994,1283,1791541887.37,descendente,0.9996546140000646,0.0,0.0,11145216,19406848,5029888,5384192,
95,2026-10-09T11:18:20.226530+00:00,95.00085012499994,1284,1791541887.37,descendente,0.9996566360000543,1.000343481939257,0.5001717409696285,45547520,282853376,31531008,32886784,
95,2026-10-09T11:18:20.226530+00:00,95.00085012499994,1285,1791541887.37,descendente,0.9996627010000338,2.0006748256180735,1.0003374128090368,45531136,282845184,31698944,33142784,
96,2026-10-09T11:18:21.227388+00:00,96.0015056469997,1282,1791541887.28,principal,1.0008619090003776,0.0,0.0,24018944,32931840,14061568,14786560,
96,2026-10-09T11:18:21.227388+00:00,96.0015056469997,1283,1791541887.37,descendente,1.0008750460001465,0.0,0.0,11145216,19406848,5029888,5385216,
96,2026-10-09T11:18:21.227388+00:00,96.0015056469997,1284,1791541887.37,descendente,1.0008806149999145,0.0,0.0,45547520,282853376,31531008,32908288,
96,2026-10-09T11:18:21.227388+00:00,96.0015056469997,1285,1791541887.37,descendente,1.0011278629999651,0.0,0.0,45531136,282845184,31698944,33168384,
97,2026-10-09T11:18:22.226746+00:00,97.00079966199974,1282,1791541887.28,principal,0.9993637219999982,0.0,0.0,24018944,32931840,14061568,14786560,
97,2026-10-09T11:18:22.226746+00:00,97.00079966199974,1283,1791541887.37,descendente,0.999598978999984,0.0,0.0,11145216,19406848,5029888,5385216,
97,2026-10-09T11:18:22.226746+00:00,97.00079966199974,1284,1791541887.37,descendente,1.0000888449999366,0.0,0.0,45547520,282853376,31531008,32908288,
97,2026-10-09T11:18:22.226746+00:00,97.00079966199974,1285,1791541887.37,descendente,0.9999310749999495,0.0,0.0,45531136,282845184,31698944,33168384,
98,2026-10-09T11:18:23.227374+00:00,98.00170328800004,1282,1791541887.28,principal,1.0006188039997141,0.0,0.0,24018944,32931840,14061568,14786560,
98,2026-10-09T11:18:23.227374+00:00,98.00170328800004,1283,1791541887.37,descendente,1.0006329859998004,0.0,0.0,11145216,19406848,5029888,5385216,
98,2026-10-09T11:18:23.227374+00:00,98.00170328800004,1284,1791541887.37,descendente,1.0001471059999858,0.0,0.0,45547520,282853376,31531008,32908288,
98,2026-10-09T11:18:23.227374+00:00,98.00170328800004,1285,1791541887.37,descendente,1.0000558249998903,0.0,0.0,45531136,282845184,31698944,33168384,
99,2026-10-09T11:18:24.226884+00:00,99.00120218699976,1282,1791541887.28,principal,0.9995101800000157,0.0,0.0,24018944,32931840,14061568,14786560,
99,2026-10-09T11:18:24.226884+00:00,99.00120218699976,1283,1791541887.37,descendente,0.9992515420003656,0.0,0.0,11145216,19406848,5029888,5385216,
99,2026-10-09T11:18:24.226884+00:00,99.00120218699976,1284,1791541887.37,descendente,0.9997560080000767,0.0,0.0,45547520,282853376,31531008,32908288,
99,2026-10-09T11:18:24.226884+00:00,99.00120218699976,1285,1791541887.37,descendente,0.9997731650000787,0.0,0.0,45531136,282845184,31698944,33168384,
100,2026-10-09T11:18:25.230437+00:00,100.00476062500002,1282,1791541887.28,principal,1.0035519769999155,0.0,0.0,24018944,32931840,14061568,14786560,
100,2026-10-09T11:18:25.230437+00:00,100.00476062500002,1283,1791541887.37,descendente,1.0035624199999802,0.0,0.0,11145216,19406848,5029888,5385216,
100,2026-10-09T11:18:25.230437+00:00,100.00476062500002,1284,1791541887.37,descendente,1.0030523969999194,0.0,0.0,45547520,282853376,31531008,32908288,
100,2026-10-09T11:18:25.230437+00:00,100.00476062500002,1285,1791541887.37,descendente,1.0030359429997588,0.0,0.0,45531136,282845184,31698944,33168384,
101,2026-10-09T11:18:26.226728+00:00,101.00085995499967,1282,1791541887.28,principal,0.9962909000000764,0.0,0.0,24018944,32931840,14049280,14755840,
101,2026-10-09T11:18:26.226728+00:00,101.00085995499967,1283,1791541887.37,descendente,0.9962754799998947,0.0,0.0,11145216,19406848,5029888,5382144,
101,2026-10-09T11:18:26.226728+00:00,101.00085995499967,1284,1791541887.37,descendente,0.9962793370000327,1.0037345580318362,0.5018672790159181,45547520,282853376,31531008,32886784,
101,2026-10-09T11:18:26.226728+00:00,101.00085995499967,1285,1791541887.37,descendente,0.9962828160000754,1.0037310530104566,0.5018655265052283,45531136,282845184,31698944,33123328,
102,2026-10-09T11:18:27.229037+00:00,102.00335686299968,1282,1791541887.28,principal,1.002308168000127,0.0,0.0,24018944,32931840,14061568,14786560,
102,2026-10-09T11:18:27.229037+00:00,102.00335686299968,1283,1791541887.37,descendente,1.0023644980001336,0.0,0.0,11145216,19406848,5029888,5385216,
102,2026-10-09T11:18:27.229037+00:00,102.00335686299968,1284,1791541887.37,descendente,1.0023552779998681,0.0,0.0,45547520,282853376,31531008,32908288,
102,2026-10-09T11:18:27.229037+00:00,102.00335686299968,1285,1791541887.37,descendente,1.0023409410000568,0.0,0.0,45531136,282845184,31698944,33168384,
103,2026-10-09T11:18:28.227287+00:00,103.00150026799975,1282,1791541887.28,principal,0.9982529519998025,0.0,0.0,24018944,32931840,14061568,14786560,
103,2026-10-09T11:18:28.227287+00:00,103.00150026799975,1283,1791541887.37,descendente,0.9982417999999598,0.0,0.0,11145216,19406848,5029888,5385216,
103,2026-10-09T11:18:28.227287+00:00,103.00150026799975,1284,1791541887.37,descendente,0.9982409399999597,0.0,0.0,45547520,282853376,31531008,32908288,
103,2026-10-09T11:18:28.227287+00:00,103.00150026799975,1285,1791541887.37,descendente,0.9985582379999869,0.0,0.0,45531136,282845184,31698944,33168384,
104,2026-10-09T11:18:29.232950+00:00,104.00731316299971,1282,1791541887.28,principal,1.0056592330001877,0.9943726136901229,0.49718630684506143,24018944,32931840,14061568,14786560,
104,2026-10-09T11:18:29.232950+00:00,104.00731316299971,1283,1791541887.37,descendente,1.0056109429997377,0.0,0.0,11145216,19406848,5029888,5385216,
104,2026-10-09T11:18:29.232950+00:00,104.00731316299971,1284,1791541887.37,descendente,1.0056073529999594,0.0,0.0,45547520,282853376,31531008,32908288,
104,2026-10-09T11:18:29.232950+00:00,104.00731316299971,1285,1791541887.37,descendente,1.0052908010002284,0.0,0.0,45531136,282845184,31698944,33168384,
105,2026-10-09T11:18:30.226748+00:00,105.00080254399973,1282,1791541887.28,principal,0.9938027289999809,0.0,0.0,24018944,32931840,14057472,14756864,
105,2026-10-09T11:18:30.226748+00:00,105.00080254399973,1283,1791541887.37,descendente,0.9938045409999177,0.0,0.0,11145216,19406848,5029888,5383168,
105,2026-10-09T11:18:30.226748+00:00,105.00080254399973,1284,1791541887.37,descendente,0.9945078330001706,0.0,0.0,45547520,282853376,31531008,32869376,
105,2026-10-09T11:18:30.226748+00:00,105.00080254399973,1285,1791541887.37,descendente,0.9945587089996479,0.0,0.0,45531136,282845184,31698944,33099776,
106,2026-10-09T11:18:31.235845+00:00,106.0100963169998,1282,1791541887.28,principal,1.0090922999997929,0.0,0.0,24018944,32931840,14061568,14786560,
106,2026-10-09T11:18:31.235845+00:00,106.0100963169998,1283,1791541887.37,descendente,1.0090938200000892,0.0,0.0,11145216,19406848,5029888,5385216,
106,2026-10-09T11:18:31.235845+00:00,106.0100963169998,1284,1791541887.37,descendente,1.008388838999963,0.0,0.0,45547520,282853376,31531008,32908288,
106,2026-10-09T11:18:31.235845+00:00,106.0100963169998,1285,1791541887.37,descendente,1.0083409020003273,0.0,0.0,45531136,282845184,31698944,33168384,
107,2026-10-09T11:18:32.227525+00:00,107.00179167599981,1282,1791541887.28,principal,0.9916823650000879,0.0,0.0,24018944,32931840,14061568,14786560,
107,2026-10-09T11:18:32.227525+00:00,107.00179167599981,1283,1791541887.37,descendente,0.9916889070000252,0.0,0.0,11145216,19406848,5029888,5385216,
107,2026-10-09T11:18:32.227525+00:00,107.00179167599981,1284,1791541887.37,descendente,0.9916924819999622,0.0,0.0,45547520,282853376,31531008,32908288,
107,2026-10-09T11:18:32.227525+00:00,107.00179167599981,1285,1791541887.37,descendente,0.9917000460000054,0.0,0.0,45531136,282845184,31698944,33168384,
108,2026-10-09T11:18:33.226693+00:00,108.00091642100006,1282,1791541887.28,principal,0.999168266000197,0.0,0.0,24018944,32931840,14061568,14786560,
108,2026-10-09T11:18:33.226693+00:00,108.00091642100006,1283,1791541887.37,descendente,0.9991608230002385,0.0,0.0,11145216,19406848,5029888,5385216,
108,2026-10-09T11:18:33.226693+00:00,108.00091642100006,1284,1791541887.37,descendente,0.9991762499998913,0.0,0.0,45547520,282853376,31531008,32908288,
108,2026-10-09T11:18:33.226693+00:00,108.00091642100006,1285,1791541887.37,descendente,0.9991904369999247,0.0,0.0,45531136,282845184,31698944,33168384,
109,2026-10-09T11:18:34.226725+00:00,109.0009756290001,1282,1791541887.28,principal,1.0000298820000353,0.0,0.0,24018944,32931840,14061568,14786560,
109,2026-10-09T11:18:34.226725+00:00,109.0009756290001,1283,1791541887.37,descendente,1.0000289539998448,0.0,0.0,11145216,19406848,5029888,5385216,
109,2026-10-09T11:18:34.226725+00:00,109.0009756290001,1284,1791541887.37,descendente,1.0000107990003926,0.0,0.0,45547520,282853376,31531008,32908288,
109,2026-10-09T11:18:34.226725+00:00,109.0009756290001,1285,1791541887.37,descendente,1.0000637709999864,0.0,0.0,45531136,282845184,31698944,33168384,
110,2026-10-09T11:18:35.226801+00:00,110.00100704199986,1282,1791541887.28,principal,1.0000768800000515,0.0,0.0,24018944,32931840,14036992,14737408,
110,2026-10-09T11:18:35.226801+00:00,110.00100704199986,1283,1791541887.37,descendente,1.0000810609999462,0.0,0.0,11145216,19406848,5029888,5383168,
110,2026-10-09T11:18:35.226801+00:00,110.00100704199986,1284,1791541887.37,descendente,1.0000900759996512,0.9999099321132824,0.4999549660566412,45547520,282853376,31531008,32871424,
110,2026-10-09T11:18:35.226801+00:00,110.00100704199986,1285,1791541887.37,descendente,1.0000206009999602,0.0,0.0,45531136,282845184,31698944,33104896,
111,2026-10-09T11:18:36.227271+00:00,111.00161865099972,1282,1791541887.28,principal,1.0004675949999182,0.0,0.0,24018944,32931840,14061568,14786560,
111,2026-10-09T11:18:36.227271+00:00,111.00161865099972,1283,1791541887.37,descendente,1.0007029150001472,0.0,0.0,11145216,19406848,5029888,5385216,
111,2026-10-09T11:18:36.227271+00:00,111.00161865099972,1284,1791541887.37,descendente,1.000952093000251,0.0,0.0,45547520,282853376,31531008,32908288,
111,2026-10-09T11:18:36.227271+00:00,111.00161865099972,1285,1791541887.37,descendente,1.000953847999881,0.9990470609590959,0.49952353047954795,45531136,282845184,31698944,33168384,
112,2026-10-09T11:18:37.230753+00:00,112.0050745489998,1282,1791541887.28,principal,1.0034831779998967,0.0,0.0,24018944,32931840,14061568,14786560,
112,2026-10-09T11:18:37.230753+00:00,112.0050745489998,1283,1791541887.37,descendente,1.0032507900000383,0.0,0.0,11145216,19406848,5029888,5385216,
112,2026-10-09T11:18:37.230753+00:00,112.0050745489998,1284,1791541887.37,descendente,1.0029961979998916,0.0,0.0,45547520,282853376,31531008,32908288,
112,2026-10-09T11:18:37.230753+00:00,112.0050745489998,1285,1791541887.37,descendente,1.0033667739999146,0.0,0.0,45531136,282845184,31698944,33168384,
113,2026-10-09T11:18:38.227014+00:00,113.00129648099983,1282,1791541887.28,principal,0.9962619070001892,0.0,0.0,24018944,32931840,14061568,14786560,
113,2026-10-09T11:18:38.227014+00:00,113.00129648099983,1283,1791541887.37,descendente,0.9962617819996922,0.0,0.0,11145216,19406848,5029888,5385216,
113,2026-10-09T11:18:38.227014+00:00,113.00129648099983,1284,1791541887.37,descendente,0.996266088000084,0.0,0.0,45547520,282853376,31531008,32908288,
113,2026-10-09T11:18:38.227014+00:00,113.00129648099983,1285,1791541887.37,descendente,0.9958969220001563,0.0,0.0,45531136,282845184,31698944,33168384,
114,2026-10-09T11:18:39.226499+00:00,114.00062148899997,1282,1791541887.28,principal,0.9994842339997376,0.0,0.0,24018944,32931840,14057472,14759936,
114,2026-10-09T11:18:39.226499+00:00,114.00062148899997,1283,1791541887.37,descendente,0.9994699290000426,0.0,0.0,11145216,19406848,5029888,5381120,
114,2026-10-09T11:18:39.226499+00:00,114.00062148899997,1284,1791541887.37,descendente,0.9994652740001584,0.0,0.0,45547520,282853376,31531008,32883712,
114,2026-10-09T11:18:39.226499+00:00,114.00062148899997,1285,1791541887.37,descendente,0.9994595230000414,0.0,0.0,45531136,282845184,31698944,33118208,
115,2026-10-09T11:18:40.227887+00:00,115.00213172299982,1282,1791541887.28,principal,1.0016144780001923,0.0,0.0,24018944,32931840,14061568,14786560,
115,2026-10-09T11:18:40.227887+00:00,115.00213172299982,1283,1791541887.37,descendente,1.001628372000141,0.0,0.0,11145216,19406848,5029888,5385216,
115,2026-10-09T11:18:40.227887+00:00,115.00213172299982,1284,1791541887.37,descendente,1.001626725999813,0.0,0.0,45547520,282853376,31531008,32908288,
115,2026-10-09T11:18:40.227887+00:00,115.00213172299982,1285,1791541887.37,descendente,1.0016223910001827,0.0,0.0,45531136,282845184,31698944,33168384,
116,2026-10-09T11:18:41.364348+00:00,116.13861205700005,1282,1791541887.28,principal,1.136234130000048,0.0,0.0,24018944,32931840,14061568,14786560,
116,2026-10-09T11:18:41.364348+00:00,116.13861205700005,1283,1791541887.37,descendente,1.13623098700009,0.0,0.0,11145216,19406848,5029888,5385216,
116,2026-10-09T11:18:41.364348+00:00,116.13861205700005,1284,1791541887.37,descendente,1.1363828240000657,0.0,0.0,45547520,282853376,31531008,32908288,
116,2026-10-09T11:18:41.364348+00:00,116.13861205700005,1285,1791541887.37,descendente,1.1366644820000147,0.0,0.0,45531136,282845184,31698944,33168384,
117,2026-10-09T11:18:42.229948+00:00,117.00409875300011,1282,1791541887.28,principal,0.8656003729997792,0.0,0.0,24018944,32931840,14061568,14786560,
117,2026-10-09T11:18:42.229948+00:00,117.00409875300011,1283,1791541887.37,descendente,0.8655972259998634,0.0,0.0,11145216,19406848,5029888,5385216,
117,2026-10-09T11:18:42.229948+00:00,117.00409875300011,1284,1791541887.37,descendente,0.8654405580000457,0.0,0.0,45547520,282853376,31531008,32908288,
117,2026-10-09T11:18:42.229948+00:00,117.00409875300011,1285,1791541887.37,descendente,0.8652910409996366,0.0,0.0,45531136,282845184,31698944,33168384,
118,2026-10-09T11:18:43.226853+00:00,118.00103332199978,1282,1791541887.28,principal,0.9969314559998566,0.0,0.0,24018944,32931840,14061568,14757888,
118,2026-10-09T11:18:43.226853+00:00,118.00103332199978,1283,1791541887.37,descendente,0.9969386910001958,0.0,0.0,11145216,19406848,5029888,5383168,
118,2026-10-09T11:18:43.226853+00:00,118.00103332199978,1284,1791541887.37,descendente,0.9969420590000482,0.0,0.0,45547520,282853376,31531008,32872448,
118,2026-10-09T11:18:43.226853+00:00,118.00103332199978,1285,1791541887.37,descendente,0.99686541400024,0.0,0.0,45531136,282845184,31698944,33093632,
119,2026-10-09T11:18:44.229992+00:00,119.00426999499996,1282,1791541887.28,principal,1.0031125660002544,0.0,0.0,24018944,32931840,14061568,14786560,
119,2026-10-09T11:18:44.229992+00:00,119.00426999499996,1283,1791541887.37,descendente,1.0031054339997354,0.0,0.0,11145216,19406848,5029888,5385216,
119,2026-10-09T11:18:44.229992+00:00,119.00426999499996,1284,1791541887.37,descendente,1.003176233999966,0.0,0.0,45547520,282853376,31531008,32908288,
119,2026-10-09T11:18:44.229992+00:00,119.00426999499996,1285,1791541887.37,descendente,1.0031321559999924,0.0,0.0,45531136,282845184,31698944,33168384,
120,2026-10-09T11:18:45.243248+00:00,120.01766998699986,1282,1791541887.28,principal,1.0132507049997912,0.0,0.0,24018944,32931840,14061568,14786560,
120,2026-10-09T11:18:45.243248+00:00,120.01766998699986,1283,1791541887.37,descendente,1.013241384000139,0.0,0.0,11145216,19406848,5029888,5385216,
120,2026-10-09T11:18:45.243248+00:00,120.01766998699986,1284,1791541887.37,descendente,1.0131607029998122,0.0,0.0,45547520,282853376,31531008,32908288,
120,2026-10-09T11:18:45.243248+00:00,120.01766998699986,1285,1791541887.37,descendente,1.0131382919998941,0.0,0.0,45531136,282845184,31698944,33168384,
121,2026-10-09T11:18:46.226678+00:00,121.00097338099977,1282,1791541887.28,principal,0.9834373430003325,0.0,0.0,24018944,32931840,14061568,14786560,
121,2026-10-09T11:18:46.226678+00:00,121.00097338099977,1283,1791541887.37,descendente,0.9834519659998477,0.0,0.0,11145216,19406848,5029888,5385216,
121,2026-10-09T11:18:46.226678+00:00,121.00097338099977,1284,1791541887.37,descendente,0.9834646300000713,0.0,0.0,45547520,282853376,31531008,32908288,
121,2026-10-09T11:18:46.226678+00:00,121.00097338099977,1285,1791541887.37,descendente,0.9834817900000417,1.0167956439741872,0.5083978219870936,45531136,282845184,31698944,33168384,
122,2026-10-09T11:18:47.241402+00:00,122.01518576099988,1282,1791541887.28,principal,1.014725912999893,0.0,0.0,24018944,32931840,14061568,14786560,
122,2026-10-09T11:18:47.241402+00:00,122.01518576099988,1283,1791541887.37,descendente,1.0147296000000097,0.0,0.0,11145216,19406848,5029888,5385216,
122,2026-10-09T11:18:47.241402+00:00,122.01518576099988,1284,1791541887.37,descendente,1.0147366420001163,0.0,0.0,45547520,282853376,31531008,32908288,
122,2026-10-09T11:18:47.241402+00:00,122.01518576099988,1285,1791541887.37,descendente,1.0150963139999476,0.0,0.0,45531136,282845184,31698944,33168384,
123,2026-10-09T11:18:48.227881+00:00,123.00195560099974,1282,1791541887.28,principal,0.9864743879998059,0.0,0.0,24018944,32931840,14061568,14759936,
123,2026-10-09T11:18:48.227881+00:00,123.00195560099974,1283,1791541887.37,descendente,0.9865102070002649,0.0,0.0,11145216,19406848,5029888,5383168,
123,2026-10-09T11:18:48.227881+00:00,123.00195560099974,1284,1791541887.37,descendente,0.9865051899996615,1.0136794110533993,0.5068397055266997,45547520,282853376,31531008,32868352,
123,2026-10-09T11:18:48.227881+00:00,123.00195560099974,1285,1791541887.37,descendente,0.9861948470002062,0.0,0.0,45531136,282845184,31698944,33101824,
124,2026-10-09T11:18:49.313118+00:00,124.0874391960001,1282,1791541887.28,principal,1.0852366780000011,0.0,0.0,24018944,32931840,14061568,14786560,
124,2026-10-09T11:18:49.313118+00:00,124.0874391960001,1283,1791541887.37,descendente,1.0851892129999214,0.0,0.0,11145216,19406848,5029888,5385216,
124,2026-10-09T11:18:49.313118+00:00,124.0874391960001,1284,1791541887.37,descendente,1.085183096000037,0.0,0.0,45547520,282853376,31531008,32908288,
124,2026-10-09T11:18:49.313118+00:00,124.0874391960001,1285,1791541887.37,descendente,1.0851271339997766,0.0,0.0,45531136,282845184,31698944,33168384,
125,2026-10-09T11:18:50.226774+00:00,125.00108237099994,1282,1791541887.28,principal,0.9136564840000574,0.0,0.0,24018944,32931840,14061568,14786560,
125,2026-10-09T11:18:50.226774+00:00,125.00108237099994,1283,1791541887.37,descendente,0.9136673069997414,0.0,0.0,11145216,19406848,5029888,5385216,
125,2026-10-09T11:18:50.226774+00:00,125.00108237099994,1284,1791541887.37,descendente,0.9136748300002182,0.0,0.0,45547520,282853376,31531008,32908288,
125,2026-10-09T11:18:50.226774+00:00,125.00108237099994,1285,1791541887.37,descendente,0.9136807069999122,0.0,0.0,45531136,282845184,31698944,33168384,
126,2026-10-09T11:18:51.252937+00:00,126.02699047799979,1282,1791541887.28,principal,1.0261690669999552,0.0,0.0,24018944,32931840,14061568,14786560,
126,2026-10-09T11:18:51.252937+00:00,126.02699047799979,1283,1791541887.37,descendente,1.0261860340001476,0.0,0.0,11145216,19406848,5029888,5385216,
126,2026-10-09T11:18:51.252937+00:00,126.02699047799979,1284,1791541887.37,descendente,1.0261903149998943,0.0,0.0,45547520,282853376,31531008,32908288,
126,2026-10-09T11:18:51.252937+00:00,126.02699047799979,1285,1791541887.37,descendente,1.0262105000001611,0.9744589438521621,0.48722947192608107,45531136,282845184,31698944,33168384,
127,2026-10-09T11:18:52.227346+00:00,127.00123939800005,1282,1791541887.28,principal,0.9744085110000924,0.0,0.0,24018944,32931840,14061568,14767104,
127,2026-10-09T11:18:52.227346+00:00,127.00123939800005,1283,1791541887.37,descendente,0.9743986389999009,0.0,0.0,11145216,19406848,5029888,5381120,
127,2026-10-09T11:18:52.227346+00:00,127.00123939800005,1284,1791541887.37,descendente,0.9744034290001764,0.0,0.0,45547520,282853376,31531008,32883712,
127,2026-10-09T11:18:52.227346+00:00,127.00123939800005,1285,1791541887.37,descendente,0.9744156209999346,0.0,0.0,45531136,282845184,31698944,33120256,
128,2026-10-09T11:18:53.262605+00:00,128.03682978100005,1282,1791541887.28,principal,1.0352533909999693,0.0,0.0,24018944,32931840,14061568,14786560,
128,2026-10-09T11:18:53.262605+00:00,128.03682978100005,1283,1791541887.37,descendente,1.0352407230002427,0.0,0.0,11145216,19406848,5029888,5385216,
128,2026-10-09T11:18:53.262605+00:00,128.03682978100005,1284,1791541887.37,descendente,1.0352274599999873,0.0,0.0,45547520,282853376,31531008,32908288,
128,2026-10-09T11:18:53.262605+00:00,128.03682978100005,1285,1791541887.37,descendente,1.035193898000216,0.0,0.0,45531136,282845184,31698944,33168384,
129,2026-10-09T11:18:54.295006+00:00,129.06898326500004,1282,1791541887.28,principal,1.0324172959999487,0.0,0.0,24018944,32931840,14061568,14786560,
129,2026-10-09T11:18:54.295006+00:00,129.06898326500004,1283,1791541887.37,descendente,1.0324697799997011,0.0,0.0,11145216,19406848,5029888,5385216,
129,2026-10-09T11:18:54.295006+00:00,129.06898326500004,1284,1791541887.37,descendente,1.0324999740000749,0.9685230268101742,0.4842615134050871,45547520,282853376,31531008,32908288,
129,2026-10-09T11:18:54.295006+00:00,129.06898326500004,1285,1791541887.37,descendente,1.0325479639996047,0.0,0.0,45531136,282845184,31698944,33168384,
130,2026-10-09T11:18:55.339911+00:00,130.11416549099977,1282,1791541887.28,principal,1.0448913710001762,0.9570372842133771,0.47851864210668854,24018944,32931840,14061568,14786560,
130,2026-10-09T11:18:55.339911+00:00,130.11416549099977,1283,1791541887.37,descendente,1.0448409680002442,0.0,0.0,11145216,19406848,5029888,5385216,
130,2026-10-09T11:18:55.339911+00:00,130.11416549099977,1284,1791541887.37,descendente,1.0448109409999233,0.0,0.0,45547520,282853376,31531008,32908288,
130,2026-10-09T11:18:55.339911+00:00,130.11416549099977,1285,1791541887.37,descendente,1.0447669550003411,0.0,0.0,45531136,282845184,31698944,33168384,
131,2026-10-09T11:18:56.226389+00:00,131.00057412499973,1282,1791541887.28,principal,0.8864776760001405,0.0,0.0,24018944,32931840,14061568,14786560,
131,2026-10-09T11:18:56.226389+00:00,131.00057412499973,1283,1791541887.37,descendente,0.8864743740000449,0.0,0.0,11145216,19406848,5029888,5385216,
131,2026-10-09T11:18:56.226389+00:00,131.00057412499973,1284,1791541887.37,descendente,0.8864748490000238,0.0,0.0,45547520,282853376,31531008,32908288,
131,2026-10-09T11:18:56.226389+00:00,131.00057412499973,1285,1791541887.37,descendente,0.8864681279997058,0.0,0.0,45531136,282845184,31698944,33168384,
132,2026-10-09T11:18:57.226804+00:00,132.00096076299997,1282,1791541887.28,principal,1.0004169339999862,0.0,0.0,24018944,32931840,14061568,14772224,
132,2026-10-09T11:18:57.226804+00:00,132.00096076299997,1283,1791541887.37,descendente,1.0004603439997481,0.0,0.0,11145216,19406848,5029888,5384192,
132,2026-10-09T11:18:57.226804+00:00,132.00096076299997,1284,1791541887.37,descendente,1.0006523359998027,0.0,0.0,45547520,282853376,31531008,32885760,
132,2026-10-09T11:18:57.226804+00:00,132.00096076299997,1285,1791541887.37,descendente,1.0007321210000555,0.0,0.0,45531136,282845184,31698944,33135616,
133,2026-10-09T11:18:58.321564+00:00,133.09577517199978,1282,1791541887.28,principal,1.0947545869998976,0.0,0.0,24018944,32931840,14061568,14786560,
133,2026-10-09T11:18:58.321564+00:00,133.09577517199978,1283,1791541887.37,descendente,1.0947339700001066,0.0,0.0,11145216,19406848,5029888,5385216,
133,2026-10-09T11:18:58.321564+00:00,133.09577517199978,1284,1791541887.37,descendente,1.0945401280000624,0.0,0.0,45547520,282853376,31531008,32908288,
133,2026-10-09T11:18:58.321564+00:00,133.09577517199978,1285,1791541887.37,descendente,1.0944846370002779,0.913672029915891,0.4568360149579455,45531136,282845184,31698944,33168384,
134,2026-10-09T11:18:59.290454+00:00,134.0647453219999,1282,1791541887.28,principal,0.9688898429999426,0.0,0.0,24018944,32931840,14061568,14786560,
134,2026-10-09T11:18:59.290454+00:00,134.0647453219999,1283,1791541887.37,descendente,0.9688644930001828,0.0,0.0,11145216,19406848,5029888,5385216,
134,2026-10-09T11:18:59.290454+00:00,134.0647453219999,1284,1791541887.37,descendente,0.9688633729997491,0.0,0.0,45547520,282853376,31531008,32908288,
134,2026-10-09T11:18:59.290454+00:00,134.0647453219999,1285,1791541887.37,descendente,0.9688653729999714,0.0,0.0,45531136,282845184,31698944,33168384,
135,2026-10-09T11:19:00.226630+00:00,135.00092293199987,1282,1791541887.28,principal,0.936178739999832,0.0,0.0,24018944,32931840,14061568,14786560,
135,2026-10-09T11:19:00.226630+00:00,135.00092293199987,1283,1791541887.37,descendente,0.9361856659998011,0.0,0.0,11145216,19406848,5029888,5385216,
135,2026-10-09T11:19:00.226630+00:00,135.00092293199987,1284,1791541887.37,descendente,0.9361868060000234,0.0,0.0,45547520,282853376,31531008,32908288,
135,2026-10-09T11:19:00.226630+00:00,135.00092293199987,1285,1791541887.37,descendente,0.9361697780000213,0.0,0.0,45531136,282845184,31698944,33168384,
136,2026-10-09T11:19:01.226590+00:00,136.0006871759997,1282,1791541887.28,principal,0.9999585400000797,0.0,0.0,24018944,32931840,14061568,14760960,
136,2026-10-09T11:19:01.226590+00:00,136.0006871759997,1283,1791541887.37,descendente,0.9999427789998663,0.0,0.0,11145216,19406848,5029888,5382144,
136,2026-10-09T11:19:01.226590+00:00,136.0006871759997,1284,1791541887.37,descendente,0.9999374140002146,0.0,0.0,45547520,282853376,31531008,32882688,
136,2026-10-09T11:19:01.226590+00:00,136.0006871759997,1285,1791541887.37,descendente,0.9999273359999279,0.0,0.0,45531136,282845184,31698944,33126400,
137,2026-10-09T11:19:02.226921+00:00,137.00123675099985,1282,1791541887.28,principal,1.0003311870000289,0.0,0.0,24018944,32931840,14061568,14786560,
137,2026-10-09T11:19:02.226921+00:00,137.00123675099985,1283,1791541887.37,descendente,1.000343463000263,0.0,0.0,11145216,19406848,5029888,5385216,
137,2026-10-09T11:19:02.226921+00:00,137.00123675099985,1284,1791541887.37,descendente,1.0003501989999677,0.0,0.0,45547520,282853376,31531008,32908288,
137,2026-10-09T11:19:02.226921+00:00,137.00123675099985,1285,1791541887.37,descendente,1.0003584000000956,0.0,0.0,45531136,282845184,31698944,33168384,
138,2026-10-09T11:19:03.226511+00:00,138.00074203099985,1282,1791541887.28,principal,0.9995925590001207,0.0,0.0,24018944,32931840,14061568,14786560,
138,2026-10-09T11:19:03.226511+00:00,138.00074203099985,1283,1791541887.37,descendente,0.999597994999931,0.0,0.0,11145216,19406848,5029888,5385216,
138,2026-10-09T11:19:03.226511+00:00,138.00074203099985,1284,1791541887.37,descendente,0.9996034629998576,0.0,0.0,45547520,282853376,31531008,32908288,
138,2026-10-09T11:19:03.226511+00:00,138.00074203099985,1285,1791541887.37,descendente,0.9996600589997797,0.0,0.0,45531136,282845184,31698944,33168384,
139,2026-10-09T11:19:04.226335+00:00,139.00061767299985,1282,1791541887.28,principal,0.9998291530000643,0.0,0.0,24018944,32931840,14061568,14786560,
139,2026-10-09T11:19:04.226335+00:00,139.00061767299985,1283,1791541887.37,descendente,0.9998274489998948,0.0,0.0,11145216,19406848,5029888,5385216,
139,2026-10-09T11:19:04.226335+00:00,139.00061767299985,1284,1791541887.37,descendente,0.9998212479999893,1.000178783958157,0.5000893919790785,45547520,282853376,31531008,32908288,
139,2026-10-09T11:19:04.226335+00:00,139.00061767299985,1285,1791541887.37,descendente,0.9998184770001899,0.0,0.0,45531136,282845184,31698944,33168384,
140,2026-10-09T11:19:05.227448+00:00,140.00168234300008,1282,1791541887.28,principal,1.001109637999889,0.0,0.0,24018944,32931840,14061568,14786560,
140,2026-10-09T11:19:05.227448+00:00,140.00168234300008,1283,1791541887.37,descendente,1.0011030250002477,0.0,0.0,11145216,19406848,5029888,5385216,
140,2026-10-09T11:19:05.227448+00:00,140.00168234300008,1284,1791541887.37,descendente,1.0013714510000682,0.0,0.0,45547520,282853376,31531008,32908288,
140,2026-10-09T11:19:05.227448+00:00,140.00168234300008,1285,1791541887.37,descendente,1.0016093770000225,0.0,0.0,45531136,282845184,31698944,33168384,
141,2026-10-09T11:19:06.270165+00:00,141.04301710399977,1282,1791541887.28,principal,1.042717767999875,0.0,0.0,24018944,32931840,14061568,14760960,
141,2026-10-09T11:19:06.270165+00:00,141.04301710399977,1283,1791541887.37,descendente,1.0427254579999499,0.0,0.0,11145216,19406848,5029888,5383168,
141,2026-10-09T11:19:06.270165+00:00,141.04301710399977,1284,1791541887.37,descendente,1.042460353000024,0.0,0.0,45547520,282853376,31531008,32873472,
141,2026-10-09T11:19:06.270165+00:00,141.04301710399977,1285,1791541887.37,descendente,1.0421826329998112,0.0,0.0,45531136,282845184,31698944,33102848,
142,2026-10-09T11:19:07.227622+00:00,142.00180027199985,1282,1791541887.28,principal,0.9574529440001243,0.0,0.0,24018944,32931840,14061568,14786560,
142,2026-10-09T11:19:07.227622+00:00,142.00180027199985,1283,1791541887.37,descendente,0.9574441780000598,0.0,0.0,11145216,19406848,5029888,5385216,
142,2026-10-09T11:19:07.227622+00:00,142.00180027199985,1284,1791541887.37,descendente,0.9574390850002601,0.0,0.0,45547520,282853376,31531008,32908288,
142,2026-10-09T11:19:07.227622+00:00,142.00180027199985,1285,1791541887.37,descendente,0.9577154990001873,1.0441514218409456,0.5220757109204728,45531136,282845184,31698944,33168384,
143,2026-10-09T11:19:08.230432+00:00,143.00434990699978,1282,1791541887.28,principal,1.0028093470000385,0.0,0.0,24018944,32931840,14061568,14786560,
143,2026-10-09T11:19:08.230432+00:00,143.00434990699978,1283,1791541887.37,descendente,1.002815880000071,0.0,0.0,11145216,19406848,5029888,5385216,
143,2026-10-09T11:19:08.230432+00:00,143.00434990699978,1284,1791541887.37,descendente,1.0028232739996383,0.0,0.0,45547520,282853376,31531008,32908288,
143,2026-10-09T11:19:08.230432+00:00,143.00434990699978,1285,1791541887.37,descendente,1.0025331130000268,0.0,0.0,45531136,282845184,31698944,33168384,
144,2026-10-09T11:19:09.233130+00:00,144.0074362739997,1282,1791541887.28,principal,1.0026984659998561,0.0,0.0,24018944,32931840,14061568,14786560,
144,2026-10-09T11:19:09.233130+00:00,144.0074362739997,1283,1791541887.37,descendente,1.0027020799998354,0.0,0.0,11145216,19406848,5029888,5385216,
144,2026-10-09T11:19:09.233130+00:00,144.0074362739997,1284,1791541887.37,descendente,1.0027003320001313,0.0,0.0,45547520,282853376,31531008,32908288,
144,2026-10-09T11:19:09.233130+00:00,144.0074362739997,1285,1791541887.37,descendente,1.0026996249998774,0.0,0.0,45531136,282845184,31698944,33168384,
145,2026-10-09T11:19:10.226756+00:00,145.00084978099994,1282,1791541887.28,principal,0.9936268559999917,0.0,0.0,24018944,32931840,14061568,14758912,
145,2026-10-09T11:19:10.226756+00:00,145.00084978099994,1283,1791541887.37,descendente,0.9936138039997786,0.0,0.0,11145216,19406848,5029888,5381120,
145,2026-10-09T11:19:10.226756+00:00,145.00084978099994,1284,1791541887.37,descendente,0.9936537490002593,0.0,0.0,45547520,282853376,31531008,32881664,
145,2026-10-09T11:19:10.226756+00:00,145.00084978099994,1285,1791541887.37,descendente,0.993655435999699,0.0,0.0,45531136,282845184,31698944,33125376,
146,2026-10-09T11:19:11.231846+00:00,146.00614158200005,1282,1791541887.28,principal,1.0050906820001728,0.0,0.0,24018944,32931840,14061568,14786560,
146,2026-10-09T11:19:11.231846+00:00,146.00614158200005,1283,1791541887.37,descendente,1.005108416999974,0.0,0.0,11145216,19406848,5029888,5385216,
146,2026-10-09T11:19:11.231846+00:00,146.00614158200005,1284,1791541887.37,descendente,1.0050701000000117,0.0,0.0,45547520,282853376,31531008,32908288,
146,2026-10-09T11:19:11.231846+00:00,146.00614158200005,1285,1791541887.37,descendente,1.0050733190000756,0.0,0.0,45531136,282845184,31698944,33168384,
147,2026-10-09T11:19:12.233301+00:00,147.00759175599978,1282,1791541887.28,principal,1.0014563039999302,0.0,0.0,24018944,32931840,14061568,14786560,
147,2026-10-09T11:19:12.233301+00:00,147.00759175599978,1283,1791541887.37,descendente,1.001457111000036,0.0,0.0,11145216,19406848,5029888,5385216,
147,2026-10-09T11:19:12.233301+00:00,147.00759175599978,1284,1791541887.37,descendente,1.001462392999656,0.9985397424707112,0.4992698712353556,45547520,282853376,31531008,32908288,
147,2026-10-09T11:19:12.233301+00:00,147.00759175599978,1285,1791541887.37,descendente,1.0014649600002485,0.0,0.0,45531136,282845184,31698944,33168384,
148,2026-10-09T11:19:13.233037+00:00,148.00702401599983,1282,1791541887.28,principal,0.999742139999853,0.0,0.0,24018944,32931840,14061568,14786560,
148,2026-10-09T11:19:13.233037+00:00,148.00702401599983,1283,1791541887.37,descendente,0.9997339540000212,0.0,0.0,11145216,19406848,5029888,5385216,
148,2026-10-09T11:19:13.233037+00:00,148.00702401599983,1284,1791541887.37,descendente,0.99972367700002,0.0,0.0,45547520,282853376,31531008,32908288,
148,2026-10-09T11:19:13.233037+00:00,148.00702401599983,1285,1791541887.37,descendente,0.999778342999889,0.0,0.0,45531136,282845184,31698944,33168384,
149,2026-10-09T11:19:14.226799+00:00,149.00078096299967,1282,1791541887.28,principal,0.9937560560001657,0.0,0.0,24018944,32931840,14057472,14754816,
149,2026-10-09T11:19:14.226799+00:00,149.00078096299967,1283,1791541887.37,descendente,0.9937557650000599,0.0,0.0,11145216,19406848,5029888,5382144,
149,2026-10-09T11:19:14.226799+00:00,149.00078096299967,1284,1791541887.37,descendente,0.9937645620002513,0.0,0.0,45547520,282853376,31526912,32862208,
149,2026-10-09T11:19:14.226799+00:00,149.00078096299967,1285,1791541887.37,descendente,0.99373223900011,0.0,0.0,45531136,282845184,31698944,33094656,
150,2026-10-09T11:19:15.234494+00:00,150.00832371199976,1282,1791541887.28,principal,1.0077115439999034,0.0,0.0,24018944,32931840,14061568,14786560,
150,2026-10-09T11:19:15.234494+00:00,150.00832371199976,1283,1791541887.37,descendente,1.0077605050000784,0.0,0.0,11145216,19406848,5029888,5385216,
150,2026-10-09T11:19:15.234494+00:00,150.00832371199976,1284,1791541887.37,descendente,1.0077895750000607,0.0,0.0,45547520,282853376,31531008,32908288,
150,2026-10-09T11:19:15.234494+00:00,150.00832371199976,1285,1791541887.37,descendente,1.0078015049998612,0.0,0.0,45531136,282845184,31698944,33168384,
151,2026-10-09T11:19:16.226865+00:00,151.0011514339999,1282,1791541887.28,principal,0.9923498620000828,0.0,0.0,24018944,32931840,14061568,14786560,
151,2026-10-09T11:19:16.226865+00:00,151.0011514339999,1283,1791541887.37,descendente,0.9923000399999182,0.0,0.0,11145216,19406848,5029888,5385216,
151,2026-10-09T11:19:16.226865+00:00,151.0011514339999,1284,1791541887.37,descendente,0.9922684419998404,0.0,0.0,45547520,282853376,31531008,32908288,
151,2026-10-09T11:19:16.226865+00:00,151.0011514339999,1285,1791541887.37,descendente,0.9922300270000051,0.0,0.0,45531136,282845184,31698944,33168384,
152,2026-10-09T11:19:17.226759+00:00,152.00099875199976,1282,1791541887.28,principal,0.9998955219998606,0.0,0.0,24018944,32931840,14061568,14786560,
152,2026-10-09T11:19:17.226759+00:00,152.00099875199976,1283,1791541887.37,descendente,0.9999289880001925,0.0,0.0,11145216,19406848,5029888,5385216,
152,2026-10-09T11:19:17.226759+00:00,152.00099875199976,1284,1791541887.37,descendente,0.9999305090000234,0.0,0.0,45547520,282853376,31531008,32908288,
152,2026-10-09T11:19:17.226759+00:00,152.00099875199976,1285,1791541887.37,descendente,0.9999539039999945,1.0000460981247457,0.5000230490623728,45531136,282845184,31698944,33168384,
153,2026-10-09T11:19:18.226695+00:00,153.0010075360001,1282,1791541887.28,principal,0.9999368329999925,0.0,0.0,24018944,32931840,14061568,14786560,
153,2026-10-09T11:19:18.226695+00:00,153.0010075360001,1283,1791541887.37,descendente,0.9999070379999466,0.0,0.0,11145216,19406848,5029888,5385216,
153,2026-10-09T11:19:18.226695+00:00,153.0010075360001,1284,1791541887.37,descendente,0.9999052610000945,0.0,0.0,45547520,282853376,31531008,32908288,
153,2026-10-09T11:19:18.226695+00:00,153.0010075360001,1285,1791541887.37,descendente,0.9998803130001761,0.0,0.0,45531136,282845184,31698944,33168384,
154,2026-10-09T11:19:19.226563+00:00,154.00074359600012,1282,1791541887.28,principal,0.9998652449999099,0.0,0.0,24018944,32931840,14061568,14757888,
154,2026-10-09T11:19:19.226563+00:00,154.00074359600012,1283,1791541887.37,descendente,0.9998524849997921,0.0,0.0,11145216,19406848,5029888,5383168,
154,2026-10-09T11:19:19.226563+00:00,154.00074359600012,1284,1791541887.37,descendente,0.9998417819997485,0.0,0.0,45547520,282853376,31531008,32873472,
154,2026-10-09T11:19:19.226563+00:00,154.00074359600012,1285,1791541887.37,descendente,1.000393903999793,0.0,0.0,45531136,282845184,31698944,33099776,
155,2026-10-09T11:19:20.227223+00:00,155.0015364349997,1282,1791541887.28,principal,1.000661976000174,0.0,0.0,24018944,32931840,14061568,14786560,
155,2026-10-09T11:19:20.227223+00:00,155.0015364349997,1283,1791541887.37,descendente,1.0006711220003126,0.0,0.0,11145216,19406848,5029888,5385216,
155,2026-10-09T11:19:20.227223+00:00,155.0015364349997,1284,1791541887.37,descendente,1.000676730000123,0.0,0.0,45547520,282853376,31531008,32908288,
155,2026-10-09T11:19:20.227223+00:00,155.0015364349997,1285,1791541887.37,descendente,1.0001201549998768,0.0,0.0,45531136,282845184,31698944,33168384,
156,2026-10-09T11:19:21.230448+00:00,156.0046837740001,1282,1791541887.28,principal,1.0032262780000565,0.0,0.0,24018944,32931840,14061568,14786560,
156,2026-10-09T11:19:21.230448+00:00,156.0046837740001,1283,1791541887.37,descendente,1.0032279039996865,0.0,0.0,11145216,19406848,5029888,5385216,
156,2026-10-09T11:19:21.230448+00:00,156.0046837740001,1284,1791541887.37,descendente,1.0032387900000685,0.0,0.0,45547520,282853376,31531008,32908288,
156,2026-10-09T11:19:21.230448+00:00,156.0046837740001,1285,1791541887.37,descendente,1.003240530000312,0.0,0.0,45531136,282845184,31698944,33168384,
157,2026-10-09T11:19:22.226396+00:00,157.00061067399974,1282,1791541887.28,principal,0.9959491119998347,0.0,0.0,24018944,32931840,14061568,14767104,
157,2026-10-09T11:19:22.226396+00:00,157.00061067399974,1283,1791541887.37,descendente,0.9959488310000779,0.0,0.0,11145216,19406848,5029888,5382144,
157,2026-10-09T11:19:22.226396+00:00,157.00061067399974,1284,1791541887.37,descendente,0.995941116999802,0.0,0.0,45547520,282853376,31531008,32882688,
157,2026-10-09T11:19:22.226396+00:00,157.00061067399974,1285,1791541887.37,descendente,0.9959484040000461,0.0,0.0,45531136,282845184,31698944,33123328,
158,2026-10-09T11:19:23.227772+00:00,158.00210781999976,1282,1791541887.28,principal,1.0013714920000893,0.0,0.0,24018944,32931840,14061568,14786560,
158,2026-10-09T11:19:23.227772+00:00,158.00210781999976,1283,1791541887.37,descendente,1.0013577889999397,0.0,0.0,11145216,19406848,5029888,5385216,
158,2026-10-09T11:19:23.227772+00:00,158.00210781999976,1284,1791541887.37,descendente,1.0013443380003082,0.9986574668180436,0.4993287334090218,45547520,282853376,31531008,32908288,
158,2026-10-09T11:19:23.227772+00:00,158.00210781999976,1285,1791541887.37,descendente,1.0013194299999668,0.0,0.0,45531136,282845184,31698944,33168384,
159,2026-10-09T11:19:24.226365+00:00,159.0006901329998,1282,1791541887.28,principal,0.9985932270001285,0.0,0.0,24018944,32931840,14061568,14786560,
159,2026-10-09T11:19:24.226365+00:00,159.0006901329998,1283,1791541887.37,descendente,0.9985991070002456,0.0,0.0,11145216,19406848,5029888,5385216,
159,2026-10-09T11:19:24.226365+00:00,159.0006901329998,1284,1791541887.37,descendente,0.9986035259998971,0.0,0.0,45547520,282853376,31531008,32908288,
159,2026-10-09T11:19:24.226365+00:00,159.0006901329998,1285,1791541887.37,descendente,0.9986095479998767,0.0,0.0,45531136,282845184,31698944,33168384,
160,2026-10-09T11:19:25.226738+00:00,160.00105650299975,1282,1791541887.28,principal,1.0003743039997062,0.0,0.0,24018944,32931840,14061568,14786560,
160,2026-10-09T11:19:25.226738+00:00,160.00105650299975,1283,1791541887.37,descendente,1.0003739999997379,0.0,0.0,11145216,19406848,5029888,5385216,
160,2026-10-09T11:19:25.226738+00:00,160.00105650299975,1284,1791541887.37,descendente,1.0003733119997378,0.0,0.0,45547520,282853376,31531008,32908288,
160,2026-10-09T11:19:25.226738+00:00,160.00105650299975,1285,1791541887.37,descendente,1.0003750480000235,0.0,0.0,45531136,282845184,31698944,33168384,
161,2026-10-09T11:19:26.226367+00:00,161.000584763,1282,1791541887.28,principal,0.9996301310002309,0.0,0.0,24018944,32931840,14061568,14786560,
161,2026-10-09T11:19:26.226367+00:00,161.000584763,1283,1791541887.37,descendente,0.9996438950001902,0.0,0.0,11145216,19406848,5029888,5385216,
161,2026-10-09T11:19:26.226367+00:00,161.000584763,1284,1791541887.37,descendente,0.999652879000223,0.0,0.0,45547520,282853376,31531008,32908288,
161,2026-10-09T11:19:26.226367+00:00,161.000584763,1285,1791541887.37,descendente,0.9996593239998219,0.0,0.0,45531136,282845184,31698944,33168384,
162,2026-10-09T11:19:27.227350+00:00,162.00164659899974,1282,1791541887.28,principal,1.0009811559998525,0.0,0.0,24018944,32931840,14061568,14760960,
162,2026-10-09T11:19:27.227350+00:00,162.00164659899974,1283,1791541887.37,descendente,1.0009750720000739,0.0,0.0,11145216,19406848,5029888,5383168,
162,2026-10-09T11:19:27.227350+00:00,162.00164659899974,1284,1791541887.37,descendente,1.0012669719999394,0.0,0.0,45547520,282853376,31531008,32869376,
162,2026-10-09T11:19:27.227350+00:00,162.00164659899974,1285,1791541887.37,descendente,1.0012833730002058,0.0,0.0,45531136,282845184,31698944,33101824,
163,2026-10-09T11:19:28.228410+00:00,163.00268852699992,1282,1791541887.28,principal,1.0010622499999045,0.0,0.0,24018944,32931840,14061568,14786560,
163,2026-10-09T11:19:28.228410+00:00,163.00268852699992,1283,1791541887.37,descendente,1.001064593999672,0.0,0.0,11145216,19406848,5029888,5385216,
163,2026-10-09T11:19:28.228410+00:00,163.00268852699992,1284,1791541887.37,descendente,1.0007683650001127,0.0,0.0,45547520,282853376,31531008,32908288,
163,2026-10-09T11:19:28.228410+00:00,163.00268852699992,1285,1791541887.37,descendente,1.0007578129998365,0.0,0.0,45531136,282845184,31698944,33168384,
164,2026-10-09T11:19:29.232341+00:00,164.0066029479999,1282,1791541887.28,principal,1.003930285000024,0.0,0.0,24018944,32931840,14061568,14786560,
164,2026-10-09T11:19:29.232341+00:00,164.0066029479999,1283,1791541887.37,descendente,1.0039270190000025,0.0,0.0,11145216,19406848,5029888,5385216,
164,2026-10-09T11:19:29.232341+00:00,164.0066029479999,1284,1791541887.37,descendente,1.003929343999971,0.0,0.0,45547520,282853376,31531008,32908288,
164,2026-10-09T11:19:29.232341+00:00,164.0066029479999,1285,1791541887.37,descendente,1.0039268830000765,0.9960884770928882,0.4980442385464441,45531136,282845184,31698944,33168384,
165,2026-10-09T11:19:30.226820+00:00,165.00114944799998,1282,1791541887.28,principal,0.9944771100003891,0.0,0.0,24018944,32931840,14061568,14786560,
165,2026-10-09T11:19:30.226820+00:00,165.00114944799998,1283,1791541887.37,descendente,0.9945053190003819,0.0,0.0,11145216,19406848,5029888,5385216,
165,2026-10-09T11:19:30.226820+00:00,165.00114944799998,1284,1791541887.37,descendente,0.9945102629999383,1.005520040571005,0.5027600202855025,45547520,282853376,31531008,32908288,
165,2026-10-09T11:19:30.226820+00:00,165.00114944799998,1285,1791541887.37,descendente,0.9945028349998211,0.0,0.0,45531136,282845184,31698944,33168384,
166,2026-10-09T11:19:31.226633+00:00,166.00088148399982,1282,1791541887.28,principal,0.9998137189995759,1.0001863157075015,0.5000931578537507,24018944,32931840,14061568,14767104,
166,2026-10-09T11:19:31.226633+00:00,166.00088148399982,1283,1791541887.37,descendente,1.0000423589999627,0.0,0.0,11145216,19406848,5029888,5380096,
166,2026-10-09T11:19:31.226633+00:00,166.00088148399982,1284,1791541887.37,descendente,1.0000479830000586,0.0,0.0,45547520,282853376,31531008,32881664,
166,2026-10-09T11:19:31.226633+00:00,166.00088148399982,1285,1791541887.37,descendente,1.0002763750003396,0.0,0.0,45531136,282845184,31698944,33123328,
167,2026-10-09T11:19:32.228844+00:00,167.0031911289998,1282,1791541887.28,principal,1.002211804000126,0.0,0.0,24018944,32931840,14061568,14786560,
167,2026-10-09T11:19:32.228844+00:00,167.0031911289998,1283,1791541887.37,descendente,1.001947566999661,0.0,0.0,11145216,19406848,5029888,5385216,
167,2026-10-09T11:19:32.228844+00:00,167.0031911289998,1284,1791541887.37,descendente,1.0019288589996904,0.0,0.0,45547520,282853376,31531008,32908288,
167,2026-10-09T11:19:32.228844+00:00,167.0031911289998,1285,1791541887.37,descendente,1.001702441999896,0.0,0.0,45531136,282845184,31698944,33168384,
168,2026-10-09T11:19:33.226695+00:00,168.00107294400004,1282,1791541887.28,principal,0.9978506430002199,0.0,0.0,24018944,32931840,14061568,14786560,
168,2026-10-09T11:19:33.226695+00:00,168.00107294400004,1283,1791541887.37,descendente,0.9981133300002512,0.0,0.0,11145216,19406848,5029888,5385216,
168,2026-10-09T11:19:33.226695+00:00,168.00107294400004,1284,1791541887.37,descendente,0.9981375690003915,0.0,0.0,45547520,282853376,31531008,32908288,
168,2026-10-09T11:19:33.226695+00:00,168.00107294400004,1285,1791541887.37,descendente,0.9983785879999232,0.0,0.0,45531136,282845184,31698944,33168384,
169,2026-10-09T11:19:34.228708+00:00,169.00307878600006,1282,1791541887.28,principal,1.0020112649999646,0.0,0.0,24018944,32931840,14061568,14786560,
169,2026-10-09T11:19:34.228708+00:00,169.00307878600006,1283,1791541887.37,descendente,1.001786065000033,0.0,0.0,11145216,19406848,5029888,5385216,
169,2026-10-09T11:19:34.228708+00:00,169.00307878600006,1284,1791541887.37,descendente,1.0017709179996928,0.0,0.0,45547520,282853376,31531008,32908288,
169,2026-10-09T11:19:34.228708+00:00,169.00307878600006,1285,1791541887.37,descendente,1.001528184000108,0.0,0.0,45531136,282845184,31698944,33168384,
170,2026-10-09T11:19:35.226584+00:00,170.00080159499976,1282,1791541887.28,principal,0.9978810160000648,0.0,0.0,24018944,32931840,14061568,14786560,
170,2026-10-09T11:19:35.226584+00:00,170.00080159499976,1283,1791541887.37,descendente,0.9978542700000617,0.0,0.0,11145216,19406848,5029888,5385216,
170,2026-10-09T11:19:35.226584+00:00,170.00080159499976,1284,1791541887.37,descendente,0.9978554790000089,0.0,0.0,45547520,282853376,31531008,32908288,
170,2026-10-09T11:19:35.226584+00:00,170.00080159499976,1285,1791541887.37,descendente,0.9981241380000938,0.0,0.0,45531136,282845184,31698944,33168384,
171,2026-10-09T11:19:36.226553+00:00,171.00076113399973,1282,1791541887.28,principal,0.9999646399996891,0.0,0.0,24018944,32931840,14061568,14755840,
171,2026-10-09T11:19:36.226553+00:00,171.00076113399973,1283,1791541887.37,descendente,0.9999499779996768,0.0,0.0,11145216,19406848,5029888,5383168,
171,2026-10-09T11:19:36.226553+00:00,171.00076113399973,1284,1791541887.37,descendente,0.9999429990002682,0.0,0.0,45547520,282853376,31531008,32872448,
171,2026-10-09T11:19:36.226553+00:00,171.00076113399973,1285,1791541887.37,descendente,0.9997051509999437,0.0,0.0,45531136,282845184,31698944,33110016,
172,2026-10-09T11:19:37.231093+00:00,172.0054591590001,1282,1791541887.28,principal,1.0045387029999802,0.0,0.0,24018944,32931840,14061568,14786560,
172,2026-10-09T11:19:37.231093+00:00,172.0054591590001,1283,1791541887.37,descendente,1.0046139710002535,0.0,0.0,11145216,19406848,5029888,5385216,
172,2026-10-09T11:19:37.231093+00:00,172.0054591590001,1284,1791541887.37,descendente,1.0046189069998945,0.0,0.0,45547520,282853376,31531008,32908288,
172,2026-10-09T11:19:37.231093+00:00,172.0054591590001,1285,1791541887.37,descendente,1.004587248000007,0.0,0.0,45531136,282845184,31698944,33168384,
173,2026-10-09T11:19:38.226503+00:00,173.00072326300005,1282,1791541887.28,principal,0.9954110740000033,0.0,0.0,24018944,32931840,14061568,14786560,
173,2026-10-09T11:19:38.226503+00:00,173.00072326300005,1283,1791541887.37,descendente,0.9953763119997348,0.0,0.0,11145216,19406848,5029888,5385216,
173,2026-10-09T11:19:38.226503+00:00,173.00072326300005,1284,1791541887.37,descendente,0.995370610000009,1.0046509209267989,0.5023254604633994,45547520,282853376,31531008,32908288,
173,2026-10-09T11:19:38.226503+00:00,173.00072326300005,1285,1791541887.37,descendente,0.9955613019997145,0.0,0.0,45531136,282845184,31698944,33168384,
174,2026-10-09T11:19:39.229598+00:00,174.00386180799978,1282,1791541887.28,principal,1.00309693600002,0.0,0.0,24018944,32931840,14061568,14786560,
174,2026-10-09T11:19:39.229598+00:00,174.00386180799978,1283,1791541887.37,descendente,1.003122973000245,0.0,0.0,11145216,19406848,5029888,5385216,
174,2026-10-09T11:19:39.229598+00:00,174.00386180799978,1284,1791541887.37,descendente,1.003138990000025,0.0,0.0,45547520,282853376,31531008,32908288,
174,2026-10-09T11:19:39.229598+00:00,174.00386180799978,1285,1791541887.37,descendente,1.0029559390000031,0.9970527728237277,0.49852638641186386,45531136,282845184,31698944,33168384,
175,2026-10-09T11:19:40.226709+00:00,175.00076876699995,1282,1791541887.28,principal,0.9971115120001741,0.0,0.0,24018944,32931840,14061568,14766080,
175,2026-10-09T11:19:40.226709+00:00,175.00076876699995,1283,1791541887.37,descendente,0.9970495910001773,0.0,0.0,11145216,19406848,5029888,5382144,
175,2026-10-09T11:19:40.226709+00:00,175.00076876699995,1284,1791541887.37,descendente,0.9970412689999648,0.0,0.0,45547520,282853376,31531008,32883712,
175,2026-10-09T11:19:40.226709+00:00,175.00076876699995,1285,1791541887.37,descendente,0.9972398859999885,0.0,0.0,45531136,282845184,31698944,33123328,
176,2026-10-09T11:19:41.232267+00:00,176.00649595799996,1282,1791541887.28,principal,1.0055581080000593,0.0,0.0,24018944,32931840,14061568,14786560,
176,2026-10-09T11:19:41.232267+00:00,176.00649595799996,1283,1791541887.37,descendente,1.0055602619995625,0.0,0.0,11145216,19406848,5029888,5385216,
176,2026-10-09T11:19:41.232267+00:00,176.00649595799996,1284,1791541887.37,descendente,1.0055555359999744,0.0,0.0,45547520,282853376,31531008,32908288,
176,2026-10-09T11:19:41.232267+00:00,176.00649595799996,1285,1791541887.37,descendente,1.005347936000362,0.0,0.0,45531136,282845184,31698944,33168384,
177,2026-10-09T11:19:42.226828+00:00,177.00119578799968,1282,1791541887.28,principal,0.9945571909997852,0.0,0.0,24018944,32931840,14061568,14786560,
177,2026-10-09T11:19:42.226828+00:00,177.00119578799968,1283,1791541887.37,descendente,0.9945503390003978,0.0,0.0,11145216,19406848,5029888,5385216,
177,2026-10-09T11:19:42.226828+00:00,177.00119578799968,1284,1791541887.37,descendente,0.9945465330001753,0.0,0.0,45547520,282853376,31531008,32908288,
177,2026-10-09T11:19:42.226828+00:00,177.00119578799968,1285,1791541887.37,descendente,0.9945461859997522,0.0,0.0,45531136,282845184,31698944,33168384,
178,2026-10-09T11:19:43.226300+00:00,178.00069164399974,1282,1791541887.28,principal,0.9994718110001486,0.0,0.0,24018944,32931840,14061568,14786560,
178,2026-10-09T11:19:43.226300+00:00,178.00069164399974,1283,1791541887.37,descendente,0.9994747149999057,0.0,0.0,11145216,19406848,5029888,5385216,
178,2026-10-09T11:19:43.226300+00:00,178.00069164399974,1284,1791541887.37,descendente,0.9994775369996205,0.0,0.0,45547520,282853376,31531008,32908288,
178,2026-10-09T11:19:43.226300+00:00,178.00069164399974,1285,1791541887.37,descendente,0.9994776809999166,0.0,0.0,45531136,282845184,31698944,33168384,
179,2026-10-09T11:19:44.226837+00:00,179.00106067499974,1282,1791541887.28,principal,1.0005383719999372,0.0,0.0,24018944,32931840,14061568,14786560,
179,2026-10-09T11:19:44.226837+00:00,179.00106067499974,1283,1791541887.37,descendente,1.0005800149997413,0.0,0.0,11145216,19406848,5029888,5385216,
179,2026-10-09T11:19:44.226837+00:00,179.00106067499974,1284,1791541887.37,descendente,1.000585190000038,0.0,0.0,45547520,282853376,31531008,32908288,
179,2026-10-09T11:19:44.226837+00:00,179.00106067499974,1285,1791541887.37,descendente,1.0008683850001034,0.0,0.0,45531136,282845184,31698944,33168384,
180,2026-10-09T11:19:45.232251+00:00,180.00628586699986,1282,1791541887.28,principal,1.0054161269999895,0.0,0.0,24018944,32931840,14036992,14747648,
180,2026-10-09T11:19:45.232251+00:00,180.00628586699986,1283,1791541887.37,descendente,1.0053739070003758,0.0,0.0,11145216,19406848,5029888,5384192,
180,2026-10-09T11:19:45.232251+00:00,180.00628586699986,1284,1791541887.37,descendente,1.005366616000174,0.0,0.0,45547520,282853376,31531008,32886784,
180,2026-10-09T11:19:45.232251+00:00,180.00628586699986,1285,1791541887.37,descendente,1.005131087999871,0.0,0.0,45531136,282845184,31698944,33136640,
181,2026-10-09T11:19:46.230214+00:00,181.00438570899996,1282,1791541887.28,principal,0.9979624960001274,0.0,0.0,24018944,32931840,14061568,14786560,
181,2026-10-09T11:19:46.230214+00:00,181.00438570899996,1283,1791541887.37,descendente,0.997964996999599,0.0,0.0,11145216,19406848,5029888,5385216,
181,2026-10-09T11:19:46.230214+00:00,181.00438570899996,1284,1791541887.37,descendente,0.9979663379999693,0.0,0.0,45547520,282853376,31531008,32908288,
181,2026-10-09T11:19:46.230214+00:00,181.00438570899996,1285,1791541887.37,descendente,0.9979534330000206,0.0,0.0,45531136,282845184,31698944,33168384,
182,2026-10-09T11:19:47.235226+00:00,182.0094466370001,1282,1791541887.28,principal,1.005010774999846,0.0,0.0,24018944,32931840,14061568,14786560,
182,2026-10-09T11:19:47.235226+00:00,182.0094466370001,1283,1791541887.37,descendente,1.0050445589999981,0.0,0.0,11145216,19406848,5029888,5385216,
182,2026-10-09T11:19:47.235226+00:00,182.0094466370001,1284,1791541887.37,descendente,1.0050451030001568,0.9949802222953795,0.49749011114768976,45547520,282853376,31531008,32908288,
182,2026-10-09T11:19:47.235226+00:00,182.0094466370001,1285,1791541887.37,descendente,1.0050525609999568,0.0,0.0,45531136,282845184,31698944,33168384,
183,2026-10-09T11:19:48.226824+00:00,183.00102028399988,1282,1791541887.28,principal,0.9916007950000676,0.0,0.0,24018944,32931840,14061568,14786560,
183,2026-10-09T11:19:48.226824+00:00,183.00102028399988,1283,1791541887.37,descendente,0.9915741190002336,0.0,0.0,11145216,19406848,5029888,5385216,
183,2026-10-09T11:19:48.226824+00:00,183.00102028399988,1284,1791541887.37,descendente,0.9916162389999954,0.0,0.0,45547520,282853376,31531008,32908288,
183,2026-10-09T11:19:48.226824+00:00,183.00102028399988,1285,1791541887.37,descendente,0.9918070070002614,0.0,0.0,45531136,282845184,31698944,33168384,
184,2026-10-09T11:19:49.226579+00:00,184.000885551,1282,1791541887.28,principal,0.9997519479998118,0.0,0.0,24018944,32931840,14061568,14767104,
184,2026-10-09T11:19:49.226579+00:00,184.000885551,1283,1791541887.37,descendente,0.9997471940000651,0.0,0.0,11145216,19406848,5029888,5384192,
184,2026-10-09T11:19:49.226579+00:00,184.000885551,1284,1791541887.37,descendente,0.9997111469997435,0.0,0.0,45547520,282853376,31531008,32886784,
184,2026-10-09T11:19:49.226579+00:00,184.000885551,1285,1791541887.37,descendente,0.9995032100000572,0.0,0.0,45531136,282845184,31698944,33122304,
185,2026-10-09T11:19:50.228649+00:00,185.00291278199984,1282,1791541887.28,principal,1.0020681109999714,0.0,0.0,24018944,32931840,14061568,14786560,
185,2026-10-09T11:19:50.228649+00:00,185.00291278199984,1283,1791541887.37,descendente,1.002105770000071,0.0,0.0,11145216,19406848,5029888,5385216,
185,2026-10-09T11:19:50.228649+00:00,185.00291278199984,1284,1791541887.37,descendente,1.0021045130001767,0.0,0.0,45547520,282853376,31531008,32908288,
185,2026-10-09T11:19:50.228649+00:00,185.00291278199984,1285,1791541887.37,descendente,1.002081624999846,0.0,0.0,45531136,282845184,31698944,33168384,
186,2026-10-09T11:19:51.272812+00:00,186.04686193999987,1282,1791541887.28,principal,1.044165016000079,1.9154060606832766,0.9577030303416383,24018944,32931840,14061568,14786560,
186,2026-10-09T11:19:51.272812+00:00,186.04686193999987,1283,1791541887.37,descendente,1.044125849000011,0.0,0.0,11145216,19406848,5029888,5385216,
186,2026-10-09T11:19:51.272812+00:00,186.04686193999987,1284,1791541887.37,descendente,1.0441245199999685,0.957740174514826,0.478870087257413,45547520,282853376,31531008,32908288,
186,2026-10-09T11:19:51.272812+00:00,186.04686193999987,1285,1791541887.37,descendente,1.0441555010002048,0.957711757532351,0.4788558787661755,45531136,282845184,31698944,33168384,
187,2026-10-09T11:19:52.228299+00:00,187.002612537,1282,1791541887.28,principal,0.9554864760002602,0.0,0.0,24018944,32931840,14061568,14786560,
187,2026-10-09T11:19:52.228299+00:00,187.002612537,1283,1791541887.37,descendente,0.9554829549997521,0.0,0.0,11145216,19406848,5029888,5385216,
187,2026-10-09T11:19:52.228299+00:00,187.002612537,1284,1791541887.37,descendente,0.955476175000058,0.0,0.0,45547520,282853376,31531008,32908288,
187,2026-10-09T11:19:52.228299+00:00,187.002612537,1285,1791541887.37,descendente,0.955440967999948,0.0,0.0,45531136,282845184,31698944,33168384,
188,2026-10-09T11:19:53.227095+00:00,188.00127523699985,1282,1791541887.28,principal,0.9987958050000998,0.0,0.0,24018944,32931840,14057472,14731264,
188,2026-10-09T11:19:53.227095+00:00,188.00127523699985,1283,1791541887.37,descendente,0.9988035350002065,0.0,0.0,11145216,19406848,5029888,5365760,
188,2026-10-09T11:19:53.227095+00:00,188.00127523699985,1284,1791541887.37,descendente,0.9988144189997001,0.0,0.0,45547520,282853376,31526912,32849920,
188,2026-10-09T11:19:53.227095+00:00,188.00127523699985,1285,1791541887.37,descendente,0.9990642119996664,1.0009366645197302,0.5004683322598651,45531136,282845184,31690752,33084416,
189,2026-10-09T11:19:54.233051+00:00,189.00739251899995,1282,1791541887.28,principal,1.0059560999998212,0.0,0.0,24018944,32931840,14061568,14786560,
189,2026-10-09T11:19:54.233051+00:00,189.00739251899995,1283,1791541887.37,descendente,1.0059496159997252,0.0,0.0,11145216,19406848,5029888,5385216,
189,2026-10-09T11:19:54.233051+00:00,189.00739251899995,1284,1791541887.37,descendente,1.005942449000031,0.0,0.0,45547520,282853376,31531008,32908288,
189,2026-10-09T11:19:54.233051+00:00,189.00739251899995,1285,1791541887.37,descendente,1.0056974510002874,0.0,0.0,45531136,282845184,31698944,33168384,
190,2026-10-09T11:19:55.227200+00:00,190.00138828199988,1282,1791541887.28,principal,0.9941520689999379,0.0,0.0,24018944,32931840,14061568,14786560,
190,2026-10-09T11:19:55.227200+00:00,190.00138828199988,1283,1791541887.37,descendente,0.9946142540002256,0.0,0.0,11145216,19406848,5029888,5385216,
190,2026-10-09T11:19:55.227200+00:00,190.00138828199988,1284,1791541887.37,descendente,0.9946307510003862,0.0,0.0,45547520,282853376,31531008,32908288,
190,2026-10-09T11:19:55.227200+00:00,190.00138828199988,1285,1791541887.37,descendente,0.9946320899998682,0.0,0.0,45531136,282845184,31698944,33168384,
191,2026-10-09T11:19:56.226815+00:00,191.00107632599975,1282,1791541887.28,principal,0.9996151330001339,0.0,0.0,24018944,32931840,14061568,14786560,
191,2026-10-09T11:19:56.226815+00:00,191.00107632599975,1283,1791541887.37,descendente,0.9991611169998578,0.0,0.0,11145216,19406848,5029888,5385216,
191,2026-10-09T11:19:56.226815+00:00,191.00107632599975,1284,1791541887.37,descendente,0.9995568739996088,0.0,0.0,45547520,282853376,31531008,32908288,
191,2026-10-09T11:19:56.226815+00:00,191.00107632599975,1285,1791541887.37,descendente,0.9995827870002358,0.0,0.0,45531136,282845184,31698944,33168384,
192,2026-10-09T11:19:57.228220+00:00,192.00255061500002,1282,1791541887.28,principal,1.0014035730000614,0.0,0.0,24018944,32931840,14061568,14786560,
192,2026-10-09T11:19:57.228220+00:00,192.00255061500002,1283,1791541887.37,descendente,1.0014047829999981,0.0,0.0,11145216,19406848,5029888,5385216,
192,2026-10-09T11:19:57.228220+00:00,192.00255061500002,1284,1791541887.37,descendente,1.0009989850000238,0.0,0.0,45547520,282853376,31531008,32908288,
192,2026-10-09T11:19:57.228220+00:00,192.00255061500002,1285,1791541887.37,descendente,1.0012482749998526,0.0,0.0,45531136,282845184,31698944,33168384,
193,2026-10-09T11:19:58.226290+00:00,193.0005971759997,1282,1791541887.28,principal,0.9980695059998652,0.0,0.0,24018944,32931840,14061568,14771200,
193,2026-10-09T11:19:58.226290+00:00,193.0005971759997,1283,1791541887.37,descendente,0.9980678340002669,0.0,0.0,11145216,19406848,5029888,5384192,
193,2026-10-09T11:19:58.226290+00:00,193.0005971759997,1284,1791541887.37,descendente,0.9980710690001615,0.0,0.0,45547520,282853376,31531008,32884736,
193,2026-10-09T11:19:58.226290+00:00,193.0005971759997,1285,1791541887.37,descendente,0.9978052430001298,0.0,0.0,45531136,282845184,31698944,33126400,
194,2026-10-09T11:19:59.227117+00:00,194.0014278839999,1282,1791541887.28,principal,1.0008257230001618,0.0,0.0,24018944,32931840,14061568,14786560,
194,2026-10-09T11:19:59.227117+00:00,194.0014278839999,1283,1791541887.37,descendente,1.0008937429997786,0.0,0.0,11145216,19406848,5029888,5385216,
194,2026-10-09T11:19:59.227117+00:00,194.0014278839999,1284,1791541887.37,descendente,1.0009826890000113,0.0,0.0,45547520,282853376,31531008,32908288,
194,2026-10-09T11:19:59.227117+00:00,194.0014278839999,1285,1791541887.37,descendente,1.0012619999997696,0.0,0.0,45531136,282845184,31698944,33168384,
195,2026-10-09T11:20:00.227055+00:00,195.0014273239999,1282,1791541887.28,principal,0.9999378079996859,0.0,0.0,24018944,32931840,14061568,14786560,
195,2026-10-09T11:20:00.227055+00:00,195.0014273239999,1283,1791541887.37,descendente,0.9998622299999624,0.0,0.0,11145216,19406848,5029888,5385216,
195,2026-10-09T11:20:00.227055+00:00,195.0014273239999,1284,1791541887.37,descendente,0.999760022999908,1.0002400346030322,0.5001200173015161,45547520,282853376,31531008,32908288,
195,2026-10-09T11:20:00.227055+00:00,195.0014273239999,1285,1791541887.37,descendente,0.9994654920001267,0.0,0.0,45531136,282845184,31698944,33168384,
196,2026-10-09T11:20:01.228992+00:00,196.0027787879999,1282,1791541887.28,principal,1.0019715570001608,0.0,0.0,24018944,32931840,14061568,14786560,
196,2026-10-09T11:20:01.228992+00:00,196.0027787879999,1283,1791541887.37,descendente,1.00204401100018,0.0,0.0,11145216,19406848,5029888,5385216,
196,2026-10-09T11:20:01.228992+00:00,196.0027787879999,1284,1791541887.37,descendente,1.0020974060003027,0.0,0.0,45547520,282853376,31531008,32908288,
196,2026-10-09T11:20:01.228992+00:00,196.0027787879999,1285,1791541887.37,descendente,1.0023425089998454,0.0,0.0,45531136,282845184,31698944,33168384,
197,2026-10-09T11:20:02.227036+00:00,197.0011134649999,1282,1791541887.28,principal,0.9980114320001121,0.0,0.0,24018944,32931840,14061568,14760960,
197,2026-10-09T11:20:02.227036+00:00,197.0011134649999,1283,1791541887.37,descendente,0.997935415000029,0.0,0.0,11145216,19406848,5029888,5381120,
197,2026-10-09T11:20:02.227036+00:00,197.0011134649999,1284,1791541887.37,descendente,0.9978864089998751,0.0,0.0,45547520,282853376,31531008,32881664,
197,2026-10-09T11:20:02.227036+00:00,197.0011134649999,1285,1791541887.37,descendente,0.9976484010003333,0.0,0.0,45531136,282845184,31698944,33125376,
198,2026-10-09T11:20:03.355684+00:00,198.1296422979999,1282,1791541887.28,principal,1.128649738999684,0.0,0.0,24018944,32931840,14061568,14786560,
198,2026-10-09T11:20:03.355684+00:00,198.1296422979999,1283,1791541887.37,descendente,1.128658775999611,0.0,0.0,11145216,19406848,5029888,5385216,
198,2026-10-09T11:20:03.355684+00:00,198.1296422979999,1284,1791541887.37,descendente,1.12867323699993,0.0,0.0,45547520,282853376,31531008,32908288,
198,2026-10-09T11:20:03.355684+00:00,198.1296422979999,1285,1791541887.37,descendente,1.1287813299995832,0.0,0.0,45531136,282845184,31698944,33168384,
199,2026-10-09T11:20:04.226592+00:00,199.000683407,1282,1791541887.28,principal,0.8709073730001364,0.0,0.0,24018944,32931840,14061568,14786560,
199,2026-10-09T11:20:04.226592+00:00,199.000683407,1283,1791541887.37,descendente,0.8709113290001369,0.0,0.0,11145216,19406848,5029888,5385216,
199,2026-10-09T11:20:04.226592+00:00,199.000683407,1284,1791541887.37,descendente,0.8709077550001894,0.0,0.0,45547520,282853376,31531008,32908288,
199,2026-10-09T11:20:04.226592+00:00,199.000683407,1285,1791541887.37,descendente,0.8708238920003168,0.0,0.0,45531136,282845184,31698944,33168384,
