amostra,utc,tempo_relativo_s,pid,criado_epoch_s,papel,cpu_intervalo_real_s,cpu_uma_cpu_pct,cpu_capacidade_vm_pct,rss_bytes,vms_bytes,uss_bytes,pss_bytes,erro
1,2026-10-08T23:01:20.039608+00:00,1.0064773310004966,1562,1791492204.01,principal,,,,24215552,32919552,14024704,14649344,
1,2026-10-08T23:01:20.039608+00:00,1.0064773310004966,1563,1791492204.1,descendente,,,,11202560,19447808,5017600,5361664,
1,2026-10-08T23:01:20.039608+00:00,1.0064773310004966,1564,1791492204.1,descendente,,,,46317568,282865664,32247808,33606656,
1,2026-10-08T23:01:20.039608+00:00,1.0064773310004966,1565,1791492204.1,descendente,,,,45862912,282861568,32075776,33326080,
2,2026-10-08T23:01:21.039619+00:00,2.006550555001013,1562,1791492204.01,principal,1.0000159479986905,0.0,0.0,24215552,32919552,14024704,14649344,
2,2026-10-08T23:01:21.039619+00:00,2.006550555001013,1563,1791492204.1,descendente,1.0000193359992409,0.0,0.0,11202560,19447808,5017600,5361664,
2,2026-10-08T23:01:21.039619+00:00,2.006550555001013,1564,1791492204.1,descendente,0.9999992909997673,0.0,0.0,46317568,282865664,32247808,33606656,
2,2026-10-08T23:01:21.039619+00:00,2.006550555001013,1565,1791492204.1,descendente,1.000027731000955,0.0,0.0,45862912,282861568,32075776,33326080,
3,2026-10-08T23:01:22.041437+00:00,3.0084226340004534,1562,1791492204.01,principal,1.0018160859999625,0.0,0.0,24215552,32919552,14024704,14649344,
3,2026-10-08T23:01:22.041437+00:00,3.0084226340004534,1563,1791492204.1,descendente,1.0018128949996026,0.0,0.0,11202560,19447808,5017600,5361664,
3,2026-10-08T23:01:22.041437+00:00,3.0084226340004534,1564,1791492204.1,descendente,1.0018538590011303,0.0,0.0,46317568,282865664,32247808,33606656,
3,2026-10-08T23:01:22.041437+00:00,3.0084226340004534,1565,1791492204.1,descendente,1.0018592059986986,0.0,0.0,45862912,282861568,32075776,33326080,
4,2026-10-08T23:01:23.034912+00:00,4.001904014001411,1562,1791492204.01,principal,0.9934824880001543,0.0,0.0,24215552,32919552,14024704,14649344,
4,2026-10-08T23:01:23.034912+00:00,4.001904014001411,1563,1791492204.1,descendente,0.993481014000281,0.0,0.0,11202560,19447808,5017600,5361664,
4,2026-10-08T23:01:23.034912+00:00,4.001904014001411,1564,1791492204.1,descendente,0.9934289729990269,11.072759400999189,5.5363797004995945,46317568,282865664,32251904,33610752,
4,2026-10-08T23:01:23.034912+00:00,4.001904014001411,1565,1791492204.1,descendente,0.993646153001464,3.0191834295721303,1.5095917147860651,45862912,282861568,32075776,33326080,
5,2026-10-08T23:01:24.034477+00:00,5.001714113001071,1562,1791492204.01,principal,0.9995520230004331,0.0,0.0,24215552,32919552,14024704,14649344,
5,2026-10-08T23:01:24.034477+00:00,5.001714113001071,1563,1791492204.1,descendente,0.9995904330007761,0.0,0.0,11202560,19447808,5017600,5361664,
5,2026-10-08T23:01:24.034477+00:00,5.001714113001071,1564,1791492204.1,descendente,0.999585372999718,14.005807185820043,7.002903592910021,46317568,282865664,32260096,33618944,
5,2026-10-08T23:01:24.034477+00:00,5.001714113001071,1565,1791492204.1,descendente,0.999335535998398,5.003324529037593,2.5016622645187967,45862912,282861568,32079872,33330176,
6,2026-10-08T23:01:25.035395+00:00,6.0023754320009175,1562,1791492204.01,principal,1.0009275459997298,0.0,0.0,24215552,32919552,14024704,14649344,
6,2026-10-08T23:01:25.035395+00:00,6.0023754320009175,1563,1791492204.1,descendente,1.0008867659998941,0.0,0.0,11202560,19447808,5017600,5361664,
6,2026-10-08T23:01:25.035395+00:00,6.0023754320009175,1564,1791492204.1,descendente,1.0008861160004017,2.997344005518116,1.498672002759058,46317568,282865664,32260096,33618944,
6,2026-10-08T23:01:25.035395+00:00,6.0023754320009175,1565,1791492204.1,descendente,1.0009364750003442,7.9925152093164336,3.9962576046582168,45862912,282861568,32079872,33330176,
7,2026-10-08T23:01:26.037100+00:00,7.00114647600094,1562,1791492204.01,principal,1.0017028210004355,0.0,0.0,24215552,32919552,14024704,14649344,
7,2026-10-08T23:01:26.037100+00:00,7.00114647600094,1563,1791492204.1,descendente,1.0017623509993427,0.0,0.0,11202560,19447808,5017600,5361664,
7,2026-10-08T23:01:26.037100+00:00,7.00114647600094,1564,1791492204.1,descendente,1.0017851000011433,1.9964361618055908,0.9982180809027954,46317568,282865664,32260096,33618944,
7,2026-10-08T23:01:26.037100+00:00,7.00114647600094,1565,1791492204.1,descendente,1.0018097280008078,12.97651603557774,6.48825801778887,45862912,282861568,32079872,33330176,
8,2026-10-08T23:01:27.036897+00:00,8.003885103000357,1562,1791492204.01,principal,0.9998008130005474,0.0,0.0,24215552,32919552,14024704,14649344,
8,2026-10-08T23:01:27.036897+00:00,8.003885103000357,1563,1791492204.1,descendente,0.9997539280011551,0.0,0.0,11202560,19447808,5017600,5361664,
8,2026-10-08T23:01:27.036897+00:00,8.003885103000357,1564,1791492204.1,descendente,0.9997392489985941,5.001304095050836,2.500652047525418,46317568,282865664,32260096,33618944,
8,2026-10-08T23:01:27.036897+00:00,8.003885103000357,1565,1791492204.1,descendente,0.9996847029997298,10.00315396443766,5.00157698221883,45862912,282861568,32079872,33330176,
9,2026-10-08T23:01:28.034666+00:00,9.001724198000375,1562,1791492204.01,principal,0.9977965569996741,0.0,0.0,24215552,32919552,14024704,14649344,
9,2026-10-08T23:01:28.034666+00:00,9.001724198000375,1563,1791492204.1,descendente,0.9977881409995462,0.0,0.0,11202560,19447808,5017600,5361664,
9,2026-10-08T23:01:28.034666+00:00,9.001724198000375,1564,1791492204.1,descendente,0.9977845000012167,15.03330629006721,7.516653145033605,46317568,282865664,32260096,33618944,
9,2026-10-08T23:01:28.034666+00:00,9.001724198000375,1565,1791492204.1,descendente,0.998016767000081,2.003974348059085,1.0019871740295425,45862912,282861568,32079872,33330176,
10,2026-10-08T23:01:29.034919+00:00,10.00186292500075,1562,1791492204.01,principal,1.000219809000555,0.0,0.0,24215552,32919552,14024704,14649344,
10,2026-10-08T23:01:29.034919+00:00,10.00186292500075,1563,1791492204.1,descendente,1.0090188630001649,0.0,0.0,11202560,19447808,5017600,5361664,
10,2026-10-08T23:01:29.034919+00:00,10.00186292500075,1564,1791492204.1,descendente,1.0090874109992,8.91894983714892,4.45947491857446,46317568,282865664,32260096,33618944,
10,2026-10-08T23:01:29.034919+00:00,10.00186292500075,1565,1791492204.1,descendente,1.008988187999421,8.919826918731069,4.459913459365534,45862912,282861568,32079872,33330176,
11,2026-10-08T23:01:30.037935+00:00,11.004946375000145,1562,1791492204.01,principal,1.0030204899994715,0.0,0.0,24215552,32919552,14024704,14649344,
11,2026-10-08T23:01:30.037935+00:00,11.004946375000145,1563,1791492204.1,descendente,0.9942253159988468,0.0,0.0,11202560,19447808,5017600,5361664,
11,2026-10-08T23:01:30.037935+00:00,11.004946375000145,1564,1791492204.1,descendente,0.9941590230009751,2.011750588917957,1.0058752944589786,46317568,282865664,32260096,33618944,
11,2026-10-08T23:01:30.037935+00:00,11.004946375000145,1565,1791492204.1,descendente,0.99406670999997,12.071624448625602,6.035812224312801,45862912,282861568,32079872,33330176,
12,2026-10-08T23:01:31.039623+00:00,12.006818027000918,1562,1791492204.01,principal,1.0016804940005386,0.0,0.0,24215552,32919552,14024704,14649344,
12,2026-10-08T23:01:31.039623+00:00,12.006818027000918,1563,1791492204.1,descendente,1.0017184500011354,0.0,0.0,11202560,19447808,5017600,5361664,
12,2026-10-08T23:01:31.039623+00:00,12.006818027000918,1564,1791492204.1,descendente,1.0017177079989779,3.9931409498493124,1.9965704749246562,46317568,282865664,32260096,33618944,
12,2026-10-08T23:01:31.039623+00:00,12.006818027000918,1565,1791492204.1,descendente,1.0016641310012346,4.991693168649116,2.495846584324558,45862912,282861568,32079872,33330176,
13,2026-10-08T23:01:32.036857+00:00,13.003678734999994,1562,1791492204.01,principal,0.9972351500000514,0.0,0.0,24215552,32919552,14024704,14649344,
13,2026-10-08T23:01:32.036857+00:00,13.003678734999994,1563,1791492204.1,descendente,0.9974474729988287,0.0,0.0,11202560,19447808,5017600,5361664,
13,2026-10-08T23:01:32.036857+00:00,13.003678734999994,1564,1791492204.1,descendente,0.9974657700004173,0.0,0.0,46317568,282865664,32260096,33618944,
13,2026-10-08T23:01:32.036857+00:00,13.003678734999994,1565,1791492204.1,descendente,0.9975072170000203,11.02748913745425,5.513744568727125,45862912,282861568,32079872,33330176,
14,2026-10-08T23:01:33.033657+00:00,14.00067019800008,1562,1791492204.01,principal,0.9968013339985191,0.0,0.0,24215552,32919552,14024704,14649344,
14,2026-10-08T23:01:33.033657+00:00,14.00067019800008,1563,1791492204.1,descendente,0.9965488440011541,0.0,0.0,11202560,19447808,5017600,5361664,
14,2026-10-08T23:01:33.033657+00:00,14.00067019800008,1564,1791492204.1,descendente,0.9965592549997382,8.027620996808595,4.013810498404298,46317568,282865664,32260096,33618944,
14,2026-10-08T23:01:33.033657+00:00,14.00067019800008,1565,1791492204.1,descendente,0.9965430429983826,5.017344745045629,2.5086723725228146,45862912,282861568,32079872,33330176,
15,2026-10-08T23:01:34.049341+00:00,15.016558363000513,1562,1791492204.01,principal,1.015680524000345,0.0,0.0,24215552,32919552,14024704,14649344,
15,2026-10-08T23:01:34.049341+00:00,15.016558363000513,1563,1791492204.1,descendente,1.0157194370003708,0.0,0.0,11202560,19447808,5017600,5361664,
15,2026-10-08T23:01:34.049341+00:00,15.016558363000513,1564,1791492204.1,descendente,1.016440966999653,11.805899594367531,5.902949797183766,46317568,282865664,32260096,33618944,
15,2026-10-08T23:01:34.049341+00:00,15.016558363000513,1565,1791492204.1,descendente,1.0170421130005707,2.9497303618529127,1.4748651809264564,45862912,282861568,32079872,33330176,
16,2026-10-08T23:01:35.035821+00:00,16.001251308000064,1562,1791492204.01,principal,0.9864842380011396,0.0,0.0,24215552,32919552,14024704,14649344,
16,2026-10-08T23:01:35.035821+00:00,16.001251308000064,1563,1791492204.1,descendente,0.9866552129988122,0.0,0.0,11202560,19447808,5017600,5361664,
16,2026-10-08T23:01:35.035821+00:00,16.001251308000064,1564,1791492204.1,descendente,0.9859164900008182,4.057138754212941,2.0285693771064706,46317568,282865664,32260096,33618944,
16,2026-10-08T23:01:35.035821+00:00,16.001251308000064,1565,1791492204.1,descendente,0.9853445589997136,9.133860757435052,4.566930378717526,45862912,282861568,32079872,33330176,
17,2026-10-08T23:01:36.040612+00:00,17.007814129001417,1562,1791492204.01,principal,1.0047864600001049,0.0,0.0,24215552,32919552,14024704,14649344,
17,2026-10-08T23:01:36.040612+00:00,17.007814129001417,1563,1791492204.1,descendente,1.0045726650005236,0.0,0.0,11202560,19447808,5017600,5361664,
17,2026-10-08T23:01:36.040612+00:00,17.007814129001417,1564,1791492204.1,descendente,1.0045522399996116,2.986405166944104,1.493202583472052,46317568,282865664,32260096,33618944,
17,2026-10-08T23:01:36.040612+00:00,17.007814129001417,1565,1791492204.1,descendente,1.0044985260010435,12.941781061395755,6.4708905306978775,45862912,282861568,32079872,33330176,
18,2026-10-08T23:01:37.093397+00:00,18.060581022000406,1562,1791492204.01,principal,1.0527865379990544,0.9498601700403552,0.4749300850201776,24215552,32919552,14024704,14649344,
18,2026-10-08T23:01:37.093397+00:00,18.060581022000406,1563,1791492204.1,descendente,1.052789760999076,0.0,0.0,11202560,19447808,5017600,5361664,
18,2026-10-08T23:01:37.093397+00:00,18.060581022000406,1564,1791492204.1,descendente,1.0528195099996083,0.0,0.0,46317568,282865664,32260096,33618944,
18,2026-10-08T23:01:37.093397+00:00,18.060581022000406,1565,1791492204.1,descendente,1.0528108990001783,9.498381912171341,4.749190956085671,45862912,282861568,32079872,33330176,
19,2026-10-08T23:01:38.091053+00:00,19.05816440700073,1562,1791492204.01,principal,0.997657514999446,0.0,0.0,24215552,32919552,14024704,14649344,
19,2026-10-08T23:01:38.091053+00:00,19.05816440700073,1563,1791492204.1,descendente,0.9977854799999477,0.0,0.0,11202560,19447808,5017600,5361664,
19,2026-10-08T23:01:38.091053+00:00,19.05816440700073,1564,1791492204.1,descendente,0.997767857999861,14.031319898462801,7.0156599492314005,46317568,282865664,32260096,33618944,
19,2026-10-08T23:01:38.091053+00:00,19.05816440700073,1565,1791492204.1,descendente,0.9977808819985512,1.002224053438271,0.5011120267191355,45862912,282861568,32079872,33330176,
20,2026-10-08T23:01:39.036855+00:00,20.00394340300045,1562,1791492204.01,principal,0.9458023690003756,0.0,0.0,24215552,32919552,14024704,14649344,
20,2026-10-08T23:01:39.036855+00:00,20.00394340300045,1563,1791492204.1,descendente,0.9456686560006347,0.0,0.0,11202560,19447808,5017600,5361664,
20,2026-10-08T23:01:39.036855+00:00,20.00394340300045,1564,1791492204.1,descendente,0.9456637990006129,7.40220785378239,3.701103926891195,46317568,282865664,32260096,33618944,
20,2026-10-08T23:01:39.036855+00:00,20.00394340300045,1565,1791492204.1,descendente,0.9457301740003459,7.401688338218834,3.700844169109417,45862912,282861568,32079872,33330176,
21,2026-10-08T23:01:40.037292+00:00,21.004454807000002,1562,1791492204.01,principal,1.000435362000644,0.0,0.0,24215552,32919552,14024704,14649344,
21,2026-10-08T23:01:40.037292+00:00,21.004454807000002,1563,1791492204.1,descendente,1.0004480110001168,0.0,0.0,11202560,19447808,5017600,5361664,
21,2026-10-08T23:01:40.037292+00:00,21.004454807000002,1564,1791492204.1,descendente,1.0005383059997257,9.99461983617664,4.99730991808832,46317568,282865664,32260096,33618944,
21,2026-10-08T23:01:40.037292+00:00,21.004454807000002,1565,1791492204.1,descendente,1.000481820999994,1.9990368220789634,0.9995184110394817,45862912,282861568,32079872,33330176,
22,2026-10-08T23:01:41.053572+00:00,22.02076218000002,1562,1791492204.01,principal,1.0162786599994433,0.0,0.0,24215552,32919552,14024704,14649344,
22,2026-10-08T23:01:41.053572+00:00,22.02076218000002,1563,1791492204.1,descendente,1.0162665890002245,0.0,0.0,11202560,19447808,5017600,5361664,
22,2026-10-08T23:01:41.053572+00:00,22.02076218000002,1564,1791492204.1,descendente,1.0161708499999804,5.9045189103791484,2.9522594551895742,46317568,282865664,32260096,33618944,
22,2026-10-08T23:01:41.053572+00:00,22.02076218000002,1565,1791492204.1,descendente,1.0161602339994715,5.904580595901717,2.9522902979508583,45862912,282861568,32079872,33330176,
23,2026-10-08T23:01:42.039057+00:00,23.001820952000344,1562,1791492204.01,principal,0.9855131340009393,0.0,0.0,24215552,32919552,14024704,14649344,
23,2026-10-08T23:01:42.039057+00:00,23.001820952000344,1563,1791492204.1,descendente,0.9855990119995113,0.0,0.0,11202560,19447808,5017600,5361664,
23,2026-10-08T23:01:42.039057+00:00,23.001820952000344,1564,1791492204.1,descendente,0.9862956950000807,6.083368335090447,3.0416841675452235,46317568,282865664,32260096,33618944,
23,2026-10-08T23:01:42.039057+00:00,23.001820952000344,1565,1791492204.1,descendente,0.9863915660007478,8.110369427058215,4.0551847135291075,45862912,282861568,32079872,33330176,
24,2026-10-08T23:01:43.034500+00:00,24.001718275001622,1562,1791492204.01,principal,0.9954125039985229,0.0,0.0,24215552,32919552,14024704,14649344,
24,2026-10-08T23:01:43.034500+00:00,24.001718275001622,1563,1791492204.1,descendente,0.9953216920002887,0.0,0.0,11202560,19447808,5017600,5361664,
24,2026-10-08T23:01:43.034500+00:00,24.001718275001622,1564,1791492204.1,descendente,0.9946251920009672,8.043230821356524,4.021615410678262,46317568,282865664,32260096,33618944,
24,2026-10-08T23:01:43.034500+00:00,24.001718275001622,1565,1791492204.1,descendente,0.9945206650008913,2.011019047047966,1.005509523523983,45862912,282861568,32079872,33330176,
25,2026-10-08T23:01:44.060315+00:00,25.02725285500128,1562,1791492204.01,principal,1.0258181610006432,0.0,0.0,24215552,32919552,14024704,14649344,
25,2026-10-08T23:01:44.060315+00:00,25.02725285500128,1563,1791492204.1,descendente,1.0258231490006438,0.0,0.0,11202560,19447808,5017600,5361664,
25,2026-10-08T23:01:44.060315+00:00,25.02725285500128,1564,1791492204.1,descendente,1.0258281480000733,14.622332238829136,7.311166119414568,46317568,282865664,32260096,33618944,
25,2026-10-08T23:01:44.060315+00:00,25.02725285500128,1565,1791492204.1,descendente,1.0258332369994605,0.0,0.0,45862912,282861568,32079872,33330176,
26,2026-10-08T23:01:45.062944+00:00,26.02947454200148,1562,1791492204.01,principal,1.0026632049994078,0.0,0.0,24215552,32919552,14024704,14649344,
26,2026-10-08T23:01:45.062944+00:00,26.02947454200148,1563,1791492204.1,descendente,1.0027101399991807,0.0,0.0,11202560,19447808,5017600,5361664,
26,2026-10-08T23:01:45.062944+00:00,26.02947454200148,1564,1791492204.1,descendente,1.0027868219985976,2.9916627683847934,1.4958313841923967,46317568,282865664,32260096,33618944,
26,2026-10-08T23:01:45.062944+00:00,26.02947454200148,1565,1791492204.1,descendente,1.0028474329992605,11.965927822251896,5.982963911125948,45862912,282861568,32079872,33330176,
27,2026-10-08T23:01:46.034257+00:00,27.00143537400072,1562,1791492204.01,principal,0.9712771230006183,0.0,0.0,24215552,32919552,14024704,14649344,
27,2026-10-08T23:01:46.034257+00:00,27.00143537400072,1563,1791492204.1,descendente,0.9712271179996605,0.0,0.0,11202560,19447808,5017600,5361664,
27,2026-10-08T23:01:46.034257+00:00,27.00143537400072,1564,1791492204.1,descendente,0.9711487320000742,9.267375535223016,4.633687767611508,46317568,282865664,32260096,33618944,
27,2026-10-08T23:01:46.034257+00:00,27.00143537400072,1565,1791492204.1,descendente,0.9710827730013989,3.0893350015136063,1.5446675007568031,45862912,282861568,32079872,33330176,
28,2026-10-08T23:01:47.036851+00:00,28.004039656001623,1562,1791492204.01,principal,1.0025947579997592,0.0,0.0,24215552,32919552,14024704,14649344,
28,2026-10-08T23:01:47.036851+00:00,28.004039656001623,1563,1791492204.1,descendente,1.0025956320005207,0.0,0.0,11202560,19447808,5017600,5361664,
28,2026-10-08T23:01:47.036851+00:00,28.004039656001623,1564,1791492204.1,descendente,1.002594917001261,7.9792943933205365,3.9896471966602682,46317568,282865664,32260096,33618944,
28,2026-10-08T23:01:47.036851+00:00,28.004039656001623,1565,1791492204.1,descendente,1.002602187998491,7.979236526473519,3.9896182632367596,45862912,282861568,32079872,33330176,
29,2026-10-08T23:01:48.033886+00:00,29.001047609001034,1562,1791492204.01,principal,0.9970346570007678,0.0,0.0,24215552,32919552,14024704,14649344,
29,2026-10-08T23:01:48.033886+00:00,29.001047609001034,1563,1791492204.1,descendente,0.9970266719992651,0.0,0.0,11202560,19447808,5017600,5361664,
29,2026-10-08T23:01:48.033886+00:00,29.001047609001034,1564,1791492204.1,descendente,0.9970147069998347,0.0,0.0,46317568,282865664,32260096,33618944,
29,2026-10-08T23:01:48.033886+00:00,29.001047609001034,1565,1791492204.1,descendente,0.9970616480004537,9.026523102206662,4.513261551103331,45862912,282861568,32079872,33330176,
30,2026-10-08T23:01:49.042664+00:00,30.00982263500009,1562,1791492204.01,principal,1.0089490270001988,0.0,0.0,24215552,32919552,14024704,14649344,
30,2026-10-08T23:01:49.042664+00:00,30.00982263500009,1563,1791492204.1,descendente,1.0089791830014292,0.0,0.0,11202560,19447808,5017600,5361664,
30,2026-10-08T23:01:49.042664+00:00,30.00982263500009,1564,1791492204.1,descendente,1.0089943049988506,9.910858713925865,4.955429356962933,46317568,282865664,32260096,33618944,
30,2026-10-08T23:01:49.042664+00:00,30.00982263500009,1565,1791492204.1,descendente,1.0089407560008112,4.955692363760956,2.477846181880478,45862912,282861568,32079872,33330176,
31,2026-10-08T23:01:50.035284+00:00,31.002167202001147,1562,1791492204.01,principal,0.9924547119990166,0.0,0.0,24215552,32919552,14024704,14649344,
31,2026-10-08T23:01:50.035284+00:00,31.002167202001147,1563,1791492204.1,descendente,0.9924350069995853,0.0,0.0,11202560,19447808,5017600,5361664,
31,2026-10-08T23:01:50.035284+00:00,31.002167202001147,1564,1791492204.1,descendente,0.992439462999755,5.038090670928571,2.5190453354642854,46317568,282865664,32260096,33618944,
31,2026-10-08T23:01:50.035284+00:00,31.002167202001147,1565,1791492204.1,descendente,0.9924929889984924,7.052946547323834,3.526473273661917,45862912,282861568,32088064,33338368,
32,2026-10-08T23:01:51.034462+00:00,32.0016103880007,1562,1791492204.01,principal,0.9991716389995418,0.0,0.0,24215552,32919552,14024704,14649344,
32,2026-10-08T23:01:51.034462+00:00,32.0016103880007,1563,1791492204.1,descendente,0.9991660319992661,0.0,0.0,11202560,19447808,5017600,5361664,
32,2026-10-08T23:01:51.034462+00:00,32.0016103880007,1564,1791492204.1,descendente,0.9992146950007736,0.0,0.0,46317568,282865664,32260096,33618944,
32,2026-10-08T23:01:51.034462+00:00,32.0016103880007,1565,1791492204.1,descendente,0.9991685310014873,11.009153770059607,5.504576885029803,45862912,282861568,32088064,33338368,
33,2026-10-08T23:01:52.046379+00:00,33.01313712200135,1562,1791492204.01,principal,1.011926900000617,0.0,0.0,24215552,32919552,14024704,14649344,
33,2026-10-08T23:01:52.046379+00:00,33.01313712200135,1563,1791492204.1,descendente,1.011955885000134,0.0,0.0,11202560,19447808,5017600,5361664,
33,2026-10-08T23:01:52.046379+00:00,33.01313712200135,1564,1791492204.1,descendente,1.0119233200002782,2.9646515113410854,1.4823257556705427,46317568,282865664,32260096,33618944,
33,2026-10-08T23:01:52.046379+00:00,33.01313712200135,1565,1791492204.1,descendente,1.0119644939986756,2.9645308879812626,1.4822654439906313,45862912,282861568,32088064,33338368,
34,2026-10-08T23:01:53.033557+00:00,34.0006943590015,1562,1791492204.01,principal,0.9871744419997412,0.0,0.0,24215552,32919552,14024704,14649344,
34,2026-10-08T23:01:53.033557+00:00,34.0006943590015,1563,1791492204.1,descendente,0.9871669879994442,0.0,0.0,11202560,19447808,5017600,5361664,
34,2026-10-08T23:01:53.033557+00:00,34.0006943590015,1564,1791492204.1,descendente,0.9871477340002457,1.0130195973283396,0.5065097986641698,46317568,282865664,32260096,33618944,
34,2026-10-08T23:01:53.033557+00:00,34.0006943590015,1565,1791492204.1,descendente,0.9871140220002417,0.0,0.0,45862912,282861568,32088064,33338368,
35,2026-10-08T23:01:54.064515+00:00,35.03098558400052,1562,1791492204.01,principal,1.0309860380002647,0.9699452399371977,0.48497261996859886,24215552,32919552,14024704,14649344,
35,2026-10-08T23:01:54.064515+00:00,35.03098558400052,1563,1791492204.1,descendente,1.0310650690007606,0.0,0.0,11202560,19447808,5017600,5361664,
35,2026-10-08T23:01:54.064515+00:00,35.03098558400052,1564,1791492204.1,descendente,1.0311074700002791,7.758648087378277,3.8793240436891385,46317568,282865664,32260096,33618944,
35,2026-10-08T23:01:54.064515+00:00,35.03098558400052,1565,1791492204.1,descendente,1.031173127999864,6.788384811363075,3.3941924056815376,45862912,282861568,32088064,33338368,
36,2026-10-08T23:01:55.037965+00:00,36.00497787900167,1562,1791492204.01,principal,0.9734660499998427,0.0,0.0,24215552,32919552,14024704,14649344,
36,2026-10-08T23:01:55.037965+00:00,36.00497787900167,1563,1791492204.1,descendente,0.9733999639993272,0.0,0.0,11202560,19447808,5017600,5361664,
36,2026-10-08T23:01:55.037965+00:00,36.00497787900167,1564,1791492204.1,descendente,0.9733552149991738,1.0273741637079126,0.5136870818539563,46317568,282865664,32260096,33618944,
36,2026-10-08T23:01:55.037965+00:00,36.00497787900167,1565,1791492204.1,descendente,0.973278057999778,12.32946731036157,6.164733655180785,45862912,282861568,32088064,33338368,
37,2026-10-08T23:01:56.038692+00:00,37.00111122199996,1562,1791492204.01,principal,1.0006839140005468,0.0,0.0,24215552,32919552,14024704,14649344,
37,2026-10-08T23:01:56.038692+00:00,37.00111122199996,1563,1791492204.1,descendente,1.000662550000925,0.0,0.0,11202560,19447808,5017600,5361664,
37,2026-10-08T23:01:56.038692+00:00,37.00111122199996,1564,1791492204.1,descendente,1.0006573680002475,6.995401446939215,3.4977007234696074,46317568,282865664,32260096,33618944,
37,2026-10-08T23:01:56.038692+00:00,37.00111122199996,1565,1791492204.1,descendente,1.0006628360006289,6.995363221419397,3.4976816107096984,45862912,282861568,32088064,33338368,
38,2026-10-08T23:01:57.036263+00:00,38.00329161500122,1562,1791492204.01,principal,0.997571498999605,0.0,0.0,24215552,32919552,14024704,14649344,
38,2026-10-08T23:01:57.036263+00:00,38.00329161500122,1563,1791492204.1,descendente,0.9975683630000276,0.0,0.0,11202560,19447808,5017600,5361664,
38,2026-10-08T23:01:57.036263+00:00,38.00329161500122,1564,1791492204.1,descendente,0.9975712340001337,4.00973871706498,2.00486935853249,46317568,282865664,32260096,33618944,
38,2026-10-08T23:01:57.036263+00:00,38.00329161500122,1565,1791492204.1,descendente,0.9976296980003099,10.023759336799861,5.0118796683999305,45862912,282861568,32088064,33338368,
39,2026-10-08T23:01:58.039685+00:00,39.006614472000365,1562,1791492204.01,principal,1.0034195539992652,0.0,0.0,24215552,32919552,14024704,14649344,
39,2026-10-08T23:01:58.039685+00:00,39.006614472000365,1563,1791492204.1,descendente,1.0035090330002276,0.0,0.0,11202560,19447808,5017600,5361664,
39,2026-10-08T23:01:58.039685+00:00,39.006614472000365,1564,1791492204.1,descendente,1.0035549059994082,8.968119179326346,4.484059589663173,46317568,282865664,32260096,33618944,
39,2026-10-08T23:01:58.039685+00:00,39.006614472000365,1565,1791492204.1,descendente,1.0040555630002928,4.979804090781148,2.489902045390574,45862912,282861568,32088064,33338368,
40,2026-10-08T23:01:59.041256+00:00,40.00845211400156,1562,1791492204.01,principal,1.0015661850011384,0.0,0.0,24215552,32919552,14024704,14649344,
40,2026-10-08T23:01:59.041256+00:00,40.00845211400156,1563,1791492204.1,descendente,1.0014684939997096,0.0,0.0,11202560,19447808,5017600,5361664,
40,2026-10-08T23:01:59.041256+00:00,40.00845211400156,1564,1791492204.1,descendente,1.0014186869993864,4.992916614110257,2.4964583070551285,46317568,282865664,32260096,33618944,
40,2026-10-08T23:01:59.041256+00:00,40.00845211400156,1565,1791492204.1,descendente,1.0008464799993817,2.997462707769095,1.4987313538845475,45862912,282861568,32088064,33338368,
41,2026-10-08T23:02:00.034300+00:00,41.00116529200022,1562,1791492204.01,principal,0.9930456990005041,0.0,0.0,24215552,32919552,14024704,14649344,
41,2026-10-08T23:02:00.034300+00:00,41.00116529200022,1563,1791492204.1,descendente,0.9930516679996799,0.0,0.0,11202560,19447808,5017600,5361664,
41,2026-10-08T23:02:00.034300+00:00,41.00116529200022,1564,1791492204.1,descendente,0.993110825000258,6.041621789792361,3.0208108948961807,46317568,282865664,32260096,33618944,
41,2026-10-08T23:02:00.034300+00:00,41.00116529200022,1565,1791492204.1,descendente,0.9931276879997313,4.027679469954519,2.0138397349772594,45862912,282861568,32088064,33338368,
42,2026-10-08T23:02:01.035216+00:00,42.00188830800107,1562,1791492204.01,principal,1.0009546789988235,0.0,0.0,24215552,32919552,14024704,14649344,
42,2026-10-08T23:02:01.035216+00:00,42.00188830800107,1563,1791492204.1,descendente,1.0009659480001574,0.0,0.0,11202560,19447808,5017600,5361664,
42,2026-10-08T23:02:01.035216+00:00,42.00188830800107,1564,1791492204.1,descendente,1.0009167770003842,0.0,0.0,46317568,282865664,32260096,33618944,
42,2026-10-08T23:02:01.035216+00:00,42.00188830800107,1565,1791492204.1,descendente,1.0012034660012432,14.981969708823634,7.490984854411817,45862912,282861568,32088064,33338368,
43,2026-10-08T23:02:02.034984+00:00,43.002036356001554,1562,1791492204.01,principal,0.9997612139995908,0.0,0.0,24215552,32919552,14024704,14649344,
43,2026-10-08T23:02:02.034984+00:00,43.002036356001554,1563,1791492204.1,descendente,0.9997497599997587,0.0,0.0,11202560,19447808,5017600,5361664,
43,2026-10-08T23:02:02.034984+00:00,43.002036356001554,1564,1791492204.1,descendente,0.999743579999631,8.002051886147427,4.001025943073714,46317568,282865664,32260096,33618944,
43,2026-10-08T23:02:02.034984+00:00,43.002036356001554,1565,1791492204.1,descendente,0.9995532899993123,4.001787638558688,2.000893819279344,45862912,282861568,32088064,33338368,
44,2026-10-08T23:02:03.039016+00:00,44.001220820000526,1562,1791492204.01,principal,1.0104261680007767,0.0,0.0,24215552,32919552,14024704,14649344,
44,2026-10-08T23:02:03.039016+00:00,44.001220820000526,1563,1791492204.1,descendente,1.010501861001103,0.0,0.0,11202560,19447808,5017600,5361664,
44,2026-10-08T23:02:03.039016+00:00,44.001220820000526,1564,1791492204.1,descendente,1.0191042690003087,11.775046347093761,5.887523173546881,46317568,282865664,32260096,33618944,
44,2026-10-08T23:02:03.039016+00:00,44.001220820000526,1565,1791492204.1,descendente,1.019322830999954,2.9431303888848626,1.4715651944424313,45862912,282861568,32088064,33338368,
45,2026-10-08T23:02:04.039727+00:00,45.006813842001065,1562,1791492204.01,principal,0.9943282460008049,0.0,0.0,24215552,32919552,14024704,14649344,
45,2026-10-08T23:02:04.039727+00:00,45.006813842001065,1563,1791492204.1,descendente,0.9942560969993792,0.0,0.0,11202560,19447808,5017600,5361664,
45,2026-10-08T23:02:04.039727+00:00,45.006813842001065,1564,1791492204.1,descendente,0.9856571899999835,7.1018606377742195,3.5509303188871097,46317568,282865664,32260096,33618944,
45,2026-10-08T23:02:04.039727+00:00,45.006813842001065,1565,1791492204.1,descendente,0.9853682470002241,2.0296980403907283,1.0148490201953642,45862912,282861568,32088064,33338368,
46,2026-10-08T23:02:05.034194+00:00,46.00120186800086,1562,1791492204.01,principal,0.9944246719987859,0.0,0.0,24215552,32919552,14024704,14649344,
46,2026-10-08T23:02:05.034194+00:00,46.00120186800086,1563,1791492204.1,descendente,0.9944247950006684,0.0,0.0,11202560,19447808,5017600,5361664,
46,2026-10-08T23:02:05.034194+00:00,46.00120186800086,1564,1791492204.1,descendente,0.994419452999864,15.084177964087575,7.542088982043787,46317568,282865664,32260096,33618944,
46,2026-10-08T23:02:05.034194+00:00,46.00120186800086,1565,1791492204.1,descendente,0.9943814679991192,0.0,0.0,45862912,282861568,32088064,33338368,
47,2026-10-08T23:02:06.034503+00:00,47.00157378200129,1562,1791492204.01,principal,1.0003545580002537,0.0,0.0,24215552,32919552,14024704,14649344,
47,2026-10-08T23:02:06.034503+00:00,47.00157378200129,1563,1791492204.1,descendente,1.000352290999217,0.0,0.0,11202560,19447808,5017600,5361664,
47,2026-10-08T23:02:06.034503+00:00,47.00157378200129,1564,1791492204.1,descendente,1.000354411000444,6.997520001935515,3.4987600009677573,46317568,282865664,32260096,33618944,
47,2026-10-08T23:02:06.034503+00:00,47.00157378200129,1565,1791492204.1,descendente,1.0004147790004936,4.997926964849406,2.498963482424703,45862912,282861568,32088064,33338368,
48,2026-10-08T23:02:07.034806+00:00,48.001980677001484,1562,1791492204.01,principal,1.0002550179997343,0.0,0.0,24215552,32919552,14024704,14649344,
48,2026-10-08T23:02:07.034806+00:00,48.001980677001484,1563,1791492204.1,descendente,1.0002554650000093,0.0,0.0,11202560,19447808,5017600,5361664,
48,2026-10-08T23:02:07.034806+00:00,48.001980677001484,1564,1791492204.1,descendente,1.0002528540007916,2.9992416297539792,1.4996208148769896,46317568,282865664,32260096,33618944,
48,2026-10-08T23:02:07.034806+00:00,48.001980677001484,1565,1791492204.1,descendente,1.0004706170002464,11.994355252511628,5.997177626255814,45862912,282861568,32088064,33338368,
49,2026-10-08T23:02:08.035525+00:00,49.00273173599999,1562,1791492204.01,principal,1.0007176119997894,0.0,0.0,24215552,32919552,14024704,14649344,
49,2026-10-08T23:02:08.035525+00:00,49.00273173599999,1563,1791492204.1,descendente,1.000714693000191,0.0,0.0,11202560,19447808,5017600,5361664,
49,2026-10-08T23:02:08.035525+00:00,49.00273173599999,1564,1791492204.1,descendente,1.000713123999958,6.9950116892844125,3.4975058446422063,46317568,282865664,32260096,33618944,
49,2026-10-08T23:02:08.035525+00:00,49.00273173599999,1565,1791492204.1,descendente,1.0004300000000512,8.996131663383915,4.4980658316919575,45862912,282861568,32088064,33338368,
50,2026-10-08T23:02:09.037176+00:00,50.00430041300024,1562,1791492204.01,principal,1.0016516780015081,0.0,0.0,24215552,32919552,14024704,14649344,
50,2026-10-08T23:02:09.037176+00:00,50.00430041300024,1563,1791492204.1,descendente,1.0016486959993927,0.0,0.0,11202560,19447808,5017600,5361664,
50,2026-10-08T23:02:09.037176+00:00,50.00430041300024,1564,1791492204.1,descendente,1.0016485689993715,10.981895587380254,5.490947793690127,46317568,282865664,32260096,33618944,
50,2026-10-08T23:02:09.037176+00:00,50.00430041300024,1565,1791492204.1,descendente,1.0016588609996688,1.9966877725252443,0.9983438862626222,45862912,282861568,32088064,33338368,
51,2026-10-08T23:02:10.037417+00:00,51.004438335001396,1562,1791492204.01,principal,1.000258092999502,0.0,0.0,24215552,32919552,14024704,14649344,
51,2026-10-08T23:02:10.037417+00:00,51.004438335001396,1563,1791492204.1,descendente,1.0002636980007082,0.0,0.0,11202560,19447808,5017600,5361664,
51,2026-10-08T23:02:10.037417+00:00,51.004438335001396,1564,1791492204.1,descendente,1.0002716239996516,4.99864224879998,2.49932112439999,46317568,282865664,32260096,33618944,
51,2026-10-08T23:02:10.037417+00:00,51.004438335001396,1565,1791492204.1,descendente,1.0003136190007353,4.998432396626953,2.4992161983134764,45862912,282861568,32088064,33338368,
52,2026-10-08T23:02:11.038559+00:00,52.005655442000716,1562,1791492204.01,principal,1.0011282039995422,0.0,0.0,24215552,32919552,14024704,14649344,
52,2026-10-08T23:02:11.038559+00:00,52.005655442000716,1563,1791492204.1,descendente,1.0011266189994785,0.0,0.0,11202560,19447808,5017600,5361664,
52,2026-10-08T23:02:11.038559+00:00,52.005655442000716,1564,1791492204.1,descendente,1.0011267570007476,4.994372555758174,2.497186277879087,46317568,282865664,32260096,33618944,
52,2026-10-08T23:02:11.038559+00:00,52.005655442000716,1565,1791492204.1,descendente,1.0010814879988175,7.991357442831147,3.9956787214155733,45862912,282861568,32088064,33338368,
53,2026-10-08T23:02:12.034341+00:00,53.00150046999988,1562,1791492204.01,principal,0.9957794500005548,0.0,0.0,24215552,32919552,14024704,14649344,
53,2026-10-08T23:02:12.034341+00:00,53.00150046999988,1563,1791492204.1,descendente,0.9958522230008384,0.0,0.0,11202560,19447808,5017600,5361664,
53,2026-10-08T23:02:12.034341+00:00,53.00150046999988,1564,1791492204.1,descendente,0.9958558950002043,10.041613500714469,5.0208067503572344,46317568,282865664,32260096,33618944,
53,2026-10-08T23:02:12.034341+00:00,53.00150046999988,1565,1791492204.1,descendente,0.9958696100002271,7.029032646149763,3.5145163230748815,45862912,282861568,32088064,33338368,
54,2026-10-08T23:02:13.034240+00:00,54.001363766001305,1562,1791492204.01,principal,0.9999003920001996,0.0,0.0,24215552,32919552,14024704,14649344,
54,2026-10-08T23:02:13.034240+00:00,54.001363766001305,1563,1791492204.1,descendente,0.9998563359986292,0.0,0.0,11202560,19447808,5017600,5361664,
54,2026-10-08T23:02:13.034240+00:00,54.001363766001305,1564,1791492204.1,descendente,0.9998563699991792,7.001005554433558,3.500502777216779,46317568,282865664,32260096,33618944,
54,2026-10-08T23:02:13.034240+00:00,54.001363766001305,1565,1791492204.1,descendente,0.9998593720010831,3.0004219433332002,1.5002109716666001,45862912,282861568,32088064,33338368,
55,2026-10-08T23:02:14.037816+00:00,55.00454730599995,1562,1791492204.01,principal,1.0043355339985283,0.0,0.0,24215552,32919552,14024704,14649344,
55,2026-10-08T23:02:14.037816+00:00,55.00454730599995,1563,1791492204.1,descendente,1.004388060000565,0.0,0.0,11202560,19447808,5017600,5361664,
55,2026-10-08T23:02:14.037816+00:00,55.00454730599995,1564,1791492204.1,descendente,1.0044730930003425,4.977734132294982,2.488867066147491,46317568,282865664,32260096,33618944,
55,2026-10-08T23:02:14.037816+00:00,55.00454730599995,1565,1791492204.1,descendente,1.0045482629993785,7.963778640275733,3.9818893201378667,45862912,282861568,32088064,33338368,
56,2026-10-08T23:02:15.038260+00:00,56.00533718200131,1562,1791492204.01,principal,0.9997064120016148,0.0,0.0,24215552,32919552,14024704,14649344,
56,2026-10-08T23:02:15.038260+00:00,56.00533718200131,1563,1791492204.1,descendente,0.9996313930005272,0.0,0.0,11202560,19447808,5017600,5361664,
56,2026-10-08T23:02:15.038260+00:00,56.00533718200131,1564,1791492204.1,descendente,0.9995491489989945,7.003157380515233,3.5015786902576167,46317568,282865664,32260096,33618944,
56,2026-10-08T23:02:15.038260+00:00,56.00533718200131,1565,1791492204.1,descendente,0.9995114049997937,3.0014665015260458,1.5007332507630229,45862912,282861568,32088064,33338368,
57,2026-10-08T23:02:16.038614+00:00,57.00549870000032,1562,1791492204.01,principal,1.0003358269987075,0.0,0.0,24215552,32919552,14024704,14649344,
57,2026-10-08T23:02:16.038614+00:00,57.00549870000032,1563,1791492204.1,descendente,1.0003403209993849,0.0,0.0,11202560,19447808,5017600,5361664,
57,2026-10-08T23:02:16.038614+00:00,57.00549870000032,1564,1791492204.1,descendente,1.0003363300002093,9.996637830796418,4.998318915398209,46317568,282865664,32260096,33618944,
57,2026-10-08T23:02:16.038614+00:00,57.00549870000032,1565,1791492204.1,descendente,1.0003521109993017,7.9971841035135425,3.9985920517567712,45862912,282861568,32092160,33342464,
58,2026-10-08T23:02:17.061481+00:00,58.028485429000284,1562,1791492204.01,principal,1.022869444999742,0.977641872956945,0.4888209364784725,24215552,32919552,14024704,14649344,
58,2026-10-08T23:02:17.061481+00:00,58.028485429000284,1563,1791492204.1,descendente,1.0228663649995724,0.0,0.0,11202560,19447808,5017600,5361664,
58,2026-10-08T23:02:17.061481+00:00,58.028485429000284,1564,1791492204.1,descendente,1.0228629180001008,8.798833002566091,4.399416501283046,46317568,282865664,32260096,33618944,
58,2026-10-08T23:02:17.061481+00:00,58.028485429000284,1565,1791492204.1,descendente,1.022853810000015,2.9329704505867458,1.4664852252933729,45862912,282861568,32096256,33346560,
59,2026-10-08T23:02:18.034312+00:00,59.00149189400145,1562,1791492204.01,principal,0.9728238960015005,0.0,0.0,24215552,32919552,14024704,14649344,
59,2026-10-08T23:02:18.034312+00:00,59.00149189400145,1563,1791492204.1,descendente,0.9728683970006387,0.0,0.0,11202560,19447808,5017600,5361664,
59,2026-10-08T23:02:18.034312+00:00,59.00149189400145,1564,1791492204.1,descendente,0.9728689510011463,4.11155068304282,2.05577534152141,46317568,282865664,32260096,33618944,
59,2026-10-08T23:02:18.034312+00:00,59.00149189400145,1565,1791492204.1,descendente,0.9728061060013715,8.223632593018028,4.111816296509014,45862912,282861568,32096256,33346560,
60,2026-10-08T23:02:19.044400+00:00,60.01162661000126,1562,1791492204.01,principal,1.010086082998896,0.0,0.0,24215552,32919552,14024704,14649344,
60,2026-10-08T23:02:19.044400+00:00,60.01162661000126,1563,1791492204.1,descendente,1.0100251549993118,0.0,0.0,11202560,19447808,5017600,5361664,
60,2026-10-08T23:02:19.044400+00:00,60.01162661000126,1564,1791492204.1,descendente,1.0100169329998607,5.940494464957989,2.9702472324789944,46317568,282865664,32260096,33618944,
60,2026-10-08T23:02:19.044400+00:00,60.01162661000126,1565,1791492204.1,descendente,1.0100107039997965,4.950442584617126,2.475221292308563,45862912,282861568,32096256,33346560,
61,2026-10-08T23:02:20.034383+00:00,61.001094876000934,1562,1791492204.01,principal,0.9899918949995481,0.0,0.0,24215552,32919552,14024704,14649344,
61,2026-10-08T23:02:20.034383+00:00,61.001094876000934,1563,1791492204.1,descendente,0.9900127290002274,0.0,0.0,11202560,19447808,5017600,5361664,
61,2026-10-08T23:02:20.034383+00:00,61.001094876000934,1564,1791492204.1,descendente,0.9900297799995315,1.0100706263606274,0.5050353131803137,46317568,282865664,32260096,33618944,
61,2026-10-08T23:02:20.034383+00:00,61.001094876000934,1565,1791492204.1,descendente,0.9900813399999606,14.140252355428306,7.070126177714153,45862912,282861568,32096256,33346560,
62,2026-10-08T23:02:21.039988+00:00,62.0017635990007,1562,1791492204.01,principal,1.0056072370007314,0.0,0.0,24215552,32919552,14024704,14649344,
62,2026-10-08T23:02:21.039988+00:00,62.0017635990007,1563,1791492204.1,descendente,1.0056775320008455,0.0,0.0,11202560,19447808,5017600,5361664,
62,2026-10-08T23:02:21.039988+00:00,62.0017635990007,1564,1791492204.1,descendente,1.0057134279995807,3.9772761192580814,1.9886380596290407,46317568,282865664,32260096,33618944,
62,2026-10-08T23:02:21.039988+00:00,62.0017635990007,1565,1791492204.1,descendente,1.0057533039998816,11.93135528591002,5.96567764295501,45862912,282861568,32096256,33346560,
63,2026-10-08T23:02:22.037546+00:00,63.00386835000063,1562,1791492204.01,principal,0.9975715000000491,0.0,0.0,24215552,32919552,14024704,14649344,
63,2026-10-08T23:02:22.037546+00:00,63.00386835000063,1563,1791492204.1,descendente,0.9975780469994788,0.0,0.0,11202560,19447808,5017600,5361664,
63,2026-10-08T23:02:22.037546+00:00,63.00386835000063,1564,1791492204.1,descendente,0.9976536570011376,7.016463028904675,3.5082315144523375,46317568,282865664,32260096,33618944,
63,2026-10-08T23:02:22.037546+00:00,63.00386835000063,1565,1791492204.1,descendente,0.9976663769994047,6.014034489210623,3.0070172446053114,45862912,282861568,32096256,33346560,
64,2026-10-08T23:02:23.036441+00:00,64.00199253400024,1562,1791492204.01,principal,0.9988763820001623,0.0,0.0,24215552,32919552,14024704,14649344,
64,2026-10-08T23:02:23.036441+00:00,64.00199253400024,1563,1791492204.1,descendente,0.9987854760001937,0.0,0.0,11202560,19447808,5017600,5361664,
64,2026-10-08T23:02:23.036441+00:00,64.00199253400024,1564,1791492204.1,descendente,0.9986660139984451,5.006678839486582,2.503339419743291,46317568,282865664,32260096,33618944,
64,2026-10-08T23:02:23.036441+00:00,64.00199253400024,1565,1791492204.1,descendente,0.9985655489999772,10.014365116055462,5.007182558027731,45862912,282861568,32096256,33346560,
65,2026-10-08T23:02:24.048304+00:00,65.01534310800162,1562,1791492204.01,principal,1.0118586040007358,0.0,0.0,24215552,32919552,14024704,14649344,
65,2026-10-08T23:02:24.048304+00:00,65.01534310800162,1563,1791492204.1,descendente,1.0118484430004173,0.0,0.0,11202560,19447808,5017600,5361664,
65,2026-10-08T23:02:24.048304+00:00,65.01534310800162,1564,1791492204.1,descendente,1.0118322470007115,2.9649183537021666,1.4824591768510833,46317568,282865664,32260096,33618944,
65,2026-10-08T23:02:24.048304+00:00,65.01534310800162,1565,1791492204.1,descendente,1.0118209660013235,10.871488504010259,5.435744252005129,45862912,282861568,32096256,33346560,
66,2026-10-08T23:02:25.034308+00:00,66.00144881600136,1562,1791492204.01,principal,0.9860044359993481,0.0,0.0,24215552,32919552,14024704,14649344,
66,2026-10-08T23:02:25.034308+00:00,66.00144881600136,1563,1791492204.1,descendente,0.9860141209992435,0.0,0.0,11202560,19447808,5017600,5361664,
66,2026-10-08T23:02:25.034308+00:00,66.00144881600136,1564,1791492204.1,descendente,0.9860254260001966,10.141726304731364,5.070863152365682,46317568,282865664,32260096,33618944,
66,2026-10-08T23:02:25.034308+00:00,66.00144881600136,1565,1791492204.1,descendente,0.9860397219999868,4.05663170636443,2.028315853182215,45862912,282861568,32096256,33346560,
67,2026-10-08T23:02:26.038988+00:00,67.00548589400023,1562,1791492204.01,principal,1.0046976009998616,0.0,0.0,24215552,32919552,14024704,14649344,
67,2026-10-08T23:02:26.038988+00:00,67.00548589400023,1563,1791492204.1,descendente,1.0047867150005914,0.0,0.0,11202560,19447808,5017600,5361664,
67,2026-10-08T23:02:26.038988+00:00,67.00548589400023,1564,1791492204.1,descendente,1.004825781999898,4.975986971640247,2.4879934858201236,46317568,282865664,32260096,33618944,
67,2026-10-08T23:02:26.038988+00:00,67.00548589400023,1565,1791492204.1,descendente,1.0049674049987516,4.975285740740942,2.487642870370471,45862912,282861568,32096256,33346560,
68,2026-10-08T23:02:27.033922+00:00,68.00109626599988,1562,1791492204.01,principal,0.9949145819991827,0.0,0.0,24215552,32919552,14024704,14649344,
68,2026-10-08T23:02:27.033922+00:00,68.00109626599988,1563,1791492204.1,descendente,0.9948209350004618,0.0,0.0,11202560,19447808,5017600,5361664,
68,2026-10-08T23:02:27.033922+00:00,68.00109626599988,1564,1791492204.1,descendente,0.9947756359997584,8.042014410575867,4.021007205287933,46317568,282865664,32260096,33618944,
68,2026-10-08T23:02:27.033922+00:00,68.00109626599988,1565,1791492204.1,descendente,0.9946703780005919,6.032149074410203,3.0160745372051014,45862912,282861568,32096256,33346560,
69,2026-10-08T23:02:28.034810+00:00,69.00188014600099,1562,1791492204.01,principal,1.0008904820006137,0.0,0.0,24215552,32919552,14024704,14649344,
69,2026-10-08T23:02:28.034810+00:00,69.00188014600099,1563,1791492204.1,descendente,1.0008981539995148,0.0,0.0,11202560,19447808,5017600,5361664,
69,2026-10-08T23:02:28.034810+00:00,69.00188014600099,1564,1791492204.1,descendente,1.0009237880003639,1.998154129192177,0.9990770645960885,46317568,282865664,32260096,33618944,
69,2026-10-08T23:02:28.034810+00:00,69.00188014600099,1565,1791492204.1,descendente,1.01165114899959,15.815728589665806,7.907864294832903,45862912,282861568,32096256,33346560,
70,2026-10-08T23:02:29.060603+00:00,70.02776469000128,1562,1791492204.01,principal,1.0257916310001747,0.0,0.0,24215552,32919552,14024704,14649344,
70,2026-10-08T23:02:29.060603+00:00,70.02776469000128,1563,1791492204.1,descendente,1.0257803160002368,0.0,0.0,11202560,19447808,5017600,5361664,
70,2026-10-08T23:02:29.060603+00:00,70.02776469000128,1564,1791492204.1,descendente,1.025756533999811,8.77401186508329,4.387005932541645,46317568,282865664,32260096,33618944,
70,2026-10-08T23:02:29.060603+00:00,70.02776469000128,1565,1791492204.1,descendente,1.0149902800003474,2.9556933293958894,1.4778466646979447,45862912,282861568,32096256,33346560,
71,2026-10-08T23:02:30.036168+00:00,71.00049038100042,1562,1791492204.01,principal,0.9755703280006855,0.0,0.0,24215552,32919552,14024704,14649344,
71,2026-10-08T23:02:30.036168+00:00,71.00049038100042,1563,1791492204.1,descendente,0.9756103399995482,0.0,0.0,11202560,19447808,5017600,5361664,
71,2026-10-08T23:02:30.036168+00:00,71.00049038100042,1564,1791492204.1,descendente,0.9756106080003519,3.0749973149106236,1.5374986574553118,46317568,282865664,32260096,33618944,
71,2026-10-08T23:02:30.036168+00:00,71.00049038100042,1565,1791492204.1,descendente,0.9756074090000766,11.275027125178166,5.637513562589083,45862912,282861568,32096256,33346560,
72,2026-10-08T23:02:31.034037+00:00,72.0011780420009,1562,1791492204.01,principal,0.9978793099999166,0.0,0.0,24215552,32919552,14024704,14649344,
72,2026-10-08T23:02:31.034037+00:00,72.0011780420009,1563,1791492204.1,descendente,0.997856194000633,0.0,0.0,11202560,19447808,5017600,5361664,
72,2026-10-08T23:02:31.034037+00:00,72.0011780420009,1564,1791492204.1,descendente,0.9978517449999345,12.025834559222265,6.012917279611132,46317568,282865664,32264192,33623040,
72,2026-10-08T23:02:31.034037+00:00,72.0011780420009,1565,1791492204.1,descendente,0.9978468989993416,4.008630987390135,2.0043154936950676,45862912,282861568,32096256,33346560,
73,2026-10-08T23:02:32.056949+00:00,73.02009564800028,1562,1791492204.01,principal,1.0229028659996402,0.0,0.0,24215552,32919552,14024704,14649344,
73,2026-10-08T23:02:32.056949+00:00,73.02009564800028,1563,1791492204.1,descendente,1.0229700069994578,0.0,0.0,11202560,19447808,5017600,5361664,
73,2026-10-08T23:02:32.056949+00:00,73.02009564800028,1564,1791492204.1,descendente,1.0230202469992946,2.932493280361705,1.4662466401808525,46317568,282865664,32264192,33623040,
73,2026-10-08T23:02:32.056949+00:00,73.02009564800028,1565,1791492204.1,descendente,1.0230370429999311,12.707262253064997,6.353631126532498,45862912,282861568,32096256,33346560,
74,2026-10-08T23:02:33.034464+00:00,74.00099800600037,1562,1791492204.01,principal,0.9775103760002821,0.0,0.0,24215552,32919552,14024704,14649344,
74,2026-10-08T23:02:33.034464+00:00,74.00099800600037,1563,1791492204.1,descendente,0.9775504030003503,0.0,0.0,11202560,19447808,5017600,5361664,
74,2026-10-08T23:02:33.034464+00:00,74.00099800600037,1564,1791492204.1,descendente,0.977552057000139,11.25259767112165,5.626298835560825,46317568,282865664,32264192,33623040,
74,2026-10-08T23:02:33.034464+00:00,74.00099800600037,1565,1791492204.1,descendente,0.9775938599996152,3.0687590447850135,1.5343795223925067,45862912,282861568,32096256,33346560,
75,2026-10-08T23:02:34.034274+00:00,75.00144645100045,1562,1791492204.01,principal,0.9998050419999345,0.0,0.0,24215552,32919552,14024704,14649344,
75,2026-10-08T23:02:34.034274+00:00,75.00144645100045,1563,1791492204.1,descendente,0.9996742949988402,0.0,0.0,11202560,19447808,5017600,5361664,
75,2026-10-08T23:02:34.034274+00:00,75.00144645100045,1564,1791492204.1,descendente,0.999725830000898,6.001645471133658,3.000822735566829,46317568,282865664,32264192,33623040,
75,2026-10-08T23:02:34.034274+00:00,75.00144645100045,1565,1791492204.1,descendente,0.9996716400000878,4.001313871422384,2.000656935711192,45862912,282861568,32096256,33346560,
76,2026-10-08T23:02:35.038721+00:00,76.00210404400059,1562,1791492204.01,principal,1.004488868999033,0.0,0.0,24215552,32919552,14024704,14649344,
76,2026-10-08T23:02:35.038721+00:00,76.00210404400059,1563,1791492204.1,descendente,1.0046229580002546,0.0,0.0,11202560,19447808,5017600,5361664,
76,2026-10-08T23:02:35.038721+00:00,76.00210404400059,1564,1791492204.1,descendente,1.0045808249997208,13.93616088581419,6.968080442907095,46317568,282865664,32272384,33631232,
76,2026-10-08T23:02:35.038721+00:00,76.00210404400059,1565,1791492204.1,descendente,1.0045940449999762,0.9954269637342164,0.4977134818671082,45862912,282861568,32096256,33346560,
77,2026-10-08T23:02:36.053515+00:00,77.02012927300166,1562,1791492204.01,principal,1.014760213000045,0.0,0.0,24215552,32919552,14024704,14649344,
77,2026-10-08T23:02:36.053515+00:00,77.02012927300166,1563,1791492204.1,descendente,1.0147002520006936,0.0,0.0,11202560,19447808,5017600,5361664,
77,2026-10-08T23:02:36.053515+00:00,77.02012927300166,1564,1791492204.1,descendente,1.0151569320005365,0.9850693705347938,0.4925346852673969,46317568,282865664,32272384,33631232,
77,2026-10-08T23:02:36.053515+00:00,77.02012927300166,1565,1791492204.1,descendente,1.0152730610006984,11.81948035553313,5.909740177766565,45862912,282861568,32096256,33346560,
78,2026-10-08T23:02:37.034746+00:00,78.00196761100051,1562,1791492204.01,principal,0.9812230850002379,1.0191362344473747,0.5095681172236873,24215552,32919552,14024704,14649344,
78,2026-10-08T23:02:37.034746+00:00,78.00196761100051,1563,1791492204.1,descendente,0.9811536670003989,0.0,0.0,11202560,19447808,5017600,5361664,
78,2026-10-08T23:02:37.034746+00:00,78.00196761100051,1564,1791492204.1,descendente,0.9806380119989626,10.197442764446624,5.098721382223312,46317568,282865664,32272384,33631232,
78,2026-10-08T23:02:37.034746+00:00,78.00196761100051,1565,1791492204.1,descendente,0.98082781300036,6.117281668069934,3.058640834034967,45862912,282861568,32096256,33346560,
79,2026-10-08T23:02:38.038378+00:00,79.00512858700131,1562,1791492204.01,principal,1.0036688439995487,0.0,0.0,24215552,32919552,14024704,14649344,
79,2026-10-08T23:02:38.038378+00:00,79.00512858700131,1563,1791492204.1,descendente,1.0036871180000162,0.0,0.0,11202560,19447808,5017600,5361664,
79,2026-10-08T23:02:38.038378+00:00,79.00512858700131,1564,1791492204.1,descendente,1.0038556620002055,0.0,0.0,46317568,282865664,32272384,33631232,
79,2026-10-08T23:02:38.038378+00:00,79.00512858700131,1565,1791492204.1,descendente,1.0039313140005106,9.960840807078418,4.980420403539209,45862912,282861568,32096256,33346560,
80,2026-10-08T23:02:39.037689+00:00,80.00479897200057,1562,1791492204.01,principal,0.9992784880014369,0.0,0.0,24215552,32919552,14024704,14649344,
80,2026-10-08T23:02:39.037689+00:00,80.00479897200057,1563,1791492204.1,descendente,0.9992656159993203,0.0,0.0,11202560,19447808,5017600,5361664,
80,2026-10-08T23:02:39.037689+00:00,80.00479897200057,1564,1791492204.1,descendente,0.9991354260000662,4.003461288539727,2.0017306442698635,46317568,282865664,32272384,33631232,
80,2026-10-08T23:02:39.037689+00:00,80.00479897200057,1565,1791492204.1,descendente,0.998744517999512,12.01508472260331,6.007542361301655,45862912,282861568,32096256,33346560,
81,2026-10-08T23:02:40.034117+00:00,81.00135036300162,1562,1791492204.01,principal,0.9964257389983686,0.0,0.0,24215552,32919552,14024704,14649344,
81,2026-10-08T23:02:40.034117+00:00,81.00135036300162,1563,1791492204.1,descendente,0.9964246130002721,0.0,0.0,11202560,19447808,5017600,5361664,
81,2026-10-08T23:02:40.034117+00:00,81.00135036300162,1564,1791492204.1,descendente,0.9964138840005035,9.032391202605718,4.516195601302859,46317568,282865664,32272384,33631232,
81,2026-10-08T23:02:40.034117+00:00,81.00135036300162,1565,1791492204.1,descendente,0.9964057859997411,10.03607178973441,5.018035894867205,45862912,282861568,32096256,33346560,
82,2026-10-08T23:02:41.034253+00:00,82.00115918800111,1562,1791492204.01,principal,1.0001392000012856,0.0,0.0,24215552,32919552,14024704,14649344,
82,2026-10-08T23:02:41.034253+00:00,82.00115918800111,1563,1791492204.1,descendente,1.0001533159993414,0.0,0.0,11202560,19447808,5017600,5361664,
82,2026-10-08T23:02:41.034253+00:00,82.00115918800111,1564,1791492204.1,descendente,1.0001412209985574,5.999152793651499,2.9995763968257494,46317568,282865664,32272384,33631232,
82,2026-10-08T23:02:41.034253+00:00,82.00115918800111,1565,1791492204.1,descendente,1.000158568000188,4.9992072856978975,2.4996036428489488,45862912,282861568,32096256,33346560,
83,2026-10-08T23:02:42.034976+00:00,83.0020453770012,1562,1791492204.01,principal,1.0007833010004106,0.0,0.0,24215552,32919552,14024704,14649344,
83,2026-10-08T23:02:42.034976+00:00,83.0020453770012,1563,1791492204.1,descendente,1.000812042000689,0.0,0.0,11202560,19447808,5017600,5361664,
83,2026-10-08T23:02:42.034976+00:00,83.0020453770012,1564,1791492204.1,descendente,1.0008160600009433,8.992661448690042,4.496330724345021,46317568,282865664,32272384,33631232,
83,2026-10-08T23:02:42.034976+00:00,83.0020453770012,1565,1791492204.1,descendente,1.0014548300005117,5.991283700730827,2.9956418503654136,45862912,282861568,32096256,33346560,
84,2026-10-08T23:02:43.034277+00:00,84.00125718800155,1562,1791492204.01,principal,0.9992375139991054,0.0,0.0,24215552,32919552,14024704,14649344,
84,2026-10-08T23:02:43.034277+00:00,84.00125718800155,1563,1791492204.1,descendente,0.9991970899991429,0.0,0.0,11202560,19447808,5017600,5361664,
84,2026-10-08T23:02:43.034277+00:00,84.00125718800155,1564,1791492204.1,descendente,0.9991820560007909,7.005730295054946,3.502865147527473,46317568,282865664,32272384,33631232,
84,2026-10-08T23:02:43.034277+00:00,84.00125718800155,1565,1791492204.1,descendente,0.9985366410001006,7.010258524904069,3.5051292624520345,45862912,282861568,32096256,33346560,
85,2026-10-08T23:02:44.034045+00:00,85.00115655000081,1562,1791492204.01,principal,0.9997703469998669,0.0,0.0,24215552,32919552,14024704,14649344,
85,2026-10-08T23:02:44.034045+00:00,85.00115655000081,1563,1791492204.1,descendente,0.9997658800002682,0.0,0.0,11202560,19447808,5017600,5361664,
85,2026-10-08T23:02:44.034045+00:00,85.00115655000081,1564,1791492204.1,descendente,0.9998124859994277,8.001500393349877,4.000750196674939,46317568,282865664,32272384,33631232,
85,2026-10-08T23:02:44.034045+00:00,85.00115655000081,1565,1791492204.1,descendente,0.9998968699983379,5.000515703193208,2.500257851596604,45862912,282861568,32096256,33346560,
86,2026-10-08T23:02:45.040364+00:00,86.00745620500129,1562,1791492204.01,principal,1.0063205090009433,0.0,0.0,24215552,32919552,14024704,14649344,
86,2026-10-08T23:02:45.040364+00:00,86.00745620500129,1563,1791492204.1,descendente,1.006336079999528,0.0,0.0,11202560,19447808,5017600,5361664,
86,2026-10-08T23:02:45.040364+00:00,86.00745620500129,1564,1791492204.1,descendente,1.006291653999142,9.937476834134568,4.968738417067284,46317568,282865664,32272384,33631232,
86,2026-10-08T23:02:45.040364+00:00,86.00745620500129,1565,1791492204.1,descendente,1.0062055850012257,2.9814980603548813,1.4907490301774406,45862912,282861568,32096256,33346560,
87,2026-10-08T23:02:46.035222+00:00,87.00198636700043,1562,1791492204.01,principal,0.9948568119998527,0.0,0.0,24215552,32919552,14024704,14649344,
87,2026-10-08T23:02:46.035222+00:00,87.00198636700043,1563,1791492204.1,descendente,0.9950683679999202,0.0,0.0,11202560,19447808,5017600,5361664,
87,2026-10-08T23:02:46.035222+00:00,87.00198636700043,1564,1791492204.1,descendente,0.9950782690011692,7.0346225197204095,3.5173112598602048,46317568,282865664,32272384,33631232,
87,2026-10-08T23:02:46.035222+00:00,87.00198636700043,1565,1791492204.1,descendente,0.9950894590001553,4.019739093628567,2.0098695468142833,45862912,282861568,32096256,33346560,
88,2026-10-08T23:02:47.034787+00:00,88.00191479000023,1562,1791492204.01,principal,0.9995628479991865,0.0,0.0,24215552,32919552,14024704,14649344,
88,2026-10-08T23:02:47.034787+00:00,88.00191479000023,1563,1791492204.1,descendente,0.9994068840005639,0.0,0.0,11202560,19447808,5017600,5361664,
88,2026-10-08T23:02:47.034787+00:00,88.00191479000023,1564,1791492204.1,descendente,0.9993920259985316,6.003650063151827,3.0018250315759136,46317568,282865664,32272384,33631232,
88,2026-10-08T23:02:47.034787+00:00,88.00191479000023,1565,1791492204.1,descendente,0.9993772299985721,8.004985264684548,4.002492632342274,45862912,282861568,32096256,33346560,
89,2026-10-08T23:02:48.036628+00:00,89.00332648400035,1562,1791492204.01,principal,1.0035731000007218,0.0,0.0,24215552,32919552,14024704,14649344,
89,2026-10-08T23:02:48.036628+00:00,89.00332648400035,1563,1791492204.1,descendente,1.0052664230006485,0.0,0.0,11202560,19447808,5017600,5361664,
89,2026-10-08T23:02:48.036628+00:00,89.00332648400035,1564,1791492204.1,descendente,1.0075867310006288,2.977411182281877,1.4887055911409386,46317568,282865664,32272384,33631232,
89,2026-10-08T23:02:48.036628+00:00,89.00332648400035,1565,1791492204.1,descendente,1.00932679700054,6.935315718161372,3.467657859080686,45862912,282861568,32096256,33346560,
90,2026-10-08T23:02:49.034456+00:00,90.00161012600074,1562,1791492204.01,principal,0.9960978879989852,0.0,0.0,24215552,32919552,14024704,14649344,
90,2026-10-08T23:02:49.034456+00:00,90.00161012600074,1563,1791492204.1,descendente,0.9943456130004051,0.0,0.0,11202560,19447808,5017600,5361664,
90,2026-10-08T23:02:49.034456+00:00,90.00161012600074,1564,1791492204.1,descendente,0.9920363390010607,10.080275900043869,5.0401379500219345,46317568,282865664,32272384,33631232,
90,2026-10-08T23:02:49.034456+00:00,90.00161012600074,1565,1791492204.1,descendente,0.9904622600006405,3.0288887534171907,1.5144443767085953,45862912,282861568,32096256,33346560,
91,2026-10-08T23:02:50.038266+00:00,91.00547250900127,1562,1791492204.01,principal,1.0038078310008132,0.0,0.0,24215552,32919552,14024704,14649344,
91,2026-10-08T23:02:50.038266+00:00,91.00547250900127,1563,1791492204.1,descendente,1.0038027059999877,0.0,0.0,11202560,19447808,5017600,5361664,
91,2026-10-08T23:02:50.038266+00:00,91.00547250900127,1564,1791492204.1,descendente,1.003792532999796,9.962217959637057,4.981108979818528,46317568,282865664,32272384,33631232,
91,2026-10-08T23:02:50.038266+00:00,91.00547250900127,1565,1791492204.1,descendente,1.0036269140000513,4.981930964836771,2.4909654824183853,45862912,282861568,32096256,33346560,
92,2026-10-08T23:02:51.035504+00:00,92.00196469500042,1562,1791492204.01,principal,0.997280919998957,0.0,0.0,24215552,32919552,14024704,14649344,
92,2026-10-08T23:02:51.035504+00:00,92.00196469500042,1563,1791492204.1,descendente,1.0034697809987847,0.0,0.0,11202560,19447808,5017600,5361664,
92,2026-10-08T23:02:51.035504+00:00,92.00196469500042,1564,1791492204.1,descendente,1.0034976979986823,6.9756014527584,3.4878007263792,46317568,282865664,32272384,33631232,
92,2026-10-08T23:02:51.035504+00:00,92.00196469500042,1565,1791492204.1,descendente,1.0036377439992066,5.9782526473060384,2.9891263236530192,45862912,282861568,32096256,33346560,
93,2026-10-08T23:02:52.033869+00:00,93.0010612620008,1562,1791492204.01,principal,0.9983235150011751,0.0,0.0,24215552,32919552,14024704,14649344,
93,2026-10-08T23:02:52.033869+00:00,93.0010612620008,1563,1791492204.1,descendente,0.9921314880011778,0.0,0.0,11202560,19447808,5017600,5361664,
93,2026-10-08T23:02:52.033869+00:00,93.0010612620008,1564,1791492204.1,descendente,0.9925463840008888,5.037547947982509,2.5187739739912547,46317568,282865664,32272384,33631232,
93,2026-10-08T23:02:52.033869+00:00,93.0010612620008,1565,1791492204.1,descendente,0.9924416450012359,6.04569551290117,3.022847756450585,45862912,282861568,32096256,33346560,
94,2026-10-08T23:02:53.034070+00:00,94.00115415400069,1562,1791492204.01,principal,1.0002010770003835,0.0,0.0,24215552,32919552,14024704,14640128,
94,2026-10-08T23:02:53.034070+00:00,94.00115415400069,1563,1791492204.1,descendente,1.0001981159985007,0.0,0.0,11202560,19447808,5017600,5358592,
94,2026-10-08T23:02:53.034070+00:00,94.00115415400069,1564,1791492204.1,descendente,0.9997563950000767,3.0007309930727404,1.5003654965363702,46317568,282865664,32272384,33615872,
94,2026-10-08T23:02:53.034070+00:00,94.00115415400069,1565,1791492204.1,descendente,0.9997235569990153,3.000829558328662,1.500414779164331,45862912,282861568,32096256,33336320,
95,2026-10-08T23:02:54.034437+00:00,95.00162190000083,1562,1791492204.01,principal,1.0003649889986264,0.0,0.0,24215552,32919552,14024704,14649344,
95,2026-10-08T23:02:54.034437+00:00,95.00162190000083,1563,1791492204.1,descendente,1.0003627000005508,0.0,0.0,11202560,19447808,5017600,5361664,
95,2026-10-08T23:02:54.034437+00:00,95.00162190000083,1564,1791492204.1,descendente,1.000357950999387,0.0,0.0,46317568,282865664,32272384,33631232,
95,2026-10-08T23:02:54.034437+00:00,95.00162190000083,1565,1791492204.1,descendente,1.0004027420000057,0.0,0.0,45862912,282861568,32096256,33346560,
96,2026-10-08T23:02:55.033463+00:00,96.00069553800131,1562,1791492204.01,principal,0.9990236280009412,0.0,0.0,24215552,32919552,14024704,14649344,
96,2026-10-08T23:02:55.033463+00:00,96.00069553800131,1563,1791492204.1,descendente,0.9990179399992485,0.0,0.0,11202560,19447808,5017600,5361664,
96,2026-10-08T23:02:55.033463+00:00,96.00069553800131,1564,1791492204.1,descendente,0.9990153140006441,0.0,0.0,46317568,282865664,32272384,33631232,
96,2026-10-08T23:02:55.033463+00:00,96.00069553800131,1565,1791492204.1,descendente,0.9989585839994106,0.0,0.0,45862912,282861568,32096256,33346560,
97,2026-10-08T23:02:56.034457+00:00,97.0014667230007,1562,1791492204.01,principal,1.0009967440000764,0.9990042485092263,0.49950212425461316,24215552,32919552,14024704,14649344,
97,2026-10-08T23:02:56.034457+00:00,97.0014667230007,1563,1791492204.1,descendente,1.0010023700015154,0.0,0.0,11202560,19447808,5017600,5361664,
97,2026-10-08T23:02:56.034457+00:00,97.0014667230007,1564,1791492204.1,descendente,1.0010351219989388,0.0,0.0,46317568,282865664,32272384,33631232,
97,2026-10-08T23:02:56.034457+00:00,97.0014667230007,1565,1791492204.1,descendente,1.0010467290012457,0.0,0.0,45862912,282861568,32096256,33346560,
98,2026-10-08T23:02:57.034763+00:00,98.00181957099994,1562,1791492204.01,principal,1.0003623149987106,0.0,0.0,24215552,32919552,14024704,14649344,
98,2026-10-08T23:02:57.034763+00:00,98.00181957099994,1563,1791492204.1,descendente,1.0003684289986268,0.0,0.0,11202560,19447808,5017600,5361664,
98,2026-10-08T23:02:57.034763+00:00,98.00181957099994,1564,1791492204.1,descendente,1.000343605001035,0.0,0.0,46317568,282865664,32272384,33631232,
98,2026-10-08T23:02:57.034763+00:00,98.00181957099994,1565,1791492204.1,descendente,1.0003835339994112,0.0,0.0,45862912,282861568,32096256,33346560,
99,2026-10-08T23:02:58.039144+00:00,99.00598805700065,1562,1791492204.01,principal,1.0043307340001775,0.0,0.0,24215552,32919552,14024704,14649344,
99,2026-10-08T23:02:58.039144+00:00,99.00598805700065,1563,1791492204.1,descendente,1.0047455970016017,0.0,0.0,11202560,19447808,5017600,5361664,
99,2026-10-08T23:02:58.039144+00:00,99.00598805700065,1564,1791492204.1,descendente,1.0048213810005109,0.0,0.0,46317568,282865664,32272384,33631232,
99,2026-10-08T23:02:58.039144+00:00,99.00598805700065,1565,1791492204.1,descendente,1.0048328049997508,0.0,0.0,45862912,282861568,32096256,33346560,
100,2026-10-08T23:02:59.038218+00:00,100.00541484899986,1562,1791492204.01,principal,0.999068081000587,0.0,0.0,24215552,32919552,14024704,14649344,
100,2026-10-08T23:02:59.038218+00:00,100.00541484899986,1563,1791492204.1,descendente,0.99868903999959,0.0,0.0,11202560,19447808,5017600,5361664,
100,2026-10-08T23:02:59.038218+00:00,100.00541484899986,1564,1791492204.1,descendente,0.9986137939995388,0.0,0.0,46317568,282865664,32272384,33631232,
100,2026-10-08T23:02:59.038218+00:00,100.00541484899986,1565,1791492204.1,descendente,0.9985624319997441,0.0,0.0,45862912,282861568,32096256,33346560,
101,2026-10-08T23:03:00.033927+00:00,101.00112709400128,1562,1791492204.01,principal,0.9957082719993195,0.0,0.0,24215552,32919552,14024704,14649344,
101,2026-10-08T23:03:00.033927+00:00,101.00112709400128,1563,1791492204.1,descendente,0.9956700160000764,0.0,0.0,11202560,19447808,5017600,5361664,
101,2026-10-08T23:03:00.033927+00:00,101.00112709400128,1564,1791492204.1,descendente,0.995664410000245,0.0,0.0,46317568,282865664,32272384,33631232,
101,2026-10-08T23:03:00.033927+00:00,101.00112709400128,1565,1791492204.1,descendente,0.9957143669998914,0.0,0.0,45862912,282861568,32096256,33346560,
102,2026-10-08T23:03:01.034477+00:00,102.00159987500047,1562,1791492204.01,principal,1.0005512700008694,0.0,0.0,24215552,32919552,14024704,14649344,
102,2026-10-08T23:03:01.034477+00:00,102.00159987500047,1563,1791492204.1,descendente,1.0005549389989028,0.0,0.0,11202560,19447808,5017600,5361664,
102,2026-10-08T23:03:01.034477+00:00,102.00159987500047,1564,1791492204.1,descendente,1.000559162999707,0.9994411494886224,0.4997205747443112,46317568,282865664,32272384,33631232,
102,2026-10-08T23:03:01.034477+00:00,102.00159987500047,1565,1791492204.1,descendente,1.000514295999892,0.9994859683650332,0.4997429841825166,45862912,282861568,32096256,33346560,
103,2026-10-08T23:03:02.034561+00:00,103.00138759299989,1562,1791492204.01,principal,1.000086566000391,0.0,0.0,24215552,32919552,14024704,14638080,
103,2026-10-08T23:03:02.034561+00:00,103.00138759299989,1563,1791492204.1,descendente,1.000097177000498,0.0,0.0,11202560,19447808,5017600,5359616,
103,2026-10-08T23:03:02.034561+00:00,103.00138759299989,1564,1791492204.1,descendente,1.000109099999463,0.0,0.0,46317568,282865664,32272384,33613824,
103,2026-10-08T23:03:02.034561+00:00,103.00138759299989,1565,1791492204.1,descendente,1.0003189080016455,0.0,0.0,45862912,282861568,32096256,33333248,
104,2026-10-08T23:03:03.034962+00:00,104.00214431600034,1562,1791492204.01,principal,1.0003969419994974,0.0,0.0,24215552,32919552,14024704,14649344,
104,2026-10-08T23:03:03.034962+00:00,104.00214431600034,1563,1791492204.1,descendente,1.0008191479992092,0.0,0.0,11202560,19447808,5017600,5361664,
104,2026-10-08T23:03:03.034962+00:00,104.00214431600034,1564,1791492204.1,descendente,1.0008217960003094,0.0,0.0,46317568,282865664,32272384,33631232,
104,2026-10-08T23:03:03.034962+00:00,104.00214431600034,1565,1791492204.1,descendente,1.0006160539996927,0.9993843252889767,0.49969216264448835,45862912,282861568,32096256,33346560,
105,2026-10-08T23:03:04.034050+00:00,105.00088803900144,1562,1791492204.01,principal,0.9990894660004415,0.0,0.0,24215552,32919552,14024704,14649344,
105,2026-10-08T23:03:04.034050+00:00,105.00088803900144,1563,1791492204.1,descendente,0.9986506889999873,0.0,0.0,11202560,19447808,5017600,5361664,
105,2026-10-08T23:03:04.034050+00:00,105.00088803900144,1564,1791492204.1,descendente,0.9986377799996262,0.0,0.0,46317568,282865664,32272384,33631232,
105,2026-10-08T23:03:04.034050+00:00,105.00088803900144,1565,1791492204.1,descendente,0.9987983190003433,0.0,0.0,45862912,282861568,32096256,33346560,
106,2026-10-08T23:03:05.035078+00:00,106.00219658600145,1562,1791492204.01,principal,1.0010564169988356,0.0,0.0,24215552,32919552,14024704,14649344,
106,2026-10-08T23:03:05.035078+00:00,106.00219658600145,1563,1791492204.1,descendente,1.0010629320004227,0.0,0.0,11202560,19447808,5017600,5361664,
106,2026-10-08T23:03:05.035078+00:00,106.00219658600145,1564,1791492204.1,descendente,1.0010686900004657,0.0,0.0,46317568,282865664,32272384,33631232,
106,2026-10-08T23:03:05.035078+00:00,106.00219658600145,1565,1791492204.1,descendente,1.0009555309989082,0.0,0.0,45862912,282861568,32096256,33346560,
107,2026-10-08T23:03:06.035101+00:00,107.00209494200135,1562,1791492204.01,principal,0.999992781000401,0.0,0.0,24215552,32919552,14024704,14638080,
107,2026-10-08T23:03:06.035101+00:00,107.00209494200135,1563,1791492204.1,descendente,1.0000328879996232,0.0,0.0,11202560,19447808,5017600,5358592,
107,2026-10-08T23:03:06.035101+00:00,107.00209494200135,1564,1791492204.1,descendente,1.0000254419992416,0.0,0.0,46317568,282865664,32272384,33618944,
107,2026-10-08T23:03:06.035101+00:00,107.00209494200135,1565,1791492204.1,descendente,1.0001845139995567,0.0,0.0,45862912,282861568,32096256,33336320,
108,2026-10-08T23:03:07.035561+00:00,108.00266363300034,1562,1791492204.01,principal,1.0004901819993393,0.0,0.0,24215552,32919552,14024704,14649344,
108,2026-10-08T23:03:07.035561+00:00,108.00266363300034,1563,1791492204.1,descendente,1.000446608000857,0.0,0.0,11202560,19447808,5017600,5361664,
108,2026-10-08T23:03:07.035561+00:00,108.00266363300034,1564,1791492204.1,descendente,1.0004456990009203,0.0,0.0,46317568,282865664,32272384,33631232,
108,2026-10-08T23:03:07.035561+00:00,108.00266363300034,1565,1791492204.1,descendente,1.0002574760001153,0.0,0.0,45862912,282861568,32096256,33346560,
109,2026-10-08T23:03:08.034241+00:00,109.0011263260003,1562,1791492204.01,principal,0.9986540500012779,0.0,0.0,24215552,32919552,14024704,14649344,
109,2026-10-08T23:03:08.034241+00:00,109.0011263260003,1563,1791492204.1,descendente,0.9986598300001788,0.0,0.0,11202560,19447808,5017600,5361664,
109,2026-10-08T23:03:08.034241+00:00,109.0011263260003,1564,1791492204.1,descendente,0.9986637780002638,1.0013380098777718,0.5006690049388859,46317568,282865664,32272384,33631232,
109,2026-10-08T23:03:08.034241+00:00,109.0011263260003,1565,1791492204.1,descendente,0.9986436240014882,0.0,0.0,45862912,282861568,32096256,33346560,
110,2026-10-08T23:03:09.034667+00:00,110.00167520800096,1562,1791492204.01,principal,1.0004217919995426,0.0,0.0,24215552,32919552,14024704,14614528,
110,2026-10-08T23:03:09.034667+00:00,110.00167520800096,1563,1791492204.1,descendente,1.0004530259993771,0.0,0.0,11202560,19447808,5017600,5341184,
110,2026-10-08T23:03:09.034667+00:00,110.00167520800096,1564,1791492204.1,descendente,1.00047296899902,0.0,0.0,46317568,282865664,32272384,33587200,
110,2026-10-08T23:03:09.034667+00:00,110.00167520800096,1565,1791492204.1,descendente,1.0004801299983228,0.0,0.0,45862912,282861568,32096256,33308672,
111,2026-10-08T23:03:10.091448+00:00,111.05851382600122,1562,1791492204.01,principal,1.0567825050002284,0.0,0.0,24215552,32919552,14024704,14647296,
111,2026-10-08T23:03:10.091448+00:00,111.05851382600122,1563,1791492204.1,descendente,1.056745513000351,0.0,0.0,11202560,19447808,5017600,5361664,
111,2026-10-08T23:03:10.091448+00:00,111.05851382600122,1564,1791492204.1,descendente,1.0567635660008818,0.0,0.0,46317568,282865664,32272384,33626112,
111,2026-10-08T23:03:10.091448+00:00,111.05851382600122,1565,1791492204.1,descendente,1.0567973010001879,0.0,0.0,45862912,282861568,32096256,33338368,
112,2026-10-08T23:03:11.041270+00:00,112.00842103200011,1562,1791492204.01,principal,0.9498230179997336,0.0,0.0,24215552,32919552,14024704,14649344,
112,2026-10-08T23:03:11.041270+00:00,112.00842103200011,1563,1791492204.1,descendente,0.949834319000729,0.0,0.0,11202560,19447808,5017600,5361664,
112,2026-10-08T23:03:11.041270+00:00,112.00842103200011,1564,1791492204.1,descendente,0.9497985529997095,0.0,0.0,46317568,282865664,32272384,33631232,
112,2026-10-08T23:03:11.041270+00:00,112.00842103200011,1565,1791492204.1,descendente,0.9497582650001277,0.0,0.0,45862912,282861568,32096256,33346560,
113,2026-10-08T23:03:12.034501+00:00,113.00166795100085,1562,1791492204.01,principal,0.9932307630006108,0.0,0.0,24215552,32919552,14024704,14649344,
113,2026-10-08T23:03:12.034501+00:00,113.00166795100085,1563,1791492204.1,descendente,0.993223825998939,0.0,0.0,11202560,19447808,5017600,5361664,
113,2026-10-08T23:03:12.034501+00:00,113.00166795100085,1564,1791492204.1,descendente,0.9932229999994888,0.0,0.0,46317568,282865664,32272384,33631232,
113,2026-10-08T23:03:12.034501+00:00,113.00166795100085,1565,1791492204.1,descendente,0.9932652549996419,0.0,0.0,45862912,282861568,32096256,33346560,
114,2026-10-08T23:03:13.054673+00:00,114.02185976400142,1562,1791492204.01,principal,1.0201695499999914,0.0,0.0,24215552,32919552,14024704,14649344,
114,2026-10-08T23:03:13.054673+00:00,114.02185976400142,1563,1791492204.1,descendente,1.0202149910001026,0.0,0.0,11202560,19447808,5017600,5361664,
114,2026-10-08T23:03:13.054673+00:00,114.02185976400142,1564,1791492204.1,descendente,1.0202124229999754,0.0,0.0,46317568,282865664,32272384,33631232,
114,2026-10-08T23:03:13.054673+00:00,114.02185976400142,1565,1791492204.1,descendente,1.0201679230012815,0.0,0.0,45862912,282861568,32096256,33346560,
115,2026-10-08T23:03:14.034359+00:00,115.00112997399992,1562,1791492204.01,principal,0.9796880639987648,1.0207330646842792,0.5103665323421396,24215552,32919552,14024704,14642176,
115,2026-10-08T23:03:14.034359+00:00,115.00112997399992,1563,1791492204.1,descendente,0.979639725999732,0.0,0.0,11202560,19447808,5017600,5360640,
115,2026-10-08T23:03:14.034359+00:00,115.00112997399992,1564,1791492204.1,descendente,0.9796428210011072,0.0,0.0,46317568,282865664,32272384,33618944,
115,2026-10-08T23:03:14.034359+00:00,115.00112997399992,1565,1791492204.1,descendente,0.9797893009999825,1.0206275971570533,0.5103137985785267,45862912,282861568,32096256,33338368,
116,2026-10-08T23:03:15.034503+00:00,116.00169263300086,1562,1791492204.01,principal,1.0001426440012438,0.0,0.0,24215552,32919552,14024704,14649344,
116,2026-10-08T23:03:15.034503+00:00,116.00169263300086,1563,1791492204.1,descendente,1.0001428089999536,0.0,0.0,11202560,19447808,5017600,5361664,
116,2026-10-08T23:03:15.034503+00:00,116.00169263300086,1564,1791492204.1,descendente,1.0001373219984089,0.0,0.0,46317568,282865664,32272384,33631232,
116,2026-10-08T23:03:15.034503+00:00,116.00169263300086,1565,1791492204.1,descendente,1.0000478439997096,0.0,0.0,45862912,282861568,32096256,33346560,
117,2026-10-08T23:03:16.037888+00:00,117.00504358700164,1562,1791492204.01,principal,1.003384625999388,0.0,0.0,24215552,32919552,14024704,14649344,
117,2026-10-08T23:03:16.037888+00:00,117.00504358700164,1563,1791492204.1,descendente,1.0033814329999586,0.0,0.0,11202560,19447808,5017600,5361664,
117,2026-10-08T23:03:16.037888+00:00,117.00504358700164,1564,1791492204.1,descendente,1.0033770970003388,0.9966342693988897,0.49831713469944483,46317568,282865664,32272384,33631232,
117,2026-10-08T23:03:16.037888+00:00,117.00504358700164,1565,1791492204.1,descendente,1.00331452699902,0.0,0.0,45862912,282861568,32096256,33346560,
118,2026-10-08T23:03:17.034696+00:00,118.00185252900155,1562,1791492204.01,principal,0.9968085420005082,0.0,0.0,24215552,32919552,14024704,14649344,
118,2026-10-08T23:03:17.034696+00:00,118.00185252900155,1563,1791492204.1,descendente,0.9968233670006157,0.0,0.0,11202560,19447808,5017600,5361664,
118,2026-10-08T23:03:17.034696+00:00,118.00185252900155,1564,1791492204.1,descendente,0.9968331159998343,0.0,0.0,46317568,282865664,32272384,33631232,
118,2026-10-08T23:03:17.034696+00:00,118.00185252900155,1565,1791492204.1,descendente,0.9968381610015058,0.0,0.0,45862912,282861568,32096256,33346560,
119,2026-10-08T23:03:18.036295+00:00,119.00142559699998,1562,1791492204.01,principal,1.0016055630003393,0.0,0.0,24215552,32919552,14024704,14638080,
119,2026-10-08T23:03:18.036295+00:00,119.00142559699998,1563,1791492204.1,descendente,1.0015891330003797,0.0,0.0,11202560,19447808,5017600,5360640,
119,2026-10-08T23:03:18.036295+00:00,119.00142559699998,1564,1791492204.1,descendente,1.0015856429999985,0.0,0.0,46317568,282865664,32272384,33614848,
119,2026-10-08T23:03:18.036295+00:00,119.00142559699998,1565,1791492204.1,descendente,1.0015866339999775,0.0,0.0,45862912,282861568,32096256,33332224,
120,2026-10-08T23:03:19.043773+00:00,120.01058596400071,1562,1791492204.01,principal,1.0074715069986269,0.0,0.0,24215552,32919552,14024704,14649344,
120,2026-10-08T23:03:19.043773+00:00,120.01058596400071,1563,1791492204.1,descendente,1.0074683700004243,0.0,0.0,11202560,19447808,5017600,5361664,
120,2026-10-08T23:03:19.043773+00:00,120.01058596400071,1564,1791492204.1,descendente,1.0074625630004448,0.0,0.0,46317568,282865664,32272384,33631232,
120,2026-10-08T23:03:19.043773+00:00,120.01058596400071,1565,1791492204.1,descendente,1.0074479809991317,0.0,0.0,45862912,282861568,32096256,33346560,
121,2026-10-08T23:03:20.168615+00:00,121.13545543400141,1562,1791492204.01,principal,1.124842881999939,0.0,0.0,24215552,32919552,14024704,14649344,
121,2026-10-08T23:03:20.168615+00:00,121.13545543400141,1563,1791492204.1,descendente,1.1248423239994736,0.0,0.0,11202560,19447808,5017600,5361664,
121,2026-10-08T23:03:20.168615+00:00,121.13545543400141,1564,1791492204.1,descendente,1.1248403429999598,0.0,0.0,46317568,282865664,32272384,33631232,
121,2026-10-08T23:03:20.168615+00:00,121.13545543400141,1565,1791492204.1,descendente,1.124837421999473,0.0,0.0,45862912,282861568,32096256,33346560,
122,2026-10-08T23:03:21.039709+00:00,122.00688926400107,1562,1791492204.01,principal,0.8710944100002962,0.0,0.0,24215552,32919552,14024704,14649344,
122,2026-10-08T23:03:21.039709+00:00,122.00688926400107,1563,1791492204.1,descendente,0.8711038950004877,0.0,0.0,11202560,19447808,5017600,5361664,
122,2026-10-08T23:03:21.039709+00:00,122.00688926400107,1564,1791492204.1,descendente,0.8711090619999595,0.0,0.0,46317568,282865664,32272384,33631232,
122,2026-10-08T23:03:21.039709+00:00,122.00688926400107,1565,1791492204.1,descendente,0.8711175980006374,0.0,0.0,45862912,282861568,32096256,33346560,
123,2026-10-08T23:03:22.034157+00:00,123.00130972600164,1562,1791492204.01,principal,0.9944488510009251,0.0,0.0,24215552,32919552,14024704,14649344,
123,2026-10-08T23:03:22.034157+00:00,123.00130972600164,1563,1791492204.1,descendente,0.9944519900000159,0.0,0.0,11202560,19447808,5017600,5361664,
123,2026-10-08T23:03:22.034157+00:00,123.00130972600164,1564,1791492204.1,descendente,0.994459158000609,0.0,0.0,46317568,282865664,32272384,33631232,
123,2026-10-08T23:03:22.034157+00:00,123.00130972600164,1565,1791492204.1,descendente,0.9944676369996159,0.0,0.0,45862912,282861568,32096256,33346560,
124,2026-10-08T23:03:23.034640+00:00,124.00168715700056,1562,1791492204.01,principal,1.0004815949996555,0.0,0.0,24215552,32919552,14024704,14642176,
124,2026-10-08T23:03:23.034640+00:00,124.00168715700056,1563,1791492204.1,descendente,1.0004768700000568,0.0,0.0,11202560,19447808,5017600,5360640,
124,2026-10-08T23:03:23.034640+00:00,124.00168715700056,1564,1791492204.1,descendente,1.000472878000437,0.9995273455079856,0.4997636727539928,46317568,282865664,32272384,33618944,
124,2026-10-08T23:03:23.034640+00:00,124.00168715700056,1565,1791492204.1,descendente,1.0006465610003943,0.0,0.0,45862912,282861568,32096256,33338368,
125,2026-10-08T23:03:24.034813+00:00,125.00201567900149,1562,1791492204.01,principal,1.0001715010002954,0.0,0.0,24215552,32919552,14024704,14649344,
125,2026-10-08T23:03:24.034813+00:00,125.00201567900149,1563,1791492204.1,descendente,1.0001725549991534,0.0,0.0,11202560,19447808,5017600,5361664,
125,2026-10-08T23:03:24.034813+00:00,125.00201567900149,1564,1791492204.1,descendente,1.0002071789986076,0.0,0.0,46317568,282865664,32272384,33631232,
125,2026-10-08T23:03:24.034813+00:00,125.00201567900149,1565,1791492204.1,descendente,1.000052962999689,0.0,0.0,45862912,282861568,32096256,33346560,
126,2026-10-08T23:03:25.055807+00:00,126.02283190100025,1562,1791492204.01,principal,1.0209983969998575,0.0,0.0,24215552,32919552,14024704,14649344,
126,2026-10-08T23:03:25.055807+00:00,126.02283190100025,1563,1791492204.1,descendente,1.021003534000556,0.0,0.0,11202560,19447808,5017600,5361664,
126,2026-10-08T23:03:25.055807+00:00,126.02283190100025,1564,1791492204.1,descendente,1.0209754560000874,0.0,0.0,46317568,282865664,32272384,33631232,
126,2026-10-08T23:03:25.055807+00:00,126.02283190100025,1565,1791492204.1,descendente,1.0209645530012494,0.0,0.0,45862912,282861568,32096256,33346560,
127,2026-10-08T23:03:26.033812+00:00,127.00091309000163,1562,1791492204.01,principal,0.9780022369996004,0.0,0.0,24215552,32919552,14024704,14649344,
127,2026-10-08T23:03:26.033812+00:00,127.00091309000163,1563,1791492204.1,descendente,0.9780083779987763,0.0,0.0,11202560,19447808,5017600,5361664,
127,2026-10-08T23:03:26.033812+00:00,127.00091309000163,1564,1791492204.1,descendente,0.9780037689997698,0.0,0.0,46317568,282865664,32272384,33631232,
127,2026-10-08T23:03:26.033812+00:00,127.00091309000163,1565,1791492204.1,descendente,0.9779913649999799,1.0225039154612798,0.5112519577306399,45862912,282861568,32096256,33346560,
128,2026-10-08T23:03:27.034119+00:00,128.0011975410016,1562,1791492204.01,principal,1.000307292000798,0.0,0.0,24215552,32919552,14024704,14641152,
128,2026-10-08T23:03:27.034119+00:00,128.0011975410016,1563,1791492204.1,descendente,1.000289576000796,0.0,0.0,11202560,19447808,5017600,5359616,
128,2026-10-08T23:03:27.034119+00:00,128.0011975410016,1564,1791492204.1,descendente,1.000289548001092,0.0,0.0,46317568,282865664,32272384,33617920,
128,2026-10-08T23:03:27.034119+00:00,128.0011975410016,1565,1791492204.1,descendente,1.00047624599938,0.9995239807027071,0.49976199035135355,45862912,282861568,32096256,33337344,
129,2026-10-08T23:03:28.040239+00:00,129.00741852400097,1562,1791492204.01,principal,1.0061201600001368,0.0,0.0,24215552,32919552,14024704,14649344,
129,2026-10-08T23:03:28.040239+00:00,129.00741852400097,1563,1791492204.1,descendente,1.006130261999715,0.0,0.0,11202560,19447808,5017600,5361664,
129,2026-10-08T23:03:28.040239+00:00,129.00741852400097,1564,1791492204.1,descendente,1.0064784869991854,0.0,0.0,46317568,282865664,32272384,33631232,
129,2026-10-08T23:03:28.040239+00:00,129.00741852400097,1565,1791492204.1,descendente,1.0063192029992933,0.0,0.0,45862912,282861568,32096256,33346560,
130,2026-10-08T23:03:29.043548+00:00,130.01062735900086,1562,1791492204.01,principal,1.003308722998554,0.0,0.0,24215552,32919552,14024704,14649344,
130,2026-10-08T23:03:29.043548+00:00,130.01062735900086,1563,1791492204.1,descendente,1.0032990780000546,0.0,0.0,11202560,19447808,5017600,5361664,
130,2026-10-08T23:03:29.043548+00:00,130.01062735900086,1564,1791492204.1,descendente,1.0029792940003972,0.0,0.0,46317568,282865664,32272384,33631232,
130,2026-10-08T23:03:29.043548+00:00,130.01062735900086,1565,1791492204.1,descendente,1.0029555600012827,0.0,0.0,45862912,282861568,32096256,33346560,
131,2026-10-08T23:03:30.033785+00:00,131.00094238300153,1562,1791492204.01,principal,0.9902378560000216,0.0,0.0,24215552,32919552,14024704,14649344,
131,2026-10-08T23:03:30.033785+00:00,131.00094238300153,1563,1791492204.1,descendente,0.9902478200001497,0.0,0.0,11202560,19447808,5017600,5361664,
131,2026-10-08T23:03:30.033785+00:00,131.00094238300153,1564,1791492204.1,descendente,0.9902210860000196,0.0,0.0,46317568,282865664,32272384,33631232,
131,2026-10-08T23:03:30.033785+00:00,131.00094238300153,1565,1791492204.1,descendente,0.9902769809996244,0.0,0.0,45862912,282861568,32096256,33346560,
132,2026-10-08T23:03:31.034187+00:00,132.00136219600063,1562,1791492204.01,principal,1.000401197001338,0.0,0.0,24215552,32919552,14024704,14649344,
132,2026-10-08T23:03:31.034187+00:00,132.00136219600063,1563,1791492204.1,descendente,1.000395932000174,0.0,0.0,11202560,19447808,5017600,5361664,
132,2026-10-08T23:03:31.034187+00:00,132.00136219600063,1564,1791492204.1,descendente,1.0003905949997716,0.0,0.0,46317568,282865664,32272384,33631232,
132,2026-10-08T23:03:31.034187+00:00,132.00136219600063,1565,1791492204.1,descendente,1.0003275019989815,0.0,0.0,45862912,282861568,32096256,33346560,
133,2026-10-08T23:03:32.033549+00:00,133.0003252000006,1562,1791492204.01,principal,0.999362332999226,0.0,0.0,24215552,32919552,14024704,14636032,
133,2026-10-08T23:03:32.033549+00:00,133.0003252000006,1563,1791492204.1,descendente,0.9993625749993953,0.0,0.0,11202560,19447808,5017600,5360640,
133,2026-10-08T23:03:32.033549+00:00,133.0003252000006,1564,1791492204.1,descendente,0.9993613710012141,0.0,0.0,46317568,282865664,32272384,33614848,
133,2026-10-08T23:03:32.033549+00:00,133.0003252000006,1565,1791492204.1,descendente,0.9993629970012989,0.0,0.0,45862912,282861568,32096256,33332224,
134,2026-10-08T23:03:33.038469+00:00,134.00562267400164,1562,1791492204.01,principal,1.0049195640003745,0.0,0.0,24215552,32919552,14024704,14649344,
134,2026-10-08T23:03:33.038469+00:00,134.00562267400164,1563,1791492204.1,descendente,1.0049895590000233,0.0,0.0,11202560,19447808,5017600,5361664,
134,2026-10-08T23:03:33.038469+00:00,134.00562267400164,1564,1791492204.1,descendente,1.0050001349991362,0.9950247419625078,0.4975123709812539,46317568,282865664,32272384,33631232,
134,2026-10-08T23:03:33.038469+00:00,134.00562267400164,1565,1791492204.1,descendente,1.005034648000219,0.0,0.0,45862912,282861568,32096256,33346560,
135,2026-10-08T23:03:34.034186+00:00,135.00082737699995,1562,1791492204.01,principal,0.9957173570001032,1.0043010629168685,0.5021505314584342,24215552,32919552,14024704,14649344,
135,2026-10-08T23:03:34.034186+00:00,135.00082737699995,1563,1791492204.1,descendente,0.9956499990003067,0.0,0.0,11202560,19447808,5017600,5361664,
135,2026-10-08T23:03:34.034186+00:00,135.00082737699995,1564,1791492204.1,descendente,0.9956436539996503,0.0,0.0,46317568,282865664,32272384,33631232,
135,2026-10-08T23:03:34.034186+00:00,135.00082737699995,1565,1791492204.1,descendente,0.995612306998737,0.0,0.0,45862912,282861568,32096256,33346560,
136,2026-10-08T23:03:35.041519+00:00,136.00866271000086,1562,1791492204.01,principal,1.0073335630004294,0.0,0.0,24215552,32919552,14024704,14649344,
136,2026-10-08T23:03:35.041519+00:00,136.00866271000086,1563,1791492204.1,descendente,1.0073378739998589,0.0,0.0,11202560,19447808,5017600,5361664,
136,2026-10-08T23:03:35.041519+00:00,136.00866271000086,1564,1791492204.1,descendente,1.0077735449995089,0.0,0.0,46317568,282865664,32272384,33631232,
136,2026-10-08T23:03:35.041519+00:00,136.00866271000086,1565,1791492204.1,descendente,1.0078407439996226,0.0,0.0,45862912,282861568,32096256,33346560,
137,2026-10-08T23:03:36.034235+00:00,137.00130124600037,1562,1791492204.01,principal,0.9928541019999102,0.0,0.0,24215552,32919552,14024704,14640128,
137,2026-10-08T23:03:36.034235+00:00,137.00130124600037,1563,1791492204.1,descendente,0.9928432569995493,0.0,0.0,11202560,19447808,5017600,5358592,
137,2026-10-08T23:03:36.034235+00:00,137.00130124600037,1564,1791492204.1,descendente,0.9924089070009359,0.0,0.0,46317568,282865664,32272384,33616896,
137,2026-10-08T23:03:36.034235+00:00,137.00130124600037,1565,1791492204.1,descendente,0.9923992240001098,0.0,0.0,45862912,282861568,32096256,33336320,
138,2026-10-08T23:03:37.033449+00:00,138.00023212199994,1562,1791492204.01,principal,0.99907696199989,0.0,0.0,24215552,32919552,14024704,14649344,
138,2026-10-08T23:03:37.033449+00:00,138.00023212199994,1563,1791492204.1,descendente,0.999081694000779,0.0,0.0,11202560,19447808,5017600,5361664,
138,2026-10-08T23:03:37.033449+00:00,138.00023212199994,1564,1791492204.1,descendente,0.9990793609995308,1.0009214873574699,0.5004607436787349,46317568,282865664,32272384,33631232,
138,2026-10-08T23:03:37.033449+00:00,138.00023212199994,1565,1791492204.1,descendente,0.9990153830003692,0.0,0.0,45862912,282861568,32096256,33346560,
139,2026-10-08T23:03:38.060930+00:00,139.02802298300048,1562,1791492204.01,principal,1.027480190999995,0.0,0.0,24215552,32919552,14024704,14649344,
139,2026-10-08T23:03:38.060930+00:00,139.02802298300048,1563,1791492204.1,descendente,1.0274832069990225,0.0,0.0,11202560,19447808,5017600,5361664,
139,2026-10-08T23:03:38.060930+00:00,139.02802298300048,1564,1791492204.1,descendente,1.0274835729996994,0.0,0.0,46317568,282865664,32272384,33631232,
139,2026-10-08T23:03:38.060930+00:00,139.02802298300048,1565,1791492204.1,descendente,1.0274912450004194,0.0,0.0,45862912,282861568,32096256,33346560,
140,2026-10-08T23:03:39.040180+00:00,140.00734126600037,1562,1791492204.01,principal,0.979248182999072,0.0,0.0,24215552,32919552,14024704,14649344,
140,2026-10-08T23:03:39.040180+00:00,140.00734126600037,1563,1791492204.1,descendente,0.9792437340001925,0.0,0.0,11202560,19447808,5017600,5361664,
140,2026-10-08T23:03:39.040180+00:00,140.00734126600037,1564,1791492204.1,descendente,0.9792397810015245,0.0,0.0,46317568,282865664,32272384,33631232,
140,2026-10-08T23:03:39.040180+00:00,140.00734126600037,1565,1791492204.1,descendente,0.9792292919992178,0.0,0.0,45862912,282861568,32096256,33346560,
141,2026-10-08T23:03:40.034313+00:00,141.00146541700087,1562,1791492204.01,principal,0.9941336270003376,0.0,0.0,24215552,32919552,14024704,14649344,
141,2026-10-08T23:03:40.034313+00:00,141.00146541700087,1563,1791492204.1,descendente,0.9941355770006339,0.0,0.0,11202560,19447808,5017600,5361664,
141,2026-10-08T23:03:40.034313+00:00,141.00146541700087,1564,1791492204.1,descendente,0.9941390769999998,0.0,0.0,46317568,282865664,32272384,33631232,
141,2026-10-08T23:03:40.034313+00:00,141.00146541700087,1565,1791492204.1,descendente,0.9942865410012018,0.0,0.0,45862912,282861568,32096256,33346560,
142,2026-10-08T23:03:41.034895+00:00,142.00199066800087,1562,1791492204.01,principal,1.0005832339993503,0.0,0.0,24215552,32919552,14024704,14638080,
142,2026-10-08T23:03:41.034895+00:00,142.00199066800087,1563,1791492204.1,descendente,1.000583266000831,0.0,0.0,11202560,19447808,5017600,5359616,
142,2026-10-08T23:03:41.034895+00:00,142.00199066800087,1564,1791492204.1,descendente,1.0007261029986694,0.0,0.0,46317568,282865664,32272384,33613824,
142,2026-10-08T23:03:41.034895+00:00,142.00199066800087,1565,1791492204.1,descendente,1.0006740299995727,0.9993264240106522,0.4996632120053261,45862912,282861568,32096256,33333248,
143,2026-10-08T23:03:42.035750+00:00,143.00286289700125,1562,1791492204.01,principal,1.0008568709999963,0.0,0.0,24215552,32919552,14024704,14649344,
143,2026-10-08T23:03:42.035750+00:00,143.00286289700125,1563,1791492204.1,descendente,1.0008757039995544,0.0,0.0,11202560,19447808,5017600,5361664,
143,2026-10-08T23:03:42.035750+00:00,143.00286289700125,1564,1791492204.1,descendente,1.00104269700023,0.0,0.0,46317568,282865664,32272384,33631232,
143,2026-10-08T23:03:42.035750+00:00,143.00286289700125,1565,1791492204.1,descendente,1.0009804319997784,0.0,0.0,45862912,282861568,32096256,33346560,
144,2026-10-08T23:03:43.034682+00:00,144.00165583099988,1562,1791492204.01,principal,0.9989324310008669,0.0,0.0,24215552,32919552,14024704,14649344,
144,2026-10-08T23:03:43.034682+00:00,144.00165583099988,1563,1791492204.1,descendente,0.9989160469995113,0.0,0.0,11202560,19447808,5017600,5361664,
144,2026-10-08T23:03:43.034682+00:00,144.00165583099988,1564,1791492204.1,descendente,0.9986066820001724,0.0,0.0,46317568,282865664,32272384,33631232,
144,2026-10-08T23:03:43.034682+00:00,144.00165583099988,1565,1791492204.1,descendente,0.9985795699994924,0.0,0.0,45862912,282861568,32096256,33346560,
145,2026-10-08T23:03:44.034047+00:00,145.00119616100164,1562,1791492204.01,principal,0.9993630440003471,0.0,0.0,24215552,32919552,14024704,14649344,
145,2026-10-08T23:03:44.034047+00:00,145.00119616100164,1563,1791492204.1,descendente,0.9993662209999457,0.0,0.0,11202560,19447808,5017600,5361664,
145,2026-10-08T23:03:44.034047+00:00,145.00119616100164,1564,1791492204.1,descendente,0.9993675820005592,0.0,0.0,46317568,282865664,32272384,33631232,
145,2026-10-08T23:03:44.034047+00:00,145.00119616100164,1565,1791492204.1,descendente,0.9993713820003904,0.0,0.0,45862912,282861568,32096256,33346560,
146,2026-10-08T23:03:45.034667+00:00,146.00174538800093,1562,1791492204.01,principal,1.0006191259999468,0.0,0.0,24215552,32919552,14024704,14640128,
146,2026-10-08T23:03:45.034667+00:00,146.00174538800093,1563,1791492204.1,descendente,1.0006130430010671,0.0,0.0,11202560,19447808,5017600,5358592,
146,2026-10-08T23:03:45.034667+00:00,146.00174538800093,1564,1791492204.1,descendente,1.0006139659999462,0.0,0.0,46317568,282865664,32272384,33616896,
146,2026-10-08T23:03:45.034667+00:00,146.00174538800093,1565,1791492204.1,descendente,1.0008880069999577,0.0,0.0,45862912,282861568,32096256,33337344,
147,2026-10-08T23:03:46.036555+00:00,147.0037409180004,1562,1791492204.01,principal,1.0018855139987863,0.0,0.0,24215552,32919552,14024704,14649344,
147,2026-10-08T23:03:46.036555+00:00,147.0037409180004,1563,1791492204.1,descendente,1.0018876239992096,0.0,0.0,11202560,19447808,5017600,5361664,
147,2026-10-08T23:03:46.036555+00:00,147.0037409180004,1564,1791492204.1,descendente,1.002098756000123,0.9979056395512362,0.4989528197756181,46317568,282865664,32272384,33631232,
147,2026-10-08T23:03:46.036555+00:00,147.0037409180004,1565,1791492204.1,descendente,1.0018542859997979,0.0,0.0,45862912,282861568,32096256,33346560,
148,2026-10-08T23:03:47.034427+00:00,148.00157073600167,1562,1791492204.01,principal,0.9978737110013753,0.0,0.0,24215552,32919552,14024704,14649344,
148,2026-10-08T23:03:47.034427+00:00,148.00157073600167,1563,1791492204.1,descendente,0.9978770710004028,0.0,0.0,11202560,19447808,5017600,5361664,
148,2026-10-08T23:03:47.034427+00:00,148.00157073600167,1564,1791492204.1,descendente,0.9976653719986643,0.0,0.0,46317568,282865664,32272384,33631232,
148,2026-10-08T23:03:47.034427+00:00,148.00157073600167,1565,1791492204.1,descendente,0.9979002100008074,0.0,0.0,45862912,282861568,32096256,33346560,
149,2026-10-08T23:03:48.034054+00:00,149.00091102000079,1562,1791492204.01,principal,0.9996268219983904,0.0,0.0,24215552,32919552,14024704,14649344,
149,2026-10-08T23:03:48.034054+00:00,149.00091102000079,1563,1791492204.1,descendente,0.9996179159988969,0.0,0.0,11202560,19447808,5017600,5361664,
149,2026-10-08T23:03:48.034054+00:00,149.00091102000079,1564,1791492204.1,descendente,0.9996147640013078,0.0,0.0,46317568,282865664,32272384,33631232,
149,2026-10-08T23:03:48.034054+00:00,149.00091102000079,1565,1791492204.1,descendente,0.9993483119997109,0.0,0.0,45862912,282861568,32096256,33346560,
150,2026-10-08T23:03:49.034505+00:00,150.00168595200012,1562,1791492204.01,principal,1.000451501000498,0.0,0.0,24215552,32919552,14024704,14649344,
150,2026-10-08T23:03:49.034505+00:00,150.00168595200012,1563,1791492204.1,descendente,1.0004588930005411,0.0,0.0,11202560,19447808,5017600,5361664,
150,2026-10-08T23:03:49.034505+00:00,150.00168595200012,1564,1791492204.1,descendente,1.0004639239996322,0.0,0.0,46317568,282865664,32272384,33631232,
150,2026-10-08T23:03:49.034505+00:00,150.00168595200012,1565,1791492204.1,descendente,1.0006848630000604,0.0,0.0,45862912,282861568,32096256,33346560,
151,2026-10-08T23:03:50.034593+00:00,151.00176284000008,1562,1791492204.01,principal,1.0000865399997565,0.0,0.0,24215552,32919552,14024704,14641152,
151,2026-10-08T23:03:50.034593+00:00,151.00176284000008,1563,1791492204.1,descendente,1.0000773039992055,0.0,0.0,11202560,19447808,5017600,5360640,
151,2026-10-08T23:03:50.034593+00:00,151.00176284000008,1564,1791492204.1,descendente,1.0000737339996704,0.0,0.0,46317568,282865664,32272384,33622016,
151,2026-10-08T23:03:50.034593+00:00,151.00176284000008,1565,1791492204.1,descendente,1.0000874929992278,0.0,0.0,45862912,282861568,32096256,33338368,
152,2026-10-08T23:03:51.035374+00:00,152.00253276500007,1562,1791492204.01,principal,1.0007812100011506,0.0,0.0,24215552,32919552,14024704,14649344,
152,2026-10-08T23:03:51.035374+00:00,152.00253276500007,1563,1791492204.1,descendente,1.0008524450004188,0.0,0.0,11202560,19447808,5017600,5361664,
152,2026-10-08T23:03:51.035374+00:00,152.00253276500007,1564,1791492204.1,descendente,1.0008613310001238,0.0,0.0,46317568,282865664,32272384,33631232,
152,2026-10-08T23:03:51.035374+00:00,152.00253276500007,1565,1791492204.1,descendente,1.0008557199998904,0.999145011630558,0.499572505815279,45862912,282861568,32096256,33346560,
153,2026-10-08T23:03:52.034982+00:00,153.00216111400005,1562,1791492204.01,principal,0.9996092569999746,0.0,0.0,24215552,32919552,14024704,14649344,
153,2026-10-08T23:03:52.034982+00:00,153.00216111400005,1563,1791492204.1,descendente,0.9995489700013422,0.0,0.0,11202560,19447808,5017600,5361664,
153,2026-10-08T23:03:52.034982+00:00,153.00216111400005,1564,1791492204.1,descendente,0.9995410100000299,0.0,0.0,46317568,282865664,32272384,33631232,
153,2026-10-08T23:03:52.034982+00:00,153.00216111400005,1565,1791492204.1,descendente,0.9995285060012975,0.0,0.0,45862912,282861568,32096256,33346560,
154,2026-10-08T23:03:53.034011+00:00,154.00115798600018,1562,1791492204.01,principal,0.999227702999633,0.0,0.0,24215552,32919552,14024704,14649344,
154,2026-10-08T23:03:53.034011+00:00,154.00115798600018,1563,1791492204.1,descendente,0.9992516199999955,0.0,0.0,11202560,19447808,5017600,5361664,
154,2026-10-08T23:03:53.034011+00:00,154.00115798600018,1564,1791492204.1,descendente,0.9992596379997849,0.0,0.0,46317568,282865664,32272384,33631232,
154,2026-10-08T23:03:53.034011+00:00,154.00115798600018,1565,1791492204.1,descendente,0.9990647670001636,0.0,0.0,45862912,282861568,32096256,33346560,
155,2026-10-08T23:03:54.034332+00:00,155.00130042100136,1562,1791492204.01,principal,1.0001216939999722,0.9998783208076342,0.4999391604038171,24215552,32919552,14024704,14639104,
155,2026-10-08T23:03:54.034332+00:00,155.00130042100136,1563,1791492204.1,descendente,1.0000873709996085,0.0,0.0,11202560,19447808,5017600,5358592,
155,2026-10-08T23:03:54.034332+00:00,155.00130042100136,1564,1791492204.1,descendente,1.0000819060005597,0.0,0.0,46317568,282865664,32272384,33617920,
155,2026-10-08T23:03:54.034332+00:00,155.00130042100136,1565,1791492204.1,descendente,1.000091859999884,0.0,0.0,45862912,282861568,32096256,33335296,
156,2026-10-08T23:03:55.035274+00:00,156.002464135001,1562,1791492204.01,principal,1.00094285600062,0.0,0.0,24215552,32919552,14024704,14649344,
156,2026-10-08T23:03:55.035274+00:00,156.002464135001,1563,1791492204.1,descendente,1.0009467529998801,0.0,0.0,11202560,19447808,5017600,5361664,
156,2026-10-08T23:03:55.035274+00:00,156.002464135001,1564,1791492204.1,descendente,1.0009400010003446,0.9990608817722405,0.49953044088612025,46317568,282865664,32272384,33631232,
156,2026-10-08T23:03:55.035274+00:00,156.002464135001,1565,1791492204.1,descendente,1.0009029479988385,0.9990978665812382,0.4995489332906191,45862912,282861568,32096256,33346560,
157,2026-10-08T23:03:56.036365+00:00,157.00351480000063,1562,1791492204.01,principal,1.001090886999009,0.0,0.0,24215552,32919552,14024704,14649344,
157,2026-10-08T23:03:56.036365+00:00,157.00351480000063,1563,1791492204.1,descendente,1.0010998130001099,0.0,0.0,11202560,19447808,5017600,5361664,
157,2026-10-08T23:03:56.036365+00:00,157.00351480000063,1564,1791492204.1,descendente,1.0011041749985452,0.0,0.0,46317568,282865664,32272384,33631232,
157,2026-10-08T23:03:56.036365+00:00,157.00351480000063,1565,1791492204.1,descendente,1.0011162580012751,0.0,0.0,45862912,282861568,32096256,33346560,
158,2026-10-08T23:03:57.035981+00:00,158.0030834750014,1562,1791492204.01,principal,0.9996574649994727,0.0,0.0,24215552,32919552,14024704,14649344,
158,2026-10-08T23:03:57.035981+00:00,158.0030834750014,1563,1791492204.1,descendente,0.9996511249992182,0.0,0.0,11202560,19447808,5017600,5361664,
158,2026-10-08T23:03:57.035981+00:00,158.0030834750014,1564,1791492204.1,descendente,0.999649789000614,0.0,0.0,46317568,282865664,32272384,33631232,
158,2026-10-08T23:03:57.035981+00:00,158.0030834750014,1565,1791492204.1,descendente,0.9996751969993056,0.0,0.0,45862912,282861568,32096256,33346560,
159,2026-10-08T23:03:58.036827+00:00,159.0014957380008,1562,1791492204.01,principal,1.0008076470003289,0.0,0.0,24215552,32919552,14024704,14649344,
159,2026-10-08T23:03:58.036827+00:00,159.0014957380008,1563,1791492204.1,descendente,1.000807784999779,0.0,0.0,11202560,19447808,5017600,5361664,
159,2026-10-08T23:03:58.036827+00:00,159.0014957380008,1564,1791492204.1,descendente,1.0008094650002022,0.0,0.0,46317568,282865664,32272384,33631232,
159,2026-10-08T23:03:58.036827+00:00,159.0014957380008,1565,1791492204.1,descendente,1.0007852700000512,0.0,0.0,45862912,282861568,32096256,33346560,
160,2026-10-08T23:03:59.037061+00:00,160.00363364500117,1562,1791492204.01,principal,1.000239335000515,0.0,0.0,24215552,32919552,14024704,14649344,
160,2026-10-08T23:03:59.037061+00:00,160.00363364500117,1563,1791492204.1,descendente,1.0002675390005606,0.0,0.0,11202560,19447808,5017600,5361664,
160,2026-10-08T23:03:59.037061+00:00,160.00363364500117,1564,1791492204.1,descendente,1.0002802130002237,0.0,0.0,46317568,282865664,32272384,33631232,
160,2026-10-08T23:03:59.037061+00:00,160.00363364500117,1565,1791492204.1,descendente,1.0003037379992747,0.0,0.0,45862912,282861568,32096256,33346560,
161,2026-10-08T23:04:00.040144+00:00,161.00732678900022,1562,1791492204.01,principal,1.0030737340002815,0.0,0.0,24215552,32919552,14024704,14649344,
161,2026-10-08T23:04:00.040144+00:00,161.00732678900022,1563,1791492204.1,descendente,1.0030481680005323,0.0,0.0,11202560,19447808,5017600,5361664,
161,2026-10-08T23:04:00.040144+00:00,161.00732678900022,1564,1791492204.1,descendente,1.0030317620003188,0.0,0.0,46317568,282865664,32272384,33631232,
161,2026-10-08T23:04:00.040144+00:00,161.00732678900022,1565,1791492204.1,descendente,1.0030038040004001,0.0,0.0,45862912,282861568,32096256,33346560,
162,2026-10-08T23:04:01.033737+00:00,162.00088969800163,1562,1791492204.01,principal,0.9935950939998293,0.0,0.0,24215552,32919552,14024704,14649344,
162,2026-10-08T23:04:01.033737+00:00,162.00088969800163,1563,1791492204.1,descendente,0.9935924059991521,0.0,0.0,11202560,19447808,5017600,5361664,
162,2026-10-08T23:04:01.033737+00:00,162.00088969800163,1564,1791492204.1,descendente,0.9935933299984754,0.0,0.0,46317568,282865664,32272384,33631232,
162,2026-10-08T23:04:01.033737+00:00,162.00088969800163,1565,1791492204.1,descendente,0.993589793000865,0.0,0.0,45862912,282861568,32096256,33346560,
163,2026-10-08T23:04:02.034829+00:00,163.0019871550012,1562,1791492204.01,principal,1.001091402999009,0.0,0.0,24215552,32919552,14024704,14649344,
163,2026-10-08T23:04:02.034829+00:00,163.0019871550012,1563,1791492204.1,descendente,1.0010941149994323,0.0,0.0,11202560,19447808,5017600,5361664,
163,2026-10-08T23:04:02.034829+00:00,163.0019871550012,1564,1791492204.1,descendente,1.0010957260001305,0.0,0.0,46317568,282865664,32272384,33631232,
163,2026-10-08T23:04:02.034829+00:00,163.0019871550012,1565,1791492204.1,descendente,1.0014667279992864,0.9985354201415109,0.49926771007075543,45862912,282861568,32096256,33346560,
164,2026-10-08T23:04:03.034499+00:00,164.00145770400013,1562,1791492204.01,principal,0.9996699700004683,0.0,0.0,24215552,32919552,14024704,14640128,
164,2026-10-08T23:04:03.034499+00:00,164.00145770400013,1563,1791492204.1,descendente,0.9996632940001291,0.0,0.0,11202560,19447808,5017600,5358592,
164,2026-10-08T23:04:03.034499+00:00,164.00145770400013,1564,1791492204.1,descendente,0.999663941000108,1.0003361719733102,0.5001680859866551,46317568,282865664,32272384,33617920,
164,2026-10-08T23:04:03.034499+00:00,164.00145770400013,1565,1791492204.1,descendente,0.9995023829997081,0.0,0.0,45862912,282861568,32096256,33336320,
165,2026-10-08T23:04:04.123474+00:00,165.09055054800046,1562,1791492204.01,principal,1.0889740540005732,0.0,0.0,24215552,32919552,14024704,14649344,
165,2026-10-08T23:04:04.123474+00:00,165.09055054800046,1563,1791492204.1,descendente,1.0889755610005523,0.0,0.0,11202560,19447808,5017600,5361664,
165,2026-10-08T23:04:04.123474+00:00,165.09055054800046,1564,1791492204.1,descendente,1.0889712010011863,0.0,0.0,46317568,282865664,32272384,33631232,
165,2026-10-08T23:04:04.123474+00:00,165.09055054800046,1565,1791492204.1,descendente,1.0887620650009922,0.0,0.0,45862912,282861568,32096256,33346560,
166,2026-10-08T23:04:05.033927+00:00,166.00108232999992,1562,1791492204.01,principal,0.9104551580003317,0.0,0.0,24215552,32919552,14024704,14649344,
166,2026-10-08T23:04:05.033927+00:00,166.00108232999992,1563,1791492204.1,descendente,0.9104561530002684,0.0,0.0,11202560,19447808,5017600,5361664,
166,2026-10-08T23:04:05.033927+00:00,166.00108232999992,1564,1791492204.1,descendente,0.9104573869990418,0.0,0.0,46317568,282865664,32272384,33631232,
166,2026-10-08T23:04:05.033927+00:00,166.00108232999992,1565,1791492204.1,descendente,0.9104573519998667,0.0,0.0,45862912,282861568,32096256,33346560,
167,2026-10-08T23:04:06.034007+00:00,167.0011451620012,1562,1791492204.01,principal,1.0000786410000728,0.0,0.0,24215552,32919552,14024704,14649344,
167,2026-10-08T23:04:06.034007+00:00,167.0011451620012,1563,1791492204.1,descendente,1.0000851950007927,0.0,0.0,11202560,19447808,5017600,5361664,
167,2026-10-08T23:04:06.034007+00:00,167.0011451620012,1564,1791492204.1,descendente,1.0000860760010255,0.0,0.0,46317568,282865664,32272384,33631232,
167,2026-10-08T23:04:06.034007+00:00,167.0011451620012,1565,1791492204.1,descendente,1.0000872689997777,0.0,0.0,45862912,282861568,32096256,33346560,
168,2026-10-08T23:04:07.043312+00:00,168.01024270000016,1562,1791492204.01,principal,1.0093047529990145,0.0,0.0,24215552,32919552,14024704,14612480,
168,2026-10-08T23:04:07.043312+00:00,168.01024270000016,1563,1791492204.1,descendente,1.0092991159999656,0.0,0.0,11202560,19447808,5017600,5343232,
168,2026-10-08T23:04:07.043312+00:00,168.01024270000016,1564,1791492204.1,descendente,1.0093023409990565,0.0,0.0,46317568,282865664,32272384,33586176,
168,2026-10-08T23:04:07.043312+00:00,168.01024270000016,1565,1791492204.1,descendente,1.009305988000051,0.0,0.0,45862912,282861568,32096256,33307648,
169,2026-10-08T23:04:08.033598+00:00,169.00070310200135,1562,1791492204.01,principal,0.9902857550005137,0.0,0.0,24215552,32919552,14024704,14649344,
169,2026-10-08T23:04:08.033598+00:00,169.00070310200135,1563,1791492204.1,descendente,0.9902835999982926,0.0,0.0,11202560,19447808,5017600,5361664,
169,2026-10-08T23:04:08.033598+00:00,169.00070310200135,1564,1791492204.1,descendente,0.9902812380005344,0.0,0.0,46317568,282865664,32272384,33631232,
169,2026-10-08T23:04:08.033598+00:00,169.00070310200135,1565,1791492204.1,descendente,0.9902759510005126,0.0,0.0,45862912,282861568,32096256,33346560,
170,2026-10-08T23:04:09.034329+00:00,170.0014721690004,1562,1791492204.01,principal,1.0007313000005524,0.0,0.0,24215552,32919552,14024704,14649344,
170,2026-10-08T23:04:09.034329+00:00,170.0014721690004,1563,1791492204.1,descendente,1.0007349750012509,0.0,0.0,11202560,19447808,5017600,5361664,
170,2026-10-08T23:04:09.034329+00:00,170.0014721690004,1564,1791492204.1,descendente,1.0007355229990935,0.0,0.0,46317568,282865664,32272384,33631232,
170,2026-10-08T23:04:09.034329+00:00,170.0014721690004,1565,1791492204.1,descendente,1.0007938309991005,0.0,0.0,45862912,282861568,32096256,33346560,
171,2026-10-08T23:04:10.034931+00:00,171.00164352200045,1562,1791492204.01,principal,1.0006058069993742,0.0,0.0,24215552,32919552,14024704,14649344,
171,2026-10-08T23:04:10.034931+00:00,171.00164352200045,1563,1791492204.1,descendente,1.0006174359987199,0.0,0.0,11202560,19447808,5017600,5361664,
171,2026-10-08T23:04:10.034931+00:00,171.00164352200045,1564,1791492204.1,descendente,1.0006164260012156,0.0,0.0,46317568,282865664,32272384,33631232,
171,2026-10-08T23:04:10.034931+00:00,171.00164352200045,1565,1791492204.1,descendente,1.0005578130003414,0.9994424979813333,0.49972124899066667,45862912,282861568,32096256,33346560,
172,2026-10-08T23:04:11.034272+00:00,172.00132269500136,1562,1791492204.01,principal,0.9993425119992025,0.0,0.0,24215552,32919552,14024704,14641152,
172,2026-10-08T23:04:11.034272+00:00,172.00132269500136,1563,1791492204.1,descendente,0.9993289810008719,0.0,0.0,11202560,19447808,5017600,5360640,
172,2026-10-08T23:04:11.034272+00:00,172.00132269500136,1564,1791492204.1,descendente,0.9993300979986088,0.0,0.0,46317568,282865664,32272384,33617920,
172,2026-10-08T23:04:11.034272+00:00,172.00132269500136,1565,1791492204.1,descendente,0.9993295549993491,0.0,0.0,45862912,282861568,32096256,33337344,
173,2026-10-08T23:04:12.037451+00:00,173.00451268800134,1562,1791492204.01,principal,1.003174724000928,0.0,0.0,24215552,32919552,14024704,14649344,
173,2026-10-08T23:04:12.037451+00:00,173.00451268800134,1563,1791492204.1,descendente,1.003175079000357,0.0,0.0,11202560,19447808,5017600,5361664,
173,2026-10-08T23:04:12.037451+00:00,173.00451268800134,1564,1791492204.1,descendente,1.0031759990015416,0.996834056033137,0.4984170280165685,46317568,282865664,32272384,33631232,
173,2026-10-08T23:04:12.037451+00:00,173.00451268800134,1565,1791492204.1,descendente,1.0032106779999594,0.0,0.0,45862912,282861568,32096256,33346560,
174,2026-10-08T23:04:13.034694+00:00,174.0018059940012,1562,1791492204.01,principal,0.9972440959991218,0.0,0.0,24215552,32919552,14024704,14649344,
174,2026-10-08T23:04:13.034694+00:00,174.0018059940012,1563,1791492204.1,descendente,0.997251487999165,0.0,0.0,11202560,19447808,5017600,5361664,
174,2026-10-08T23:04:13.034694+00:00,174.0018059940012,1564,1791492204.1,descendente,0.9974066209997545,1.0026001221028167,0.5013000610514083,46317568,282865664,32272384,33631232,
174,2026-10-08T23:04:13.034694+00:00,174.0018059940012,1565,1791492204.1,descendente,0.9974018630000501,0.0,0.0,45862912,282861568,32096256,33346560,
175,2026-10-08T23:04:14.033156+00:00,175.00030555300145,1562,1791492204.01,principal,0.9984611990003032,0.0,0.0,24215552,32919552,14024704,14649344,
175,2026-10-08T23:04:14.033156+00:00,175.00030555300145,1563,1791492204.1,descendente,0.9984569540010853,0.0,0.0,11202560,19447808,5017600,5361664,
175,2026-10-08T23:04:14.033156+00:00,175.00030555300145,1564,1791492204.1,descendente,0.9986825449996104,0.0,0.0,46317568,282865664,32272384,33631232,
175,2026-10-08T23:04:14.033156+00:00,175.00030555300145,1565,1791492204.1,descendente,0.9987111419995927,0.0,0.0,45862912,282861568,32096256,33346560,
176,2026-10-08T23:04:15.034325+00:00,176.00136556000143,1562,1791492204.01,principal,1.001173815000584,0.9988275612256153,0.49941378061280767,24215552,32919552,14024704,14640128,
176,2026-10-08T23:04:15.034325+00:00,176.00136556000143,1563,1791492204.1,descendente,1.0011744429993996,0.0,0.0,11202560,19447808,5017600,5358592,
176,2026-10-08T23:04:15.034325+00:00,176.00136556000143,1564,1791492204.1,descendente,1.0007992989994818,0.0,0.0,46317568,282865664,32272384,33617920,
176,2026-10-08T23:04:15.034325+00:00,176.00136556000143,1565,1791492204.1,descendente,1.001014331000988,0.0,0.0,45862912,282861568,32096256,33336320,
177,2026-10-08T23:04:16.042579+00:00,177.00965558000098,1562,1791492204.01,principal,1.008249201999206,0.0,0.0,24215552,32919552,14024704,14649344,
177,2026-10-08T23:04:16.042579+00:00,177.00965558000098,1563,1791492204.1,descendente,1.0082493659992906,0.0,0.0,11202560,19447808,5017600,5361664,
177,2026-10-08T23:04:16.042579+00:00,177.00965558000098,1564,1791492204.1,descendente,1.008242379000876,0.0,0.0,46317568,282865664,32272384,33631232,
177,2026-10-08T23:04:16.042579+00:00,177.00965558000098,1565,1791492204.1,descendente,1.0079709279998497,0.0,0.0,45862912,282861568,32096256,33346560,
178,2026-10-08T23:04:17.033246+00:00,178.0002741850003,1562,1791492204.01,principal,0.9906670039999881,0.0,0.0,24215552,32919552,14024704,14649344,
178,2026-10-08T23:04:17.033246+00:00,178.0002741850003,1563,1791492204.1,descendente,0.9907825870013767,0.0,0.0,11202560,19447808,5017600,5361664,
178,2026-10-08T23:04:17.033246+00:00,178.0002741850003,1564,1791492204.1,descendente,0.9910885379995307,0.0,0.0,46317568,282865664,32272384,33631232,
178,2026-10-08T23:04:17.033246+00:00,178.0002741850003,1565,1791492204.1,descendente,0.9911301129995991,0.0,0.0,45862912,282861568,32096256,33346560,
179,2026-10-08T23:04:18.034437+00:00,179.0014920570011,1562,1791492204.01,principal,1.0011881600003107,0.0,0.0,24215552,32919552,14024704,14649344,
179,2026-10-08T23:04:18.034437+00:00,179.0014920570011,1563,1791492204.1,descendente,1.001065442998879,0.0,0.0,11202560,19447808,5017600,5361664,
179,2026-10-08T23:04:18.034437+00:00,179.0014920570011,1564,1791492204.1,descendente,1.0007601140005136,0.0,0.0,46317568,282865664,32272384,33631232,
179,2026-10-08T23:04:18.034437+00:00,179.0014920570011,1565,1791492204.1,descendente,1.0007139530007407,0.0,0.0,45862912,282861568,32096256,33346560,
180,2026-10-08T23:04:19.033900+00:00,180.0010990490009,1562,1791492204.01,principal,0.9994622670001263,0.0,0.0,24215552,32919552,14024704,14649344,
180,2026-10-08T23:04:19.033900+00:00,180.0010990490009,1563,1791492204.1,descendente,0.9994601489997876,0.0,0.0,11202560,19447808,5017600,5361664,
180,2026-10-08T23:04:19.033900+00:00,180.0010990490009,1564,1791492204.1,descendente,0.9997238140003901,0.0,0.0,46317568,282865664,32272384,33631232,
180,2026-10-08T23:04:19.033900+00:00,180.0010990490009,1565,1791492204.1,descendente,0.9997406049988058,1.00025946230422,0.50012973115211,45862912,282861568,32096256,33346560,
181,2026-10-08T23:04:20.036109+00:00,181.0012870290011,1562,1791492204.01,principal,1.0022152279998409,0.0,0.0,24215552,32919552,14024704,14638080,
181,2026-10-08T23:04:20.036109+00:00,181.0012870290011,1563,1791492204.1,descendente,1.002227547000075,0.0,0.0,11202560,19447808,5017600,5359616,
181,2026-10-08T23:04:20.036109+00:00,181.0012870290011,1564,1791492204.1,descendente,1.0019836269984808,0.0,0.0,46317568,282865664,32272384,33612800,
181,2026-10-08T23:04:20.036109+00:00,181.0012870290011,1565,1791492204.1,descendente,1.002009978001297,0.0,0.0,45862912,282861568,32096256,33333248,
182,2026-10-08T23:04:21.033643+00:00,182.0007193950005,1562,1791492204.01,principal,0.9975299710004037,0.0,0.0,24215552,32919552,14024704,14649344,
182,2026-10-08T23:04:21.033643+00:00,182.0007193950005,1563,1791492204.1,descendente,0.9975260660012282,0.0,0.0,11202560,19447808,5017600,5361664,
182,2026-10-08T23:04:21.033643+00:00,182.0007193950005,1564,1791492204.1,descendente,0.9975035250008659,0.0,0.0,46317568,282865664,32272384,33631232,
182,2026-10-08T23:04:21.033643+00:00,182.0007193950005,1565,1791492204.1,descendente,0.9974627909996343,0.0,0.0,45862912,282861568,32096256,33346560,
183,2026-10-08T23:04:22.033763+00:00,183.00096168500022,1562,1791492204.01,principal,1.0001173429991468,0.0,0.0,24215552,32919552,14024704,14649344,
183,2026-10-08T23:04:22.033763+00:00,183.00096168500022,1563,1791492204.1,descendente,1.0001074020001397,0.0,0.0,11202560,19447808,5017600,5361664,
183,2026-10-08T23:04:22.033763+00:00,183.00096168500022,1564,1791492204.1,descendente,1.0000992839995888,0.0,0.0,46317568,282865664,32272384,33631232,
183,2026-10-08T23:04:22.033763+00:00,183.00096168500022,1565,1791492204.1,descendente,1.0000890730007086,0.0,0.0,45862912,282861568,32096256,33346560,
184,2026-10-08T23:04:23.033411+00:00,184.00056012599998,1562,1791492204.01,principal,0.9996482060014387,0.0,0.0,24215552,32919552,14024704,14649344,
184,2026-10-08T23:04:23.033411+00:00,184.00056012599998,1563,1791492204.1,descendente,0.9999929789992166,0.0,0.0,11202560,19447808,5017600,5361664,
184,2026-10-08T23:04:23.033411+00:00,184.00056012599998,1564,1791492204.1,descendente,1.0000311500007228,0.0,0.0,46317568,282865664,32272384,33631232,
184,2026-10-08T23:04:23.033411+00:00,184.00056012599998,1565,1791492204.1,descendente,1.0000348909998138,0.0,0.0,45862912,282861568,32096256,33346560,
185,2026-10-08T23:04:24.034573+00:00,185.00155086000086,1562,1791492204.01,principal,1.0011663349996525,0.0,0.0,24215552,32919552,14024704,14641152,
185,2026-10-08T23:04:24.034573+00:00,185.00155086000086,1563,1791492204.1,descendente,1.0008153679991665,0.0,0.0,11202560,19447808,5017600,5359616,
185,2026-10-08T23:04:24.034573+00:00,185.00155086000086,1564,1791492204.1,descendente,1.0007892439989519,0.0,0.0,46317568,282865664,32272384,33617920,
185,2026-10-08T23:04:24.034573+00:00,185.00155086000086,1565,1791492204.1,descendente,1.0010871619997488,0.0,0.0,45862912,282861568,32096256,33337344,
186,2026-10-08T23:04:25.037573+00:00,186.00479520000044,1562,1791492204.01,principal,1.0029925019989605,0.0,0.0,24215552,32919552,14024704,14649344,
186,2026-10-08T23:04:25.037573+00:00,186.00479520000044,1563,1791492204.1,descendente,1.0029914820006525,0.0,0.0,11202560,19447808,5017600,5361664,
186,2026-10-08T23:04:25.037573+00:00,186.00479520000044,1564,1791492204.1,descendente,1.0032668570001988,0.0,0.0,46317568,282865664,32272384,33631232,
186,2026-10-08T23:04:25.037573+00:00,186.00479520000044,1565,1791492204.1,descendente,1.0029785240003548,0.0,0.0,45862912,282861568,32096256,33346560,
187,2026-10-08T23:04:26.035236+00:00,187.00228558100025,1562,1791492204.01,principal,0.9976654030015197,0.0,0.0,24215552,32919552,14024704,14649344,
187,2026-10-08T23:04:26.035236+00:00,187.00228558100025,1563,1791492204.1,descendente,0.9976668519993837,0.0,0.0,11202560,19447808,5017600,5361664,
187,2026-10-08T23:04:26.035236+00:00,187.00228558100025,1564,1791492204.1,descendente,0.9974450650006474,1.0025614794125548,0.5012807397062774,46317568,282865664,32272384,33631232,
187,2026-10-08T23:04:26.035236+00:00,187.00228558100025,1565,1791492204.1,descendente,0.9974371909993351,0.0,0.0,45862912,282861568,32096256,33346560,
188,2026-10-08T23:04:27.036277+00:00,188.00348101500094,1562,1791492204.01,principal,1.001039499999024,0.0,0.0,24215552,32919552,14024704,14649344,
188,2026-10-08T23:04:27.036277+00:00,188.00348101500094,1563,1791492204.1,descendente,1.0010417010016681,0.0,0.0,11202560,19447808,5017600,5361664,
188,2026-10-08T23:04:27.036277+00:00,188.00348101500094,1564,1791492204.1,descendente,1.000976534000074,0.0,0.0,46317568,282865664,32272384,33631232,
188,2026-10-08T23:04:27.036277+00:00,188.00348101500094,1565,1791492204.1,descendente,1.000969962000454,0.0,0.0,45862912,282861568,32096256,33346560,
189,2026-10-08T23:04:28.034926+00:00,189.00211388700154,1562,1791492204.01,principal,0.9986527490000299,0.0,0.0,24215552,32919552,14024704,14649344,
189,2026-10-08T23:04:28.034926+00:00,189.00211388700154,1563,1791492204.1,descendente,0.9986703209997358,0.0,0.0,11202560,19447808,5017600,5361664,
189,2026-10-08T23:04:28.034926+00:00,189.00211388700154,1564,1791492204.1,descendente,0.9986832829999912,0.0,0.0,46317568,282865664,32272384,33631232,
189,2026-10-08T23:04:28.034926+00:00,189.00211388700154,1565,1791492204.1,descendente,0.9989225389999774,0.0,0.0,45862912,282861568,32096256,33346560,
190,2026-10-08T23:04:29.033570+00:00,190.0002717010011,1562,1791492204.01,principal,0.9986477530001139,0.0,0.0,24215552,32919552,14024704,14649344,
190,2026-10-08T23:04:29.033570+00:00,190.0002717010011,1563,1791492204.1,descendente,0.9987378549994901,0.0,0.0,11202560,19447808,5017600,5361664,
190,2026-10-08T23:04:29.033570+00:00,190.0002717010011,1564,1791492204.1,descendente,0.9987391720005689,0.0,0.0,46317568,282865664,32272384,33631232,
190,2026-10-08T23:04:29.033570+00:00,190.0002717010011,1565,1791492204.1,descendente,0.9985498229998484,0.0,0.0,45862912,282861568,32096256,33346560,
191,2026-10-08T23:04:30.035279+00:00,191.00249018200157,1562,1791492204.01,principal,1.0017028269994626,0.0,0.0,24215552,32919552,14024704,14649344,
191,2026-10-08T23:04:30.035279+00:00,191.00249018200157,1563,1791492204.1,descendente,1.0016515709994565,0.0,0.0,11202560,19447808,5017600,5361664,
191,2026-10-08T23:04:30.035279+00:00,191.00249018200157,1564,1791492204.1,descendente,1.001649786998314,0.9983529303156374,0.4991764651578187,46317568,282865664,32272384,33631232,
191,2026-10-08T23:04:30.035279+00:00,191.00249018200157,1565,1791492204.1,descendente,1.0016043169998738,0.0,0.0,45862912,282861568,32096256,33346560,
192,2026-10-08T23:04:31.038157+00:00,192.00536168600047,1562,1791492204.01,principal,1.0028764740000042,0.0,0.0,24215552,32919552,14024704,14649344,
192,2026-10-08T23:04:31.038157+00:00,192.00536168600047,1563,1791492204.1,descendente,1.0028270069997234,0.0,0.0,11202560,19447808,5017600,5361664,
192,2026-10-08T23:04:31.038157+00:00,192.00536168600047,1564,1791492204.1,descendente,1.0028189399999974,0.0,0.0,46317568,282865664,32272384,33631232,
192,2026-10-08T23:04:31.038157+00:00,192.00536168600047,1565,1791492204.1,descendente,1.0028551889990922,0.9971529398953993,0.49857646994769966,45862912,282861568,32096256,33346560,
193,2026-10-08T23:04:32.034158+00:00,193.00133040800029,1562,1791492204.01,principal,0.9960063400012586,0.0,0.0,24215552,32919552,14024704,14649344,
193,2026-10-08T23:04:32.034158+00:00,193.00133040800029,1563,1791492204.1,descendente,0.996013584001048,0.0,0.0,11202560,19447808,5017600,5361664,
193,2026-10-08T23:04:32.034158+00:00,193.00133040800029,1564,1791492204.1,descendente,0.9960207900003297,0.0,0.0,46317568,282865664,32272384,33631232,
193,2026-10-08T23:04:32.034158+00:00,193.00133040800029,1565,1791492204.1,descendente,0.9959947960014688,0.0,0.0,45862912,282861568,32096256,33346560,
194,2026-10-08T23:04:33.034617+00:00,194.00136778800152,1562,1791492204.01,principal,1.0004583229983837,0.9995418869653346,0.4997709434826673,24215552,32919552,14024704,14642176,
194,2026-10-08T23:04:33.034617+00:00,194.00136778800152,1563,1791492204.1,descendente,1.000451357998827,0.0,0.0,11202560,19447808,5017600,5360640,
194,2026-10-08T23:04:33.034617+00:00,194.00136778800152,1564,1791492204.1,descendente,1.000451347001217,0.0,0.0,46317568,282865664,32272384,33620992,
194,2026-10-08T23:04:33.034617+00:00,194.00136778800152,1565,1791492204.1,descendente,1.0006827079996583,0.0,0.0,45862912,282861568,32096256,33338368,
195,2026-10-08T23:04:34.034709+00:00,195.00175533200127,1562,1791492204.01,principal,1.000091625001005,0.0,0.0,24215552,32919552,14024704,14649344,
195,2026-10-08T23:04:34.034709+00:00,195.00175533200127,1563,1791492204.1,descendente,1.0000866780010256,0.0,0.0,11202560,19447808,5017600,5361664,
195,2026-10-08T23:04:34.034709+00:00,195.00175533200127,1564,1791492204.1,descendente,1.0003492849991744,0.0,0.0,46317568,282865664,32272384,33631232,
195,2026-10-08T23:04:34.034709+00:00,195.00175533200127,1565,1791492204.1,descendente,1.0001382430000376,0.0,0.0,45862912,282861568,32096256,33346560,
196,2026-10-08T23:04:35.034458+00:00,196.0016070970014,1562,1791492204.01,principal,0.9997504929997376,0.0,0.0,24215552,32919552,14024704,14649344,
196,2026-10-08T23:04:35.034458+00:00,196.0016070970014,1563,1791492204.1,descendente,0.9997659729997395,0.0,0.0,11202560,19447808,5017600,5361664,
196,2026-10-08T23:04:35.034458+00:00,196.0016070970014,1564,1791492204.1,descendente,0.9995019199996023,0.0,0.0,46317568,282865664,32272384,33631232,
196,2026-10-08T23:04:35.034458+00:00,196.0016070970014,1565,1791492204.1,descendente,0.9997429169998213,0.0,0.0,45862912,282861568,32096256,33346560,
197,2026-10-08T23:04:36.036803+00:00,197.0036980950008,1562,1791492204.01,principal,1.0023428010008502,0.0,0.0,24215552,32919552,14024704,14649344,
197,2026-10-08T23:04:36.036803+00:00,197.0036980950008,1563,1791492204.1,descendente,1.0023292719997698,0.0,0.0,11202560,19447808,5017600,5361664,
197,2026-10-08T23:04:36.036803+00:00,197.0036980950008,1564,1791492204.1,descendente,1.0023212329997477,0.0,0.0,46317568,282865664,32272384,33631232,
197,2026-10-08T23:04:36.036803+00:00,197.0036980950008,1565,1791492204.1,descendente,1.0020486009998422,0.0,0.0,45862912,282861568,32096256,33346560,
198,2026-10-08T23:04:37.034588+00:00,198.00125167700025,1562,1791492204.01,principal,0.9977855109991651,0.0,0.0,24215552,32919552,14024704,14641152,
198,2026-10-08T23:04:37.034588+00:00,198.00125167700025,1563,1791492204.1,descendente,0.997785372999715,0.0,0.0,11202560,19447808,5017600,5359616,
198,2026-10-08T23:04:37.034588+00:00,198.00125167700025,1564,1791492204.1,descendente,0.9981418990009843,0.0,0.0,46317568,282865664,32272384,33617920,
198,2026-10-08T23:04:37.034588+00:00,198.00125167700025,1565,1791492204.1,descendente,0.9981890599992767,1.0018142254546811,0.5009071127273406,45862912,282861568,32096256,33335296,
199,2026-10-08T23:04:38.033487+00:00,199.00064855900018,1562,1791492204.01,principal,0.9989014279999537,0.0,0.0,24215552,32919552,14024704,14649344,
199,2026-10-08T23:04:38.033487+00:00,199.00064855900018,1563,1791492204.1,descendente,0.9989198620005482,0.0,0.0,11202560,19447808,5017600,5361664,
199,2026-10-08T23:04:38.033487+00:00,199.00064855900018,1564,1791492204.1,descendente,0.9985752159991534,0.0,0.0,46317568,282865664,32272384,33631232,
199,2026-10-08T23:04:38.033487+00:00,199.00064855900018,1565,1791492204.1,descendente,0.9987726390008902,0.0,0.0,45862912,282861568,32096256,33346560,
