amostra,utc,tempo_relativo_s,pid,criado_epoch_s,papel,cpu_intervalo_real_s,cpu_uma_cpu_pct,cpu_capacidade_vm_pct,rss_bytes,vms_bytes,uss_bytes,pss_bytes,erro
1,2026-10-08T21:43:31.533195+00:00,1.0027133619996675,1815,1791494081.99,principal,,,,24043520,32919552,,,
1,2026-10-08T21:43:31.533195+00:00,1.0027133619996675,1816,1791494082.08,descendente,,,,11190272,19447808,,,
1,2026-10-08T21:43:31.533195+00:00,1.0027133619996675,1817,1791494082.08,descendente,,,,44990464,207286272,,,
1,2026-10-08T21:43:31.533195+00:00,1.0027133619996675,1818,1791494082.08,descendente,,,,45051904,207286272,,,
2,2026-10-08T21:43:32.538862+00:00,2.008424536000348,1815,1791494081.99,principal,1.0056672070004424,0.0,0.0,24043520,32919552,,,
2,2026-10-08T21:43:32.538862+00:00,2.008424536000348,1816,1791494082.08,descendente,1.0056596909998916,0.0,0.0,11190272,19447808,,,
2,2026-10-08T21:43:32.538862+00:00,2.008424536000348,1817,1791494082.08,descendente,1.005658062999828,0.0,0.0,44990464,207286272,,,
2,2026-10-08T21:43:32.538862+00:00,2.008424536000348,1818,1791494082.08,descendente,1.0056597140001031,0.0,0.0,45051904,207286272,,,
3,2026-10-08T21:43:33.540309+00:00,3.0098872959997607,1815,1791494081.99,principal,1.0014461239998127,0.0,0.0,24043520,32919552,,,
3,2026-10-08T21:43:33.540309+00:00,3.0098872959997607,1816,1791494082.08,descendente,1.0014422740005102,0.0,0.0,11190272,19447808,,,
3,2026-10-08T21:43:33.540309+00:00,3.0098872959997607,1817,1791494082.08,descendente,1.0014408189999813,0.0,0.0,44990464,207286272,,,
3,2026-10-08T21:43:33.540309+00:00,3.0098872959997607,1818,1791494082.08,descendente,1.0014395289999811,0.0,0.0,45051904,207286272,,,
4,2026-10-08T21:43:34.531213+00:00,4.000858391000293,1815,1791494081.99,principal,0.9909014429995295,0.0,0.0,24043520,32919552,,,
4,2026-10-08T21:43:34.531213+00:00,4.000858391000293,1816,1791494082.08,descendente,0.9909116199996788,0.0,0.0,11190272,19447808,,,
4,2026-10-08T21:43:34.531213+00:00,4.000858391000293,1817,1791494082.08,descendente,0.9909156330004407,50.458382464513186,25.229191232256593,44990464,207286272,,,
4,2026-10-08T21:43:34.531213+00:00,4.000858391000293,1818,1791494082.08,descendente,0.9909180529994046,22.201634063894794,11.100817031947397,45051904,207286272,,,
5,2026-10-08T21:43:35.531623+00:00,5.00114626300001,1815,1791494081.99,principal,1.0004081360002601,0.0,0.0,24043520,32919552,,,
5,2026-10-08T21:43:35.531623+00:00,5.00114626300001,1816,1791494082.08,descendente,1.0003957119997722,0.0,0.0,11190272,19447808,,,
5,2026-10-08T21:43:35.531623+00:00,5.00114626300001,1817,1791494082.08,descendente,1.0003888749997714,52.97939763675481,26.489698818377406,44990464,207286272,,,
5,2026-10-08T21:43:35.531623+00:00,5.00114626300001,1818,1791494082.08,descendente,1.0003870070004268,45.98220456493768,22.99110228246884,45051904,207286272,,,
6,2026-10-08T21:43:36.530913+00:00,6.00057410699992,1815,1791494081.99,principal,0.9992904430000635,0.0,0.0,24043520,32919552,,,
6,2026-10-08T21:43:36.530913+00:00,6.00057410699992,1816,1791494082.08,descendente,0.9992931369997677,0.0,0.0,11190272,19447808,,,
6,2026-10-08T21:43:36.530913+00:00,6.00057410699992,1817,1791494082.08,descendente,0.9992950550004025,75.05290817232134,37.52645408616067,44990464,207286272,,,
6,2026-10-08T21:43:36.530913+00:00,6.00057410699992,1818,1791494082.08,descendente,0.9992936380003812,23.016257809890732,11.508128904945366,45051904,207286272,,,
7,2026-10-08T21:43:37.531112+00:00,7.000543027999811,1815,1791494081.99,principal,1.00020099700032,0.0,0.0,24043520,32919552,,,
7,2026-10-08T21:43:37.531112+00:00,7.000543027999811,1816,1791494082.08,descendente,1.000199407000764,0.0,0.0,11190272,19447808,,,
7,2026-10-08T21:43:37.531112+00:00,7.000543027999811,1817,1791494082.08,descendente,1.0001974789993255,98.98045343910297,49.49022671955149,44990464,207286272,,,
7,2026-10-08T21:43:37.531112+00:00,7.000543027999811,1818,1791494082.08,descendente,1.000196753999262,0.0,0.0,45051904,207286272,,,
8,2026-10-08T21:43:38.533614+00:00,8.003289449000476,1815,1791494081.99,principal,1.0024999529996421,0.0,0.0,24043520,32919552,,,
8,2026-10-08T21:43:38.533614+00:00,8.003289449000476,1816,1791494082.08,descendente,1.0024957079995147,0.0,0.0,11190272,19447808,,,
8,2026-10-08T21:43:38.533614+00:00,8.003289449000476,1817,1791494082.08,descendente,1.0024978860001283,97.75581711300131,48.87790855650066,44990464,207286272,,,
8,2026-10-08T21:43:38.533614+00:00,8.003289449000476,1818,1791494082.08,descendente,1.0024973590006994,0.0,0.0,45051904,207286272,,,
9,2026-10-08T21:43:39.641622+00:00,9.111164154999642,1815,1791494081.99,principal,1.1080089080005564,0.0,0.0,24043520,32919552,,,
9,2026-10-08T21:43:39.641622+00:00,9.111164154999642,1816,1791494082.08,descendente,1.1080155039999227,0.0,0.0,11190272,19447808,,,
9,2026-10-08T21:43:39.641622+00:00,9.111164154999642,1817,1791494082.08,descendente,1.1080180340004517,11.732661022731753,5.866330511365876,44990464,207286272,,,
9,2026-10-08T21:43:39.641622+00:00,9.111164154999642,1818,1791494082.08,descendente,1.1080230039997332,86.6408004648453,43.32040023242265,45051904,207286272,,,
10,2026-10-08T21:43:40.530649+00:00,10.000341099999787,1815,1791494081.99,principal,0.8890246049995767,0.0,0.0,24043520,32919552,,,
10,2026-10-08T21:43:40.530649+00:00,10.000341099999787,1816,1791494082.08,descendente,0.8890187570004855,0.0,0.0,11190272,19447808,,,
10,2026-10-08T21:43:40.530649+00:00,10.000341099999787,1817,1791494082.08,descendente,0.889013989999512,1.1248416911860288,0.5624208455930144,44990464,207286272,,,
10,2026-10-08T21:43:40.530649+00:00,10.000341099999787,1818,1791494082.08,descendente,0.8890085309994902,98.98667665321877,49.49333832660938,45051904,207286272,,,
11,2026-10-08T21:43:41.531745+00:00,11.001434642000277,1815,1791494081.99,principal,1.0010961699999825,0.0,0.0,24043520,32919552,,,
11,2026-10-08T21:43:41.531745+00:00,11.001434642000277,1816,1791494082.08,descendente,1.001094507999369,0.0,0.0,11190272,19447808,,,
11,2026-10-08T21:43:41.531745+00:00,11.001434642000277,1817,1791494082.08,descendente,1.0010923700001513,22.97490290531025,11.487451452655124,44990464,207286272,,,
11,2026-10-08T21:43:41.531745+00:00,11.001434642000277,1818,1791494082.08,descendente,1.0010921500006589,74.91817811172592,37.45908905586296,45051904,207286272,,,
12,2026-10-08T21:43:42.603711+00:00,12.073406618000263,1815,1791494081.99,principal,1.0719656370001758,0.0,0.0,24043520,32919552,,,
12,2026-10-08T21:43:42.603711+00:00,12.073406618000263,1816,1791494082.08,descendente,1.071967618000599,0.0,0.0,11190272,19447808,,,
12,2026-10-08T21:43:42.603711+00:00,12.073406618000263,1817,1791494082.08,descendente,1.0719698760003666,62.5017563459752,31.2508781729876,44990464,207286272,,,
12,2026-10-08T21:43:42.603711+00:00,12.073406618000263,1818,1791494082.08,descendente,1.0719688479994147,36.38165425495907,18.190827127479533,45051904,207286272,,,
13,2026-10-08T21:43:43.532273+00:00,13.001941944000464,1815,1791494081.99,principal,0.9285651239997605,0.0,0.0,24043520,32919552,,,
13,2026-10-08T21:43:43.532273+00:00,13.001941944000464,1816,1791494082.08,descendente,0.9285661909998453,0.0,0.0,11190272,19447808,,,
13,2026-10-08T21:43:43.532273+00:00,13.001941944000464,1817,1791494082.08,descendente,0.9285667889998876,2.1538569155092233,1.0769284577546117,44990464,207286272,,,
13,2026-10-08T21:43:43.532273+00:00,13.001941944000464,1818,1791494082.08,descendente,0.9285675370001627,98.00041071216526,49.00020535608263,45051904,207286272,,,
14,2026-10-08T21:43:44.534582+00:00,14.004077329999745,1815,1791494081.99,principal,1.002309503000106,0.0,0.0,24043520,32919552,,,
14,2026-10-08T21:43:44.534582+00:00,14.004077329999745,1816,1791494082.08,descendente,1.0023127690001274,0.0,0.0,11190272,19447808,,,
14,2026-10-08T21:43:44.534582+00:00,14.004077329999745,1817,1791494082.08,descendente,1.002315456999895,0.9976898919564565,0.49884494597822826,44990464,207286272,,,
14,2026-10-08T21:43:44.534582+00:00,14.004077329999745,1818,1791494082.08,descendente,1.0023186110001916,98.77098849956461,49.385494249782305,45051904,207286272,,,
15,2026-10-08T21:43:45.531606+00:00,15.001291921000302,1815,1791494081.99,principal,0.9970219209999414,0.0,0.0,24043520,32919552,,,
15,2026-10-08T21:43:45.531606+00:00,15.001291921000302,1816,1791494082.08,descendente,0.9970178439998563,0.0,0.0,11190272,19447808,,,
15,2026-10-08T21:43:45.531606+00:00,15.001291921000302,1817,1791494082.08,descendente,0.9970761750000747,0.0,0.0,44990464,207286272,,,
15,2026-10-08T21:43:45.531606+00:00,15.001291921000302,1818,1791494082.08,descendente,0.9970753030002015,99.29039431837123,49.645197159185614,45051904,207286272,,,
16,2026-10-08T21:43:46.548949+00:00,16.01861108600042,1815,1791494081.99,principal,1.017342531000395,0.9829531052994114,0.4914765526497057,24043520,32919552,,,
16,2026-10-08T21:43:46.548949+00:00,16.01861108600042,1816,1791494082.08,descendente,1.0173410150000564,0.0,0.0,11190272,19447808,,,
16,2026-10-08T21:43:46.548949+00:00,16.01861108600042,1817,1791494082.08,descendente,1.0172772120004083,0.0,0.0,44990464,207286272,,,
16,2026-10-08T21:43:46.548949+00:00,16.01861108600042,1818,1791494082.08,descendente,1.0172743339999215,98.30190014408416,49.15095007204208,45051904,207286272,,,
17,2026-10-08T21:43:47.532082+00:00,17.001763428999766,1815,1791494081.99,principal,0.9831320769999365,0.0,0.0,24043520,32919552,,,
17,2026-10-08T21:43:47.532082+00:00,17.001763428999766,1816,1791494082.08,descendente,0.9831328919999578,0.0,0.0,11190272,19447808,,,
17,2026-10-08T21:43:47.532082+00:00,17.001763428999766,1817,1791494082.08,descendente,0.9831377189993873,0.0,0.0,44990464,207286272,,,
17,2026-10-08T21:43:47.532082+00:00,17.001763428999766,1818,1791494082.08,descendente,0.9831416520000857,98.66330025044331,49.33165012522166,45051904,207286272,,,
18,2026-10-08T21:43:48.531585+00:00,18.00113032599984,1815,1791494081.99,principal,0.9995132280000689,0.0,0.0,24043520,32919552,,,
18,2026-10-08T21:43:48.531585+00:00,18.00113032599984,1816,1791494082.08,descendente,0.9995335169996906,0.0,0.0,11190272,19447808,,,
18,2026-10-08T21:43:48.531585+00:00,18.00113032599984,1817,1791494082.08,descendente,0.9995395160003682,0.0,0.0,44990464,207286272,,,
18,2026-10-08T21:43:48.531585+00:00,18.00113032599984,1818,1791494082.08,descendente,0.9995383859995854,99.04572089144413,49.52286044572207,45051904,207286272,,,
19,2026-10-08T21:43:49.530950+00:00,19.00065851599993,1815,1791494081.99,principal,0.9993527909991826,0.0,0.0,24043520,32919552,,,
19,2026-10-08T21:43:49.530950+00:00,19.00065851599993,1816,1791494082.08,descendente,0.9993272580004486,0.0,0.0,11190272,19447808,,,
19,2026-10-08T21:43:49.530950+00:00,19.00065851599993,1817,1791494082.08,descendente,0.9993166189997282,46.031457023143815,23.015728511571908,44990464,207286272,,,
19,2026-10-08T21:43:49.530950+00:00,19.00065851599993,1818,1791494082.08,descendente,0.9993125450000662,53.03646017972946,26.51823008986473,45051904,207286272,,,
20,2026-10-08T21:43:50.533033+00:00,20.001948750999873,1815,1791494081.99,principal,1.002324408000277,0.0,0.0,24043520,32919552,,,
20,2026-10-08T21:43:50.533033+00:00,20.001948750999873,1816,1791494082.08,descendente,1.0023503439997512,0.0,0.0,11190272,19447808,,,
20,2026-10-08T21:43:50.533033+00:00,20.001948750999873,1817,1791494082.08,descendente,1.0023598309999215,0.9976457246924432,0.4988228623462216,44990464,207286272,,,
20,2026-10-08T21:43:50.533033+00:00,20.001948750999873,1818,1791494082.08,descendente,1.0023658170002818,98.7663369210561,49.38316846052805,45051904,207286272,,,
21,2026-10-08T21:43:51.532029+00:00,21.001637571000174,1815,1791494081.99,principal,0.9987592730003598,1.001242268315481,0.5006211341577405,24043520,32919552,,,
21,2026-10-08T21:43:51.532029+00:00,21.001637571000174,1816,1791494082.08,descendente,0.9987384839996594,0.0,0.0,11190272,19447808,,,
21,2026-10-08T21:43:51.532029+00:00,21.001637571000174,1817,1791494082.08,descendente,0.9987311160002719,23.029221410574472,11.514610705287236,44990464,207286272,,,
21,2026-10-08T21:43:51.532029+00:00,21.001637571000174,1818,1791494082.08,descendente,0.9987264209994464,76.09691543350353,38.04845771675176,45051904,207286272,,,
22,2026-10-08T21:43:52.570123+00:00,22.039808859000004,1815,1791494081.99,principal,1.0380922549993556,0.0,0.0,24043520,32919552,,,
22,2026-10-08T21:43:52.570123+00:00,22.039808859000004,1816,1791494082.08,descendente,1.0380919550007093,0.0,0.0,11190272,19447808,,,
22,2026-10-08T21:43:52.570123+00:00,22.039808859000004,1817,1791494082.08,descendente,1.0380901349999476,44.312144436284136,22.156072218142068,44990464,207286272,,,
22,2026-10-08T21:43:52.570123+00:00,22.039808859000004,1818,1791494082.08,descendente,1.0380889950001801,53.94527855484155,26.972639277420775,45051904,207286272,,,
23,2026-10-08T21:43:53.551623+00:00,23.02100373600024,1815,1791494081.99,principal,0.9815020660007576,0.0,0.0,24043520,32919552,,,
23,2026-10-08T21:43:53.551623+00:00,23.02100373600024,1816,1791494082.08,descendente,0.9815724259997296,0.0,0.0,11190272,19447808,,,
23,2026-10-08T21:43:53.551623+00:00,23.02100373600024,1817,1791494082.08,descendente,0.9815771840003435,23.431677482829866,11.715838741414933,44990464,207286272,,,
23,2026-10-08T21:43:53.551623+00:00,23.02100373600024,1818,1791494082.08,descendente,0.9815827780003019,76.40720852172177,38.203604260860885,45051904,207286272,,,
24,2026-10-08T21:43:54.533636+00:00,24.003135300000395,1815,1791494081.99,principal,0.9820110319997184,0.0,0.0,24043520,32919552,,,
24,2026-10-08T21:43:54.533636+00:00,24.003135300000395,1816,1791494082.08,descendente,0.9819480670003031,0.0,0.0,11190272,19447808,,,
24,2026-10-08T21:43:54.533636+00:00,24.003135300000395,1817,1791494082.08,descendente,0.9819483109995417,0.0,0.0,44990464,207286272,,,
24,2026-10-08T21:43:54.533636+00:00,24.003135300000395,1818,1791494082.08,descendente,0.9819476229995416,97.76488862689999,48.882444313449994,45051904,207286272,,,
25,2026-10-08T21:43:55.532507+00:00,25.00204575800035,1815,1791494081.99,principal,0.9988933980002912,0.0,0.0,24043520,32919552,,,
25,2026-10-08T21:43:55.532507+00:00,25.00204575800035,1816,1791494082.08,descendente,0.9989065349991506,0.0,0.0,11190272,19447808,,,
25,2026-10-08T21:43:55.532507+00:00,25.00204575800035,1817,1791494082.08,descendente,0.998906695000187,0.0,0.0,44990464,207286272,,,
25,2026-10-08T21:43:55.532507+00:00,25.00204575800035,1818,1791494082.08,descendente,0.9989072410007793,97.10611357949323,48.55305678974661,45051904,207286272,,,
26,2026-10-08T21:43:56.593213+00:00,26.058959619000234,1815,1791494081.99,principal,1.0607019740000396,0.0,0.0,24043520,32919552,,,
26,2026-10-08T21:43:56.593213+00:00,26.058959619000234,1816,1791494082.08,descendente,1.0607670260005762,0.0,0.0,11190272,19447808,,,
26,2026-10-08T21:43:56.593213+00:00,26.058959619000234,1817,1791494082.08,descendente,1.0607822599995416,0.9427005312094139,0.47135026560470694,44990464,207286272,,,
26,2026-10-08T21:43:56.593213+00:00,26.058959619000234,1818,1791494082.08,descendente,1.0607841829996687,97.09797869415657,48.54898934707828,45051904,207286272,,,
27,2026-10-08T21:43:57.531386+00:00,27.00031590599974,1815,1791494081.99,principal,0.9381579639994015,0.0,0.0,24043520,32919552,,,
27,2026-10-08T21:43:57.531386+00:00,27.00031590599974,1816,1791494082.08,descendente,0.9380782059997728,0.0,0.0,11190272,19447808,,,
27,2026-10-08T21:43:57.531386+00:00,27.00031590599974,1817,1791494082.08,descendente,0.938062858000194,73.55583840841666,36.77791920420833,44990464,207286272,,,
27,2026-10-08T21:43:57.531386+00:00,27.00031590599974,1818,1791494082.08,descendente,0.9380609680001726,25.584690994194602,12.792345497097301,45051904,207286272,,,
28,2026-10-08T21:43:58.554804+00:00,28.024483576999955,1815,1791494081.99,principal,1.0234126300001662,0.0,0.0,24043520,32919552,,,
28,2026-10-08T21:43:58.554804+00:00,28.024483576999955,1816,1791494082.08,descendente,1.0234084789999542,0.0,0.0,11190272,19447808,,,
28,2026-10-08T21:43:58.554804+00:00,28.024483576999955,1817,1791494082.08,descendente,1.0234065109998483,75.23891940532363,37.619459702661814,44990464,207286272,,,
28,2026-10-08T21:43:58.554804+00:00,28.024483576999955,1818,1791494082.08,descendente,1.0234031390000382,21.496904945491362,10.748452472745681,45051904,207286272,,,
29,2026-10-08T21:43:59.565930+00:00,29.035229910000453,1815,1791494081.99,principal,1.0111286520004796,0.0,0.0,24043520,32919552,,,
29,2026-10-08T21:43:59.565930+00:00,29.035229910000453,1816,1791494082.08,descendente,1.0111258070000986,0.0,0.0,11190272,19447808,,,
29,2026-10-08T21:43:59.565930+00:00,29.035229910000453,1817,1791494082.08,descendente,1.0111217950006903,59.34003232514483,29.670016162572416,44990464,207286272,,,
29,2026-10-08T21:43:59.565930+00:00,29.035229910000453,1818,1791494082.08,descendente,1.0111200299998018,40.549092870811485,20.274546435405743,45051904,207286272,,,
30,2026-10-08T21:44:00.557384+00:00,30.027022758000385,1815,1791494081.99,principal,0.9914552159998493,0.0,0.0,24043520,32919552,,,
30,2026-10-08T21:44:00.557384+00:00,30.027022758000385,1816,1791494082.08,descendente,0.991456744000061,0.0,0.0,11190272,19447808,,,
30,2026-10-08T21:44:00.557384+00:00,30.027022758000385,1817,1791494082.08,descendente,0.9914593349994902,47.40486910643092,23.70243455321546,44990464,207286272,,,
30,2026-10-08T21:44:00.557384+00:00,30.027022758000385,1818,1791494082.08,descendente,0.9914600339998287,51.439289785843144,25.719644892921572,45051904,207286272,,,
31,2026-10-08T21:44:01.531391+00:00,31.001058586,1815,1791494081.99,principal,0.9740053380000973,0.0,0.0,24043520,32919552,,,
31,2026-10-08T21:44:01.531391+00:00,31.001058586,1816,1791494082.08,descendente,0.9740059059995474,0.0,0.0,11190272,19447808,,,
31,2026-10-08T21:44:01.531391+00:00,31.001058586,1817,1791494082.08,descendente,0.9740048169996953,28.747291092718356,14.373645546359178,44990464,207286272,,,
31,2026-10-08T21:44:01.531391+00:00,31.001058586,1818,1791494082.08,descendente,0.974006129999907,71.86813085047726,35.93406542523863,45051904,207286272,,,
32,2026-10-08T21:44:02.557779+00:00,32.02685584000028,1815,1791494081.99,principal,1.0263902990000133,0.0,0.0,24043520,32919552,,,
32,2026-10-08T21:44:02.557779+00:00,32.02685584000028,1816,1791494082.08,descendente,1.0263922359999924,0.0,0.0,11190272,19447808,,,
32,2026-10-08T21:44:02.557779+00:00,32.02685584000028,1817,1791494082.08,descendente,1.026395846000014,30.202772274274974,15.101386137137487,44990464,207286272,,,
32,2026-10-08T21:44:02.557779+00:00,32.02685584000028,1818,1791494082.08,descendente,1.0263974310000776,67.2254215725863,33.61271078629315,45051904,207286272,,,
33,2026-10-08T21:44:03.536692+00:00,33.00619922799979,1815,1791494081.99,principal,0.9789151509994554,0.0,0.0,24043520,32919552,,,
33,2026-10-08T21:44:03.536692+00:00,33.00619922799979,1816,1791494082.08,descendente,0.9789239490000909,0.0,0.0,11190272,19447808,,,
33,2026-10-08T21:44:03.536692+00:00,33.00619922799979,1817,1791494082.08,descendente,0.9789242490005563,35.75353254936026,17.87676627468013,44990464,207286272,,,
33,2026-10-08T21:44:03.536692+00:00,33.00619922799979,1818,1791494082.08,descendente,0.978930090999711,0.0,0.0,45051904,207286272,,,
34,2026-10-08T21:44:04.570635+00:00,34.040040251999926,1815,1791494081.99,principal,1.0339419350002572,0.9671723006377065,0.48358615031885327,24043520,32919552,,,
34,2026-10-08T21:44:04.570635+00:00,34.040040251999926,1816,1791494082.08,descendente,1.0339340930004255,0.0,0.0,11190272,19447808,,,
34,2026-10-08T21:44:04.570635+00:00,34.040040251999926,1817,1791494082.08,descendente,1.0339830739994795,0.9671338198337036,0.4835669099168518,44990464,207286272,,,
34,2026-10-08T21:44:04.570635+00:00,34.040040251999926,1818,1791494082.08,descendente,1.0339867070006221,0.0,0.0,45051904,207286272,,,
35,2026-10-08T21:44:05.538229+00:00,35.00771014899965,1815,1791494081.99,principal,0.9676284730003317,0.0,0.0,24043520,32919552,,,
35,2026-10-08T21:44:05.538229+00:00,35.00771014899965,1816,1791494082.08,descendente,0.9676305120001416,0.0,0.0,11190272,19447808,,,
35,2026-10-08T21:44:05.538229+00:00,35.00771014899965,1817,1791494082.08,descendente,0.9675821850005377,35.13913394341944,17.56956697170972,44990464,207286272,,,
35,2026-10-08T21:44:05.538229+00:00,35.00771014899965,1818,1791494082.08,descendente,0.9675753739993525,48.57502708624263,24.287513543121314,45051904,207286272,,,
36,2026-10-08T21:44:06.530884+00:00,36.0005415429996,1815,1791494081.99,principal,0.9926179409994802,0.0,0.0,24043520,32919552,,,
36,2026-10-08T21:44:06.530884+00:00,36.0005415429996,1816,1791494082.08,descendente,0.9926143709999451,0.0,0.0,11190272,19447808,,,
36,2026-10-08T21:44:06.530884+00:00,36.0005415429996,1817,1791494082.08,descendente,0.9926117469995006,35.26051359536957,17.630256797684783,44990464,207286272,,,
36,2026-10-08T21:44:06.530884+00:00,36.0005415429996,1818,1791494082.08,descendente,0.9926087030007693,63.46911910961971,31.734559554809856,45051904,207286272,,,
37,2026-10-08T21:44:07.532280+00:00,37.001938419,1815,1791494081.99,principal,1.0013949229996797,0.0,0.0,24043520,32919552,,,
37,2026-10-08T21:44:07.532280+00:00,37.001938419,1816,1791494082.08,descendente,1.0013939809996373,0.0,0.0,11190272,19447808,,,
37,2026-10-08T21:44:07.532280+00:00,37.001938419,1817,1791494082.08,descendente,1.0013938380006948,0.0,0.0,44990464,207286272,,,
37,2026-10-08T21:44:07.532280+00:00,37.001938419,1818,1791494082.08,descendente,1.0013954079995528,97.86344057216225,48.931720286081124,45051904,207286272,,,
38,2026-10-08T21:44:08.548914+00:00,38.018557727999905,1815,1791494081.99,principal,1.016635655000755,0.0,0.0,24043520,32919552,,,
38,2026-10-08T21:44:08.548914+00:00,38.018557727999905,1816,1791494082.08,descendente,1.0166411999998672,0.0,0.0,11190272,19447808,,,
38,2026-10-08T21:44:08.548914+00:00,38.018557727999905,1817,1791494082.08,descendente,1.0166475129999526,0.0,0.0,44990464,207286272,,,
38,2026-10-08T21:44:08.548914+00:00,38.018557727999905,1818,1791494082.08,descendente,1.0166484749997835,99.34603993776767,49.673019968883835,45051904,207286272,,,
39,2026-10-08T21:44:09.531927+00:00,39.001473491999604,1815,1791494081.99,principal,0.9830612599998858,0.0,0.0,24043520,32919552,,,
39,2026-10-08T21:44:09.531927+00:00,39.001473491999604,1816,1791494082.08,descendente,0.9830636619999495,0.0,0.0,11190272,19447808,,,
39,2026-10-08T21:44:09.531927+00:00,39.001473491999604,1817,1791494082.08,descendente,0.9830605799998011,24.41355140087536,12.20677570043768,44990464,207286272,,,
39,2026-10-08T21:44:09.531927+00:00,39.001473491999604,1818,1791494082.08,descendente,0.9830621250002878,74.2577688057904,37.1288844028952,45051904,207286272,,,
40,2026-10-08T21:44:10.580076+00:00,40.04921305700009,1815,1791494081.99,principal,1.0481413699999393,0.0,0.0,24043520,32919552,,,
40,2026-10-08T21:44:10.580076+00:00,40.04921305700009,1816,1791494082.08,descendente,1.0481416420007008,0.0,0.0,11190272,19447808,,,
40,2026-10-08T21:44:10.580076+00:00,40.04921305700009,1817,1791494082.08,descendente,1.0481445610002993,0.0,0.0,44990464,207286272,,,
40,2026-10-08T21:44:10.580076+00:00,40.04921305700009,1818,1791494082.08,descendente,1.0481430709996857,99.2230954699794,49.6115477349897,45051904,207286272,,,
41,2026-10-08T21:44:11.531981+00:00,41.00160621299983,1815,1791494081.99,principal,0.9518639359994268,0.0,0.0,24043520,32919552,,,
41,2026-10-08T21:44:11.531981+00:00,41.00160621299983,1816,1791494082.08,descendente,0.9518575259999125,0.0,0.0,11190272,19447808,,,
41,2026-10-08T21:44:11.531981+00:00,41.00160621299983,1817,1791494082.08,descendente,0.9518530569994255,0.0,0.0,44990464,207286272,,,
41,2026-10-08T21:44:11.531981+00:00,41.00160621299983,1818,1791494082.08,descendente,0.9518530840005042,97.70415368003516,48.85207684001758,45051904,207286272,,,
42,2026-10-08T21:44:12.584598+00:00,42.05418299200028,1815,1791494081.99,principal,1.052618007000092,0.0,0.0,24043520,32919552,,,
42,2026-10-08T21:44:12.584598+00:00,42.05418299200028,1816,1791494082.08,descendente,1.052621060999627,0.0,0.0,11190272,19447808,,,
42,2026-10-08T21:44:12.584598+00:00,42.05418299200028,1817,1791494082.08,descendente,1.0526209720001134,37.05037334178808,18.52518667089404,44990464,207286272,,,
42,2026-10-08T21:44:12.584598+00:00,42.05418299200028,1818,1791494082.08,descendente,1.052618531999542,61.75076537606393,30.875382688031966,45051904,207286272,,,
43,2026-10-08T21:44:13.596406+00:00,43.06221847600045,1815,1791494081.99,principal,1.011811461000434,0.0,0.0,24043520,32919552,,,
43,2026-10-08T21:44:13.596406+00:00,43.06221847600045,1816,1791494082.08,descendente,1.011812947999715,0.0,0.0,11190272,19447808,,,
43,2026-10-08T21:44:13.596406+00:00,43.06221847600045,1817,1791494082.08,descendente,1.0118166729998848,98.83213300242917,49.41606650121459,44990464,207286272,,,
43,2026-10-08T21:44:13.596406+00:00,43.06221847600045,1818,1791494082.08,descendente,1.0118830629999138,0.0,0.0,45051904,207286272,,,
44,2026-10-08T21:44:14.536454+00:00,44.00517456699981,1815,1791494081.99,principal,0.9400617940000302,0.0,0.0,24043520,32919552,,,
44,2026-10-08T21:44:14.536454+00:00,44.00517456699981,1816,1791494082.08,descendente,0.940110473000459,0.0,0.0,11190272,19447808,,,
44,2026-10-08T21:44:14.536454+00:00,44.00517456699981,1817,1791494082.08,descendente,0.9401282910002919,74.45792310485692,37.22896155242846,44990464,207286272,,,
44,2026-10-08T21:44:14.536454+00:00,44.00517456699981,1818,1791494082.08,descendente,0.9400770470001589,24.466079746754087,12.233039873377043,45051904,207286272,,,
45,2026-10-08T21:44:15.530714+00:00,45.00030844200046,1815,1791494081.99,principal,0.9942455600003086,0.0,0.0,24043520,32919552,,,
45,2026-10-08T21:44:15.530714+00:00,45.00030844200046,1816,1791494082.08,descendente,0.9941961329996047,0.0,0.0,11190272,19447808,,,
45,2026-10-08T21:44:15.530714+00:00,45.00030844200046,1817,1791494082.08,descendente,0.9941750930001945,98.5741854629034,49.2870927314517,44990464,207286272,,,
45,2026-10-08T21:44:15.530714+00:00,45.00030844200046,1818,1791494082.08,descendente,0.9941618130005736,0.0,0.0,45051904,207286272,,,
46,2026-10-08T21:44:16.540123+00:00,46.00972778800042,1815,1791494081.99,principal,1.0094052189997456,0.0,0.0,24043520,32919552,,,
46,2026-10-08T21:44:16.540123+00:00,46.00972778800042,1816,1791494082.08,descendente,1.0094076270006553,0.0,0.0,11190272,19447808,,,
46,2026-10-08T21:44:16.540123+00:00,46.00972778800042,1817,1791494082.08,descendente,1.0094134109995139,86.18867061995311,43.09433530997656,44990464,207286272,,,
46,2026-10-08T21:44:16.540123+00:00,46.00972778800042,1818,1791494082.08,descendente,1.0094113909999578,11.888116289348428,5.944058144674214,45051904,207286272,,,
47,2026-10-08T21:44:17.584424+00:00,47.05314266100049,1815,1791494081.99,principal,1.0443226119996325,0.0,0.0,24043520,32919552,,,
47,2026-10-08T21:44:17.584424+00:00,47.05314266100049,1816,1791494082.08,descendente,1.0443388419998882,0.0,0.0,11190272,19447808,,,
47,2026-10-08T21:44:17.584424+00:00,47.05314266100049,1817,1791494082.08,descendente,1.04434625399972,67.02757800098131,33.513789000490654,44990464,207286272,,,
47,2026-10-08T21:44:17.584424+00:00,47.05314266100049,1818,1791494082.08,descendente,1.0443524519996572,32.55605895777751,16.278029478888755,45051904,207286272,,,
48,2026-10-08T21:44:18.539934+00:00,48.009501258000455,1815,1791494081.99,principal,0.9554960499999652,0.0,0.0,24043520,32919552,,,
48,2026-10-08T21:44:18.539934+00:00,48.009501258000455,1816,1791494082.08,descendente,0.9554830369997944,0.0,0.0,11190272,19447808,,,
48,2026-10-08T21:44:18.539934+00:00,48.009501258000455,1817,1791494082.08,descendente,0.9554709690000891,27.211711128397546,13.605855564198773,44990464,207286272,,,
48,2026-10-08T21:44:18.539934+00:00,48.009501258000455,1818,1791494082.08,descendente,0.9554657899998347,71.16947640795433,35.58473820397717,45051904,207286272,,,
49,2026-10-08T21:44:19.539513+00:00,49.00909383100043,1815,1791494081.99,principal,0.9995712879999701,0.0,0.0,24043520,32919552,,,
49,2026-10-08T21:44:19.539513+00:00,49.00909383100043,1816,1791494082.08,descendente,0.9995676879998427,0.0,0.0,11190272,19447808,,,
49,2026-10-08T21:44:19.539513+00:00,49.00909383100043,1817,1791494082.08,descendente,0.9995685620006043,53.02287608357982,26.51143804178991,44990464,207286272,,,
49,2026-10-08T21:44:19.539513+00:00,49.00909383100043,1818,1791494082.08,descendente,0.9995691800004352,46.01982626152934,23.00991313076467,45051904,207286272,,,
50,2026-10-08T21:44:20.540097+00:00,50.00974147499983,1815,1791494081.99,principal,1.0005845160003446,0.9994158254590225,0.49970791272951126,24043520,32919552,,,
50,2026-10-08T21:44:20.540097+00:00,50.00974147499983,1816,1791494082.08,descendente,1.000582871000006,0.0,0.0,11190272,19447808,,,
50,2026-10-08T21:44:20.540097+00:00,50.00974147499983,1817,1791494082.08,descendente,1.0005840939993504,52.969061089266646,26.484530544633323,44990464,207286272,,,
50,2026-10-08T21:44:20.540097+00:00,50.00974147499983,1818,1791494082.08,descendente,1.000583770999583,44.973745631557954,22.486872815778977,45051904,207286272,,,
51,2026-10-08T21:44:21.540394+00:00,51.010028487000454,1815,1791494081.99,principal,1.0002964529994642,0.0,0.0,24043520,32919552,,,
51,2026-10-08T21:44:21.540394+00:00,51.010028487000454,1816,1791494082.08,descendente,1.0002931509998234,0.0,0.0,11190272,19447808,,,
51,2026-10-08T21:44:21.540394+00:00,51.010028487000454,1817,1791494082.08,descendente,1.0002895260004152,7.997684462404847,3.9988422312024237,44990464,207286272,,,
51,2026-10-08T21:44:21.540394+00:00,51.010028487000454,1818,1791494082.08,descendente,1.0002869330000976,89.97418343761406,44.98709171880703,45051904,207286272,,,
52,2026-10-08T21:44:22.657280+00:00,52.124548443000094,1815,1791494081.99,principal,1.1168863630000487,0.0,0.0,24043520,32919552,,,
52,2026-10-08T21:44:22.657280+00:00,52.124548443000094,1816,1791494082.08,descendente,1.1168873490005353,0.0,0.0,11190272,19447808,,,
52,2026-10-08T21:44:22.657280+00:00,52.124548443000094,1817,1791494082.08,descendente,1.1168895170003452,59.09268463478582,29.54634231739291,44990464,207286272,,,
52,2026-10-08T21:44:22.657280+00:00,52.124548443000094,1818,1791494082.08,descendente,1.1170346199996857,40.285233057515214,20.142616528757607,45051904,207286272,,,
53,2026-10-08T21:44:23.533676+00:00,53.00332770000023,1815,1791494081.99,principal,0.8763967980003144,0.0,0.0,24043520,32919552,,,
53,2026-10-08T21:44:23.533676+00:00,53.00332770000023,1816,1791494082.08,descendente,0.8763950419997855,0.0,0.0,11190272,19447808,,,
53,2026-10-08T21:44:23.533676+00:00,53.00332770000023,1817,1791494082.08,descendente,0.8763935919996584,53.62887226589649,26.814436132948245,44990464,207286272,,,
53,2026-10-08T21:44:23.533676+00:00,53.00332770000023,1818,1791494082.08,descendente,0.8762518420007837,46.790201212453475,23.395100606226737,45051904,207286272,,,
54,2026-10-08T21:44:24.531782+00:00,54.001271092000025,1815,1791494081.99,principal,0.998100570999668,0.0,0.0,24043520,32919552,,,
54,2026-10-08T21:44:24.531782+00:00,54.001271092000025,1816,1791494082.08,descendente,0.9983116450002854,0.0,0.0,11190272,19447808,,,
54,2026-10-08T21:44:24.531782+00:00,54.001271092000025,1817,1791494082.08,descendente,0.9983203510000749,46.077393848497586,23.038696924248793,44990464,207286272,,,
54,2026-10-08T21:44:24.531782+00:00,54.001271092000025,1818,1791494082.08,descendente,0.9983218190000116,52.087412105334764,26.043706052667382,45051904,207286272,,,
55,2026-10-08T21:44:25.530761+00:00,55.00051978400006,1815,1791494081.99,principal,0.9989798140004496,0.0,0.0,24043520,32919552,,,
55,2026-10-08T21:44:25.530761+00:00,55.00051978400006,1816,1791494082.08,descendente,0.9987617119995775,0.0,0.0,11190272,19447808,,,
55,2026-10-08T21:44:25.530761+00:00,55.00051978400006,1817,1791494082.08,descendente,0.9987721059997057,98.12048155060236,49.06024077530118,44990464,207286272,,,
55,2026-10-08T21:44:25.530761+00:00,55.00051978400006,1818,1791494082.08,descendente,0.9987625320000006,0.0,0.0,45051904,207286272,,,
56,2026-10-08T21:44:26.530687+00:00,56.0003719919996,1815,1791494081.99,principal,0.9999288789995262,0.0,0.0,24043520,32919552,,,
56,2026-10-08T21:44:26.530687+00:00,56.0003719919996,1816,1791494082.08,descendente,0.9999353769999288,0.0,0.0,11190272,19447808,,,
56,2026-10-08T21:44:26.530687+00:00,56.0003719919996,1817,1791494082.08,descendente,0.9999126359998627,98.00856242006112,49.00428121003056,44990464,207286272,,,
56,2026-10-08T21:44:26.530687+00:00,56.0003719919996,1818,1791494082.08,descendente,0.9999164920000112,0.0,0.0,45051904,207286272,,,
57,2026-10-08T21:44:27.533571+00:00,57.002986514999975,1815,1791494081.99,principal,1.002883297000153,0.0,0.0,24043520,32919552,,,
57,2026-10-08T21:44:27.533571+00:00,57.002986514999975,1816,1791494082.08,descendente,1.0028789090001737,0.0,0.0,11190272,19447808,,,
57,2026-10-08T21:44:27.533571+00:00,57.002986514999975,1817,1791494082.08,descendente,1.0029154490002838,52.845930385088415,26.422965192544208,44990464,207286272,,,
57,2026-10-08T21:44:27.533571+00:00,57.002986514999975,1818,1791494082.08,descendente,1.0029166279991841,46.86331713710175,23.431658568550876,45051904,207286272,,,
58,2026-10-08T21:44:28.533690+00:00,58.002880817000005,1815,1791494081.99,principal,1.0001291610005865,0.0,0.0,24043520,32919552,,,
58,2026-10-08T21:44:28.533690+00:00,58.002880817000005,1816,1791494082.08,descendente,1.0001432720000594,0.0,0.0,11190272,19447808,,,
58,2026-10-08T21:44:28.533690+00:00,58.002880817000005,1817,1791494082.08,descendente,1.0001153920002253,71.99169273457564,35.99584636728782,44990464,207286272,,,
58,2026-10-08T21:44:28.533690+00:00,58.002880817000005,1818,1791494082.08,descendente,1.0001164700006484,24.997088589075823,12.498544294537911,45051904,207286272,,,
59,2026-10-08T21:44:29.686154+00:00,59.15435792500011,1815,1791494081.99,principal,1.1524657629997819,0.0,0.0,24043520,32919552,,,
59,2026-10-08T21:44:29.686154+00:00,59.15435792500011,1816,1791494082.08,descendente,1.1524711410002055,0.0,0.0,11190272,19447808,,,
59,2026-10-08T21:44:29.686154+00:00,59.15435792500011,1817,1791494082.08,descendente,1.1524768489998678,59.871050824039315,29.935525412019658,44990464,207286272,,,
59,2026-10-08T21:44:29.686154+00:00,59.15435792500011,1818,1791494082.08,descendente,1.152480287999424,39.046220979724204,19.523110489862102,45051904,207286272,,,
60,2026-10-08T21:44:30.532001+00:00,60.00159536299998,1815,1791494081.99,principal,0.8458397619997413,0.0,0.0,24043520,32919552,,,
60,2026-10-08T21:44:30.532001+00:00,60.00159536299998,1816,1791494082.08,descendente,0.8458824889994503,0.0,0.0,11190272,19447808,,,
60,2026-10-08T21:44:30.532001+00:00,60.00159536299998,1817,1791494082.08,descendente,0.8458748430002743,42.559487727890364,21.279743863945182,44990464,207286272,,,
60,2026-10-08T21:44:30.532001+00:00,60.00159536299998,1818,1791494082.08,descendente,0.8458732380004221,54.38167083845773,27.190835419228865,45051904,207286272,,,
61,2026-10-08T21:44:31.565228+00:00,61.03440226600014,1815,1791494081.99,principal,1.0332207589999598,0.0,0.0,24043520,32919552,,,
61,2026-10-08T21:44:31.565228+00:00,61.03440226600014,1816,1791494082.08,descendente,1.0331579339999735,0.0,0.0,11190272,19447808,,,
61,2026-10-08T21:44:31.565228+00:00,61.03440226600014,1817,1791494082.08,descendente,1.033148603999507,33.87702394845043,16.938511974225214,44990464,207286272,,,
61,2026-10-08T21:44:31.565228+00:00,61.03440226600014,1818,1791494082.08,descendente,1.0331914319995121,66.7833644985476,33.3916822492738,45051904,207286272,,,
62,2026-10-08T21:44:32.532835+00:00,62.00233219599977,1815,1791494081.99,principal,0.9676242390005427,0.0,0.0,24043520,32919552,,,
62,2026-10-08T21:44:32.532835+00:00,62.00233219599977,1816,1791494082.08,descendente,0.9676277020007547,0.0,0.0,11190272,19447808,,,
62,2026-10-08T21:44:32.532835+00:00,62.00233219599977,1817,1791494082.08,descendente,0.9676303679998455,74.40857829713129,37.20428914856564,44990464,207286272,,,
62,2026-10-08T21:44:32.532835+00:00,62.00233219599977,1818,1791494082.08,descendente,0.9675853210001151,23.770513566933538,11.885256783466769,45051904,207286272,,,
63,2026-10-08T21:44:33.532870+00:00,63.002401429999736,1815,1791494081.99,principal,1.0000215559994103,0.0,0.0,24043520,32919552,,,
63,2026-10-08T21:44:33.532870+00:00,63.002401429999736,1816,1791494082.08,descendente,1.0000637809998807,0.0,0.0,11190272,19447808,,,
63,2026-10-08T21:44:33.532870+00:00,63.002401429999736,1817,1791494082.08,descendente,1.00007118800022,42.99693913388816,21.49846956694408,44990464,207286272,,,
63,2026-10-08T21:44:33.532870+00:00,63.002401429999736,1818,1791494082.08,descendente,1.0000727280003048,55.99592752816589,27.997963764082947,45051904,207286272,,,
64,2026-10-08T21:44:34.535514+00:00,64.00519600300049,1815,1791494081.99,principal,1.0026414660005685,0.0,0.0,24043520,32919552,,,
64,2026-10-08T21:44:34.535514+00:00,64.00519600300049,1816,1791494082.08,descendente,1.0025981589997173,0.0,0.0,11190272,19447808,,,
64,2026-10-08T21:44:34.535514+00:00,64.00519600300049,1817,1791494082.08,descendente,1.0025903840005412,15.95866094003196,7.97933047001598,44990464,207286272,,,
64,2026-10-08T21:44:34.535514+00:00,64.00519600300049,1818,1791494082.08,descendente,1.0026621070001056,82.77963176281928,41.38981588140964,45051904,207286272,,,
65,2026-10-08T21:44:35.531961+00:00,65.00150132599993,1815,1791494081.99,principal,0.9964522410000427,0.0,0.0,24043520,32919552,,,
65,2026-10-08T21:44:35.531961+00:00,65.00150132599993,1816,1791494082.08,descendente,0.9964553019999585,0.0,0.0,11190272,19447808,,,
65,2026-10-08T21:44:35.531961+00:00,65.00150132599993,1817,1791494082.08,descendente,0.9964555039996412,29.103156020111733,14.551578010055866,44990464,207286272,,,
65,2026-10-08T21:44:35.531961+00:00,65.00150132599993,1818,1791494082.08,descendente,0.9963811440002246,69.25060797816967,34.625303989084834,45051904,207286272,,,
66,2026-10-08T21:44:36.531034+00:00,66.00039291699977,1815,1791494081.99,principal,0.9990690109998468,1.0009318565483503,0.5004659282741751,24043520,32919552,,,
66,2026-10-08T21:44:36.531034+00:00,66.00039291699977,1816,1791494082.08,descendente,0.9990660829998887,0.0,0.0,11190272,19447808,,,
66,2026-10-08T21:44:36.531034+00:00,66.00039291699977,1817,1791494082.08,descendente,0.9990662529999099,22.020561633363915,11.010280816681957,44990464,207286272,,,
66,2026-10-08T21:44:36.531034+00:00,66.00039291699977,1818,1791494082.08,descendente,0.9990655149995291,76.07108729004257,38.035543645021285,45051904,207286272,,,
67,2026-10-08T21:44:37.622408+00:00,67.0916222650003,1815,1791494081.99,principal,1.091371954999886,0.0,0.0,24043520,32919552,,,
67,2026-10-08T21:44:37.622408+00:00,67.0916222650003,1816,1791494082.08,descendente,1.0914098000002923,0.0,0.0,11190272,19447808,,,
67,2026-10-08T21:44:37.622408+00:00,67.0916222650003,1817,1791494082.08,descendente,1.091411465999954,83.37827009781799,41.689135048908994,44990464,207286272,,,
67,2026-10-08T21:44:37.622408+00:00,67.0916222650003,1818,1791494082.08,descendente,1.0914104089997636,16.492421046722086,8.246210523361043,45051904,207286272,,,
68,2026-10-08T21:44:38.531242+00:00,68.00083460400037,1815,1791494081.99,principal,0.9088365279994832,0.0,0.0,24043520,32919552,,,
68,2026-10-08T21:44:38.531242+00:00,68.00083460400037,1816,1791494082.08,descendente,0.9087996389998807,0.0,0.0,11190272,19447808,,,
68,2026-10-08T21:44:38.531242+00:00,68.00083460400037,1817,1791494082.08,descendente,0.9087989119998383,75.9243866700552,37.9621933350276,44990464,207286272,,,
68,2026-10-08T21:44:38.531242+00:00,68.00083460400037,1818,1791494082.08,descendente,0.908798170999944,22.007086543753086,11.003543271876543,45051904,207286272,,,
69,2026-10-08T21:44:39.544040+00:00,69.01363387699985,1815,1791494081.99,principal,1.0128584310004953,0.0,0.0,24043520,32919552,,,
69,2026-10-08T21:44:39.544040+00:00,69.01363387699985,1816,1791494082.08,descendente,1.0128698380003698,0.0,0.0,11190272,19447808,,,
69,2026-10-08T21:44:39.544040+00:00,69.01363387699985,1817,1791494082.08,descendente,1.0128709119999257,45.415461590432905,22.707730795216452,44990464,207286272,,,
69,2026-10-08T21:44:39.544040+00:00,69.01363387699985,1818,1791494082.08,descendente,1.0128746690006665,54.300893963775806,27.150446981887903,45051904,207286272,,,
70,2026-10-08T21:44:40.574878+00:00,70.04381498400016,1815,1791494081.99,principal,1.0307847499998388,0.0,0.0,24043520,32919552,,,
70,2026-10-08T21:44:40.574878+00:00,70.04381498400016,1816,1791494082.08,descendente,1.030782143999204,0.0,0.0,11190272,19447808,,,
70,2026-10-08T21:44:40.574878+00:00,70.04381498400016,1817,1791494082.08,descendente,1.0307859069998813,13.581869818871775,6.7909349094358875,44990464,207286272,,,
70,2026-10-08T21:44:40.574878+00:00,70.04381498400016,1818,1791494082.08,descendente,1.030790406000051,83.4311218841473,41.71556094207365,45051904,207286272,,,
71,2026-10-08T21:44:41.603520+00:00,71.07258419200025,1815,1791494081.99,principal,1.0286449049999646,0.0,0.0,24043520,32919552,,,
71,2026-10-08T21:44:41.603520+00:00,71.07258419200025,1816,1791494082.08,descendente,1.0288745260004362,0.0,0.0,11190272,19447808,,,
71,2026-10-08T21:44:41.603520+00:00,71.07258419200025,1817,1791494082.08,descendente,1.0288821520007332,76.78236020168065,38.39118010084032,44990464,207286272,,,
71,2026-10-08T21:44:41.603520+00:00,71.07258419200025,1818,1791494082.08,descendente,1.0288801529995908,22.354401465463532,11.177200732731766,45051904,207286272,,,
72,2026-10-08T21:44:42.540593+00:00,72.00601327000004,1815,1791494081.99,principal,0.9370993029997408,0.0,0.0,24043520,32919552,,,
72,2026-10-08T21:44:42.540593+00:00,72.00601327000004,1816,1791494082.08,descendente,0.9369097910002893,0.0,0.0,11190272,19447808,,,
72,2026-10-08T21:44:42.540593+00:00,72.00601327000004,1817,1791494082.08,descendente,0.9369494519996806,49.0954980568312,24.5477490284156,44990464,207286272,,,
72,2026-10-08T21:44:42.540593+00:00,72.00601327000004,1818,1791494082.08,descendente,0.9369896019998123,49.09339431496551,24.546697157482754,45051904,207286272,,,
73,2026-10-08T21:44:43.598865+00:00,73.06845035599963,1815,1791494081.99,principal,1.0582349129999784,0.0,0.0,24043520,32919552,,,
73,2026-10-08T21:44:43.598865+00:00,73.06845035599963,1816,1791494082.08,descendente,1.058185844000036,0.0,0.0,11190272,19447808,,,
73,2026-10-08T21:44:43.598865+00:00,73.06845035599963,1817,1791494082.08,descendente,1.0582293440002104,0.0,0.0,44990464,207286272,,,
73,2026-10-08T21:44:43.598865+00:00,73.06845035599963,1818,1791494082.08,descendente,1.0582015790005244,98.2799516309823,49.13997581549115,45051904,207286272,,,
74,2026-10-08T21:44:44.639420+00:00,74.10909955599982,1815,1791494081.99,principal,1.0405538730001354,0.0,0.0,24043520,32919552,,,
74,2026-10-08T21:44:44.639420+00:00,74.10909955599982,1816,1791494082.08,descendente,1.0405512879997332,0.0,0.0,11190272,19447808,,,
74,2026-10-08T21:44:44.639420+00:00,74.10909955599982,1817,1791494082.08,descendente,1.0404554149999967,23.0668221376882,11.5334110688441,44990464,207286272,,,
74,2026-10-08T21:44:44.639420+00:00,74.10909955599982,1818,1791494082.08,descendente,1.040439052999318,75.92948358893678,37.96474179446839,45051904,207286272,,,
75,2026-10-08T21:44:45.550455+00:00,75.02004582500012,1815,1791494081.99,principal,0.9110345750004853,0.0,0.0,24043520,32919552,,,
75,2026-10-08T21:44:45.550455+00:00,75.02004582500012,1816,1791494082.08,descendente,0.9110348639997028,0.0,0.0,11190272,19447808,,,
75,2026-10-08T21:44:45.550455+00:00,75.02004582500012,1817,1791494082.08,descendente,0.9110331589999987,1.0976548878837384,0.5488274439418692,44990464,207286272,,,
75,2026-10-08T21:44:45.550455+00:00,75.02004582500012,1818,1791494082.08,descendente,0.911030345000654,98.78924504971845,49.39462252485922,45051904,207286272,,,
76,2026-10-08T21:44:46.539381+00:00,76.00908782900024,1815,1791494081.99,principal,0.9889266419995693,0.0,0.0,24043520,32919552,,,
76,2026-10-08T21:44:46.539381+00:00,76.00908782900024,1816,1791494082.08,descendente,0.9889266860000134,0.0,0.0,11190272,19447808,,,
76,2026-10-08T21:44:46.539381+00:00,76.00908782900024,1817,1791494082.08,descendente,0.9889274619999924,0.0,0.0,44990464,207286272,,,
76,2026-10-08T21:44:46.539381+00:00,76.00908782900024,1818,1791494082.08,descendente,0.9889269519999289,97.07491519556412,48.53745759778206,45051904,207286272,,,
77,2026-10-08T21:44:47.531967+00:00,77.00128678600049,1815,1791494081.99,principal,0.9925909479998154,0.0,0.0,24043520,32919552,,,
77,2026-10-08T21:44:47.531967+00:00,77.00128678600049,1816,1791494082.08,descendente,0.9925948230002177,0.0,0.0,11190272,19447808,,,
77,2026-10-08T21:44:47.531967+00:00,77.00128678600049,1817,1791494082.08,descendente,0.9925977040002181,33.246097454194796,16.623048727097398,44990464,207286272,,,
77,2026-10-08T21:44:47.531967+00:00,77.00128678600049,1818,1791494082.08,descendente,0.9926034939999226,66.49180704979949,33.245903524899745,45051904,207286272,,,
78,2026-10-08T21:44:48.537348+00:00,78.0043900720002,1815,1791494081.99,principal,1.0055927840003278,0.0,0.0,24043520,32919552,,,
78,2026-10-08T21:44:48.537348+00:00,78.0043900720002,1816,1791494082.08,descendente,1.0059517549998418,0.0,0.0,11190272,19447808,,,
78,2026-10-08T21:44:48.537348+00:00,78.0043900720002,1817,1791494082.08,descendente,1.0059620919992085,75.5495665338241,37.77478326691205,44990464,207286272,,,
78,2026-10-08T21:44:48.537348+00:00,78.0043900720002,1818,1791494082.08,descendente,1.0059637510003085,22.863646902912453,11.431823451456227,45051904,207286272,,,
79,2026-10-08T21:44:49.692401+00:00,79.1598718539999,1815,1791494081.99,principal,1.1549839640001665,0.0,0.0,24043520,32919552,,,
79,2026-10-08T21:44:49.692401+00:00,79.1598718539999,1816,1791494082.08,descendente,1.1549260419997154,0.0,0.0,11190272,19447808,,,
79,2026-10-08T21:44:49.692401+00:00,79.1598718539999,1817,1791494082.08,descendente,1.154925794000519,25.97569485056131,12.987847425280656,44990464,207286272,,,
79,2026-10-08T21:44:49.692401+00:00,79.1598718539999,1818,1791494082.08,descendente,1.1549684100000377,71.86343737314608,35.93171868657304,45051904,207286272,,,
80,2026-10-08T21:44:50.531238+00:00,80.00088056500044,1815,1791494081.99,principal,0.8386911469997358,0.0,0.0,24043520,32919552,,,
80,2026-10-08T21:44:50.531238+00:00,80.00088056500044,1816,1791494082.08,descendente,0.8383913260004192,0.0,0.0,11190272,19447808,,,
80,2026-10-08T21:44:50.531238+00:00,80.00088056500044,1817,1791494082.08,descendente,0.8383802079997622,60.831588715194215,30.415794357597107,44990464,207286272,,,
80,2026-10-08T21:44:50.531238+00:00,80.00088056500044,1818,1791494082.08,descendente,0.838403914999617,36.97501818084233,18.487509090421167,45051904,207286272,,,
81,2026-10-08T21:44:51.661956+00:00,81.13144114999977,1815,1791494081.99,principal,1.1307175440006176,0.0,0.0,24043520,32919552,,,
81,2026-10-08T21:44:51.661956+00:00,81.13144114999977,1816,1791494082.08,descendente,1.130718424999941,0.0,0.0,11190272,19447808,,,
81,2026-10-08T21:44:51.661956+00:00,81.13144114999977,1817,1791494082.08,descendente,1.1307576879999033,98.16426735628743,49.08213367814371,44990464,207286272,,,
81,2026-10-08T21:44:51.661956+00:00,81.13144114999977,1818,1791494082.08,descendente,1.1307033929997488,0.0,0.0,45051904,207286272,,,
82,2026-10-08T21:44:52.536625+00:00,82.00610417900043,1815,1791494081.99,principal,0.8746722209998552,0.0,0.0,24043520,32919552,,,
82,2026-10-08T21:44:52.536625+00:00,82.00610417900043,1816,1791494082.08,descendente,0.8746755210004267,0.0,0.0,11190272,19447808,,,
82,2026-10-08T21:44:52.536625+00:00,82.00610417900043,1817,1791494082.08,descendente,0.8746376859999145,72.0298256162789,36.01491280813945,44990464,207286272,,,
82,2026-10-08T21:44:52.536625+00:00,82.00610417900043,1818,1791494082.08,descendente,0.8746241429998918,26.29701018898334,13.14850509449167,45051904,207286272,,,
83,2026-10-08T21:44:53.533755+00:00,83.00259200999972,1815,1791494081.99,principal,0.9971321590001025,1.0028760891663289,0.5014380445831644,24043520,32919552,,,
83,2026-10-08T21:44:53.533755+00:00,83.00259200999972,1816,1791494082.08,descendente,0.9971305939998274,0.0,0.0,11190272,19447808,,,
83,2026-10-08T21:44:53.533755+00:00,83.00259200999972,1817,1791494082.08,descendente,0.9971294790002503,28.08060596912017,14.040302984560086,44990464,207286272,,,
83,2026-10-08T21:44:53.533755+00:00,83.00259200999972,1818,1791494082.08,descendente,0.9971274030003769,70.20166108099009,35.100830540495046,45051904,207286272,,,
84,2026-10-08T21:44:54.537587+00:00,84.00716074899992,1815,1791494081.99,principal,1.0038305859998218,0.0,0.0,24043520,32919552,,,
84,2026-10-08T21:44:54.537587+00:00,84.00716074899992,1816,1791494082.08,descendente,1.0038420079999923,0.0,0.0,11190272,19447808,,,
84,2026-10-08T21:44:54.537587+00:00,84.00716074899992,1817,1791494082.08,descendente,1.003849626000374,23.907963282930954,11.953981641465477,44990464,207286272,,,
84,2026-10-08T21:44:54.537587+00:00,84.00716074899992,1818,1791494082.08,descendente,1.0038568889995076,75.70800263745342,37.85400131872671,45051904,207286272,,,
85,2026-10-08T21:44:55.625540+00:00,85.09481735200006,1815,1791494081.99,principal,1.0879496809993725,0.0,0.0,24043520,32919552,,,
85,2026-10-08T21:44:55.625540+00:00,85.09481735200006,1816,1791494082.08,descendente,1.0879708579996077,0.0,0.0,11190272,19447808,,,
85,2026-10-08T21:44:55.625540+00:00,85.09481735200006,1817,1791494082.08,descendente,1.087984165999842,21.140013539500647,10.570006769750323,44990464,207286272,,,
85,2026-10-08T21:44:55.625540+00:00,85.09481735200006,1818,1791494082.08,descendente,1.0879820140007723,77.20715868372737,38.603579341863686,45051904,207286272,,,
86,2026-10-08T21:44:56.561574+00:00,86.02859343100044,1815,1791494081.99,principal,0.9360327460008193,0.0,0.0,24043520,32919552,,,
86,2026-10-08T21:44:56.561574+00:00,86.02859343100044,1816,1791494082.08,descendente,0.9360381739998047,0.0,0.0,11190272,19447808,,,
86,2026-10-08T21:44:56.561574+00:00,86.02859343100044,1817,1791494082.08,descendente,0.936065779999808,24.570922782802395,12.285461391401197,44990464,207286272,,,
86,2026-10-08T21:44:56.561574+00:00,86.02859343100044,1818,1791494082.08,descendente,0.9360711760000413,73.71234342974593,36.856171714872964,45051904,207286272,,,
87,2026-10-08T21:44:57.538586+00:00,87.00779734499974,1815,1791494081.99,principal,0.977012373999969,0.0,0.0,24043520,32919552,,,
87,2026-10-08T21:44:57.538586+00:00,87.00779734499974,1816,1791494082.08,descendente,0.9769692230001965,0.0,0.0,11190272,19447808,,,
87,2026-10-08T21:44:57.538586+00:00,87.00779734499974,1817,1791494082.08,descendente,0.9769216349995986,47.08668367245208,23.54334183622604,44990464,207286272,,,
87,2026-10-08T21:44:57.538586+00:00,87.00779734499974,1818,1791494082.08,descendente,0.9769117309997455,50.15806284755406,25.07903142377703,45051904,207286272,,,
88,2026-10-08T21:44:58.664627+00:00,88.13425501999973,1815,1791494081.99,principal,1.1260408769994683,0.0,0.0,24043520,32919552,,,
88,2026-10-08T21:44:58.664627+00:00,88.13425501999973,1816,1791494082.08,descendente,1.126040469000145,0.0,0.0,11190272,19447808,,,
88,2026-10-08T21:44:58.664627+00:00,88.13425501999973,1817,1791494082.08,descendente,1.1260395600002084,0.0,0.0,44990464,207286272,,,
88,2026-10-08T21:44:58.664627+00:00,88.13425501999973,1818,1791494082.08,descendente,1.126039450999997,97.6875187652751,48.84375938263755,45051904,207286272,,,
89,2026-10-08T21:44:59.538648+00:00,89.00801284800036,1815,1791494081.99,principal,0.8740269950003494,0.0,0.0,24043520,32919552,,,
89,2026-10-08T21:44:59.538648+00:00,89.00801284800036,1816,1791494082.08,descendente,0.8740370450004775,0.0,0.0,11190272,19447808,,,
89,2026-10-08T21:44:59.538648+00:00,89.00801284800036,1817,1791494082.08,descendente,0.8740410689997589,98.39354585296391,49.196772926481955,44990464,207286272,,,
89,2026-10-08T21:44:59.538648+00:00,89.00801284800036,1818,1791494082.08,descendente,0.8740424229999917,1.144109225919232,0.572054612959616,45051904,207286272,,,
90,2026-10-08T21:45:00.533789+00:00,90.0014539040003,1815,1791494081.99,principal,0.9953134870002032,0.0,0.0,24043520,32919552,,,
90,2026-10-08T21:45:00.533789+00:00,90.0014539040003,1816,1791494082.08,descendente,0.9956059439991805,0.0,0.0,11190272,19447808,,,
90,2026-10-08T21:45:00.533789+00:00,90.0014539040003,1817,1791494082.08,descendente,0.9956140070007677,30.132159440355444,15.066079720177722,44990464,207286272,,,
90,2026-10-08T21:45:00.533789+00:00,90.0014539040003,1818,1791494082.08,descendente,0.9956160579995412,68.29942069901007,34.149710349505035,45051904,207286272,,,
91,2026-10-08T21:45:01.540463+00:00,91.00828132399965,1815,1791494081.99,principal,1.0065369029998692,0.0,0.0,24043520,32919552,,,
91,2026-10-08T21:45:01.540463+00:00,91.00828132399965,1816,1791494082.08,descendente,1.0064298290008082,0.0,0.0,11190272,19447808,,,
91,2026-10-08T21:45:01.540463+00:00,91.00828132399965,1817,1791494082.08,descendente,1.0064323469996452,2.9808262909510512,1.4904131454755256,44990464,207286272,,,
91,2026-10-08T21:45:01.540463+00:00,91.00828132399965,1818,1791494082.08,descendente,1.0065330510005879,94.38338850925958,47.19169425462979,45051904,207286272,,,
92,2026-10-08T21:45:02.542083+00:00,92.01169532600034,1815,1791494081.99,principal,1.0015786329995535,0.0,0.0,24043520,32919552,,,
92,2026-10-08T21:45:02.542083+00:00,92.01169532600034,1816,1791494082.08,descendente,1.0014423189995796,0.0,0.0,11190272,19447808,,,
92,2026-10-08T21:45:02.542083+00:00,92.01169532600034,1817,1791494082.08,descendente,1.0014321039998322,64.90704635929212,32.45352317964606,44990464,207286272,,,
92,2026-10-08T21:45:02.542083+00:00,92.01169532600034,1818,1791494082.08,descendente,1.0013280009998198,32.95623408818185,16.478117044090926,45051904,207286272,,,
93,2026-10-08T21:45:03.568951+00:00,93.03841897799975,1815,1791494081.99,principal,1.0268695470003877,0.0,0.0,24043520,32919552,,,
93,2026-10-08T21:45:03.568951+00:00,93.03841897799975,1816,1791494082.08,descendente,1.026813385999958,0.0,0.0,11190272,19447808,,,
93,2026-10-08T21:45:03.568951+00:00,93.03841897799975,1817,1791494082.08,descendente,1.0268085409998093,0.0,0.0,44990464,207286272,,,
93,2026-10-08T21:45:03.568951+00:00,93.03841897799975,1818,1791494082.08,descendente,1.0268122750003386,98.36267296275338,49.18133648137669,45051904,207286272,,,
94,2026-10-08T21:45:04.532130+00:00,94.0016330770004,1815,1791494081.99,principal,0.9631862420001198,0.0,0.0,24043520,32919552,,,
94,2026-10-08T21:45:04.532130+00:00,94.0016330770004,1816,1791494082.08,descendente,0.9631942360001631,0.0,0.0,11190272,19447808,,,
94,2026-10-08T21:45:04.532130+00:00,94.0016330770004,1817,1791494082.08,descendente,0.9631976800001212,1.0382084807336378,0.5191042403668189,44990464,207286272,,,
94,2026-10-08T21:45:04.532130+00:00,94.0016330770004,1818,1791494082.08,descendente,0.9631963639994865,28.031667279025797,14.015833639512898,45051904,207286272,,,
95,2026-10-08T21:45:05.542461+00:00,95.01176901800045,1815,1791494081.99,principal,1.0103227419995164,0.0,0.0,24043520,32919552,,,
95,2026-10-08T21:45:05.542461+00:00,95.01176901800045,1816,1791494082.08,descendente,1.0103147749996424,0.0,0.0,11190272,19447808,,,
95,2026-10-08T21:45:05.542461+00:00,95.01176901800045,1817,1791494082.08,descendente,1.0103128460004882,0.9897924231693371,0.49489621158466857,44990464,207286272,,,
95,2026-10-08T21:45:05.542461+00:00,95.01176901800045,1818,1791494082.08,descendente,1.010313949999727,0.9897913415917506,0.4948956707958753,45051904,207286272,,,
96,2026-10-08T21:45:06.530511+00:00,96.00011068599997,1815,1791494081.99,principal,0.9880506540002898,0.0,0.0,24043520,32919552,,,
96,2026-10-08T21:45:06.530511+00:00,96.00011068599997,1816,1791494082.08,descendente,0.9881225070002984,0.0,0.0,11190272,19447808,,,
96,2026-10-08T21:45:06.530511+00:00,96.00011068599997,1817,1791494082.08,descendente,0.9881807410001784,0.0,0.0,44990464,207286272,,,
96,2026-10-08T21:45:06.530511+00:00,96.00011068599997,1818,1791494082.08,descendente,0.9882346620006501,0.0,0.0,45051904,207286272,,,
97,2026-10-08T21:45:07.531013+00:00,97.00059831199997,1815,1791494081.99,principal,1.0005022979994465,0.0,0.0,24043520,32919552,,,
97,2026-10-08T21:45:07.531013+00:00,97.00059831199997,1816,1791494082.08,descendente,1.0004356429999461,0.0,0.0,11190272,19447808,,,
97,2026-10-08T21:45:07.531013+00:00,97.00059831199997,1817,1791494082.08,descendente,1.000381527999707,0.0,0.0,44990464,207286272,,,
97,2026-10-08T21:45:07.531013+00:00,97.00059831199997,1818,1791494082.08,descendente,1.0003316900001664,0.0,0.0,45051904,207286272,,,
98,2026-10-08T21:45:08.532950+00:00,98.00197035800011,1815,1791494081.99,principal,1.0019378900005904,0.0,0.0,24043520,32919552,,,
98,2026-10-08T21:45:08.532950+00:00,98.00197035800011,1816,1791494082.08,descendente,1.0019325579996803,0.0,0.0,11190272,19447808,,,
98,2026-10-08T21:45:08.532950+00:00,98.00197035800011,1817,1791494082.08,descendente,1.0019273500001873,0.0,0.0,44990464,207286272,,,
98,2026-10-08T21:45:08.532950+00:00,98.00197035800011,1818,1791494082.08,descendente,1.001956851999239,0.0,0.0,45051904,207286272,,,
99,2026-10-08T21:45:09.530984+00:00,99.00053470500006,1815,1791494081.99,principal,0.9980398979996608,1.0019639515456935,0.5009819757728468,24043520,32919552,,,
99,2026-10-08T21:45:09.530984+00:00,99.00053470500006,1816,1791494082.08,descendente,0.9980479930000001,0.0,0.0,11190272,19447808,,,
99,2026-10-08T21:45:09.530984+00:00,99.00053470500006,1817,1791494082.08,descendente,0.9980512249994717,0.0,0.0,44990464,207286272,,,
99,2026-10-08T21:45:09.530984+00:00,99.00053470500006,1818,1791494082.08,descendente,0.9980171100005464,0.0,0.0,45051904,207286272,,,
100,2026-10-08T21:45:10.531587+00:00,100.00122053799987,1815,1791494081.99,principal,1.0005975789999866,0.0,0.0,24043520,32919552,,,
100,2026-10-08T21:45:10.531587+00:00,100.00122053799987,1816,1791494082.08,descendente,1.0005935640001553,0.0,0.0,11190272,19447808,,,
100,2026-10-08T21:45:10.531587+00:00,100.00122053799987,1817,1791494082.08,descendente,1.0005912189999435,0.0,0.0,44990464,207286272,,,
100,2026-10-08T21:45:10.531587+00:00,100.00122053799987,1818,1791494082.08,descendente,1.0008261149996542,0.0,0.0,45051904,207286272,,,
101,2026-10-08T21:45:11.531256+00:00,101.00073676299962,1815,1791494081.99,principal,0.9996688370001721,0.0,0.0,24043520,32919552,,,
101,2026-10-08T21:45:11.531256+00:00,101.00073676299962,1816,1791494082.08,descendente,0.9996626720003405,0.0,0.0,11190272,19447808,,,
101,2026-10-08T21:45:11.531256+00:00,101.00073676299962,1817,1791494082.08,descendente,0.9999770089998492,0.0,0.0,44990464,207286272,,,
101,2026-10-08T21:45:11.531256+00:00,101.00073676299962,1818,1791494082.08,descendente,0.9997486339998432,0.0,0.0,45051904,207286272,,,
102,2026-10-08T21:45:12.532531+00:00,102.00203658299961,1815,1791494081.99,principal,1.0012717919998977,0.0,0.0,24043520,32919552,,,
102,2026-10-08T21:45:12.532531+00:00,102.00203658299961,1816,1791494082.08,descendente,1.0013190519994168,0.0,0.0,11190272,19447808,,,
102,2026-10-08T21:45:12.532531+00:00,102.00203658299961,1817,1791494082.08,descendente,1.0010094380004375,0.0,0.0,44990464,207286272,,,
102,2026-10-08T21:45:12.532531+00:00,102.00203658299961,1818,1791494082.08,descendente,1.0009983330000978,0.0,0.0,45051904,207286272,,,
103,2026-10-08T21:45:13.539952+00:00,103.00956552000025,1815,1791494081.99,principal,1.0074203659996783,0.0,0.0,24043520,32919552,,,
103,2026-10-08T21:45:13.539952+00:00,103.00956552000025,1816,1791494082.08,descendente,1.0074037730000782,0.0,0.0,11190272,19447808,,,
103,2026-10-08T21:45:13.539952+00:00,103.00956552000025,1817,1791494082.08,descendente,1.0073931289998654,1.9853222564499426,0.9926611282249713,44990464,207286272,,,
103,2026-10-08T21:45:13.539952+00:00,103.00956552000025,1818,1791494082.08,descendente,1.0073935199998232,0.9926607429459228,0.4963303714729614,45051904,207286272,,,
104,2026-10-08T21:45:14.530868+00:00,104.00017859400032,1815,1791494081.99,principal,0.9909187060002296,0.0,0.0,24043520,32919552,,,
104,2026-10-08T21:45:14.530868+00:00,104.00017859400032,1816,1791494082.08,descendente,0.990890276000755,0.0,0.0,11190272,19447808,,,
104,2026-10-08T21:45:14.530868+00:00,104.00017859400032,1817,1791494082.08,descendente,0.990894876999846,0.0,0.0,44990464,207286272,,,
104,2026-10-08T21:45:14.530868+00:00,104.00017859400032,1818,1791494082.08,descendente,0.9908960500006287,0.0,0.0,45051904,207286272,,,
105,2026-10-08T21:45:15.532180+00:00,105.00115494900001,1815,1791494081.99,principal,1.0013129500002833,0.0,0.0,24043520,32919552,,,
105,2026-10-08T21:45:15.532180+00:00,105.00115494900001,1816,1791494082.08,descendente,1.0013400939997155,0.0,0.0,11190272,19447808,,,
105,2026-10-08T21:45:15.532180+00:00,105.00115494900001,1817,1791494082.08,descendente,1.0013659860005646,0.0,0.0,44990464,207286272,,,
105,2026-10-08T21:45:15.532180+00:00,105.00115494900001,1818,1791494082.08,descendente,1.0013714589995288,0.9986304193233063,0.49931520966165316,45051904,207286272,,,
106,2026-10-08T21:45:16.532024+00:00,106.00168133700026,1815,1791494081.99,principal,0.9998388389994943,0.0,0.0,24043520,32919552,,,
106,2026-10-08T21:45:16.532024+00:00,106.00168133700026,1816,1791494082.08,descendente,0.9998068579998289,0.0,0.0,11190272,19447808,,,
106,2026-10-08T21:45:16.532024+00:00,106.00168133700026,1817,1791494082.08,descendente,0.999779806999868,0.0,0.0,44990464,207286272,,,
106,2026-10-08T21:45:16.532024+00:00,106.00168133700026,1818,1791494082.08,descendente,0.9997728110001844,0.0,0.0,45051904,207286272,,,
107,2026-10-08T21:45:17.540168+00:00,107.00987183600046,1815,1791494081.99,principal,1.0081440810008644,0.0,0.0,24043520,32919552,,,
107,2026-10-08T21:45:17.540168+00:00,107.00987183600046,1816,1791494082.08,descendente,1.008143445999849,0.0,0.0,11190272,19447808,,,
107,2026-10-08T21:45:17.540168+00:00,107.00987183600046,1817,1791494082.08,descendente,1.008169118999831,0.0,0.0,44990464,207286272,,,
107,2026-10-08T21:45:17.540168+00:00,107.00987183600046,1818,1791494082.08,descendente,1.008169777999683,0.0,0.0,45051904,207286272,,,
108,2026-10-08T21:45:18.534342+00:00,108.00393473399981,1815,1791494081.99,principal,0.994177092999962,0.0,0.0,24043520,32919552,,,
108,2026-10-08T21:45:18.534342+00:00,108.00393473399981,1816,1791494082.08,descendente,0.9941825010000684,0.0,0.0,11190272,19447808,,,
108,2026-10-08T21:45:18.534342+00:00,108.00393473399981,1817,1791494082.08,descendente,0.9941604080004254,0.0,0.0,44990464,207286272,,,
108,2026-10-08T21:45:18.534342+00:00,108.00393473399981,1818,1791494082.08,descendente,0.9941615160005313,0.0,0.0,45051904,207286272,,,
109,2026-10-08T21:45:19.530868+00:00,109.00049677100014,1815,1791494081.99,principal,0.9965249319993745,0.0,0.0,24043520,32919552,,,
109,2026-10-08T21:45:19.530868+00:00,109.00049677100014,1816,1791494082.08,descendente,0.9966900460003671,0.0,0.0,11190272,19447808,,,
109,2026-10-08T21:45:19.530868+00:00,109.00049677100014,1817,1791494082.08,descendente,0.9966931189992465,0.0,0.0,44990464,207286272,,,
109,2026-10-08T21:45:19.530868+00:00,109.00049677100014,1818,1791494082.08,descendente,0.9966966960000718,0.0,0.0,45051904,207286272,,,
110,2026-10-08T21:45:20.531202+00:00,110.00080464300027,1815,1791494081.99,principal,1.0003329640003358,0.0,0.0,24043520,32919552,,,
110,2026-10-08T21:45:20.531202+00:00,110.00080464300027,1816,1791494082.08,descendente,1.000163634999808,0.0,0.0,11190272,19447808,,,
110,2026-10-08T21:45:20.531202+00:00,110.00080464300027,1817,1791494082.08,descendente,1.0003819809999186,0.0,0.0,44990464,207286272,,,
110,2026-10-08T21:45:20.531202+00:00,110.00080464300027,1818,1791494082.08,descendente,1.0003849799995805,0.0,0.0,45051904,207286272,,,
111,2026-10-08T21:45:21.532553+00:00,111.00223964500037,1815,1791494081.99,principal,1.0013484210003298,0.0,0.0,24043520,32919552,,,
111,2026-10-08T21:45:21.532553+00:00,111.00223964500037,1816,1791494082.08,descendente,1.0013448279996737,0.0,0.0,11190272,19447808,,,
111,2026-10-08T21:45:21.532553+00:00,111.00223964500037,1817,1791494082.08,descendente,1.0011140790002173,0.9988871607896681,0.49944358039483405,44990464,207286272,,,
111,2026-10-08T21:45:21.532553+00:00,111.00223964500037,1818,1791494082.08,descendente,1.0010978300006173,0.9989033739074971,0.49945168695374853,45051904,207286272,,,
112,2026-10-08T21:45:22.539454+00:00,112.00913744900026,1815,1791494081.99,principal,1.0069035659998917,0.0,0.0,24043520,32919552,,,
112,2026-10-08T21:45:22.539454+00:00,112.00913744900026,1816,1791494082.08,descendente,1.0069096590004847,0.0,0.0,11190272,19447808,,,
112,2026-10-08T21:45:22.539454+00:00,112.00913744900026,1817,1791494082.08,descendente,1.0069153149997874,0.0,0.0,44990464,207286272,,,
112,2026-10-08T21:45:22.539454+00:00,112.00913744900026,1818,1791494082.08,descendente,1.0069226729992806,0.0,0.0,45051904,207286272,,,
113,2026-10-08T21:45:23.531257+00:00,113.00084959200012,1815,1791494081.99,principal,0.9918425460000435,0.0,0.0,24043520,32919552,,,
113,2026-10-08T21:45:23.531257+00:00,113.00084959200012,1816,1791494082.08,descendente,0.9918486400001711,0.0,0.0,11190272,19447808,,,
113,2026-10-08T21:45:23.531257+00:00,113.00084959200012,1817,1791494082.08,descendente,0.9918496260006577,0.0,0.0,44990464,207286272,,,
113,2026-10-08T21:45:23.531257+00:00,113.00084959200012,1818,1791494082.08,descendente,0.9918504830002348,0.0,0.0,45051904,207286272,,,
114,2026-10-08T21:45:24.530767+00:00,114.00014457500038,1815,1791494081.99,principal,0.9994711529998312,0.0,0.0,24043520,32919552,,,
114,2026-10-08T21:45:24.530767+00:00,114.00014457500038,1816,1791494082.08,descendente,0.999464046999492,0.0,0.0,11190272,19447808,,,
114,2026-10-08T21:45:24.530767+00:00,114.00014457500038,1817,1791494082.08,descendente,0.9994674479994501,0.0,0.0,44990464,207286272,,,
114,2026-10-08T21:45:24.530767+00:00,114.00014457500038,1818,1791494082.08,descendente,0.9994689349996406,0.0,0.0,45051904,207286272,,,
115,2026-10-08T21:45:25.539138+00:00,115.00881299299999,1815,1791494081.99,principal,1.008369121999749,0.0,0.0,24043520,32919552,,,
115,2026-10-08T21:45:25.539138+00:00,115.00881299299999,1816,1791494082.08,descendente,1.0083640780003407,0.0,0.0,11190272,19447808,,,
115,2026-10-08T21:45:25.539138+00:00,115.00881299299999,1817,1791494082.08,descendente,1.0083558540000013,0.0,0.0,44990464,207286272,,,
115,2026-10-08T21:45:25.539138+00:00,115.00881299299999,1818,1791494082.08,descendente,1.0083510490003391,0.0,0.0,45051904,207286272,,,
116,2026-10-08T21:45:26.537614+00:00,116.00727667699994,1815,1791494081.99,principal,0.9984777360004955,0.0,0.0,24043520,32919552,,,
116,2026-10-08T21:45:26.537614+00:00,116.00727667699994,1816,1791494082.08,descendente,0.9984814740000729,0.0,0.0,11190272,19447808,,,
116,2026-10-08T21:45:26.537614+00:00,116.00727667699994,1817,1791494082.08,descendente,0.9984832910004116,0.0,0.0,44990464,207286272,,,
116,2026-10-08T21:45:26.537614+00:00,116.00727667699994,1818,1791494082.08,descendente,0.9984860220001792,0.0,0.0,45051904,207286272,,,
117,2026-10-08T21:45:27.530832+00:00,117.00043107900001,1815,1791494081.99,principal,0.9932171359996573,0.0,0.0,24043520,32919552,,,
117,2026-10-08T21:45:27.530832+00:00,117.00043107900001,1816,1791494082.08,descendente,0.9932139619995723,0.0,0.0,11190272,19447808,,,
117,2026-10-08T21:45:27.530832+00:00,117.00043107900001,1817,1791494082.08,descendente,0.9932145439997839,0.0,0.0,44990464,207286272,,,
117,2026-10-08T21:45:27.530832+00:00,117.00043107900001,1818,1791494082.08,descendente,0.9932171299997208,0.0,0.0,45051904,207286272,,,
118,2026-10-08T21:45:28.532017+00:00,118.00165337300041,1815,1791494081.99,principal,1.0011895319994437,0.0,0.0,24043520,32919552,,,
118,2026-10-08T21:45:28.532017+00:00,118.00165337300041,1816,1791494082.08,descendente,1.001194858999952,0.0,0.0,11190272,19447808,,,
118,2026-10-08T21:45:28.532017+00:00,118.00165337300041,1817,1791494082.08,descendente,1.0014784470004088,0.0,0.0,44990464,207286272,,,
118,2026-10-08T21:45:28.532017+00:00,118.00165337300041,1818,1791494082.08,descendente,1.0014891709997755,0.0,0.0,45051904,207286272,,,
119,2026-10-08T21:45:29.531035+00:00,119.00047802300014,1815,1791494081.99,principal,0.9990151670008345,1.0009858038513297,0.5004929019256649,24043520,32919552,,,
119,2026-10-08T21:45:29.531035+00:00,119.00047802300014,1816,1791494082.08,descendente,0.9990110139997341,0.0,0.0,11190272,19447808,,,
119,2026-10-08T21:45:29.531035+00:00,119.00047802300014,1817,1791494082.08,descendente,0.9987273870001445,0.0,0.0,44990464,207286272,,,
119,2026-10-08T21:45:29.531035+00:00,119.00047802300014,1818,1791494082.08,descendente,0.9987129250002909,1.0012887336957206,0.5006443668478603,45051904,207286272,,,
120,2026-10-08T21:45:30.536681+00:00,120.00631929999963,1815,1791494081.99,principal,1.0056449819994668,0.0,0.0,24043520,32919552,,,
120,2026-10-08T21:45:30.536681+00:00,120.00631929999963,1816,1791494082.08,descendente,1.0056475650007997,0.0,0.0,11190272,19447808,,,
120,2026-10-08T21:45:30.536681+00:00,120.00631929999963,1817,1791494082.08,descendente,1.0056472529995517,0.9943844593809857,0.49719222969049287,44990464,207286272,,,
120,2026-10-08T21:45:30.536681+00:00,120.00631929999963,1818,1791494082.08,descendente,1.0056486499997845,0.0,0.0,45051904,207286272,,,
121,2026-10-08T21:45:31.532498+00:00,121.00188806700044,1815,1791494081.99,principal,0.9958189059998404,0.0,0.0,24043520,32919552,,,
121,2026-10-08T21:45:31.532498+00:00,121.00188806700044,1816,1791494082.08,descendente,0.9958174559997133,0.0,0.0,11190272,19447808,,,
121,2026-10-08T21:45:31.532498+00:00,121.00188806700044,1817,1791494082.08,descendente,0.995820891999756,0.0,0.0,44990464,207286272,,,
121,2026-10-08T21:45:31.532498+00:00,121.00188806700044,1818,1791494082.08,descendente,0.9958213950003483,0.0,0.0,45051904,207286272,,,
122,2026-10-08T21:45:32.532118+00:00,122.00169536199974,1815,1791494081.99,principal,0.9996191919999546,0.0,0.0,24043520,32919552,,,
122,2026-10-08T21:45:32.532118+00:00,122.00169536199974,1816,1791494082.08,descendente,0.9996281949997865,0.0,0.0,11190272,19447808,,,
122,2026-10-08T21:45:32.532118+00:00,122.00169536199974,1817,1791494082.08,descendente,0.9996366390005278,0.0,0.0,44990464,207286272,,,
122,2026-10-08T21:45:32.532118+00:00,122.00169536199974,1818,1791494082.08,descendente,0.9996415949999573,0.0,0.0,45051904,207286272,,,
123,2026-10-08T21:45:33.531251+00:00,123.0005163120004,1815,1791494081.99,principal,0.9991364090001298,0.0,0.0,24043520,32919552,,,
123,2026-10-08T21:45:33.531251+00:00,123.0005163120004,1816,1791494082.08,descendente,0.9991286189997481,0.0,0.0,11190272,19447808,,,
123,2026-10-08T21:45:33.531251+00:00,123.0005163120004,1817,1791494082.08,descendente,0.9991206509994299,0.0,0.0,44990464,207286272,,,
123,2026-10-08T21:45:33.531251+00:00,123.0005163120004,1818,1791494082.08,descendente,0.9991190339997047,0.0,0.0,45051904,207286272,,,
124,2026-10-08T21:45:34.678592+00:00,124.14807077499972,1815,1791494081.99,principal,1.1473372210002708,0.0,0.0,24043520,32919552,,,
124,2026-10-08T21:45:34.678592+00:00,124.14807077499972,1816,1791494082.08,descendente,1.1473392820007575,0.0,0.0,11190272,19447808,,,
124,2026-10-08T21:45:34.678592+00:00,124.14807077499972,1817,1791494082.08,descendente,1.1473384950004402,0.0,0.0,44990464,207286272,,,
124,2026-10-08T21:45:34.678592+00:00,124.14807077499972,1818,1791494082.08,descendente,1.147335309000482,0.0,0.0,45051904,207286272,,,
125,2026-10-08T21:45:35.530817+00:00,125.00046600000042,1815,1791494081.99,principal,0.8522240450001846,0.0,0.0,24043520,32919552,,,
125,2026-10-08T21:45:35.530817+00:00,125.00046600000042,1816,1791494082.08,descendente,0.8522211569998035,0.0,0.0,11190272,19447808,,,
125,2026-10-08T21:45:35.530817+00:00,125.00046600000042,1817,1791494082.08,descendente,0.8522189759996763,0.0,0.0,44990464,207286272,,,
125,2026-10-08T21:45:35.530817+00:00,125.00046600000042,1818,1791494082.08,descendente,0.8522177099994224,0.0,0.0,45051904,207286272,,,
126,2026-10-08T21:45:36.539706+00:00,126.00936779899985,1815,1791494081.99,principal,1.008888233000107,0.0,0.0,24043520,32919552,,,
126,2026-10-08T21:45:36.539706+00:00,126.00936779899985,1816,1791494082.08,descendente,1.0088897069999803,0.0,0.0,11190272,19447808,,,
126,2026-10-08T21:45:36.539706+00:00,126.00936779899985,1817,1791494082.08,descendente,1.008887949000382,0.0,0.0,44990464,207286272,,,
126,2026-10-08T21:45:36.539706+00:00,126.00936779899985,1818,1791494082.08,descendente,1.0088878710002973,0.0,0.0,45051904,207286272,,,
127,2026-10-08T21:45:37.530709+00:00,127.00028997299978,1815,1791494081.99,principal,0.9910041859993726,0.0,0.0,24043520,32919552,,,
127,2026-10-08T21:45:37.530709+00:00,127.00028997299978,1816,1791494082.08,descendente,0.9909985180001968,0.0,0.0,11190272,19447808,,,
127,2026-10-08T21:45:37.530709+00:00,127.00028997299978,1817,1791494082.08,descendente,0.9909986029997526,0.0,0.0,44990464,207286272,,,
127,2026-10-08T21:45:37.530709+00:00,127.00028997299978,1818,1791494082.08,descendente,0.9909967610001331,0.0,0.0,45051904,207286272,,,
128,2026-10-08T21:45:38.531904+00:00,128.00156359799985,1815,1791494081.99,principal,1.0011949680001635,0.0,0.0,24043520,32919552,,,
128,2026-10-08T21:45:38.531904+00:00,128.00156359799985,1816,1791494082.08,descendente,1.0011997049996353,0.0,0.0,11190272,19447808,,,
128,2026-10-08T21:45:38.531904+00:00,128.00156359799985,1817,1791494082.08,descendente,1.0012017480003124,0.0,0.0,44990464,207286272,,,
128,2026-10-08T21:45:38.531904+00:00,128.00156359799985,1818,1791494082.08,descendente,1.0012047600002916,0.0,0.0,45051904,207286272,,,
129,2026-10-08T21:45:39.534658+00:00,129.0042754010001,1815,1791494081.99,principal,1.0027540840001166,0.0,0.0,24043520,32919552,,,
129,2026-10-08T21:45:39.534658+00:00,129.0042754010001,1816,1791494082.08,descendente,1.0027581679996729,0.0,0.0,11190272,19447808,,,
129,2026-10-08T21:45:39.534658+00:00,129.0042754010001,1817,1791494082.08,descendente,1.0027612959993348,0.9972463077591238,0.4986231538795619,44990464,207286272,,,
129,2026-10-08T21:45:39.534658+00:00,129.0042754010001,1818,1791494082.08,descendente,1.0027616569996098,0.9972459487472423,0.49862297437362113,45051904,207286272,,,
130,2026-10-08T21:45:40.531065+00:00,130.00053645000025,1815,1791494081.99,principal,0.9964102789999743,0.0,0.0,24043520,32919552,,,
130,2026-10-08T21:45:40.531065+00:00,130.00053645000025,1816,1791494082.08,descendente,0.9964108869999109,0.0,0.0,11190272,19447808,,,
130,2026-10-08T21:45:40.531065+00:00,130.00053645000025,1817,1791494082.08,descendente,0.9964103800002704,0.0,0.0,44990464,207286272,,,
130,2026-10-08T21:45:40.531065+00:00,130.00053645000025,1818,1791494082.08,descendente,0.996746474000247,0.0,0.0,45051904,207286272,,,
131,2026-10-08T21:45:41.531847+00:00,131.00146813500032,1815,1791494081.99,principal,1.000779441999839,0.0,0.0,24043520,32919552,,,
131,2026-10-08T21:45:41.531847+00:00,131.00146813500032,1816,1791494082.08,descendente,1.0007765850004944,0.0,0.0,11190272,19447808,,,
131,2026-10-08T21:45:41.531847+00:00,131.00146813500032,1817,1791494082.08,descendente,1.0010960999998133,0.0,0.0,44990464,207286272,,,
131,2026-10-08T21:45:41.531847+00:00,131.00146813500032,1818,1791494082.08,descendente,1.0007678550000492,0.0,0.0,45051904,207286272,,,
132,2026-10-08T21:45:42.534982+00:00,132.00369380699976,1815,1791494081.99,principal,1.0031338779999714,0.0,0.0,24043520,32919552,,,
132,2026-10-08T21:45:42.534982+00:00,132.00369380699976,1816,1791494082.08,descendente,1.0031289059998016,0.0,0.0,11190272,19447808,,,
132,2026-10-08T21:45:42.534982+00:00,132.00369380699976,1817,1791494082.08,descendente,1.0028297650005698,0.0,0.0,44990464,207286272,,,
132,2026-10-08T21:45:42.534982+00:00,132.00369380699976,1818,1791494082.08,descendente,1.0031031779999466,0.0,0.0,45051904,207286272,,,
133,2026-10-08T21:45:43.539208+00:00,133.00881069600018,1815,1791494081.99,principal,1.0042252820003341,0.0,0.0,24043520,32919552,,,
133,2026-10-08T21:45:43.539208+00:00,133.00881069600018,1816,1791494082.08,descendente,1.004227260999869,0.0,0.0,11190272,19447808,,,
133,2026-10-08T21:45:43.539208+00:00,133.00881069600018,1817,1791494082.08,descendente,1.0042029360001834,0.0,0.0,44990464,207286272,,,
133,2026-10-08T21:45:43.539208+00:00,133.00881069600018,1818,1791494082.08,descendente,1.0039204939994306,0.0,0.0,45051904,207286272,,,
134,2026-10-08T21:45:44.534495+00:00,134.0040820180002,1815,1791494081.99,principal,0.9952868909995232,0.0,0.0,24043520,32919552,,,
134,2026-10-08T21:45:44.534495+00:00,134.0040820180002,1816,1791494082.08,descendente,0.9952889220003271,0.0,0.0,11190272,19447808,,,
134,2026-10-08T21:45:44.534495+00:00,134.0040820180002,1817,1791494082.08,descendente,0.9952903319999677,0.0,0.0,44990464,207286272,,,
134,2026-10-08T21:45:44.534495+00:00,134.0040820180002,1818,1791494082.08,descendente,0.9952874410000732,0.0,0.0,45051904,207286272,,,
135,2026-10-08T21:45:45.531307+00:00,135.00090043399996,1815,1791494081.99,principal,0.99686605000079,0.0,0.0,24043520,32919552,,,
135,2026-10-08T21:45:45.531307+00:00,135.00090043399996,1816,1791494082.08,descendente,0.9971234129998265,0.0,0.0,11190272,19447808,,,
135,2026-10-08T21:45:45.531307+00:00,135.00090043399996,1817,1791494082.08,descendente,0.997128110999256,0.0,0.0,44990464,207286272,,,
135,2026-10-08T21:45:45.531307+00:00,135.00090043399996,1818,1791494082.08,descendente,0.9971346060001451,0.0,0.0,45051904,207286272,,,
136,2026-10-08T21:45:46.531814+00:00,136.0012527130002,1815,1791494081.99,principal,1.0004553699991448,0.0,0.0,24043520,32919552,,,
136,2026-10-08T21:45:46.531814+00:00,136.0012527130002,1816,1791494082.08,descendente,1.0003957440003433,0.0,0.0,11190272,19447808,,,
136,2026-10-08T21:45:46.531814+00:00,136.0012527130002,1817,1791494082.08,descendente,1.000418044000071,0.0,0.0,44990464,207286272,,,
136,2026-10-08T21:45:46.531814+00:00,136.0012527130002,1818,1791494082.08,descendente,1.000421978000304,0.0,0.0,45051904,207286272,,,
137,2026-10-08T21:45:47.534896+00:00,137.00458597499983,1815,1791494081.99,principal,1.0030789150005148,0.0,0.0,24043520,32919552,,,
137,2026-10-08T21:45:47.534896+00:00,137.00458597499983,1816,1791494082.08,descendente,1.0028760400000465,0.0,0.0,11190272,19447808,,,
137,2026-10-08T21:45:47.534896+00:00,137.00458597499983,1817,1791494082.08,descendente,1.0028453300001274,0.0,0.0,44990464,207286272,,,
137,2026-10-08T21:45:47.534896+00:00,137.00458597499983,1818,1791494082.08,descendente,1.0028369980000207,0.0,0.0,45051904,207286272,,,
138,2026-10-08T21:45:48.530733+00:00,138.0003675580001,1815,1791494081.99,principal,0.9958386520002023,0.0,0.0,24043520,32919552,,,
138,2026-10-08T21:45:48.530733+00:00,138.0003675580001,1816,1791494082.08,descendente,0.9958443469995473,0.0,0.0,11190272,19447808,,,
138,2026-10-08T21:45:48.530733+00:00,138.0003675580001,1817,1791494082.08,descendente,0.9958483689997593,1.004168938895287,0.5020844694476435,44990464,207286272,,,
138,2026-10-08T21:45:48.530733+00:00,138.0003675580001,1818,1791494082.08,descendente,0.9958489569999074,1.004168345982596,0.502084172991298,45051904,207286272,,,
139,2026-10-08T21:45:49.537526+00:00,139.00710557300044,1815,1791494081.99,principal,1.006831800999862,0.0,0.0,24043520,32919552,,,
139,2026-10-08T21:45:49.537526+00:00,139.00710557300044,1816,1791494082.08,descendente,1.0068469770003503,0.0,0.0,11190272,19447808,,,
139,2026-10-08T21:45:49.537526+00:00,139.00710557300044,1817,1791494082.08,descendente,1.0068466730008367,0.0,0.0,44990464,207286272,,,
139,2026-10-08T21:45:49.537526+00:00,139.00710557300044,1818,1791494082.08,descendente,1.0068469569996523,0.0,0.0,45051904,207286272,,,
140,2026-10-08T21:45:50.530978+00:00,140.00054994600032,1815,1791494081.99,principal,0.9934137439995538,0.0,0.0,24043520,32919552,,,
140,2026-10-08T21:45:50.530978+00:00,140.00054994600032,1816,1791494082.08,descendente,0.9933996919999117,0.0,0.0,11190272,19447808,,,
140,2026-10-08T21:45:50.530978+00:00,140.00054994600032,1817,1791494082.08,descendente,0.9934018569992986,0.0,0.0,44990464,207286272,,,
140,2026-10-08T21:45:50.530978+00:00,140.00054994600032,1818,1791494082.08,descendente,0.9934466650001923,0.0,0.0,45051904,207286272,,,
141,2026-10-08T21:45:51.531817+00:00,141.0014900819997,1815,1791494081.99,principal,1.0008381820007344,0.9991625199599621,0.49958125997998104,24043520,32919552,,,
141,2026-10-08T21:45:51.531817+00:00,141.0014900819997,1816,1791494082.08,descendente,1.000884713999767,0.0,0.0,11190272,19447808,,,
141,2026-10-08T21:45:51.531817+00:00,141.0014900819997,1817,1791494082.08,descendente,1.0008898520000002,0.0,0.0,44990464,207286272,,,
141,2026-10-08T21:45:51.531817+00:00,141.0014900819997,1818,1791494082.08,descendente,1.0008463630001643,0.0,0.0,45051904,207286272,,,
142,2026-10-08T21:45:52.533632+00:00,142.00332015500044,1815,1791494081.99,principal,1.0018148769995605,0.0,0.0,24043520,32919552,,,
142,2026-10-08T21:45:52.533632+00:00,142.00332015500044,1816,1791494082.08,descendente,1.0017647320000833,0.0,0.0,11190272,19447808,,,
142,2026-10-08T21:45:52.533632+00:00,142.00332015500044,1817,1791494082.08,descendente,1.0017590440002095,0.0,0.0,44990464,207286272,,,
142,2026-10-08T21:45:52.533632+00:00,142.00332015500044,1818,1791494082.08,descendente,1.0017554519999976,0.0,0.0,45051904,207286272,,,
143,2026-10-08T21:45:53.533077+00:00,143.00274584700037,1815,1791494081.99,principal,0.9994441139997434,0.0,0.0,24043520,32919552,,,
143,2026-10-08T21:45:53.533077+00:00,143.00274584700037,1816,1791494082.08,descendente,0.9994438450003145,0.0,0.0,11190272,19447808,,,
143,2026-10-08T21:45:53.533077+00:00,143.00274584700037,1817,1791494082.08,descendente,0.9994419590002508,0.0,0.0,44990464,207286272,,,
143,2026-10-08T21:45:53.533077+00:00,143.00274584700037,1818,1791494082.08,descendente,0.9994441409999126,0.0,0.0,45051904,207286272,,,
144,2026-10-08T21:45:54.540580+00:00,144.0101235789998,1815,1791494081.99,principal,1.0075030560001323,0.0,0.0,24043520,32919552,,,
144,2026-10-08T21:45:54.540580+00:00,144.0101235789998,1816,1791494082.08,descendente,1.0075058929996885,0.0,0.0,11190272,19447808,,,
144,2026-10-08T21:45:54.540580+00:00,144.0101235789998,1817,1791494082.08,descendente,1.0075066649997098,0.0,0.0,44990464,207286272,,,
144,2026-10-08T21:45:54.540580+00:00,144.0101235789998,1818,1791494082.08,descendente,1.0075099160003447,0.0,0.0,45051904,207286272,,,
145,2026-10-08T21:45:55.532158+00:00,145.00124857100036,1815,1791494081.99,principal,0.991580124000393,0.0,0.0,24043520,32919552,,,
145,2026-10-08T21:45:55.532158+00:00,145.00124857100036,1816,1791494082.08,descendente,0.9915816630000336,0.0,0.0,11190272,19447808,,,
145,2026-10-08T21:45:55.532158+00:00,145.00124857100036,1817,1791494082.08,descendente,0.9915813549996528,0.0,0.0,44990464,207286272,,,
145,2026-10-08T21:45:55.532158+00:00,145.00124857100036,1818,1791494082.08,descendente,0.9915829689998645,0.0,0.0,45051904,207286272,,,
146,2026-10-08T21:45:56.533387+00:00,146.0030799770002,1815,1791494081.99,principal,1.0012278770000194,0.0,0.0,24043520,32919552,,,
146,2026-10-08T21:45:56.533387+00:00,146.0030799770002,1816,1791494082.08,descendente,1.0012251260004632,0.0,0.0,11190272,19447808,,,
146,2026-10-08T21:45:56.533387+00:00,146.0030799770002,1817,1791494082.08,descendente,1.0012246250007593,0.0,0.0,44990464,207286272,,,
146,2026-10-08T21:45:56.533387+00:00,146.0030799770002,1818,1791494082.08,descendente,1.001218993999828,0.0,0.0,45051904,207286272,,,
147,2026-10-08T21:45:57.539345+00:00,147.00897161600005,1815,1791494081.99,principal,1.0059566939999058,0.0,0.0,24043520,32919552,,,
147,2026-10-08T21:45:57.539345+00:00,147.00897161600005,1816,1791494082.08,descendente,1.0059541519995037,0.0,0.0,11190272,19447808,,,
147,2026-10-08T21:45:57.539345+00:00,147.00897161600005,1817,1791494082.08,descendente,1.0059516080000321,0.0,0.0,44990464,207286272,,,
147,2026-10-08T21:45:57.539345+00:00,147.00897161600005,1818,1791494082.08,descendente,1.0059521450002649,0.9940830734038817,0.49704153670194084,45051904,207286272,,,
148,2026-10-08T21:45:58.534036+00:00,148.00364917800016,1815,1791494081.99,principal,0.9946937699996852,0.0,0.0,24043520,32919552,,,
148,2026-10-08T21:45:58.534036+00:00,148.00364917800016,1816,1791494082.08,descendente,0.9947010389996649,0.0,0.0,11190272,19447808,,,
148,2026-10-08T21:45:58.534036+00:00,148.00364917800016,1817,1791494082.08,descendente,0.9947103340000467,0.0,0.0,44990464,207286272,,,
148,2026-10-08T21:45:58.534036+00:00,148.00364917800016,1818,1791494082.08,descendente,0.9947143999997934,0.0,0.0,45051904,207286272,,,
149,2026-10-08T21:45:59.530514+00:00,149.00012267199963,1815,1791494081.99,principal,0.9964763830002994,0.0,0.0,24043520,32919552,,,
149,2026-10-08T21:45:59.530514+00:00,149.00012267199963,1816,1791494082.08,descendente,0.9964697850000448,0.0,0.0,11190272,19447808,,,
149,2026-10-08T21:45:59.530514+00:00,149.00012267199963,1817,1791494082.08,descendente,0.9964625429993248,0.0,0.0,44990464,207286272,,,
149,2026-10-08T21:45:59.530514+00:00,149.00012267199963,1818,1791494082.08,descendente,0.9964598130000013,0.0,0.0,45051904,207286272,,,
150,2026-10-08T21:46:00.535632+00:00,150.00520673099982,1815,1791494081.99,principal,1.0051499020000847,0.0,0.0,24043520,32919552,,,
150,2026-10-08T21:46:00.535632+00:00,150.00520673099982,1816,1791494082.08,descendente,1.005157510000572,0.0,0.0,11190272,19447808,,,
150,2026-10-08T21:46:00.535632+00:00,150.00520673099982,1817,1791494082.08,descendente,1.005160073999832,0.0,0.0,44990464,207286272,,,
150,2026-10-08T21:46:00.535632+00:00,150.00520673099982,1818,1791494082.08,descendente,1.0051596789999167,0.0,0.0,45051904,207286272,,,
151,2026-10-08T21:46:01.541914+00:00,151.01134960499985,1815,1791494081.99,principal,1.0062505469995813,0.0,0.0,24043520,32919552,,,
151,2026-10-08T21:46:01.541914+00:00,151.01134960499985,1816,1791494082.08,descendente,1.0062426759996015,0.0,0.0,11190272,19447808,,,
151,2026-10-08T21:46:01.541914+00:00,151.01134960499985,1817,1791494082.08,descendente,1.0062395130007644,0.0,0.0,44990464,207286272,,,
151,2026-10-08T21:46:01.541914+00:00,151.01134960499985,1818,1791494082.08,descendente,1.0062381549996644,0.0,0.0,45051904,207286272,,,
152,2026-10-08T21:46:02.532363+00:00,152.00199609599986,1815,1791494081.99,principal,0.9904487980002159,0.0,0.0,24043520,32919552,,,
152,2026-10-08T21:46:02.532363+00:00,152.00199609599986,1816,1791494082.08,descendente,0.9904559930000687,0.0,0.0,11190272,19447808,,,
152,2026-10-08T21:46:02.532363+00:00,152.00199609599986,1817,1791494082.08,descendente,0.9904577600000266,1.0096341715793167,0.5048170857896583,44990464,207286272,,,
152,2026-10-08T21:46:02.532363+00:00,152.00199609599986,1818,1791494082.08,descendente,0.9904607440003019,0.0,0.0,45051904,207286272,,,
153,2026-10-08T21:46:03.532335+00:00,153.00198727600036,1815,1791494081.99,principal,0.9999707879997004,0.0,0.0,24043520,32919552,,,
153,2026-10-08T21:46:03.532335+00:00,153.00198727600036,1816,1791494082.08,descendente,0.999995909000063,0.0,0.0,11190272,19447808,,,
153,2026-10-08T21:46:03.532335+00:00,153.00198727600036,1817,1791494082.08,descendente,1.0000198739999178,0.0,0.0,44990464,207286272,,,
153,2026-10-08T21:46:03.532335+00:00,153.00198727600036,1818,1791494082.08,descendente,1.0000227809996431,0.0,0.0,45051904,207286272,,,
154,2026-10-08T21:46:04.532045+00:00,154.0012991370004,1815,1791494081.99,principal,0.99971259799986,0.0,0.0,24043520,32919552,,,
154,2026-10-08T21:46:04.532045+00:00,154.0012991370004,1816,1791494082.08,descendente,0.9996930170000269,0.0,0.0,11190272,19447808,,,
154,2026-10-08T21:46:04.532045+00:00,154.0012991370004,1817,1791494082.08,descendente,0.9998122959996181,0.0,0.0,44990464,207286272,,,
154,2026-10-08T21:46:04.532045+00:00,154.0012991370004,1818,1791494082.08,descendente,0.9998259590001908,0.0,0.0,45051904,207286272,,,
155,2026-10-08T21:46:05.533757+00:00,155.00333183299972,1815,1791494081.99,principal,1.001713610000479,0.0,0.0,24043520,32919552,,,
155,2026-10-08T21:46:05.533757+00:00,155.00333183299972,1816,1791494082.08,descendente,1.001705124000182,0.0,0.0,11190272,19447808,,,
155,2026-10-08T21:46:05.533757+00:00,155.00333183299972,1817,1791494082.08,descendente,1.0015653460004614,0.0,0.0,44990464,207286272,,,
155,2026-10-08T21:46:05.533757+00:00,155.00333183299972,1818,1791494082.08,descendente,1.0015483570005017,0.0,0.0,45051904,207286272,,,
156,2026-10-08T21:46:06.533292+00:00,156.0025683089998,1815,1791494081.99,principal,0.9995354459997543,0.0,0.0,24043520,32919552,,,
156,2026-10-08T21:46:06.533292+00:00,156.0025683089998,1816,1791494082.08,descendente,0.9995392769997125,0.0,0.0,11190272,19447808,,,
156,2026-10-08T21:46:06.533292+00:00,156.0025683089998,1817,1791494082.08,descendente,0.9995406559992261,0.0,0.0,44990464,207286272,,,
156,2026-10-08T21:46:06.533292+00:00,156.0025683089998,1818,1791494082.08,descendente,0.999542582999311,1.0004576263286844,0.5002288131643422,45051904,207286272,,,
157,2026-10-08T21:46:07.532165+00:00,157.0012245349999,1815,1791494081.99,principal,0.9988724860004368,0.0,0.0,24043520,32919552,,,
157,2026-10-08T21:46:07.532165+00:00,157.0012245349999,1816,1791494082.08,descendente,0.9988697150001826,0.0,0.0,11190272,19447808,,,
157,2026-10-08T21:46:07.532165+00:00,157.0012245349999,1817,1791494082.08,descendente,0.9988711280002462,0.0,0.0,44990464,207286272,,,
157,2026-10-08T21:46:07.532165+00:00,157.0012245349999,1818,1791494082.08,descendente,0.9988719330003732,0.0,0.0,45051904,207286272,,,
158,2026-10-08T21:46:08.532768+00:00,158.00075099599962,1815,1791494081.99,principal,1.000638378000076,0.0,0.0,24043520,32919552,,,
158,2026-10-08T21:46:08.532768+00:00,158.00075099599962,1816,1791494082.08,descendente,1.0008452789998046,0.0,0.0,11190272,19447808,,,
158,2026-10-08T21:46:08.532768+00:00,158.00075099599962,1817,1791494082.08,descendente,1.0010571319999144,0.0,0.0,44990464,207286272,,,
158,2026-10-08T21:46:08.532768+00:00,158.00075099599962,1818,1791494082.08,descendente,1.0012071959999957,0.0,0.0,45051904,207286272,,,
159,2026-10-08T21:46:09.535675+00:00,159.00534316199992,1815,1791494081.99,principal,1.0028955439993297,0.0,0.0,24043520,32919552,,,
159,2026-10-08T21:46:09.535675+00:00,159.00534316199992,1816,1791494082.08,descendente,1.002683423000235,0.0,0.0,11190272,19447808,,,
159,2026-10-08T21:46:09.535675+00:00,159.00534316199992,1817,1791494082.08,descendente,1.0024626470003568,0.0,0.0,44990464,207286272,,,
159,2026-10-08T21:46:09.535675+00:00,159.00534316199992,1818,1791494082.08,descendente,1.0023062620002747,0.0,0.0,45051904,207286272,,,
160,2026-10-08T21:46:10.535001+00:00,160.00462038099977,1815,1791494081.99,principal,0.9992983560005086,0.0,0.0,24043520,32919552,,,
160,2026-10-08T21:46:10.535001+00:00,160.00462038099977,1816,1791494082.08,descendente,0.9992976379999163,0.0,0.0,11190272,19447808,,,
160,2026-10-08T21:46:10.535001+00:00,160.00462038099977,1817,1791494082.08,descendente,0.9992973460002759,0.0,0.0,44990464,207286272,,,
160,2026-10-08T21:46:10.535001+00:00,160.00462038099977,1818,1791494082.08,descendente,0.9992976489993453,0.0,0.0,45051904,207286272,,,
161,2026-10-08T21:46:11.532229+00:00,161.00169837500016,1815,1791494081.99,principal,0.9972337290000723,0.0,0.0,24043520,32919552,,,
161,2026-10-08T21:46:11.532229+00:00,161.00169837500016,1816,1791494082.08,descendente,0.9972389309996288,0.0,0.0,11190272,19447808,,,
161,2026-10-08T21:46:11.532229+00:00,161.00169837500016,1817,1791494082.08,descendente,0.9972448949993122,1.0027627165740267,0.5013813582870134,44990464,207286272,,,
161,2026-10-08T21:46:11.532229+00:00,161.00169837500016,1818,1791494082.08,descendente,0.9972467820007296,0.0,0.0,45051904,207286272,,,
162,2026-10-08T21:46:12.533005+00:00,162.0023184620004,1815,1791494081.99,principal,1.0007735789995422,0.9992270189623342,0.4996135094811671,24043520,32919552,,,
162,2026-10-08T21:46:12.533005+00:00,162.0023184620004,1816,1791494082.08,descendente,1.0007762380000713,0.0,0.0,11190272,19447808,,,
162,2026-10-08T21:46:12.533005+00:00,162.0023184620004,1817,1791494082.08,descendente,1.000775660000727,0.0,0.0,44990464,207286272,,,
162,2026-10-08T21:46:12.533005+00:00,162.0023184620004,1818,1791494082.08,descendente,1.0007788869997967,0.0,0.0,45051904,207286272,,,
163,2026-10-08T21:46:13.535413+00:00,163.00497716100017,1815,1791494081.99,principal,1.002406886999779,0.0,0.0,24043520,32919552,,,
163,2026-10-08T21:46:13.535413+00:00,163.00497716100017,1816,1791494082.08,descendente,1.0024042920003922,0.0,0.0,11190272,19447808,,,
163,2026-10-08T21:46:13.535413+00:00,163.00497716100017,1817,1791494082.08,descendente,1.0024053859997366,0.0,0.0,44990464,207286272,,,
163,2026-10-08T21:46:13.535413+00:00,163.00497716100017,1818,1791494082.08,descendente,1.002405362999525,0.0,0.0,45051904,207286272,,,
164,2026-10-08T21:46:14.530903+00:00,164.0003501479996,1815,1791494081.99,principal,0.9955413430006956,0.0,0.0,24043520,32919552,,,
164,2026-10-08T21:46:14.530903+00:00,164.0003501479996,1816,1791494082.08,descendente,0.9958001879995209,0.0,0.0,11190272,19447808,,,
164,2026-10-08T21:46:14.530903+00:00,164.0003501479996,1817,1791494082.08,descendente,0.9957995659997323,0.0,0.0,44990464,207286272,,,
164,2026-10-08T21:46:14.530903+00:00,164.0003501479996,1818,1791494082.08,descendente,0.9957954520004932,0.0,0.0,45051904,207286272,,,
165,2026-10-08T21:46:15.532373+00:00,165.00198340800034,1815,1791494081.99,principal,1.001417947999471,0.0,0.0,24043520,32919552,,,
165,2026-10-08T21:46:15.532373+00:00,165.00198340800034,1816,1791494082.08,descendente,1.0012126010005886,0.0,0.0,11190272,19447808,,,
165,2026-10-08T21:46:15.532373+00:00,165.00198340800034,1817,1791494082.08,descendente,1.0012189740000395,0.0,0.0,44990464,207286272,,,
165,2026-10-08T21:46:15.532373+00:00,165.00198340800034,1818,1791494082.08,descendente,1.0012266389994693,0.9987748637994645,0.4993874318997322,45051904,207286272,,,
166,2026-10-08T21:46:16.532254+00:00,166.00119197000004,1815,1791494081.99,principal,0.999887566000325,0.0,0.0,24043520,32919552,,,
166,2026-10-08T21:46:16.532254+00:00,166.00119197000004,1816,1791494082.08,descendente,0.9998338770001283,0.0,0.0,11190272,19447808,,,
166,2026-10-08T21:46:16.532254+00:00,166.00119197000004,1817,1791494082.08,descendente,0.9998269919997256,0.0,0.0,44990464,207286272,,,
166,2026-10-08T21:46:16.532254+00:00,166.00119197000004,1818,1791494082.08,descendente,0.9998228470003596,0.0,0.0,45051904,207286272,,,
167,2026-10-08T21:46:17.540026+00:00,167.00971178700001,1815,1791494081.99,principal,1.0077634809995288,0.0,0.0,24043520,32919552,,,
167,2026-10-08T21:46:17.540026+00:00,167.00971178700001,1816,1791494082.08,descendente,1.0077584679993379,0.0,0.0,11190272,19447808,,,
167,2026-10-08T21:46:17.540026+00:00,167.00971178700001,1817,1791494082.08,descendente,1.0077536140006487,0.0,0.0,44990464,207286272,,,
167,2026-10-08T21:46:17.540026+00:00,167.00971178700001,1818,1791494082.08,descendente,1.0077485299998443,0.0,0.0,45051904,207286272,,,
168,2026-10-08T21:46:18.530626+00:00,168.0001792029998,1815,1791494081.99,principal,0.9906021990000227,0.0,0.0,24043520,32919552,,,
168,2026-10-08T21:46:18.530626+00:00,168.0001792029998,1816,1791494082.08,descendente,0.990607813000679,0.0,0.0,11190272,19447808,,,
168,2026-10-08T21:46:18.530626+00:00,168.0001792029998,1817,1791494082.08,descendente,0.9906091570001081,0.0,0.0,44990464,207286272,,,
168,2026-10-08T21:46:18.530626+00:00,168.0001792029998,1818,1791494082.08,descendente,0.9906105330001083,0.0,0.0,45051904,207286272,,,
169,2026-10-08T21:46:19.530959+00:00,169.0005184290003,1815,1791494081.99,principal,1.0003376490003575,0.0,0.0,24043520,32919552,,,
169,2026-10-08T21:46:19.530959+00:00,169.0005184290003,1816,1791494082.08,descendente,1.000348288999703,0.0,0.0,11190272,19447808,,,
169,2026-10-08T21:46:19.530959+00:00,169.0005184290003,1817,1791494082.08,descendente,1.0003609699997469,0.9996391602516674,0.4998195801258337,44990464,207286272,,,
169,2026-10-08T21:46:19.530959+00:00,169.0005184290003,1818,1791494082.08,descendente,1.0003752749998966,0.0,0.0,45051904,207286272,,,
170,2026-10-08T21:46:20.531839+00:00,170.00110073999986,1815,1791494081.99,principal,1.0008766920000198,0.0,0.0,24043520,32919552,,,
170,2026-10-08T21:46:20.531839+00:00,170.00110073999986,1816,1791494082.08,descendente,1.0008635109998067,0.0,0.0,11190272,19447808,,,
170,2026-10-08T21:46:20.531839+00:00,170.00110073999986,1817,1791494082.08,descendente,1.0008550829998057,0.0,0.0,44990464,207286272,,,
170,2026-10-08T21:46:20.531839+00:00,170.00110073999986,1818,1791494082.08,descendente,1.0008413169998676,0.0,0.0,45051904,207286272,,,
171,2026-10-08T21:46:21.532774+00:00,171.00238438500037,1815,1791494081.99,principal,1.00093228500009,0.0,0.0,24043520,32919552,,,
171,2026-10-08T21:46:21.532774+00:00,171.00238438500037,1816,1791494082.08,descendente,1.000986254000054,0.0,0.0,11190272,19447808,,,
171,2026-10-08T21:46:21.532774+00:00,171.00238438500037,1817,1791494082.08,descendente,1.000985978999779,0.0,0.0,44990464,207286272,,,
171,2026-10-08T21:46:21.532774+00:00,171.00238438500037,1818,1791494082.08,descendente,1.0009879540002657,0.0,0.0,45051904,207286272,,,
172,2026-10-08T21:46:22.530714+00:00,172.00021439299962,1815,1791494081.99,principal,0.997944787999586,0.0,0.0,24043520,32919552,,,
172,2026-10-08T21:46:22.530714+00:00,172.00021439299962,1816,1791494082.08,descendente,0.9979406379998181,0.0,0.0,11190272,19447808,,,
172,2026-10-08T21:46:22.530714+00:00,172.00021439299962,1817,1791494082.08,descendente,0.9979409830002623,0.0,0.0,44990464,207286272,,,
172,2026-10-08T21:46:22.530714+00:00,172.00021439299962,1818,1791494082.08,descendente,0.9979431259998819,0.0,0.0,45051904,207286272,,,
173,2026-10-08T21:46:23.533486+00:00,173.00275650999993,1815,1791494081.99,principal,1.00281546000042,0.0,0.0,24043520,32919552,,,
173,2026-10-08T21:46:23.533486+00:00,173.00275650999993,1816,1791494082.08,descendente,1.0027673200002027,0.0,0.0,11190272,19447808,,,
173,2026-10-08T21:46:23.533486+00:00,173.00275650999993,1817,1791494082.08,descendente,1.0027621090002867,0.0,0.0,44990464,207286272,,,
173,2026-10-08T21:46:23.533486+00:00,173.00275650999993,1818,1791494082.08,descendente,1.0027563820003706,0.0,0.0,45051904,207286272,,,
174,2026-10-08T21:46:24.534705+00:00,174.00423589900038,1815,1791494081.99,principal,1.0011724220003089,0.0,0.0,24043520,32919552,,,
174,2026-10-08T21:46:24.534705+00:00,174.00423589900038,1816,1791494082.08,descendente,1.001174871999865,0.0,0.0,11190272,19447808,,,
174,2026-10-08T21:46:24.534705+00:00,174.00423589900038,1817,1791494082.08,descendente,1.0011804279993157,0.0,0.0,44990464,207286272,,,
174,2026-10-08T21:46:24.534705+00:00,174.00423589900038,1818,1791494082.08,descendente,1.0011844419996123,0.9988169592426384,0.4994084796213192,45051904,207286272,,,
175,2026-10-08T21:46:25.531284+00:00,175.00039466199996,1815,1791494081.99,principal,0.9965800389991273,0.0,0.0,24043520,32919552,,,
175,2026-10-08T21:46:25.531284+00:00,175.00039466199996,1816,1791494082.08,descendente,0.9965758759999517,0.0,0.0,11190272,19447808,,,
175,2026-10-08T21:46:25.531284+00:00,175.00039466199996,1817,1791494082.08,descendente,0.9965734060006071,0.0,0.0,44990464,207286272,,,
175,2026-10-08T21:46:25.531284+00:00,175.00039466199996,1818,1791494082.08,descendente,0.9968730979999236,0.0,0.0,45051904,207286272,,,
176,2026-10-08T21:46:26.535101+00:00,176.0046880910004,1815,1791494081.99,principal,1.003818713000328,0.0,0.0,24043520,32919552,,,
176,2026-10-08T21:46:26.535101+00:00,176.0046880910004,1816,1791494082.08,descendente,1.0038256210000327,0.0,0.0,11190272,19447808,,,
176,2026-10-08T21:46:26.535101+00:00,176.0046880910004,1817,1791494082.08,descendente,1.0038292689996524,0.0,0.0,44990464,207286272,,,
176,2026-10-08T21:46:26.535101+00:00,176.0046880910004,1818,1791494082.08,descendente,1.0035307110001668,0.0,0.0,45051904,207286272,,,
177,2026-10-08T21:46:27.538367+00:00,177.0080070289996,1815,1791494081.99,principal,1.0032594450003671,0.0,0.0,24043520,32919552,,,
177,2026-10-08T21:46:27.538367+00:00,177.0080070289996,1816,1791494082.08,descendente,1.003248216999964,0.0,0.0,11190272,19447808,,,
177,2026-10-08T21:46:27.538367+00:00,177.0080070289996,1817,1791494082.08,descendente,1.0032376730005126,0.0,0.0,44990464,207286272,,,
177,2026-10-08T21:46:27.538367+00:00,177.0080070289996,1818,1791494082.08,descendente,1.0032311189997927,0.0,0.0,45051904,207286272,,,
178,2026-10-08T21:46:28.539046+00:00,178.008427406,1815,1791494081.99,principal,1.0006858540000394,0.0,0.0,24043520,32919552,,,
178,2026-10-08T21:46:28.539046+00:00,178.008427406,1816,1791494082.08,descendente,1.0006937790003576,0.0,0.0,11190272,19447808,,,
178,2026-10-08T21:46:28.539046+00:00,178.008427406,1817,1791494082.08,descendente,1.0007024749993434,0.9992980181273049,0.49964900906365245,44990464,207286272,,,
178,2026-10-08T21:46:28.539046+00:00,178.008427406,1818,1791494082.08,descendente,1.000705117000507,0.0,0.0,45051904,207286272,,,
179,2026-10-08T21:46:29.532232+00:00,179.00128501400013,1815,1791494081.99,principal,0.993201171999317,0.0,0.0,24043520,32919552,,,
179,2026-10-08T21:46:29.532232+00:00,179.00128501400013,1816,1791494082.08,descendente,0.9932055899998886,0.0,0.0,11190272,19447808,,,
179,2026-10-08T21:46:29.532232+00:00,179.00128501400013,1817,1791494082.08,descendente,0.993211233000693,0.0,0.0,44990464,207286272,,,
179,2026-10-08T21:46:29.532232+00:00,179.00128501400013,1818,1791494082.08,descendente,0.9932181710000805,0.0,0.0,45051904,207286272,,,
180,2026-10-08T21:46:30.538640+00:00,180.00826777400016,1815,1791494081.99,principal,1.0063897550007823,0.0,0.0,24043520,32919552,,,
180,2026-10-08T21:46:30.538640+00:00,180.00826777400016,1816,1791494082.08,descendente,1.0063891809995766,0.0,0.0,11190272,19447808,,,
180,2026-10-08T21:46:30.538640+00:00,180.00826777400016,1817,1791494082.08,descendente,1.006387094999809,0.0,0.0,44990464,207286272,,,
180,2026-10-08T21:46:30.538640+00:00,180.00826777400016,1818,1791494082.08,descendente,1.0063841319997664,0.0,0.0,45051904,207286272,,,
181,2026-10-08T21:46:31.538776+00:00,181.00834072999987,1815,1791494081.99,principal,1.0001358419995086,0.0,0.0,24043520,32919552,,,
181,2026-10-08T21:46:31.538776+00:00,181.00834072999987,1816,1791494082.08,descendente,1.0001294740004596,0.0,0.0,11190272,19447808,,,
181,2026-10-08T21:46:31.538776+00:00,181.00834072999987,1817,1791494082.08,descendente,1.0001225949999935,0.0,0.0,44990464,207286272,,,
181,2026-10-08T21:46:31.538776+00:00,181.00834072999987,1818,1791494082.08,descendente,1.0001219180003318,0.0,0.0,45051904,207286272,,,
182,2026-10-08T21:46:32.539154+00:00,182.00872088800043,1815,1791494081.99,principal,1.0003826170004686,0.9996175293393315,0.49980876466966573,24043520,32919552,,,
182,2026-10-08T21:46:32.539154+00:00,182.00872088800043,1816,1791494082.08,descendente,1.000383427000088,0.0,0.0,11190272,19447808,,,
182,2026-10-08T21:46:32.539154+00:00,182.00872088800043,1817,1791494082.08,descendente,1.000384297999517,0.0,0.0,44990464,207286272,,,
182,2026-10-08T21:46:32.539154+00:00,182.00872088800043,1818,1791494082.08,descendente,1.0003846529998555,0.0,0.0,45051904,207286272,,,
183,2026-10-08T21:46:33.530885+00:00,183.0004405440004,1815,1791494081.99,principal,0.9917592049996529,0.0,0.0,24043520,32919552,,,
183,2026-10-08T21:46:33.530885+00:00,183.0004405440004,1816,1791494082.08,descendente,0.9917584650002027,0.0,0.0,11190272,19447808,,,
183,2026-10-08T21:46:33.530885+00:00,183.0004405440004,1817,1791494082.08,descendente,0.9917566470003294,0.0,0.0,44990464,207286272,,,
183,2026-10-08T21:46:33.530885+00:00,183.0004405440004,1818,1791494082.08,descendente,0.991753544999483,0.0,0.0,45051904,207286272,,,
184,2026-10-08T21:46:34.531863+00:00,184.00129169499996,1815,1791494081.99,principal,1.0009447069996895,0.0,0.0,24043520,32919552,,,
184,2026-10-08T21:46:34.531863+00:00,184.00129169499996,1816,1791494082.08,descendente,1.0009424499994566,0.0,0.0,11190272,19447808,,,
184,2026-10-08T21:46:34.531863+00:00,184.00129169499996,1817,1791494082.08,descendente,1.000944540999626,0.0,0.0,44990464,207286272,,,
184,2026-10-08T21:46:34.531863+00:00,184.00129169499996,1818,1791494082.08,descendente,1.0009422170005564,0.0,0.0,45051904,207286272,,,
185,2026-10-08T21:46:35.534309+00:00,185.00392634699983,1815,1791494081.99,principal,1.0024443760003123,0.0,0.0,24043520,32919552,,,
185,2026-10-08T21:46:35.534309+00:00,185.00392634699983,1816,1791494082.08,descendente,1.0024479160001647,0.0,0.0,11190272,19447808,,,
185,2026-10-08T21:46:35.534309+00:00,185.00392634699983,1817,1791494082.08,descendente,1.0024487070004398,0.0,0.0,44990464,207286272,,,
185,2026-10-08T21:46:35.534309+00:00,185.00392634699983,1818,1791494082.08,descendente,1.0024516220000805,0.0,0.0,45051904,207286272,,,
186,2026-10-08T21:46:36.530985+00:00,186.00050682100027,1815,1791494081.99,principal,0.9966782399997101,0.0,0.0,24043520,32919552,,,
186,2026-10-08T21:46:36.530985+00:00,186.00050682100027,1816,1791494082.08,descendente,0.9966829670001971,0.0,0.0,11190272,19447808,,,
186,2026-10-08T21:46:36.530985+00:00,186.00050682100027,1817,1791494082.08,descendente,0.9967464749997816,1.0032641449765944,0.5016320724882972,44990464,207286272,,,
186,2026-10-08T21:46:36.530985+00:00,186.00050682100027,1818,1791494082.08,descendente,0.996755586999825,0.0,0.0,45051904,207286272,,,
187,2026-10-08T21:46:37.535302+00:00,187.00493909600027,1815,1791494081.99,principal,1.0043148600007044,0.0,0.0,24043520,32919552,,,
187,2026-10-08T21:46:37.535302+00:00,187.00493909600027,1816,1791494082.08,descendente,1.0045481349998227,0.0,0.0,11190272,19447808,,,
187,2026-10-08T21:46:37.535302+00:00,187.00493909600027,1817,1791494082.08,descendente,1.0044914250001966,0.0,0.0,44990464,207286272,,,
187,2026-10-08T21:46:37.535302+00:00,187.00493909600027,1818,1791494082.08,descendente,1.0044836010001745,0.0,0.0,45051904,207286272,,,
188,2026-10-08T21:46:38.532143+00:00,188.00140318299964,1815,1791494081.99,principal,0.9968432359992221,0.0,0.0,24043520,32919552,,,
188,2026-10-08T21:46:38.532143+00:00,188.00140318299964,1816,1791494082.08,descendente,0.9966024490004202,0.0,0.0,11190272,19447808,,,
188,2026-10-08T21:46:38.532143+00:00,188.00140318299964,1817,1791494082.08,descendente,0.9965966680001657,0.0,0.0,44990464,207286272,,,
188,2026-10-08T21:46:38.532143+00:00,188.00140318299964,1818,1791494082.08,descendente,0.9965964949997215,0.0,0.0,45051904,207286272,,,
189,2026-10-08T21:46:39.532578+00:00,189.0021823019997,1815,1791494081.99,principal,1.0004835700001422,0.0,0.0,24043520,32919552,,,
189,2026-10-08T21:46:39.532578+00:00,189.0021823019997,1816,1791494082.08,descendente,1.0004934979997415,0.0,0.0,11190272,19447808,,,
189,2026-10-08T21:46:39.532578+00:00,189.0021823019997,1817,1791494082.08,descendente,1.000497321999319,0.9995029252060019,0.49975146260300096,44990464,207286272,,,
189,2026-10-08T21:46:39.532578+00:00,189.0021823019997,1818,1791494082.08,descendente,1.0005016519999117,0.9994985995305692,0.4997492997652846,45051904,207286272,,,
190,2026-10-08T21:46:40.533071+00:00,190.00271302800047,1815,1791494081.99,principal,1.0004431200004547,0.0,0.0,24043520,32919552,,,
190,2026-10-08T21:46:40.533071+00:00,190.00271302800047,1816,1791494082.08,descendente,1.0004348840002422,0.0,0.0,11190272,19447808,,,
190,2026-10-08T21:46:40.533071+00:00,190.00271302800047,1817,1791494082.08,descendente,1.0004298130006646,0.0,0.0,44990464,207286272,,,
190,2026-10-08T21:46:40.533071+00:00,190.00271302800047,1818,1791494082.08,descendente,1.0004271830002835,0.0,0.0,45051904,207286272,,,
191,2026-10-08T21:46:41.538844+00:00,191.00844618100018,1815,1791494081.99,principal,1.0057758180000747,0.0,0.0,24043520,32919552,,,
191,2026-10-08T21:46:41.538844+00:00,191.00844618100018,1816,1791494082.08,descendente,1.0057773270000325,0.0,0.0,11190272,19447808,,,
191,2026-10-08T21:46:41.538844+00:00,191.00844618100018,1817,1791494082.08,descendente,1.0057804049993138,0.0,0.0,44990464,207286272,,,
191,2026-10-08T21:46:41.538844+00:00,191.00844618100018,1818,1791494082.08,descendente,1.0057803419995253,0.0,0.0,45051904,207286272,,,
192,2026-10-08T21:46:42.531190+00:00,192.0008191269999,1815,1791494081.99,principal,0.9923448829995323,0.0,0.0,24043520,32919552,,,
192,2026-10-08T21:46:42.531190+00:00,192.0008191269999,1816,1791494082.08,descendente,0.9923433439998917,0.0,0.0,11190272,19447808,,,
192,2026-10-08T21:46:42.531190+00:00,192.0008191269999,1817,1791494082.08,descendente,0.9926426700003503,0.0,0.0,44990464,207286272,,,
192,2026-10-08T21:46:42.531190+00:00,192.0008191269999,1818,1791494082.08,descendente,0.9926556689997597,0.0,0.0,45051904,207286272,,,
193,2026-10-08T21:46:43.533796+00:00,193.00279855000008,1815,1791494081.99,principal,1.002606611000374,0.0,0.0,24043520,32919552,,,
193,2026-10-08T21:46:43.533796+00:00,193.00279855000008,1816,1791494082.08,descendente,1.0026066319996971,0.0,0.0,11190272,19447808,,,
193,2026-10-08T21:46:43.533796+00:00,193.00279855000008,1817,1791494082.08,descendente,1.0023037749997457,0.0,0.0,44990464,207286272,,,
193,2026-10-08T21:46:43.533796+00:00,193.00279855000008,1818,1791494082.08,descendente,1.0022869940003147,0.0,0.0,45051904,207286272,,,
194,2026-10-08T21:46:44.534772+00:00,194.00435076899976,1815,1791494081.99,principal,1.0009725669997351,0.0,0.0,24043520,32919552,,,
194,2026-10-08T21:46:44.534772+00:00,194.00435076899976,1816,1791494082.08,descendente,1.0009701400003905,0.0,0.0,11190272,19447808,,,
194,2026-10-08T21:46:44.534772+00:00,194.00435076899976,1817,1791494082.08,descendente,1.0009691250006654,0.0,0.0,44990464,207286272,,,
194,2026-10-08T21:46:44.534772+00:00,194.00435076899976,1818,1791494082.08,descendente,1.0009699829997771,0.0,0.0,45051904,207286272,,,
195,2026-10-08T21:46:45.538033+00:00,195.0076287789998,1815,1791494081.99,principal,1.0032625960002406,0.0,0.0,24043520,32919552,,,
195,2026-10-08T21:46:45.538033+00:00,195.0076287789998,1816,1791494082.08,descendente,1.0032653239995852,0.0,0.0,11190272,19447808,,,
195,2026-10-08T21:46:45.538033+00:00,195.0076287789998,1817,1791494082.08,descendente,1.0032679799996913,0.0,0.0,44990464,207286272,,,
195,2026-10-08T21:46:45.538033+00:00,195.0076287789998,1818,1791494082.08,descendente,1.003270760000305,0.0,0.0,45051904,207286272,,,
196,2026-10-08T21:46:46.537323+00:00,196.0069399690001,1815,1791494081.99,principal,0.9992906039997251,0.0,0.0,24043520,32919552,,,
196,2026-10-08T21:46:46.537323+00:00,196.0069399690001,1816,1791494082.08,descendente,0.9993430450003871,0.0,0.0,11190272,19447808,,,
196,2026-10-08T21:46:46.537323+00:00,196.0069399690001,1817,1791494082.08,descendente,0.9993485209997743,0.0,0.0,44990464,207286272,,,
196,2026-10-08T21:46:46.537323+00:00,196.0069399690001,1818,1791494082.08,descendente,0.9993496460001552,0.0,0.0,45051904,207286272,,,
197,2026-10-08T21:46:47.532009+00:00,197.00124056000004,1815,1791494081.99,principal,0.9946891500003403,0.0,0.0,24043520,32919552,,,
197,2026-10-08T21:46:47.532009+00:00,197.00124056000004,1816,1791494082.08,descendente,0.9946347819995935,0.0,0.0,11190272,19447808,,,
197,2026-10-08T21:46:47.532009+00:00,197.00124056000004,1817,1791494082.08,descendente,0.9946242800006075,0.0,0.0,44990464,207286272,,,
197,2026-10-08T21:46:47.532009+00:00,197.00124056000004,1818,1791494082.08,descendente,0.9946184159998666,0.0,0.0,45051904,207286272,,,
198,2026-10-08T21:46:48.532501+00:00,198.00178552800025,1815,1791494081.99,principal,1.0004929609995088,0.0,0.0,24043520,32919552,,,
198,2026-10-08T21:46:48.532501+00:00,198.00178552800025,1816,1791494082.08,descendente,1.0004970460004188,0.0,0.0,11190272,19447808,,,
198,2026-10-08T21:46:48.532501+00:00,198.00178552800025,1817,1791494082.08,descendente,1.000500770999679,0.0,0.0,44990464,207286272,,,
198,2026-10-08T21:46:48.532501+00:00,198.00178552800025,1818,1791494082.08,descendente,1.000505566999891,0.9994946884680347,0.49974734423401734,45051904,207286272,,,
199,2026-10-08T21:46:49.531106+00:00,199.0007413100002,1815,1791494081.99,principal,0.9986003330004678,0.0,0.0,24043520,32919552,,,
199,2026-10-08T21:46:49.531106+00:00,199.0007413100002,1816,1791494082.08,descendente,0.9985991609992197,0.0,0.0,11190272,19447808,,,
199,2026-10-08T21:46:49.531106+00:00,199.0007413100002,1817,1791494082.08,descendente,0.9988783819999298,0.0,0.0,44990464,207286272,,,
199,2026-10-08T21:46:49.531106+00:00,199.0007413100002,1818,1791494082.08,descendente,0.998898556000313,0.0,0.0,45051904,207286272,,,
