amostra,utc,tempo_relativo_s,pid,criado_epoch_s,papel,cpu_intervalo_real_s,cpu_uma_cpu_pct,cpu_capacidade_vm_pct,rss_bytes,vms_bytes,uss_bytes,pss_bytes,erro
1,2026-10-09T00:15:52.853485+00:00,1.0612688809999327,1206,1791503295.06,principal,,,,23924736,32931840,,,
1,2026-10-09T00:15:52.853485+00:00,1.0612688809999327,1207,1791503295.52,descendente,,,,11317248,19406848,,,
1,2026-10-09T00:15:52.853485+00:00,1.0612688809999327,1208,1791503295.52,descendente,,,,46006272,509444096,,,
1,2026-10-09T00:15:52.853485+00:00,1.0612688809999327,1209,1791503295.52,descendente,,,,45969408,509452288,,,
2,2026-10-09T00:15:53.886309+00:00,2.093808656999954,1206,1791503295.06,principal,1.032861387000139,0.0,0.0,23924736,32931840,,,
2,2026-10-09T00:15:53.886309+00:00,2.093808656999954,1207,1791503295.52,descendente,1.0328328859998237,0.0,0.0,11317248,19406848,,,
2,2026-10-09T00:15:53.886309+00:00,2.093808656999954,1208,1791503295.52,descendente,1.0328267370000503,0.9682166080476302,0.4841083040238151,46006272,509444096,,,
2,2026-10-09T00:15:53.886309+00:00,2.093808656999954,1209,1791503295.52,descendente,1.032828378999966,0.0,0.0,45969408,509452288,,,
3,2026-10-09T00:15:54.819198+00:00,3.0269779579998612,1206,1791503295.06,principal,0.9328494969997791,0.0,0.0,23924736,32931840,,,
3,2026-10-09T00:15:54.819198+00:00,3.0269779579998612,1207,1791503295.52,descendente,0.9328213359999609,0.0,0.0,11317248,19406848,,,
3,2026-10-09T00:15:54.819198+00:00,3.0269779579998612,1208,1791503295.52,descendente,0.9328130129999863,0.0,0.0,46006272,509444096,,,
3,2026-10-09T00:15:54.819198+00:00,3.0269779579998612,1209,1791503295.52,descendente,0.9328123450000021,1.0720269788014956,0.5360134894007478,45969408,509452288,,,
4,2026-10-09T00:15:55.793687+00:00,4.001329777999899,1206,1791503295.06,principal,0.9745265120000113,0.0,0.0,23924736,32931840,,,
4,2026-10-09T00:15:55.793687+00:00,4.001329777999899,1207,1791503295.52,descendente,0.974546392000093,0.0,0.0,11317248,19406848,,,
4,2026-10-09T00:15:55.793687+00:00,4.001329777999899,1208,1791503295.52,descendente,0.9745500340000035,35.91401034212725,17.957005171063624,46006272,509444096,,,
4,2026-10-09T00:15:55.793687+00:00,4.001329777999899,1209,1791503295.52,descendente,0.9745474490000561,52.33198245230012,26.16599122615006,45969408,509452288,,,
5,2026-10-09T00:15:56.792299+00:00,5.0001579859999765,1206,1791503295.06,principal,0.9985674710001149,0.0,0.0,23924736,32931840,,,
5,2026-10-09T00:15:56.792299+00:00,5.0001579859999765,1207,1791503295.52,descendente,0.9985429810001278,0.0,0.0,11317248,19406848,,,
5,2026-10-09T00:15:56.792299+00:00,5.0001579859999765,1208,1791503295.52,descendente,0.9985387300000639,79.11560926634962,39.55780463317481,46006272,509444096,,,
5,2026-10-09T00:15:56.792299+00:00,5.0001579859999765,1209,1791503295.52,descendente,0.9985394259999794,85.12433038372991,42.562165191864956,45969408,509452288,,,
6,2026-10-09T00:15:57.961007+00:00,6.16887574999987,1206,1791503295.06,principal,1.16871283699993,0.0,0.0,23924736,32931840,,,
6,2026-10-09T00:15:57.961007+00:00,6.16887574999987,1207,1791503295.52,descendente,1.1687143229999037,0.0,0.0,11317248,19406848,,,
6,2026-10-09T00:15:57.961007+00:00,6.16887574999987,1208,1791503295.52,descendente,1.1687157409999145,98.39860623559971,49.19930311779986,46006272,509444096,,,
6,2026-10-09T00:15:57.961007+00:00,6.16887574999987,1209,1791503295.52,descendente,1.1687139640000623,94.97619042736942,47.48809521368471,45969408,509452288,,,
7,2026-10-09T00:15:58.927107+00:00,7.134895320999931,1206,1791503295.06,principal,0.9660994060000121,0.0,0.0,23924736,32931840,,,
7,2026-10-09T00:15:58.927107+00:00,7.134895320999931,1207,1791503295.52,descendente,0.9660960930000329,0.0,0.0,11317248,19406848,,,
7,2026-10-09T00:15:58.927107+00:00,7.134895320999931,1208,1791503295.52,descendente,0.9660920799999531,93.15882187958947,46.579410939794734,46006272,509444096,,,
7,2026-10-09T00:15:58.927107+00:00,7.134895320999931,1209,1791503295.52,descendente,0.9660925779999161,87.9832864216556,43.9916432108278,45969408,509452288,,,
8,2026-10-09T00:15:59.792725+00:00,8.000603987999966,1206,1791503295.06,principal,0.8656171780000932,0.0,0.0,23924736,32931840,,,
8,2026-10-09T00:15:59.792725+00:00,8.000603987999966,1207,1791503295.52,descendente,0.865618897999866,0.0,0.0,11317248,19406848,,,
8,2026-10-09T00:15:59.792725+00:00,8.000603987999966,1208,1791503295.52,descendente,0.8656219370000144,97.04005456599441,48.520027282997205,46006272,509444096,,,
8,2026-10-09T00:15:59.792725+00:00,8.000603987999966,1209,1791503295.52,descendente,0.8656239219999406,93.57412375209957,46.78706187604978,45969408,509452288,,,
9,2026-10-09T00:16:00.904622+00:00,9.112238461999823,1206,1791503295.06,principal,1.1118993000000046,0.0,0.0,23924736,32931840,,,
9,2026-10-09T00:16:00.904622+00:00,9.112238461999823,1207,1791503295.52,descendente,1.1119003650001105,0.0,0.0,11317248,19406848,,,
9,2026-10-09T00:16:00.904622+00:00,9.112238461999823,1208,1791503295.52,descendente,1.1119009460001053,98.03031501332391,49.01515750666196,46006272,509444096,,,
9,2026-10-09T00:16:00.904622+00:00,9.112238461999823,1209,1791503295.52,descendente,1.1118996360000892,75.54638681435493,37.773193407177466,45969408,509452288,,,
10,2026-10-09T00:16:01.792701+00:00,10.000240215999838,1206,1791503295.06,principal,0.8880972909998945,0.0,0.0,23924736,32931840,,,
10,2026-10-09T00:16:01.792701+00:00,10.000240215999838,1207,1791503295.52,descendente,0.8881122220000179,0.0,0.0,11317248,19406848,,,
10,2026-10-09T00:16:01.792701+00:00,10.000240215999838,1208,1791503295.52,descendente,0.8881103799999437,99.08678243350724,49.54339121675362,46006272,509444096,,,
10,2026-10-09T00:16:01.792701+00:00,10.000240215999838,1209,1791503295.52,descendente,0.888111366999965,90.07879301245819,45.039396506229096,45969408,509452288,,,
11,2026-10-09T00:16:03.110547+00:00,11.318237454999917,1206,1791503295.06,principal,1.3178319300000112,0.0,0.0,23924736,32931840,,,
11,2026-10-09T00:16:03.110547+00:00,11.318237454999917,1207,1791503295.52,descendente,1.317822992999936,0.0,0.0,11317248,19406848,,,
11,2026-10-09T00:16:03.110547+00:00,11.318237454999917,1208,1791503295.52,descendente,1.3178259920000528,67.53547170892404,33.76773585446202,46006272,509444096,,,
11,2026-10-09T00:16:03.110547+00:00,11.318237454999917,1209,1791503295.52,descendente,1.3178266939999048,65.25896037131108,32.62948018565554,45969408,509452288,,,
12,2026-10-09T00:16:03.797788+00:00,12.005515189999869,1206,1791503295.06,principal,0.687232664000021,0.0,0.0,23924736,32931840,,,
12,2026-10-09T00:16:03.797788+00:00,12.005515189999869,1207,1791503295.52,descendente,0.6872568579999552,0.0,0.0,11317248,19406848,,,
12,2026-10-09T00:16:03.797788+00:00,12.005515189999869,1208,1791503295.52,descendente,0.6872543489998861,85.84885651994219,42.924428259971094,46006272,509444096,,,
12,2026-10-09T00:16:03.797788+00:00,12.005515189999869,1209,1791503295.52,descendente,0.6872500520000813,90.21461667344835,45.107308336724174,45969408,509452288,,,
13,2026-10-09T00:16:04.802021+00:00,13.009896707999815,1206,1791503295.06,principal,1.0042342070000814,0.0,0.0,23924736,32931840,,,
13,2026-10-09T00:16:04.802021+00:00,13.009896707999815,1207,1791503295.52,descendente,1.0042057750001732,0.0,0.0,11317248,19406848,,,
13,2026-10-09T00:16:04.802021+00:00,13.009896707999815,1208,1791503295.52,descendente,1.004207205000057,69.70672949911257,34.853364749556285,46006272,509444096,,,
13,2026-10-09T00:16:04.802021+00:00,13.009896707999815,1209,1791503295.52,descendente,1.0042103920000045,83.64780993025495,41.823904965127475,45969408,509452288,,,
14,2026-10-09T00:16:05.796178+00:00,14.003991126999836,1206,1791503295.06,principal,0.9941561660000389,1.0058781851381526,0.5029390925690763,23924736,32931840,,,
14,2026-10-09T00:16:05.796178+00:00,14.003991126999836,1207,1791503295.52,descendente,0.9941491399999904,0.0,0.0,11317248,19406848,,,
14,2026-10-09T00:16:05.796178+00:00,14.003991126999836,1208,1791503295.52,descendente,0.9941445140000269,94.55365761843075,47.276828809215374,46006272,509444096,,,
14,2026-10-09T00:16:05.796178+00:00,14.003991126999836,1209,1791503295.52,descendente,0.9941396280000845,84.49517314684094,42.24758657342047,45969408,509452288,,,
15,2026-10-09T00:16:06.795761+00:00,15.003480946999844,1206,1791503295.06,principal,0.999613687999954,0.0,0.0,23924736,32931840,,,
15,2026-10-09T00:16:06.795761+00:00,15.003480946999844,1207,1791503295.52,descendente,0.9996203719999812,0.0,0.0,11317248,19406848,,,
15,2026-10-09T00:16:06.795761+00:00,15.003480946999844,1208,1791503295.52,descendente,0.9996211200000289,71.02691067591847,35.513455337959236,46006272,509444096,,,
15,2026-10-09T00:16:06.795761+00:00,15.003480946999844,1209,1791503295.52,descendente,0.9996206749999601,84.0318753911336,42.0159376955668,45969408,509452288,,,
16,2026-10-09T00:16:07.797380+00:00,16.002380717999813,1206,1791503295.06,principal,1.0015948200000366,0.0,0.0,23924736,32931840,,,
16,2026-10-09T00:16:07.797380+00:00,16.002380717999813,1207,1791503295.52,descendente,1.0015908069999568,0.0,0.0,11317248,19406848,,,
16,2026-10-09T00:16:07.797380+00:00,16.002380717999813,1208,1791503295.52,descendente,1.0016170710000551,96.84339735059459,48.42169867529729,46006272,509444096,,,
16,2026-10-09T00:16:07.797380+00:00,16.002380717999813,1209,1791503295.52,descendente,1.0016381829998409,98.83808512920542,49.41904256460271,45969408,509452288,,,
17,2026-10-09T00:16:08.793673+00:00,17.00135844900001,1206,1791503295.06,principal,0.9962860389998696,0.0,0.0,23924736,32931840,,,
17,2026-10-09T00:16:08.793673+00:00,17.00135844900001,1207,1791503295.52,descendente,0.9963238870000168,0.0,0.0,11317248,19406848,,,
17,2026-10-09T00:16:08.793673+00:00,17.00135844900001,1208,1791503295.52,descendente,0.9962996679998923,80.29712602494793,40.148563012473964,46006272,509444096,,,
17,2026-10-09T00:16:08.793673+00:00,17.00135844900001,1209,1791503295.52,descendente,0.9962793640002019,83.30996605885895,41.654983029429474,45969408,509452288,,,
18,2026-10-09T00:16:09.793660+00:00,18.001358454999945,1206,1791503295.06,principal,1.0000109100001282,0.0,0.0,23924736,32931840,,,
18,2026-10-09T00:16:09.793660+00:00,18.001358454999945,1207,1791503295.52,descendente,0.9999910449998879,0.0,0.0,11317248,19406848,,,
18,2026-10-09T00:16:09.793660+00:00,18.001358454999945,1208,1791503295.52,descendente,0.9999896720000834,74.00076427988822,37.00038213994411,46006272,509444096,,,
18,2026-10-09T00:16:09.793660+00:00,18.001358454999945,1209,1791503295.52,descendente,0.9999899079998613,92.0009284733845,46.00046423669225,45969408,509452288,,,
19,2026-10-09T00:16:10.795589+00:00,19.000346750999825,1206,1791503295.06,principal,1.0019110759999421,0.0,0.0,23924736,32931840,,,
19,2026-10-09T00:16:10.795589+00:00,19.000346750999825,1207,1791503295.52,descendente,1.0019306990000132,0.0,0.0,11317248,19406848,,,
19,2026-10-09T00:16:10.795589+00:00,19.000346750999825,1208,1791503295.52,descendente,1.0019325169998865,95.81483620019972,47.90741810009986,46006272,509444096,,,
19,2026-10-09T00:16:10.795589+00:00,19.000346750999825,1209,1791503295.52,descendente,1.0019326280000769,93.8186833855585,46.90934169277925,45969408,509452288,,,
20,2026-10-09T00:16:11.801895+00:00,20.009746222999865,1206,1791503295.06,principal,1.006302673999926,0.0,0.0,23924736,32931840,,,
20,2026-10-09T00:16:11.801895+00:00,20.009746222999865,1207,1791503295.52,descendente,1.0062678750000487,0.0,0.0,11317248,19406848,,,
20,2026-10-09T00:16:11.801895+00:00,20.009746222999865,1208,1791503295.52,descendente,1.006267620000017,97.38959900150635,48.69479950075318,46006272,509444096,,,
20,2026-10-09T00:16:11.801895+00:00,20.009746222999865,1209,1791503295.52,descendente,1.0062694060000013,94.40811718367868,47.20405859183934,45969408,509452288,,,
21,2026-10-09T00:16:12.801386+00:00,21.009136007999814,1206,1791503295.06,principal,0.9994907100001456,0.0,0.0,23924736,32931840,,,
21,2026-10-09T00:16:12.801386+00:00,21.009136007999814,1207,1791503295.52,descendente,0.9994869820000076,0.0,0.0,11317248,19406848,,,
21,2026-10-09T00:16:12.801386+00:00,21.009136007999814,1208,1791503295.52,descendente,0.9994834130000072,99.05116854600587,49.525584273002934,46006272,509444096,,,
21,2026-10-09T00:16:12.801386+00:00,21.009136007999814,1209,1791503295.52,descendente,0.9994800519998535,101.05254206716232,50.52627103358116,45969408,509452288,,,
22,2026-10-09T00:16:13.800129+00:00,22.007932845999903,1206,1791503295.06,principal,0.9987472639998032,0.0,0.0,23924736,32931840,,,
22,2026-10-09T00:16:13.800129+00:00,22.007932845999903,1207,1791503295.52,descendente,0.998756000999947,0.0,0.0,11317248,19406848,,,
22,2026-10-09T00:16:13.800129+00:00,22.007932845999903,1208,1791503295.52,descendente,0.998764175000133,98.121260707002,49.060630353501,46006272,509444096,,,
22,2026-10-09T00:16:13.800129+00:00,22.007932845999903,1209,1791503295.52,descendente,0.9987696800001231,96.11825621297007,48.05912810648503,45969408,509452288,,,
23,2026-10-09T00:16:14.800169+00:00,23.007584326999904,1206,1791503295.06,principal,1.0000473950001378,0.0,0.0,23924736,32931840,,,
23,2026-10-09T00:16:14.800169+00:00,23.007584326999904,1207,1791503295.52,descendente,1.0000517949999903,0.0,0.0,11317248,19406848,,,
23,2026-10-09T00:16:14.800169+00:00,23.007584326999904,1208,1791503295.52,descendente,1.0000515669999004,81.99577172404699,40.997885862023494,46006272,509444096,,,
23,2026-10-09T00:16:14.800169+00:00,23.007584326999904,1209,1791503295.52,descendente,1.0002086829999826,74.98435204046446,37.49217602023223,45969408,509452288,,,
24,2026-10-09T00:16:15.800512+00:00,24.008038354999826,1206,1791503295.06,principal,1.0003406769999401,0.0,0.0,23924736,32931840,,,
24,2026-10-09T00:16:15.800512+00:00,24.008038354999826,1207,1791503295.52,descendente,1.0003367650001564,0.0,0.0,11317248,19406848,,,
24,2026-10-09T00:16:15.800512+00:00,24.008038354999826,1208,1791503295.52,descendente,1.000335436000114,73.97518605947575,36.98759302973787,46006272,509444096,,,
24,2026-10-09T00:16:15.800512+00:00,24.008038354999826,1209,1791503295.52,descendente,1.0001818949999688,44.9918162135901,22.49590810679505,45969408,509452288,,,
25,2026-10-09T00:16:16.799630+00:00,25.007117481000023,1206,1791503295.06,principal,0.9991056950000257,0.0,0.0,23924736,32931840,,,
25,2026-10-09T00:16:16.799630+00:00,25.007117481000023,1207,1791503295.52,descendente,0.9990980679999666,0.0,0.0,11317248,19406848,,,
25,2026-10-09T00:16:16.799630+00:00,25.007117481000023,1208,1791503295.52,descendente,0.9990954749998764,76.06880613688514,38.03440306844257,46006272,509444096,,,
25,2026-10-09T00:16:16.799630+00:00,25.007117481000023,1209,1791503295.52,descendente,0.9990909660000398,76.06914944319101,38.034574721595504,45969408,509452288,,,
26,2026-10-09T00:16:17.874977+00:00,26.08278785099992,1206,1791503295.06,principal,1.0753493259999232,0.9299303731558298,0.4649651865779149,23924736,32931840,,,
26,2026-10-09T00:16:17.874977+00:00,26.08278785099992,1207,1791503295.52,descendente,1.0753497969999444,0.0,0.0,11317248,19406848,,,
26,2026-10-09T00:16:17.874977+00:00,26.08278785099992,1208,1791503295.52,descendente,1.0753490360000342,79.97403365877285,39.98701682938643,46006272,509444096,,,
26,2026-10-09T00:16:17.874977+00:00,26.08278785099992,1209,1791503295.52,descendente,1.0753466730000127,86.48373806797427,43.241869033987136,45969408,509452288,,,
27,2026-10-09T00:16:18.797994+00:00,27.005759402999956,1206,1791503295.06,principal,0.9230224709999675,0.0,0.0,23924736,32931840,,,
27,2026-10-09T00:16:18.797994+00:00,27.005759402999956,1207,1791503295.52,descendente,0.9230264420000367,0.0,0.0,11317248,19406848,,,
27,2026-10-09T00:16:18.797994+00:00,27.005759402999956,1208,1791503295.52,descendente,0.9230295120000847,93.17145213878435,46.58572606939217,46006272,509444096,,,
27,2026-10-09T00:16:18.797994+00:00,27.005759402999956,1209,1791503295.52,descendente,0.9231232120000641,74.74625174953891,37.37312587476946,45969408,509452288,,,
28,2026-10-09T00:16:19.799200+00:00,28.005694476999906,1206,1791503295.06,principal,1.0012121570000545,0.0,0.0,23924736,32931840,,,
28,2026-10-09T00:16:19.799200+00:00,28.005694476999906,1207,1791503295.52,descendente,1.001220074999992,0.0,0.0,11317248,19406848,,,
28,2026-10-09T00:16:19.799200+00:00,28.005694476999906,1208,1791503295.52,descendente,1.0012186509998173,67.91723259659202,33.95861629829601,46006272,509444096,,,
28,2026-10-09T00:16:19.799200+00:00,28.005694476999906,1209,1791503295.52,descendente,1.001128518999849,80.90869300269374,40.45434650134687,45969408,509452288,,,
29,2026-10-09T00:16:20.840342+00:00,29.04814793899982,1206,1791503295.06,principal,1.0411682480000763,0.0,0.0,23924736,32931840,,,
29,2026-10-09T00:16:20.840342+00:00,29.04814793899982,1207,1791503295.52,descendente,1.0411585269998795,0.0,0.0,11317248,19406848,,,
29,2026-10-09T00:16:20.840342+00:00,29.04814793899982,1208,1791503295.52,descendente,1.0411554340000748,90.28431003702855,45.14215501851427,46006272,509444096,,,
29,2026-10-09T00:16:20.840342+00:00,29.04814793899982,1209,1791503295.52,descendente,1.0411501200001112,93.16619970229335,46.58309985114668,45969408,509452288,,,
30,2026-10-09T00:16:21.796052+00:00,30.003940061999856,1206,1791503295.06,principal,0.9556721389999439,0.0,0.0,23924736,32931840,,,
30,2026-10-09T00:16:21.796052+00:00,30.003940061999856,1207,1791503295.52,descendente,0.9556685090001338,0.0,0.0,11317248,19406848,,,
30,2026-10-09T00:16:21.796052+00:00,30.003940061999856,1208,1791503295.52,descendente,0.9556723709999915,95.22091750416767,47.61045875208384,46006272,509444096,,,
30,2026-10-09T00:16:21.796052+00:00,30.003940061999856,1209,1791503295.52,descendente,0.9556752199998755,35.57694004037021,17.788470020185105,45969408,509452288,,,
31,2026-10-09T00:16:22.795059+00:00,31.002860647000034,1206,1791503295.06,principal,0.9990092939999613,0.0,0.0,23924736,32931840,,,
31,2026-10-09T00:16:22.795059+00:00,31.002860647000034,1207,1791503295.52,descendente,0.9990131279998877,0.0,0.0,11317248,19406848,,,
31,2026-10-09T00:16:22.795059+00:00,31.002860647000034,1208,1791503295.52,descendente,0.9990118850000727,93.09198558733254,46.54599279366627,46006272,509444096,,,
31,2026-10-09T00:16:22.795059+00:00,31.002860647000034,1209,1791503295.52,descendente,0.9990130180001415,89.08792818151848,44.54396409075924,45969408,509452288,,,
32,2026-10-09T00:16:23.795201+00:00,32.002883901999894,1206,1791503295.06,principal,1.0001388430000588,0.0,0.0,23924736,32931840,,,
32,2026-10-09T00:16:23.795201+00:00,32.002883901999894,1207,1791503295.52,descendente,1.0001712440000574,0.0,0.0,11317248,19406848,,,
32,2026-10-09T00:16:23.795201+00:00,32.002883901999894,1208,1791503295.52,descendente,1.0001710139999886,95.98358546311465,47.991792731557325,46006272,509444096,,,
32,2026-10-09T00:16:23.795201+00:00,32.002883901999894,1209,1791503295.52,descendente,1.000168623000036,90.98465789403116,45.49232894701558,45969408,509452288,,,
33,2026-10-09T00:16:24.946303+00:00,33.154124679000006,1206,1791503295.06,principal,1.1511062950000905,0.0,0.0,23924736,32931840,,,
33,2026-10-09T00:16:24.946303+00:00,33.154124679000006,1207,1791503295.52,descendente,1.1510749950000445,0.0,0.0,11317248,19406848,,,
33,2026-10-09T00:16:24.946303+00:00,33.154124679000006,1208,1791503295.52,descendente,1.1510733909999544,47.78148850458773,23.890744252293864,46006272,509444096,,,
33,2026-10-09T00:16:24.946303+00:00,33.154124679000006,1209,1791503295.52,descendente,1.1510741129998223,56.46899644941754,28.23449822470877,45969408,509452288,,,
34,2026-10-09T00:16:25.879793+00:00,34.087468027999876,1206,1791503295.06,principal,0.9334937139999511,0.0,0.0,23924736,32931840,,,
34,2026-10-09T00:16:25.879793+00:00,34.087468027999876,1207,1791503295.52,descendente,0.9334943700000622,0.0,0.0,11317248,19406848,,,
34,2026-10-09T00:16:25.879793+00:00,34.087468027999876,1208,1791503295.52,descendente,0.9334964049999144,0.0,0.0,46006272,509444096,,,
34,2026-10-09T00:16:25.879793+00:00,34.087468027999876,1209,1791503295.52,descendente,0.9334988090001843,0.0,0.0,45969408,509452288,,,
35,2026-10-09T00:16:26.799053+00:00,35.00680148699985,1206,1791503295.06,principal,0.9192546169999787,0.0,0.0,23924736,32931840,,,
35,2026-10-09T00:16:26.799053+00:00,35.00680148699985,1207,1791503295.52,descendente,0.9192525149999256,0.0,0.0,11317248,19406848,,,
35,2026-10-09T00:16:26.799053+00:00,35.00680148699985,1208,1791503295.52,descendente,0.9192551160001585,42.42565455571738,21.21282727785869,46006272,509444096,,,
35,2026-10-09T00:16:26.799053+00:00,35.00680148699985,1209,1791503295.52,descendente,0.9192554459998519,59.83102981802113,29.915514909010565,45969408,509452288,,,
36,2026-10-09T00:16:27.880262+00:00,36.08728222899981,1206,1791503295.06,principal,1.081212019000077,0.0,0.0,23924736,32931840,,,
36,2026-10-09T00:16:27.880262+00:00,36.08728222899981,1207,1791503295.52,descendente,1.081209390999902,0.0,0.0,11317248,19406848,,,
36,2026-10-09T00:16:27.880262+00:00,36.08728222899981,1208,1791503295.52,descendente,1.0812057949999598,79.54082414070353,39.77041207035177,46006272,509444096,,,
36,2026-10-09T00:16:27.880262+00:00,36.08728222899981,1209,1791503295.52,descendente,1.081203349000134,90.63974884153266,45.31987442076633,45969408,509452288,,,
37,2026-10-09T00:16:28.804181+00:00,37.01209119700002,1206,1791503295.06,principal,0.9239150409998729,0.0,0.0,23924736,32931840,,,
37,2026-10-09T00:16:28.804181+00:00,37.01209119700002,1207,1791503295.52,descendente,0.9239138180000737,0.0,0.0,11317248,19406848,,,
37,2026-10-09T00:16:28.804181+00:00,37.01209119700002,1208,1791503295.52,descendente,0.9239093439998669,90.91801110738588,45.45900555369294,46006272,509444096,,,
37,2026-10-09T00:16:28.804181+00:00,37.01209119700002,1209,1791503295.52,descendente,0.9239068150000094,95.24770092750569,47.623850463752845,45969408,509452288,,,
38,2026-10-09T00:16:29.795341+00:00,38.00318142099991,1206,1791503295.06,principal,0.9911611760001051,0.0,0.0,23924736,32931840,,,
38,2026-10-09T00:16:29.795341+00:00,38.00318142099991,1207,1791503295.52,descendente,0.9911674400000265,0.0,0.0,11317248,19406848,,,
38,2026-10-09T00:16:29.795341+00:00,38.00318142099991,1208,1791503295.52,descendente,0.9911763890002021,89.79229225766613,44.89614612883307,46006272,509444096,,,
38,2026-10-09T00:16:29.795341+00:00,38.00318142099991,1209,1791503295.52,descendente,0.9911817639999754,95.84518546489443,47.922592732447214,45969408,509452288,,,
39,2026-10-09T00:16:30.797588+00:00,39.00548649099983,1206,1791503295.06,principal,1.0022449279999819,0.0,0.0,23924736,32931840,,,
39,2026-10-09T00:16:30.797588+00:00,39.00548649099983,1207,1791503295.52,descendente,1.002238848999923,0.0,0.0,11317248,19406848,,,
39,2026-10-09T00:16:30.797588+00:00,39.00548649099983,1208,1791503295.52,descendente,1.0022342499999013,89.79936576704158,44.89968288352079,46006272,509444096,,,
39,2026-10-09T00:16:30.797588+00:00,39.00548649099983,1209,1791503295.52,descendente,1.0022297519999483,88.80199357722043,44.400996788610215,45969408,509452288,,,
40,2026-10-09T00:16:31.797266+00:00,40.00502480299997,1206,1791503295.06,principal,0.9996786599999723,1.0003214432926384,0.5001607216463192,23924736,32931840,,,
40,2026-10-09T00:16:31.797266+00:00,40.00502480299997,1207,1791503295.52,descendente,0.9996810770001048,0.0,0.0,11317248,19406848,,,
40,2026-10-09T00:16:31.797266+00:00,40.00502480299997,1208,1791503295.52,descendente,0.9996831850000945,96.0304238787357,48.01521193936785,46006272,509444096,,,
40,2026-10-09T00:16:31.797266+00:00,40.00502480299997,1209,1791503295.52,descendente,0.9996864560000631,76.02383681788551,38.011918408942755,45969408,509452288,,,
41,2026-10-09T00:16:32.799349+00:00,41.0070401349999,1206,1791503295.06,principal,1.0020855099999153,0.0,0.0,23924736,32931840,,,
41,2026-10-09T00:16:32.799349+00:00,41.0070401349999,1207,1791503295.52,descendente,1.0020876559999579,0.0,0.0,11317248,19406848,,,
41,2026-10-09T00:16:32.799349+00:00,41.0070401349999,1208,1791503295.52,descendente,1.0020877749998363,85.82082542619986,42.91041271309993,46006272,509444096,,,
41,2026-10-09T00:16:32.799349+00:00,41.0070401349999,1209,1791503295.52,descendente,1.0020882119999897,90.81036869836309,45.405184349181546,45969408,509452288,,,
42,2026-10-09T00:16:33.926039+00:00,42.13383681099981,1206,1791503295.06,principal,1.1266894709999633,0.0,0.0,23924736,32931840,,,
42,2026-10-09T00:16:33.926039+00:00,42.13383681099981,1207,1791503295.52,descendente,1.1266892010000902,0.0,0.0,11317248,19406848,,,
42,2026-10-09T00:16:33.926039+00:00,42.13383681099981,1208,1791503295.52,descendente,1.126690200999974,66.56665686223307,33.28332843111654,46006272,509444096,,,
42,2026-10-09T00:16:33.926039+00:00,42.13383681099981,1209,1791503295.52,descendente,1.126771786999825,59.4619077021728,29.7309538510864,45969408,509452288,,,
43,2026-10-09T00:16:34.796650+00:00,43.004343474999814,1206,1791503295.06,principal,0.8706133330001649,0.0,0.0,23924736,32931840,,,
43,2026-10-09T00:16:34.796650+00:00,43.004343474999814,1207,1791503295.52,descendente,0.8706136599998899,0.0,0.0,11317248,19406848,,,
43,2026-10-09T00:16:34.796650+00:00,43.004343474999814,1208,1791503295.52,descendente,0.870613560000038,88.44337319992445,44.221686599962226,46006272,509444096,,,
43,2026-10-09T00:16:34.796650+00:00,43.004343474999814,1209,1791503295.52,descendente,0.8705322100001922,96.49269611745284,48.24634805872642,45969408,509452288,,,
44,2026-10-09T00:16:35.793147+00:00,44.00103628800002,1206,1791503295.06,principal,0.9964936789999683,0.0,0.0,23924736,32931840,,,
44,2026-10-09T00:16:35.793147+00:00,44.00103628800002,1207,1791503295.52,descendente,0.996489886000063,0.0,0.0,11317248,19406848,,,
44,2026-10-09T00:16:35.793147+00:00,44.00103628800002,1208,1791503295.52,descendente,0.9964845080000941,94.33162206269934,47.16581103134967,46006272,509444096,,,
44,2026-10-09T00:16:35.793147+00:00,44.00103628800002,1209,1791503295.52,descendente,0.9964810629999192,92.32488545545903,46.16244272772951,45969408,509452288,,,
45,2026-10-09T00:16:36.793825+00:00,45.00146570599986,1206,1791503295.06,principal,1.0006813909999437,0.0,0.0,23924736,32931840,,,
45,2026-10-09T00:16:36.793825+00:00,45.00146570599986,1207,1791503295.52,descendente,1.0007860769999297,0.0,0.0,11317248,19406848,,,
45,2026-10-09T00:16:36.793825+00:00,45.00146570599986,1208,1791503295.52,descendente,1.00088704399991,97.91314673068206,48.95657336534103,46006272,509444096,,,
45,2026-10-09T00:16:36.793825+00:00,45.00146570599986,1209,1791503295.52,descendente,1.0009109329998864,95.91263002021233,47.95631501010617,45969408,509452288,,,
46,2026-10-09T00:16:37.815523+00:00,46.02341742999988,1206,1791503295.06,principal,1.0216928940001253,0.0,0.0,23924736,32931840,,,
46,2026-10-09T00:16:37.815523+00:00,46.02341742999988,1207,1791503295.52,descendente,1.02158826699997,0.0,0.0,11317248,19406848,,,
46,2026-10-09T00:16:37.815523+00:00,46.02341742999988,1208,1791503295.52,descendente,1.0214876249999634,93.00161614781832,46.50080807390916,46006272,509444096,,,
46,2026-10-09T00:16:37.815523+00:00,46.02341742999988,1209,1791503295.52,descendente,1.021464018000188,94.96173951374487,47.48086975687244,45969408,509452288,,,
47,2026-10-09T00:16:38.797702+00:00,47.00543419199994,1206,1791503295.06,principal,0.9821805549997862,0.0,0.0,23924736,32931840,,,
47,2026-10-09T00:16:38.797702+00:00,47.00543419199994,1207,1791503295.52,descendente,0.9821798360001139,0.0,0.0,11317248,19406848,,,
47,2026-10-09T00:16:38.797702+00:00,47.00543419199994,1208,1791503295.52,descendente,0.9821813160001511,76.36064622512106,38.18032311256053,46006272,509444096,,,
47,2026-10-09T00:16:38.797702+00:00,47.00543419199994,1209,1791503295.52,descendente,0.9821839549999822,88.57811162268683,44.28905581134342,45969408,509452288,,,
48,2026-10-09T00:16:39.878990+00:00,48.086649710999836,1206,1791503295.06,principal,1.0812898000001496,0.0,0.0,23924736,32931840,,,
48,2026-10-09T00:16:39.878990+00:00,48.086649710999836,1207,1791503295.52,descendente,1.0812921219999225,0.0,0.0,11317248,19406848,,,
48,2026-10-09T00:16:39.878990+00:00,48.086649710999836,1208,1791503295.52,descendente,1.0812913590000335,79.53452997120209,39.767264985601045,46006272,509444096,,,
48,2026-10-09T00:16:39.878990+00:00,48.086649710999836,1209,1791503295.52,descendente,1.0812888860000385,90.63257864651568,45.31628932325784,45969408,509452288,,,
49,2026-10-09T00:16:40.802492+00:00,49.010336085999825,1206,1791503295.06,principal,0.9235008939999716,0.0,0.0,23924736,32931840,,,
49,2026-10-09T00:16:40.802492+00:00,49.010336085999825,1207,1791503295.52,descendente,0.9235041209999508,0.0,0.0,11317248,19406848,,,
49,2026-10-09T00:16:40.802492+00:00,49.010336085999825,1208,1791503295.52,descendente,0.9235070939998877,94.20609821543074,47.10304910771537,46006272,509444096,,,
49,2026-10-09T00:16:40.802492+00:00,49.010336085999825,1209,1791503295.52,descendente,0.9235111709999728,97.45415413063843,48.727077065319214,45969408,509452288,,,
50,2026-10-09T00:16:41.804076+00:00,50.01185756599989,1206,1791503295.06,principal,1.001584055999956,0.0,0.0,23924736,32931840,,,
50,2026-10-09T00:16:41.804076+00:00,50.01185756599989,1207,1791503295.52,descendente,1.0016205809999974,0.0,0.0,11317248,19406848,,,
50,2026-10-09T00:16:41.804076+00:00,50.01185756599989,1208,1791503295.52,descendente,1.0016266800000722,93.84734040830331,46.923670204151655,46006272,509444096,,,
50,2026-10-09T00:16:41.804076+00:00,50.01185756599989,1209,1791503295.52,descendente,1.0016228219999448,90.8525624628807,45.42628123144035,45969408,509452288,,,
51,2026-10-09T00:16:42.795814+00:00,51.00365405999992,1206,1791503295.06,principal,0.9917393129999255,0.0,0.0,23924736,32931840,,,
51,2026-10-09T00:16:42.795814+00:00,51.00365405999992,1207,1791503295.52,descendente,0.9917025150000427,0.0,0.0,11317248,19406848,,,
51,2026-10-09T00:16:42.795814+00:00,51.00365405999992,1208,1791503295.52,descendente,0.9916959170000155,62.51916432968382,31.25958216484191,46006272,509444096,,,
51,2026-10-09T00:16:42.795814+00:00,51.00365405999992,1209,1791503295.52,descendente,0.9916991820000476,56.468736706090404,28.234368353045202,45969408,509452288,,,
52,2026-10-09T00:16:43.796914+00:00,52.00472849899984,1206,1791503295.06,principal,1.001095546000215,0.0,0.0,23924736,32931840,,,
52,2026-10-09T00:16:43.796914+00:00,52.00472849899984,1207,1791503295.52,descendente,1.001093243000014,0.0,0.0,11317248,19406848,,,
52,2026-10-09T00:16:43.796914+00:00,52.00472849899984,1208,1791503295.52,descendente,1.0011423379999087,93.89274275204414,46.94637137602207,46006272,509444096,,,
52,2026-10-09T00:16:43.796914+00:00,52.00472849899984,1209,1791503295.52,descendente,1.0011421679998875,95.89047696570809,47.945238482854045,45969408,509452288,,,
53,2026-10-09T00:16:44.793791+00:00,53.00148913599992,1206,1791503295.06,principal,0.9968800189999456,0.0,0.0,23924736,32931840,,,
53,2026-10-09T00:16:44.793791+00:00,53.00148913599992,1207,1791503295.52,descendente,0.9968812239999352,0.0,0.0,11317248,19406848,,,
53,2026-10-09T00:16:44.793791+00:00,53.00148913599992,1208,1791503295.52,descendente,0.9968334120001145,87.27636830052312,43.63818415026156,46006272,509444096,,,
53,2026-10-09T00:16:44.793791+00:00,53.00148913599992,1209,1791503295.52,descendente,0.9968336760000511,69.219170320247,34.6095851601235,45969408,509452288,,,
54,2026-10-09T00:16:45.793076+00:00,54.00096197899984,1206,1791503295.06,principal,0.9992829949999305,1.0007175194650924,0.5003587597325462,23924736,32931840,,,
54,2026-10-09T00:16:45.793076+00:00,54.00096197899984,1207,1791503295.52,descendente,0.9992833070000415,0.0,0.0,11317248,19406848,,,
54,2026-10-09T00:16:45.793076+00:00,54.00096197899984,1208,1791503295.52,descendente,0.9992816239998774,95.06829478134804,47.53414739067402,46006272,509444096,,,
54,2026-10-09T00:16:45.793076+00:00,54.00096197899984,1209,1791503295.52,descendente,0.999281504999999,92.06614906777614,46.03307453388807,45969408,509452288,,,
55,2026-10-09T00:16:46.793546+00:00,55.001373507999915,1206,1791503295.06,principal,1.0004709649999768,0.0,0.0,23924736,32931840,,,
55,2026-10-09T00:16:46.793546+00:00,55.001373507999915,1207,1791503295.52,descendente,1.00046825000004,0.0,0.0,11317248,19406848,,,
55,2026-10-09T00:16:46.793546+00:00,55.001373507999915,1208,1791503295.52,descendente,1.0004653799999232,84.96046110062179,42.48023055031089,46006272,509444096,,,
55,2026-10-09T00:16:46.793546+00:00,55.001373507999915,1209,1791503295.52,descendente,1.0004615410000497,86.95986445718901,43.47993222859451,45969408,509452288,,,
56,2026-10-09T00:16:47.793970+00:00,56.001760648999834,1206,1791503295.06,principal,1.0004254460000084,0.0,0.0,23924736,32931840,,,
56,2026-10-09T00:16:47.793970+00:00,56.001760648999834,1207,1791503295.52,descendente,1.0004581870000493,0.0,0.0,11317248,19406848,,,
56,2026-10-09T00:16:47.793970+00:00,56.001760648999834,1208,1791503295.52,descendente,1.0004719080000086,97.95377483001712,48.97688741500856,46006272,509444096,,,
56,2026-10-09T00:16:47.793970+00:00,56.001760648999834,1209,1791503295.52,descendente,1.0004739009998502,98.9531060241178,49.4765530120589,45969408,509452288,,,
57,2026-10-09T00:16:48.795621+00:00,57.00346930899991,1206,1791503295.06,principal,1.0016472490001433,0.0,0.0,23924736,32931840,,,
57,2026-10-09T00:16:48.795621+00:00,57.00346930899991,1207,1791503295.52,descendente,1.0016088769998532,0.0,0.0,11317248,19406848,,,
57,2026-10-09T00:16:48.795621+00:00,57.00346930899991,1208,1791503295.52,descendente,1.0015956220001954,97.84387815544393,48.921939077721966,46006272,509444096,,,
57,2026-10-09T00:16:48.795621+00:00,57.00346930899991,1209,1791503295.52,descendente,1.0015929529999994,89.85686224171926,44.92843112085963,45969408,509452288,,,
58,2026-10-09T00:16:49.795991+00:00,58.003856858999825,1206,1791503295.06,principal,1.000371277999875,0.0,0.0,23924736,32931840,,,
58,2026-10-09T00:16:49.795991+00:00,58.003856858999825,1207,1791503295.52,descendente,1.0003798070001721,0.0,0.0,11317248,19406848,,,
58,2026-10-09T00:16:49.795991+00:00,58.003856858999825,1208,1791503295.52,descendente,1.0003857249998873,97.96221352518948,48.98110676259474,46006272,509444096,,,
58,2026-10-09T00:16:49.795991+00:00,58.003856858999825,1209,1791503295.52,descendente,1.000391099000126,95.96246917425997,47.98123458712998,45969408,509452288,,,
59,2026-10-09T00:16:50.795833+00:00,59.003615129999844,1206,1791503295.06,principal,0.9998441509999338,0.0,0.0,23924736,32931840,,,
59,2026-10-09T00:16:50.795833+00:00,59.003615129999844,1207,1791503295.52,descendente,0.9998746740000115,0.0,0.0,11317248,19406848,,,
59,2026-10-09T00:16:50.795833+00:00,59.003615129999844,1208,1791503295.52,descendente,0.9998780260000331,99.01207689906532,49.50603844953266,46006272,509444096,,,
59,2026-10-09T00:16:50.795833+00:00,59.003615129999844,1209,1791503295.52,descendente,0.9998769669998637,100.01230481391178,50.00615240695589,45969408,509452288,,,
60,2026-10-09T00:16:51.797371+00:00,60.00525330099981,1206,1791503295.06,principal,1.0015316999999868,0.0,0.0,23924736,32931840,,,
60,2026-10-09T00:16:51.797371+00:00,60.00525330099981,1207,1791503295.52,descendente,1.0014971979999245,0.0,0.0,11317248,19406848,,,
60,2026-10-09T00:16:51.797371+00:00,60.00525330099981,1208,1791503295.52,descendente,1.0014891959999659,89.86617165664576,44.93308582832288,46006272,509444096,,,
60,2026-10-09T00:16:51.797371+00:00,60.00525330099981,1209,1791503295.52,descendente,1.00148501700005,87.86951228047694,43.93475614023847,45969408,509452288,,,
61,2026-10-09T00:16:52.797387+00:00,61.00525221399994,1206,1791503295.06,principal,1.0000194740000552,0.0,0.0,23924736,32931840,,,
61,2026-10-09T00:16:52.797387+00:00,61.00525221399994,1207,1791503295.52,descendente,1.0000254649999079,0.0,0.0,11317248,19406848,,,
61,2026-10-09T00:16:52.797387+00:00,61.00525221399994,1208,1791503295.52,descendente,1.0000284340001144,98.99718511401669,49.498592557008344,46006272,509444096,,,
61,2026-10-09T00:16:52.797387+00:00,61.00525221399994,1209,1791503295.52,descendente,1.0000329639999563,95.99683556031474,47.99841778015737,45969408,509452288,,,
62,2026-10-09T00:16:53.798707+00:00,62.00648902399985,1206,1791503295.06,principal,1.001332304000016,0.0,0.0,23924736,32931840,,,
62,2026-10-09T00:16:53.798707+00:00,62.00648902399985,1207,1791503295.52,descendente,1.0013777010001377,0.0,0.0,11317248,19406848,,,
62,2026-10-09T00:16:53.798707+00:00,62.00648902399985,1208,1791503295.52,descendente,1.001391381999838,98.86244457416045,49.431222287080224,46006272,509444096,,,
62,2026-10-09T00:16:53.798707+00:00,62.00648902399985,1209,1791503295.52,descendente,1.0013938320000761,99.86081080634457,49.93040540317229,45969408,509452288,,,
63,2026-10-09T00:16:54.798884+00:00,63.00664816199992,1206,1791503295.06,principal,1.0001688469999408,0.0,0.0,23924736,32931840,,,
63,2026-10-09T00:16:54.798884+00:00,63.00664816199992,1207,1791503295.52,descendente,1.0001200459998927,0.0,0.0,11317248,19406848,,,
63,2026-10-09T00:16:54.798884+00:00,63.00664816199992,1208,1791503295.52,descendente,1.000104697000097,97.9897407681031,48.99487038405155,46006272,509444096,,,
63,2026-10-09T00:16:54.798884+00:00,63.00664816199992,1209,1791503295.52,descendente,1.0001013549999698,95.99027090609886,47.99513545304943,45969408,509452288,,,
64,2026-10-09T00:16:55.800219+00:00,64.00813171599998,1206,1791503295.06,principal,1.001330107000058,0.0,0.0,23924736,32931840,,,
64,2026-10-09T00:16:55.800219+00:00,64.00813171599998,1207,1791503295.52,descendente,1.001326170000084,0.0,0.0,11317248,19406848,,,
64,2026-10-09T00:16:55.800219+00:00,64.00813171599998,1208,1791503295.52,descendente,1.0013240379998933,87.88363872276172,43.94181936138086,46006272,509444096,,,
64,2026-10-09T00:16:55.800219+00:00,64.00813171599998,1209,1791503295.52,descendente,1.0013202860000092,90.88001239196073,45.44000619598037,45969408,509452288,,,
65,2026-10-09T00:16:56.793300+00:00,65.00116244899982,1206,1791503295.06,principal,0.9930834720000803,0.0,0.0,23924736,32931840,,,
65,2026-10-09T00:16:56.793300+00:00,65.00116244899982,1207,1791503295.52,descendente,0.9930853529999695,0.0,0.0,11317248,19406848,,,
65,2026-10-09T00:16:56.793300+00:00,65.00116244899982,1208,1791503295.52,descendente,0.9930875160000596,95.66125690779386,47.83062845389693,46006272,509444096,,,
65,2026-10-09T00:16:56.793300+00:00,65.00116244899982,1209,1791503295.52,descendente,0.9930909270001393,85.59135693320523,42.79567846660262,45969408,509452288,,,
66,2026-10-09T00:16:57.875138+00:00,66.08047363399987,1206,1791503295.06,principal,1.0818338899998707,0.0,0.0,23924736,32931840,,,
66,2026-10-09T00:16:57.875138+00:00,66.08047363399987,1207,1791503295.52,descendente,1.0818321489998652,0.0,0.0,11317248,19406848,,,
66,2026-10-09T00:16:57.875138+00:00,66.08047363399987,1208,1791503295.52,descendente,1.0818281530000604,75.79762069659233,37.898810348296166,46006272,509444096,,,
66,2026-10-09T00:16:57.875138+00:00,66.08047363399987,1209,1791503295.52,descendente,1.0818257129999438,59.15925202270326,29.57962601135163,45969408,509452288,,,
67,2026-10-09T00:16:58.804497+00:00,67.01240423199988,1206,1791503295.06,principal,0.9293601920001038,1.076009074423441,0.5380045372117205,23924736,32931840,,,
67,2026-10-09T00:16:58.804497+00:00,67.01240423199988,1207,1791503295.52,descendente,0.9293604220001725,0.0,0.0,11317248,19406848,,,
67,2026-10-09T00:16:58.804497+00:00,67.01240423199988,1208,1791503295.52,descendente,0.9293614989999242,90.38463513971115,45.192317569855575,46006272,509444096,,,
67,2026-10-09T00:16:58.804497+00:00,67.01240423199988,1209,1791503295.52,descendente,0.9293610849999823,69.94052263335189,34.970261316675945,45969408,509452288,,,
68,2026-10-09T00:16:59.874633+00:00,68.08244132100003,1206,1791503295.06,principal,1.070136588999958,0.0,0.0,23924736,32931840,,,
68,2026-10-09T00:16:59.874633+00:00,68.08244132100003,1207,1791503295.52,descendente,1.0704443560000527,0.0,0.0,11317248,19406848,,,
68,2026-10-09T00:16:59.874633+00:00,68.08244132100003,1208,1791503295.52,descendente,1.0704480819999844,72.8666820106446,36.4333410053223,46006272,509444096,,,
68,2026-10-09T00:16:59.874633+00:00,68.08244132100003,1209,1791503295.52,descendente,1.070446304999905,79.40613144533592,39.70306572266796,45969408,509452288,,,
69,2026-10-09T00:17:00.792487+00:00,69.000272172,1206,1791503295.06,principal,0.9178555200001028,0.0,0.0,23924736,32931840,,,
69,2026-10-09T00:17:00.792487+00:00,69.000272172,1207,1791503295.52,descendente,0.9175510509999185,0.0,0.0,11317248,19406848,,,
69,2026-10-09T00:17:00.792487+00:00,69.000272172,1208,1791503295.52,descendente,0.9175513780000983,94.81757870564839,47.40878935282419,46006272,509444096,,,
69,2026-10-09T00:17:00.792487+00:00,69.000272172,1209,1791503295.52,descendente,0.917556538000099,75.19972573068007,37.599862865340036,45969408,509452288,,,
70,2026-10-09T00:17:01.800759+00:00,70.00721175900003,1206,1791503295.06,principal,1.0082758779999494,0.0,0.0,23924736,32931840,,,
70,2026-10-09T00:17:01.800759+00:00,70.00721175900003,1207,1791503295.52,descendente,1.008276204999902,0.0,0.0,11317248,19406848,,,
70,2026-10-09T00:17:01.800759+00:00,70.00721175900003,1208,1791503295.52,descendente,1.008271294999986,80.33552120514057,40.16776060257028,46006272,509444096,,,
70,2026-10-09T00:17:01.800759+00:00,70.00721175900003,1209,1791503295.52,descendente,1.0082671279999431,80.33585321845858,40.16792660922929,45969408,509452288,,,
71,2026-10-09T00:17:02.798938+00:00,71.00680771599991,1206,1791503295.06,principal,0.9981765539998833,0.0,0.0,23924736,32931840,,,
71,2026-10-09T00:17:02.798938+00:00,71.00680771599991,1207,1791503295.52,descendente,0.9981744060000892,0.0,0.0,11317248,19406848,,,
71,2026-10-09T00:17:02.798938+00:00,71.00680771599991,1208,1791503295.52,descendente,0.9982326350000221,68.12039359942735,34.06019679971367,46006272,509444096,,,
71,2026-10-09T00:17:02.798938+00:00,71.00680771599991,1209,1791503295.52,descendente,0.998239440000134,78.1375658729601,39.06878293648005,45969408,509452288,,,
72,2026-10-09T00:17:03.884448+00:00,72.09206976299993,1206,1791503295.06,principal,1.0855347970000366,0.0,0.0,23924736,32931840,,,
72,2026-10-09T00:17:03.884448+00:00,72.09206976299993,1207,1791503295.52,descendente,1.0855522919998748,0.0,0.0,11317248,19406848,,,
72,2026-10-09T00:17:03.884448+00:00,72.09206976299993,1208,1791503295.52,descendente,1.085499617999858,98.57212128472533,49.28606064236266,46006272,509444096,,,
72,2026-10-09T00:17:03.884448+00:00,72.09206976299993,1209,1791503295.52,descendente,1.085530879999851,95.80565778102628,47.90282889051314,45969408,509452288,,,
73,2026-10-09T00:17:04.796751+00:00,73.00421175999986,1206,1791503295.06,principal,0.912287046000074,0.0,0.0,23924736,32931840,,,
73,2026-10-09T00:17:04.796751+00:00,73.00421175999986,1207,1791503295.52,descendente,0.9122815600001104,0.0,0.0,11317248,19406848,,,
73,2026-10-09T00:17:04.796751+00:00,73.00421175999986,1208,1791503295.52,descendente,0.9122807549999834,70.15384205928996,35.07692102964498,46006272,509444096,,,
73,2026-10-09T00:17:04.796751+00:00,73.00421175999986,1209,1791503295.52,descendente,0.9122464470001432,92.08038055531061,46.040190277655306,45969408,509452288,,,
74,2026-10-09T00:17:05.796597+00:00,74.00443467799982,1206,1791503295.06,principal,0.9998372489999383,0.0,0.0,23924736,32931840,,,
74,2026-10-09T00:17:05.796597+00:00,74.00443467799982,1207,1791503295.52,descendente,0.9998274909999054,0.0,0.0,11317248,19406848,,,
74,2026-10-09T00:17:05.796597+00:00,74.00443467799982,1208,1791503295.52,descendente,0.999829200000022,86.01469130927511,43.007345654637554,46006272,509444096,,,
74,2026-10-09T00:17:05.796597+00:00,74.00443467799982,1209,1791503295.52,descendente,0.9998298109999268,90.01531961723465,45.007659808617326,45969408,509452288,,,
75,2026-10-09T00:17:06.795712+00:00,75.00350633099993,1206,1791503295.06,principal,0.9991128460001164,0.0,0.0,23924736,32931840,,,
75,2026-10-09T00:17:06.795712+00:00,75.00350633099993,1207,1791503295.52,descendente,0.9991102700000738,0.0,0.0,11317248,19406848,,,
75,2026-10-09T00:17:06.795712+00:00,75.00350633099993,1208,1791503295.52,descendente,0.999105641000142,97.08683048061076,48.54341524030538,46006272,509444096,,,
75,2026-10-09T00:17:06.795712+00:00,75.00350633099993,1209,1791503295.52,descendente,0.999101550999967,96.08632866591037,48.043164332955186,45969408,509452288,,,
76,2026-10-09T00:17:07.884101+00:00,76.09191008399989,1206,1791503295.06,principal,1.0883852469999056,0.9187923143541705,0.45939615717708526,23924736,32931840,,,
76,2026-10-09T00:17:07.884101+00:00,76.09191008399989,1207,1791503295.52,descendente,1.0883821320001061,0.0,0.0,11317248,19406848,,,
76,2026-10-09T00:17:07.884101+00:00,76.09191008399989,1208,1791503295.52,descendente,1.0883825509999951,85.4478968948441,42.72394844742205,46006272,509444096,,,
76,2026-10-09T00:17:07.884101+00:00,76.09191008399989,1209,1791503295.52,descendente,1.088384774999895,90.96047856788955,45.480239283944776,45969408,509452288,,,
77,2026-10-09T00:17:08.848953+00:00,77.05681688799996,1206,1791503295.06,principal,0.9648575329999858,0.0,0.0,23924736,32931840,,,
77,2026-10-09T00:17:08.848953+00:00,77.05681688799996,1207,1791503295.52,descendente,0.9648593179999807,0.0,0.0,11317248,19406848,,,
77,2026-10-09T00:17:08.848953+00:00,77.05681688799996,1208,1791503295.52,descendente,0.9648558689998481,93.27818059840386,46.63909029920193,46006272,509444096,,,
77,2026-10-09T00:17:08.848953+00:00,77.05681688799996,1209,1791503295.52,descendente,0.964853112000128,57.00349547091873,28.501747735459364,45969408,509452288,,,
78,2026-10-09T00:17:09.793336+00:00,78.00109345999999,1206,1791503295.06,principal,0.9443810719999419,0.0,0.0,23924736,32931840,,,
78,2026-10-09T00:17:09.793336+00:00,78.00109345999999,1207,1791503295.52,descendente,0.9446304099999452,0.0,0.0,11317248,19406848,,,
78,2026-10-09T00:17:09.793336+00:00,78.00109345999999,1208,1791503295.52,descendente,0.9446424130001105,91.03974034669064,45.51987017334532,46006272,509444096,,,
78,2026-10-09T00:17:09.793336+00:00,78.00109345999999,1209,1791503295.52,descendente,0.9446476589998838,81.51187298925774,40.75593649462887,45969408,509452288,,,
79,2026-10-09T00:17:10.802504+00:00,79.01037799699998,1206,1791503295.06,principal,1.0091728060001515,0.0,0.0,23924736,32931840,,,
79,2026-10-09T00:17:10.802504+00:00,79.01037799699998,1207,1791503295.52,descendente,1.0089270000000852,0.0,0.0,11317248,19406848,,,
79,2026-10-09T00:17:10.802504+00:00,79.01037799699998,1208,1791503295.52,descendente,1.008918924999989,75.32815384546376,37.66407692273188,46006272,509444096,,,
79,2026-10-09T00:17:10.802504+00:00,79.01037799699998,1209,1791503295.52,descendente,1.0089169420000417,86.23108243928851,43.11554121964426,45969408,509452288,,,
80,2026-10-09T00:17:11.801874+00:00,80.00948268399998,1206,1791503295.06,principal,0.9993697159998192,0.0,0.0,23924736,32931840,,,
80,2026-10-09T00:17:11.801874+00:00,80.00948268399998,1207,1791503295.52,descendente,0.9993719399999463,0.0,0.0,11317248,19406848,,,
80,2026-10-09T00:17:11.801874+00:00,80.00948268399998,1208,1791503295.52,descendente,0.9993735529999412,74.04638613646128,37.02319306823064,46006272,509444096,,,
80,2026-10-09T00:17:11.801874+00:00,80.00948268399998,1209,1791503295.52,descendente,0.999375013999952,88.05503316296016,44.02751658148008,45969408,509452288,,,
81,2026-10-09T00:17:12.903053+00:00,81.11058008199984,1206,1791503295.06,principal,1.101175165000086,0.0,0.0,23924736,32931840,,,
81,2026-10-09T00:17:12.903053+00:00,81.11058008199984,1207,1791503295.52,descendente,1.1011711050000486,0.0,0.0,11317248,19406848,,,
81,2026-10-09T00:17:12.903053+00:00,81.11058008199984,1208,1791503295.52,descendente,1.1011714480000592,64.47678981229798,32.23839490614899,46006272,509444096,,,
81,2026-10-09T00:17:12.903053+00:00,81.11058008199984,1209,1791503295.52,descendente,1.101170391000096,83.54746981204282,41.77373490602141,45969408,509452288,,,
82,2026-10-09T00:17:13.799685+00:00,82.007537448,1206,1791503295.06,principal,0.8966358190000392,0.0,0.0,23924736,32931840,,,
82,2026-10-09T00:17:13.799685+00:00,82.007537448,1207,1791503295.52,descendente,0.8966340149997905,0.0,0.0,11317248,19406848,,,
82,2026-10-09T00:17:13.799685+00:00,82.007537448,1208,1791503295.52,descendente,0.8966309669999646,90.33816919240726,45.16908459620363,46006272,509444096,,,
82,2026-10-09T00:17:13.799685+00:00,82.007537448,1209,1791503295.52,descendente,0.8966287559999273,84.76194800962334,42.38097400481167,45969408,509452288,,,
83,2026-10-09T00:17:14.799532+00:00,83.00713493499984,1206,1791503295.06,principal,0.9998563070000728,0.0,0.0,23924736,32931840,,,
83,2026-10-09T00:17:14.799532+00:00,83.00713493499984,1207,1791503295.52,descendente,0.9998785700001918,0.0,0.0,11317248,19406848,,,
83,2026-10-09T00:17:14.799532+00:00,83.00713493499984,1208,1791503295.52,descendente,0.9998898950000239,76.00836890146654,38.00418445073327,46006272,509444096,,,
83,2026-10-09T00:17:14.799532+00:00,83.00713493499984,1209,1791503295.52,descendente,0.9998975309999878,78.0079934010854,39.0039967005427,45969408,509452288,,,
84,2026-10-09T00:17:15.854971+00:00,84.06204956399984,1206,1791503295.06,principal,1.0554293759998927,0.0,0.0,23924736,32931840,,,
84,2026-10-09T00:17:15.854971+00:00,84.06204956399984,1207,1791503295.52,descendente,1.0554121679999753,0.0,0.0,11317248,19406848,,,
84,2026-10-09T00:17:15.854971+00:00,84.06204956399984,1208,1791503295.52,descendente,1.055406178000112,91.90774321957879,45.953871609789395,46006272,509444096,,,
84,2026-10-09T00:17:15.854971+00:00,84.06204956399984,1209,1791503295.52,descendente,1.0554006250001748,90.01321180758012,45.00660590379006,45969408,509452288,,,
85,2026-10-09T00:17:16.797531+00:00,85.00544471799981,1206,1791503295.06,principal,0.9425555739999254,0.0,0.0,23924736,32931840,,,
85,2026-10-09T00:17:16.797531+00:00,85.00544471799981,1207,1791503295.52,descendente,0.9425512529999196,0.0,0.0,11317248,19406848,,,
85,2026-10-09T00:17:16.797531+00:00,85.00544471799981,1208,1791503295.52,descendente,0.9425456429999031,72.14504730356278,36.07252365178139,46006272,509444096,,,
85,2026-10-09T00:17:16.797531+00:00,85.00544471799981,1209,1791503295.52,descendente,0.942541644999892,94.42553596665769,47.212767983328845,45969408,509452288,,,
86,2026-10-09T00:17:17.797071+00:00,86.00494078299994,1206,1791503295.06,principal,0.9995419470001252,0.0,0.0,23924736,32931840,,,
86,2026-10-09T00:17:17.797071+00:00,86.00494078299994,1207,1791503295.52,descendente,0.9995436270000937,0.0,0.0,11317248,19406848,,,
86,2026-10-09T00:17:17.797071+00:00,86.00494078299994,1208,1791503295.52,descendente,0.9995488609999938,94.04242620612224,47.02121310306112,46006272,509444096,,,
86,2026-10-09T00:17:17.797071+00:00,86.00494078299994,1209,1791503295.52,descendente,0.999552906999952,94.04204554026533,47.02102277013267,45969408,509452288,,,
87,2026-10-09T00:17:18.794365+00:00,87.00188324399983,1206,1791503295.06,principal,0.997309924999854,0.0,0.0,23924736,32931840,,,
87,2026-10-09T00:17:18.794365+00:00,87.00188324399983,1207,1791503295.52,descendente,0.9973177489998761,0.0,0.0,11317248,19406848,,,
87,2026-10-09T00:17:18.794365+00:00,87.00188324399983,1208,1791503295.52,descendente,0.9973174910001035,96.2582135240846,48.1291067620423,46006272,509444096,,,
87,2026-10-09T00:17:18.794365+00:00,87.00188324399983,1209,1791503295.52,descendente,0.9973208290000457,98.26326408750592,49.13163204375296,45969408,509452288,,,
88,2026-10-09T00:17:19.794704+00:00,88.00249012699987,1206,1791503295.06,principal,1.0003224750000754,0.9996776289565499,0.49983881447827494,23924736,32931840,,,
88,2026-10-09T00:17:19.794704+00:00,88.00249012699987,1207,1791503295.52,descendente,1.0003518290000102,0.0,0.0,11317248,19406848,,,
88,2026-10-09T00:17:19.794704+00:00,88.00249012699987,1208,1791503295.52,descendente,1.0003572039997835,85.96929142525708,42.98464571262854,46006272,509444096,,,
88,2026-10-09T00:17:19.794704+00:00,88.00249012699987,1209,1791503295.52,descendente,1.0003534110001056,95.96608453009364,47.98304226504682,45969408,509452288,,,
89,2026-10-09T00:17:20.793923+00:00,89.00162549999982,1206,1791503295.06,principal,0.9992224610000449,0.0,0.0,23924736,32931840,,,
89,2026-10-09T00:17:20.793923+00:00,89.00162549999982,1207,1791503295.52,descendente,0.9991882829999668,0.0,0.0,11317248,19406848,,,
89,2026-10-09T00:17:20.793923+00:00,89.00162549999982,1208,1791503295.52,descendente,0.9991814590000558,94.07700588646415,47.038502943232075,46006272,509444096,,,
89,2026-10-09T00:17:20.793923+00:00,89.00162549999982,1209,1791503295.52,descendente,0.9991832659998181,98.08010535677674,49.04005267838837,45969408,509452288,,,
90,2026-10-09T00:17:21.792718+00:00,90.00052119299994,1206,1791503295.06,principal,0.9987915019999036,0.0,0.0,23924736,32931840,,,
90,2026-10-09T00:17:21.792718+00:00,90.00052119299994,1207,1791503295.52,descendente,0.9988317550000829,0.0,0.0,11317248,19406848,,,
90,2026-10-09T00:17:21.792718+00:00,90.00052119299994,1208,1791503295.52,descendente,0.9988310559999718,93.10883901871551,46.55441950935776,46006272,509444096,,,
90,2026-10-09T00:17:21.792718+00:00,90.00052119299994,1209,1791503295.52,descendente,0.9988312840000617,95.1111579320524,47.5555789660262,45969408,509452288,,,
91,2026-10-09T00:17:22.801614+00:00,91.00951327999996,1206,1791503295.06,principal,1.0088953000001766,0.0,0.0,23924736,32931840,,,
91,2026-10-09T00:17:22.801614+00:00,91.00951327999996,1207,1791503295.52,descendente,1.0088495059999332,0.0,0.0,11317248,19406848,,,
91,2026-10-09T00:17:22.801614+00:00,91.00951327999996,1208,1791503295.52,descendente,1.0088442910000595,87.22852553665858,43.61426276832929,46006272,509444096,,,
91,2026-10-09T00:17:22.801614+00:00,91.00951327999996,1209,1791503295.52,descendente,1.0088369469999634,99.12404605855859,49.562023029279295,45969408,509452288,,,
92,2026-10-09T00:17:23.811132+00:00,92.01901521399986,1206,1791503295.06,principal,1.0095165529999122,0.0,0.0,23924736,32931840,,,
92,2026-10-09T00:17:23.811132+00:00,92.01901521399986,1207,1791503295.52,descendente,1.0095195170001716,0.0,0.0,11317248,19406848,,,
92,2026-10-09T00:17:23.811132+00:00,92.01901521399986,1208,1791503295.52,descendente,1.00952441000004,99.0565448536267,49.52827242681335,46006272,509444096,,,
92,2026-10-09T00:17:23.811132+00:00,92.01901521399986,1209,1791503295.52,descendente,1.0095308900001783,98.06534993692311,49.032674968461556,45969408,509452288,,,
93,2026-10-09T00:17:24.815435+00:00,93.02114406499982,1206,1791503295.06,principal,1.0043038359999628,0.0,0.0,23924736,32931840,,,
93,2026-10-09T00:17:24.815435+00:00,93.02114406499982,1207,1791503295.52,descendente,1.0043032839998887,0.0,0.0,11317248,19406848,,,
93,2026-10-09T00:17:24.815435+00:00,93.02114406499982,1208,1791503295.52,descendente,1.004300763999936,98.57604768285914,49.28802384142957,46006272,509444096,,,
93,2026-10-09T00:17:24.815435+00:00,93.02114406499982,1209,1791503295.52,descendente,1.004298272999904,98.57629218487205,49.28814609243602,45969408,509452288,,,
94,2026-10-09T00:17:25.792423+00:00,94.000117413,1206,1791503295.06,principal,0.9770001730000786,0.0,0.0,23924736,32931840,,,
94,2026-10-09T00:17:25.792423+00:00,94.000117413,1207,1791503295.52,descendente,0.9770107140000164,0.0,0.0,11317248,19406848,,,
94,2026-10-09T00:17:25.792423+00:00,94.000117413,1208,1791503295.52,descendente,0.977017928000123,69.5995416780088,34.7997708390044,46006272,509444096,,,
94,2026-10-09T00:17:25.792423+00:00,94.000117413,1209,1791503295.52,descendente,0.9770210510000652,45.034853604184164,22.517426802092082,45969408,509452288,,,
95,2026-10-09T00:17:26.807189+00:00,95.015047912,1206,1791503295.06,principal,1.0147548029999598,0.0,0.0,23924736,32931840,,,
95,2026-10-09T00:17:26.807189+00:00,95.015047912,1207,1791503295.52,descendente,1.0147468410000329,0.0,0.0,11317248,19406848,,,
95,2026-10-09T00:17:26.807189+00:00,95.015047912,1208,1791503295.52,descendente,1.014739193999958,0.9854748943491898,0.4927374471745949,46006272,509444096,,,
95,2026-10-09T00:17:26.807189+00:00,95.015047912,1209,1791503295.52,descendente,1.0147365759999047,0.98547743685469,0.492738718427345,45969408,509452288,,,
96,2026-10-09T00:17:27.799566+00:00,96.00702111399983,1206,1791503295.06,principal,0.992378133000102,0.0,0.0,23924736,32931840,,,
96,2026-10-09T00:17:27.799566+00:00,96.00702111399983,1207,1791503295.52,descendente,0.9923771710000437,0.0,0.0,11317248,19406848,,,
96,2026-10-09T00:17:27.799566+00:00,96.00702111399983,1208,1791503295.52,descendente,0.9923775739998746,0.0,0.0,46006272,509444096,,,
96,2026-10-09T00:17:27.799566+00:00,96.00702111399983,1209,1791503295.52,descendente,0.9923744640000223,0.0,0.0,45969408,509452288,,,
97,2026-10-09T00:17:28.793137+00:00,97.0010264739999,1206,1791503295.06,principal,0.993569702999821,0.0,0.0,23924736,32931840,,,
97,2026-10-09T00:17:28.793137+00:00,97.0010264739999,1207,1791503295.52,descendente,0.9935671109999475,0.0,0.0,11317248,19406848,,,
97,2026-10-09T00:17:28.793137+00:00,97.0010264739999,1208,1791503295.52,descendente,0.9935656120001113,0.0,0.0,46006272,509444096,,,
97,2026-10-09T00:17:28.793137+00:00,97.0010264739999,1209,1791503295.52,descendente,0.9936230650000653,0.0,0.0,45969408,509452288,,,
98,2026-10-09T00:17:29.793208+00:00,98.00091126500001,1206,1791503295.06,principal,1.0000721010001143,0.0,0.0,23924736,32931840,,,
98,2026-10-09T00:17:29.793208+00:00,98.00091126500001,1207,1791503295.52,descendente,1.0000762429999668,0.0,0.0,11317248,19406848,,,
98,2026-10-09T00:17:29.793208+00:00,98.00091126500001,1208,1791503295.52,descendente,1.0003089269998782,0.0,0.0,46006272,509444096,,,
98,2026-10-09T00:17:29.793208+00:00,98.00091126500001,1209,1791503295.52,descendente,1.0002791299998535,0.0,0.0,45969408,509452288,,,
99,2026-10-09T00:17:30.793106+00:00,99.00095700299994,1206,1791503295.06,principal,0.9999011039999459,0.0,0.0,23924736,32931840,,,
99,2026-10-09T00:17:30.793106+00:00,99.00095700299994,1207,1791503295.52,descendente,0.9999013239998931,0.0,0.0,11317248,19406848,,,
99,2026-10-09T00:17:30.793106+00:00,99.00095700299994,1208,1791503295.52,descendente,0.9996754360001887,0.0,0.0,46006272,509444096,,,
99,2026-10-09T00:17:30.793106+00:00,99.00095700299994,1209,1791503295.52,descendente,0.9996532679999746,0.0,0.0,45969408,509452288,,,
100,2026-10-09T00:17:31.799286+00:00,100.0070284819999,1206,1791503295.06,principal,1.0061776330001067,0.0,0.0,23924736,32931840,,,
100,2026-10-09T00:17:31.799286+00:00,100.0070284819999,1207,1791503295.52,descendente,1.0062133040000845,0.0,0.0,11317248,19406848,,,
100,2026-10-09T00:17:31.799286+00:00,100.0070284819999,1208,1791503295.52,descendente,1.0062147489998097,0.0,0.0,46006272,509444096,,,
100,2026-10-09T00:17:31.799286+00:00,100.0070284819999,1209,1791503295.52,descendente,1.0062157570000636,0.9938226399678883,0.49691131998394417,45969408,509452288,,,
101,2026-10-09T00:17:32.799537+00:00,101.00734256399983,1206,1791503295.06,principal,1.000252301999808,0.0,0.0,23924736,32931840,,,
101,2026-10-09T00:17:32.799537+00:00,101.00734256399983,1207,1791503295.52,descendente,1.0002203349999945,0.0,0.0,11317248,19406848,,,
101,2026-10-09T00:17:32.799537+00:00,101.00734256399983,1208,1791503295.52,descendente,1.0002188920000208,0.0,0.0,46006272,509444096,,,
101,2026-10-09T00:17:32.799537+00:00,101.00734256399983,1209,1791503295.52,descendente,1.0002212419999523,0.0,0.0,45969408,509452288,,,
102,2026-10-09T00:17:33.793779+00:00,102.00138511199998,1206,1791503295.06,principal,0.994241410000086,0.0,0.0,23924736,32931840,,,
102,2026-10-09T00:17:33.793779+00:00,102.00138511199998,1207,1791503295.52,descendente,0.9942367139999533,0.0,0.0,11317248,19406848,,,
102,2026-10-09T00:17:33.793779+00:00,102.00138511199998,1208,1791503295.52,descendente,0.9944406950000939,0.0,0.0,46006272,509444096,,,
102,2026-10-09T00:17:33.793779+00:00,102.00138511199998,1209,1791503295.52,descendente,0.9944418470001892,0.0,0.0,45969408,509452288,,,
103,2026-10-09T00:17:34.800872+00:00,103.00873462899995,1206,1791503295.06,principal,1.007092909999983,0.0,0.0,23924736,32931840,,,
103,2026-10-09T00:17:34.800872+00:00,103.00873462899995,1207,1791503295.52,descendente,1.0070951200000309,0.0,0.0,11317248,19406848,,,
103,2026-10-09T00:17:34.800872+00:00,103.00873462899995,1208,1791503295.52,descendente,1.0068897470000593,0.9931573968038744,0.4965786984019372,46006272,509444096,,,
103,2026-10-09T00:17:34.800872+00:00,103.00873462899995,1209,1791503295.52,descendente,1.0068843760000163,0.0,0.0,45969408,509452288,,,
104,2026-10-09T00:17:35.793852+00:00,104.00166974399986,1206,1791503295.06,principal,0.9929794740000943,0.0,0.0,23924736,32931840,,,
104,2026-10-09T00:17:35.793852+00:00,104.00166974399986,1207,1791503295.52,descendente,0.9929783630000202,0.0,0.0,11317248,19406848,,,
104,2026-10-09T00:17:35.793852+00:00,104.00166974399986,1208,1791503295.52,descendente,0.9929781920000096,0.0,0.0,46006272,509444096,,,
104,2026-10-09T00:17:35.793852+00:00,104.00166974399986,1209,1791503295.52,descendente,0.9929800569998406,0.0,0.0,45969408,509452288,,,
105,2026-10-09T00:17:36.793189+00:00,105.00045885500003,1206,1791503295.06,principal,0.9993429389999164,0.0,0.0,23924736,32931840,,,
105,2026-10-09T00:17:36.793189+00:00,105.00045885500003,1207,1791503295.52,descendente,0.9993447780000224,0.0,0.0,11317248,19406848,,,
105,2026-10-09T00:17:36.793189+00:00,105.00045885500003,1208,1791503295.52,descendente,0.9993456709999009,0.0,0.0,46006272,509444096,,,
105,2026-10-09T00:17:36.793189+00:00,105.00045885500003,1209,1791503295.52,descendente,0.9993446060000224,0.0,0.0,45969408,509452288,,,
106,2026-10-09T00:17:37.793647+00:00,106.0013851199999,1206,1791503295.06,principal,1.0004515739999533,0.0,0.0,23924736,32931840,,,
106,2026-10-09T00:17:37.793647+00:00,106.0013851199999,1207,1791503295.52,descendente,1.0004492049999953,0.0,0.0,11317248,19406848,,,
106,2026-10-09T00:17:37.793647+00:00,106.0013851199999,1208,1791503295.52,descendente,1.0004463969999051,0.0,0.0,46006272,509444096,,,
106,2026-10-09T00:17:37.793647+00:00,106.0013851199999,1209,1791503295.52,descendente,1.0004450379999525,0.0,0.0,45969408,509452288,,,
107,2026-10-09T00:17:38.844439+00:00,107.05219584399993,1206,1791503295.06,principal,1.0507899819999693,0.0,0.0,23924736,32931840,,,
107,2026-10-09T00:17:38.844439+00:00,107.05219584399993,1207,1791503295.52,descendente,1.0508505210000294,0.0,0.0,11317248,19406848,,,
107,2026-10-09T00:17:38.844439+00:00,107.05219584399993,1208,1791503295.52,descendente,1.050863826000068,0.0,0.0,46006272,509444096,,,
107,2026-10-09T00:17:38.844439+00:00,107.05219584399993,1209,1791503295.52,descendente,1.0508827109999856,0.0,0.0,45969408,509452288,,,
108,2026-10-09T00:17:39.793889+00:00,108.00170257499985,1206,1791503295.06,principal,0.9494549040000493,0.0,0.0,23924736,32931840,,,
108,2026-10-09T00:17:39.793889+00:00,108.00170257499985,1207,1791503295.52,descendente,0.9493929999998727,0.0,0.0,11317248,19406848,,,
108,2026-10-09T00:17:39.793889+00:00,108.00170257499985,1208,1791503295.52,descendente,0.9493818559999454,0.0,0.0,46006272,509444096,,,
108,2026-10-09T00:17:39.793889+00:00,108.00170257499985,1209,1791503295.52,descendente,0.9493656100000862,1.0533349738663904,0.5266674869331952,45969408,509452288,,,
109,2026-10-09T00:17:40.802527+00:00,109.01015299400001,1206,1791503295.06,principal,1.008636875000093,0.0,0.0,23924736,32931840,,,
109,2026-10-09T00:17:40.802527+00:00,109.01015299400001,1207,1791503295.52,descendente,1.008638147000056,0.0,0.0,11317248,19406848,,,
109,2026-10-09T00:17:40.802527+00:00,109.01015299400001,1208,1791503295.52,descendente,1.008636081000077,0.0,0.0,46006272,509444096,,,
109,2026-10-09T00:17:40.802527+00:00,109.01015299400001,1209,1791503295.52,descendente,1.0086334600000555,0.0,0.0,45969408,509452288,,,
110,2026-10-09T00:17:41.793647+00:00,110.00083875099995,1206,1791503295.06,principal,0.9911319630000435,0.0,0.0,23924736,32931840,,,
110,2026-10-09T00:17:41.793647+00:00,110.00083875099995,1207,1791503295.52,descendente,0.9911339630000384,0.0,0.0,11317248,19406848,,,
110,2026-10-09T00:17:41.793647+00:00,110.00083875099995,1208,1791503295.52,descendente,0.9911356540001179,1.0089436253889132,0.5044718126944566,46006272,509444096,,,
110,2026-10-09T00:17:41.793647+00:00,110.00083875099995,1209,1791503295.52,descendente,0.9911353679999593,0.0,0.0,45969408,509452288,,,
111,2026-10-09T00:17:42.797916+00:00,111.00583241699997,1206,1791503295.06,principal,1.0042555689999517,0.0,0.0,23924736,32931840,,,
111,2026-10-09T00:17:42.797916+00:00,111.00583241699997,1207,1791503295.52,descendente,1.004249270999935,0.0,0.0,11317248,19406848,,,
111,2026-10-09T00:17:42.797916+00:00,111.00583241699997,1208,1791503295.52,descendente,1.0042442089998076,0.0,0.0,46006272,509444096,,,
111,2026-10-09T00:17:42.797916+00:00,111.00583241699997,1209,1791503295.52,descendente,1.0042413119999765,0.0,0.0,45969408,509452288,,,
112,2026-10-09T00:17:43.792643+00:00,112.00050851799983,1206,1791503295.06,principal,0.9947296430000279,0.0,0.0,23924736,32931840,,,
112,2026-10-09T00:17:43.792643+00:00,112.00050851799983,1207,1791503295.52,descendente,0.994734704000166,0.0,0.0,11317248,19406848,,,
112,2026-10-09T00:17:43.792643+00:00,112.00050851799983,1208,1791503295.52,descendente,0.9947386300000289,0.0,0.0,46006272,509444096,,,
112,2026-10-09T00:17:43.792643+00:00,112.00050851799983,1209,1791503295.52,descendente,0.994742381999913,0.0,0.0,45969408,509452288,,,
113,2026-10-09T00:17:44.792258+00:00,113.00017116100003,1206,1791503295.06,principal,0.9996089379999376,0.0,0.0,23924736,32931840,,,
113,2026-10-09T00:17:44.792258+00:00,113.00017116100003,1207,1791503295.52,descendente,0.9996034239998153,0.0,0.0,11317248,19406848,,,
113,2026-10-09T00:17:44.792258+00:00,113.00017116100003,1208,1791503295.52,descendente,0.9996007760000793,0.0,0.0,46006272,509444096,,,
113,2026-10-09T00:17:44.792258+00:00,113.00017116100003,1209,1791503295.52,descendente,0.999597483000116,0.0,0.0,45969408,509452288,,,
114,2026-10-09T00:17:45.793823+00:00,114.00165945699996,1206,1791503295.06,principal,1.001568172999896,0.0,0.0,23924736,32931840,,,
114,2026-10-09T00:17:45.793823+00:00,114.00165945699996,1207,1791503295.52,descendente,1.0015700190001553,0.0,0.0,11317248,19406848,,,
114,2026-10-09T00:17:45.793823+00:00,114.00165945699996,1208,1791503295.52,descendente,1.001815249999936,0.0,0.0,46006272,509444096,,,
114,2026-10-09T00:17:45.793823+00:00,114.00165945699996,1209,1791503295.52,descendente,1.0018442509999659,0.0,0.0,45969408,509452288,,,
115,2026-10-09T00:17:46.793763+00:00,115.00097194499995,1206,1791503295.06,principal,0.9999900000000252,0.0,0.0,23924736,32931840,,,
115,2026-10-09T00:17:46.793763+00:00,115.00097194499995,1207,1791503295.52,descendente,1.0000146219999806,0.0,0.0,11317248,19406848,,,
115,2026-10-09T00:17:46.793763+00:00,115.00097194499995,1208,1791503295.52,descendente,0.9997765160001109,0.0,0.0,46006272,509444096,,,
115,2026-10-09T00:17:46.793763+00:00,115.00097194499995,1209,1791503295.52,descendente,0.9997977729999548,0.0,0.0,45969408,509452288,,,
116,2026-10-09T00:17:47.792609+00:00,116.00038691299983,1206,1791503295.06,principal,0.9987958270000945,0.0,0.0,23924736,32931840,,,
116,2026-10-09T00:17:47.792609+00:00,116.00038691299983,1207,1791503295.52,descendente,0.9987716489999912,0.0,0.0,11317248,19406848,,,
116,2026-10-09T00:17:47.792609+00:00,116.00038691299983,1208,1791503295.52,descendente,0.9987640309998369,0.0,0.0,46006272,509444096,,,
116,2026-10-09T00:17:47.792609+00:00,116.00038691299983,1209,1791503295.52,descendente,0.9987128249999842,0.0,0.0,45969408,509452288,,,
117,2026-10-09T00:17:48.797332+00:00,117.00515763499993,1206,1791503295.06,principal,1.0047240090000287,0.0,0.0,23924736,32931840,,,
117,2026-10-09T00:17:48.797332+00:00,117.00515763499993,1207,1791503295.52,descendente,1.0047273600000608,0.0,0.0,11317248,19406848,,,
117,2026-10-09T00:17:48.797332+00:00,117.00515763499993,1208,1791503295.52,descendente,1.0047309930000665,0.0,0.0,46006272,509444096,,,
117,2026-10-09T00:17:48.797332+00:00,117.00515763499993,1209,1791503295.52,descendente,1.004735528000083,0.995286791541004,0.497643395770502,45969408,509452288,,,
118,2026-10-09T00:17:49.796176+00:00,118.004070942,1206,1791503295.06,principal,0.9988441259999945,0.0,0.0,23924736,32931840,,,
118,2026-10-09T00:17:49.796176+00:00,118.004070942,1207,1791503295.52,descendente,0.9988414469999043,0.0,0.0,11317248,19406848,,,
118,2026-10-09T00:17:49.796176+00:00,118.004070942,1208,1791503295.52,descendente,0.9988375420000466,1.001163810891694,0.500581905445847,46006272,509444096,,,
118,2026-10-09T00:17:49.796176+00:00,118.004070942,1209,1791503295.52,descendente,0.9988324460000513,0.0,0.0,45969408,509452288,,,
119,2026-10-09T00:17:50.793761+00:00,119.0012585049999,1206,1791503295.06,principal,0.9975856189998922,0.0,0.0,23924736,32931840,,,
119,2026-10-09T00:17:50.793761+00:00,119.0012585049999,1207,1791503295.52,descendente,0.9975824059999923,0.0,0.0,11317248,19406848,,,
119,2026-10-09T00:17:50.793761+00:00,119.0012585049999,1208,1791503295.52,descendente,0.9975835390000611,0.0,0.0,46006272,509444096,,,
119,2026-10-09T00:17:50.793761+00:00,119.0012585049999,1209,1791503295.52,descendente,0.997586511999998,0.0,0.0,45969408,509452288,,,
120,2026-10-09T00:17:51.792876+00:00,120.00057173599998,1206,1791503295.06,principal,0.9991139690000637,0.0,0.0,23924736,32931840,,,
120,2026-10-09T00:17:51.792876+00:00,120.00057173599998,1207,1791503295.52,descendente,0.9991511900000205,0.0,0.0,11317248,19406848,,,
120,2026-10-09T00:17:51.792876+00:00,120.00057173599998,1208,1791503295.52,descendente,0.9991533019999679,0.0,0.0,46006272,509444096,,,
120,2026-10-09T00:17:51.792876+00:00,120.00057173599998,1209,1791503295.52,descendente,0.9991504459999305,0.0,0.0,45969408,509452288,,,
121,2026-10-09T00:17:52.795693+00:00,121.00349640199988,1206,1791503295.06,principal,1.0028175400000237,0.0,0.0,23924736,32931840,,,
121,2026-10-09T00:17:52.795693+00:00,121.00349640199988,1207,1791503295.52,descendente,1.0027833080000619,0.0,0.0,11317248,19406848,,,
121,2026-10-09T00:17:52.795693+00:00,121.00349640199988,1208,1791503295.52,descendente,1.0027843870000197,0.0,0.0,46006272,509444096,,,
121,2026-10-09T00:17:52.795693+00:00,121.00349640199988,1209,1791503295.52,descendente,1.002789711000105,0.0,0.0,45969408,509452288,,,
122,2026-10-09T00:17:53.797382+00:00,122.00525875799985,1206,1791503295.06,principal,1.0016896629999792,0.998313187145268,0.499156593572634,23924736,32931840,,,
122,2026-10-09T00:17:53.797382+00:00,122.00525875799985,1207,1791503295.52,descendente,1.001691653999842,0.0,0.0,11317248,19406848,,,
122,2026-10-09T00:17:53.797382+00:00,122.00525875799985,1208,1791503295.52,descendente,1.0016923109999425,0.0,0.0,46006272,509444096,,,
122,2026-10-09T00:17:53.797382+00:00,122.00525875799985,1209,1791503295.52,descendente,1.0016910589999952,0.0,0.0,45969408,509452288,,,
123,2026-10-09T00:17:54.793225+00:00,123.00110077799991,1206,1791503295.06,principal,0.9958386680000331,0.0,0.0,23924736,32931840,,,
123,2026-10-09T00:17:54.793225+00:00,123.00110077799991,1207,1791503295.52,descendente,0.9958309720000216,0.0,0.0,11317248,19406848,,,
123,2026-10-09T00:17:54.793225+00:00,123.00110077799991,1208,1791503295.52,descendente,0.9958253859999786,0.0,0.0,46006272,509444096,,,
123,2026-10-09T00:17:54.793225+00:00,123.00110077799991,1209,1791503295.52,descendente,0.9960479750000104,0.0,0.0,45969408,509452288,,,
124,2026-10-09T00:17:55.797230+00:00,124.00505801899999,1206,1791503295.06,principal,1.0040082289999646,0.0,0.0,23924736,32931840,,,
124,2026-10-09T00:17:55.797230+00:00,124.00505801899999,1207,1791503295.52,descendente,1.0040147460001663,0.0,0.0,11317248,19406848,,,
124,2026-10-09T00:17:55.797230+00:00,124.00505801899999,1208,1791503295.52,descendente,1.0040207639999608,0.0,0.0,46006272,509444096,,,
124,2026-10-09T00:17:55.797230+00:00,124.00505801899999,1209,1791503295.52,descendente,1.003799498999797,0.0,0.0,45969408,509452288,,,
125,2026-10-09T00:17:56.792299+00:00,125.00014383299981,1206,1791503295.06,principal,0.995068387999936,0.0,0.0,23924736,32931840,,,
125,2026-10-09T00:17:56.792299+00:00,125.00014383299981,1207,1791503295.52,descendente,0.9951228409997839,0.0,0.0,11317248,19406848,,,
125,2026-10-09T00:17:56.792299+00:00,125.00014383299981,1208,1791503295.52,descendente,0.9951253680001173,0.0,0.0,46006272,509444096,,,
125,2026-10-09T00:17:56.792299+00:00,125.00014383299981,1209,1791503295.52,descendente,0.9951266330001545,0.0,0.0,45969408,509452288,,,
126,2026-10-09T00:17:57.792879+00:00,126.00072175599985,1206,1791503295.06,principal,1.0005808509999952,0.0,0.0,23924736,32931840,,,
126,2026-10-09T00:17:57.792879+00:00,126.00072175599985,1207,1791503295.52,descendente,1.0005279800000153,0.0,0.0,11317248,19406848,,,
126,2026-10-09T00:17:57.792879+00:00,126.00072175599985,1208,1791503295.52,descendente,1.0005225059999248,0.99947776686911,0.499738883434555,46006272,509444096,,,
126,2026-10-09T00:17:57.792879+00:00,126.00072175599985,1209,1791503295.52,descendente,1.0005206729999827,0.0,0.0,45969408,509452288,,,
127,2026-10-09T00:17:58.792773+00:00,127.00027473,1206,1791503295.06,principal,0.9998991550000937,1.0001008551706467,0.5000504275853234,23924736,32931840,,,
127,2026-10-09T00:17:58.792773+00:00,127.00027473,1207,1791503295.52,descendente,0.9999023200000465,0.0,0.0,11317248,19406848,,,
127,2026-10-09T00:17:58.792773+00:00,127.00027473,1208,1791503295.52,descendente,0.99990512699992,0.0,0.0,46006272,509444096,,,
127,2026-10-09T00:17:58.792773+00:00,127.00027473,1209,1791503295.52,descendente,0.9999049959999411,1.0000950130257669,0.5000475065128834,45969408,509452288,,,
128,2026-10-09T00:17:59.793243+00:00,128.0010937919999,1206,1791503295.06,principal,1.000464944999976,0.0,0.0,23924736,32931840,,,
128,2026-10-09T00:17:59.793243+00:00,128.0010937919999,1207,1791503295.52,descendente,1.000721508999959,0.0,0.0,11317248,19406848,,,
128,2026-10-09T00:17:59.793243+00:00,128.0010937919999,1208,1791503295.52,descendente,1.0007287070000075,0.0,0.0,46006272,509444096,,,
128,2026-10-09T00:17:59.793243+00:00,128.0010937919999,1209,1791503295.52,descendente,1.000730965999992,0.0,0.0,45969408,509452288,,,
129,2026-10-09T00:18:00.801210+00:00,129.008914883,1206,1791503295.06,principal,1.0079742890000034,0.0,0.0,23924736,32931840,,,
129,2026-10-09T00:18:00.801210+00:00,129.008914883,1207,1791503295.52,descendente,1.007709879999993,0.0,0.0,11317248,19406848,,,
129,2026-10-09T00:18:00.801210+00:00,129.008914883,1208,1791503295.52,descendente,1.0076971660000709,0.0,0.0,46006272,509444096,,,
129,2026-10-09T00:18:00.801210+00:00,129.008914883,1209,1791503295.52,descendente,1.0076912080000966,0.0,0.0,45969408,509452288,,,
130,2026-10-09T00:18:01.792812+00:00,130.00065202099995,1206,1791503295.06,principal,0.991591752999966,0.0,0.0,23924736,32931840,,,
130,2026-10-09T00:18:01.792812+00:00,130.00065202099995,1207,1791503295.52,descendente,0.9915910800000347,0.0,0.0,11317248,19406848,,,
130,2026-10-09T00:18:01.792812+00:00,130.00065202099995,1208,1791503295.52,descendente,0.9915931230000297,0.0,0.0,46006272,509444096,,,
130,2026-10-09T00:18:01.792812+00:00,130.00065202099995,1209,1791503295.52,descendente,0.991592424999908,0.0,0.0,45969408,509452288,,,
131,2026-10-09T00:18:02.795119+00:00,131.002979719,1206,1791503295.06,principal,1.0023069900000792,0.0,0.0,23924736,32931840,,,
131,2026-10-09T00:18:02.795119+00:00,131.002979719,1207,1791503295.52,descendente,1.0023111590001008,0.0,0.0,11317248,19406848,,,
131,2026-10-09T00:18:02.795119+00:00,131.002979719,1208,1791503295.52,descendente,1.0023134809998737,0.0,0.0,46006272,509444096,,,
131,2026-10-09T00:18:02.795119+00:00,131.002979719,1209,1791503295.52,descendente,1.002317850000054,0.0,0.0,45969408,509452288,,,
132,2026-10-09T00:18:03.793110+00:00,132.00086420499997,1206,1791503295.06,principal,0.9979906799999299,0.0,0.0,23924736,32931840,,,
132,2026-10-09T00:18:03.793110+00:00,132.00086420499997,1207,1791503295.52,descendente,0.997985854000035,0.0,0.0,11317248,19406848,,,
132,2026-10-09T00:18:03.793110+00:00,132.00086420499997,1208,1791503295.52,descendente,0.9981709710000359,0.0,0.0,46006272,509444096,,,
132,2026-10-09T00:18:03.793110+00:00,132.00086420499997,1209,1791503295.52,descendente,0.9982001430000764,0.0,0.0,45969408,509452288,,,
133,2026-10-09T00:18:04.792648+00:00,133.000491301,1206,1791503295.06,principal,0.9995403279999664,0.0,0.0,23924736,32931840,,,
133,2026-10-09T00:18:04.792648+00:00,133.000491301,1207,1791503295.52,descendente,0.9995455250000305,0.0,0.0,11317248,19406848,,,
133,2026-10-09T00:18:04.792648+00:00,133.000491301,1208,1791503295.52,descendente,0.9993574430000081,0.0,0.0,46006272,509444096,,,
133,2026-10-09T00:18:04.792648+00:00,133.000491301,1209,1791503295.52,descendente,0.9993284319998565,0.0,0.0,45969408,509452288,,,
134,2026-10-09T00:18:05.794784+00:00,134.0025097749999,1206,1791503295.06,principal,1.0021363020000535,0.0,0.0,23924736,32931840,,,
134,2026-10-09T00:18:05.794784+00:00,134.0025097749999,1207,1791503295.52,descendente,1.0021367439999267,0.0,0.0,11317248,19406848,,,
134,2026-10-09T00:18:05.794784+00:00,134.0025097749999,1208,1791503295.52,descendente,1.0021388889999798,0.0,0.0,46006272,509444096,,,
134,2026-10-09T00:18:05.794784+00:00,134.0025097749999,1209,1791503295.52,descendente,1.0021395460000804,0.0,0.0,45969408,509452288,,,
135,2026-10-09T00:18:06.802269+00:00,135.01012558399998,1206,1791503295.06,principal,1.0074836129999767,0.0,0.0,23924736,32931840,,,
135,2026-10-09T00:18:06.802269+00:00,135.01012558399998,1207,1791503295.52,descendente,1.0074790629998915,0.0,0.0,11317248,19406848,,,
135,2026-10-09T00:18:06.802269+00:00,135.01012558399998,1208,1791503295.52,descendente,1.0074761100001979,0.9925793674640029,0.49628968373200144,46006272,509444096,,,
135,2026-10-09T00:18:06.802269+00:00,135.01012558399998,1209,1791503295.52,descendente,1.007470173999991,0.9925852157277855,0.49629260786389273,45969408,509452288,,,
136,2026-10-09T00:18:07.793582+00:00,136.00121853099995,1206,1791503295.06,principal,0.991314771000134,0.0,0.0,23924736,32931840,,,
136,2026-10-09T00:18:07.793582+00:00,136.00121853099995,1207,1791503295.52,descendente,0.9915519300000142,0.0,0.0,11317248,19406848,,,
136,2026-10-09T00:18:07.793582+00:00,136.00121853099995,1208,1791503295.52,descendente,0.9915692689999105,0.0,0.0,46006272,509444096,,,
136,2026-10-09T00:18:07.793582+00:00,136.00121853099995,1209,1791503295.52,descendente,0.991576041999906,0.0,0.0,45969408,509452288,,,
137,2026-10-09T00:18:08.792837+00:00,137.00066434699988,1206,1791503295.06,principal,0.9992543649998424,0.0,0.0,23924736,32931840,,,
137,2026-10-09T00:18:08.792837+00:00,137.00066434699988,1207,1791503295.52,descendente,0.9990264770001431,0.0,0.0,11317248,19406848,,,
137,2026-10-09T00:18:08.792837+00:00,137.00066434699988,1208,1791503295.52,descendente,0.9990127169999141,0.0,0.0,46006272,509444096,,,
137,2026-10-09T00:18:08.792837+00:00,137.00066434699988,1209,1791503295.52,descendente,0.9990118010000515,0.0,0.0,45969408,509452288,,,
138,2026-10-09T00:18:09.795756+00:00,138.0036446649999,1206,1791503295.06,principal,1.0029188210000939,0.0,0.0,23924736,32931840,,,
138,2026-10-09T00:18:09.795756+00:00,138.0036446649999,1207,1791503295.52,descendente,1.0029090719999658,0.0,0.0,11317248,19406848,,,
138,2026-10-09T00:18:09.795756+00:00,138.0036446649999,1208,1791503295.52,descendente,1.002904542000124,0.0,0.0,46006272,509444096,,,
138,2026-10-09T00:18:09.795756+00:00,138.0036446649999,1209,1791503295.52,descendente,1.0029288380001162,0.0,0.0,45969408,509452288,,,
139,2026-10-09T00:18:10.793242+00:00,139.00036969999996,1206,1791503295.06,principal,0.9975762110000232,0.0,0.0,23924736,32931840,,,
139,2026-10-09T00:18:10.793242+00:00,139.00036969999996,1207,1791503295.52,descendente,0.9976362339998559,0.0,0.0,11317248,19406848,,,
139,2026-10-09T00:18:10.793242+00:00,139.00036969999996,1208,1791503295.52,descendente,0.9978849770000124,0.0,0.0,46006272,509444096,,,
139,2026-10-09T00:18:10.793242+00:00,139.00036969999996,1209,1791503295.52,descendente,0.9978785139999218,0.0,0.0,45969408,509452288,,,
140,2026-10-09T00:18:11.795514+00:00,140.00334683699998,1206,1791503295.06,principal,1.002185248999922,0.0,0.0,23924736,32931840,,,
140,2026-10-09T00:18:11.795514+00:00,140.00334683699998,1207,1791503295.52,descendente,1.0021304990000317,0.0,0.0,11317248,19406848,,,
140,2026-10-09T00:18:11.795514+00:00,140.00334683699998,1208,1791503295.52,descendente,1.0018880860000081,0.0,0.0,46006272,509444096,,,
140,2026-10-09T00:18:11.795514+00:00,140.00334683699998,1209,1791503295.52,descendente,1.001871815999948,0.0,0.0,45969408,509452288,,,
141,2026-10-09T00:18:12.793343+00:00,141.00107979899985,1206,1791503295.06,principal,0.9978263479999896,0.0,0.0,23924736,32931840,,,
141,2026-10-09T00:18:12.793343+00:00,141.00107979899985,1207,1791503295.52,descendente,0.9978260880000107,0.0,0.0,11317248,19406848,,,
141,2026-10-09T00:18:12.793343+00:00,141.00107979899985,1208,1791503295.52,descendente,0.9980360859999564,0.0,0.0,46006272,509444096,,,
141,2026-10-09T00:18:12.793343+00:00,141.00107979899985,1209,1791503295.52,descendente,0.9980513560001327,0.0,0.0,45969408,509452288,,,
142,2026-10-09T00:18:13.796104+00:00,142.00383431399996,1206,1791503295.06,principal,1.0027638760000173,0.0,0.0,23924736,32931840,,,
142,2026-10-09T00:18:13.796104+00:00,142.00383431399996,1207,1791503295.52,descendente,1.0027672090000124,0.0,0.0,11317248,19406848,,,
142,2026-10-09T00:18:13.796104+00:00,142.00383431399996,1208,1791503295.52,descendente,1.0025572039999133,0.0,0.0,46006272,509444096,,,
142,2026-10-09T00:18:13.796104+00:00,142.00383431399996,1209,1791503295.52,descendente,1.0025399709998055,0.0,0.0,45969408,509452288,,,
143,2026-10-09T00:18:14.794386+00:00,143.00168003999988,1206,1791503295.06,principal,0.9982970430000933,0.0,0.0,23924736,32931840,,,
143,2026-10-09T00:18:14.794386+00:00,143.00168003999988,1207,1791503295.52,descendente,0.9983014580000145,0.0,0.0,11317248,19406848,,,
143,2026-10-09T00:18:14.794386+00:00,143.00168003999988,1208,1791503295.52,descendente,0.9983581490000688,0.0,0.0,46006272,509444096,,,
143,2026-10-09T00:18:14.794386+00:00,143.00168003999988,1209,1791503295.52,descendente,0.9983630280000853,0.0,0.0,45969408,509452288,,,
144,2026-10-09T00:18:15.799196+00:00,144.00692906999984,1206,1791503295.06,principal,1.0047948359999737,0.0,0.0,23924736,32931840,,,
144,2026-10-09T00:18:15.799196+00:00,144.00692906999984,1207,1791503295.52,descendente,1.004788291000068,0.0,0.0,11317248,19406848,,,
144,2026-10-09T00:18:15.799196+00:00,144.00692906999984,1208,1791503295.52,descendente,1.0047267190000184,0.9952955177646392,0.4976477588823196,46006272,509444096,,,
144,2026-10-09T00:18:15.799196+00:00,144.00692906999984,1209,1791503295.52,descendente,1.0047208630001023,0.9953013188290772,0.4976506594145386,45969408,509452288,,,
145,2026-10-09T00:18:16.798141+00:00,145.00516086099992,1206,1791503295.06,principal,0.9989472849999856,0.0,0.0,23924736,32931840,,,
145,2026-10-09T00:18:16.798141+00:00,145.00516086099992,1207,1791503295.52,descendente,0.9989497990000018,0.0,0.0,11317248,19406848,,,
145,2026-10-09T00:18:16.798141+00:00,145.00516086099992,1208,1791503295.52,descendente,0.9989540520000446,0.0,0.0,46006272,509444096,,,
145,2026-10-09T00:18:16.798141+00:00,145.00516086099992,1209,1791503295.52,descendente,0.9989564529998916,0.0,0.0,45969408,509452288,,,
146,2026-10-09T00:18:17.792857+00:00,146.00066787499986,1206,1791503295.06,principal,0.9947111709998353,0.0,0.0,23924736,32931840,,,
146,2026-10-09T00:18:17.792857+00:00,146.00066787499986,1207,1791503295.52,descendente,0.9947073519999776,0.0,0.0,11317248,19406848,,,
146,2026-10-09T00:18:17.792857+00:00,146.00066787499986,1208,1791503295.52,descendente,0.994705563000025,0.0,0.0,46006272,509444096,,,
146,2026-10-09T00:18:17.792857+00:00,146.00066787499986,1209,1791503295.52,descendente,0.9947043740000936,0.0,0.0,45969408,509452288,,,
147,2026-10-09T00:18:18.795515+00:00,147.00329550999982,1206,1791503295.06,principal,1.0026572930000839,0.0,0.0,23924736,32931840,,,
147,2026-10-09T00:18:18.795515+00:00,147.00329550999982,1207,1791503295.52,descendente,1.002685767999992,0.0,0.0,11317248,19406848,,,
147,2026-10-09T00:18:18.795515+00:00,147.00329550999982,1208,1791503295.52,descendente,1.0026932179998767,0.0,0.0,46006272,509444096,,,
147,2026-10-09T00:18:18.795515+00:00,147.00329550999982,1209,1791503295.52,descendente,1.0026931119998608,0.0,0.0,45969408,509452288,,,
148,2026-10-09T00:18:19.794359+00:00,148.00198020999983,1206,1791503295.06,principal,0.998869680000098,0.0,0.0,23924736,32931840,,,
148,2026-10-09T00:18:19.794359+00:00,148.00198020999983,1207,1791503295.52,descendente,0.9988424759999361,0.0,0.0,11317248,19406848,,,
148,2026-10-09T00:18:19.794359+00:00,148.00198020999983,1208,1791503295.52,descendente,0.9988335150001149,0.0,0.0,46006272,509444096,,,
148,2026-10-09T00:18:19.794359+00:00,148.00198020999983,1209,1791503295.52,descendente,0.998829440999998,0.0,0.0,45969408,509452288,,,
149,2026-10-09T00:18:20.792772+00:00,149.0006180119999,1206,1791503295.06,principal,0.9983872139998766,0.0,0.0,23924736,32931840,,,
149,2026-10-09T00:18:20.792772+00:00,149.0006180119999,1207,1791503295.52,descendente,0.9983793650001189,0.0,0.0,11317248,19406848,,,
149,2026-10-09T00:18:20.792772+00:00,149.0006180119999,1208,1791503295.52,descendente,0.9983781869998438,0.0,0.0,46006272,509444096,,,
149,2026-10-09T00:18:20.792772+00:00,149.0006180119999,1209,1791503295.52,descendente,0.998377340000161,0.0,0.0,45969408,509452288,,,
150,2026-10-09T00:18:21.792689+00:00,150.00052073300003,1206,1791503295.06,principal,0.9999187350001648,1.000081271604373,0.5000406358021865,23924736,32931840,,,
150,2026-10-09T00:18:21.792689+00:00,150.00052073300003,1207,1791503295.52,descendente,1.000260833999846,0.0,0.0,11317248,19406848,,,
150,2026-10-09T00:18:21.792689+00:00,150.00052073300003,1208,1791503295.52,descendente,1.0004984180000065,0.0,0.0,46006272,509444096,,,
150,2026-10-09T00:18:21.792689+00:00,150.00052073300003,1209,1791503295.52,descendente,1.0005130639999607,0.0,0.0,45969408,509452288,,,
151,2026-10-09T00:18:22.794233+00:00,151.00175787900002,1206,1791503295.06,principal,1.0015420369998083,0.0,0.0,23924736,32931840,,,
151,2026-10-09T00:18:22.794233+00:00,151.00175787900002,1207,1791503295.52,descendente,1.0012605599999915,0.0,0.0,11317248,19406848,,,
151,2026-10-09T00:18:22.794233+00:00,151.00175787900002,1208,1791503295.52,descendente,1.001024131000122,0.0,0.0,46006272,509444096,,,
151,2026-10-09T00:18:22.794233+00:00,151.00175787900002,1209,1791503295.52,descendente,1.0010112859999936,0.998989735665275,0.4994948678326375,45969408,509452288,,,
152,2026-10-09T00:18:23.794727+00:00,152.00230118399986,1206,1791503295.06,principal,1.0004910150000796,0.0,0.0,23924736,32931840,,,
152,2026-10-09T00:18:23.794727+00:00,152.00230118399986,1207,1791503295.52,descendente,1.0004286719999982,0.0,0.0,11317248,19406848,,,
152,2026-10-09T00:18:23.794727+00:00,152.00230118399986,1208,1791503295.52,descendente,1.0004245909999554,0.999575589200141,0.4997877946000705,46006272,509444096,,,
152,2026-10-09T00:18:23.794727+00:00,152.00230118399986,1209,1791503295.52,descendente,1.0004194210000605,0.0,0.0,45969408,509452288,,,
153,2026-10-09T00:18:24.792424+00:00,153.00029237900003,1206,1791503295.06,principal,0.9976988010000696,0.0,0.0,23924736,32931840,,,
153,2026-10-09T00:18:24.792424+00:00,153.00029237900003,1207,1791503295.52,descendente,0.997704381000176,0.0,0.0,11317248,19406848,,,
153,2026-10-09T00:18:24.792424+00:00,153.00029237900003,1208,1791503295.52,descendente,0.9977074230000653,0.0,0.0,46006272,509444096,,,
153,2026-10-09T00:18:24.792424+00:00,153.00029237900003,1209,1791503295.52,descendente,0.9977102719999493,0.0,0.0,45969408,509452288,,,
154,2026-10-09T00:18:25.794279+00:00,154.00185339899986,1206,1791503295.06,principal,1.001857697999867,0.0,0.0,23924736,32931840,,,
154,2026-10-09T00:18:25.794279+00:00,154.00185339899986,1207,1791503295.52,descendente,1.0019129129998419,0.0,0.0,11317248,19406848,,,
154,2026-10-09T00:18:25.794279+00:00,154.00185339899986,1208,1791503295.52,descendente,1.001920107999922,0.0,0.0,46006272,509444096,,,
154,2026-10-09T00:18:25.794279+00:00,154.00185339899986,1209,1791503295.52,descendente,1.001926295999965,0.0,0.0,45969408,509452288,,,
155,2026-10-09T00:18:26.792468+00:00,155.00025550700002,1206,1791503295.06,principal,0.9981871700001648,0.0,0.0,23924736,32931840,,,
155,2026-10-09T00:18:26.792468+00:00,155.00025550700002,1207,1791503295.52,descendente,0.9981993020001028,0.0,0.0,11317248,19406848,,,
155,2026-10-09T00:18:26.792468+00:00,155.00025550700002,1208,1791503295.52,descendente,0.9981989059999705,0.0,0.0,46006272,509444096,,,
155,2026-10-09T00:18:26.792468+00:00,155.00025550700002,1209,1791503295.52,descendente,0.9981969870000285,0.0,0.0,45969408,509452288,,,
156,2026-10-09T00:18:27.794233+00:00,156.00214517599989,1206,1791503295.06,principal,1.001763690999951,0.0,0.0,23924736,32931840,,,
156,2026-10-09T00:18:27.794233+00:00,156.00214517599989,1207,1791503295.52,descendente,1.0016933669999162,0.0,0.0,11317248,19406848,,,
156,2026-10-09T00:18:27.794233+00:00,156.00214517599989,1208,1791503295.52,descendente,1.0016858980000052,0.0,0.0,46006272,509444096,,,
156,2026-10-09T00:18:27.794233+00:00,156.00214517599989,1209,1791503295.52,descendente,1.0016828359998726,0.0,0.0,45969408,509452288,,,
157,2026-10-09T00:18:28.795199+00:00,157.00278441699993,1206,1791503295.06,principal,1.0009670849999566,0.0,0.0,23924736,32931840,,,
157,2026-10-09T00:18:28.795199+00:00,157.00278441699993,1207,1791503295.52,descendente,1.0009681500000625,0.0,0.0,11317248,19406848,,,
157,2026-10-09T00:18:28.795199+00:00,157.00278441699993,1208,1791503295.52,descendente,1.0009682689999408,0.9990326676370892,0.4995163338185446,46006272,509444096,,,
157,2026-10-09T00:18:28.795199+00:00,157.00278441699993,1209,1791503295.52,descendente,1.0009685210000043,0.0,0.0,45969408,509452288,,,
158,2026-10-09T00:18:29.794223+00:00,158.00154779199988,1206,1791503295.06,principal,0.9990265690000797,0.0,0.0,23924736,32931840,,,
158,2026-10-09T00:18:29.794223+00:00,158.00154779199988,1207,1791503295.52,descendente,0.9990322220000962,0.0,0.0,11317248,19406848,,,
158,2026-10-09T00:18:29.794223+00:00,158.00154779199988,1208,1791503295.52,descendente,0.9990379390001181,0.0,0.0,46006272,509444096,,,
158,2026-10-09T00:18:29.794223+00:00,158.00154779199988,1209,1791503295.52,descendente,0.999041896000108,0.0,0.0,45969408,509452288,,,
159,2026-10-09T00:18:30.792564+00:00,159.00014666099992,1206,1791503295.06,principal,0.9983384779998232,0.0,0.0,23924736,32931840,,,
159,2026-10-09T00:18:30.792564+00:00,159.00014666099992,1207,1791503295.52,descendente,0.9983431239998026,0.0,0.0,11317248,19406848,,,
159,2026-10-09T00:18:30.792564+00:00,159.00014666099992,1208,1791503295.52,descendente,0.9983440280000195,0.0,0.0,46006272,509444096,,,
159,2026-10-09T00:18:30.792564+00:00,159.00014666099992,1209,1791503295.52,descendente,0.9983448179998504,0.0,0.0,45969408,509452288,,,
160,2026-10-09T00:18:31.836274+00:00,160.04401235499995,1206,1791503295.06,principal,1.0437063750000561,0.0,0.0,23924736,32931840,,,
160,2026-10-09T00:18:31.836274+00:00,160.04401235499995,1207,1791503295.52,descendente,1.0436899790001917,0.0,0.0,11317248,19406848,,,
160,2026-10-09T00:18:31.836274+00:00,160.04401235499995,1208,1791503295.52,descendente,1.0436786279999524,0.0,0.0,46006272,509444096,,,
160,2026-10-09T00:18:31.836274+00:00,160.04401235499995,1209,1791503295.52,descendente,1.043669126000168,0.9581580743233844,0.4790790371616922,45969408,509452288,,,
161,2026-10-09T00:18:32.861705+00:00,161.06955379499982,1206,1791503295.06,principal,1.0254318070001318,0.0,0.0,23924736,32931840,,,
161,2026-10-09T00:18:32.861705+00:00,161.06955379499982,1207,1791503295.52,descendente,1.0254322389998833,0.0,0.0,11317248,19406848,,,
161,2026-10-09T00:18:32.861705+00:00,161.06955379499982,1208,1791503295.52,descendente,1.025477305000095,0.0,0.0,46006272,509444096,,,
161,2026-10-09T00:18:32.861705+00:00,161.06955379499982,1209,1791503295.52,descendente,1.025480251999852,0.0,0.0,45969408,509452288,,,
162,2026-10-09T00:18:33.801571+00:00,162.00942754799985,1206,1791503295.06,principal,0.9398671389999436,0.0,0.0,23924736,32931840,,,
162,2026-10-09T00:18:33.801571+00:00,162.00942754799985,1207,1791503295.52,descendente,0.9398725500000182,0.0,0.0,11317248,19406848,,,
162,2026-10-09T00:18:33.801571+00:00,162.00942754799985,1208,1791503295.52,descendente,0.9398331949998919,0.0,0.0,46006272,509444096,,,
162,2026-10-09T00:18:33.801571+00:00,162.00942754799985,1209,1791503295.52,descendente,0.9398342730000877,0.0,0.0,45969408,509452288,,,
163,2026-10-09T00:18:34.793821+00:00,163.00107567299983,1206,1791503295.06,principal,0.9922531649999655,0.0,0.0,23924736,32931840,,,
163,2026-10-09T00:18:34.793821+00:00,163.00107567299983,1207,1791503295.52,descendente,0.9923094650000621,0.0,0.0,11317248,19406848,,,
163,2026-10-09T00:18:34.793821+00:00,163.00107567299983,1208,1791503295.52,descendente,0.9923190599999998,0.0,0.0,46006272,509444096,,,
163,2026-10-09T00:18:34.793821+00:00,163.00107567299983,1209,1791503295.52,descendente,0.9923263919999954,0.0,0.0,45969408,509452288,,,
164,2026-10-09T00:18:35.822672+00:00,164.03054737399998,1206,1791503295.06,principal,1.0288478899999518,0.0,0.0,23924736,32931840,,,
164,2026-10-09T00:18:35.822672+00:00,164.03054737399998,1207,1791503295.52,descendente,1.0287868049999815,0.0,0.0,11317248,19406848,,,
164,2026-10-09T00:18:35.822672+00:00,164.03054737399998,1208,1791503295.52,descendente,1.0287712459999057,0.0,0.0,46006272,509444096,,,
164,2026-10-09T00:18:35.822672+00:00,164.03054737399998,1209,1791503295.52,descendente,1.0288417550000304,0.0,0.0,45969408,509452288,,,
165,2026-10-09T00:18:36.803593+00:00,165.01152968099996,1206,1791503295.06,principal,0.9809188090000589,0.0,0.0,23924736,32931840,,,
165,2026-10-09T00:18:36.803593+00:00,165.01152968099996,1207,1791503295.52,descendente,0.98096646099998,0.0,0.0,11317248,19406848,,,
165,2026-10-09T00:18:36.803593+00:00,165.01152968099996,1208,1791503295.52,descendente,0.9809732860001077,0.0,0.0,46006272,509444096,,,
165,2026-10-09T00:18:36.803593+00:00,165.01152968099996,1209,1791503295.52,descendente,0.9808956960000614,0.0,0.0,45969408,509452288,,,
166,2026-10-09T00:18:37.793860+00:00,166.001508328,1206,1791503295.06,principal,0.9902720749998934,0.0,0.0,23924736,32931840,,,
166,2026-10-09T00:18:37.793860+00:00,166.001508328,1207,1791503295.52,descendente,0.990293113000007,0.0,0.0,11317248,19406848,,,
166,2026-10-09T00:18:37.793860+00:00,166.001508328,1208,1791503295.52,descendente,0.9903046740000718,1.0097902456219428,0.5048951228109714,46006272,509444096,,,
166,2026-10-09T00:18:37.793860+00:00,166.001508328,1209,1791503295.52,descendente,0.9903128629998719,0.0,0.0,45969408,509452288,,,
167,2026-10-09T00:18:38.796529+00:00,167.0019710429999,1206,1791503295.06,principal,1.002670567999985,0.0,0.0,23924736,32931840,,,
167,2026-10-09T00:18:38.796529+00:00,167.0019710429999,1207,1791503295.52,descendente,1.0026102219999302,0.0,0.0,11317248,19406848,,,
167,2026-10-09T00:18:38.796529+00:00,167.0019710429999,1208,1791503295.52,descendente,1.0026027719998183,0.0,0.0,46006272,509444096,,,
167,2026-10-09T00:18:38.796529+00:00,167.0019710429999,1209,1791503295.52,descendente,1.0025996530000612,0.0,0.0,45969408,509452288,,,
168,2026-10-09T00:18:39.808586+00:00,168.016022991,1206,1791503295.06,principal,1.0120564680000825,0.0,0.0,23924736,32931840,,,
168,2026-10-09T00:18:39.808586+00:00,168.016022991,1207,1791503295.52,descendente,1.0120542330000717,0.0,0.0,11317248,19406848,,,
168,2026-10-09T00:18:39.808586+00:00,168.016022991,1208,1791503295.52,descendente,1.0120489650000764,0.0,0.0,46006272,509444096,,,
168,2026-10-09T00:18:39.808586+00:00,168.016022991,1209,1791503295.52,descendente,1.0120447970000441,0.0,0.0,45969408,509452288,,,
169,2026-10-09T00:18:40.821976+00:00,169.02947623199998,1206,1791503295.06,principal,1.0133870669999396,0.0,0.0,23924736,32931840,,,
169,2026-10-09T00:18:40.821976+00:00,169.02947623199998,1207,1791503295.52,descendente,1.0133864209999501,0.0,0.0,11317248,19406848,,,
169,2026-10-09T00:18:40.821976+00:00,169.02947623199998,1208,1791503295.52,descendente,1.0133858460001193,0.0,0.0,46006272,509444096,,,
169,2026-10-09T00:18:40.821976+00:00,169.02947623199998,1209,1791503295.52,descendente,1.013384374999987,0.0,0.0,45969408,509452288,,,
170,2026-10-09T00:18:41.843379+00:00,170.05122796599994,1206,1791503295.06,principal,1.0214022200000272,0.0,0.0,23924736,32931840,,,
170,2026-10-09T00:18:41.843379+00:00,170.05122796599994,1207,1791503295.52,descendente,1.0214027530000749,0.0,0.0,11317248,19406848,,,
170,2026-10-09T00:18:41.843379+00:00,170.05122796599994,1208,1791503295.52,descendente,1.0214024979998158,0.0,0.0,46006272,509444096,,,
170,2026-10-09T00:18:41.843379+00:00,170.05122796599994,1209,1791503295.52,descendente,1.0214035179999428,0.9790449928714133,0.48952249643570667,45969408,509452288,,,
171,2026-10-09T00:18:42.792996+00:00,171.0005433419999,1206,1791503295.06,principal,0.9496187470001587,0.0,0.0,23924736,32931840,,,
171,2026-10-09T00:18:42.792996+00:00,171.0005433419999,1207,1791503295.52,descendente,0.9496221249999053,0.0,0.0,11317248,19406848,,,
171,2026-10-09T00:18:42.792996+00:00,171.0005433419999,1208,1791503295.52,descendente,0.9496277729999747,0.0,0.0,46006272,509444096,,,
171,2026-10-09T00:18:42.792996+00:00,171.0005433419999,1209,1791503295.52,descendente,0.9496331259999806,0.0,0.0,45969408,509452288,,,
172,2026-10-09T00:18:43.851689+00:00,172.05958351799995,1206,1791503295.06,principal,1.0586920139999165,0.0,0.0,23924736,32931840,,,
172,2026-10-09T00:18:43.851689+00:00,172.05958351799995,1207,1791503295.52,descendente,1.0586872080000376,0.0,0.0,11317248,19406848,,,
172,2026-10-09T00:18:43.851689+00:00,172.05958351799995,1208,1791503295.52,descendente,1.0586822470002062,0.0,0.0,46006272,509444096,,,
172,2026-10-09T00:18:43.851689+00:00,172.05958351799995,1209,1791503295.52,descendente,1.0586764160000257,0.0,0.0,45969408,509452288,,,
173,2026-10-09T00:18:44.793385+00:00,173.00125722899998,1206,1791503295.06,principal,0.9416935409999496,0.0,0.0,23924736,32931840,,,
173,2026-10-09T00:18:44.793385+00:00,173.00125722899998,1207,1791503295.52,descendente,0.9416923629999019,0.0,0.0,11317248,19406848,,,
173,2026-10-09T00:18:44.793385+00:00,173.00125722899998,1208,1791503295.52,descendente,0.9416893939999227,0.0,0.0,46006272,509444096,,,
173,2026-10-09T00:18:44.793385+00:00,173.00125722899998,1209,1791503295.52,descendente,0.9419398219999948,0.0,0.0,45969408,509452288,,,
174,2026-10-09T00:18:45.798067+00:00,174.00552165999989,1206,1791503295.06,principal,1.0046863019999819,0.0,0.0,23924736,32931840,,,
174,2026-10-09T00:18:45.798067+00:00,174.00552165999989,1207,1791503295.52,descendente,1.0046898269999929,0.0,0.0,11317248,19406848,,,
174,2026-10-09T00:18:45.798067+00:00,174.00552165999989,1208,1791503295.52,descendente,1.0046929739999086,0.0,0.0,46006272,509444096,,,
174,2026-10-09T00:18:45.798067+00:00,174.00552165999989,1209,1791503295.52,descendente,1.0044433850000587,0.0,0.0,45969408,509452288,,,
175,2026-10-09T00:18:46.793864+00:00,175.00168613699998,1206,1791503295.06,principal,0.9957924990001175,1.0042252788649324,0.5021126394324662,23924736,32931840,,,
175,2026-10-09T00:18:46.793864+00:00,175.00168613699998,1207,1791503295.52,descendente,0.9957908460000908,0.0,0.0,11317248,19406848,,,
175,2026-10-09T00:18:46.793864+00:00,175.00168613699998,1208,1791503295.52,descendente,0.9960215590001553,0.0,0.0,46006272,509444096,,,
175,2026-10-09T00:18:46.793864+00:00,175.00168613699998,1209,1791503295.52,descendente,0.9960369179998452,0.0,0.0,45969408,509452288,,,
176,2026-10-09T00:18:47.797492+00:00,176.00505131799991,1206,1791503295.06,principal,1.0036771049999516,0.0,0.0,23924736,32931840,,,
176,2026-10-09T00:18:47.797492+00:00,176.00505131799991,1207,1791503295.52,descendente,1.003697873999954,0.0,0.0,11317248,19406848,,,
176,2026-10-09T00:18:47.797492+00:00,176.00505131799991,1208,1791503295.52,descendente,1.0034689249998792,0.9965430668410692,0.4982715334205346,46006272,509444096,,,
176,2026-10-09T00:18:47.797492+00:00,176.00505131799991,1209,1791503295.52,descendente,1.003455552000105,0.0,0.0,45969408,509452288,,,
177,2026-10-09T00:18:48.796535+00:00,177.00439441899994,1206,1791503295.06,principal,0.9989961019998645,0.0,0.0,23924736,32931840,,,
177,2026-10-09T00:18:48.796535+00:00,177.00439441899994,1207,1791503295.52,descendente,0.9989723150001737,0.0,0.0,11317248,19406848,,,
177,2026-10-09T00:18:48.796535+00:00,177.00439441899994,1208,1791503295.52,descendente,0.9989666839999245,0.0,0.0,46006272,509444096,,,
177,2026-10-09T00:18:48.796535+00:00,177.00439441899994,1209,1791503295.52,descendente,0.9989618019999398,0.0,0.0,45969408,509452288,,,
178,2026-10-09T00:18:49.795027+00:00,178.00288323799987,1206,1791503295.06,principal,0.9984932090001166,0.0,0.0,23924736,32931840,,,
178,2026-10-09T00:18:49.795027+00:00,178.00288323799987,1207,1791503295.52,descendente,0.9984973910000008,0.0,0.0,11317248,19406848,,,
178,2026-10-09T00:18:49.795027+00:00,178.00288323799987,1208,1791503295.52,descendente,0.9985002840001016,0.0,0.0,46006272,509444096,,,
178,2026-10-09T00:18:49.795027+00:00,178.00288323799987,1209,1791503295.52,descendente,0.9985040589999699,0.0,0.0,45969408,509452288,,,
179,2026-10-09T00:18:50.795488+00:00,179.00337551899997,1206,1791503295.06,principal,1.0004597709998961,0.0,0.0,23924736,32931840,,,
179,2026-10-09T00:18:50.795488+00:00,179.00337551899997,1207,1791503295.52,descendente,1.0004598129999067,0.0,0.0,11317248,19406848,,,
179,2026-10-09T00:18:50.795488+00:00,179.00337551899997,1208,1791503295.52,descendente,1.0004588169999806,0.0,0.0,46006272,509444096,,,
179,2026-10-09T00:18:50.795488+00:00,179.00337551899997,1209,1791503295.52,descendente,1.0004563770000914,0.999543831183955,0.4997719155919775,45969408,509452288,,,
180,2026-10-09T00:18:51.792940+00:00,180.00039800499985,1206,1791503295.06,principal,0.9974674350000896,0.0,0.0,23924736,32931840,,,
180,2026-10-09T00:18:51.792940+00:00,180.00039800499985,1207,1791503295.52,descendente,0.9974713899998733,0.0,0.0,11317248,19406848,,,
180,2026-10-09T00:18:51.792940+00:00,180.00039800499985,1208,1791503295.52,descendente,0.9974762470001224,0.0,0.0,46006272,509444096,,,
180,2026-10-09T00:18:51.792940+00:00,180.00039800499985,1209,1791503295.52,descendente,0.9974808619999749,0.0,0.0,45969408,509452288,,,
181,2026-10-09T00:18:52.794941+00:00,181.0027678859999,1206,1791503295.06,principal,1.0019849150000937,0.0,0.0,23924736,32931840,,,
181,2026-10-09T00:18:52.794941+00:00,181.0027678859999,1207,1791503295.52,descendente,1.001977148000151,0.0,0.0,11317248,19406848,,,
181,2026-10-09T00:18:52.794941+00:00,181.0027678859999,1208,1791503295.52,descendente,1.0019715369999176,0.0,0.0,46006272,509444096,,,
181,2026-10-09T00:18:52.794941+00:00,181.0027678859999,1209,1791503295.52,descendente,1.0019668090001232,0.0,0.0,45969408,509452288,,,
182,2026-10-09T00:18:53.864473+00:00,182.07213948000003,1206,1791503295.06,principal,1.0695387349999237,0.0,0.0,23924736,32931840,,,
182,2026-10-09T00:18:53.864473+00:00,182.07213948000003,1207,1791503295.52,descendente,1.069545251999898,0.0,0.0,11317248,19406848,,,
182,2026-10-09T00:18:53.864473+00:00,182.07213948000003,1208,1791503295.52,descendente,1.0695505880000837,0.0,0.0,46006272,509444096,,,
182,2026-10-09T00:18:53.864473+00:00,182.07213948000003,1209,1791503295.52,descendente,1.0695559819998834,0.0,0.0,45969408,509452288,,,
183,2026-10-09T00:18:54.793401+00:00,183.00085296099996,1206,1791503295.06,principal,0.9289234119999037,0.0,0.0,23924736,32931840,,,
183,2026-10-09T00:18:54.793401+00:00,183.00085296099996,1207,1791503295.52,descendente,0.9289195420001306,0.0,0.0,11317248,19406848,,,
183,2026-10-09T00:18:54.793401+00:00,183.00085296099996,1208,1791503295.52,descendente,0.9289172219998818,0.0,0.0,46006272,509444096,,,
183,2026-10-09T00:18:54.793401+00:00,183.00085296099996,1209,1791503295.52,descendente,0.9289129969999976,0.0,0.0,45969408,509452288,,,
184,2026-10-09T00:18:55.792936+00:00,184.00052757799995,1206,1791503295.06,principal,0.9995344400001613,0.0,0.0,23924736,32931840,,,
184,2026-10-09T00:18:55.792936+00:00,184.00052757799995,1207,1791503295.52,descendente,0.9995385249999345,0.0,0.0,11317248,19406848,,,
184,2026-10-09T00:18:55.792936+00:00,184.00052757799995,1208,1791503295.52,descendente,0.9995406339999136,0.0,0.0,46006272,509444096,,,
184,2026-10-09T00:18:55.792936+00:00,184.00052757799995,1209,1791503295.52,descendente,0.9995444339999722,0.0,0.0,45969408,509452288,,,
185,2026-10-09T00:18:56.856923+00:00,185.06443108999997,1206,1791503295.06,principal,1.0639895179999712,0.0,0.0,23924736,32931840,,,
185,2026-10-09T00:18:56.856923+00:00,185.06443108999997,1207,1791503295.52,descendente,1.0639855140000236,0.0,0.0,11317248,19406848,,,
185,2026-10-09T00:18:56.856923+00:00,185.06443108999997,1208,1791503295.52,descendente,1.063982838000129,0.9398647837954781,0.46993239189773905,46006272,509444096,,,
185,2026-10-09T00:18:56.856923+00:00,185.06443108999997,1209,1791503295.52,descendente,1.0639783599999646,0.0,0.0,45969408,509452288,,,
186,2026-10-09T00:18:57.793430+00:00,186.0011744179999,1206,1791503295.06,principal,0.9365032489999976,1.0678019548440494,0.5339009774220247,23924736,32931840,,,
186,2026-10-09T00:18:57.793430+00:00,186.0011744179999,1207,1791503295.52,descendente,0.9365044670000771,0.0,0.0,11317248,19406848,,,
186,2026-10-09T00:18:57.793430+00:00,186.0011744179999,1208,1791503295.52,descendente,0.9365075059999981,0.0,0.0,46006272,509444096,,,
186,2026-10-09T00:18:57.793430+00:00,186.0011744179999,1209,1791503295.52,descendente,0.9365538900001411,0.0,0.0,45969408,509452288,,,
187,2026-10-09T00:18:58.792270+00:00,187.00016759799996,1206,1791503295.06,principal,0.9988389499999357,0.0,0.0,23924736,32931840,,,
187,2026-10-09T00:18:58.792270+00:00,187.00016759799996,1207,1791503295.52,descendente,0.9988338369998928,0.0,0.0,11317248,19406848,,,
187,2026-10-09T00:18:58.792270+00:00,187.00016759799996,1208,1791503295.52,descendente,0.9988282070000878,0.0,0.0,46006272,509444096,,,
187,2026-10-09T00:18:58.792270+00:00,187.00016759799996,1209,1791503295.52,descendente,0.9987832269998762,1.0012182553394187,0.5006091276697093,45969408,509452288,,,
188,2026-10-09T00:18:59.793678+00:00,188.0015664089999,1206,1791503295.06,principal,1.0014101700000992,0.0,0.0,23924736,32931840,,,
188,2026-10-09T00:18:59.793678+00:00,188.0015664089999,1207,1791503295.52,descendente,1.0014160420000735,0.0,0.0,11317248,19406848,,,
188,2026-10-09T00:18:59.793678+00:00,188.0015664089999,1208,1791503295.52,descendente,1.0014195539999946,0.0,0.0,46006272,509444096,,,
188,2026-10-09T00:18:59.793678+00:00,188.0015664089999,1209,1791503295.52,descendente,1.001627512000141,0.0,0.0,45969408,509452288,,,
189,2026-10-09T00:19:00.793822+00:00,189.00102239599983,1206,1791503295.06,principal,1.0001486419998855,0.0,0.0,23924736,32931840,,,
189,2026-10-09T00:19:00.793822+00:00,189.00102239599983,1207,1791503295.52,descendente,1.0001528079999389,0.0,0.0,11317248,19406848,,,
189,2026-10-09T00:19:00.793822+00:00,189.00102239599983,1208,1791503295.52,descendente,1.0001570299998548,0.0,0.0,46006272,509444096,,,
189,2026-10-09T00:19:00.793822+00:00,189.00102239599983,1209,1791503295.52,descendente,0.9999534949999997,0.0,0.0,45969408,509452288,,,
190,2026-10-09T00:19:01.793884+00:00,190.0016864019999,1206,1791503295.06,principal,1.000058459999991,0.0,0.0,23924736,32931840,,,
190,2026-10-09T00:19:01.793884+00:00,190.0016864019999,1207,1791503295.52,descendente,1.0000941589999002,0.0,0.0,11317248,19406848,,,
190,2026-10-09T00:19:01.793884+00:00,190.0016864019999,1208,1791503295.52,descendente,1.0001171710000563,0.0,0.0,46006272,509444096,,,
190,2026-10-09T00:19:01.793884+00:00,190.0016864019999,1209,1791503295.52,descendente,1.0001170819998606,0.0,0.0,45969408,509452288,,,
191,2026-10-09T00:19:02.795999+00:00,191.00383886600002,1206,1791503295.06,principal,1.0021146470000986,0.0,0.0,23924736,32931840,,,
191,2026-10-09T00:19:02.795999+00:00,191.00383886600002,1207,1791503295.52,descendente,1.0020770790001734,0.0,0.0,11317248,19406848,,,
191,2026-10-09T00:19:02.795999+00:00,191.00383886600002,1208,1791503295.52,descendente,1.002053032000049,0.0,0.0,46006272,509444096,,,
191,2026-10-09T00:19:02.795999+00:00,191.00383886600002,1209,1791503295.52,descendente,1.0020511019999958,0.0,0.0,45969408,509452288,,,
192,2026-10-09T00:19:03.797466+00:00,192.00532191399998,1206,1791503295.06,principal,1.0014689689999159,0.0,0.0,23924736,32931840,,,
192,2026-10-09T00:19:03.797466+00:00,192.00532191399998,1207,1791503295.52,descendente,1.0014728529999957,0.0,0.0,11317248,19406848,,,
192,2026-10-09T00:19:03.797466+00:00,192.00532191399998,1208,1791503295.52,descendente,1.0014775590000227,0.0,0.0,46006272,509444096,,,
192,2026-10-09T00:19:03.797466+00:00,192.00532191399998,1209,1791503295.52,descendente,1.0014810830000442,0.0,0.0,45969408,509452288,,,
193,2026-10-09T00:19:04.793392+00:00,193.00114618999987,1206,1791503295.06,principal,0.9961233910000828,0.0,0.0,23924736,32931840,,,
193,2026-10-09T00:19:04.793392+00:00,193.00114618999987,1207,1791503295.52,descendente,0.9961246979999032,0.0,0.0,11317248,19406848,,,
193,2026-10-09T00:19:04.793392+00:00,193.00114618999987,1208,1791503295.52,descendente,0.9961208830000032,0.0,0.0,46006272,509444096,,,
193,2026-10-09T00:19:04.793392+00:00,193.00114618999987,1209,1791503295.52,descendente,0.9961179290000928,0.0,0.0,45969408,509452288,,,
194,2026-10-09T00:19:05.801935+00:00,194.0098134379998,1206,1791503295.06,principal,1.0083452029998625,0.0,0.0,23924736,32931840,,,
194,2026-10-09T00:19:05.801935+00:00,194.0098134379998,1207,1791503295.52,descendente,1.0083364259999144,0.0,0.0,11317248,19406848,,,
194,2026-10-09T00:19:05.801935+00:00,194.0098134379998,1208,1791503295.52,descendente,1.0083322639998187,0.9917365889219135,0.49586829446095676,46006272,509444096,,,
194,2026-10-09T00:19:05.801935+00:00,194.0098134379998,1209,1791503295.52,descendente,1.0083286760000192,0.0,0.0,45969408,509452288,,,
195,2026-10-09T00:19:06.792411+00:00,195.00014378299988,1206,1791503295.06,principal,0.9904750680000234,0.0,0.0,23924736,32931840,,,
195,2026-10-09T00:19:06.792411+00:00,195.00014378299988,1207,1791503295.52,descendente,0.9904738190000444,0.0,0.0,11317248,19406848,,,
195,2026-10-09T00:19:06.792411+00:00,195.00014378299988,1208,1791503295.52,descendente,0.9904720960000759,0.0,0.0,46006272,509444096,,,
195,2026-10-09T00:19:06.792411+00:00,195.00014378299988,1209,1791503295.52,descendente,0.9904722899998433,1.009619360476252,0.504809680238126,45969408,509452288,,,
196,2026-10-09T00:19:07.793890+00:00,196.00165531799985,1206,1791503295.06,principal,1.0014806340000177,0.0,0.0,23924736,32931840,,,
196,2026-10-09T00:19:07.793890+00:00,196.00165531799985,1207,1791503295.52,descendente,1.0015333970000029,0.0,0.0,11317248,19406848,,,
196,2026-10-09T00:19:07.793890+00:00,196.00165531799985,1208,1791503295.52,descendente,1.0015433809999195,0.0,0.0,46006272,509444096,,,
196,2026-10-09T00:19:07.793890+00:00,196.00165531799985,1209,1791503295.52,descendente,1.0015470660000574,0.0,0.0,45969408,509452288,,,
197,2026-10-09T00:19:08.793693+00:00,197.00153329699992,1206,1791503295.06,principal,0.9998007120000239,0.0,0.0,23924736,32931840,,,
197,2026-10-09T00:19:08.793693+00:00,197.00153329699992,1207,1791503295.52,descendente,0.9997475930001656,0.0,0.0,11317248,19406848,,,
197,2026-10-09T00:19:08.793693+00:00,197.00153329699992,1208,1791503295.52,descendente,0.9997363040001801,0.0,0.0,46006272,509444096,,,
197,2026-10-09T00:19:08.793693+00:00,197.00153329699992,1209,1791503295.52,descendente,0.9997321920000104,0.0,0.0,45969408,509452288,,,
198,2026-10-09T00:19:09.793407+00:00,198.001205885,1206,1791503295.06,principal,0.9997142839999924,0.0,0.0,23924736,32931840,,,
198,2026-10-09T00:19:09.793407+00:00,198.001205885,1207,1791503295.52,descendente,0.9997204029998557,0.0,0.0,11317248,19406848,,,
198,2026-10-09T00:19:09.793407+00:00,198.001205885,1208,1791503295.52,descendente,0.9997268439999516,0.0,0.0,46006272,509444096,,,
198,2026-10-09T00:19:09.793407+00:00,198.001205885,1209,1791503295.52,descendente,0.9997308100000737,0.0,0.0,45969408,509452288,,,
199,2026-10-09T00:19:10.793933+00:00,199.00182902899996,1206,1791503295.06,principal,1.0005225730001257,0.0,0.0,23924736,32931840,,,
199,2026-10-09T00:19:10.793933+00:00,199.00182902899996,1207,1791503295.52,descendente,1.0005179219999718,0.0,0.0,11317248,19406848,,,
199,2026-10-09T00:19:10.793933+00:00,199.00182902899996,1208,1791503295.52,descendente,1.0005111899999974,0.0,0.0,46006272,509444096,,,
199,2026-10-09T00:19:10.793933+00:00,199.00182902899996,1209,1791503295.52,descendente,1.000596853999923,0.0,0.0,45969408,509452288,,,
