amostra,utc,tempo_relativo_s,dispositivo,intervalo_real_s,leitura_bytes_total,escrita_bytes_total,leituras_total,escritas_total,leitura_bytes_delta,escrita_bytes_delta,leituras_delta,escritas_delta,leitura_bytes_s,escrita_bytes_s,ocupado_ms_delta,erro
1,2026-10-08T21:32:38.725434+00:00,1.0086769050003568,loop0,,2109440,0,219,0,,,,,,,,
1,2026-10-08T21:32:38.725434+00:00,1.0086769050003568,loop1,,354304,0,43,0,,,,,,,,
1,2026-10-08T21:32:38.725434+00:00,1.0086769050003568,loop2,,1106944,0,51,0,,,,,,,,
1,2026-10-08T21:32:38.725434+00:00,1.0086769050003568,loop3,,1141760,0,66,0,,,,,,,,
1,2026-10-08T21:32:38.725434+00:00,1.0086769050003568,loop4,,374784,0,51,0,,,,,,,,
1,2026-10-08T21:32:38.725434+00:00,1.0086769050003568,loop5,,14336,0,11,0,,,,,,,,
1,2026-10-08T21:32:38.725434+00:00,1.0086769050003568,loop6,,0,0,0,0,,,,,,,,
1,2026-10-08T21:32:38.725434+00:00,1.0086769050003568,loop7,,0,0,0,0,,,,,,,,
1,2026-10-08T21:32:38.725434+00:00,1.0086769050003568,sr0,,1536,0,8,0,,,,,,,,
1,2026-10-08T21:32:38.725434+00:00,1.0086769050003568,sda,,315698688,10489229312,8097,23806,,,,,,,,
1,2026-10-08T21:32:38.725434+00:00,1.0086769050003568,sda1,,319488,0,78,0,,,,,,,,
1,2026-10-08T21:32:38.725434+00:00,1.0086769050003568,sda2,,285926400,53059584,6637,7587,,,,,,,,
1,2026-10-08T21:32:38.725434+00:00,1.0086769050003568,sda3,,5559296,118784,154,25,,,,,,,,
1,2026-10-08T21:32:38.725434+00:00,1.0086769050003568,sda4,,4657152,0,116,0,,,,,,,,
1,2026-10-08T21:32:38.725434+00:00,1.0086769050003568,sda5,,16782336,10436050944,977,16194,,,,,,,,
2,2026-10-08T21:32:39.718466+00:00,2.001304594999965,loop0,0.9930317569996987,2109440,0,219,0,0,0,0,0,0.0,0.0,0,
2,2026-10-08T21:32:39.718466+00:00,2.001304594999965,loop1,0.9930317569996987,354304,0,43,0,0,0,0,0,0.0,0.0,0,
2,2026-10-08T21:32:39.718466+00:00,2.001304594999965,loop2,0.9930317569996987,1106944,0,51,0,0,0,0,0,0.0,0.0,0,
2,2026-10-08T21:32:39.718466+00:00,2.001304594999965,loop3,0.9930317569996987,1141760,0,66,0,0,0,0,0,0.0,0.0,0,
2,2026-10-08T21:32:39.718466+00:00,2.001304594999965,loop4,0.9930317569996987,374784,0,51,0,0,0,0,0,0.0,0.0,0,
2,2026-10-08T21:32:39.718466+00:00,2.001304594999965,loop5,0.9930317569996987,14336,0,11,0,0,0,0,0,0.0,0.0,0,
2,2026-10-08T21:32:39.718466+00:00,2.001304594999965,loop6,0.9930317569996987,0,0,0,0,0,0,0,0,0.0,0.0,0,
2,2026-10-08T21:32:39.718466+00:00,2.001304594999965,loop7,0.9930317569996987,0,0,0,0,0,0,0,0,0.0,0.0,0,
2,2026-10-08T21:32:39.718466+00:00,2.001304594999965,sr0,0.9930317569996987,1536,0,8,0,0,0,0,0,0.0,0.0,0,
2,2026-10-08T21:32:39.718466+00:00,2.001304594999965,sda,0.9930317569996987,315698688,10489229312,8097,23806,0,0,0,0,0.0,0.0,0,
2,2026-10-08T21:32:39.718466+00:00,2.001304594999965,sda1,0.9930317569996987,319488,0,78,0,0,0,0,0,0.0,0.0,0,
2,2026-10-08T21:32:39.718466+00:00,2.001304594999965,sda2,0.9930317569996987,285926400,53059584,6637,7587,0,0,0,0,0.0,0.0,0,
2,2026-10-08T21:32:39.718466+00:00,2.001304594999965,sda3,0.9930317569996987,5559296,118784,154,25,0,0,0,0,0.0,0.0,0,
2,2026-10-08T21:32:39.718466+00:00,2.001304594999965,sda4,0.9930317569996987,4657152,0,116,0,0,0,0,0,0.0,0.0,0,
2,2026-10-08T21:32:39.718466+00:00,2.001304594999965,sda5,0.9930317569996987,16782336,10436050944,977,16194,0,0,0,0,0.0,0.0,0,
3,2026-10-08T21:32:40.718264+00:00,3.001011488000586,loop0,0.999799006000103,2109440,0,219,0,0,0,0,0,0.0,0.0,0,
3,2026-10-08T21:32:40.718264+00:00,3.001011488000586,loop1,0.999799006000103,354304,0,43,0,0,0,0,0,0.0,0.0,0,
3,2026-10-08T21:32:40.718264+00:00,3.001011488000586,loop2,0.999799006000103,1106944,0,51,0,0,0,0,0,0.0,0.0,0,
3,2026-10-08T21:32:40.718264+00:00,3.001011488000586,loop3,0.999799006000103,1141760,0,66,0,0,0,0,0,0.0,0.0,0,
3,2026-10-08T21:32:40.718264+00:00,3.001011488000586,loop4,0.999799006000103,374784,0,51,0,0,0,0,0,0.0,0.0,0,
3,2026-10-08T21:32:40.718264+00:00,3.001011488000586,loop5,0.999799006000103,14336,0,11,0,0,0,0,0,0.0,0.0,0,
3,2026-10-08T21:32:40.718264+00:00,3.001011488000586,loop6,0.999799006000103,0,0,0,0,0,0,0,0,0.0,0.0,0,
3,2026-10-08T21:32:40.718264+00:00,3.001011488000586,loop7,0.999799006000103,0,0,0,0,0,0,0,0,0.0,0.0,0,
3,2026-10-08T21:32:40.718264+00:00,3.001011488000586,sr0,0.999799006000103,1536,0,8,0,0,0,0,0,0.0,0.0,0,
3,2026-10-08T21:32:40.718264+00:00,3.001011488000586,sda,0.999799006000103,315698688,10489229312,8097,23806,0,0,0,0,0.0,0.0,0,
3,2026-10-08T21:32:40.718264+00:00,3.001011488000586,sda1,0.999799006000103,319488,0,78,0,0,0,0,0,0.0,0.0,0,
3,2026-10-08T21:32:40.718264+00:00,3.001011488000586,sda2,0.999799006000103,285926400,53059584,6637,7587,0,0,0,0,0.0,0.0,0,
3,2026-10-08T21:32:40.718264+00:00,3.001011488000586,sda3,0.999799006000103,5559296,118784,154,25,0,0,0,0,0.0,0.0,0,
3,2026-10-08T21:32:40.718264+00:00,3.001011488000586,sda4,0.999799006000103,4657152,0,116,0,0,0,0,0,0.0,0.0,0,
3,2026-10-08T21:32:40.718264+00:00,3.001011488000586,sda5,0.999799006000103,16782336,10436050944,977,16194,0,0,0,0,0.0,0.0,0,
4,2026-10-08T21:32:41.717335+00:00,4.00109422100013,loop0,0.9990702430004603,2109440,0,219,0,0,0,0,0,0.0,0.0,0,
4,2026-10-08T21:32:41.717335+00:00,4.00109422100013,loop1,0.9990702430004603,354304,0,43,0,0,0,0,0,0.0,0.0,0,
4,2026-10-08T21:32:41.717335+00:00,4.00109422100013,loop2,0.9990702430004603,1106944,0,51,0,0,0,0,0,0.0,0.0,0,
4,2026-10-08T21:32:41.717335+00:00,4.00109422100013,loop3,0.9990702430004603,1141760,0,66,0,0,0,0,0,0.0,0.0,0,
4,2026-10-08T21:32:41.717335+00:00,4.00109422100013,loop4,0.9990702430004603,374784,0,51,0,0,0,0,0,0.0,0.0,0,
4,2026-10-08T21:32:41.717335+00:00,4.00109422100013,loop5,0.9990702430004603,14336,0,11,0,0,0,0,0,0.0,0.0,0,
4,2026-10-08T21:32:41.717335+00:00,4.00109422100013,loop6,0.9990702430004603,0,0,0,0,0,0,0,0,0.0,0.0,0,
4,2026-10-08T21:32:41.717335+00:00,4.00109422100013,loop7,0.9990702430004603,0,0,0,0,0,0,0,0,0.0,0.0,0,
4,2026-10-08T21:32:41.717335+00:00,4.00109422100013,sr0,0.9990702430004603,1536,0,8,0,0,0,0,0,0.0,0.0,0,
4,2026-10-08T21:32:41.717335+00:00,4.00109422100013,sda,0.9990702430004603,315698688,10539085824,8097,23909,0,49856512,0,103,0.0,49902909.57947892,500,
4,2026-10-08T21:32:41.717335+00:00,4.00109422100013,sda1,0.9990702430004603,319488,0,78,0,0,0,0,0,0.0,0.0,0,
4,2026-10-08T21:32:41.717335+00:00,4.00109422100013,sda2,0.9990702430004603,285926400,53059584,6637,7587,0,0,0,0,0.0,0.0,0,
4,2026-10-08T21:32:41.717335+00:00,4.00109422100013,sda3,0.9990702430004603,5559296,118784,154,25,0,0,0,0,0.0,0.0,0,
4,2026-10-08T21:32:41.717335+00:00,4.00109422100013,sda4,0.9990702430004603,4657152,0,116,0,0,0,0,0,0.0,0.0,0,
4,2026-10-08T21:32:41.717335+00:00,4.00109422100013,sda5,0.9990702430004603,16782336,10485907456,977,16297,0,49856512,0,103,0.0,49902909.57947892,500,
5,2026-10-08T21:32:42.718712+00:00,5.002147133000108,loop0,1.0013775649995296,2109440,0,219,0,0,0,0,0,0.0,0.0,0,
5,2026-10-08T21:32:42.718712+00:00,5.002147133000108,loop1,1.0013775649995296,354304,0,43,0,0,0,0,0,0.0,0.0,0,
5,2026-10-08T21:32:42.718712+00:00,5.002147133000108,loop2,1.0013775649995296,1106944,0,51,0,0,0,0,0,0.0,0.0,0,
5,2026-10-08T21:32:42.718712+00:00,5.002147133000108,loop3,1.0013775649995296,1141760,0,66,0,0,0,0,0,0.0,0.0,0,
5,2026-10-08T21:32:42.718712+00:00,5.002147133000108,loop4,1.0013775649995296,374784,0,51,0,0,0,0,0,0.0,0.0,0,
5,2026-10-08T21:32:42.718712+00:00,5.002147133000108,loop5,1.0013775649995296,14336,0,11,0,0,0,0,0,0.0,0.0,0,
5,2026-10-08T21:32:42.718712+00:00,5.002147133000108,loop6,1.0013775649995296,0,0,0,0,0,0,0,0,0.0,0.0,0,
5,2026-10-08T21:32:42.718712+00:00,5.002147133000108,loop7,1.0013775649995296,0,0,0,0,0,0,0,0,0.0,0.0,0,
5,2026-10-08T21:32:42.718712+00:00,5.002147133000108,sr0,1.0013775649995296,1536,0,8,0,0,0,0,0,0.0,0.0,0,
5,2026-10-08T21:32:42.718712+00:00,5.002147133000108,sda,1.0013775649995296,315698688,10600091648,8097,24479,0,61005824,0,570,0.0,60921900.122686155,860,
5,2026-10-08T21:32:42.718712+00:00,5.002147133000108,sda1,1.0013775649995296,319488,0,78,0,0,0,0,0,0.0,0.0,0,
5,2026-10-08T21:32:42.718712+00:00,5.002147133000108,sda2,1.0013775649995296,285926400,55721984,6637,8023,0,2662400,0,436,0.0,2658737.4163922383,212,
5,2026-10-08T21:32:42.718712+00:00,5.002147133000108,sda3,1.0013775649995296,5559296,118784,154,25,0,0,0,0,0.0,0.0,0,
5,2026-10-08T21:32:42.718712+00:00,5.002147133000108,sda4,1.0013775649995296,4657152,0,116,0,0,0,0,0,0.0,0.0,0,
5,2026-10-08T21:32:42.718712+00:00,5.002147133000108,sda5,1.0013775649995296,16782336,10544250880,977,16431,0,58343424,0,134,0.0,58263162.70629391,848,
6,2026-10-08T21:32:43.717026+00:00,6.000500015999933,loop0,0.998313817000053,2109440,0,219,0,0,0,0,0,0.0,0.0,0,
6,2026-10-08T21:32:43.717026+00:00,6.000500015999933,loop1,0.998313817000053,354304,0,43,0,0,0,0,0,0.0,0.0,0,
6,2026-10-08T21:32:43.717026+00:00,6.000500015999933,loop2,0.998313817000053,1106944,0,51,0,0,0,0,0,0.0,0.0,0,
6,2026-10-08T21:32:43.717026+00:00,6.000500015999933,loop3,0.998313817000053,1141760,0,66,0,0,0,0,0,0.0,0.0,0,
6,2026-10-08T21:32:43.717026+00:00,6.000500015999933,loop4,0.998313817000053,374784,0,51,0,0,0,0,0,0.0,0.0,0,
6,2026-10-08T21:32:43.717026+00:00,6.000500015999933,loop5,0.998313817000053,14336,0,11,0,0,0,0,0,0.0,0.0,0,
6,2026-10-08T21:32:43.717026+00:00,6.000500015999933,loop6,0.998313817000053,0,0,0,0,0,0,0,0,0.0,0.0,0,
6,2026-10-08T21:32:43.717026+00:00,6.000500015999933,loop7,0.998313817000053,0,0,0,0,0,0,0,0,0.0,0.0,0,
6,2026-10-08T21:32:43.717026+00:00,6.000500015999933,sr0,0.998313817000053,1536,0,8,0,0,0,0,0,0.0,0.0,0,
6,2026-10-08T21:32:43.717026+00:00,6.000500015999933,sda,0.998313817000053,315698688,10660491264,8097,24610,0,60399616,0,131,0.0,60501632.824738115,996,
6,2026-10-08T21:32:43.717026+00:00,6.000500015999933,sda1,0.998313817000053,319488,0,78,0,0,0,0,0,0.0,0.0,0,
6,2026-10-08T21:32:43.717026+00:00,6.000500015999933,sda2,0.998313817000053,285926400,55721984,6637,8023,0,0,0,0,0.0,0.0,0,
6,2026-10-08T21:32:43.717026+00:00,6.000500015999933,sda3,0.998313817000053,5559296,118784,154,25,0,0,0,0,0.0,0.0,0,
6,2026-10-08T21:32:43.717026+00:00,6.000500015999933,sda4,0.998313817000053,4657152,0,116,0,0,0,0,0,0.0,0.0,0,
6,2026-10-08T21:32:43.717026+00:00,6.000500015999933,sda5,0.998313817000053,16782336,10604650496,977,16562,0,60399616,0,131,0.0,60501632.824738115,996,
7,2026-10-08T21:32:44.727790+00:00,7.008562546000576,loop0,1.010764114000267,2109440,0,219,0,0,0,0,0,0.0,0.0,0,
7,2026-10-08T21:32:44.727790+00:00,7.008562546000576,loop1,1.010764114000267,354304,0,43,0,0,0,0,0,0.0,0.0,0,
7,2026-10-08T21:32:44.727790+00:00,7.008562546000576,loop2,1.010764114000267,1106944,0,51,0,0,0,0,0,0.0,0.0,0,
7,2026-10-08T21:32:44.727790+00:00,7.008562546000576,loop3,1.010764114000267,1141760,0,66,0,0,0,0,0,0.0,0.0,0,
7,2026-10-08T21:32:44.727790+00:00,7.008562546000576,loop4,1.010764114000267,374784,0,51,0,0,0,0,0,0.0,0.0,0,
7,2026-10-08T21:32:44.727790+00:00,7.008562546000576,loop5,1.010764114000267,14336,0,11,0,0,0,0,0,0.0,0.0,0,
7,2026-10-08T21:32:44.727790+00:00,7.008562546000576,loop6,1.010764114000267,0,0,0,0,0,0,0,0,0.0,0.0,0,
7,2026-10-08T21:32:44.727790+00:00,7.008562546000576,loop7,1.010764114000267,0,0,0,0,0,0,0,0,0.0,0.0,0,
7,2026-10-08T21:32:44.727790+00:00,7.008562546000576,sr0,1.010764114000267,1536,0,8,0,0,0,0,0,0.0,0.0,0,
7,2026-10-08T21:32:44.727790+00:00,7.008562546000576,sda,1.010764114000267,315698688,10734178304,8097,24764,0,73687040,0,154,0.0,72902311.21123928,952,
7,2026-10-08T21:32:44.727790+00:00,7.008562546000576,sda1,1.010764114000267,319488,0,78,0,0,0,0,0,0.0,0.0,0,
7,2026-10-08T21:32:44.727790+00:00,7.008562546000576,sda2,1.010764114000267,285926400,55721984,6637,8023,0,0,0,0,0.0,0.0,0,
7,2026-10-08T21:32:44.727790+00:00,7.008562546000576,sda3,1.010764114000267,5559296,118784,154,25,0,0,0,0,0.0,0.0,0,
7,2026-10-08T21:32:44.727790+00:00,7.008562546000576,sda4,1.010764114000267,4657152,0,116,0,0,0,0,0,0.0,0.0,0,
7,2026-10-08T21:32:44.727790+00:00,7.008562546000576,sda5,1.010764114000267,16782336,10678337536,977,16716,0,73687040,0,154,0.0,72902311.21123928,952,
8,2026-10-08T21:32:45.717159+00:00,8.001098235000427,loop0,0.9893693080002777,2109440,0,219,0,0,0,0,0,0.0,0.0,0,
8,2026-10-08T21:32:45.717159+00:00,8.001098235000427,loop1,0.9893693080002777,354304,0,43,0,0,0,0,0,0.0,0.0,0,
8,2026-10-08T21:32:45.717159+00:00,8.001098235000427,loop2,0.9893693080002777,1106944,0,51,0,0,0,0,0,0.0,0.0,0,
8,2026-10-08T21:32:45.717159+00:00,8.001098235000427,loop3,0.9893693080002777,1141760,0,66,0,0,0,0,0,0.0,0.0,0,
8,2026-10-08T21:32:45.717159+00:00,8.001098235000427,loop4,0.9893693080002777,374784,0,51,0,0,0,0,0,0.0,0.0,0,
8,2026-10-08T21:32:45.717159+00:00,8.001098235000427,loop5,0.9893693080002777,14336,0,11,0,0,0,0,0,0.0,0.0,0,
8,2026-10-08T21:32:45.717159+00:00,8.001098235000427,loop6,0.9893693080002777,0,0,0,0,0,0,0,0,0.0,0.0,0,
8,2026-10-08T21:32:45.717159+00:00,8.001098235000427,loop7,0.9893693080002777,0,0,0,0,0,0,0,0,0.0,0.0,0,
8,2026-10-08T21:32:45.717159+00:00,8.001098235000427,sr0,0.9893693080002777,1536,0,8,0,0,0,0,0,0.0,0.0,0,
8,2026-10-08T21:32:45.717159+00:00,8.001098235000427,sda,0.9893693080002777,315698688,10807861248,8097,24917,0,73682944,0,153,0.0,74474661.18483971,880,
8,2026-10-08T21:32:45.717159+00:00,8.001098235000427,sda1,0.9893693080002777,319488,0,78,0,0,0,0,0,0.0,0.0,0,
8,2026-10-08T21:32:45.717159+00:00,8.001098235000427,sda2,0.9893693080002777,285926400,55721984,6637,8023,0,0,0,0,0.0,0.0,0,
8,2026-10-08T21:32:45.717159+00:00,8.001098235000427,sda3,0.9893693080002777,5559296,118784,154,25,0,0,0,0,0.0,0.0,0,
8,2026-10-08T21:32:45.717159+00:00,8.001098235000427,sda4,0.9893693080002777,4657152,0,116,0,0,0,0,0,0.0,0.0,0,
8,2026-10-08T21:32:45.717159+00:00,8.001098235000427,sda5,0.9893693080002777,16782336,10752020480,977,16869,0,73682944,0,153,0.0,74474661.18483971,880,
9,2026-10-08T21:32:46.720261+00:00,9.004019230000267,loop0,1.00310201999946,2109440,0,219,0,0,0,0,0,0.0,0.0,0,
9,2026-10-08T21:32:46.720261+00:00,9.004019230000267,loop1,1.00310201999946,354304,0,43,0,0,0,0,0,0.0,0.0,0,
9,2026-10-08T21:32:46.720261+00:00,9.004019230000267,loop2,1.00310201999946,1106944,0,51,0,0,0,0,0,0.0,0.0,0,
9,2026-10-08T21:32:46.720261+00:00,9.004019230000267,loop3,1.00310201999946,1141760,0,66,0,0,0,0,0,0.0,0.0,0,
9,2026-10-08T21:32:46.720261+00:00,9.004019230000267,loop4,1.00310201999946,374784,0,51,0,0,0,0,0,0.0,0.0,0,
9,2026-10-08T21:32:46.720261+00:00,9.004019230000267,loop5,1.00310201999946,14336,0,11,0,0,0,0,0,0.0,0.0,0,
9,2026-10-08T21:32:46.720261+00:00,9.004019230000267,loop6,1.00310201999946,0,0,0,0,0,0,0,0,0.0,0.0,0,
9,2026-10-08T21:32:46.720261+00:00,9.004019230000267,loop7,1.00310201999946,0,0,0,0,0,0,0,0,0.0,0.0,0,
9,2026-10-08T21:32:46.720261+00:00,9.004019230000267,sr0,1.00310201999946,1536,0,8,0,0,0,0,0,0.0,0.0,0,
9,2026-10-08T21:32:46.720261+00:00,9.004019230000267,sda,1.00310201999946,315698688,10881548288,8097,25071,0,73687040,0,154,0.0,73459168.19112742,932,
9,2026-10-08T21:32:46.720261+00:00,9.004019230000267,sda1,1.00310201999946,319488,0,78,0,0,0,0,0,0.0,0.0,0,
9,2026-10-08T21:32:46.720261+00:00,9.004019230000267,sda2,1.00310201999946,285926400,55721984,6637,8023,0,0,0,0,0.0,0.0,0,
9,2026-10-08T21:32:46.720261+00:00,9.004019230000267,sda3,1.00310201999946,5559296,118784,154,25,0,0,0,0,0.0,0.0,0,
9,2026-10-08T21:32:46.720261+00:00,9.004019230000267,sda4,1.00310201999946,4657152,0,116,0,0,0,0,0,0.0,0.0,0,
9,2026-10-08T21:32:46.720261+00:00,9.004019230000267,sda5,1.00310201999946,16782336,10825707520,977,17023,0,73687040,0,154,0.0,73459168.19112742,932,
10,2026-10-08T21:32:47.719199+00:00,10.000711329999831,loop0,0.9989374599999792,2109440,0,219,0,0,0,0,0,0.0,0.0,0,
10,2026-10-08T21:32:47.719199+00:00,10.000711329999831,loop1,0.9989374599999792,354304,0,43,0,0,0,0,0,0.0,0.0,0,
10,2026-10-08T21:32:47.719199+00:00,10.000711329999831,loop2,0.9989374599999792,1106944,0,51,0,0,0,0,0,0.0,0.0,0,
10,2026-10-08T21:32:47.719199+00:00,10.000711329999831,loop3,0.9989374599999792,1141760,0,66,0,0,0,0,0,0.0,0.0,0,
10,2026-10-08T21:32:47.719199+00:00,10.000711329999831,loop4,0.9989374599999792,374784,0,51,0,0,0,0,0,0.0,0.0,0,
10,2026-10-08T21:32:47.719199+00:00,10.000711329999831,loop5,0.9989374599999792,14336,0,11,0,0,0,0,0,0.0,0.0,0,
10,2026-10-08T21:32:47.719199+00:00,10.000711329999831,loop6,0.9989374599999792,0,0,0,0,0,0,0,0,0.0,0.0,0,
10,2026-10-08T21:32:47.719199+00:00,10.000711329999831,loop7,0.9989374599999792,0,0,0,0,0,0,0,0,0.0,0.0,0,
10,2026-10-08T21:32:47.719199+00:00,10.000711329999831,sr0,0.9989374599999792,1536,0,8,0,0,0,0,0,0.0,0.0,0,
10,2026-10-08T21:32:47.719199+00:00,10.000711329999831,sda,0.9989374599999792,315698688,10944708608,8097,25203,0,63160320,0,132,0.0,63227501.749710456,1020,
10,2026-10-08T21:32:47.719199+00:00,10.000711329999831,sda1,0.9989374599999792,319488,0,78,0,0,0,0,0,0.0,0.0,0,
10,2026-10-08T21:32:47.719199+00:00,10.000711329999831,sda2,0.9989374599999792,285926400,55721984,6637,8023,0,0,0,0,0.0,0.0,0,
10,2026-10-08T21:32:47.719199+00:00,10.000711329999831,sda3,0.9989374599999792,5559296,118784,154,25,0,0,0,0,0.0,0.0,0,
10,2026-10-08T21:32:47.719199+00:00,10.000711329999831,sda4,0.9989374599999792,4657152,0,116,0,0,0,0,0,0.0,0.0,0,
10,2026-10-08T21:32:47.719199+00:00,10.000711329999831,sda5,0.9989374599999792,16782336,10888867840,977,17155,0,63160320,0,132,0.0,63227501.749710456,1020,
11,2026-10-08T21:32:48.816106+00:00,11.096025945000292,loop0,1.096907660999932,2109440,0,219,0,0,0,0,0,0.0,0.0,0,
11,2026-10-08T21:32:48.816106+00:00,11.096025945000292,loop1,1.096907660999932,354304,0,43,0,0,0,0,0,0.0,0.0,0,
11,2026-10-08T21:32:48.816106+00:00,11.096025945000292,loop2,1.096907660999932,1106944,0,51,0,0,0,0,0,0.0,0.0,0,
11,2026-10-08T21:32:48.816106+00:00,11.096025945000292,loop3,1.096907660999932,1141760,0,66,0,0,0,0,0,0.0,0.0,0,
11,2026-10-08T21:32:48.816106+00:00,11.096025945000292,loop4,1.096907660999932,374784,0,51,0,0,0,0,0,0.0,0.0,0,
11,2026-10-08T21:32:48.816106+00:00,11.096025945000292,loop5,1.096907660999932,14336,0,11,0,0,0,0,0,0.0,0.0,0,
11,2026-10-08T21:32:48.816106+00:00,11.096025945000292,loop6,1.096907660999932,0,0,0,0,0,0,0,0,0.0,0.0,0,
11,2026-10-08T21:32:48.816106+00:00,11.096025945000292,loop7,1.096907660999932,0,0,0,0,0,0,0,0,0.0,0.0,0,
11,2026-10-08T21:32:48.816106+00:00,11.096025945000292,sr0,1.096907660999932,1536,0,8,0,0,0,0,0,0.0,0.0,0,
11,2026-10-08T21:32:48.816106+00:00,11.096025945000292,sda,1.096907660999932,315698688,10997387264,8097,25316,0,52678656,0,113,0.0,48024695.12518362,1044,
11,2026-10-08T21:32:48.816106+00:00,11.096025945000292,sda1,1.096907660999932,319488,0,78,0,0,0,0,0,0.0,0.0,0,
11,2026-10-08T21:32:48.816106+00:00,11.096025945000292,sda2,1.096907660999932,285926400,55762944,6637,8025,0,40960,0,2,0.0,37341.33825144516,180,
11,2026-10-08T21:32:48.816106+00:00,11.096025945000292,sda3,1.096907660999932,5559296,118784,154,25,0,0,0,0,0.0,0.0,0,
11,2026-10-08T21:32:48.816106+00:00,11.096025945000292,sda4,1.096907660999932,4657152,0,116,0,0,0,0,0,0.0,0.0,0,
11,2026-10-08T21:32:48.816106+00:00,11.096025945000292,sda5,1.096907660999932,16782336,10941505536,977,17266,0,52637696,0,111,0.0,47987353.78693218,1044,
12,2026-10-08T21:32:49.718470+00:00,12.002401675000328,loop0,0.9023629640005311,2109440,0,219,0,0,0,0,0,0.0,0.0,0,
12,2026-10-08T21:32:49.718470+00:00,12.002401675000328,loop1,0.9023629640005311,354304,0,43,0,0,0,0,0,0.0,0.0,0,
12,2026-10-08T21:32:49.718470+00:00,12.002401675000328,loop2,0.9023629640005311,1106944,0,51,0,0,0,0,0,0.0,0.0,0,
12,2026-10-08T21:32:49.718470+00:00,12.002401675000328,loop3,0.9023629640005311,1141760,0,66,0,0,0,0,0,0.0,0.0,0,
12,2026-10-08T21:32:49.718470+00:00,12.002401675000328,loop4,0.9023629640005311,374784,0,51,0,0,0,0,0,0.0,0.0,0,
12,2026-10-08T21:32:49.718470+00:00,12.002401675000328,loop5,0.9023629640005311,14336,0,11,0,0,0,0,0,0.0,0.0,0,
12,2026-10-08T21:32:49.718470+00:00,12.002401675000328,loop6,0.9023629640005311,0,0,0,0,0,0,0,0,0.0,0.0,0,
12,2026-10-08T21:32:49.718470+00:00,12.002401675000328,loop7,0.9023629640005311,0,0,0,0,0,0,0,0,0.0,0.0,0,
12,2026-10-08T21:32:49.718470+00:00,12.002401675000328,sr0,0.9023629640005311,1536,0,8,0,0,0,0,0,0.0,0.0,0,
12,2026-10-08T21:32:49.718470+00:00,12.002401675000328,sda,0.9023629640005311,315698688,11060588544,8097,25451,0,63201280,0,135,0.0,70039753.9808192,848,
12,2026-10-08T21:32:49.718470+00:00,12.002401675000328,sda1,0.9023629640005311,319488,0,78,0,0,0,0,0,0.0,0.0,0,
12,2026-10-08T21:32:49.718470+00:00,12.002401675000328,sda2,0.9023629640005311,285926400,55762944,6637,8025,0,0,0,0,0.0,0.0,0,
12,2026-10-08T21:32:49.718470+00:00,12.002401675000328,sda3,0.9023629640005311,5559296,118784,154,25,0,0,0,0,0.0,0.0,0,
12,2026-10-08T21:32:49.718470+00:00,12.002401675000328,sda4,0.9023629640005311,4657152,0,116,0,0,0,0,0,0.0,0.0,0,
12,2026-10-08T21:32:49.718470+00:00,12.002401675000328,sda5,0.9023629640005311,16782336,11004706816,977,17401,0,63201280,0,135,0.0,70039753.9808192,848,
13,2026-10-08T21:32:50.735110+00:00,13.019158083000548,loop0,1.016639951999423,2109440,0,219,0,0,0,0,0,0.0,0.0,0,
13,2026-10-08T21:32:50.735110+00:00,13.019158083000548,loop1,1.016639951999423,354304,0,43,0,0,0,0,0,0.0,0.0,0,
13,2026-10-08T21:32:50.735110+00:00,13.019158083000548,loop2,1.016639951999423,1106944,0,51,0,0,0,0,0,0.0,0.0,0,
13,2026-10-08T21:32:50.735110+00:00,13.019158083000548,loop3,1.016639951999423,1141760,0,66,0,0,0,0,0,0.0,0.0,0,
13,2026-10-08T21:32:50.735110+00:00,13.019158083000548,loop4,1.016639951999423,374784,0,51,0,0,0,0,0,0.0,0.0,0,
13,2026-10-08T21:32:50.735110+00:00,13.019158083000548,loop5,1.016639951999423,14336,0,11,0,0,0,0,0,0.0,0.0,0,
13,2026-10-08T21:32:50.735110+00:00,13.019158083000548,loop6,1.016639951999423,0,0,0,0,0,0,0,0,0.0,0.0,0,
13,2026-10-08T21:32:50.735110+00:00,13.019158083000548,loop7,1.016639951999423,0,0,0,0,0,0,0,0,0.0,0.0,0,
13,2026-10-08T21:32:50.735110+00:00,13.019158083000548,sr0,1.016639951999423,1536,0,8,0,0,0,0,0,0.0,0.0,0,
13,2026-10-08T21:32:50.735110+00:00,13.019158083000548,sda,1.016639951999423,315698688,11110400000,8097,25555,0,49811456,0,104,0.0,48996162.212625965,892,
13,2026-10-08T21:32:50.735110+00:00,13.019158083000548,sda1,1.016639951999423,319488,0,78,0,0,0,0,0,0.0,0.0,0,
13,2026-10-08T21:32:50.735110+00:00,13.019158083000548,sda2,1.016639951999423,285926400,55762944,6637,8025,0,0,0,0,0.0,0.0,0,
13,2026-10-08T21:32:50.735110+00:00,13.019158083000548,sda3,1.016639951999423,5559296,118784,154,25,0,0,0,0,0.0,0.0,0,
13,2026-10-08T21:32:50.735110+00:00,13.019158083000548,sda4,1.016639951999423,4657152,0,116,0,0,0,0,0,0.0,0.0,0,
13,2026-10-08T21:32:50.735110+00:00,13.019158083000548,sda5,1.016639951999423,16782336,11054518272,977,17505,0,49811456,0,104,0.0,48996162.212625965,892,
14,2026-10-08T21:32:51.718101+00:00,14.002094174999911,loop0,0.9829915159998563,2109440,0,219,0,0,0,0,0,0.0,0.0,0,
14,2026-10-08T21:32:51.718101+00:00,14.002094174999911,loop1,0.9829915159998563,354304,0,43,0,0,0,0,0,0.0,0.0,0,
14,2026-10-08T21:32:51.718101+00:00,14.002094174999911,loop2,0.9829915159998563,1106944,0,51,0,0,0,0,0,0.0,0.0,0,
14,2026-10-08T21:32:51.718101+00:00,14.002094174999911,loop3,0.9829915159998563,1141760,0,66,0,0,0,0,0,0.0,0.0,0,
14,2026-10-08T21:32:51.718101+00:00,14.002094174999911,loop4,0.9829915159998563,374784,0,51,0,0,0,0,0,0.0,0.0,0,
14,2026-10-08T21:32:51.718101+00:00,14.002094174999911,loop5,0.9829915159998563,14336,0,11,0,0,0,0,0,0.0,0.0,0,
14,2026-10-08T21:32:51.718101+00:00,14.002094174999911,loop6,0.9829915159998563,0,0,0,0,0,0,0,0,0.0,0.0,0,
14,2026-10-08T21:32:51.718101+00:00,14.002094174999911,loop7,0.9829915159998563,0,0,0,0,0,0,0,0,0.0,0.0,0,
14,2026-10-08T21:32:51.718101+00:00,14.002094174999911,sr0,0.9829915159998563,1536,0,8,0,0,0,0,0,0.0,0.0,0,
14,2026-10-08T21:32:51.718101+00:00,14.002094174999911,sda,0.9829915159998563,315698688,11165855744,8097,25671,0,55455744,0,116,0.0,56415282.42854957,952,
14,2026-10-08T21:32:51.718101+00:00,14.002094174999911,sda1,0.9829915159998563,319488,0,78,0,0,0,0,0,0.0,0.0,0,
14,2026-10-08T21:32:51.718101+00:00,14.002094174999911,sda2,0.9829915159998563,285926400,55762944,6637,8025,0,0,0,0,0.0,0.0,0,
14,2026-10-08T21:32:51.718101+00:00,14.002094174999911,sda3,0.9829915159998563,5559296,118784,154,25,0,0,0,0,0.0,0.0,0,
14,2026-10-08T21:32:51.718101+00:00,14.002094174999911,sda4,0.9829915159998563,4657152,0,116,0,0,0,0,0,0.0,0.0,0,
14,2026-10-08T21:32:51.718101+00:00,14.002094174999911,sda5,0.9829915159998563,16782336,11109974016,977,17621,0,55455744,0,116,0.0,56415282.42854957,952,
15,2026-10-08T21:32:52.780040+00:00,15.059231027999886,loop0,1.0619391260006523,2109440,0,219,0,0,0,0,0,0.0,0.0,0,
15,2026-10-08T21:32:52.780040+00:00,15.059231027999886,loop1,1.0619391260006523,354304,0,43,0,0,0,0,0,0.0,0.0,0,
15,2026-10-08T21:32:52.780040+00:00,15.059231027999886,loop2,1.0619391260006523,1106944,0,51,0,0,0,0,0,0.0,0.0,0,
15,2026-10-08T21:32:52.780040+00:00,15.059231027999886,loop3,1.0619391260006523,1141760,0,66,0,0,0,0,0,0.0,0.0,0,
15,2026-10-08T21:32:52.780040+00:00,15.059231027999886,loop4,1.0619391260006523,374784,0,51,0,0,0,0,0,0.0,0.0,0,
15,2026-10-08T21:32:52.780040+00:00,15.059231027999886,loop5,1.0619391260006523,14336,0,11,0,0,0,0,0,0.0,0.0,0,
15,2026-10-08T21:32:52.780040+00:00,15.059231027999886,loop6,1.0619391260006523,0,0,0,0,0,0,0,0,0.0,0.0,0,
15,2026-10-08T21:32:52.780040+00:00,15.059231027999886,loop7,1.0619391260006523,0,0,0,0,0,0,0,0,0.0,0.0,0,
15,2026-10-08T21:32:52.780040+00:00,15.059231027999886,sr0,1.0619391260006523,1536,0,8,0,0,0,0,0,0.0,0.0,0,
15,2026-10-08T21:32:52.780040+00:00,15.059231027999886,sda,1.0619391260006523,315698688,11207966720,8097,25760,0,42110976,0,89,0.0,39654792.792684175,1092,
15,2026-10-08T21:32:52.780040+00:00,15.059231027999886,sda1,1.0619391260006523,319488,0,78,0,0,0,0,0,0.0,0.0,0,
15,2026-10-08T21:32:52.780040+00:00,15.059231027999886,sda2,1.0619391260006523,285926400,55762944,6637,8025,0,0,0,0,0.0,0.0,0,
15,2026-10-08T21:32:52.780040+00:00,15.059231027999886,sda3,1.0619391260006523,5559296,118784,154,25,0,0,0,0,0.0,0.0,0,
15,2026-10-08T21:32:52.780040+00:00,15.059231027999886,sda4,1.0619391260006523,4657152,0,116,0,0,0,0,0,0.0,0.0,0,
15,2026-10-08T21:32:52.780040+00:00,15.059231027999886,sda5,1.0619391260006523,16782336,11152084992,977,17710,0,42110976,0,89,0.0,39654792.792684175,1092,
16,2026-10-08T21:32:53.719945+00:00,16.004010852000647,loop0,0.9399046709995673,2109440,0,219,0,0,0,0,0,0.0,0.0,0,
16,2026-10-08T21:32:53.719945+00:00,16.004010852000647,loop1,0.9399046709995673,354304,0,43,0,0,0,0,0,0.0,0.0,0,
16,2026-10-08T21:32:53.719945+00:00,16.004010852000647,loop2,0.9399046709995673,1106944,0,51,0,0,0,0,0,0.0,0.0,0,
16,2026-10-08T21:32:53.719945+00:00,16.004010852000647,loop3,0.9399046709995673,1141760,0,66,0,0,0,0,0,0.0,0.0,0,
16,2026-10-08T21:32:53.719945+00:00,16.004010852000647,loop4,0.9399046709995673,374784,0,51,0,0,0,0,0,0.0,0.0,0,
16,2026-10-08T21:32:53.719945+00:00,16.004010852000647,loop5,0.9399046709995673,14336,0,11,0,0,0,0,0,0.0,0.0,0,
16,2026-10-08T21:32:53.719945+00:00,16.004010852000647,loop6,0.9399046709995673,0,0,0,0,0,0,0,0,0.0,0.0,0,
16,2026-10-08T21:32:53.719945+00:00,16.004010852000647,loop7,0.9399046709995673,0,0,0,0,0,0,0,0,0.0,0.0,0,
16,2026-10-08T21:32:53.719945+00:00,16.004010852000647,sr0,0.9399046709995673,1536,0,8,0,0,0,0,0,0.0,0.0,0,
16,2026-10-08T21:32:53.719945+00:00,16.004010852000647,sda,0.9399046709995673,315698688,11260596224,8097,25869,0,52629504,0,109,0.0,55994512.660554945,796,
16,2026-10-08T21:32:53.719945+00:00,16.004010852000647,sda1,0.9399046709995673,319488,0,78,0,0,0,0,0,0.0,0.0,0,
16,2026-10-08T21:32:53.719945+00:00,16.004010852000647,sda2,0.9399046709995673,285926400,55762944,6637,8025,0,0,0,0,0.0,0.0,0,
16,2026-10-08T21:32:53.719945+00:00,16.004010852000647,sda3,0.9399046709995673,5559296,118784,154,25,0,0,0,0,0.0,0.0,0,
16,2026-10-08T21:32:53.719945+00:00,16.004010852000647,sda4,0.9399046709995673,4657152,0,116,0,0,0,0,0,0.0,0.0,0,
16,2026-10-08T21:32:53.719945+00:00,16.004010852000647,sda5,0.9399046709995673,16782336,11204714496,977,17819,0,52629504,0,109,0.0,55994512.660554945,796,
17,2026-10-08T21:32:54.720339+00:00,17.00429385300049,loop0,1.0003943769997932,2109440,0,219,0,0,0,0,0,0.0,0.0,0,
17,2026-10-08T21:32:54.720339+00:00,17.00429385300049,loop1,1.0003943769997932,354304,0,43,0,0,0,0,0,0.0,0.0,0,
17,2026-10-08T21:32:54.720339+00:00,17.00429385300049,loop2,1.0003943769997932,1106944,0,51,0,0,0,0,0,0.0,0.0,0,
17,2026-10-08T21:32:54.720339+00:00,17.00429385300049,loop3,1.0003943769997932,1141760,0,66,0,0,0,0,0,0.0,0.0,0,
17,2026-10-08T21:32:54.720339+00:00,17.00429385300049,loop4,1.0003943769997932,374784,0,51,0,0,0,0,0,0.0,0.0,0,
17,2026-10-08T21:32:54.720339+00:00,17.00429385300049,loop5,1.0003943769997932,14336,0,11,0,0,0,0,0,0.0,0.0,0,
17,2026-10-08T21:32:54.720339+00:00,17.00429385300049,loop6,1.0003943769997932,0,0,0,0,0,0,0,0,0.0,0.0,0,
17,2026-10-08T21:32:54.720339+00:00,17.00429385300049,loop7,1.0003943769997932,0,0,0,0,0,0,0,0,0.0,0.0,0,
17,2026-10-08T21:32:54.720339+00:00,17.00429385300049,sr0,1.0003943769997932,1536,0,8,0,0,0,0,0,0.0,0.0,0,
17,2026-10-08T21:32:54.720339+00:00,17.00429385300049,sda,1.0003943769997932,315698688,11309359104,8097,25971,0,48762880,0,102,0.0,48743656.6229421,1052,
17,2026-10-08T21:32:54.720339+00:00,17.00429385300049,sda1,1.0003943769997932,319488,0,78,0,0,0,0,0,0.0,0.0,0,
17,2026-10-08T21:32:54.720339+00:00,17.00429385300049,sda2,1.0003943769997932,285926400,55762944,6637,8025,0,0,0,0,0.0,0.0,0,
17,2026-10-08T21:32:54.720339+00:00,17.00429385300049,sda3,1.0003943769997932,5559296,118784,154,25,0,0,0,0,0.0,0.0,0,
17,2026-10-08T21:32:54.720339+00:00,17.00429385300049,sda4,1.0003943769997932,4657152,0,116,0,0,0,0,0,0.0,0.0,0,
17,2026-10-08T21:32:54.720339+00:00,17.00429385300049,sda5,1.0003943769997932,16782336,11253477376,977,17921,0,48762880,0,102,0.0,48743656.6229421,1052,
18,2026-10-08T21:32:55.724479+00:00,18.008535939000467,loop0,1.004139308000049,2109440,0,219,0,0,0,0,0,0.0,0.0,0,
18,2026-10-08T21:32:55.724479+00:00,18.008535939000467,loop1,1.004139308000049,354304,0,43,0,0,0,0,0,0.0,0.0,0,
18,2026-10-08T21:32:55.724479+00:00,18.008535939000467,loop2,1.004139308000049,1106944,0,51,0,0,0,0,0,0.0,0.0,0,
18,2026-10-08T21:32:55.724479+00:00,18.008535939000467,loop3,1.004139308000049,1141760,0,66,0,0,0,0,0,0.0,0.0,0,
18,2026-10-08T21:32:55.724479+00:00,18.008535939000467,loop4,1.004139308000049,374784,0,51,0,0,0,0,0,0.0,0.0,0,
18,2026-10-08T21:32:55.724479+00:00,18.008535939000467,loop5,1.004139308000049,14336,0,11,0,0,0,0,0,0.0,0.0,0,
18,2026-10-08T21:32:55.724479+00:00,18.008535939000467,loop6,1.004139308000049,0,0,0,0,0,0,0,0,0.0,0.0,0,
18,2026-10-08T21:32:55.724479+00:00,18.008535939000467,loop7,1.004139308000049,0,0,0,0,0,0,0,0,0.0,0.0,0,
18,2026-10-08T21:32:55.724479+00:00,18.008535939000467,sr0,1.004139308000049,1536,0,8,0,0,0,0,0,0.0,0.0,0,
18,2026-10-08T21:32:55.724479+00:00,18.008535939000467,sda,1.004139308000049,315698688,11363778560,8097,26087,0,54419456,0,116,0.0,54195125.68269795,940,
18,2026-10-08T21:32:55.724479+00:00,18.008535939000467,sda1,1.004139308000049,319488,0,78,0,0,0,0,0,0.0,0.0,0,
18,2026-10-08T21:32:55.724479+00:00,18.008535939000467,sda2,1.004139308000049,285926400,55762944,6637,8025,0,0,0,0,0.0,0.0,0,
18,2026-10-08T21:32:55.724479+00:00,18.008535939000467,sda3,1.004139308000049,5559296,118784,154,25,0,0,0,0,0.0,0.0,0,
18,2026-10-08T21:32:55.724479+00:00,18.008535939000467,sda4,1.004139308000049,4657152,0,116,0,0,0,0,0,0.0,0.0,0,
18,2026-10-08T21:32:55.724479+00:00,18.008535939000467,sda5,1.004139308000049,16782336,11307896832,977,18037,0,54419456,0,116,0.0,54195125.68269795,940,
19,2026-10-08T21:32:56.718008+00:00,19.001347271000668,loop0,0.9935297629999695,2109440,0,219,0,0,0,0,0,0.0,0.0,0,
19,2026-10-08T21:32:56.718008+00:00,19.001347271000668,loop1,0.9935297629999695,354304,0,43,0,0,0,0,0,0.0,0.0,0,
19,2026-10-08T21:32:56.718008+00:00,19.001347271000668,loop2,0.9935297629999695,1106944,0,51,0,0,0,0,0,0.0,0.0,0,
19,2026-10-08T21:32:56.718008+00:00,19.001347271000668,loop3,0.9935297629999695,1141760,0,66,0,0,0,0,0,0.0,0.0,0,
19,2026-10-08T21:32:56.718008+00:00,19.001347271000668,loop4,0.9935297629999695,374784,0,51,0,0,0,0,0,0.0,0.0,0,
19,2026-10-08T21:32:56.718008+00:00,19.001347271000668,loop5,0.9935297629999695,14336,0,11,0,0,0,0,0,0.0,0.0,0,
19,2026-10-08T21:32:56.718008+00:00,19.001347271000668,loop6,0.9935297629999695,0,0,0,0,0,0,0,0,0.0,0.0,0,
19,2026-10-08T21:32:56.718008+00:00,19.001347271000668,loop7,0.9935297629999695,0,0,0,0,0,0,0,0,0.0,0.0,0,
19,2026-10-08T21:32:56.718008+00:00,19.001347271000668,sr0,0.9935297629999695,1536,0,8,0,0,0,0,0,0.0,0.0,0,
19,2026-10-08T21:32:56.718008+00:00,19.001347271000668,sda,0.9935297629999695,315698688,11422744576,8097,26211,0,58966016,0,124,0.0,59350024.72593446,1004,
19,2026-10-08T21:32:56.718008+00:00,19.001347271000668,sda1,0.9935297629999695,319488,0,78,0,0,0,0,0,0.0,0.0,0,
19,2026-10-08T21:32:56.718008+00:00,19.001347271000668,sda2,0.9935297629999695,285926400,55762944,6637,8025,0,0,0,0,0.0,0.0,0,
19,2026-10-08T21:32:56.718008+00:00,19.001347271000668,sda3,0.9935297629999695,5559296,118784,154,25,0,0,0,0,0.0,0.0,0,
19,2026-10-08T21:32:56.718008+00:00,19.001347271000668,sda4,0.9935297629999695,4657152,0,116,0,0,0,0,0,0.0,0.0,0,
19,2026-10-08T21:32:56.718008+00:00,19.001347271000668,sda5,0.9935297629999695,16782336,11366862848,977,18161,0,58966016,0,124,0.0,59350024.72593446,1004,
20,2026-10-08T21:32:57.716640+00:00,20.000738923000426,loop0,0.9986316500007888,2109440,0,219,0,0,0,0,0,0.0,0.0,0,
20,2026-10-08T21:32:57.716640+00:00,20.000738923000426,loop1,0.9986316500007888,354304,0,43,0,0,0,0,0,0.0,0.0,0,
20,2026-10-08T21:32:57.716640+00:00,20.000738923000426,loop2,0.9986316500007888,1106944,0,51,0,0,0,0,0,0.0,0.0,0,
20,2026-10-08T21:32:57.716640+00:00,20.000738923000426,loop3,0.9986316500007888,1141760,0,66,0,0,0,0,0,0.0,0.0,0,
20,2026-10-08T21:32:57.716640+00:00,20.000738923000426,loop4,0.9986316500007888,374784,0,51,0,0,0,0,0,0.0,0.0,0,
20,2026-10-08T21:32:57.716640+00:00,20.000738923000426,loop5,0.9986316500007888,14336,0,11,0,0,0,0,0,0.0,0.0,0,
20,2026-10-08T21:32:57.716640+00:00,20.000738923000426,loop6,0.9986316500007888,0,0,0,0,0,0,0,0,0.0,0.0,0,
20,2026-10-08T21:32:57.716640+00:00,20.000738923000426,loop7,0.9986316500007888,0,0,0,0,0,0,0,0,0.0,0.0,0,
20,2026-10-08T21:32:57.716640+00:00,20.000738923000426,sr0,0.9986316500007888,1536,0,8,0,0,0,0,0,0.0,0.0,0,
20,2026-10-08T21:32:57.716640+00:00,20.000738923000426,sda,0.9986316500007888,315698688,11492237312,8097,26357,0,69492736,0,146,0.0,69587956.68046883,924,
20,2026-10-08T21:32:57.716640+00:00,20.000738923000426,sda1,0.9986316500007888,319488,0,78,0,0,0,0,0,0.0,0.0,0,
20,2026-10-08T21:32:57.716640+00:00,20.000738923000426,sda2,0.9986316500007888,285926400,55762944,6637,8025,0,0,0,0,0.0,0.0,0,
20,2026-10-08T21:32:57.716640+00:00,20.000738923000426,sda3,0.9986316500007888,5559296,118784,154,25,0,0,0,0,0.0,0.0,0,
20,2026-10-08T21:32:57.716640+00:00,20.000738923000426,sda4,0.9986316500007888,4657152,0,116,0,0,0,0,0,0.0,0.0,0,
20,2026-10-08T21:32:57.716640+00:00,20.000738923000426,sda5,0.9986316500007888,16782336,11436355584,977,18307,0,69492736,0,146,0.0,69587956.68046883,924,
21,2026-10-08T21:32:58.717349+00:00,21.001125260000663,loop0,1.0007091789993865,2109440,0,219,0,0,0,0,0,0.0,0.0,0,
21,2026-10-08T21:32:58.717349+00:00,21.001125260000663,loop1,1.0007091789993865,354304,0,43,0,0,0,0,0,0.0,0.0,0,
21,2026-10-08T21:32:58.717349+00:00,21.001125260000663,loop2,1.0007091789993865,1106944,0,51,0,0,0,0,0,0.0,0.0,0,
21,2026-10-08T21:32:58.717349+00:00,21.001125260000663,loop3,1.0007091789993865,1141760,0,66,0,0,0,0,0,0.0,0.0,0,
21,2026-10-08T21:32:58.717349+00:00,21.001125260000663,loop4,1.0007091789993865,374784,0,51,0,0,0,0,0,0.0,0.0,0,
21,2026-10-08T21:32:58.717349+00:00,21.001125260000663,loop5,1.0007091789993865,14336,0,11,0,0,0,0,0,0.0,0.0,0,
21,2026-10-08T21:32:58.717349+00:00,21.001125260000663,loop6,1.0007091789993865,0,0,0,0,0,0,0,0,0.0,0.0,0,
21,2026-10-08T21:32:58.717349+00:00,21.001125260000663,loop7,1.0007091789993865,0,0,0,0,0,0,0,0,0.0,0.0,0,
21,2026-10-08T21:32:58.717349+00:00,21.001125260000663,sr0,1.0007091789993865,1536,0,8,0,0,0,0,0,0.0,0.0,0,
21,2026-10-08T21:32:58.717349+00:00,21.001125260000663,sda,1.0007091789993865,315698688,11544907776,8097,26474,0,52670464,0,117,0.0,52633137.68408263,916,
21,2026-10-08T21:32:58.717349+00:00,21.001125260000663,sda1,1.0007091789993865,319488,0,78,0,0,0,0,0,0.0,0.0,0,
21,2026-10-08T21:32:58.717349+00:00,21.001125260000663,sda2,1.0007091789993865,285926400,55799808,6637,8032,0,36864,0,7,0.0,36837.87535241805,60,
21,2026-10-08T21:32:58.717349+00:00,21.001125260000663,sda3,1.0007091789993865,5559296,118784,154,25,0,0,0,0,0.0,0.0,0,
21,2026-10-08T21:32:58.717349+00:00,21.001125260000663,sda4,1.0007091789993865,4657152,0,116,0,0,0,0,0,0.0,0.0,0,
21,2026-10-08T21:32:58.717349+00:00,21.001125260000663,sda5,1.0007091789993865,16782336,11488989184,977,18417,0,52633600,0,110,0.0,52596299.808730215,916,
22,2026-10-08T21:32:59.717030+00:00,22.0009393979999,loop0,0.999680396000258,2109440,0,219,0,0,0,0,0,0.0,0.0,0,
22,2026-10-08T21:32:59.717030+00:00,22.0009393979999,loop1,0.999680396000258,354304,0,43,0,0,0,0,0,0.0,0.0,0,
22,2026-10-08T21:32:59.717030+00:00,22.0009393979999,loop2,0.999680396000258,1106944,0,51,0,0,0,0,0,0.0,0.0,0,
22,2026-10-08T21:32:59.717030+00:00,22.0009393979999,loop3,0.999680396000258,1141760,0,66,0,0,0,0,0,0.0,0.0,0,
22,2026-10-08T21:32:59.717030+00:00,22.0009393979999,loop4,0.999680396000258,374784,0,51,0,0,0,0,0,0.0,0.0,0,
22,2026-10-08T21:32:59.717030+00:00,22.0009393979999,loop5,0.999680396000258,14336,0,11,0,0,0,0,0,0.0,0.0,0,
22,2026-10-08T21:32:59.717030+00:00,22.0009393979999,loop6,0.999680396000258,0,0,0,0,0,0,0,0,0.0,0.0,0,
22,2026-10-08T21:32:59.717030+00:00,22.0009393979999,loop7,0.999680396000258,0,0,0,0,0,0,0,0,0.0,0.0,0,
22,2026-10-08T21:32:59.717030+00:00,22.0009393979999,sr0,0.999680396000258,1536,0,8,0,0,0,0,0,0.0,0.0,0,
22,2026-10-08T21:32:59.717030+00:00,22.0009393979999,sda,0.999680396000258,315698688,11597541376,8097,26584,0,52633600,0,110,0.0,52650427.287149094,988,
22,2026-10-08T21:32:59.717030+00:00,22.0009393979999,sda1,0.999680396000258,319488,0,78,0,0,0,0,0,0.0,0.0,0,
22,2026-10-08T21:32:59.717030+00:00,22.0009393979999,sda2,0.999680396000258,285926400,55799808,6637,8032,0,0,0,0,0.0,0.0,0,
22,2026-10-08T21:32:59.717030+00:00,22.0009393979999,sda3,0.999680396000258,5559296,118784,154,25,0,0,0,0,0.0,0.0,0,
22,2026-10-08T21:32:59.717030+00:00,22.0009393979999,sda4,0.999680396000258,4657152,0,116,0,0,0,0,0,0.0,0.0,0,
22,2026-10-08T21:32:59.717030+00:00,22.0009393979999,sda5,0.999680396000258,16782336,11541622784,977,18527,0,52633600,0,110,0.0,52650427.287149094,988,
23,2026-10-08T21:33:00.717202+00:00,23.000866108000082,loop0,1.000172781999936,2109440,0,219,0,0,0,0,0,0.0,0.0,0,
23,2026-10-08T21:33:00.717202+00:00,23.000866108000082,loop1,1.000172781999936,354304,0,43,0,0,0,0,0,0.0,0.0,0,
23,2026-10-08T21:33:00.717202+00:00,23.000866108000082,loop2,1.000172781999936,1106944,0,51,0,0,0,0,0,0.0,0.0,0,
23,2026-10-08T21:33:00.717202+00:00,23.000866108000082,loop3,1.000172781999936,1141760,0,66,0,0,0,0,0,0.0,0.0,0,
23,2026-10-08T21:33:00.717202+00:00,23.000866108000082,loop4,1.000172781999936,374784,0,51,0,0,0,0,0,0.0,0.0,0,
23,2026-10-08T21:33:00.717202+00:00,23.000866108000082,loop5,1.000172781999936,14336,0,11,0,0,0,0,0,0.0,0.0,0,
23,2026-10-08T21:33:00.717202+00:00,23.000866108000082,loop6,1.000172781999936,0,0,0,0,0,0,0,0,0.0,0.0,0,
23,2026-10-08T21:33:00.717202+00:00,23.000866108000082,loop7,1.000172781999936,0,0,0,0,0,0,0,0,0.0,0.0,0,
23,2026-10-08T21:33:00.717202+00:00,23.000866108000082,sr0,1.000172781999936,1536,0,8,0,0,0,0,0,0.0,0.0,0,
23,2026-10-08T21:33:00.717202+00:00,23.000866108000082,sda,1.000172781999936,315698688,11659255808,8097,26712,0,61714432,0,128,0.0,61703770.69909502,1000,
23,2026-10-08T21:33:00.717202+00:00,23.000866108000082,sda1,1.000172781999936,319488,0,78,0,0,0,0,0,0.0,0.0,0,
23,2026-10-08T21:33:00.717202+00:00,23.000866108000082,sda2,1.000172781999936,285926400,55799808,6637,8032,0,0,0,0,0.0,0.0,0,
23,2026-10-08T21:33:00.717202+00:00,23.000866108000082,sda3,1.000172781999936,5559296,118784,154,25,0,0,0,0,0.0,0.0,0,
23,2026-10-08T21:33:00.717202+00:00,23.000866108000082,sda4,1.000172781999936,4657152,0,116,0,0,0,0,0,0.0,0.0,0,
23,2026-10-08T21:33:00.717202+00:00,23.000866108000082,sda5,1.000172781999936,16782336,11603337216,977,18655,0,61714432,0,128,0.0,61703770.69909502,1000,
24,2026-10-08T21:33:01.717411+00:00,24.001237940000465,loop0,1.0002088569999614,2109440,0,219,0,0,0,0,0,0.0,0.0,0,
24,2026-10-08T21:33:01.717411+00:00,24.001237940000465,loop1,1.0002088569999614,354304,0,43,0,0,0,0,0,0.0,0.0,0,
24,2026-10-08T21:33:01.717411+00:00,24.001237940000465,loop2,1.0002088569999614,1106944,0,51,0,0,0,0,0,0.0,0.0,0,
24,2026-10-08T21:33:01.717411+00:00,24.001237940000465,loop3,1.0002088569999614,1141760,0,66,0,0,0,0,0,0.0,0.0,0,
24,2026-10-08T21:33:01.717411+00:00,24.001237940000465,loop4,1.0002088569999614,374784,0,51,0,0,0,0,0,0.0,0.0,0,
24,2026-10-08T21:33:01.717411+00:00,24.001237940000465,loop5,1.0002088569999614,14336,0,11,0,0,0,0,0,0.0,0.0,0,
24,2026-10-08T21:33:01.717411+00:00,24.001237940000465,loop6,1.0002088569999614,0,0,0,0,0,0,0,0,0.0,0.0,0,
24,2026-10-08T21:33:01.717411+00:00,24.001237940000465,loop7,1.0002088569999614,0,0,0,0,0,0,0,0,0.0,0.0,0,
24,2026-10-08T21:33:01.717411+00:00,24.001237940000465,sr0,1.0002088569999614,1536,0,8,0,0,0,0,0,0.0,0.0,0,
24,2026-10-08T21:33:01.717411+00:00,24.001237940000465,sda,1.0002088569999614,315698688,11702861824,8097,26794,0,43606016,0,82,0.0,43596910.48006955,940,
24,2026-10-08T21:33:01.717411+00:00,24.001237940000465,sda1,1.0002088569999614,319488,0,78,0,0,0,0,0,0.0,0.0,0,
24,2026-10-08T21:33:01.717411+00:00,24.001237940000465,sda2,1.0002088569999614,285926400,55799808,6637,8032,0,0,0,0,0.0,0.0,0,
24,2026-10-08T21:33:01.717411+00:00,24.001237940000465,sda3,1.0002088569999614,5559296,118784,154,25,0,0,0,0,0.0,0.0,0,
24,2026-10-08T21:33:01.717411+00:00,24.001237940000465,sda4,1.0002088569999614,4657152,0,116,0,0,0,0,0,0.0,0.0,0,
24,2026-10-08T21:33:01.717411+00:00,24.001237940000465,sda5,1.0002088569999614,16782336,11646943232,977,18737,0,43606016,0,82,0.0,43596910.48006955,940,
25,2026-10-08T21:33:02.717249+00:00,25.001010023000163,loop0,0.9998374950000652,2109440,0,219,0,0,0,0,0,0.0,0.0,0,
25,2026-10-08T21:33:02.717249+00:00,25.001010023000163,loop1,0.9998374950000652,354304,0,43,0,0,0,0,0,0.0,0.0,0,
25,2026-10-08T21:33:02.717249+00:00,25.001010023000163,loop2,0.9998374950000652,1106944,0,51,0,0,0,0,0,0.0,0.0,0,
25,2026-10-08T21:33:02.717249+00:00,25.001010023000163,loop3,0.9998374950000652,1141760,0,66,0,0,0,0,0,0.0,0.0,0,
25,2026-10-08T21:33:02.717249+00:00,25.001010023000163,loop4,0.9998374950000652,374784,0,51,0,0,0,0,0,0.0,0.0,0,
25,2026-10-08T21:33:02.717249+00:00,25.001010023000163,loop5,0.9998374950000652,14336,0,11,0,0,0,0,0,0.0,0.0,0,
25,2026-10-08T21:33:02.717249+00:00,25.001010023000163,loop6,0.9998374950000652,0,0,0,0,0,0,0,0,0.0,0.0,0,
25,2026-10-08T21:33:02.717249+00:00,25.001010023000163,loop7,0.9998374950000652,0,0,0,0,0,0,0,0,0.0,0.0,0,
25,2026-10-08T21:33:02.717249+00:00,25.001010023000163,sr0,0.9998374950000652,1536,0,8,0,0,0,0,0,0.0,0.0,0,
25,2026-10-08T21:33:02.717249+00:00,25.001010023000163,sda,0.9998374950000652,315698688,11766022144,8097,26926,0,63160320,0,132,0.0,63170585.535998404,920,
25,2026-10-08T21:33:02.717249+00:00,25.001010023000163,sda1,0.9998374950000652,319488,0,78,0,0,0,0,0,0.0,0.0,0,
25,2026-10-08T21:33:02.717249+00:00,25.001010023000163,sda2,0.9998374950000652,285926400,55799808,6637,8032,0,0,0,0,0.0,0.0,0,
25,2026-10-08T21:33:02.717249+00:00,25.001010023000163,sda3,0.9998374950000652,5559296,118784,154,25,0,0,0,0,0.0,0.0,0,
25,2026-10-08T21:33:02.717249+00:00,25.001010023000163,sda4,0.9998374950000652,4657152,0,116,0,0,0,0,0,0.0,0.0,0,
25,2026-10-08T21:33:02.717249+00:00,25.001010023000163,sda5,0.9998374950000652,16782336,11710103552,977,18869,0,63160320,0,132,0.0,63170585.535998404,920,
26,2026-10-08T21:33:03.716835+00:00,26.000604759999987,loop0,0.9995864100001199,2109440,0,219,0,0,0,0,0,0.0,0.0,0,
26,2026-10-08T21:33:03.716835+00:00,26.000604759999987,loop1,0.9995864100001199,354304,0,43,0,0,0,0,0,0.0,0.0,0,
26,2026-10-08T21:33:03.716835+00:00,26.000604759999987,loop2,0.9995864100001199,1106944,0,51,0,0,0,0,0,0.0,0.0,0,
26,2026-10-08T21:33:03.716835+00:00,26.000604759999987,loop3,0.9995864100001199,1141760,0,66,0,0,0,0,0,0.0,0.0,0,
26,2026-10-08T21:33:03.716835+00:00,26.000604759999987,loop4,0.9995864100001199,374784,0,51,0,0,0,0,0,0.0,0.0,0,
26,2026-10-08T21:33:03.716835+00:00,26.000604759999987,loop5,0.9995864100001199,14336,0,11,0,0,0,0,0,0.0,0.0,0,
26,2026-10-08T21:33:03.716835+00:00,26.000604759999987,loop6,0.9995864100001199,0,0,0,0,0,0,0,0,0.0,0.0,0,
26,2026-10-08T21:33:03.716835+00:00,26.000604759999987,loop7,0.9995864100001199,0,0,0,0,0,0,0,0,0.0,0.0,0,
26,2026-10-08T21:33:03.716835+00:00,26.000604759999987,sr0,0.9995864100001199,1536,0,8,0,0,0,0,0,0.0,0.0,0,
26,2026-10-08T21:33:03.716835+00:00,26.000604759999987,sda,0.9995864100001199,315698688,11825311744,8097,27050,0,59289600,0,124,0.0,59314131.73173582,964,
26,2026-10-08T21:33:03.716835+00:00,26.000604759999987,sda1,0.9995864100001199,319488,0,78,0,0,0,0,0,0.0,0.0,0,
26,2026-10-08T21:33:03.716835+00:00,26.000604759999987,sda2,0.9995864100001199,285926400,55799808,6637,8032,0,0,0,0,0.0,0.0,0,
26,2026-10-08T21:33:03.716835+00:00,26.000604759999987,sda3,0.9995864100001199,5559296,118784,154,25,0,0,0,0,0.0,0.0,0,
26,2026-10-08T21:33:03.716835+00:00,26.000604759999987,sda4,0.9995864100001199,4657152,0,116,0,0,0,0,0,0.0,0.0,0,
26,2026-10-08T21:33:03.716835+00:00,26.000604759999987,sda5,0.9995864100001199,16782336,11769393152,977,18993,0,59289600,0,124,0.0,59314131.73173582,964,
27,2026-10-08T21:33:04.720936+00:00,27.004723603000457,loop0,1.004101300000002,2109440,0,219,0,0,0,0,0,0.0,0.0,0,
27,2026-10-08T21:33:04.720936+00:00,27.004723603000457,loop1,1.004101300000002,354304,0,43,0,0,0,0,0,0.0,0.0,0,
27,2026-10-08T21:33:04.720936+00:00,27.004723603000457,loop2,1.004101300000002,1106944,0,51,0,0,0,0,0,0.0,0.0,0,
27,2026-10-08T21:33:04.720936+00:00,27.004723603000457,loop3,1.004101300000002,1141760,0,66,0,0,0,0,0,0.0,0.0,0,
27,2026-10-08T21:33:04.720936+00:00,27.004723603000457,loop4,1.004101300000002,374784,0,51,0,0,0,0,0,0.0,0.0,0,
27,2026-10-08T21:33:04.720936+00:00,27.004723603000457,loop5,1.004101300000002,14336,0,11,0,0,0,0,0,0.0,0.0,0,
27,2026-10-08T21:33:04.720936+00:00,27.004723603000457,loop6,1.004101300000002,0,0,0,0,0,0,0,0,0.0,0.0,0,
27,2026-10-08T21:33:04.720936+00:00,27.004723603000457,loop7,1.004101300000002,0,0,0,0,0,0,0,0,0.0,0.0,0,
27,2026-10-08T21:33:04.720936+00:00,27.004723603000457,sr0,1.004101300000002,1536,0,8,0,0,0,0,0,0.0,0.0,0,
27,2026-10-08T21:33:04.720936+00:00,27.004723603000457,sda,1.004101300000002,315698688,11881816064,8097,27168,0,56504320,0,118,0.0,56273525.390316576,956,
27,2026-10-08T21:33:04.720936+00:00,27.004723603000457,sda1,1.004101300000002,319488,0,78,0,0,0,0,0,0.0,0.0,0,
27,2026-10-08T21:33:04.720936+00:00,27.004723603000457,sda2,1.004101300000002,285926400,55799808,6637,8032,0,0,0,0,0.0,0.0,0,
27,2026-10-08T21:33:04.720936+00:00,27.004723603000457,sda3,1.004101300000002,5559296,118784,154,25,0,0,0,0,0.0,0.0,0,
27,2026-10-08T21:33:04.720936+00:00,27.004723603000457,sda4,1.004101300000002,4657152,0,116,0,0,0,0,0,0.0,0.0,0,
27,2026-10-08T21:33:04.720936+00:00,27.004723603000457,sda5,1.004101300000002,16782336,11825897472,977,19111,0,56504320,0,118,0.0,56273525.390316576,956,
28,2026-10-08T21:33:05.717072+00:00,28.00080814100056,loop0,0.9961357100000896,2109440,0,219,0,0,0,0,0,0.0,0.0,0,
28,2026-10-08T21:33:05.717072+00:00,28.00080814100056,loop1,0.9961357100000896,354304,0,43,0,0,0,0,0,0.0,0.0,0,
28,2026-10-08T21:33:05.717072+00:00,28.00080814100056,loop2,0.9961357100000896,1106944,0,51,0,0,0,0,0,0.0,0.0,0,
28,2026-10-08T21:33:05.717072+00:00,28.00080814100056,loop3,0.9961357100000896,1141760,0,66,0,0,0,0,0,0.0,0.0,0,
28,2026-10-08T21:33:05.717072+00:00,28.00080814100056,loop4,0.9961357100000896,374784,0,51,0,0,0,0,0,0.0,0.0,0,
28,2026-10-08T21:33:05.717072+00:00,28.00080814100056,loop5,0.9961357100000896,14336,0,11,0,0,0,0,0,0.0,0.0,0,
28,2026-10-08T21:33:05.717072+00:00,28.00080814100056,loop6,0.9961357100000896,0,0,0,0,0,0,0,0,0.0,0.0,0,
28,2026-10-08T21:33:05.717072+00:00,28.00080814100056,loop7,0.9961357100000896,0,0,0,0,0,0,0,0,0.0,0.0,0,
28,2026-10-08T21:33:05.717072+00:00,28.00080814100056,sr0,0.9961357100000896,1536,0,8,0,0,0,0,0,0.0,0.0,0,
28,2026-10-08T21:33:05.717072+00:00,28.00080814100056,sda,0.9961357100000896,315698688,11931336704,8097,27260,0,49520640,0,92,0.0,49712744.46128986,968,
28,2026-10-08T21:33:05.717072+00:00,28.00080814100056,sda1,0.9961357100000896,319488,0,78,0,0,0,0,0,0.0,0.0,0,
28,2026-10-08T21:33:05.717072+00:00,28.00080814100056,sda2,0.9961357100000896,285926400,55799808,6637,8032,0,0,0,0,0.0,0.0,0,
28,2026-10-08T21:33:05.717072+00:00,28.00080814100056,sda3,0.9961357100000896,5559296,118784,154,25,0,0,0,0,0.0,0.0,0,
28,2026-10-08T21:33:05.717072+00:00,28.00080814100056,sda4,0.9961357100000896,4657152,0,116,0,0,0,0,0,0.0,0.0,0,
28,2026-10-08T21:33:05.717072+00:00,28.00080814100056,sda5,0.9961357100000896,16782336,11875418112,977,19203,0,49520640,0,92,0.0,49712744.46128986,968,
29,2026-10-08T21:33:06.718511+00:00,29.002210614000433,loop0,1.0014390790001926,2109440,0,219,0,0,0,0,0,0.0,0.0,0,
29,2026-10-08T21:33:06.718511+00:00,29.002210614000433,loop1,1.0014390790001926,354304,0,43,0,0,0,0,0,0.0,0.0,0,
29,2026-10-08T21:33:06.718511+00:00,29.002210614000433,loop2,1.0014390790001926,1106944,0,51,0,0,0,0,0,0.0,0.0,0,
29,2026-10-08T21:33:06.718511+00:00,29.002210614000433,loop3,1.0014390790001926,1141760,0,66,0,0,0,0,0,0.0,0.0,0,
29,2026-10-08T21:33:06.718511+00:00,29.002210614000433,loop4,1.0014390790001926,374784,0,51,0,0,0,0,0,0.0,0.0,0,
29,2026-10-08T21:33:06.718511+00:00,29.002210614000433,loop5,1.0014390790001926,14336,0,11,0,0,0,0,0,0.0,0.0,0,
29,2026-10-08T21:33:06.718511+00:00,29.002210614000433,loop6,1.0014390790001926,0,0,0,0,0,0,0,0,0.0,0.0,0,
29,2026-10-08T21:33:06.718511+00:00,29.002210614000433,loop7,1.0014390790001926,0,0,0,0,0,0,0,0,0.0,0.0,0,
29,2026-10-08T21:33:06.718511+00:00,29.002210614000433,sr0,1.0014390790001926,1536,0,8,0,0,0,0,0,0.0,0.0,0,
29,2026-10-08T21:33:06.718511+00:00,29.002210614000433,sda,1.0014390790001926,315698688,11984297984,8097,27364,0,52961280,0,104,0.0,52885174.05659363,968,
29,2026-10-08T21:33:06.718511+00:00,29.002210614000433,sda1,1.0014390790001926,319488,0,78,0,0,0,0,0,0.0,0.0,0,
29,2026-10-08T21:33:06.718511+00:00,29.002210614000433,sda2,1.0014390790001926,285926400,55799808,6637,8032,0,0,0,0,0.0,0.0,0,
29,2026-10-08T21:33:06.718511+00:00,29.002210614000433,sda3,1.0014390790001926,5559296,118784,154,25,0,0,0,0,0.0,0.0,0,
29,2026-10-08T21:33:06.718511+00:00,29.002210614000433,sda4,1.0014390790001926,4657152,0,116,0,0,0,0,0,0.0,0.0,0,
29,2026-10-08T21:33:06.718511+00:00,29.002210614000433,sda5,1.0014390790001926,16782336,11928379392,977,19307,0,52961280,0,104,0.0,52885174.05659363,968,
30,2026-10-08T21:33:07.719689+00:00,30.0038318120005,loop0,1.0011783799991463,2109440,0,219,0,0,0,0,0,0.0,0.0,0,
30,2026-10-08T21:33:07.719689+00:00,30.0038318120005,loop1,1.0011783799991463,354304,0,43,0,0,0,0,0,0.0,0.0,0,
30,2026-10-08T21:33:07.719689+00:00,30.0038318120005,loop2,1.0011783799991463,1106944,0,51,0,0,0,0,0,0.0,0.0,0,
30,2026-10-08T21:33:07.719689+00:00,30.0038318120005,loop3,1.0011783799991463,1141760,0,66,0,0,0,0,0,0.0,0.0,0,
30,2026-10-08T21:33:07.719689+00:00,30.0038318120005,loop4,1.0011783799991463,374784,0,51,0,0,0,0,0,0.0,0.0,0,
30,2026-10-08T21:33:07.719689+00:00,30.0038318120005,loop5,1.0011783799991463,14336,0,11,0,0,0,0,0,0.0,0.0,0,
30,2026-10-08T21:33:07.719689+00:00,30.0038318120005,loop6,1.0011783799991463,0,0,0,0,0,0,0,0,0.0,0.0,0,
30,2026-10-08T21:33:07.719689+00:00,30.0038318120005,loop7,1.0011783799991463,0,0,0,0,0,0,0,0,0.0,0.0,0,
30,2026-10-08T21:33:07.719689+00:00,30.0038318120005,sr0,1.0011783799991463,1536,0,8,0,0,0,0,0,0.0,0.0,0,
30,2026-10-08T21:33:07.719689+00:00,30.0038318120005,sda,1.0011783799991463,315698688,12039778304,8097,27480,0,55480320,0,116,0.0,55415020.0487223,840,
30,2026-10-08T21:33:07.719689+00:00,30.0038318120005,sda1,1.0011783799991463,319488,0,78,0,0,0,0,0,0.0,0.0,0,
30,2026-10-08T21:33:07.719689+00:00,30.0038318120005,sda2,1.0011783799991463,285926400,55799808,6637,8032,0,0,0,0,0.0,0.0,0,
30,2026-10-08T21:33:07.719689+00:00,30.0038318120005,sda3,1.0011783799991463,5559296,118784,154,25,0,0,0,0,0.0,0.0,0,
30,2026-10-08T21:33:07.719689+00:00,30.0038318120005,sda4,1.0011783799991463,4657152,0,116,0,0,0,0,0,0.0,0.0,0,
30,2026-10-08T21:33:07.719689+00:00,30.0038318120005,sda5,1.0011783799991463,16782336,11983859712,977,19423,0,55480320,0,116,0.0,55415020.0487223,840,
31,2026-10-08T21:33:08.717806+00:00,31.00149423000039,loop0,0.9981161750001775,2109440,0,219,0,0,0,0,0,0.0,0.0,0,
31,2026-10-08T21:33:08.717806+00:00,31.00149423000039,loop1,0.9981161750001775,354304,0,43,0,0,0,0,0,0.0,0.0,0,
31,2026-10-08T21:33:08.717806+00:00,31.00149423000039,loop2,0.9981161750001775,1106944,0,51,0,0,0,0,0,0.0,0.0,0,
31,2026-10-08T21:33:08.717806+00:00,31.00149423000039,loop3,0.9981161750001775,1141760,0,66,0,0,0,0,0,0.0,0.0,0,
31,2026-10-08T21:33:08.717806+00:00,31.00149423000039,loop4,0.9981161750001775,374784,0,51,0,0,0,0,0,0.0,0.0,0,
31,2026-10-08T21:33:08.717806+00:00,31.00149423000039,loop5,0.9981161750001775,14336,0,11,0,0,0,0,0,0.0,0.0,0,
31,2026-10-08T21:33:08.717806+00:00,31.00149423000039,loop6,0.9981161750001775,0,0,0,0,0,0,0,0,0.0,0.0,0,
31,2026-10-08T21:33:08.717806+00:00,31.00149423000039,loop7,0.9981161750001775,0,0,0,0,0,0,0,0,0.0,0.0,0,
31,2026-10-08T21:33:08.717806+00:00,31.00149423000039,sr0,0.9981161750001775,1536,0,8,0,0,0,0,0,0.0,0.0,0,
31,2026-10-08T21:33:08.717806+00:00,31.00149423000039,sda,0.9981161750001775,315698688,12092428288,8097,27585,0,52649984,0,105,0.0,52749354.55283113,772,
31,2026-10-08T21:33:08.717806+00:00,31.00149423000039,sda1,0.9981161750001775,319488,0,78,0,0,0,0,0,0.0,0.0,0,
31,2026-10-08T21:33:08.717806+00:00,31.00149423000039,sda2,0.9981161750001775,285926400,55799808,6637,8032,0,0,0,0,0.0,0.0,0,
31,2026-10-08T21:33:08.717806+00:00,31.00149423000039,sda3,0.9981161750001775,5559296,118784,154,25,0,0,0,0,0.0,0.0,0,
31,2026-10-08T21:33:08.717806+00:00,31.00149423000039,sda4,0.9981161750001775,4657152,0,116,0,0,0,0,0,0.0,0.0,0,
31,2026-10-08T21:33:08.717806+00:00,31.00149423000039,sda5,0.9981161750001775,16782336,12036509696,977,19528,0,52649984,0,105,0.0,52749354.55283113,772,
32,2026-10-08T21:33:09.718247+00:00,32.00229061800019,loop0,1.0004418120006449,2109440,0,219,0,0,0,0,0,0.0,0.0,0,
32,2026-10-08T21:33:09.718247+00:00,32.00229061800019,loop1,1.0004418120006449,354304,0,43,0,0,0,0,0,0.0,0.0,0,
32,2026-10-08T21:33:09.718247+00:00,32.00229061800019,loop2,1.0004418120006449,1106944,0,51,0,0,0,0,0,0.0,0.0,0,
32,2026-10-08T21:33:09.718247+00:00,32.00229061800019,loop3,1.0004418120006449,1141760,0,66,0,0,0,0,0,0.0,0.0,0,
32,2026-10-08T21:33:09.718247+00:00,32.00229061800019,loop4,1.0004418120006449,374784,0,51,0,0,0,0,0,0.0,0.0,0,
32,2026-10-08T21:33:09.718247+00:00,32.00229061800019,loop5,1.0004418120006449,14336,0,11,0,0,0,0,0,0.0,0.0,0,
32,2026-10-08T21:33:09.718247+00:00,32.00229061800019,loop6,1.0004418120006449,0,0,0,0,0,0,0,0,0.0,0.0,0,
32,2026-10-08T21:33:09.718247+00:00,32.00229061800019,loop7,1.0004418120006449,0,0,0,0,0,0,0,0,0.0,0.0,0,
32,2026-10-08T21:33:09.718247+00:00,32.00229061800019,sr0,1.0004418120006449,1536,0,8,0,0,0,0,0,0.0,0.0,0,
32,2026-10-08T21:33:09.718247+00:00,32.00229061800019,sda,1.0004418120006449,315698688,12145065984,8097,27684,0,52637696,0,99,0.0,52614450.304448165,1180,
32,2026-10-08T21:33:09.718247+00:00,32.00229061800019,sda1,1.0004418120006449,319488,0,78,0,0,0,0,0,0.0,0.0,0,
32,2026-10-08T21:33:09.718247+00:00,32.00229061800019,sda2,1.0004418120006449,285926400,55799808,6637,8032,0,0,0,0,0.0,0.0,0,
32,2026-10-08T21:33:09.718247+00:00,32.00229061800019,sda3,1.0004418120006449,5559296,118784,154,25,0,0,0,0,0.0,0.0,0,
32,2026-10-08T21:33:09.718247+00:00,32.00229061800019,sda4,1.0004418120006449,4657152,0,116,0,0,0,0,0,0.0,0.0,0,
32,2026-10-08T21:33:09.718247+00:00,32.00229061800019,sda5,1.0004418120006449,16782336,12089147392,977,19627,0,52637696,0,99,0.0,52614450.304448165,1180,
33,2026-10-08T21:33:10.726368+00:00,33.01021083500018,loop0,1.0081201589991906,2109440,0,219,0,0,0,0,0,0.0,0.0,0,
33,2026-10-08T21:33:10.726368+00:00,33.01021083500018,loop1,1.0081201589991906,354304,0,43,0,0,0,0,0,0.0,0.0,0,
33,2026-10-08T21:33:10.726368+00:00,33.01021083500018,loop2,1.0081201589991906,1106944,0,51,0,0,0,0,0,0.0,0.0,0,
33,2026-10-08T21:33:10.726368+00:00,33.01021083500018,loop3,1.0081201589991906,1141760,0,66,0,0,0,0,0,0.0,0.0,0,
33,2026-10-08T21:33:10.726368+00:00,33.01021083500018,loop4,1.0081201589991906,374784,0,51,0,0,0,0,0,0.0,0.0,0,
33,2026-10-08T21:33:10.726368+00:00,33.01021083500018,loop5,1.0081201589991906,14336,0,11,0,0,0,0,0,0.0,0.0,0,
33,2026-10-08T21:33:10.726368+00:00,33.01021083500018,loop6,1.0081201589991906,0,0,0,0,0,0,0,0,0.0,0.0,0,
33,2026-10-08T21:33:10.726368+00:00,33.01021083500018,loop7,1.0081201589991906,0,0,0,0,0,0,0,0,0.0,0.0,0,
33,2026-10-08T21:33:10.726368+00:00,33.01021083500018,sr0,1.0081201589991906,1536,0,8,0,0,0,0,0,0.0,0.0,0,
33,2026-10-08T21:33:10.726368+00:00,33.01021083500018,sda,1.0081201589991906,315698688,12176646144,8097,27745,0,31580160,0,61,0.0,31325789.607611004,532,
33,2026-10-08T21:33:10.726368+00:00,33.01021083500018,sda1,1.0081201589991906,319488,0,78,0,0,0,0,0,0.0,0.0,0,
33,2026-10-08T21:33:10.726368+00:00,33.01021083500018,sda2,1.0081201589991906,285926400,55799808,6637,8032,0,0,0,0,0.0,0.0,0,
33,2026-10-08T21:33:10.726368+00:00,33.01021083500018,sda3,1.0081201589991906,5559296,118784,154,25,0,0,0,0,0.0,0.0,0,
33,2026-10-08T21:33:10.726368+00:00,33.01021083500018,sda4,1.0081201589991906,4657152,0,116,0,0,0,0,0,0.0,0.0,0,
33,2026-10-08T21:33:10.726368+00:00,33.01021083500018,sda5,1.0081201589991906,16782336,12120727552,977,19688,0,31580160,0,61,0.0,31325789.607611004,532,
34,2026-10-08T21:33:11.718533+00:00,34.002375572000346,loop0,0.9921649830002934,2109440,0,219,0,0,0,0,0,0.0,0.0,0,
34,2026-10-08T21:33:11.718533+00:00,34.002375572000346,loop1,0.9921649830002934,354304,0,43,0,0,0,0,0,0.0,0.0,0,
34,2026-10-08T21:33:11.718533+00:00,34.002375572000346,loop2,0.9921649830002934,1106944,0,51,0,0,0,0,0,0.0,0.0,0,
34,2026-10-08T21:33:11.718533+00:00,34.002375572000346,loop3,0.9921649830002934,1141760,0,66,0,0,0,0,0,0.0,0.0,0,
34,2026-10-08T21:33:11.718533+00:00,34.002375572000346,loop4,0.9921649830002934,374784,0,51,0,0,0,0,0,0.0,0.0,0,
34,2026-10-08T21:33:11.718533+00:00,34.002375572000346,loop5,0.9921649830002934,14336,0,11,0,0,0,0,0,0.0,0.0,0,
34,2026-10-08T21:33:11.718533+00:00,34.002375572000346,loop6,0.9921649830002934,0,0,0,0,0,0,0,0,0.0,0.0,0,
34,2026-10-08T21:33:11.718533+00:00,34.002375572000346,loop7,0.9921649830002934,0,0,0,0,0,0,0,0,0.0,0.0,0,
34,2026-10-08T21:33:11.718533+00:00,34.002375572000346,sr0,0.9921649830002934,1536,0,8,0,0,0,0,0,0.0,0.0,0,
34,2026-10-08T21:33:11.718533+00:00,34.002375572000346,sda,0.9921649830002934,315698688,12176646144,8097,27745,0,0,0,0,0.0,0.0,0,
34,2026-10-08T21:33:11.718533+00:00,34.002375572000346,sda1,0.9921649830002934,319488,0,78,0,0,0,0,0,0.0,0.0,0,
34,2026-10-08T21:33:11.718533+00:00,34.002375572000346,sda2,0.9921649830002934,285926400,55799808,6637,8032,0,0,0,0,0.0,0.0,0,
34,2026-10-08T21:33:11.718533+00:00,34.002375572000346,sda3,0.9921649830002934,5559296,118784,154,25,0,0,0,0,0.0,0.0,0,
34,2026-10-08T21:33:11.718533+00:00,34.002375572000346,sda4,0.9921649830002934,4657152,0,116,0,0,0,0,0,0.0,0.0,0,
34,2026-10-08T21:33:11.718533+00:00,34.002375572000346,sda5,0.9921649830002934,16782336,12120727552,977,19688,0,0,0,0,0.0,0.0,0,
35,2026-10-08T21:33:12.717010+00:00,35.00083935500061,loop0,0.9984772130001147,2109440,0,219,0,0,0,0,0,0.0,0.0,0,
35,2026-10-08T21:33:12.717010+00:00,35.00083935500061,loop1,0.9984772130001147,354304,0,43,0,0,0,0,0,0.0,0.0,0,
35,2026-10-08T21:33:12.717010+00:00,35.00083935500061,loop2,0.9984772130001147,1106944,0,51,0,0,0,0,0,0.0,0.0,0,
35,2026-10-08T21:33:12.717010+00:00,35.00083935500061,loop3,0.9984772130001147,1141760,0,66,0,0,0,0,0,0.0,0.0,0,
35,2026-10-08T21:33:12.717010+00:00,35.00083935500061,loop4,0.9984772130001147,374784,0,51,0,0,0,0,0,0.0,0.0,0,
35,2026-10-08T21:33:12.717010+00:00,35.00083935500061,loop5,0.9984772130001147,14336,0,11,0,0,0,0,0,0.0,0.0,0,
35,2026-10-08T21:33:12.717010+00:00,35.00083935500061,loop6,0.9984772130001147,0,0,0,0,0,0,0,0,0.0,0.0,0,
35,2026-10-08T21:33:12.717010+00:00,35.00083935500061,loop7,0.9984772130001147,0,0,0,0,0,0,0,0,0.0,0.0,0,
35,2026-10-08T21:33:12.717010+00:00,35.00083935500061,sr0,0.9984772130001147,1536,0,8,0,0,0,0,0,0.0,0.0,0,
35,2026-10-08T21:33:12.717010+00:00,35.00083935500061,sda,0.9984772130001147,315698688,12226723840,8097,27841,0,50077696,0,96,0.0,50154069.96573516,680,
35,2026-10-08T21:33:12.717010+00:00,35.00083935500061,sda1,0.9984772130001147,319488,0,78,0,0,0,0,0,0.0,0.0,0,
35,2026-10-08T21:33:12.717010+00:00,35.00083935500061,sda2,0.9984772130001147,285926400,55799808,6637,8032,0,0,0,0,0.0,0.0,0,
35,2026-10-08T21:33:12.717010+00:00,35.00083935500061,sda3,0.9984772130001147,5559296,118784,154,25,0,0,0,0,0.0,0.0,0,
35,2026-10-08T21:33:12.717010+00:00,35.00083935500061,sda4,0.9984772130001147,4657152,0,116,0,0,0,0,0,0.0,0.0,0,
35,2026-10-08T21:33:12.717010+00:00,35.00083935500061,sda5,0.9984772130001147,16782336,12170805248,977,19784,0,50077696,0,96,0.0,50154069.96573516,680,
36,2026-10-08T21:33:13.717119+00:00,36.00097539699982,loop0,1.000109376999717,2109440,0,219,0,0,0,0,0,0.0,0.0,0,
36,2026-10-08T21:33:13.717119+00:00,36.00097539699982,loop1,1.000109376999717,354304,0,43,0,0,0,0,0,0.0,0.0,0,
36,2026-10-08T21:33:13.717119+00:00,36.00097539699982,loop2,1.000109376999717,1106944,0,51,0,0,0,0,0,0.0,0.0,0,
36,2026-10-08T21:33:13.717119+00:00,36.00097539699982,loop3,1.000109376999717,1141760,0,66,0,0,0,0,0,0.0,0.0,0,
36,2026-10-08T21:33:13.717119+00:00,36.00097539699982,loop4,1.000109376999717,374784,0,51,0,0,0,0,0,0.0,0.0,0,
36,2026-10-08T21:33:13.717119+00:00,36.00097539699982,loop5,1.000109376999717,14336,0,11,0,0,0,0,0,0.0,0.0,0,
36,2026-10-08T21:33:13.717119+00:00,36.00097539699982,loop6,1.000109376999717,0,0,0,0,0,0,0,0,0.0,0.0,0,
36,2026-10-08T21:33:13.717119+00:00,36.00097539699982,loop7,1.000109376999717,0,0,0,0,0,0,0,0,0.0,0.0,0,
36,2026-10-08T21:33:13.717119+00:00,36.00097539699982,sr0,1.000109376999717,1536,0,8,0,0,0,0,0,0.0,0.0,0,
36,2026-10-08T21:33:13.717119+00:00,36.00097539699982,sda,1.000109376999717,315698688,12277891072,8097,27939,0,51167232,0,98,0.0,51161636.09374346,912,
36,2026-10-08T21:33:13.717119+00:00,36.00097539699982,sda1,1.000109376999717,319488,0,78,0,0,0,0,0,0.0,0.0,0,
36,2026-10-08T21:33:13.717119+00:00,36.00097539699982,sda2,1.000109376999717,285926400,55799808,6637,8032,0,0,0,0,0.0,0.0,0,
36,2026-10-08T21:33:13.717119+00:00,36.00097539699982,sda3,1.000109376999717,5559296,118784,154,25,0,0,0,0,0.0,0.0,0,
36,2026-10-08T21:33:13.717119+00:00,36.00097539699982,sda4,1.000109376999717,4657152,0,116,0,0,0,0,0,0.0,0.0,0,
36,2026-10-08T21:33:13.717119+00:00,36.00097539699982,sda5,1.000109376999717,16782336,12221972480,977,19882,0,51167232,0,98,0.0,51161636.09374346,912,
37,2026-10-08T21:33:14.716786+00:00,37.00086771000042,loop0,0.999666817000616,2109440,0,219,0,0,0,0,0,0.0,0.0,0,
37,2026-10-08T21:33:14.716786+00:00,37.00086771000042,loop1,0.999666817000616,354304,0,43,0,0,0,0,0,0.0,0.0,0,
37,2026-10-08T21:33:14.716786+00:00,37.00086771000042,loop2,0.999666817000616,1106944,0,51,0,0,0,0,0,0.0,0.0,0,
37,2026-10-08T21:33:14.716786+00:00,37.00086771000042,loop3,0.999666817000616,1141760,0,66,0,0,0,0,0,0.0,0.0,0,
37,2026-10-08T21:33:14.716786+00:00,37.00086771000042,loop4,0.999666817000616,374784,0,51,0,0,0,0,0,0.0,0.0,0,
37,2026-10-08T21:33:14.716786+00:00,37.00086771000042,loop5,0.999666817000616,14336,0,11,0,0,0,0,0,0.0,0.0,0,
37,2026-10-08T21:33:14.716786+00:00,37.00086771000042,loop6,0.999666817000616,0,0,0,0,0,0,0,0,0.0,0.0,0,
37,2026-10-08T21:33:14.716786+00:00,37.00086771000042,loop7,0.999666817000616,0,0,0,0,0,0,0,0,0.0,0.0,0,
37,2026-10-08T21:33:14.716786+00:00,37.00086771000042,sr0,0.999666817000616,1536,0,8,0,0,0,0,0,0.0,0.0,0,
37,2026-10-08T21:33:14.716786+00:00,37.00086771000042,sda,0.999666817000616,315698688,12334620672,8097,28045,0,56729600,0,106,0.0,56748507.63798539,888,
37,2026-10-08T21:33:14.716786+00:00,37.00086771000042,sda1,0.999666817000616,319488,0,78,0,0,0,0,0,0.0,0.0,0,
37,2026-10-08T21:33:14.716786+00:00,37.00086771000042,sda2,0.999666817000616,285926400,55799808,6637,8032,0,0,0,0,0.0,0.0,0,
37,2026-10-08T21:33:14.716786+00:00,37.00086771000042,sda3,0.999666817000616,5559296,118784,154,25,0,0,0,0,0.0,0.0,0,
37,2026-10-08T21:33:14.716786+00:00,37.00086771000042,sda4,0.999666817000616,4657152,0,116,0,0,0,0,0,0.0,0.0,0,
37,2026-10-08T21:33:14.716786+00:00,37.00086771000042,sda5,0.999666817000616,16782336,12278702080,977,19988,0,56729600,0,106,0.0,56748507.63798539,888,
38,2026-10-08T21:33:15.724512+00:00,38.0082610999998,loop0,1.0077261639999051,2109440,0,219,0,0,0,0,0,0.0,0.0,0,
38,2026-10-08T21:33:15.724512+00:00,38.0082610999998,loop1,1.0077261639999051,354304,0,43,0,0,0,0,0,0.0,0.0,0,
38,2026-10-08T21:33:15.724512+00:00,38.0082610999998,loop2,1.0077261639999051,1106944,0,51,0,0,0,0,0,0.0,0.0,0,
38,2026-10-08T21:33:15.724512+00:00,38.0082610999998,loop3,1.0077261639999051,1141760,0,66,0,0,0,0,0,0.0,0.0,0,
38,2026-10-08T21:33:15.724512+00:00,38.0082610999998,loop4,1.0077261639999051,374784,0,51,0,0,0,0,0,0.0,0.0,0,
38,2026-10-08T21:33:15.724512+00:00,38.0082610999998,loop5,1.0077261639999051,14336,0,11,0,0,0,0,0,0.0,0.0,0,
38,2026-10-08T21:33:15.724512+00:00,38.0082610999998,loop6,1.0077261639999051,0,0,0,0,0,0,0,0,0.0,0.0,0,
38,2026-10-08T21:33:15.724512+00:00,38.0082610999998,loop7,1.0077261639999051,0,0,0,0,0,0,0,0,0.0,0.0,0,
38,2026-10-08T21:33:15.724512+00:00,38.0082610999998,sr0,1.0077261639999051,1536,0,8,0,0,0,0,0,0.0,0.0,0,
38,2026-10-08T21:33:15.724512+00:00,38.0082610999998,sda,1.0077261639999051,315698688,12387254272,8097,28151,0,52633600,0,106,0.0,52230061.975452445,960,
38,2026-10-08T21:33:15.724512+00:00,38.0082610999998,sda1,1.0077261639999051,319488,0,78,0,0,0,0,0,0.0,0.0,0,
38,2026-10-08T21:33:15.724512+00:00,38.0082610999998,sda2,1.0077261639999051,285926400,55799808,6637,8032,0,0,0,0,0.0,0.0,0,
38,2026-10-08T21:33:15.724512+00:00,38.0082610999998,sda3,1.0077261639999051,5559296,118784,154,25,0,0,0,0,0.0,0.0,0,
38,2026-10-08T21:33:15.724512+00:00,38.0082610999998,sda4,1.0077261639999051,4657152,0,116,0,0,0,0,0,0.0,0.0,0,
38,2026-10-08T21:33:15.724512+00:00,38.0082610999998,sda5,1.0077261639999051,16782336,12331335680,977,20094,0,52633600,0,106,0.0,52230061.975452445,960,
39,2026-10-08T21:33:16.717215+00:00,39.000660976999825,loop0,0.9927028539996172,2109440,0,219,0,0,0,0,0,0.0,0.0,0,
39,2026-10-08T21:33:16.717215+00:00,39.000660976999825,loop1,0.9927028539996172,354304,0,43,0,0,0,0,0,0.0,0.0,0,
39,2026-10-08T21:33:16.717215+00:00,39.000660976999825,loop2,0.9927028539996172,1106944,0,51,0,0,0,0,0,0.0,0.0,0,
39,2026-10-08T21:33:16.717215+00:00,39.000660976999825,loop3,0.9927028539996172,1141760,0,66,0,0,0,0,0,0.0,0.0,0,
39,2026-10-08T21:33:16.717215+00:00,39.000660976999825,loop4,0.9927028539996172,374784,0,51,0,0,0,0,0,0.0,0.0,0,
39,2026-10-08T21:33:16.717215+00:00,39.000660976999825,loop5,0.9927028539996172,14336,0,11,0,0,0,0,0,0.0,0.0,0,
39,2026-10-08T21:33:16.717215+00:00,39.000660976999825,loop6,0.9927028539996172,0,0,0,0,0,0,0,0,0.0,0.0,0,
39,2026-10-08T21:33:16.717215+00:00,39.000660976999825,loop7,0.9927028539996172,0,0,0,0,0,0,0,0,0.0,0.0,0,
39,2026-10-08T21:33:16.717215+00:00,39.000660976999825,sr0,0.9927028539996172,1536,0,8,0,0,0,0,0,0.0,0.0,0,
39,2026-10-08T21:33:16.717215+00:00,39.000660976999825,sda,0.9927028539996172,315698688,12448280576,8097,28278,0,61026304,0,127,0.0,61474895.286262095,944,
39,2026-10-08T21:33:16.717215+00:00,39.000660976999825,sda1,0.9927028539996172,319488,0,78,0,0,0,0,0,0.0,0.0,0,
39,2026-10-08T21:33:16.717215+00:00,39.000660976999825,sda2,0.9927028539996172,285926400,55799808,6637,8032,0,0,0,0,0.0,0.0,0,
39,2026-10-08T21:33:16.717215+00:00,39.000660976999825,sda3,0.9927028539996172,5559296,118784,154,25,0,0,0,0,0.0,0.0,0,
39,2026-10-08T21:33:16.717215+00:00,39.000660976999825,sda4,0.9927028539996172,4657152,0,116,0,0,0,0,0,0.0,0.0,0,
39,2026-10-08T21:33:16.717215+00:00,39.000660976999825,sda5,0.9927028539996172,16782336,12392361984,977,20221,0,61026304,0,127,0.0,61474895.286262095,944,
40,2026-10-08T21:33:17.716498+00:00,40.00053314700017,loop0,0.9992824970004222,2109440,0,219,0,0,0,0,0,0.0,0.0,0,
40,2026-10-08T21:33:17.716498+00:00,40.00053314700017,loop1,0.9992824970004222,354304,0,43,0,0,0,0,0,0.0,0.0,0,
40,2026-10-08T21:33:17.716498+00:00,40.00053314700017,loop2,0.9992824970004222,1106944,0,51,0,0,0,0,0,0.0,0.0,0,
40,2026-10-08T21:33:17.716498+00:00,40.00053314700017,loop3,0.9992824970004222,1141760,0,66,0,0,0,0,0,0.0,0.0,0,
40,2026-10-08T21:33:17.716498+00:00,40.00053314700017,loop4,0.9992824970004222,374784,0,51,0,0,0,0,0,0.0,0.0,0,
40,2026-10-08T21:33:17.716498+00:00,40.00053314700017,loop5,0.9992824970004222,14336,0,11,0,0,0,0,0,0.0,0.0,0,
40,2026-10-08T21:33:17.716498+00:00,40.00053314700017,loop6,0.9992824970004222,0,0,0,0,0,0,0,0,0.0,0.0,0,
40,2026-10-08T21:33:17.716498+00:00,40.00053314700017,loop7,0.9992824970004222,0,0,0,0,0,0,0,0,0.0,0.0,0,
40,2026-10-08T21:33:17.716498+00:00,40.00053314700017,sr0,0.9992824970004222,1536,0,8,0,0,0,0,0,0.0,0.0,0,
40,2026-10-08T21:33:17.716498+00:00,40.00053314700017,sda,0.9992824970004222,315698688,12503048192,8097,28393,0,54767616,0,115,0.0,54806940.14395097,980,
40,2026-10-08T21:33:17.716498+00:00,40.00053314700017,sda1,0.9992824970004222,319488,0,78,0,0,0,0,0,0.0,0.0,0,
40,2026-10-08T21:33:17.716498+00:00,40.00053314700017,sda2,0.9992824970004222,285926400,55799808,6637,8032,0,0,0,0,0.0,0.0,0,
40,2026-10-08T21:33:17.716498+00:00,40.00053314700017,sda3,0.9992824970004222,5559296,118784,154,25,0,0,0,0,0.0,0.0,0,
40,2026-10-08T21:33:17.716498+00:00,40.00053314700017,sda4,0.9992824970004222,4657152,0,116,0,0,0,0,0,0.0,0.0,0,
40,2026-10-08T21:33:17.716498+00:00,40.00053314700017,sda5,0.9992824970004222,16782336,12447129600,977,20336,0,54767616,0,115,0.0,54806940.14395097,980,
41,2026-10-08T21:33:18.717786+00:00,41.00175781000053,loop0,1.0012888209994344,2109440,0,219,0,0,0,0,0,0.0,0.0,0,
41,2026-10-08T21:33:18.717786+00:00,41.00175781000053,loop1,1.0012888209994344,354304,0,43,0,0,0,0,0,0.0,0.0,0,
41,2026-10-08T21:33:18.717786+00:00,41.00175781000053,loop2,1.0012888209994344,1106944,0,51,0,0,0,0,0,0.0,0.0,0,
41,2026-10-08T21:33:18.717786+00:00,41.00175781000053,loop3,1.0012888209994344,1141760,0,66,0,0,0,0,0,0.0,0.0,0,
41,2026-10-08T21:33:18.717786+00:00,41.00175781000053,loop4,1.0012888209994344,374784,0,51,0,0,0,0,0,0.0,0.0,0,
41,2026-10-08T21:33:18.717786+00:00,41.00175781000053,loop5,1.0012888209994344,14336,0,11,0,0,0,0,0,0.0,0.0,0,
41,2026-10-08T21:33:18.717786+00:00,41.00175781000053,loop6,1.0012888209994344,0,0,0,0,0,0,0,0,0.0,0.0,0,
41,2026-10-08T21:33:18.717786+00:00,41.00175781000053,loop7,1.0012888209994344,0,0,0,0,0,0,0,0,0.0,0.0,0,
41,2026-10-08T21:33:18.717786+00:00,41.00175781000053,sr0,1.0012888209994344,1536,0,8,0,0,0,0,0,0.0,0.0,0,
41,2026-10-08T21:33:18.717786+00:00,41.00175781000053,sda,1.0012888209994344,315698688,12561977344,8097,28516,0,58929152,0,123,0.0,58853300.6302617,944,
41,2026-10-08T21:33:18.717786+00:00,41.00175781000053,sda1,1.0012888209994344,319488,0,78,0,0,0,0,0,0.0,0.0,0,
41,2026-10-08T21:33:18.717786+00:00,41.00175781000053,sda2,1.0012888209994344,285926400,55799808,6637,8032,0,0,0,0,0.0,0.0,0,
41,2026-10-08T21:33:18.717786+00:00,41.00175781000053,sda3,1.0012888209994344,5559296,118784,154,25,0,0,0,0,0.0,0.0,0,
41,2026-10-08T21:33:18.717786+00:00,41.00175781000053,sda4,1.0012888209994344,4657152,0,116,0,0,0,0,0,0.0,0.0,0,
41,2026-10-08T21:33:18.717786+00:00,41.00175781000053,sda5,1.0012888209994344,16782336,12506058752,977,20459,0,58929152,0,123,0.0,58853300.6302617,944,
42,2026-10-08T21:33:19.718815+00:00,42.00118116900012,loop0,1.0010286750002706,2109440,0,219,0,0,0,0,0,0.0,0.0,0,
42,2026-10-08T21:33:19.718815+00:00,42.00118116900012,loop1,1.0010286750002706,354304,0,43,0,0,0,0,0,0.0,0.0,0,
42,2026-10-08T21:33:19.718815+00:00,42.00118116900012,loop2,1.0010286750002706,1106944,0,51,0,0,0,0,0,0.0,0.0,0,
42,2026-10-08T21:33:19.718815+00:00,42.00118116900012,loop3,1.0010286750002706,1141760,0,66,0,0,0,0,0,0.0,0.0,0,
42,2026-10-08T21:33:19.718815+00:00,42.00118116900012,loop4,1.0010286750002706,374784,0,51,0,0,0,0,0,0.0,0.0,0,
42,2026-10-08T21:33:19.718815+00:00,42.00118116900012,loop5,1.0010286750002706,14336,0,11,0,0,0,0,0,0.0,0.0,0,
42,2026-10-08T21:33:19.718815+00:00,42.00118116900012,loop6,1.0010286750002706,0,0,0,0,0,0,0,0,0.0,0.0,0,
42,2026-10-08T21:33:19.718815+00:00,42.00118116900012,loop7,1.0010286750002706,0,0,0,0,0,0,0,0,0.0,0.0,0,
42,2026-10-08T21:33:19.718815+00:00,42.00118116900012,sr0,1.0010286750002706,1536,0,8,0,0,0,0,0,0.0,0.0,0,
42,2026-10-08T21:33:19.718815+00:00,42.00118116900012,sda,1.0010286750002706,315698688,12618907648,8097,28642,0,56930304,0,126,0.0,56871801.399679795,948,
42,2026-10-08T21:33:19.718815+00:00,42.00118116900012,sda1,1.0010286750002706,319488,0,78,0,0,0,0,0,0.0,0.0,0,
42,2026-10-08T21:33:19.718815+00:00,42.00118116900012,sda2,1.0010286750002706,285926400,55799808,6637,8032,0,0,0,0,0.0,0.0,0,
42,2026-10-08T21:33:19.718815+00:00,42.00118116900012,sda3,1.0010286750002706,5559296,118784,154,25,0,0,0,0,0.0,0.0,0,
42,2026-10-08T21:33:19.718815+00:00,42.00118116900012,sda4,1.0010286750002706,4657152,0,116,0,0,0,0,0,0.0,0.0,0,
42,2026-10-08T21:33:19.718815+00:00,42.00118116900012,sda5,1.0010286750002706,16782336,12562989056,977,20585,0,56930304,0,126,0.0,56871801.399679795,948,
43,2026-10-08T21:33:20.717418+00:00,43.00121379900065,loop0,0.9986032380002143,2109440,0,219,0,0,0,0,0,0.0,0.0,0,
43,2026-10-08T21:33:20.717418+00:00,43.00121379900065,loop1,0.9986032380002143,354304,0,43,0,0,0,0,0,0.0,0.0,0,
43,2026-10-08T21:33:20.717418+00:00,43.00121379900065,loop2,0.9986032380002143,1106944,0,51,0,0,0,0,0,0.0,0.0,0,
43,2026-10-08T21:33:20.717418+00:00,43.00121379900065,loop3,0.9986032380002143,1141760,0,66,0,0,0,0,0,0.0,0.0,0,
43,2026-10-08T21:33:20.717418+00:00,43.00121379900065,loop4,0.9986032380002143,374784,0,51,0,0,0,0,0,0.0,0.0,0,
43,2026-10-08T21:33:20.717418+00:00,43.00121379900065,loop5,0.9986032380002143,14336,0,11,0,0,0,0,0,0.0,0.0,0,
43,2026-10-08T21:33:20.717418+00:00,43.00121379900065,loop6,0.9986032380002143,0,0,0,0,0,0,0,0,0.0,0.0,0,
43,2026-10-08T21:33:20.717418+00:00,43.00121379900065,loop7,0.9986032380002143,0,0,0,0,0,0,0,0,0.0,0.0,0,
43,2026-10-08T21:33:20.717418+00:00,43.00121379900065,sr0,0.9986032380002143,1536,0,8,0,0,0,0,0,0.0,0.0,0,
43,2026-10-08T21:33:20.717418+00:00,43.00121379900065,sda,0.9986032380002143,315698688,12682063872,8097,28749,0,63156224,0,107,0.0,63244561.600336455,896,
43,2026-10-08T21:33:20.717418+00:00,43.00121379900065,sda1,0.9986032380002143,319488,0,78,0,0,0,0,0,0.0,0.0,0,
43,2026-10-08T21:33:20.717418+00:00,43.00121379900065,sda2,0.9986032380002143,285926400,55799808,6637,8032,0,0,0,0,0.0,0.0,0,
43,2026-10-08T21:33:20.717418+00:00,43.00121379900065,sda3,0.9986032380002143,5559296,118784,154,25,0,0,0,0,0.0,0.0,0,
43,2026-10-08T21:33:20.717418+00:00,43.00121379900065,sda4,0.9986032380002143,4657152,0,116,0,0,0,0,0,0.0,0.0,0,
43,2026-10-08T21:33:20.717418+00:00,43.00121379900065,sda5,0.9986032380002143,16782336,12626145280,977,20692,0,63156224,0,107,0.0,63244561.600336455,896,
44,2026-10-08T21:33:21.720760+00:00,44.003669221000564,loop0,1.003341237999848,2109440,0,219,0,0,0,0,0,0.0,0.0,0,
44,2026-10-08T21:33:21.720760+00:00,44.003669221000564,loop1,1.003341237999848,354304,0,43,0,0,0,0,0,0.0,0.0,0,
44,2026-10-08T21:33:21.720760+00:00,44.003669221000564,loop2,1.003341237999848,1106944,0,51,0,0,0,0,0,0.0,0.0,0,
44,2026-10-08T21:33:21.720760+00:00,44.003669221000564,loop3,1.003341237999848,1141760,0,66,0,0,0,0,0,0.0,0.0,0,
44,2026-10-08T21:33:21.720760+00:00,44.003669221000564,loop4,1.003341237999848,374784,0,51,0,0,0,0,0,0.0,0.0,0,
44,2026-10-08T21:33:21.720760+00:00,44.003669221000564,loop5,1.003341237999848,14336,0,11,0,0,0,0,0,0.0,0.0,0,
44,2026-10-08T21:33:21.720760+00:00,44.003669221000564,loop6,1.003341237999848,0,0,0,0,0,0,0,0,0.0,0.0,0,
44,2026-10-08T21:33:21.720760+00:00,44.003669221000564,loop7,1.003341237999848,0,0,0,0,0,0,0,0,0.0,0.0,0,
44,2026-10-08T21:33:21.720760+00:00,44.003669221000564,sr0,1.003341237999848,1536,0,8,0,0,0,0,0,0.0,0.0,0,
44,2026-10-08T21:33:21.720760+00:00,44.003669221000564,sda,1.003341237999848,315698688,12745228288,8097,28857,0,63164416,0,108,0.0,62954071.46417873,1000,
44,2026-10-08T21:33:21.720760+00:00,44.003669221000564,sda1,1.003341237999848,319488,0,78,0,0,0,0,0,0.0,0.0,0,
44,2026-10-08T21:33:21.720760+00:00,44.003669221000564,sda2,1.003341237999848,285926400,55799808,6637,8032,0,0,0,0,0.0,0.0,0,
44,2026-10-08T21:33:21.720760+00:00,44.003669221000564,sda3,1.003341237999848,5559296,118784,154,25,0,0,0,0,0.0,0.0,0,
44,2026-10-08T21:33:21.720760+00:00,44.003669221000564,sda4,1.003341237999848,4657152,0,116,0,0,0,0,0,0.0,0.0,0,
44,2026-10-08T21:33:21.720760+00:00,44.003669221000564,sda5,1.003341237999848,16782336,12689309696,977,20800,0,63164416,0,108,0.0,62954071.46417873,1000,
45,2026-10-08T21:33:22.716908+00:00,45.000625297000624,loop0,0.996148926999922,2109440,0,219,0,0,0,0,0,0.0,0.0,0,
45,2026-10-08T21:33:22.716908+00:00,45.000625297000624,loop1,0.996148926999922,354304,0,43,0,0,0,0,0,0.0,0.0,0,
45,2026-10-08T21:33:22.716908+00:00,45.000625297000624,loop2,0.996148926999922,1106944,0,51,0,0,0,0,0,0.0,0.0,0,
45,2026-10-08T21:33:22.716908+00:00,45.000625297000624,loop3,0.996148926999922,1141760,0,66,0,0,0,0,0,0.0,0.0,0,
45,2026-10-08T21:33:22.716908+00:00,45.000625297000624,loop4,0.996148926999922,374784,0,51,0,0,0,0,0,0.0,0.0,0,
45,2026-10-08T21:33:22.716908+00:00,45.000625297000624,loop5,0.996148926999922,14336,0,11,0,0,0,0,0,0.0,0.0,0,
45,2026-10-08T21:33:22.716908+00:00,45.000625297000624,loop6,0.996148926999922,0,0,0,0,0,0,0,0,0.0,0.0,0,
45,2026-10-08T21:33:22.716908+00:00,45.000625297000624,loop7,0.996148926999922,0,0,0,0,0,0,0,0,0.0,0.0,0,
45,2026-10-08T21:33:22.716908+00:00,45.000625297000624,sr0,0.996148926999922,1536,0,8,0,0,0,0,0,0.0,0.0,0,
45,2026-10-08T21:33:22.716908+00:00,45.000625297000624,sda,0.996148926999922,315698688,12816957440,8097,28993,0,71729152,0,136,0.0,72006454.11125922,924,
45,2026-10-08T21:33:22.716908+00:00,45.000625297000624,sda1,0.996148926999922,319488,0,78,0,0,0,0,0,0.0,0.0,0,
45,2026-10-08T21:33:22.716908+00:00,45.000625297000624,sda2,0.996148926999922,285926400,55799808,6637,8032,0,0,0,0,0.0,0.0,0,
45,2026-10-08T21:33:22.716908+00:00,45.000625297000624,sda3,0.996148926999922,5559296,118784,154,25,0,0,0,0,0.0,0.0,0,
45,2026-10-08T21:33:22.716908+00:00,45.000625297000624,sda4,0.996148926999922,4657152,0,116,0,0,0,0,0,0.0,0.0,0,
45,2026-10-08T21:33:22.716908+00:00,45.000625297000624,sda5,0.996148926999922,16782336,12761038848,977,20936,0,71729152,0,136,0.0,72006454.11125922,924,
46,2026-10-08T21:33:23.717664+00:00,46.00158190500042,loop0,1.000755924999794,2109440,0,219,0,0,0,0,0,0.0,0.0,0,
46,2026-10-08T21:33:23.717664+00:00,46.00158190500042,loop1,1.000755924999794,354304,0,43,0,0,0,0,0,0.0,0.0,0,
46,2026-10-08T21:33:23.717664+00:00,46.00158190500042,loop2,1.000755924999794,1106944,0,51,0,0,0,0,0,0.0,0.0,0,
46,2026-10-08T21:33:23.717664+00:00,46.00158190500042,loop3,1.000755924999794,1141760,0,66,0,0,0,0,0,0.0,0.0,0,
46,2026-10-08T21:33:23.717664+00:00,46.00158190500042,loop4,1.000755924999794,374784,0,51,0,0,0,0,0,0.0,0.0,0,
46,2026-10-08T21:33:23.717664+00:00,46.00158190500042,loop5,1.000755924999794,14336,0,11,0,0,0,0,0,0.0,0.0,0,
46,2026-10-08T21:33:23.717664+00:00,46.00158190500042,loop6,1.000755924999794,0,0,0,0,0,0,0,0,0.0,0.0,0,
46,2026-10-08T21:33:23.717664+00:00,46.00158190500042,loop7,1.000755924999794,0,0,0,0,0,0,0,0,0.0,0.0,0,
46,2026-10-08T21:33:23.717664+00:00,46.00158190500042,sr0,1.000755924999794,1536,0,8,0,0,0,0,0,0.0,0.0,0,
46,2026-10-08T21:33:23.717664+00:00,46.00158190500042,sda,1.000755924999794,315698688,12871561216,8097,29100,0,54603776,0,107,0.0,54562530.81890196,948,
46,2026-10-08T21:33:23.717664+00:00,46.00158190500042,sda1,1.000755924999794,319488,0,78,0,0,0,0,0,0.0,0.0,0,
46,2026-10-08T21:33:23.717664+00:00,46.00158190500042,sda2,1.000755924999794,285926400,55799808,6637,8032,0,0,0,0,0.0,0.0,0,
46,2026-10-08T21:33:23.717664+00:00,46.00158190500042,sda3,1.000755924999794,5559296,118784,154,25,0,0,0,0,0.0,0.0,0,
46,2026-10-08T21:33:23.717664+00:00,46.00158190500042,sda4,1.000755924999794,4657152,0,116,0,0,0,0,0,0.0,0.0,0,
46,2026-10-08T21:33:23.717664+00:00,46.00158190500042,sda5,1.000755924999794,16782336,12815642624,977,21043,0,54603776,0,107,0.0,54562530.81890196,948,
47,2026-10-08T21:33:24.725028+00:00,47.00900874099989,loop0,1.0073635469998408,2109440,0,219,0,0,0,0,0,0.0,0.0,0,
47,2026-10-08T21:33:24.725028+00:00,47.00900874099989,loop1,1.0073635469998408,354304,0,43,0,0,0,0,0,0.0,0.0,0,
47,2026-10-08T21:33:24.725028+00:00,47.00900874099989,loop2,1.0073635469998408,1106944,0,51,0,0,0,0,0,0.0,0.0,0,
47,2026-10-08T21:33:24.725028+00:00,47.00900874099989,loop3,1.0073635469998408,1141760,0,66,0,0,0,0,0,0.0,0.0,0,
47,2026-10-08T21:33:24.725028+00:00,47.00900874099989,loop4,1.0073635469998408,374784,0,51,0,0,0,0,0,0.0,0.0,0,
47,2026-10-08T21:33:24.725028+00:00,47.00900874099989,loop5,1.0073635469998408,14336,0,11,0,0,0,0,0,0.0,0.0,0,
47,2026-10-08T21:33:24.725028+00:00,47.00900874099989,loop6,1.0073635469998408,0,0,0,0,0,0,0,0,0.0,0.0,0,
47,2026-10-08T21:33:24.725028+00:00,47.00900874099989,loop7,1.0073635469998408,0,0,0,0,0,0,0,0,0.0,0.0,0,
47,2026-10-08T21:33:24.725028+00:00,47.00900874099989,sr0,1.0073635469998408,1536,0,8,0,0,0,0,0,0.0,0.0,0,
47,2026-10-08T21:33:24.725028+00:00,47.00900874099989,sda,1.0073635469998408,315698688,12924194816,8097,29210,0,52633600,0,110,0.0,52248863.04130709,932,
47,2026-10-08T21:33:24.725028+00:00,47.00900874099989,sda1,1.0073635469998408,319488,0,78,0,0,0,0,0,0.0,0.0,0,
47,2026-10-08T21:33:24.725028+00:00,47.00900874099989,sda2,1.0073635469998408,285926400,55799808,6637,8032,0,0,0,0,0.0,0.0,0,
47,2026-10-08T21:33:24.725028+00:00,47.00900874099989,sda3,1.0073635469998408,5559296,118784,154,25,0,0,0,0,0.0,0.0,0,
47,2026-10-08T21:33:24.725028+00:00,47.00900874099989,sda4,1.0073635469998408,4657152,0,116,0,0,0,0,0,0.0,0.0,0,
47,2026-10-08T21:33:24.725028+00:00,47.00900874099989,sda5,1.0073635469998408,16782336,12868276224,977,21153,0,52633600,0,110,0.0,52248863.04130709,932,
48,2026-10-08T21:33:25.725454+00:00,48.00962029400034,loop0,1.000425945000643,2109440,0,219,0,0,0,0,0,0.0,0.0,0,
48,2026-10-08T21:33:25.725454+00:00,48.00962029400034,loop1,1.000425945000643,354304,0,43,0,0,0,0,0,0.0,0.0,0,
48,2026-10-08T21:33:25.725454+00:00,48.00962029400034,loop2,1.000425945000643,1106944,0,51,0,0,0,0,0,0.0,0.0,0,
48,2026-10-08T21:33:25.725454+00:00,48.00962029400034,loop3,1.000425945000643,1141760,0,66,0,0,0,0,0,0.0,0.0,0,
48,2026-10-08T21:33:25.725454+00:00,48.00962029400034,loop4,1.000425945000643,374784,0,51,0,0,0,0,0,0.0,0.0,0,
48,2026-10-08T21:33:25.725454+00:00,48.00962029400034,loop5,1.000425945000643,14336,0,11,0,0,0,0,0,0.0,0.0,0,
48,2026-10-08T21:33:25.725454+00:00,48.00962029400034,loop6,1.000425945000643,0,0,0,0,0,0,0,0,0.0,0.0,0,
48,2026-10-08T21:33:25.725454+00:00,48.00962029400034,loop7,1.000425945000643,0,0,0,0,0,0,0,0,0.0,0.0,0,
48,2026-10-08T21:33:25.725454+00:00,48.00962029400034,sr0,1.000425945000643,1536,0,8,0,0,0,0,0,0.0,0.0,0,
48,2026-10-08T21:33:25.725454+00:00,48.00962029400034,sda,1.000425945000643,315698688,12976889856,8097,29324,0,52695040,0,114,0.0,52672604.36749882,928,
48,2026-10-08T21:33:25.725454+00:00,48.00962029400034,sda1,1.000425945000643,319488,0,78,0,0,0,0,0,0.0,0.0,0,
48,2026-10-08T21:33:25.725454+00:00,48.00962029400034,sda2,1.000425945000643,285926400,55799808,6637,8032,0,0,0,0,0.0,0.0,0,
48,2026-10-08T21:33:25.725454+00:00,48.00962029400034,sda3,1.000425945000643,5559296,118784,154,25,0,0,0,0,0.0,0.0,0,
48,2026-10-08T21:33:25.725454+00:00,48.00962029400034,sda4,1.000425945000643,4657152,0,116,0,0,0,0,0,0.0,0.0,0,
48,2026-10-08T21:33:25.725454+00:00,48.00962029400034,sda5,1.000425945000643,16782336,12920971264,977,21267,0,52695040,0,114,0.0,52672604.36749882,928,
49,2026-10-08T21:33:26.717998+00:00,49.00101394600006,loop0,0.9925437140000213,2109440,0,219,0,0,0,0,0,0.0,0.0,0,
49,2026-10-08T21:33:26.717998+00:00,49.00101394600006,loop1,0.9925437140000213,354304,0,43,0,0,0,0,0,0.0,0.0,0,
49,2026-10-08T21:33:26.717998+00:00,49.00101394600006,loop2,0.9925437140000213,1106944,0,51,0,0,0,0,0,0.0,0.0,0,
49,2026-10-08T21:33:26.717998+00:00,49.00101394600006,loop3,0.9925437140000213,1141760,0,66,0,0,0,0,0,0.0,0.0,0,
49,2026-10-08T21:33:26.717998+00:00,49.00101394600006,loop4,0.9925437140000213,374784,0,51,0,0,0,0,0,0.0,0.0,0,
49,2026-10-08T21:33:26.717998+00:00,49.00101394600006,loop5,0.9925437140000213,14336,0,11,0,0,0,0,0,0.0,0.0,0,
49,2026-10-08T21:33:26.717998+00:00,49.00101394600006,loop6,0.9925437140000213,0,0,0,0,0,0,0,0,0.0,0.0,0,
49,2026-10-08T21:33:26.717998+00:00,49.00101394600006,loop7,0.9925437140000213,0,0,0,0,0,0,0,0,0.0,0.0,0,
49,2026-10-08T21:33:26.717998+00:00,49.00101394600006,sr0,0.9925437140000213,1536,0,8,0,0,0,0,0,0.0,0.0,0,
49,2026-10-08T21:33:26.717998+00:00,49.00101394600006,sda,0.9925437140000213,315698688,13029527552,8097,29435,0,52637696,0,111,0.0,53033126.15609278,1060,
49,2026-10-08T21:33:26.717998+00:00,49.00101394600006,sda1,0.9925437140000213,319488,0,78,0,0,0,0,0,0.0,0.0,0,
49,2026-10-08T21:33:26.717998+00:00,49.00101394600006,sda2,0.9925437140000213,285926400,55799808,6637,8032,0,0,0,0,0.0,0.0,0,
49,2026-10-08T21:33:26.717998+00:00,49.00101394600006,sda3,0.9925437140000213,5559296,118784,154,25,0,0,0,0,0.0,0.0,0,
49,2026-10-08T21:33:26.717998+00:00,49.00101394600006,sda4,0.9925437140000213,4657152,0,116,0,0,0,0,0,0.0,0.0,0,
49,2026-10-08T21:33:26.717998+00:00,49.00101394600006,sda5,0.9925437140000213,16782336,12973608960,977,21378,0,52637696,0,111,0.0,53033126.15609278,1060,
50,2026-10-08T21:33:27.717274+00:00,50.00109760400028,loop0,0.9992762120000407,2109440,0,219,0,0,0,0,0,0.0,0.0,0,
50,2026-10-08T21:33:27.717274+00:00,50.00109760400028,loop1,0.9992762120000407,354304,0,43,0,0,0,0,0,0.0,0.0,0,
50,2026-10-08T21:33:27.717274+00:00,50.00109760400028,loop2,0.9992762120000407,1106944,0,51,0,0,0,0,0,0.0,0.0,0,
50,2026-10-08T21:33:27.717274+00:00,50.00109760400028,loop3,0.9992762120000407,1141760,0,66,0,0,0,0,0,0.0,0.0,0,
50,2026-10-08T21:33:27.717274+00:00,50.00109760400028,loop4,0.9992762120000407,374784,0,51,0,0,0,0,0,0.0,0.0,0,
50,2026-10-08T21:33:27.717274+00:00,50.00109760400028,loop5,0.9992762120000407,14336,0,11,0,0,0,0,0,0.0,0.0,0,
50,2026-10-08T21:33:27.717274+00:00,50.00109760400028,loop6,0.9992762120000407,0,0,0,0,0,0,0,0,0.0,0.0,0,
50,2026-10-08T21:33:27.717274+00:00,50.00109760400028,loop7,0.9992762120000407,0,0,0,0,0,0,0,0,0.0,0.0,0,
50,2026-10-08T21:33:27.717274+00:00,50.00109760400028,sr0,0.9992762120000407,1536,0,8,0,0,0,0,0,0.0,0.0,0,
50,2026-10-08T21:33:27.717274+00:00,50.00109760400028,sda,0.9992762120000407,315698688,13092683776,8097,29565,0,63156224,0,130,0.0,63201968.826610506,884,
50,2026-10-08T21:33:27.717274+00:00,50.00109760400028,sda1,0.9992762120000407,319488,0,78,0,0,0,0,0,0.0,0.0,0,
50,2026-10-08T21:33:27.717274+00:00,50.00109760400028,sda2,0.9992762120000407,285926400,55799808,6637,8032,0,0,0,0,0.0,0.0,0,
50,2026-10-08T21:33:27.717274+00:00,50.00109760400028,sda3,0.9992762120000407,5559296,118784,154,25,0,0,0,0,0.0,0.0,0,
50,2026-10-08T21:33:27.717274+00:00,50.00109760400028,sda4,0.9992762120000407,4657152,0,116,0,0,0,0,0,0.0,0.0,0,
50,2026-10-08T21:33:27.717274+00:00,50.00109760400028,sda5,0.9992762120000407,16782336,13036765184,977,21508,0,63156224,0,130,0.0,63201968.826610506,884,
51,2026-10-08T21:33:28.717581+00:00,51.00134448600056,loop0,1.0003076039993175,2109440,0,219,0,0,0,0,0,0.0,0.0,0,
51,2026-10-08T21:33:28.717581+00:00,51.00134448600056,loop1,1.0003076039993175,354304,0,43,0,0,0,0,0,0.0,0.0,0,
51,2026-10-08T21:33:28.717581+00:00,51.00134448600056,loop2,1.0003076039993175,1106944,0,51,0,0,0,0,0,0.0,0.0,0,
51,2026-10-08T21:33:28.717581+00:00,51.00134448600056,loop3,1.0003076039993175,1141760,0,66,0,0,0,0,0,0.0,0.0,0,
51,2026-10-08T21:33:28.717581+00:00,51.00134448600056,loop4,1.0003076039993175,374784,0,51,0,0,0,0,0,0.0,0.0,0,
51,2026-10-08T21:33:28.717581+00:00,51.00134448600056,loop5,1.0003076039993175,14336,0,11,0,0,0,0,0,0.0,0.0,0,
51,2026-10-08T21:33:28.717581+00:00,51.00134448600056,loop6,1.0003076039993175,0,0,0,0,0,0,0,0,0.0,0.0,0,
51,2026-10-08T21:33:28.717581+00:00,51.00134448600056,loop7,1.0003076039993175,0,0,0,0,0,0,0,0,0.0,0.0,0,
51,2026-10-08T21:33:28.717581+00:00,51.00134448600056,sr0,1.0003076039993175,1536,0,8,0,0,0,0,0,0.0,0.0,0,
51,2026-10-08T21:33:28.717581+00:00,51.00134448600056,sda,1.0003076039993175,315698688,13150941184,8097,29683,0,58257408,0,118,0.0,58239493.29894302,1024,
51,2026-10-08T21:33:28.717581+00:00,51.00134448600056,sda1,1.0003076039993175,319488,0,78,0,0,0,0,0,0.0,0.0,0,
51,2026-10-08T21:33:28.717581+00:00,51.00134448600056,sda2,1.0003076039993175,285926400,55799808,6637,8032,0,0,0,0,0.0,0.0,0,
51,2026-10-08T21:33:28.717581+00:00,51.00134448600056,sda3,1.0003076039993175,5559296,118784,154,25,0,0,0,0,0.0,0.0,0,
51,2026-10-08T21:33:28.717581+00:00,51.00134448600056,sda4,1.0003076039993175,4657152,0,116,0,0,0,0,0,0.0,0.0,0,
51,2026-10-08T21:33:28.717581+00:00,51.00134448600056,sda5,1.0003076039993175,16782336,13095022592,977,21626,0,58257408,0,118,0.0,58239493.29894302,1024,
52,2026-10-08T21:33:29.716967+00:00,52.00056854700051,loop0,0.9993858610005191,2109440,0,219,0,0,0,0,0,0.0,0.0,0,
52,2026-10-08T21:33:29.716967+00:00,52.00056854700051,loop1,0.9993858610005191,354304,0,43,0,0,0,0,0,0.0,0.0,0,
52,2026-10-08T21:33:29.716967+00:00,52.00056854700051,loop2,0.9993858610005191,1106944,0,51,0,0,0,0,0,0.0,0.0,0,
52,2026-10-08T21:33:29.716967+00:00,52.00056854700051,loop3,0.9993858610005191,1141760,0,66,0,0,0,0,0,0.0,0.0,0,
52,2026-10-08T21:33:29.716967+00:00,52.00056854700051,loop4,0.9993858610005191,374784,0,51,0,0,0,0,0,0.0,0.0,0,
52,2026-10-08T21:33:29.716967+00:00,52.00056854700051,loop5,0.9993858610005191,14336,0,11,0,0,0,0,0,0.0,0.0,0,
52,2026-10-08T21:33:29.716967+00:00,52.00056854700051,loop6,0.9993858610005191,0,0,0,0,0,0,0,0,0.0,0.0,0,
52,2026-10-08T21:33:29.716967+00:00,52.00056854700051,loop7,0.9993858610005191,0,0,0,0,0,0,0,0,0.0,0.0,0,
52,2026-10-08T21:33:29.716967+00:00,52.00056854700051,sr0,0.9993858610005191,1536,0,8,0,0,0,0,0,0.0,0.0,0,
52,2026-10-08T21:33:29.716967+00:00,52.00056854700051,sda,0.9993858610005191,315698688,13208494080,8097,29794,0,57552896,0,111,0.0,57588263.19834247,932,
52,2026-10-08T21:33:29.716967+00:00,52.00056854700051,sda1,0.9993858610005191,319488,0,78,0,0,0,0,0,0.0,0.0,0,
52,2026-10-08T21:33:29.716967+00:00,52.00056854700051,sda2,0.9993858610005191,285926400,55799808,6637,8032,0,0,0,0,0.0,0.0,0,
52,2026-10-08T21:33:29.716967+00:00,52.00056854700051,sda3,0.9993858610005191,5559296,118784,154,25,0,0,0,0,0.0,0.0,0,
52,2026-10-08T21:33:29.716967+00:00,52.00056854700051,sda4,0.9993858610005191,4657152,0,116,0,0,0,0,0,0.0,0.0,0,
52,2026-10-08T21:33:29.716967+00:00,52.00056854700051,sda5,0.9993858610005191,16782336,13152575488,977,21737,0,57552896,0,111,0.0,57588263.19834247,932,
53,2026-10-08T21:33:30.719914+00:00,53.0040341240001,loop0,1.002946429000076,2109440,0,219,0,0,0,0,0,0.0,0.0,0,
53,2026-10-08T21:33:30.719914+00:00,53.0040341240001,loop1,1.002946429000076,354304,0,43,0,0,0,0,0,0.0,0.0,0,
53,2026-10-08T21:33:30.719914+00:00,53.0040341240001,loop2,1.002946429000076,1106944,0,51,0,0,0,0,0,0.0,0.0,0,
53,2026-10-08T21:33:30.719914+00:00,53.0040341240001,loop3,1.002946429000076,1141760,0,66,0,0,0,0,0,0.0,0.0,0,
53,2026-10-08T21:33:30.719914+00:00,53.0040341240001,loop4,1.002946429000076,374784,0,51,0,0,0,0,0,0.0,0.0,0,
53,2026-10-08T21:33:30.719914+00:00,53.0040341240001,loop5,1.002946429000076,14336,0,11,0,0,0,0,0,0.0,0.0,0,
53,2026-10-08T21:33:30.719914+00:00,53.0040341240001,loop6,1.002946429000076,0,0,0,0,0,0,0,0,0.0,0.0,0,
53,2026-10-08T21:33:30.719914+00:00,53.0040341240001,loop7,1.002946429000076,0,0,0,0,0,0,0,0,0.0,0.0,0,
53,2026-10-08T21:33:30.719914+00:00,53.0040341240001,sr0,1.002946429000076,1536,0,8,0,0,0,0,0,0.0,0.0,0,
53,2026-10-08T21:33:30.719914+00:00,53.0040341240001,sda,1.002946429000076,315698688,13261127680,8097,29890,0,52633600,0,96,0.0,52478974.42785153,892,
53,2026-10-08T21:33:30.719914+00:00,53.0040341240001,sda1,1.002946429000076,319488,0,78,0,0,0,0,0,0.0,0.0,0,
53,2026-10-08T21:33:30.719914+00:00,53.0040341240001,sda2,1.002946429000076,285926400,55799808,6637,8032,0,0,0,0,0.0,0.0,0,
53,2026-10-08T21:33:30.719914+00:00,53.0040341240001,sda3,1.002946429000076,5559296,118784,154,25,0,0,0,0,0.0,0.0,0,
53,2026-10-08T21:33:30.719914+00:00,53.0040341240001,sda4,1.002946429000076,4657152,0,116,0,0,0,0,0,0.0,0.0,0,
53,2026-10-08T21:33:30.719914+00:00,53.0040341240001,sda5,1.002946429000076,16782336,13205209088,977,21833,0,52633600,0,96,0.0,52478974.42785153,892,
54,2026-10-08T21:33:31.722202+00:00,54.006144162000055,loop0,1.002288523000061,2109440,0,219,0,0,0,0,0,0.0,0.0,0,
54,2026-10-08T21:33:31.722202+00:00,54.006144162000055,loop1,1.002288523000061,354304,0,43,0,0,0,0,0,0.0,0.0,0,
54,2026-10-08T21:33:31.722202+00:00,54.006144162000055,loop2,1.002288523000061,1106944,0,51,0,0,0,0,0,0.0,0.0,0,
54,2026-10-08T21:33:31.722202+00:00,54.006144162000055,loop3,1.002288523000061,1141760,0,66,0,0,0,0,0,0.0,0.0,0,
54,2026-10-08T21:33:31.722202+00:00,54.006144162000055,loop4,1.002288523000061,374784,0,51,0,0,0,0,0,0.0,0.0,0,
54,2026-10-08T21:33:31.722202+00:00,54.006144162000055,loop5,1.002288523000061,14336,0,11,0,0,0,0,0,0.0,0.0,0,
54,2026-10-08T21:33:31.722202+00:00,54.006144162000055,loop6,1.002288523000061,0,0,0,0,0,0,0,0,0.0,0.0,0,
54,2026-10-08T21:33:31.722202+00:00,54.006144162000055,loop7,1.002288523000061,0,0,0,0,0,0,0,0,0.0,0.0,0,
54,2026-10-08T21:33:31.722202+00:00,54.006144162000055,sr0,1.002288523000061,1536,0,8,0,0,0,0,0,0.0,0.0,0,
54,2026-10-08T21:33:31.722202+00:00,54.006144162000055,sda,1.002288523000061,315698688,13313818624,8097,29994,0,52690944,0,104,0.0,52570634.89291974,928,
54,2026-10-08T21:33:31.722202+00:00,54.006144162000055,sda1,1.002288523000061,319488,0,78,0,0,0,0,0,0.0,0.0,0,
54,2026-10-08T21:33:31.722202+00:00,54.006144162000055,sda2,1.002288523000061,285926400,55799808,6637,8032,0,0,0,0,0.0,0.0,0,
54,2026-10-08T21:33:31.722202+00:00,54.006144162000055,sda3,1.002288523000061,5559296,118784,154,25,0,0,0,0,0.0,0.0,0,
54,2026-10-08T21:33:31.722202+00:00,54.006144162000055,sda4,1.002288523000061,4657152,0,116,0,0,0,0,0,0.0,0.0,0,
54,2026-10-08T21:33:31.722202+00:00,54.006144162000055,sda5,1.002288523000061,16782336,13257900032,977,21937,0,52690944,0,104,0.0,52570634.89291974,928,
55,2026-10-08T21:33:32.717893+00:00,55.001193253000565,loop0,0.9956905700000789,2109440,0,219,0,0,0,0,0,0.0,0.0,0,
55,2026-10-08T21:33:32.717893+00:00,55.001193253000565,loop1,0.9956905700000789,354304,0,43,0,0,0,0,0,0.0,0.0,0,
55,2026-10-08T21:33:32.717893+00:00,55.001193253000565,loop2,0.9956905700000789,1106944,0,51,0,0,0,0,0,0.0,0.0,0,
55,2026-10-08T21:33:32.717893+00:00,55.001193253000565,loop3,0.9956905700000789,1141760,0,66,0,0,0,0,0,0.0,0.0,0,
55,2026-10-08T21:33:32.717893+00:00,55.001193253000565,loop4,0.9956905700000789,374784,0,51,0,0,0,0,0,0.0,0.0,0,
55,2026-10-08T21:33:32.717893+00:00,55.001193253000565,loop5,0.9956905700000789,14336,0,11,0,0,0,0,0,0.0,0.0,0,
55,2026-10-08T21:33:32.717893+00:00,55.001193253000565,loop6,0.9956905700000789,0,0,0,0,0,0,0,0,0.0,0.0,0,
55,2026-10-08T21:33:32.717893+00:00,55.001193253000565,loop7,0.9956905700000789,0,0,0,0,0,0,0,0,0.0,0.0,0,
55,2026-10-08T21:33:32.717893+00:00,55.001193253000565,sr0,0.9956905700000789,1536,0,8,0,0,0,0,0,0.0,0.0,0,
55,2026-10-08T21:33:32.717893+00:00,55.001193253000565,sda,0.9956905700000789,315698688,13376978944,8097,30126,0,63160320,0,132,0.0,63433683.01659721,980,
55,2026-10-08T21:33:32.717893+00:00,55.001193253000565,sda1,0.9956905700000789,319488,0,78,0,0,0,0,0,0.0,0.0,0,
55,2026-10-08T21:33:32.717893+00:00,55.001193253000565,sda2,0.9956905700000789,285926400,55799808,6637,8032,0,0,0,0,0.0,0.0,0,
55,2026-10-08T21:33:32.717893+00:00,55.001193253000565,sda3,0.9956905700000789,5559296,118784,154,25,0,0,0,0,0.0,0.0,0,
55,2026-10-08T21:33:32.717893+00:00,55.001193253000565,sda4,0.9956905700000789,4657152,0,116,0,0,0,0,0,0.0,0.0,0,
55,2026-10-08T21:33:32.717893+00:00,55.001193253000565,sda5,0.9956905700000789,16782336,13321060352,977,22069,0,63160320,0,132,0.0,63433683.01659721,980,
56,2026-10-08T21:33:33.722480+00:00,56.00525772400033,loop0,1.0045865859992773,2109440,0,219,0,0,0,0,0,0.0,0.0,0,
56,2026-10-08T21:33:33.722480+00:00,56.00525772400033,loop1,1.0045865859992773,354304,0,43,0,0,0,0,0,0.0,0.0,0,
56,2026-10-08T21:33:33.722480+00:00,56.00525772400033,loop2,1.0045865859992773,1106944,0,51,0,0,0,0,0,0.0,0.0,0,
56,2026-10-08T21:33:33.722480+00:00,56.00525772400033,loop3,1.0045865859992773,1141760,0,66,0,0,0,0,0,0.0,0.0,0,
56,2026-10-08T21:33:33.722480+00:00,56.00525772400033,loop4,1.0045865859992773,374784,0,51,0,0,0,0,0,0.0,0.0,0,
56,2026-10-08T21:33:33.722480+00:00,56.00525772400033,loop5,1.0045865859992773,14336,0,11,0,0,0,0,0,0.0,0.0,0,
56,2026-10-08T21:33:33.722480+00:00,56.00525772400033,loop6,1.0045865859992773,0,0,0,0,0,0,0,0,0.0,0.0,0,
56,2026-10-08T21:33:33.722480+00:00,56.00525772400033,loop7,1.0045865859992773,0,0,0,0,0,0,0,0,0.0,0.0,0,
56,2026-10-08T21:33:33.722480+00:00,56.00525772400033,sr0,1.0045865859992773,1536,0,8,0,0,0,0,0,0.0,0.0,0,
56,2026-10-08T21:33:33.722480+00:00,56.00525772400033,sda,1.0045865859992773,315698688,13438005248,8097,30233,0,61026304,0,107,0.0,60747679.54351712,972,
56,2026-10-08T21:33:33.722480+00:00,56.00525772400033,sda1,1.0045865859992773,319488,0,78,0,0,0,0,0,0.0,0.0,0,
56,2026-10-08T21:33:33.722480+00:00,56.00525772400033,sda2,1.0045865859992773,285926400,55799808,6637,8032,0,0,0,0,0.0,0.0,0,
56,2026-10-08T21:33:33.722480+00:00,56.00525772400033,sda3,1.0045865859992773,5559296,118784,154,25,0,0,0,0,0.0,0.0,0,
56,2026-10-08T21:33:33.722480+00:00,56.00525772400033,sda4,1.0045865859992773,4657152,0,116,0,0,0,0,0,0.0,0.0,0,
56,2026-10-08T21:33:33.722480+00:00,56.00525772400033,sda5,1.0045865859992773,16782336,13382086656,977,22176,0,61026304,0,107,0.0,60747679.54351712,972,
57,2026-10-08T21:33:34.728606+00:00,57.00216932100011,loop0,1.006126177000624,2109440,0,219,0,0,0,0,0,0.0,0.0,0,
57,2026-10-08T21:33:34.728606+00:00,57.00216932100011,loop1,1.006126177000624,354304,0,43,0,0,0,0,0,0.0,0.0,0,
57,2026-10-08T21:33:34.728606+00:00,57.00216932100011,loop2,1.006126177000624,1106944,0,51,0,0,0,0,0,0.0,0.0,0,
57,2026-10-08T21:33:34.728606+00:00,57.00216932100011,loop3,1.006126177000624,1141760,0,66,0,0,0,0,0,0.0,0.0,0,
57,2026-10-08T21:33:34.728606+00:00,57.00216932100011,loop4,1.006126177000624,374784,0,51,0,0,0,0,0,0.0,0.0,0,
57,2026-10-08T21:33:34.728606+00:00,57.00216932100011,loop5,1.006126177000624,14336,0,11,0,0,0,0,0,0.0,0.0,0,
57,2026-10-08T21:33:34.728606+00:00,57.00216932100011,loop6,1.006126177000624,0,0,0,0,0,0,0,0,0.0,0.0,0,
57,2026-10-08T21:33:34.728606+00:00,57.00216932100011,loop7,1.006126177000624,0,0,0,0,0,0,0,0,0.0,0.0,0,
57,2026-10-08T21:33:34.728606+00:00,57.00216932100011,sr0,1.006126177000624,1536,0,8,0,0,0,0,0,0.0,0.0,0,
57,2026-10-08T21:33:34.728606+00:00,57.00216932100011,sda,1.006126177000624,315698688,13498920960,8097,30354,0,60915712,0,121,0.0,60544803.815359056,960,
57,2026-10-08T21:33:34.728606+00:00,57.00216932100011,sda1,1.006126177000624,319488,0,78,0,0,0,0,0,0.0,0.0,0,
57,2026-10-08T21:33:34.728606+00:00,57.00216932100011,sda2,1.006126177000624,285926400,55799808,6637,8032,0,0,0,0,0.0,0.0,0,
57,2026-10-08T21:33:34.728606+00:00,57.00216932100011,sda3,1.006126177000624,5559296,118784,154,25,0,0,0,0,0.0,0.0,0,
57,2026-10-08T21:33:34.728606+00:00,57.00216932100011,sda4,1.006126177000624,4657152,0,116,0,0,0,0,0,0.0,0.0,0,
57,2026-10-08T21:33:34.728606+00:00,57.00216932100011,sda5,1.006126177000624,16782336,13443002368,977,22297,0,60915712,0,121,0.0,60544803.815359056,960,
58,2026-10-08T21:33:35.720822+00:00,58.00456885800031,loop0,0.9922161790000246,2109440,0,219,0,0,0,0,0,0.0,0.0,0,
58,2026-10-08T21:33:35.720822+00:00,58.00456885800031,loop1,0.9922161790000246,354304,0,43,0,0,0,0,0,0.0,0.0,0,
58,2026-10-08T21:33:35.720822+00:00,58.00456885800031,loop2,0.9922161790000246,1106944,0,51,0,0,0,0,0,0.0,0.0,0,
58,2026-10-08T21:33:35.720822+00:00,58.00456885800031,loop3,0.9922161790000246,1141760,0,66,0,0,0,0,0,0.0,0.0,0,
58,2026-10-08T21:33:35.720822+00:00,58.00456885800031,loop4,0.9922161790000246,374784,0,51,0,0,0,0,0,0.0,0.0,0,
58,2026-10-08T21:33:35.720822+00:00,58.00456885800031,loop5,0.9922161790000246,14336,0,11,0,0,0,0,0,0.0,0.0,0,
58,2026-10-08T21:33:35.720822+00:00,58.00456885800031,loop6,0.9922161790000246,0,0,0,0,0,0,0,0,0.0,0.0,0,
58,2026-10-08T21:33:35.720822+00:00,58.00456885800031,loop7,0.9922161790000246,0,0,0,0,0,0,0,0,0.0,0.0,0,
58,2026-10-08T21:33:35.720822+00:00,58.00456885800031,sr0,0.9922161790000246,1536,0,8,0,0,0,0,0,0.0,0.0,0,
58,2026-10-08T21:33:35.720822+00:00,58.00456885800031,sda,0.9922161790000246,315698688,13555949568,8097,30473,0,57028608,0,119,0.0,57475990.82437315,916,
58,2026-10-08T21:33:35.720822+00:00,58.00456885800031,sda1,0.9922161790000246,319488,0,78,0,0,0,0,0,0.0,0.0,0,
58,2026-10-08T21:33:35.720822+00:00,58.00456885800031,sda2,0.9922161790000246,285926400,55799808,6637,8032,0,0,0,0,0.0,0.0,0,
58,2026-10-08T21:33:35.720822+00:00,58.00456885800031,sda3,0.9922161790000246,5559296,118784,154,25,0,0,0,0,0.0,0.0,0,
58,2026-10-08T21:33:35.720822+00:00,58.00456885800031,sda4,0.9922161790000246,4657152,0,116,0,0,0,0,0,0.0,0.0,0,
58,2026-10-08T21:33:35.720822+00:00,58.00456885800031,sda5,0.9922161790000246,16782336,13500030976,977,22416,0,57028608,0,119,0.0,57475990.82437315,916,
59,2026-10-08T21:33:36.824211+00:00,59.10832355100047,loop0,1.1033897239994985,2109440,0,219,0,0,0,0,0,0.0,0.0,0,
59,2026-10-08T21:33:36.824211+00:00,59.10832355100047,loop1,1.1033897239994985,354304,0,43,0,0,0,0,0,0.0,0.0,0,
59,2026-10-08T21:33:36.824211+00:00,59.10832355100047,loop2,1.1033897239994985,1106944,0,51,0,0,0,0,0,0.0,0.0,0,
59,2026-10-08T21:33:36.824211+00:00,59.10832355100047,loop3,1.1033897239994985,1141760,0,66,0,0,0,0,0,0.0,0.0,0,
59,2026-10-08T21:33:36.824211+00:00,59.10832355100047,loop4,1.1033897239994985,374784,0,51,0,0,0,0,0,0.0,0.0,0,
59,2026-10-08T21:33:36.824211+00:00,59.10832355100047,loop5,1.1033897239994985,14336,0,11,0,0,0,0,0,0.0,0.0,0,
59,2026-10-08T21:33:36.824211+00:00,59.10832355100047,loop6,1.1033897239994985,0,0,0,0,0,0,0,0,0.0,0.0,0,
59,2026-10-08T21:33:36.824211+00:00,59.10832355100047,loop7,1.1033897239994985,0,0,0,0,0,0,0,0,0.0,0.0,0,
59,2026-10-08T21:33:36.824211+00:00,59.10832355100047,sr0,1.1033897239994985,1536,0,8,0,0,0,0,0,0.0,0.0,0,
59,2026-10-08T21:33:36.824211+00:00,59.10832355100047,sda,1.1033897239994985,315698688,13608583168,8097,30580,0,52633600,0,107,0.0,47701731.17909508,960,
59,2026-10-08T21:33:36.824211+00:00,59.10832355100047,sda1,1.1033897239994985,319488,0,78,0,0,0,0,0,0.0,0.0,0,
59,2026-10-08T21:33:36.824211+00:00,59.10832355100047,sda2,1.1033897239994985,285926400,55799808,6637,8032,0,0,0,0,0.0,0.0,0,
59,2026-10-08T21:33:36.824211+00:00,59.10832355100047,sda3,1.1033897239994985,5559296,118784,154,25,0,0,0,0,0.0,0.0,0,
59,2026-10-08T21:33:36.824211+00:00,59.10832355100047,sda4,1.1033897239994985,4657152,0,116,0,0,0,0,0,0.0,0.0,0,
59,2026-10-08T21:33:36.824211+00:00,59.10832355100047,sda5,1.1033897239994985,16782336,13552664576,977,22523,0,52633600,0,107,0.0,47701731.17909508,960,
60,2026-10-08T21:33:37.720031+00:00,60.00402551500065,loop0,0.8958195579998574,2109440,0,219,0,0,0,0,0,0.0,0.0,0,
60,2026-10-08T21:33:37.720031+00:00,60.00402551500065,loop1,0.8958195579998574,354304,0,43,0,0,0,0,0,0.0,0.0,0,
60,2026-10-08T21:33:37.720031+00:00,60.00402551500065,loop2,0.8958195579998574,1106944,0,51,0,0,0,0,0,0.0,0.0,0,
60,2026-10-08T21:33:37.720031+00:00,60.00402551500065,loop3,0.8958195579998574,1141760,0,66,0,0,0,0,0,0.0,0.0,0,
60,2026-10-08T21:33:37.720031+00:00,60.00402551500065,loop4,0.8958195579998574,374784,0,51,0,0,0,0,0,0.0,0.0,0,
60,2026-10-08T21:33:37.720031+00:00,60.00402551500065,loop5,0.8958195579998574,14336,0,11,0,0,0,0,0,0.0,0.0,0,
60,2026-10-08T21:33:37.720031+00:00,60.00402551500065,loop6,0.8958195579998574,0,0,0,0,0,0,0,0,0.0,0.0,0,
60,2026-10-08T21:33:37.720031+00:00,60.00402551500065,loop7,0.8958195579998574,0,0,0,0,0,0,0,0,0.0,0.0,0,
60,2026-10-08T21:33:37.720031+00:00,60.00402551500065,sr0,0.8958195579998574,1536,0,8,0,0,0,0,0,0.0,0.0,0,
60,2026-10-08T21:33:37.720031+00:00,60.00402551500065,sda,0.8958195579998574,315698688,13658001408,8097,30679,0,49418240,0,99,0.0,55165395.261450484,880,
60,2026-10-08T21:33:37.720031+00:00,60.00402551500065,sda1,0.8958195579998574,319488,0,78,0,0,0,0,0,0.0,0.0,0,
60,2026-10-08T21:33:37.720031+00:00,60.00402551500065,sda2,0.8958195579998574,285926400,55799808,6637,8032,0,0,0,0,0.0,0.0,0,
60,2026-10-08T21:33:37.720031+00:00,60.00402551500065,sda3,0.8958195579998574,5559296,118784,154,25,0,0,0,0,0.0,0.0,0,
60,2026-10-08T21:33:37.720031+00:00,60.00402551500065,sda4,0.8958195579998574,4657152,0,116,0,0,0,0,0,0.0,0.0,0,
60,2026-10-08T21:33:37.720031+00:00,60.00402551500065,sda5,0.8958195579998574,16782336,13602082816,977,22622,0,49418240,0,99,0.0,55165395.261450484,880,
61,2026-10-08T21:33:38.741024+00:00,61.02147514199987,loop0,1.0209929930006183,2109440,0,219,0,0,0,0,0,0.0,0.0,0,
61,2026-10-08T21:33:38.741024+00:00,61.02147514199987,loop1,1.0209929930006183,354304,0,43,0,0,0,0,0,0.0,0.0,0,
61,2026-10-08T21:33:38.741024+00:00,61.02147514199987,loop2,1.0209929930006183,1106944,0,51,0,0,0,0,0,0.0,0.0,0,
61,2026-10-08T21:33:38.741024+00:00,61.02147514199987,loop3,1.0209929930006183,1141760,0,66,0,0,0,0,0,0.0,0.0,0,
61,2026-10-08T21:33:38.741024+00:00,61.02147514199987,loop4,1.0209929930006183,374784,0,51,0,0,0,0,0,0.0,0.0,0,
61,2026-10-08T21:33:38.741024+00:00,61.02147514199987,loop5,1.0209929930006183,14336,0,11,0,0,0,0,0,0.0,0.0,0,
61,2026-10-08T21:33:38.741024+00:00,61.02147514199987,loop6,1.0209929930006183,0,0,0,0,0,0,0,0,0.0,0.0,0,
61,2026-10-08T21:33:38.741024+00:00,61.02147514199987,loop7,1.0209929930006183,0,0,0,0,0,0,0,0,0.0,0.0,0,
61,2026-10-08T21:33:38.741024+00:00,61.02147514199987,sr0,1.0209929930006183,1536,0,8,0,0,0,0,0,0.0,0.0,0,
61,2026-10-08T21:33:38.741024+00:00,61.02147514199987,sda,1.0209929930006183,315698688,13713911808,8097,30778,0,55910400,0,99,0.0,54760806.76683561,1012,
61,2026-10-08T21:33:38.741024+00:00,61.02147514199987,sda1,1.0209929930006183,319488,0,78,0,0,0,0,0,0.0,0.0,0,
61,2026-10-08T21:33:38.741024+00:00,61.02147514199987,sda2,1.0209929930006183,285926400,55799808,6637,8032,0,0,0,0,0.0,0.0,0,
61,2026-10-08T21:33:38.741024+00:00,61.02147514199987,sda3,1.0209929930006183,5559296,118784,154,25,0,0,0,0,0.0,0.0,0,
61,2026-10-08T21:33:38.741024+00:00,61.02147514199987,sda4,1.0209929930006183,4657152,0,116,0,0,0,0,0,0.0,0.0,0,
61,2026-10-08T21:33:38.741024+00:00,61.02147514199987,sda5,1.0209929930006183,16782336,13657993216,977,22721,0,55910400,0,99,0.0,54760806.76683561,1012,
62,2026-10-08T21:33:39.721505+00:00,62.0035771769999,loop0,0.9804804879995572,2109440,0,219,0,0,0,0,0,0.0,0.0,0,
62,2026-10-08T21:33:39.721505+00:00,62.0035771769999,loop1,0.9804804879995572,354304,0,43,0,0,0,0,0,0.0,0.0,0,
62,2026-10-08T21:33:39.721505+00:00,62.0035771769999,loop2,0.9804804879995572,1106944,0,51,0,0,0,0,0,0.0,0.0,0,
62,2026-10-08T21:33:39.721505+00:00,62.0035771769999,loop3,0.9804804879995572,1141760,0,66,0,0,0,0,0,0.0,0.0,0,
62,2026-10-08T21:33:39.721505+00:00,62.0035771769999,loop4,0.9804804879995572,374784,0,51,0,0,0,0,0,0.0,0.0,0,
62,2026-10-08T21:33:39.721505+00:00,62.0035771769999,loop5,0.9804804879995572,14336,0,11,0,0,0,0,0,0.0,0.0,0,
62,2026-10-08T21:33:39.721505+00:00,62.0035771769999,loop6,0.9804804879995572,0,0,0,0,0,0,0,0,0.0,0.0,0,
62,2026-10-08T21:33:39.721505+00:00,62.0035771769999,loop7,0.9804804879995572,0,0,0,0,0,0,0,0,0.0,0.0,0,
62,2026-10-08T21:33:39.721505+00:00,62.0035771769999,sr0,0.9804804879995572,1536,0,8,0,0,0,0,0,0.0,0.0,0,
62,2026-10-08T21:33:39.721505+00:00,62.0035771769999,sda,0.9804804879995572,315698688,13774544896,8097,30872,0,60633088,0,94,0.0,61840178.098503254,924,
62,2026-10-08T21:33:39.721505+00:00,62.0035771769999,sda1,0.9804804879995572,319488,0,78,0,0,0,0,0,0.0,0.0,0,
62,2026-10-08T21:33:39.721505+00:00,62.0035771769999,sda2,0.9804804879995572,285926400,55799808,6637,8032,0,0,0,0,0.0,0.0,0,
62,2026-10-08T21:33:39.721505+00:00,62.0035771769999,sda3,0.9804804879995572,5559296,118784,154,25,0,0,0,0,0.0,0.0,0,
62,2026-10-08T21:33:39.721505+00:00,62.0035771769999,sda4,0.9804804879995572,4657152,0,116,0,0,0,0,0,0.0,0.0,0,
62,2026-10-08T21:33:39.721505+00:00,62.0035771769999,sda5,0.9804804879995572,16782336,13718626304,977,22815,0,60633088,0,94,0.0,61840178.098503254,924,
63,2026-10-08T21:33:40.717066+00:00,63.00061905600069,loop0,0.9955614870004865,2109440,0,219,0,0,0,0,0,0.0,0.0,0,
63,2026-10-08T21:33:40.717066+00:00,63.00061905600069,loop1,0.9955614870004865,354304,0,43,0,0,0,0,0,0.0,0.0,0,
63,2026-10-08T21:33:40.717066+00:00,63.00061905600069,loop2,0.9955614870004865,1106944,0,51,0,0,0,0,0,0.0,0.0,0,
63,2026-10-08T21:33:40.717066+00:00,63.00061905600069,loop3,0.9955614870004865,1141760,0,66,0,0,0,0,0,0.0,0.0,0,
63,2026-10-08T21:33:40.717066+00:00,63.00061905600069,loop4,0.9955614870004865,374784,0,51,0,0,0,0,0,0.0,0.0,0,
63,2026-10-08T21:33:40.717066+00:00,63.00061905600069,loop5,0.9955614870004865,14336,0,11,0,0,0,0,0,0.0,0.0,0,
63,2026-10-08T21:33:40.717066+00:00,63.00061905600069,loop6,0.9955614870004865,0,0,0,0,0,0,0,0,0.0,0.0,0,
63,2026-10-08T21:33:40.717066+00:00,63.00061905600069,loop7,0.9955614870004865,0,0,0,0,0,0,0,0,0.0,0.0,0,
63,2026-10-08T21:33:40.717066+00:00,63.00061905600069,sr0,0.9955614870004865,1536,0,8,0,0,0,0,0,0.0,0.0,0,
63,2026-10-08T21:33:40.717066+00:00,63.00061905600069,sda,0.9955614870004865,315698688,13819195392,8097,30952,0,44650496,0,80,0.0,44849561.36112382,944,
63,2026-10-08T21:33:40.717066+00:00,63.00061905600069,sda1,0.9955614870004865,319488,0,78,0,0,0,0,0,0.0,0.0,0,
63,2026-10-08T21:33:40.717066+00:00,63.00061905600069,sda2,0.9955614870004865,285926400,55799808,6637,8032,0,0,0,0,0.0,0.0,0,
63,2026-10-08T21:33:40.717066+00:00,63.00061905600069,sda3,0.9955614870004865,5559296,118784,154,25,0,0,0,0,0.0,0.0,0,
63,2026-10-08T21:33:40.717066+00:00,63.00061905600069,sda4,0.9955614870004865,4657152,0,116,0,0,0,0,0,0.0,0.0,0,
63,2026-10-08T21:33:40.717066+00:00,63.00061905600069,sda5,0.9955614870004865,16782336,13763276800,977,22895,0,44650496,0,80,0.0,44849561.36112382,944,
64,2026-10-08T21:33:41.718571+00:00,64.00212098700013,loop0,1.0015054380000947,2109440,0,219,0,0,0,0,0,0.0,0.0,0,
64,2026-10-08T21:33:41.718571+00:00,64.00212098700013,loop1,1.0015054380000947,354304,0,43,0,0,0,0,0,0.0,0.0,0,
64,2026-10-08T21:33:41.718571+00:00,64.00212098700013,loop2,1.0015054380000947,1106944,0,51,0,0,0,0,0,0.0,0.0,0,
64,2026-10-08T21:33:41.718571+00:00,64.00212098700013,loop3,1.0015054380000947,1141760,0,66,0,0,0,0,0,0.0,0.0,0,
64,2026-10-08T21:33:41.718571+00:00,64.00212098700013,loop4,1.0015054380000947,374784,0,51,0,0,0,0,0,0.0,0.0,0,
64,2026-10-08T21:33:41.718571+00:00,64.00212098700013,loop5,1.0015054380000947,14336,0,11,0,0,0,0,0,0.0,0.0,0,
64,2026-10-08T21:33:41.718571+00:00,64.00212098700013,loop6,1.0015054380000947,0,0,0,0,0,0,0,0,0.0,0.0,0,
64,2026-10-08T21:33:41.718571+00:00,64.00212098700013,loop7,1.0015054380000947,0,0,0,0,0,0,0,0,0.0,0.0,0,
64,2026-10-08T21:33:41.718571+00:00,64.00212098700013,sr0,1.0015054380000947,1536,0,8,0,0,0,0,0,0.0,0.0,0,
64,2026-10-08T21:33:41.718571+00:00,64.00212098700013,sda,1.0015054380000947,315698688,13882351616,8097,31059,0,63156224,0,107,0.0,63061289.13899519,900,
64,2026-10-08T21:33:41.718571+00:00,64.00212098700013,sda1,1.0015054380000947,319488,0,78,0,0,0,0,0,0.0,0.0,0,
64,2026-10-08T21:33:41.718571+00:00,64.00212098700013,sda2,1.0015054380000947,285926400,55799808,6637,8032,0,0,0,0,0.0,0.0,0,
64,2026-10-08T21:33:41.718571+00:00,64.00212098700013,sda3,1.0015054380000947,5559296,118784,154,25,0,0,0,0,0.0,0.0,0,
64,2026-10-08T21:33:41.718571+00:00,64.00212098700013,sda4,1.0015054380000947,4657152,0,116,0,0,0,0,0,0.0,0.0,0,
64,2026-10-08T21:33:41.718571+00:00,64.00212098700013,sda5,1.0015054380000947,16782336,13826433024,977,23002,0,63156224,0,107,0.0,63061289.13899519,900,
65,2026-10-08T21:33:42.716836+00:00,65.0006883900005,loop0,0.9982649619996664,2109440,0,219,0,0,0,0,0,0.0,0.0,0,
65,2026-10-08T21:33:42.716836+00:00,65.0006883900005,loop1,0.9982649619996664,354304,0,43,0,0,0,0,0,0.0,0.0,0,
65,2026-10-08T21:33:42.716836+00:00,65.0006883900005,loop2,0.9982649619996664,1106944,0,51,0,0,0,0,0,0.0,0.0,0,
65,2026-10-08T21:33:42.716836+00:00,65.0006883900005,loop3,0.9982649619996664,1141760,0,66,0,0,0,0,0,0.0,0.0,0,
65,2026-10-08T21:33:42.716836+00:00,65.0006883900005,loop4,0.9982649619996664,374784,0,51,0,0,0,0,0,0.0,0.0,0,
65,2026-10-08T21:33:42.716836+00:00,65.0006883900005,loop5,0.9982649619996664,14336,0,11,0,0,0,0,0,0.0,0.0,0,
65,2026-10-08T21:33:42.716836+00:00,65.0006883900005,loop6,0.9982649619996664,0,0,0,0,0,0,0,0,0.0,0.0,0,
65,2026-10-08T21:33:42.716836+00:00,65.0006883900005,loop7,0.9982649619996664,0,0,0,0,0,0,0,0,0.0,0.0,0,
65,2026-10-08T21:33:42.716836+00:00,65.0006883900005,sr0,0.9982649619996664,1536,0,8,0,0,0,0,0,0.0,0.0,0,
65,2026-10-08T21:33:42.716836+00:00,65.0006883900005,sda,0.9982649619996664,315698688,13935046656,8097,31161,0,52695040,0,102,0.0,52786626.80341335,968,
65,2026-10-08T21:33:42.716836+00:00,65.0006883900005,sda1,0.9982649619996664,319488,0,78,0,0,0,0,0,0.0,0.0,0,
65,2026-10-08T21:33:42.716836+00:00,65.0006883900005,sda2,0.9982649619996664,285926400,55799808,6637,8032,0,0,0,0,0.0,0.0,0,
65,2026-10-08T21:33:42.716836+00:00,65.0006883900005,sda3,0.9982649619996664,5559296,118784,154,25,0,0,0,0,0.0,0.0,0,
65,2026-10-08T21:33:42.716836+00:00,65.0006883900005,sda4,0.9982649619996664,4657152,0,116,0,0,0,0,0,0.0,0.0,0,
65,2026-10-08T21:33:42.716836+00:00,65.0006883900005,sda5,0.9982649619996664,16782336,13879128064,977,23104,0,52695040,0,102,0.0,52786626.80341335,968,
66,2026-10-08T21:33:43.720623+00:00,66.00467873100024,loop0,1.0037865329995839,2109440,0,219,0,0,0,0,0,0.0,0.0,0,
66,2026-10-08T21:33:43.720623+00:00,66.00467873100024,loop1,1.0037865329995839,354304,0,43,0,0,0,0,0,0.0,0.0,0,
66,2026-10-08T21:33:43.720623+00:00,66.00467873100024,loop2,1.0037865329995839,1106944,0,51,0,0,0,0,0,0.0,0.0,0,
66,2026-10-08T21:33:43.720623+00:00,66.00467873100024,loop3,1.0037865329995839,1141760,0,66,0,0,0,0,0,0.0,0.0,0,
66,2026-10-08T21:33:43.720623+00:00,66.00467873100024,loop4,1.0037865329995839,374784,0,51,0,0,0,0,0,0.0,0.0,0,
66,2026-10-08T21:33:43.720623+00:00,66.00467873100024,loop5,1.0037865329995839,14336,0,11,0,0,0,0,0,0.0,0.0,0,
66,2026-10-08T21:33:43.720623+00:00,66.00467873100024,loop6,1.0037865329995839,0,0,0,0,0,0,0,0,0.0,0.0,0,
66,2026-10-08T21:33:43.720623+00:00,66.00467873100024,loop7,1.0037865329995839,0,0,0,0,0,0,0,0,0.0,0.0,0,
66,2026-10-08T21:33:43.720623+00:00,66.00467873100024,sr0,1.0037865329995839,1536,0,8,0,0,0,0,0,0.0,0.0,0,
66,2026-10-08T21:33:43.720623+00:00,66.00467873100024,sda,1.0037865329995839,315698688,13995745280,8097,31278,0,60698624,0,117,0.0,60469653.66093945,948,
66,2026-10-08T21:33:43.720623+00:00,66.00467873100024,sda1,1.0037865329995839,319488,0,78,0,0,0,0,0,0.0,0.0,0,
66,2026-10-08T21:33:43.720623+00:00,66.00467873100024,sda2,1.0037865329995839,285926400,55799808,6637,8032,0,0,0,0,0.0,0.0,0,
66,2026-10-08T21:33:43.720623+00:00,66.00467873100024,sda3,1.0037865329995839,5559296,118784,154,25,0,0,0,0,0.0,0.0,0,
66,2026-10-08T21:33:43.720623+00:00,66.00467873100024,sda4,1.0037865329995839,4657152,0,116,0,0,0,0,0,0.0,0.0,0,
66,2026-10-08T21:33:43.720623+00:00,66.00467873100024,sda5,1.0037865329995839,16782336,13939826688,977,23221,0,60698624,0,117,0.0,60469653.66093945,948,
67,2026-10-08T21:33:44.719705+00:00,67.003410798,loop0,0.999082594000356,2109440,0,219,0,0,0,0,0,0.0,0.0,0,
67,2026-10-08T21:33:44.719705+00:00,67.003410798,loop1,0.999082594000356,354304,0,43,0,0,0,0,0,0.0,0.0,0,
67,2026-10-08T21:33:44.719705+00:00,67.003410798,loop2,0.999082594000356,1106944,0,51,0,0,0,0,0,0.0,0.0,0,
67,2026-10-08T21:33:44.719705+00:00,67.003410798,loop3,0.999082594000356,1141760,0,66,0,0,0,0,0,0.0,0.0,0,
67,2026-10-08T21:33:44.719705+00:00,67.003410798,loop4,0.999082594000356,374784,0,51,0,0,0,0,0,0.0,0.0,0,
67,2026-10-08T21:33:44.719705+00:00,67.003410798,loop5,0.999082594000356,14336,0,11,0,0,0,0,0,0.0,0.0,0,
67,2026-10-08T21:33:44.719705+00:00,67.003410798,loop6,0.999082594000356,0,0,0,0,0,0,0,0,0.0,0.0,0,
67,2026-10-08T21:33:44.719705+00:00,67.003410798,loop7,0.999082594000356,0,0,0,0,0,0,0,0,0.0,0.0,0,
67,2026-10-08T21:33:44.719705+00:00,67.003410798,sr0,0.999082594000356,1536,0,8,0,0,0,0,0,0.0,0.0,0,
67,2026-10-08T21:33:44.719705+00:00,67.003410798,sda,0.999082594000356,315698688,14050840576,8097,31391,0,55095296,0,113,0.0,55145887.16774338,992,
67,2026-10-08T21:33:44.719705+00:00,67.003410798,sda1,0.999082594000356,319488,0,78,0,0,0,0,0,0.0,0.0,0,
67,2026-10-08T21:33:44.719705+00:00,67.003410798,sda2,0.999082594000356,285926400,55799808,6637,8032,0,0,0,0,0.0,0.0,0,
67,2026-10-08T21:33:44.719705+00:00,67.003410798,sda3,0.999082594000356,5559296,118784,154,25,0,0,0,0,0.0,0.0,0,
67,2026-10-08T21:33:44.719705+00:00,67.003410798,sda4,0.999082594000356,4657152,0,116,0,0,0,0,0,0.0,0.0,0,
67,2026-10-08T21:33:44.719705+00:00,67.003410798,sda5,0.999082594000356,16782336,13994921984,977,23334,0,55095296,0,113,0.0,55145887.16774338,992,
68,2026-10-08T21:33:45.717647+00:00,68.00166913400062,loop0,0.9979413000000932,2109440,0,219,0,0,0,0,0,0.0,0.0,0,
68,2026-10-08T21:33:45.717647+00:00,68.00166913400062,loop1,0.9979413000000932,354304,0,43,0,0,0,0,0,0.0,0.0,0,
68,2026-10-08T21:33:45.717647+00:00,68.00166913400062,loop2,0.9979413000000932,1106944,0,51,0,0,0,0,0,0.0,0.0,0,
68,2026-10-08T21:33:45.717647+00:00,68.00166913400062,loop3,0.9979413000000932,1141760,0,66,0,0,0,0,0,0.0,0.0,0,
68,2026-10-08T21:33:45.717647+00:00,68.00166913400062,loop4,0.9979413000000932,374784,0,51,0,0,0,0,0,0.0,0.0,0,
68,2026-10-08T21:33:45.717647+00:00,68.00166913400062,loop5,0.9979413000000932,14336,0,11,0,0,0,0,0,0.0,0.0,0,
68,2026-10-08T21:33:45.717647+00:00,68.00166913400062,loop6,0.9979413000000932,0,0,0,0,0,0,0,0,0.0,0.0,0,
68,2026-10-08T21:33:45.717647+00:00,68.00166913400062,loop7,0.9979413000000932,0,0,0,0,0,0,0,0,0.0,0.0,0,
68,2026-10-08T21:33:45.717647+00:00,68.00166913400062,sr0,0.9979413000000932,1536,0,8,0,0,0,0,0,0.0,0.0,0,
68,2026-10-08T21:33:45.717647+00:00,68.00166913400062,sda,0.9979413000000932,315698688,14102089728,8097,31493,0,51249152,0,102,0.0,51354876.28380068,940,
68,2026-10-08T21:33:45.717647+00:00,68.00166913400062,sda1,0.9979413000000932,319488,0,78,0,0,0,0,0,0.0,0.0,0,
68,2026-10-08T21:33:45.717647+00:00,68.00166913400062,sda2,0.9979413000000932,285926400,55799808,6637,8032,0,0,0,0,0.0,0.0,0,
68,2026-10-08T21:33:45.717647+00:00,68.00166913400062,sda3,0.9979413000000932,5559296,118784,154,25,0,0,0,0,0.0,0.0,0,
68,2026-10-08T21:33:45.717647+00:00,68.00166913400062,sda4,0.9979413000000932,4657152,0,116,0,0,0,0,0,0.0,0.0,0,
68,2026-10-08T21:33:45.717647+00:00,68.00166913400062,sda5,0.9979413000000932,16782336,14046171136,977,23436,0,51249152,0,102,0.0,51354876.28380068,940,
69,2026-10-08T21:33:46.720259+00:00,69.0038858020007,loop0,1.002612446999592,2109440,0,219,0,0,0,0,0,0.0,0.0,0,
69,2026-10-08T21:33:46.720259+00:00,69.0038858020007,loop1,1.002612446999592,354304,0,43,0,0,0,0,0,0.0,0.0,0,
69,2026-10-08T21:33:46.720259+00:00,69.0038858020007,loop2,1.002612446999592,1106944,0,51,0,0,0,0,0,0.0,0.0,0,
69,2026-10-08T21:33:46.720259+00:00,69.0038858020007,loop3,1.002612446999592,1141760,0,66,0,0,0,0,0,0.0,0.0,0,
69,2026-10-08T21:33:46.720259+00:00,69.0038858020007,loop4,1.002612446999592,374784,0,51,0,0,0,0,0,0.0,0.0,0,
69,2026-10-08T21:33:46.720259+00:00,69.0038858020007,loop5,1.002612446999592,14336,0,11,0,0,0,0,0,0.0,0.0,0,
69,2026-10-08T21:33:46.720259+00:00,69.0038858020007,loop6,1.002612446999592,0,0,0,0,0,0,0,0,0.0,0.0,0,
69,2026-10-08T21:33:46.720259+00:00,69.0038858020007,loop7,1.002612446999592,0,0,0,0,0,0,0,0,0.0,0.0,0,
69,2026-10-08T21:33:46.720259+00:00,69.0038858020007,sr0,1.002612446999592,1536,0,8,0,0,0,0,0,0.0,0.0,0,
69,2026-10-08T21:33:46.720259+00:00,69.0038858020007,sda,1.002612446999592,315698688,14156107776,8097,31601,0,54018048,0,108,0.0,53877296.41862503,984,
69,2026-10-08T21:33:46.720259+00:00,69.0038858020007,sda1,1.002612446999592,319488,0,78,0,0,0,0,0,0.0,0.0,0,
69,2026-10-08T21:33:46.720259+00:00,69.0038858020007,sda2,1.002612446999592,285926400,55799808,6637,8032,0,0,0,0,0.0,0.0,0,
69,2026-10-08T21:33:46.720259+00:00,69.0038858020007,sda3,1.002612446999592,5559296,118784,154,25,0,0,0,0,0.0,0.0,0,
69,2026-10-08T21:33:46.720259+00:00,69.0038858020007,sda4,1.002612446999592,4657152,0,116,0,0,0,0,0,0.0,0.0,0,
69,2026-10-08T21:33:46.720259+00:00,69.0038858020007,sda5,1.002612446999592,16782336,14100189184,977,23544,0,54018048,0,108,0.0,53877296.41862503,984,
70,2026-10-08T21:33:47.720902+00:00,70.00409473899981,loop0,1.0006430680004996,2109440,0,219,0,0,0,0,0,0.0,0.0,0,
70,2026-10-08T21:33:47.720902+00:00,70.00409473899981,loop1,1.0006430680004996,354304,0,43,0,0,0,0,0,0.0,0.0,0,
70,2026-10-08T21:33:47.720902+00:00,70.00409473899981,loop2,1.0006430680004996,1106944,0,51,0,0,0,0,0,0.0,0.0,0,
70,2026-10-08T21:33:47.720902+00:00,70.00409473899981,loop3,1.0006430680004996,1141760,0,66,0,0,0,0,0,0.0,0.0,0,
70,2026-10-08T21:33:47.720902+00:00,70.00409473899981,loop4,1.0006430680004996,374784,0,51,0,0,0,0,0,0.0,0.0,0,
70,2026-10-08T21:33:47.720902+00:00,70.00409473899981,loop5,1.0006430680004996,14336,0,11,0,0,0,0,0,0.0,0.0,0,
70,2026-10-08T21:33:47.720902+00:00,70.00409473899981,loop6,1.0006430680004996,0,0,0,0,0,0,0,0,0.0,0.0,0,
70,2026-10-08T21:33:47.720902+00:00,70.00409473899981,loop7,1.0006430680004996,0,0,0,0,0,0,0,0,0.0,0.0,0,
70,2026-10-08T21:33:47.720902+00:00,70.00409473899981,sr0,1.0006430680004996,1536,0,8,0,0,0,0,0,0.0,0.0,0,
70,2026-10-08T21:33:47.720902+00:00,70.00409473899981,sda,1.0006430680004996,315698688,14208741376,8097,31705,0,52633600,0,104,0.0,52599774.7680132,904,
70,2026-10-08T21:33:47.720902+00:00,70.00409473899981,sda1,1.0006430680004996,319488,0,78,0,0,0,0,0,0.0,0.0,0,
70,2026-10-08T21:33:47.720902+00:00,70.00409473899981,sda2,1.0006430680004996,285926400,55799808,6637,8032,0,0,0,0,0.0,0.0,0,
70,2026-10-08T21:33:47.720902+00:00,70.00409473899981,sda3,1.0006430680004996,5559296,118784,154,25,0,0,0,0,0.0,0.0,0,
70,2026-10-08T21:33:47.720902+00:00,70.00409473899981,sda4,1.0006430680004996,4657152,0,116,0,0,0,0,0,0.0,0.0,0,
70,2026-10-08T21:33:47.720902+00:00,70.00409473899981,sda5,1.0006430680004996,16782336,14152822784,977,23648,0,52633600,0,104,0.0,52599774.7680132,904,
71,2026-10-08T21:33:48.717577+00:00,71.00114677200054,loop0,0.9966750619996674,2109440,0,219,0,0,0,0,0,0.0,0.0,0,
71,2026-10-08T21:33:48.717577+00:00,71.00114677200054,loop1,0.9966750619996674,354304,0,43,0,0,0,0,0,0.0,0.0,0,
71,2026-10-08T21:33:48.717577+00:00,71.00114677200054,loop2,0.9966750619996674,1106944,0,51,0,0,0,0,0,0.0,0.0,0,
71,2026-10-08T21:33:48.717577+00:00,71.00114677200054,loop3,0.9966750619996674,1141760,0,66,0,0,0,0,0,0.0,0.0,0,
71,2026-10-08T21:33:48.717577+00:00,71.00114677200054,loop4,0.9966750619996674,374784,0,51,0,0,0,0,0,0.0,0.0,0,
71,2026-10-08T21:33:48.717577+00:00,71.00114677200054,loop5,0.9966750619996674,14336,0,11,0,0,0,0,0,0.0,0.0,0,
71,2026-10-08T21:33:48.717577+00:00,71.00114677200054,loop6,0.9966750619996674,0,0,0,0,0,0,0,0,0.0,0.0,0,
71,2026-10-08T21:33:48.717577+00:00,71.00114677200054,loop7,0.9966750619996674,0,0,0,0,0,0,0,0,0.0,0.0,0,
71,2026-10-08T21:33:48.717577+00:00,71.00114677200054,sr0,0.9966750619996674,1536,0,8,0,0,0,0,0,0.0,0.0,0,
71,2026-10-08T21:33:48.717577+00:00,71.00114677200054,sda,0.9966750619996674,315698688,14250909696,8097,31796,0,42168320,0,91,0.0,42308994.78451491,856,
71,2026-10-08T21:33:48.717577+00:00,71.00114677200054,sda1,0.9966750619996674,319488,0,78,0,0,0,0,0,0.0,0.0,0,
71,2026-10-08T21:33:48.717577+00:00,71.00114677200054,sda2,0.9966750619996674,285926400,55799808,6637,8032,0,0,0,0,0.0,0.0,0,
71,2026-10-08T21:33:48.717577+00:00,71.00114677200054,sda3,0.9966750619996674,5559296,118784,154,25,0,0,0,0,0.0,0.0,0,
71,2026-10-08T21:33:48.717577+00:00,71.00114677200054,sda4,0.9966750619996674,4657152,0,116,0,0,0,0,0,0.0,0.0,0,
71,2026-10-08T21:33:48.717577+00:00,71.00114677200054,sda5,0.9966750619996674,16782336,14194991104,977,23739,0,42168320,0,91,0.0,42308994.78451491,856,
72,2026-10-08T21:33:49.717883+00:00,72.00137278500006,loop0,1.000305624000248,2109440,0,219,0,0,0,0,0,0.0,0.0,0,
72,2026-10-08T21:33:49.717883+00:00,72.00137278500006,loop1,1.000305624000248,354304,0,43,0,0,0,0,0,0.0,0.0,0,
72,2026-10-08T21:33:49.717883+00:00,72.00137278500006,loop2,1.000305624000248,1106944,0,51,0,0,0,0,0,0.0,0.0,0,
72,2026-10-08T21:33:49.717883+00:00,72.00137278500006,loop3,1.000305624000248,1141760,0,66,0,0,0,0,0,0.0,0.0,0,
72,2026-10-08T21:33:49.717883+00:00,72.00137278500006,loop4,1.000305624000248,374784,0,51,0,0,0,0,0,0.0,0.0,0,
72,2026-10-08T21:33:49.717883+00:00,72.00137278500006,loop5,1.000305624000248,14336,0,11,0,0,0,0,0,0.0,0.0,0,
72,2026-10-08T21:33:49.717883+00:00,72.00137278500006,loop6,1.000305624000248,0,0,0,0,0,0,0,0,0.0,0.0,0,
72,2026-10-08T21:33:49.717883+00:00,72.00137278500006,loop7,1.000305624000248,0,0,0,0,0,0,0,0,0.0,0.0,0,
72,2026-10-08T21:33:49.717883+00:00,72.00137278500006,sr0,1.000305624000248,1536,0,8,0,0,0,0,0,0.0,0.0,0,
72,2026-10-08T21:33:49.717883+00:00,72.00137278500006,sda,1.000305624000248,315698688,14312513536,8097,31925,0,61603840,0,129,0.0,61585018.14040059,1044,
72,2026-10-08T21:33:49.717883+00:00,72.00137278500006,sda1,1.000305624000248,319488,0,78,0,0,0,0,0,0.0,0.0,0,
72,2026-10-08T21:33:49.717883+00:00,72.00137278500006,sda2,1.000305624000248,285926400,55799808,6637,8032,0,0,0,0,0.0,0.0,0,
72,2026-10-08T21:33:49.717883+00:00,72.00137278500006,sda3,1.000305624000248,5559296,118784,154,25,0,0,0,0,0.0,0.0,0,
72,2026-10-08T21:33:49.717883+00:00,72.00137278500006,sda4,1.000305624000248,4657152,0,116,0,0,0,0,0,0.0,0.0,0,
72,2026-10-08T21:33:49.717883+00:00,72.00137278500006,sda5,1.000305624000248,16782336,14256594944,977,23868,0,61603840,0,129,0.0,61585018.14040059,1044,
73,2026-10-08T21:33:50.717601+00:00,73.00126060799994,loop0,0.9997182979996069,2109440,0,219,0,0,0,0,0,0.0,0.0,0,
73,2026-10-08T21:33:50.717601+00:00,73.00126060799994,loop1,0.9997182979996069,354304,0,43,0,0,0,0,0,0.0,0.0,0,
73,2026-10-08T21:33:50.717601+00:00,73.00126060799994,loop2,0.9997182979996069,1106944,0,51,0,0,0,0,0,0.0,0.0,0,
73,2026-10-08T21:33:50.717601+00:00,73.00126060799994,loop3,0.9997182979996069,1141760,0,66,0,0,0,0,0,0.0,0.0,0,
73,2026-10-08T21:33:50.717601+00:00,73.00126060799994,loop4,0.9997182979996069,374784,0,51,0,0,0,0,0,0.0,0.0,0,
73,2026-10-08T21:33:50.717601+00:00,73.00126060799994,loop5,0.9997182979996069,14336,0,11,0,0,0,0,0,0.0,0.0,0,
73,2026-10-08T21:33:50.717601+00:00,73.00126060799994,loop6,0.9997182979996069,0,0,0,0,0,0,0,0,0.0,0.0,0,
73,2026-10-08T21:33:50.717601+00:00,73.00126060799994,loop7,0.9997182979996069,0,0,0,0,0,0,0,0,0.0,0.0,0,
73,2026-10-08T21:33:50.717601+00:00,73.00126060799994,sr0,0.9997182979996069,1536,0,8,0,0,0,0,0,0.0,0.0,0,
73,2026-10-08T21:33:50.717601+00:00,73.00126060799994,sda,0.9997182979996069,315698688,14363082752,8097,32023,0,50569216,0,98,0.0,50583465.46340786,840,
73,2026-10-08T21:33:50.717601+00:00,73.00126060799994,sda1,0.9997182979996069,319488,0,78,0,0,0,0,0,0.0,0.0,0,
73,2026-10-08T21:33:50.717601+00:00,73.00126060799994,sda2,0.9997182979996069,285926400,55799808,6637,8032,0,0,0,0,0.0,0.0,0,
73,2026-10-08T21:33:50.717601+00:00,73.00126060799994,sda3,0.9997182979996069,5559296,118784,154,25,0,0,0,0,0.0,0.0,0,
73,2026-10-08T21:33:50.717601+00:00,73.00126060799994,sda4,0.9997182979996069,4657152,0,116,0,0,0,0,0,0.0,0.0,0,
73,2026-10-08T21:33:50.717601+00:00,73.00126060799994,sda5,0.9997182979996069,16782336,14307164160,977,23966,0,50569216,0,98,0.0,50583465.46340786,840,
74,2026-10-08T21:33:51.722174+00:00,74.00064495200058,loop0,1.004572730000291,2109440,0,219,0,0,0,0,0,0.0,0.0,0,
74,2026-10-08T21:33:51.722174+00:00,74.00064495200058,loop1,1.004572730000291,354304,0,43,0,0,0,0,0,0.0,0.0,0,
74,2026-10-08T21:33:51.722174+00:00,74.00064495200058,loop2,1.004572730000291,1106944,0,51,0,0,0,0,0,0.0,0.0,0,
74,2026-10-08T21:33:51.722174+00:00,74.00064495200058,loop3,1.004572730000291,1141760,0,66,0,0,0,0,0,0.0,0.0,0,
74,2026-10-08T21:33:51.722174+00:00,74.00064495200058,loop4,1.004572730000291,374784,0,51,0,0,0,0,0,0.0,0.0,0,
74,2026-10-08T21:33:51.722174+00:00,74.00064495200058,loop5,1.004572730000291,14336,0,11,0,0,0,0,0,0.0,0.0,0,
74,2026-10-08T21:33:51.722174+00:00,74.00064495200058,loop6,1.004572730000291,0,0,0,0,0,0,0,0,0.0,0.0,0,
74,2026-10-08T21:33:51.722174+00:00,74.00064495200058,loop7,1.004572730000291,0,0,0,0,0,0,0,0,0.0,0.0,0,
74,2026-10-08T21:33:51.722174+00:00,74.00064495200058,sr0,1.004572730000291,1536,0,8,0,0,0,0,0,0.0,0.0,0,
74,2026-10-08T21:33:51.722174+00:00,74.00064495200058,sda,1.004572730000291,315698688,14429868032,8097,32148,0,66785280,0,125,0.0,66481279.060781054,1056,
74,2026-10-08T21:33:51.722174+00:00,74.00064495200058,sda1,1.004572730000291,319488,0,78,0,0,0,0,0,0.0,0.0,0,
74,2026-10-08T21:33:51.722174+00:00,74.00064495200058,sda2,1.004572730000291,285926400,55799808,6637,8032,0,0,0,0,0.0,0.0,0,
74,2026-10-08T21:33:51.722174+00:00,74.00064495200058,sda3,1.004572730000291,5559296,118784,154,25,0,0,0,0,0.0,0.0,0,
74,2026-10-08T21:33:51.722174+00:00,74.00064495200058,sda4,1.004572730000291,4657152,0,116,0,0,0,0,0,0.0,0.0,0,
74,2026-10-08T21:33:51.722174+00:00,74.00064495200058,sda5,1.004572730000291,16782336,14373949440,977,24091,0,66785280,0,125,0.0,66481279.060781054,1056,
75,2026-10-08T21:33:52.719075+00:00,75.00190630900033,loop0,0.9969009770002231,2109440,0,219,0,0,0,0,0,0.0,0.0,0,
75,2026-10-08T21:33:52.719075+00:00,75.00190630900033,loop1,0.9969009770002231,354304,0,43,0,0,0,0,0,0.0,0.0,0,
75,2026-10-08T21:33:52.719075+00:00,75.00190630900033,loop2,0.9969009770002231,1106944,0,51,0,0,0,0,0,0.0,0.0,0,
75,2026-10-08T21:33:52.719075+00:00,75.00190630900033,loop3,0.9969009770002231,1141760,0,66,0,0,0,0,0,0.0,0.0,0,
75,2026-10-08T21:33:52.719075+00:00,75.00190630900033,loop4,0.9969009770002231,374784,0,51,0,0,0,0,0,0.0,0.0,0,
75,2026-10-08T21:33:52.719075+00:00,75.00190630900033,loop5,0.9969009770002231,14336,0,11,0,0,0,0,0,0.0,0.0,0,
75,2026-10-08T21:33:52.719075+00:00,75.00190630900033,loop6,0.9969009770002231,0,0,0,0,0,0,0,0,0.0,0.0,0,
75,2026-10-08T21:33:52.719075+00:00,75.00190630900033,loop7,0.9969009770002231,0,0,0,0,0,0,0,0,0.0,0.0,0,
75,2026-10-08T21:33:52.719075+00:00,75.00190630900033,sr0,0.9969009770002231,1536,0,8,0,0,0,0,0,0.0,0.0,0,
75,2026-10-08T21:33:52.719075+00:00,75.00190630900033,sda,0.9969009770002231,315698688,14493024256,8097,32261,0,63156224,0,113,0.0,63352555.02511747,924,
75,2026-10-08T21:33:52.719075+00:00,75.00190630900033,sda1,0.9969009770002231,319488,0,78,0,0,0,0,0,0.0,0.0,0,
75,2026-10-08T21:33:52.719075+00:00,75.00190630900033,sda2,0.9969009770002231,285926400,55799808,6637,8032,0,0,0,0,0.0,0.0,0,
75,2026-10-08T21:33:52.719075+00:00,75.00190630900033,sda3,0.9969009770002231,5559296,118784,154,25,0,0,0,0,0.0,0.0,0,
75,2026-10-08T21:33:52.719075+00:00,75.00190630900033,sda4,0.9969009770002231,4657152,0,116,0,0,0,0,0,0.0,0.0,0,
75,2026-10-08T21:33:52.719075+00:00,75.00190630900033,sda5,0.9969009770002231,16782336,14437105664,977,24204,0,63156224,0,113,0.0,63352555.02511747,924,
76,2026-10-08T21:33:53.720269+00:00,76.00191005299985,loop0,1.0011923399997613,2109440,0,219,0,0,0,0,0,0.0,0.0,0,
76,2026-10-08T21:33:53.720269+00:00,76.00191005299985,loop1,1.0011923399997613,354304,0,43,0,0,0,0,0,0.0,0.0,0,
76,2026-10-08T21:33:53.720269+00:00,76.00191005299985,loop2,1.0011923399997613,1106944,0,51,0,0,0,0,0,0.0,0.0,0,
76,2026-10-08T21:33:53.720269+00:00,76.00191005299985,loop3,1.0011923399997613,1141760,0,66,0,0,0,0,0,0.0,0.0,0,
76,2026-10-08T21:33:53.720269+00:00,76.00191005299985,loop4,1.0011923399997613,374784,0,51,0,0,0,0,0,0.0,0.0,0,
76,2026-10-08T21:33:53.720269+00:00,76.00191005299985,loop5,1.0011923399997613,14336,0,11,0,0,0,0,0,0.0,0.0,0,
76,2026-10-08T21:33:53.720269+00:00,76.00191005299985,loop6,1.0011923399997613,0,0,0,0,0,0,0,0,0.0,0.0,0,
76,2026-10-08T21:33:53.720269+00:00,76.00191005299985,loop7,1.0011923399997613,0,0,0,0,0,0,0,0,0.0,0.0,0,
76,2026-10-08T21:33:53.720269+00:00,76.00191005299985,sr0,1.0011923399997613,1536,0,8,0,0,0,0,0,0.0,0.0,0,
76,2026-10-08T21:33:53.720269+00:00,76.00191005299985,sda,1.0011923399997613,315698688,14545657856,8097,32363,0,52633600,0,102,0.0,52570917.59213074,892,
76,2026-10-08T21:33:53.720269+00:00,76.00191005299985,sda1,1.0011923399997613,319488,0,78,0,0,0,0,0,0.0,0.0,0,
76,2026-10-08T21:33:53.720269+00:00,76.00191005299985,sda2,1.0011923399997613,285926400,55799808,6637,8032,0,0,0,0,0.0,0.0,0,
76,2026-10-08T21:33:53.720269+00:00,76.00191005299985,sda3,1.0011923399997613,5559296,118784,154,25,0,0,0,0,0.0,0.0,0,
76,2026-10-08T21:33:53.720269+00:00,76.00191005299985,sda4,1.0011923399997613,4657152,0,116,0,0,0,0,0,0.0,0.0,0,
76,2026-10-08T21:33:53.720269+00:00,76.00191005299985,sda5,1.0011923399997613,16782336,14489739264,977,24306,0,52633600,0,102,0.0,52570917.59213074,892,
77,2026-10-08T21:33:54.720745+00:00,77.00067964200025,loop0,1.0004775520001203,2109440,0,219,0,0,0,0,0,0.0,0.0,0,
77,2026-10-08T21:33:54.720745+00:00,77.00067964200025,loop1,1.0004775520001203,354304,0,43,0,0,0,0,0,0.0,0.0,0,
77,2026-10-08T21:33:54.720745+00:00,77.00067964200025,loop2,1.0004775520001203,1106944,0,51,0,0,0,0,0,0.0,0.0,0,
77,2026-10-08T21:33:54.720745+00:00,77.00067964200025,loop3,1.0004775520001203,1141760,0,66,0,0,0,0,0,0.0,0.0,0,
77,2026-10-08T21:33:54.720745+00:00,77.00067964200025,loop4,1.0004775520001203,374784,0,51,0,0,0,0,0,0.0,0.0,0,
77,2026-10-08T21:33:54.720745+00:00,77.00067964200025,loop5,1.0004775520001203,14336,0,11,0,0,0,0,0,0.0,0.0,0,
77,2026-10-08T21:33:54.720745+00:00,77.00067964200025,loop6,1.0004775520001203,0,0,0,0,0,0,0,0,0.0,0.0,0,
77,2026-10-08T21:33:54.720745+00:00,77.00067964200025,loop7,1.0004775520001203,0,0,0,0,0,0,0,0,0.0,0.0,0,
77,2026-10-08T21:33:54.720745+00:00,77.00067964200025,sr0,1.0004775520001203,1536,0,8,0,0,0,0,0,0.0,0.0,0,
77,2026-10-08T21:33:54.720745+00:00,77.00067964200025,sda,1.0004775520001203,315698688,14598356992,8097,32480,0,52699136,0,117,0.0,52673981.4348115,968,
77,2026-10-08T21:33:54.720745+00:00,77.00067964200025,sda1,1.0004775520001203,319488,0,78,0,0,0,0,0,0.0,0.0,0,
77,2026-10-08T21:33:54.720745+00:00,77.00067964200025,sda2,1.0004775520001203,285926400,55799808,6637,8032,0,0,0,0,0.0,0.0,0,
77,2026-10-08T21:33:54.720745+00:00,77.00067964200025,sda3,1.0004775520001203,5559296,118784,154,25,0,0,0,0,0.0,0.0,0,
77,2026-10-08T21:33:54.720745+00:00,77.00067964200025,sda4,1.0004775520001203,4657152,0,116,0,0,0,0,0,0.0,0.0,0,
77,2026-10-08T21:33:54.720745+00:00,77.00067964200025,sda5,1.0004775520001203,16782336,14542438400,977,24423,0,52699136,0,117,0.0,52673981.4348115,968,
78,2026-10-08T21:33:55.756930+00:00,78.04066112500004,loop0,1.0361846420000802,2109440,0,219,0,0,0,0,0,0.0,0.0,0,
78,2026-10-08T21:33:55.756930+00:00,78.04066112500004,loop1,1.0361846420000802,354304,0,43,0,0,0,0,0,0.0,0.0,0,
78,2026-10-08T21:33:55.756930+00:00,78.04066112500004,loop2,1.0361846420000802,1106944,0,51,0,0,0,0,0,0.0,0.0,0,
78,2026-10-08T21:33:55.756930+00:00,78.04066112500004,loop3,1.0361846420000802,1141760,0,66,0,0,0,0,0,0.0,0.0,0,
78,2026-10-08T21:33:55.756930+00:00,78.04066112500004,loop4,1.0361846420000802,374784,0,51,0,0,0,0,0,0.0,0.0,0,
78,2026-10-08T21:33:55.756930+00:00,78.04066112500004,loop5,1.0361846420000802,14336,0,11,0,0,0,0,0,0.0,0.0,0,
78,2026-10-08T21:33:55.756930+00:00,78.04066112500004,loop6,1.0361846420000802,0,0,0,0,0,0,0,0,0.0,0.0,0,
78,2026-10-08T21:33:55.756930+00:00,78.04066112500004,loop7,1.0361846420000802,0,0,0,0,0,0,0,0,0.0,0.0,0,
78,2026-10-08T21:33:55.756930+00:00,78.04066112500004,sr0,1.0361846420000802,1536,0,8,0,0,0,0,0,0.0,0.0,0,
78,2026-10-08T21:33:55.756930+00:00,78.04066112500004,sda,1.0361846420000802,315698688,14661513216,8097,32609,0,63156224,0,129,0.0,60950743.17844899,932,
78,2026-10-08T21:33:55.756930+00:00,78.04066112500004,sda1,1.0361846420000802,319488,0,78,0,0,0,0,0,0.0,0.0,0,
78,2026-10-08T21:33:55.756930+00:00,78.04066112500004,sda2,1.0361846420000802,285926400,55799808,6637,8032,0,0,0,0,0.0,0.0,0,
78,2026-10-08T21:33:55.756930+00:00,78.04066112500004,sda3,1.0361846420000802,5559296,118784,154,25,0,0,0,0,0.0,0.0,0,
78,2026-10-08T21:33:55.756930+00:00,78.04066112500004,sda4,1.0361846420000802,4657152,0,116,0,0,0,0,0,0.0,0.0,0,
78,2026-10-08T21:33:55.756930+00:00,78.04066112500004,sda5,1.0361846420000802,16782336,14605594624,977,24552,0,63156224,0,129,0.0,60950743.17844899,932,
79,2026-10-08T21:33:56.716840+00:00,79.00085005900019,loop0,0.9599101739995604,2109440,0,219,0,0,0,0,0,0.0,0.0,0,
79,2026-10-08T21:33:56.716840+00:00,79.00085005900019,loop1,0.9599101739995604,354304,0,43,0,0,0,0,0,0.0,0.0,0,
79,2026-10-08T21:33:56.716840+00:00,79.00085005900019,loop2,0.9599101739995604,1106944,0,51,0,0,0,0,0,0.0,0.0,0,
79,2026-10-08T21:33:56.716840+00:00,79.00085005900019,loop3,0.9599101739995604,1141760,0,66,0,0,0,0,0,0.0,0.0,0,
79,2026-10-08T21:33:56.716840+00:00,79.00085005900019,loop4,0.9599101739995604,374784,0,51,0,0,0,0,0,0.0,0.0,0,
79,2026-10-08T21:33:56.716840+00:00,79.00085005900019,loop5,0.9599101739995604,14336,0,11,0,0,0,0,0,0.0,0.0,0,
79,2026-10-08T21:33:56.716840+00:00,79.00085005900019,loop6,0.9599101739995604,0,0,0,0,0,0,0,0,0.0,0.0,0,
79,2026-10-08T21:33:56.716840+00:00,79.00085005900019,loop7,0.9599101739995604,0,0,0,0,0,0,0,0,0.0,0.0,0,
79,2026-10-08T21:33:56.716840+00:00,79.00085005900019,sr0,0.9599101739995604,1536,0,8,0,0,0,0,0,0.0,0.0,0,
79,2026-10-08T21:33:56.716840+00:00,79.00085005900019,sda,0.9599101739995604,315698688,14714146816,8097,32709,0,52633600,0,100,0.0,54831797.20941692,940,
79,2026-10-08T21:33:56.716840+00:00,79.00085005900019,sda1,0.9599101739995604,319488,0,78,0,0,0,0,0,0.0,0.0,0,
79,2026-10-08T21:33:56.716840+00:00,79.00085005900019,sda2,0.9599101739995604,285926400,55799808,6637,8032,0,0,0,0,0.0,0.0,0,
79,2026-10-08T21:33:56.716840+00:00,79.00085005900019,sda3,0.9599101739995604,5559296,118784,154,25,0,0,0,0,0.0,0.0,0,
79,2026-10-08T21:33:56.716840+00:00,79.00085005900019,sda4,0.9599101739995604,4657152,0,116,0,0,0,0,0,0.0,0.0,0,
79,2026-10-08T21:33:56.716840+00:00,79.00085005900019,sda5,0.9599101739995604,16782336,14658228224,977,24652,0,52633600,0,100,0.0,54831797.20941692,940,
80,2026-10-08T21:33:57.739111+00:00,80.02282963200014,loop0,1.0222710260004533,2109440,0,219,0,0,0,0,0,0.0,0.0,0,
80,2026-10-08T21:33:57.739111+00:00,80.02282963200014,loop1,1.0222710260004533,354304,0,43,0,0,0,0,0,0.0,0.0,0,
80,2026-10-08T21:33:57.739111+00:00,80.02282963200014,loop2,1.0222710260004533,1106944,0,51,0,0,0,0,0,0.0,0.0,0,
80,2026-10-08T21:33:57.739111+00:00,80.02282963200014,loop3,1.0222710260004533,1141760,0,66,0,0,0,0,0,0.0,0.0,0,
80,2026-10-08T21:33:57.739111+00:00,80.02282963200014,loop4,1.0222710260004533,374784,0,51,0,0,0,0,0,0.0,0.0,0,
80,2026-10-08T21:33:57.739111+00:00,80.02282963200014,loop5,1.0222710260004533,14336,0,11,0,0,0,0,0,0.0,0.0,0,
80,2026-10-08T21:33:57.739111+00:00,80.02282963200014,loop6,1.0222710260004533,0,0,0,0,0,0,0,0,0.0,0.0,0,
80,2026-10-08T21:33:57.739111+00:00,80.02282963200014,loop7,1.0222710260004533,0,0,0,0,0,0,0,0,0.0,0.0,0,
80,2026-10-08T21:33:57.739111+00:00,80.02282963200014,sr0,1.0222710260004533,1536,0,8,0,0,0,0,0,0.0,0.0,0,
80,2026-10-08T21:33:57.739111+00:00,80.02282963200014,sda,1.0222710260004533,315698688,14766780416,8097,32811,0,52633600,0,102,0.0,51486933.17262878,968,
80,2026-10-08T21:33:57.739111+00:00,80.02282963200014,sda1,1.0222710260004533,319488,0,78,0,0,0,0,0,0.0,0.0,0,
80,2026-10-08T21:33:57.739111+00:00,80.02282963200014,sda2,1.0222710260004533,285926400,55799808,6637,8032,0,0,0,0,0.0,0.0,0,
80,2026-10-08T21:33:57.739111+00:00,80.02282963200014,sda3,1.0222710260004533,5559296,118784,154,25,0,0,0,0,0.0,0.0,0,
80,2026-10-08T21:33:57.739111+00:00,80.02282963200014,sda4,1.0222710260004533,4657152,0,116,0,0,0,0,0,0.0,0.0,0,
80,2026-10-08T21:33:57.739111+00:00,80.02282963200014,sda5,1.0222710260004533,16782336,14710861824,977,24754,0,52633600,0,102,0.0,51486933.17262878,968,
81,2026-10-08T21:33:58.717872+00:00,81.00135249300001,loop0,0.9787608110000292,2109440,0,219,0,0,0,0,0,0.0,0.0,0,
81,2026-10-08T21:33:58.717872+00:00,81.00135249300001,loop1,0.9787608110000292,354304,0,43,0,0,0,0,0,0.0,0.0,0,
81,2026-10-08T21:33:58.717872+00:00,81.00135249300001,loop2,0.9787608110000292,1106944,0,51,0,0,0,0,0,0.0,0.0,0,
81,2026-10-08T21:33:58.717872+00:00,81.00135249300001,loop3,0.9787608110000292,1141760,0,66,0,0,0,0,0,0.0,0.0,0,
81,2026-10-08T21:33:58.717872+00:00,81.00135249300001,loop4,0.9787608110000292,374784,0,51,0,0,0,0,0,0.0,0.0,0,
81,2026-10-08T21:33:58.717872+00:00,81.00135249300001,loop5,0.9787608110000292,14336,0,11,0,0,0,0,0,0.0,0.0,0,
81,2026-10-08T21:33:58.717872+00:00,81.00135249300001,loop6,0.9787608110000292,0,0,0,0,0,0,0,0,0.0,0.0,0,
81,2026-10-08T21:33:58.717872+00:00,81.00135249300001,loop7,0.9787608110000292,0,0,0,0,0,0,0,0,0.0,0.0,0,
81,2026-10-08T21:33:58.717872+00:00,81.00135249300001,sr0,0.9787608110000292,1536,0,8,0,0,0,0,0,0.0,0.0,0,
81,2026-10-08T21:33:58.717872+00:00,81.00135249300001,sda,0.9787608110000292,315698688,14815207424,8097,32912,0,48427008,0,101,0.0,49477878.002206355,956,
81,2026-10-08T21:33:58.717872+00:00,81.00135249300001,sda1,0.9787608110000292,319488,0,78,0,0,0,0,0,0.0,0.0,0,
81,2026-10-08T21:33:58.717872+00:00,81.00135249300001,sda2,0.9787608110000292,285926400,55799808,6637,8032,0,0,0,0,0.0,0.0,0,
81,2026-10-08T21:33:58.717872+00:00,81.00135249300001,sda3,0.9787608110000292,5559296,118784,154,25,0,0,0,0,0.0,0.0,0,
81,2026-10-08T21:33:58.717872+00:00,81.00135249300001,sda4,0.9787608110000292,4657152,0,116,0,0,0,0,0,0.0,0.0,0,
81,2026-10-08T21:33:58.717872+00:00,81.00135249300001,sda5,0.9787608110000292,16782336,14759288832,977,24855,0,48427008,0,101,0.0,49477878.002206355,956,
82,2026-10-08T21:33:59.745659+00:00,82.02913524799987,loop0,1.0277874349994818,2109440,0,219,0,0,0,0,0,0.0,0.0,0,
82,2026-10-08T21:33:59.745659+00:00,82.02913524799987,loop1,1.0277874349994818,354304,0,43,0,0,0,0,0,0.0,0.0,0,
82,2026-10-08T21:33:59.745659+00:00,82.02913524799987,loop2,1.0277874349994818,1106944,0,51,0,0,0,0,0,0.0,0.0,0,
82,2026-10-08T21:33:59.745659+00:00,82.02913524799987,loop3,1.0277874349994818,1141760,0,66,0,0,0,0,0,0.0,0.0,0,
82,2026-10-08T21:33:59.745659+00:00,82.02913524799987,loop4,1.0277874349994818,374784,0,51,0,0,0,0,0,0.0,0.0,0,
82,2026-10-08T21:33:59.745659+00:00,82.02913524799987,loop5,1.0277874349994818,14336,0,11,0,0,0,0,0,0.0,0.0,0,
82,2026-10-08T21:33:59.745659+00:00,82.02913524799987,loop6,1.0277874349994818,0,0,0,0,0,0,0,0,0.0,0.0,0,
82,2026-10-08T21:33:59.745659+00:00,82.02913524799987,loop7,1.0277874349994818,0,0,0,0,0,0,0,0,0.0,0.0,0,
82,2026-10-08T21:33:59.745659+00:00,82.02913524799987,sr0,1.0277874349994818,1536,0,8,0,0,0,0,0,0.0,0.0,0,
82,2026-10-08T21:33:59.745659+00:00,82.02913524799987,sda,1.0277874349994818,315698688,14876975104,8097,33042,0,61767680,0,130,0.0,60097718.55211593,980,
82,2026-10-08T21:33:59.745659+00:00,82.02913524799987,sda1,1.0277874349994818,319488,0,78,0,0,0,0,0,0.0,0.0,0,
82,2026-10-08T21:33:59.745659+00:00,82.02913524799987,sda2,1.0277874349994818,285926400,55799808,6637,8032,0,0,0,0,0.0,0.0,0,
82,2026-10-08T21:33:59.745659+00:00,82.02913524799987,sda3,1.0277874349994818,5559296,118784,154,25,0,0,0,0,0.0,0.0,0,
82,2026-10-08T21:33:59.745659+00:00,82.02913524799987,sda4,1.0277874349994818,4657152,0,116,0,0,0,0,0,0.0,0.0,0,
82,2026-10-08T21:33:59.745659+00:00,82.02913524799987,sda5,1.0277874349994818,16782336,14821056512,977,24985,0,61767680,0,130,0.0,60097718.55211593,980,
83,2026-10-08T21:34:00.717225+00:00,83.00063996600056,loop0,0.9715662290000182,2109440,0,219,0,0,0,0,0,0.0,0.0,0,
83,2026-10-08T21:34:00.717225+00:00,83.00063996600056,loop1,0.9715662290000182,354304,0,43,0,0,0,0,0,0.0,0.0,0,
83,2026-10-08T21:34:00.717225+00:00,83.00063996600056,loop2,0.9715662290000182,1106944,0,51,0,0,0,0,0,0.0,0.0,0,
83,2026-10-08T21:34:00.717225+00:00,83.00063996600056,loop3,0.9715662290000182,1141760,0,66,0,0,0,0,0,0.0,0.0,0,
83,2026-10-08T21:34:00.717225+00:00,83.00063996600056,loop4,0.9715662290000182,374784,0,51,0,0,0,0,0,0.0,0.0,0,
83,2026-10-08T21:34:00.717225+00:00,83.00063996600056,loop5,0.9715662290000182,14336,0,11,0,0,0,0,0,0.0,0.0,0,
83,2026-10-08T21:34:00.717225+00:00,83.00063996600056,loop6,0.9715662290000182,0,0,0,0,0,0,0,0,0.0,0.0,0,
83,2026-10-08T21:34:00.717225+00:00,83.00063996600056,loop7,0.9715662290000182,0,0,0,0,0,0,0,0,0.0,0.0,0,
83,2026-10-08T21:34:00.717225+00:00,83.00063996600056,sr0,0.9715662290000182,1536,0,8,0,0,0,0,0,0.0,0.0,0,
83,2026-10-08T21:34:00.717225+00:00,83.00063996600056,sda,0.9715662290000182,315698688,14924754944,8097,33146,0,47779840,0,104,0.0,49178160.555433534,948,
83,2026-10-08T21:34:00.717225+00:00,83.00063996600056,sda1,0.9715662290000182,319488,0,78,0,0,0,0,0,0.0,0.0,0,
83,2026-10-08T21:34:00.717225+00:00,83.00063996600056,sda2,0.9715662290000182,285926400,55799808,6637,8032,0,0,0,0,0.0,0.0,0,
83,2026-10-08T21:34:00.717225+00:00,83.00063996600056,sda3,0.9715662290000182,5559296,118784,154,25,0,0,0,0,0.0,0.0,0,
83,2026-10-08T21:34:00.717225+00:00,83.00063996600056,sda4,0.9715662290000182,4657152,0,116,0,0,0,0,0,0.0,0.0,0,
83,2026-10-08T21:34:00.717225+00:00,83.00063996600056,sda5,0.9715662290000182,16782336,14868836352,977,25089,0,47779840,0,104,0.0,49178160.555433534,948,
84,2026-10-08T21:34:01.719303+00:00,84.00333766600033,loop0,1.0020779110000149,2109440,0,219,0,0,0,0,0,0.0,0.0,0,
84,2026-10-08T21:34:01.719303+00:00,84.00333766600033,loop1,1.0020779110000149,354304,0,43,0,0,0,0,0,0.0,0.0,0,
84,2026-10-08T21:34:01.719303+00:00,84.00333766600033,loop2,1.0020779110000149,1106944,0,51,0,0,0,0,0,0.0,0.0,0,
84,2026-10-08T21:34:01.719303+00:00,84.00333766600033,loop3,1.0020779110000149,1141760,0,66,0,0,0,0,0,0.0,0.0,0,
84,2026-10-08T21:34:01.719303+00:00,84.00333766600033,loop4,1.0020779110000149,374784,0,51,0,0,0,0,0,0.0,0.0,0,
84,2026-10-08T21:34:01.719303+00:00,84.00333766600033,loop5,1.0020779110000149,14336,0,11,0,0,0,0,0,0.0,0.0,0,
84,2026-10-08T21:34:01.719303+00:00,84.00333766600033,loop6,1.0020779110000149,0,0,0,0,0,0,0,0,0.0,0.0,0,
84,2026-10-08T21:34:01.719303+00:00,84.00333766600033,loop7,1.0020779110000149,0,0,0,0,0,0,0,0,0.0,0.0,0,
84,2026-10-08T21:34:01.719303+00:00,84.00333766600033,sr0,1.0020779110000149,1536,0,8,0,0,0,0,0,0.0,0.0,0,
84,2026-10-08T21:34:01.719303+00:00,84.00333766600033,sda,1.0020779110000149,315698688,14984728576,8097,33269,0,59973632,0,123,0.0,59849270.54239709,908,
84,2026-10-08T21:34:01.719303+00:00,84.00333766600033,sda1,1.0020779110000149,319488,0,78,0,0,0,0,0,0.0,0.0,0,
84,2026-10-08T21:34:01.719303+00:00,84.00333766600033,sda2,1.0020779110000149,285926400,55799808,6637,8032,0,0,0,0,0.0,0.0,0,
84,2026-10-08T21:34:01.719303+00:00,84.00333766600033,sda3,1.0020779110000149,5559296,118784,154,25,0,0,0,0,0.0,0.0,0,
84,2026-10-08T21:34:01.719303+00:00,84.00333766600033,sda4,1.0020779110000149,4657152,0,116,0,0,0,0,0,0.0,0.0,0,
84,2026-10-08T21:34:01.719303+00:00,84.00333766600033,sda5,1.0020779110000149,16782336,14928809984,977,25212,0,59973632,0,123,0.0,59849270.54239709,908,
85,2026-10-08T21:34:02.721972+00:00,85.00565659200038,loop0,1.0026684410004236,2109440,0,219,0,0,0,0,0,0.0,0.0,0,
85,2026-10-08T21:34:02.721972+00:00,85.00565659200038,loop1,1.0026684410004236,354304,0,43,0,0,0,0,0,0.0,0.0,0,
85,2026-10-08T21:34:02.721972+00:00,85.00565659200038,loop2,1.0026684410004236,1106944,0,51,0,0,0,0,0,0.0,0.0,0,
85,2026-10-08T21:34:02.721972+00:00,85.00565659200038,loop3,1.0026684410004236,1141760,0,66,0,0,0,0,0,0.0,0.0,0,
85,2026-10-08T21:34:02.721972+00:00,85.00565659200038,loop4,1.0026684410004236,374784,0,51,0,0,0,0,0,0.0,0.0,0,
85,2026-10-08T21:34:02.721972+00:00,85.00565659200038,loop5,1.0026684410004236,14336,0,11,0,0,0,0,0,0.0,0.0,0,
85,2026-10-08T21:34:02.721972+00:00,85.00565659200038,loop6,1.0026684410004236,0,0,0,0,0,0,0,0,0.0,0.0,0,
85,2026-10-08T21:34:02.721972+00:00,85.00565659200038,loop7,1.0026684410004236,0,0,0,0,0,0,0,0,0.0,0.0,0,
85,2026-10-08T21:34:02.721972+00:00,85.00565659200038,sr0,1.0026684410004236,1536,0,8,0,0,0,0,0,0.0,0.0,0,
85,2026-10-08T21:34:02.721972+00:00,85.00565659200038,sda,1.0026684410004236,315698688,15049297920,8097,33404,0,64569344,0,135,0.0,64397503.062503114,980,
85,2026-10-08T21:34:02.721972+00:00,85.00565659200038,sda1,1.0026684410004236,319488,0,78,0,0,0,0,0,0.0,0.0,0,
85,2026-10-08T21:34:02.721972+00:00,85.00565659200038,sda2,1.0026684410004236,285926400,55799808,6637,8032,0,0,0,0,0.0,0.0,0,
85,2026-10-08T21:34:02.721972+00:00,85.00565659200038,sda3,1.0026684410004236,5559296,118784,154,25,0,0,0,0,0.0,0.0,0,
85,2026-10-08T21:34:02.721972+00:00,85.00565659200038,sda4,1.0026684410004236,4657152,0,116,0,0,0,0,0,0.0,0.0,0,
85,2026-10-08T21:34:02.721972+00:00,85.00565659200038,sda5,1.0026684410004236,16782336,14993379328,977,25347,0,64569344,0,135,0.0,64397503.062503114,980,
86,2026-10-08T21:34:03.718913+00:00,86.00162263099992,loop0,0.9969413399994664,2109440,0,219,0,0,0,0,0,0.0,0.0,0,
86,2026-10-08T21:34:03.718913+00:00,86.00162263099992,loop1,0.9969413399994664,354304,0,43,0,0,0,0,0,0.0,0.0,0,
86,2026-10-08T21:34:03.718913+00:00,86.00162263099992,loop2,0.9969413399994664,1106944,0,51,0,0,0,0,0,0.0,0.0,0,
86,2026-10-08T21:34:03.718913+00:00,86.00162263099992,loop3,0.9969413399994664,1141760,0,66,0,0,0,0,0,0.0,0.0,0,
86,2026-10-08T21:34:03.718913+00:00,86.00162263099992,loop4,0.9969413399994664,374784,0,51,0,0,0,0,0,0.0,0.0,0,
86,2026-10-08T21:34:03.718913+00:00,86.00162263099992,loop5,0.9969413399994664,14336,0,11,0,0,0,0,0,0.0,0.0,0,
86,2026-10-08T21:34:03.718913+00:00,86.00162263099992,loop6,0.9969413399994664,0,0,0,0,0,0,0,0,0.0,0.0,0,
86,2026-10-08T21:34:03.718913+00:00,86.00162263099992,loop7,0.9969413399994664,0,0,0,0,0,0,0,0,0.0,0.0,0,
86,2026-10-08T21:34:03.718913+00:00,86.00162263099992,sr0,0.9969413399994664,1536,0,8,0,0,0,0,0,0.0,0.0,0,
86,2026-10-08T21:34:03.718913+00:00,86.00162263099992,sda,0.9969413399994664,315698688,15099867136,8097,33511,0,50569216,0,107,0.0,50724364.58500864,972,
86,2026-10-08T21:34:03.718913+00:00,86.00162263099992,sda1,0.9969413399994664,319488,0,78,0,0,0,0,0,0.0,0.0,0,
86,2026-10-08T21:34:03.718913+00:00,86.00162263099992,sda2,0.9969413399994664,285926400,55799808,6637,8032,0,0,0,0,0.0,0.0,0,
86,2026-10-08T21:34:03.718913+00:00,86.00162263099992,sda3,0.9969413399994664,5559296,118784,154,25,0,0,0,0,0.0,0.0,0,
86,2026-10-08T21:34:03.718913+00:00,86.00162263099992,sda4,0.9969413399994664,4657152,0,116,0,0,0,0,0,0.0,0.0,0,
86,2026-10-08T21:34:03.718913+00:00,86.00162263099992,sda5,0.9969413399994664,16782336,15043948544,977,25454,0,50569216,0,107,0.0,50724364.58500864,972,
87,2026-10-08T21:34:04.718616+00:00,87.00241611000001,loop0,0.9997034950001762,2109440,0,219,0,0,0,0,0,0.0,0.0,0,
87,2026-10-08T21:34:04.718616+00:00,87.00241611000001,loop1,0.9997034950001762,354304,0,43,0,0,0,0,0,0.0,0.0,0,
87,2026-10-08T21:34:04.718616+00:00,87.00241611000001,loop2,0.9997034950001762,1106944,0,51,0,0,0,0,0,0.0,0.0,0,
87,2026-10-08T21:34:04.718616+00:00,87.00241611000001,loop3,0.9997034950001762,1141760,0,66,0,0,0,0,0,0.0,0.0,0,
87,2026-10-08T21:34:04.718616+00:00,87.00241611000001,loop4,0.9997034950001762,374784,0,51,0,0,0,0,0,0.0,0.0,0,
87,2026-10-08T21:34:04.718616+00:00,87.00241611000001,loop5,0.9997034950001762,14336,0,11,0,0,0,0,0,0.0,0.0,0,
87,2026-10-08T21:34:04.718616+00:00,87.00241611000001,loop6,0.9997034950001762,0,0,0,0,0,0,0,0,0.0,0.0,0,
87,2026-10-08T21:34:04.718616+00:00,87.00241611000001,loop7,0.9997034950001762,0,0,0,0,0,0,0,0,0.0,0.0,0,
87,2026-10-08T21:34:04.718616+00:00,87.00241611000001,sr0,0.9997034950001762,1536,0,8,0,0,0,0,0,0.0,0.0,0,
87,2026-10-08T21:34:04.718616+00:00,87.00241611000001,sda,0.9997034950001762,315698688,15152320512,8097,33595,0,52453376,0,84,0.0,52468933.30105919,912,
87,2026-10-08T21:34:04.718616+00:00,87.00241611000001,sda1,0.9997034950001762,319488,0,78,0,0,0,0,0,0.0,0.0,0,
87,2026-10-08T21:34:04.718616+00:00,87.00241611000001,sda2,0.9997034950001762,285926400,55799808,6637,8032,0,0,0,0,0.0,0.0,0,
87,2026-10-08T21:34:04.718616+00:00,87.00241611000001,sda3,0.9997034950001762,5559296,118784,154,25,0,0,0,0,0.0,0.0,0,
87,2026-10-08T21:34:04.718616+00:00,87.00241611000001,sda4,0.9997034950001762,4657152,0,116,0,0,0,0,0,0.0,0.0,0,
87,2026-10-08T21:34:04.718616+00:00,87.00241611000001,sda5,0.9997034950001762,16782336,15096401920,977,25538,0,52453376,0,84,0.0,52468933.30105919,912,
88,2026-10-08T21:34:05.717843+00:00,88.00093564100007,loop0,0.9992266400004155,2109440,0,219,0,0,0,0,0,0.0,0.0,0,
88,2026-10-08T21:34:05.717843+00:00,88.00093564100007,loop1,0.9992266400004155,354304,0,43,0,0,0,0,0,0.0,0.0,0,
88,2026-10-08T21:34:05.717843+00:00,88.00093564100007,loop2,0.9992266400004155,1106944,0,51,0,0,0,0,0,0.0,0.0,0,
88,2026-10-08T21:34:05.717843+00:00,88.00093564100007,loop3,0.9992266400004155,1141760,0,66,0,0,0,0,0,0.0,0.0,0,
88,2026-10-08T21:34:05.717843+00:00,88.00093564100007,loop4,0.9992266400004155,374784,0,51,0,0,0,0,0,0.0,0.0,0,
88,2026-10-08T21:34:05.717843+00:00,88.00093564100007,loop5,0.9992266400004155,14336,0,11,0,0,0,0,0,0.0,0.0,0,
88,2026-10-08T21:34:05.717843+00:00,88.00093564100007,loop6,0.9992266400004155,0,0,0,0,0,0,0,0,0.0,0.0,0,
88,2026-10-08T21:34:05.717843+00:00,88.00093564100007,loop7,0.9992266400004155,0,0,0,0,0,0,0,0,0.0,0.0,0,
88,2026-10-08T21:34:05.717843+00:00,88.00093564100007,sr0,0.9992266400004155,1536,0,8,0,0,0,0,0,0.0,0.0,0,
88,2026-10-08T21:34:05.717843+00:00,88.00093564100007,sda,0.9992266400004155,315698688,15213309952,8097,33712,0,60989440,0,117,0.0,61036643.29843592,988,
88,2026-10-08T21:34:05.717843+00:00,88.00093564100007,sda1,0.9992266400004155,319488,0,78,0,0,0,0,0,0.0,0.0,0,
88,2026-10-08T21:34:05.717843+00:00,88.00093564100007,sda2,0.9992266400004155,285926400,55799808,6637,8032,0,0,0,0,0.0,0.0,0,
88,2026-10-08T21:34:05.717843+00:00,88.00093564100007,sda3,0.9992266400004155,5559296,118784,154,25,0,0,0,0,0.0,0.0,0,
88,2026-10-08T21:34:05.717843+00:00,88.00093564100007,sda4,0.9992266400004155,4657152,0,116,0,0,0,0,0,0.0,0.0,0,
88,2026-10-08T21:34:05.717843+00:00,88.00093564100007,sda5,0.9992266400004155,16782336,15157391360,977,25655,0,60989440,0,117,0.0,61036643.29843592,988,
89,2026-10-08T21:34:06.717049+00:00,89.00094071900003,loop0,0.999205682000138,2109440,0,219,0,0,0,0,0,0.0,0.0,0,
89,2026-10-08T21:34:06.717049+00:00,89.00094071900003,loop1,0.999205682000138,354304,0,43,0,0,0,0,0,0.0,0.0,0,
89,2026-10-08T21:34:06.717049+00:00,89.00094071900003,loop2,0.999205682000138,1106944,0,51,0,0,0,0,0,0.0,0.0,0,
89,2026-10-08T21:34:06.717049+00:00,89.00094071900003,loop3,0.999205682000138,1141760,0,66,0,0,0,0,0,0.0,0.0,0,
89,2026-10-08T21:34:06.717049+00:00,89.00094071900003,loop4,0.999205682000138,374784,0,51,0,0,0,0,0,0.0,0.0,0,
89,2026-10-08T21:34:06.717049+00:00,89.00094071900003,loop5,0.999205682000138,14336,0,11,0,0,0,0,0,0.0,0.0,0,
89,2026-10-08T21:34:06.717049+00:00,89.00094071900003,loop6,0.999205682000138,0,0,0,0,0,0,0,0,0.0,0.0,0,
89,2026-10-08T21:34:06.717049+00:00,89.00094071900003,loop7,0.999205682000138,0,0,0,0,0,0,0,0,0.0,0.0,0,
89,2026-10-08T21:34:06.717049+00:00,89.00094071900003,sr0,0.999205682000138,1536,0,8,0,0,0,0,0,0.0,0.0,0,
89,2026-10-08T21:34:06.717049+00:00,89.00094071900003,sda,0.999205682000138,315698688,15272194048,8097,33838,0,58884096,0,126,0.0,58930905.87928809,844,
89,2026-10-08T21:34:06.717049+00:00,89.00094071900003,sda1,0.999205682000138,319488,0,78,0,0,0,0,0,0.0,0.0,0,
89,2026-10-08T21:34:06.717049+00:00,89.00094071900003,sda2,0.999205682000138,285926400,55799808,6637,8032,0,0,0,0,0.0,0.0,0,
89,2026-10-08T21:34:06.717049+00:00,89.00094071900003,sda3,0.999205682000138,5559296,118784,154,25,0,0,0,0,0.0,0.0,0,
89,2026-10-08T21:34:06.717049+00:00,89.00094071900003,sda4,0.999205682000138,4657152,0,116,0,0,0,0,0,0.0,0.0,0,
89,2026-10-08T21:34:06.717049+00:00,89.00094071900003,sda5,0.999205682000138,16782336,15216275456,977,25781,0,58884096,0,126,0.0,58930905.87928809,844,
90,2026-10-08T21:34:07.717440+00:00,90.00069729999996,loop0,1.0003908720000254,2109440,0,219,0,0,0,0,0,0.0,0.0,0,
90,2026-10-08T21:34:07.717440+00:00,90.00069729999996,loop1,1.0003908720000254,354304,0,43,0,0,0,0,0,0.0,0.0,0,
90,2026-10-08T21:34:07.717440+00:00,90.00069729999996,loop2,1.0003908720000254,1106944,0,51,0,0,0,0,0,0.0,0.0,0,
90,2026-10-08T21:34:07.717440+00:00,90.00069729999996,loop3,1.0003908720000254,1141760,0,66,0,0,0,0,0,0.0,0.0,0,
90,2026-10-08T21:34:07.717440+00:00,90.00069729999996,loop4,1.0003908720000254,374784,0,51,0,0,0,0,0,0.0,0.0,0,
90,2026-10-08T21:34:07.717440+00:00,90.00069729999996,loop5,1.0003908720000254,14336,0,11,0,0,0,0,0,0.0,0.0,0,
90,2026-10-08T21:34:07.717440+00:00,90.00069729999996,loop6,1.0003908720000254,0,0,0,0,0,0,0,0,0.0,0.0,0,
90,2026-10-08T21:34:07.717440+00:00,90.00069729999996,loop7,1.0003908720000254,0,0,0,0,0,0,0,0,0.0,0.0,0,
90,2026-10-08T21:34:07.717440+00:00,90.00069729999996,sr0,1.0003908720000254,1536,0,8,0,0,0,0,0,0.0,0.0,0,
90,2026-10-08T21:34:07.717440+00:00,90.00069729999996,sda,1.0003908720000254,315698688,15324831744,8097,33940,0,52637696,0,102,0.0,52617129.437381215,1072,
90,2026-10-08T21:34:07.717440+00:00,90.00069729999996,sda1,1.0003908720000254,319488,0,78,0,0,0,0,0,0.0,0.0,0,
90,2026-10-08T21:34:07.717440+00:00,90.00069729999996,sda2,1.0003908720000254,285926400,55799808,6637,8032,0,0,0,0,0.0,0.0,0,
90,2026-10-08T21:34:07.717440+00:00,90.00069729999996,sda3,1.0003908720000254,5559296,118784,154,25,0,0,0,0,0.0,0.0,0,
90,2026-10-08T21:34:07.717440+00:00,90.00069729999996,sda4,1.0003908720000254,4657152,0,116,0,0,0,0,0,0.0,0.0,0,
90,2026-10-08T21:34:07.717440+00:00,90.00069729999996,sda5,1.0003908720000254,16782336,15268913152,977,25883,0,52637696,0,102,0.0,52617129.437381215,1072,
91,2026-10-08T21:34:08.718652+00:00,91.00178802000028,loop0,1.0012128139997003,2109440,0,219,0,0,0,0,0,0.0,0.0,0,
91,2026-10-08T21:34:08.718652+00:00,91.00178802000028,loop1,1.0012128139997003,354304,0,43,0,0,0,0,0,0.0,0.0,0,
91,2026-10-08T21:34:08.718652+00:00,91.00178802000028,loop2,1.0012128139997003,1106944,0,51,0,0,0,0,0,0.0,0.0,0,
91,2026-10-08T21:34:08.718652+00:00,91.00178802000028,loop3,1.0012128139997003,1141760,0,66,0,0,0,0,0,0.0,0.0,0,
91,2026-10-08T21:34:08.718652+00:00,91.00178802000028,loop4,1.0012128139997003,374784,0,51,0,0,0,0,0,0.0,0.0,0,
91,2026-10-08T21:34:08.718652+00:00,91.00178802000028,loop5,1.0012128139997003,14336,0,11,0,0,0,0,0,0.0,0.0,0,
91,2026-10-08T21:34:08.718652+00:00,91.00178802000028,loop6,1.0012128139997003,0,0,0,0,0,0,0,0,0.0,0.0,0,
91,2026-10-08T21:34:08.718652+00:00,91.00178802000028,loop7,1.0012128139997003,0,0,0,0,0,0,0,0,0.0,0.0,0,
91,2026-10-08T21:34:08.718652+00:00,91.00178802000028,sr0,1.0012128139997003,1536,0,8,0,0,0,0,0,0.0,0.0,0,
91,2026-10-08T21:34:08.718652+00:00,91.00178802000028,sda,1.0012128139997003,315698688,15377465344,8097,34038,0,52633600,0,98,0.0,52569842.558982424,960,
91,2026-10-08T21:34:08.718652+00:00,91.00178802000028,sda1,1.0012128139997003,319488,0,78,0,0,0,0,0,0.0,0.0,0,
91,2026-10-08T21:34:08.718652+00:00,91.00178802000028,sda2,1.0012128139997003,285926400,55799808,6637,8032,0,0,0,0,0.0,0.0,0,
91,2026-10-08T21:34:08.718652+00:00,91.00178802000028,sda3,1.0012128139997003,5559296,118784,154,25,0,0,0,0,0.0,0.0,0,
91,2026-10-08T21:34:08.718652+00:00,91.00178802000028,sda4,1.0012128139997003,4657152,0,116,0,0,0,0,0,0.0,0.0,0,
91,2026-10-08T21:34:08.718652+00:00,91.00178802000028,sda5,1.0012128139997003,16782336,15321546752,977,25981,0,52633600,0,98,0.0,52569842.558982424,960,
92,2026-10-08T21:34:09.720022+00:00,92.00322940200022,loop0,1.0013694709996344,2109440,0,219,0,0,0,0,0,0.0,0.0,0,
92,2026-10-08T21:34:09.720022+00:00,92.00322940200022,loop1,1.0013694709996344,354304,0,43,0,0,0,0,0,0.0,0.0,0,
92,2026-10-08T21:34:09.720022+00:00,92.00322940200022,loop2,1.0013694709996344,1106944,0,51,0,0,0,0,0,0.0,0.0,0,
92,2026-10-08T21:34:09.720022+00:00,92.00322940200022,loop3,1.0013694709996344,1141760,0,66,0,0,0,0,0,0.0,0.0,0,
92,2026-10-08T21:34:09.720022+00:00,92.00322940200022,loop4,1.0013694709996344,374784,0,51,0,0,0,0,0,0.0,0.0,0,
92,2026-10-08T21:34:09.720022+00:00,92.00322940200022,loop5,1.0013694709996344,14336,0,11,0,0,0,0,0,0.0,0.0,0,
92,2026-10-08T21:34:09.720022+00:00,92.00322940200022,loop6,1.0013694709996344,0,0,0,0,0,0,0,0,0.0,0.0,0,
92,2026-10-08T21:34:09.720022+00:00,92.00322940200022,loop7,1.0013694709996344,0,0,0,0,0,0,0,0,0.0,0.0,0,
92,2026-10-08T21:34:09.720022+00:00,92.00322940200022,sr0,1.0013694709996344,1536,0,8,0,0,0,0,0,0.0,0.0,0,
92,2026-10-08T21:34:09.720022+00:00,92.00322940200022,sda,1.0013694709996344,315698688,15428747264,8097,34124,0,51281920,0,86,0.0,51211786.94294219,932,
92,2026-10-08T21:34:09.720022+00:00,92.00322940200022,sda1,1.0013694709996344,319488,0,78,0,0,0,0,0,0.0,0.0,0,
92,2026-10-08T21:34:09.720022+00:00,92.00322940200022,sda2,1.0013694709996344,285926400,55799808,6637,8032,0,0,0,0,0.0,0.0,0,
92,2026-10-08T21:34:09.720022+00:00,92.00322940200022,sda3,1.0013694709996344,5559296,118784,154,25,0,0,0,0,0.0,0.0,0,
92,2026-10-08T21:34:09.720022+00:00,92.00322940200022,sda4,1.0013694709996344,4657152,0,116,0,0,0,0,0,0.0,0.0,0,
92,2026-10-08T21:34:09.720022+00:00,92.00322940200022,sda5,1.0013694709996344,16782336,15372828672,977,26067,0,51281920,0,86,0.0,51211786.94294219,932,
93,2026-10-08T21:34:10.717405+00:00,93.0006310990002,loop0,0.9973827829999209,2109440,0,219,0,0,0,0,0,0.0,0.0,0,
93,2026-10-08T21:34:10.717405+00:00,93.0006310990002,loop1,0.9973827829999209,354304,0,43,0,0,0,0,0,0.0,0.0,0,
93,2026-10-08T21:34:10.717405+00:00,93.0006310990002,loop2,0.9973827829999209,1106944,0,51,0,0,0,0,0,0.0,0.0,0,
93,2026-10-08T21:34:10.717405+00:00,93.0006310990002,loop3,0.9973827829999209,1141760,0,66,0,0,0,0,0,0.0,0.0,0,
93,2026-10-08T21:34:10.717405+00:00,93.0006310990002,loop4,0.9973827829999209,374784,0,51,0,0,0,0,0,0.0,0.0,0,
93,2026-10-08T21:34:10.717405+00:00,93.0006310990002,loop5,0.9973827829999209,14336,0,11,0,0,0,0,0,0.0,0.0,0,
93,2026-10-08T21:34:10.717405+00:00,93.0006310990002,loop6,0.9973827829999209,0,0,0,0,0,0,0,0,0.0,0.0,0,
93,2026-10-08T21:34:10.717405+00:00,93.0006310990002,loop7,0.9973827829999209,0,0,0,0,0,0,0,0,0.0,0.0,0,
93,2026-10-08T21:34:10.717405+00:00,93.0006310990002,sr0,0.9973827829999209,1536,0,8,0,0,0,0,0,0.0,0.0,0,
93,2026-10-08T21:34:10.717405+00:00,93.0006310990002,sda,0.9973827829999209,315698688,15490355200,8097,34225,0,61607936,0,101,0.0,61769600.448381595,888,
93,2026-10-08T21:34:10.717405+00:00,93.0006310990002,sda1,0.9973827829999209,319488,0,78,0,0,0,0,0,0.0,0.0,0,
93,2026-10-08T21:34:10.717405+00:00,93.0006310990002,sda2,0.9973827829999209,285926400,55799808,6637,8032,0,0,0,0,0.0,0.0,0,
93,2026-10-08T21:34:10.717405+00:00,93.0006310990002,sda3,0.9973827829999209,5559296,118784,154,25,0,0,0,0,0.0,0.0,0,
93,2026-10-08T21:34:10.717405+00:00,93.0006310990002,sda4,0.9973827829999209,4657152,0,116,0,0,0,0,0,0.0,0.0,0,
93,2026-10-08T21:34:10.717405+00:00,93.0006310990002,sda5,0.9973827829999209,16782336,15434436608,977,26168,0,61607936,0,101,0.0,61769600.448381595,888,
94,2026-10-08T21:34:11.718009+00:00,94.00185847600005,loop0,1.0006040060006853,2109440,0,219,0,0,0,0,0,0.0,0.0,0,
94,2026-10-08T21:34:11.718009+00:00,94.00185847600005,loop1,1.0006040060006853,354304,0,43,0,0,0,0,0,0.0,0.0,0,
94,2026-10-08T21:34:11.718009+00:00,94.00185847600005,loop2,1.0006040060006853,1106944,0,51,0,0,0,0,0,0.0,0.0,0,
94,2026-10-08T21:34:11.718009+00:00,94.00185847600005,loop3,1.0006040060006853,1141760,0,66,0,0,0,0,0,0.0,0.0,0,
94,2026-10-08T21:34:11.718009+00:00,94.00185847600005,loop4,1.0006040060006853,374784,0,51,0,0,0,0,0,0.0,0.0,0,
94,2026-10-08T21:34:11.718009+00:00,94.00185847600005,loop5,1.0006040060006853,14336,0,11,0,0,0,0,0,0.0,0.0,0,
94,2026-10-08T21:34:11.718009+00:00,94.00185847600005,loop6,1.0006040060006853,0,0,0,0,0,0,0,0,0.0,0.0,0,
94,2026-10-08T21:34:11.718009+00:00,94.00185847600005,loop7,1.0006040060006853,0,0,0,0,0,0,0,0,0.0,0.0,0,
94,2026-10-08T21:34:11.718009+00:00,94.00185847600005,sr0,1.0006040060006853,1536,0,8,0,0,0,0,0,0.0,0.0,0,
94,2026-10-08T21:34:11.718009+00:00,94.00185847600005,sda,1.0006040060006853,315698688,15514333184,8097,34267,0,23977984,0,42,0.0,23963509.8962252,420,
94,2026-10-08T21:34:11.718009+00:00,94.00185847600005,sda1,1.0006040060006853,319488,0,78,0,0,0,0,0,0.0,0.0,0,
94,2026-10-08T21:34:11.718009+00:00,94.00185847600005,sda2,1.0006040060006853,285926400,55799808,6637,8032,0,0,0,0,0.0,0.0,0,
94,2026-10-08T21:34:11.718009+00:00,94.00185847600005,sda3,1.0006040060006853,5559296,118784,154,25,0,0,0,0,0.0,0.0,0,
94,2026-10-08T21:34:11.718009+00:00,94.00185847600005,sda4,1.0006040060006853,4657152,0,116,0,0,0,0,0,0.0,0.0,0,
94,2026-10-08T21:34:11.718009+00:00,94.00185847600005,sda5,1.0006040060006853,16782336,15458414592,977,26210,0,23977984,0,42,0.0,23963509.8962252,420,
95,2026-10-08T21:34:12.717008+00:00,95.00078061300064,loop0,0.9989995930000077,2109440,0,219,0,0,0,0,0,0.0,0.0,0,
95,2026-10-08T21:34:12.717008+00:00,95.00078061300064,loop1,0.9989995930000077,354304,0,43,0,0,0,0,0,0.0,0.0,0,
95,2026-10-08T21:34:12.717008+00:00,95.00078061300064,loop2,0.9989995930000077,1106944,0,51,0,0,0,0,0,0.0,0.0,0,
95,2026-10-08T21:34:12.717008+00:00,95.00078061300064,loop3,0.9989995930000077,1141760,0,66,0,0,0,0,0,0.0,0.0,0,
95,2026-10-08T21:34:12.717008+00:00,95.00078061300064,loop4,0.9989995930000077,374784,0,51,0,0,0,0,0,0.0,0.0,0,
95,2026-10-08T21:34:12.717008+00:00,95.00078061300064,loop5,0.9989995930000077,14336,0,11,0,0,0,0,0,0.0,0.0,0,
95,2026-10-08T21:34:12.717008+00:00,95.00078061300064,loop6,0.9989995930000077,0,0,0,0,0,0,0,0,0.0,0.0,0,
95,2026-10-08T21:34:12.717008+00:00,95.00078061300064,loop7,0.9989995930000077,0,0,0,0,0,0,0,0,0.0,0.0,0,
95,2026-10-08T21:34:12.717008+00:00,95.00078061300064,sr0,0.9989995930000077,1536,0,8,0,0,0,0,0,0.0,0.0,0,
95,2026-10-08T21:34:12.717008+00:00,95.00078061300064,sda,0.9989995930000077,315698688,15514378240,8097,34273,0,45056,0,6,0.0,45101.119475630905,8,
95,2026-10-08T21:34:12.717008+00:00,95.00078061300064,sda1,0.9989995930000077,319488,0,78,0,0,0,0,0,0.0,0.0,0,
95,2026-10-08T21:34:12.717008+00:00,95.00078061300064,sda2,0.9989995930000077,285926400,55803904,6637,8033,0,4096,0,1,0.0,4100.101770511901,4,
95,2026-10-08T21:34:12.717008+00:00,95.00078061300064,sda3,0.9989995930000077,5559296,118784,154,25,0,0,0,0,0.0,0.0,0,
95,2026-10-08T21:34:12.717008+00:00,95.00078061300064,sda4,0.9989995930000077,4657152,0,116,0,0,0,0,0,0.0,0.0,0,
95,2026-10-08T21:34:12.717008+00:00,95.00078061300064,sda5,0.9989995930000077,16782336,15458455552,977,26215,0,40960,0,5,0.0,41001.01770511901,4,
96,2026-10-08T21:34:13.717121+00:00,96.00063681900065,loop0,1.0001127420000557,2109440,0,219,0,0,0,0,0,0.0,0.0,0,
96,2026-10-08T21:34:13.717121+00:00,96.00063681900065,loop1,1.0001127420000557,354304,0,43,0,0,0,0,0,0.0,0.0,0,
96,2026-10-08T21:34:13.717121+00:00,96.00063681900065,loop2,1.0001127420000557,1106944,0,51,0,0,0,0,0,0.0,0.0,0,
96,2026-10-08T21:34:13.717121+00:00,96.00063681900065,loop3,1.0001127420000557,1141760,0,66,0,0,0,0,0,0.0,0.0,0,
96,2026-10-08T21:34:13.717121+00:00,96.00063681900065,loop4,1.0001127420000557,374784,0,51,0,0,0,0,0,0.0,0.0,0,
96,2026-10-08T21:34:13.717121+00:00,96.00063681900065,loop5,1.0001127420000557,14336,0,11,0,0,0,0,0,0.0,0.0,0,
96,2026-10-08T21:34:13.717121+00:00,96.00063681900065,loop6,1.0001127420000557,0,0,0,0,0,0,0,0,0.0,0.0,0,
96,2026-10-08T21:34:13.717121+00:00,96.00063681900065,loop7,1.0001127420000557,0,0,0,0,0,0,0,0,0.0,0.0,0,
96,2026-10-08T21:34:13.717121+00:00,96.00063681900065,sr0,1.0001127420000557,1536,0,8,0,0,0,0,0,0.0,0.0,0,
96,2026-10-08T21:34:13.717121+00:00,96.00063681900065,sda,1.0001127420000557,315698688,15514378240,8097,34273,0,0,0,0,0.0,0.0,0,
96,2026-10-08T21:34:13.717121+00:00,96.00063681900065,sda1,1.0001127420000557,319488,0,78,0,0,0,0,0,0.0,0.0,0,
96,2026-10-08T21:34:13.717121+00:00,96.00063681900065,sda2,1.0001127420000557,285926400,55803904,6637,8033,0,0,0,0,0.0,0.0,0,
96,2026-10-08T21:34:13.717121+00:00,96.00063681900065,sda3,1.0001127420000557,5559296,118784,154,25,0,0,0,0,0.0,0.0,0,
96,2026-10-08T21:34:13.717121+00:00,96.00063681900065,sda4,1.0001127420000557,4657152,0,116,0,0,0,0,0,0.0,0.0,0,
96,2026-10-08T21:34:13.717121+00:00,96.00063681900065,sda5,1.0001127420000557,16782336,15458455552,977,26215,0,0,0,0,0.0,0.0,0,
97,2026-10-08T21:34:14.720150+00:00,97.00055357400015,loop0,1.003028149999409,2109440,0,219,0,0,0,0,0,0.0,0.0,0,
97,2026-10-08T21:34:14.720150+00:00,97.00055357400015,loop1,1.003028149999409,354304,0,43,0,0,0,0,0,0.0,0.0,0,
97,2026-10-08T21:34:14.720150+00:00,97.00055357400015,loop2,1.003028149999409,1106944,0,51,0,0,0,0,0,0.0,0.0,0,
97,2026-10-08T21:34:14.720150+00:00,97.00055357400015,loop3,1.003028149999409,1141760,0,66,0,0,0,0,0,0.0,0.0,0,
97,2026-10-08T21:34:14.720150+00:00,97.00055357400015,loop4,1.003028149999409,374784,0,51,0,0,0,0,0,0.0,0.0,0,
97,2026-10-08T21:34:14.720150+00:00,97.00055357400015,loop5,1.003028149999409,14336,0,11,0,0,0,0,0,0.0,0.0,0,
97,2026-10-08T21:34:14.720150+00:00,97.00055357400015,loop6,1.003028149999409,0,0,0,0,0,0,0,0,0.0,0.0,0,
97,2026-10-08T21:34:14.720150+00:00,97.00055357400015,loop7,1.003028149999409,0,0,0,0,0,0,0,0,0.0,0.0,0,
97,2026-10-08T21:34:14.720150+00:00,97.00055357400015,sr0,1.003028149999409,1536,0,8,0,0,0,0,0,0.0,0.0,0,
97,2026-10-08T21:34:14.720150+00:00,97.00055357400015,sda,1.003028149999409,315698688,15514378240,8097,34273,0,0,0,0,0.0,0.0,0,
97,2026-10-08T21:34:14.720150+00:00,97.00055357400015,sda1,1.003028149999409,319488,0,78,0,0,0,0,0,0.0,0.0,0,
97,2026-10-08T21:34:14.720150+00:00,97.00055357400015,sda2,1.003028149999409,285926400,55803904,6637,8033,0,0,0,0,0.0,0.0,0,
97,2026-10-08T21:34:14.720150+00:00,97.00055357400015,sda3,1.003028149999409,5559296,118784,154,25,0,0,0,0,0.0,0.0,0,
97,2026-10-08T21:34:14.720150+00:00,97.00055357400015,sda4,1.003028149999409,4657152,0,116,0,0,0,0,0,0.0,0.0,0,
97,2026-10-08T21:34:14.720150+00:00,97.00055357400015,sda5,1.003028149999409,16782336,15458455552,977,26215,0,0,0,0,0.0,0.0,0,
98,2026-10-08T21:34:15.721028+00:00,98.00440110799991,loop0,1.0008790580004643,2109440,0,219,0,0,0,0,0,0.0,0.0,0,
98,2026-10-08T21:34:15.721028+00:00,98.00440110799991,loop1,1.0008790580004643,354304,0,43,0,0,0,0,0,0.0,0.0,0,
98,2026-10-08T21:34:15.721028+00:00,98.00440110799991,loop2,1.0008790580004643,1106944,0,51,0,0,0,0,0,0.0,0.0,0,
98,2026-10-08T21:34:15.721028+00:00,98.00440110799991,loop3,1.0008790580004643,1141760,0,66,0,0,0,0,0,0.0,0.0,0,
98,2026-10-08T21:34:15.721028+00:00,98.00440110799991,loop4,1.0008790580004643,374784,0,51,0,0,0,0,0,0.0,0.0,0,
98,2026-10-08T21:34:15.721028+00:00,98.00440110799991,loop5,1.0008790580004643,14336,0,11,0,0,0,0,0,0.0,0.0,0,
98,2026-10-08T21:34:15.721028+00:00,98.00440110799991,loop6,1.0008790580004643,0,0,0,0,0,0,0,0,0.0,0.0,0,
98,2026-10-08T21:34:15.721028+00:00,98.00440110799991,loop7,1.0008790580004643,0,0,0,0,0,0,0,0,0.0,0.0,0,
98,2026-10-08T21:34:15.721028+00:00,98.00440110799991,sr0,1.0008790580004643,1536,0,8,0,0,0,0,0,0.0,0.0,0,
98,2026-10-08T21:34:15.721028+00:00,98.00440110799991,sda,1.0008790580004643,315698688,15514378240,8097,34273,0,0,0,0,0.0,0.0,0,
98,2026-10-08T21:34:15.721028+00:00,98.00440110799991,sda1,1.0008790580004643,319488,0,78,0,0,0,0,0,0.0,0.0,0,
98,2026-10-08T21:34:15.721028+00:00,98.00440110799991,sda2,1.0008790580004643,285926400,55803904,6637,8033,0,0,0,0,0.0,0.0,0,
98,2026-10-08T21:34:15.721028+00:00,98.00440110799991,sda3,1.0008790580004643,5559296,118784,154,25,0,0,0,0,0.0,0.0,0,
98,2026-10-08T21:34:15.721028+00:00,98.00440110799991,sda4,1.0008790580004643,4657152,0,116,0,0,0,0,0,0.0,0.0,0,
98,2026-10-08T21:34:15.721028+00:00,98.00440110799991,sda5,1.0008790580004643,16782336,15458455552,977,26215,0,0,0,0,0.0,0.0,0,
99,2026-10-08T21:34:16.723835+00:00,99.00774718699995,loop0,1.0028065520000382,2109440,0,219,0,0,0,0,0,0.0,0.0,0,
99,2026-10-08T21:34:16.723835+00:00,99.00774718699995,loop1,1.0028065520000382,354304,0,43,0,0,0,0,0,0.0,0.0,0,
99,2026-10-08T21:34:16.723835+00:00,99.00774718699995,loop2,1.0028065520000382,1106944,0,51,0,0,0,0,0,0.0,0.0,0,
99,2026-10-08T21:34:16.723835+00:00,99.00774718699995,loop3,1.0028065520000382,1141760,0,66,0,0,0,0,0,0.0,0.0,0,
99,2026-10-08T21:34:16.723835+00:00,99.00774718699995,loop4,1.0028065520000382,374784,0,51,0,0,0,0,0,0.0,0.0,0,
99,2026-10-08T21:34:16.723835+00:00,99.00774718699995,loop5,1.0028065520000382,14336,0,11,0,0,0,0,0,0.0,0.0,0,
99,2026-10-08T21:34:16.723835+00:00,99.00774718699995,loop6,1.0028065520000382,0,0,0,0,0,0,0,0,0.0,0.0,0,
99,2026-10-08T21:34:16.723835+00:00,99.00774718699995,loop7,1.0028065520000382,0,0,0,0,0,0,0,0,0.0,0.0,0,
99,2026-10-08T21:34:16.723835+00:00,99.00774718699995,sr0,1.0028065520000382,1536,0,8,0,0,0,0,0,0.0,0.0,0,
99,2026-10-08T21:34:16.723835+00:00,99.00774718699995,sda,1.0028065520000382,315698688,15514378240,8097,34273,0,0,0,0,0.0,0.0,0,
99,2026-10-08T21:34:16.723835+00:00,99.00774718699995,sda1,1.0028065520000382,319488,0,78,0,0,0,0,0,0.0,0.0,0,
99,2026-10-08T21:34:16.723835+00:00,99.00774718699995,sda2,1.0028065520000382,285926400,55803904,6637,8033,0,0,0,0,0.0,0.0,0,
99,2026-10-08T21:34:16.723835+00:00,99.00774718699995,sda3,1.0028065520000382,5559296,118784,154,25,0,0,0,0,0.0,0.0,0,
99,2026-10-08T21:34:16.723835+00:00,99.00774718699995,sda4,1.0028065520000382,4657152,0,116,0,0,0,0,0,0.0,0.0,0,
99,2026-10-08T21:34:16.723835+00:00,99.00774718699995,sda5,1.0028065520000382,16782336,15458455552,977,26215,0,0,0,0,0.0,0.0,0,
100,2026-10-08T21:34:17.717887+00:00,100.00196544200026,loop0,0.9940523289997145,2109440,0,219,0,0,0,0,0,0.0,0.0,0,
100,2026-10-08T21:34:17.717887+00:00,100.00196544200026,loop1,0.9940523289997145,354304,0,43,0,0,0,0,0,0.0,0.0,0,
100,2026-10-08T21:34:17.717887+00:00,100.00196544200026,loop2,0.9940523289997145,1106944,0,51,0,0,0,0,0,0.0,0.0,0,
100,2026-10-08T21:34:17.717887+00:00,100.00196544200026,loop3,0.9940523289997145,1141760,0,66,0,0,0,0,0,0.0,0.0,0,
100,2026-10-08T21:34:17.717887+00:00,100.00196544200026,loop4,0.9940523289997145,374784,0,51,0,0,0,0,0,0.0,0.0,0,
100,2026-10-08T21:34:17.717887+00:00,100.00196544200026,loop5,0.9940523289997145,14336,0,11,0,0,0,0,0,0.0,0.0,0,
100,2026-10-08T21:34:17.717887+00:00,100.00196544200026,loop6,0.9940523289997145,0,0,0,0,0,0,0,0,0.0,0.0,0,
100,2026-10-08T21:34:17.717887+00:00,100.00196544200026,loop7,0.9940523289997145,0,0,0,0,0,0,0,0,0.0,0.0,0,
100,2026-10-08T21:34:17.717887+00:00,100.00196544200026,sr0,0.9940523289997145,1536,0,8,0,0,0,0,0,0.0,0.0,0,
100,2026-10-08T21:34:17.717887+00:00,100.00196544200026,sda,0.9940523289997145,315698688,15515590656,8097,34486,0,1212416,0,213,0.0,1219670.197060972,120,
100,2026-10-08T21:34:17.717887+00:00,100.00196544200026,sda1,0.9940523289997145,319488,0,78,0,0,0,0,0,0.0,0.0,0,
100,2026-10-08T21:34:17.717887+00:00,100.00196544200026,sda2,0.9940523289997145,285926400,56918016,6637,8240,0,1114112,0,207,0.0,1120778.0189208933,64,
100,2026-10-08T21:34:17.717887+00:00,100.00196544200026,sda3,0.9940523289997145,5559296,118784,154,25,0,0,0,0,0.0,0.0,0,
100,2026-10-08T21:34:17.717887+00:00,100.00196544200026,sda4,0.9940523289997145,4657152,0,116,0,0,0,0,0,0.0,0.0,0,
100,2026-10-08T21:34:17.717887+00:00,100.00196544200026,sda5,0.9940523289997145,16782336,15458553856,977,26221,0,98304,0,6,0.0,98892.17814007882,56,
101,2026-10-08T21:34:18.721684+00:00,101.0006549790005,loop0,1.0037969189997966,2109440,0,219,0,0,0,0,0,0.0,0.0,0,
101,2026-10-08T21:34:18.721684+00:00,101.0006549790005,loop1,1.0037969189997966,354304,0,43,0,0,0,0,0,0.0,0.0,0,
101,2026-10-08T21:34:18.721684+00:00,101.0006549790005,loop2,1.0037969189997966,1106944,0,51,0,0,0,0,0,0.0,0.0,0,
101,2026-10-08T21:34:18.721684+00:00,101.0006549790005,loop3,1.0037969189997966,1141760,0,66,0,0,0,0,0,0.0,0.0,0,
101,2026-10-08T21:34:18.721684+00:00,101.0006549790005,loop4,1.0037969189997966,374784,0,51,0,0,0,0,0,0.0,0.0,0,
101,2026-10-08T21:34:18.721684+00:00,101.0006549790005,loop5,1.0037969189997966,14336,0,11,0,0,0,0,0,0.0,0.0,0,
101,2026-10-08T21:34:18.721684+00:00,101.0006549790005,loop6,1.0037969189997966,0,0,0,0,0,0,0,0,0.0,0.0,0,
101,2026-10-08T21:34:18.721684+00:00,101.0006549790005,loop7,1.0037969189997966,0,0,0,0,0,0,0,0,0.0,0.0,0,
101,2026-10-08T21:34:18.721684+00:00,101.0006549790005,sr0,1.0037969189997966,1536,0,8,0,0,0,0,0,0.0,0.0,0,
101,2026-10-08T21:34:18.721684+00:00,101.0006549790005,sda,1.0037969189997966,315698688,15515590656,8097,34486,0,0,0,0,0.0,0.0,0,
101,2026-10-08T21:34:18.721684+00:00,101.0006549790005,sda1,1.0037969189997966,319488,0,78,0,0,0,0,0,0.0,0.0,0,
101,2026-10-08T21:34:18.721684+00:00,101.0006549790005,sda2,1.0037969189997966,285926400,56918016,6637,8240,0,0,0,0,0.0,0.0,0,
101,2026-10-08T21:34:18.721684+00:00,101.0006549790005,sda3,1.0037969189997966,5559296,118784,154,25,0,0,0,0,0.0,0.0,0,
101,2026-10-08T21:34:18.721684+00:00,101.0006549790005,sda4,1.0037969189997966,4657152,0,116,0,0,0,0,0,0.0,0.0,0,
101,2026-10-08T21:34:18.721684+00:00,101.0006549790005,sda5,1.0037969189997966,16782336,15458553856,977,26221,0,0,0,0,0.0,0.0,0,
102,2026-10-08T21:34:19.717276+00:00,102.00051495800017,loop0,0.9955918340001517,2109440,0,219,0,0,0,0,0,0.0,0.0,0,
102,2026-10-08T21:34:19.717276+00:00,102.00051495800017,loop1,0.9955918340001517,354304,0,43,0,0,0,0,0,0.0,0.0,0,
102,2026-10-08T21:34:19.717276+00:00,102.00051495800017,loop2,0.9955918340001517,1106944,0,51,0,0,0,0,0,0.0,0.0,0,
102,2026-10-08T21:34:19.717276+00:00,102.00051495800017,loop3,0.9955918340001517,1141760,0,66,0,0,0,0,0,0.0,0.0,0,
102,2026-10-08T21:34:19.717276+00:00,102.00051495800017,loop4,0.9955918340001517,374784,0,51,0,0,0,0,0,0.0,0.0,0,
102,2026-10-08T21:34:19.717276+00:00,102.00051495800017,loop5,0.9955918340001517,14336,0,11,0,0,0,0,0,0.0,0.0,0,
102,2026-10-08T21:34:19.717276+00:00,102.00051495800017,loop6,0.9955918340001517,0,0,0,0,0,0,0,0,0.0,0.0,0,
102,2026-10-08T21:34:19.717276+00:00,102.00051495800017,loop7,0.9955918340001517,0,0,0,0,0,0,0,0,0.0,0.0,0,
102,2026-10-08T21:34:19.717276+00:00,102.00051495800017,sr0,0.9955918340001517,1536,0,8,0,0,0,0,0,0.0,0.0,0,
102,2026-10-08T21:34:19.717276+00:00,102.00051495800017,sda,0.9955918340001517,315698688,15515590656,8097,34486,0,0,0,0,0.0,0.0,0,
102,2026-10-08T21:34:19.717276+00:00,102.00051495800017,sda1,0.9955918340001517,319488,0,78,0,0,0,0,0,0.0,0.0,0,
102,2026-10-08T21:34:19.717276+00:00,102.00051495800017,sda2,0.9955918340001517,285926400,56918016,6637,8240,0,0,0,0,0.0,0.0,0,
102,2026-10-08T21:34:19.717276+00:00,102.00051495800017,sda3,0.9955918340001517,5559296,118784,154,25,0,0,0,0,0.0,0.0,0,
102,2026-10-08T21:34:19.717276+00:00,102.00051495800017,sda4,0.9955918340001517,4657152,0,116,0,0,0,0,0,0.0,0.0,0,
102,2026-10-08T21:34:19.717276+00:00,102.00051495800017,sda5,0.9955918340001517,16782336,15458553856,977,26221,0,0,0,0,0.0,0.0,0,
103,2026-10-08T21:34:20.726885+00:00,103.01066616500066,loop0,1.0096092730000237,2109440,0,219,0,0,0,0,0,0.0,0.0,0,
103,2026-10-08T21:34:20.726885+00:00,103.01066616500066,loop1,1.0096092730000237,354304,0,43,0,0,0,0,0,0.0,0.0,0,
103,2026-10-08T21:34:20.726885+00:00,103.01066616500066,loop2,1.0096092730000237,1106944,0,51,0,0,0,0,0,0.0,0.0,0,
103,2026-10-08T21:34:20.726885+00:00,103.01066616500066,loop3,1.0096092730000237,1141760,0,66,0,0,0,0,0,0.0,0.0,0,
103,2026-10-08T21:34:20.726885+00:00,103.01066616500066,loop4,1.0096092730000237,374784,0,51,0,0,0,0,0,0.0,0.0,0,
103,2026-10-08T21:34:20.726885+00:00,103.01066616500066,loop5,1.0096092730000237,14336,0,11,0,0,0,0,0,0.0,0.0,0,
103,2026-10-08T21:34:20.726885+00:00,103.01066616500066,loop6,1.0096092730000237,0,0,0,0,0,0,0,0,0.0,0.0,0,
103,2026-10-08T21:34:20.726885+00:00,103.01066616500066,loop7,1.0096092730000237,0,0,0,0,0,0,0,0,0.0,0.0,0,
103,2026-10-08T21:34:20.726885+00:00,103.01066616500066,sr0,1.0096092730000237,1536,0,8,0,0,0,0,0,0.0,0.0,0,
103,2026-10-08T21:34:20.726885+00:00,103.01066616500066,sda,1.0096092730000237,315698688,15515590656,8097,34486,0,0,0,0,0.0,0.0,0,
103,2026-10-08T21:34:20.726885+00:00,103.01066616500066,sda1,1.0096092730000237,319488,0,78,0,0,0,0,0,0.0,0.0,0,
103,2026-10-08T21:34:20.726885+00:00,103.01066616500066,sda2,1.0096092730000237,285926400,56918016,6637,8240,0,0,0,0,0.0,0.0,0,
103,2026-10-08T21:34:20.726885+00:00,103.01066616500066,sda3,1.0096092730000237,5559296,118784,154,25,0,0,0,0,0.0,0.0,0,
103,2026-10-08T21:34:20.726885+00:00,103.01066616500066,sda4,1.0096092730000237,4657152,0,116,0,0,0,0,0,0.0,0.0,0,
103,2026-10-08T21:34:20.726885+00:00,103.01066616500066,sda5,1.0096092730000237,16782336,15458553856,977,26221,0,0,0,0,0.0,0.0,0,
104,2026-10-08T21:34:21.718601+00:00,104.00236232600037,loop0,0.9917155200000707,2109440,0,219,0,0,0,0,0,0.0,0.0,0,
104,2026-10-08T21:34:21.718601+00:00,104.00236232600037,loop1,0.9917155200000707,354304,0,43,0,0,0,0,0,0.0,0.0,0,
104,2026-10-08T21:34:21.718601+00:00,104.00236232600037,loop2,0.9917155200000707,1106944,0,51,0,0,0,0,0,0.0,0.0,0,
104,2026-10-08T21:34:21.718601+00:00,104.00236232600037,loop3,0.9917155200000707,1141760,0,66,0,0,0,0,0,0.0,0.0,0,
104,2026-10-08T21:34:21.718601+00:00,104.00236232600037,loop4,0.9917155200000707,374784,0,51,0,0,0,0,0,0.0,0.0,0,
104,2026-10-08T21:34:21.718601+00:00,104.00236232600037,loop5,0.9917155200000707,14336,0,11,0,0,0,0,0,0.0,0.0,0,
104,2026-10-08T21:34:21.718601+00:00,104.00236232600037,loop6,0.9917155200000707,0,0,0,0,0,0,0,0,0.0,0.0,0,
104,2026-10-08T21:34:21.718601+00:00,104.00236232600037,loop7,0.9917155200000707,0,0,0,0,0,0,0,0,0.0,0.0,0,
104,2026-10-08T21:34:21.718601+00:00,104.00236232600037,sr0,0.9917155200000707,1536,0,8,0,0,0,0,0,0.0,0.0,0,
104,2026-10-08T21:34:21.718601+00:00,104.00236232600037,sda,0.9917155200000707,315698688,15515590656,8097,34486,0,0,0,0,0.0,0.0,0,
104,2026-10-08T21:34:21.718601+00:00,104.00236232600037,sda1,0.9917155200000707,319488,0,78,0,0,0,0,0,0.0,0.0,0,
104,2026-10-08T21:34:21.718601+00:00,104.00236232600037,sda2,0.9917155200000707,285926400,56918016,6637,8240,0,0,0,0,0.0,0.0,0,
104,2026-10-08T21:34:21.718601+00:00,104.00236232600037,sda3,0.9917155200000707,5559296,118784,154,25,0,0,0,0,0.0,0.0,0,
104,2026-10-08T21:34:21.718601+00:00,104.00236232600037,sda4,0.9917155200000707,4657152,0,116,0,0,0,0,0,0.0,0.0,0,
104,2026-10-08T21:34:21.718601+00:00,104.00236232600037,sda5,0.9917155200000707,16782336,15458553856,977,26221,0,0,0,0,0.0,0.0,0,
105,2026-10-08T21:34:22.719589+00:00,105.00332822100063,loop0,1.000988419999885,2109440,0,219,0,0,0,0,0,0.0,0.0,0,
105,2026-10-08T21:34:22.719589+00:00,105.00332822100063,loop1,1.000988419999885,354304,0,43,0,0,0,0,0,0.0,0.0,0,
105,2026-10-08T21:34:22.719589+00:00,105.00332822100063,loop2,1.000988419999885,1106944,0,51,0,0,0,0,0,0.0,0.0,0,
105,2026-10-08T21:34:22.719589+00:00,105.00332822100063,loop3,1.000988419999885,1141760,0,66,0,0,0,0,0,0.0,0.0,0,
105,2026-10-08T21:34:22.719589+00:00,105.00332822100063,loop4,1.000988419999885,374784,0,51,0,0,0,0,0,0.0,0.0,0,
105,2026-10-08T21:34:22.719589+00:00,105.00332822100063,loop5,1.000988419999885,14336,0,11,0,0,0,0,0,0.0,0.0,0,
105,2026-10-08T21:34:22.719589+00:00,105.00332822100063,loop6,1.000988419999885,0,0,0,0,0,0,0,0,0.0,0.0,0,
105,2026-10-08T21:34:22.719589+00:00,105.00332822100063,loop7,1.000988419999885,0,0,0,0,0,0,0,0,0.0,0.0,0,
105,2026-10-08T21:34:22.719589+00:00,105.00332822100063,sr0,1.000988419999885,1536,0,8,0,0,0,0,0,0.0,0.0,0,
105,2026-10-08T21:34:22.719589+00:00,105.00332822100063,sda,1.000988419999885,315698688,15515693056,8097,34492,0,102400,0,6,0.0,102298.8857353732,132,
105,2026-10-08T21:34:22.719589+00:00,105.00332822100063,sda1,1.000988419999885,319488,0,78,0,0,0,0,0,0.0,0.0,0,
105,2026-10-08T21:34:22.719589+00:00,105.00332822100063,sda2,1.000988419999885,285926400,56975360,6637,8244,0,57344,0,4,0.0,57287.37601180899,16,
105,2026-10-08T21:34:22.719589+00:00,105.00332822100063,sda3,1.000988419999885,5559296,118784,154,25,0,0,0,0,0.0,0.0,0,
105,2026-10-08T21:34:22.719589+00:00,105.00332822100063,sda4,1.000988419999885,4657152,0,116,0,0,0,0,0,0.0,0.0,0,
105,2026-10-08T21:34:22.719589+00:00,105.00332822100063,sda5,1.000988419999885,16782336,15458598912,977,26223,0,45056,0,2,0.0,45011.50972356421,116,
106,2026-10-08T21:34:23.716955+00:00,106.00061382700005,loop0,0.9973659799998131,2109440,0,219,0,0,0,0,0,0.0,0.0,0,
106,2026-10-08T21:34:23.716955+00:00,106.00061382700005,loop1,0.9973659799998131,354304,0,43,0,0,0,0,0,0.0,0.0,0,
106,2026-10-08T21:34:23.716955+00:00,106.00061382700005,loop2,0.9973659799998131,1106944,0,51,0,0,0,0,0,0.0,0.0,0,
106,2026-10-08T21:34:23.716955+00:00,106.00061382700005,loop3,0.9973659799998131,1141760,0,66,0,0,0,0,0,0.0,0.0,0,
106,2026-10-08T21:34:23.716955+00:00,106.00061382700005,loop4,0.9973659799998131,374784,0,51,0,0,0,0,0,0.0,0.0,0,
106,2026-10-08T21:34:23.716955+00:00,106.00061382700005,loop5,0.9973659799998131,14336,0,11,0,0,0,0,0,0.0,0.0,0,
106,2026-10-08T21:34:23.716955+00:00,106.00061382700005,loop6,0.9973659799998131,0,0,0,0,0,0,0,0,0.0,0.0,0,
106,2026-10-08T21:34:23.716955+00:00,106.00061382700005,loop7,0.9973659799998131,0,0,0,0,0,0,0,0,0.0,0.0,0,
106,2026-10-08T21:34:23.716955+00:00,106.00061382700005,sr0,0.9973659799998131,1536,0,8,0,0,0,0,0,0.0,0.0,0,
106,2026-10-08T21:34:23.716955+00:00,106.00061382700005,sda,0.9973659799998131,315698688,15515738112,8097,34496,0,45056,0,4,0.0,45174.99183199375,4,
106,2026-10-08T21:34:23.716955+00:00,106.00061382700005,sda1,0.9973659799998131,319488,0,78,0,0,0,0,0,0.0,0.0,0,
106,2026-10-08T21:34:23.716955+00:00,106.00061382700005,sda2,0.9973659799998131,285926400,56975360,6637,8244,0,0,0,0,0.0,0.0,0,
106,2026-10-08T21:34:23.716955+00:00,106.00061382700005,sda3,0.9973659799998131,5559296,118784,154,25,0,0,0,0,0.0,0.0,0,
106,2026-10-08T21:34:23.716955+00:00,106.00061382700005,sda4,0.9973659799998131,4657152,0,116,0,0,0,0,0,0.0,0.0,0,
106,2026-10-08T21:34:23.716955+00:00,106.00061382700005,sda5,0.9973659799998131,16782336,15458643968,977,26227,0,45056,0,4,0.0,45174.99183199375,4,
107,2026-10-08T21:34:24.716788+00:00,107.00050255800033,loop0,0.9998332960003609,2109440,0,219,0,0,0,0,0,0.0,0.0,0,
107,2026-10-08T21:34:24.716788+00:00,107.00050255800033,loop1,0.9998332960003609,354304,0,43,0,0,0,0,0,0.0,0.0,0,
107,2026-10-08T21:34:24.716788+00:00,107.00050255800033,loop2,0.9998332960003609,1106944,0,51,0,0,0,0,0,0.0,0.0,0,
107,2026-10-08T21:34:24.716788+00:00,107.00050255800033,loop3,0.9998332960003609,1141760,0,66,0,0,0,0,0,0.0,0.0,0,
107,2026-10-08T21:34:24.716788+00:00,107.00050255800033,loop4,0.9998332960003609,374784,0,51,0,0,0,0,0,0.0,0.0,0,
107,2026-10-08T21:34:24.716788+00:00,107.00050255800033,loop5,0.9998332960003609,14336,0,11,0,0,0,0,0,0.0,0.0,0,
107,2026-10-08T21:34:24.716788+00:00,107.00050255800033,loop6,0.9998332960003609,0,0,0,0,0,0,0,0,0.0,0.0,0,
107,2026-10-08T21:34:24.716788+00:00,107.00050255800033,loop7,0.9998332960003609,0,0,0,0,0,0,0,0,0.0,0.0,0,
107,2026-10-08T21:34:24.716788+00:00,107.00050255800033,sr0,0.9998332960003609,1536,0,8,0,0,0,0,0,0.0,0.0,0,
107,2026-10-08T21:34:24.716788+00:00,107.00050255800033,sda,0.9998332960003609,315698688,15515738112,8097,34496,0,0,0,0,0.0,0.0,0,
107,2026-10-08T21:34:24.716788+00:00,107.00050255800033,sda1,0.9998332960003609,319488,0,78,0,0,0,0,0,0.0,0.0,0,
107,2026-10-08T21:34:24.716788+00:00,107.00050255800033,sda2,0.9998332960003609,285926400,56975360,6637,8244,0,0,0,0,0.0,0.0,0,
107,2026-10-08T21:34:24.716788+00:00,107.00050255800033,sda3,0.9998332960003609,5559296,118784,154,25,0,0,0,0,0.0,0.0,0,
107,2026-10-08T21:34:24.716788+00:00,107.00050255800033,sda4,0.9998332960003609,4657152,0,116,0,0,0,0,0,0.0,0.0,0,
107,2026-10-08T21:34:24.716788+00:00,107.00050255800033,sda5,0.9998332960003609,16782336,15458643968,977,26227,0,0,0,0,0.0,0.0,0,
108,2026-10-08T21:34:25.720998+00:00,108.00473067100029,loop0,1.0042097779996766,2109440,0,219,0,0,0,0,0,0.0,0.0,0,
108,2026-10-08T21:34:25.720998+00:00,108.00473067100029,loop1,1.0042097779996766,354304,0,43,0,0,0,0,0,0.0,0.0,0,
108,2026-10-08T21:34:25.720998+00:00,108.00473067100029,loop2,1.0042097779996766,1106944,0,51,0,0,0,0,0,0.0,0.0,0,
108,2026-10-08T21:34:25.720998+00:00,108.00473067100029,loop3,1.0042097779996766,1141760,0,66,0,0,0,0,0,0.0,0.0,0,
108,2026-10-08T21:34:25.720998+00:00,108.00473067100029,loop4,1.0042097779996766,374784,0,51,0,0,0,0,0,0.0,0.0,0,
108,2026-10-08T21:34:25.720998+00:00,108.00473067100029,loop5,1.0042097779996766,14336,0,11,0,0,0,0,0,0.0,0.0,0,
108,2026-10-08T21:34:25.720998+00:00,108.00473067100029,loop6,1.0042097779996766,0,0,0,0,0,0,0,0,0.0,0.0,0,
108,2026-10-08T21:34:25.720998+00:00,108.00473067100029,loop7,1.0042097779996766,0,0,0,0,0,0,0,0,0.0,0.0,0,
108,2026-10-08T21:34:25.720998+00:00,108.00473067100029,sr0,1.0042097779996766,1536,0,8,0,0,0,0,0,0.0,0.0,0,
108,2026-10-08T21:34:25.720998+00:00,108.00473067100029,sda,1.0042097779996766,315698688,15515738112,8097,34496,0,0,0,0,0.0,0.0,0,
108,2026-10-08T21:34:25.720998+00:00,108.00473067100029,sda1,1.0042097779996766,319488,0,78,0,0,0,0,0,0.0,0.0,0,
108,2026-10-08T21:34:25.720998+00:00,108.00473067100029,sda2,1.0042097779996766,285926400,56975360,6637,8244,0,0,0,0,0.0,0.0,0,
108,2026-10-08T21:34:25.720998+00:00,108.00473067100029,sda3,1.0042097779996766,5559296,118784,154,25,0,0,0,0,0.0,0.0,0,
108,2026-10-08T21:34:25.720998+00:00,108.00473067100029,sda4,1.0042097779996766,4657152,0,116,0,0,0,0,0,0.0,0.0,0,
108,2026-10-08T21:34:25.720998+00:00,108.00473067100029,sda5,1.0042097779996766,16782336,15458643968,977,26227,0,0,0,0,0.0,0.0,0,
109,2026-10-08T21:34:26.718508+00:00,109.00221496199993,loop0,0.9975096830003167,2109440,0,219,0,0,0,0,0,0.0,0.0,0,
109,2026-10-08T21:34:26.718508+00:00,109.00221496199993,loop1,0.9975096830003167,354304,0,43,0,0,0,0,0,0.0,0.0,0,
109,2026-10-08T21:34:26.718508+00:00,109.00221496199993,loop2,0.9975096830003167,1106944,0,51,0,0,0,0,0,0.0,0.0,0,
109,2026-10-08T21:34:26.718508+00:00,109.00221496199993,loop3,0.9975096830003167,1141760,0,66,0,0,0,0,0,0.0,0.0,0,
109,2026-10-08T21:34:26.718508+00:00,109.00221496199993,loop4,0.9975096830003167,374784,0,51,0,0,0,0,0,0.0,0.0,0,
109,2026-10-08T21:34:26.718508+00:00,109.00221496199993,loop5,0.9975096830003167,14336,0,11,0,0,0,0,0,0.0,0.0,0,
109,2026-10-08T21:34:26.718508+00:00,109.00221496199993,loop6,0.9975096830003167,0,0,0,0,0,0,0,0,0.0,0.0,0,
109,2026-10-08T21:34:26.718508+00:00,109.00221496199993,loop7,0.9975096830003167,0,0,0,0,0,0,0,0,0.0,0.0,0,
109,2026-10-08T21:34:26.718508+00:00,109.00221496199993,sr0,0.9975096830003167,1536,0,8,0,0,0,0,0,0.0,0.0,0,
109,2026-10-08T21:34:26.718508+00:00,109.00221496199993,sda,0.9975096830003167,315698688,15515738112,8097,34496,0,0,0,0,0.0,0.0,0,
109,2026-10-08T21:34:26.718508+00:00,109.00221496199993,sda1,0.9975096830003167,319488,0,78,0,0,0,0,0,0.0,0.0,0,
109,2026-10-08T21:34:26.718508+00:00,109.00221496199993,sda2,0.9975096830003167,285926400,56975360,6637,8244,0,0,0,0,0.0,0.0,0,
109,2026-10-08T21:34:26.718508+00:00,109.00221496199993,sda3,0.9975096830003167,5559296,118784,154,25,0,0,0,0,0.0,0.0,0,
109,2026-10-08T21:34:26.718508+00:00,109.00221496199993,sda4,0.9975096830003167,4657152,0,116,0,0,0,0,0,0.0,0.0,0,
109,2026-10-08T21:34:26.718508+00:00,109.00221496199993,sda5,0.9975096830003167,16782336,15458643968,977,26227,0,0,0,0,0.0,0.0,0,
110,2026-10-08T21:34:27.717078+00:00,110.00077383200005,loop0,0.9985704359996816,2109440,0,219,0,0,0,0,0,0.0,0.0,0,
110,2026-10-08T21:34:27.717078+00:00,110.00077383200005,loop1,0.9985704359996816,354304,0,43,0,0,0,0,0,0.0,0.0,0,
110,2026-10-08T21:34:27.717078+00:00,110.00077383200005,loop2,0.9985704359996816,1106944,0,51,0,0,0,0,0,0.0,0.0,0,
110,2026-10-08T21:34:27.717078+00:00,110.00077383200005,loop3,0.9985704359996816,1141760,0,66,0,0,0,0,0,0.0,0.0,0,
110,2026-10-08T21:34:27.717078+00:00,110.00077383200005,loop4,0.9985704359996816,374784,0,51,0,0,0,0,0,0.0,0.0,0,
110,2026-10-08T21:34:27.717078+00:00,110.00077383200005,loop5,0.9985704359996816,14336,0,11,0,0,0,0,0,0.0,0.0,0,
110,2026-10-08T21:34:27.717078+00:00,110.00077383200005,loop6,0.9985704359996816,0,0,0,0,0,0,0,0,0.0,0.0,0,
110,2026-10-08T21:34:27.717078+00:00,110.00077383200005,loop7,0.9985704359996816,0,0,0,0,0,0,0,0,0.0,0.0,0,
110,2026-10-08T21:34:27.717078+00:00,110.00077383200005,sr0,0.9985704359996816,1536,0,8,0,0,0,0,0,0.0,0.0,0,
110,2026-10-08T21:34:27.717078+00:00,110.00077383200005,sda,0.9985704359996816,315698688,15515787264,8097,34500,0,49152,0,4,0.0,49222.36652319203,8,
110,2026-10-08T21:34:27.717078+00:00,110.00077383200005,sda1,0.9985704359996816,319488,0,78,0,0,0,0,0,0.0,0.0,0,
110,2026-10-08T21:34:27.717078+00:00,110.00077383200005,sda2,0.9985704359996816,285926400,57024512,6637,8248,0,49152,0,4,0.0,49222.36652319203,8,
110,2026-10-08T21:34:27.717078+00:00,110.00077383200005,sda3,0.9985704359996816,5559296,118784,154,25,0,0,0,0,0.0,0.0,0,
110,2026-10-08T21:34:27.717078+00:00,110.00077383200005,sda4,0.9985704359996816,4657152,0,116,0,0,0,0,0,0.0,0.0,0,
110,2026-10-08T21:34:27.717078+00:00,110.00077383200005,sda5,0.9985704359996816,16782336,15458643968,977,26227,0,0,0,0,0.0,0.0,0,
111,2026-10-08T21:34:28.727461+00:00,111.01139415699981,loop0,1.0103830120006023,2109440,0,219,0,0,0,0,0,0.0,0.0,0,
111,2026-10-08T21:34:28.727461+00:00,111.01139415699981,loop1,1.0103830120006023,354304,0,43,0,0,0,0,0,0.0,0.0,0,
111,2026-10-08T21:34:28.727461+00:00,111.01139415699981,loop2,1.0103830120006023,1106944,0,51,0,0,0,0,0,0.0,0.0,0,
111,2026-10-08T21:34:28.727461+00:00,111.01139415699981,loop3,1.0103830120006023,1141760,0,66,0,0,0,0,0,0.0,0.0,0,
111,2026-10-08T21:34:28.727461+00:00,111.01139415699981,loop4,1.0103830120006023,374784,0,51,0,0,0,0,0,0.0,0.0,0,
111,2026-10-08T21:34:28.727461+00:00,111.01139415699981,loop5,1.0103830120006023,14336,0,11,0,0,0,0,0,0.0,0.0,0,
111,2026-10-08T21:34:28.727461+00:00,111.01139415699981,loop6,1.0103830120006023,0,0,0,0,0,0,0,0,0.0,0.0,0,
111,2026-10-08T21:34:28.727461+00:00,111.01139415699981,loop7,1.0103830120006023,0,0,0,0,0,0,0,0,0.0,0.0,0,
111,2026-10-08T21:34:28.727461+00:00,111.01139415699981,sr0,1.0103830120006023,1536,0,8,0,0,0,0,0,0.0,0.0,0,
111,2026-10-08T21:34:28.727461+00:00,111.01139415699981,sda,1.0103830120006023,315698688,15515820032,8097,34502,0,32768,0,2,0.0,32431.265778229914,12,
111,2026-10-08T21:34:28.727461+00:00,111.01139415699981,sda1,1.0103830120006023,319488,0,78,0,0,0,0,0,0.0,0.0,0,
111,2026-10-08T21:34:28.727461+00:00,111.01139415699981,sda2,1.0103830120006023,285926400,57024512,6637,8248,0,0,0,0,0.0,0.0,0,
111,2026-10-08T21:34:28.727461+00:00,111.01139415699981,sda3,1.0103830120006023,5559296,118784,154,25,0,0,0,0,0.0,0.0,0,
111,2026-10-08T21:34:28.727461+00:00,111.01139415699981,sda4,1.0103830120006023,4657152,0,116,0,0,0,0,0,0.0,0.0,0,
111,2026-10-08T21:34:28.727461+00:00,111.01139415699981,sda5,1.0103830120006023,16782336,15458676736,977,26229,0,32768,0,2,0.0,32431.265778229914,12,
112,2026-10-08T21:34:29.718879+00:00,112.00302867299979,loop0,0.9914176219999717,2109440,0,219,0,0,0,0,0,0.0,0.0,0,
112,2026-10-08T21:34:29.718879+00:00,112.00302867299979,loop1,0.9914176219999717,354304,0,43,0,0,0,0,0,0.0,0.0,0,
112,2026-10-08T21:34:29.718879+00:00,112.00302867299979,loop2,0.9914176219999717,1106944,0,51,0,0,0,0,0,0.0,0.0,0,
112,2026-10-08T21:34:29.718879+00:00,112.00302867299979,loop3,0.9914176219999717,1141760,0,66,0,0,0,0,0,0.0,0.0,0,
112,2026-10-08T21:34:29.718879+00:00,112.00302867299979,loop4,0.9914176219999717,374784,0,51,0,0,0,0,0,0.0,0.0,0,
112,2026-10-08T21:34:29.718879+00:00,112.00302867299979,loop5,0.9914176219999717,14336,0,11,0,0,0,0,0,0.0,0.0,0,
112,2026-10-08T21:34:29.718879+00:00,112.00302867299979,loop6,0.9914176219999717,0,0,0,0,0,0,0,0,0.0,0.0,0,
112,2026-10-08T21:34:29.718879+00:00,112.00302867299979,loop7,0.9914176219999717,0,0,0,0,0,0,0,0,0.0,0.0,0,
112,2026-10-08T21:34:29.718879+00:00,112.00302867299979,sr0,0.9914176219999717,1536,0,8,0,0,0,0,0,0.0,0.0,0,
112,2026-10-08T21:34:29.718879+00:00,112.00302867299979,sda,0.9914176219999717,315698688,15515865088,8097,34506,0,45056,0,4,0.0,45446.03505141377,4,
112,2026-10-08T21:34:29.718879+00:00,112.00302867299979,sda1,0.9914176219999717,319488,0,78,0,0,0,0,0,0.0,0.0,0,
112,2026-10-08T21:34:29.718879+00:00,112.00302867299979,sda2,0.9914176219999717,285926400,57024512,6637,8248,0,0,0,0,0.0,0.0,0,
112,2026-10-08T21:34:29.718879+00:00,112.00302867299979,sda3,0.9914176219999717,5559296,118784,154,25,0,0,0,0,0.0,0.0,0,
112,2026-10-08T21:34:29.718879+00:00,112.00302867299979,sda4,0.9914176219999717,4657152,0,116,0,0,0,0,0,0.0,0.0,0,
112,2026-10-08T21:34:29.718879+00:00,112.00302867299979,sda5,0.9914176219999717,16782336,15458721792,977,26233,0,45056,0,4,0.0,45446.03505141377,4,
113,2026-10-08T21:34:30.722362+00:00,113.00622741300049,loop0,1.003482704999442,2109440,0,219,0,0,0,0,0,0.0,0.0,0,
113,2026-10-08T21:34:30.722362+00:00,113.00622741300049,loop1,1.003482704999442,354304,0,43,0,0,0,0,0,0.0,0.0,0,
113,2026-10-08T21:34:30.722362+00:00,113.00622741300049,loop2,1.003482704999442,1106944,0,51,0,0,0,0,0,0.0,0.0,0,
113,2026-10-08T21:34:30.722362+00:00,113.00622741300049,loop3,1.003482704999442,1141760,0,66,0,0,0,0,0,0.0,0.0,0,
113,2026-10-08T21:34:30.722362+00:00,113.00622741300049,loop4,1.003482704999442,374784,0,51,0,0,0,0,0,0.0,0.0,0,
113,2026-10-08T21:34:30.722362+00:00,113.00622741300049,loop5,1.003482704999442,14336,0,11,0,0,0,0,0,0.0,0.0,0,
113,2026-10-08T21:34:30.722362+00:00,113.00622741300049,loop6,1.003482704999442,0,0,0,0,0,0,0,0,0.0,0.0,0,
113,2026-10-08T21:34:30.722362+00:00,113.00622741300049,loop7,1.003482704999442,0,0,0,0,0,0,0,0,0.0,0.0,0,
113,2026-10-08T21:34:30.722362+00:00,113.00622741300049,sr0,1.003482704999442,1536,0,8,0,0,0,0,0,0.0,0.0,0,
113,2026-10-08T21:34:30.722362+00:00,113.00622741300049,sda,1.003482704999442,315698688,15515865088,8097,34506,0,0,0,0,0.0,0.0,0,
113,2026-10-08T21:34:30.722362+00:00,113.00622741300049,sda1,1.003482704999442,319488,0,78,0,0,0,0,0,0.0,0.0,0,
113,2026-10-08T21:34:30.722362+00:00,113.00622741300049,sda2,1.003482704999442,285926400,57024512,6637,8248,0,0,0,0,0.0,0.0,0,
113,2026-10-08T21:34:30.722362+00:00,113.00622741300049,sda3,1.003482704999442,5559296,118784,154,25,0,0,0,0,0.0,0.0,0,
113,2026-10-08T21:34:30.722362+00:00,113.00622741300049,sda4,1.003482704999442,4657152,0,116,0,0,0,0,0,0.0,0.0,0,
113,2026-10-08T21:34:30.722362+00:00,113.00622741300049,sda5,1.003482704999442,16782336,15458721792,977,26233,0,0,0,0,0.0,0.0,0,
114,2026-10-08T21:34:31.719932+00:00,114.00385122399985,loop0,0.9975705830001971,2109440,0,219,0,0,0,0,0,0.0,0.0,0,
114,2026-10-08T21:34:31.719932+00:00,114.00385122399985,loop1,0.9975705830001971,354304,0,43,0,0,0,0,0,0.0,0.0,0,
114,2026-10-08T21:34:31.719932+00:00,114.00385122399985,loop2,0.9975705830001971,1106944,0,51,0,0,0,0,0,0.0,0.0,0,
114,2026-10-08T21:34:31.719932+00:00,114.00385122399985,loop3,0.9975705830001971,1141760,0,66,0,0,0,0,0,0.0,0.0,0,
114,2026-10-08T21:34:31.719932+00:00,114.00385122399985,loop4,0.9975705830001971,374784,0,51,0,0,0,0,0,0.0,0.0,0,
114,2026-10-08T21:34:31.719932+00:00,114.00385122399985,loop5,0.9975705830001971,14336,0,11,0,0,0,0,0,0.0,0.0,0,
114,2026-10-08T21:34:31.719932+00:00,114.00385122399985,loop6,0.9975705830001971,0,0,0,0,0,0,0,0,0.0,0.0,0,
114,2026-10-08T21:34:31.719932+00:00,114.00385122399985,loop7,0.9975705830001971,0,0,0,0,0,0,0,0,0.0,0.0,0,
114,2026-10-08T21:34:31.719932+00:00,114.00385122399985,sr0,0.9975705830001971,1536,0,8,0,0,0,0,0,0.0,0.0,0,
114,2026-10-08T21:34:31.719932+00:00,114.00385122399985,sda,0.9975705830001971,315698688,15515865088,8097,34506,0,0,0,0,0.0,0.0,0,
114,2026-10-08T21:34:31.719932+00:00,114.00385122399985,sda1,0.9975705830001971,319488,0,78,0,0,0,0,0,0.0,0.0,0,
114,2026-10-08T21:34:31.719932+00:00,114.00385122399985,sda2,0.9975705830001971,285926400,57024512,6637,8248,0,0,0,0,0.0,0.0,0,
114,2026-10-08T21:34:31.719932+00:00,114.00385122399985,sda3,0.9975705830001971,5559296,118784,154,25,0,0,0,0,0.0,0.0,0,
114,2026-10-08T21:34:31.719932+00:00,114.00385122399985,sda4,0.9975705830001971,4657152,0,116,0,0,0,0,0,0.0,0.0,0,
114,2026-10-08T21:34:31.719932+00:00,114.00385122399985,sda5,0.9975705830001971,16782336,15458721792,977,26233,0,0,0,0,0.0,0.0,0,
115,2026-10-08T21:34:32.717146+00:00,115.00077047100058,loop0,0.9972135580001122,2109440,0,219,0,0,0,0,0,0.0,0.0,0,
115,2026-10-08T21:34:32.717146+00:00,115.00077047100058,loop1,0.9972135580001122,354304,0,43,0,0,0,0,0,0.0,0.0,0,
115,2026-10-08T21:34:32.717146+00:00,115.00077047100058,loop2,0.9972135580001122,1106944,0,51,0,0,0,0,0,0.0,0.0,0,
115,2026-10-08T21:34:32.717146+00:00,115.00077047100058,loop3,0.9972135580001122,1141760,0,66,0,0,0,0,0,0.0,0.0,0,
115,2026-10-08T21:34:32.717146+00:00,115.00077047100058,loop4,0.9972135580001122,374784,0,51,0,0,0,0,0,0.0,0.0,0,
115,2026-10-08T21:34:32.717146+00:00,115.00077047100058,loop5,0.9972135580001122,14336,0,11,0,0,0,0,0,0.0,0.0,0,
115,2026-10-08T21:34:32.717146+00:00,115.00077047100058,loop6,0.9972135580001122,0,0,0,0,0,0,0,0,0.0,0.0,0,
115,2026-10-08T21:34:32.717146+00:00,115.00077047100058,loop7,0.9972135580001122,0,0,0,0,0,0,0,0,0.0,0.0,0,
115,2026-10-08T21:34:32.717146+00:00,115.00077047100058,sr0,0.9972135580001122,1536,0,8,0,0,0,0,0,0.0,0.0,0,
115,2026-10-08T21:34:32.717146+00:00,115.00077047100058,sda,0.9972135580001122,315698688,15515914240,8097,34510,0,49152,0,4,0.0,49289.3418923958,8,
115,2026-10-08T21:34:32.717146+00:00,115.00077047100058,sda1,0.9972135580001122,319488,0,78,0,0,0,0,0,0.0,0.0,0,
115,2026-10-08T21:34:32.717146+00:00,115.00077047100058,sda2,0.9972135580001122,285926400,57073664,6637,8252,0,49152,0,4,0.0,49289.3418923958,8,
115,2026-10-08T21:34:32.717146+00:00,115.00077047100058,sda3,0.9972135580001122,5559296,118784,154,25,0,0,0,0,0.0,0.0,0,
115,2026-10-08T21:34:32.717146+00:00,115.00077047100058,sda4,0.9972135580001122,4657152,0,116,0,0,0,0,0,0.0,0.0,0,
115,2026-10-08T21:34:32.717146+00:00,115.00077047100058,sda5,0.9972135580001122,16782336,15458721792,977,26233,0,0,0,0,0.0,0.0,0,
116,2026-10-08T21:34:33.716760+00:00,116.00066049199995,loop0,0.9996143190001021,2109440,0,219,0,0,0,0,0,0.0,0.0,0,
116,2026-10-08T21:34:33.716760+00:00,116.00066049199995,loop1,0.9996143190001021,354304,0,43,0,0,0,0,0,0.0,0.0,0,
116,2026-10-08T21:34:33.716760+00:00,116.00066049199995,loop2,0.9996143190001021,1106944,0,51,0,0,0,0,0,0.0,0.0,0,
116,2026-10-08T21:34:33.716760+00:00,116.00066049199995,loop3,0.9996143190001021,1141760,0,66,0,0,0,0,0,0.0,0.0,0,
116,2026-10-08T21:34:33.716760+00:00,116.00066049199995,loop4,0.9996143190001021,374784,0,51,0,0,0,0,0,0.0,0.0,0,
116,2026-10-08T21:34:33.716760+00:00,116.00066049199995,loop5,0.9996143190001021,14336,0,11,0,0,0,0,0,0.0,0.0,0,
116,2026-10-08T21:34:33.716760+00:00,116.00066049199995,loop6,0.9996143190001021,0,0,0,0,0,0,0,0,0.0,0.0,0,
116,2026-10-08T21:34:33.716760+00:00,116.00066049199995,loop7,0.9996143190001021,0,0,0,0,0,0,0,0,0.0,0.0,0,
116,2026-10-08T21:34:33.716760+00:00,116.00066049199995,sr0,0.9996143190001021,1536,0,8,0,0,0,0,0,0.0,0.0,0,
116,2026-10-08T21:34:33.716760+00:00,116.00066049199995,sda,0.9996143190001021,315698688,15515947008,8097,34512,0,32768,0,2,0.0,32780.64287111983,8,
116,2026-10-08T21:34:33.716760+00:00,116.00066049199995,sda1,0.9996143190001021,319488,0,78,0,0,0,0,0,0.0,0.0,0,
116,2026-10-08T21:34:33.716760+00:00,116.00066049199995,sda2,0.9996143190001021,285926400,57073664,6637,8252,0,0,0,0,0.0,0.0,0,
116,2026-10-08T21:34:33.716760+00:00,116.00066049199995,sda3,0.9996143190001021,5559296,118784,154,25,0,0,0,0,0.0,0.0,0,
116,2026-10-08T21:34:33.716760+00:00,116.00066049199995,sda4,0.9996143190001021,4657152,0,116,0,0,0,0,0,0.0,0.0,0,
116,2026-10-08T21:34:33.716760+00:00,116.00066049199995,sda5,0.9996143190001021,16782336,15458754560,977,26235,0,32768,0,2,0.0,32780.64287111983,8,
117,2026-10-08T21:34:34.773862+00:00,117.05801745999997,loop0,1.0571015549994627,2109440,0,219,0,0,0,0,0,0.0,0.0,0,
117,2026-10-08T21:34:34.773862+00:00,117.05801745999997,loop1,1.0571015549994627,354304,0,43,0,0,0,0,0,0.0,0.0,0,
117,2026-10-08T21:34:34.773862+00:00,117.05801745999997,loop2,1.0571015549994627,1106944,0,51,0,0,0,0,0,0.0,0.0,0,
117,2026-10-08T21:34:34.773862+00:00,117.05801745999997,loop3,1.0571015549994627,1141760,0,66,0,0,0,0,0,0.0,0.0,0,
117,2026-10-08T21:34:34.773862+00:00,117.05801745999997,loop4,1.0571015549994627,374784,0,51,0,0,0,0,0,0.0,0.0,0,
117,2026-10-08T21:34:34.773862+00:00,117.05801745999997,loop5,1.0571015549994627,14336,0,11,0,0,0,0,0,0.0,0.0,0,
117,2026-10-08T21:34:34.773862+00:00,117.05801745999997,loop6,1.0571015549994627,0,0,0,0,0,0,0,0,0.0,0.0,0,
117,2026-10-08T21:34:34.773862+00:00,117.05801745999997,loop7,1.0571015549994627,0,0,0,0,0,0,0,0,0.0,0.0,0,
117,2026-10-08T21:34:34.773862+00:00,117.05801745999997,sr0,1.0571015549994627,1536,0,8,0,0,0,0,0,0.0,0.0,0,
117,2026-10-08T21:34:34.773862+00:00,117.05801745999997,sda,1.0571015549994627,315698688,15515983872,8097,34516,0,36864,0,4,0.0,34872.71381416021,4,
117,2026-10-08T21:34:34.773862+00:00,117.05801745999997,sda1,1.0571015549994627,319488,0,78,0,0,0,0,0,0.0,0.0,0,
117,2026-10-08T21:34:34.773862+00:00,117.05801745999997,sda2,1.0571015549994627,285926400,57073664,6637,8252,0,0,0,0,0.0,0.0,0,
117,2026-10-08T21:34:34.773862+00:00,117.05801745999997,sda3,1.0571015549994627,5559296,118784,154,25,0,0,0,0,0.0,0.0,0,
117,2026-10-08T21:34:34.773862+00:00,117.05801745999997,sda4,1.0571015549994627,4657152,0,116,0,0,0,0,0,0.0,0.0,0,
117,2026-10-08T21:34:34.773862+00:00,117.05801745999997,sda5,1.0571015549994627,16782336,15458791424,977,26239,0,36864,0,4,0.0,34872.71381416021,4,
118,2026-10-08T21:34:35.721490+00:00,118.00553490099992,loop0,0.9476280500002758,2109440,0,219,0,0,0,0,0,0.0,0.0,0,
118,2026-10-08T21:34:35.721490+00:00,118.00553490099992,loop1,0.9476280500002758,354304,0,43,0,0,0,0,0,0.0,0.0,0,
118,2026-10-08T21:34:35.721490+00:00,118.00553490099992,loop2,0.9476280500002758,1106944,0,51,0,0,0,0,0,0.0,0.0,0,
118,2026-10-08T21:34:35.721490+00:00,118.00553490099992,loop3,0.9476280500002758,1141760,0,66,0,0,0,0,0,0.0,0.0,0,
118,2026-10-08T21:34:35.721490+00:00,118.00553490099992,loop4,0.9476280500002758,374784,0,51,0,0,0,0,0,0.0,0.0,0,
118,2026-10-08T21:34:35.721490+00:00,118.00553490099992,loop5,0.9476280500002758,14336,0,11,0,0,0,0,0,0.0,0.0,0,
118,2026-10-08T21:34:35.721490+00:00,118.00553490099992,loop6,0.9476280500002758,0,0,0,0,0,0,0,0,0.0,0.0,0,
118,2026-10-08T21:34:35.721490+00:00,118.00553490099992,loop7,0.9476280500002758,0,0,0,0,0,0,0,0,0.0,0.0,0,
118,2026-10-08T21:34:35.721490+00:00,118.00553490099992,sr0,0.9476280500002758,1536,0,8,0,0,0,0,0,0.0,0.0,0,
118,2026-10-08T21:34:35.721490+00:00,118.00553490099992,sda,0.9476280500002758,315698688,15515983872,8097,34516,0,0,0,0,0.0,0.0,0,
118,2026-10-08T21:34:35.721490+00:00,118.00553490099992,sda1,0.9476280500002758,319488,0,78,0,0,0,0,0,0.0,0.0,0,
118,2026-10-08T21:34:35.721490+00:00,118.00553490099992,sda2,0.9476280500002758,285926400,57073664,6637,8252,0,0,0,0,0.0,0.0,0,
118,2026-10-08T21:34:35.721490+00:00,118.00553490099992,sda3,0.9476280500002758,5559296,118784,154,25,0,0,0,0,0.0,0.0,0,
118,2026-10-08T21:34:35.721490+00:00,118.00553490099992,sda4,0.9476280500002758,4657152,0,116,0,0,0,0,0,0.0,0.0,0,
118,2026-10-08T21:34:35.721490+00:00,118.00553490099992,sda5,0.9476280500002758,16782336,15458791424,977,26239,0,0,0,0,0.0,0.0,0,
119,2026-10-08T21:34:36.717518+00:00,119.00104201700015,loop0,0.9960281200001191,2109440,0,219,0,0,0,0,0,0.0,0.0,0,
119,2026-10-08T21:34:36.717518+00:00,119.00104201700015,loop1,0.9960281200001191,354304,0,43,0,0,0,0,0,0.0,0.0,0,
119,2026-10-08T21:34:36.717518+00:00,119.00104201700015,loop2,0.9960281200001191,1106944,0,51,0,0,0,0,0,0.0,0.0,0,
119,2026-10-08T21:34:36.717518+00:00,119.00104201700015,loop3,0.9960281200001191,1141760,0,66,0,0,0,0,0,0.0,0.0,0,
119,2026-10-08T21:34:36.717518+00:00,119.00104201700015,loop4,0.9960281200001191,374784,0,51,0,0,0,0,0,0.0,0.0,0,
119,2026-10-08T21:34:36.717518+00:00,119.00104201700015,loop5,0.9960281200001191,14336,0,11,0,0,0,0,0,0.0,0.0,0,
119,2026-10-08T21:34:36.717518+00:00,119.00104201700015,loop6,0.9960281200001191,0,0,0,0,0,0,0,0,0.0,0.0,0,
119,2026-10-08T21:34:36.717518+00:00,119.00104201700015,loop7,0.9960281200001191,0,0,0,0,0,0,0,0,0.0,0.0,0,
119,2026-10-08T21:34:36.717518+00:00,119.00104201700015,sr0,0.9960281200001191,1536,0,8,0,0,0,0,0,0.0,0.0,0,
119,2026-10-08T21:34:36.717518+00:00,119.00104201700015,sda,0.9960281200001191,315698688,15515983872,8097,34516,0,0,0,0,0.0,0.0,0,
119,2026-10-08T21:34:36.717518+00:00,119.00104201700015,sda1,0.9960281200001191,319488,0,78,0,0,0,0,0,0.0,0.0,0,
119,2026-10-08T21:34:36.717518+00:00,119.00104201700015,sda2,0.9960281200001191,285926400,57073664,6637,8252,0,0,0,0,0.0,0.0,0,
119,2026-10-08T21:34:36.717518+00:00,119.00104201700015,sda3,0.9960281200001191,5559296,118784,154,25,0,0,0,0,0.0,0.0,0,
119,2026-10-08T21:34:36.717518+00:00,119.00104201700015,sda4,0.9960281200001191,4657152,0,116,0,0,0,0,0,0.0,0.0,0,
119,2026-10-08T21:34:36.717518+00:00,119.00104201700015,sda5,0.9960281200001191,16782336,15458791424,977,26239,0,0,0,0,0.0,0.0,0,
120,2026-10-08T21:34:37.752700+00:00,120.0365368870007,loop0,1.035182352999982,2109440,0,219,0,0,0,0,0,0.0,0.0,0,
120,2026-10-08T21:34:37.752700+00:00,120.0365368870007,loop1,1.035182352999982,354304,0,43,0,0,0,0,0,0.0,0.0,0,
120,2026-10-08T21:34:37.752700+00:00,120.0365368870007,loop2,1.035182352999982,1106944,0,51,0,0,0,0,0,0.0,0.0,0,
120,2026-10-08T21:34:37.752700+00:00,120.0365368870007,loop3,1.035182352999982,1141760,0,66,0,0,0,0,0,0.0,0.0,0,
120,2026-10-08T21:34:37.752700+00:00,120.0365368870007,loop4,1.035182352999982,374784,0,51,0,0,0,0,0,0.0,0.0,0,
120,2026-10-08T21:34:37.752700+00:00,120.0365368870007,loop5,1.035182352999982,14336,0,11,0,0,0,0,0,0.0,0.0,0,
120,2026-10-08T21:34:37.752700+00:00,120.0365368870007,loop6,1.035182352999982,0,0,0,0,0,0,0,0,0.0,0.0,0,
120,2026-10-08T21:34:37.752700+00:00,120.0365368870007,loop7,1.035182352999982,0,0,0,0,0,0,0,0,0.0,0.0,0,
120,2026-10-08T21:34:37.752700+00:00,120.0365368870007,sr0,1.035182352999982,1536,0,8,0,0,0,0,0,0.0,0.0,0,
120,2026-10-08T21:34:37.752700+00:00,120.0365368870007,sda,1.035182352999982,315698688,15515983872,8097,34516,0,0,0,0,0.0,0.0,0,
120,2026-10-08T21:34:37.752700+00:00,120.0365368870007,sda1,1.035182352999982,319488,0,78,0,0,0,0,0,0.0,0.0,0,
120,2026-10-08T21:34:37.752700+00:00,120.0365368870007,sda2,1.035182352999982,285926400,57073664,6637,8252,0,0,0,0,0.0,0.0,0,
120,2026-10-08T21:34:37.752700+00:00,120.0365368870007,sda3,1.035182352999982,5559296,118784,154,25,0,0,0,0,0.0,0.0,0,
120,2026-10-08T21:34:37.752700+00:00,120.0365368870007,sda4,1.035182352999982,4657152,0,116,0,0,0,0,0,0.0,0.0,0,
120,2026-10-08T21:34:37.752700+00:00,120.0365368870007,sda5,1.035182352999982,16782336,15458791424,977,26239,0,0,0,0,0.0,0.0,0,
121,2026-10-08T21:34:38.741267+00:00,121.02523365700017,loop0,0.9885669209998014,2109440,0,219,0,0,0,0,0,0.0,0.0,0,
121,2026-10-08T21:34:38.741267+00:00,121.02523365700017,loop1,0.9885669209998014,354304,0,43,0,0,0,0,0,0.0,0.0,0,
121,2026-10-08T21:34:38.741267+00:00,121.02523365700017,loop2,0.9885669209998014,1106944,0,51,0,0,0,0,0,0.0,0.0,0,
121,2026-10-08T21:34:38.741267+00:00,121.02523365700017,loop3,0.9885669209998014,1141760,0,66,0,0,0,0,0,0.0,0.0,0,
121,2026-10-08T21:34:38.741267+00:00,121.02523365700017,loop4,0.9885669209998014,374784,0,51,0,0,0,0,0,0.0,0.0,0,
121,2026-10-08T21:34:38.741267+00:00,121.02523365700017,loop5,0.9885669209998014,14336,0,11,0,0,0,0,0,0.0,0.0,0,
121,2026-10-08T21:34:38.741267+00:00,121.02523365700017,loop6,0.9885669209998014,0,0,0,0,0,0,0,0,0.0,0.0,0,
121,2026-10-08T21:34:38.741267+00:00,121.02523365700017,loop7,0.9885669209998014,0,0,0,0,0,0,0,0,0.0,0.0,0,
121,2026-10-08T21:34:38.741267+00:00,121.02523365700017,sr0,0.9885669209998014,1536,0,8,0,0,0,0,0,0.0,0.0,0,
121,2026-10-08T21:34:38.741267+00:00,121.02523365700017,sda,0.9885669209998014,315698688,15516024832,8097,34520,0,40960,0,4,0.0,41433.71493613656,8,
121,2026-10-08T21:34:38.741267+00:00,121.02523365700017,sda1,0.9885669209998014,319488,0,78,0,0,0,0,0,0.0,0.0,0,
121,2026-10-08T21:34:38.741267+00:00,121.02523365700017,sda2,0.9885669209998014,285926400,57114624,6637,8256,0,40960,0,4,0.0,41433.71493613656,8,
121,2026-10-08T21:34:38.741267+00:00,121.02523365700017,sda3,0.9885669209998014,5559296,118784,154,25,0,0,0,0,0.0,0.0,0,
121,2026-10-08T21:34:38.741267+00:00,121.02523365700017,sda4,0.9885669209998014,4657152,0,116,0,0,0,0,0,0.0,0.0,0,
121,2026-10-08T21:34:38.741267+00:00,121.02523365700017,sda5,0.9885669209998014,16782336,15458791424,977,26239,0,0,0,0,0.0,0.0,0,
122,2026-10-08T21:34:39.723967+00:00,122.0077122370003,loop0,0.9827002390002235,2109440,0,219,0,0,0,0,0,0.0,0.0,0,
122,2026-10-08T21:34:39.723967+00:00,122.0077122370003,loop1,0.9827002390002235,354304,0,43,0,0,0,0,0,0.0,0.0,0,
122,2026-10-08T21:34:39.723967+00:00,122.0077122370003,loop2,0.9827002390002235,1106944,0,51,0,0,0,0,0,0.0,0.0,0,
122,2026-10-08T21:34:39.723967+00:00,122.0077122370003,loop3,0.9827002390002235,1141760,0,66,0,0,0,0,0,0.0,0.0,0,
122,2026-10-08T21:34:39.723967+00:00,122.0077122370003,loop4,0.9827002390002235,374784,0,51,0,0,0,0,0,0.0,0.0,0,
122,2026-10-08T21:34:39.723967+00:00,122.0077122370003,loop5,0.9827002390002235,14336,0,11,0,0,0,0,0,0.0,0.0,0,
122,2026-10-08T21:34:39.723967+00:00,122.0077122370003,loop6,0.9827002390002235,0,0,0,0,0,0,0,0,0.0,0.0,0,
122,2026-10-08T21:34:39.723967+00:00,122.0077122370003,loop7,0.9827002390002235,0,0,0,0,0,0,0,0,0.0,0.0,0,
122,2026-10-08T21:34:39.723967+00:00,122.0077122370003,sr0,0.9827002390002235,1536,0,8,0,0,0,0,0,0.0,0.0,0,
122,2026-10-08T21:34:39.723967+00:00,122.0077122370003,sda,0.9827002390002235,315698688,15516098560,8097,34527,0,73728,0,7,0.0,75025.93066936583,12,
122,2026-10-08T21:34:39.723967+00:00,122.0077122370003,sda1,0.9827002390002235,319488,0,78,0,0,0,0,0,0.0,0.0,0,
122,2026-10-08T21:34:39.723967+00:00,122.0077122370003,sda2,0.9827002390002235,285926400,57114624,6637,8256,0,0,0,0,0.0,0.0,0,
122,2026-10-08T21:34:39.723967+00:00,122.0077122370003,sda3,0.9827002390002235,5559296,118784,154,25,0,0,0,0,0.0,0.0,0,
122,2026-10-08T21:34:39.723967+00:00,122.0077122370003,sda4,0.9827002390002235,4657152,0,116,0,0,0,0,0,0.0,0.0,0,
122,2026-10-08T21:34:39.723967+00:00,122.0077122370003,sda5,0.9827002390002235,16782336,15458865152,977,26246,0,73728,0,7,0.0,75025.93066936583,12,
123,2026-10-08T21:34:40.717073+00:00,123.00082988400027,loop0,0.9931057409994537,2109440,0,219,0,0,0,0,0,0.0,0.0,0,
123,2026-10-08T21:34:40.717073+00:00,123.00082988400027,loop1,0.9931057409994537,354304,0,43,0,0,0,0,0,0.0,0.0,0,
123,2026-10-08T21:34:40.717073+00:00,123.00082988400027,loop2,0.9931057409994537,1106944,0,51,0,0,0,0,0,0.0,0.0,0,
123,2026-10-08T21:34:40.717073+00:00,123.00082988400027,loop3,0.9931057409994537,1141760,0,66,0,0,0,0,0,0.0,0.0,0,
123,2026-10-08T21:34:40.717073+00:00,123.00082988400027,loop4,0.9931057409994537,374784,0,51,0,0,0,0,0,0.0,0.0,0,
123,2026-10-08T21:34:40.717073+00:00,123.00082988400027,loop5,0.9931057409994537,14336,0,11,0,0,0,0,0,0.0,0.0,0,
123,2026-10-08T21:34:40.717073+00:00,123.00082988400027,loop6,0.9931057409994537,0,0,0,0,0,0,0,0,0.0,0.0,0,
123,2026-10-08T21:34:40.717073+00:00,123.00082988400027,loop7,0.9931057409994537,0,0,0,0,0,0,0,0,0.0,0.0,0,
123,2026-10-08T21:34:40.717073+00:00,123.00082988400027,sr0,0.9931057409994537,1536,0,8,0,0,0,0,0,0.0,0.0,0,
123,2026-10-08T21:34:40.717073+00:00,123.00082988400027,sda,0.9931057409994537,315698688,15516119040,8097,34532,0,20480,0,5,0.0,20622.174612936073,4,
123,2026-10-08T21:34:40.717073+00:00,123.00082988400027,sda1,0.9931057409994537,319488,0,78,0,0,0,0,0,0.0,0.0,0,
123,2026-10-08T21:34:40.717073+00:00,123.00082988400027,sda2,0.9931057409994537,285926400,57114624,6637,8256,0,0,0,0,0.0,0.0,0,
123,2026-10-08T21:34:40.717073+00:00,123.00082988400027,sda3,0.9931057409994537,5559296,118784,154,25,0,0,0,0,0.0,0.0,0,
123,2026-10-08T21:34:40.717073+00:00,123.00082988400027,sda4,0.9931057409994537,4657152,0,116,0,0,0,0,0,0.0,0.0,0,
123,2026-10-08T21:34:40.717073+00:00,123.00082988400027,sda5,0.9931057409994537,16782336,15458885632,977,26251,0,20480,0,5,0.0,20622.174612936073,4,
124,2026-10-08T21:34:41.729924+00:00,124.01367245500023,loop0,1.0128511340008117,2109440,0,219,0,0,0,0,0,0.0,0.0,0,
124,2026-10-08T21:34:41.729924+00:00,124.01367245500023,loop1,1.0128511340008117,354304,0,43,0,0,0,0,0,0.0,0.0,0,
124,2026-10-08T21:34:41.729924+00:00,124.01367245500023,loop2,1.0128511340008117,1106944,0,51,0,0,0,0,0,0.0,0.0,0,
124,2026-10-08T21:34:41.729924+00:00,124.01367245500023,loop3,1.0128511340008117,1141760,0,66,0,0,0,0,0,0.0,0.0,0,
124,2026-10-08T21:34:41.729924+00:00,124.01367245500023,loop4,1.0128511340008117,374784,0,51,0,0,0,0,0,0.0,0.0,0,
124,2026-10-08T21:34:41.729924+00:00,124.01367245500023,loop5,1.0128511340008117,14336,0,11,0,0,0,0,0,0.0,0.0,0,
124,2026-10-08T21:34:41.729924+00:00,124.01367245500023,loop6,1.0128511340008117,0,0,0,0,0,0,0,0,0.0,0.0,0,
124,2026-10-08T21:34:41.729924+00:00,124.01367245500023,loop7,1.0128511340008117,0,0,0,0,0,0,0,0,0.0,0.0,0,
124,2026-10-08T21:34:41.729924+00:00,124.01367245500023,sr0,1.0128511340008117,1536,0,8,0,0,0,0,0,0.0,0.0,0,
124,2026-10-08T21:34:41.729924+00:00,124.01367245500023,sda,1.0128511340008117,315698688,15516119040,8097,34532,0,0,0,0,0.0,0.0,0,
124,2026-10-08T21:34:41.729924+00:00,124.01367245500023,sda1,1.0128511340008117,319488,0,78,0,0,0,0,0,0.0,0.0,0,
124,2026-10-08T21:34:41.729924+00:00,124.01367245500023,sda2,1.0128511340008117,285926400,57114624,6637,8256,0,0,0,0,0.0,0.0,0,
124,2026-10-08T21:34:41.729924+00:00,124.01367245500023,sda3,1.0128511340008117,5559296,118784,154,25,0,0,0,0,0.0,0.0,0,
124,2026-10-08T21:34:41.729924+00:00,124.01367245500023,sda4,1.0128511340008117,4657152,0,116,0,0,0,0,0,0.0,0.0,0,
124,2026-10-08T21:34:41.729924+00:00,124.01367245500023,sda5,1.0128511340008117,16782336,15458885632,977,26251,0,0,0,0,0.0,0.0,0,
125,2026-10-08T21:34:42.768096+00:00,125.05191594999997,loop0,1.0381722169995555,2109440,0,219,0,0,0,0,0,0.0,0.0,0,
125,2026-10-08T21:34:42.768096+00:00,125.05191594999997,loop1,1.0381722169995555,354304,0,43,0,0,0,0,0,0.0,0.0,0,
125,2026-10-08T21:34:42.768096+00:00,125.05191594999997,loop2,1.0381722169995555,1106944,0,51,0,0,0,0,0,0.0,0.0,0,
125,2026-10-08T21:34:42.768096+00:00,125.05191594999997,loop3,1.0381722169995555,1141760,0,66,0,0,0,0,0,0.0,0.0,0,
125,2026-10-08T21:34:42.768096+00:00,125.05191594999997,loop4,1.0381722169995555,374784,0,51,0,0,0,0,0,0.0,0.0,0,
125,2026-10-08T21:34:42.768096+00:00,125.05191594999997,loop5,1.0381722169995555,14336,0,11,0,0,0,0,0,0.0,0.0,0,
125,2026-10-08T21:34:42.768096+00:00,125.05191594999997,loop6,1.0381722169995555,0,0,0,0,0,0,0,0,0.0,0.0,0,
125,2026-10-08T21:34:42.768096+00:00,125.05191594999997,loop7,1.0381722169995555,0,0,0,0,0,0,0,0,0.0,0.0,0,
125,2026-10-08T21:34:42.768096+00:00,125.05191594999997,sr0,1.0381722169995555,1536,0,8,0,0,0,0,0,0.0,0.0,0,
125,2026-10-08T21:34:42.768096+00:00,125.05191594999997,sda,1.0381722169995555,315698688,15516119040,8097,34532,0,0,0,0,0.0,0.0,0,
125,2026-10-08T21:34:42.768096+00:00,125.05191594999997,sda1,1.0381722169995555,319488,0,78,0,0,0,0,0,0.0,0.0,0,
125,2026-10-08T21:34:42.768096+00:00,125.05191594999997,sda2,1.0381722169995555,285926400,57114624,6637,8256,0,0,0,0,0.0,0.0,0,
125,2026-10-08T21:34:42.768096+00:00,125.05191594999997,sda3,1.0381722169995555,5559296,118784,154,25,0,0,0,0,0.0,0.0,0,
125,2026-10-08T21:34:42.768096+00:00,125.05191594999997,sda4,1.0381722169995555,4657152,0,116,0,0,0,0,0,0.0,0.0,0,
125,2026-10-08T21:34:42.768096+00:00,125.05191594999997,sda5,1.0381722169995555,16782336,15458885632,977,26251,0,0,0,0,0.0,0.0,0,
126,2026-10-08T21:34:43.719388+00:00,126.00343427900043,loop0,0.9512920699999086,2109440,0,219,0,0,0,0,0,0.0,0.0,0,
126,2026-10-08T21:34:43.719388+00:00,126.00343427900043,loop1,0.9512920699999086,354304,0,43,0,0,0,0,0,0.0,0.0,0,
126,2026-10-08T21:34:43.719388+00:00,126.00343427900043,loop2,0.9512920699999086,1106944,0,51,0,0,0,0,0,0.0,0.0,0,
126,2026-10-08T21:34:43.719388+00:00,126.00343427900043,loop3,0.9512920699999086,1141760,0,66,0,0,0,0,0,0.0,0.0,0,
126,2026-10-08T21:34:43.719388+00:00,126.00343427900043,loop4,0.9512920699999086,374784,0,51,0,0,0,0,0,0.0,0.0,0,
126,2026-10-08T21:34:43.719388+00:00,126.00343427900043,loop5,0.9512920699999086,14336,0,11,0,0,0,0,0,0.0,0.0,0,
126,2026-10-08T21:34:43.719388+00:00,126.00343427900043,loop6,0.9512920699999086,0,0,0,0,0,0,0,0,0.0,0.0,0,
126,2026-10-08T21:34:43.719388+00:00,126.00343427900043,loop7,0.9512920699999086,0,0,0,0,0,0,0,0,0.0,0.0,0,
126,2026-10-08T21:34:43.719388+00:00,126.00343427900043,sr0,0.9512920699999086,1536,0,8,0,0,0,0,0,0.0,0.0,0,
126,2026-10-08T21:34:43.719388+00:00,126.00343427900043,sda,0.9512920699999086,315698688,15516168192,8097,34536,0,49152,0,4,0.0,51668.67416439698,8,
126,2026-10-08T21:34:43.719388+00:00,126.00343427900043,sda1,0.9512920699999086,319488,0,78,0,0,0,0,0,0.0,0.0,0,
126,2026-10-08T21:34:43.719388+00:00,126.00343427900043,sda2,0.9512920699999086,285926400,57163776,6637,8260,0,49152,0,4,0.0,51668.67416439698,8,
126,2026-10-08T21:34:43.719388+00:00,126.00343427900043,sda3,0.9512920699999086,5559296,118784,154,25,0,0,0,0,0.0,0.0,0,
126,2026-10-08T21:34:43.719388+00:00,126.00343427900043,sda4,0.9512920699999086,4657152,0,116,0,0,0,0,0,0.0,0.0,0,
126,2026-10-08T21:34:43.719388+00:00,126.00343427900043,sda5,0.9512920699999086,16782336,15458885632,977,26251,0,0,0,0,0.0,0.0,0,
127,2026-10-08T21:34:44.717376+00:00,127.00122139399991,loop0,0.997987223000564,2109440,0,219,0,0,0,0,0,0.0,0.0,0,
127,2026-10-08T21:34:44.717376+00:00,127.00122139399991,loop1,0.997987223000564,354304,0,43,0,0,0,0,0,0.0,0.0,0,
127,2026-10-08T21:34:44.717376+00:00,127.00122139399991,loop2,0.997987223000564,1106944,0,51,0,0,0,0,0,0.0,0.0,0,
127,2026-10-08T21:34:44.717376+00:00,127.00122139399991,loop3,0.997987223000564,1141760,0,66,0,0,0,0,0,0.0,0.0,0,
127,2026-10-08T21:34:44.717376+00:00,127.00122139399991,loop4,0.997987223000564,374784,0,51,0,0,0,0,0,0.0,0.0,0,
127,2026-10-08T21:34:44.717376+00:00,127.00122139399991,loop5,0.997987223000564,14336,0,11,0,0,0,0,0,0.0,0.0,0,
127,2026-10-08T21:34:44.717376+00:00,127.00122139399991,loop6,0.997987223000564,0,0,0,0,0,0,0,0,0.0,0.0,0,
127,2026-10-08T21:34:44.717376+00:00,127.00122139399991,loop7,0.997987223000564,0,0,0,0,0,0,0,0,0.0,0.0,0,
127,2026-10-08T21:34:44.717376+00:00,127.00122139399991,sr0,0.997987223000564,1536,0,8,0,0,0,0,0,0.0,0.0,0,
127,2026-10-08T21:34:44.717376+00:00,127.00122139399991,sda,0.997987223000564,315698688,15516209152,8097,34538,0,40960,0,2,0.0,41042.60962064126,8,
127,2026-10-08T21:34:44.717376+00:00,127.00122139399991,sda1,0.997987223000564,319488,0,78,0,0,0,0,0,0.0,0.0,0,
127,2026-10-08T21:34:44.717376+00:00,127.00122139399991,sda2,0.997987223000564,285926400,57163776,6637,8260,0,0,0,0,0.0,0.0,0,
127,2026-10-08T21:34:44.717376+00:00,127.00122139399991,sda3,0.997987223000564,5559296,118784,154,25,0,0,0,0,0.0,0.0,0,
127,2026-10-08T21:34:44.717376+00:00,127.00122139399991,sda4,0.997987223000564,4657152,0,116,0,0,0,0,0,0.0,0.0,0,
127,2026-10-08T21:34:44.717376+00:00,127.00122139399991,sda5,0.997987223000564,16782336,15458926592,977,26253,0,40960,0,2,0.0,41042.60962064126,8,
128,2026-10-08T21:34:45.716848+00:00,128.00062728800003,loop0,0.9994722679994084,2109440,0,219,0,0,0,0,0,0.0,0.0,0,
128,2026-10-08T21:34:45.716848+00:00,128.00062728800003,loop1,0.9994722679994084,354304,0,43,0,0,0,0,0,0.0,0.0,0,
128,2026-10-08T21:34:45.716848+00:00,128.00062728800003,loop2,0.9994722679994084,1106944,0,51,0,0,0,0,0,0.0,0.0,0,
128,2026-10-08T21:34:45.716848+00:00,128.00062728800003,loop3,0.9994722679994084,1141760,0,66,0,0,0,0,0,0.0,0.0,0,
128,2026-10-08T21:34:45.716848+00:00,128.00062728800003,loop4,0.9994722679994084,374784,0,51,0,0,0,0,0,0.0,0.0,0,
128,2026-10-08T21:34:45.716848+00:00,128.00062728800003,loop5,0.9994722679994084,14336,0,11,0,0,0,0,0,0.0,0.0,0,
128,2026-10-08T21:34:45.716848+00:00,128.00062728800003,loop6,0.9994722679994084,0,0,0,0,0,0,0,0,0.0,0.0,0,
128,2026-10-08T21:34:45.716848+00:00,128.00062728800003,loop7,0.9994722679994084,0,0,0,0,0,0,0,0,0.0,0.0,0,
128,2026-10-08T21:34:45.716848+00:00,128.00062728800003,sr0,0.9994722679994084,1536,0,8,0,0,0,0,0,0.0,0.0,0,
128,2026-10-08T21:34:45.716848+00:00,128.00062728800003,sda,0.9994722679994084,315698688,15516209152,8097,34538,0,0,0,0,0.0,0.0,0,
128,2026-10-08T21:34:45.716848+00:00,128.00062728800003,sda1,0.9994722679994084,319488,0,78,0,0,0,0,0,0.0,0.0,0,
128,2026-10-08T21:34:45.716848+00:00,128.00062728800003,sda2,0.9994722679994084,285926400,57163776,6637,8260,0,0,0,0,0.0,0.0,0,
128,2026-10-08T21:34:45.716848+00:00,128.00062728800003,sda3,0.9994722679994084,5559296,118784,154,25,0,0,0,0,0.0,0.0,0,
128,2026-10-08T21:34:45.716848+00:00,128.00062728800003,sda4,0.9994722679994084,4657152,0,116,0,0,0,0,0,0.0,0.0,0,
128,2026-10-08T21:34:45.716848+00:00,128.00062728800003,sda5,0.9994722679994084,16782336,15458926592,977,26253,0,0,0,0,0.0,0.0,0,
129,2026-10-08T21:34:46.717549+00:00,129.0016679420005,loop0,1.0007015480005066,2109440,0,219,0,0,0,0,0,0.0,0.0,0,
129,2026-10-08T21:34:46.717549+00:00,129.0016679420005,loop1,1.0007015480005066,354304,0,43,0,0,0,0,0,0.0,0.0,0,
129,2026-10-08T21:34:46.717549+00:00,129.0016679420005,loop2,1.0007015480005066,1106944,0,51,0,0,0,0,0,0.0,0.0,0,
129,2026-10-08T21:34:46.717549+00:00,129.0016679420005,loop3,1.0007015480005066,1141760,0,66,0,0,0,0,0,0.0,0.0,0,
129,2026-10-08T21:34:46.717549+00:00,129.0016679420005,loop4,1.0007015480005066,374784,0,51,0,0,0,0,0,0.0,0.0,0,
129,2026-10-08T21:34:46.717549+00:00,129.0016679420005,loop5,1.0007015480005066,14336,0,11,0,0,0,0,0,0.0,0.0,0,
129,2026-10-08T21:34:46.717549+00:00,129.0016679420005,loop6,1.0007015480005066,0,0,0,0,0,0,0,0,0.0,0.0,0,
129,2026-10-08T21:34:46.717549+00:00,129.0016679420005,loop7,1.0007015480005066,0,0,0,0,0,0,0,0,0.0,0.0,0,
129,2026-10-08T21:34:46.717549+00:00,129.0016679420005,sr0,1.0007015480005066,1536,0,8,0,0,0,0,0,0.0,0.0,0,
129,2026-10-08T21:34:46.717549+00:00,129.0016679420005,sda,1.0007015480005066,315698688,15516209152,8097,34538,0,0,0,0,0.0,0.0,0,
129,2026-10-08T21:34:46.717549+00:00,129.0016679420005,sda1,1.0007015480005066,319488,0,78,0,0,0,0,0,0.0,0.0,0,
129,2026-10-08T21:34:46.717549+00:00,129.0016679420005,sda2,1.0007015480005066,285926400,57163776,6637,8260,0,0,0,0,0.0,0.0,0,
129,2026-10-08T21:34:46.717549+00:00,129.0016679420005,sda3,1.0007015480005066,5559296,118784,154,25,0,0,0,0,0.0,0.0,0,
129,2026-10-08T21:34:46.717549+00:00,129.0016679420005,sda4,1.0007015480005066,4657152,0,116,0,0,0,0,0,0.0,0.0,0,
129,2026-10-08T21:34:46.717549+00:00,129.0016679420005,sda5,1.0007015480005066,16782336,15458926592,977,26253,0,0,0,0,0.0,0.0,0,
130,2026-10-08T21:34:47.719963+00:00,130.0024441350006,loop0,1.002413223000076,2109440,0,219,0,0,0,0,0,0.0,0.0,0,
130,2026-10-08T21:34:47.719963+00:00,130.0024441350006,loop1,1.002413223000076,354304,0,43,0,0,0,0,0,0.0,0.0,0,
130,2026-10-08T21:34:47.719963+00:00,130.0024441350006,loop2,1.002413223000076,1106944,0,51,0,0,0,0,0,0.0,0.0,0,
130,2026-10-08T21:34:47.719963+00:00,130.0024441350006,loop3,1.002413223000076,1141760,0,66,0,0,0,0,0,0.0,0.0,0,
130,2026-10-08T21:34:47.719963+00:00,130.0024441350006,loop4,1.002413223000076,374784,0,51,0,0,0,0,0,0.0,0.0,0,
130,2026-10-08T21:34:47.719963+00:00,130.0024441350006,loop5,1.002413223000076,14336,0,11,0,0,0,0,0,0.0,0.0,0,
130,2026-10-08T21:34:47.719963+00:00,130.0024441350006,loop6,1.002413223000076,0,0,0,0,0,0,0,0,0.0,0.0,0,
130,2026-10-08T21:34:47.719963+00:00,130.0024441350006,loop7,1.002413223000076,0,0,0,0,0,0,0,0,0.0,0.0,0,
130,2026-10-08T21:34:47.719963+00:00,130.0024441350006,sr0,1.002413223000076,1536,0,8,0,0,0,0,0,0.0,0.0,0,
130,2026-10-08T21:34:47.719963+00:00,130.0024441350006,sda,1.002413223000076,315698688,15517896704,8097,34741,0,1687552,0,203,0.0,1683489.364744615,72,
130,2026-10-08T21:34:47.719963+00:00,130.0024441350006,sda1,1.002413223000076,319488,0,78,0,0,0,0,0,0.0,0.0,0,
130,2026-10-08T21:34:47.719963+00:00,130.0024441350006,sda2,1.002413223000076,285926400,58851328,6637,8463,0,1687552,0,203,0.0,1683489.364744615,72,
130,2026-10-08T21:34:47.719963+00:00,130.0024441350006,sda3,1.002413223000076,5559296,118784,154,25,0,0,0,0,0.0,0.0,0,
130,2026-10-08T21:34:47.719963+00:00,130.0024441350006,sda4,1.002413223000076,4657152,0,116,0,0,0,0,0,0.0,0.0,0,
130,2026-10-08T21:34:47.719963+00:00,130.0024441350006,sda5,1.002413223000076,16782336,15458926592,977,26253,0,0,0,0,0.0,0.0,0,
131,2026-10-08T21:34:48.722253+00:00,131.00636914900042,loop0,1.002290759999596,2109440,0,219,0,0,0,0,0,0.0,0.0,0,
131,2026-10-08T21:34:48.722253+00:00,131.00636914900042,loop1,1.002290759999596,354304,0,43,0,0,0,0,0,0.0,0.0,0,
131,2026-10-08T21:34:48.722253+00:00,131.00636914900042,loop2,1.002290759999596,1106944,0,51,0,0,0,0,0,0.0,0.0,0,
131,2026-10-08T21:34:48.722253+00:00,131.00636914900042,loop3,1.002290759999596,1141760,0,66,0,0,0,0,0,0.0,0.0,0,
131,2026-10-08T21:34:48.722253+00:00,131.00636914900042,loop4,1.002290759999596,374784,0,51,0,0,0,0,0,0.0,0.0,0,
131,2026-10-08T21:34:48.722253+00:00,131.00636914900042,loop5,1.002290759999596,14336,0,11,0,0,0,0,0,0.0,0.0,0,
131,2026-10-08T21:34:48.722253+00:00,131.00636914900042,loop6,1.002290759999596,0,0,0,0,0,0,0,0,0.0,0.0,0,
131,2026-10-08T21:34:48.722253+00:00,131.00636914900042,loop7,1.002290759999596,0,0,0,0,0,0,0,0,0.0,0.0,0,
131,2026-10-08T21:34:48.722253+00:00,131.00636914900042,sr0,1.002290759999596,1536,0,8,0,0,0,0,0,0.0,0.0,0,
131,2026-10-08T21:34:48.722253+00:00,131.00636914900042,sda,1.002290759999596,315698688,15519780864,8097,35044,0,1884160,0,303,0.0,1879853.7063244595,176,
131,2026-10-08T21:34:48.722253+00:00,131.00636914900042,sda1,1.002290759999596,319488,0,78,0,0,0,0,0,0.0,0.0,0,
131,2026-10-08T21:34:48.722253+00:00,131.00636914900042,sda2,1.002290759999596,285926400,60735488,6637,8766,0,1884160,0,303,0.0,1879853.7063244595,176,
131,2026-10-08T21:34:48.722253+00:00,131.00636914900042,sda3,1.002290759999596,5559296,118784,154,25,0,0,0,0,0.0,0.0,0,
131,2026-10-08T21:34:48.722253+00:00,131.00636914900042,sda4,1.002290759999596,4657152,0,116,0,0,0,0,0,0.0,0.0,0,
131,2026-10-08T21:34:48.722253+00:00,131.00636914900042,sda5,1.002290759999596,16782336,15458926592,977,26253,0,0,0,0,0.0,0.0,0,
132,2026-10-08T21:34:49.717731+00:00,132.00143881800068,loop0,0.9954780170000959,2109440,0,219,0,0,0,0,0,0.0,0.0,0,
132,2026-10-08T21:34:49.717731+00:00,132.00143881800068,loop1,0.9954780170000959,354304,0,43,0,0,0,0,0,0.0,0.0,0,
132,2026-10-08T21:34:49.717731+00:00,132.00143881800068,loop2,0.9954780170000959,1106944,0,51,0,0,0,0,0,0.0,0.0,0,
132,2026-10-08T21:34:49.717731+00:00,132.00143881800068,loop3,0.9954780170000959,1141760,0,66,0,0,0,0,0,0.0,0.0,0,
132,2026-10-08T21:34:49.717731+00:00,132.00143881800068,loop4,0.9954780170000959,374784,0,51,0,0,0,0,0,0.0,0.0,0,
132,2026-10-08T21:34:49.717731+00:00,132.00143881800068,loop5,0.9954780170000959,14336,0,11,0,0,0,0,0,0.0,0.0,0,
132,2026-10-08T21:34:49.717731+00:00,132.00143881800068,loop6,0.9954780170000959,0,0,0,0,0,0,0,0,0.0,0.0,0,
132,2026-10-08T21:34:49.717731+00:00,132.00143881800068,loop7,0.9954780170000959,0,0,0,0,0,0,0,0,0.0,0.0,0,
132,2026-10-08T21:34:49.717731+00:00,132.00143881800068,sr0,0.9954780170000959,1536,0,8,0,0,0,0,0,0.0,0.0,0,
132,2026-10-08T21:34:49.717731+00:00,132.00143881800068,sda,0.9954780170000959,315698688,15519780864,8097,35044,0,0,0,0,0.0,0.0,0,
132,2026-10-08T21:34:49.717731+00:00,132.00143881800068,sda1,0.9954780170000959,319488,0,78,0,0,0,0,0,0.0,0.0,0,
132,2026-10-08T21:34:49.717731+00:00,132.00143881800068,sda2,0.9954780170000959,285926400,60735488,6637,8766,0,0,0,0,0.0,0.0,0,
132,2026-10-08T21:34:49.717731+00:00,132.00143881800068,sda3,0.9954780170000959,5559296,118784,154,25,0,0,0,0,0.0,0.0,0,
132,2026-10-08T21:34:49.717731+00:00,132.00143881800068,sda4,0.9954780170000959,4657152,0,116,0,0,0,0,0,0.0,0.0,0,
132,2026-10-08T21:34:49.717731+00:00,132.00143881800068,sda5,0.9954780170000959,16782336,15458926592,977,26253,0,0,0,0,0.0,0.0,0,
133,2026-10-08T21:34:50.759229+00:00,133.04275683300057,loop0,1.0414969359999304,2109440,0,219,0,0,0,0,0,0.0,0.0,0,
133,2026-10-08T21:34:50.759229+00:00,133.04275683300057,loop1,1.0414969359999304,354304,0,43,0,0,0,0,0,0.0,0.0,0,
133,2026-10-08T21:34:50.759229+00:00,133.04275683300057,loop2,1.0414969359999304,1106944,0,51,0,0,0,0,0,0.0,0.0,0,
133,2026-10-08T21:34:50.759229+00:00,133.04275683300057,loop3,1.0414969359999304,1141760,0,66,0,0,0,0,0,0.0,0.0,0,
133,2026-10-08T21:34:50.759229+00:00,133.04275683300057,loop4,1.0414969359999304,374784,0,51,0,0,0,0,0,0.0,0.0,0,
133,2026-10-08T21:34:50.759229+00:00,133.04275683300057,loop5,1.0414969359999304,14336,0,11,0,0,0,0,0,0.0,0.0,0,
133,2026-10-08T21:34:50.759229+00:00,133.04275683300057,loop6,1.0414969359999304,0,0,0,0,0,0,0,0,0.0,0.0,0,
133,2026-10-08T21:34:50.759229+00:00,133.04275683300057,loop7,1.0414969359999304,0,0,0,0,0,0,0,0,0.0,0.0,0,
133,2026-10-08T21:34:50.759229+00:00,133.04275683300057,sr0,1.0414969359999304,1536,0,8,0,0,0,0,0,0.0,0.0,0,
133,2026-10-08T21:34:50.759229+00:00,133.04275683300057,sda,1.0414969359999304,315698688,15519793152,8097,35046,0,12288,0,2,0.0,11798.402448685476,12,
133,2026-10-08T21:34:50.759229+00:00,133.04275683300057,sda1,1.0414969359999304,319488,0,78,0,0,0,0,0,0.0,0.0,0,
133,2026-10-08T21:34:50.759229+00:00,133.04275683300057,sda2,1.0414969359999304,285926400,60735488,6637,8766,0,0,0,0,0.0,0.0,0,
133,2026-10-08T21:34:50.759229+00:00,133.04275683300057,sda3,1.0414969359999304,5559296,118784,154,25,0,0,0,0,0.0,0.0,0,
133,2026-10-08T21:34:50.759229+00:00,133.04275683300057,sda4,1.0414969359999304,4657152,0,116,0,0,0,0,0,0.0,0.0,0,
133,2026-10-08T21:34:50.759229+00:00,133.04275683300057,sda5,1.0414969359999304,16782336,15458938880,977,26255,0,12288,0,2,0.0,11798.402448685476,12,
134,2026-10-08T21:34:51.717602+00:00,134.00164035499984,loop0,0.9583739979998427,2109440,0,219,0,0,0,0,0,0.0,0.0,0,
134,2026-10-08T21:34:51.717602+00:00,134.00164035499984,loop1,0.9583739979998427,354304,0,43,0,0,0,0,0,0.0,0.0,0,
134,2026-10-08T21:34:51.717602+00:00,134.00164035499984,loop2,0.9583739979998427,1106944,0,51,0,0,0,0,0,0.0,0.0,0,
134,2026-10-08T21:34:51.717602+00:00,134.00164035499984,loop3,0.9583739979998427,1141760,0,66,0,0,0,0,0,0.0,0.0,0,
134,2026-10-08T21:34:51.717602+00:00,134.00164035499984,loop4,0.9583739979998427,374784,0,51,0,0,0,0,0,0.0,0.0,0,
134,2026-10-08T21:34:51.717602+00:00,134.00164035499984,loop5,0.9583739979998427,14336,0,11,0,0,0,0,0,0.0,0.0,0,
134,2026-10-08T21:34:51.717602+00:00,134.00164035499984,loop6,0.9583739979998427,0,0,0,0,0,0,0,0,0.0,0.0,0,
134,2026-10-08T21:34:51.717602+00:00,134.00164035499984,loop7,0.9583739979998427,0,0,0,0,0,0,0,0,0.0,0.0,0,
134,2026-10-08T21:34:51.717602+00:00,134.00164035499984,sr0,0.9583739979998427,1536,0,8,0,0,0,0,0,0.0,0.0,0,
134,2026-10-08T21:34:51.717602+00:00,134.00164035499984,sda,0.9583739979998427,315698688,15519793152,8097,35046,0,0,0,0,0.0,0.0,0,
134,2026-10-08T21:34:51.717602+00:00,134.00164035499984,sda1,0.9583739979998427,319488,0,78,0,0,0,0,0,0.0,0.0,0,
134,2026-10-08T21:34:51.717602+00:00,134.00164035499984,sda2,0.9583739979998427,285926400,60735488,6637,8766,0,0,0,0,0.0,0.0,0,
134,2026-10-08T21:34:51.717602+00:00,134.00164035499984,sda3,0.9583739979998427,5559296,118784,154,25,0,0,0,0,0.0,0.0,0,
134,2026-10-08T21:34:51.717602+00:00,134.00164035499984,sda4,0.9583739979998427,4657152,0,116,0,0,0,0,0,0.0,0.0,0,
134,2026-10-08T21:34:51.717602+00:00,134.00164035499984,sda5,0.9583739979998427,16782336,15458938880,977,26255,0,0,0,0,0.0,0.0,0,
135,2026-10-08T21:34:52.733300+00:00,135.01723049200064,loop0,1.0156980920000933,2109440,0,219,0,0,0,0,0,0.0,0.0,0,
135,2026-10-08T21:34:52.733300+00:00,135.01723049200064,loop1,1.0156980920000933,354304,0,43,0,0,0,0,0,0.0,0.0,0,
135,2026-10-08T21:34:52.733300+00:00,135.01723049200064,loop2,1.0156980920000933,1106944,0,51,0,0,0,0,0,0.0,0.0,0,
135,2026-10-08T21:34:52.733300+00:00,135.01723049200064,loop3,1.0156980920000933,1141760,0,66,0,0,0,0,0,0.0,0.0,0,
135,2026-10-08T21:34:52.733300+00:00,135.01723049200064,loop4,1.0156980920000933,374784,0,51,0,0,0,0,0,0.0,0.0,0,
135,2026-10-08T21:34:52.733300+00:00,135.01723049200064,loop5,1.0156980920000933,14336,0,11,0,0,0,0,0,0.0,0.0,0,
135,2026-10-08T21:34:52.733300+00:00,135.01723049200064,loop6,1.0156980920000933,0,0,0,0,0,0,0,0,0.0,0.0,0,
135,2026-10-08T21:34:52.733300+00:00,135.01723049200064,loop7,1.0156980920000933,0,0,0,0,0,0,0,0,0.0,0.0,0,
135,2026-10-08T21:34:52.733300+00:00,135.01723049200064,sr0,1.0156980920000933,1536,0,8,0,0,0,0,0,0.0,0.0,0,
135,2026-10-08T21:34:52.733300+00:00,135.01723049200064,sda,1.0156980920000933,315698688,15519793152,8097,35046,0,0,0,0,0.0,0.0,0,
135,2026-10-08T21:34:52.733300+00:00,135.01723049200064,sda1,1.0156980920000933,319488,0,78,0,0,0,0,0,0.0,0.0,0,
135,2026-10-08T21:34:52.733300+00:00,135.01723049200064,sda2,1.0156980920000933,285926400,60735488,6637,8766,0,0,0,0,0.0,0.0,0,
135,2026-10-08T21:34:52.733300+00:00,135.01723049200064,sda3,1.0156980920000933,5559296,118784,154,25,0,0,0,0,0.0,0.0,0,
135,2026-10-08T21:34:52.733300+00:00,135.01723049200064,sda4,1.0156980920000933,4657152,0,116,0,0,0,0,0,0.0,0.0,0,
135,2026-10-08T21:34:52.733300+00:00,135.01723049200064,sda5,1.0156980920000933,16782336,15458938880,977,26255,0,0,0,0,0.0,0.0,0,
136,2026-10-08T21:34:53.718001+00:00,136.00194504400042,loop0,0.9847011860001658,2109440,0,219,0,0,0,0,0,0.0,0.0,0,
136,2026-10-08T21:34:53.718001+00:00,136.00194504400042,loop1,0.9847011860001658,354304,0,43,0,0,0,0,0,0.0,0.0,0,
136,2026-10-08T21:34:53.718001+00:00,136.00194504400042,loop2,0.9847011860001658,1106944,0,51,0,0,0,0,0,0.0,0.0,0,
136,2026-10-08T21:34:53.718001+00:00,136.00194504400042,loop3,0.9847011860001658,1141760,0,66,0,0,0,0,0,0.0,0.0,0,
136,2026-10-08T21:34:53.718001+00:00,136.00194504400042,loop4,0.9847011860001658,374784,0,51,0,0,0,0,0,0.0,0.0,0,
136,2026-10-08T21:34:53.718001+00:00,136.00194504400042,loop5,0.9847011860001658,14336,0,11,0,0,0,0,0,0.0,0.0,0,
136,2026-10-08T21:34:53.718001+00:00,136.00194504400042,loop6,0.9847011860001658,0,0,0,0,0,0,0,0,0.0,0.0,0,
136,2026-10-08T21:34:53.718001+00:00,136.00194504400042,loop7,0.9847011860001658,0,0,0,0,0,0,0,0,0.0,0.0,0,
136,2026-10-08T21:34:53.718001+00:00,136.00194504400042,sr0,0.9847011860001658,1536,0,8,0,0,0,0,0,0.0,0.0,0,
136,2026-10-08T21:34:53.718001+00:00,136.00194504400042,sda,0.9847011860001658,315698688,15519854592,8097,35050,0,61440,0,4,0.0,62394.56281104719,8,
136,2026-10-08T21:34:53.718001+00:00,136.00194504400042,sda1,0.9847011860001658,319488,0,78,0,0,0,0,0,0.0,0.0,0,
136,2026-10-08T21:34:53.718001+00:00,136.00194504400042,sda2,0.9847011860001658,285926400,60796928,6637,8770,0,61440,0,4,0.0,62394.56281104719,8,
136,2026-10-08T21:34:53.718001+00:00,136.00194504400042,sda3,0.9847011860001658,5559296,118784,154,25,0,0,0,0,0.0,0.0,0,
136,2026-10-08T21:34:53.718001+00:00,136.00194504400042,sda4,0.9847011860001658,4657152,0,116,0,0,0,0,0,0.0,0.0,0,
136,2026-10-08T21:34:53.718001+00:00,136.00194504400042,sda5,0.9847011860001658,16782336,15458938880,977,26255,0,0,0,0,0.0,0.0,0,
137,2026-10-08T21:34:54.716843+00:00,137.0005994029998,loop0,0.9988410919995658,2109440,0,219,0,0,0,0,0,0.0,0.0,0,
137,2026-10-08T21:34:54.716843+00:00,137.0005994029998,loop1,0.9988410919995658,354304,0,43,0,0,0,0,0,0.0,0.0,0,
137,2026-10-08T21:34:54.716843+00:00,137.0005994029998,loop2,0.9988410919995658,1106944,0,51,0,0,0,0,0,0.0,0.0,0,
137,2026-10-08T21:34:54.716843+00:00,137.0005994029998,loop3,0.9988410919995658,1141760,0,66,0,0,0,0,0,0.0,0.0,0,
137,2026-10-08T21:34:54.716843+00:00,137.0005994029998,loop4,0.9988410919995658,374784,0,51,0,0,0,0,0,0.0,0.0,0,
137,2026-10-08T21:34:54.716843+00:00,137.0005994029998,loop5,0.9988410919995658,14336,0,11,0,0,0,0,0,0.0,0.0,0,
137,2026-10-08T21:34:54.716843+00:00,137.0005994029998,loop6,0.9988410919995658,0,0,0,0,0,0,0,0,0.0,0.0,0,
137,2026-10-08T21:34:54.716843+00:00,137.0005994029998,loop7,0.9988410919995658,0,0,0,0,0,0,0,0,0.0,0.0,0,
137,2026-10-08T21:34:54.716843+00:00,137.0005994029998,sr0,0.9988410919995658,1536,0,8,0,0,0,0,0,0.0,0.0,0,
137,2026-10-08T21:34:54.716843+00:00,137.0005994029998,sda,0.9988410919995658,315698688,15519854592,8097,35050,0,0,0,0,0.0,0.0,0,
137,2026-10-08T21:34:54.716843+00:00,137.0005994029998,sda1,0.9988410919995658,319488,0,78,0,0,0,0,0,0.0,0.0,0,
137,2026-10-08T21:34:54.716843+00:00,137.0005994029998,sda2,0.9988410919995658,285926400,60796928,6637,8770,0,0,0,0,0.0,0.0,0,
137,2026-10-08T21:34:54.716843+00:00,137.0005994029998,sda3,0.9988410919995658,5559296,118784,154,25,0,0,0,0,0.0,0.0,0,
137,2026-10-08T21:34:54.716843+00:00,137.0005994029998,sda4,0.9988410919995658,4657152,0,116,0,0,0,0,0,0.0,0.0,0,
137,2026-10-08T21:34:54.716843+00:00,137.0005994029998,sda5,0.9988410919995658,16782336,15458938880,977,26255,0,0,0,0,0.0,0.0,0,
138,2026-10-08T21:34:55.719340+00:00,138.00051118200008,loop0,1.0024972649998745,2109440,0,219,0,0,0,0,0,0.0,0.0,0,
138,2026-10-08T21:34:55.719340+00:00,138.00051118200008,loop1,1.0024972649998745,354304,0,43,0,0,0,0,0,0.0,0.0,0,
138,2026-10-08T21:34:55.719340+00:00,138.00051118200008,loop2,1.0024972649998745,1106944,0,51,0,0,0,0,0,0.0,0.0,0,
138,2026-10-08T21:34:55.719340+00:00,138.00051118200008,loop3,1.0024972649998745,1141760,0,66,0,0,0,0,0,0.0,0.0,0,
138,2026-10-08T21:34:55.719340+00:00,138.00051118200008,loop4,1.0024972649998745,374784,0,51,0,0,0,0,0,0.0,0.0,0,
138,2026-10-08T21:34:55.719340+00:00,138.00051118200008,loop5,1.0024972649998745,14336,0,11,0,0,0,0,0,0.0,0.0,0,
138,2026-10-08T21:34:55.719340+00:00,138.00051118200008,loop6,1.0024972649998745,0,0,0,0,0,0,0,0,0.0,0.0,0,
138,2026-10-08T21:34:55.719340+00:00,138.00051118200008,loop7,1.0024972649998745,0,0,0,0,0,0,0,0,0.0,0.0,0,
138,2026-10-08T21:34:55.719340+00:00,138.00051118200008,sr0,1.0024972649998745,1536,0,8,0,0,0,0,0,0.0,0.0,0,
138,2026-10-08T21:34:55.719340+00:00,138.00051118200008,sda,1.0024972649998745,315698688,15519866880,8097,35052,0,12288,0,2,0.0,12257.39004884122,4,
138,2026-10-08T21:34:55.719340+00:00,138.00051118200008,sda1,1.0024972649998745,319488,0,78,0,0,0,0,0,0.0,0.0,0,
138,2026-10-08T21:34:55.719340+00:00,138.00051118200008,sda2,1.0024972649998745,285926400,60796928,6637,8770,0,0,0,0,0.0,0.0,0,
138,2026-10-08T21:34:55.719340+00:00,138.00051118200008,sda3,1.0024972649998745,5559296,118784,154,25,0,0,0,0,0.0,0.0,0,
138,2026-10-08T21:34:55.719340+00:00,138.00051118200008,sda4,1.0024972649998745,4657152,0,116,0,0,0,0,0,0.0,0.0,0,
138,2026-10-08T21:34:55.719340+00:00,138.00051118200008,sda5,1.0024972649998745,16782336,15458951168,977,26257,0,12288,0,2,0.0,12257.39004884122,4,
139,2026-10-08T21:34:56.741474+00:00,139.025710377,loop0,1.022134186000585,2109440,0,219,0,0,0,0,0,0.0,0.0,0,
139,2026-10-08T21:34:56.741474+00:00,139.025710377,loop1,1.022134186000585,354304,0,43,0,0,0,0,0,0.0,0.0,0,
139,2026-10-08T21:34:56.741474+00:00,139.025710377,loop2,1.022134186000585,1106944,0,51,0,0,0,0,0,0.0,0.0,0,
139,2026-10-08T21:34:56.741474+00:00,139.025710377,loop3,1.022134186000585,1141760,0,66,0,0,0,0,0,0.0,0.0,0,
139,2026-10-08T21:34:56.741474+00:00,139.025710377,loop4,1.022134186000585,374784,0,51,0,0,0,0,0,0.0,0.0,0,
139,2026-10-08T21:34:56.741474+00:00,139.025710377,loop5,1.022134186000585,14336,0,11,0,0,0,0,0,0.0,0.0,0,
139,2026-10-08T21:34:56.741474+00:00,139.025710377,loop6,1.022134186000585,0,0,0,0,0,0,0,0,0.0,0.0,0,
139,2026-10-08T21:34:56.741474+00:00,139.025710377,loop7,1.022134186000585,0,0,0,0,0,0,0,0,0.0,0.0,0,
139,2026-10-08T21:34:56.741474+00:00,139.025710377,sr0,1.022134186000585,1536,0,8,0,0,0,0,0,0.0,0.0,0,
139,2026-10-08T21:34:56.741474+00:00,139.025710377,sda,1.022134186000585,315698688,15519866880,8097,35052,0,0,0,0,0.0,0.0,0,
139,2026-10-08T21:34:56.741474+00:00,139.025710377,sda1,1.022134186000585,319488,0,78,0,0,0,0,0,0.0,0.0,0,
139,2026-10-08T21:34:56.741474+00:00,139.025710377,sda2,1.022134186000585,285926400,60796928,6637,8770,0,0,0,0,0.0,0.0,0,
139,2026-10-08T21:34:56.741474+00:00,139.025710377,sda3,1.022134186000585,5559296,118784,154,25,0,0,0,0,0.0,0.0,0,
139,2026-10-08T21:34:56.741474+00:00,139.025710377,sda4,1.022134186000585,4657152,0,116,0,0,0,0,0,0.0,0.0,0,
139,2026-10-08T21:34:56.741474+00:00,139.025710377,sda5,1.022134186000585,16782336,15458951168,977,26257,0,0,0,0,0.0,0.0,0,
140,2026-10-08T21:34:57.851849+00:00,140.1354341670003,loop0,1.1103750439997384,2109440,0,219,0,0,0,0,0,0.0,0.0,0,
140,2026-10-08T21:34:57.851849+00:00,140.1354341670003,loop1,1.1103750439997384,354304,0,43,0,0,0,0,0,0.0,0.0,0,
140,2026-10-08T21:34:57.851849+00:00,140.1354341670003,loop2,1.1103750439997384,1106944,0,51,0,0,0,0,0,0.0,0.0,0,
140,2026-10-08T21:34:57.851849+00:00,140.1354341670003,loop3,1.1103750439997384,1141760,0,66,0,0,0,0,0,0.0,0.0,0,
140,2026-10-08T21:34:57.851849+00:00,140.1354341670003,loop4,1.1103750439997384,374784,0,51,0,0,0,0,0,0.0,0.0,0,
140,2026-10-08T21:34:57.851849+00:00,140.1354341670003,loop5,1.1103750439997384,14336,0,11,0,0,0,0,0,0.0,0.0,0,
140,2026-10-08T21:34:57.851849+00:00,140.1354341670003,loop6,1.1103750439997384,0,0,0,0,0,0,0,0,0.0,0.0,0,
140,2026-10-08T21:34:57.851849+00:00,140.1354341670003,loop7,1.1103750439997384,0,0,0,0,0,0,0,0,0.0,0.0,0,
140,2026-10-08T21:34:57.851849+00:00,140.1354341670003,sr0,1.1103750439997384,1536,0,8,0,0,0,0,0,0.0,0.0,0,
140,2026-10-08T21:34:57.851849+00:00,140.1354341670003,sda,1.1103750439997384,315698688,15519866880,8097,35052,0,0,0,0,0.0,0.0,0,
140,2026-10-08T21:34:57.851849+00:00,140.1354341670003,sda1,1.1103750439997384,319488,0,78,0,0,0,0,0,0.0,0.0,0,
140,2026-10-08T21:34:57.851849+00:00,140.1354341670003,sda2,1.1103750439997384,285926400,60796928,6637,8770,0,0,0,0,0.0,0.0,0,
140,2026-10-08T21:34:57.851849+00:00,140.1354341670003,sda3,1.1103750439997384,5559296,118784,154,25,0,0,0,0,0.0,0.0,0,
140,2026-10-08T21:34:57.851849+00:00,140.1354341670003,sda4,1.1103750439997384,4657152,0,116,0,0,0,0,0,0.0,0.0,0,
140,2026-10-08T21:34:57.851849+00:00,140.1354341670003,sda5,1.1103750439997384,16782336,15458951168,977,26257,0,0,0,0,0.0,0.0,0,
141,2026-10-08T21:34:58.717454+00:00,141.0008722020002,loop0,0.8656044910003402,2109440,0,219,0,0,0,0,0,0.0,0.0,0,
141,2026-10-08T21:34:58.717454+00:00,141.0008722020002,loop1,0.8656044910003402,354304,0,43,0,0,0,0,0,0.0,0.0,0,
141,2026-10-08T21:34:58.717454+00:00,141.0008722020002,loop2,0.8656044910003402,1106944,0,51,0,0,0,0,0,0.0,0.0,0,
141,2026-10-08T21:34:58.717454+00:00,141.0008722020002,loop3,0.8656044910003402,1141760,0,66,0,0,0,0,0,0.0,0.0,0,
141,2026-10-08T21:34:58.717454+00:00,141.0008722020002,loop4,0.8656044910003402,374784,0,51,0,0,0,0,0,0.0,0.0,0,
141,2026-10-08T21:34:58.717454+00:00,141.0008722020002,loop5,0.8656044910003402,14336,0,11,0,0,0,0,0,0.0,0.0,0,
141,2026-10-08T21:34:58.717454+00:00,141.0008722020002,loop6,0.8656044910003402,0,0,0,0,0,0,0,0,0.0,0.0,0,
141,2026-10-08T21:34:58.717454+00:00,141.0008722020002,loop7,0.8656044910003402,0,0,0,0,0,0,0,0,0.0,0.0,0,
141,2026-10-08T21:34:58.717454+00:00,141.0008722020002,sr0,0.8656044910003402,1536,0,8,0,0,0,0,0,0.0,0.0,0,
141,2026-10-08T21:34:58.717454+00:00,141.0008722020002,sda,0.8656044910003402,315698688,15519928320,8097,35056,0,61440,0,4,0.0,70979.29902026796,8,
141,2026-10-08T21:34:58.717454+00:00,141.0008722020002,sda1,0.8656044910003402,319488,0,78,0,0,0,0,0,0.0,0.0,0,
141,2026-10-08T21:34:58.717454+00:00,141.0008722020002,sda2,0.8656044910003402,285926400,60858368,6637,8774,0,61440,0,4,0.0,70979.29902026796,8,
141,2026-10-08T21:34:58.717454+00:00,141.0008722020002,sda3,0.8656044910003402,5559296,118784,154,25,0,0,0,0,0.0,0.0,0,
141,2026-10-08T21:34:58.717454+00:00,141.0008722020002,sda4,0.8656044910003402,4657152,0,116,0,0,0,0,0,0.0,0.0,0,
141,2026-10-08T21:34:58.717454+00:00,141.0008722020002,sda5,0.8656044910003402,16782336,15458951168,977,26257,0,0,0,0,0.0,0.0,0,
142,2026-10-08T21:34:59.718545+00:00,142.00229295600002,loop0,1.0010909060001723,2109440,0,219,0,0,0,0,0,0.0,0.0,0,
142,2026-10-08T21:34:59.718545+00:00,142.00229295600002,loop1,1.0010909060001723,354304,0,43,0,0,0,0,0,0.0,0.0,0,
142,2026-10-08T21:34:59.718545+00:00,142.00229295600002,loop2,1.0010909060001723,1106944,0,51,0,0,0,0,0,0.0,0.0,0,
142,2026-10-08T21:34:59.718545+00:00,142.00229295600002,loop3,1.0010909060001723,1141760,0,66,0,0,0,0,0,0.0,0.0,0,
142,2026-10-08T21:34:59.718545+00:00,142.00229295600002,loop4,1.0010909060001723,374784,0,51,0,0,0,0,0,0.0,0.0,0,
142,2026-10-08T21:34:59.718545+00:00,142.00229295600002,loop5,1.0010909060001723,14336,0,11,0,0,0,0,0,0.0,0.0,0,
142,2026-10-08T21:34:59.718545+00:00,142.00229295600002,loop6,1.0010909060001723,0,0,0,0,0,0,0,0,0.0,0.0,0,
142,2026-10-08T21:34:59.718545+00:00,142.00229295600002,loop7,1.0010909060001723,0,0,0,0,0,0,0,0,0.0,0.0,0,
142,2026-10-08T21:34:59.718545+00:00,142.00229295600002,sr0,1.0010909060001723,1536,0,8,0,0,0,0,0,0.0,0.0,0,
142,2026-10-08T21:34:59.718545+00:00,142.00229295600002,sda,1.0010909060001723,315698688,15519928320,8097,35056,0,0,0,0,0.0,0.0,0,
142,2026-10-08T21:34:59.718545+00:00,142.00229295600002,sda1,1.0010909060001723,319488,0,78,0,0,0,0,0,0.0,0.0,0,
142,2026-10-08T21:34:59.718545+00:00,142.00229295600002,sda2,1.0010909060001723,285926400,60858368,6637,8774,0,0,0,0,0.0,0.0,0,
142,2026-10-08T21:34:59.718545+00:00,142.00229295600002,sda3,1.0010909060001723,5559296,118784,154,25,0,0,0,0,0.0,0.0,0,
142,2026-10-08T21:34:59.718545+00:00,142.00229295600002,sda4,1.0010909060001723,4657152,0,116,0,0,0,0,0,0.0,0.0,0,
142,2026-10-08T21:34:59.718545+00:00,142.00229295600002,sda5,1.0010909060001723,16782336,15458951168,977,26257,0,0,0,0,0.0,0.0,0,
143,2026-10-08T21:35:00.721653+00:00,143.00577706700005,loop0,1.0031083149997357,2109440,0,219,0,0,0,0,0,0.0,0.0,0,
143,2026-10-08T21:35:00.721653+00:00,143.00577706700005,loop1,1.0031083149997357,354304,0,43,0,0,0,0,0,0.0,0.0,0,
143,2026-10-08T21:35:00.721653+00:00,143.00577706700005,loop2,1.0031083149997357,1106944,0,51,0,0,0,0,0,0.0,0.0,0,
143,2026-10-08T21:35:00.721653+00:00,143.00577706700005,loop3,1.0031083149997357,1141760,0,66,0,0,0,0,0,0.0,0.0,0,
143,2026-10-08T21:35:00.721653+00:00,143.00577706700005,loop4,1.0031083149997357,374784,0,51,0,0,0,0,0,0.0,0.0,0,
143,2026-10-08T21:35:00.721653+00:00,143.00577706700005,loop5,1.0031083149997357,14336,0,11,0,0,0,0,0,0.0,0.0,0,
143,2026-10-08T21:35:00.721653+00:00,143.00577706700005,loop6,1.0031083149997357,0,0,0,0,0,0,0,0,0.0,0.0,0,
143,2026-10-08T21:35:00.721653+00:00,143.00577706700005,loop7,1.0031083149997357,0,0,0,0,0,0,0,0,0.0,0.0,0,
143,2026-10-08T21:35:00.721653+00:00,143.00577706700005,sr0,1.0031083149997357,1536,0,8,0,0,0,0,0,0.0,0.0,0,
143,2026-10-08T21:35:00.721653+00:00,143.00577706700005,sda,1.0031083149997357,315698688,15519940608,8097,35058,0,12288,0,2,0.0,12249.923379414153,4,
143,2026-10-08T21:35:00.721653+00:00,143.00577706700005,sda1,1.0031083149997357,319488,0,78,0,0,0,0,0,0.0,0.0,0,
143,2026-10-08T21:35:00.721653+00:00,143.00577706700005,sda2,1.0031083149997357,285926400,60858368,6637,8774,0,0,0,0,0.0,0.0,0,
143,2026-10-08T21:35:00.721653+00:00,143.00577706700005,sda3,1.0031083149997357,5559296,118784,154,25,0,0,0,0,0.0,0.0,0,
143,2026-10-08T21:35:00.721653+00:00,143.00577706700005,sda4,1.0031083149997357,4657152,0,116,0,0,0,0,0,0.0,0.0,0,
143,2026-10-08T21:35:00.721653+00:00,143.00577706700005,sda5,1.0031083149997357,16782336,15458963456,977,26259,0,12288,0,2,0.0,12249.923379414153,4,
144,2026-10-08T21:35:01.717522+00:00,144.00126895799986,loop0,0.9958685820001847,2109440,0,219,0,0,0,0,0,0.0,0.0,0,
144,2026-10-08T21:35:01.717522+00:00,144.00126895799986,loop1,0.9958685820001847,354304,0,43,0,0,0,0,0,0.0,0.0,0,
144,2026-10-08T21:35:01.717522+00:00,144.00126895799986,loop2,0.9958685820001847,1106944,0,51,0,0,0,0,0,0.0,0.0,0,
144,2026-10-08T21:35:01.717522+00:00,144.00126895799986,loop3,0.9958685820001847,1141760,0,66,0,0,0,0,0,0.0,0.0,0,
144,2026-10-08T21:35:01.717522+00:00,144.00126895799986,loop4,0.9958685820001847,374784,0,51,0,0,0,0,0,0.0,0.0,0,
144,2026-10-08T21:35:01.717522+00:00,144.00126895799986,loop5,0.9958685820001847,14336,0,11,0,0,0,0,0,0.0,0.0,0,
144,2026-10-08T21:35:01.717522+00:00,144.00126895799986,loop6,0.9958685820001847,0,0,0,0,0,0,0,0,0.0,0.0,0,
144,2026-10-08T21:35:01.717522+00:00,144.00126895799986,loop7,0.9958685820001847,0,0,0,0,0,0,0,0,0.0,0.0,0,
144,2026-10-08T21:35:01.717522+00:00,144.00126895799986,sr0,0.9958685820001847,1536,0,8,0,0,0,0,0,0.0,0.0,0,
144,2026-10-08T21:35:01.717522+00:00,144.00126895799986,sda,0.9958685820001847,315698688,15519940608,8097,35058,0,0,0,0,0.0,0.0,0,
144,2026-10-08T21:35:01.717522+00:00,144.00126895799986,sda1,0.9958685820001847,319488,0,78,0,0,0,0,0,0.0,0.0,0,
144,2026-10-08T21:35:01.717522+00:00,144.00126895799986,sda2,0.9958685820001847,285926400,60858368,6637,8774,0,0,0,0,0.0,0.0,0,
144,2026-10-08T21:35:01.717522+00:00,144.00126895799986,sda3,0.9958685820001847,5559296,118784,154,25,0,0,0,0,0.0,0.0,0,
144,2026-10-08T21:35:01.717522+00:00,144.00126895799986,sda4,0.9958685820001847,4657152,0,116,0,0,0,0,0,0.0,0.0,0,
144,2026-10-08T21:35:01.717522+00:00,144.00126895799986,sda5,0.9958685820001847,16782336,15458963456,977,26259,0,0,0,0,0.0,0.0,0,
145,2026-10-08T21:35:02.718780+00:00,145.00270669200017,loop0,1.0012583279994942,2109440,0,219,0,0,0,0,0,0.0,0.0,0,
145,2026-10-08T21:35:02.718780+00:00,145.00270669200017,loop1,1.0012583279994942,354304,0,43,0,0,0,0,0,0.0,0.0,0,
145,2026-10-08T21:35:02.718780+00:00,145.00270669200017,loop2,1.0012583279994942,1106944,0,51,0,0,0,0,0,0.0,0.0,0,
145,2026-10-08T21:35:02.718780+00:00,145.00270669200017,loop3,1.0012583279994942,1141760,0,66,0,0,0,0,0,0.0,0.0,0,
145,2026-10-08T21:35:02.718780+00:00,145.00270669200017,loop4,1.0012583279994942,374784,0,51,0,0,0,0,0,0.0,0.0,0,
145,2026-10-08T21:35:02.718780+00:00,145.00270669200017,loop5,1.0012583279994942,14336,0,11,0,0,0,0,0,0.0,0.0,0,
145,2026-10-08T21:35:02.718780+00:00,145.00270669200017,loop6,1.0012583279994942,0,0,0,0,0,0,0,0,0.0,0.0,0,
145,2026-10-08T21:35:02.718780+00:00,145.00270669200017,loop7,1.0012583279994942,0,0,0,0,0,0,0,0,0.0,0.0,0,
145,2026-10-08T21:35:02.718780+00:00,145.00270669200017,sr0,1.0012583279994942,1536,0,8,0,0,0,0,0,0.0,0.0,0,
145,2026-10-08T21:35:02.718780+00:00,145.00270669200017,sda,1.0012583279994942,315698688,15519940608,8097,35058,0,0,0,0,0.0,0.0,0,
145,2026-10-08T21:35:02.718780+00:00,145.00270669200017,sda1,1.0012583279994942,319488,0,78,0,0,0,0,0,0.0,0.0,0,
145,2026-10-08T21:35:02.718780+00:00,145.00270669200017,sda2,1.0012583279994942,285926400,60858368,6637,8774,0,0,0,0,0.0,0.0,0,
145,2026-10-08T21:35:02.718780+00:00,145.00270669200017,sda3,1.0012583279994942,5559296,118784,154,25,0,0,0,0,0.0,0.0,0,
145,2026-10-08T21:35:02.718780+00:00,145.00270669200017,sda4,1.0012583279994942,4657152,0,116,0,0,0,0,0,0.0,0.0,0,
145,2026-10-08T21:35:02.718780+00:00,145.00270669200017,sda5,1.0012583279994942,16782336,15458963456,977,26259,0,0,0,0,0.0,0.0,0,
146,2026-10-08T21:35:03.717308+00:00,146.00058743299996,loop0,0.9985284860003958,2109440,0,219,0,0,0,0,0,0.0,0.0,0,
146,2026-10-08T21:35:03.717308+00:00,146.00058743299996,loop1,0.9985284860003958,354304,0,43,0,0,0,0,0,0.0,0.0,0,
146,2026-10-08T21:35:03.717308+00:00,146.00058743299996,loop2,0.9985284860003958,1106944,0,51,0,0,0,0,0,0.0,0.0,0,
146,2026-10-08T21:35:03.717308+00:00,146.00058743299996,loop3,0.9985284860003958,1141760,0,66,0,0,0,0,0,0.0,0.0,0,
146,2026-10-08T21:35:03.717308+00:00,146.00058743299996,loop4,0.9985284860003958,374784,0,51,0,0,0,0,0,0.0,0.0,0,
146,2026-10-08T21:35:03.717308+00:00,146.00058743299996,loop5,0.9985284860003958,14336,0,11,0,0,0,0,0,0.0,0.0,0,
146,2026-10-08T21:35:03.717308+00:00,146.00058743299996,loop6,0.9985284860003958,0,0,0,0,0,0,0,0,0.0,0.0,0,
146,2026-10-08T21:35:03.717308+00:00,146.00058743299996,loop7,0.9985284860003958,0,0,0,0,0,0,0,0,0.0,0.0,0,
146,2026-10-08T21:35:03.717308+00:00,146.00058743299996,sr0,0.9985284860003958,1536,0,8,0,0,0,0,0,0.0,0.0,0,
146,2026-10-08T21:35:03.717308+00:00,146.00058743299996,sda,0.9985284860003958,315698688,15519940608,8097,35058,0,0,0,0,0.0,0.0,0,
146,2026-10-08T21:35:03.717308+00:00,146.00058743299996,sda1,0.9985284860003958,319488,0,78,0,0,0,0,0,0.0,0.0,0,
146,2026-10-08T21:35:03.717308+00:00,146.00058743299996,sda2,0.9985284860003958,285926400,60858368,6637,8774,0,0,0,0,0.0,0.0,0,
146,2026-10-08T21:35:03.717308+00:00,146.00058743299996,sda3,0.9985284860003958,5559296,118784,154,25,0,0,0,0,0.0,0.0,0,
146,2026-10-08T21:35:03.717308+00:00,146.00058743299996,sda4,0.9985284860003958,4657152,0,116,0,0,0,0,0,0.0,0.0,0,
146,2026-10-08T21:35:03.717308+00:00,146.00058743299996,sda5,0.9985284860003958,16782336,15458963456,977,26259,0,0,0,0,0.0,0.0,0,
147,2026-10-08T21:35:04.723091+00:00,147.00714205199984,loop0,1.0057830260002447,2109440,0,219,0,0,0,0,0,0.0,0.0,0,
147,2026-10-08T21:35:04.723091+00:00,147.00714205199984,loop1,1.0057830260002447,354304,0,43,0,0,0,0,0,0.0,0.0,0,
147,2026-10-08T21:35:04.723091+00:00,147.00714205199984,loop2,1.0057830260002447,1106944,0,51,0,0,0,0,0,0.0,0.0,0,
147,2026-10-08T21:35:04.723091+00:00,147.00714205199984,loop3,1.0057830260002447,1141760,0,66,0,0,0,0,0,0.0,0.0,0,
147,2026-10-08T21:35:04.723091+00:00,147.00714205199984,loop4,1.0057830260002447,374784,0,51,0,0,0,0,0,0.0,0.0,0,
147,2026-10-08T21:35:04.723091+00:00,147.00714205199984,loop5,1.0057830260002447,14336,0,11,0,0,0,0,0,0.0,0.0,0,
147,2026-10-08T21:35:04.723091+00:00,147.00714205199984,loop6,1.0057830260002447,0,0,0,0,0,0,0,0,0.0,0.0,0,
147,2026-10-08T21:35:04.723091+00:00,147.00714205199984,loop7,1.0057830260002447,0,0,0,0,0,0,0,0,0.0,0.0,0,
147,2026-10-08T21:35:04.723091+00:00,147.00714205199984,sr0,1.0057830260002447,1536,0,8,0,0,0,0,0,0.0,0.0,0,
147,2026-10-08T21:35:04.723091+00:00,147.00714205199984,sda,1.0057830260002447,315698688,15519981568,8097,35062,0,40960,0,4,0.0,40724.48921999409,12,
147,2026-10-08T21:35:04.723091+00:00,147.00714205199984,sda1,1.0057830260002447,319488,0,78,0,0,0,0,0,0.0,0.0,0,
147,2026-10-08T21:35:04.723091+00:00,147.00714205199984,sda2,1.0057830260002447,285926400,60899328,6637,8778,0,40960,0,4,0.0,40724.48921999409,12,
147,2026-10-08T21:35:04.723091+00:00,147.00714205199984,sda3,1.0057830260002447,5559296,118784,154,25,0,0,0,0,0.0,0.0,0,
147,2026-10-08T21:35:04.723091+00:00,147.00714205199984,sda4,1.0057830260002447,4657152,0,116,0,0,0,0,0,0.0,0.0,0,
147,2026-10-08T21:35:04.723091+00:00,147.00714205199984,sda5,1.0057830260002447,16782336,15458963456,977,26259,0,0,0,0,0.0,0.0,0,
148,2026-10-08T21:35:05.724068+00:00,148.00798485700034,loop0,1.000976183999228,2109440,0,219,0,0,0,0,0,0.0,0.0,0,
148,2026-10-08T21:35:05.724068+00:00,148.00798485700034,loop1,1.000976183999228,354304,0,43,0,0,0,0,0,0.0,0.0,0,
148,2026-10-08T21:35:05.724068+00:00,148.00798485700034,loop2,1.000976183999228,1106944,0,51,0,0,0,0,0,0.0,0.0,0,
148,2026-10-08T21:35:05.724068+00:00,148.00798485700034,loop3,1.000976183999228,1141760,0,66,0,0,0,0,0,0.0,0.0,0,
148,2026-10-08T21:35:05.724068+00:00,148.00798485700034,loop4,1.000976183999228,374784,0,51,0,0,0,0,0,0.0,0.0,0,
148,2026-10-08T21:35:05.724068+00:00,148.00798485700034,loop5,1.000976183999228,14336,0,11,0,0,0,0,0,0.0,0.0,0,
148,2026-10-08T21:35:05.724068+00:00,148.00798485700034,loop6,1.000976183999228,0,0,0,0,0,0,0,0,0.0,0.0,0,
148,2026-10-08T21:35:05.724068+00:00,148.00798485700034,loop7,1.000976183999228,0,0,0,0,0,0,0,0,0.0,0.0,0,
148,2026-10-08T21:35:05.724068+00:00,148.00798485700034,sr0,1.000976183999228,1536,0,8,0,0,0,0,0,0.0,0.0,0,
148,2026-10-08T21:35:05.724068+00:00,148.00798485700034,sda,1.000976183999228,315698688,15519981568,8097,35062,0,0,0,0,0.0,0.0,0,
148,2026-10-08T21:35:05.724068+00:00,148.00798485700034,sda1,1.000976183999228,319488,0,78,0,0,0,0,0,0.0,0.0,0,
148,2026-10-08T21:35:05.724068+00:00,148.00798485700034,sda2,1.000976183999228,285926400,60899328,6637,8778,0,0,0,0,0.0,0.0,0,
148,2026-10-08T21:35:05.724068+00:00,148.00798485700034,sda3,1.000976183999228,5559296,118784,154,25,0,0,0,0,0.0,0.0,0,
148,2026-10-08T21:35:05.724068+00:00,148.00798485700034,sda4,1.000976183999228,4657152,0,116,0,0,0,0,0,0.0,0.0,0,
148,2026-10-08T21:35:05.724068+00:00,148.00798485700034,sda5,1.000976183999228,16782336,15458963456,977,26259,0,0,0,0,0.0,0.0,0,
149,2026-10-08T21:35:06.726094+00:00,149.0100351709998,loop0,1.0020267660001991,2109440,0,219,0,0,0,0,0,0.0,0.0,0,
149,2026-10-08T21:35:06.726094+00:00,149.0100351709998,loop1,1.0020267660001991,354304,0,43,0,0,0,0,0,0.0,0.0,0,
149,2026-10-08T21:35:06.726094+00:00,149.0100351709998,loop2,1.0020267660001991,1106944,0,51,0,0,0,0,0,0.0,0.0,0,
149,2026-10-08T21:35:06.726094+00:00,149.0100351709998,loop3,1.0020267660001991,1141760,0,66,0,0,0,0,0,0.0,0.0,0,
149,2026-10-08T21:35:06.726094+00:00,149.0100351709998,loop4,1.0020267660001991,374784,0,51,0,0,0,0,0,0.0,0.0,0,
149,2026-10-08T21:35:06.726094+00:00,149.0100351709998,loop5,1.0020267660001991,14336,0,11,0,0,0,0,0,0.0,0.0,0,
149,2026-10-08T21:35:06.726094+00:00,149.0100351709998,loop6,1.0020267660001991,0,0,0,0,0,0,0,0,0.0,0.0,0,
149,2026-10-08T21:35:06.726094+00:00,149.0100351709998,loop7,1.0020267660001991,0,0,0,0,0,0,0,0,0.0,0.0,0,
149,2026-10-08T21:35:06.726094+00:00,149.0100351709998,sr0,1.0020267660001991,1536,0,8,0,0,0,0,0,0.0,0.0,0,
149,2026-10-08T21:35:06.726094+00:00,149.0100351709998,sda,1.0020267660001991,315698688,15519993856,8097,35064,0,12288,0,2,0.0,12263.145473698412,4,
149,2026-10-08T21:35:06.726094+00:00,149.0100351709998,sda1,1.0020267660001991,319488,0,78,0,0,0,0,0,0.0,0.0,0,
149,2026-10-08T21:35:06.726094+00:00,149.0100351709998,sda2,1.0020267660001991,285926400,60899328,6637,8778,0,0,0,0,0.0,0.0,0,
149,2026-10-08T21:35:06.726094+00:00,149.0100351709998,sda3,1.0020267660001991,5559296,118784,154,25,0,0,0,0,0.0,0.0,0,
149,2026-10-08T21:35:06.726094+00:00,149.0100351709998,sda4,1.0020267660001991,4657152,0,116,0,0,0,0,0,0.0,0.0,0,
149,2026-10-08T21:35:06.726094+00:00,149.0100351709998,sda5,1.0020267660001991,16782336,15458975744,977,26261,0,12288,0,2,0.0,12263.145473698412,4,
150,2026-10-08T21:35:07.717083+00:00,150.00072206999994,loop0,0.9909887889998572,2109440,0,219,0,0,0,0,0,0.0,0.0,0,
150,2026-10-08T21:35:07.717083+00:00,150.00072206999994,loop1,0.9909887889998572,354304,0,43,0,0,0,0,0,0.0,0.0,0,
150,2026-10-08T21:35:07.717083+00:00,150.00072206999994,loop2,0.9909887889998572,1106944,0,51,0,0,0,0,0,0.0,0.0,0,
150,2026-10-08T21:35:07.717083+00:00,150.00072206999994,loop3,0.9909887889998572,1141760,0,66,0,0,0,0,0,0.0,0.0,0,
150,2026-10-08T21:35:07.717083+00:00,150.00072206999994,loop4,0.9909887889998572,374784,0,51,0,0,0,0,0,0.0,0.0,0,
150,2026-10-08T21:35:07.717083+00:00,150.00072206999994,loop5,0.9909887889998572,14336,0,11,0,0,0,0,0,0.0,0.0,0,
150,2026-10-08T21:35:07.717083+00:00,150.00072206999994,loop6,0.9909887889998572,0,0,0,0,0,0,0,0,0.0,0.0,0,
150,2026-10-08T21:35:07.717083+00:00,150.00072206999994,loop7,0.9909887889998572,0,0,0,0,0,0,0,0,0.0,0.0,0,
150,2026-10-08T21:35:07.717083+00:00,150.00072206999994,sr0,0.9909887889998572,1536,0,8,0,0,0,0,0,0.0,0.0,0,
150,2026-10-08T21:35:07.717083+00:00,150.00072206999994,sda,0.9909887889998572,315698688,15519993856,8097,35064,0,0,0,0,0.0,0.0,0,
150,2026-10-08T21:35:07.717083+00:00,150.00072206999994,sda1,0.9909887889998572,319488,0,78,0,0,0,0,0,0.0,0.0,0,
150,2026-10-08T21:35:07.717083+00:00,150.00072206999994,sda2,0.9909887889998572,285926400,60899328,6637,8778,0,0,0,0,0.0,0.0,0,
150,2026-10-08T21:35:07.717083+00:00,150.00072206999994,sda3,0.9909887889998572,5559296,118784,154,25,0,0,0,0,0.0,0.0,0,
150,2026-10-08T21:35:07.717083+00:00,150.00072206999994,sda4,0.9909887889998572,4657152,0,116,0,0,0,0,0,0.0,0.0,0,
150,2026-10-08T21:35:07.717083+00:00,150.00072206999994,sda5,0.9909887889998572,16782336,15458975744,977,26261,0,0,0,0,0.0,0.0,0,
151,2026-10-08T21:35:08.719465+00:00,151.0036370530006,loop0,1.0023821300001146,2109440,0,219,0,0,0,0,0,0.0,0.0,0,
151,2026-10-08T21:35:08.719465+00:00,151.0036370530006,loop1,1.0023821300001146,354304,0,43,0,0,0,0,0,0.0,0.0,0,
151,2026-10-08T21:35:08.719465+00:00,151.0036370530006,loop2,1.0023821300001146,1106944,0,51,0,0,0,0,0,0.0,0.0,0,
151,2026-10-08T21:35:08.719465+00:00,151.0036370530006,loop3,1.0023821300001146,1141760,0,66,0,0,0,0,0,0.0,0.0,0,
151,2026-10-08T21:35:08.719465+00:00,151.0036370530006,loop4,1.0023821300001146,374784,0,51,0,0,0,0,0,0.0,0.0,0,
151,2026-10-08T21:35:08.719465+00:00,151.0036370530006,loop5,1.0023821300001146,14336,0,11,0,0,0,0,0,0.0,0.0,0,
151,2026-10-08T21:35:08.719465+00:00,151.0036370530006,loop6,1.0023821300001146,0,0,0,0,0,0,0,0,0.0,0.0,0,
151,2026-10-08T21:35:08.719465+00:00,151.0036370530006,loop7,1.0023821300001146,0,0,0,0,0,0,0,0,0.0,0.0,0,
151,2026-10-08T21:35:08.719465+00:00,151.0036370530006,sr0,1.0023821300001146,1536,0,8,0,0,0,0,0,0.0,0.0,0,
151,2026-10-08T21:35:08.719465+00:00,151.0036370530006,sda,1.0023821300001146,315698688,15519993856,8097,35064,0,0,0,0,0.0,0.0,0,
151,2026-10-08T21:35:08.719465+00:00,151.0036370530006,sda1,1.0023821300001146,319488,0,78,0,0,0,0,0,0.0,0.0,0,
151,2026-10-08T21:35:08.719465+00:00,151.0036370530006,sda2,1.0023821300001146,285926400,60899328,6637,8778,0,0,0,0,0.0,0.0,0,
151,2026-10-08T21:35:08.719465+00:00,151.0036370530006,sda3,1.0023821300001146,5559296,118784,154,25,0,0,0,0,0.0,0.0,0,
151,2026-10-08T21:35:08.719465+00:00,151.0036370530006,sda4,1.0023821300001146,4657152,0,116,0,0,0,0,0,0.0,0.0,0,
151,2026-10-08T21:35:08.719465+00:00,151.0036370530006,sda5,1.0023821300001146,16782336,15458975744,977,26261,0,0,0,0,0.0,0.0,0,
152,2026-10-08T21:35:09.739092+00:00,152.02314970600037,loop0,1.0196265430004132,2109440,0,219,0,0,0,0,0,0.0,0.0,0,
152,2026-10-08T21:35:09.739092+00:00,152.02314970600037,loop1,1.0196265430004132,354304,0,43,0,0,0,0,0,0.0,0.0,0,
152,2026-10-08T21:35:09.739092+00:00,152.02314970600037,loop2,1.0196265430004132,1106944,0,51,0,0,0,0,0,0.0,0.0,0,
152,2026-10-08T21:35:09.739092+00:00,152.02314970600037,loop3,1.0196265430004132,1141760,0,66,0,0,0,0,0,0.0,0.0,0,
152,2026-10-08T21:35:09.739092+00:00,152.02314970600037,loop4,1.0196265430004132,374784,0,51,0,0,0,0,0,0.0,0.0,0,
152,2026-10-08T21:35:09.739092+00:00,152.02314970600037,loop5,1.0196265430004132,14336,0,11,0,0,0,0,0,0.0,0.0,0,
152,2026-10-08T21:35:09.739092+00:00,152.02314970600037,loop6,1.0196265430004132,0,0,0,0,0,0,0,0,0.0,0.0,0,
152,2026-10-08T21:35:09.739092+00:00,152.02314970600037,loop7,1.0196265430004132,0,0,0,0,0,0,0,0,0.0,0.0,0,
152,2026-10-08T21:35:09.739092+00:00,152.02314970600037,sr0,1.0196265430004132,1536,0,8,0,0,0,0,0,0.0,0.0,0,
152,2026-10-08T21:35:09.739092+00:00,152.02314970600037,sda,1.0196265430004132,315698688,15520043008,8097,35068,0,49152,0,4,0.0,48205.885122765074,8,
152,2026-10-08T21:35:09.739092+00:00,152.02314970600037,sda1,1.0196265430004132,319488,0,78,0,0,0,0,0,0.0,0.0,0,
152,2026-10-08T21:35:09.739092+00:00,152.02314970600037,sda2,1.0196265430004132,285926400,60948480,6637,8782,0,49152,0,4,0.0,48205.885122765074,8,
152,2026-10-08T21:35:09.739092+00:00,152.02314970600037,sda3,1.0196265430004132,5559296,118784,154,25,0,0,0,0,0.0,0.0,0,
152,2026-10-08T21:35:09.739092+00:00,152.02314970600037,sda4,1.0196265430004132,4657152,0,116,0,0,0,0,0,0.0,0.0,0,
152,2026-10-08T21:35:09.739092+00:00,152.02314970600037,sda5,1.0196265430004132,16782336,15458975744,977,26261,0,0,0,0,0.0,0.0,0,
153,2026-10-08T21:35:10.717566+00:00,153.0010261920006,loop0,0.9784742379997624,2109440,0,219,0,0,0,0,0,0.0,0.0,0,
153,2026-10-08T21:35:10.717566+00:00,153.0010261920006,loop1,0.9784742379997624,354304,0,43,0,0,0,0,0,0.0,0.0,0,
153,2026-10-08T21:35:10.717566+00:00,153.0010261920006,loop2,0.9784742379997624,1106944,0,51,0,0,0,0,0,0.0,0.0,0,
153,2026-10-08T21:35:10.717566+00:00,153.0010261920006,loop3,0.9784742379997624,1141760,0,66,0,0,0,0,0,0.0,0.0,0,
153,2026-10-08T21:35:10.717566+00:00,153.0010261920006,loop4,0.9784742379997624,374784,0,51,0,0,0,0,0,0.0,0.0,0,
153,2026-10-08T21:35:10.717566+00:00,153.0010261920006,loop5,0.9784742379997624,14336,0,11,0,0,0,0,0,0.0,0.0,0,
153,2026-10-08T21:35:10.717566+00:00,153.0010261920006,loop6,0.9784742379997624,0,0,0,0,0,0,0,0,0.0,0.0,0,
153,2026-10-08T21:35:10.717566+00:00,153.0010261920006,loop7,0.9784742379997624,0,0,0,0,0,0,0,0,0.0,0.0,0,
153,2026-10-08T21:35:10.717566+00:00,153.0010261920006,sr0,0.9784742379997624,1536,0,8,0,0,0,0,0,0.0,0.0,0,
153,2026-10-08T21:35:10.717566+00:00,153.0010261920006,sda,0.9784742379997624,315698688,15520198656,8097,35074,0,155648,0,6,0.0,159072.14922508548,4,
153,2026-10-08T21:35:10.717566+00:00,153.0010261920006,sda1,0.9784742379997624,319488,0,78,0,0,0,0,0,0.0,0.0,0,
153,2026-10-08T21:35:10.717566+00:00,153.0010261920006,sda2,0.9784742379997624,285926400,60948480,6637,8782,0,0,0,0,0.0,0.0,0,
153,2026-10-08T21:35:10.717566+00:00,153.0010261920006,sda3,0.9784742379997624,5559296,118784,154,25,0,0,0,0,0.0,0.0,0,
153,2026-10-08T21:35:10.717566+00:00,153.0010261920006,sda4,0.9784742379997624,4657152,0,116,0,0,0,0,0,0.0,0.0,0,
153,2026-10-08T21:35:10.717566+00:00,153.0010261920006,sda5,0.9784742379997624,16782336,15459131392,977,26267,0,155648,0,6,0.0,159072.14922508548,4,
154,2026-10-08T21:35:11.717556+00:00,154.00123238600008,loop0,0.9999898830001257,2109440,0,219,0,0,0,0,0,0.0,0.0,0,
154,2026-10-08T21:35:11.717556+00:00,154.00123238600008,loop1,0.9999898830001257,354304,0,43,0,0,0,0,0,0.0,0.0,0,
154,2026-10-08T21:35:11.717556+00:00,154.00123238600008,loop2,0.9999898830001257,1106944,0,51,0,0,0,0,0,0.0,0.0,0,
154,2026-10-08T21:35:11.717556+00:00,154.00123238600008,loop3,0.9999898830001257,1141760,0,66,0,0,0,0,0,0.0,0.0,0,
154,2026-10-08T21:35:11.717556+00:00,154.00123238600008,loop4,0.9999898830001257,374784,0,51,0,0,0,0,0,0.0,0.0,0,
154,2026-10-08T21:35:11.717556+00:00,154.00123238600008,loop5,0.9999898830001257,14336,0,11,0,0,0,0,0,0.0,0.0,0,
154,2026-10-08T21:35:11.717556+00:00,154.00123238600008,loop6,0.9999898830001257,0,0,0,0,0,0,0,0,0.0,0.0,0,
154,2026-10-08T21:35:11.717556+00:00,154.00123238600008,loop7,0.9999898830001257,0,0,0,0,0,0,0,0,0.0,0.0,0,
154,2026-10-08T21:35:11.717556+00:00,154.00123238600008,sr0,0.9999898830001257,1536,0,8,0,0,0,0,0,0.0,0.0,0,
154,2026-10-08T21:35:11.717556+00:00,154.00123238600008,sda,0.9999898830001257,315698688,15520243712,8097,35076,0,45056,0,2,0.0,45056.45583615803,8,
154,2026-10-08T21:35:11.717556+00:00,154.00123238600008,sda1,0.9999898830001257,319488,0,78,0,0,0,0,0,0.0,0.0,0,
154,2026-10-08T21:35:11.717556+00:00,154.00123238600008,sda2,0.9999898830001257,285926400,60948480,6637,8782,0,0,0,0,0.0,0.0,0,
154,2026-10-08T21:35:11.717556+00:00,154.00123238600008,sda3,0.9999898830001257,5559296,118784,154,25,0,0,0,0,0.0,0.0,0,
154,2026-10-08T21:35:11.717556+00:00,154.00123238600008,sda4,0.9999898830001257,4657152,0,116,0,0,0,0,0,0.0,0.0,0,
154,2026-10-08T21:35:11.717556+00:00,154.00123238600008,sda5,0.9999898830001257,16782336,15459176448,977,26269,0,45056,0,2,0.0,45056.45583615803,8,
155,2026-10-08T21:35:12.718399+00:00,155.00143542500064,loop0,1.0008427410002696,2109440,0,219,0,0,0,0,0,0.0,0.0,0,
155,2026-10-08T21:35:12.718399+00:00,155.00143542500064,loop1,1.0008427410002696,354304,0,43,0,0,0,0,0,0.0,0.0,0,
155,2026-10-08T21:35:12.718399+00:00,155.00143542500064,loop2,1.0008427410002696,1106944,0,51,0,0,0,0,0,0.0,0.0,0,
155,2026-10-08T21:35:12.718399+00:00,155.00143542500064,loop3,1.0008427410002696,1141760,0,66,0,0,0,0,0,0.0,0.0,0,
155,2026-10-08T21:35:12.718399+00:00,155.00143542500064,loop4,1.0008427410002696,374784,0,51,0,0,0,0,0,0.0,0.0,0,
155,2026-10-08T21:35:12.718399+00:00,155.00143542500064,loop5,1.0008427410002696,14336,0,11,0,0,0,0,0,0.0,0.0,0,
155,2026-10-08T21:35:12.718399+00:00,155.00143542500064,loop6,1.0008427410002696,0,0,0,0,0,0,0,0,0.0,0.0,0,
155,2026-10-08T21:35:12.718399+00:00,155.00143542500064,loop7,1.0008427410002696,0,0,0,0,0,0,0,0,0.0,0.0,0,
155,2026-10-08T21:35:12.718399+00:00,155.00143542500064,sr0,1.0008427410002696,1536,0,8,0,0,0,0,0,0.0,0.0,0,
155,2026-10-08T21:35:12.718399+00:00,155.00143542500064,sda,1.0008427410002696,315698688,15520243712,8097,35076,0,0,0,0,0.0,0.0,0,
155,2026-10-08T21:35:12.718399+00:00,155.00143542500064,sda1,1.0008427410002696,319488,0,78,0,0,0,0,0,0.0,0.0,0,
155,2026-10-08T21:35:12.718399+00:00,155.00143542500064,sda2,1.0008427410002696,285926400,60948480,6637,8782,0,0,0,0,0.0,0.0,0,
155,2026-10-08T21:35:12.718399+00:00,155.00143542500064,sda3,1.0008427410002696,5559296,118784,154,25,0,0,0,0,0.0,0.0,0,
155,2026-10-08T21:35:12.718399+00:00,155.00143542500064,sda4,1.0008427410002696,4657152,0,116,0,0,0,0,0,0.0,0.0,0,
155,2026-10-08T21:35:12.718399+00:00,155.00143542500064,sda5,1.0008427410002696,16782336,15459176448,977,26269,0,0,0,0,0.0,0.0,0,
156,2026-10-08T21:35:13.728703+00:00,156.01249078900037,loop0,1.0103044219995354,2109440,0,219,0,0,0,0,0,0.0,0.0,0,
156,2026-10-08T21:35:13.728703+00:00,156.01249078900037,loop1,1.0103044219995354,354304,0,43,0,0,0,0,0,0.0,0.0,0,
156,2026-10-08T21:35:13.728703+00:00,156.01249078900037,loop2,1.0103044219995354,1106944,0,51,0,0,0,0,0,0.0,0.0,0,
156,2026-10-08T21:35:13.728703+00:00,156.01249078900037,loop3,1.0103044219995354,1141760,0,66,0,0,0,0,0,0.0,0.0,0,
156,2026-10-08T21:35:13.728703+00:00,156.01249078900037,loop4,1.0103044219995354,374784,0,51,0,0,0,0,0,0.0,0.0,0,
156,2026-10-08T21:35:13.728703+00:00,156.01249078900037,loop5,1.0103044219995354,14336,0,11,0,0,0,0,0,0.0,0.0,0,
156,2026-10-08T21:35:13.728703+00:00,156.01249078900037,loop6,1.0103044219995354,0,0,0,0,0,0,0,0,0.0,0.0,0,
156,2026-10-08T21:35:13.728703+00:00,156.01249078900037,loop7,1.0103044219995354,0,0,0,0,0,0,0,0,0.0,0.0,0,
156,2026-10-08T21:35:13.728703+00:00,156.01249078900037,sr0,1.0103044219995354,1536,0,8,0,0,0,0,0,0.0,0.0,0,
156,2026-10-08T21:35:13.728703+00:00,156.01249078900037,sda,1.0103044219995354,315698688,15520247808,8097,35077,0,4096,0,1,0.0,4054.223569459823,4,
156,2026-10-08T21:35:13.728703+00:00,156.01249078900037,sda1,1.0103044219995354,319488,0,78,0,0,0,0,0,0.0,0.0,0,
156,2026-10-08T21:35:13.728703+00:00,156.01249078900037,sda2,1.0103044219995354,285926400,60952576,6637,8783,0,4096,0,1,0.0,4054.223569459823,4,
156,2026-10-08T21:35:13.728703+00:00,156.01249078900037,sda3,1.0103044219995354,5559296,118784,154,25,0,0,0,0,0.0,0.0,0,
156,2026-10-08T21:35:13.728703+00:00,156.01249078900037,sda4,1.0103044219995354,4657152,0,116,0,0,0,0,0,0.0,0.0,0,
156,2026-10-08T21:35:13.728703+00:00,156.01249078900037,sda5,1.0103044219995354,16782336,15459176448,977,26269,0,0,0,0,0.0,0.0,0,
157,2026-10-08T21:35:14.716896+00:00,157.00069965400053,loop0,0.9881925839999894,2109440,0,219,0,0,0,0,0,0.0,0.0,0,
157,2026-10-08T21:35:14.716896+00:00,157.00069965400053,loop1,0.9881925839999894,354304,0,43,0,0,0,0,0,0.0,0.0,0,
157,2026-10-08T21:35:14.716896+00:00,157.00069965400053,loop2,0.9881925839999894,1106944,0,51,0,0,0,0,0,0.0,0.0,0,
157,2026-10-08T21:35:14.716896+00:00,157.00069965400053,loop3,0.9881925839999894,1141760,0,66,0,0,0,0,0,0.0,0.0,0,
157,2026-10-08T21:35:14.716896+00:00,157.00069965400053,loop4,0.9881925839999894,374784,0,51,0,0,0,0,0,0.0,0.0,0,
157,2026-10-08T21:35:14.716896+00:00,157.00069965400053,loop5,0.9881925839999894,14336,0,11,0,0,0,0,0,0.0,0.0,0,
157,2026-10-08T21:35:14.716896+00:00,157.00069965400053,loop6,0.9881925839999894,0,0,0,0,0,0,0,0,0.0,0.0,0,
157,2026-10-08T21:35:14.716896+00:00,157.00069965400053,loop7,0.9881925839999894,0,0,0,0,0,0,0,0,0.0,0.0,0,
157,2026-10-08T21:35:14.716896+00:00,157.00069965400053,sr0,0.9881925839999894,1536,0,8,0,0,0,0,0,0.0,0.0,0,
157,2026-10-08T21:35:14.716896+00:00,157.00069965400053,sda,0.9881925839999894,315698688,15520296960,8097,35079,0,49152,0,2,0.0,49739.2925183099,8,
157,2026-10-08T21:35:14.716896+00:00,157.00069965400053,sda1,0.9881925839999894,319488,0,78,0,0,0,0,0,0.0,0.0,0,
157,2026-10-08T21:35:14.716896+00:00,157.00069965400053,sda2,0.9881925839999894,285926400,61001728,6637,8785,0,49152,0,2,0.0,49739.2925183099,8,
157,2026-10-08T21:35:14.716896+00:00,157.00069965400053,sda3,0.9881925839999894,5559296,118784,154,25,0,0,0,0,0.0,0.0,0,
157,2026-10-08T21:35:14.716896+00:00,157.00069965400053,sda4,0.9881925839999894,4657152,0,116,0,0,0,0,0,0.0,0.0,0,
157,2026-10-08T21:35:14.716896+00:00,157.00069965400053,sda5,0.9881925839999894,16782336,15459176448,977,26269,0,0,0,0,0.0,0.0,0,
158,2026-10-08T21:35:15.716870+00:00,158.00041465200047,loop0,0.9999742130003142,2109440,0,219,0,0,0,0,0,0.0,0.0,0,
158,2026-10-08T21:35:15.716870+00:00,158.00041465200047,loop1,0.9999742130003142,354304,0,43,0,0,0,0,0,0.0,0.0,0,
158,2026-10-08T21:35:15.716870+00:00,158.00041465200047,loop2,0.9999742130003142,1106944,0,51,0,0,0,0,0,0.0,0.0,0,
158,2026-10-08T21:35:15.716870+00:00,158.00041465200047,loop3,0.9999742130003142,1141760,0,66,0,0,0,0,0,0.0,0.0,0,
158,2026-10-08T21:35:15.716870+00:00,158.00041465200047,loop4,0.9999742130003142,374784,0,51,0,0,0,0,0,0.0,0.0,0,
158,2026-10-08T21:35:15.716870+00:00,158.00041465200047,loop5,0.9999742130003142,14336,0,11,0,0,0,0,0,0.0,0.0,0,
158,2026-10-08T21:35:15.716870+00:00,158.00041465200047,loop6,0.9999742130003142,0,0,0,0,0,0,0,0,0.0,0.0,0,
158,2026-10-08T21:35:15.716870+00:00,158.00041465200047,loop7,0.9999742130003142,0,0,0,0,0,0,0,0,0.0,0.0,0,
158,2026-10-08T21:35:15.716870+00:00,158.00041465200047,sr0,0.9999742130003142,1536,0,8,0,0,0,0,0,0.0,0.0,0,
158,2026-10-08T21:35:15.716870+00:00,158.00041465200047,sda,0.9999742130003142,315698688,15520337920,8097,35086,0,40960,0,7,0.0,40961.056262744976,8,
158,2026-10-08T21:35:15.716870+00:00,158.00041465200047,sda1,0.9999742130003142,319488,0,78,0,0,0,0,0,0.0,0.0,0,
158,2026-10-08T21:35:15.716870+00:00,158.00041465200047,sda2,0.9999742130003142,285926400,61009920,6637,8787,0,8192,0,2,0.0,8192.211252548996,4,
158,2026-10-08T21:35:15.716870+00:00,158.00041465200047,sda3,0.9999742130003142,5559296,118784,154,25,0,0,0,0,0.0,0.0,0,
158,2026-10-08T21:35:15.716870+00:00,158.00041465200047,sda4,0.9999742130003142,4657152,0,116,0,0,0,0,0,0.0,0.0,0,
158,2026-10-08T21:35:15.716870+00:00,158.00041465200047,sda5,0.9999742130003142,16782336,15459209216,977,26274,0,32768,0,5,0.0,32768.84501019598,8,
159,2026-10-08T21:35:16.717665+00:00,159.00174859600065,loop0,1.0007948359998409,2109440,0,219,0,0,0,0,0,0.0,0.0,0,
159,2026-10-08T21:35:16.717665+00:00,159.00174859600065,loop1,1.0007948359998409,354304,0,43,0,0,0,0,0,0.0,0.0,0,
159,2026-10-08T21:35:16.717665+00:00,159.00174859600065,loop2,1.0007948359998409,1106944,0,51,0,0,0,0,0,0.0,0.0,0,
159,2026-10-08T21:35:16.717665+00:00,159.00174859600065,loop3,1.0007948359998409,1141760,0,66,0,0,0,0,0,0.0,0.0,0,
159,2026-10-08T21:35:16.717665+00:00,159.00174859600065,loop4,1.0007948359998409,374784,0,51,0,0,0,0,0,0.0,0.0,0,
159,2026-10-08T21:35:16.717665+00:00,159.00174859600065,loop5,1.0007948359998409,14336,0,11,0,0,0,0,0,0.0,0.0,0,
159,2026-10-08T21:35:16.717665+00:00,159.00174859600065,loop6,1.0007948359998409,0,0,0,0,0,0,0,0,0.0,0.0,0,
159,2026-10-08T21:35:16.717665+00:00,159.00174859600065,loop7,1.0007948359998409,0,0,0,0,0,0,0,0,0.0,0.0,0,
159,2026-10-08T21:35:16.717665+00:00,159.00174859600065,sr0,1.0007948359998409,1536,0,8,0,0,0,0,0,0.0,0.0,0,
159,2026-10-08T21:35:16.717665+00:00,159.00174859600065,sda,1.0007948359998409,315698688,15520337920,8097,35086,0,0,0,0,0.0,0.0,0,
159,2026-10-08T21:35:16.717665+00:00,159.00174859600065,sda1,1.0007948359998409,319488,0,78,0,0,0,0,0,0.0,0.0,0,
159,2026-10-08T21:35:16.717665+00:00,159.00174859600065,sda2,1.0007948359998409,285926400,61009920,6637,8787,0,0,0,0,0.0,0.0,0,
159,2026-10-08T21:35:16.717665+00:00,159.00174859600065,sda3,1.0007948359998409,5559296,118784,154,25,0,0,0,0,0.0,0.0,0,
159,2026-10-08T21:35:16.717665+00:00,159.00174859600065,sda4,1.0007948359998409,4657152,0,116,0,0,0,0,0,0.0,0.0,0,
159,2026-10-08T21:35:16.717665+00:00,159.00174859600065,sda5,1.0007948359998409,16782336,15459209216,977,26274,0,0,0,0,0.0,0.0,0,
160,2026-10-08T21:35:17.821898+00:00,160.10570815700066,loop0,1.104233000000022,2109440,0,219,0,0,0,0,0,0.0,0.0,0,
160,2026-10-08T21:35:17.821898+00:00,160.10570815700066,loop1,1.104233000000022,354304,0,43,0,0,0,0,0,0.0,0.0,0,
160,2026-10-08T21:35:17.821898+00:00,160.10570815700066,loop2,1.104233000000022,1106944,0,51,0,0,0,0,0,0.0,0.0,0,
160,2026-10-08T21:35:17.821898+00:00,160.10570815700066,loop3,1.104233000000022,1141760,0,66,0,0,0,0,0,0.0,0.0,0,
160,2026-10-08T21:35:17.821898+00:00,160.10570815700066,loop4,1.104233000000022,374784,0,51,0,0,0,0,0,0.0,0.0,0,
160,2026-10-08T21:35:17.821898+00:00,160.10570815700066,loop5,1.104233000000022,14336,0,11,0,0,0,0,0,0.0,0.0,0,
160,2026-10-08T21:35:17.821898+00:00,160.10570815700066,loop6,1.104233000000022,0,0,0,0,0,0,0,0,0.0,0.0,0,
160,2026-10-08T21:35:17.821898+00:00,160.10570815700066,loop7,1.104233000000022,0,0,0,0,0,0,0,0,0.0,0.0,0,
160,2026-10-08T21:35:17.821898+00:00,160.10570815700066,sr0,1.104233000000022,1536,0,8,0,0,0,0,0,0.0,0.0,0,
160,2026-10-08T21:35:17.821898+00:00,160.10570815700066,sda,1.104233000000022,315698688,15520350208,8097,35088,0,12288,0,2,0.0,11128.086191953831,12,
160,2026-10-08T21:35:17.821898+00:00,160.10570815700066,sda1,1.104233000000022,319488,0,78,0,0,0,0,0,0.0,0.0,0,
160,2026-10-08T21:35:17.821898+00:00,160.10570815700066,sda2,1.104233000000022,285926400,61009920,6637,8787,0,0,0,0,0.0,0.0,0,
160,2026-10-08T21:35:17.821898+00:00,160.10570815700066,sda3,1.104233000000022,5559296,118784,154,25,0,0,0,0,0.0,0.0,0,
160,2026-10-08T21:35:17.821898+00:00,160.10570815700066,sda4,1.104233000000022,4657152,0,116,0,0,0,0,0,0.0,0.0,0,
160,2026-10-08T21:35:17.821898+00:00,160.10570815700066,sda5,1.104233000000022,16782336,15459221504,977,26276,0,12288,0,2,0.0,11128.086191953831,12,
161,2026-10-08T21:35:18.730304+00:00,161.0141841270006,loop0,0.9084063469999819,2109440,0,219,0,0,0,0,0,0.0,0.0,0,
161,2026-10-08T21:35:18.730304+00:00,161.0141841270006,loop1,0.9084063469999819,354304,0,43,0,0,0,0,0,0.0,0.0,0,
161,2026-10-08T21:35:18.730304+00:00,161.0141841270006,loop2,0.9084063469999819,1106944,0,51,0,0,0,0,0,0.0,0.0,0,
161,2026-10-08T21:35:18.730304+00:00,161.0141841270006,loop3,0.9084063469999819,1141760,0,66,0,0,0,0,0,0.0,0.0,0,
161,2026-10-08T21:35:18.730304+00:00,161.0141841270006,loop4,0.9084063469999819,374784,0,51,0,0,0,0,0,0.0,0.0,0,
161,2026-10-08T21:35:18.730304+00:00,161.0141841270006,loop5,0.9084063469999819,14336,0,11,0,0,0,0,0,0.0,0.0,0,
161,2026-10-08T21:35:18.730304+00:00,161.0141841270006,loop6,0.9084063469999819,0,0,0,0,0,0,0,0,0.0,0.0,0,
161,2026-10-08T21:35:18.730304+00:00,161.0141841270006,loop7,0.9084063469999819,0,0,0,0,0,0,0,0,0.0,0.0,0,
161,2026-10-08T21:35:18.730304+00:00,161.0141841270006,sr0,0.9084063469999819,1536,0,8,0,0,0,0,0,0.0,0.0,0,
161,2026-10-08T21:35:18.730304+00:00,161.0141841270006,sda,0.9084063469999819,315698688,15520350208,8097,35088,0,0,0,0,0.0,0.0,0,
161,2026-10-08T21:35:18.730304+00:00,161.0141841270006,sda1,0.9084063469999819,319488,0,78,0,0,0,0,0,0.0,0.0,0,
161,2026-10-08T21:35:18.730304+00:00,161.0141841270006,sda2,0.9084063469999819,285926400,61009920,6637,8787,0,0,0,0,0.0,0.0,0,
161,2026-10-08T21:35:18.730304+00:00,161.0141841270006,sda3,0.9084063469999819,5559296,118784,154,25,0,0,0,0,0.0,0.0,0,
161,2026-10-08T21:35:18.730304+00:00,161.0141841270006,sda4,0.9084063469999819,4657152,0,116,0,0,0,0,0,0.0,0.0,0,
161,2026-10-08T21:35:18.730304+00:00,161.0141841270006,sda5,0.9084063469999819,16782336,15459221504,977,26276,0,0,0,0,0.0,0.0,0,
162,2026-10-08T21:35:19.716772+00:00,162.0007632960005,loop0,0.9864678180001647,2109440,0,219,0,0,0,0,0,0.0,0.0,0,
162,2026-10-08T21:35:19.716772+00:00,162.0007632960005,loop1,0.9864678180001647,354304,0,43,0,0,0,0,0,0.0,0.0,0,
162,2026-10-08T21:35:19.716772+00:00,162.0007632960005,loop2,0.9864678180001647,1106944,0,51,0,0,0,0,0,0.0,0.0,0,
162,2026-10-08T21:35:19.716772+00:00,162.0007632960005,loop3,0.9864678180001647,1141760,0,66,0,0,0,0,0,0.0,0.0,0,
162,2026-10-08T21:35:19.716772+00:00,162.0007632960005,loop4,0.9864678180001647,374784,0,51,0,0,0,0,0,0.0,0.0,0,
162,2026-10-08T21:35:19.716772+00:00,162.0007632960005,loop5,0.9864678180001647,14336,0,11,0,0,0,0,0,0.0,0.0,0,
162,2026-10-08T21:35:19.716772+00:00,162.0007632960005,loop6,0.9864678180001647,0,0,0,0,0,0,0,0,0.0,0.0,0,
162,2026-10-08T21:35:19.716772+00:00,162.0007632960005,loop7,0.9864678180001647,0,0,0,0,0,0,0,0,0.0,0.0,0,
162,2026-10-08T21:35:19.716772+00:00,162.0007632960005,sr0,0.9864678180001647,1536,0,8,0,0,0,0,0,0.0,0.0,0,
162,2026-10-08T21:35:19.716772+00:00,162.0007632960005,sda,0.9864678180001647,315698688,15523721216,8097,35604,0,3371008,0,516,0.0,3417250.8605845235,424,
162,2026-10-08T21:35:19.716772+00:00,162.0007632960005,sda1,0.9864678180001647,319488,0,78,0,0,0,0,0,0.0,0.0,0,
162,2026-10-08T21:35:19.716772+00:00,162.0007632960005,sda2,0.9864678180001647,285926400,64380928,6637,9303,0,3371008,0,516,0.0,3417250.8605845235,424,
162,2026-10-08T21:35:19.716772+00:00,162.0007632960005,sda3,0.9864678180001647,5559296,118784,154,25,0,0,0,0,0.0,0.0,0,
162,2026-10-08T21:35:19.716772+00:00,162.0007632960005,sda4,0.9864678180001647,4657152,0,116,0,0,0,0,0,0.0,0.0,0,
162,2026-10-08T21:35:19.716772+00:00,162.0007632960005,sda5,0.9864678180001647,16782336,15459221504,977,26276,0,0,0,0,0.0,0.0,0,
163,2026-10-08T21:35:20.716401+00:00,163.00053844500053,loop0,0.999628808000125,2109440,0,219,0,0,0,0,0,0.0,0.0,0,
163,2026-10-08T21:35:20.716401+00:00,163.00053844500053,loop1,0.999628808000125,354304,0,43,0,0,0,0,0,0.0,0.0,0,
163,2026-10-08T21:35:20.716401+00:00,163.00053844500053,loop2,0.999628808000125,1106944,0,51,0,0,0,0,0,0.0,0.0,0,
163,2026-10-08T21:35:20.716401+00:00,163.00053844500053,loop3,0.999628808000125,1141760,0,66,0,0,0,0,0,0.0,0.0,0,
163,2026-10-08T21:35:20.716401+00:00,163.00053844500053,loop4,0.999628808000125,374784,0,51,0,0,0,0,0,0.0,0.0,0,
163,2026-10-08T21:35:20.716401+00:00,163.00053844500053,loop5,0.999628808000125,14336,0,11,0,0,0,0,0,0.0,0.0,0,
163,2026-10-08T21:35:20.716401+00:00,163.00053844500053,loop6,0.999628808000125,0,0,0,0,0,0,0,0,0.0,0.0,0,
163,2026-10-08T21:35:20.716401+00:00,163.00053844500053,loop7,0.999628808000125,0,0,0,0,0,0,0,0,0.0,0.0,0,
163,2026-10-08T21:35:20.716401+00:00,163.00053844500053,sr0,0.999628808000125,1536,0,8,0,0,0,0,0,0.0,0.0,0,
163,2026-10-08T21:35:20.716401+00:00,163.00053844500053,sda,0.999628808000125,315698688,15524200448,8097,35681,0,479232,0,77,0.0,479409.95313926577,60,
163,2026-10-08T21:35:20.716401+00:00,163.00053844500053,sda1,0.999628808000125,319488,0,78,0,0,0,0,0,0.0,0.0,0,
163,2026-10-08T21:35:20.716401+00:00,163.00053844500053,sda2,0.999628808000125,285926400,64860160,6637,9380,0,479232,0,77,0.0,479409.95313926577,60,
163,2026-10-08T21:35:20.716401+00:00,163.00053844500053,sda3,0.999628808000125,5559296,118784,154,25,0,0,0,0,0.0,0.0,0,
163,2026-10-08T21:35:20.716401+00:00,163.00053844500053,sda4,0.999628808000125,4657152,0,116,0,0,0,0,0,0.0,0.0,0,
163,2026-10-08T21:35:20.716401+00:00,163.00053844500053,sda5,0.999628808000125,16782336,15459221504,977,26276,0,0,0,0,0.0,0.0,0,
164,2026-10-08T21:35:21.717008+00:00,164.0008124040005,loop0,1.0006076139998186,2109440,0,219,0,0,0,0,0,0.0,0.0,0,
164,2026-10-08T21:35:21.717008+00:00,164.0008124040005,loop1,1.0006076139998186,354304,0,43,0,0,0,0,0,0.0,0.0,0,
164,2026-10-08T21:35:21.717008+00:00,164.0008124040005,loop2,1.0006076139998186,1106944,0,51,0,0,0,0,0,0.0,0.0,0,
164,2026-10-08T21:35:21.717008+00:00,164.0008124040005,loop3,1.0006076139998186,1141760,0,66,0,0,0,0,0,0.0,0.0,0,
164,2026-10-08T21:35:21.717008+00:00,164.0008124040005,loop4,1.0006076139998186,374784,0,51,0,0,0,0,0,0.0,0.0,0,
164,2026-10-08T21:35:21.717008+00:00,164.0008124040005,loop5,1.0006076139998186,14336,0,11,0,0,0,0,0,0.0,0.0,0,
164,2026-10-08T21:35:21.717008+00:00,164.0008124040005,loop6,1.0006076139998186,0,0,0,0,0,0,0,0,0.0,0.0,0,
164,2026-10-08T21:35:21.717008+00:00,164.0008124040005,loop7,1.0006076139998186,0,0,0,0,0,0,0,0,0.0,0.0,0,
164,2026-10-08T21:35:21.717008+00:00,164.0008124040005,sr0,1.0006076139998186,1536,0,8,0,0,0,0,0,0.0,0.0,0,
164,2026-10-08T21:35:21.717008+00:00,164.0008124040005,sda,1.0006076139998186,315698688,15524200448,8097,35681,0,0,0,0,0.0,0.0,0,
164,2026-10-08T21:35:21.717008+00:00,164.0008124040005,sda1,1.0006076139998186,319488,0,78,0,0,0,0,0,0.0,0.0,0,
164,2026-10-08T21:35:21.717008+00:00,164.0008124040005,sda2,1.0006076139998186,285926400,64860160,6637,9380,0,0,0,0,0.0,0.0,0,
164,2026-10-08T21:35:21.717008+00:00,164.0008124040005,sda3,1.0006076139998186,5559296,118784,154,25,0,0,0,0,0.0,0.0,0,
164,2026-10-08T21:35:21.717008+00:00,164.0008124040005,sda4,1.0006076139998186,4657152,0,116,0,0,0,0,0,0.0,0.0,0,
164,2026-10-08T21:35:21.717008+00:00,164.0008124040005,sda5,1.0006076139998186,16782336,15459221504,977,26276,0,0,0,0,0.0,0.0,0,
165,2026-10-08T21:35:22.716920+00:00,165.000695662,loop0,0.9999115159998837,2109440,0,219,0,0,0,0,0,0.0,0.0,0,
165,2026-10-08T21:35:22.716920+00:00,165.000695662,loop1,0.9999115159998837,354304,0,43,0,0,0,0,0,0.0,0.0,0,
165,2026-10-08T21:35:22.716920+00:00,165.000695662,loop2,0.9999115159998837,1106944,0,51,0,0,0,0,0,0.0,0.0,0,
165,2026-10-08T21:35:22.716920+00:00,165.000695662,loop3,0.9999115159998837,1141760,0,66,0,0,0,0,0,0.0,0.0,0,
165,2026-10-08T21:35:22.716920+00:00,165.000695662,loop4,0.9999115159998837,374784,0,51,0,0,0,0,0,0.0,0.0,0,
165,2026-10-08T21:35:22.716920+00:00,165.000695662,loop5,0.9999115159998837,14336,0,11,0,0,0,0,0,0.0,0.0,0,
165,2026-10-08T21:35:22.716920+00:00,165.000695662,loop6,0.9999115159998837,0,0,0,0,0,0,0,0,0.0,0.0,0,
165,2026-10-08T21:35:22.716920+00:00,165.000695662,loop7,0.9999115159998837,0,0,0,0,0,0,0,0,0.0,0.0,0,
165,2026-10-08T21:35:22.716920+00:00,165.000695662,sr0,0.9999115159998837,1536,0,8,0,0,0,0,0,0.0,0.0,0,
165,2026-10-08T21:35:22.716920+00:00,165.000695662,sda,0.9999115159998837,315698688,15524212736,8097,35683,0,12288,0,2,0.0,12289.087387609834,144,
165,2026-10-08T21:35:22.716920+00:00,165.000695662,sda1,0.9999115159998837,319488,0,78,0,0,0,0,0,0.0,0.0,0,
165,2026-10-08T21:35:22.716920+00:00,165.000695662,sda2,0.9999115159998837,285926400,64860160,6637,9380,0,0,0,0,0.0,0.0,0,
165,2026-10-08T21:35:22.716920+00:00,165.000695662,sda3,0.9999115159998837,5559296,118784,154,25,0,0,0,0,0.0,0.0,0,
165,2026-10-08T21:35:22.716920+00:00,165.000695662,sda4,0.9999115159998837,4657152,0,116,0,0,0,0,0,0.0,0.0,0,
165,2026-10-08T21:35:22.716920+00:00,165.000695662,sda5,0.9999115159998837,16782336,15459233792,977,26278,0,12288,0,2,0.0,12289.087387609834,144,
166,2026-10-08T21:35:23.716440+00:00,166.0005761070006,loop0,0.9995197970001755,2109440,0,219,0,0,0,0,0,0.0,0.0,0,
166,2026-10-08T21:35:23.716440+00:00,166.0005761070006,loop1,0.9995197970001755,354304,0,43,0,0,0,0,0,0.0,0.0,0,
166,2026-10-08T21:35:23.716440+00:00,166.0005761070006,loop2,0.9995197970001755,1106944,0,51,0,0,0,0,0,0.0,0.0,0,
166,2026-10-08T21:35:23.716440+00:00,166.0005761070006,loop3,0.9995197970001755,1141760,0,66,0,0,0,0,0,0.0,0.0,0,
166,2026-10-08T21:35:23.716440+00:00,166.0005761070006,loop4,0.9995197970001755,374784,0,51,0,0,0,0,0,0.0,0.0,0,
166,2026-10-08T21:35:23.716440+00:00,166.0005761070006,loop5,0.9995197970001755,14336,0,11,0,0,0,0,0,0.0,0.0,0,
166,2026-10-08T21:35:23.716440+00:00,166.0005761070006,loop6,0.9995197970001755,0,0,0,0,0,0,0,0,0.0,0.0,0,
166,2026-10-08T21:35:23.716440+00:00,166.0005761070006,loop7,0.9995197970001755,0,0,0,0,0,0,0,0,0.0,0.0,0,
166,2026-10-08T21:35:23.716440+00:00,166.0005761070006,sr0,0.9995197970001755,1536,0,8,0,0,0,0,0,0.0,0.0,0,
166,2026-10-08T21:35:23.716440+00:00,166.0005761070006,sda,0.9995197970001755,315698688,15524212736,8097,35683,0,0,0,0,0.0,0.0,0,
166,2026-10-08T21:35:23.716440+00:00,166.0005761070006,sda1,0.9995197970001755,319488,0,78,0,0,0,0,0,0.0,0.0,0,
166,2026-10-08T21:35:23.716440+00:00,166.0005761070006,sda2,0.9995197970001755,285926400,64860160,6637,9380,0,0,0,0,0.0,0.0,0,
166,2026-10-08T21:35:23.716440+00:00,166.0005761070006,sda3,0.9995197970001755,5559296,118784,154,25,0,0,0,0,0.0,0.0,0,
166,2026-10-08T21:35:23.716440+00:00,166.0005761070006,sda4,0.9995197970001755,4657152,0,116,0,0,0,0,0,0.0,0.0,0,
166,2026-10-08T21:35:23.716440+00:00,166.0005761070006,sda5,0.9995197970001755,16782336,15459233792,977,26278,0,0,0,0,0.0,0.0,0,
167,2026-10-08T21:35:24.717787+00:00,167.0011628480006,loop0,1.0013475489995471,2109440,0,219,0,0,0,0,0,0.0,0.0,0,
167,2026-10-08T21:35:24.717787+00:00,167.0011628480006,loop1,1.0013475489995471,354304,0,43,0,0,0,0,0,0.0,0.0,0,
167,2026-10-08T21:35:24.717787+00:00,167.0011628480006,loop2,1.0013475489995471,1106944,0,51,0,0,0,0,0,0.0,0.0,0,
167,2026-10-08T21:35:24.717787+00:00,167.0011628480006,loop3,1.0013475489995471,1141760,0,66,0,0,0,0,0,0.0,0.0,0,
167,2026-10-08T21:35:24.717787+00:00,167.0011628480006,loop4,1.0013475489995471,374784,0,51,0,0,0,0,0,0.0,0.0,0,
167,2026-10-08T21:35:24.717787+00:00,167.0011628480006,loop5,1.0013475489995471,14336,0,11,0,0,0,0,0,0.0,0.0,0,
167,2026-10-08T21:35:24.717787+00:00,167.0011628480006,loop6,1.0013475489995471,0,0,0,0,0,0,0,0,0.0,0.0,0,
167,2026-10-08T21:35:24.717787+00:00,167.0011628480006,loop7,1.0013475489995471,0,0,0,0,0,0,0,0,0.0,0.0,0,
167,2026-10-08T21:35:24.717787+00:00,167.0011628480006,sr0,1.0013475489995471,1536,0,8,0,0,0,0,0,0.0,0.0,0,
167,2026-10-08T21:35:24.717787+00:00,167.0011628480006,sda,1.0013475489995471,315698688,15524212736,8097,35683,0,0,0,0,0.0,0.0,0,
167,2026-10-08T21:35:24.717787+00:00,167.0011628480006,sda1,1.0013475489995471,319488,0,78,0,0,0,0,0,0.0,0.0,0,
167,2026-10-08T21:35:24.717787+00:00,167.0011628480006,sda2,1.0013475489995471,285926400,64860160,6637,9380,0,0,0,0,0.0,0.0,0,
167,2026-10-08T21:35:24.717787+00:00,167.0011628480006,sda3,1.0013475489995471,5559296,118784,154,25,0,0,0,0,0.0,0.0,0,
167,2026-10-08T21:35:24.717787+00:00,167.0011628480006,sda4,1.0013475489995471,4657152,0,116,0,0,0,0,0,0.0,0.0,0,
167,2026-10-08T21:35:24.717787+00:00,167.0011628480006,sda5,1.0013475489995471,16782336,15459233792,977,26278,0,0,0,0,0.0,0.0,0,
168,2026-10-08T21:35:25.785330+00:00,168.06948604799982,loop0,1.0675431720001143,2109440,0,219,0,0,0,0,0,0.0,0.0,0,
168,2026-10-08T21:35:25.785330+00:00,168.06948604799982,loop1,1.0675431720001143,354304,0,43,0,0,0,0,0,0.0,0.0,0,
168,2026-10-08T21:35:25.785330+00:00,168.06948604799982,loop2,1.0675431720001143,1106944,0,51,0,0,0,0,0,0.0,0.0,0,
168,2026-10-08T21:35:25.785330+00:00,168.06948604799982,loop3,1.0675431720001143,1141760,0,66,0,0,0,0,0,0.0,0.0,0,
168,2026-10-08T21:35:25.785330+00:00,168.06948604799982,loop4,1.0675431720001143,374784,0,51,0,0,0,0,0,0.0,0.0,0,
168,2026-10-08T21:35:25.785330+00:00,168.06948604799982,loop5,1.0675431720001143,14336,0,11,0,0,0,0,0,0.0,0.0,0,
168,2026-10-08T21:35:25.785330+00:00,168.06948604799982,loop6,1.0675431720001143,0,0,0,0,0,0,0,0,0.0,0.0,0,
168,2026-10-08T21:35:25.785330+00:00,168.06948604799982,loop7,1.0675431720001143,0,0,0,0,0,0,0,0,0.0,0.0,0,
168,2026-10-08T21:35:25.785330+00:00,168.06948604799982,sr0,1.0675431720001143,1536,0,8,0,0,0,0,0,0.0,0.0,0,
168,2026-10-08T21:35:25.785330+00:00,168.06948604799982,sda,1.0675431720001143,315698688,15524265984,8097,35685,0,53248,0,2,0.0,49879.01323019684,8,
168,2026-10-08T21:35:25.785330+00:00,168.06948604799982,sda1,1.0675431720001143,319488,0,78,0,0,0,0,0,0.0,0.0,0,
168,2026-10-08T21:35:25.785330+00:00,168.06948604799982,sda2,1.0675431720001143,285926400,64913408,6637,9382,0,53248,0,2,0.0,49879.01323019684,8,
168,2026-10-08T21:35:25.785330+00:00,168.06948604799982,sda3,1.0675431720001143,5559296,118784,154,25,0,0,0,0,0.0,0.0,0,
168,2026-10-08T21:35:25.785330+00:00,168.06948604799982,sda4,1.0675431720001143,4657152,0,116,0,0,0,0,0,0.0,0.0,0,
168,2026-10-08T21:35:25.785330+00:00,168.06948604799982,sda5,1.0675431720001143,16782336,15459233792,977,26278,0,0,0,0,0.0,0.0,0,
169,2026-10-08T21:35:26.717762+00:00,169.00184902599995,loop0,0.932431410999925,2109440,0,219,0,0,0,0,0,0.0,0.0,0,
169,2026-10-08T21:35:26.717762+00:00,169.00184902599995,loop1,0.932431410999925,354304,0,43,0,0,0,0,0,0.0,0.0,0,
169,2026-10-08T21:35:26.717762+00:00,169.00184902599995,loop2,0.932431410999925,1106944,0,51,0,0,0,0,0,0.0,0.0,0,
169,2026-10-08T21:35:26.717762+00:00,169.00184902599995,loop3,0.932431410999925,1141760,0,66,0,0,0,0,0,0.0,0.0,0,
169,2026-10-08T21:35:26.717762+00:00,169.00184902599995,loop4,0.932431410999925,374784,0,51,0,0,0,0,0,0.0,0.0,0,
169,2026-10-08T21:35:26.717762+00:00,169.00184902599995,loop5,0.932431410999925,14336,0,11,0,0,0,0,0,0.0,0.0,0,
169,2026-10-08T21:35:26.717762+00:00,169.00184902599995,loop6,0.932431410999925,0,0,0,0,0,0,0,0,0.0,0.0,0,
169,2026-10-08T21:35:26.717762+00:00,169.00184902599995,loop7,0.932431410999925,0,0,0,0,0,0,0,0,0.0,0.0,0,
169,2026-10-08T21:35:26.717762+00:00,169.00184902599995,sr0,0.932431410999925,1536,0,8,0,0,0,0,0,0.0,0.0,0,
169,2026-10-08T21:35:26.717762+00:00,169.00184902599995,sda,0.932431410999925,315698688,15524282368,8097,35687,0,16384,0,2,0.0,17571.265625243203,4,
169,2026-10-08T21:35:26.717762+00:00,169.00184902599995,sda1,0.932431410999925,319488,0,78,0,0,0,0,0,0.0,0.0,0,
169,2026-10-08T21:35:26.717762+00:00,169.00184902599995,sda2,0.932431410999925,285926400,64929792,6637,9384,0,16384,0,2,0.0,17571.265625243203,4,
169,2026-10-08T21:35:26.717762+00:00,169.00184902599995,sda3,0.932431410999925,5559296,118784,154,25,0,0,0,0,0.0,0.0,0,
169,2026-10-08T21:35:26.717762+00:00,169.00184902599995,sda4,0.932431410999925,4657152,0,116,0,0,0,0,0,0.0,0.0,0,
169,2026-10-08T21:35:26.717762+00:00,169.00184902599995,sda5,0.932431410999925,16782336,15459233792,977,26278,0,0,0,0,0.0,0.0,0,
170,2026-10-08T21:35:27.756670+00:00,170.04072625800018,loop0,1.0389085970000451,2109440,0,219,0,0,0,0,0,0.0,0.0,0,
170,2026-10-08T21:35:27.756670+00:00,170.04072625800018,loop1,1.0389085970000451,354304,0,43,0,0,0,0,0,0.0,0.0,0,
170,2026-10-08T21:35:27.756670+00:00,170.04072625800018,loop2,1.0389085970000451,1106944,0,51,0,0,0,0,0,0.0,0.0,0,
170,2026-10-08T21:35:27.756670+00:00,170.04072625800018,loop3,1.0389085970000451,1141760,0,66,0,0,0,0,0,0.0,0.0,0,
170,2026-10-08T21:35:27.756670+00:00,170.04072625800018,loop4,1.0389085970000451,374784,0,51,0,0,0,0,0,0.0,0.0,0,
170,2026-10-08T21:35:27.756670+00:00,170.04072625800018,loop5,1.0389085970000451,14336,0,11,0,0,0,0,0,0.0,0.0,0,
170,2026-10-08T21:35:27.756670+00:00,170.04072625800018,loop6,1.0389085970000451,0,0,0,0,0,0,0,0,0.0,0.0,0,
170,2026-10-08T21:35:27.756670+00:00,170.04072625800018,loop7,1.0389085970000451,0,0,0,0,0,0,0,0,0.0,0.0,0,
170,2026-10-08T21:35:27.756670+00:00,170.04072625800018,sr0,1.0389085970000451,1536,0,8,0,0,0,0,0,0.0,0.0,0,
170,2026-10-08T21:35:27.756670+00:00,170.04072625800018,sda,1.0389085970000451,315698688,15524294656,8097,35689,0,12288,0,2,0.0,11827.797012636971,8,
170,2026-10-08T21:35:27.756670+00:00,170.04072625800018,sda1,1.0389085970000451,319488,0,78,0,0,0,0,0,0.0,0.0,0,
170,2026-10-08T21:35:27.756670+00:00,170.04072625800018,sda2,1.0389085970000451,285926400,64929792,6637,9384,0,0,0,0,0.0,0.0,0,
170,2026-10-08T21:35:27.756670+00:00,170.04072625800018,sda3,1.0389085970000451,5559296,118784,154,25,0,0,0,0,0.0,0.0,0,
170,2026-10-08T21:35:27.756670+00:00,170.04072625800018,sda4,1.0389085970000451,4657152,0,116,0,0,0,0,0,0.0,0.0,0,
170,2026-10-08T21:35:27.756670+00:00,170.04072625800018,sda5,1.0389085970000451,16782336,15459246080,977,26280,0,12288,0,2,0.0,11827.797012636971,8,
171,2026-10-08T21:35:28.717498+00:00,171.00068404900048,loop0,0.9608275760001561,2109440,0,219,0,0,0,0,0,0.0,0.0,0,
171,2026-10-08T21:35:28.717498+00:00,171.00068404900048,loop1,0.9608275760001561,354304,0,43,0,0,0,0,0,0.0,0.0,0,
171,2026-10-08T21:35:28.717498+00:00,171.00068404900048,loop2,0.9608275760001561,1106944,0,51,0,0,0,0,0,0.0,0.0,0,
171,2026-10-08T21:35:28.717498+00:00,171.00068404900048,loop3,0.9608275760001561,1141760,0,66,0,0,0,0,0,0.0,0.0,0,
171,2026-10-08T21:35:28.717498+00:00,171.00068404900048,loop4,0.9608275760001561,374784,0,51,0,0,0,0,0,0.0,0.0,0,
171,2026-10-08T21:35:28.717498+00:00,171.00068404900048,loop5,0.9608275760001561,14336,0,11,0,0,0,0,0,0.0,0.0,0,
171,2026-10-08T21:35:28.717498+00:00,171.00068404900048,loop6,0.9608275760001561,0,0,0,0,0,0,0,0,0.0,0.0,0,
171,2026-10-08T21:35:28.717498+00:00,171.00068404900048,loop7,0.9608275760001561,0,0,0,0,0,0,0,0,0.0,0.0,0,
171,2026-10-08T21:35:28.717498+00:00,171.00068404900048,sr0,0.9608275760001561,1536,0,8,0,0,0,0,0,0.0,0.0,0,
171,2026-10-08T21:35:28.717498+00:00,171.00068404900048,sda,0.9608275760001561,315698688,15524294656,8097,35689,0,0,0,0,0.0,0.0,0,
171,2026-10-08T21:35:28.717498+00:00,171.00068404900048,sda1,0.9608275760001561,319488,0,78,0,0,0,0,0,0.0,0.0,0,
171,2026-10-08T21:35:28.717498+00:00,171.00068404900048,sda2,0.9608275760001561,285926400,64929792,6637,9384,0,0,0,0,0.0,0.0,0,
171,2026-10-08T21:35:28.717498+00:00,171.00068404900048,sda3,0.9608275760001561,5559296,118784,154,25,0,0,0,0,0.0,0.0,0,
171,2026-10-08T21:35:28.717498+00:00,171.00068404900048,sda4,0.9608275760001561,4657152,0,116,0,0,0,0,0,0.0,0.0,0,
171,2026-10-08T21:35:28.717498+00:00,171.00068404900048,sda5,0.9608275760001561,16782336,15459246080,977,26280,0,0,0,0,0.0,0.0,0,
172,2026-10-08T21:35:29.716760+00:00,172.0005325080001,loop0,0.9992619770000601,2109440,0,219,0,0,0,0,0,0.0,0.0,0,
172,2026-10-08T21:35:29.716760+00:00,172.0005325080001,loop1,0.9992619770000601,354304,0,43,0,0,0,0,0,0.0,0.0,0,
172,2026-10-08T21:35:29.716760+00:00,172.0005325080001,loop2,0.9992619770000601,1106944,0,51,0,0,0,0,0,0.0,0.0,0,
172,2026-10-08T21:35:29.716760+00:00,172.0005325080001,loop3,0.9992619770000601,1141760,0,66,0,0,0,0,0,0.0,0.0,0,
172,2026-10-08T21:35:29.716760+00:00,172.0005325080001,loop4,0.9992619770000601,374784,0,51,0,0,0,0,0,0.0,0.0,0,
172,2026-10-08T21:35:29.716760+00:00,172.0005325080001,loop5,0.9992619770000601,14336,0,11,0,0,0,0,0,0.0,0.0,0,
172,2026-10-08T21:35:29.716760+00:00,172.0005325080001,loop6,0.9992619770000601,0,0,0,0,0,0,0,0,0.0,0.0,0,
172,2026-10-08T21:35:29.716760+00:00,172.0005325080001,loop7,0.9992619770000601,0,0,0,0,0,0,0,0,0.0,0.0,0,
172,2026-10-08T21:35:29.716760+00:00,172.0005325080001,sr0,0.9992619770000601,1536,0,8,0,0,0,0,0,0.0,0.0,0,
172,2026-10-08T21:35:29.716760+00:00,172.0005325080001,sda,0.9992619770000601,315698688,15524294656,8097,35689,0,0,0,0,0.0,0.0,0,
172,2026-10-08T21:35:29.716760+00:00,172.0005325080001,sda1,0.9992619770000601,319488,0,78,0,0,0,0,0,0.0,0.0,0,
172,2026-10-08T21:35:29.716760+00:00,172.0005325080001,sda2,0.9992619770000601,285926400,64929792,6637,9384,0,0,0,0,0.0,0.0,0,
172,2026-10-08T21:35:29.716760+00:00,172.0005325080001,sda3,0.9992619770000601,5559296,118784,154,25,0,0,0,0,0.0,0.0,0,
172,2026-10-08T21:35:29.716760+00:00,172.0005325080001,sda4,0.9992619770000601,4657152,0,116,0,0,0,0,0,0.0,0.0,0,
172,2026-10-08T21:35:29.716760+00:00,172.0005325080001,sda5,0.9992619770000601,16782336,15459246080,977,26280,0,0,0,0,0.0,0.0,0,
173,2026-10-08T21:35:30.720165+00:00,173.00408293200053,loop0,1.0034053389999826,2109440,0,219,0,0,0,0,0,0.0,0.0,0,
173,2026-10-08T21:35:30.720165+00:00,173.00408293200053,loop1,1.0034053389999826,354304,0,43,0,0,0,0,0,0.0,0.0,0,
173,2026-10-08T21:35:30.720165+00:00,173.00408293200053,loop2,1.0034053389999826,1106944,0,51,0,0,0,0,0,0.0,0.0,0,
173,2026-10-08T21:35:30.720165+00:00,173.00408293200053,loop3,1.0034053389999826,1141760,0,66,0,0,0,0,0,0.0,0.0,0,
173,2026-10-08T21:35:30.720165+00:00,173.00408293200053,loop4,1.0034053389999826,374784,0,51,0,0,0,0,0,0.0,0.0,0,
173,2026-10-08T21:35:30.720165+00:00,173.00408293200053,loop5,1.0034053389999826,14336,0,11,0,0,0,0,0,0.0,0.0,0,
173,2026-10-08T21:35:30.720165+00:00,173.00408293200053,loop6,1.0034053389999826,0,0,0,0,0,0,0,0,0.0,0.0,0,
173,2026-10-08T21:35:30.720165+00:00,173.00408293200053,loop7,1.0034053389999826,0,0,0,0,0,0,0,0,0.0,0.0,0,
173,2026-10-08T21:35:30.720165+00:00,173.00408293200053,sr0,1.0034053389999826,1536,0,8,0,0,0,0,0,0.0,0.0,0,
173,2026-10-08T21:35:30.720165+00:00,173.00408293200053,sda,1.0034053389999826,315698688,15524339712,8097,35691,0,45056,0,2,0.0,44903.08975722999,4,
173,2026-10-08T21:35:30.720165+00:00,173.00408293200053,sda1,1.0034053389999826,319488,0,78,0,0,0,0,0,0.0,0.0,0,
173,2026-10-08T21:35:30.720165+00:00,173.00408293200053,sda2,1.0034053389999826,285926400,64974848,6637,9386,0,45056,0,2,0.0,44903.08975722999,4,
173,2026-10-08T21:35:30.720165+00:00,173.00408293200053,sda3,1.0034053389999826,5559296,118784,154,25,0,0,0,0,0.0,0.0,0,
173,2026-10-08T21:35:30.720165+00:00,173.00408293200053,sda4,1.0034053389999826,4657152,0,116,0,0,0,0,0,0.0,0.0,0,
173,2026-10-08T21:35:30.720165+00:00,173.00408293200053,sda5,1.0034053389999826,16782336,15459246080,977,26280,0,0,0,0,0.0,0.0,0,
174,2026-10-08T21:35:31.718272+00:00,174.00125337100053,loop0,0.9981070459998591,2109440,0,219,0,0,0,0,0,0.0,0.0,0,
174,2026-10-08T21:35:31.718272+00:00,174.00125337100053,loop1,0.9981070459998591,354304,0,43,0,0,0,0,0,0.0,0.0,0,
174,2026-10-08T21:35:31.718272+00:00,174.00125337100053,loop2,0.9981070459998591,1106944,0,51,0,0,0,0,0,0.0,0.0,0,
174,2026-10-08T21:35:31.718272+00:00,174.00125337100053,loop3,0.9981070459998591,1141760,0,66,0,0,0,0,0,0.0,0.0,0,
174,2026-10-08T21:35:31.718272+00:00,174.00125337100053,loop4,0.9981070459998591,374784,0,51,0,0,0,0,0,0.0,0.0,0,
174,2026-10-08T21:35:31.718272+00:00,174.00125337100053,loop5,0.9981070459998591,14336,0,11,0,0,0,0,0,0.0,0.0,0,
174,2026-10-08T21:35:31.718272+00:00,174.00125337100053,loop6,0.9981070459998591,0,0,0,0,0,0,0,0,0.0,0.0,0,
174,2026-10-08T21:35:31.718272+00:00,174.00125337100053,loop7,0.9981070459998591,0,0,0,0,0,0,0,0,0.0,0.0,0,
174,2026-10-08T21:35:31.718272+00:00,174.00125337100053,sr0,0.9981070459998591,1536,0,8,0,0,0,0,0,0.0,0.0,0,
174,2026-10-08T21:35:31.718272+00:00,174.00125337100053,sda,0.9981070459998591,315698688,15524352000,8097,35693,0,12288,0,2,0.0,12311.304733542313,4,
174,2026-10-08T21:35:31.718272+00:00,174.00125337100053,sda1,0.9981070459998591,319488,0,78,0,0,0,0,0,0.0,0.0,0,
174,2026-10-08T21:35:31.718272+00:00,174.00125337100053,sda2,0.9981070459998591,285926400,64987136,6637,9388,0,12288,0,2,0.0,12311.304733542313,4,
174,2026-10-08T21:35:31.718272+00:00,174.00125337100053,sda3,0.9981070459998591,5559296,118784,154,25,0,0,0,0,0.0,0.0,0,
174,2026-10-08T21:35:31.718272+00:00,174.00125337100053,sda4,0.9981070459998591,4657152,0,116,0,0,0,0,0,0.0,0.0,0,
174,2026-10-08T21:35:31.718272+00:00,174.00125337100053,sda5,0.9981070459998591,16782336,15459246080,977,26280,0,0,0,0,0.0,0.0,0,
175,2026-10-08T21:35:32.717453+00:00,175.00112945900037,loop0,0.9991809949997332,2109440,0,219,0,0,0,0,0,0.0,0.0,0,
175,2026-10-08T21:35:32.717453+00:00,175.00112945900037,loop1,0.9991809949997332,354304,0,43,0,0,0,0,0,0.0,0.0,0,
175,2026-10-08T21:35:32.717453+00:00,175.00112945900037,loop2,0.9991809949997332,1106944,0,51,0,0,0,0,0,0.0,0.0,0,
175,2026-10-08T21:35:32.717453+00:00,175.00112945900037,loop3,0.9991809949997332,1141760,0,66,0,0,0,0,0,0.0,0.0,0,
175,2026-10-08T21:35:32.717453+00:00,175.00112945900037,loop4,0.9991809949997332,374784,0,51,0,0,0,0,0,0.0,0.0,0,
175,2026-10-08T21:35:32.717453+00:00,175.00112945900037,loop5,0.9991809949997332,14336,0,11,0,0,0,0,0,0.0,0.0,0,
175,2026-10-08T21:35:32.717453+00:00,175.00112945900037,loop6,0.9991809949997332,0,0,0,0,0,0,0,0,0.0,0.0,0,
175,2026-10-08T21:35:32.717453+00:00,175.00112945900037,loop7,0.9991809949997332,0,0,0,0,0,0,0,0,0.0,0.0,0,
175,2026-10-08T21:35:32.717453+00:00,175.00112945900037,sr0,0.9991809949997332,1536,0,8,0,0,0,0,0,0.0,0.0,0,
175,2026-10-08T21:35:32.717453+00:00,175.00112945900037,sda,0.9991809949997332,315698688,15524352000,8097,35693,0,0,0,0,0.0,0.0,0,
175,2026-10-08T21:35:32.717453+00:00,175.00112945900037,sda1,0.9991809949997332,319488,0,78,0,0,0,0,0,0.0,0.0,0,
175,2026-10-08T21:35:32.717453+00:00,175.00112945900037,sda2,0.9991809949997332,285926400,64987136,6637,9388,0,0,0,0,0.0,0.0,0,
175,2026-10-08T21:35:32.717453+00:00,175.00112945900037,sda3,0.9991809949997332,5559296,118784,154,25,0,0,0,0,0.0,0.0,0,
175,2026-10-08T21:35:32.717453+00:00,175.00112945900037,sda4,0.9991809949997332,4657152,0,116,0,0,0,0,0,0.0,0.0,0,
175,2026-10-08T21:35:32.717453+00:00,175.00112945900037,sda5,0.9991809949997332,16782336,15459246080,977,26280,0,0,0,0,0.0,0.0,0,
176,2026-10-08T21:35:33.717236+00:00,176.00045836900063,loop0,0.999782480000249,2109440,0,219,0,0,0,0,0,0.0,0.0,0,
176,2026-10-08T21:35:33.717236+00:00,176.00045836900063,loop1,0.999782480000249,354304,0,43,0,0,0,0,0,0.0,0.0,0,
176,2026-10-08T21:35:33.717236+00:00,176.00045836900063,loop2,0.999782480000249,1106944,0,51,0,0,0,0,0,0.0,0.0,0,
176,2026-10-08T21:35:33.717236+00:00,176.00045836900063,loop3,0.999782480000249,1141760,0,66,0,0,0,0,0,0.0,0.0,0,
176,2026-10-08T21:35:33.717236+00:00,176.00045836900063,loop4,0.999782480000249,374784,0,51,0,0,0,0,0,0.0,0.0,0,
176,2026-10-08T21:35:33.717236+00:00,176.00045836900063,loop5,0.999782480000249,14336,0,11,0,0,0,0,0,0.0,0.0,0,
176,2026-10-08T21:35:33.717236+00:00,176.00045836900063,loop6,0.999782480000249,0,0,0,0,0,0,0,0,0.0,0.0,0,
176,2026-10-08T21:35:33.717236+00:00,176.00045836900063,loop7,0.999782480000249,0,0,0,0,0,0,0,0,0.0,0.0,0,
176,2026-10-08T21:35:33.717236+00:00,176.00045836900063,sr0,0.999782480000249,1536,0,8,0,0,0,0,0,0.0,0.0,0,
176,2026-10-08T21:35:33.717236+00:00,176.00045836900063,sda,0.999782480000249,315698688,15524364288,8097,35695,0,12288,0,2,0.0,12290.673467289544,8,
176,2026-10-08T21:35:33.717236+00:00,176.00045836900063,sda1,0.999782480000249,319488,0,78,0,0,0,0,0,0.0,0.0,0,
176,2026-10-08T21:35:33.717236+00:00,176.00045836900063,sda2,0.999782480000249,285926400,64987136,6637,9388,0,0,0,0,0.0,0.0,0,
176,2026-10-08T21:35:33.717236+00:00,176.00045836900063,sda3,0.999782480000249,5559296,118784,154,25,0,0,0,0,0.0,0.0,0,
176,2026-10-08T21:35:33.717236+00:00,176.00045836900063,sda4,0.999782480000249,4657152,0,116,0,0,0,0,0,0.0,0.0,0,
176,2026-10-08T21:35:33.717236+00:00,176.00045836900063,sda5,0.999782480000249,16782336,15459258368,977,26282,0,12288,0,2,0.0,12290.673467289544,8,
177,2026-10-08T21:35:34.717652+00:00,177.0015738560005,loop0,1.0004160290000073,2109440,0,219,0,0,0,0,0,0.0,0.0,0,
177,2026-10-08T21:35:34.717652+00:00,177.0015738560005,loop1,1.0004160290000073,354304,0,43,0,0,0,0,0,0.0,0.0,0,
177,2026-10-08T21:35:34.717652+00:00,177.0015738560005,loop2,1.0004160290000073,1106944,0,51,0,0,0,0,0,0.0,0.0,0,
177,2026-10-08T21:35:34.717652+00:00,177.0015738560005,loop3,1.0004160290000073,1141760,0,66,0,0,0,0,0,0.0,0.0,0,
177,2026-10-08T21:35:34.717652+00:00,177.0015738560005,loop4,1.0004160290000073,374784,0,51,0,0,0,0,0,0.0,0.0,0,
177,2026-10-08T21:35:34.717652+00:00,177.0015738560005,loop5,1.0004160290000073,14336,0,11,0,0,0,0,0,0.0,0.0,0,
177,2026-10-08T21:35:34.717652+00:00,177.0015738560005,loop6,1.0004160290000073,0,0,0,0,0,0,0,0,0.0,0.0,0,
177,2026-10-08T21:35:34.717652+00:00,177.0015738560005,loop7,1.0004160290000073,0,0,0,0,0,0,0,0,0.0,0.0,0,
177,2026-10-08T21:35:34.717652+00:00,177.0015738560005,sr0,1.0004160290000073,1536,0,8,0,0,0,0,0,0.0,0.0,0,
177,2026-10-08T21:35:34.717652+00:00,177.0015738560005,sda,1.0004160290000073,315698688,15524364288,8097,35695,0,0,0,0,0.0,0.0,0,
177,2026-10-08T21:35:34.717652+00:00,177.0015738560005,sda1,1.0004160290000073,319488,0,78,0,0,0,0,0,0.0,0.0,0,
177,2026-10-08T21:35:34.717652+00:00,177.0015738560005,sda2,1.0004160290000073,285926400,64987136,6637,9388,0,0,0,0,0.0,0.0,0,
177,2026-10-08T21:35:34.717652+00:00,177.0015738560005,sda3,1.0004160290000073,5559296,118784,154,25,0,0,0,0,0.0,0.0,0,
177,2026-10-08T21:35:34.717652+00:00,177.0015738560005,sda4,1.0004160290000073,4657152,0,116,0,0,0,0,0,0.0,0.0,0,
177,2026-10-08T21:35:34.717652+00:00,177.0015738560005,sda5,1.0004160290000073,16782336,15459258368,977,26282,0,0,0,0,0.0,0.0,0,
178,2026-10-08T21:35:35.726375+00:00,178.01025986600052,loop0,1.008723232000193,2109440,0,219,0,0,0,0,0,0.0,0.0,0,
178,2026-10-08T21:35:35.726375+00:00,178.01025986600052,loop1,1.008723232000193,354304,0,43,0,0,0,0,0,0.0,0.0,0,
178,2026-10-08T21:35:35.726375+00:00,178.01025986600052,loop2,1.008723232000193,1106944,0,51,0,0,0,0,0,0.0,0.0,0,
178,2026-10-08T21:35:35.726375+00:00,178.01025986600052,loop3,1.008723232000193,1141760,0,66,0,0,0,0,0,0.0,0.0,0,
178,2026-10-08T21:35:35.726375+00:00,178.01025986600052,loop4,1.008723232000193,374784,0,51,0,0,0,0,0,0.0,0.0,0,
178,2026-10-08T21:35:35.726375+00:00,178.01025986600052,loop5,1.008723232000193,14336,0,11,0,0,0,0,0,0.0,0.0,0,
178,2026-10-08T21:35:35.726375+00:00,178.01025986600052,loop6,1.008723232000193,0,0,0,0,0,0,0,0,0.0,0.0,0,
178,2026-10-08T21:35:35.726375+00:00,178.01025986600052,loop7,1.008723232000193,0,0,0,0,0,0,0,0,0.0,0.0,0,
178,2026-10-08T21:35:35.726375+00:00,178.01025986600052,sr0,1.008723232000193,1536,0,8,0,0,0,0,0,0.0,0.0,0,
178,2026-10-08T21:35:35.726375+00:00,178.01025986600052,sda,1.008723232000193,315698688,15524401152,8097,35697,0,36864,0,2,0.0,36545.207674956124,4,
178,2026-10-08T21:35:35.726375+00:00,178.01025986600052,sda1,1.008723232000193,319488,0,78,0,0,0,0,0,0.0,0.0,0,
178,2026-10-08T21:35:35.726375+00:00,178.01025986600052,sda2,1.008723232000193,285926400,65024000,6637,9390,0,36864,0,2,0.0,36545.207674956124,4,
178,2026-10-08T21:35:35.726375+00:00,178.01025986600052,sda3,1.008723232000193,5559296,118784,154,25,0,0,0,0,0.0,0.0,0,
178,2026-10-08T21:35:35.726375+00:00,178.01025986600052,sda4,1.008723232000193,4657152,0,116,0,0,0,0,0,0.0,0.0,0,
178,2026-10-08T21:35:35.726375+00:00,178.01025986600052,sda5,1.008723232000193,16782336,15459258368,977,26282,0,0,0,0,0.0,0.0,0,
179,2026-10-08T21:35:36.719537+00:00,179.0036986770001,loop0,0.9931619600001795,2109440,0,219,0,0,0,0,0,0.0,0.0,0,
179,2026-10-08T21:35:36.719537+00:00,179.0036986770001,loop1,0.9931619600001795,354304,0,43,0,0,0,0,0,0.0,0.0,0,
179,2026-10-08T21:35:36.719537+00:00,179.0036986770001,loop2,0.9931619600001795,1106944,0,51,0,0,0,0,0,0.0,0.0,0,
179,2026-10-08T21:35:36.719537+00:00,179.0036986770001,loop3,0.9931619600001795,1141760,0,66,0,0,0,0,0,0.0,0.0,0,
179,2026-10-08T21:35:36.719537+00:00,179.0036986770001,loop4,0.9931619600001795,374784,0,51,0,0,0,0,0,0.0,0.0,0,
179,2026-10-08T21:35:36.719537+00:00,179.0036986770001,loop5,0.9931619600001795,14336,0,11,0,0,0,0,0,0.0,0.0,0,
179,2026-10-08T21:35:36.719537+00:00,179.0036986770001,loop6,0.9931619600001795,0,0,0,0,0,0,0,0,0.0,0.0,0,
179,2026-10-08T21:35:36.719537+00:00,179.0036986770001,loop7,0.9931619600001795,0,0,0,0,0,0,0,0,0.0,0.0,0,
179,2026-10-08T21:35:36.719537+00:00,179.0036986770001,sr0,0.9931619600001795,1536,0,8,0,0,0,0,0,0.0,0.0,0,
179,2026-10-08T21:35:36.719537+00:00,179.0036986770001,sda,0.9931619600001795,315698688,15524401152,8097,35697,0,0,0,0,0.0,0.0,0,
179,2026-10-08T21:35:36.719537+00:00,179.0036986770001,sda1,0.9931619600001795,319488,0,78,0,0,0,0,0,0.0,0.0,0,
179,2026-10-08T21:35:36.719537+00:00,179.0036986770001,sda2,0.9931619600001795,285926400,65024000,6637,9390,0,0,0,0,0.0,0.0,0,
179,2026-10-08T21:35:36.719537+00:00,179.0036986770001,sda3,0.9931619600001795,5559296,118784,154,25,0,0,0,0,0.0,0.0,0,
179,2026-10-08T21:35:36.719537+00:00,179.0036986770001,sda4,0.9931619600001795,4657152,0,116,0,0,0,0,0,0.0,0.0,0,
179,2026-10-08T21:35:36.719537+00:00,179.0036986770001,sda5,0.9931619600001795,16782336,15459258368,977,26282,0,0,0,0,0.0,0.0,0,
180,2026-10-08T21:35:37.717190+00:00,180.00068374200055,loop0,0.997653194999657,2109440,0,219,0,0,0,0,0,0.0,0.0,0,
180,2026-10-08T21:35:37.717190+00:00,180.00068374200055,loop1,0.997653194999657,354304,0,43,0,0,0,0,0,0.0,0.0,0,
180,2026-10-08T21:35:37.717190+00:00,180.00068374200055,loop2,0.997653194999657,1106944,0,51,0,0,0,0,0,0.0,0.0,0,
180,2026-10-08T21:35:37.717190+00:00,180.00068374200055,loop3,0.997653194999657,1141760,0,66,0,0,0,0,0,0.0,0.0,0,
180,2026-10-08T21:35:37.717190+00:00,180.00068374200055,loop4,0.997653194999657,374784,0,51,0,0,0,0,0,0.0,0.0,0,
180,2026-10-08T21:35:37.717190+00:00,180.00068374200055,loop5,0.997653194999657,14336,0,11,0,0,0,0,0,0.0,0.0,0,
180,2026-10-08T21:35:37.717190+00:00,180.00068374200055,loop6,0.997653194999657,0,0,0,0,0,0,0,0,0.0,0.0,0,
180,2026-10-08T21:35:37.717190+00:00,180.00068374200055,loop7,0.997653194999657,0,0,0,0,0,0,0,0,0.0,0.0,0,
180,2026-10-08T21:35:37.717190+00:00,180.00068374200055,sr0,0.997653194999657,1536,0,8,0,0,0,0,0,0.0,0.0,0,
180,2026-10-08T21:35:37.717190+00:00,180.00068374200055,sda,0.997653194999657,315698688,15524413440,8097,35699,0,12288,0,2,0.0,12316.905375123091,4,
180,2026-10-08T21:35:37.717190+00:00,180.00068374200055,sda1,0.997653194999657,319488,0,78,0,0,0,0,0,0.0,0.0,0,
180,2026-10-08T21:35:37.717190+00:00,180.00068374200055,sda2,0.997653194999657,285926400,65036288,6637,9392,0,12288,0,2,0.0,12316.905375123091,4,
180,2026-10-08T21:35:37.717190+00:00,180.00068374200055,sda3,0.997653194999657,5559296,118784,154,25,0,0,0,0,0.0,0.0,0,
180,2026-10-08T21:35:37.717190+00:00,180.00068374200055,sda4,0.997653194999657,4657152,0,116,0,0,0,0,0,0.0,0.0,0,
180,2026-10-08T21:35:37.717190+00:00,180.00068374200055,sda5,0.997653194999657,16782336,15459258368,977,26282,0,0,0,0,0.0,0.0,0,
181,2026-10-08T21:35:38.716722+00:00,181.00066310200054,loop0,0.9995321779997539,2109440,0,219,0,0,0,0,0,0.0,0.0,0,
181,2026-10-08T21:35:38.716722+00:00,181.00066310200054,loop1,0.9995321779997539,354304,0,43,0,0,0,0,0,0.0,0.0,0,
181,2026-10-08T21:35:38.716722+00:00,181.00066310200054,loop2,0.9995321779997539,1106944,0,51,0,0,0,0,0,0.0,0.0,0,
181,2026-10-08T21:35:38.716722+00:00,181.00066310200054,loop3,0.9995321779997539,1141760,0,66,0,0,0,0,0,0.0,0.0,0,
181,2026-10-08T21:35:38.716722+00:00,181.00066310200054,loop4,0.9995321779997539,374784,0,51,0,0,0,0,0,0.0,0.0,0,
181,2026-10-08T21:35:38.716722+00:00,181.00066310200054,loop5,0.9995321779997539,14336,0,11,0,0,0,0,0,0.0,0.0,0,
181,2026-10-08T21:35:38.716722+00:00,181.00066310200054,loop6,0.9995321779997539,0,0,0,0,0,0,0,0,0.0,0.0,0,
181,2026-10-08T21:35:38.716722+00:00,181.00066310200054,loop7,0.9995321779997539,0,0,0,0,0,0,0,0,0.0,0.0,0,
181,2026-10-08T21:35:38.716722+00:00,181.00066310200054,sr0,0.9995321779997539,1536,0,8,0,0,0,0,0,0.0,0.0,0,
181,2026-10-08T21:35:38.716722+00:00,181.00066310200054,sda,0.9995321779997539,315698688,15524413440,8097,35699,0,0,0,0,0.0,0.0,0,
181,2026-10-08T21:35:38.716722+00:00,181.00066310200054,sda1,0.9995321779997539,319488,0,78,0,0,0,0,0,0.0,0.0,0,
181,2026-10-08T21:35:38.716722+00:00,181.00066310200054,sda2,0.9995321779997539,285926400,65036288,6637,9392,0,0,0,0,0.0,0.0,0,
181,2026-10-08T21:35:38.716722+00:00,181.00066310200054,sda3,0.9995321779997539,5559296,118784,154,25,0,0,0,0,0.0,0.0,0,
181,2026-10-08T21:35:38.716722+00:00,181.00066310200054,sda4,0.9995321779997539,4657152,0,116,0,0,0,0,0,0.0,0.0,0,
181,2026-10-08T21:35:38.716722+00:00,181.00066310200054,sda5,0.9995321779997539,16782336,15459258368,977,26282,0,0,0,0,0.0,0.0,0,
182,2026-10-08T21:35:39.717241+00:00,182.0010276339999,loop0,1.0005185059999349,2109440,0,219,0,0,0,0,0,0.0,0.0,0,
182,2026-10-08T21:35:39.717241+00:00,182.0010276339999,loop1,1.0005185059999349,354304,0,43,0,0,0,0,0,0.0,0.0,0,
182,2026-10-08T21:35:39.717241+00:00,182.0010276339999,loop2,1.0005185059999349,1106944,0,51,0,0,0,0,0,0.0,0.0,0,
182,2026-10-08T21:35:39.717241+00:00,182.0010276339999,loop3,1.0005185059999349,1141760,0,66,0,0,0,0,0,0.0,0.0,0,
182,2026-10-08T21:35:39.717241+00:00,182.0010276339999,loop4,1.0005185059999349,374784,0,51,0,0,0,0,0,0.0,0.0,0,
182,2026-10-08T21:35:39.717241+00:00,182.0010276339999,loop5,1.0005185059999349,14336,0,11,0,0,0,0,0,0.0,0.0,0,
182,2026-10-08T21:35:39.717241+00:00,182.0010276339999,loop6,1.0005185059999349,0,0,0,0,0,0,0,0,0.0,0.0,0,
182,2026-10-08T21:35:39.717241+00:00,182.0010276339999,loop7,1.0005185059999349,0,0,0,0,0,0,0,0,0.0,0.0,0,
182,2026-10-08T21:35:39.717241+00:00,182.0010276339999,sr0,1.0005185059999349,1536,0,8,0,0,0,0,0,0.0,0.0,0,
182,2026-10-08T21:35:39.717241+00:00,182.0010276339999,sda,1.0005185059999349,315698688,15524425728,8097,35701,0,12288,0,2,0.0,12281.63190017077,4,
182,2026-10-08T21:35:39.717241+00:00,182.0010276339999,sda1,1.0005185059999349,319488,0,78,0,0,0,0,0,0.0,0.0,0,
182,2026-10-08T21:35:39.717241+00:00,182.0010276339999,sda2,1.0005185059999349,285926400,65036288,6637,9392,0,0,0,0,0.0,0.0,0,
182,2026-10-08T21:35:39.717241+00:00,182.0010276339999,sda3,1.0005185059999349,5559296,118784,154,25,0,0,0,0,0.0,0.0,0,
182,2026-10-08T21:35:39.717241+00:00,182.0010276339999,sda4,1.0005185059999349,4657152,0,116,0,0,0,0,0,0.0,0.0,0,
182,2026-10-08T21:35:39.717241+00:00,182.0010276339999,sda5,1.0005185059999349,16782336,15459270656,977,26284,0,12288,0,2,0.0,12281.63190017077,4,
183,2026-10-08T21:35:40.724211+00:00,183.00810020600056,loop0,1.0069700240001112,2109440,0,219,0,0,0,0,0,0.0,0.0,0,
183,2026-10-08T21:35:40.724211+00:00,183.00810020600056,loop1,1.0069700240001112,354304,0,43,0,0,0,0,0,0.0,0.0,0,
183,2026-10-08T21:35:40.724211+00:00,183.00810020600056,loop2,1.0069700240001112,1106944,0,51,0,0,0,0,0,0.0,0.0,0,
183,2026-10-08T21:35:40.724211+00:00,183.00810020600056,loop3,1.0069700240001112,1141760,0,66,0,0,0,0,0,0.0,0.0,0,
183,2026-10-08T21:35:40.724211+00:00,183.00810020600056,loop4,1.0069700240001112,374784,0,51,0,0,0,0,0,0.0,0.0,0,
183,2026-10-08T21:35:40.724211+00:00,183.00810020600056,loop5,1.0069700240001112,14336,0,11,0,0,0,0,0,0.0,0.0,0,
183,2026-10-08T21:35:40.724211+00:00,183.00810020600056,loop6,1.0069700240001112,0,0,0,0,0,0,0,0,0.0,0.0,0,
183,2026-10-08T21:35:40.724211+00:00,183.00810020600056,loop7,1.0069700240001112,0,0,0,0,0,0,0,0,0.0,0.0,0,
183,2026-10-08T21:35:40.724211+00:00,183.00810020600056,sr0,1.0069700240001112,1536,0,8,0,0,0,0,0,0.0,0.0,0,
183,2026-10-08T21:35:40.724211+00:00,183.00810020600056,sda,1.0069700240001112,315698688,15524462592,8097,35703,0,36864,0,2,0.0,36608.8355376862,4,
183,2026-10-08T21:35:40.724211+00:00,183.00810020600056,sda1,1.0069700240001112,319488,0,78,0,0,0,0,0,0.0,0.0,0,
183,2026-10-08T21:35:40.724211+00:00,183.00810020600056,sda2,1.0069700240001112,285926400,65073152,6637,9394,0,36864,0,2,0.0,36608.8355376862,4,
183,2026-10-08T21:35:40.724211+00:00,183.00810020600056,sda3,1.0069700240001112,5559296,118784,154,25,0,0,0,0,0.0,0.0,0,
183,2026-10-08T21:35:40.724211+00:00,183.00810020600056,sda4,1.0069700240001112,4657152,0,116,0,0,0,0,0,0.0,0.0,0,
183,2026-10-08T21:35:40.724211+00:00,183.00810020600056,sda5,1.0069700240001112,16782336,15459270656,977,26284,0,0,0,0,0.0,0.0,0,
184,2026-10-08T21:35:41.717363+00:00,184.00096906700037,loop0,0.9931517100003475,2109440,0,219,0,0,0,0,0,0.0,0.0,0,
184,2026-10-08T21:35:41.717363+00:00,184.00096906700037,loop1,0.9931517100003475,354304,0,43,0,0,0,0,0,0.0,0.0,0,
184,2026-10-08T21:35:41.717363+00:00,184.00096906700037,loop2,0.9931517100003475,1106944,0,51,0,0,0,0,0,0.0,0.0,0,
184,2026-10-08T21:35:41.717363+00:00,184.00096906700037,loop3,0.9931517100003475,1141760,0,66,0,0,0,0,0,0.0,0.0,0,
184,2026-10-08T21:35:41.717363+00:00,184.00096906700037,loop4,0.9931517100003475,374784,0,51,0,0,0,0,0,0.0,0.0,0,
184,2026-10-08T21:35:41.717363+00:00,184.00096906700037,loop5,0.9931517100003475,14336,0,11,0,0,0,0,0,0.0,0.0,0,
184,2026-10-08T21:35:41.717363+00:00,184.00096906700037,loop6,0.9931517100003475,0,0,0,0,0,0,0,0,0.0,0.0,0,
184,2026-10-08T21:35:41.717363+00:00,184.00096906700037,loop7,0.9931517100003475,0,0,0,0,0,0,0,0,0.0,0.0,0,
184,2026-10-08T21:35:41.717363+00:00,184.00096906700037,sr0,0.9931517100003475,1536,0,8,0,0,0,0,0,0.0,0.0,0,
184,2026-10-08T21:35:41.717363+00:00,184.00096906700037,sda,0.9931517100003475,315698688,15524626432,8097,35707,0,163840,0,4,0.0,164969.76076287747,4,
184,2026-10-08T21:35:41.717363+00:00,184.00096906700037,sda1,0.9931517100003475,319488,0,78,0,0,0,0,0,0.0,0.0,0,
184,2026-10-08T21:35:41.717363+00:00,184.00096906700037,sda2,0.9931517100003475,285926400,65073152,6637,9394,0,0,0,0,0.0,0.0,0,
184,2026-10-08T21:35:41.717363+00:00,184.00096906700037,sda3,0.9931517100003475,5559296,118784,154,25,0,0,0,0,0.0,0.0,0,
184,2026-10-08T21:35:41.717363+00:00,184.00096906700037,sda4,0.9931517100003475,4657152,0,116,0,0,0,0,0,0.0,0.0,0,
184,2026-10-08T21:35:41.717363+00:00,184.00096906700037,sda5,0.9931517100003475,16782336,15459434496,977,26288,0,163840,0,4,0.0,164969.76076287747,4,
185,2026-10-08T21:35:42.724882+00:00,185.0088621240002,loop0,1.0075195270001132,2109440,0,219,0,0,0,0,0,0.0,0.0,0,
185,2026-10-08T21:35:42.724882+00:00,185.0088621240002,loop1,1.0075195270001132,354304,0,43,0,0,0,0,0,0.0,0.0,0,
185,2026-10-08T21:35:42.724882+00:00,185.0088621240002,loop2,1.0075195270001132,1106944,0,51,0,0,0,0,0,0.0,0.0,0,
185,2026-10-08T21:35:42.724882+00:00,185.0088621240002,loop3,1.0075195270001132,1141760,0,66,0,0,0,0,0,0.0,0.0,0,
185,2026-10-08T21:35:42.724882+00:00,185.0088621240002,loop4,1.0075195270001132,374784,0,51,0,0,0,0,0,0.0,0.0,0,
185,2026-10-08T21:35:42.724882+00:00,185.0088621240002,loop5,1.0075195270001132,14336,0,11,0,0,0,0,0,0.0,0.0,0,
185,2026-10-08T21:35:42.724882+00:00,185.0088621240002,loop6,1.0075195270001132,0,0,0,0,0,0,0,0,0.0,0.0,0,
185,2026-10-08T21:35:42.724882+00:00,185.0088621240002,loop7,1.0075195270001132,0,0,0,0,0,0,0,0,0.0,0.0,0,
185,2026-10-08T21:35:42.724882+00:00,185.0088621240002,sr0,1.0075195270001132,1536,0,8,0,0,0,0,0,0.0,0.0,0,
185,2026-10-08T21:35:42.724882+00:00,185.0088621240002,sda,1.0075195270001132,315698688,15524638720,8097,35709,0,12288,0,2,0.0,12196.289670521313,4,
185,2026-10-08T21:35:42.724882+00:00,185.0088621240002,sda1,1.0075195270001132,319488,0,78,0,0,0,0,0,0.0,0.0,0,
185,2026-10-08T21:35:42.724882+00:00,185.0088621240002,sda2,1.0075195270001132,285926400,65085440,6637,9396,0,12288,0,2,0.0,12196.289670521313,4,
185,2026-10-08T21:35:42.724882+00:00,185.0088621240002,sda3,1.0075195270001132,5559296,118784,154,25,0,0,0,0,0.0,0.0,0,
185,2026-10-08T21:35:42.724882+00:00,185.0088621240002,sda4,1.0075195270001132,4657152,0,116,0,0,0,0,0,0.0,0.0,0,
185,2026-10-08T21:35:42.724882+00:00,185.0088621240002,sda5,1.0075195270001132,16782336,15459434496,977,26288,0,0,0,0,0.0,0.0,0,
186,2026-10-08T21:35:43.724556+00:00,186.00870189200032,loop0,0.999674265000067,2109440,0,219,0,0,0,0,0,0.0,0.0,0,
186,2026-10-08T21:35:43.724556+00:00,186.00870189200032,loop1,0.999674265000067,354304,0,43,0,0,0,0,0,0.0,0.0,0,
186,2026-10-08T21:35:43.724556+00:00,186.00870189200032,loop2,0.999674265000067,1106944,0,51,0,0,0,0,0,0.0,0.0,0,
186,2026-10-08T21:35:43.724556+00:00,186.00870189200032,loop3,0.999674265000067,1141760,0,66,0,0,0,0,0,0.0,0.0,0,
186,2026-10-08T21:35:43.724556+00:00,186.00870189200032,loop4,0.999674265000067,374784,0,51,0,0,0,0,0,0.0,0.0,0,
186,2026-10-08T21:35:43.724556+00:00,186.00870189200032,loop5,0.999674265000067,14336,0,11,0,0,0,0,0,0.0,0.0,0,
186,2026-10-08T21:35:43.724556+00:00,186.00870189200032,loop6,0.999674265000067,0,0,0,0,0,0,0,0,0.0,0.0,0,
186,2026-10-08T21:35:43.724556+00:00,186.00870189200032,loop7,0.999674265000067,0,0,0,0,0,0,0,0,0.0,0.0,0,
186,2026-10-08T21:35:43.724556+00:00,186.00870189200032,sr0,0.999674265000067,1536,0,8,0,0,0,0,0,0.0,0.0,0,
186,2026-10-08T21:35:43.724556+00:00,186.00870189200032,sda,0.999674265000067,315698688,15524638720,8097,35709,0,0,0,0,0.0,0.0,0,
186,2026-10-08T21:35:43.724556+00:00,186.00870189200032,sda1,0.999674265000067,319488,0,78,0,0,0,0,0,0.0,0.0,0,
186,2026-10-08T21:35:43.724556+00:00,186.00870189200032,sda2,0.999674265000067,285926400,65085440,6637,9396,0,0,0,0,0.0,0.0,0,
186,2026-10-08T21:35:43.724556+00:00,186.00870189200032,sda3,0.999674265000067,5559296,118784,154,25,0,0,0,0,0.0,0.0,0,
186,2026-10-08T21:35:43.724556+00:00,186.00870189200032,sda4,0.999674265000067,4657152,0,116,0,0,0,0,0,0.0,0.0,0,
186,2026-10-08T21:35:43.724556+00:00,186.00870189200032,sda5,0.999674265000067,16782336,15459434496,977,26288,0,0,0,0,0.0,0.0,0,
187,2026-10-08T21:35:44.716724+00:00,187.00068125500002,loop0,0.9921679839999342,2109440,0,219,0,0,0,0,0,0.0,0.0,0,
187,2026-10-08T21:35:44.716724+00:00,187.00068125500002,loop1,0.9921679839999342,354304,0,43,0,0,0,0,0,0.0,0.0,0,
187,2026-10-08T21:35:44.716724+00:00,187.00068125500002,loop2,0.9921679839999342,1106944,0,51,0,0,0,0,0,0.0,0.0,0,
187,2026-10-08T21:35:44.716724+00:00,187.00068125500002,loop3,0.9921679839999342,1141760,0,66,0,0,0,0,0,0.0,0.0,0,
187,2026-10-08T21:35:44.716724+00:00,187.00068125500002,loop4,0.9921679839999342,374784,0,51,0,0,0,0,0,0.0,0.0,0,
187,2026-10-08T21:35:44.716724+00:00,187.00068125500002,loop5,0.9921679839999342,14336,0,11,0,0,0,0,0,0.0,0.0,0,
187,2026-10-08T21:35:44.716724+00:00,187.00068125500002,loop6,0.9921679839999342,0,0,0,0,0,0,0,0,0.0,0.0,0,
187,2026-10-08T21:35:44.716724+00:00,187.00068125500002,loop7,0.9921679839999342,0,0,0,0,0,0,0,0,0.0,0.0,0,
187,2026-10-08T21:35:44.716724+00:00,187.00068125500002,sr0,0.9921679839999342,1536,0,8,0,0,0,0,0,0.0,0.0,0,
187,2026-10-08T21:35:44.716724+00:00,187.00068125500002,sda,0.9921679839999342,315698688,15524683776,8097,35711,0,45056,0,2,0.0,45411.66488597659,8,
187,2026-10-08T21:35:44.716724+00:00,187.00068125500002,sda1,0.9921679839999342,319488,0,78,0,0,0,0,0,0.0,0.0,0,
187,2026-10-08T21:35:44.716724+00:00,187.00068125500002,sda2,0.9921679839999342,285926400,65085440,6637,9396,0,0,0,0,0.0,0.0,0,
187,2026-10-08T21:35:44.716724+00:00,187.00068125500002,sda3,0.9921679839999342,5559296,118784,154,25,0,0,0,0,0.0,0.0,0,
187,2026-10-08T21:35:44.716724+00:00,187.00068125500002,sda4,0.9921679839999342,4657152,0,116,0,0,0,0,0,0.0,0.0,0,
187,2026-10-08T21:35:44.716724+00:00,187.00068125500002,sda5,0.9921679839999342,16782336,15459479552,977,26290,0,45056,0,2,0.0,45411.66488597659,8,
188,2026-10-08T21:35:45.718445+00:00,188.0025380650004,loop0,1.0017211280000993,2109440,0,219,0,0,0,0,0,0.0,0.0,0,
188,2026-10-08T21:35:45.718445+00:00,188.0025380650004,loop1,1.0017211280000993,354304,0,43,0,0,0,0,0,0.0,0.0,0,
188,2026-10-08T21:35:45.718445+00:00,188.0025380650004,loop2,1.0017211280000993,1106944,0,51,0,0,0,0,0,0.0,0.0,0,
188,2026-10-08T21:35:45.718445+00:00,188.0025380650004,loop3,1.0017211280000993,1141760,0,66,0,0,0,0,0,0.0,0.0,0,
188,2026-10-08T21:35:45.718445+00:00,188.0025380650004,loop4,1.0017211280000993,374784,0,51,0,0,0,0,0,0.0,0.0,0,
188,2026-10-08T21:35:45.718445+00:00,188.0025380650004,loop5,1.0017211280000993,14336,0,11,0,0,0,0,0,0.0,0.0,0,
188,2026-10-08T21:35:45.718445+00:00,188.0025380650004,loop6,1.0017211280000993,0,0,0,0,0,0,0,0,0.0,0.0,0,
188,2026-10-08T21:35:45.718445+00:00,188.0025380650004,loop7,1.0017211280000993,0,0,0,0,0,0,0,0,0.0,0.0,0,
188,2026-10-08T21:35:45.718445+00:00,188.0025380650004,sr0,1.0017211280000993,1536,0,8,0,0,0,0,0,0.0,0.0,0,
188,2026-10-08T21:35:45.718445+00:00,188.0025380650004,sda,1.0017211280000993,315698688,15524720640,8097,35713,0,36864,0,2,0.0,36800.66135132606,8,
188,2026-10-08T21:35:45.718445+00:00,188.0025380650004,sda1,1.0017211280000993,319488,0,78,0,0,0,0,0,0.0,0.0,0,
188,2026-10-08T21:35:45.718445+00:00,188.0025380650004,sda2,1.0017211280000993,285926400,65122304,6637,9398,0,36864,0,2,0.0,36800.66135132606,8,
188,2026-10-08T21:35:45.718445+00:00,188.0025380650004,sda3,1.0017211280000993,5559296,118784,154,25,0,0,0,0,0.0,0.0,0,
188,2026-10-08T21:35:45.718445+00:00,188.0025380650004,sda4,1.0017211280000993,4657152,0,116,0,0,0,0,0,0.0,0.0,0,
188,2026-10-08T21:35:45.718445+00:00,188.0025380650004,sda5,1.0017211280000993,16782336,15459479552,977,26290,0,0,0,0,0.0,0.0,0,
189,2026-10-08T21:35:46.717189+00:00,189.0006825750006,loop0,0.9987432769994484,2109440,0,219,0,0,0,0,0,0.0,0.0,0,
189,2026-10-08T21:35:46.717189+00:00,189.0006825750006,loop1,0.9987432769994484,354304,0,43,0,0,0,0,0,0.0,0.0,0,
189,2026-10-08T21:35:46.717189+00:00,189.0006825750006,loop2,0.9987432769994484,1106944,0,51,0,0,0,0,0,0.0,0.0,0,
189,2026-10-08T21:35:46.717189+00:00,189.0006825750006,loop3,0.9987432769994484,1141760,0,66,0,0,0,0,0,0.0,0.0,0,
189,2026-10-08T21:35:46.717189+00:00,189.0006825750006,loop4,0.9987432769994484,374784,0,51,0,0,0,0,0,0.0,0.0,0,
189,2026-10-08T21:35:46.717189+00:00,189.0006825750006,loop5,0.9987432769994484,14336,0,11,0,0,0,0,0,0.0,0.0,0,
189,2026-10-08T21:35:46.717189+00:00,189.0006825750006,loop6,0.9987432769994484,0,0,0,0,0,0,0,0,0.0,0.0,0,
189,2026-10-08T21:35:46.717189+00:00,189.0006825750006,loop7,0.9987432769994484,0,0,0,0,0,0,0,0,0.0,0.0,0,
189,2026-10-08T21:35:46.717189+00:00,189.0006825750006,sr0,0.9987432769994484,1536,0,8,0,0,0,0,0,0.0,0.0,0,
189,2026-10-08T21:35:46.717189+00:00,189.0006825750006,sda,0.9987432769994484,315698688,15524720640,8097,35713,0,0,0,0,0.0,0.0,0,
189,2026-10-08T21:35:46.717189+00:00,189.0006825750006,sda1,0.9987432769994484,319488,0,78,0,0,0,0,0,0.0,0.0,0,
189,2026-10-08T21:35:46.717189+00:00,189.0006825750006,sda2,0.9987432769994484,285926400,65122304,6637,9398,0,0,0,0,0.0,0.0,0,
189,2026-10-08T21:35:46.717189+00:00,189.0006825750006,sda3,0.9987432769994484,5559296,118784,154,25,0,0,0,0,0.0,0.0,0,
189,2026-10-08T21:35:46.717189+00:00,189.0006825750006,sda4,0.9987432769994484,4657152,0,116,0,0,0,0,0,0.0,0.0,0,
189,2026-10-08T21:35:46.717189+00:00,189.0006825750006,sda5,0.9987432769994484,16782336,15459479552,977,26290,0,0,0,0,0.0,0.0,0,
190,2026-10-08T21:35:47.723127+00:00,190.00697973300066,loop0,1.0059382420004113,2109440,0,219,0,0,0,0,0,0.0,0.0,0,
190,2026-10-08T21:35:47.723127+00:00,190.00697973300066,loop1,1.0059382420004113,354304,0,43,0,0,0,0,0,0.0,0.0,0,
190,2026-10-08T21:35:47.723127+00:00,190.00697973300066,loop2,1.0059382420004113,1106944,0,51,0,0,0,0,0,0.0,0.0,0,
190,2026-10-08T21:35:47.723127+00:00,190.00697973300066,loop3,1.0059382420004113,1141760,0,66,0,0,0,0,0,0.0,0.0,0,
190,2026-10-08T21:35:47.723127+00:00,190.00697973300066,loop4,1.0059382420004113,374784,0,51,0,0,0,0,0,0.0,0.0,0,
190,2026-10-08T21:35:47.723127+00:00,190.00697973300066,loop5,1.0059382420004113,14336,0,11,0,0,0,0,0,0.0,0.0,0,
190,2026-10-08T21:35:47.723127+00:00,190.00697973300066,loop6,1.0059382420004113,0,0,0,0,0,0,0,0,0.0,0.0,0,
190,2026-10-08T21:35:47.723127+00:00,190.00697973300066,loop7,1.0059382420004113,0,0,0,0,0,0,0,0,0.0,0.0,0,
190,2026-10-08T21:35:47.723127+00:00,190.00697973300066,sr0,1.0059382420004113,1536,0,8,0,0,0,0,0,0.0,0.0,0,
190,2026-10-08T21:35:47.723127+00:00,190.00697973300066,sda,1.0059382420004113,315698688,15524720640,8097,35713,0,0,0,0,0.0,0.0,0,
190,2026-10-08T21:35:47.723127+00:00,190.00697973300066,sda1,1.0059382420004113,319488,0,78,0,0,0,0,0,0.0,0.0,0,
190,2026-10-08T21:35:47.723127+00:00,190.00697973300066,sda2,1.0059382420004113,285926400,65122304,6637,9398,0,0,0,0,0.0,0.0,0,
190,2026-10-08T21:35:47.723127+00:00,190.00697973300066,sda3,1.0059382420004113,5559296,118784,154,25,0,0,0,0,0.0,0.0,0,
190,2026-10-08T21:35:47.723127+00:00,190.00697973300066,sda4,1.0059382420004113,4657152,0,116,0,0,0,0,0,0.0,0.0,0,
190,2026-10-08T21:35:47.723127+00:00,190.00697973300066,sda5,1.0059382420004113,16782336,15459479552,977,26290,0,0,0,0,0.0,0.0,0,
191,2026-10-08T21:35:48.716668+00:00,191.00046408800063,loop0,0.9935409709996748,2109440,0,219,0,0,0,0,0,0.0,0.0,0,
191,2026-10-08T21:35:48.716668+00:00,191.00046408800063,loop1,0.9935409709996748,354304,0,43,0,0,0,0,0,0.0,0.0,0,
191,2026-10-08T21:35:48.716668+00:00,191.00046408800063,loop2,0.9935409709996748,1106944,0,51,0,0,0,0,0,0.0,0.0,0,
191,2026-10-08T21:35:48.716668+00:00,191.00046408800063,loop3,0.9935409709996748,1141760,0,66,0,0,0,0,0,0.0,0.0,0,
191,2026-10-08T21:35:48.716668+00:00,191.00046408800063,loop4,0.9935409709996748,374784,0,51,0,0,0,0,0,0.0,0.0,0,
191,2026-10-08T21:35:48.716668+00:00,191.00046408800063,loop5,0.9935409709996748,14336,0,11,0,0,0,0,0,0.0,0.0,0,
191,2026-10-08T21:35:48.716668+00:00,191.00046408800063,loop6,0.9935409709996748,0,0,0,0,0,0,0,0,0.0,0.0,0,
191,2026-10-08T21:35:48.716668+00:00,191.00046408800063,loop7,0.9935409709996748,0,0,0,0,0,0,0,0,0.0,0.0,0,
191,2026-10-08T21:35:48.716668+00:00,191.00046408800063,sr0,0.9935409709996748,1536,0,8,0,0,0,0,0,0.0,0.0,0,
191,2026-10-08T21:35:48.716668+00:00,191.00046408800063,sda,0.9935409709996748,315698688,15524728832,8097,35715,0,8192,0,2,0.0,8245.256349878984,4,
191,2026-10-08T21:35:48.716668+00:00,191.00046408800063,sda1,0.9935409709996748,319488,0,78,0,0,0,0,0,0.0,0.0,0,
191,2026-10-08T21:35:48.716668+00:00,191.00046408800063,sda2,0.9935409709996748,285926400,65130496,6637,9400,0,8192,0,2,0.0,8245.256349878984,4,
191,2026-10-08T21:35:48.716668+00:00,191.00046408800063,sda3,0.9935409709996748,5559296,118784,154,25,0,0,0,0,0.0,0.0,0,
191,2026-10-08T21:35:48.716668+00:00,191.00046408800063,sda4,0.9935409709996748,4657152,0,116,0,0,0,0,0,0.0,0.0,0,
191,2026-10-08T21:35:48.716668+00:00,191.00046408800063,sda5,0.9935409709996748,16782336,15459479552,977,26290,0,0,0,0,0.0,0.0,0,
192,2026-10-08T21:35:49.717249+00:00,192.00131263799994,loop0,1.0005809539998154,2109440,0,219,0,0,0,0,0,0.0,0.0,0,
192,2026-10-08T21:35:49.717249+00:00,192.00131263799994,loop1,1.0005809539998154,354304,0,43,0,0,0,0,0,0.0,0.0,0,
192,2026-10-08T21:35:49.717249+00:00,192.00131263799994,loop2,1.0005809539998154,1106944,0,51,0,0,0,0,0,0.0,0.0,0,
192,2026-10-08T21:35:49.717249+00:00,192.00131263799994,loop3,1.0005809539998154,1141760,0,66,0,0,0,0,0,0.0,0.0,0,
192,2026-10-08T21:35:49.717249+00:00,192.00131263799994,loop4,1.0005809539998154,374784,0,51,0,0,0,0,0,0.0,0.0,0,
192,2026-10-08T21:35:49.717249+00:00,192.00131263799994,loop5,1.0005809539998154,14336,0,11,0,0,0,0,0,0.0,0.0,0,
192,2026-10-08T21:35:49.717249+00:00,192.00131263799994,loop6,1.0005809539998154,0,0,0,0,0,0,0,0,0.0,0.0,0,
192,2026-10-08T21:35:49.717249+00:00,192.00131263799994,loop7,1.0005809539998154,0,0,0,0,0,0,0,0,0.0,0.0,0,
192,2026-10-08T21:35:49.717249+00:00,192.00131263799994,sr0,1.0005809539998154,1536,0,8,0,0,0,0,0,0.0,0.0,0,
192,2026-10-08T21:35:49.717249+00:00,192.00131263799994,sda,1.0005809539998154,315698688,15524728832,8097,35715,0,0,0,0,0.0,0.0,0,
192,2026-10-08T21:35:49.717249+00:00,192.00131263799994,sda1,1.0005809539998154,319488,0,78,0,0,0,0,0,0.0,0.0,0,
192,2026-10-08T21:35:49.717249+00:00,192.00131263799994,sda2,1.0005809539998154,285926400,65130496,6637,9400,0,0,0,0,0.0,0.0,0,
192,2026-10-08T21:35:49.717249+00:00,192.00131263799994,sda3,1.0005809539998154,5559296,118784,154,25,0,0,0,0,0.0,0.0,0,
192,2026-10-08T21:35:49.717249+00:00,192.00131263799994,sda4,1.0005809539998154,4657152,0,116,0,0,0,0,0,0.0,0.0,0,
192,2026-10-08T21:35:49.717249+00:00,192.00131263799994,sda5,1.0005809539998154,16782336,15459479552,977,26290,0,0,0,0,0.0,0.0,0,
193,2026-10-08T21:35:50.717228+00:00,193.0006536609999,loop0,0.9999783190005473,2109440,0,219,0,0,0,0,0,0.0,0.0,0,
193,2026-10-08T21:35:50.717228+00:00,193.0006536609999,loop1,0.9999783190005473,354304,0,43,0,0,0,0,0,0.0,0.0,0,
193,2026-10-08T21:35:50.717228+00:00,193.0006536609999,loop2,0.9999783190005473,1106944,0,51,0,0,0,0,0,0.0,0.0,0,
193,2026-10-08T21:35:50.717228+00:00,193.0006536609999,loop3,0.9999783190005473,1141760,0,66,0,0,0,0,0,0.0,0.0,0,
193,2026-10-08T21:35:50.717228+00:00,193.0006536609999,loop4,0.9999783190005473,374784,0,51,0,0,0,0,0,0.0,0.0,0,
193,2026-10-08T21:35:50.717228+00:00,193.0006536609999,loop5,0.9999783190005473,14336,0,11,0,0,0,0,0,0.0,0.0,0,
193,2026-10-08T21:35:50.717228+00:00,193.0006536609999,loop6,0.9999783190005473,0,0,0,0,0,0,0,0,0.0,0.0,0,
193,2026-10-08T21:35:50.717228+00:00,193.0006536609999,loop7,0.9999783190005473,0,0,0,0,0,0,0,0,0.0,0.0,0,
193,2026-10-08T21:35:50.717228+00:00,193.0006536609999,sr0,0.9999783190005473,1536,0,8,0,0,0,0,0,0.0,0.0,0,
193,2026-10-08T21:35:50.717228+00:00,193.0006536609999,sda,0.9999783190005473,315698688,15527084032,8097,36035,0,2355200,0,320,0.0,2355251.0641970336,352,
193,2026-10-08T21:35:50.717228+00:00,193.0006536609999,sda1,0.9999783190005473,319488,0,78,0,0,0,0,0,0.0,0.0,0,
193,2026-10-08T21:35:50.717228+00:00,193.0006536609999,sda2,0.9999783190005473,285926400,67473408,6637,9718,0,2342912,0,318,0.0,2342962.7977751363,340,
193,2026-10-08T21:35:50.717228+00:00,193.0006536609999,sda3,0.9999783190005473,5559296,118784,154,25,0,0,0,0,0.0,0.0,0,
193,2026-10-08T21:35:50.717228+00:00,193.0006536609999,sda4,0.9999783190005473,4657152,0,116,0,0,0,0,0,0.0,0.0,0,
193,2026-10-08T21:35:50.717228+00:00,193.0006536609999,sda5,0.9999783190005473,16782336,15459491840,977,26292,0,12288,0,2,0.0,12288.266421897568,12,
194,2026-10-08T21:35:51.716907+00:00,194.00073209499988,loop0,0.9996795090000887,2109440,0,219,0,0,0,0,0,0.0,0.0,0,
194,2026-10-08T21:35:51.716907+00:00,194.00073209499988,loop1,0.9996795090000887,354304,0,43,0,0,0,0,0,0.0,0.0,0,
194,2026-10-08T21:35:51.716907+00:00,194.00073209499988,loop2,0.9996795090000887,1106944,0,51,0,0,0,0,0,0.0,0.0,0,
194,2026-10-08T21:35:51.716907+00:00,194.00073209499988,loop3,0.9996795090000887,1141760,0,66,0,0,0,0,0,0.0,0.0,0,
194,2026-10-08T21:35:51.716907+00:00,194.00073209499988,loop4,0.9996795090000887,374784,0,51,0,0,0,0,0,0.0,0.0,0,
194,2026-10-08T21:35:51.716907+00:00,194.00073209499988,loop5,0.9996795090000887,14336,0,11,0,0,0,0,0,0.0,0.0,0,
194,2026-10-08T21:35:51.716907+00:00,194.00073209499988,loop6,0.9996795090000887,0,0,0,0,0,0,0,0,0.0,0.0,0,
194,2026-10-08T21:35:51.716907+00:00,194.00073209499988,loop7,0.9996795090000887,0,0,0,0,0,0,0,0,0.0,0.0,0,
194,2026-10-08T21:35:51.716907+00:00,194.00073209499988,sr0,0.9996795090000887,1536,0,8,0,0,0,0,0,0.0,0.0,0,
194,2026-10-08T21:35:51.716907+00:00,194.00073209499988,sda,0.9996795090000887,315698688,15528337408,8097,36246,0,1253376,0,211,0.0,1253777.8245086432,316,
194,2026-10-08T21:35:51.716907+00:00,194.00073209499988,sda1,0.9996795090000887,319488,0,78,0,0,0,0,0,0.0,0.0,0,
194,2026-10-08T21:35:51.716907+00:00,194.00073209499988,sda2,0.9996795090000887,285926400,68726784,6637,9929,0,1253376,0,211,0.0,1253777.8245086432,316,
194,2026-10-08T21:35:51.716907+00:00,194.00073209499988,sda3,0.9996795090000887,5559296,118784,154,25,0,0,0,0,0.0,0.0,0,
194,2026-10-08T21:35:51.716907+00:00,194.00073209499988,sda4,0.9996795090000887,4657152,0,116,0,0,0,0,0,0.0,0.0,0,
194,2026-10-08T21:35:51.716907+00:00,194.00073209499988,sda5,0.9996795090000887,16782336,15459491840,977,26292,0,0,0,0,0.0,0.0,0,
195,2026-10-08T21:35:52.717016+00:00,195.0010070060007,loop0,1.0001090969999495,2109440,0,219,0,0,0,0,0,0.0,0.0,0,
195,2026-10-08T21:35:52.717016+00:00,195.0010070060007,loop1,1.0001090969999495,354304,0,43,0,0,0,0,0,0.0,0.0,0,
195,2026-10-08T21:35:52.717016+00:00,195.0010070060007,loop2,1.0001090969999495,1106944,0,51,0,0,0,0,0,0.0,0.0,0,
195,2026-10-08T21:35:52.717016+00:00,195.0010070060007,loop3,1.0001090969999495,1141760,0,66,0,0,0,0,0,0.0,0.0,0,
195,2026-10-08T21:35:52.717016+00:00,195.0010070060007,loop4,1.0001090969999495,374784,0,51,0,0,0,0,0,0.0,0.0,0,
195,2026-10-08T21:35:52.717016+00:00,195.0010070060007,loop5,1.0001090969999495,14336,0,11,0,0,0,0,0,0.0,0.0,0,
195,2026-10-08T21:35:52.717016+00:00,195.0010070060007,loop6,1.0001090969999495,0,0,0,0,0,0,0,0,0.0,0.0,0,
195,2026-10-08T21:35:52.717016+00:00,195.0010070060007,loop7,1.0001090969999495,0,0,0,0,0,0,0,0,0.0,0.0,0,
195,2026-10-08T21:35:52.717016+00:00,195.0010070060007,sr0,1.0001090969999495,1536,0,8,0,0,0,0,0,0.0,0.0,0,
195,2026-10-08T21:35:52.717016+00:00,195.0010070060007,sda,1.0001090969999495,315698688,15528337408,8097,36246,0,0,0,0,0.0,0.0,0,
195,2026-10-08T21:35:52.717016+00:00,195.0010070060007,sda1,1.0001090969999495,319488,0,78,0,0,0,0,0,0.0,0.0,0,
195,2026-10-08T21:35:52.717016+00:00,195.0010070060007,sda2,1.0001090969999495,285926400,68726784,6637,9929,0,0,0,0,0.0,0.0,0,
195,2026-10-08T21:35:52.717016+00:00,195.0010070060007,sda3,1.0001090969999495,5559296,118784,154,25,0,0,0,0,0.0,0.0,0,
195,2026-10-08T21:35:52.717016+00:00,195.0010070060007,sda4,1.0001090969999495,4657152,0,116,0,0,0,0,0,0.0,0.0,0,
195,2026-10-08T21:35:52.717016+00:00,195.0010070060007,sda5,1.0001090969999495,16782336,15459491840,977,26292,0,0,0,0,0.0,0.0,0,
196,2026-10-08T21:35:53.721227+00:00,196.005153221,loop0,1.0042113129993595,2109440,0,219,0,0,0,0,0,0.0,0.0,0,
196,2026-10-08T21:35:53.721227+00:00,196.005153221,loop1,1.0042113129993595,354304,0,43,0,0,0,0,0,0.0,0.0,0,
196,2026-10-08T21:35:53.721227+00:00,196.005153221,loop2,1.0042113129993595,1106944,0,51,0,0,0,0,0,0.0,0.0,0,
196,2026-10-08T21:35:53.721227+00:00,196.005153221,loop3,1.0042113129993595,1141760,0,66,0,0,0,0,0,0.0,0.0,0,
196,2026-10-08T21:35:53.721227+00:00,196.005153221,loop4,1.0042113129993595,374784,0,51,0,0,0,0,0,0.0,0.0,0,
196,2026-10-08T21:35:53.721227+00:00,196.005153221,loop5,1.0042113129993595,14336,0,11,0,0,0,0,0,0.0,0.0,0,
196,2026-10-08T21:35:53.721227+00:00,196.005153221,loop6,1.0042113129993595,0,0,0,0,0,0,0,0,0.0,0.0,0,
196,2026-10-08T21:35:53.721227+00:00,196.005153221,loop7,1.0042113129993595,0,0,0,0,0,0,0,0,0.0,0.0,0,
196,2026-10-08T21:35:53.721227+00:00,196.005153221,sr0,1.0042113129993595,1536,0,8,0,0,0,0,0,0.0,0.0,0,
196,2026-10-08T21:35:53.721227+00:00,196.005153221,sda,1.0042113129993595,315698688,15528382464,8097,36253,0,45056,0,7,0.0,44867.05080569904,60,
196,2026-10-08T21:35:53.721227+00:00,196.005153221,sda1,1.0042113129993595,319488,0,78,0,0,0,0,0,0.0,0.0,0,
196,2026-10-08T21:35:53.721227+00:00,196.005153221,sda2,1.0042113129993595,285926400,68739072,6637,9931,0,12288,0,2,0.0,12236.468401554283,4,
196,2026-10-08T21:35:53.721227+00:00,196.005153221,sda3,1.0042113129993595,5559296,118784,154,25,0,0,0,0,0.0,0.0,0,
196,2026-10-08T21:35:53.721227+00:00,196.005153221,sda4,1.0042113129993595,4657152,0,116,0,0,0,0,0,0.0,0.0,0,
196,2026-10-08T21:35:53.721227+00:00,196.005153221,sda5,1.0042113129993595,16782336,15459524608,977,26297,0,32768,0,5,0.0,32630.582404144752,56,
197,2026-10-08T21:35:54.716717+00:00,197.00060285000018,loop0,0.9954896620001819,2109440,0,219,0,0,0,0,0,0.0,0.0,0,
197,2026-10-08T21:35:54.716717+00:00,197.00060285000018,loop1,0.9954896620001819,354304,0,43,0,0,0,0,0,0.0,0.0,0,
197,2026-10-08T21:35:54.716717+00:00,197.00060285000018,loop2,0.9954896620001819,1106944,0,51,0,0,0,0,0,0.0,0.0,0,
197,2026-10-08T21:35:54.716717+00:00,197.00060285000018,loop3,0.9954896620001819,1141760,0,66,0,0,0,0,0,0.0,0.0,0,
197,2026-10-08T21:35:54.716717+00:00,197.00060285000018,loop4,0.9954896620001819,374784,0,51,0,0,0,0,0,0.0,0.0,0,
197,2026-10-08T21:35:54.716717+00:00,197.00060285000018,loop5,0.9954896620001819,14336,0,11,0,0,0,0,0,0.0,0.0,0,
197,2026-10-08T21:35:54.716717+00:00,197.00060285000018,loop6,0.9954896620001819,0,0,0,0,0,0,0,0,0.0,0.0,0,
197,2026-10-08T21:35:54.716717+00:00,197.00060285000018,loop7,0.9954896620001819,0,0,0,0,0,0,0,0,0.0,0.0,0,
197,2026-10-08T21:35:54.716717+00:00,197.00060285000018,sr0,0.9954896620001819,1536,0,8,0,0,0,0,0,0.0,0.0,0,
197,2026-10-08T21:35:54.716717+00:00,197.00060285000018,sda,0.9954896620001819,315698688,15528382464,8097,36253,0,0,0,0,0.0,0.0,0,
197,2026-10-08T21:35:54.716717+00:00,197.00060285000018,sda1,0.9954896620001819,319488,0,78,0,0,0,0,0,0.0,0.0,0,
197,2026-10-08T21:35:54.716717+00:00,197.00060285000018,sda2,0.9954896620001819,285926400,68739072,6637,9931,0,0,0,0,0.0,0.0,0,
197,2026-10-08T21:35:54.716717+00:00,197.00060285000018,sda3,0.9954896620001819,5559296,118784,154,25,0,0,0,0,0.0,0.0,0,
197,2026-10-08T21:35:54.716717+00:00,197.00060285000018,sda4,0.9954896620001819,4657152,0,116,0,0,0,0,0,0.0,0.0,0,
197,2026-10-08T21:35:54.716717+00:00,197.00060285000018,sda5,0.9954896620001819,16782336,15459524608,977,26297,0,0,0,0,0.0,0.0,0,
198,2026-10-08T21:35:55.716970+00:00,198.00104550500055,loop0,1.0002533349997975,2109440,0,219,0,0,0,0,0,0.0,0.0,0,
198,2026-10-08T21:35:55.716970+00:00,198.00104550500055,loop1,1.0002533349997975,354304,0,43,0,0,0,0,0,0.0,0.0,0,
198,2026-10-08T21:35:55.716970+00:00,198.00104550500055,loop2,1.0002533349997975,1106944,0,51,0,0,0,0,0,0.0,0.0,0,
198,2026-10-08T21:35:55.716970+00:00,198.00104550500055,loop3,1.0002533349997975,1141760,0,66,0,0,0,0,0,0.0,0.0,0,
198,2026-10-08T21:35:55.716970+00:00,198.00104550500055,loop4,1.0002533349997975,374784,0,51,0,0,0,0,0,0.0,0.0,0,
198,2026-10-08T21:35:55.716970+00:00,198.00104550500055,loop5,1.0002533349997975,14336,0,11,0,0,0,0,0,0.0,0.0,0,
198,2026-10-08T21:35:55.716970+00:00,198.00104550500055,loop6,1.0002533349997975,0,0,0,0,0,0,0,0,0.0,0.0,0,
198,2026-10-08T21:35:55.716970+00:00,198.00104550500055,loop7,1.0002533349997975,0,0,0,0,0,0,0,0,0.0,0.0,0,
198,2026-10-08T21:35:55.716970+00:00,198.00104550500055,sr0,1.0002533349997975,1536,0,8,0,0,0,0,0,0.0,0.0,0,
198,2026-10-08T21:35:55.716970+00:00,198.00104550500055,sda,1.0002533349997975,315698688,15528394752,8097,36255,0,12288,0,2,0.0,12284.88780794966,72,
198,2026-10-08T21:35:55.716970+00:00,198.00104550500055,sda1,1.0002533349997975,319488,0,78,0,0,0,0,0,0.0,0.0,0,
198,2026-10-08T21:35:55.716970+00:00,198.00104550500055,sda2,1.0002533349997975,285926400,68739072,6637,9931,0,0,0,0,0.0,0.0,0,
198,2026-10-08T21:35:55.716970+00:00,198.00104550500055,sda3,1.0002533349997975,5559296,118784,154,25,0,0,0,0,0.0,0.0,0,
198,2026-10-08T21:35:55.716970+00:00,198.00104550500055,sda4,1.0002533349997975,4657152,0,116,0,0,0,0,0,0.0,0.0,0,
198,2026-10-08T21:35:55.716970+00:00,198.00104550500055,sda5,1.0002533349997975,16782336,15459536896,977,26299,0,12288,0,2,0.0,12284.88780794966,72,
199,2026-10-08T21:35:56.717548+00:00,199.0015907980005,loop0,1.0005775660001746,2109440,0,219,0,0,0,0,0,0.0,0.0,0,
199,2026-10-08T21:35:56.717548+00:00,199.0015907980005,loop1,1.0005775660001746,354304,0,43,0,0,0,0,0,0.0,0.0,0,
199,2026-10-08T21:35:56.717548+00:00,199.0015907980005,loop2,1.0005775660001746,1106944,0,51,0,0,0,0,0,0.0,0.0,0,
199,2026-10-08T21:35:56.717548+00:00,199.0015907980005,loop3,1.0005775660001746,1141760,0,66,0,0,0,0,0,0.0,0.0,0,
199,2026-10-08T21:35:56.717548+00:00,199.0015907980005,loop4,1.0005775660001746,374784,0,51,0,0,0,0,0,0.0,0.0,0,
199,2026-10-08T21:35:56.717548+00:00,199.0015907980005,loop5,1.0005775660001746,14336,0,11,0,0,0,0,0,0.0,0.0,0,
199,2026-10-08T21:35:56.717548+00:00,199.0015907980005,loop6,1.0005775660001746,0,0,0,0,0,0,0,0,0.0,0.0,0,
199,2026-10-08T21:35:56.717548+00:00,199.0015907980005,loop7,1.0005775660001746,0,0,0,0,0,0,0,0,0.0,0.0,0,
199,2026-10-08T21:35:56.717548+00:00,199.0015907980005,sr0,1.0005775660001746,1536,0,8,0,0,0,0,0,0.0,0.0,0,
199,2026-10-08T21:35:56.717548+00:00,199.0015907980005,sda,1.0005775660001746,315698688,15528435712,8097,36257,0,40960,0,2,0.0,40936.35655228438,8,
199,2026-10-08T21:35:56.717548+00:00,199.0015907980005,sda1,1.0005775660001746,319488,0,78,0,0,0,0,0,0.0,0.0,0,
199,2026-10-08T21:35:56.717548+00:00,199.0015907980005,sda2,1.0005775660001746,285926400,68780032,6637,9933,0,40960,0,2,0.0,40936.35655228438,8,
199,2026-10-08T21:35:56.717548+00:00,199.0015907980005,sda3,1.0005775660001746,5559296,118784,154,25,0,0,0,0,0.0,0.0,0,
199,2026-10-08T21:35:56.717548+00:00,199.0015907980005,sda4,1.0005775660001746,4657152,0,116,0,0,0,0,0,0.0,0.0,0,
199,2026-10-08T21:35:56.717548+00:00,199.0015907980005,sda5,1.0005775660001746,16782336,15459536896,977,26299,0,0,0,0,0.0,0.0,0,
