amostra,utc,tempo_relativo_s,pid,criado_epoch_s,papel,cpu_intervalo_real_s,cpu_uma_cpu_pct,cpu_capacidade_vm_pct,rss_bytes,vms_bytes,uss_bytes,pss_bytes,erro
1,2026-10-09T11:06:37.961643+00:00,1.0003963859999203,1282,1791541887.28,principal,,,,24023040,32931840,14065664,14795776,
1,2026-10-09T11:06:37.961643+00:00,1.0003963859999203,1283,1791541887.37,descendente,,,,11149312,19406848,5029888,5386240,
1,2026-10-09T11:06:37.961643+00:00,1.0003963859999203,1284,1791541887.37,descendente,,,,44003328,130297856,30294016,31665152,
1,2026-10-09T11:06:37.961643+00:00,1.0003963859999203,1285,1791541887.37,descendente,,,,45080576,207343616,31453184,32920576,
2,2026-10-09T11:06:38.962714+00:00,2.0010456929999236,1282,1791541887.28,principal,1.0011713489998328,0.0,0.0,24023040,32931840,14065664,14795776,
2,2026-10-09T11:06:38.962714+00:00,2.0010456929999236,1283,1791541887.37,descendente,1.0013585189999503,0.0,0.0,11149312,19406848,5029888,5386240,
2,2026-10-09T11:06:38.962714+00:00,2.0010456929999236,1284,1791541887.37,descendente,1.0009774989998732,0.0,0.0,44003328,130297856,30294016,31665152,
2,2026-10-09T11:06:38.962714+00:00,2.0010456929999236,1285,1791541887.37,descendente,1.0011987679999947,0.9988026673241255,0.49940133366206274,45080576,207343616,31453184,32920576,
3,2026-10-09T11:06:39.964426+00:00,3.003157205000207,1282,1791541887.28,principal,1.0016571099999965,0.0,0.0,24023040,32931840,14065664,14795776,
3,2026-10-09T11:06:39.964426+00:00,3.003157205000207,1283,1791541887.37,descendente,1.0014849580002192,0.0,0.0,11149312,19406848,5029888,5386240,
3,2026-10-09T11:06:39.964426+00:00,3.003157205000207,1284,1791541887.37,descendente,1.0013652699999511,0.0,0.0,44003328,130297856,30294016,31665152,
3,2026-10-09T11:06:39.964426+00:00,3.003157205000207,1285,1791541887.37,descendente,1.0010304610000276,0.0,0.0,45080576,207343616,31453184,32920576,
4,2026-10-09T11:06:40.976872+00:00,4.001996807000069,1282,1791541887.28,principal,1.0123996370002715,0.0,0.0,24023040,32931840,14065664,14795776,
4,2026-10-09T11:06:40.976872+00:00,4.001996807000069,1283,1791541887.37,descendente,1.0123652520001087,0.0,0.0,11149312,19406848,5029888,5386240,
4,2026-10-09T11:06:40.976872+00:00,4.001996807000069,1284,1791541887.37,descendente,1.012390294999932,4.9388067276961785,2.4694033638480892,97587200,259588096,83693568,85067776,
4,2026-10-09T11:06:40.976872+00:00,4.001996807000069,1285,1791541887.37,descendente,1.0128600779999033,0.0,0.0,45080576,207343616,31453184,32920576,
5,2026-10-09T11:06:41.963619+00:00,5.002375925000251,1282,1791541887.28,principal,0.9867480660000183,0.0,0.0,24023040,32931840,14065664,14795776,
5,2026-10-09T11:06:41.963619+00:00,5.002375925000251,1283,1791541887.37,descendente,0.9867846570000438,0.0,0.0,11149312,19406848,5029888,5386240,
5,2026-10-09T11:06:41.963619+00:00,5.002375925000251,1284,1791541887.37,descendente,0.9867452739999862,1.0134327737353188,0.5067163868676594,45174784,207159296,31289344,32665600,
5,2026-10-09T11:06:41.963619+00:00,5.002375925000251,1285,1791541887.37,descendente,0.9862573970003723,2.0278681874354576,1.0139340937177288,97583104,259772416,83890176,85357568,
6,2026-10-09T11:06:43.064951+00:00,6.103889005999918,1282,1791541887.28,principal,1.1013267210000777,0.0,0.0,24023040,32931840,14065664,14795776,
6,2026-10-09T11:06:43.064951+00:00,6.103889005999918,1283,1791541887.37,descendente,1.1012871589996394,0.0,0.0,11149312,19406848,5029888,5386240,
6,2026-10-09T11:06:43.064951+00:00,6.103889005999918,1284,1791541887.37,descendente,1.1012771200003044,0.0,0.0,45174784,207159296,31289344,32665600,
6,2026-10-09T11:06:43.064951+00:00,6.103889005999918,1285,1791541887.37,descendente,1.1012331649999396,2.7242187171144536,1.3621093585572268,97341440,259772416,83906560,85374976,
7,2026-10-09T11:06:43.962122+00:00,7.000989396000023,1282,1791541887.28,principal,0.8971747929999765,0.0,0.0,24023040,32931840,14065664,14795776,
7,2026-10-09T11:06:43.962122+00:00,7.000989396000023,1283,1791541887.37,descendente,0.8971794020003472,0.0,0.0,11149312,19406848,5029888,5386240,
7,2026-10-09T11:06:43.962122+00:00,7.000989396000023,1284,1791541887.37,descendente,0.8972677229999135,2.228989128588269,1.1144945642941344,97345536,259780608,83726336,85102592,
7,2026-10-09T11:06:43.962122+00:00,7.000989396000023,1285,1791541887.37,descendente,0.8976753449996977,1.1139884876757036,0.5569942438378518,45178880,207343616,31481856,32950272,
8,2026-10-09T11:06:44.963354+00:00,8.002237907000108,1282,1791541887.28,principal,1.0012292169999455,0.0,0.0,24023040,32931840,14065664,14795776,
8,2026-10-09T11:06:44.963354+00:00,8.002237907000108,1283,1791541887.37,descendente,1.0012237070000083,0.0,0.0,11149312,19406848,5029888,5386240,
8,2026-10-09T11:06:44.963354+00:00,8.002237907000108,1284,1791541887.37,descendente,1.0011408539999138,2.9965813381942787,1.4982906690971394,97353728,259780608,83742720,85118976,
8,2026-10-09T11:06:44.963354+00:00,8.002237907000108,1285,1791541887.37,descendente,1.0011585740003284,0.0,0.0,45178880,207343616,31481856,32950272,
9,2026-10-09T11:06:45.962930+00:00,9.001843118000124,1282,1791541887.28,principal,0.9995760249998966,0.0,0.0,24023040,32931840,14065664,14795776,
9,2026-10-09T11:06:45.962930+00:00,9.001843118000124,1283,1791541887.37,descendente,0.9995767899999919,0.0,0.0,11149312,19406848,5029888,5386240,
9,2026-10-09T11:06:45.962930+00:00,9.001843118000124,1284,1791541887.37,descendente,0.9995712650002133,0.0,0.0,45182976,207351808,31313920,32690176,
9,2026-10-09T11:06:45.962930+00:00,9.001843118000124,1285,1791541887.37,descendente,0.9991467069999089,2.0017080434617136,1.0008540217308568,97349632,259772416,83910656,85379072,
10,2026-10-09T11:06:46.963107+00:00,10.001907402000143,1282,1791541887.28,principal,1.000180669999736,0.0,0.0,24023040,32931840,14065664,14795776,
10,2026-10-09T11:06:46.963107+00:00,10.001907402000143,1283,1791541887.37,descendente,1.0003365600000507,0.0,0.0,11149312,19406848,5029888,5386240,
10,2026-10-09T11:06:46.963107+00:00,10.001907402000143,1284,1791541887.37,descendente,1.0003482980000626,0.0,0.0,45182976,207351808,31313920,32690176,
10,2026-10-09T11:06:46.963107+00:00,10.001907402000143,1285,1791541887.37,descendente,1.0003534889997354,1.999293271821168,0.999646635910584,97349632,259772416,83910656,85379072,
11,2026-10-09T11:06:47.962231+00:00,11.000686149000103,1282,1791541887.28,principal,0.9991256300004352,0.0,0.0,24023040,32931840,14065664,14795776,
11,2026-10-09T11:06:47.962231+00:00,11.000686149000103,1283,1791541887.37,descendente,0.999006642999575,0.0,0.0,11149312,19406848,5029888,5386240,
11,2026-10-09T11:06:47.962231+00:00,11.000686149000103,1284,1791541887.37,descendente,0.9990184359999148,2.001965056829214,1.000982528414607,97353728,259780608,83742720,85118976,
11,2026-10-09T11:06:47.962231+00:00,11.000686149000103,1285,1791541887.37,descendente,0.9995810420000453,1.0004191335993524,0.5002095667996762,45178880,207343616,31481856,32950272,
12,2026-10-09T11:06:48.962973+00:00,12.001255972999843,1282,1791541887.28,principal,1.000757885999974,0.0,0.0,24023040,32931840,14065664,14795776,
12,2026-10-09T11:06:48.962973+00:00,12.001255972999843,1283,1791541887.37,descendente,1.0008761060003053,0.0,0.0,11149312,19406848,5029888,5386240,
12,2026-10-09T11:06:48.962973+00:00,12.001255972999843,1284,1791541887.37,descendente,1.0009033329997692,0.9990974822742984,0.4995487411371492,45182976,207351808,31322112,32698368,
12,2026-10-09T11:06:48.962973+00:00,12.001255972999843,1285,1791541887.37,descendente,1.0006009080002514,1.9987989057466005,0.9993994528733002,97349632,259772416,83910656,85379072,
13,2026-10-09T11:06:49.962380+00:00,13.001241530000243,1282,1791541887.28,principal,0.9993844179998632,0.0,0.0,24023040,32931840,14065664,14795776,
13,2026-10-09T11:06:49.962380+00:00,13.001241530000243,1283,1791541887.37,descendente,0.9992359289999513,0.0,0.0,11149312,19406848,5029888,5386240,
13,2026-10-09T11:06:49.962380+00:00,13.001241530000243,1284,1791541887.37,descendente,0.9991931940003269,0.0,0.0,45182976,207351808,31322112,32698368,
13,2026-10-09T11:06:49.962380+00:00,13.001241530000243,1285,1791541887.37,descendente,0.9990470150000874,2.001907788093307,1.0009538940466536,97349632,259772416,83910656,85379072,
14,2026-10-09T11:06:51.014689+00:00,14.053360957000223,1282,1791541887.28,principal,1.0523120100001506,0.0,0.0,24023040,32931840,14065664,14795776,
14,2026-10-09T11:06:51.014689+00:00,14.053360957000223,1283,1791541887.37,descendente,1.0523076700001184,0.0,0.0,11149312,19406848,5029888,5386240,
14,2026-10-09T11:06:51.014689+00:00,14.053360957000223,1284,1791541887.37,descendente,1.0523123339999074,0.0,0.0,45182976,207351808,31322112,32698368,
14,2026-10-09T11:06:51.014689+00:00,14.053360957000223,1285,1791541887.37,descendente,1.0525506769999993,2.850219058858657,1.4251095294293286,97349632,259772416,83910656,85379072,
15,2026-10-09T11:06:51.962120+00:00,15.000955541000167,1282,1791541887.28,principal,0.9474292119998609,0.0,0.0,24023040,32931840,14065664,14795776,
15,2026-10-09T11:06:51.962120+00:00,15.000955541000167,1283,1791541887.37,descendente,0.947424854000019,0.0,0.0,11149312,19406848,5029888,5386240,
15,2026-10-09T11:06:51.962120+00:00,15.000955541000167,1284,1791541887.37,descendente,0.9474145250001129,0.0,0.0,45182976,207351808,31322112,32698368,
15,2026-10-09T11:06:51.962120+00:00,15.000955541000167,1285,1791541887.37,descendente,0.9470543079996787,2.1118113112481405,1.0559056556240702,97349632,259772416,83914752,85383168,
16,2026-10-09T11:06:52.966785+00:00,16.00559773399982,1282,1791541887.28,principal,1.0046678230000907,0.995353864338811,0.4976769321694055,24023040,32931840,14065664,14795776,
16,2026-10-09T11:06:52.966785+00:00,16.00559773399982,1283,1791541887.37,descendente,1.0046811529996376,0.0,0.0,11149312,19406848,5029888,5386240,
16,2026-10-09T11:06:52.966785+00:00,16.00559773399982,1284,1791541887.37,descendente,1.0046875819998604,1.990668577806986,0.995334288903493,97353728,259780608,83750912,85127168,
16,2026-10-09T11:06:52.966785+00:00,16.00559773399982,1285,1791541887.37,descendente,1.0051244300002509,0.9949016959021969,0.49745084795109845,45178880,207343616,31485952,32954368,
17,2026-10-09T11:06:53.962552+00:00,17.00137107599994,1282,1791541887.28,principal,0.9957680819998131,0.0,0.0,24023040,32931840,14065664,14795776,
17,2026-10-09T11:06:53.962552+00:00,17.00137107599994,1283,1791541887.37,descendente,0.9958281760000318,0.0,0.0,11149312,19406848,5029888,5386240,
17,2026-10-09T11:06:53.962552+00:00,17.00137107599994,1284,1791541887.37,descendente,0.9959657569997944,1.0040505840404965,0.5020252920202483,45182976,207351808,31322112,32698368,
17,2026-10-09T11:06:53.962552+00:00,17.00137107599994,1285,1791541887.37,descendente,0.995578077999653,2.0088831244842846,1.0044415622421423,97349632,259772416,83914752,85383168,
18,2026-10-09T11:06:54.962556+00:00,18.001356888999908,1282,1791541887.28,principal,1.0000013369999579,0.0,0.0,24023040,32931840,14065664,14795776,
18,2026-10-09T11:06:54.962556+00:00,18.001356888999908,1283,1791541887.37,descendente,1.000008271000297,0.0,0.0,11149312,19406848,5029888,5386240,
18,2026-10-09T11:06:54.962556+00:00,18.001356888999908,1284,1791541887.37,descendente,1.0000060370002757,2.999981889108533,1.4999909445542665,97353728,259780608,83750912,85127168,
18,2026-10-09T11:06:54.962556+00:00,18.001356888999908,1285,1791541887.37,descendente,1.0003967770003328,0.9996033803692376,0.4998016901846188,45178880,207343616,31494144,32962560,
19,2026-10-09T11:06:55.962394+00:00,19.00090282500014,1282,1791541887.28,principal,0.9998396350001713,0.0,0.0,24023040,32931840,14065664,14795776,
19,2026-10-09T11:06:55.962394+00:00,19.00090282500014,1283,1791541887.37,descendente,0.9998162179999781,0.0,0.0,11149312,19406848,5029888,5386240,
19,2026-10-09T11:06:55.962394+00:00,19.00090282500014,1284,1791541887.37,descendente,0.999688698999762,1.0003113979387066,0.5001556989693533,45182976,207351808,31322112,32698368,
19,2026-10-09T11:06:55.962394+00:00,19.00090282500014,1285,1791541887.37,descendente,0.9996736989996862,2.000652815014822,1.000326407507411,97349632,259772416,83922944,85391360,
20,2026-10-09T11:06:56.962437+00:00,20.001172708000013,1282,1791541887.28,principal,1.0000431049998042,0.0,0.0,24023040,32931840,14065664,14795776,
20,2026-10-09T11:06:56.962437+00:00,20.001172708000013,1283,1791541887.37,descendente,0.9999999419997039,0.0,0.0,11149312,19406848,5029888,5386240,
20,2026-10-09T11:06:56.962437+00:00,20.001172708000013,1284,1791541887.37,descendente,0.9999947080000311,2.000010584055906,1.000005292027953,97353728,259780608,83755008,85131264,
20,2026-10-09T11:06:56.962437+00:00,20.001172708000013,1285,1791541887.37,descendente,0.9999673209999855,1.000032680067945,0.5000163400339726,45178880,207343616,31494144,32962560,
21,2026-10-09T11:06:58.703469+00:00,21.74200050799982,1282,1791541887.28,principal,1.7410336259999895,0.0,0.0,24023040,32931840,14065664,14795776,
21,2026-10-09T11:06:58.703469+00:00,21.74200050799982,1283,1791541887.37,descendente,1.7410303350002323,0.0,0.0,11149312,19406848,5029888,5386240,
21,2026-10-09T11:06:58.703469+00:00,21.74200050799982,1284,1791541887.37,descendente,1.7410337760002221,0.5743713957677636,0.2871856978838818,45182976,207351808,31326208,32702464,
21,2026-10-09T11:06:58.703469+00:00,21.74200050799982,1285,1791541887.37,descendente,1.7417339270000411,0.0,0.0,45178880,207343616,31494144,32962560,
22,2026-10-09T11:06:58.961691+00:00,22.000521983,1282,1791541887.28,principal,0.25821915599999556,0.0,0.0,24023040,32931840,14065664,14795776,
22,2026-10-09T11:06:58.961691+00:00,22.000521983,1283,1791541887.37,descendente,0.2582256629998483,0.0,0.0,11149312,19406848,5029888,5386240,
22,2026-10-09T11:06:58.961691+00:00,22.000521983,1284,1791541887.37,descendente,0.258220577999964,0.0,0.0,45182976,207351808,31326208,32702464,
22,2026-10-09T11:06:58.961691+00:00,22.000521983,1285,1791541887.37,descendente,0.2571410919999835,7.7778311682682375,3.8889155841341188,97349632,259772416,83922944,85391360,
23,2026-10-09T11:06:59.962295+00:00,23.001195472999825,1282,1791541887.28,principal,1.0006013229999553,0.0,0.0,24023040,32931840,14065664,14795776,
23,2026-10-09T11:06:59.962295+00:00,23.001195472999825,1283,1791541887.37,descendente,1.0005873449999854,0.0,0.0,11149312,19406848,5029888,5386240,
23,2026-10-09T11:06:59.962295+00:00,23.001195472999825,1284,1791541887.37,descendente,1.0005832980000378,0.0,0.0,45182976,207351808,31326208,32702464,
23,2026-10-09T11:06:59.962295+00:00,23.001195472999825,1285,1791541887.37,descendente,1.0005684160000783,2.99829572073939,1.499147860369695,97349632,259772416,83922944,85391360,
24,2026-10-09T11:07:00.961892+00:00,24.000227961999826,1282,1791541887.28,principal,0.9996090380000169,0.0,0.0,24023040,32931840,14065664,14795776,
24,2026-10-09T11:07:00.961892+00:00,24.000227961999826,1283,1791541887.37,descendente,0.9996385080003165,0.0,0.0,11149312,19406848,5029888,5386240,
24,2026-10-09T11:07:00.961892+00:00,24.000227961999826,1284,1791541887.37,descendente,0.9996617159999914,0.0,0.0,45182976,207351808,31326208,32702464,
24,2026-10-09T11:07:00.961892+00:00,24.000227961999826,1285,1791541887.37,descendente,1.000009386000329,1.999981228175536,0.999990614087768,97349632,259772416,83922944,85391360,
25,2026-10-09T11:07:01.989128+00:00,25.0278236690001,1282,1791541887.28,principal,1.0272323419999339,0.0,0.0,24023040,32931840,14065664,14795776,
25,2026-10-09T11:07:01.989128+00:00,25.0278236690001,1283,1791541887.37,descendente,1.027227283999764,0.0,0.0,11149312,19406848,5029888,5386240,
25,2026-10-09T11:07:01.989128+00:00,25.0278236690001,1284,1791541887.37,descendente,1.0272228270000596,0.0,0.0,45182976,207351808,31326208,32702464,
25,2026-10-09T11:07:01.989128+00:00,25.0278236690001,1285,1791541887.37,descendente,1.0269086659995992,1.947592873854258,0.973796436927129,97349632,259772416,83922944,85391360,
26,2026-10-09T11:07:02.962465+00:00,26.00102007700025,1282,1791541887.28,principal,0.9733356420001655,0.0,0.0,24023040,32931840,14065664,14795776,
26,2026-10-09T11:07:02.962465+00:00,26.00102007700025,1283,1791541887.37,descendente,0.9733257679999952,0.0,0.0,11149312,19406848,5029888,5386240,
26,2026-10-09T11:07:02.962465+00:00,26.00102007700025,1284,1791541887.37,descendente,0.9734521749996929,2.0545436656922442,1.0272718328461221,97353728,259780608,83755008,85131264,
26,2026-10-09T11:07:02.962465+00:00,26.00102007700025,1285,1791541887.37,descendente,0.9737875920000079,1.0269179934261994,0.5134589967130997,45178880,207343616,31494144,32962560,
27,2026-10-09T11:07:03.976266+00:00,27.014951625999856,1282,1791541887.28,principal,1.0138002869998672,0.0,0.0,24023040,32931840,14065664,14795776,
27,2026-10-09T11:07:03.976266+00:00,27.014951625999856,1283,1791541887.37,descendente,1.0137884999999187,0.0,0.0,11149312,19406848,5029888,5386240,
27,2026-10-09T11:07:03.976266+00:00,27.014951625999856,1284,1791541887.37,descendente,1.0136457270000392,2.9596139164703534,1.4798069582351767,97353728,259780608,83755008,85131264,
27,2026-10-09T11:07:03.976266+00:00,27.014951625999856,1285,1791541887.37,descendente,1.0137705310003184,0.0,0.0,45178880,207343616,31494144,32962560,
28,2026-10-09T11:07:04.969550+00:00,28.00840036999989,1282,1791541887.28,principal,0.9932813420000457,0.0,0.0,24023040,32931840,14065664,14795776,
28,2026-10-09T11:07:04.969550+00:00,28.00840036999989,1283,1791541887.37,descendente,0.993291612000121,0.0,0.0,11149312,19406848,5029888,5386240,
28,2026-10-09T11:07:04.969550+00:00,28.00840036999989,1284,1791541887.37,descendente,0.9933022830000482,1.006742878894531,0.5033714394472655,45182976,207351808,31326208,32702464,
28,2026-10-09T11:07:04.969550+00:00,28.00840036999989,1285,1791541887.37,descendente,0.9928257799997482,2.014452122708285,1.0072260613541426,97349632,259772416,83922944,85391360,
29,2026-10-09T11:07:05.962650+00:00,29.00152817800017,1282,1791541887.28,principal,0.9930985890000557,0.0,0.0,24023040,32931840,14065664,14795776,
29,2026-10-09T11:07:05.962650+00:00,29.00152817800017,1283,1791541887.37,descendente,0.9933307229998718,0.0,0.0,11149312,19406848,5029888,5386240,
29,2026-10-09T11:07:05.962650+00:00,29.00152817800017,1284,1791541887.37,descendente,0.9933259600002202,2.013437764175219,1.0067188820876094,97353728,259780608,83755008,85131264,
29,2026-10-09T11:07:05.962650+00:00,29.00152817800017,1285,1791541887.37,descendente,0.9937455290000798,1.0062938356122584,0.5031469178061292,45178880,207343616,31494144,32962560,
30,2026-10-09T11:07:06.964904+00:00,30.003515230000176,1282,1791541887.28,principal,1.0022564900000361,0.0,0.0,24023040,32931840,14065664,14795776,
30,2026-10-09T11:07:06.964904+00:00,30.003515230000176,1283,1791541887.37,descendente,1.00202278200004,0.0,0.0,11149312,19406848,5029888,5386240,
30,2026-10-09T11:07:06.964904+00:00,30.003515230000176,1284,1791541887.37,descendente,1.002021565999712,1.9959650249688659,0.9979825124844329,97353728,259780608,83755008,85131264,
30,2026-10-09T11:07:06.964904+00:00,30.003515230000176,1285,1791541887.37,descendente,1.0021117719998074,0.0,0.0,45178880,207343616,31494144,32962560,
31,2026-10-09T11:07:07.963125+00:00,31.001977742000236,1282,1791541887.28,principal,0.9982212220002111,0.0,0.0,24023040,32931840,14065664,14795776,
31,2026-10-09T11:07:07.963125+00:00,31.001977742000236,1283,1791541887.37,descendente,0.9982312219999585,0.0,0.0,11149312,19406848,5029888,5386240,
31,2026-10-09T11:07:07.963125+00:00,31.001977742000236,1284,1791541887.37,descendente,0.9982318769998528,0.0,0.0,97353728,259780608,83755008,85131264,
31,2026-10-09T11:07:07.963125+00:00,31.001977742000236,1285,1791541887.37,descendente,0.9984946790000322,0.0,0.0,45178880,207343616,31494144,32962560,
32,2026-10-09T11:07:08.962921+00:00,32.00117784500026,1282,1791541887.28,principal,0.9997974379998595,0.0,0.0,24023040,32931840,14065664,14795776,
32,2026-10-09T11:07:08.962921+00:00,32.00117784500026,1283,1791541887.37,descendente,0.9997935320002398,0.0,0.0,11149312,19406848,5029888,5386240,
32,2026-10-09T11:07:08.962921+00:00,32.00117784500026,1284,1791541887.37,descendente,0.9997972250002931,3.000608448377265,1.5003042241886324,97353728,259780608,83759104,85135360,
32,2026-10-09T11:07:08.962921+00:00,32.00117784500026,1285,1791541887.37,descendente,0.9994351090003875,0.0,0.0,45178880,207343616,31494144,32962560,
33,2026-10-09T11:07:09.962413+00:00,33.00121454800001,1282,1791541887.28,principal,0.9994887309999285,0.0,0.0,24023040,32931840,14065664,14795776,
33,2026-10-09T11:07:09.962413+00:00,33.00121454800001,1283,1791541887.37,descendente,0.9996330569997554,0.0,0.0,11149312,19406848,5029888,5386240,
33,2026-10-09T11:07:09.962413+00:00,33.00121454800001,1284,1791541887.37,descendente,0.9996273050001037,0.0,0.0,45182976,207351808,31330304,32706560,
33,2026-10-09T11:07:09.962413+00:00,33.00121454800001,1285,1791541887.37,descendente,0.9992317559999719,2.001537669305231,1.0007688346526156,97349632,259772416,83922944,85391360,
34,2026-10-09T11:07:10.962698+00:00,34.001454747000025,1282,1791541887.28,principal,1.000290545000098,0.0,0.0,24023040,32931840,14065664,14795776,
34,2026-10-09T11:07:10.962698+00:00,34.001454747000025,1283,1791541887.37,descendente,1.000324223000007,0.0,0.0,11149312,19406848,5029888,5386240,
34,2026-10-09T11:07:10.962698+00:00,34.001454747000025,1284,1791541887.37,descendente,1.0003429319999668,0.0,0.0,45182976,207351808,31330304,32706560,
34,2026-10-09T11:07:10.962698+00:00,34.001454747000025,1285,1791541887.37,descendente,1.0006216589999894,0.9993787272198488,0.4996893636099244,45178880,207343616,31494144,32962560,
35,2026-10-09T11:07:11.966737+00:00,35.00546863399995,1282,1791541887.28,principal,1.0040372250000473,0.0,0.0,24023040,32931840,14065664,14795776,
35,2026-10-09T11:07:11.966737+00:00,35.00546863399995,1283,1791541887.37,descendente,1.0038556590002372,0.0,0.0,11149312,19406848,5029888,5386240,
35,2026-10-09T11:07:11.966737+00:00,35.00546863399995,1284,1791541887.37,descendente,1.0038339679999808,0.0,0.0,45182976,207351808,31330304,32706560,
35,2026-10-09T11:07:11.966737+00:00,35.00546863399995,1285,1791541887.37,descendente,1.0035338049997335,1.9929572776081348,0.9964786388040674,97349632,259772416,83922944,85391360,
36,2026-10-09T11:07:12.962082+00:00,36.000638080000044,1282,1791541887.28,principal,0.9953423359997942,1.0046794593495596,0.5023397296747798,24023040,32931840,14065664,14795776,
36,2026-10-09T11:07:12.962082+00:00,36.000638080000044,1283,1791541887.37,descendente,0.9953384569998889,0.0,0.0,11149312,19406848,5029888,5386240,
36,2026-10-09T11:07:12.962082+00:00,36.000638080000044,1284,1791541887.37,descendente,0.9953399579999314,0.0,0.0,45182976,207351808,31330304,32706560,
36,2026-10-09T11:07:12.962082+00:00,36.000638080000044,1285,1791541887.37,descendente,0.9958879109999543,2.0082581361910856,1.0041290680955428,97349632,259772416,83927040,85395456,
37,2026-10-09T11:07:13.964224+00:00,37.00147622800023,1282,1791541887.28,principal,1.002147910000076,0.0,0.0,24023040,32931840,14065664,14795776,
37,2026-10-09T11:07:13.964224+00:00,37.00147622800023,1283,1791541887.37,descendente,1.002151331999812,0.0,0.0,11149312,19406848,5029888,5386240,
37,2026-10-09T11:07:13.964224+00:00,37.00147622800023,1284,1791541887.37,descendente,1.0021865139997317,0.0,0.0,45182976,207351808,31330304,32706560,
37,2026-10-09T11:07:13.964224+00:00,37.00147622800023,1285,1791541887.37,descendente,1.0016730160000407,0.9983297783075974,0.4991648891537987,50851840,259772416,37703680,39172096,
38,2026-10-09T11:07:14.961885+00:00,38.00063176000003,1282,1791541887.28,principal,0.9976627679998273,0.0,0.0,24023040,32931840,14065664,14795776,
38,2026-10-09T11:07:14.961885+00:00,38.00063176000003,1283,1791541887.37,descendente,0.997674587000347,0.0,0.0,11149312,19406848,5029888,5386240,
38,2026-10-09T11:07:14.961885+00:00,38.00063176000003,1284,1791541887.37,descendente,0.9976550500000485,1.0023504617151289,0.5011752308575644,45182976,207351808,31330304,32706560,
38,2026-10-09T11:07:14.961885+00:00,38.00063176000003,1285,1791541887.37,descendente,0.9980257000001984,2.0039564111420773,1.0019782055710387,97349632,259772416,83931136,85399552,
39,2026-10-09T11:07:15.962868+00:00,39.00154482400012,1282,1791541887.28,principal,1.0010197410001638,0.0,0.0,24023040,32931840,14065664,14795776,
39,2026-10-09T11:07:15.962868+00:00,39.00154482400012,1283,1791541887.37,descendente,1.0010347170000387,0.0,0.0,11149312,19406848,5029888,5386240,
39,2026-10-09T11:07:15.962868+00:00,39.00154482400012,1284,1791541887.37,descendente,1.0010404970003037,1.9979211690167964,0.9989605845083982,97353728,259780608,83759104,85135360,
39,2026-10-09T11:07:15.962868+00:00,39.00154482400012,1285,1791541887.37,descendente,1.001621989999876,0.9983806365914021,0.49919031829570104,45178880,207343616,31506432,32974848,
40,2026-10-09T11:07:16.962661+00:00,40.001513463000265,1282,1791541887.28,principal,0.9997488369999701,0.0,0.0,24023040,32931840,14065664,14795776,
40,2026-10-09T11:07:16.962661+00:00,40.001513463000265,1283,1791541887.37,descendente,1.0000514759999533,0.0,0.0,11149312,19406848,5029888,5386240,
40,2026-10-09T11:07:16.962661+00:00,40.001513463000265,1284,1791541887.37,descendente,1.0001333709997198,2.99959994035722,1.49979997017861,97353728,259780608,83759104,85135360,
40,2026-10-09T11:07:16.962661+00:00,40.001513463000265,1285,1791541887.37,descendente,0.9997608319999927,0.0,0.0,45178880,207343616,31506432,32974848,
41,2026-10-09T11:07:17.963528+00:00,41.00206943500007,1282,1791541887.28,principal,1.0008883149998837,0.0,0.0,24023040,32931840,14065664,14795776,
41,2026-10-09T11:07:17.963528+00:00,41.00206943500007,1283,1791541887.37,descendente,1.0007740930000182,0.0,0.0,11149312,19406848,5029888,5386240,
41,2026-10-09T11:07:17.963528+00:00,41.00206943500007,1284,1791541887.37,descendente,1.00112905900005,0.9988722143364823,0.49943610716824116,45182976,207351808,31334400,32710656,
41,2026-10-09T11:07:17.963528+00:00,41.00206943500007,1285,1791541887.37,descendente,1.0005716680002479,1.9988573172346775,0.9994286586173388,97349632,259772416,83935232,85403648,
42,2026-10-09T11:07:18.963591+00:00,42.00203270200018,1282,1791541887.28,principal,1.0000578230001338,0.0,0.0,24023040,32931840,14065664,14795776,
42,2026-10-09T11:07:18.963591+00:00,42.00203270200018,1283,1791541887.37,descendente,0.9999499509999623,0.0,0.0,11149312,19406848,5029888,5386240,
42,2026-10-09T11:07:18.963591+00:00,42.00203270200018,1284,1791541887.37,descendente,1.000405021000006,0.0,0.0,45182976,207351808,31334400,32710656,
42,2026-10-09T11:07:18.963591+00:00,42.00203270200018,1285,1791541887.37,descendente,1.0004972429996997,2.998509012384036,1.499254506192018,97353728,259772416,83935232,85403648,
43,2026-10-09T11:07:19.962519+00:00,43.001336191000064,1282,1791541887.28,principal,0.9989133280000715,0.0,0.0,24023040,32931840,14065664,14795776,
43,2026-10-09T11:07:19.962519+00:00,43.001336191000064,1283,1791541887.37,descendente,0.9989774470000157,0.0,0.0,11149312,19406848,5029888,5386240,
43,2026-10-09T11:07:19.962519+00:00,43.001336191000064,1284,1791541887.37,descendente,0.9981023620002816,0.0,0.0,45182976,207351808,31334400,32710656,
43,2026-10-09T11:07:19.962519+00:00,43.001336191000064,1285,1791541887.37,descendente,0.9982574380001097,3.0052368114683166,1.5026184057341583,97353728,259772416,83935232,85403648,
44,2026-10-09T11:07:20.963182+00:00,44.00186196799996,1282,1791541887.28,principal,1.0006730420000167,0.0,0.0,24023040,32931840,14065664,14795776,
44,2026-10-09T11:07:20.963182+00:00,44.00186196799996,1283,1791541887.37,descendente,1.000527499999862,0.0,0.0,11149312,19406848,5029888,5386240,
44,2026-10-09T11:07:20.963182+00:00,44.00186196799996,1284,1791541887.37,descendente,1.0005070799998066,1.9989863540000021,0.9994931770000011,97353728,259780608,83763200,85139456,
44,2026-10-09T11:07:20.963182+00:00,44.00186196799996,1285,1791541887.37,descendente,1.0010686629998418,0.9989324778216349,0.49946623891081743,45182976,207343616,31506432,32974848,
45,2026-10-09T11:07:21.962364+00:00,45.00112920899983,1282,1791541887.28,principal,0.9991715080000176,0.0,0.0,24023040,32931840,14065664,14795776,
45,2026-10-09T11:07:21.962364+00:00,45.00112920899983,1283,1791541887.37,descendente,0.9992779280000832,0.0,0.0,11149312,19406848,5029888,5386240,
45,2026-10-09T11:07:21.962364+00:00,45.00112920899983,1284,1791541887.37,descendente,0.999343854000017,1.0006565768102538,0.5003282884051269,45182976,207351808,31338496,32714752,
45,2026-10-09T11:07:21.962364+00:00,45.00112920899983,1285,1791541887.37,descendente,0.9988253169999552,2.0023521290060486,1.0011760645030243,97353728,259772416,83935232,85403648,
46,2026-10-09T11:07:22.961740+00:00,46.000520985000094,1282,1791541887.28,principal,0.9993738779999148,0.0,0.0,24023040,32931840,14065664,14795776,
46,2026-10-09T11:07:22.961740+00:00,46.000520985000094,1283,1791541887.37,descendente,0.9992375859997082,0.0,0.0,11149312,19406848,5029888,5386240,
46,2026-10-09T11:07:22.961740+00:00,46.000520985000094,1284,1791541887.37,descendente,0.9991585339998892,0.0,0.0,45182976,207351808,31338496,32714752,
46,2026-10-09T11:07:22.961740+00:00,46.000520985000094,1285,1791541887.37,descendente,0.9991678800001864,3.0024984390005263,1.5012492195002631,97353728,259772416,83935232,85403648,
47,2026-10-09T11:07:23.969930+00:00,47.008411114999944,1282,1791541887.28,principal,1.0081897700001718,0.0,0.0,24023040,32931840,14065664,14795776,
47,2026-10-09T11:07:23.969930+00:00,47.008411114999944,1283,1791541887.37,descendente,1.0081806830003188,0.0,0.0,11149312,19406848,5029888,5386240,
47,2026-10-09T11:07:23.969930+00:00,47.008411114999944,1284,1791541887.37,descendente,1.008169351000106,0.0,0.0,45182976,207351808,31338496,32714752,
47,2026-10-09T11:07:23.969930+00:00,47.008411114999944,1285,1791541887.37,descendente,1.007811889000095,2.9767459907388503,1.4883729953694251,97353728,259772416,83935232,85403648,
48,2026-10-09T11:07:24.962439+00:00,48.00123671500023,1282,1791541887.28,principal,0.9925097759996788,0.0,0.0,24023040,32931840,14065664,14795776,
48,2026-10-09T11:07:24.962439+00:00,48.00123671500023,1283,1791541887.37,descendente,0.9926212579998719,0.0,0.0,11149312,19406848,5029888,5386240,
48,2026-10-09T11:07:24.962439+00:00,48.00123671500023,1284,1791541887.37,descendente,0.9927201030000106,0.0,0.0,45182976,207351808,31338496,32714752,
48,2026-10-09T11:07:24.962439+00:00,48.00123671500023,1285,1791541887.37,descendente,0.9927576459999727,2.014590376672915,1.0072951883364576,97353728,259772416,83935232,85403648,
49,2026-10-09T11:07:25.962767+00:00,49.001510478,1282,1791541887.28,principal,1.0003274860000602,0.0,0.0,24023040,32931840,14065664,14795776,
49,2026-10-09T11:07:25.962767+00:00,49.001510478,1283,1791541887.37,descendente,1.000363507000202,0.0,0.0,11149312,19406848,5029888,5386240,
49,2026-10-09T11:07:25.962767+00:00,49.001510478,1284,1791541887.37,descendente,1.0003042610001103,0.9996958315464664,0.4998479157732332,45182976,207351808,31338496,32714752,
49,2026-10-09T11:07:25.962767+00:00,49.001510478,1285,1791541887.37,descendente,1.0006916279999132,2.997926550056323,1.4989632750281614,97353728,259772416,83939328,85407744,
50,2026-10-09T11:07:26.962241+00:00,50.00041501700025,1282,1791541887.28,principal,0.9994828190001499,0.0,0.0,24023040,32931840,14065664,14795776,
50,2026-10-09T11:07:26.962241+00:00,50.00041501700025,1283,1791541887.37,descendente,0.9993676929998401,0.0,0.0,11149312,19406848,5029888,5386240,
50,2026-10-09T11:07:26.962241+00:00,50.00041501700025,1284,1791541887.37,descendente,0.9994239919997199,0.0,0.0,45182976,207351808,31338496,32714752,
50,2026-10-09T11:07:26.962241+00:00,50.00041501700025,1285,1791541887.37,descendente,0.9992257650001193,3.0023245047125284,1.5011622523562642,97353728,259772416,83939328,85407744,
51,2026-10-09T11:07:27.963447+00:00,51.00182822499983,1282,1791541887.28,principal,1.001217294000071,0.0,0.0,24023040,32931840,14065664,14795776,
51,2026-10-09T11:07:27.963447+00:00,51.00182822499983,1283,1791541887.37,descendente,1.0012973429998056,0.0,0.0,11149312,19406848,5029888,5386240,
51,2026-10-09T11:07:27.963447+00:00,51.00182822499983,1284,1791541887.37,descendente,1.0019470990000627,0.0,0.0,45182976,207351808,31338496,32714752,
51,2026-10-09T11:07:27.963447+00:00,51.00182822499983,1285,1791541887.37,descendente,1.0018283750000592,1.996349923708124,0.998174961854062,97353728,259772416,83939328,85407744,
52,2026-10-09T11:07:28.962915+00:00,52.00136000600014,1282,1791541887.28,principal,0.9994570819999353,0.0,0.0,24023040,32931840,14065664,14795776,
52,2026-10-09T11:07:28.962915+00:00,52.00136000600014,1283,1791541887.37,descendente,0.9994212090000474,0.0,0.0,11149312,19406848,5029888,5386240,
52,2026-10-09T11:07:28.962915+00:00,52.00136000600014,1284,1791541887.37,descendente,0.9988064919998578,2.002389868327254,1.001194934163627,97353728,259780608,83767296,85143552,
52,2026-10-09T11:07:28.962915+00:00,52.00136000600014,1285,1791541887.37,descendente,0.9994562479996603,1.0005440478274128,0.5002720239137064,45182976,207343616,31510528,32978944,
53,2026-10-09T11:07:29.963664+00:00,53.001971437000066,1282,1791541887.28,principal,1.0007559199998468,0.0,0.0,24023040,32931840,14065664,14795776,
53,2026-10-09T11:07:29.963664+00:00,53.001971437000066,1283,1791541887.37,descendente,1.0007470730001842,0.0,0.0,11149312,19406848,5029888,5386240,
53,2026-10-09T11:07:29.963664+00:00,53.001971437000066,1284,1791541887.37,descendente,1.000647826000204,0.9993525934065985,0.49967629670329927,45182976,207351808,31338496,32714752,
53,2026-10-09T11:07:29.963664+00:00,53.001971437000066,1285,1791541887.37,descendente,0.999949203000142,2.0001015991606503,1.0000507995803252,97353728,259772416,83939328,85407744,
54,2026-10-09T11:07:30.964961+00:00,54.00273938600003,1282,1791541887.28,principal,1.0012896510002065,0.0,0.0,24023040,32931840,14065664,14795776,
54,2026-10-09T11:07:30.964961+00:00,54.00273938600003,1283,1791541887.37,descendente,1.0012454570000955,0.0,0.0,11149312,19406848,5029888,5386240,
54,2026-10-09T11:07:30.964961+00:00,54.00273938600003,1284,1791541887.37,descendente,1.0012320999999247,1.9975388324047907,0.9987694162023953,97353728,259780608,83767296,85143552,
54,2026-10-09T11:07:30.964961+00:00,54.00273938600003,1285,1791541887.37,descendente,1.0018967139999404,0.9981068767135238,0.4990534383567619,45182976,207343616,31510528,32978944,
55,2026-10-09T11:07:31.963160+00:00,55.00113169999986,1282,1791541887.28,principal,0.9982069210000191,1.0017962999076238,0.5008981499538119,24023040,32931840,14065664,14795776,
55,2026-10-09T11:07:31.963160+00:00,55.00113169999986,1283,1791541887.37,descendente,0.9982040219997543,0.0,0.0,11149312,19406848,5029888,5386240,
55,2026-10-09T11:07:31.963160+00:00,55.00113169999986,1284,1791541887.37,descendente,0.9981957720001446,1.001807489122318,0.500903744561159,45182976,207351808,31338496,32714752,
55,2026-10-09T11:07:31.963160+00:00,55.00113169999986,1285,1791541887.37,descendente,0.9975036139999247,2.0050052670787704,1.0025026335393852,97353728,259772416,83939328,85407744,
56,2026-10-09T11:07:32.964569+00:00,56.00192159900007,1282,1791541887.28,principal,1.001399642999786,0.0,0.0,24023040,32931840,14065664,14795776,
56,2026-10-09T11:07:32.964569+00:00,56.00192159900007,1283,1791541887.37,descendente,1.0014529509999193,0.0,0.0,11149312,19406848,5029888,5386240,
56,2026-10-09T11:07:32.964569+00:00,56.00192159900007,1284,1791541887.37,descendente,1.0014627410000685,1.9970787909720795,0.9985393954860398,97353728,259780608,83767296,85143552,
56,2026-10-09T11:07:32.964569+00:00,56.00192159900007,1285,1791541887.37,descendente,1.0021365500001593,0.9978680051134944,0.4989340025567472,45182976,207343616,31514624,32983040,
57,2026-10-09T11:07:33.967369+00:00,57.00553183300008,1282,1791541887.28,principal,1.0028082429998904,0.0,0.0,24023040,32931840,14065664,14795776,
57,2026-10-09T11:07:33.967369+00:00,57.00553183300008,1283,1791541887.37,descendente,1.0028889420000269,0.0,0.0,11149312,19406848,5029888,5386240,
57,2026-10-09T11:07:33.967369+00:00,57.00553183300008,1284,1791541887.37,descendente,1.0029525049999393,2.991168559871299,1.4955842799356496,97353728,259780608,83767296,85143552,
57,2026-10-09T11:07:33.967369+00:00,57.00553183300008,1285,1791541887.37,descendente,1.0032436279998365,0.0,0.0,45182976,207343616,31514624,32983040,
58,2026-10-09T11:07:34.962377+00:00,58.000749111999994,1282,1791541887.28,principal,0.9950062730003992,0.0,0.0,24023040,32931840,14065664,14795776,
58,2026-10-09T11:07:34.962377+00:00,58.000749111999994,1283,1791541887.37,descendente,0.9951130409999678,0.0,0.0,11149312,19406848,5029888,5386240,
58,2026-10-09T11:07:34.962377+00:00,58.000749111999994,1284,1791541887.37,descendente,0.9951483059999191,1.0048753476952654,0.5024376738476327,45182976,207351808,31338496,32714752,
58,2026-10-09T11:07:34.962377+00:00,58.000749111999994,1285,1791541887.37,descendente,0.9949172900001031,3.0153260277542406,1.5076630138771203,97353728,259772416,83943424,85411840,
59,2026-10-09T11:07:35.963301+00:00,59.00141126000017,1282,1791541887.28,principal,1.000991903999875,0.0,0.0,24023040,32931840,14065664,14795776,
59,2026-10-09T11:07:35.963301+00:00,59.00141126000017,1283,1791541887.37,descendente,1.00147695700025,0.0,0.0,11149312,19406848,5029888,5386240,
59,2026-10-09T11:07:35.963301+00:00,59.00141126000017,1284,1791541887.37,descendente,1.00143888599996,0.0,0.0,45182976,207351808,31338496,32714752,
59,2026-10-09T11:07:35.963301+00:00,59.00141126000017,1285,1791541887.37,descendente,1.0008242230001088,2.9975293673519516,1.4987646836759758,97353728,259772416,83943424,85411840,
60,2026-10-09T11:07:36.963463+00:00,60.00183561499989,1282,1791541887.28,principal,1.0000952390000748,0.0,0.0,24023040,32931840,14065664,14795776,
60,2026-10-09T11:07:36.963463+00:00,60.00183561499989,1283,1791541887.37,descendente,0.999399922000066,0.0,0.0,11149312,19406848,5029888,5386240,
60,2026-10-09T11:07:36.963463+00:00,60.00183561499989,1284,1791541887.37,descendente,0.9996362350002528,0.0,0.0,45182976,207351808,31338496,32714752,
60,2026-10-09T11:07:36.963463+00:00,60.00183561499989,1285,1791541887.37,descendente,0.9996023749999949,2.000795566337121,1.0003977831685604,82485248,259772416,70758400,72226816,
61,2026-10-09T11:07:37.964844+00:00,61.00333115400008,1282,1791541887.28,principal,1.0013676809999197,0.0,0.0,24023040,32931840,14065664,14795776,
61,2026-10-09T11:07:37.964844+00:00,61.00333115400008,1283,1791541887.37,descendente,1.0013223449996076,0.0,0.0,11149312,19406848,5029888,5386240,
61,2026-10-09T11:07:37.964844+00:00,61.00333115400008,1284,1791541887.37,descendente,1.0010437009996167,0.0,0.0,45182976,207351808,31338496,32714752,
61,2026-10-09T11:07:37.964844+00:00,61.00333115400008,1285,1791541887.37,descendente,1.0009492859999227,0.9990516142893335,0.49952580714466677,97353728,259772416,83943424,85411840,
62,2026-10-09T11:07:38.964103+00:00,62.0020628100001,1282,1791541887.28,principal,0.9992826530001366,0.0,0.0,24023040,32931840,14065664,14795776,
62,2026-10-09T11:07:38.964103+00:00,62.0020628100001,1283,1791541887.37,descendente,0.9994306830003552,0.0,0.0,11149312,19406848,5029888,5386240,
62,2026-10-09T11:07:38.964103+00:00,62.0020628100001,1284,1791541887.37,descendente,0.9996305870004107,0.0,0.0,45182976,207351808,31338496,32714752,
62,2026-10-09T11:07:38.964103+00:00,62.0020628100001,1285,1791541887.37,descendente,0.9997375600000851,2.000525017785544,1.000262508892772,97353728,259772416,83943424,85411840,
63,2026-10-09T11:07:39.970450+00:00,63.00904358300022,1282,1791541887.28,principal,1.006342606999624,0.0,0.0,24023040,32931840,14065664,14795776,
63,2026-10-09T11:07:39.970450+00:00,63.00904358300022,1283,1791541887.37,descendente,1.0062960459999886,0.0,0.0,11149312,19406848,5029888,5386240,
63,2026-10-09T11:07:39.970450+00:00,63.00904358300022,1284,1791541887.37,descendente,1.0061144339997554,0.0,0.0,45182976,207351808,31338496,32714752,
63,2026-10-09T11:07:39.970450+00:00,63.00904358300022,1285,1791541887.37,descendente,1.006508973000109,2.9805993592464586,1.4902996796232293,97353728,259772416,83947520,85415936,
64,2026-10-09T11:07:40.963570+00:00,64.00190908500008,1282,1791541887.28,principal,0.9931076110001413,0.0,0.0,24023040,32931840,14065664,14795776,
64,2026-10-09T11:07:40.963570+00:00,64.00190908500008,1283,1791541887.37,descendente,0.9930181039999297,0.0,0.0,11149312,19406848,5029888,5386240,
64,2026-10-09T11:07:40.963570+00:00,64.00190908500008,1284,1791541887.37,descendente,0.9929683220002516,3.021244417905227,1.5106222089526136,97353728,259780608,83767296,85143552,
64,2026-10-09T11:07:40.963570+00:00,64.00190908500008,1285,1791541887.37,descendente,0.9933395799998834,1.0067050786399712,0.5033525393199856,45182976,207343616,31518720,32987136,
65,2026-10-09T11:07:41.961613+00:00,65.00034457099991,1282,1791541887.28,principal,0.9980348120002418,0.0,0.0,24023040,32931840,14065664,14795776,
65,2026-10-09T11:07:41.961613+00:00,65.00034457099991,1283,1791541887.37,descendente,0.9980662970001504,0.0,0.0,11149312,19406848,5029888,5386240,
65,2026-10-09T11:07:41.961613+00:00,65.00034457099991,1284,1791541887.37,descendente,0.9980673459999707,0.0,0.0,45182976,207351808,31338496,32714752,
65,2026-10-09T11:07:41.961613+00:00,65.00034457099991,1285,1791541887.37,descendente,0.9972184819998802,2.00557855284544,1.00278927642272,97353728,259772416,83947520,85415936,
66,2026-10-09T11:07:42.963086+00:00,66.00185701200007,1282,1791541887.28,principal,1.001471467999636,0.0,0.0,24023040,32931840,14065664,14795776,
66,2026-10-09T11:07:42.963086+00:00,66.00185701200007,1283,1791541887.37,descendente,1.0014277639998,0.0,0.0,11149312,19406848,5029888,5386240,
66,2026-10-09T11:07:42.963086+00:00,66.00185701200007,1284,1791541887.37,descendente,1.0014241799999581,1.9971556908083943,0.9985778454041971,97353728,259780608,83767296,85143552,
66,2026-10-09T11:07:42.963086+00:00,66.00185701200007,1285,1791541887.37,descendente,1.001728157999878,0.0,0.0,45182976,207343616,31518720,32987136,
67,2026-10-09T11:07:43.965526+00:00,67.00411249399986,1282,1791541887.28,principal,1.0024402540002484,0.0,0.0,24023040,32931840,14065664,14795776,
67,2026-10-09T11:07:43.965526+00:00,67.00411249399986,1283,1791541887.37,descendente,1.0024422380001852,0.0,0.0,11149312,19406848,5029888,5386240,
67,2026-10-09T11:07:43.965526+00:00,67.00411249399986,1284,1791541887.37,descendente,1.0025025509999068,2.99251108838347,1.496255544191735,97353728,259780608,83771392,85147648,
67,2026-10-09T11:07:43.965526+00:00,67.00411249399986,1285,1791541887.37,descendente,1.0025108260001616,0.0,0.0,45182976,207343616,31518720,32987136,
68,2026-10-09T11:07:44.966287+00:00,68.005152963,1282,1791541887.28,principal,1.0007616889997735,0.0,0.0,24023040,32931840,14065664,14795776,
68,2026-10-09T11:07:44.966287+00:00,68.005152963,1283,1791541887.37,descendente,1.0007631079997736,0.0,0.0,11149312,19406848,5029888,5386240,
68,2026-10-09T11:07:44.966287+00:00,68.005152963,1284,1791541887.37,descendente,1.0007139660001485,1.9985730867672826,0.9992865433836413,97353728,259780608,83771392,85147648,
68,2026-10-09T11:07:44.966287+00:00,68.005152963,1285,1791541887.37,descendente,1.0007371259998763,0.9992634169546162,0.4996317084773081,45182976,207343616,31518720,32987136,
69,2026-10-09T11:07:45.963314+00:00,69.00178267799993,1282,1791541887.28,principal,0.9970382400001654,0.0,0.0,24023040,32931840,14065664,14795776,
69,2026-10-09T11:07:45.963314+00:00,69.00178267799993,1283,1791541887.37,descendente,0.9971055689998138,0.0,0.0,11149312,19406848,5029888,5386240,
69,2026-10-09T11:07:45.963314+00:00,69.00178267799993,1284,1791541887.37,descendente,0.9973045519996049,3.008108199230569,1.5040540996152845,97353728,259780608,83775488,85151744,
69,2026-10-09T11:07:45.963314+00:00,69.00178267799993,1285,1791541887.37,descendente,0.9974601339999936,0.0,0.0,45182976,207343616,31518720,32987136,
70,2026-10-09T11:07:46.966499+00:00,70.00521967299983,1282,1791541887.28,principal,1.0031765690000611,0.0,0.0,24023040,32931840,14065664,14795776,
70,2026-10-09T11:07:46.966499+00:00,70.00521967299983,1283,1791541887.37,descendente,1.003117188000033,0.0,0.0,11149312,19406848,5029888,5386240,
70,2026-10-09T11:07:46.966499+00:00,70.00521967299983,1284,1791541887.37,descendente,1.0029168300002311,1.994183306306208,0.997091653153104,97353728,259780608,83775488,85151744,
70,2026-10-09T11:07:46.966499+00:00,70.00521967299983,1285,1791541887.37,descendente,1.00277377600014,0.0,0.0,45182976,207343616,31518720,32987136,
71,2026-10-09T11:07:47.965186+00:00,71.00339995400009,1282,1791541887.28,principal,0.9986859059999915,0.0,0.0,24023040,32931840,14065664,14795776,
71,2026-10-09T11:07:47.965186+00:00,71.00339995400009,1283,1791541887.37,descendente,0.9986770330001491,0.0,0.0,11149312,19406848,5029888,5386240,
71,2026-10-09T11:07:47.965186+00:00,71.00339995400009,1284,1791541887.37,descendente,0.998672114999863,3.00398895186979,1.501994475934895,97353728,259780608,83779584,85155840,
71,2026-10-09T11:07:47.965186+00:00,71.00339995400009,1285,1791541887.37,descendente,0.9986617230001684,0.0,0.0,45182976,207343616,31518720,32987136,
72,2026-10-09T11:07:48.970263+00:00,72.00916231100018,1282,1791541887.28,principal,1.005074193999917,0.0,0.0,24023040,32931840,14065664,14795776,
72,2026-10-09T11:07:48.970263+00:00,72.00916231100018,1283,1791541887.37,descendente,1.0050655830000323,0.0,0.0,11149312,19406848,5029888,5386240,
72,2026-10-09T11:07:48.970263+00:00,72.00916231100018,1284,1791541887.37,descendente,1.0050882620002994,0.0,0.0,45182976,207351808,31350784,32727040,
72,2026-10-09T11:07:48.970263+00:00,72.00916231100018,1285,1791541887.37,descendente,1.004693350999787,1.9906571472875907,0.9953285736437953,97353728,259772416,83947520,85415936,
73,2026-10-09T11:07:49.962404+00:00,73.00091336100013,1282,1791541887.28,principal,0.9921441780002169,0.0,0.0,24023040,32931840,14065664,14795776,
73,2026-10-09T11:07:49.962404+00:00,73.00091336100013,1283,1791541887.37,descendente,0.9922263319999729,0.0,0.0,11149312,19406848,5029888,5386240,
73,2026-10-09T11:07:49.962404+00:00,73.00091336100013,1284,1791541887.37,descendente,0.9922395569997207,2.0156422769995657,1.0078211384997828,97353728,259780608,83779584,85155840,
73,2026-10-09T11:07:49.962404+00:00,73.00091336100013,1285,1791541887.37,descendente,0.992661365999993,0.0,0.0,45182976,207343616,31518720,32987136,
74,2026-10-09T11:07:50.970392+00:00,74.00914606600008,1282,1791541887.28,principal,1.00798774399982,0.9920755544426337,0.49603777722131687,24023040,32931840,14065664,14795776,
74,2026-10-09T11:07:50.970392+00:00,74.00914606600008,1283,1791541887.37,descendente,1.008063269000104,0.0,0.0,11149312,19406848,5029888,5386240,
74,2026-10-09T11:07:50.970392+00:00,74.00914606600008,1284,1791541887.37,descendente,1.0080420459999004,2.9760663376141765,1.4880331688070882,97353728,259780608,83779584,85155840,
74,2026-10-09T11:07:50.970392+00:00,74.00914606600008,1285,1791541887.37,descendente,1.0080489860001762,0.9920152828761477,0.49600764143807385,45182976,207343616,31518720,32987136,
75,2026-10-09T11:07:51.964453+00:00,75.00291619300015,1282,1791541887.28,principal,0.9940607190001174,0.0,0.0,24023040,32931840,14065664,14795776,
75,2026-10-09T11:07:51.964453+00:00,75.00291619300015,1283,1791541887.37,descendente,0.993910822000089,0.0,0.0,11149312,19406848,5029888,5386240,
75,2026-10-09T11:07:51.964453+00:00,75.00291619300015,1284,1791541887.37,descendente,0.9939042790001622,0.0,0.0,45182976,207351808,31354880,32731136,
75,2026-10-09T11:07:51.964453+00:00,75.00291619300015,1285,1791541887.37,descendente,0.9935060049997446,2.013072885251933,1.0065364426259664,97353728,259772416,83947520,85415936,
76,2026-10-09T11:07:52.971348+00:00,76.01021750300015,1282,1791541887.28,principal,1.006892758000049,0.0,0.0,24023040,32931840,14065664,14795776,
76,2026-10-09T11:07:52.971348+00:00,76.01021750300015,1283,1791541887.37,descendente,1.0068951629996263,0.0,0.0,11149312,19406848,5029888,5386240,
76,2026-10-09T11:07:52.971348+00:00,76.01021750300015,1284,1791541887.37,descendente,1.0068821479999315,0.0,0.0,45182976,207351808,31354880,32731136,
76,2026-10-09T11:07:52.971348+00:00,76.01021750300015,1285,1791541887.37,descendente,1.006862588000331,1.9863683722444445,0.9931841861222223,97353728,259772416,83951616,85420032,
77,2026-10-09T11:07:53.964242+00:00,77.0027532869999,1282,1791541887.28,principal,0.99290072399981,0.0,0.0,24023040,32931840,14065664,14795776,
77,2026-10-09T11:07:53.964242+00:00,77.0027532869999,1283,1791541887.37,descendente,0.9929061960001491,0.0,0.0,11149312,19406848,5029888,5386240,
77,2026-10-09T11:07:53.964242+00:00,77.0027532869999,1284,1791541887.37,descendente,0.9929132309998749,0.0,0.0,45182976,207351808,31354880,32731136,
77,2026-10-09T11:07:53.964242+00:00,77.0027532869999,1285,1791541887.37,descendente,0.9929150479997588,3.0214065201686355,1.5107032600843178,97353728,259772416,83951616,85420032,
78,2026-10-09T11:07:54.962538+00:00,78.00119536200009,1282,1791541887.28,principal,0.9982879849999335,0.0,0.0,24023040,32931840,14065664,14795776,
78,2026-10-09T11:07:54.962538+00:00,78.00119536200009,1283,1791541887.37,descendente,0.9984952830000111,0.0,0.0,11149312,19406848,5029888,5386240,
78,2026-10-09T11:07:54.962538+00:00,78.00119536200009,1284,1791541887.37,descendente,0.9985126040000978,1.0014896116422791,0.5007448058211396,45182976,207351808,31354880,32731136,
78,2026-10-09T11:07:54.962538+00:00,78.00119536200009,1285,1791541887.37,descendente,0.9988547840002866,3.0034395870692205,1.5017197935346103,97353728,259772416,83951616,85420032,
79,2026-10-09T11:07:55.963862+00:00,79.0020805449999,1282,1791541887.28,principal,1.00134856700015,0.0,0.0,24023040,32931840,14065664,14795776,
79,2026-10-09T11:07:55.963862+00:00,79.0020805449999,1283,1791541887.37,descendente,1.0012785019998773,0.0,0.0,11149312,19406848,5029888,5386240,
79,2026-10-09T11:07:55.963862+00:00,79.0020805449999,1284,1791541887.37,descendente,1.0012890900002276,0.0,0.0,45182976,207351808,31354880,32731136,
79,2026-10-09T11:07:55.963862+00:00,79.0020805449999,1285,1791541887.37,descendente,1.0012055739998686,0.9987958776586974,0.4993979388293487,97353728,259772416,83951616,85420032,
80,2026-10-09T11:07:56.962489+00:00,80.00117610999996,1282,1791541887.28,principal,0.9986137959999724,0.0,0.0,24023040,32931840,14065664,14795776,
80,2026-10-09T11:07:56.962489+00:00,80.00117610999996,1283,1791541887.37,descendente,0.9986295050002809,0.0,0.0,11149312,19406848,5029888,5386240,
80,2026-10-09T11:07:56.962489+00:00,80.00117610999996,1284,1791541887.37,descendente,0.9987235789999431,1.0012780523328724,0.5006390261664362,76537856,259780608,62889984,64266240,
80,2026-10-09T11:07:56.962489+00:00,80.00117610999996,1285,1791541887.37,descendente,0.998810383000091,1.0011910338740317,0.5005955169370159,45182976,207343616,31526912,32995328,
81,2026-10-09T11:07:57.966806+00:00,81.00572653200015,1282,1791541887.28,principal,1.0043057679999947,0.0,0.0,24023040,32931840,14065664,14795776,
81,2026-10-09T11:07:57.966806+00:00,81.00572653200015,1283,1791541887.37,descendente,1.0041378649998478,0.0,0.0,11149312,19406848,5029888,5386240,
81,2026-10-09T11:07:57.966806+00:00,81.00572653200015,1284,1791541887.37,descendente,1.0040017900000748,0.996014160492675,0.4980070802463375,97353728,259780608,83783680,85159936,
81,2026-10-09T11:07:57.966806+00:00,81.00572653200015,1285,1791541887.37,descendente,1.0042504129996814,0.0,0.0,45182976,207343616,31526912,32995328,
82,2026-10-09T11:07:58.967216+00:00,82.00593290500001,1282,1791541887.28,principal,1.000425049000114,0.0,0.0,24023040,32931840,14065664,14795776,
82,2026-10-09T11:07:58.967216+00:00,82.00593290500001,1283,1791541887.37,descendente,1.0004660670001613,0.0,0.0,11149312,19406848,5029888,5386240,
82,2026-10-09T11:07:58.967216+00:00,82.00593290500001,1284,1791541887.37,descendente,1.0004906219996883,0.9995096185921972,0.4997548092960986,45182976,207351808,31354880,32731136,
82,2026-10-09T11:07:58.967216+00:00,82.00593290500001,1285,1791541887.37,descendente,0.9999313400003302,3.0002059941425916,1.5001029970712958,97353728,259772416,83955712,85424128,
83,2026-10-09T11:07:59.965642+00:00,83.00347901199984,1282,1791541887.28,principal,0.9984290339998552,0.0,0.0,24023040,32931840,14065664,14795776,
83,2026-10-09T11:07:59.965642+00:00,83.00347901199984,1283,1791541887.37,descendente,0.9987466110001151,0.0,0.0,11149312,19406848,5029888,5386240,
83,2026-10-09T11:07:59.965642+00:00,83.00347901199984,1284,1791541887.37,descendente,0.9987469269999565,0.0,0.0,45182976,207351808,31354880,32731136,
83,2026-10-09T11:07:59.965642+00:00,83.00347901199984,1285,1791541887.37,descendente,0.9987372399996275,3.003793069737886,1.501896534868943,97353728,259772416,83959808,85428224,
84,2026-10-09T11:08:00.963456+00:00,84.002070172,1282,1791541887.28,principal,0.9978107880001517,0.0,0.0,24023040,32931840,14065664,14795776,
84,2026-10-09T11:08:00.963456+00:00,84.002070172,1283,1791541887.37,descendente,0.9974909559996377,0.0,0.0,11149312,19406848,5029888,5386240,
84,2026-10-09T11:08:00.963456+00:00,84.002070172,1284,1791541887.37,descendente,0.9974905510002827,2.005031524353236,1.002515762176618,97353728,259780608,83783680,85159936,
84,2026-10-09T11:08:00.963456+00:00,84.002070172,1285,1791541887.37,descendente,0.9978660550000313,0.0,0.0,45182976,207343616,31531008,32999424,
85,2026-10-09T11:08:01.965573+00:00,85.00444872800017,1282,1791541887.28,principal,1.0021041359996161,0.0,0.0,24023040,32931840,14065664,14795776,
85,2026-10-09T11:08:01.965573+00:00,85.00444872800017,1283,1791541887.37,descendente,1.0021299330001057,0.0,0.0,11149312,19406848,5029888,5386240,
85,2026-10-09T11:08:01.965573+00:00,85.00444872800017,1284,1791541887.37,descendente,1.0021200020000833,0.0,0.0,45182976,207351808,31354880,32731136,
85,2026-10-09T11:08:01.965573+00:00,85.00444872800017,1285,1791541887.37,descendente,1.0017565030002515,1.9964931537853516,0.9982465768926758,97353728,259772416,83959808,85428224,
86,2026-10-09T11:08:02.962695+00:00,86.001342131,1282,1791541887.28,principal,0.9971264520004297,0.0,0.0,24023040,32931840,14065664,14795776,
86,2026-10-09T11:08:02.962695+00:00,86.001342131,1283,1791541887.37,descendente,0.9974412930000653,0.0,0.0,11149312,19406848,5029888,5386240,
86,2026-10-09T11:08:02.962695+00:00,86.001342131,1284,1791541887.37,descendente,0.9975028730000304,0.0,0.0,45182976,207351808,31354880,32731136,
86,2026-10-09T11:08:02.962695+00:00,86.001342131,1285,1791541887.37,descendente,0.9981947159999436,2.0036170978891046,1.0018085489445523,97353728,259772416,83959808,85428224,
87,2026-10-09T11:08:03.968327+00:00,87.00697339999988,1282,1791541887.28,principal,1.0056375479998678,0.0,0.0,24023040,32931840,14065664,14795776,
87,2026-10-09T11:08:03.968327+00:00,87.00697339999988,1283,1791541887.37,descendente,1.0052884920000906,0.0,0.0,11149312,19406848,5029888,5386240,
87,2026-10-09T11:08:03.968327+00:00,87.00697339999988,1284,1791541887.37,descendente,1.0052295089999461,0.0,0.0,45182976,207351808,31354880,32731136,
87,2026-10-09T11:08:03.968327+00:00,87.00697339999988,1285,1791541887.37,descendente,1.0045071079998706,2.986539344627924,1.493269672313962,97353728,259772416,83959808,85428224,
88,2026-10-09T11:08:04.967299+00:00,88.00600467799995,1282,1791541887.28,principal,0.9989716760001102,0.0,0.0,24023040,32931840,14065664,14795776,
88,2026-10-09T11:08:04.967299+00:00,88.00600467799995,1283,1791541887.37,descendente,0.9989683919998242,0.0,0.0,11149312,19406848,5029888,5386240,
88,2026-10-09T11:08:04.967299+00:00,88.00600467799995,1284,1791541887.37,descendente,0.9989792540000053,0.0,0.0,45182976,207351808,31354880,32731136,
88,2026-10-09T11:08:04.967299+00:00,88.00600467799995,1285,1791541887.37,descendente,0.9990200020001794,3.0029428780139655,1.5014714390069828,97353728,259772416,83959808,85428224,
89,2026-10-09T11:08:05.970442+00:00,89.00849163700013,1282,1791541887.28,principal,1.0031543999998576,0.0,0.0,24023040,32931840,14065664,14795776,
89,2026-10-09T11:08:05.970442+00:00,89.00849163700013,1283,1791541887.37,descendente,1.0033777940002437,0.0,0.0,11149312,19406848,5029888,5386240,
89,2026-10-09T11:08:05.970442+00:00,89.00849163700013,1284,1791541887.37,descendente,1.003557095999895,2.9893665362516155,1.4946832681258078,97353728,259780608,83783680,85159936,
89,2026-10-09T11:08:05.970442+00:00,89.00849163700013,1285,1791541887.37,descendente,1.004248037999787,0.0,0.0,45182976,207343616,31531008,32999424,
90,2026-10-09T11:08:06.971327+00:00,90.00962328200012,1282,1791541887.28,principal,1.0008879829997568,0.0,0.0,24023040,32931840,14065664,14795776,
90,2026-10-09T11:08:06.971327+00:00,90.00962328200012,1283,1791541887.37,descendente,1.0006879989996378,0.0,0.0,11149312,19406848,5029888,5386240,
90,2026-10-09T11:08:06.971327+00:00,90.00962328200012,1284,1791541887.37,descendente,1.0005024259999118,1.9989956526103754,0.9994978263051877,97353728,259780608,83783680,85159936,
90,2026-10-09T11:08:06.971327+00:00,90.00962328200012,1285,1791541887.37,descendente,1.000224512999921,0.0,0.0,45182976,207343616,31531008,32999424,
91,2026-10-09T11:08:07.961561+00:00,91.00021028399988,1282,1791541887.28,principal,0.9902103560002615,0.0,0.0,24023040,32931840,14065664,14795776,
91,2026-10-09T11:08:07.961561+00:00,91.00021028399988,1283,1791541887.37,descendente,0.9902177050003047,0.0,0.0,11149312,19406848,5029888,5386240,
91,2026-10-09T11:08:07.961561+00:00,91.00021028399988,1284,1791541887.37,descendente,0.9902044179998484,1.009892484644742,0.504946242322371,45182976,207351808,31354880,32731136,
91,2026-10-09T11:08:07.961561+00:00,91.00021028399988,1285,1791541887.37,descendente,0.9897490840003229,2.020714171228668,1.010357085614334,97353728,259772416,83959808,85428224,
92,2026-10-09T11:08:08.962456+00:00,92.00124866900023,1282,1791541887.28,principal,1.0008992359998956,0.0,0.0,24023040,32931840,14065664,14795776,
92,2026-10-09T11:08:08.962456+00:00,92.00124866900023,1283,1791541887.37,descendente,1.0009558449996803,0.0,0.0,11149312,19406848,5029888,5386240,
92,2026-10-09T11:08:08.962456+00:00,92.00124866900023,1284,1791541887.37,descendente,1.0010186700001213,0.0,0.0,45182976,207351808,31354880,32731136,
92,2026-10-09T11:08:08.962456+00:00,92.00124866900023,1285,1791541887.37,descendente,1.001031645999774,2.996908251590582,1.498454125795291,97353728,259772416,83959808,85428224,
93,2026-10-09T11:08:09.963546+00:00,93.00180595300026,1282,1791541887.28,principal,1.0010997419999512,0.0,0.0,24023040,32931840,14065664,14795776,
93,2026-10-09T11:08:09.963546+00:00,93.00180595300026,1283,1791541887.37,descendente,1.0013544790003834,0.0,0.0,11149312,19406848,5029888,5386240,
93,2026-10-09T11:08:09.963546+00:00,93.00180595300026,1284,1791541887.37,descendente,1.0013509539999177,0.0,0.0,45182976,207351808,31354880,32731136,
93,2026-10-09T11:08:09.963546+00:00,93.00180595300026,1285,1791541887.37,descendente,1.0014084590002312,2.9957805658991776,1.4978902829495888,97353728,259772416,83959808,85428224,
94,2026-10-09T11:08:10.962002+00:00,94.00075138900002,1282,1791541887.28,principal,0.9984482170002593,0.0,0.0,24023040,32931840,14065664,14795776,
94,2026-10-09T11:08:10.962002+00:00,94.00075138900002,1283,1791541887.37,descendente,0.9992136779997054,0.0,0.0,11149312,19406848,5029888,5386240,
94,2026-10-09T11:08:10.962002+00:00,94.00075138900002,1284,1791541887.37,descendente,0.9993600400002833,3.0019211094323666,1.5009605547161833,97353728,259780608,83783680,85159936,
94,2026-10-09T11:08:10.962002+00:00,94.00075138900002,1285,1791541887.37,descendente,1.000446632999683,0.0,0.0,45182976,207343616,31531008,32999424,
95,2026-10-09T11:08:11.964933+00:00,95.00295221399983,1282,1791541887.28,principal,1.002929591999873,0.9970789654396073,0.49853948271980364,24023040,32931840,14065664,14795776,
95,2026-10-09T11:08:11.964933+00:00,95.00295221399983,1283,1791541887.37,descendente,1.0018152229999941,0.0,0.0,11149312,19406848,5029888,5386240,
95,2026-10-09T11:08:11.964933+00:00,95.00295221399983,1284,1791541887.37,descendente,1.0016189969996958,0.0,0.0,45182976,207351808,31354880,32731136,
95,2026-10-09T11:08:11.964933+00:00,95.00295221399983,1285,1791541887.37,descendente,1.0004732130000775,0.0,0.0,45182976,207343616,31531008,32999424,
96,2026-10-09T11:08:12.962476+00:00,96.00042454799996,1282,1791541887.28,principal,0.9975540800000999,0.0,0.0,24023040,32931840,14061568,14724096,
96,2026-10-09T11:08:12.962476+00:00,96.00042454799996,1283,1791541887.37,descendente,0.9978149819999089,0.0,0.0,11149312,19406848,5029888,5364736,
96,2026-10-09T11:08:12.962476+00:00,96.00042454799996,1284,1791541887.37,descendente,0.9980398320003587,1.001964017804471,0.5009820089022355,45182976,207351808,31354880,32654336,
96,2026-10-09T11:08:12.962476+00:00,96.00042454799996,1285,1791541887.37,descendente,0.9983000720003474,1.001702822675576,0.500851411337788,45182976,207343616,31535104,32897024,
97,2026-10-09T11:08:13.962699+00:00,97.00155326000004,1282,1791541887.28,principal,1.0002075239999613,0.0,0.0,24023040,32931840,14065664,14795776,
97,2026-10-09T11:08:13.962699+00:00,97.00155326000004,1283,1791541887.37,descendente,1.0000347160003003,0.0,0.0,11149312,19406848,5029888,5386240,
97,2026-10-09T11:08:13.962699+00:00,97.00155326000004,1284,1791541887.37,descendente,0.9998201280000103,0.0,0.0,45182976,207351808,31354880,32731136,
97,2026-10-09T11:08:13.962699+00:00,97.00155326000004,1285,1791541887.37,descendente,0.9997564859995691,0.0,0.0,45182976,207343616,31535104,33003520,
98,2026-10-09T11:08:14.962507+00:00,98.00129580200019,1282,1791541887.28,principal,0.999806074999924,0.0,0.0,24023040,32931840,14065664,14795776,
98,2026-10-09T11:08:14.962507+00:00,98.00129580200019,1283,1791541887.37,descendente,0.999740680999821,0.0,0.0,11149312,19406848,5029888,5386240,
98,2026-10-09T11:08:14.962507+00:00,98.00129580200019,1284,1791541887.37,descendente,0.9997251899999355,1.0002748855413388,0.5001374427706694,45182976,207351808,31354880,32731136,
98,2026-10-09T11:08:14.962507+00:00,98.00129580200019,1285,1791541887.37,descendente,0.9995487210003375,0.0,0.0,45182976,207343616,31535104,33003520,
99,2026-10-09T11:08:15.963083+00:00,99.00187092499982,1282,1791541887.28,principal,1.0005766270001004,0.0,0.0,24023040,32931840,14061568,14744576,
99,2026-10-09T11:08:15.963083+00:00,99.00187092499982,1283,1791541887.37,descendente,1.0005415700002231,0.0,0.0,11149312,19406848,5029888,5368832,
99,2026-10-09T11:08:15.963083+00:00,99.00187092499982,1284,1791541887.37,descendente,1.0005334630000107,0.0,0.0,45182976,207351808,31354880,32676864,
99,2026-10-09T11:08:15.963083+00:00,99.00187092499982,1285,1791541887.37,descendente,1.0004894319999948,0.9995108074265723,0.49975540371328614,45182976,207343616,31535104,32926720,
100,2026-10-09T11:08:16.963732+00:00,100.00253136699985,1282,1791541887.28,principal,1.0006475899999714,0.0,0.0,24023040,32931840,14065664,14795776,
100,2026-10-09T11:08:16.963732+00:00,100.00253136699985,1283,1791541887.37,descendente,1.0006797020000704,0.0,0.0,11149312,19406848,5029888,5386240,
100,2026-10-09T11:08:16.963732+00:00,100.00253136699985,1284,1791541887.37,descendente,1.0006832619997112,0.0,0.0,45182976,207351808,31354880,32731136,
100,2026-10-09T11:08:16.963732+00:00,100.00253136699985,1285,1791541887.37,descendente,1.0007311489998756,0.0,0.0,45182976,207343616,31535104,33003520,
101,2026-10-09T11:08:17.965699+00:00,101.00459744399996,1282,1791541887.28,principal,1.0019670769997902,0.0,0.0,24023040,32931840,14065664,14795776,
101,2026-10-09T11:08:17.965699+00:00,101.00459744399996,1283,1791541887.37,descendente,1.0019309199997224,0.0,0.0,11149312,19406848,5029888,5386240,
101,2026-10-09T11:08:17.965699+00:00,101.00459744399996,1284,1791541887.37,descendente,1.0019292040001346,0.0,0.0,45182976,207351808,31354880,32731136,
101,2026-10-09T11:08:17.965699+00:00,101.00459744399996,1285,1791541887.37,descendente,1.0018832040000234,0.0,0.0,45182976,207343616,31535104,33003520,
102,2026-10-09T11:08:18.962802+00:00,102.00153010700024,1282,1791541887.28,principal,0.9971044439998877,0.0,0.0,24023040,32931840,14065664,14795776,
102,2026-10-09T11:08:18.962802+00:00,102.00153010700024,1283,1791541887.37,descendente,0.9971995300002163,0.0,0.0,11149312,19406848,5029888,5386240,
102,2026-10-09T11:08:18.962802+00:00,102.00153010700024,1284,1791541887.37,descendente,0.9974720640002488,0.0,0.0,45182976,207351808,31354880,32731136,
102,2026-10-09T11:08:18.962802+00:00,102.00153010700024,1285,1791541887.37,descendente,0.9974949590000506,0.0,0.0,45182976,207343616,31535104,33003520,
103,2026-10-09T11:08:19.962479+00:00,103.00129471199989,1282,1791541887.28,principal,0.9996803870003532,0.0,0.0,24023040,32931840,14065664,14795776,
103,2026-10-09T11:08:19.962479+00:00,103.00129471199989,1283,1791541887.37,descendente,0.999715045999892,0.0,0.0,11149312,19406848,5029888,5386240,
103,2026-10-09T11:08:19.962479+00:00,103.00129471199989,1284,1791541887.37,descendente,0.9994959050000034,0.0,0.0,45182976,207351808,31354880,32731136,
103,2026-10-09T11:08:19.962479+00:00,103.00129471199989,1285,1791541887.37,descendente,0.9995501719999993,0.0,0.0,45182976,207343616,31535104,33003520,
104,2026-10-09T11:08:20.962708+00:00,104.001351118,1282,1791541887.28,principal,1.000504202999764,0.0,0.0,24023040,32931840,14065664,14771200,
104,2026-10-09T11:08:20.962708+00:00,104.001351118,1283,1791541887.37,descendente,1.0004373769997983,0.0,0.0,11149312,19406848,5029888,5384192,
104,2026-10-09T11:08:20.962708+00:00,104.001351118,1284,1791541887.37,descendente,1.000422855999659,0.0,0.0,45182976,207351808,31354880,32695296,
104,2026-10-09T11:08:20.962708+00:00,104.001351118,1285,1791541887.37,descendente,1.0008557390001442,0.0,0.0,45182976,207343616,31535104,32946176,
105,2026-10-09T11:08:21.964624+00:00,105.00318004300016,1282,1791541887.28,principal,1.0016388369999731,0.0,0.0,24023040,32931840,14065664,14795776,
105,2026-10-09T11:08:21.964624+00:00,105.00318004300016,1283,1791541887.37,descendente,1.0015796659999978,0.0,0.0,11149312,19406848,5029888,5386240,
105,2026-10-09T11:08:21.964624+00:00,105.00318004300016,1284,1791541887.37,descendente,1.0015432260001944,0.0,0.0,45182976,207351808,31354880,32731136,
105,2026-10-09T11:08:21.964624+00:00,105.00318004300016,1285,1791541887.37,descendente,1.0010346909998589,0.9989663784790048,0.4994831892395024,45182976,207343616,31535104,33003520,
106,2026-10-09T11:08:22.962574+00:00,106.00116191200004,1282,1791541887.28,principal,0.997953924000285,0.0,0.0,24023040,32931840,14065664,14795776,
106,2026-10-09T11:08:22.962574+00:00,106.00116191200004,1283,1791541887.37,descendente,0.9980854270002055,0.0,0.0,11149312,19406848,5029888,5386240,
106,2026-10-09T11:08:22.962574+00:00,106.00116191200004,1284,1791541887.37,descendente,0.9983582310001111,1.0016444688378268,0.5008222344189134,45182976,207351808,31354880,32731136,
106,2026-10-09T11:08:22.962574+00:00,106.00116191200004,1285,1791541887.37,descendente,0.99842951599976,0.0,0.0,45182976,207343616,31535104,33003520,
107,2026-10-09T11:08:23.963776+00:00,107.00262602400016,1282,1791541887.28,principal,1.0011961319996772,0.0,0.0,24023040,32931840,14065664,14795776,
107,2026-10-09T11:08:23.963776+00:00,107.00262602400016,1283,1791541887.37,descendente,1.0010643370001162,0.0,0.0,11149312,19406848,5029888,5386240,
107,2026-10-09T11:08:23.963776+00:00,107.00262602400016,1284,1791541887.37,descendente,1.0007892179996816,0.0,0.0,45182976,207351808,31354880,32731136,
107,2026-10-09T11:08:23.963776+00:00,107.00262602400016,1285,1791541887.37,descendente,1.000723422000192,0.0,0.0,45182976,207343616,31535104,33003520,
108,2026-10-09T11:08:24.962584+00:00,108.00130450500001,1282,1791541887.28,principal,0.9988111610000487,0.0,0.0,24023040,32931840,14065664,14775296,
108,2026-10-09T11:08:24.962584+00:00,108.00130450500001,1283,1791541887.37,descendente,0.9988131569998586,0.0,0.0,11149312,19406848,5029888,5381120,
108,2026-10-09T11:08:24.962584+00:00,108.00130450500001,1284,1791541887.37,descendente,0.9988178580001659,0.0,0.0,45182976,207351808,31354880,32703488,
108,2026-10-09T11:08:24.962584+00:00,108.00130450500001,1285,1791541887.37,descendente,0.9988180189998275,0.0,0.0,45182976,207343616,31535104,32958464,
109,2026-10-09T11:08:25.962308+00:00,109.00116764799986,1282,1791541887.28,principal,0.9997205160002522,0.0,0.0,24023040,32931840,14065664,14795776,
109,2026-10-09T11:08:25.962308+00:00,109.00116764799986,1283,1791541887.37,descendente,0.9997429219997684,0.0,0.0,11149312,19406848,5029888,5386240,
109,2026-10-09T11:08:25.962308+00:00,109.00116764799986,1284,1791541887.37,descendente,0.999883564999891,0.0,0.0,45182976,207351808,31354880,32731136,
109,2026-10-09T11:08:25.962308+00:00,109.00116764799986,1285,1791541887.37,descendente,1.000182241999937,0.0,0.0,45182976,207343616,31535104,33003520,
110,2026-10-09T11:08:26.963078+00:00,110.00162785300017,1282,1791541887.28,principal,1.0007800949997545,0.0,0.0,24023040,32931840,14065664,14795776,
110,2026-10-09T11:08:26.963078+00:00,110.00162785300017,1283,1791541887.37,descendente,1.0007802700001776,0.0,0.0,11149312,19406848,5029888,5386240,
110,2026-10-09T11:08:26.963078+00:00,110.00162785300017,1284,1791541887.37,descendente,1.0006426879999708,0.0,0.0,45182976,207351808,31354880,32731136,
110,2026-10-09T11:08:26.963078+00:00,110.00162785300017,1285,1791541887.37,descendente,1.0007257880001816,0.0,0.0,45182976,207343616,31535104,33003520,
111,2026-10-09T11:08:27.962618+00:00,111.00135529499994,1282,1791541887.28,principal,0.999539575000199,0.0,0.0,24023040,32931840,14065664,14795776,
111,2026-10-09T11:08:27.962618+00:00,111.00135529499994,1283,1791541887.37,descendente,0.9995313509998596,0.0,0.0,11149312,19406848,5029888,5386240,
111,2026-10-09T11:08:27.962618+00:00,111.00135529499994,1284,1791541887.37,descendente,0.9995332280000184,0.0,0.0,45182976,207351808,31354880,32731136,
111,2026-10-09T11:08:27.962618+00:00,111.00135529499994,1285,1791541887.37,descendente,0.999170119000155,0.0,0.0,45182976,207343616,31535104,33003520,
112,2026-10-09T11:08:28.962817+00:00,112.00128314799986,1282,1791541887.28,principal,1.0002018830000452,0.0,0.0,24023040,32931840,14065664,14767104,
112,2026-10-09T11:08:28.962817+00:00,112.00128314799986,1283,1791541887.37,descendente,1.0002209180001955,0.0,0.0,11149312,19406848,5029888,5381120,
112,2026-10-09T11:08:28.962817+00:00,112.00128314799986,1284,1791541887.37,descendente,1.0002240409999104,0.0,0.0,45182976,207351808,31354880,32703488,
112,2026-10-09T11:08:28.962817+00:00,112.00128314799986,1285,1791541887.37,descendente,1.0002564869996604,0.0,0.0,45182976,207343616,31535104,32959488,
113,2026-10-09T11:08:29.963267+00:00,113.00180104699984,1282,1791541887.28,principal,1.000439986999936,0.0,0.0,24023040,32931840,14065664,14795776,
113,2026-10-09T11:08:29.963267+00:00,113.00180104699984,1283,1791541887.37,descendente,1.0004075289998582,0.0,0.0,11149312,19406848,5029888,5386240,
113,2026-10-09T11:08:29.963267+00:00,113.00180104699984,1284,1791541887.37,descendente,1.0003980040000897,0.9996021543440514,0.4998010771720257,45182976,207351808,31354880,32731136,
113,2026-10-09T11:08:29.963267+00:00,113.00180104699984,1285,1791541887.37,descendente,1.0004016870002488,0.0,0.0,45182976,207343616,31535104,33003520,
114,2026-10-09T11:08:30.962943+00:00,114.00165138400007,1282,1791541887.28,principal,0.9997558029999709,1.0002442566467702,0.5001221283233851,24023040,32931840,14065664,14795776,
114,2026-10-09T11:08:30.962943+00:00,114.00165138400007,1283,1791541887.37,descendente,0.999769013000332,0.0,0.0,11149312,19406848,5029888,5386240,
114,2026-10-09T11:08:30.962943+00:00,114.00165138400007,1284,1791541887.37,descendente,0.9997701500001313,0.0,0.0,45182976,207351808,31354880,32731136,
114,2026-10-09T11:08:30.962943+00:00,114.00165138400007,1285,1791541887.37,descendente,0.9999404959999083,1.0000595075410073,0.5000297537705036,45182976,207343616,31535104,33003520,
115,2026-10-09T11:08:31.961758+00:00,115.00053288000026,1282,1791541887.28,principal,0.9987371249999342,0.0,0.0,24023040,32931840,14065664,14795776,
115,2026-10-09T11:08:31.961758+00:00,115.00053288000026,1283,1791541887.37,descendente,0.9987253419999433,0.0,0.0,11149312,19406848,5029888,5386240,
115,2026-10-09T11:08:31.961758+00:00,115.00053288000026,1284,1791541887.37,descendente,0.9987205249999533,0.0,0.0,45182976,207351808,31354880,32731136,
115,2026-10-09T11:08:31.961758+00:00,115.00053288000026,1285,1791541887.37,descendente,0.9986443359998702,0.0,0.0,45182976,207343616,31535104,33003520,
116,2026-10-09T11:08:32.963715+00:00,116.00130954999986,1282,1791541887.28,principal,1.0019803619998129,0.0,0.0,24023040,32931840,14061568,14769152,
116,2026-10-09T11:08:32.963715+00:00,116.00130954999986,1283,1791541887.37,descendente,1.0029115279999132,0.0,0.0,11149312,19406848,5029888,5380096,
116,2026-10-09T11:08:32.963715+00:00,116.00130954999986,1284,1791541887.37,descendente,1.0030939039997975,0.0,0.0,45182976,207351808,31354880,32706560,
116,2026-10-09T11:08:32.963715+00:00,116.00130954999986,1285,1791541887.37,descendente,1.0030299600002763,0.0,0.0,45182976,207343616,31535104,32955392,
117,2026-10-09T11:08:33.962962+00:00,117.001653197,1282,1791541887.28,principal,0.999233452000226,0.0,0.0,24023040,32931840,14065664,14795776,
117,2026-10-09T11:08:33.962962+00:00,117.001653197,1283,1791541887.37,descendente,0.9983707239998694,0.0,0.0,11149312,19406848,5029888,5386240,
117,2026-10-09T11:08:33.962962+00:00,117.001653197,1284,1791541887.37,descendente,0.99819547900006,0.0,0.0,45182976,207351808,31354880,32731136,
117,2026-10-09T11:08:33.962962+00:00,117.001653197,1285,1791541887.37,descendente,0.9981504309998854,0.0,0.0,45182976,207343616,31535104,33003520,
118,2026-10-09T11:08:34.961995+00:00,118.00059602600004,1282,1791541887.28,principal,0.999027063000085,0.0,0.0,24023040,32931840,14065664,14795776,
118,2026-10-09T11:08:34.961995+00:00,118.00059602600004,1283,1791541887.37,descendente,0.9989615270001195,0.0,0.0,11149312,19406848,5029888,5386240,
118,2026-10-09T11:08:34.961995+00:00,118.00059602600004,1284,1791541887.37,descendente,0.9989716510003745,0.0,0.0,45182976,207351808,31354880,32731136,
118,2026-10-09T11:08:34.961995+00:00,118.00059602600004,1285,1791541887.37,descendente,0.9990161460000309,0.0,0.0,45182976,207343616,31535104,33003520,
119,2026-10-09T11:08:35.961883+00:00,119.00058954099995,1282,1791541887.28,principal,0.9998841619999439,0.0,0.0,24023040,32931840,14065664,14795776,
119,2026-10-09T11:08:35.961883+00:00,119.00058954099995,1283,1791541887.37,descendente,0.999885784000071,0.0,0.0,11149312,19406848,5029888,5386240,
119,2026-10-09T11:08:35.961883+00:00,119.00058954099995,1284,1791541887.37,descendente,0.9998826699998062,0.0,0.0,45182976,207351808,31354880,32731136,
119,2026-10-09T11:08:35.961883+00:00,119.00058954099995,1285,1791541887.37,descendente,0.9999510009997721,0.0,0.0,45182976,207343616,31535104,33003520,
120,2026-10-09T11:08:36.962603+00:00,120.00119735199996,1282,1791541887.28,principal,1.0007156870001381,0.0,0.0,24023040,32931840,14061568,14746624,
120,2026-10-09T11:08:36.962603+00:00,120.00119735199996,1283,1791541887.37,descendente,1.0007166450000113,0.0,0.0,11149312,19406848,5029888,5366784,
120,2026-10-09T11:08:36.962603+00:00,120.00119735199996,1284,1791541887.37,descendente,1.0007442500000252,0.9992563034961652,0.4996281517480826,45182976,207351808,31354880,32673792,
120,2026-10-09T11:08:36.962603+00:00,120.00119735199996,1285,1791541887.37,descendente,1.0006135590001577,0.0,0.0,45182976,207343616,31535104,32918528,
121,2026-10-09T11:08:37.963485+00:00,121.00223514300023,1282,1791541887.28,principal,1.0008855510000103,0.0,0.0,24023040,32931840,14065664,14795776,
121,2026-10-09T11:08:37.963485+00:00,121.00223514300023,1283,1791541887.37,descendente,1.001138845999776,0.0,0.0,11149312,19406848,5029888,5386240,
121,2026-10-09T11:08:37.963485+00:00,121.00223514300023,1284,1791541887.37,descendente,1.0011051229998884,0.0,0.0,45182976,207351808,31354880,32731136,
121,2026-10-09T11:08:37.963485+00:00,121.00223514300023,1285,1791541887.37,descendente,1.0011166799999955,0.9988845655833763,0.4994422827916882,45182976,207343616,31535104,33003520,
122,2026-10-09T11:08:38.962702+00:00,122.00156768900024,1282,1791541887.28,principal,0.9992131459998745,0.0,0.0,24023040,32931840,14065664,14795776,
122,2026-10-09T11:08:38.962702+00:00,122.00156768900024,1283,1791541887.37,descendente,0.9989581310001086,0.0,0.0,11149312,19406848,5029888,5386240,
122,2026-10-09T11:08:38.962702+00:00,122.00156768900024,1284,1791541887.37,descendente,0.9989563770000132,0.0,0.0,45182976,207351808,31354880,32731136,
122,2026-10-09T11:08:38.962702+00:00,122.00156768900024,1285,1791541887.37,descendente,0.9989189809998607,0.0,0.0,45182976,207343616,31535104,33003520,
123,2026-10-09T11:08:39.962795+00:00,123.00152207200017,1282,1791541887.28,principal,1.0000968049998846,0.0,0.0,24023040,32931840,14065664,14795776,
123,2026-10-09T11:08:39.962795+00:00,123.00152207200017,1283,1791541887.37,descendente,1.000104084999748,0.0,0.0,11149312,19406848,5029888,5386240,
123,2026-10-09T11:08:39.962795+00:00,123.00152207200017,1284,1791541887.37,descendente,1.0001076950002243,0.0,0.0,45182976,207351808,31354880,32731136,
123,2026-10-09T11:08:39.962795+00:00,123.00152207200017,1285,1791541887.37,descendente,1.0008556370003134,0.0,0.0,45182976,207343616,31535104,33003520,
124,2026-10-09T11:08:40.962776+00:00,124.00155886699986,1282,1791541887.28,principal,0.9999836110000615,0.0,0.0,24023040,32931840,14065664,14795776,
124,2026-10-09T11:08:40.962776+00:00,124.00155886699986,1283,1791541887.37,descendente,1.000106163000055,0.0,0.0,11149312,19406848,5029888,5386240,
124,2026-10-09T11:08:40.962776+00:00,124.00155886699986,1284,1791541887.37,descendente,1.000127164999867,0.0,0.0,45182976,207351808,31354880,32731136,
124,2026-10-09T11:08:40.962776+00:00,124.00155886699986,1285,1791541887.37,descendente,0.9994093269997393,0.0,0.0,45182976,207343616,31535104,33003520,
125,2026-10-09T11:08:41.963133+00:00,125.00173758200026,1282,1791541887.28,principal,1.0003832580000562,0.0,0.0,24023040,32931840,14065664,14795776,
125,2026-10-09T11:08:41.963133+00:00,125.00173758200026,1283,1791541887.37,descendente,1.0005956990003142,0.0,0.0,11149312,19406848,5029888,5386240,
125,2026-10-09T11:08:41.963133+00:00,125.00173758200026,1284,1791541887.37,descendente,1.0006115319997662,0.0,0.0,45182976,207351808,31354880,32731136,
125,2026-10-09T11:08:41.963133+00:00,125.00173758200026,1285,1791541887.37,descendente,1.0006454340000346,0.0,0.0,45182976,207343616,31535104,33003520,
126,2026-10-09T11:08:42.964442+00:00,126.00306125799989,1282,1791541887.28,principal,1.0012848880001002,0.0,0.0,24023040,32931840,14065664,14795776,
126,2026-10-09T11:08:42.964442+00:00,126.00306125799989,1283,1791541887.37,descendente,1.000961578999977,0.0,0.0,11149312,19406848,5029888,5386240,
126,2026-10-09T11:08:42.964442+00:00,126.00306125799989,1284,1791541887.37,descendente,1.0009535170001982,0.0,0.0,45182976,207351808,31354880,32731136,
126,2026-10-09T11:08:42.964442+00:00,126.00306125799989,1285,1791541887.37,descendente,1.0009520530002192,0.0,0.0,45182976,207343616,31535104,33003520,
127,2026-10-09T11:08:43.964870+00:00,127.00332179299994,1282,1791541887.28,principal,1.0004242059999342,0.0,0.0,24023040,32931840,14065664,14795776,
127,2026-10-09T11:08:43.964870+00:00,127.00332179299994,1283,1791541887.37,descendente,1.0003982109997196,0.0,0.0,11149312,19406848,5029888,5386240,
127,2026-10-09T11:08:43.964870+00:00,127.00332179299994,1284,1791541887.37,descendente,1.0004202350000924,0.0,0.0,45182976,207351808,31354880,32731136,
127,2026-10-09T11:08:43.964870+00:00,127.00332179299994,1285,1791541887.37,descendente,1.0003581599999052,0.0,0.0,45182976,207343616,31535104,33003520,
128,2026-10-09T11:08:44.964108+00:00,128.0029582530001,1282,1791541887.28,principal,0.999233606999951,0.0,0.0,24023040,32931840,14065664,14795776,
128,2026-10-09T11:08:44.964108+00:00,128.0029582530001,1283,1791541887.37,descendente,0.9992340860003424,0.0,0.0,11149312,19406848,5029888,5386240,
128,2026-10-09T11:08:44.964108+00:00,128.0029582530001,1284,1791541887.37,descendente,0.9991775059997963,0.0,0.0,45182976,207351808,31354880,32731136,
128,2026-10-09T11:08:44.964108+00:00,128.0029582530001,1285,1791541887.37,descendente,0.9991792330001772,0.0,0.0,45182976,207343616,31535104,33003520,
129,2026-10-09T11:08:45.964768+00:00,129.00335976899987,1282,1791541887.28,principal,1.0006703779999953,0.0,0.0,24023040,32931840,14065664,14768128,
129,2026-10-09T11:08:45.964768+00:00,129.00335976899987,1283,1791541887.37,descendente,1.0011565119998522,0.0,0.0,11149312,19406848,5029888,5384192,
129,2026-10-09T11:08:45.964768+00:00,129.00335976899987,1284,1791541887.37,descendente,1.0014432440002565,0.9985588359510892,0.4992794179755446,45182976,207351808,31354880,32695296,
129,2026-10-09T11:08:45.964768+00:00,129.00335976899987,1285,1791541887.37,descendente,1.0014558650000254,0.0,0.0,45182976,207343616,31535104,32936960,
130,2026-10-09T11:08:46.962682+00:00,130.00141361499982,1282,1791541887.28,principal,0.997907099999793,1.0020972894172075,0.5010486447086038,24023040,32931840,14065664,14795776,
130,2026-10-09T11:08:46.962682+00:00,130.00141361499982,1283,1791541887.37,descendente,0.997426065000127,0.0,0.0,11149312,19406848,5029888,5386240,
130,2026-10-09T11:08:46.962682+00:00,130.00141361499982,1284,1791541887.37,descendente,0.9976592339999115,0.0,0.0,45182976,207351808,31354880,32731136,
130,2026-10-09T11:08:46.962682+00:00,130.00141361499982,1285,1791541887.37,descendente,0.997702026999832,1.0023032658428659,0.5011516329214329,45182976,207343616,31535104,33003520,
131,2026-10-09T11:08:47.961691+00:00,131.000532561,1282,1791541887.28,principal,0.9990048220001881,0.0,0.0,24023040,32931840,14065664,14795776,
131,2026-10-09T11:08:47.961691+00:00,131.000532561,1283,1791541887.37,descendente,0.9989960739999333,0.0,0.0,11149312,19406848,5029888,5386240,
131,2026-10-09T11:08:47.961691+00:00,131.000532561,1284,1791541887.37,descendente,0.9984787180001149,0.0,0.0,45182976,207351808,31354880,32731136,
131,2026-10-09T11:08:47.961691+00:00,131.000532561,1285,1791541887.37,descendente,0.9984463279997726,0.0,0.0,45182976,207343616,31535104,33003520,
132,2026-10-09T11:08:48.967916+00:00,132.00660477200017,1282,1791541887.28,principal,1.0062372600000344,0.0,0.0,24023040,32931840,14065664,14795776,
132,2026-10-09T11:08:48.967916+00:00,132.00660477200017,1283,1791541887.37,descendente,1.0062787560000288,0.0,0.0,11149312,19406848,5029888,5386240,
132,2026-10-09T11:08:48.967916+00:00,132.00660477200017,1284,1791541887.37,descendente,1.0062929959999565,0.0,0.0,45182976,207351808,31354880,32731136,
132,2026-10-09T11:08:48.967916+00:00,132.00660477200017,1285,1791541887.37,descendente,1.0062993280002956,0.0,0.0,45182976,207343616,31535104,33003520,
133,2026-10-09T11:08:49.963265+00:00,133.00127034000025,1282,1791541887.28,principal,0.9953880610000851,0.0,0.0,24023040,32931840,14065664,14776320,
133,2026-10-09T11:08:49.963265+00:00,133.00127034000025,1283,1791541887.37,descendente,0.9953809869998622,0.0,0.0,11149312,19406848,5029888,5383168,
133,2026-10-09T11:08:49.963265+00:00,133.00127034000025,1284,1791541887.37,descendente,0.9953748449997875,0.0,0.0,45182976,207351808,31354880,32707584,
133,2026-10-09T11:08:49.963265+00:00,133.00127034000025,1285,1791541887.37,descendente,0.9958079009998073,0.0,0.0,45182976,207343616,31535104,32957440,
134,2026-10-09T11:08:50.965290+00:00,134.00385501100027,1282,1791541887.28,principal,1.0019750139999815,0.0,0.0,24023040,32931840,14065664,14795776,
134,2026-10-09T11:08:50.965290+00:00,134.00385501100027,1283,1791541887.37,descendente,1.0019423270000516,0.0,0.0,11149312,19406848,5029888,5386240,
134,2026-10-09T11:08:50.965290+00:00,134.00385501100027,1284,1791541887.37,descendente,1.0019317800001772,0.0,0.0,45182976,207351808,31354880,32731136,
134,2026-10-09T11:08:50.965290+00:00,134.00385501100027,1285,1791541887.37,descendente,1.0014693020002596,0.0,0.0,45182976,207343616,31535104,33003520,
135,2026-10-09T11:08:51.968274+00:00,135.0070698909999,1282,1791541887.28,principal,1.0029874929996367,0.0,0.0,24023040,32931840,14065664,14795776,
135,2026-10-09T11:08:51.968274+00:00,135.0070698909999,1283,1791541887.37,descendente,1.0030008720000296,0.0,0.0,11149312,19406848,5029888,5386240,
135,2026-10-09T11:08:51.968274+00:00,135.0070698909999,1284,1791541887.37,descendente,1.0030048089997763,0.0,0.0,45182976,207351808,31354880,32731136,
135,2026-10-09T11:08:51.968274+00:00,135.0070698909999,1285,1791541887.37,descendente,1.003173863000029,0.0,0.0,45182976,207343616,31535104,33003520,
136,2026-10-09T11:08:52.962072+00:00,136.0004961730001,1282,1791541887.28,principal,0.9938026970003193,0.0,0.0,24023040,32931840,14065664,14795776,
136,2026-10-09T11:08:52.962072+00:00,136.0004961730001,1283,1791541887.37,descendente,0.9939445189997969,0.0,0.0,11149312,19406848,5029888,5386240,
136,2026-10-09T11:08:52.962072+00:00,136.0004961730001,1284,1791541887.37,descendente,0.9944623430001229,0.0,0.0,45182976,207351808,31354880,32731136,
136,2026-10-09T11:08:52.962072+00:00,136.0004961730001,1285,1791541887.37,descendente,0.9946527069996591,0.0,0.0,45182976,207343616,31535104,33003520,
137,2026-10-09T11:08:53.962266+00:00,137.00075417400012,1282,1791541887.28,principal,1.0001910749997478,0.0,0.0,24023040,32931840,14065664,14767104,
137,2026-10-09T11:08:53.962266+00:00,137.00075417400012,1283,1791541887.37,descendente,1.0000468550001642,0.0,0.0,11149312,19406848,5029888,5381120,
137,2026-10-09T11:08:53.962266+00:00,137.00075417400012,1284,1791541887.37,descendente,0.9996509450002122,0.0,0.0,45182976,207351808,31354880,32703488,
137,2026-10-09T11:08:53.962266+00:00,137.00075417400012,1285,1791541887.37,descendente,0.9993388679999953,0.0,0.0,45182976,207343616,31535104,32960512,
138,2026-10-09T11:08:54.962439+00:00,138.00099232799994,1282,1791541887.28,principal,1.0001679599999989,0.0,0.0,24023040,32931840,14065664,14795776,
138,2026-10-09T11:08:54.962439+00:00,138.00099232799994,1283,1791541887.37,descendente,1.0001569050000398,0.0,0.0,11149312,19406848,5029888,5386240,
138,2026-10-09T11:08:54.962439+00:00,138.00099232799994,1284,1791541887.37,descendente,1.0000404139996135,0.0,0.0,45182976,207351808,31354880,32731136,
138,2026-10-09T11:08:54.962439+00:00,138.00099232799994,1285,1791541887.37,descendente,1.000206554000215,0.0,0.0,45182976,207343616,31535104,33003520,
139,2026-10-09T11:08:55.969120+00:00,139.00795933000018,1282,1791541887.28,principal,1.0066811020001296,0.0,0.0,24023040,32931840,14065664,14795776,
139,2026-10-09T11:08:55.969120+00:00,139.00795933000018,1283,1791541887.37,descendente,1.006701559999783,0.0,0.0,11149312,19406848,5029888,5386240,
139,2026-10-09T11:08:55.969120+00:00,139.00795933000018,1284,1791541887.37,descendente,1.0066972009999517,0.0,0.0,45182976,207351808,31354880,32731136,
139,2026-10-09T11:08:55.969120+00:00,139.00795933000018,1285,1791541887.37,descendente,1.0064874669997153,0.0,0.0,45182976,207343616,31535104,33003520,
140,2026-10-09T11:08:56.970871+00:00,140.00973957299993,1282,1791541887.28,principal,1.0017502250002508,0.0,0.0,24023040,32931840,14065664,14795776,
140,2026-10-09T11:08:56.970871+00:00,140.00973957299993,1283,1791541887.37,descendente,1.0018010339999819,0.0,0.0,11149312,19406848,5029888,5386240,
140,2026-10-09T11:08:56.970871+00:00,140.00973957299993,1284,1791541887.37,descendente,1.001804730999993,0.9981985201864512,0.4990992600932256,45182976,207351808,31354880,32731136,
140,2026-10-09T11:08:56.970871+00:00,140.00973957299993,1285,1791541887.37,descendente,1.0017976490003093,0.9982055767428437,0.49910278837142186,45182976,207343616,31535104,33003520,
141,2026-10-09T11:08:57.963376+00:00,141.001890258,1282,1791541887.28,principal,0.9925270719995751,0.0,0.0,24023040,32931840,14065664,14795776,
141,2026-10-09T11:08:57.963376+00:00,141.001890258,1283,1791541887.37,descendente,0.9924743530000342,0.0,0.0,11149312,19406848,5029888,5386240,
141,2026-10-09T11:08:57.963376+00:00,141.001890258,1284,1791541887.37,descendente,0.9924708490002558,0.0,0.0,45182976,207351808,31354880,32731136,
141,2026-10-09T11:08:57.963376+00:00,141.001890258,1285,1791541887.37,descendente,0.9927573289996872,1.0072955099788476,0.5036477549894238,45182976,207343616,31535104,33003520,
142,2026-10-09T11:08:58.961746+00:00,142.00039056600008,1282,1791541887.28,principal,0.9983458900001096,0.0,0.0,24023040,32931840,14065664,14767104,
142,2026-10-09T11:08:58.961746+00:00,142.00039056600008,1283,1791541887.37,descendente,0.9983350920001612,0.0,0.0,11149312,19406848,5029888,5383168,
142,2026-10-09T11:08:58.961746+00:00,142.00039056600008,1284,1791541887.37,descendente,0.9983284800000547,0.0,0.0,45182976,207351808,31354880,32695296,
142,2026-10-09T11:08:58.961746+00:00,142.00039056600008,1285,1791541887.37,descendente,0.9980439890000525,0.0,0.0,45182976,207343616,31535104,32934912,
143,2026-10-09T11:08:59.971954+00:00,143.0102345109999,1282,1791541887.28,principal,1.0102115670001695,0.0,0.0,24023040,32931840,14065664,14795776,
143,2026-10-09T11:08:59.971954+00:00,143.0102345109999,1283,1791541887.37,descendente,1.0101996369999142,0.0,0.0,11149312,19406848,5029888,5386240,
143,2026-10-09T11:08:59.971954+00:00,143.0102345109999,1284,1791541887.37,descendente,1.0104602749997866,0.0,0.0,45182976,207351808,31354880,32731136,
143,2026-10-09T11:08:59.971954+00:00,143.0102345109999,1285,1791541887.37,descendente,1.0104821180002546,0.0,0.0,45182976,207343616,31535104,33003520,
144,2026-10-09T11:09:00.972657+00:00,144.01053126199986,1282,1791541887.28,principal,1.000711126999704,0.0,0.0,24023040,32931840,14065664,14795776,
144,2026-10-09T11:09:00.972657+00:00,144.01053126199986,1283,1791541887.37,descendente,1.000748613000269,0.0,0.0,11149312,19406848,5029888,5386240,
144,2026-10-09T11:09:00.972657+00:00,144.01053126199986,1284,1791541887.37,descendente,1.000510831000156,0.999489429814901,0.4997447149074505,45182976,207351808,31354880,32731136,
144,2026-10-09T11:09:00.972657+00:00,144.01053126199986,1285,1791541887.37,descendente,1.0007218999999168,0.0,0.0,45182976,207343616,31535104,33003520,
145,2026-10-09T11:09:01.962692+00:00,145.0015646490001,1282,1791541887.28,principal,0.9900262110004405,0.0,0.0,24023040,32931840,14065664,14795776,
145,2026-10-09T11:09:01.962692+00:00,145.0015646490001,1283,1791541887.37,descendente,0.9899969309999506,0.0,0.0,11149312,19406848,5029888,5386240,
145,2026-10-09T11:09:01.962692+00:00,145.0015646490001,1284,1791541887.37,descendente,0.9899759979998635,0.0,0.0,45182976,207351808,31354880,32731136,
145,2026-10-09T11:09:01.962692+00:00,145.0015646490001,1285,1791541887.37,descendente,0.9897440270001425,0.0,0.0,45182976,207343616,31535104,33003520,
146,2026-10-09T11:09:02.963090+00:00,146.00181119699982,1282,1791541887.28,principal,1.0004033769996568,0.0,0.0,24023040,32931840,14061568,14764032,
146,2026-10-09T11:09:02.963090+00:00,146.00181119699982,1283,1791541887.37,descendente,1.0004698329998973,0.0,0.0,11149312,19406848,5029888,5383168,
146,2026-10-09T11:09:02.963090+00:00,146.00181119699982,1284,1791541887.37,descendente,1.0004754579999826,0.0,0.0,45182976,207351808,31354880,32695296,
146,2026-10-09T11:09:02.963090+00:00,146.00181119699982,1285,1791541887.37,descendente,1.0008520629999111,0.0,0.0,45182976,207343616,31535104,32935936,
147,2026-10-09T11:09:03.962843+00:00,147.00164455999993,1282,1791541887.28,principal,0.9997470150001391,0.0,0.0,24023040,32931840,14065664,14795776,
147,2026-10-09T11:09:03.962843+00:00,147.00164455999993,1283,1791541887.37,descendente,0.999682010000015,0.0,0.0,11149312,19406848,5029888,5386240,
147,2026-10-09T11:09:03.962843+00:00,147.00164455999993,1284,1791541887.37,descendente,0.9996781590002684,0.0,0.0,45182976,207351808,31354880,32731136,
147,2026-10-09T11:09:03.962843+00:00,147.00164455999993,1285,1791541887.37,descendente,0.9995340870000291,0.0,0.0,45182976,207343616,31535104,33003520,
148,2026-10-09T11:09:04.962878+00:00,148.00177872999984,1282,1791541887.28,principal,1.0000319880000461,0.0,0.0,24023040,32931840,14065664,14795776,
148,2026-10-09T11:09:04.962878+00:00,148.00177872999984,1283,1791541887.37,descendente,1.0000248279998232,0.0,0.0,11149312,19406848,5029888,5386240,
148,2026-10-09T11:09:04.962878+00:00,148.00177872999984,1284,1791541887.37,descendente,1.000015510999674,0.0,0.0,45182976,207351808,31354880,32731136,
148,2026-10-09T11:09:04.962878+00:00,148.00177872999984,1285,1791541887.37,descendente,0.9997744479996982,0.0,0.0,45182976,207343616,31535104,33003520,
149,2026-10-09T11:09:05.962374+00:00,149.00096061800014,1282,1791541887.28,principal,0.9994997200001308,0.0,0.0,24023040,32931840,14065664,14795776,
149,2026-10-09T11:09:05.962374+00:00,149.00096061800014,1283,1791541887.37,descendente,0.9995001100000991,0.0,0.0,11149312,19406848,5029888,5386240,
149,2026-10-09T11:09:05.962374+00:00,149.00096061800014,1284,1791541887.37,descendente,0.9995123850003438,0.0,0.0,45182976,207351808,31354880,32731136,
149,2026-10-09T11:09:05.962374+00:00,149.00096061800014,1285,1791541887.37,descendente,0.9995686690003822,0.0,0.0,45182976,207343616,31535104,33003520,
150,2026-10-09T11:09:06.962192+00:00,150.0005531390002,1282,1791541887.28,principal,0.9998248769998099,1.00017515367365,0.500087576836825,24023040,32931840,14057472,14767104,
150,2026-10-09T11:09:06.962192+00:00,150.0005531390002,1283,1791541887.37,descendente,0.9998383600000125,0.0,0.0,11149312,19406848,5029888,5383168,
150,2026-10-09T11:09:06.962192+00:00,150.0005531390002,1284,1791541887.37,descendente,0.9998369079999065,0.0,0.0,45182976,207351808,31354880,32708608,
150,2026-10-09T11:09:06.962192+00:00,150.0005531390002,1285,1791541887.37,descendente,0.9997921859999224,0.0,0.0,45182976,207343616,31535104,32958464,
151,2026-10-09T11:09:07.962704+00:00,151.00133498700006,1282,1791541887.28,principal,1.0005215080000198,0.0,0.0,24023040,32931840,14065664,14795776,
151,2026-10-09T11:09:07.962704+00:00,151.00133498700006,1283,1791541887.37,descendente,1.000753670999984,0.0,0.0,11149312,19406848,5029888,5386240,
151,2026-10-09T11:09:07.962704+00:00,151.00133498700006,1284,1791541887.37,descendente,1.0008151199999702,0.0,0.0,45182976,207351808,31354880,32731136,
151,2026-10-09T11:09:07.962704+00:00,151.00133498700006,1285,1791541887.37,descendente,1.0012091079997845,0.0,0.0,45182976,207343616,31535104,33003520,
152,2026-10-09T11:09:08.966885+00:00,152.00580386499996,1282,1791541887.28,principal,1.0041581049999877,0.0,0.0,24023040,32931840,14065664,14795776,
152,2026-10-09T11:09:08.966885+00:00,152.00580386499996,1283,1791541887.37,descendente,1.0039054509998095,0.0,0.0,11149312,19406848,5029888,5386240,
152,2026-10-09T11:09:08.966885+00:00,152.00580386499996,1284,1791541887.37,descendente,1.0038329600001816,0.0,0.0,45182976,207351808,31354880,32731136,
152,2026-10-09T11:09:08.966885+00:00,152.00580386499996,1285,1791541887.37,descendente,1.003426793000017,0.0,0.0,45182976,207343616,31535104,33003520,
153,2026-10-09T11:09:09.967280+00:00,153.00607623999986,1282,1791541887.28,principal,1.0004013620000478,0.0,0.0,24023040,32931840,14065664,14795776,
153,2026-10-09T11:09:09.967280+00:00,153.00607623999986,1283,1791541887.37,descendente,1.0004117100002077,0.0,0.0,11149312,19406848,5029888,5386240,
153,2026-10-09T11:09:09.967280+00:00,153.00607623999986,1284,1791541887.37,descendente,1.0004176939996796,0.0,0.0,45182976,207351808,31354880,32731136,
153,2026-10-09T11:09:09.967280+00:00,153.00607623999986,1285,1791541887.37,descendente,1.0004295900002944,0.0,0.0,45182976,207343616,31535104,33003520,
154,2026-10-09T11:09:10.962648+00:00,154.00125968600014,1282,1791541887.28,principal,0.9953667280001355,0.0,0.0,24023040,32931840,14061568,14770176,
154,2026-10-09T11:09:10.962648+00:00,154.00125968600014,1283,1791541887.37,descendente,0.9954617429998507,0.0,0.0,11149312,19406848,5029888,5382144,
154,2026-10-09T11:09:10.962648+00:00,154.00125968600014,1284,1791541887.37,descendente,0.9955338859999756,0.0,0.0,45182976,207351808,31354880,32707584,
154,2026-10-09T11:09:10.962648+00:00,154.00125968600014,1285,1791541887.37,descendente,0.9957419799998206,0.0,0.0,45182976,207343616,31535104,32955392,
155,2026-10-09T11:09:11.966602+00:00,155.00544867400004,1282,1791541887.28,principal,1.003955489999953,0.0,0.0,24023040,32931840,14065664,14795776,
155,2026-10-09T11:09:11.966602+00:00,155.00544867400004,1283,1791541887.37,descendente,1.0038594920001742,0.0,0.0,11149312,19406848,5029888,5386240,
155,2026-10-09T11:09:11.966602+00:00,155.00544867400004,1284,1791541887.37,descendente,1.0037910820001343,0.0,0.0,45182976,207351808,31354880,32731136,
155,2026-10-09T11:09:11.966602+00:00,155.00544867400004,1285,1791541887.37,descendente,1.0038370249999389,0.9961776414852198,0.4980888207426099,45182976,207343616,31535104,33003520,
156,2026-10-09T11:09:12.962506+00:00,156.00108515400007,1282,1791541887.28,principal,0.9959023950000301,0.0,0.0,24023040,32931840,14065664,14795776,
156,2026-10-09T11:09:12.962506+00:00,156.00108515400007,1283,1791541887.37,descendente,0.9958986649999133,0.0,0.0,11149312,19406848,5029888,5386240,
156,2026-10-09T11:09:12.962506+00:00,156.00108515400007,1284,1791541887.37,descendente,0.9959960099999989,1.0040200863857562,0.5020100431928781,45182976,207351808,31354880,32731136,
156,2026-10-09T11:09:12.962506+00:00,156.00108515400007,1285,1791541887.37,descendente,0.99575834999996,0.0,0.0,45182976,207343616,31535104,33003520,
157,2026-10-09T11:09:13.962868+00:00,157.00173384500022,1282,1791541887.28,principal,1.0003625889999057,0.0,0.0,24023040,32931840,14065664,14795776,
157,2026-10-09T11:09:13.962868+00:00,157.00173384500022,1283,1791541887.37,descendente,1.0004499750002651,0.0,0.0,11149312,19406848,5029888,5386240,
157,2026-10-09T11:09:13.962868+00:00,157.00173384500022,1284,1791541887.37,descendente,1.0003647150001598,0.0,0.0,45182976,207351808,31354880,32731136,
157,2026-10-09T11:09:13.962868+00:00,157.00173384500022,1285,1791541887.37,descendente,1.00057058099992,0.0,0.0,45182976,207343616,31535104,33003520,
158,2026-10-09T11:09:14.963942+00:00,158.00250679400006,1282,1791541887.28,principal,1.0010773909998534,0.0,0.0,24023040,32931840,14045184,14759936,
158,2026-10-09T11:09:14.963942+00:00,158.00250679400006,1283,1791541887.37,descendente,1.0012590199999067,0.0,0.0,11149312,19406848,5029888,5384192,
158,2026-10-09T11:09:14.963942+00:00,158.00250679400006,1284,1791541887.37,descendente,1.0012870379996457,0.0,0.0,45182976,207351808,31354880,32709632,
158,2026-10-09T11:09:14.963942+00:00,158.00250679400006,1285,1791541887.37,descendente,1.0012523750001492,0.0,0.0,45182976,207343616,31535104,32942080,
159,2026-10-09T11:09:15.965897+00:00,159.00438124499988,1282,1791541887.28,principal,1.0019517979999364,0.0,0.0,24023040,32931840,14065664,14795776,
159,2026-10-09T11:09:15.965897+00:00,159.00438124499988,1283,1791541887.37,descendente,1.0017286419997617,0.0,0.0,11149312,19406848,5029888,5386240,
159,2026-10-09T11:09:15.965897+00:00,159.00438124499988,1284,1791541887.37,descendente,1.0016985910001495,0.0,0.0,45182976,207351808,31354880,32731136,
159,2026-10-09T11:09:15.965897+00:00,159.00438124499988,1285,1791541887.37,descendente,1.0015061909998622,0.0,0.0,45182976,207343616,31535104,33003520,
160,2026-10-09T11:09:16.967750+00:00,160.0063723940002,1282,1791541887.28,principal,1.0018694059999689,0.0,0.0,24023040,32931840,14065664,14795776,
160,2026-10-09T11:09:16.967750+00:00,160.0063723940002,1283,1791541887.37,descendente,1.0019043180000153,0.0,0.0,11149312,19406848,5029888,5386240,
160,2026-10-09T11:09:16.967750+00:00,160.0063723940002,1284,1791541887.37,descendente,1.0021239910001896,0.0,0.0,45182976,207351808,31354880,32731136,
160,2026-10-09T11:09:16.967750+00:00,160.0063723940002,1285,1791541887.37,descendente,1.002372022000145,0.9976335911737197,0.4988167955868599,45182976,207343616,31535104,33003520,
161,2026-10-09T11:09:17.962337+00:00,161.0006463210002,1282,1791541887.28,principal,0.9946005619999596,0.0,0.0,24023040,32931840,14065664,14795776,
161,2026-10-09T11:09:17.962337+00:00,161.0006463210002,1283,1791541887.37,descendente,0.9946501909998915,0.0,0.0,11149312,19406848,5029888,5386240,
161,2026-10-09T11:09:17.962337+00:00,161.0006463210002,1284,1791541887.37,descendente,0.9946555219999027,0.0,0.0,45182976,207351808,31354880,32731136,
161,2026-10-09T11:09:17.962337+00:00,161.0006463210002,1285,1791541887.37,descendente,0.9949305720001576,0.0,0.0,45182976,207343616,31535104,33003520,
162,2026-10-09T11:09:18.962658+00:00,162.00141053800007,1282,1791541887.28,principal,1.0002913440002885,0.0,0.0,24023040,32931840,14065664,14775296,
162,2026-10-09T11:09:18.962658+00:00,162.00141053800007,1283,1791541887.37,descendente,1.0001706259999992,0.0,0.0,11149312,19406848,5029888,5385216,
162,2026-10-09T11:09:18.962658+00:00,162.00141053800007,1284,1791541887.37,descendente,0.9999467150000783,1.0000532878393429,0.5000266439196714,45182976,207351808,31354880,32707584,
162,2026-10-09T11:09:18.962658+00:00,162.00141053800007,1285,1791541887.37,descendente,0.9994513389997337,0.0,0.0,45182976,207343616,31535104,32974848,
163,2026-10-09T11:09:19.962618+00:00,163.00141706500017,1282,1791541887.28,principal,0.9999606809997204,0.0,0.0,24023040,32931840,14065664,14795776,
163,2026-10-09T11:09:19.962618+00:00,163.00141706500017,1283,1791541887.37,descendente,0.9999591870000586,0.0,0.0,11149312,19406848,5029888,5386240,
163,2026-10-09T11:09:19.962618+00:00,163.00141706500017,1284,1791541887.37,descendente,0.9999593779998577,0.0,0.0,45182976,207351808,31354880,32731136,
163,2026-10-09T11:09:19.962618+00:00,163.00141706500017,1285,1791541887.37,descendente,0.9999479980001524,0.0,0.0,45182976,207343616,31535104,33003520,
164,2026-10-09T11:09:20.964592+00:00,164.00304234099985,1282,1791541887.28,principal,1.0019777960001193,0.0,0.0,24023040,32931840,14065664,14795776,
164,2026-10-09T11:09:20.964592+00:00,164.00304234099985,1283,1791541887.37,descendente,1.0019831230001728,0.0,0.0,11149312,19406848,5029888,5386240,
164,2026-10-09T11:09:20.964592+00:00,164.00304234099985,1284,1791541887.37,descendente,1.0020263979999982,0.0,0.0,45182976,207351808,31354880,32731136,
164,2026-10-09T11:09:20.964592+00:00,164.00304234099985,1285,1791541887.37,descendente,1.0025711270000102,0.0,0.0,45182976,207343616,31535104,33003520,
165,2026-10-09T11:09:21.962447+00:00,165.00113988500016,1282,1791541887.28,principal,0.9978544410000723,0.0,0.0,24023040,32931840,14065664,14795776,
165,2026-10-09T11:09:21.962447+00:00,165.00113988500016,1283,1791541887.37,descendente,0.9978686449999259,0.0,0.0,11149312,19406848,5029888,5386240,
165,2026-10-09T11:09:21.962447+00:00,165.00113988500016,1284,1791541887.37,descendente,0.9978417759998592,1.0021628920055556,0.5010814460027778,45182976,207351808,31354880,32731136,
165,2026-10-09T11:09:21.962447+00:00,165.00113988500016,1285,1791541887.37,descendente,0.9973101000000497,0.0,0.0,45182976,207343616,31535104,33003520,
166,2026-10-09T11:09:22.964558+00:00,166.00227597699995,1282,1791541887.28,principal,1.0021111559999554,0.0,0.0,24023040,32931840,14065664,14795776,
166,2026-10-09T11:09:22.964558+00:00,166.00227597699995,1283,1791541887.37,descendente,1.0021049840001979,0.0,0.0,11149312,19406848,5029888,5386240,
166,2026-10-09T11:09:22.964558+00:00,166.00227597699995,1284,1791541887.37,descendente,1.0020991710002818,0.0,0.0,45182976,207351808,31354880,32730112,
166,2026-10-09T11:09:22.964558+00:00,166.00227597699995,1285,1791541887.37,descendente,1.0020997359997637,0.0,0.0,45182976,207343616,31535104,33002496,
167,2026-10-09T11:09:23.961693+00:00,167.00054123900009,1282,1791541887.28,principal,0.9971304750001764,0.0,0.0,24023040,32931840,14065664,14795776,
167,2026-10-09T11:09:23.961693+00:00,167.00054123900009,1283,1791541887.37,descendente,0.9971105839999836,0.0,0.0,11149312,19406848,5029888,5386240,
167,2026-10-09T11:09:23.961693+00:00,167.00054123900009,1284,1791541887.37,descendente,0.9970888489997378,0.0,0.0,45182976,207351808,31354880,32731136,
167,2026-10-09T11:09:23.961693+00:00,167.00054123900009,1285,1791541887.37,descendente,0.9973875780001435,0.0,0.0,45182976,207343616,31535104,33003520,
168,2026-10-09T11:09:24.963088+00:00,168.00114290200008,1282,1791541887.28,principal,1.0014035760000297,0.0,0.0,24023040,32931840,14065664,14795776,
168,2026-10-09T11:09:24.963088+00:00,168.00114290200008,1283,1791541887.37,descendente,1.0014919659997759,0.0,0.0,11149312,19406848,5029888,5386240,
168,2026-10-09T11:09:24.963088+00:00,168.00114290200008,1284,1791541887.37,descendente,1.0017084119999708,0.0,0.0,45182976,207351808,31354880,32731136,
168,2026-10-09T11:09:24.963088+00:00,168.00114290200008,1285,1791541887.37,descendente,1.0014006289998179,0.998601330017899,0.4993006650089495,45182976,207343616,31535104,33003520,
169,2026-10-09T11:09:25.963144+00:00,169.0019110940002,1282,1791541887.28,principal,1.0000517839998793,0.0,0.0,24023040,32931840,14065664,14795776,
169,2026-10-09T11:09:25.963144+00:00,169.0019110940002,1283,1791541887.37,descendente,0.9999651160001122,0.0,0.0,11149312,19406848,5029888,5386240,
169,2026-10-09T11:09:25.963144+00:00,169.0019110940002,1284,1791541887.37,descendente,1.000004617000286,0.0,0.0,45182976,207351808,31354880,32731136,
169,2026-10-09T11:09:25.963144+00:00,169.0019110940002,1285,1791541887.37,descendente,1.0000093810003818,0.0,0.0,45182976,207343616,31535104,33003520,
170,2026-10-09T11:09:26.962869+00:00,170.00147766400005,1282,1791541887.28,principal,0.9997190660001252,0.0,0.0,24023040,32931840,14065664,14775296,
170,2026-10-09T11:09:26.962869+00:00,170.00147766400005,1283,1791541887.37,descendente,0.9997174599998289,0.0,0.0,11149312,19406848,5029888,5382144,
170,2026-10-09T11:09:26.962869+00:00,170.00147766400005,1284,1791541887.37,descendente,0.9994554089998928,0.0,0.0,45182976,207351808,31354880,32703488,
170,2026-10-09T11:09:26.962869+00:00,170.00147766400005,1285,1791541887.37,descendente,0.9996409459999995,0.0,0.0,45182976,207343616,31535104,32958464,
171,2026-10-09T11:09:27.962742+00:00,171.00131213700024,1282,1791541887.28,principal,0.9998826289997851,0.0,0.0,24023040,32931840,14065664,14795776,
171,2026-10-09T11:09:27.962742+00:00,171.00131213700024,1283,1791541887.37,descendente,1.0000658750000184,0.0,0.0,11149312,19406848,5029888,5386240,
171,2026-10-09T11:09:27.962742+00:00,171.00131213700024,1284,1791541887.37,descendente,1.0001046709999173,0.0,0.0,45182976,207351808,31354880,32731136,
171,2026-10-09T11:09:27.962742+00:00,171.00131213700024,1285,1791541887.37,descendente,0.999906634999661,0.0,0.0,45182976,207343616,31535104,33003520,
172,2026-10-09T11:09:28.963012+00:00,172.00177385400002,1282,1791541887.28,principal,1.0002684900000531,0.9997315820674563,0.49986579103372814,24023040,32931840,14065664,14795776,
172,2026-10-09T11:09:28.963012+00:00,172.00177385400002,1283,1791541887.37,descendente,1.000203151000278,0.0,0.0,11149312,19406848,5029888,5386240,
172,2026-10-09T11:09:28.963012+00:00,172.00177385400002,1284,1791541887.37,descendente,1.0007575250001537,0.0,0.0,45182976,207351808,31354880,32731136,
172,2026-10-09T11:09:28.963012+00:00,172.00177385400002,1285,1791541887.37,descendente,1.000768854999933,0.0,0.0,45182976,207343616,31535104,33003520,
173,2026-10-09T11:09:29.962650+00:00,173.001342087,1282,1791541887.28,principal,0.9996752799997921,0.0,0.0,24023040,32931840,14065664,14795776,
173,2026-10-09T11:09:29.962650+00:00,173.001342087,1283,1791541887.37,descendente,0.9995709410000018,0.0,0.0,11149312,19406848,5029888,5386240,
173,2026-10-09T11:09:29.962650+00:00,173.001342087,1284,1791541887.37,descendente,0.9989903109999432,0.0,0.0,45182976,207351808,31354880,32731136,
173,2026-10-09T11:09:29.962650+00:00,173.001342087,1285,1791541887.37,descendente,0.9992839380001897,0.0,0.0,45182976,207343616,31535104,33003520,
174,2026-10-09T11:09:30.962816+00:00,174.0013230059999,1282,1791541887.28,principal,1.0001277210003536,0.0,0.0,24023040,32931840,14045184,14755840,
174,2026-10-09T11:09:30.962816+00:00,174.0013230059999,1283,1791541887.37,descendente,1.0002454020000187,0.0,0.0,11149312,19406848,5029888,5382144,
174,2026-10-09T11:09:30.962816+00:00,174.0013230059999,1284,1791541887.37,descendente,1.0002546539999457,0.9997454108321828,0.4998727054160914,45182976,207351808,31354880,32707584,
174,2026-10-09T11:09:30.962816+00:00,174.0013230059999,1285,1791541887.37,descendente,1.000201011000172,0.9997990293971973,0.49989951469859867,45182976,207343616,31535104,32958464,
175,2026-10-09T11:09:31.963316+00:00,175.00121125199985,1282,1791541887.28,principal,1.0005308429999786,0.0,0.0,24023040,32931840,14065664,14795776,
175,2026-10-09T11:09:31.963316+00:00,175.00121125199985,1283,1791541887.37,descendente,1.0004894999997305,0.0,0.0,11149312,19406848,5029888,5386240,
175,2026-10-09T11:09:31.963316+00:00,175.00121125199985,1284,1791541887.37,descendente,1.0005163870000615,0.0,0.0,45182976,207351808,31354880,32731136,
175,2026-10-09T11:09:31.963316+00:00,175.00121125199985,1285,1791541887.37,descendente,1.0006905929999448,0.0,0.0,45182976,207343616,31535104,33003520,
176,2026-10-09T11:09:32.964416+00:00,176.00239791900003,1282,1791541887.28,principal,1.0010672389998945,0.0,0.0,24023040,32931840,14065664,14795776,
176,2026-10-09T11:09:32.964416+00:00,176.00239791900003,1283,1791541887.37,descendente,1.0009892910002236,0.0,0.0,11149312,19406848,5029888,5386240,
176,2026-10-09T11:09:32.964416+00:00,176.00239791900003,1284,1791541887.37,descendente,1.0009491569999227,0.0,0.0,45182976,207351808,31354880,32731136,
176,2026-10-09T11:09:32.964416+00:00,176.00239791900003,1285,1791541887.37,descendente,1.0005199019997235,0.0,0.0,45182976,207343616,31535104,33003520,
177,2026-10-09T11:09:33.962402+00:00,177.00079996800014,1282,1791541887.28,principal,0.9979928220000147,0.0,0.0,24023040,32931840,14065664,14795776,
177,2026-10-09T11:09:33.962402+00:00,177.00079996800014,1283,1791541887.37,descendente,0.9980443429999468,0.0,0.0,11149312,19406848,5029888,5386240,
177,2026-10-09T11:09:33.962402+00:00,177.00079996800014,1284,1791541887.37,descendente,0.9982793630001652,0.0,0.0,45182976,207351808,31354880,32731136,
177,2026-10-09T11:09:33.962402+00:00,177.00079996800014,1285,1791541887.37,descendente,0.9989630180002678,0.0,0.0,45182976,207343616,31535104,33003520,
178,2026-10-09T11:09:34.963298+00:00,178.00124420600014,1282,1791541887.28,principal,1.000905087999854,0.0,0.0,24023040,32931840,14057472,14767104,
178,2026-10-09T11:09:34.963298+00:00,178.00124420600014,1283,1791541887.37,descendente,1.0010174809999626,0.0,0.0,11149312,19406848,5029888,5383168,
178,2026-10-09T11:09:34.963298+00:00,178.00124420600014,1284,1791541887.37,descendente,1.0008345599999302,0.0,0.0,45182976,207351808,31354880,32708608,
178,2026-10-09T11:09:34.963298+00:00,178.00124420600014,1285,1791541887.37,descendente,1.000580723999974,0.0,0.0,45182976,207343616,31535104,32957440,
179,2026-10-09T11:09:35.964672+00:00,179.00286787699997,1282,1791541887.28,principal,1.0013624130001517,0.0,0.0,24023040,32931840,14065664,14795776,
179,2026-10-09T11:09:35.964672+00:00,179.00286787699997,1283,1791541887.37,descendente,1.0012020220001432,0.0,0.0,11149312,19406848,5029888,5386240,
179,2026-10-09T11:09:35.964672+00:00,179.00286787699997,1284,1791541887.37,descendente,1.0014108589998614,0.0,0.0,45182976,207351808,31354880,32731136,
179,2026-10-09T11:09:35.964672+00:00,179.00286787699997,1285,1791541887.37,descendente,1.0010100280001097,0.0,0.0,45182976,207343616,31535104,33003520,
180,2026-10-09T11:09:36.962596+00:00,180.00108821999993,1282,1791541887.28,principal,0.9979210349997629,0.0,0.0,24023040,32931840,14065664,14795776,
180,2026-10-09T11:09:36.962596+00:00,180.00108821999993,1283,1791541887.37,descendente,0.9979109539999627,0.0,0.0,11149312,19406848,5029888,5386240,
180,2026-10-09T11:09:36.962596+00:00,180.00108821999993,1284,1791541887.37,descendente,0.9976538579999215,0.0,0.0,45182976,207351808,31354880,32731136,
180,2026-10-09T11:09:36.962596+00:00,180.00108821999993,1285,1791541887.37,descendente,0.9979158500000267,1.0020885027529645,0.5010442513764822,45182976,207343616,31535104,33003520,
181,2026-10-09T11:09:37.963841+00:00,181.00194458399983,1282,1791541887.28,principal,1.0012601180001184,0.0,0.0,24023040,32931840,14065664,14795776,
181,2026-10-09T11:09:37.963841+00:00,181.00194458399983,1283,1791541887.37,descendente,1.0016916909999054,0.0,0.0,11149312,19406848,5029888,5386240,
181,2026-10-09T11:09:37.963841+00:00,181.00194458399983,1284,1791541887.37,descendente,1.0017728239999997,0.0,0.0,45182976,207351808,31354880,32731136,
181,2026-10-09T11:09:37.963841+00:00,181.00194458399983,1285,1791541887.37,descendente,1.001680495999608,0.0,0.0,45182976,207343616,31535104,33003520,
182,2026-10-09T11:09:38.962650+00:00,182.0011872,1282,1791541887.28,principal,0.9987926100002369,0.0,0.0,24023040,32931840,14061568,14770176,
182,2026-10-09T11:09:38.962650+00:00,182.0011872,1283,1791541887.37,descendente,0.9983535370001846,0.0,0.0,11149312,19406848,5029888,5382144,
182,2026-10-09T11:09:38.962650+00:00,182.0011872,1284,1791541887.37,descendente,0.9982726020002701,1.0017303870668666,0.5008651935334333,45182976,207351808,31354880,32706560,
182,2026-10-09T11:09:38.962650+00:00,182.0011872,1285,1791541887.37,descendente,0.9980878680003116,0.0,0.0,45182976,207343616,31535104,32955392,
183,2026-10-09T11:09:39.961650+00:00,183.0004343579999,1282,1791541887.28,principal,0.9989952759997323,0.0,0.0,24023040,32931840,14065664,14795776,
183,2026-10-09T11:09:39.961650+00:00,183.0004343579999,1283,1791541887.37,descendente,0.9991474099997504,0.0,0.0,11149312,19406848,5029888,5386240,
183,2026-10-09T11:09:39.961650+00:00,183.0004343579999,1284,1791541887.37,descendente,0.9991518500000893,0.0,0.0,45182976,207351808,31354880,32731136,
183,2026-10-09T11:09:39.961650+00:00,183.0004343579999,1285,1791541887.37,descendente,0.9991494149999198,0.0,0.0,45182976,207343616,31535104,33003520,
184,2026-10-09T11:09:40.962422+00:00,184.00125414000013,1282,1791541887.28,principal,1.000772809999944,0.0,0.0,24023040,32931840,14065664,14795776,
184,2026-10-09T11:09:40.962422+00:00,184.00125414000013,1283,1791541887.37,descendente,1.0006216060000952,0.0,0.0,11149312,19406848,5029888,5386240,
184,2026-10-09T11:09:40.962422+00:00,184.00125414000013,1284,1791541887.37,descendente,1.0006666340000265,0.0,0.0,45182976,207351808,31354880,32731136,
184,2026-10-09T11:09:40.962422+00:00,184.00125414000013,1285,1791541887.37,descendente,1.0006546059998982,0.0,0.0,45182976,207343616,31535104,33003520,
185,2026-10-09T11:09:41.961500+00:00,185.000331879,1282,1791541887.28,principal,0.9990769020000698,0.0,0.0,24023040,32931840,14065664,14795776,
185,2026-10-09T11:09:41.961500+00:00,185.000331879,1283,1791541887.37,descendente,0.9993056529997375,0.0,0.0,11149312,19406848,5029888,5386240,
185,2026-10-09T11:09:41.961500+00:00,185.000331879,1284,1791541887.37,descendente,0.9993206529998133,0.0,0.0,45182976,207351808,31354880,32731136,
185,2026-10-09T11:09:41.961500+00:00,185.000331879,1285,1791541887.37,descendente,1.000027589000183,0.0,0.0,45182976,207343616,31535104,33003520,
186,2026-10-09T11:09:42.962563+00:00,186.001263097,1282,1791541887.28,principal,1.0010640250002325,0.0,0.0,24023040,32931840,14065664,14769152,
186,2026-10-09T11:09:42.962563+00:00,186.001263097,1283,1791541887.37,descendente,1.0008329150000463,0.0,0.0,11149312,19406848,5029888,5382144,
186,2026-10-09T11:09:42.962563+00:00,186.001263097,1284,1791541887.37,descendente,1.0007600039998579,0.0,0.0,45182976,207351808,31354880,32704512,
186,2026-10-09T11:09:42.962563+00:00,186.001263097,1285,1791541887.37,descendente,1.0000519919999533,0.0,0.0,45182976,207343616,31535104,32960512,
187,2026-10-09T11:09:43.961636+00:00,187.00046012500025,1282,1791541887.28,principal,0.9990801469998587,0.0,0.0,24023040,32931840,14065664,14795776,
187,2026-10-09T11:09:43.961636+00:00,187.00046012500025,1283,1791541887.37,descendente,0.9991513489999306,0.0,0.0,11149312,19406848,5029888,5386240,
187,2026-10-09T11:09:43.961636+00:00,187.00046012500025,1284,1791541887.37,descendente,0.9991875089999667,0.0,0.0,45182976,207351808,31354880,32731136,
187,2026-10-09T11:09:43.961636+00:00,187.00046012500025,1285,1791541887.37,descendente,0.9994548429999668,0.0,0.0,45182976,207343616,31535104,33003520,
188,2026-10-09T11:09:44.963272+00:00,188.00198698500026,1282,1791541887.28,principal,1.0016319880000992,0.0,0.0,24023040,32931840,14065664,14795776,
188,2026-10-09T11:09:44.963272+00:00,188.00198698500026,1283,1791541887.37,descendente,1.001609925000139,0.0,0.0,11149312,19406848,5029888,5386240,
188,2026-10-09T11:09:44.963272+00:00,188.00198698500026,1284,1791541887.37,descendente,1.0015720569999758,0.0,0.0,45182976,207351808,31354880,32731136,
188,2026-10-09T11:09:44.963272+00:00,188.00198698500026,1285,1791541887.37,descendente,1.0013487109999915,0.0,0.0,45182976,207343616,31535104,33003520,
189,2026-10-09T11:09:45.973206+00:00,189.00168995400008,1282,1791541887.28,principal,1.009934051000073,0.0,0.0,24023040,32931840,14065664,14795776,
189,2026-10-09T11:09:45.973206+00:00,189.00168995400008,1283,1791541887.37,descendente,1.0099294120000195,0.0,0.0,11149312,19406848,5029888,5386240,
189,2026-10-09T11:09:45.973206+00:00,189.00168995400008,1284,1791541887.37,descendente,1.0099338300001364,1.9803277606808913,0.9901638803404457,45182976,207351808,31354880,32731136,
189,2026-10-09T11:09:45.973206+00:00,189.00168995400008,1285,1791541887.37,descendente,1.010285543000009,0.9898191723406357,0.49490958617031783,45182976,207343616,31535104,33003520,
190,2026-10-09T11:09:46.964112+00:00,190.00174487599998,1282,1791541887.28,principal,0.9911255379997783,1.0089539232518965,0.5044769616259482,24023040,32931840,14065664,14795776,
190,2026-10-09T11:09:46.964112+00:00,190.00174487599998,1283,1791541887.37,descendente,0.9915243320001537,0.0,0.0,11149312,19406848,5029888,5386240,
190,2026-10-09T11:09:46.964112+00:00,190.00174487599998,1284,1791541887.37,descendente,0.9915360869999859,0.0,0.0,45182976,207351808,31354880,32731136,
190,2026-10-09T11:09:46.964112+00:00,190.00174487599998,1285,1791541887.37,descendente,0.9914346229998046,0.0,0.0,45182976,207343616,31535104,33003520,
191,2026-10-09T11:09:48.022458+00:00,191.0609142530002,1282,1791541887.28,principal,1.0581216999999015,0.0,0.0,24023040,32931840,14065664,14769152,
191,2026-10-09T11:09:48.022458+00:00,191.0609142530002,1283,1791541887.37,descendente,1.057679707999796,0.0,0.0,11149312,19406848,5029888,5384192,
191,2026-10-09T11:09:48.022458+00:00,191.0609142530002,1284,1791541887.37,descendente,1.057664652999847,0.0,0.0,45182976,207351808,31354880,32695296,
191,2026-10-09T11:09:48.022458+00:00,191.0609142530002,1285,1791541887.37,descendente,1.0573632230002659,0.0,0.0,45182976,207343616,31535104,32939008,
192,2026-10-09T11:09:48.962950+00:00,192.0017007040001,1282,1791541887.28,principal,0.940501874000347,0.0,0.0,24023040,32931840,14065664,14795776,
192,2026-10-09T11:09:48.962950+00:00,192.0017007040001,1283,1791541887.37,descendente,0.9405322289999276,0.0,0.0,11149312,19406848,5029888,5386240,
192,2026-10-09T11:09:48.962950+00:00,192.0017007040001,1284,1791541887.37,descendente,0.9408511569999973,0.0,0.0,45182976,207351808,31354880,32731136,
192,2026-10-09T11:09:48.962950+00:00,192.0017007040001,1285,1791541887.37,descendente,0.9409504010000092,0.0,0.0,45182976,207343616,31535104,33003520,
193,2026-10-09T11:09:49.962742+00:00,193.00155822900024,1282,1791541887.28,principal,0.9997847499998898,1.0002152963426267,0.5001076481713134,24023040,32931840,14065664,14795776,
193,2026-10-09T11:09:49.962742+00:00,193.00155822900024,1283,1791541887.37,descendente,0.9997643220003738,0.0,0.0,11149312,19406848,5029888,5386240,
193,2026-10-09T11:09:49.962742+00:00,193.00155822900024,1284,1791541887.37,descendente,0.9994536359999984,0.0,0.0,45182976,207351808,31354880,32731136,
193,2026-10-09T11:09:49.962742+00:00,193.00155822900024,1285,1791541887.37,descendente,0.9996402429997033,0.0,0.0,45182976,207343616,31535104,33003520,
194,2026-10-09T11:09:50.963226+00:00,194.0019841180001,1282,1791541887.28,principal,1.0004838919999202,0.0,0.0,24023040,32931840,14065664,14795776,
194,2026-10-09T11:09:50.963226+00:00,194.0019841180001,1283,1791541887.37,descendente,1.0004745859996547,0.0,0.0,11149312,19406848,5029888,5386240,
194,2026-10-09T11:09:50.963226+00:00,194.0019841180001,1284,1791541887.37,descendente,1.0006952070002626,0.0,0.0,45182976,207351808,31354880,32731136,
194,2026-10-09T11:09:50.963226+00:00,194.0019841180001,1285,1791541887.37,descendente,1.0004206840003462,0.0,0.0,45182976,207343616,31535104,33003520,
195,2026-10-09T11:09:51.963037+00:00,195.00139232699985,1282,1791541887.28,principal,0.9998136740000518,0.0,0.0,24023040,32931840,14065664,14775296,
195,2026-10-09T11:09:51.963037+00:00,195.00139232699985,1283,1791541887.37,descendente,1.0000575080002818,0.0,0.0,11149312,19406848,5029888,5382144,
195,2026-10-09T11:09:51.963037+00:00,195.00139232699985,1284,1791541887.37,descendente,0.9998644140000579,0.0,0.0,45182976,207351808,31354880,32703488,
195,2026-10-09T11:09:51.963037+00:00,195.00139232699985,1285,1791541887.37,descendente,0.9998773519996575,0.0,0.0,45182976,207343616,31535104,32958464,
196,2026-10-09T11:09:52.961911+00:00,196.00073913000006,1282,1791541887.28,principal,0.9988702780001404,0.0,0.0,24023040,32931840,14065664,14795776,
196,2026-10-09T11:09:52.961911+00:00,196.00073913000006,1283,1791541887.37,descendente,0.9986226470000474,0.0,0.0,11149312,19406848,5029888,5386240,
196,2026-10-09T11:09:52.961911+00:00,196.00073913000006,1284,1791541887.37,descendente,0.9985857229999056,0.0,0.0,45182976,207351808,31354880,32731136,
196,2026-10-09T11:09:52.961911+00:00,196.00073913000006,1285,1791541887.37,descendente,0.9986064720001195,0.0,0.0,45182976,207343616,31535104,33003520,
197,2026-10-09T11:09:53.962771+00:00,197.00125176099982,1282,1791541887.28,principal,1.0009292109998569,0.0,0.0,24023040,32931840,14065664,14795776,
197,2026-10-09T11:09:53.962771+00:00,197.00125176099982,1283,1791541887.37,descendente,1.00109389499994,0.0,0.0,11149312,19406848,5029888,5386240,
197,2026-10-09T11:09:53.962771+00:00,197.00125176099982,1284,1791541887.37,descendente,1.0011480190000839,0.9988532974362255,0.49942664871811276,45182976,207351808,31354880,32731136,
197,2026-10-09T11:09:53.962771+00:00,197.00125176099982,1285,1791541887.37,descendente,1.0013588960000561,0.9986429480923318,0.4993214740461659,45182976,207343616,31535104,33003520,
198,2026-10-09T11:09:54.962501+00:00,198.00073153999983,1282,1791541887.28,principal,0.9996817050000573,0.0,0.0,24023040,32931840,14065664,14795776,
198,2026-10-09T11:09:54.962501+00:00,198.00073153999983,1283,1791541887.37,descendente,0.9995875109998451,0.0,0.0,11149312,19406848,5029888,5386240,
198,2026-10-09T11:09:54.962501+00:00,198.00073153999983,1284,1791541887.37,descendente,0.9997389810000641,0.0,0.0,45182976,207351808,31354880,32731136,
198,2026-10-09T11:09:54.962501+00:00,198.00073153999983,1285,1791541887.37,descendente,0.9996815700001207,0.0,0.0,45182976,207343616,31535104,33003520,
199,2026-10-09T11:09:55.962837+00:00,199.001268988,1282,1791541887.28,principal,1.0003176519999215,0.0,0.0,24023040,32931840,14065664,14770176,
199,2026-10-09T11:09:55.962837+00:00,199.001268988,1283,1791541887.37,descendente,1.000342271000136,0.0,0.0,11149312,19406848,5029888,5383168,
199,2026-10-09T11:09:55.962837+00:00,199.001268988,1284,1791541887.37,descendente,1.000144753999848,0.0,0.0,45182976,207351808,31354880,32705536,
199,2026-10-09T11:09:55.962837+00:00,199.001268988,1285,1791541887.37,descendente,0.9999417389999508,0.0,0.0,45182976,207343616,31535104,32961536,
