amostra,utc,tempo_relativo_s,dispositivo,intervalo_real_s,leitura_bytes_total,escrita_bytes_total,leituras_total,escritas_total,leitura_bytes_delta,escrita_bytes_delta,leituras_delta,escritas_delta,leitura_bytes_s,escrita_bytes_s,ocupado_ms_delta,erro
1,2026-10-08T22:54:34.067555+00:00,1.0015690220006945,loop0,,2109440,0,219,0,,,,,,,,
1,2026-10-08T22:54:34.067555+00:00,1.0015690220006945,loop1,,354304,0,43,0,,,,,,,,
1,2026-10-08T22:54:34.067555+00:00,1.0015690220006945,loop2,,1106944,0,51,0,,,,,,,,
1,2026-10-08T22:54:34.067555+00:00,1.0015690220006945,loop3,,1141760,0,66,0,,,,,,,,
1,2026-10-08T22:54:34.067555+00:00,1.0015690220006945,loop4,,374784,0,51,0,,,,,,,,
1,2026-10-08T22:54:34.067555+00:00,1.0015690220006945,loop5,,14336,0,11,0,,,,,,,,
1,2026-10-08T22:54:34.067555+00:00,1.0015690220006945,loop6,,0,0,0,0,,,,,,,,
1,2026-10-08T22:54:34.067555+00:00,1.0015690220006945,loop7,,0,0,0,0,,,,,,,,
1,2026-10-08T22:54:34.067555+00:00,1.0015690220006945,sr0,,1536,0,8,0,,,,,,,,
1,2026-10-08T22:54:34.067555+00:00,1.0015690220006945,sda,,315698688,20700762112,8097,107583,,,,,,,,
1,2026-10-08T22:54:34.067555+00:00,1.0015690220006945,sda1,,319488,0,78,0,,,,,,,,
1,2026-10-08T22:54:34.067555+00:00,1.0015690220006945,sda2,,285926400,419713024,6637,66383,,,,,,,,
1,2026-10-08T22:54:34.067555+00:00,1.0015690220006945,sda3,,5559296,118784,154,26,,,,,,,,
1,2026-10-08T22:54:34.067555+00:00,1.0015690220006945,sda4,,4657152,0,116,0,,,,,,,,
1,2026-10-08T22:54:34.067555+00:00,1.0015690220006945,sda5,,16782336,20280930304,977,41174,,,,,,,,
2,2026-10-08T22:54:35.067888+00:00,2.0018031889994745,loop0,1.0003333309996378,2109440,0,219,0,0,0,0,0,0.0,0.0,0,
2,2026-10-08T22:54:35.067888+00:00,2.0018031889994745,loop1,1.0003333309996378,354304,0,43,0,0,0,0,0,0.0,0.0,0,
2,2026-10-08T22:54:35.067888+00:00,2.0018031889994745,loop2,1.0003333309996378,1106944,0,51,0,0,0,0,0,0.0,0.0,0,
2,2026-10-08T22:54:35.067888+00:00,2.0018031889994745,loop3,1.0003333309996378,1141760,0,66,0,0,0,0,0,0.0,0.0,0,
2,2026-10-08T22:54:35.067888+00:00,2.0018031889994745,loop4,1.0003333309996378,374784,0,51,0,0,0,0,0,0.0,0.0,0,
2,2026-10-08T22:54:35.067888+00:00,2.0018031889994745,loop5,1.0003333309996378,14336,0,11,0,0,0,0,0,0.0,0.0,0,
2,2026-10-08T22:54:35.067888+00:00,2.0018031889994745,loop6,1.0003333309996378,0,0,0,0,0,0,0,0,0.0,0.0,0,
2,2026-10-08T22:54:35.067888+00:00,2.0018031889994745,loop7,1.0003333309996378,0,0,0,0,0,0,0,0,0.0,0.0,0,
2,2026-10-08T22:54:35.067888+00:00,2.0018031889994745,sr0,1.0003333309996378,1536,0,8,0,0,0,0,0,0.0,0.0,0,
2,2026-10-08T22:54:35.067888+00:00,2.0018031889994745,sda,1.0003333309996378,315698688,20700782592,8097,107587,0,20480,0,4,0.0,20473.17565589286,4,
2,2026-10-08T22:54:35.067888+00:00,2.0018031889994745,sda1,1.0003333309996378,319488,0,78,0,0,0,0,0,0.0,0.0,0,
2,2026-10-08T22:54:35.067888+00:00,2.0018031889994745,sda2,1.0003333309996378,285926400,419713024,6637,66383,0,0,0,0,0.0,0.0,0,
2,2026-10-08T22:54:35.067888+00:00,2.0018031889994745,sda3,1.0003333309996378,5559296,118784,154,26,0,0,0,0,0.0,0.0,0,
2,2026-10-08T22:54:35.067888+00:00,2.0018031889994745,sda4,1.0003333309996378,4657152,0,116,0,0,0,0,0,0.0,0.0,0,
2,2026-10-08T22:54:35.067888+00:00,2.0018031889994745,sda5,1.0003333309996378,16782336,20280950784,977,41178,0,20480,0,4,0.0,20473.17565589286,4,
3,2026-10-08T22:54:36.066508+00:00,3.0008047299997997,loop0,0.9986195630008297,2109440,0,219,0,0,0,0,0,0.0,0.0,0,
3,2026-10-08T22:54:36.066508+00:00,3.0008047299997997,loop1,0.9986195630008297,354304,0,43,0,0,0,0,0,0.0,0.0,0,
3,2026-10-08T22:54:36.066508+00:00,3.0008047299997997,loop2,0.9986195630008297,1106944,0,51,0,0,0,0,0,0.0,0.0,0,
3,2026-10-08T22:54:36.066508+00:00,3.0008047299997997,loop3,0.9986195630008297,1141760,0,66,0,0,0,0,0,0.0,0.0,0,
3,2026-10-08T22:54:36.066508+00:00,3.0008047299997997,loop4,0.9986195630008297,374784,0,51,0,0,0,0,0,0.0,0.0,0,
3,2026-10-08T22:54:36.066508+00:00,3.0008047299997997,loop5,0.9986195630008297,14336,0,11,0,0,0,0,0,0.0,0.0,0,
3,2026-10-08T22:54:36.066508+00:00,3.0008047299997997,loop6,0.9986195630008297,0,0,0,0,0,0,0,0,0.0,0.0,0,
3,2026-10-08T22:54:36.066508+00:00,3.0008047299997997,loop7,0.9986195630008297,0,0,0,0,0,0,0,0,0.0,0.0,0,
3,2026-10-08T22:54:36.066508+00:00,3.0008047299997997,sr0,0.9986195630008297,1536,0,8,0,0,0,0,0,0.0,0.0,0,
3,2026-10-08T22:54:36.066508+00:00,3.0008047299997997,sda,0.9986195630008297,315698688,20700782592,8097,107587,0,0,0,0,0.0,0.0,0,
3,2026-10-08T22:54:36.066508+00:00,3.0008047299997997,sda1,0.9986195630008297,319488,0,78,0,0,0,0,0,0.0,0.0,0,
3,2026-10-08T22:54:36.066508+00:00,3.0008047299997997,sda2,0.9986195630008297,285926400,419713024,6637,66383,0,0,0,0,0.0,0.0,0,
3,2026-10-08T22:54:36.066508+00:00,3.0008047299997997,sda3,0.9986195630008297,5559296,118784,154,26,0,0,0,0,0.0,0.0,0,
3,2026-10-08T22:54:36.066508+00:00,3.0008047299997997,sda4,0.9986195630008297,4657152,0,116,0,0,0,0,0,0.0,0.0,0,
3,2026-10-08T22:54:36.066508+00:00,3.0008047299997997,sda5,0.9986195630008297,16782336,20280950784,977,41178,0,0,0,0,0.0,0.0,0,
4,2026-10-08T22:54:37.067399+00:00,4.001128223999331,loop0,1.0008912489993236,2109440,0,219,0,0,0,0,0,0.0,0.0,0,
4,2026-10-08T22:54:37.067399+00:00,4.001128223999331,loop1,1.0008912489993236,354304,0,43,0,0,0,0,0,0.0,0.0,0,
4,2026-10-08T22:54:37.067399+00:00,4.001128223999331,loop2,1.0008912489993236,1106944,0,51,0,0,0,0,0,0.0,0.0,0,
4,2026-10-08T22:54:37.067399+00:00,4.001128223999331,loop3,1.0008912489993236,1141760,0,66,0,0,0,0,0,0.0,0.0,0,
4,2026-10-08T22:54:37.067399+00:00,4.001128223999331,loop4,1.0008912489993236,374784,0,51,0,0,0,0,0,0.0,0.0,0,
4,2026-10-08T22:54:37.067399+00:00,4.001128223999331,loop5,1.0008912489993236,14336,0,11,0,0,0,0,0,0.0,0.0,0,
4,2026-10-08T22:54:37.067399+00:00,4.001128223999331,loop6,1.0008912489993236,0,0,0,0,0,0,0,0,0.0,0.0,0,
4,2026-10-08T22:54:37.067399+00:00,4.001128223999331,loop7,1.0008912489993236,0,0,0,0,0,0,0,0,0.0,0.0,0,
4,2026-10-08T22:54:37.067399+00:00,4.001128223999331,sr0,1.0008912489993236,1536,0,8,0,0,0,0,0,0.0,0.0,0,
4,2026-10-08T22:54:37.067399+00:00,4.001128223999331,sda,1.0008912489993236,315698688,20760072192,8097,107710,0,59289600,0,123,0.0,59236805.25659194,664,
4,2026-10-08T22:54:37.067399+00:00,4.001128223999331,sda1,1.0008912489993236,319488,0,78,0,0,0,0,0,0.0,0.0,0,
4,2026-10-08T22:54:37.067399+00:00,4.001128223999331,sda2,1.0008912489993236,285926400,419713024,6637,66383,0,0,0,0,0.0,0.0,0,
4,2026-10-08T22:54:37.067399+00:00,4.001128223999331,sda3,1.0008912489993236,5559296,118784,154,26,0,0,0,0,0.0,0.0,0,
4,2026-10-08T22:54:37.067399+00:00,4.001128223999331,sda4,1.0008912489993236,4657152,0,116,0,0,0,0,0,0.0,0.0,0,
4,2026-10-08T22:54:37.067399+00:00,4.001128223999331,sda5,1.0008912489993236,16782336,20340240384,977,41301,0,59289600,0,123,0.0,59236805.25659194,664,
5,2026-10-08T22:54:38.066732+00:00,5.000434900999608,loop0,0.9993328740001743,2109440,0,219,0,0,0,0,0,0.0,0.0,0,
5,2026-10-08T22:54:38.066732+00:00,5.000434900999608,loop1,0.9993328740001743,354304,0,43,0,0,0,0,0,0.0,0.0,0,
5,2026-10-08T22:54:38.066732+00:00,5.000434900999608,loop2,0.9993328740001743,1106944,0,51,0,0,0,0,0,0.0,0.0,0,
5,2026-10-08T22:54:38.066732+00:00,5.000434900999608,loop3,0.9993328740001743,1141760,0,66,0,0,0,0,0,0.0,0.0,0,
5,2026-10-08T22:54:38.066732+00:00,5.000434900999608,loop4,0.9993328740001743,374784,0,51,0,0,0,0,0,0.0,0.0,0,
5,2026-10-08T22:54:38.066732+00:00,5.000434900999608,loop5,0.9993328740001743,14336,0,11,0,0,0,0,0,0.0,0.0,0,
5,2026-10-08T22:54:38.066732+00:00,5.000434900999608,loop6,0.9993328740001743,0,0,0,0,0,0,0,0,0.0,0.0,0,
5,2026-10-08T22:54:38.066732+00:00,5.000434900999608,loop7,0.9993328740001743,0,0,0,0,0,0,0,0,0.0,0.0,0,
5,2026-10-08T22:54:38.066732+00:00,5.000434900999608,sr0,0.9993328740001743,1536,0,8,0,0,0,0,0,0.0,0.0,0,
5,2026-10-08T22:54:38.066732+00:00,5.000434900999608,sda,0.9993328740001743,315698688,20834541568,8097,107879,0,74469376,0,169,0.0,74519089.62217028,912,
5,2026-10-08T22:54:38.066732+00:00,5.000434900999608,sda1,0.9993328740001743,319488,0,78,0,0,0,0,0,0.0,0.0,0,
5,2026-10-08T22:54:38.066732+00:00,5.000434900999608,sda2,0.9993328740001743,285926400,419725312,6637,66385,0,12288,0,2,0.0,12296.203116798353,4,
5,2026-10-08T22:54:38.066732+00:00,5.000434900999608,sda3,0.9993328740001743,5559296,118784,154,26,0,0,0,0,0.0,0.0,0,
5,2026-10-08T22:54:38.066732+00:00,5.000434900999608,sda4,0.9993328740001743,4657152,0,116,0,0,0,0,0,0.0,0.0,0,
5,2026-10-08T22:54:38.066732+00:00,5.000434900999608,sda5,0.9993328740001743,16782336,20414697472,977,41468,0,74457088,0,167,0.0,74506793.4190535,912,
6,2026-10-08T22:54:39.067111+00:00,6.001061278000634,loop0,1.0003790850005316,2109440,0,219,0,0,0,0,0,0.0,0.0,0,
6,2026-10-08T22:54:39.067111+00:00,6.001061278000634,loop1,1.0003790850005316,354304,0,43,0,0,0,0,0,0.0,0.0,0,
6,2026-10-08T22:54:39.067111+00:00,6.001061278000634,loop2,1.0003790850005316,1106944,0,51,0,0,0,0,0,0.0,0.0,0,
6,2026-10-08T22:54:39.067111+00:00,6.001061278000634,loop3,1.0003790850005316,1141760,0,66,0,0,0,0,0,0.0,0.0,0,
6,2026-10-08T22:54:39.067111+00:00,6.001061278000634,loop4,1.0003790850005316,374784,0,51,0,0,0,0,0,0.0,0.0,0,
6,2026-10-08T22:54:39.067111+00:00,6.001061278000634,loop5,1.0003790850005316,14336,0,11,0,0,0,0,0,0.0,0.0,0,
6,2026-10-08T22:54:39.067111+00:00,6.001061278000634,loop6,1.0003790850005316,0,0,0,0,0,0,0,0,0.0,0.0,0,
6,2026-10-08T22:54:39.067111+00:00,6.001061278000634,loop7,1.0003790850005316,0,0,0,0,0,0,0,0,0.0,0.0,0,
6,2026-10-08T22:54:39.067111+00:00,6.001061278000634,sr0,1.0003790850005316,1536,0,8,0,0,0,0,0,0.0,0.0,0,
6,2026-10-08T22:54:39.067111+00:00,6.001061278000634,sda,1.0003790850005316,315698688,20880297984,8097,108392,0,45756416,0,513,0.0,45739077.00197039,896,
6,2026-10-08T22:54:39.067111+00:00,6.001061278000634,sda1,1.0003790850005316,319488,0,78,0,0,0,0,0,0.0,0.0,0,
6,2026-10-08T22:54:39.067111+00:00,6.001061278000634,sda2,1.0003790850005316,285926400,421900288,6637,66802,0,2174976,0,417,0.0,2174151.811659321,136,
6,2026-10-08T22:54:39.067111+00:00,6.001061278000634,sda3,1.0003790850005316,5559296,118784,154,26,0,0,0,0,0.0,0.0,0,
6,2026-10-08T22:54:39.067111+00:00,6.001061278000634,sda4,1.0003790850005316,4657152,0,116,0,0,0,0,0,0.0,0.0,0,
6,2026-10-08T22:54:39.067111+00:00,6.001061278000634,sda5,1.0003790850005316,16782336,20458278912,977,41564,0,43581440,0,96,0.0,43564925.19031107,856,
7,2026-10-08T22:54:40.067286+00:00,7.001447328000722,loop0,1.0001749679995555,2109440,0,219,0,0,0,0,0,0.0,0.0,0,
7,2026-10-08T22:54:40.067286+00:00,7.001447328000722,loop1,1.0001749679995555,354304,0,43,0,0,0,0,0,0.0,0.0,0,
7,2026-10-08T22:54:40.067286+00:00,7.001447328000722,loop2,1.0001749679995555,1106944,0,51,0,0,0,0,0,0.0,0.0,0,
7,2026-10-08T22:54:40.067286+00:00,7.001447328000722,loop3,1.0001749679995555,1141760,0,66,0,0,0,0,0,0.0,0.0,0,
7,2026-10-08T22:54:40.067286+00:00,7.001447328000722,loop4,1.0001749679995555,374784,0,51,0,0,0,0,0,0.0,0.0,0,
7,2026-10-08T22:54:40.067286+00:00,7.001447328000722,loop5,1.0001749679995555,14336,0,11,0,0,0,0,0,0.0,0.0,0,
7,2026-10-08T22:54:40.067286+00:00,7.001447328000722,loop6,1.0001749679995555,0,0,0,0,0,0,0,0,0.0,0.0,0,
7,2026-10-08T22:54:40.067286+00:00,7.001447328000722,loop7,1.0001749679995555,0,0,0,0,0,0,0,0,0.0,0.0,0,
7,2026-10-08T22:54:40.067286+00:00,7.001447328000722,sr0,1.0001749679995555,1536,0,8,0,0,0,0,0,0.0,0.0,0,
7,2026-10-08T22:54:40.067286+00:00,7.001447328000722,sda,1.0001749679995555,315698688,20942741504,8097,108522,0,62443520,0,130,0.0,62432596.29351947,972,
7,2026-10-08T22:54:40.067286+00:00,7.001447328000722,sda1,1.0001749679995555,319488,0,78,0,0,0,0,0,0.0,0.0,0,
7,2026-10-08T22:54:40.067286+00:00,7.001447328000722,sda2,1.0001749679995555,285926400,421900288,6637,66802,0,0,0,0,0.0,0.0,0,
7,2026-10-08T22:54:40.067286+00:00,7.001447328000722,sda3,1.0001749679995555,5559296,118784,154,26,0,0,0,0,0.0,0.0,0,
7,2026-10-08T22:54:40.067286+00:00,7.001447328000722,sda4,1.0001749679995555,4657152,0,116,0,0,0,0,0,0.0,0.0,0,
7,2026-10-08T22:54:40.067286+00:00,7.001447328000722,sda5,1.0001749679995555,16782336,20520722432,977,41694,0,62443520,0,130,0.0,62432596.29351947,972,
8,2026-10-08T22:54:41.075826+00:00,8.009854504000032,loop0,1.0085405400004674,2109440,0,219,0,0,0,0,0,0.0,0.0,0,
8,2026-10-08T22:54:41.075826+00:00,8.009854504000032,loop1,1.0085405400004674,354304,0,43,0,0,0,0,0,0.0,0.0,0,
8,2026-10-08T22:54:41.075826+00:00,8.009854504000032,loop2,1.0085405400004674,1106944,0,51,0,0,0,0,0,0.0,0.0,0,
8,2026-10-08T22:54:41.075826+00:00,8.009854504000032,loop3,1.0085405400004674,1141760,0,66,0,0,0,0,0,0.0,0.0,0,
8,2026-10-08T22:54:41.075826+00:00,8.009854504000032,loop4,1.0085405400004674,374784,0,51,0,0,0,0,0,0.0,0.0,0,
8,2026-10-08T22:54:41.075826+00:00,8.009854504000032,loop5,1.0085405400004674,14336,0,11,0,0,0,0,0,0.0,0.0,0,
8,2026-10-08T22:54:41.075826+00:00,8.009854504000032,loop6,1.0085405400004674,0,0,0,0,0,0,0,0,0.0,0.0,0,
8,2026-10-08T22:54:41.075826+00:00,8.009854504000032,loop7,1.0085405400004674,0,0,0,0,0,0,0,0,0.0,0.0,0,
8,2026-10-08T22:54:41.075826+00:00,8.009854504000032,sr0,1.0085405400004674,1536,0,8,0,0,0,0,0,0.0,0.0,0,
8,2026-10-08T22:54:41.075826+00:00,8.009854504000032,sda,1.0085405400004674,315698688,21008400384,8097,108660,0,65658880,0,138,0.0,65102866.365659006,908,
8,2026-10-08T22:54:41.075826+00:00,8.009854504000032,sda1,1.0085405400004674,319488,0,78,0,0,0,0,0,0.0,0.0,0,
8,2026-10-08T22:54:41.075826+00:00,8.009854504000032,sda2,1.0085405400004674,285926400,421900288,6637,66802,0,0,0,0,0.0,0.0,0,
8,2026-10-08T22:54:41.075826+00:00,8.009854504000032,sda3,1.0085405400004674,5559296,118784,154,26,0,0,0,0,0.0,0.0,0,
8,2026-10-08T22:54:41.075826+00:00,8.009854504000032,sda4,1.0085405400004674,4657152,0,116,0,0,0,0,0,0.0,0.0,0,
8,2026-10-08T22:54:41.075826+00:00,8.009854504000032,sda5,1.0085405400004674,16782336,20586381312,977,41832,0,65658880,0,138,0.0,65102866.365659006,908,
9,2026-10-08T22:54:42.077550+00:00,9.010280202999638,loop0,1.0017230409994227,2109440,0,219,0,0,0,0,0,0.0,0.0,0,
9,2026-10-08T22:54:42.077550+00:00,9.010280202999638,loop1,1.0017230409994227,354304,0,43,0,0,0,0,0,0.0,0.0,0,
9,2026-10-08T22:54:42.077550+00:00,9.010280202999638,loop2,1.0017230409994227,1106944,0,51,0,0,0,0,0,0.0,0.0,0,
9,2026-10-08T22:54:42.077550+00:00,9.010280202999638,loop3,1.0017230409994227,1141760,0,66,0,0,0,0,0,0.0,0.0,0,
9,2026-10-08T22:54:42.077550+00:00,9.010280202999638,loop4,1.0017230409994227,374784,0,51,0,0,0,0,0,0.0,0.0,0,
9,2026-10-08T22:54:42.077550+00:00,9.010280202999638,loop5,1.0017230409994227,14336,0,11,0,0,0,0,0,0.0,0.0,0,
9,2026-10-08T22:54:42.077550+00:00,9.010280202999638,loop6,1.0017230409994227,0,0,0,0,0,0,0,0,0.0,0.0,0,
9,2026-10-08T22:54:42.077550+00:00,9.010280202999638,loop7,1.0017230409994227,0,0,0,0,0,0,0,0,0.0,0.0,0,
9,2026-10-08T22:54:42.077550+00:00,9.010280202999638,sr0,1.0017230409994227,1536,0,8,0,0,0,0,0,0.0,0.0,0,
9,2026-10-08T22:54:42.077550+00:00,9.010280202999638,sda,1.0017230409994227,315698688,21071568896,8097,108793,0,63168512,0,133,0.0,63059857.28048798,1036,
9,2026-10-08T22:54:42.077550+00:00,9.010280202999638,sda1,1.0017230409994227,319488,0,78,0,0,0,0,0,0.0,0.0,0,
9,2026-10-08T22:54:42.077550+00:00,9.010280202999638,sda2,1.0017230409994227,285926400,421900288,6637,66802,0,0,0,0,0.0,0.0,0,
9,2026-10-08T22:54:42.077550+00:00,9.010280202999638,sda3,1.0017230409994227,5559296,118784,154,26,0,0,0,0,0.0,0.0,0,
9,2026-10-08T22:54:42.077550+00:00,9.010280202999638,sda4,1.0017230409994227,4657152,0,116,0,0,0,0,0,0.0,0.0,0,
9,2026-10-08T22:54:42.077550+00:00,9.010280202999638,sda5,1.0017230409994227,16782336,20649549824,977,41965,0,63168512,0,133,0.0,63059857.28048798,1036,
10,2026-10-08T22:54:43.067884+00:00,10.00188511899978,loop0,0.9903341900007945,2109440,0,219,0,0,0,0,0,0.0,0.0,0,
10,2026-10-08T22:54:43.067884+00:00,10.00188511899978,loop1,0.9903341900007945,354304,0,43,0,0,0,0,0,0.0,0.0,0,
10,2026-10-08T22:54:43.067884+00:00,10.00188511899978,loop2,0.9903341900007945,1106944,0,51,0,0,0,0,0,0.0,0.0,0,
10,2026-10-08T22:54:43.067884+00:00,10.00188511899978,loop3,0.9903341900007945,1141760,0,66,0,0,0,0,0,0.0,0.0,0,
10,2026-10-08T22:54:43.067884+00:00,10.00188511899978,loop4,0.9903341900007945,374784,0,51,0,0,0,0,0,0.0,0.0,0,
10,2026-10-08T22:54:43.067884+00:00,10.00188511899978,loop5,0.9903341900007945,14336,0,11,0,0,0,0,0,0.0,0.0,0,
10,2026-10-08T22:54:43.067884+00:00,10.00188511899978,loop6,0.9903341900007945,0,0,0,0,0,0,0,0,0.0,0.0,0,
10,2026-10-08T22:54:43.067884+00:00,10.00188511899978,loop7,0.9903341900007945,0,0,0,0,0,0,0,0,0.0,0.0,0,
10,2026-10-08T22:54:43.067884+00:00,10.00188511899978,sr0,0.9903341900007945,1536,0,8,0,0,0,0,0,0.0,0.0,0,
10,2026-10-08T22:54:43.067884+00:00,10.00188511899978,sda,0.9903341900007945,315698688,21152301056,8097,108968,0,80732160,0,175,0.0,81520117.97142461,880,
10,2026-10-08T22:54:43.067884+00:00,10.00188511899978,sda1,0.9903341900007945,319488,0,78,0,0,0,0,0,0.0,0.0,0,
10,2026-10-08T22:54:43.067884+00:00,10.00188511899978,sda2,0.9903341900007945,285926400,421920768,6637,66807,0,20480,0,5,0.0,20679.887866926587,32,
10,2026-10-08T22:54:43.067884+00:00,10.00188511899978,sda3,0.9903341900007945,5559296,118784,154,26,0,0,0,0,0.0,0.0,0,
10,2026-10-08T22:54:43.067884+00:00,10.00188511899978,sda4,0.9903341900007945,4657152,0,116,0,0,0,0,0,0.0,0.0,0,
10,2026-10-08T22:54:43.067884+00:00,10.00188511899978,sda5,0.9903341900007945,16782336,20730261504,977,42135,0,80711680,0,170,0.0,81499438.08355768,880,
11,2026-10-08T22:54:44.066825+00:00,11.000588258999414,loop0,0.9989414769988798,2109440,0,219,0,0,0,0,0,0.0,0.0,0,
11,2026-10-08T22:54:44.066825+00:00,11.000588258999414,loop1,0.9989414769988798,354304,0,43,0,0,0,0,0,0.0,0.0,0,
11,2026-10-08T22:54:44.066825+00:00,11.000588258999414,loop2,0.9989414769988798,1106944,0,51,0,0,0,0,0,0.0,0.0,0,
11,2026-10-08T22:54:44.066825+00:00,11.000588258999414,loop3,0.9989414769988798,1141760,0,66,0,0,0,0,0,0.0,0.0,0,
11,2026-10-08T22:54:44.066825+00:00,11.000588258999414,loop4,0.9989414769988798,374784,0,51,0,0,0,0,0,0.0,0.0,0,
11,2026-10-08T22:54:44.066825+00:00,11.000588258999414,loop5,0.9989414769988798,14336,0,11,0,0,0,0,0,0.0,0.0,0,
11,2026-10-08T22:54:44.066825+00:00,11.000588258999414,loop6,0.9989414769988798,0,0,0,0,0,0,0,0,0.0,0.0,0,
11,2026-10-08T22:54:44.066825+00:00,11.000588258999414,loop7,0.9989414769988798,0,0,0,0,0,0,0,0,0.0,0.0,0,
11,2026-10-08T22:54:44.066825+00:00,11.000588258999414,sr0,0.9989414769988798,1536,0,8,0,0,0,0,0,0.0,0.0,0,
11,2026-10-08T22:54:44.066825+00:00,11.000588258999414,sda,0.9989414769988798,315698688,21208473600,8097,109087,0,56172544,0,119,0.0,56232066.93625256,968,
11,2026-10-08T22:54:44.066825+00:00,11.000588258999414,sda1,0.9989414769988798,319488,0,78,0,0,0,0,0,0.0,0.0,0,
11,2026-10-08T22:54:44.066825+00:00,11.000588258999414,sda2,0.9989414769988798,285926400,421945344,6637,66809,0,24576,0,2,0.0,24602.041827148558,160,
11,2026-10-08T22:54:44.066825+00:00,11.000588258999414,sda3,0.9989414769988798,5559296,118784,154,26,0,0,0,0,0.0,0.0,0,
11,2026-10-08T22:54:44.066825+00:00,11.000588258999414,sda4,0.9989414769988798,4657152,0,116,0,0,0,0,0,0.0,0.0,0,
11,2026-10-08T22:54:44.066825+00:00,11.000588258999414,sda5,0.9989414769988798,16782336,20786409472,977,42252,0,56147968,0,117,0.0,56207464.89442541,972,
12,2026-10-08T22:54:45.075093+00:00,12.009584011999323,loop0,1.0082678609996947,2109440,0,219,0,0,0,0,0,0.0,0.0,0,
12,2026-10-08T22:54:45.075093+00:00,12.009584011999323,loop1,1.0082678609996947,354304,0,43,0,0,0,0,0,0.0,0.0,0,
12,2026-10-08T22:54:45.075093+00:00,12.009584011999323,loop2,1.0082678609996947,1106944,0,51,0,0,0,0,0,0.0,0.0,0,
12,2026-10-08T22:54:45.075093+00:00,12.009584011999323,loop3,1.0082678609996947,1141760,0,66,0,0,0,0,0,0.0,0.0,0,
12,2026-10-08T22:54:45.075093+00:00,12.009584011999323,loop4,1.0082678609996947,374784,0,51,0,0,0,0,0,0.0,0.0,0,
12,2026-10-08T22:54:45.075093+00:00,12.009584011999323,loop5,1.0082678609996947,14336,0,11,0,0,0,0,0,0.0,0.0,0,
12,2026-10-08T22:54:45.075093+00:00,12.009584011999323,loop6,1.0082678609996947,0,0,0,0,0,0,0,0,0.0,0.0,0,
12,2026-10-08T22:54:45.075093+00:00,12.009584011999323,loop7,1.0082678609996947,0,0,0,0,0,0,0,0,0.0,0.0,0,
12,2026-10-08T22:54:45.075093+00:00,12.009584011999323,sr0,1.0082678609996947,1536,0,8,0,0,0,0,0,0.0,0.0,0,
12,2026-10-08T22:54:45.075093+00:00,12.009584011999323,sda,1.0082678609996947,315698688,21269225472,8097,109218,0,60751872,0,131,0.0,60253702.76085632,796,
12,2026-10-08T22:54:45.075093+00:00,12.009584011999323,sda1,1.0082678609996947,319488,0,78,0,0,0,0,0,0.0,0.0,0,
12,2026-10-08T22:54:45.075093+00:00,12.009584011999323,sda2,1.0082678609996947,285926400,421945344,6637,66809,0,0,0,0,0.0,0.0,0,
12,2026-10-08T22:54:45.075093+00:00,12.009584011999323,sda3,1.0082678609996947,5559296,118784,154,26,0,0,0,0,0.0,0.0,0,
12,2026-10-08T22:54:45.075093+00:00,12.009584011999323,sda4,1.0082678609996947,4657152,0,116,0,0,0,0,0,0.0,0.0,0,
12,2026-10-08T22:54:45.075093+00:00,12.009584011999323,sda5,1.0082678609996947,16782336,20847161344,977,42383,0,60751872,0,131,0.0,60253702.76085632,796,
13,2026-10-08T22:54:46.070243+00:00,13.004593646999638,loop0,0.9951500189999933,2109440,0,219,0,0,0,0,0,0.0,0.0,0,
13,2026-10-08T22:54:46.070243+00:00,13.004593646999638,loop1,0.9951500189999933,354304,0,43,0,0,0,0,0,0.0,0.0,0,
13,2026-10-08T22:54:46.070243+00:00,13.004593646999638,loop2,0.9951500189999933,1106944,0,51,0,0,0,0,0,0.0,0.0,0,
13,2026-10-08T22:54:46.070243+00:00,13.004593646999638,loop3,0.9951500189999933,1141760,0,66,0,0,0,0,0,0.0,0.0,0,
13,2026-10-08T22:54:46.070243+00:00,13.004593646999638,loop4,0.9951500189999933,374784,0,51,0,0,0,0,0,0.0,0.0,0,
13,2026-10-08T22:54:46.070243+00:00,13.004593646999638,loop5,0.9951500189999933,14336,0,11,0,0,0,0,0,0.0,0.0,0,
13,2026-10-08T22:54:46.070243+00:00,13.004593646999638,loop6,0.9951500189999933,0,0,0,0,0,0,0,0,0.0,0.0,0,
13,2026-10-08T22:54:46.070243+00:00,13.004593646999638,loop7,0.9951500189999933,0,0,0,0,0,0,0,0,0.0,0.0,0,
13,2026-10-08T22:54:46.070243+00:00,13.004593646999638,sr0,0.9951500189999933,1536,0,8,0,0,0,0,0,0.0,0.0,0,
13,2026-10-08T22:54:46.070243+00:00,13.004593646999638,sda,0.9951500189999933,315698688,21334851584,8097,109355,0,65626112,0,137,0.0,65945948.59772639,936,
13,2026-10-08T22:54:46.070243+00:00,13.004593646999638,sda1,0.9951500189999933,319488,0,78,0,0,0,0,0,0.0,0.0,0,
13,2026-10-08T22:54:46.070243+00:00,13.004593646999638,sda2,0.9951500189999933,285926400,421945344,6637,66809,0,0,0,0,0.0,0.0,0,
13,2026-10-08T22:54:46.070243+00:00,13.004593646999638,sda3,0.9951500189999933,5559296,118784,154,26,0,0,0,0,0.0,0.0,0,
13,2026-10-08T22:54:46.070243+00:00,13.004593646999638,sda4,0.9951500189999933,4657152,0,116,0,0,0,0,0,0.0,0.0,0,
13,2026-10-08T22:54:46.070243+00:00,13.004593646999638,sda5,0.9951500189999933,16782336,20912787456,977,42520,0,65626112,0,137,0.0,65945948.59772639,936,
14,2026-10-08T22:54:47.070792+00:00,14.000648544999422,loop0,1.0005486870013556,2109440,0,219,0,0,0,0,0,0.0,0.0,0,
14,2026-10-08T22:54:47.070792+00:00,14.000648544999422,loop1,1.0005486870013556,354304,0,43,0,0,0,0,0,0.0,0.0,0,
14,2026-10-08T22:54:47.070792+00:00,14.000648544999422,loop2,1.0005486870013556,1106944,0,51,0,0,0,0,0,0.0,0.0,0,
14,2026-10-08T22:54:47.070792+00:00,14.000648544999422,loop3,1.0005486870013556,1141760,0,66,0,0,0,0,0,0.0,0.0,0,
14,2026-10-08T22:54:47.070792+00:00,14.000648544999422,loop4,1.0005486870013556,374784,0,51,0,0,0,0,0,0.0,0.0,0,
14,2026-10-08T22:54:47.070792+00:00,14.000648544999422,loop5,1.0005486870013556,14336,0,11,0,0,0,0,0,0.0,0.0,0,
14,2026-10-08T22:54:47.070792+00:00,14.000648544999422,loop6,1.0005486870013556,0,0,0,0,0,0,0,0,0.0,0.0,0,
14,2026-10-08T22:54:47.070792+00:00,14.000648544999422,loop7,1.0005486870013556,0,0,0,0,0,0,0,0,0.0,0.0,0,
14,2026-10-08T22:54:47.070792+00:00,14.000648544999422,sr0,1.0005486870013556,1536,0,8,0,0,0,0,0,0.0,0.0,0,
14,2026-10-08T22:54:47.070792+00:00,14.000648544999422,sda,1.0005486870013556,315698688,21387493376,8097,109466,0,52641792,0,111,0.0,52612923.972512975,1004,
14,2026-10-08T22:54:47.070792+00:00,14.000648544999422,sda1,1.0005486870013556,319488,0,78,0,0,0,0,0,0.0,0.0,0,
14,2026-10-08T22:54:47.070792+00:00,14.000648544999422,sda2,1.0005486870013556,285926400,421945344,6637,66809,0,0,0,0,0.0,0.0,0,
14,2026-10-08T22:54:47.070792+00:00,14.000648544999422,sda3,1.0005486870013556,5559296,118784,154,26,0,0,0,0,0.0,0.0,0,
14,2026-10-08T22:54:47.070792+00:00,14.000648544999422,sda4,1.0005486870013556,4657152,0,116,0,0,0,0,0,0.0,0.0,0,
14,2026-10-08T22:54:47.070792+00:00,14.000648544999422,sda5,1.0005486870013556,16782336,20965429248,977,42631,0,52641792,0,111,0.0,52612923.972512975,1004,
15,2026-10-08T22:54:48.077836+00:00,15.012202955000248,loop0,1.007043834999422,2109440,0,219,0,0,0,0,0,0.0,0.0,0,
15,2026-10-08T22:54:48.077836+00:00,15.012202955000248,loop1,1.007043834999422,354304,0,43,0,0,0,0,0,0.0,0.0,0,
15,2026-10-08T22:54:48.077836+00:00,15.012202955000248,loop2,1.007043834999422,1106944,0,51,0,0,0,0,0,0.0,0.0,0,
15,2026-10-08T22:54:48.077836+00:00,15.012202955000248,loop3,1.007043834999422,1141760,0,66,0,0,0,0,0,0.0,0.0,0,
15,2026-10-08T22:54:48.077836+00:00,15.012202955000248,loop4,1.007043834999422,374784,0,51,0,0,0,0,0,0.0,0.0,0,
15,2026-10-08T22:54:48.077836+00:00,15.012202955000248,loop5,1.007043834999422,14336,0,11,0,0,0,0,0,0.0,0.0,0,
15,2026-10-08T22:54:48.077836+00:00,15.012202955000248,loop6,1.007043834999422,0,0,0,0,0,0,0,0,0.0,0.0,0,
15,2026-10-08T22:54:48.077836+00:00,15.012202955000248,loop7,1.007043834999422,0,0,0,0,0,0,0,0,0.0,0.0,0,
15,2026-10-08T22:54:48.077836+00:00,15.012202955000248,sr0,1.007043834999422,1536,0,8,0,0,0,0,0,0.0,0.0,0,
15,2026-10-08T22:54:48.077836+00:00,15.012202955000248,sda,1.007043834999422,315698688,21447168000,8097,109596,0,59674624,0,130,0.0,59257225.87838915,972,
15,2026-10-08T22:54:48.077836+00:00,15.012202955000248,sda1,1.007043834999422,319488,0,78,0,0,0,0,0,0.0,0.0,0,
15,2026-10-08T22:54:48.077836+00:00,15.012202955000248,sda2,1.007043834999422,285926400,421961728,6637,66813,0,16384,0,4,0.0,16269.401023649983,96,
15,2026-10-08T22:54:48.077836+00:00,15.012202955000248,sda3,1.007043834999422,5559296,118784,154,26,0,0,0,0,0.0,0.0,0,
15,2026-10-08T22:54:48.077836+00:00,15.012202955000248,sda4,1.007043834999422,4657152,0,116,0,0,0,0,0,0.0,0.0,0,
15,2026-10-08T22:54:48.077836+00:00,15.012202955000248,sda5,1.007043834999422,16782336,21025087488,977,42757,0,59658240,0,126,0.0,59240956.4773655,972,
16,2026-10-08T22:54:49.102823+00:00,16.03630112800056,loop0,1.024987238999529,2109440,0,219,0,0,0,0,0,0.0,0.0,0,
16,2026-10-08T22:54:49.102823+00:00,16.03630112800056,loop1,1.024987238999529,354304,0,43,0,0,0,0,0,0.0,0.0,0,
16,2026-10-08T22:54:49.102823+00:00,16.03630112800056,loop2,1.024987238999529,1106944,0,51,0,0,0,0,0,0.0,0.0,0,
16,2026-10-08T22:54:49.102823+00:00,16.03630112800056,loop3,1.024987238999529,1141760,0,66,0,0,0,0,0,0.0,0.0,0,
16,2026-10-08T22:54:49.102823+00:00,16.03630112800056,loop4,1.024987238999529,374784,0,51,0,0,0,0,0,0.0,0.0,0,
16,2026-10-08T22:54:49.102823+00:00,16.03630112800056,loop5,1.024987238999529,14336,0,11,0,0,0,0,0,0.0,0.0,0,
16,2026-10-08T22:54:49.102823+00:00,16.03630112800056,loop6,1.024987238999529,0,0,0,0,0,0,0,0,0.0,0.0,0,
16,2026-10-08T22:54:49.102823+00:00,16.03630112800056,loop7,1.024987238999529,0,0,0,0,0,0,0,0,0.0,0.0,0,
16,2026-10-08T22:54:49.102823+00:00,16.03630112800056,sr0,1.024987238999529,1536,0,8,0,0,0,0,0,0.0,0.0,0,
16,2026-10-08T22:54:49.102823+00:00,16.03630112800056,sda,1.024987238999529,315698688,21492793344,8097,109692,0,45625344,0,96,0.0,44513084.90877804,980,
16,2026-10-08T22:54:49.102823+00:00,16.03630112800056,sda1,1.024987238999529,319488,0,78,0,0,0,0,0,0.0,0.0,0,
16,2026-10-08T22:54:49.102823+00:00,16.03630112800056,sda2,1.024987238999529,285926400,421961728,6637,66813,0,0,0,0,0.0,0.0,0,
16,2026-10-08T22:54:49.102823+00:00,16.03630112800056,sda3,1.024987238999529,5559296,118784,154,26,0,0,0,0,0.0,0.0,0,
16,2026-10-08T22:54:49.102823+00:00,16.03630112800056,sda4,1.024987238999529,4657152,0,116,0,0,0,0,0,0.0,0.0,0,
16,2026-10-08T22:54:49.102823+00:00,16.03630112800056,sda5,1.024987238999529,16782336,21070712832,977,42853,0,45625344,0,96,0.0,44513084.90877804,980,
17,2026-10-08T22:54:50.069332+00:00,17.00153971399959,loop0,0.9665086719996907,2109440,0,219,0,0,0,0,0,0.0,0.0,0,
17,2026-10-08T22:54:50.069332+00:00,17.00153971399959,loop1,0.9665086719996907,354304,0,43,0,0,0,0,0,0.0,0.0,0,
17,2026-10-08T22:54:50.069332+00:00,17.00153971399959,loop2,0.9665086719996907,1106944,0,51,0,0,0,0,0,0.0,0.0,0,
17,2026-10-08T22:54:50.069332+00:00,17.00153971399959,loop3,0.9665086719996907,1141760,0,66,0,0,0,0,0,0.0,0.0,0,
17,2026-10-08T22:54:50.069332+00:00,17.00153971399959,loop4,0.9665086719996907,374784,0,51,0,0,0,0,0,0.0,0.0,0,
17,2026-10-08T22:54:50.069332+00:00,17.00153971399959,loop5,0.9665086719996907,14336,0,11,0,0,0,0,0,0.0,0.0,0,
17,2026-10-08T22:54:50.069332+00:00,17.00153971399959,loop6,0.9665086719996907,0,0,0,0,0,0,0,0,0.0,0.0,0,
17,2026-10-08T22:54:50.069332+00:00,17.00153971399959,loop7,0.9665086719996907,0,0,0,0,0,0,0,0,0.0,0.0,0,
17,2026-10-08T22:54:50.069332+00:00,17.00153971399959,sr0,0.9665086719996907,1536,0,8,0,0,0,0,0,0.0,0.0,0,
17,2026-10-08T22:54:50.069332+00:00,17.00153971399959,sda,0.9665086719996907,315698688,21545431040,8097,109793,0,52637696,0,101,0.0,54461690.33444207,924,
17,2026-10-08T22:54:50.069332+00:00,17.00153971399959,sda1,0.9665086719996907,319488,0,78,0,0,0,0,0,0.0,0.0,0,
17,2026-10-08T22:54:50.069332+00:00,17.00153971399959,sda2,0.9665086719996907,285926400,421961728,6637,66813,0,0,0,0,0.0,0.0,0,
17,2026-10-08T22:54:50.069332+00:00,17.00153971399959,sda3,0.9665086719996907,5559296,118784,154,26,0,0,0,0,0.0,0.0,0,
17,2026-10-08T22:54:50.069332+00:00,17.00153971399959,sda4,0.9665086719996907,4657152,0,116,0,0,0,0,0,0.0,0.0,0,
17,2026-10-08T22:54:50.069332+00:00,17.00153971399959,sda5,0.9665086719996907,16782336,21123350528,977,42954,0,52637696,0,101,0.0,54461690.33444207,924,
18,2026-10-08T22:54:51.080156+00:00,18.013828909999575,loop0,1.0108241079997242,2109440,0,219,0,0,0,0,0,0.0,0.0,0,
18,2026-10-08T22:54:51.080156+00:00,18.013828909999575,loop1,1.0108241079997242,354304,0,43,0,0,0,0,0,0.0,0.0,0,
18,2026-10-08T22:54:51.080156+00:00,18.013828909999575,loop2,1.0108241079997242,1106944,0,51,0,0,0,0,0,0.0,0.0,0,
18,2026-10-08T22:54:51.080156+00:00,18.013828909999575,loop3,1.0108241079997242,1141760,0,66,0,0,0,0,0,0.0,0.0,0,
18,2026-10-08T22:54:51.080156+00:00,18.013828909999575,loop4,1.0108241079997242,374784,0,51,0,0,0,0,0,0.0,0.0,0,
18,2026-10-08T22:54:51.080156+00:00,18.013828909999575,loop5,1.0108241079997242,14336,0,11,0,0,0,0,0,0.0,0.0,0,
18,2026-10-08T22:54:51.080156+00:00,18.013828909999575,loop6,1.0108241079997242,0,0,0,0,0,0,0,0,0.0,0.0,0,
18,2026-10-08T22:54:51.080156+00:00,18.013828909999575,loop7,1.0108241079997242,0,0,0,0,0,0,0,0,0.0,0.0,0,
18,2026-10-08T22:54:51.080156+00:00,18.013828909999575,sr0,1.0108241079997242,1536,0,8,0,0,0,0,0,0.0,0.0,0,
18,2026-10-08T22:54:51.080156+00:00,18.013828909999575,sda,1.0108241079997242,315698688,21603721216,8097,109918,0,58290176,0,125,0.0,57665993.06317287,900,
18,2026-10-08T22:54:51.080156+00:00,18.013828909999575,sda1,1.0108241079997242,319488,0,78,0,0,0,0,0,0.0,0.0,0,
18,2026-10-08T22:54:51.080156+00:00,18.013828909999575,sda2,1.0108241079997242,285926400,421961728,6637,66813,0,0,0,0,0.0,0.0,0,
18,2026-10-08T22:54:51.080156+00:00,18.013828909999575,sda3,1.0108241079997242,5559296,118784,154,26,0,0,0,0,0.0,0.0,0,
18,2026-10-08T22:54:51.080156+00:00,18.013828909999575,sda4,1.0108241079997242,4657152,0,116,0,0,0,0,0,0.0,0.0,0,
18,2026-10-08T22:54:51.080156+00:00,18.013828909999575,sda5,1.0108241079997242,16782336,21181640704,977,43079,0,58290176,0,125,0.0,57665993.06317287,900,
19,2026-10-08T22:54:52.076577+00:00,19.010517922999497,loop0,0.9964214110004832,2109440,0,219,0,0,0,0,0,0.0,0.0,0,
19,2026-10-08T22:54:52.076577+00:00,19.010517922999497,loop1,0.9964214110004832,354304,0,43,0,0,0,0,0,0.0,0.0,0,
19,2026-10-08T22:54:52.076577+00:00,19.010517922999497,loop2,0.9964214110004832,1106944,0,51,0,0,0,0,0,0.0,0.0,0,
19,2026-10-08T22:54:52.076577+00:00,19.010517922999497,loop3,0.9964214110004832,1141760,0,66,0,0,0,0,0,0.0,0.0,0,
19,2026-10-08T22:54:52.076577+00:00,19.010517922999497,loop4,0.9964214110004832,374784,0,51,0,0,0,0,0,0.0,0.0,0,
19,2026-10-08T22:54:52.076577+00:00,19.010517922999497,loop5,0.9964214110004832,14336,0,11,0,0,0,0,0,0.0,0.0,0,
19,2026-10-08T22:54:52.076577+00:00,19.010517922999497,loop6,0.9964214110004832,0,0,0,0,0,0,0,0,0.0,0.0,0,
19,2026-10-08T22:54:52.076577+00:00,19.010517922999497,loop7,0.9964214110004832,0,0,0,0,0,0,0,0,0.0,0.0,0,
19,2026-10-08T22:54:52.076577+00:00,19.010517922999497,sr0,0.9964214110004832,1536,0,8,0,0,0,0,0,0.0,0.0,0,
19,2026-10-08T22:54:52.076577+00:00,19.010517922999497,sda,0.9964214110004832,315698688,21655953408,8097,110020,0,52232192,0,102,0.0,52419780.85111087,916,
19,2026-10-08T22:54:52.076577+00:00,19.010517922999497,sda1,0.9964214110004832,319488,0,78,0,0,0,0,0,0.0,0.0,0,
19,2026-10-08T22:54:52.076577+00:00,19.010517922999497,sda2,0.9964214110004832,285926400,421961728,6637,66813,0,0,0,0,0.0,0.0,0,
19,2026-10-08T22:54:52.076577+00:00,19.010517922999497,sda3,0.9964214110004832,5559296,118784,154,26,0,0,0,0,0.0,0.0,0,
19,2026-10-08T22:54:52.076577+00:00,19.010517922999497,sda4,0.9964214110004832,4657152,0,116,0,0,0,0,0,0.0,0.0,0,
19,2026-10-08T22:54:52.076577+00:00,19.010517922999497,sda5,0.9964214110004832,16782336,21233872896,977,43181,0,52232192,0,102,0.0,52419780.85111087,916,
20,2026-10-08T22:54:53.069020+00:00,20.003195912000592,loop0,0.992442396000115,2109440,0,219,0,0,0,0,0,0.0,0.0,0,
20,2026-10-08T22:54:53.069020+00:00,20.003195912000592,loop1,0.992442396000115,354304,0,43,0,0,0,0,0,0.0,0.0,0,
20,2026-10-08T22:54:53.069020+00:00,20.003195912000592,loop2,0.992442396000115,1106944,0,51,0,0,0,0,0,0.0,0.0,0,
20,2026-10-08T22:54:53.069020+00:00,20.003195912000592,loop3,0.992442396000115,1141760,0,66,0,0,0,0,0,0.0,0.0,0,
20,2026-10-08T22:54:53.069020+00:00,20.003195912000592,loop4,0.992442396000115,374784,0,51,0,0,0,0,0,0.0,0.0,0,
20,2026-10-08T22:54:53.069020+00:00,20.003195912000592,loop5,0.992442396000115,14336,0,11,0,0,0,0,0,0.0,0.0,0,
20,2026-10-08T22:54:53.069020+00:00,20.003195912000592,loop6,0.992442396000115,0,0,0,0,0,0,0,0,0.0,0.0,0,
20,2026-10-08T22:54:53.069020+00:00,20.003195912000592,loop7,0.992442396000115,0,0,0,0,0,0,0,0,0.0,0.0,0,
20,2026-10-08T22:54:53.069020+00:00,20.003195912000592,sr0,0.992442396000115,1536,0,8,0,0,0,0,0,0.0,0.0,0,
20,2026-10-08T22:54:53.069020+00:00,20.003195912000592,sda,0.992442396000115,315698688,21713915904,8097,110138,0,57962496,0,118,0.0,58403889.468657166,964,
20,2026-10-08T22:54:53.069020+00:00,20.003195912000592,sda1,0.992442396000115,319488,0,78,0,0,0,0,0,0.0,0.0,0,
20,2026-10-08T22:54:53.069020+00:00,20.003195912000592,sda2,0.992442396000115,285926400,421961728,6637,66813,0,0,0,0,0.0,0.0,0,
20,2026-10-08T22:54:53.069020+00:00,20.003195912000592,sda3,0.992442396000115,5559296,118784,154,26,0,0,0,0,0.0,0.0,0,
20,2026-10-08T22:54:53.069020+00:00,20.003195912000592,sda4,0.992442396000115,4657152,0,116,0,0,0,0,0,0.0,0.0,0,
20,2026-10-08T22:54:53.069020+00:00,20.003195912000592,sda5,0.992442396000115,16782336,21291835392,977,43299,0,57962496,0,118,0.0,58403889.468657166,964,
21,2026-10-08T22:54:54.105172+00:00,21.03938973500044,loop0,1.036152292001134,2109440,0,219,0,0,0,0,0,0.0,0.0,0,
21,2026-10-08T22:54:54.105172+00:00,21.03938973500044,loop1,1.036152292001134,354304,0,43,0,0,0,0,0,0.0,0.0,0,
21,2026-10-08T22:54:54.105172+00:00,21.03938973500044,loop2,1.036152292001134,1106944,0,51,0,0,0,0,0,0.0,0.0,0,
21,2026-10-08T22:54:54.105172+00:00,21.03938973500044,loop3,1.036152292001134,1141760,0,66,0,0,0,0,0,0.0,0.0,0,
21,2026-10-08T22:54:54.105172+00:00,21.03938973500044,loop4,1.036152292001134,374784,0,51,0,0,0,0,0,0.0,0.0,0,
21,2026-10-08T22:54:54.105172+00:00,21.03938973500044,loop5,1.036152292001134,14336,0,11,0,0,0,0,0,0.0,0.0,0,
21,2026-10-08T22:54:54.105172+00:00,21.03938973500044,loop6,1.036152292001134,0,0,0,0,0,0,0,0,0.0,0.0,0,
21,2026-10-08T22:54:54.105172+00:00,21.03938973500044,loop7,1.036152292001134,0,0,0,0,0,0,0,0,0.0,0.0,0,
21,2026-10-08T22:54:54.105172+00:00,21.03938973500044,sr0,1.036152292001134,1536,0,8,0,0,0,0,0,0.0,0.0,0,
21,2026-10-08T22:54:54.105172+00:00,21.03938973500044,sda,1.036152292001134,315698688,21777084416,8097,110271,0,63168512,0,133,0.0,60964505.399106786,924,
21,2026-10-08T22:54:54.105172+00:00,21.03938973500044,sda1,1.036152292001134,319488,0,78,0,0,0,0,0,0.0,0.0,0,
21,2026-10-08T22:54:54.105172+00:00,21.03938973500044,sda2,1.036152292001134,285926400,421961728,6637,66813,0,0,0,0,0.0,0.0,0,
21,2026-10-08T22:54:54.105172+00:00,21.03938973500044,sda3,1.036152292001134,5559296,118784,154,26,0,0,0,0,0.0,0.0,0,
21,2026-10-08T22:54:54.105172+00:00,21.03938973500044,sda4,1.036152292001134,4657152,0,116,0,0,0,0,0,0.0,0.0,0,
21,2026-10-08T22:54:54.105172+00:00,21.03938973500044,sda5,1.036152292001134,16782336,21355003904,977,43432,0,63168512,0,133,0.0,60964505.399106786,924,
22,2026-10-08T22:54:55.067832+00:00,22.001205503000165,loop0,0.9626602829994226,2109440,0,219,0,0,0,0,0,0.0,0.0,0,
22,2026-10-08T22:54:55.067832+00:00,22.001205503000165,loop1,0.9626602829994226,354304,0,43,0,0,0,0,0,0.0,0.0,0,
22,2026-10-08T22:54:55.067832+00:00,22.001205503000165,loop2,0.9626602829994226,1106944,0,51,0,0,0,0,0,0.0,0.0,0,
22,2026-10-08T22:54:55.067832+00:00,22.001205503000165,loop3,0.9626602829994226,1141760,0,66,0,0,0,0,0,0.0,0.0,0,
22,2026-10-08T22:54:55.067832+00:00,22.001205503000165,loop4,0.9626602829994226,374784,0,51,0,0,0,0,0,0.0,0.0,0,
22,2026-10-08T22:54:55.067832+00:00,22.001205503000165,loop5,0.9626602829994226,14336,0,11,0,0,0,0,0,0.0,0.0,0,
22,2026-10-08T22:54:55.067832+00:00,22.001205503000165,loop6,0.9626602829994226,0,0,0,0,0,0,0,0,0.0,0.0,0,
22,2026-10-08T22:54:55.067832+00:00,22.001205503000165,loop7,0.9626602829994226,0,0,0,0,0,0,0,0,0.0,0.0,0,
22,2026-10-08T22:54:55.067832+00:00,22.001205503000165,sr0,0.9626602829994226,1536,0,8,0,0,0,0,0,0.0,0.0,0,
22,2026-10-08T22:54:55.067832+00:00,22.001205503000165,sda,0.9626602829994226,315698688,21826899968,8097,110375,0,49815552,0,104,0.0,51747800.21544722,936,
22,2026-10-08T22:54:55.067832+00:00,22.001205503000165,sda1,0.9626602829994226,319488,0,78,0,0,0,0,0,0.0,0.0,0,
22,2026-10-08T22:54:55.067832+00:00,22.001205503000165,sda2,0.9626602829994226,285926400,421961728,6637,66813,0,0,0,0,0.0,0.0,0,
22,2026-10-08T22:54:55.067832+00:00,22.001205503000165,sda3,0.9626602829994226,5559296,118784,154,26,0,0,0,0,0.0,0.0,0,
22,2026-10-08T22:54:55.067832+00:00,22.001205503000165,sda4,0.9626602829994226,4657152,0,116,0,0,0,0,0,0.0,0.0,0,
22,2026-10-08T22:54:55.067832+00:00,22.001205503000165,sda5,0.9626602829994226,16782336,21404819456,977,43536,0,49815552,0,104,0.0,51747800.21544722,936,
23,2026-10-08T22:54:56.068591+00:00,23.002433539000776,loop0,1.0007585429993924,2109440,0,219,0,0,0,0,0,0.0,0.0,0,
23,2026-10-08T22:54:56.068591+00:00,23.002433539000776,loop1,1.0007585429993924,354304,0,43,0,0,0,0,0,0.0,0.0,0,
23,2026-10-08T22:54:56.068591+00:00,23.002433539000776,loop2,1.0007585429993924,1106944,0,51,0,0,0,0,0,0.0,0.0,0,
23,2026-10-08T22:54:56.068591+00:00,23.002433539000776,loop3,1.0007585429993924,1141760,0,66,0,0,0,0,0,0.0,0.0,0,
23,2026-10-08T22:54:56.068591+00:00,23.002433539000776,loop4,1.0007585429993924,374784,0,51,0,0,0,0,0,0.0,0.0,0,
23,2026-10-08T22:54:56.068591+00:00,23.002433539000776,loop5,1.0007585429993924,14336,0,11,0,0,0,0,0,0.0,0.0,0,
23,2026-10-08T22:54:56.068591+00:00,23.002433539000776,loop6,1.0007585429993924,0,0,0,0,0,0,0,0,0.0,0.0,0,
23,2026-10-08T22:54:56.068591+00:00,23.002433539000776,loop7,1.0007585429993924,0,0,0,0,0,0,0,0,0.0,0.0,0,
23,2026-10-08T22:54:56.068591+00:00,23.002433539000776,sr0,1.0007585429993924,1536,0,8,0,0,0,0,0,0.0,0.0,0,
23,2026-10-08T22:54:56.068591+00:00,23.002433539000776,sda,1.0007585429993924,315698688,21878849536,8097,110484,0,51949568,0,109,0.0,51910191.88734674,968,
23,2026-10-08T22:54:56.068591+00:00,23.002433539000776,sda1,1.0007585429993924,319488,0,78,0,0,0,0,0,0.0,0.0,0,
23,2026-10-08T22:54:56.068591+00:00,23.002433539000776,sda2,1.0007585429993924,285926400,421961728,6637,66813,0,0,0,0,0.0,0.0,0,
23,2026-10-08T22:54:56.068591+00:00,23.002433539000776,sda3,1.0007585429993924,5559296,118784,154,26,0,0,0,0,0.0,0.0,0,
23,2026-10-08T22:54:56.068591+00:00,23.002433539000776,sda4,1.0007585429993924,4657152,0,116,0,0,0,0,0,0.0,0.0,0,
23,2026-10-08T22:54:56.068591+00:00,23.002433539000776,sda5,1.0007585429993924,16782336,21456769024,977,43645,0,51949568,0,109,0.0,51910191.88734674,968,
24,2026-10-08T22:54:57.071860+00:00,24.005999020000672,loop0,1.0032699080002203,2109440,0,219,0,0,0,0,0,0.0,0.0,0,
24,2026-10-08T22:54:57.071860+00:00,24.005999020000672,loop1,1.0032699080002203,354304,0,43,0,0,0,0,0,0.0,0.0,0,
24,2026-10-08T22:54:57.071860+00:00,24.005999020000672,loop2,1.0032699080002203,1106944,0,51,0,0,0,0,0,0.0,0.0,0,
24,2026-10-08T22:54:57.071860+00:00,24.005999020000672,loop3,1.0032699080002203,1141760,0,66,0,0,0,0,0,0.0,0.0,0,
24,2026-10-08T22:54:57.071860+00:00,24.005999020000672,loop4,1.0032699080002203,374784,0,51,0,0,0,0,0,0.0,0.0,0,
24,2026-10-08T22:54:57.071860+00:00,24.005999020000672,loop5,1.0032699080002203,14336,0,11,0,0,0,0,0,0.0,0.0,0,
24,2026-10-08T22:54:57.071860+00:00,24.005999020000672,loop6,1.0032699080002203,0,0,0,0,0,0,0,0,0.0,0.0,0,
24,2026-10-08T22:54:57.071860+00:00,24.005999020000672,loop7,1.0032699080002203,0,0,0,0,0,0,0,0,0.0,0.0,0,
24,2026-10-08T22:54:57.071860+00:00,24.005999020000672,sr0,1.0032699080002203,1536,0,8,0,0,0,0,0,0.0,0.0,0,
24,2026-10-08T22:54:57.071860+00:00,24.005999020000672,sda,1.0032699080002203,315698688,21935046656,8097,110606,0,56197120,0,122,0.0,56013959.50568833,924,
24,2026-10-08T22:54:57.071860+00:00,24.005999020000672,sda1,1.0032699080002203,319488,0,78,0,0,0,0,0,0.0,0.0,0,
24,2026-10-08T22:54:57.071860+00:00,24.005999020000672,sda2,1.0032699080002203,285926400,421961728,6637,66813,0,0,0,0,0.0,0.0,0,
24,2026-10-08T22:54:57.071860+00:00,24.005999020000672,sda3,1.0032699080002203,5559296,118784,154,26,0,0,0,0,0.0,0.0,0,
24,2026-10-08T22:54:57.071860+00:00,24.005999020000672,sda4,1.0032699080002203,4657152,0,116,0,0,0,0,0,0.0,0.0,0,
24,2026-10-08T22:54:57.071860+00:00,24.005999020000672,sda5,1.0032699080002203,16782336,21512966144,977,43767,0,56197120,0,122,0.0,56013959.50568833,924,
25,2026-10-08T22:54:58.069720+00:00,25.001249814000403,loop0,0.9978593380001257,2109440,0,219,0,0,0,0,0,0.0,0.0,0,
25,2026-10-08T22:54:58.069720+00:00,25.001249814000403,loop1,0.9978593380001257,354304,0,43,0,0,0,0,0,0.0,0.0,0,
25,2026-10-08T22:54:58.069720+00:00,25.001249814000403,loop2,0.9978593380001257,1106944,0,51,0,0,0,0,0,0.0,0.0,0,
25,2026-10-08T22:54:58.069720+00:00,25.001249814000403,loop3,0.9978593380001257,1141760,0,66,0,0,0,0,0,0.0,0.0,0,
25,2026-10-08T22:54:58.069720+00:00,25.001249814000403,loop4,0.9978593380001257,374784,0,51,0,0,0,0,0,0.0,0.0,0,
25,2026-10-08T22:54:58.069720+00:00,25.001249814000403,loop5,0.9978593380001257,14336,0,11,0,0,0,0,0,0.0,0.0,0,
25,2026-10-08T22:54:58.069720+00:00,25.001249814000403,loop6,0.9978593380001257,0,0,0,0,0,0,0,0,0.0,0.0,0,
25,2026-10-08T22:54:58.069720+00:00,25.001249814000403,loop7,0.9978593380001257,0,0,0,0,0,0,0,0,0.0,0.0,0,
25,2026-10-08T22:54:58.069720+00:00,25.001249814000403,sr0,0.9978593380001257,1536,0,8,0,0,0,0,0,0.0,0.0,0,
25,2026-10-08T22:54:58.069720+00:00,25.001249814000403,sda,0.9978593380001257,315698688,21977161728,8097,110695,0,42115072,0,89,0.0,42205419.53779331,988,
25,2026-10-08T22:54:58.069720+00:00,25.001249814000403,sda1,0.9978593380001257,319488,0,78,0,0,0,0,0,0.0,0.0,0,
25,2026-10-08T22:54:58.069720+00:00,25.001249814000403,sda2,0.9978593380001257,285926400,421961728,6637,66813,0,0,0,0,0.0,0.0,0,
25,2026-10-08T22:54:58.069720+00:00,25.001249814000403,sda3,0.9978593380001257,5559296,118784,154,26,0,0,0,0,0.0,0.0,0,
25,2026-10-08T22:54:58.069720+00:00,25.001249814000403,sda4,0.9978593380001257,4657152,0,116,0,0,0,0,0,0.0,0.0,0,
25,2026-10-08T22:54:58.069720+00:00,25.001249814000403,sda5,0.9978593380001257,16782336,21555081216,977,43856,0,42115072,0,89,0.0,42205419.53779331,988,
26,2026-10-08T22:54:59.068406+00:00,26.00228879399947,loop0,0.9986864750007953,2109440,0,219,0,0,0,0,0,0.0,0.0,0,
26,2026-10-08T22:54:59.068406+00:00,26.00228879399947,loop1,0.9986864750007953,354304,0,43,0,0,0,0,0,0.0,0.0,0,
26,2026-10-08T22:54:59.068406+00:00,26.00228879399947,loop2,0.9986864750007953,1106944,0,51,0,0,0,0,0,0.0,0.0,0,
26,2026-10-08T22:54:59.068406+00:00,26.00228879399947,loop3,0.9986864750007953,1141760,0,66,0,0,0,0,0,0.0,0.0,0,
26,2026-10-08T22:54:59.068406+00:00,26.00228879399947,loop4,0.9986864750007953,374784,0,51,0,0,0,0,0,0.0,0.0,0,
26,2026-10-08T22:54:59.068406+00:00,26.00228879399947,loop5,0.9986864750007953,14336,0,11,0,0,0,0,0,0.0,0.0,0,
26,2026-10-08T22:54:59.068406+00:00,26.00228879399947,loop6,0.9986864750007953,0,0,0,0,0,0,0,0,0.0,0.0,0,
26,2026-10-08T22:54:59.068406+00:00,26.00228879399947,loop7,0.9986864750007953,0,0,0,0,0,0,0,0,0.0,0.0,0,
26,2026-10-08T22:54:59.068406+00:00,26.00228879399947,sr0,0.9986864750007953,1536,0,8,0,0,0,0,0,0.0,0.0,0,
26,2026-10-08T22:54:59.068406+00:00,26.00228879399947,sda,0.9986864750007953,315698688,22029803520,8097,110801,0,52641792,0,106,0.0,52711029.2546598,876,
26,2026-10-08T22:54:59.068406+00:00,26.00228879399947,sda1,0.9986864750007953,319488,0,78,0,0,0,0,0,0.0,0.0,0,
26,2026-10-08T22:54:59.068406+00:00,26.00228879399947,sda2,0.9986864750007953,285926400,421961728,6637,66813,0,0,0,0,0.0,0.0,0,
26,2026-10-08T22:54:59.068406+00:00,26.00228879399947,sda3,0.9986864750007953,5559296,118784,154,26,0,0,0,0,0.0,0.0,0,
26,2026-10-08T22:54:59.068406+00:00,26.00228879399947,sda4,0.9986864750007953,4657152,0,116,0,0,0,0,0,0.0,0.0,0,
26,2026-10-08T22:54:59.068406+00:00,26.00228879399947,sda5,0.9986864750007953,16782336,21607723008,977,43962,0,52641792,0,106,0.0,52711029.2546598,876,
27,2026-10-08T22:55:00.072313+00:00,27.00676471099905,loop0,1.0039062999985617,2109440,0,219,0,0,0,0,0,0.0,0.0,0,
27,2026-10-08T22:55:00.072313+00:00,27.00676471099905,loop1,1.0039062999985617,354304,0,43,0,0,0,0,0,0.0,0.0,0,
27,2026-10-08T22:55:00.072313+00:00,27.00676471099905,loop2,1.0039062999985617,1106944,0,51,0,0,0,0,0,0.0,0.0,0,
27,2026-10-08T22:55:00.072313+00:00,27.00676471099905,loop3,1.0039062999985617,1141760,0,66,0,0,0,0,0,0.0,0.0,0,
27,2026-10-08T22:55:00.072313+00:00,27.00676471099905,loop4,1.0039062999985617,374784,0,51,0,0,0,0,0,0.0,0.0,0,
27,2026-10-08T22:55:00.072313+00:00,27.00676471099905,loop5,1.0039062999985617,14336,0,11,0,0,0,0,0,0.0,0.0,0,
27,2026-10-08T22:55:00.072313+00:00,27.00676471099905,loop6,1.0039062999985617,0,0,0,0,0,0,0,0,0.0,0.0,0,
27,2026-10-08T22:55:00.072313+00:00,27.00676471099905,loop7,1.0039062999985617,0,0,0,0,0,0,0,0,0.0,0.0,0,
27,2026-10-08T22:55:00.072313+00:00,27.00676471099905,sr0,1.0039062999985617,1536,0,8,0,0,0,0,0,0.0,0.0,0,
27,2026-10-08T22:55:00.072313+00:00,27.00676471099905,sda,1.0039062999985617,315698688,22092967936,8097,110933,0,63164416,0,132,0.0,62918636.92865609,952,
27,2026-10-08T22:55:00.072313+00:00,27.00676471099905,sda1,1.0039062999985617,319488,0,78,0,0,0,0,0,0.0,0.0,0,
27,2026-10-08T22:55:00.072313+00:00,27.00676471099905,sda2,1.0039062999985617,285926400,421961728,6637,66813,0,0,0,0,0.0,0.0,0,
27,2026-10-08T22:55:00.072313+00:00,27.00676471099905,sda3,1.0039062999985617,5559296,118784,154,26,0,0,0,0,0.0,0.0,0,
27,2026-10-08T22:55:00.072313+00:00,27.00676471099905,sda4,1.0039062999985617,4657152,0,116,0,0,0,0,0,0.0,0.0,0,
27,2026-10-08T22:55:00.072313+00:00,27.00676471099905,sda5,1.0039062999985617,16782336,21670887424,977,44094,0,63164416,0,132,0.0,62918636.92865609,952,
28,2026-10-08T22:55:01.066963+00:00,28.00083124199955,loop0,0.9946501579997857,2109440,0,219,0,0,0,0,0,0.0,0.0,0,
28,2026-10-08T22:55:01.066963+00:00,28.00083124199955,loop1,0.9946501579997857,354304,0,43,0,0,0,0,0,0.0,0.0,0,
28,2026-10-08T22:55:01.066963+00:00,28.00083124199955,loop2,0.9946501579997857,1106944,0,51,0,0,0,0,0,0.0,0.0,0,
28,2026-10-08T22:55:01.066963+00:00,28.00083124199955,loop3,0.9946501579997857,1141760,0,66,0,0,0,0,0,0.0,0.0,0,
28,2026-10-08T22:55:01.066963+00:00,28.00083124199955,loop4,0.9946501579997857,374784,0,51,0,0,0,0,0,0.0,0.0,0,
28,2026-10-08T22:55:01.066963+00:00,28.00083124199955,loop5,0.9946501579997857,14336,0,11,0,0,0,0,0,0.0,0.0,0,
28,2026-10-08T22:55:01.066963+00:00,28.00083124199955,loop6,0.9946501579997857,0,0,0,0,0,0,0,0,0.0,0.0,0,
28,2026-10-08T22:55:01.066963+00:00,28.00083124199955,loop7,0.9946501579997857,0,0,0,0,0,0,0,0,0.0,0.0,0,
28,2026-10-08T22:55:01.066963+00:00,28.00083124199955,sr0,0.9946501579997857,1536,0,8,0,0,0,0,0,0.0,0.0,0,
28,2026-10-08T22:55:01.066963+00:00,28.00083124199955,sda,0.9946501579997857,315698688,22141767680,8097,111036,0,48799744,0,103,0.0,49062219.12047443,920,
28,2026-10-08T22:55:01.066963+00:00,28.00083124199955,sda1,0.9946501579997857,319488,0,78,0,0,0,0,0,0.0,0.0,0,
28,2026-10-08T22:55:01.066963+00:00,28.00083124199955,sda2,0.9946501579997857,285926400,421961728,6637,66813,0,0,0,0,0.0,0.0,0,
28,2026-10-08T22:55:01.066963+00:00,28.00083124199955,sda3,0.9946501579997857,5559296,118784,154,26,0,0,0,0,0.0,0.0,0,
28,2026-10-08T22:55:01.066963+00:00,28.00083124199955,sda4,0.9946501579997857,4657152,0,116,0,0,0,0,0,0.0,0.0,0,
28,2026-10-08T22:55:01.066963+00:00,28.00083124199955,sda5,0.9946501579997857,16782336,21719687168,977,44197,0,48799744,0,103,0.0,49062219.12047443,920,
29,2026-10-08T22:55:02.066959+00:00,29.000923670999327,loop0,0.9999963600002957,2109440,0,219,0,0,0,0,0,0.0,0.0,0,
29,2026-10-08T22:55:02.066959+00:00,29.000923670999327,loop1,0.9999963600002957,354304,0,43,0,0,0,0,0,0.0,0.0,0,
29,2026-10-08T22:55:02.066959+00:00,29.000923670999327,loop2,0.9999963600002957,1106944,0,51,0,0,0,0,0,0.0,0.0,0,
29,2026-10-08T22:55:02.066959+00:00,29.000923670999327,loop3,0.9999963600002957,1141760,0,66,0,0,0,0,0,0.0,0.0,0,
29,2026-10-08T22:55:02.066959+00:00,29.000923670999327,loop4,0.9999963600002957,374784,0,51,0,0,0,0,0,0.0,0.0,0,
29,2026-10-08T22:55:02.066959+00:00,29.000923670999327,loop5,0.9999963600002957,14336,0,11,0,0,0,0,0,0.0,0.0,0,
29,2026-10-08T22:55:02.066959+00:00,29.000923670999327,loop6,0.9999963600002957,0,0,0,0,0,0,0,0,0.0,0.0,0,
29,2026-10-08T22:55:02.066959+00:00,29.000923670999327,loop7,0.9999963600002957,0,0,0,0,0,0,0,0,0.0,0.0,0,
29,2026-10-08T22:55:02.066959+00:00,29.000923670999327,sr0,0.9999963600002957,1536,0,8,0,0,0,0,0,0.0,0.0,0,
29,2026-10-08T22:55:02.066959+00:00,29.000923670999327,sda,0.9999963600002957,315698688,22187720704,8097,111132,0,45953024,0,96,0.0,45953191.269602634,1032,
29,2026-10-08T22:55:02.066959+00:00,29.000923670999327,sda1,0.9999963600002957,319488,0,78,0,0,0,0,0,0.0,0.0,0,
29,2026-10-08T22:55:02.066959+00:00,29.000923670999327,sda2,0.9999963600002957,285926400,421961728,6637,66813,0,0,0,0,0.0,0.0,0,
29,2026-10-08T22:55:02.066959+00:00,29.000923670999327,sda3,0.9999963600002957,5559296,118784,154,26,0,0,0,0,0.0,0.0,0,
29,2026-10-08T22:55:02.066959+00:00,29.000923670999327,sda4,0.9999963600002957,4657152,0,116,0,0,0,0,0,0.0,0.0,0,
29,2026-10-08T22:55:02.066959+00:00,29.000923670999327,sda5,0.9999963600002957,16782336,21765640192,977,44293,0,45953024,0,96,0.0,45953191.269602634,1032,
30,2026-10-08T22:55:03.068003+00:00,30.001728331999402,loop0,1.0010429419999127,2109440,0,219,0,0,0,0,0,0.0,0.0,0,
30,2026-10-08T22:55:03.068003+00:00,30.001728331999402,loop1,1.0010429419999127,354304,0,43,0,0,0,0,0,0.0,0.0,0,
30,2026-10-08T22:55:03.068003+00:00,30.001728331999402,loop2,1.0010429419999127,1106944,0,51,0,0,0,0,0,0.0,0.0,0,
30,2026-10-08T22:55:03.068003+00:00,30.001728331999402,loop3,1.0010429419999127,1141760,0,66,0,0,0,0,0,0.0,0.0,0,
30,2026-10-08T22:55:03.068003+00:00,30.001728331999402,loop4,1.0010429419999127,374784,0,51,0,0,0,0,0,0.0,0.0,0,
30,2026-10-08T22:55:03.068003+00:00,30.001728331999402,loop5,1.0010429419999127,14336,0,11,0,0,0,0,0,0.0,0.0,0,
30,2026-10-08T22:55:03.068003+00:00,30.001728331999402,loop6,1.0010429419999127,0,0,0,0,0,0,0,0,0.0,0.0,0,
30,2026-10-08T22:55:03.068003+00:00,30.001728331999402,loop7,1.0010429419999127,0,0,0,0,0,0,0,0,0.0,0.0,0,
30,2026-10-08T22:55:03.068003+00:00,30.001728331999402,sr0,1.0010429419999127,1536,0,8,0,0,0,0,0,0.0,0.0,0,
30,2026-10-08T22:55:03.068003+00:00,30.001728331999402,sda,1.0010429419999127,315698688,22242160640,8097,111248,0,54439936,0,116,0.0,54383217.45842222,828,
30,2026-10-08T22:55:03.068003+00:00,30.001728331999402,sda1,1.0010429419999127,319488,0,78,0,0,0,0,0,0.0,0.0,0,
30,2026-10-08T22:55:03.068003+00:00,30.001728331999402,sda2,1.0010429419999127,285926400,421961728,6637,66813,0,0,0,0,0.0,0.0,0,
30,2026-10-08T22:55:03.068003+00:00,30.001728331999402,sda3,1.0010429419999127,5559296,118784,154,26,0,0,0,0,0.0,0.0,0,
30,2026-10-08T22:55:03.068003+00:00,30.001728331999402,sda4,1.0010429419999127,4657152,0,116,0,0,0,0,0,0.0,0.0,0,
30,2026-10-08T22:55:03.068003+00:00,30.001728331999402,sda5,1.0010429419999127,16782336,21820080128,977,44409,0,54439936,0,116,0.0,54383217.45842222,828,
31,2026-10-08T22:55:04.066905+00:00,31.000945658999626,loop0,0.9989027770006942,2109440,0,219,0,0,0,0,0,0.0,0.0,0,
31,2026-10-08T22:55:04.066905+00:00,31.000945658999626,loop1,0.9989027770006942,354304,0,43,0,0,0,0,0,0.0,0.0,0,
31,2026-10-08T22:55:04.066905+00:00,31.000945658999626,loop2,0.9989027770006942,1106944,0,51,0,0,0,0,0,0.0,0.0,0,
31,2026-10-08T22:55:04.066905+00:00,31.000945658999626,loop3,0.9989027770006942,1141760,0,66,0,0,0,0,0,0.0,0.0,0,
31,2026-10-08T22:55:04.066905+00:00,31.000945658999626,loop4,0.9989027770006942,374784,0,51,0,0,0,0,0,0.0,0.0,0,
31,2026-10-08T22:55:04.066905+00:00,31.000945658999626,loop5,0.9989027770006942,14336,0,11,0,0,0,0,0,0.0,0.0,0,
31,2026-10-08T22:55:04.066905+00:00,31.000945658999626,loop6,0.9989027770006942,0,0,0,0,0,0,0,0,0.0,0.0,0,
31,2026-10-08T22:55:04.066905+00:00,31.000945658999626,loop7,0.9989027770006942,0,0,0,0,0,0,0,0,0.0,0.0,0,
31,2026-10-08T22:55:04.066905+00:00,31.000945658999626,sr0,0.9989027770006942,1536,0,8,0,0,0,0,0,0.0,0.0,0,
31,2026-10-08T22:55:04.066905+00:00,31.000945658999626,sda,0.9989027770006942,315698688,22293078016,8097,111352,0,50917376,0,104,0.0,50973305.082687356,932,
31,2026-10-08T22:55:04.066905+00:00,31.000945658999626,sda1,0.9989027770006942,319488,0,78,0,0,0,0,0,0.0,0.0,0,
31,2026-10-08T22:55:04.066905+00:00,31.000945658999626,sda2,0.9989027770006942,285926400,421961728,6637,66813,0,0,0,0,0.0,0.0,0,
31,2026-10-08T22:55:04.066905+00:00,31.000945658999626,sda3,0.9989027770006942,5559296,118784,154,26,0,0,0,0,0.0,0.0,0,
31,2026-10-08T22:55:04.066905+00:00,31.000945658999626,sda4,0.9989027770006942,4657152,0,116,0,0,0,0,0,0.0,0.0,0,
31,2026-10-08T22:55:04.066905+00:00,31.000945658999626,sda5,0.9989027770006942,16782336,21870997504,977,44513,0,50917376,0,104,0.0,50973305.082687356,932,
32,2026-10-08T22:55:05.067929+00:00,32.00172680600008,loop0,1.0010242850003124,2109440,0,219,0,0,0,0,0,0.0,0.0,0,
32,2026-10-08T22:55:05.067929+00:00,32.00172680600008,loop1,1.0010242850003124,354304,0,43,0,0,0,0,0,0.0,0.0,0,
32,2026-10-08T22:55:05.067929+00:00,32.00172680600008,loop2,1.0010242850003124,1106944,0,51,0,0,0,0,0,0.0,0.0,0,
32,2026-10-08T22:55:05.067929+00:00,32.00172680600008,loop3,1.0010242850003124,1141760,0,66,0,0,0,0,0,0.0,0.0,0,
32,2026-10-08T22:55:05.067929+00:00,32.00172680600008,loop4,1.0010242850003124,374784,0,51,0,0,0,0,0,0.0,0.0,0,
32,2026-10-08T22:55:05.067929+00:00,32.00172680600008,loop5,1.0010242850003124,14336,0,11,0,0,0,0,0,0.0,0.0,0,
32,2026-10-08T22:55:05.067929+00:00,32.00172680600008,loop6,1.0010242850003124,0,0,0,0,0,0,0,0,0.0,0.0,0,
32,2026-10-08T22:55:05.067929+00:00,32.00172680600008,loop7,1.0010242850003124,0,0,0,0,0,0,0,0,0.0,0.0,0,
32,2026-10-08T22:55:05.067929+00:00,32.00172680600008,sr0,1.0010242850003124,1536,0,8,0,0,0,0,0,0.0,0.0,0,
32,2026-10-08T22:55:05.067929+00:00,32.00172680600008,sda,1.0010242850003124,315698688,22351691776,8097,111475,0,58613760,0,123,0.0,58553784.23709442,956,
32,2026-10-08T22:55:05.067929+00:00,32.00172680600008,sda1,1.0010242850003124,319488,0,78,0,0,0,0,0,0.0,0.0,0,
32,2026-10-08T22:55:05.067929+00:00,32.00172680600008,sda2,1.0010242850003124,285926400,421961728,6637,66813,0,0,0,0,0.0,0.0,0,
32,2026-10-08T22:55:05.067929+00:00,32.00172680600008,sda3,1.0010242850003124,5559296,118784,154,26,0,0,0,0,0.0,0.0,0,
32,2026-10-08T22:55:05.067929+00:00,32.00172680600008,sda4,1.0010242850003124,4657152,0,116,0,0,0,0,0,0.0,0.0,0,
32,2026-10-08T22:55:05.067929+00:00,32.00172680600008,sda5,1.0010242850003124,16782336,21929611264,977,44636,0,58613760,0,123,0.0,58553784.23709442,956,
33,2026-10-08T22:55:06.067428+00:00,33.00136822700006,loop0,0.999499133999052,2109440,0,219,0,0,0,0,0,0.0,0.0,0,
33,2026-10-08T22:55:06.067428+00:00,33.00136822700006,loop1,0.999499133999052,354304,0,43,0,0,0,0,0,0.0,0.0,0,
33,2026-10-08T22:55:06.067428+00:00,33.00136822700006,loop2,0.999499133999052,1106944,0,51,0,0,0,0,0,0.0,0.0,0,
33,2026-10-08T22:55:06.067428+00:00,33.00136822700006,loop3,0.999499133999052,1141760,0,66,0,0,0,0,0,0.0,0.0,0,
33,2026-10-08T22:55:06.067428+00:00,33.00136822700006,loop4,0.999499133999052,374784,0,51,0,0,0,0,0,0.0,0.0,0,
33,2026-10-08T22:55:06.067428+00:00,33.00136822700006,loop5,0.999499133999052,14336,0,11,0,0,0,0,0,0.0,0.0,0,
33,2026-10-08T22:55:06.067428+00:00,33.00136822700006,loop6,0.999499133999052,0,0,0,0,0,0,0,0,0.0,0.0,0,
33,2026-10-08T22:55:06.067428+00:00,33.00136822700006,loop7,0.999499133999052,0,0,0,0,0,0,0,0,0.0,0.0,0,
33,2026-10-08T22:55:06.067428+00:00,33.00136822700006,sr0,0.999499133999052,1536,0,8,0,0,0,0,0,0.0,0.0,0,
33,2026-10-08T22:55:06.067428+00:00,33.00136822700006,sda,0.999499133999052,315698688,22366777344,8097,111507,0,15085568,0,32,0.0,15093127.63448008,440,
33,2026-10-08T22:55:06.067428+00:00,33.00136822700006,sda1,0.999499133999052,319488,0,78,0,0,0,0,0,0.0,0.0,0,
33,2026-10-08T22:55:06.067428+00:00,33.00136822700006,sda2,0.999499133999052,285926400,421961728,6637,66813,0,0,0,0,0.0,0.0,0,
33,2026-10-08T22:55:06.067428+00:00,33.00136822700006,sda3,0.999499133999052,5559296,118784,154,26,0,0,0,0,0.0,0.0,0,
33,2026-10-08T22:55:06.067428+00:00,33.00136822700006,sda4,0.999499133999052,4657152,0,116,0,0,0,0,0,0.0,0.0,0,
33,2026-10-08T22:55:06.067428+00:00,33.00136822700006,sda5,0.999499133999052,16782336,21944696832,977,44668,0,15085568,0,32,0.0,15093127.63448008,440,
34,2026-10-08T22:55:07.066545+00:00,34.0005576450003,loop0,0.9991164670009312,2109440,0,219,0,0,0,0,0,0.0,0.0,0,
34,2026-10-08T22:55:07.066545+00:00,34.0005576450003,loop1,0.9991164670009312,354304,0,43,0,0,0,0,0,0.0,0.0,0,
34,2026-10-08T22:55:07.066545+00:00,34.0005576450003,loop2,0.9991164670009312,1106944,0,51,0,0,0,0,0,0.0,0.0,0,
34,2026-10-08T22:55:07.066545+00:00,34.0005576450003,loop3,0.9991164670009312,1141760,0,66,0,0,0,0,0,0.0,0.0,0,
34,2026-10-08T22:55:07.066545+00:00,34.0005576450003,loop4,0.9991164670009312,374784,0,51,0,0,0,0,0,0.0,0.0,0,
34,2026-10-08T22:55:07.066545+00:00,34.0005576450003,loop5,0.9991164670009312,14336,0,11,0,0,0,0,0,0.0,0.0,0,
34,2026-10-08T22:55:07.066545+00:00,34.0005576450003,loop6,0.9991164670009312,0,0,0,0,0,0,0,0,0.0,0.0,0,
34,2026-10-08T22:55:07.066545+00:00,34.0005576450003,loop7,0.9991164670009312,0,0,0,0,0,0,0,0,0.0,0.0,0,
34,2026-10-08T22:55:07.066545+00:00,34.0005576450003,sr0,0.9991164670009312,1536,0,8,0,0,0,0,0,0.0,0.0,0,
34,2026-10-08T22:55:07.066545+00:00,34.0005576450003,sda,0.9991164670009312,315698688,22366777344,8097,111507,0,0,0,0,0.0,0.0,0,
34,2026-10-08T22:55:07.066545+00:00,34.0005576450003,sda1,0.9991164670009312,319488,0,78,0,0,0,0,0,0.0,0.0,0,
34,2026-10-08T22:55:07.066545+00:00,34.0005576450003,sda2,0.9991164670009312,285926400,421961728,6637,66813,0,0,0,0,0.0,0.0,0,
34,2026-10-08T22:55:07.066545+00:00,34.0005576450003,sda3,0.9991164670009312,5559296,118784,154,26,0,0,0,0,0.0,0.0,0,
34,2026-10-08T22:55:07.066545+00:00,34.0005576450003,sda4,0.9991164670009312,4657152,0,116,0,0,0,0,0,0.0,0.0,0,
34,2026-10-08T22:55:07.066545+00:00,34.0005576450003,sda5,0.9991164670009312,16782336,21944696832,977,44668,0,0,0,0,0.0,0.0,0,
35,2026-10-08T22:55:08.067516+00:00,35.00174011499985,loop0,1.0009708590005175,2109440,0,219,0,0,0,0,0,0.0,0.0,0,
35,2026-10-08T22:55:08.067516+00:00,35.00174011499985,loop1,1.0009708590005175,354304,0,43,0,0,0,0,0,0.0,0.0,0,
35,2026-10-08T22:55:08.067516+00:00,35.00174011499985,loop2,1.0009708590005175,1106944,0,51,0,0,0,0,0,0.0,0.0,0,
35,2026-10-08T22:55:08.067516+00:00,35.00174011499985,loop3,1.0009708590005175,1141760,0,66,0,0,0,0,0,0.0,0.0,0,
35,2026-10-08T22:55:08.067516+00:00,35.00174011499985,loop4,1.0009708590005175,374784,0,51,0,0,0,0,0,0.0,0.0,0,
35,2026-10-08T22:55:08.067516+00:00,35.00174011499985,loop5,1.0009708590005175,14336,0,11,0,0,0,0,0,0.0,0.0,0,
35,2026-10-08T22:55:08.067516+00:00,35.00174011499985,loop6,1.0009708590005175,0,0,0,0,0,0,0,0,0.0,0.0,0,
35,2026-10-08T22:55:08.067516+00:00,35.00174011499985,loop7,1.0009708590005175,0,0,0,0,0,0,0,0,0.0,0.0,0,
35,2026-10-08T22:55:08.067516+00:00,35.00174011499985,sr0,1.0009708590005175,1536,0,8,0,0,0,0,0,0.0,0.0,0,
35,2026-10-08T22:55:08.067516+00:00,35.00174011499985,sda,1.0009708590005175,315698688,22419410944,8097,111616,0,52633600,0,109,0.0,52582549.758297,720,
35,2026-10-08T22:55:08.067516+00:00,35.00174011499985,sda1,1.0009708590005175,319488,0,78,0,0,0,0,0,0.0,0.0,0,
35,2026-10-08T22:55:08.067516+00:00,35.00174011499985,sda2,1.0009708590005175,285926400,421961728,6637,66813,0,0,0,0,0.0,0.0,0,
35,2026-10-08T22:55:08.067516+00:00,35.00174011499985,sda3,1.0009708590005175,5559296,118784,154,26,0,0,0,0,0.0,0.0,0,
35,2026-10-08T22:55:08.067516+00:00,35.00174011499985,sda4,1.0009708590005175,4657152,0,116,0,0,0,0,0,0.0,0.0,0,
35,2026-10-08T22:55:08.067516+00:00,35.00174011499985,sda5,1.0009708590005175,16782336,21997330432,977,44777,0,52633600,0,109,0.0,52582549.758297,720,
36,2026-10-08T22:55:09.069168+00:00,36.00290092499927,loop0,1.0016520109984413,2109440,0,219,0,0,0,0,0,0.0,0.0,0,
36,2026-10-08T22:55:09.069168+00:00,36.00290092499927,loop1,1.0016520109984413,354304,0,43,0,0,0,0,0,0.0,0.0,0,
36,2026-10-08T22:55:09.069168+00:00,36.00290092499927,loop2,1.0016520109984413,1106944,0,51,0,0,0,0,0,0.0,0.0,0,
36,2026-10-08T22:55:09.069168+00:00,36.00290092499927,loop3,1.0016520109984413,1141760,0,66,0,0,0,0,0,0.0,0.0,0,
36,2026-10-08T22:55:09.069168+00:00,36.00290092499927,loop4,1.0016520109984413,374784,0,51,0,0,0,0,0,0.0,0.0,0,
36,2026-10-08T22:55:09.069168+00:00,36.00290092499927,loop5,1.0016520109984413,14336,0,11,0,0,0,0,0,0.0,0.0,0,
36,2026-10-08T22:55:09.069168+00:00,36.00290092499927,loop6,1.0016520109984413,0,0,0,0,0,0,0,0,0.0,0.0,0,
36,2026-10-08T22:55:09.069168+00:00,36.00290092499927,loop7,1.0016520109984413,0,0,0,0,0,0,0,0,0.0,0.0,0,
36,2026-10-08T22:55:09.069168+00:00,36.00290092499927,sr0,1.0016520109984413,1536,0,8,0,0,0,0,0,0.0,0.0,0,
36,2026-10-08T22:55:09.069168+00:00,36.00290092499927,sda,1.0016520109984413,315698688,22469996544,8097,111728,0,50585600,0,112,0.0,50502169.85994622,968,
36,2026-10-08T22:55:09.069168+00:00,36.00290092499927,sda1,1.0016520109984413,319488,0,78,0,0,0,0,0,0.0,0.0,0,
36,2026-10-08T22:55:09.069168+00:00,36.00290092499927,sda2,1.0016520109984413,285926400,421961728,6637,66813,0,0,0,0,0.0,0.0,0,
36,2026-10-08T22:55:09.069168+00:00,36.00290092499927,sda3,1.0016520109984413,5559296,118784,154,26,0,0,0,0,0.0,0.0,0,
36,2026-10-08T22:55:09.069168+00:00,36.00290092499927,sda4,1.0016520109984413,4657152,0,116,0,0,0,0,0,0.0,0.0,0,
36,2026-10-08T22:55:09.069168+00:00,36.00290092499927,sda5,1.0016520109984413,16782336,22047916032,977,44889,0,50585600,0,112,0.0,50502169.85994622,968,
37,2026-10-08T22:55:10.067461+00:00,37.00162805800028,loop0,0.998293045000537,2109440,0,219,0,0,0,0,0,0.0,0.0,0,
37,2026-10-08T22:55:10.067461+00:00,37.00162805800028,loop1,0.998293045000537,354304,0,43,0,0,0,0,0,0.0,0.0,0,
37,2026-10-08T22:55:10.067461+00:00,37.00162805800028,loop2,0.998293045000537,1106944,0,51,0,0,0,0,0,0.0,0.0,0,
37,2026-10-08T22:55:10.067461+00:00,37.00162805800028,loop3,0.998293045000537,1141760,0,66,0,0,0,0,0,0.0,0.0,0,
37,2026-10-08T22:55:10.067461+00:00,37.00162805800028,loop4,0.998293045000537,374784,0,51,0,0,0,0,0,0.0,0.0,0,
37,2026-10-08T22:55:10.067461+00:00,37.00162805800028,loop5,0.998293045000537,14336,0,11,0,0,0,0,0,0.0,0.0,0,
37,2026-10-08T22:55:10.067461+00:00,37.00162805800028,loop6,0.998293045000537,0,0,0,0,0,0,0,0,0.0,0.0,0,
37,2026-10-08T22:55:10.067461+00:00,37.00162805800028,loop7,0.998293045000537,0,0,0,0,0,0,0,0,0.0,0.0,0,
37,2026-10-08T22:55:10.067461+00:00,37.00162805800028,sr0,0.998293045000537,1536,0,8,0,0,0,0,0,0.0,0.0,0,
37,2026-10-08T22:55:10.067461+00:00,37.00162805800028,sda,0.998293045000537,315698688,22529691648,8097,111854,0,59695104,0,126,0.0,59797175.08696847,964,
37,2026-10-08T22:55:10.067461+00:00,37.00162805800028,sda1,0.998293045000537,319488,0,78,0,0,0,0,0,0.0,0.0,0,
37,2026-10-08T22:55:10.067461+00:00,37.00162805800028,sda2,0.998293045000537,285926400,421961728,6637,66813,0,0,0,0,0.0,0.0,0,
37,2026-10-08T22:55:10.067461+00:00,37.00162805800028,sda3,0.998293045000537,5559296,118784,154,26,0,0,0,0,0.0,0.0,0,
37,2026-10-08T22:55:10.067461+00:00,37.00162805800028,sda4,0.998293045000537,4657152,0,116,0,0,0,0,0,0.0,0.0,0,
37,2026-10-08T22:55:10.067461+00:00,37.00162805800028,sda5,0.998293045000537,16782336,22107611136,977,45015,0,59695104,0,126,0.0,59797175.08696847,964,
38,2026-10-08T22:55:11.067194+00:00,38.001449105000574,loop0,0.9997332330003701,2109440,0,219,0,0,0,0,0,0.0,0.0,0,
38,2026-10-08T22:55:11.067194+00:00,38.001449105000574,loop1,0.9997332330003701,354304,0,43,0,0,0,0,0,0.0,0.0,0,
38,2026-10-08T22:55:11.067194+00:00,38.001449105000574,loop2,0.9997332330003701,1106944,0,51,0,0,0,0,0,0.0,0.0,0,
38,2026-10-08T22:55:11.067194+00:00,38.001449105000574,loop3,0.9997332330003701,1141760,0,66,0,0,0,0,0,0.0,0.0,0,
38,2026-10-08T22:55:11.067194+00:00,38.001449105000574,loop4,0.9997332330003701,374784,0,51,0,0,0,0,0,0.0,0.0,0,
38,2026-10-08T22:55:11.067194+00:00,38.001449105000574,loop5,0.9997332330003701,14336,0,11,0,0,0,0,0,0.0,0.0,0,
38,2026-10-08T22:55:11.067194+00:00,38.001449105000574,loop6,0.9997332330003701,0,0,0,0,0,0,0,0,0.0,0.0,0,
38,2026-10-08T22:55:11.067194+00:00,38.001449105000574,loop7,0.9997332330003701,0,0,0,0,0,0,0,0,0.0,0.0,0,
38,2026-10-08T22:55:11.067194+00:00,38.001449105000574,sr0,0.9997332330003701,1536,0,8,0,0,0,0,0,0.0,0.0,0,
38,2026-10-08T22:55:11.067194+00:00,38.001449105000574,sda,0.9997332330003701,315698688,22587932672,8097,111975,0,58241024,0,121,0.0,58256564.92903487,940,
38,2026-10-08T22:55:11.067194+00:00,38.001449105000574,sda1,0.9997332330003701,319488,0,78,0,0,0,0,0,0.0,0.0,0,
38,2026-10-08T22:55:11.067194+00:00,38.001449105000574,sda2,0.9997332330003701,285926400,421961728,6637,66813,0,0,0,0,0.0,0.0,0,
38,2026-10-08T22:55:11.067194+00:00,38.001449105000574,sda3,0.9997332330003701,5559296,118784,154,26,0,0,0,0,0.0,0.0,0,
38,2026-10-08T22:55:11.067194+00:00,38.001449105000574,sda4,0.9997332330003701,4657152,0,116,0,0,0,0,0,0.0,0.0,0,
38,2026-10-08T22:55:11.067194+00:00,38.001449105000574,sda5,0.9997332330003701,16782336,22165852160,977,45136,0,58241024,0,121,0.0,58256564.92903487,940,
39,2026-10-08T22:55:12.067808+00:00,39.00163603600049,loop0,1.0006137210002635,2109440,0,219,0,0,0,0,0,0.0,0.0,0,
39,2026-10-08T22:55:12.067808+00:00,39.00163603600049,loop1,1.0006137210002635,354304,0,43,0,0,0,0,0,0.0,0.0,0,
39,2026-10-08T22:55:12.067808+00:00,39.00163603600049,loop2,1.0006137210002635,1106944,0,51,0,0,0,0,0,0.0,0.0,0,
39,2026-10-08T22:55:12.067808+00:00,39.00163603600049,loop3,1.0006137210002635,1141760,0,66,0,0,0,0,0,0.0,0.0,0,
39,2026-10-08T22:55:12.067808+00:00,39.00163603600049,loop4,1.0006137210002635,374784,0,51,0,0,0,0,0,0.0,0.0,0,
39,2026-10-08T22:55:12.067808+00:00,39.00163603600049,loop5,1.0006137210002635,14336,0,11,0,0,0,0,0,0.0,0.0,0,
39,2026-10-08T22:55:12.067808+00:00,39.00163603600049,loop6,1.0006137210002635,0,0,0,0,0,0,0,0,0.0,0.0,0,
39,2026-10-08T22:55:12.067808+00:00,39.00163603600049,loop7,1.0006137210002635,0,0,0,0,0,0,0,0,0.0,0.0,0,
39,2026-10-08T22:55:12.067808+00:00,39.00163603600049,sr0,1.0006137210002635,1536,0,8,0,0,0,0,0,0.0,0.0,0,
39,2026-10-08T22:55:12.067808+00:00,39.00163603600049,sda,1.0006137210002635,315698688,22640570368,8097,112085,0,52637696,0,110,0.0,52605410.95456969,924,
39,2026-10-08T22:55:12.067808+00:00,39.00163603600049,sda1,1.0006137210002635,319488,0,78,0,0,0,0,0,0.0,0.0,0,
39,2026-10-08T22:55:12.067808+00:00,39.00163603600049,sda2,1.0006137210002635,285926400,421961728,6637,66813,0,0,0,0,0.0,0.0,0,
39,2026-10-08T22:55:12.067808+00:00,39.00163603600049,sda3,1.0006137210002635,5559296,118784,154,26,0,0,0,0,0.0,0.0,0,
39,2026-10-08T22:55:12.067808+00:00,39.00163603600049,sda4,1.0006137210002635,4657152,0,116,0,0,0,0,0,0.0,0.0,0,
39,2026-10-08T22:55:12.067808+00:00,39.00163603600049,sda5,1.0006137210002635,16782336,22218489856,977,45246,0,52637696,0,110,0.0,52605410.95456969,924,
40,2026-10-08T22:55:13.069715+00:00,40.001554078999106,loop0,1.001906935000079,2109440,0,219,0,0,0,0,0,0.0,0.0,0,
40,2026-10-08T22:55:13.069715+00:00,40.001554078999106,loop1,1.001906935000079,354304,0,43,0,0,0,0,0,0.0,0.0,0,
40,2026-10-08T22:55:13.069715+00:00,40.001554078999106,loop2,1.001906935000079,1106944,0,51,0,0,0,0,0,0.0,0.0,0,
40,2026-10-08T22:55:13.069715+00:00,40.001554078999106,loop3,1.001906935000079,1141760,0,66,0,0,0,0,0,0.0,0.0,0,
40,2026-10-08T22:55:13.069715+00:00,40.001554078999106,loop4,1.001906935000079,374784,0,51,0,0,0,0,0,0.0,0.0,0,
40,2026-10-08T22:55:13.069715+00:00,40.001554078999106,loop5,1.001906935000079,14336,0,11,0,0,0,0,0,0.0,0.0,0,
40,2026-10-08T22:55:13.069715+00:00,40.001554078999106,loop6,1.001906935000079,0,0,0,0,0,0,0,0,0.0,0.0,0,
40,2026-10-08T22:55:13.069715+00:00,40.001554078999106,loop7,1.001906935000079,0,0,0,0,0,0,0,0,0.0,0.0,0,
40,2026-10-08T22:55:13.069715+00:00,40.001554078999106,sr0,1.001906935000079,1536,0,8,0,0,0,0,0,0.0,0.0,0,
40,2026-10-08T22:55:13.069715+00:00,40.001554078999106,sda,1.001906935000079,315698688,22698815488,8097,112207,0,58245120,0,122,0.0,58134261.74158122,1008,
40,2026-10-08T22:55:13.069715+00:00,40.001554078999106,sda1,1.001906935000079,319488,0,78,0,0,0,0,0,0.0,0.0,0,
40,2026-10-08T22:55:13.069715+00:00,40.001554078999106,sda2,1.001906935000079,285926400,421961728,6637,66813,0,0,0,0,0.0,0.0,0,
40,2026-10-08T22:55:13.069715+00:00,40.001554078999106,sda3,1.001906935000079,5559296,118784,154,26,0,0,0,0,0.0,0.0,0,
40,2026-10-08T22:55:13.069715+00:00,40.001554078999106,sda4,1.001906935000079,4657152,0,116,0,0,0,0,0,0.0,0.0,0,
40,2026-10-08T22:55:13.069715+00:00,40.001554078999106,sda5,1.001906935000079,16782336,22276734976,977,45368,0,58245120,0,122,0.0,58134261.74158122,1008,
41,2026-10-08T22:55:14.070258+00:00,41.00466600599975,loop0,1.0005438509997475,2109440,0,219,0,0,0,0,0,0.0,0.0,0,
41,2026-10-08T22:55:14.070258+00:00,41.00466600599975,loop1,1.0005438509997475,354304,0,43,0,0,0,0,0,0.0,0.0,0,
41,2026-10-08T22:55:14.070258+00:00,41.00466600599975,loop2,1.0005438509997475,1106944,0,51,0,0,0,0,0,0.0,0.0,0,
41,2026-10-08T22:55:14.070258+00:00,41.00466600599975,loop3,1.0005438509997475,1141760,0,66,0,0,0,0,0,0.0,0.0,0,
41,2026-10-08T22:55:14.070258+00:00,41.00466600599975,loop4,1.0005438509997475,374784,0,51,0,0,0,0,0,0.0,0.0,0,
41,2026-10-08T22:55:14.070258+00:00,41.00466600599975,loop5,1.0005438509997475,14336,0,11,0,0,0,0,0,0.0,0.0,0,
41,2026-10-08T22:55:14.070258+00:00,41.00466600599975,loop6,1.0005438509997475,0,0,0,0,0,0,0,0,0.0,0.0,0,
41,2026-10-08T22:55:14.070258+00:00,41.00466600599975,loop7,1.0005438509997475,0,0,0,0,0,0,0,0,0.0,0.0,0,
41,2026-10-08T22:55:14.070258+00:00,41.00466600599975,sr0,1.0005438509997475,1536,0,8,0,0,0,0,0,0.0,0.0,0,
41,2026-10-08T22:55:14.070258+00:00,41.00466600599975,sda,1.0005438509997475,315698688,22745845760,8097,112305,0,47030272,0,98,0.0,47004708.4423208,912,
41,2026-10-08T22:55:14.070258+00:00,41.00466600599975,sda1,1.0005438509997475,319488,0,78,0,0,0,0,0,0.0,0.0,0,
41,2026-10-08T22:55:14.070258+00:00,41.00466600599975,sda2,1.0005438509997475,285926400,421961728,6637,66813,0,0,0,0,0.0,0.0,0,
41,2026-10-08T22:55:14.070258+00:00,41.00466600599975,sda3,1.0005438509997475,5559296,118784,154,26,0,0,0,0,0.0,0.0,0,
41,2026-10-08T22:55:14.070258+00:00,41.00466600599975,sda4,1.0005438509997475,4657152,0,116,0,0,0,0,0,0.0,0.0,0,
41,2026-10-08T22:55:14.070258+00:00,41.00466600599975,sda5,1.0005438509997475,16782336,22323765248,977,45466,0,47030272,0,98,0.0,47004708.4423208,912,
42,2026-10-08T22:55:15.075250+00:00,42.00974894299907,loop0,1.0049913549992198,2109440,0,219,0,0,0,0,0,0.0,0.0,0,
42,2026-10-08T22:55:15.075250+00:00,42.00974894299907,loop1,1.0049913549992198,354304,0,43,0,0,0,0,0,0.0,0.0,0,
42,2026-10-08T22:55:15.075250+00:00,42.00974894299907,loop2,1.0049913549992198,1106944,0,51,0,0,0,0,0,0.0,0.0,0,
42,2026-10-08T22:55:15.075250+00:00,42.00974894299907,loop3,1.0049913549992198,1141760,0,66,0,0,0,0,0,0.0,0.0,0,
42,2026-10-08T22:55:15.075250+00:00,42.00974894299907,loop4,1.0049913549992198,374784,0,51,0,0,0,0,0,0.0,0.0,0,
42,2026-10-08T22:55:15.075250+00:00,42.00974894299907,loop5,1.0049913549992198,14336,0,11,0,0,0,0,0,0.0,0.0,0,
42,2026-10-08T22:55:15.075250+00:00,42.00974894299907,loop6,1.0049913549992198,0,0,0,0,0,0,0,0,0.0,0.0,0,
42,2026-10-08T22:55:15.075250+00:00,42.00974894299907,loop7,1.0049913549992198,0,0,0,0,0,0,0,0,0.0,0.0,0,
42,2026-10-08T22:55:15.075250+00:00,42.00974894299907,sr0,1.0049913549992198,1536,0,8,0,0,0,0,0,0.0,0.0,0,
42,2026-10-08T22:55:15.075250+00:00,42.00974894299907,sda,1.0049913549992198,315698688,22788026368,8097,112395,0,42180608,0,90,0.0,41971115.264004186,912,
42,2026-10-08T22:55:15.075250+00:00,42.00974894299907,sda1,1.0049913549992198,319488,0,78,0,0,0,0,0,0.0,0.0,0,
42,2026-10-08T22:55:15.075250+00:00,42.00974894299907,sda2,1.0049913549992198,285926400,421961728,6637,66813,0,0,0,0,0.0,0.0,0,
42,2026-10-08T22:55:15.075250+00:00,42.00974894299907,sda3,1.0049913549992198,5559296,118784,154,26,0,0,0,0,0.0,0.0,0,
42,2026-10-08T22:55:15.075250+00:00,42.00974894299907,sda4,1.0049913549992198,4657152,0,116,0,0,0,0,0,0.0,0.0,0,
42,2026-10-08T22:55:15.075250+00:00,42.00974894299907,sda5,1.0049913549992198,16782336,22365945856,977,45556,0,42180608,0,90,0.0,41971115.264004186,912,
43,2026-10-08T22:55:16.069625+00:00,43.00375172299937,loop0,0.9943755269996473,2109440,0,219,0,0,0,0,0,0.0,0.0,0,
43,2026-10-08T22:55:16.069625+00:00,43.00375172299937,loop1,0.9943755269996473,354304,0,43,0,0,0,0,0,0.0,0.0,0,
43,2026-10-08T22:55:16.069625+00:00,43.00375172299937,loop2,0.9943755269996473,1106944,0,51,0,0,0,0,0,0.0,0.0,0,
43,2026-10-08T22:55:16.069625+00:00,43.00375172299937,loop3,0.9943755269996473,1141760,0,66,0,0,0,0,0,0.0,0.0,0,
43,2026-10-08T22:55:16.069625+00:00,43.00375172299937,loop4,0.9943755269996473,374784,0,51,0,0,0,0,0,0.0,0.0,0,
43,2026-10-08T22:55:16.069625+00:00,43.00375172299937,loop5,0.9943755269996473,14336,0,11,0,0,0,0,0,0.0,0.0,0,
43,2026-10-08T22:55:16.069625+00:00,43.00375172299937,loop6,0.9943755269996473,0,0,0,0,0,0,0,0,0.0,0.0,0,
43,2026-10-08T22:55:16.069625+00:00,43.00375172299937,loop7,0.9943755269996473,0,0,0,0,0,0,0,0,0.0,0.0,0,
43,2026-10-08T22:55:16.069625+00:00,43.00375172299937,sr0,0.9943755269996473,1536,0,8,0,0,0,0,0,0.0,0.0,0,
43,2026-10-08T22:55:16.069625+00:00,43.00375172299937,sda,0.9943755269996473,315698688,22848094208,8097,112498,0,60067840,0,103,0.0,60407600.92039283,960,
43,2026-10-08T22:55:16.069625+00:00,43.00375172299937,sda1,0.9943755269996473,319488,0,78,0,0,0,0,0,0.0,0.0,0,
43,2026-10-08T22:55:16.069625+00:00,43.00375172299937,sda2,0.9943755269996473,285926400,421961728,6637,66813,0,0,0,0,0.0,0.0,0,
43,2026-10-08T22:55:16.069625+00:00,43.00375172299937,sda3,0.9943755269996473,5559296,118784,154,26,0,0,0,0,0.0,0.0,0,
43,2026-10-08T22:55:16.069625+00:00,43.00375172299937,sda4,0.9943755269996473,4657152,0,116,0,0,0,0,0,0.0,0.0,0,
43,2026-10-08T22:55:16.069625+00:00,43.00375172299937,sda5,0.9943755269996473,16782336,22426013696,977,45659,0,60067840,0,103,0.0,60407600.92039283,960,
44,2026-10-08T22:55:17.072624+00:00,44.00682861799942,loop0,1.0029986460012879,2109440,0,219,0,0,0,0,0,0.0,0.0,0,
44,2026-10-08T22:55:17.072624+00:00,44.00682861799942,loop1,1.0029986460012879,354304,0,43,0,0,0,0,0,0.0,0.0,0,
44,2026-10-08T22:55:17.072624+00:00,44.00682861799942,loop2,1.0029986460012879,1106944,0,51,0,0,0,0,0,0.0,0.0,0,
44,2026-10-08T22:55:17.072624+00:00,44.00682861799942,loop3,1.0029986460012879,1141760,0,66,0,0,0,0,0,0.0,0.0,0,
44,2026-10-08T22:55:17.072624+00:00,44.00682861799942,loop4,1.0029986460012879,374784,0,51,0,0,0,0,0,0.0,0.0,0,
44,2026-10-08T22:55:17.072624+00:00,44.00682861799942,loop5,1.0029986460012879,14336,0,11,0,0,0,0,0,0.0,0.0,0,
44,2026-10-08T22:55:17.072624+00:00,44.00682861799942,loop6,1.0029986460012879,0,0,0,0,0,0,0,0,0.0,0.0,0,
44,2026-10-08T22:55:17.072624+00:00,44.00682861799942,loop7,1.0029986460012879,0,0,0,0,0,0,0,0,0.0,0.0,0,
44,2026-10-08T22:55:17.072624+00:00,44.00682861799942,sr0,1.0029986460012879,1536,0,8,0,0,0,0,0,0.0,0.0,0,
44,2026-10-08T22:55:17.072624+00:00,44.00682861799942,sda,1.0029986460012879,315698688,22899961856,8097,112603,0,51867648,0,105,0.0,51712580.2779333,1004,
44,2026-10-08T22:55:17.072624+00:00,44.00682861799942,sda1,1.0029986460012879,319488,0,78,0,0,0,0,0,0.0,0.0,0,
44,2026-10-08T22:55:17.072624+00:00,44.00682861799942,sda2,1.0029986460012879,285926400,421961728,6637,66813,0,0,0,0,0.0,0.0,0,
44,2026-10-08T22:55:17.072624+00:00,44.00682861799942,sda3,1.0029986460012879,5559296,118784,154,26,0,0,0,0,0.0,0.0,0,
44,2026-10-08T22:55:17.072624+00:00,44.00682861799942,sda4,1.0029986460012879,4657152,0,116,0,0,0,0,0,0.0,0.0,0,
44,2026-10-08T22:55:17.072624+00:00,44.00682861799942,sda5,1.0029986460012879,16782336,22477881344,977,45764,0,51867648,0,105,0.0,51712580.2779333,1004,
45,2026-10-08T22:55:18.068681+00:00,45.00250493599924,loop0,0.996057207999911,2109440,0,219,0,0,0,0,0,0.0,0.0,0,
45,2026-10-08T22:55:18.068681+00:00,45.00250493599924,loop1,0.996057207999911,354304,0,43,0,0,0,0,0,0.0,0.0,0,
45,2026-10-08T22:55:18.068681+00:00,45.00250493599924,loop2,0.996057207999911,1106944,0,51,0,0,0,0,0,0.0,0.0,0,
45,2026-10-08T22:55:18.068681+00:00,45.00250493599924,loop3,0.996057207999911,1141760,0,66,0,0,0,0,0,0.0,0.0,0,
45,2026-10-08T22:55:18.068681+00:00,45.00250493599924,loop4,0.996057207999911,374784,0,51,0,0,0,0,0,0.0,0.0,0,
45,2026-10-08T22:55:18.068681+00:00,45.00250493599924,loop5,0.996057207999911,14336,0,11,0,0,0,0,0,0.0,0.0,0,
45,2026-10-08T22:55:18.068681+00:00,45.00250493599924,loop6,0.996057207999911,0,0,0,0,0,0,0,0,0.0,0.0,0,
45,2026-10-08T22:55:18.068681+00:00,45.00250493599924,loop7,0.996057207999911,0,0,0,0,0,0,0,0,0.0,0.0,0,
45,2026-10-08T22:55:18.068681+00:00,45.00250493599924,sr0,0.996057207999911,1536,0,8,0,0,0,0,0,0.0,0.0,0,
45,2026-10-08T22:55:18.068681+00:00,45.00250493599924,sda,0.996057207999911,315698688,22956466176,8097,112716,0,56504320,0,113,0.0,56727986.65195247,924,
45,2026-10-08T22:55:18.068681+00:00,45.00250493599924,sda1,0.996057207999911,319488,0,78,0,0,0,0,0,0.0,0.0,0,
45,2026-10-08T22:55:18.068681+00:00,45.00250493599924,sda2,0.996057207999911,285926400,421961728,6637,66813,0,0,0,0,0.0,0.0,0,
45,2026-10-08T22:55:18.068681+00:00,45.00250493599924,sda3,0.996057207999911,5559296,118784,154,26,0,0,0,0,0.0,0.0,0,
45,2026-10-08T22:55:18.068681+00:00,45.00250493599924,sda4,0.996057207999911,4657152,0,116,0,0,0,0,0,0.0,0.0,0,
45,2026-10-08T22:55:18.068681+00:00,45.00250493599924,sda5,0.996057207999911,16782336,22534385664,977,45877,0,56504320,0,113,0.0,56727986.65195247,924,
46,2026-10-08T22:55:19.067311+00:00,46.001512635000836,loop0,0.998630129999583,2109440,0,219,0,0,0,0,0,0.0,0.0,0,
46,2026-10-08T22:55:19.067311+00:00,46.001512635000836,loop1,0.998630129999583,354304,0,43,0,0,0,0,0,0.0,0.0,0,
46,2026-10-08T22:55:19.067311+00:00,46.001512635000836,loop2,0.998630129999583,1106944,0,51,0,0,0,0,0,0.0,0.0,0,
46,2026-10-08T22:55:19.067311+00:00,46.001512635000836,loop3,0.998630129999583,1141760,0,66,0,0,0,0,0,0.0,0.0,0,
46,2026-10-08T22:55:19.067311+00:00,46.001512635000836,loop4,0.998630129999583,374784,0,51,0,0,0,0,0,0.0,0.0,0,
46,2026-10-08T22:55:19.067311+00:00,46.001512635000836,loop5,0.998630129999583,14336,0,11,0,0,0,0,0,0.0,0.0,0,
46,2026-10-08T22:55:19.067311+00:00,46.001512635000836,loop6,0.998630129999583,0,0,0,0,0,0,0,0,0.0,0.0,0,
46,2026-10-08T22:55:19.067311+00:00,46.001512635000836,loop7,0.998630129999583,0,0,0,0,0,0,0,0,0.0,0.0,0,
46,2026-10-08T22:55:19.067311+00:00,46.001512635000836,sr0,0.998630129999583,1536,0,8,0,0,0,0,0,0.0,0.0,0,
46,2026-10-08T22:55:19.067311+00:00,46.001512635000836,sda,0.998630129999583,315698688,23019630592,8097,112848,0,63164416,0,132,0.0,63251061.73196114,996,
46,2026-10-08T22:55:19.067311+00:00,46.001512635000836,sda1,0.998630129999583,319488,0,78,0,0,0,0,0,0.0,0.0,0,
46,2026-10-08T22:55:19.067311+00:00,46.001512635000836,sda2,0.998630129999583,285926400,421961728,6637,66813,0,0,0,0,0.0,0.0,0,
46,2026-10-08T22:55:19.067311+00:00,46.001512635000836,sda3,0.998630129999583,5559296,118784,154,26,0,0,0,0,0.0,0.0,0,
46,2026-10-08T22:55:19.067311+00:00,46.001512635000836,sda4,0.998630129999583,4657152,0,116,0,0,0,0,0,0.0,0.0,0,
46,2026-10-08T22:55:19.067311+00:00,46.001512635000836,sda5,0.998630129999583,16782336,22597550080,977,46009,0,63164416,0,132,0.0,63251061.73196114,996,
47,2026-10-08T22:55:20.073141+00:00,47.00740348600084,loop0,1.0058302479992562,2109440,0,219,0,0,0,0,0,0.0,0.0,0,
47,2026-10-08T22:55:20.073141+00:00,47.00740348600084,loop1,1.0058302479992562,354304,0,43,0,0,0,0,0,0.0,0.0,0,
47,2026-10-08T22:55:20.073141+00:00,47.00740348600084,loop2,1.0058302479992562,1106944,0,51,0,0,0,0,0,0.0,0.0,0,
47,2026-10-08T22:55:20.073141+00:00,47.00740348600084,loop3,1.0058302479992562,1141760,0,66,0,0,0,0,0,0.0,0.0,0,
47,2026-10-08T22:55:20.073141+00:00,47.00740348600084,loop4,1.0058302479992562,374784,0,51,0,0,0,0,0,0.0,0.0,0,
47,2026-10-08T22:55:20.073141+00:00,47.00740348600084,loop5,1.0058302479992562,14336,0,11,0,0,0,0,0,0.0,0.0,0,
47,2026-10-08T22:55:20.073141+00:00,47.00740348600084,loop6,1.0058302479992562,0,0,0,0,0,0,0,0,0.0,0.0,0,
47,2026-10-08T22:55:20.073141+00:00,47.00740348600084,loop7,1.0058302479992562,0,0,0,0,0,0,0,0,0.0,0.0,0,
47,2026-10-08T22:55:20.073141+00:00,47.00740348600084,sr0,1.0058302479992562,1536,0,8,0,0,0,0,0,0.0,0.0,0,
47,2026-10-08T22:55:20.073141+00:00,47.00740348600084,sda,1.0058302479992562,315698688,23072301056,8097,112963,0,52670464,0,115,0.0,52365162.118328884,920,
47,2026-10-08T22:55:20.073141+00:00,47.00740348600084,sda1,1.0058302479992562,319488,0,78,0,0,0,0,0,0.0,0.0,0,
47,2026-10-08T22:55:20.073141+00:00,47.00740348600084,sda2,1.0058302479992562,285926400,421961728,6637,66813,0,0,0,0,0.0,0.0,0,
47,2026-10-08T22:55:20.073141+00:00,47.00740348600084,sda3,1.0058302479992562,5559296,118784,154,26,0,0,0,0,0.0,0.0,0,
47,2026-10-08T22:55:20.073141+00:00,47.00740348600084,sda4,1.0058302479992562,4657152,0,116,0,0,0,0,0,0.0,0.0,0,
47,2026-10-08T22:55:20.073141+00:00,47.00740348600084,sda5,1.0058302479992562,16782336,22650220544,977,46124,0,52670464,0,115,0.0,52365162.118328884,920,
48,2026-10-08T22:55:21.067959+00:00,48.00082630199904,loop0,0.9948175600002287,2109440,0,219,0,0,0,0,0,0.0,0.0,0,
48,2026-10-08T22:55:21.067959+00:00,48.00082630199904,loop1,0.9948175600002287,354304,0,43,0,0,0,0,0,0.0,0.0,0,
48,2026-10-08T22:55:21.067959+00:00,48.00082630199904,loop2,0.9948175600002287,1106944,0,51,0,0,0,0,0,0.0,0.0,0,
48,2026-10-08T22:55:21.067959+00:00,48.00082630199904,loop3,0.9948175600002287,1141760,0,66,0,0,0,0,0,0.0,0.0,0,
48,2026-10-08T22:55:21.067959+00:00,48.00082630199904,loop4,0.9948175600002287,374784,0,51,0,0,0,0,0,0.0,0.0,0,
48,2026-10-08T22:55:21.067959+00:00,48.00082630199904,loop5,0.9948175600002287,14336,0,11,0,0,0,0,0,0.0,0.0,0,
48,2026-10-08T22:55:21.067959+00:00,48.00082630199904,loop6,0.9948175600002287,0,0,0,0,0,0,0,0,0.0,0.0,0,
48,2026-10-08T22:55:21.067959+00:00,48.00082630199904,loop7,0.9948175600002287,0,0,0,0,0,0,0,0,0.0,0.0,0,
48,2026-10-08T22:55:21.067959+00:00,48.00082630199904,sr0,0.9948175600002287,1536,0,8,0,0,0,0,0,0.0,0.0,0,
48,2026-10-08T22:55:21.067959+00:00,48.00082630199904,sda,0.9948175600002287,315698688,23124963328,8097,113076,0,52662272,0,113,0.0,52936612.81972937,860,
48,2026-10-08T22:55:21.067959+00:00,48.00082630199904,sda1,0.9948175600002287,319488,0,78,0,0,0,0,0,0.0,0.0,0,
48,2026-10-08T22:55:21.067959+00:00,48.00082630199904,sda2,0.9948175600002287,285926400,421961728,6637,66813,0,0,0,0,0.0,0.0,0,
48,2026-10-08T22:55:21.067959+00:00,48.00082630199904,sda3,0.9948175600002287,5559296,118784,154,26,0,0,0,0,0.0,0.0,0,
48,2026-10-08T22:55:21.067959+00:00,48.00082630199904,sda4,0.9948175600002287,4657152,0,116,0,0,0,0,0,0.0,0.0,0,
48,2026-10-08T22:55:21.067959+00:00,48.00082630199904,sda5,0.9948175600002287,16782336,22702882816,977,46237,0,52662272,0,113,0.0,52936612.81972937,860,
49,2026-10-08T22:55:22.069154+00:00,49.003091517999565,loop0,1.0011951579999732,2109440,0,219,0,0,0,0,0,0.0,0.0,0,
49,2026-10-08T22:55:22.069154+00:00,49.003091517999565,loop1,1.0011951579999732,354304,0,43,0,0,0,0,0,0.0,0.0,0,
49,2026-10-08T22:55:22.069154+00:00,49.003091517999565,loop2,1.0011951579999732,1106944,0,51,0,0,0,0,0,0.0,0.0,0,
49,2026-10-08T22:55:22.069154+00:00,49.003091517999565,loop3,1.0011951579999732,1141760,0,66,0,0,0,0,0,0.0,0.0,0,
49,2026-10-08T22:55:22.069154+00:00,49.003091517999565,loop4,1.0011951579999732,374784,0,51,0,0,0,0,0,0.0,0.0,0,
49,2026-10-08T22:55:22.069154+00:00,49.003091517999565,loop5,1.0011951579999732,14336,0,11,0,0,0,0,0,0.0,0.0,0,
49,2026-10-08T22:55:22.069154+00:00,49.003091517999565,loop6,1.0011951579999732,0,0,0,0,0,0,0,0,0.0,0.0,0,
49,2026-10-08T22:55:22.069154+00:00,49.003091517999565,loop7,1.0011951579999732,0,0,0,0,0,0,0,0,0.0,0.0,0,
49,2026-10-08T22:55:22.069154+00:00,49.003091517999565,sr0,1.0011951579999732,1536,0,8,0,0,0,0,0,0.0,0.0,0,
49,2026-10-08T22:55:22.069154+00:00,49.003091517999565,sda,1.0011951579999732,315698688,23177637888,8097,113187,0,52674560,0,111,0.0,52611680.72888484,916,
49,2026-10-08T22:55:22.069154+00:00,49.003091517999565,sda1,1.0011951579999732,319488,0,78,0,0,0,0,0,0.0,0.0,0,
49,2026-10-08T22:55:22.069154+00:00,49.003091517999565,sda2,1.0011951579999732,285926400,421961728,6637,66813,0,0,0,0,0.0,0.0,0,
49,2026-10-08T22:55:22.069154+00:00,49.003091517999565,sda3,1.0011951579999732,5559296,118784,154,26,0,0,0,0,0.0,0.0,0,
49,2026-10-08T22:55:22.069154+00:00,49.003091517999565,sda4,1.0011951579999732,4657152,0,116,0,0,0,0,0,0.0,0.0,0,
49,2026-10-08T22:55:22.069154+00:00,49.003091517999565,sda5,1.0011951579999732,16782336,22755557376,977,46348,0,52674560,0,111,0.0,52611680.72888484,916,
50,2026-10-08T22:55:23.067824+00:00,50.00208941799974,loop0,0.9986697340009414,2109440,0,219,0,0,0,0,0,0.0,0.0,0,
50,2026-10-08T22:55:23.067824+00:00,50.00208941799974,loop1,0.9986697340009414,354304,0,43,0,0,0,0,0,0.0,0.0,0,
50,2026-10-08T22:55:23.067824+00:00,50.00208941799974,loop2,0.9986697340009414,1106944,0,51,0,0,0,0,0,0.0,0.0,0,
50,2026-10-08T22:55:23.067824+00:00,50.00208941799974,loop3,0.9986697340009414,1141760,0,66,0,0,0,0,0,0.0,0.0,0,
50,2026-10-08T22:55:23.067824+00:00,50.00208941799974,loop4,0.9986697340009414,374784,0,51,0,0,0,0,0,0.0,0.0,0,
50,2026-10-08T22:55:23.067824+00:00,50.00208941799974,loop5,0.9986697340009414,14336,0,11,0,0,0,0,0,0.0,0.0,0,
50,2026-10-08T22:55:23.067824+00:00,50.00208941799974,loop6,0.9986697340009414,0,0,0,0,0,0,0,0,0.0,0.0,0,
50,2026-10-08T22:55:23.067824+00:00,50.00208941799974,loop7,0.9986697340009414,0,0,0,0,0,0,0,0,0.0,0.0,0,
50,2026-10-08T22:55:23.067824+00:00,50.00208941799974,sr0,0.9986697340009414,1536,0,8,0,0,0,0,0,0.0,0.0,0,
50,2026-10-08T22:55:23.067824+00:00,50.00208941799974,sda,0.9986697340009414,315698688,23230275584,8097,113297,0,52637696,0,110,0.0,52707811.40940272,984,
50,2026-10-08T22:55:23.067824+00:00,50.00208941799974,sda1,0.9986697340009414,319488,0,78,0,0,0,0,0,0.0,0.0,0,
50,2026-10-08T22:55:23.067824+00:00,50.00208941799974,sda2,0.9986697340009414,285926400,421961728,6637,66813,0,0,0,0,0.0,0.0,0,
50,2026-10-08T22:55:23.067824+00:00,50.00208941799974,sda3,0.9986697340009414,5559296,118784,154,26,0,0,0,0,0.0,0.0,0,
50,2026-10-08T22:55:23.067824+00:00,50.00208941799974,sda4,0.9986697340009414,4657152,0,116,0,0,0,0,0,0.0,0.0,0,
50,2026-10-08T22:55:23.067824+00:00,50.00208941799974,sda5,0.9986697340009414,16782336,22808195072,977,46458,0,52637696,0,110,0.0,52707811.40940272,984,
51,2026-10-08T22:55:24.072393+00:00,51.00680215600005,loop0,1.0045688310001424,2109440,0,219,0,0,0,0,0,0.0,0.0,0,
51,2026-10-08T22:55:24.072393+00:00,51.00680215600005,loop1,1.0045688310001424,354304,0,43,0,0,0,0,0,0.0,0.0,0,
51,2026-10-08T22:55:24.072393+00:00,51.00680215600005,loop2,1.0045688310001424,1106944,0,51,0,0,0,0,0,0.0,0.0,0,
51,2026-10-08T22:55:24.072393+00:00,51.00680215600005,loop3,1.0045688310001424,1141760,0,66,0,0,0,0,0,0.0,0.0,0,
51,2026-10-08T22:55:24.072393+00:00,51.00680215600005,loop4,1.0045688310001424,374784,0,51,0,0,0,0,0,0.0,0.0,0,
51,2026-10-08T22:55:24.072393+00:00,51.00680215600005,loop5,1.0045688310001424,14336,0,11,0,0,0,0,0,0.0,0.0,0,
51,2026-10-08T22:55:24.072393+00:00,51.00680215600005,loop6,1.0045688310001424,0,0,0,0,0,0,0,0,0.0,0.0,0,
51,2026-10-08T22:55:24.072393+00:00,51.00680215600005,loop7,1.0045688310001424,0,0,0,0,0,0,0,0,0.0,0.0,0,
51,2026-10-08T22:55:24.072393+00:00,51.00680215600005,sr0,1.0045688310001424,1536,0,8,0,0,0,0,0,0.0,0.0,0,
51,2026-10-08T22:55:24.072393+00:00,51.00680215600005,sda,1.0045688310001424,315698688,23282913280,8097,113407,0,52637696,0,110,0.0,52398297.03614658,920,
51,2026-10-08T22:55:24.072393+00:00,51.00680215600005,sda1,1.0045688310001424,319488,0,78,0,0,0,0,0,0.0,0.0,0,
51,2026-10-08T22:55:24.072393+00:00,51.00680215600005,sda2,1.0045688310001424,285926400,421961728,6637,66813,0,0,0,0,0.0,0.0,0,
51,2026-10-08T22:55:24.072393+00:00,51.00680215600005,sda3,1.0045688310001424,5559296,118784,154,26,0,0,0,0,0.0,0.0,0,
51,2026-10-08T22:55:24.072393+00:00,51.00680215600005,sda4,1.0045688310001424,4657152,0,116,0,0,0,0,0,0.0,0.0,0,
51,2026-10-08T22:55:24.072393+00:00,51.00680215600005,sda5,1.0045688310001424,16782336,22860832768,977,46568,0,52637696,0,110,0.0,52398297.03614658,920,
52,2026-10-08T22:55:25.067768+00:00,52.00205951299904,loop0,0.995374678999724,2109440,0,219,0,0,0,0,0,0.0,0.0,0,
52,2026-10-08T22:55:25.067768+00:00,52.00205951299904,loop1,0.995374678999724,354304,0,43,0,0,0,0,0,0.0,0.0,0,
52,2026-10-08T22:55:25.067768+00:00,52.00205951299904,loop2,0.995374678999724,1106944,0,51,0,0,0,0,0,0.0,0.0,0,
52,2026-10-08T22:55:25.067768+00:00,52.00205951299904,loop3,0.995374678999724,1141760,0,66,0,0,0,0,0,0.0,0.0,0,
52,2026-10-08T22:55:25.067768+00:00,52.00205951299904,loop4,0.995374678999724,374784,0,51,0,0,0,0,0,0.0,0.0,0,
52,2026-10-08T22:55:25.067768+00:00,52.00205951299904,loop5,0.995374678999724,14336,0,11,0,0,0,0,0,0.0,0.0,0,
52,2026-10-08T22:55:25.067768+00:00,52.00205951299904,loop6,0.995374678999724,0,0,0,0,0,0,0,0,0.0,0.0,0,
52,2026-10-08T22:55:25.067768+00:00,52.00205951299904,loop7,0.995374678999724,0,0,0,0,0,0,0,0,0.0,0.0,0,
52,2026-10-08T22:55:25.067768+00:00,52.00205951299904,sr0,0.995374678999724,1536,0,8,0,0,0,0,0,0.0,0.0,0,
52,2026-10-08T22:55:25.067768+00:00,52.00205951299904,sda,0.995374678999724,315698688,23331684352,8097,113513,0,48771072,0,106,0.0,48997702.10049067,948,
52,2026-10-08T22:55:25.067768+00:00,52.00205951299904,sda1,0.995374678999724,319488,0,78,0,0,0,0,0,0.0,0.0,0,
52,2026-10-08T22:55:25.067768+00:00,52.00205951299904,sda2,0.995374678999724,285926400,421961728,6637,66813,0,0,0,0,0.0,0.0,0,
52,2026-10-08T22:55:25.067768+00:00,52.00205951299904,sda3,0.995374678999724,5559296,118784,154,26,0,0,0,0,0.0,0.0,0,
52,2026-10-08T22:55:25.067768+00:00,52.00205951299904,sda4,0.995374678999724,4657152,0,116,0,0,0,0,0,0.0,0.0,0,
52,2026-10-08T22:55:25.067768+00:00,52.00205951299904,sda5,0.995374678999724,16782336,22909603840,977,46674,0,48771072,0,106,0.0,48997702.10049067,948,
53,2026-10-08T22:55:26.066657+00:00,53.001222733999384,loop0,0.9988896809991274,2109440,0,219,0,0,0,0,0,0.0,0.0,0,
53,2026-10-08T22:55:26.066657+00:00,53.001222733999384,loop1,0.9988896809991274,354304,0,43,0,0,0,0,0,0.0,0.0,0,
53,2026-10-08T22:55:26.066657+00:00,53.001222733999384,loop2,0.9988896809991274,1106944,0,51,0,0,0,0,0,0.0,0.0,0,
53,2026-10-08T22:55:26.066657+00:00,53.001222733999384,loop3,0.9988896809991274,1141760,0,66,0,0,0,0,0,0.0,0.0,0,
53,2026-10-08T22:55:26.066657+00:00,53.001222733999384,loop4,0.9988896809991274,374784,0,51,0,0,0,0,0,0.0,0.0,0,
53,2026-10-08T22:55:26.066657+00:00,53.001222733999384,loop5,0.9988896809991274,14336,0,11,0,0,0,0,0,0.0,0.0,0,
53,2026-10-08T22:55:26.066657+00:00,53.001222733999384,loop6,0.9988896809991274,0,0,0,0,0,0,0,0,0.0,0.0,0,
53,2026-10-08T22:55:26.066657+00:00,53.001222733999384,loop7,0.9988896809991274,0,0,0,0,0,0,0,0,0.0,0.0,0,
53,2026-10-08T22:55:26.066657+00:00,53.001222733999384,sr0,0.9988896809991274,1536,0,8,0,0,0,0,0,0.0,0.0,0,
53,2026-10-08T22:55:26.066657+00:00,53.001222733999384,sda,0.9988896809991274,315698688,23383531520,8097,113621,0,51847168,0,108,0.0,51904798.88443786,984,
53,2026-10-08T22:55:26.066657+00:00,53.001222733999384,sda1,0.9988896809991274,319488,0,78,0,0,0,0,0,0.0,0.0,0,
53,2026-10-08T22:55:26.066657+00:00,53.001222733999384,sda2,0.9988896809991274,285926400,421961728,6637,66813,0,0,0,0,0.0,0.0,0,
53,2026-10-08T22:55:26.066657+00:00,53.001222733999384,sda3,0.9988896809991274,5559296,118784,154,26,0,0,0,0,0.0,0.0,0,
53,2026-10-08T22:55:26.066657+00:00,53.001222733999384,sda4,0.9988896809991274,4657152,0,116,0,0,0,0,0,0.0,0.0,0,
53,2026-10-08T22:55:26.066657+00:00,53.001222733999384,sda5,0.9988896809991274,16782336,22961451008,977,46782,0,51847168,0,108,0.0,51904798.88443786,984,
54,2026-10-08T22:55:27.066748+00:00,54.000814580000224,loop0,1.0000903939999262,2109440,0,219,0,0,0,0,0,0.0,0.0,0,
54,2026-10-08T22:55:27.066748+00:00,54.000814580000224,loop1,1.0000903939999262,354304,0,43,0,0,0,0,0,0.0,0.0,0,
54,2026-10-08T22:55:27.066748+00:00,54.000814580000224,loop2,1.0000903939999262,1106944,0,51,0,0,0,0,0,0.0,0.0,0,
54,2026-10-08T22:55:27.066748+00:00,54.000814580000224,loop3,1.0000903939999262,1141760,0,66,0,0,0,0,0,0.0,0.0,0,
54,2026-10-08T22:55:27.066748+00:00,54.000814580000224,loop4,1.0000903939999262,374784,0,51,0,0,0,0,0,0.0,0.0,0,
54,2026-10-08T22:55:27.066748+00:00,54.000814580000224,loop5,1.0000903939999262,14336,0,11,0,0,0,0,0,0.0,0.0,0,
54,2026-10-08T22:55:27.066748+00:00,54.000814580000224,loop6,1.0000903939999262,0,0,0,0,0,0,0,0,0.0,0.0,0,
54,2026-10-08T22:55:27.066748+00:00,54.000814580000224,loop7,1.0000903939999262,0,0,0,0,0,0,0,0,0.0,0.0,0,
54,2026-10-08T22:55:27.066748+00:00,54.000814580000224,sr0,1.0000903939999262,1536,0,8,0,0,0,0,0,0.0,0.0,0,
54,2026-10-08T22:55:27.066748+00:00,54.000814580000224,sda,1.0000903939999262,315698688,23430385664,8097,113720,0,46854144,0,99,0.0,46849909.049324855,824,
54,2026-10-08T22:55:27.066748+00:00,54.000814580000224,sda1,1.0000903939999262,319488,0,78,0,0,0,0,0,0.0,0.0,0,
54,2026-10-08T22:55:27.066748+00:00,54.000814580000224,sda2,1.0000903939999262,285926400,421961728,6637,66813,0,0,0,0,0.0,0.0,0,
54,2026-10-08T22:55:27.066748+00:00,54.000814580000224,sda3,1.0000903939999262,5559296,118784,154,26,0,0,0,0,0.0,0.0,0,
54,2026-10-08T22:55:27.066748+00:00,54.000814580000224,sda4,1.0000903939999262,4657152,0,116,0,0,0,0,0,0.0,0.0,0,
54,2026-10-08T22:55:27.066748+00:00,54.000814580000224,sda5,1.0000903939999262,16782336,23008305152,977,46881,0,46854144,0,99,0.0,46849909.049324855,824,
55,2026-10-08T22:55:28.072187+00:00,55.00666344199999,loop0,1.0054393730006268,2109440,0,219,0,0,0,0,0,0.0,0.0,0,
55,2026-10-08T22:55:28.072187+00:00,55.00666344199999,loop1,1.0054393730006268,354304,0,43,0,0,0,0,0,0.0,0.0,0,
55,2026-10-08T22:55:28.072187+00:00,55.00666344199999,loop2,1.0054393730006268,1106944,0,51,0,0,0,0,0,0.0,0.0,0,
55,2026-10-08T22:55:28.072187+00:00,55.00666344199999,loop3,1.0054393730006268,1141760,0,66,0,0,0,0,0,0.0,0.0,0,
55,2026-10-08T22:55:28.072187+00:00,55.00666344199999,loop4,1.0054393730006268,374784,0,51,0,0,0,0,0,0.0,0.0,0,
55,2026-10-08T22:55:28.072187+00:00,55.00666344199999,loop5,1.0054393730006268,14336,0,11,0,0,0,0,0,0.0,0.0,0,
55,2026-10-08T22:55:28.072187+00:00,55.00666344199999,loop6,1.0054393730006268,0,0,0,0,0,0,0,0,0.0,0.0,0,
55,2026-10-08T22:55:28.072187+00:00,55.00666344199999,loop7,1.0054393730006268,0,0,0,0,0,0,0,0,0.0,0.0,0,
55,2026-10-08T22:55:28.072187+00:00,55.00666344199999,sr0,1.0054393730006268,1536,0,8,0,0,0,0,0,0.0,0.0,0,
55,2026-10-08T22:55:28.072187+00:00,55.00666344199999,sda,1.0054393730006268,315698688,23489486848,8097,113841,0,59101184,0,121,0.0,58781449.76918778,1004,
55,2026-10-08T22:55:28.072187+00:00,55.00666344199999,sda1,1.0054393730006268,319488,0,78,0,0,0,0,0,0.0,0.0,0,
55,2026-10-08T22:55:28.072187+00:00,55.00666344199999,sda2,1.0054393730006268,285926400,421961728,6637,66813,0,0,0,0,0.0,0.0,0,
55,2026-10-08T22:55:28.072187+00:00,55.00666344199999,sda3,1.0054393730006268,5559296,118784,154,26,0,0,0,0,0.0,0.0,0,
55,2026-10-08T22:55:28.072187+00:00,55.00666344199999,sda4,1.0054393730006268,4657152,0,116,0,0,0,0,0,0.0,0.0,0,
55,2026-10-08T22:55:28.072187+00:00,55.00666344199999,sda5,1.0054393730006268,16782336,23067406336,977,47002,0,59101184,0,121,0.0,58781449.76918778,1004,
56,2026-10-08T22:55:29.068822+00:00,56.00330188400039,loop0,0.9966351130005933,2109440,0,219,0,0,0,0,0,0.0,0.0,0,
56,2026-10-08T22:55:29.068822+00:00,56.00330188400039,loop1,0.9966351130005933,354304,0,43,0,0,0,0,0,0.0,0.0,0,
56,2026-10-08T22:55:29.068822+00:00,56.00330188400039,loop2,0.9966351130005933,1106944,0,51,0,0,0,0,0,0.0,0.0,0,
56,2026-10-08T22:55:29.068822+00:00,56.00330188400039,loop3,0.9966351130005933,1141760,0,66,0,0,0,0,0,0.0,0.0,0,
56,2026-10-08T22:55:29.068822+00:00,56.00330188400039,loop4,0.9966351130005933,374784,0,51,0,0,0,0,0,0.0,0.0,0,
56,2026-10-08T22:55:29.068822+00:00,56.00330188400039,loop5,0.9966351130005933,14336,0,11,0,0,0,0,0,0.0,0.0,0,
56,2026-10-08T22:55:29.068822+00:00,56.00330188400039,loop6,0.9966351130005933,0,0,0,0,0,0,0,0,0.0,0.0,0,
56,2026-10-08T22:55:29.068822+00:00,56.00330188400039,loop7,0.9966351130005933,0,0,0,0,0,0,0,0,0.0,0.0,0,
56,2026-10-08T22:55:29.068822+00:00,56.00330188400039,sr0,0.9966351130005933,1536,0,8,0,0,0,0,0,0.0,0.0,0,
56,2026-10-08T22:55:29.068822+00:00,56.00330188400039,sda,0.9966351130005933,315698688,23543525376,8097,113950,0,54038528,0,109,0.0,54220975.45540504,988,
56,2026-10-08T22:55:29.068822+00:00,56.00330188400039,sda1,0.9966351130005933,319488,0,78,0,0,0,0,0,0.0,0.0,0,
56,2026-10-08T22:55:29.068822+00:00,56.00330188400039,sda2,0.9966351130005933,285926400,421961728,6637,66813,0,0,0,0,0.0,0.0,0,
56,2026-10-08T22:55:29.068822+00:00,56.00330188400039,sda3,0.9966351130005933,5559296,118784,154,26,0,0,0,0,0.0,0.0,0,
56,2026-10-08T22:55:29.068822+00:00,56.00330188400039,sda4,0.9966351130005933,4657152,0,116,0,0,0,0,0,0.0,0.0,0,
56,2026-10-08T22:55:29.068822+00:00,56.00330188400039,sda5,0.9966351130005933,16782336,23121444864,977,47111,0,54038528,0,109,0.0,54220975.45540504,988,
57,2026-10-08T22:55:30.065798+00:00,57.00034268200034,loop0,0.996975541998836,2109440,0,219,0,0,0,0,0,0.0,0.0,0,
57,2026-10-08T22:55:30.065798+00:00,57.00034268200034,loop1,0.996975541998836,354304,0,43,0,0,0,0,0,0.0,0.0,0,
57,2026-10-08T22:55:30.065798+00:00,57.00034268200034,loop2,0.996975541998836,1106944,0,51,0,0,0,0,0,0.0,0.0,0,
57,2026-10-08T22:55:30.065798+00:00,57.00034268200034,loop3,0.996975541998836,1141760,0,66,0,0,0,0,0,0.0,0.0,0,
57,2026-10-08T22:55:30.065798+00:00,57.00034268200034,loop4,0.996975541998836,374784,0,51,0,0,0,0,0,0.0,0.0,0,
57,2026-10-08T22:55:30.065798+00:00,57.00034268200034,loop5,0.996975541998836,14336,0,11,0,0,0,0,0,0.0,0.0,0,
57,2026-10-08T22:55:30.065798+00:00,57.00034268200034,loop6,0.996975541998836,0,0,0,0,0,0,0,0,0.0,0.0,0,
57,2026-10-08T22:55:30.065798+00:00,57.00034268200034,loop7,0.996975541998836,0,0,0,0,0,0,0,0,0.0,0.0,0,
57,2026-10-08T22:55:30.065798+00:00,57.00034268200034,sr0,0.996975541998836,1536,0,8,0,0,0,0,0,0.0,0.0,0,
57,2026-10-08T22:55:30.065798+00:00,57.00034268200034,sda,0.996975541998836,315698688,23588319232,8097,114047,0,44793856,0,97,0.0,44929744.12410641,868,
57,2026-10-08T22:55:30.065798+00:00,57.00034268200034,sda1,0.996975541998836,319488,0,78,0,0,0,0,0,0.0,0.0,0,
57,2026-10-08T22:55:30.065798+00:00,57.00034268200034,sda2,0.996975541998836,285926400,421961728,6637,66813,0,0,0,0,0.0,0.0,0,
57,2026-10-08T22:55:30.065798+00:00,57.00034268200034,sda3,0.996975541998836,5559296,118784,154,26,0,0,0,0,0.0,0.0,0,
57,2026-10-08T22:55:30.065798+00:00,57.00034268200034,sda4,0.996975541998836,4657152,0,116,0,0,0,0,0,0.0,0.0,0,
57,2026-10-08T22:55:30.065798+00:00,57.00034268200034,sda5,0.996975541998836,16782336,23166238720,977,47208,0,44793856,0,97,0.0,44929744.12410641,868,
58,2026-10-08T22:55:31.070332+00:00,58.00403318499957,loop0,1.0045343880010478,2109440,0,219,0,0,0,0,0,0.0,0.0,0,
58,2026-10-08T22:55:31.070332+00:00,58.00403318499957,loop1,1.0045343880010478,354304,0,43,0,0,0,0,0,0.0,0.0,0,
58,2026-10-08T22:55:31.070332+00:00,58.00403318499957,loop2,1.0045343880010478,1106944,0,51,0,0,0,0,0,0.0,0.0,0,
58,2026-10-08T22:55:31.070332+00:00,58.00403318499957,loop3,1.0045343880010478,1141760,0,66,0,0,0,0,0,0.0,0.0,0,
58,2026-10-08T22:55:31.070332+00:00,58.00403318499957,loop4,1.0045343880010478,374784,0,51,0,0,0,0,0,0.0,0.0,0,
58,2026-10-08T22:55:31.070332+00:00,58.00403318499957,loop5,1.0045343880010478,14336,0,11,0,0,0,0,0,0.0,0.0,0,
58,2026-10-08T22:55:31.070332+00:00,58.00403318499957,loop6,1.0045343880010478,0,0,0,0,0,0,0,0,0.0,0.0,0,
58,2026-10-08T22:55:31.070332+00:00,58.00403318499957,loop7,1.0045343880010478,0,0,0,0,0,0,0,0,0.0,0.0,0,
58,2026-10-08T22:55:31.070332+00:00,58.00403318499957,sr0,1.0045343880010478,1536,0,8,0,0,0,0,0,0.0,0.0,0,
58,2026-10-08T22:55:31.070332+00:00,58.00403318499957,sda,1.0045343880010478,315698688,23647612928,8097,114171,0,59293696,0,124,0.0,59026048.991702765,1080,
58,2026-10-08T22:55:31.070332+00:00,58.00403318499957,sda1,1.0045343880010478,319488,0,78,0,0,0,0,0,0.0,0.0,0,
58,2026-10-08T22:55:31.070332+00:00,58.00403318499957,sda2,1.0045343880010478,285926400,421961728,6637,66813,0,0,0,0,0.0,0.0,0,
58,2026-10-08T22:55:31.070332+00:00,58.00403318499957,sda3,1.0045343880010478,5559296,118784,154,26,0,0,0,0,0.0,0.0,0,
58,2026-10-08T22:55:31.070332+00:00,58.00403318499957,sda4,1.0045343880010478,4657152,0,116,0,0,0,0,0,0.0,0.0,0,
58,2026-10-08T22:55:31.070332+00:00,58.00403318499957,sda5,1.0045343880010478,16782336,23225532416,977,47332,0,59293696,0,124,0.0,59026048.991702765,1080,
59,2026-10-08T22:55:32.074423+00:00,59.008841475000736,loop0,1.004091236000022,2109440,0,219,0,0,0,0,0,0.0,0.0,0,
59,2026-10-08T22:55:32.074423+00:00,59.008841475000736,loop1,1.004091236000022,354304,0,43,0,0,0,0,0,0.0,0.0,0,
59,2026-10-08T22:55:32.074423+00:00,59.008841475000736,loop2,1.004091236000022,1106944,0,51,0,0,0,0,0,0.0,0.0,0,
59,2026-10-08T22:55:32.074423+00:00,59.008841475000736,loop3,1.004091236000022,1141760,0,66,0,0,0,0,0,0.0,0.0,0,
59,2026-10-08T22:55:32.074423+00:00,59.008841475000736,loop4,1.004091236000022,374784,0,51,0,0,0,0,0,0.0,0.0,0,
59,2026-10-08T22:55:32.074423+00:00,59.008841475000736,loop5,1.004091236000022,14336,0,11,0,0,0,0,0,0.0,0.0,0,
59,2026-10-08T22:55:32.074423+00:00,59.008841475000736,loop6,1.004091236000022,0,0,0,0,0,0,0,0,0.0,0.0,0,
59,2026-10-08T22:55:32.074423+00:00,59.008841475000736,loop7,1.004091236000022,0,0,0,0,0,0,0,0,0.0,0.0,0,
59,2026-10-08T22:55:32.074423+00:00,59.008841475000736,sr0,1.004091236000022,1536,0,8,0,0,0,0,0,0.0,0.0,0,
59,2026-10-08T22:55:32.074423+00:00,59.008841475000736,sda,1.004091236000022,315698688,23691460608,8097,114262,0,43847680,0,91,0.0,43669019.73437704,904,
59,2026-10-08T22:55:32.074423+00:00,59.008841475000736,sda1,1.004091236000022,319488,0,78,0,0,0,0,0,0.0,0.0,0,
59,2026-10-08T22:55:32.074423+00:00,59.008841475000736,sda2,1.004091236000022,285926400,421961728,6637,66813,0,0,0,0,0.0,0.0,0,
59,2026-10-08T22:55:32.074423+00:00,59.008841475000736,sda3,1.004091236000022,5559296,118784,154,26,0,0,0,0,0.0,0.0,0,
59,2026-10-08T22:55:32.074423+00:00,59.008841475000736,sda4,1.004091236000022,4657152,0,116,0,0,0,0,0,0.0,0.0,0,
59,2026-10-08T22:55:32.074423+00:00,59.008841475000736,sda5,1.004091236000022,16782336,23269380096,977,47423,0,43847680,0,91,0.0,43669019.73437704,904,
60,2026-10-08T22:55:33.069190+00:00,60.00131291899925,loop0,0.9947662829999899,2109440,0,219,0,0,0,0,0,0.0,0.0,0,
60,2026-10-08T22:55:33.069190+00:00,60.00131291899925,loop1,0.9947662829999899,354304,0,43,0,0,0,0,0,0.0,0.0,0,
60,2026-10-08T22:55:33.069190+00:00,60.00131291899925,loop2,0.9947662829999899,1106944,0,51,0,0,0,0,0,0.0,0.0,0,
60,2026-10-08T22:55:33.069190+00:00,60.00131291899925,loop3,0.9947662829999899,1141760,0,66,0,0,0,0,0,0.0,0.0,0,
60,2026-10-08T22:55:33.069190+00:00,60.00131291899925,loop4,0.9947662829999899,374784,0,51,0,0,0,0,0,0.0,0.0,0,
60,2026-10-08T22:55:33.069190+00:00,60.00131291899925,loop5,0.9947662829999899,14336,0,11,0,0,0,0,0,0.0,0.0,0,
60,2026-10-08T22:55:33.069190+00:00,60.00131291899925,loop6,0.9947662829999899,0,0,0,0,0,0,0,0,0.0,0.0,0,
60,2026-10-08T22:55:33.069190+00:00,60.00131291899925,loop7,0.9947662829999899,0,0,0,0,0,0,0,0,0.0,0.0,0,
60,2026-10-08T22:55:33.069190+00:00,60.00131291899925,sr0,0.9947662829999899,1536,0,8,0,0,0,0,0,0.0,0.0,0,
60,2026-10-08T22:55:33.069190+00:00,60.00131291899925,sda,0.9947662829999899,315698688,23742427136,8097,114375,0,50966528,0,113,0.0,51234675.79369145,932,
60,2026-10-08T22:55:33.069190+00:00,60.00131291899925,sda1,0.9947662829999899,319488,0,78,0,0,0,0,0,0.0,0.0,0,
60,2026-10-08T22:55:33.069190+00:00,60.00131291899925,sda2,0.9947662829999899,285926400,421961728,6637,66813,0,0,0,0,0.0,0.0,0,
60,2026-10-08T22:55:33.069190+00:00,60.00131291899925,sda3,0.9947662829999899,5559296,118784,154,26,0,0,0,0,0.0,0.0,0,
60,2026-10-08T22:55:33.069190+00:00,60.00131291899925,sda4,0.9947662829999899,4657152,0,116,0,0,0,0,0,0.0,0.0,0,
60,2026-10-08T22:55:33.069190+00:00,60.00131291899925,sda5,0.9947662829999899,16782336,23320346624,977,47536,0,50966528,0,113,0.0,51234675.79369145,932,
61,2026-10-08T22:55:34.066528+00:00,61.00068901399936,loop0,0.9973387310001272,2109440,0,219,0,0,0,0,0,0.0,0.0,0,
61,2026-10-08T22:55:34.066528+00:00,61.00068901399936,loop1,0.9973387310001272,354304,0,43,0,0,0,0,0,0.0,0.0,0,
61,2026-10-08T22:55:34.066528+00:00,61.00068901399936,loop2,0.9973387310001272,1106944,0,51,0,0,0,0,0,0.0,0.0,0,
61,2026-10-08T22:55:34.066528+00:00,61.00068901399936,loop3,0.9973387310001272,1141760,0,66,0,0,0,0,0,0.0,0.0,0,
61,2026-10-08T22:55:34.066528+00:00,61.00068901399936,loop4,0.9973387310001272,374784,0,51,0,0,0,0,0,0.0,0.0,0,
61,2026-10-08T22:55:34.066528+00:00,61.00068901399936,loop5,0.9973387310001272,14336,0,11,0,0,0,0,0,0.0,0.0,0,
61,2026-10-08T22:55:34.066528+00:00,61.00068901399936,loop6,0.9973387310001272,0,0,0,0,0,0,0,0,0.0,0.0,0,
61,2026-10-08T22:55:34.066528+00:00,61.00068901399936,loop7,0.9973387310001272,0,0,0,0,0,0,0,0,0.0,0.0,0,
61,2026-10-08T22:55:34.066528+00:00,61.00068901399936,sr0,0.9973387310001272,1536,0,8,0,0,0,0,0,0.0,0.0,0,
61,2026-10-08T22:55:34.066528+00:00,61.00068901399936,sda,0.9973387310001272,315698688,23797850112,8097,114490,0,55422976,0,115,0.0,55570865.02037484,940,
61,2026-10-08T22:55:34.066528+00:00,61.00068901399936,sda1,0.9973387310001272,319488,0,78,0,0,0,0,0,0.0,0.0,0,
61,2026-10-08T22:55:34.066528+00:00,61.00068901399936,sda2,0.9973387310001272,285926400,421961728,6637,66813,0,0,0,0,0.0,0.0,0,
61,2026-10-08T22:55:34.066528+00:00,61.00068901399936,sda3,0.9973387310001272,5559296,118784,154,26,0,0,0,0,0.0,0.0,0,
61,2026-10-08T22:55:34.066528+00:00,61.00068901399936,sda4,0.9973387310001272,4657152,0,116,0,0,0,0,0,0.0,0.0,0,
61,2026-10-08T22:55:34.066528+00:00,61.00068901399936,sda5,0.9973387310001272,16782336,23375769600,977,47651,0,55422976,0,115,0.0,55570865.02037484,940,
62,2026-10-08T22:55:35.073050+00:00,62.007110545000614,loop0,1.0065216429993598,2109440,0,219,0,0,0,0,0,0.0,0.0,0,
62,2026-10-08T22:55:35.073050+00:00,62.007110545000614,loop1,1.0065216429993598,354304,0,43,0,0,0,0,0,0.0,0.0,0,
62,2026-10-08T22:55:35.073050+00:00,62.007110545000614,loop2,1.0065216429993598,1106944,0,51,0,0,0,0,0,0.0,0.0,0,
62,2026-10-08T22:55:35.073050+00:00,62.007110545000614,loop3,1.0065216429993598,1141760,0,66,0,0,0,0,0,0.0,0.0,0,
62,2026-10-08T22:55:35.073050+00:00,62.007110545000614,loop4,1.0065216429993598,374784,0,51,0,0,0,0,0,0.0,0.0,0,
62,2026-10-08T22:55:35.073050+00:00,62.007110545000614,loop5,1.0065216429993598,14336,0,11,0,0,0,0,0,0.0,0.0,0,
62,2026-10-08T22:55:35.073050+00:00,62.007110545000614,loop6,1.0065216429993598,0,0,0,0,0,0,0,0,0.0,0.0,0,
62,2026-10-08T22:55:35.073050+00:00,62.007110545000614,loop7,1.0065216429993598,0,0,0,0,0,0,0,0,0.0,0.0,0,
62,2026-10-08T22:55:35.073050+00:00,62.007110545000614,sr0,1.0065216429993598,1536,0,8,0,0,0,0,0,0.0,0.0,0,
62,2026-10-08T22:55:35.073050+00:00,62.007110545000614,sda,1.0065216429993598,315698688,23849852928,8097,114608,0,52002816,0,118,0.0,51665869.6429373,968,
62,2026-10-08T22:55:35.073050+00:00,62.007110545000614,sda1,1.0065216429993598,319488,0,78,0,0,0,0,0,0.0,0.0,0,
62,2026-10-08T22:55:35.073050+00:00,62.007110545000614,sda2,1.0065216429993598,285926400,421961728,6637,66813,0,0,0,0,0.0,0.0,0,
62,2026-10-08T22:55:35.073050+00:00,62.007110545000614,sda3,1.0065216429993598,5559296,118784,154,26,0,0,0,0,0.0,0.0,0,
62,2026-10-08T22:55:35.073050+00:00,62.007110545000614,sda4,1.0065216429993598,4657152,0,116,0,0,0,0,0,0.0,0.0,0,
62,2026-10-08T22:55:35.073050+00:00,62.007110545000614,sda5,1.0065216429993598,16782336,23427772416,977,47769,0,52002816,0,118,0.0,51665869.6429373,968,
63,2026-10-08T22:55:36.069365+00:00,63.003464662000624,loop0,0.9963151530009782,2109440,0,219,0,0,0,0,0,0.0,0.0,0,
63,2026-10-08T22:55:36.069365+00:00,63.003464662000624,loop1,0.9963151530009782,354304,0,43,0,0,0,0,0,0.0,0.0,0,
63,2026-10-08T22:55:36.069365+00:00,63.003464662000624,loop2,0.9963151530009782,1106944,0,51,0,0,0,0,0,0.0,0.0,0,
63,2026-10-08T22:55:36.069365+00:00,63.003464662000624,loop3,0.9963151530009782,1141760,0,66,0,0,0,0,0,0.0,0.0,0,
63,2026-10-08T22:55:36.069365+00:00,63.003464662000624,loop4,0.9963151530009782,374784,0,51,0,0,0,0,0,0.0,0.0,0,
63,2026-10-08T22:55:36.069365+00:00,63.003464662000624,loop5,0.9963151530009782,14336,0,11,0,0,0,0,0,0.0,0.0,0,
63,2026-10-08T22:55:36.069365+00:00,63.003464662000624,loop6,0.9963151530009782,0,0,0,0,0,0,0,0,0.0,0.0,0,
63,2026-10-08T22:55:36.069365+00:00,63.003464662000624,loop7,0.9963151530009782,0,0,0,0,0,0,0,0,0.0,0.0,0,
63,2026-10-08T22:55:36.069365+00:00,63.003464662000624,sr0,0.9963151530009782,1536,0,8,0,0,0,0,0,0.0,0.0,0,
63,2026-10-08T22:55:36.069365+00:00,63.003464662000624,sda,0.9963151530009782,315698688,23901073408,8097,114692,0,51220480,0,84,0.0,51409917.68088637,956,
63,2026-10-08T22:55:36.069365+00:00,63.003464662000624,sda1,0.9963151530009782,319488,0,78,0,0,0,0,0,0.0,0.0,0,
63,2026-10-08T22:55:36.069365+00:00,63.003464662000624,sda2,0.9963151530009782,285926400,421961728,6637,66813,0,0,0,0,0.0,0.0,0,
63,2026-10-08T22:55:36.069365+00:00,63.003464662000624,sda3,0.9963151530009782,5559296,118784,154,26,0,0,0,0,0.0,0.0,0,
63,2026-10-08T22:55:36.069365+00:00,63.003464662000624,sda4,0.9963151530009782,4657152,0,116,0,0,0,0,0,0.0,0.0,0,
63,2026-10-08T22:55:36.069365+00:00,63.003464662000624,sda5,0.9963151530009782,16782336,23478992896,977,47853,0,51220480,0,84,0.0,51409917.68088637,956,
64,2026-10-08T22:55:37.067709+00:00,64.00184476200047,loop0,0.9983436149996123,2109440,0,219,0,0,0,0,0,0.0,0.0,0,
64,2026-10-08T22:55:37.067709+00:00,64.00184476200047,loop1,0.9983436149996123,354304,0,43,0,0,0,0,0,0.0,0.0,0,
64,2026-10-08T22:55:37.067709+00:00,64.00184476200047,loop2,0.9983436149996123,1106944,0,51,0,0,0,0,0,0.0,0.0,0,
64,2026-10-08T22:55:37.067709+00:00,64.00184476200047,loop3,0.9983436149996123,1141760,0,66,0,0,0,0,0,0.0,0.0,0,
64,2026-10-08T22:55:37.067709+00:00,64.00184476200047,loop4,0.9983436149996123,374784,0,51,0,0,0,0,0,0.0,0.0,0,
64,2026-10-08T22:55:37.067709+00:00,64.00184476200047,loop5,0.9983436149996123,14336,0,11,0,0,0,0,0,0.0,0.0,0,
64,2026-10-08T22:55:37.067709+00:00,64.00184476200047,loop6,0.9983436149996123,0,0,0,0,0,0,0,0,0.0,0.0,0,
64,2026-10-08T22:55:37.067709+00:00,64.00184476200047,loop7,0.9983436149996123,0,0,0,0,0,0,0,0,0.0,0.0,0,
64,2026-10-08T22:55:37.067709+00:00,64.00184476200047,sr0,0.9983436149996123,1536,0,8,0,0,0,0,0,0.0,0.0,0,
64,2026-10-08T22:55:37.067709+00:00,64.00184476200047,sda,0.9983436149996123,315698688,23953031168,8097,114796,0,51957760,0,104,0.0,52043964.84272619,924,
64,2026-10-08T22:55:37.067709+00:00,64.00184476200047,sda1,0.9983436149996123,319488,0,78,0,0,0,0,0,0.0,0.0,0,
64,2026-10-08T22:55:37.067709+00:00,64.00184476200047,sda2,0.9983436149996123,285926400,421961728,6637,66813,0,0,0,0,0.0,0.0,0,
64,2026-10-08T22:55:37.067709+00:00,64.00184476200047,sda3,0.9983436149996123,5559296,118784,154,26,0,0,0,0,0.0,0.0,0,
64,2026-10-08T22:55:37.067709+00:00,64.00184476200047,sda4,0.9983436149996123,4657152,0,116,0,0,0,0,0,0.0,0.0,0,
64,2026-10-08T22:55:37.067709+00:00,64.00184476200047,sda5,0.9983436149996123,16782336,23530950656,977,47957,0,51957760,0,104,0.0,52043964.84272619,924,
65,2026-10-08T22:55:38.075480+00:00,65.00986628499959,loop0,1.0077713949995086,2109440,0,219,0,0,0,0,0,0.0,0.0,0,
65,2026-10-08T22:55:38.075480+00:00,65.00986628499959,loop1,1.0077713949995086,354304,0,43,0,0,0,0,0,0.0,0.0,0,
65,2026-10-08T22:55:38.075480+00:00,65.00986628499959,loop2,1.0077713949995086,1106944,0,51,0,0,0,0,0,0.0,0.0,0,
65,2026-10-08T22:55:38.075480+00:00,65.00986628499959,loop3,1.0077713949995086,1141760,0,66,0,0,0,0,0,0.0,0.0,0,
65,2026-10-08T22:55:38.075480+00:00,65.00986628499959,loop4,1.0077713949995086,374784,0,51,0,0,0,0,0,0.0,0.0,0,
65,2026-10-08T22:55:38.075480+00:00,65.00986628499959,loop5,1.0077713949995086,14336,0,11,0,0,0,0,0,0.0,0.0,0,
65,2026-10-08T22:55:38.075480+00:00,65.00986628499959,loop6,1.0077713949995086,0,0,0,0,0,0,0,0,0.0,0.0,0,
65,2026-10-08T22:55:38.075480+00:00,65.00986628499959,loop7,1.0077713949995086,0,0,0,0,0,0,0,0,0.0,0.0,0,
65,2026-10-08T22:55:38.075480+00:00,65.00986628499959,sr0,1.0077713949995086,1536,0,8,0,0,0,0,0,0.0,0.0,0,
65,2026-10-08T22:55:38.075480+00:00,65.00986628499959,sda,1.0077713949995086,315698688,23999012864,8097,114892,0,45981696,0,96,0.0,45627109.70777497,904,
65,2026-10-08T22:55:38.075480+00:00,65.00986628499959,sda1,1.0077713949995086,319488,0,78,0,0,0,0,0,0.0,0.0,0,
65,2026-10-08T22:55:38.075480+00:00,65.00986628499959,sda2,1.0077713949995086,285926400,421961728,6637,66813,0,0,0,0,0.0,0.0,0,
65,2026-10-08T22:55:38.075480+00:00,65.00986628499959,sda3,1.0077713949995086,5559296,118784,154,26,0,0,0,0,0.0,0.0,0,
65,2026-10-08T22:55:38.075480+00:00,65.00986628499959,sda4,1.0077713949995086,4657152,0,116,0,0,0,0,0,0.0,0.0,0,
65,2026-10-08T22:55:38.075480+00:00,65.00986628499959,sda5,1.0077713949995086,16782336,23576932352,977,48053,0,45981696,0,96,0.0,45627109.70777497,904,
66,2026-10-08T22:55:39.069873+00:00,66.00409427299928,loop0,0.9943934160000936,2109440,0,219,0,0,0,0,0,0.0,0.0,0,
66,2026-10-08T22:55:39.069873+00:00,66.00409427299928,loop1,0.9943934160000936,354304,0,43,0,0,0,0,0,0.0,0.0,0,
66,2026-10-08T22:55:39.069873+00:00,66.00409427299928,loop2,0.9943934160000936,1106944,0,51,0,0,0,0,0,0.0,0.0,0,
66,2026-10-08T22:55:39.069873+00:00,66.00409427299928,loop3,0.9943934160000936,1141760,0,66,0,0,0,0,0,0.0,0.0,0,
66,2026-10-08T22:55:39.069873+00:00,66.00409427299928,loop4,0.9943934160000936,374784,0,51,0,0,0,0,0,0.0,0.0,0,
66,2026-10-08T22:55:39.069873+00:00,66.00409427299928,loop5,0.9943934160000936,14336,0,11,0,0,0,0,0,0.0,0.0,0,
66,2026-10-08T22:55:39.069873+00:00,66.00409427299928,loop6,0.9943934160000936,0,0,0,0,0,0,0,0,0.0,0.0,0,
66,2026-10-08T22:55:39.069873+00:00,66.00409427299928,loop7,0.9943934160000936,0,0,0,0,0,0,0,0,0.0,0.0,0,
66,2026-10-08T22:55:39.069873+00:00,66.00409427299928,sr0,0.9943934160000936,1536,0,8,0,0,0,0,0,0.0,0.0,0,
66,2026-10-08T22:55:39.069873+00:00,66.00409427299928,sda,0.9943934160000936,315698688,24057679872,8097,115015,0,58667008,0,123,0.0,58997784.03198365,896,
66,2026-10-08T22:55:39.069873+00:00,66.00409427299928,sda1,0.9943934160000936,319488,0,78,0,0,0,0,0,0.0,0.0,0,
66,2026-10-08T22:55:39.069873+00:00,66.00409427299928,sda2,0.9943934160000936,285926400,421961728,6637,66813,0,0,0,0,0.0,0.0,0,
66,2026-10-08T22:55:39.069873+00:00,66.00409427299928,sda3,0.9943934160000936,5559296,118784,154,26,0,0,0,0,0.0,0.0,0,
66,2026-10-08T22:55:39.069873+00:00,66.00409427299928,sda4,0.9943934160000936,4657152,0,116,0,0,0,0,0,0.0,0.0,0,
66,2026-10-08T22:55:39.069873+00:00,66.00409427299928,sda5,0.9943934160000936,16782336,23635599360,977,48176,0,58667008,0,123,0.0,58997784.03198365,896,
67,2026-10-08T22:55:40.066494+00:00,67.00052847599909,loop0,0.996620976999111,2109440,0,219,0,0,0,0,0,0.0,0.0,0,
67,2026-10-08T22:55:40.066494+00:00,67.00052847599909,loop1,0.996620976999111,354304,0,43,0,0,0,0,0,0.0,0.0,0,
67,2026-10-08T22:55:40.066494+00:00,67.00052847599909,loop2,0.996620976999111,1106944,0,51,0,0,0,0,0,0.0,0.0,0,
67,2026-10-08T22:55:40.066494+00:00,67.00052847599909,loop3,0.996620976999111,1141760,0,66,0,0,0,0,0,0.0,0.0,0,
67,2026-10-08T22:55:40.066494+00:00,67.00052847599909,loop4,0.996620976999111,374784,0,51,0,0,0,0,0,0.0,0.0,0,
67,2026-10-08T22:55:40.066494+00:00,67.00052847599909,loop5,0.996620976999111,14336,0,11,0,0,0,0,0,0.0,0.0,0,
67,2026-10-08T22:55:40.066494+00:00,67.00052847599909,loop6,0.996620976999111,0,0,0,0,0,0,0,0,0.0,0.0,0,
67,2026-10-08T22:55:40.066494+00:00,67.00052847599909,loop7,0.996620976999111,0,0,0,0,0,0,0,0,0.0,0.0,0,
67,2026-10-08T22:55:40.066494+00:00,67.00052847599909,sr0,0.996620976999111,1536,0,8,0,0,0,0,0,0.0,0.0,0,
67,2026-10-08T22:55:40.066494+00:00,67.00052847599909,sda,0.996620976999111,315698688,24114880512,8097,115135,0,57200640,0,120,0.0,57394577.59782937,980,
67,2026-10-08T22:55:40.066494+00:00,67.00052847599909,sda1,0.996620976999111,319488,0,78,0,0,0,0,0,0.0,0.0,0,
67,2026-10-08T22:55:40.066494+00:00,67.00052847599909,sda2,0.996620976999111,285926400,421961728,6637,66813,0,0,0,0,0.0,0.0,0,
67,2026-10-08T22:55:40.066494+00:00,67.00052847599909,sda3,0.996620976999111,5559296,118784,154,26,0,0,0,0,0.0,0.0,0,
67,2026-10-08T22:55:40.066494+00:00,67.00052847599909,sda4,0.996620976999111,4657152,0,116,0,0,0,0,0,0.0,0.0,0,
67,2026-10-08T22:55:40.066494+00:00,67.00052847599909,sda5,0.996620976999111,16782336,23692800000,977,48296,0,57200640,0,120,0.0,57394577.59782937,980,
68,2026-10-08T22:55:41.071536+00:00,68.0059456759991,loop0,1.0050416000012774,2109440,0,219,0,0,0,0,0,0.0,0.0,0,
68,2026-10-08T22:55:41.071536+00:00,68.0059456759991,loop1,1.0050416000012774,354304,0,43,0,0,0,0,0,0.0,0.0,0,
68,2026-10-08T22:55:41.071536+00:00,68.0059456759991,loop2,1.0050416000012774,1106944,0,51,0,0,0,0,0,0.0,0.0,0,
68,2026-10-08T22:55:41.071536+00:00,68.0059456759991,loop3,1.0050416000012774,1141760,0,66,0,0,0,0,0,0.0,0.0,0,
68,2026-10-08T22:55:41.071536+00:00,68.0059456759991,loop4,1.0050416000012774,374784,0,51,0,0,0,0,0,0.0,0.0,0,
68,2026-10-08T22:55:41.071536+00:00,68.0059456759991,loop5,1.0050416000012774,14336,0,11,0,0,0,0,0,0.0,0.0,0,
68,2026-10-08T22:55:41.071536+00:00,68.0059456759991,loop6,1.0050416000012774,0,0,0,0,0,0,0,0,0.0,0.0,0,
68,2026-10-08T22:55:41.071536+00:00,68.0059456759991,loop7,1.0050416000012774,0,0,0,0,0,0,0,0,0.0,0.0,0,
68,2026-10-08T22:55:41.071536+00:00,68.0059456759991,sr0,1.0050416000012774,1536,0,8,0,0,0,0,0,0.0,0.0,0,
68,2026-10-08T22:55:41.071536+00:00,68.0059456759991,sda,1.0050416000012774,315698688,24167534592,8097,115241,0,52654080,0,106,0.0,52389950.823859505,916,
68,2026-10-08T22:55:41.071536+00:00,68.0059456759991,sda1,1.0050416000012774,319488,0,78,0,0,0,0,0,0.0,0.0,0,
68,2026-10-08T22:55:41.071536+00:00,68.0059456759991,sda2,1.0050416000012774,285926400,421961728,6637,66813,0,0,0,0,0.0,0.0,0,
68,2026-10-08T22:55:41.071536+00:00,68.0059456759991,sda3,1.0050416000012774,5559296,118784,154,26,0,0,0,0,0.0,0.0,0,
68,2026-10-08T22:55:41.071536+00:00,68.0059456759991,sda4,1.0050416000012774,4657152,0,116,0,0,0,0,0,0.0,0.0,0,
68,2026-10-08T22:55:41.071536+00:00,68.0059456759991,sda5,1.0050416000012774,16782336,23745454080,977,48402,0,52654080,0,106,0.0,52389950.823859505,916,
69,2026-10-08T22:55:42.068313+00:00,69.00221655399946,loop0,0.9967770149996795,2109440,0,219,0,0,0,0,0,0.0,0.0,0,
69,2026-10-08T22:55:42.068313+00:00,69.00221655399946,loop1,0.9967770149996795,354304,0,43,0,0,0,0,0,0.0,0.0,0,
69,2026-10-08T22:55:42.068313+00:00,69.00221655399946,loop2,0.9967770149996795,1106944,0,51,0,0,0,0,0,0.0,0.0,0,
69,2026-10-08T22:55:42.068313+00:00,69.00221655399946,loop3,0.9967770149996795,1141760,0,66,0,0,0,0,0,0.0,0.0,0,
69,2026-10-08T22:55:42.068313+00:00,69.00221655399946,loop4,0.9967770149996795,374784,0,51,0,0,0,0,0,0.0,0.0,0,
69,2026-10-08T22:55:42.068313+00:00,69.00221655399946,loop5,0.9967770149996795,14336,0,11,0,0,0,0,0,0.0,0.0,0,
69,2026-10-08T22:55:42.068313+00:00,69.00221655399946,loop6,0.9967770149996795,0,0,0,0,0,0,0,0,0.0,0.0,0,
69,2026-10-08T22:55:42.068313+00:00,69.00221655399946,loop7,0.9967770149996795,0,0,0,0,0,0,0,0,0.0,0.0,0,
69,2026-10-08T22:55:42.068313+00:00,69.00221655399946,sr0,0.9967770149996795,1536,0,8,0,0,0,0,0,0.0,0.0,0,
69,2026-10-08T22:55:42.068313+00:00,69.00221655399946,sda,0.9967770149996795,315698688,24220176384,8097,115351,0,52641792,0,110,0.0,52812004.29768831,996,
69,2026-10-08T22:55:42.068313+00:00,69.00221655399946,sda1,0.9967770149996795,319488,0,78,0,0,0,0,0,0.0,0.0,0,
69,2026-10-08T22:55:42.068313+00:00,69.00221655399946,sda2,0.9967770149996795,285926400,421961728,6637,66813,0,0,0,0,0.0,0.0,0,
69,2026-10-08T22:55:42.068313+00:00,69.00221655399946,sda3,0.9967770149996795,5559296,118784,154,26,0,0,0,0,0.0,0.0,0,
69,2026-10-08T22:55:42.068313+00:00,69.00221655399946,sda4,0.9967770149996795,4657152,0,116,0,0,0,0,0,0.0,0.0,0,
69,2026-10-08T22:55:42.068313+00:00,69.00221655399946,sda5,0.9967770149996795,16782336,23798095872,977,48512,0,52641792,0,110,0.0,52812004.29768831,996,
70,2026-10-08T22:55:43.067621+00:00,70.00189033300012,loop0,0.9993078749994311,2109440,0,219,0,0,0,0,0,0.0,0.0,0,
70,2026-10-08T22:55:43.067621+00:00,70.00189033300012,loop1,0.9993078749994311,354304,0,43,0,0,0,0,0,0.0,0.0,0,
70,2026-10-08T22:55:43.067621+00:00,70.00189033300012,loop2,0.9993078749994311,1106944,0,51,0,0,0,0,0,0.0,0.0,0,
70,2026-10-08T22:55:43.067621+00:00,70.00189033300012,loop3,0.9993078749994311,1141760,0,66,0,0,0,0,0,0.0,0.0,0,
70,2026-10-08T22:55:43.067621+00:00,70.00189033300012,loop4,0.9993078749994311,374784,0,51,0,0,0,0,0,0.0,0.0,0,
70,2026-10-08T22:55:43.067621+00:00,70.00189033300012,loop5,0.9993078749994311,14336,0,11,0,0,0,0,0,0.0,0.0,0,
70,2026-10-08T22:55:43.067621+00:00,70.00189033300012,loop6,0.9993078749994311,0,0,0,0,0,0,0,0,0.0,0.0,0,
70,2026-10-08T22:55:43.067621+00:00,70.00189033300012,loop7,0.9993078749994311,0,0,0,0,0,0,0,0,0.0,0.0,0,
70,2026-10-08T22:55:43.067621+00:00,70.00189033300012,sr0,0.9993078749994311,1536,0,8,0,0,0,0,0,0.0,0.0,0,
70,2026-10-08T22:55:43.067621+00:00,70.00189033300012,sda,0.9993078749994311,315698688,24272809984,8097,115458,0,52633600,0,107,0.0,52670054.26133559,964,
70,2026-10-08T22:55:43.067621+00:00,70.00189033300012,sda1,0.9993078749994311,319488,0,78,0,0,0,0,0,0.0,0.0,0,
70,2026-10-08T22:55:43.067621+00:00,70.00189033300012,sda2,0.9993078749994311,285926400,421961728,6637,66813,0,0,0,0,0.0,0.0,0,
70,2026-10-08T22:55:43.067621+00:00,70.00189033300012,sda3,0.9993078749994311,5559296,118784,154,26,0,0,0,0,0.0,0.0,0,
70,2026-10-08T22:55:43.067621+00:00,70.00189033300012,sda4,0.9993078749994311,4657152,0,116,0,0,0,0,0,0.0,0.0,0,
70,2026-10-08T22:55:43.067621+00:00,70.00189033300012,sda5,0.9993078749994311,16782336,23850729472,977,48619,0,52633600,0,107,0.0,52670054.26133559,964,
71,2026-10-08T22:55:44.066203+00:00,71.00018845900013,loop0,0.9985819600005925,2109440,0,219,0,0,0,0,0,0.0,0.0,0,
71,2026-10-08T22:55:44.066203+00:00,71.00018845900013,loop1,0.9985819600005925,354304,0,43,0,0,0,0,0,0.0,0.0,0,
71,2026-10-08T22:55:44.066203+00:00,71.00018845900013,loop2,0.9985819600005925,1106944,0,51,0,0,0,0,0,0.0,0.0,0,
71,2026-10-08T22:55:44.066203+00:00,71.00018845900013,loop3,0.9985819600005925,1141760,0,66,0,0,0,0,0,0.0,0.0,0,
71,2026-10-08T22:55:44.066203+00:00,71.00018845900013,loop4,0.9985819600005925,374784,0,51,0,0,0,0,0,0.0,0.0,0,
71,2026-10-08T22:55:44.066203+00:00,71.00018845900013,loop5,0.9985819600005925,14336,0,11,0,0,0,0,0,0.0,0.0,0,
71,2026-10-08T22:55:44.066203+00:00,71.00018845900013,loop6,0.9985819600005925,0,0,0,0,0,0,0,0,0.0,0.0,0,
71,2026-10-08T22:55:44.066203+00:00,71.00018845900013,loop7,0.9985819600005925,0,0,0,0,0,0,0,0,0.0,0.0,0,
71,2026-10-08T22:55:44.066203+00:00,71.00018845900013,sr0,0.9985819600005925,1536,0,8,0,0,0,0,0,0.0,0.0,0,
71,2026-10-08T22:55:44.066203+00:00,71.00018845900013,sda,0.9985819600005925,315698688,24321576960,8097,115560,0,48766976,0,102,0.0,48836227.72433328,856,
71,2026-10-08T22:55:44.066203+00:00,71.00018845900013,sda1,0.9985819600005925,319488,0,78,0,0,0,0,0,0.0,0.0,0,
71,2026-10-08T22:55:44.066203+00:00,71.00018845900013,sda2,0.9985819600005925,285926400,421961728,6637,66813,0,0,0,0,0.0,0.0,0,
71,2026-10-08T22:55:44.066203+00:00,71.00018845900013,sda3,0.9985819600005925,5559296,118784,154,26,0,0,0,0,0.0,0.0,0,
71,2026-10-08T22:55:44.066203+00:00,71.00018845900013,sda4,0.9985819600005925,4657152,0,116,0,0,0,0,0,0.0,0.0,0,
71,2026-10-08T22:55:44.066203+00:00,71.00018845900013,sda5,0.9985819600005925,16782336,23899496448,977,48721,0,48766976,0,102,0.0,48836227.72433328,856,
72,2026-10-08T22:55:45.073984+00:00,72.00548001300012,loop0,1.0077811819992348,2109440,0,219,0,0,0,0,0,0.0,0.0,0,
72,2026-10-08T22:55:45.073984+00:00,72.00548001300012,loop1,1.0077811819992348,354304,0,43,0,0,0,0,0,0.0,0.0,0,
72,2026-10-08T22:55:45.073984+00:00,72.00548001300012,loop2,1.0077811819992348,1106944,0,51,0,0,0,0,0,0.0,0.0,0,
72,2026-10-08T22:55:45.073984+00:00,72.00548001300012,loop3,1.0077811819992348,1141760,0,66,0,0,0,0,0,0.0,0.0,0,
72,2026-10-08T22:55:45.073984+00:00,72.00548001300012,loop4,1.0077811819992348,374784,0,51,0,0,0,0,0,0.0,0.0,0,
72,2026-10-08T22:55:45.073984+00:00,72.00548001300012,loop5,1.0077811819992348,14336,0,11,0,0,0,0,0,0.0,0.0,0,
72,2026-10-08T22:55:45.073984+00:00,72.00548001300012,loop6,1.0077811819992348,0,0,0,0,0,0,0,0,0.0,0.0,0,
72,2026-10-08T22:55:45.073984+00:00,72.00548001300012,loop7,1.0077811819992348,0,0,0,0,0,0,0,0,0.0,0.0,0,
72,2026-10-08T22:55:45.073984+00:00,72.00548001300012,sr0,1.0077811819992348,1536,0,8,0,0,0,0,0,0.0,0.0,0,
72,2026-10-08T22:55:45.073984+00:00,72.00548001300012,sda,1.0077811819992348,315698688,24373776384,8097,115670,0,52199424,0,110,0.0,51796386.886731565,1064,
72,2026-10-08T22:55:45.073984+00:00,72.00548001300012,sda1,1.0077811819992348,319488,0,78,0,0,0,0,0,0.0,0.0,0,
72,2026-10-08T22:55:45.073984+00:00,72.00548001300012,sda2,1.0077811819992348,285926400,421961728,6637,66813,0,0,0,0,0.0,0.0,0,
72,2026-10-08T22:55:45.073984+00:00,72.00548001300012,sda3,1.0077811819992348,5559296,118784,154,26,0,0,0,0,0.0,0.0,0,
72,2026-10-08T22:55:45.073984+00:00,72.00548001300012,sda4,1.0077811819992348,4657152,0,116,0,0,0,0,0,0.0,0.0,0,
72,2026-10-08T22:55:45.073984+00:00,72.00548001300012,sda5,1.0077811819992348,16782336,23951695872,977,48831,0,52199424,0,110,0.0,51796386.886731565,1064,
73,2026-10-08T22:55:46.066419+00:00,73.00059540099937,loop0,0.9924354490012774,2109440,0,219,0,0,0,0,0,0.0,0.0,0,
73,2026-10-08T22:55:46.066419+00:00,73.00059540099937,loop1,0.9924354490012774,354304,0,43,0,0,0,0,0,0.0,0.0,0,
73,2026-10-08T22:55:46.066419+00:00,73.00059540099937,loop2,0.9924354490012774,1106944,0,51,0,0,0,0,0,0.0,0.0,0,
73,2026-10-08T22:55:46.066419+00:00,73.00059540099937,loop3,0.9924354490012774,1141760,0,66,0,0,0,0,0,0.0,0.0,0,
73,2026-10-08T22:55:46.066419+00:00,73.00059540099937,loop4,0.9924354490012774,374784,0,51,0,0,0,0,0,0.0,0.0,0,
73,2026-10-08T22:55:46.066419+00:00,73.00059540099937,loop5,0.9924354490012774,14336,0,11,0,0,0,0,0,0.0,0.0,0,
73,2026-10-08T22:55:46.066419+00:00,73.00059540099937,loop6,0.9924354490012774,0,0,0,0,0,0,0,0,0.0,0.0,0,
73,2026-10-08T22:55:46.066419+00:00,73.00059540099937,loop7,0.9924354490012774,0,0,0,0,0,0,0,0,0.0,0.0,0,
73,2026-10-08T22:55:46.066419+00:00,73.00059540099937,sr0,0.9924354490012774,1536,0,8,0,0,0,0,0,0.0,0.0,0,
73,2026-10-08T22:55:46.066419+00:00,73.00059540099937,sda,0.9924354490012774,315698688,24430804992,8097,115793,0,57028608,0,123,0.0,57463292.0029105,936,
73,2026-10-08T22:55:46.066419+00:00,73.00059540099937,sda1,0.9924354490012774,319488,0,78,0,0,0,0,0,0.0,0.0,0,
73,2026-10-08T22:55:46.066419+00:00,73.00059540099937,sda2,0.9924354490012774,285926400,421961728,6637,66813,0,0,0,0,0.0,0.0,0,
73,2026-10-08T22:55:46.066419+00:00,73.00059540099937,sda3,0.9924354490012774,5559296,118784,154,26,0,0,0,0,0.0,0.0,0,
73,2026-10-08T22:55:46.066419+00:00,73.00059540099937,sda4,0.9924354490012774,4657152,0,116,0,0,0,0,0,0.0,0.0,0,
73,2026-10-08T22:55:46.066419+00:00,73.00059540099937,sda5,0.9924354490012774,16782336,24008724480,977,48954,0,57028608,0,123,0.0,57463292.0029105,936,
74,2026-10-08T22:55:47.067396+00:00,74.0013016869998,loop0,1.0009760309985722,2109440,0,219,0,0,0,0,0,0.0,0.0,0,
74,2026-10-08T22:55:47.067396+00:00,74.0013016869998,loop1,1.0009760309985722,354304,0,43,0,0,0,0,0,0.0,0.0,0,
74,2026-10-08T22:55:47.067396+00:00,74.0013016869998,loop2,1.0009760309985722,1106944,0,51,0,0,0,0,0,0.0,0.0,0,
74,2026-10-08T22:55:47.067396+00:00,74.0013016869998,loop3,1.0009760309985722,1141760,0,66,0,0,0,0,0,0.0,0.0,0,
74,2026-10-08T22:55:47.067396+00:00,74.0013016869998,loop4,1.0009760309985722,374784,0,51,0,0,0,0,0,0.0,0.0,0,
74,2026-10-08T22:55:47.067396+00:00,74.0013016869998,loop5,1.0009760309985722,14336,0,11,0,0,0,0,0,0.0,0.0,0,
74,2026-10-08T22:55:47.067396+00:00,74.0013016869998,loop6,1.0009760309985722,0,0,0,0,0,0,0,0,0.0,0.0,0,
74,2026-10-08T22:55:47.067396+00:00,74.0013016869998,loop7,1.0009760309985722,0,0,0,0,0,0,0,0,0.0,0.0,0,
74,2026-10-08T22:55:47.067396+00:00,74.0013016869998,sr0,1.0009760309985722,1536,0,8,0,0,0,0,0,0.0,0.0,0,
74,2026-10-08T22:55:47.067396+00:00,74.0013016869998,sda,1.0009760309985722,315698688,24479936512,8097,115890,0,49131520,0,97,0.0,49083612.8723147,912,
74,2026-10-08T22:55:47.067396+00:00,74.0013016869998,sda1,1.0009760309985722,319488,0,78,0,0,0,0,0,0.0,0.0,0,
74,2026-10-08T22:55:47.067396+00:00,74.0013016869998,sda2,1.0009760309985722,285926400,421961728,6637,66813,0,0,0,0,0.0,0.0,0,
74,2026-10-08T22:55:47.067396+00:00,74.0013016869998,sda3,1.0009760309985722,5559296,118784,154,26,0,0,0,0,0.0,0.0,0,
74,2026-10-08T22:55:47.067396+00:00,74.0013016869998,sda4,1.0009760309985722,4657152,0,116,0,0,0,0,0,0.0,0.0,0,
74,2026-10-08T22:55:47.067396+00:00,74.0013016869998,sda5,1.0009760309985722,16782336,24057856000,977,49051,0,49131520,0,97,0.0,49083612.8723147,912,
75,2026-10-08T22:55:48.067480+00:00,75.00198041499971,loop0,1.000084480001533,2109440,0,219,0,0,0,0,0,0.0,0.0,0,
75,2026-10-08T22:55:48.067480+00:00,75.00198041499971,loop1,1.000084480001533,354304,0,43,0,0,0,0,0,0.0,0.0,0,
75,2026-10-08T22:55:48.067480+00:00,75.00198041499971,loop2,1.000084480001533,1106944,0,51,0,0,0,0,0,0.0,0.0,0,
75,2026-10-08T22:55:48.067480+00:00,75.00198041499971,loop3,1.000084480001533,1141760,0,66,0,0,0,0,0,0.0,0.0,0,
75,2026-10-08T22:55:48.067480+00:00,75.00198041499971,loop4,1.000084480001533,374784,0,51,0,0,0,0,0,0.0,0.0,0,
75,2026-10-08T22:55:48.067480+00:00,75.00198041499971,loop5,1.000084480001533,14336,0,11,0,0,0,0,0,0.0,0.0,0,
75,2026-10-08T22:55:48.067480+00:00,75.00198041499971,loop6,1.000084480001533,0,0,0,0,0,0,0,0,0.0,0.0,0,
75,2026-10-08T22:55:48.067480+00:00,75.00198041499971,loop7,1.000084480001533,0,0,0,0,0,0,0,0,0.0,0.0,0,
75,2026-10-08T22:55:48.067480+00:00,75.00198041499971,sr0,1.000084480001533,1536,0,8,0,0,0,0,0,0.0,0.0,0,
75,2026-10-08T22:55:48.067480+00:00,75.00198041499971,sda,1.000084480001533,315698688,24536084480,8097,116006,0,56147968,0,116,0.0,56143225.02026422,1024,
75,2026-10-08T22:55:48.067480+00:00,75.00198041499971,sda1,1.000084480001533,319488,0,78,0,0,0,0,0,0.0,0.0,0,
75,2026-10-08T22:55:48.067480+00:00,75.00198041499971,sda2,1.000084480001533,285926400,421961728,6637,66813,0,0,0,0,0.0,0.0,0,
75,2026-10-08T22:55:48.067480+00:00,75.00198041499971,sda3,1.000084480001533,5559296,118784,154,26,0,0,0,0,0.0,0.0,0,
75,2026-10-08T22:55:48.067480+00:00,75.00198041499971,sda4,1.000084480001533,4657152,0,116,0,0,0,0,0,0.0,0.0,0,
75,2026-10-08T22:55:48.067480+00:00,75.00198041499971,sda5,1.000084480001533,16782336,24114003968,977,49167,0,56147968,0,116,0.0,56143225.02026422,1024,
76,2026-10-08T22:55:49.067076+00:00,76.00125267799922,loop0,0.9995959719999519,2109440,0,219,0,0,0,0,0,0.0,0.0,0,
76,2026-10-08T22:55:49.067076+00:00,76.00125267799922,loop1,0.9995959719999519,354304,0,43,0,0,0,0,0,0.0,0.0,0,
76,2026-10-08T22:55:49.067076+00:00,76.00125267799922,loop2,0.9995959719999519,1106944,0,51,0,0,0,0,0,0.0,0.0,0,
76,2026-10-08T22:55:49.067076+00:00,76.00125267799922,loop3,0.9995959719999519,1141760,0,66,0,0,0,0,0,0.0,0.0,0,
76,2026-10-08T22:55:49.067076+00:00,76.00125267799922,loop4,0.9995959719999519,374784,0,51,0,0,0,0,0,0.0,0.0,0,
76,2026-10-08T22:55:49.067076+00:00,76.00125267799922,loop5,0.9995959719999519,14336,0,11,0,0,0,0,0,0.0,0.0,0,
76,2026-10-08T22:55:49.067076+00:00,76.00125267799922,loop6,0.9995959719999519,0,0,0,0,0,0,0,0,0.0,0.0,0,
76,2026-10-08T22:55:49.067076+00:00,76.00125267799922,loop7,0.9995959719999519,0,0,0,0,0,0,0,0,0.0,0.0,0,
76,2026-10-08T22:55:49.067076+00:00,76.00125267799922,sr0,0.9995959719999519,1536,0,8,0,0,0,0,0,0.0,0.0,0,
76,2026-10-08T22:55:49.067076+00:00,76.00125267799922,sda,0.9995959719999519,315698688,24588718080,8097,116111,0,52633600,0,105,0.0,52654874.04345256,944,
76,2026-10-08T22:55:49.067076+00:00,76.00125267799922,sda1,0.9995959719999519,319488,0,78,0,0,0,0,0,0.0,0.0,0,
76,2026-10-08T22:55:49.067076+00:00,76.00125267799922,sda2,0.9995959719999519,285926400,421961728,6637,66813,0,0,0,0,0.0,0.0,0,
76,2026-10-08T22:55:49.067076+00:00,76.00125267799922,sda3,0.9995959719999519,5559296,118784,154,26,0,0,0,0,0.0,0.0,0,
76,2026-10-08T22:55:49.067076+00:00,76.00125267799922,sda4,0.9995959719999519,4657152,0,116,0,0,0,0,0,0.0,0.0,0,
76,2026-10-08T22:55:49.067076+00:00,76.00125267799922,sda5,0.9995959719999519,16782336,24166637568,977,49272,0,52633600,0,105,0.0,52654874.04345256,944,
77,2026-10-08T22:55:50.068149+00:00,77.00192851800057,loop0,1.0010735639989434,2109440,0,219,0,0,0,0,0,0.0,0.0,0,
77,2026-10-08T22:55:50.068149+00:00,77.00192851800057,loop1,1.0010735639989434,354304,0,43,0,0,0,0,0,0.0,0.0,0,
77,2026-10-08T22:55:50.068149+00:00,77.00192851800057,loop2,1.0010735639989434,1106944,0,51,0,0,0,0,0,0.0,0.0,0,
77,2026-10-08T22:55:50.068149+00:00,77.00192851800057,loop3,1.0010735639989434,1141760,0,66,0,0,0,0,0,0.0,0.0,0,
77,2026-10-08T22:55:50.068149+00:00,77.00192851800057,loop4,1.0010735639989434,374784,0,51,0,0,0,0,0,0.0,0.0,0,
77,2026-10-08T22:55:50.068149+00:00,77.00192851800057,loop5,1.0010735639989434,14336,0,11,0,0,0,0,0,0.0,0.0,0,
77,2026-10-08T22:55:50.068149+00:00,77.00192851800057,loop6,1.0010735639989434,0,0,0,0,0,0,0,0,0.0,0.0,0,
77,2026-10-08T22:55:50.068149+00:00,77.00192851800057,loop7,1.0010735639989434,0,0,0,0,0,0,0,0,0.0,0.0,0,
77,2026-10-08T22:55:50.068149+00:00,77.00192851800057,sr0,1.0010735639989434,1536,0,8,0,0,0,0,0,0.0,0.0,0,
77,2026-10-08T22:55:50.068149+00:00,77.00192851800057,sda,1.0010735639989434,315698688,24641359872,8097,116221,0,52641792,0,110,0.0,52585338.27395682,900,
77,2026-10-08T22:55:50.068149+00:00,77.00192851800057,sda1,1.0010735639989434,319488,0,78,0,0,0,0,0,0.0,0.0,0,
77,2026-10-08T22:55:50.068149+00:00,77.00192851800057,sda2,1.0010735639989434,285926400,421961728,6637,66813,0,0,0,0,0.0,0.0,0,
77,2026-10-08T22:55:50.068149+00:00,77.00192851800057,sda3,1.0010735639989434,5559296,118784,154,26,0,0,0,0,0.0,0.0,0,
77,2026-10-08T22:55:50.068149+00:00,77.00192851800057,sda4,1.0010735639989434,4657152,0,116,0,0,0,0,0,0.0,0.0,0,
77,2026-10-08T22:55:50.068149+00:00,77.00192851800057,sda5,1.0010735639989434,16782336,24219279360,977,49382,0,52641792,0,110,0.0,52585338.27395682,900,
78,2026-10-08T22:55:51.067689+00:00,78.00196936700013,loop0,0.9995392310011084,2109440,0,219,0,0,0,0,0,0.0,0.0,0,
78,2026-10-08T22:55:51.067689+00:00,78.00196936700013,loop1,0.9995392310011084,354304,0,43,0,0,0,0,0,0.0,0.0,0,
78,2026-10-08T22:55:51.067689+00:00,78.00196936700013,loop2,0.9995392310011084,1106944,0,51,0,0,0,0,0,0.0,0.0,0,
78,2026-10-08T22:55:51.067689+00:00,78.00196936700013,loop3,0.9995392310011084,1141760,0,66,0,0,0,0,0,0.0,0.0,0,
78,2026-10-08T22:55:51.067689+00:00,78.00196936700013,loop4,0.9995392310011084,374784,0,51,0,0,0,0,0,0.0,0.0,0,
78,2026-10-08T22:55:51.067689+00:00,78.00196936700013,loop5,0.9995392310011084,14336,0,11,0,0,0,0,0,0.0,0.0,0,
78,2026-10-08T22:55:51.067689+00:00,78.00196936700013,loop6,0.9995392310011084,0,0,0,0,0,0,0,0,0.0,0.0,0,
78,2026-10-08T22:55:51.067689+00:00,78.00196936700013,loop7,0.9995392310011084,0,0,0,0,0,0,0,0,0.0,0.0,0,
78,2026-10-08T22:55:51.067689+00:00,78.00196936700013,sr0,0.9995392310011084,1536,0,8,0,0,0,0,0,0.0,0.0,0,
78,2026-10-08T22:55:51.067689+00:00,78.00196936700013,sda,0.9995392310011084,315698688,24691245056,8097,116332,0,49885184,0,111,0.0,49908180.14220062,964,
78,2026-10-08T22:55:51.067689+00:00,78.00196936700013,sda1,0.9995392310011084,319488,0,78,0,0,0,0,0,0.0,0.0,0,
78,2026-10-08T22:55:51.067689+00:00,78.00196936700013,sda2,0.9995392310011084,285926400,421961728,6637,66813,0,0,0,0,0.0,0.0,0,
78,2026-10-08T22:55:51.067689+00:00,78.00196936700013,sda3,0.9995392310011084,5559296,118784,154,26,0,0,0,0,0.0,0.0,0,
78,2026-10-08T22:55:51.067689+00:00,78.00196936700013,sda4,0.9995392310011084,4657152,0,116,0,0,0,0,0,0.0,0.0,0,
78,2026-10-08T22:55:51.067689+00:00,78.00196936700013,sda5,0.9995392310011084,16782336,24269164544,977,49493,0,49885184,0,111,0.0,49908180.14220062,964,
79,2026-10-08T22:55:52.068809+00:00,79.00273119399935,loop0,1.001119969998399,2109440,0,219,0,0,0,0,0,0.0,0.0,0,
79,2026-10-08T22:55:52.068809+00:00,79.00273119399935,loop1,1.001119969998399,354304,0,43,0,0,0,0,0,0.0,0.0,0,
79,2026-10-08T22:55:52.068809+00:00,79.00273119399935,loop2,1.001119969998399,1106944,0,51,0,0,0,0,0,0.0,0.0,0,
79,2026-10-08T22:55:52.068809+00:00,79.00273119399935,loop3,1.001119969998399,1141760,0,66,0,0,0,0,0,0.0,0.0,0,
79,2026-10-08T22:55:52.068809+00:00,79.00273119399935,loop4,1.001119969998399,374784,0,51,0,0,0,0,0,0.0,0.0,0,
79,2026-10-08T22:55:52.068809+00:00,79.00273119399935,loop5,1.001119969998399,14336,0,11,0,0,0,0,0,0.0,0.0,0,
79,2026-10-08T22:55:52.068809+00:00,79.00273119399935,loop6,1.001119969998399,0,0,0,0,0,0,0,0,0.0,0.0,0,
79,2026-10-08T22:55:52.068809+00:00,79.00273119399935,loop7,1.001119969998399,0,0,0,0,0,0,0,0,0.0,0.0,0,
79,2026-10-08T22:55:52.068809+00:00,79.00273119399935,sr0,1.001119969998399,1536,0,8,0,0,0,0,0,0.0,0.0,0,
79,2026-10-08T22:55:52.068809+00:00,79.00273119399935,sda,1.001119969998399,315698688,24741642240,8097,116437,0,50397184,0,105,0.0,50340803.810037464,900,
79,2026-10-08T22:55:52.068809+00:00,79.00273119399935,sda1,1.001119969998399,319488,0,78,0,0,0,0,0,0.0,0.0,0,
79,2026-10-08T22:55:52.068809+00:00,79.00273119399935,sda2,1.001119969998399,285926400,421961728,6637,66813,0,0,0,0,0.0,0.0,0,
79,2026-10-08T22:55:52.068809+00:00,79.00273119399935,sda3,1.001119969998399,5559296,118784,154,26,0,0,0,0,0.0,0.0,0,
79,2026-10-08T22:55:52.068809+00:00,79.00273119399935,sda4,1.001119969998399,4657152,0,116,0,0,0,0,0,0.0,0.0,0,
79,2026-10-08T22:55:52.068809+00:00,79.00273119399935,sda5,1.001119969998399,16782336,24319561728,977,49598,0,50397184,0,105,0.0,50340803.810037464,900,
80,2026-10-08T22:55:53.067262+00:00,80.00156022699957,loop0,0.998453257001529,2109440,0,219,0,0,0,0,0,0.0,0.0,0,
80,2026-10-08T22:55:53.067262+00:00,80.00156022699957,loop1,0.998453257001529,354304,0,43,0,0,0,0,0,0.0,0.0,0,
80,2026-10-08T22:55:53.067262+00:00,80.00156022699957,loop2,0.998453257001529,1106944,0,51,0,0,0,0,0,0.0,0.0,0,
80,2026-10-08T22:55:53.067262+00:00,80.00156022699957,loop3,0.998453257001529,1141760,0,66,0,0,0,0,0,0.0,0.0,0,
80,2026-10-08T22:55:53.067262+00:00,80.00156022699957,loop4,0.998453257001529,374784,0,51,0,0,0,0,0,0.0,0.0,0,
80,2026-10-08T22:55:53.067262+00:00,80.00156022699957,loop5,0.998453257001529,14336,0,11,0,0,0,0,0,0.0,0.0,0,
80,2026-10-08T22:55:53.067262+00:00,80.00156022699957,loop6,0.998453257001529,0,0,0,0,0,0,0,0,0.0,0.0,0,
80,2026-10-08T22:55:53.067262+00:00,80.00156022699957,loop7,0.998453257001529,0,0,0,0,0,0,0,0,0.0,0.0,0,
80,2026-10-08T22:55:53.067262+00:00,80.00156022699957,sr0,0.998453257001529,1536,0,8,0,0,0,0,0,0.0,0.0,0,
80,2026-10-08T22:55:53.067262+00:00,80.00156022699957,sda,0.998453257001529,315698688,24796176384,8097,116548,0,54534144,0,111,0.0,54618624.97576738,1020,
80,2026-10-08T22:55:53.067262+00:00,80.00156022699957,sda1,0.998453257001529,319488,0,78,0,0,0,0,0,0.0,0.0,0,
80,2026-10-08T22:55:53.067262+00:00,80.00156022699957,sda2,0.998453257001529,285926400,421961728,6637,66813,0,0,0,0,0.0,0.0,0,
80,2026-10-08T22:55:53.067262+00:00,80.00156022699957,sda3,0.998453257001529,5559296,118784,154,26,0,0,0,0,0.0,0.0,0,
80,2026-10-08T22:55:53.067262+00:00,80.00156022699957,sda4,0.998453257001529,4657152,0,116,0,0,0,0,0,0.0,0.0,0,
80,2026-10-08T22:55:53.067262+00:00,80.00156022699957,sda5,0.998453257001529,16782336,24374095872,977,49709,0,54534144,0,111,0.0,54618624.97576738,1020,
81,2026-10-08T22:55:54.069357+00:00,81.00181632100066,loop0,1.0020947459997842,2109440,0,219,0,0,0,0,0,0.0,0.0,0,
81,2026-10-08T22:55:54.069357+00:00,81.00181632100066,loop1,1.0020947459997842,354304,0,43,0,0,0,0,0,0.0,0.0,0,
81,2026-10-08T22:55:54.069357+00:00,81.00181632100066,loop2,1.0020947459997842,1106944,0,51,0,0,0,0,0,0.0,0.0,0,
81,2026-10-08T22:55:54.069357+00:00,81.00181632100066,loop3,1.0020947459997842,1141760,0,66,0,0,0,0,0,0.0,0.0,0,
81,2026-10-08T22:55:54.069357+00:00,81.00181632100066,loop4,1.0020947459997842,374784,0,51,0,0,0,0,0,0.0,0.0,0,
81,2026-10-08T22:55:54.069357+00:00,81.00181632100066,loop5,1.0020947459997842,14336,0,11,0,0,0,0,0,0.0,0.0,0,
81,2026-10-08T22:55:54.069357+00:00,81.00181632100066,loop6,1.0020947459997842,0,0,0,0,0,0,0,0,0.0,0.0,0,
81,2026-10-08T22:55:54.069357+00:00,81.00181632100066,loop7,1.0020947459997842,0,0,0,0,0,0,0,0,0.0,0.0,0,
81,2026-10-08T22:55:54.069357+00:00,81.00181632100066,sr0,1.0020947459997842,1536,0,8,0,0,0,0,0,0.0,0.0,0,
81,2026-10-08T22:55:54.069357+00:00,81.00181632100066,sda,1.0020947459997842,315698688,24851996672,8097,116663,0,55820288,0,115,0.0,55703603.10023222,964,
81,2026-10-08T22:55:54.069357+00:00,81.00181632100066,sda1,1.0020947459997842,319488,0,78,0,0,0,0,0,0.0,0.0,0,
81,2026-10-08T22:55:54.069357+00:00,81.00181632100066,sda2,1.0020947459997842,285926400,421961728,6637,66813,0,0,0,0,0.0,0.0,0,
81,2026-10-08T22:55:54.069357+00:00,81.00181632100066,sda3,1.0020947459997842,5559296,118784,154,26,0,0,0,0,0.0,0.0,0,
81,2026-10-08T22:55:54.069357+00:00,81.00181632100066,sda4,1.0020947459997842,4657152,0,116,0,0,0,0,0,0.0,0.0,0,
81,2026-10-08T22:55:54.069357+00:00,81.00181632100066,sda5,1.0020947459997842,16782336,24429916160,977,49824,0,55820288,0,115,0.0,55703603.10023222,964,
82,2026-10-08T22:55:55.071136+00:00,82.00541924299978,loop0,1.0017793930001062,2109440,0,219,0,0,0,0,0,0.0,0.0,0,
82,2026-10-08T22:55:55.071136+00:00,82.00541924299978,loop1,1.0017793930001062,354304,0,43,0,0,0,0,0,0.0,0.0,0,
82,2026-10-08T22:55:55.071136+00:00,82.00541924299978,loop2,1.0017793930001062,1106944,0,51,0,0,0,0,0,0.0,0.0,0,
82,2026-10-08T22:55:55.071136+00:00,82.00541924299978,loop3,1.0017793930001062,1141760,0,66,0,0,0,0,0,0.0,0.0,0,
82,2026-10-08T22:55:55.071136+00:00,82.00541924299978,loop4,1.0017793930001062,374784,0,51,0,0,0,0,0,0.0,0.0,0,
82,2026-10-08T22:55:55.071136+00:00,82.00541924299978,loop5,1.0017793930001062,14336,0,11,0,0,0,0,0,0.0,0.0,0,
82,2026-10-08T22:55:55.071136+00:00,82.00541924299978,loop6,1.0017793930001062,0,0,0,0,0,0,0,0,0.0,0.0,0,
82,2026-10-08T22:55:55.071136+00:00,82.00541924299978,loop7,1.0017793930001062,0,0,0,0,0,0,0,0,0.0,0.0,0,
82,2026-10-08T22:55:55.071136+00:00,82.00541924299978,sr0,1.0017793930001062,1536,0,8,0,0,0,0,0,0.0,0.0,0,
82,2026-10-08T22:55:55.071136+00:00,82.00541924299978,sda,1.0017793930001062,315698688,24909717504,8097,116760,0,57720832,0,97,0.0,57618306.388933554,920,
82,2026-10-08T22:55:55.071136+00:00,82.00541924299978,sda1,1.0017793930001062,319488,0,78,0,0,0,0,0,0.0,0.0,0,
82,2026-10-08T22:55:55.071136+00:00,82.00541924299978,sda2,1.0017793930001062,285926400,421961728,6637,66813,0,0,0,0,0.0,0.0,0,
82,2026-10-08T22:55:55.071136+00:00,82.00541924299978,sda3,1.0017793930001062,5559296,118784,154,26,0,0,0,0,0.0,0.0,0,
82,2026-10-08T22:55:55.071136+00:00,82.00541924299978,sda4,1.0017793930001062,4657152,0,116,0,0,0,0,0,0.0,0.0,0,
82,2026-10-08T22:55:55.071136+00:00,82.00541924299978,sda5,1.0017793930001062,16782336,24487636992,977,49921,0,57720832,0,97,0.0,57618306.388933554,920,
83,2026-10-08T22:55:56.067264+00:00,83.00125966800078,loop0,0.9961281069990946,2109440,0,219,0,0,0,0,0,0.0,0.0,0,
83,2026-10-08T22:55:56.067264+00:00,83.00125966800078,loop1,0.9961281069990946,354304,0,43,0,0,0,0,0,0.0,0.0,0,
83,2026-10-08T22:55:56.067264+00:00,83.00125966800078,loop2,0.9961281069990946,1106944,0,51,0,0,0,0,0,0.0,0.0,0,
83,2026-10-08T22:55:56.067264+00:00,83.00125966800078,loop3,0.9961281069990946,1141760,0,66,0,0,0,0,0,0.0,0.0,0,
83,2026-10-08T22:55:56.067264+00:00,83.00125966800078,loop4,0.9961281069990946,374784,0,51,0,0,0,0,0,0.0,0.0,0,
83,2026-10-08T22:55:56.067264+00:00,83.00125966800078,loop5,0.9961281069990946,14336,0,11,0,0,0,0,0,0.0,0.0,0,
83,2026-10-08T22:55:56.067264+00:00,83.00125966800078,loop6,0.9961281069990946,0,0,0,0,0,0,0,0,0.0,0.0,0,
83,2026-10-08T22:55:56.067264+00:00,83.00125966800078,loop7,0.9961281069990946,0,0,0,0,0,0,0,0,0.0,0.0,0,
83,2026-10-08T22:55:56.067264+00:00,83.00125966800078,sr0,0.9961281069990946,1536,0,8,0,0,0,0,0,0.0,0.0,0,
83,2026-10-08T22:55:56.067264+00:00,83.00125966800078,sda,0.9961281069990946,315698688,24964194304,8097,116864,0,54476800,0,104,0.0,54688548.20703249,964,
83,2026-10-08T22:55:56.067264+00:00,83.00125966800078,sda1,0.9961281069990946,319488,0,78,0,0,0,0,0,0.0,0.0,0,
83,2026-10-08T22:55:56.067264+00:00,83.00125966800078,sda2,0.9961281069990946,285926400,421961728,6637,66813,0,0,0,0,0.0,0.0,0,
83,2026-10-08T22:55:56.067264+00:00,83.00125966800078,sda3,0.9961281069990946,5559296,118784,154,26,0,0,0,0,0.0,0.0,0,
83,2026-10-08T22:55:56.067264+00:00,83.00125966800078,sda4,0.9961281069990946,4657152,0,116,0,0,0,0,0,0.0,0.0,0,
83,2026-10-08T22:55:56.067264+00:00,83.00125966800078,sda5,0.9961281069990946,16782336,24542113792,977,50025,0,54476800,0,104,0.0,54688548.20703249,964,
84,2026-10-08T22:55:57.073934+00:00,84.00851118799983,loop0,1.006669882001006,2109440,0,219,0,0,0,0,0,0.0,0.0,0,
84,2026-10-08T22:55:57.073934+00:00,84.00851118799983,loop1,1.006669882001006,354304,0,43,0,0,0,0,0,0.0,0.0,0,
84,2026-10-08T22:55:57.073934+00:00,84.00851118799983,loop2,1.006669882001006,1106944,0,51,0,0,0,0,0,0.0,0.0,0,
84,2026-10-08T22:55:57.073934+00:00,84.00851118799983,loop3,1.006669882001006,1141760,0,66,0,0,0,0,0,0.0,0.0,0,
84,2026-10-08T22:55:57.073934+00:00,84.00851118799983,loop4,1.006669882001006,374784,0,51,0,0,0,0,0,0.0,0.0,0,
84,2026-10-08T22:55:57.073934+00:00,84.00851118799983,loop5,1.006669882001006,14336,0,11,0,0,0,0,0,0.0,0.0,0,
84,2026-10-08T22:55:57.073934+00:00,84.00851118799983,loop6,1.006669882001006,0,0,0,0,0,0,0,0,0.0,0.0,0,
84,2026-10-08T22:55:57.073934+00:00,84.00851118799983,loop7,1.006669882001006,0,0,0,0,0,0,0,0,0.0,0.0,0,
84,2026-10-08T22:55:57.073934+00:00,84.00851118799983,sr0,1.006669882001006,1536,0,8,0,0,0,0,0,0.0,0.0,0,
84,2026-10-08T22:55:57.073934+00:00,84.00851118799983,sda,1.006669882001006,315698688,25009987584,8097,116962,0,45793280,0,98,0.0,45489867.94854188,912,
84,2026-10-08T22:55:57.073934+00:00,84.00851118799983,sda1,1.006669882001006,319488,0,78,0,0,0,0,0,0.0,0.0,0,
84,2026-10-08T22:55:57.073934+00:00,84.00851118799983,sda2,1.006669882001006,285926400,421961728,6637,66813,0,0,0,0,0.0,0.0,0,
84,2026-10-08T22:55:57.073934+00:00,84.00851118799983,sda3,1.006669882001006,5559296,118784,154,26,0,0,0,0,0.0,0.0,0,
84,2026-10-08T22:55:57.073934+00:00,84.00851118799983,sda4,1.006669882001006,4657152,0,116,0,0,0,0,0,0.0,0.0,0,
84,2026-10-08T22:55:57.073934+00:00,84.00851118799983,sda5,1.006669882001006,16782336,24587907072,977,50123,0,45793280,0,98,0.0,45489867.94854188,912,
85,2026-10-08T22:55:58.068135+00:00,85.00243534199944,loop0,0.9942004469994572,2109440,0,219,0,0,0,0,0,0.0,0.0,0,
85,2026-10-08T22:55:58.068135+00:00,85.00243534199944,loop1,0.9942004469994572,354304,0,43,0,0,0,0,0,0.0,0.0,0,
85,2026-10-08T22:55:58.068135+00:00,85.00243534199944,loop2,0.9942004469994572,1106944,0,51,0,0,0,0,0,0.0,0.0,0,
85,2026-10-08T22:55:58.068135+00:00,85.00243534199944,loop3,0.9942004469994572,1141760,0,66,0,0,0,0,0,0.0,0.0,0,
85,2026-10-08T22:55:58.068135+00:00,85.00243534199944,loop4,0.9942004469994572,374784,0,51,0,0,0,0,0,0.0,0.0,0,
85,2026-10-08T22:55:58.068135+00:00,85.00243534199944,loop5,0.9942004469994572,14336,0,11,0,0,0,0,0,0.0,0.0,0,
85,2026-10-08T22:55:58.068135+00:00,85.00243534199944,loop6,0.9942004469994572,0,0,0,0,0,0,0,0,0.0,0.0,0,
85,2026-10-08T22:55:58.068135+00:00,85.00243534199944,loop7,0.9942004469994572,0,0,0,0,0,0,0,0,0.0,0.0,0,
85,2026-10-08T22:55:58.068135+00:00,85.00243534199944,sr0,0.9942004469994572,1536,0,8,0,0,0,0,0,0.0,0.0,0,
85,2026-10-08T22:55:58.068135+00:00,85.00243534199944,sda,0.9942004469994572,315698688,25062625280,8097,117070,0,52637696,0,108,0.0,52944751.89471398,1004,
85,2026-10-08T22:55:58.068135+00:00,85.00243534199944,sda1,0.9942004469994572,319488,0,78,0,0,0,0,0,0.0,0.0,0,
85,2026-10-08T22:55:58.068135+00:00,85.00243534199944,sda2,0.9942004469994572,285926400,421961728,6637,66813,0,0,0,0,0.0,0.0,0,
85,2026-10-08T22:55:58.068135+00:00,85.00243534199944,sda3,0.9942004469994572,5559296,118784,154,26,0,0,0,0,0.0,0.0,0,
85,2026-10-08T22:55:58.068135+00:00,85.00243534199944,sda4,0.9942004469994572,4657152,0,116,0,0,0,0,0,0.0,0.0,0,
85,2026-10-08T22:55:58.068135+00:00,85.00243534199944,sda5,0.9942004469994572,16782336,24640544768,977,50231,0,52637696,0,108,0.0,52944751.89471398,1004,
86,2026-10-08T22:55:59.068698+00:00,86.00228800699915,loop0,1.0005638179991365,2109440,0,219,0,0,0,0,0,0.0,0.0,0,
86,2026-10-08T22:55:59.068698+00:00,86.00228800699915,loop1,1.0005638179991365,354304,0,43,0,0,0,0,0,0.0,0.0,0,
86,2026-10-08T22:55:59.068698+00:00,86.00228800699915,loop2,1.0005638179991365,1106944,0,51,0,0,0,0,0,0.0,0.0,0,
86,2026-10-08T22:55:59.068698+00:00,86.00228800699915,loop3,1.0005638179991365,1141760,0,66,0,0,0,0,0,0.0,0.0,0,
86,2026-10-08T22:55:59.068698+00:00,86.00228800699915,loop4,1.0005638179991365,374784,0,51,0,0,0,0,0,0.0,0.0,0,
86,2026-10-08T22:55:59.068698+00:00,86.00228800699915,loop5,1.0005638179991365,14336,0,11,0,0,0,0,0,0.0,0.0,0,
86,2026-10-08T22:55:59.068698+00:00,86.00228800699915,loop6,1.0005638179991365,0,0,0,0,0,0,0,0,0.0,0.0,0,
86,2026-10-08T22:55:59.068698+00:00,86.00228800699915,loop7,1.0005638179991365,0,0,0,0,0,0,0,0,0.0,0.0,0,
86,2026-10-08T22:55:59.068698+00:00,86.00228800699915,sr0,1.0005638179991365,1536,0,8,0,0,0,0,0,0.0,0.0,0,
86,2026-10-08T22:55:59.068698+00:00,86.00228800699915,sda,1.0005638179991365,315698688,25115262976,8097,117166,0,52637696,0,96,0.0,52608034.643168986,976,
86,2026-10-08T22:55:59.068698+00:00,86.00228800699915,sda1,1.0005638179991365,319488,0,78,0,0,0,0,0,0.0,0.0,0,
86,2026-10-08T22:55:59.068698+00:00,86.00228800699915,sda2,1.0005638179991365,285926400,421961728,6637,66813,0,0,0,0,0.0,0.0,0,
86,2026-10-08T22:55:59.068698+00:00,86.00228800699915,sda3,1.0005638179991365,5559296,118784,154,26,0,0,0,0,0.0,0.0,0,
86,2026-10-08T22:55:59.068698+00:00,86.00228800699915,sda4,1.0005638179991365,4657152,0,116,0,0,0,0,0,0.0,0.0,0,
86,2026-10-08T22:55:59.068698+00:00,86.00228800699915,sda5,1.0005638179991365,16782336,24693182464,977,50327,0,52637696,0,96,0.0,52608034.643168986,976,
87,2026-10-08T22:56:00.068619+00:00,87.0026256580004,loop0,0.9999202540002443,2109440,0,219,0,0,0,0,0,0.0,0.0,0,
87,2026-10-08T22:56:00.068619+00:00,87.0026256580004,loop1,0.9999202540002443,354304,0,43,0,0,0,0,0,0.0,0.0,0,
87,2026-10-08T22:56:00.068619+00:00,87.0026256580004,loop2,0.9999202540002443,1106944,0,51,0,0,0,0,0,0.0,0.0,0,
87,2026-10-08T22:56:00.068619+00:00,87.0026256580004,loop3,0.9999202540002443,1141760,0,66,0,0,0,0,0,0.0,0.0,0,
87,2026-10-08T22:56:00.068619+00:00,87.0026256580004,loop4,0.9999202540002443,374784,0,51,0,0,0,0,0,0.0,0.0,0,
87,2026-10-08T22:56:00.068619+00:00,87.0026256580004,loop5,0.9999202540002443,14336,0,11,0,0,0,0,0,0.0,0.0,0,
87,2026-10-08T22:56:00.068619+00:00,87.0026256580004,loop6,0.9999202540002443,0,0,0,0,0,0,0,0,0.0,0.0,0,
87,2026-10-08T22:56:00.068619+00:00,87.0026256580004,loop7,0.9999202540002443,0,0,0,0,0,0,0,0,0.0,0.0,0,
87,2026-10-08T22:56:00.068619+00:00,87.0026256580004,sr0,0.9999202540002443,1536,0,8,0,0,0,0,0,0.0,0.0,0,
87,2026-10-08T22:56:00.068619+00:00,87.0026256580004,sda,0.9999202540002443,315698688,25167925248,8097,117260,0,52662272,0,94,0.0,52666471.9404585,876,
87,2026-10-08T22:56:00.068619+00:00,87.0026256580004,sda1,0.9999202540002443,319488,0,78,0,0,0,0,0,0.0,0.0,0,
87,2026-10-08T22:56:00.068619+00:00,87.0026256580004,sda2,0.9999202540002443,285926400,421986304,6637,66818,0,24576,0,5,0.0,24577.959993991677,64,
87,2026-10-08T22:56:00.068619+00:00,87.0026256580004,sda3,0.9999202540002443,5559296,118784,154,26,0,0,0,0,0.0,0.0,0,
87,2026-10-08T22:56:00.068619+00:00,87.0026256580004,sda4,0.9999202540002443,4657152,0,116,0,0,0,0,0,0.0,0.0,0,
87,2026-10-08T22:56:00.068619+00:00,87.0026256580004,sda5,0.9999202540002443,16782336,24745820160,977,50416,0,52637696,0,89,0.0,52641893.9804645,936,
88,2026-10-08T22:56:01.067716+00:00,88.00211174600008,loop0,0.999097277999681,2109440,0,219,0,0,0,0,0,0.0,0.0,0,
88,2026-10-08T22:56:01.067716+00:00,88.00211174600008,loop1,0.999097277999681,354304,0,43,0,0,0,0,0,0.0,0.0,0,
88,2026-10-08T22:56:01.067716+00:00,88.00211174600008,loop2,0.999097277999681,1106944,0,51,0,0,0,0,0,0.0,0.0,0,
88,2026-10-08T22:56:01.067716+00:00,88.00211174600008,loop3,0.999097277999681,1141760,0,66,0,0,0,0,0,0.0,0.0,0,
88,2026-10-08T22:56:01.067716+00:00,88.00211174600008,loop4,0.999097277999681,374784,0,51,0,0,0,0,0,0.0,0.0,0,
88,2026-10-08T22:56:01.067716+00:00,88.00211174600008,loop5,0.999097277999681,14336,0,11,0,0,0,0,0,0.0,0.0,0,
88,2026-10-08T22:56:01.067716+00:00,88.00211174600008,loop6,0.999097277999681,0,0,0,0,0,0,0,0,0.0,0.0,0,
88,2026-10-08T22:56:01.067716+00:00,88.00211174600008,loop7,0.999097277999681,0,0,0,0,0,0,0,0,0.0,0.0,0,
88,2026-10-08T22:56:01.067716+00:00,88.00211174600008,sr0,0.999097277999681,1536,0,8,0,0,0,0,0,0.0,0.0,0,
88,2026-10-08T22:56:01.067716+00:00,88.00211174600008,sda,0.999097277999681,315698688,25220562944,8097,117362,0,52637696,0,102,0.0,52685256.13980985,960,
88,2026-10-08T22:56:01.067716+00:00,88.00211174600008,sda1,0.999097277999681,319488,0,78,0,0,0,0,0,0.0,0.0,0,
88,2026-10-08T22:56:01.067716+00:00,88.00211174600008,sda2,0.999097277999681,285926400,421986304,6637,66818,0,0,0,0,0.0,0.0,0,
88,2026-10-08T22:56:01.067716+00:00,88.00211174600008,sda3,0.999097277999681,5559296,118784,154,26,0,0,0,0,0.0,0.0,0,
88,2026-10-08T22:56:01.067716+00:00,88.00211174600008,sda4,0.999097277999681,4657152,0,116,0,0,0,0,0,0.0,0.0,0,
88,2026-10-08T22:56:01.067716+00:00,88.00211174600008,sda5,0.999097277999681,16782336,24798457856,977,50518,0,52637696,0,102,0.0,52685256.13980985,960,
89,2026-10-08T22:56:02.066642+00:00,89.00065186000029,loop0,0.9989264160012681,2109440,0,219,0,0,0,0,0,0.0,0.0,0,
89,2026-10-08T22:56:02.066642+00:00,89.00065186000029,loop1,0.9989264160012681,354304,0,43,0,0,0,0,0,0.0,0.0,0,
89,2026-10-08T22:56:02.066642+00:00,89.00065186000029,loop2,0.9989264160012681,1106944,0,51,0,0,0,0,0,0.0,0.0,0,
89,2026-10-08T22:56:02.066642+00:00,89.00065186000029,loop3,0.9989264160012681,1141760,0,66,0,0,0,0,0,0.0,0.0,0,
89,2026-10-08T22:56:02.066642+00:00,89.00065186000029,loop4,0.9989264160012681,374784,0,51,0,0,0,0,0,0.0,0.0,0,
89,2026-10-08T22:56:02.066642+00:00,89.00065186000029,loop5,0.9989264160012681,14336,0,11,0,0,0,0,0,0.0,0.0,0,
89,2026-10-08T22:56:02.066642+00:00,89.00065186000029,loop6,0.9989264160012681,0,0,0,0,0,0,0,0,0.0,0.0,0,
89,2026-10-08T22:56:02.066642+00:00,89.00065186000029,loop7,0.9989264160012681,0,0,0,0,0,0,0,0,0.0,0.0,0,
89,2026-10-08T22:56:02.066642+00:00,89.00065186000029,sr0,0.9989264160012681,1536,0,8,0,0,0,0,0,0.0,0.0,0,
89,2026-10-08T22:56:02.066642+00:00,89.00065186000029,sda,0.9989264160012681,315698688,25270050816,8097,117464,0,49487872,0,102,0.0,49541058.487672605,872,
89,2026-10-08T22:56:02.066642+00:00,89.00065186000029,sda1,0.9989264160012681,319488,0,78,0,0,0,0,0,0.0,0.0,0,
89,2026-10-08T22:56:02.066642+00:00,89.00065186000029,sda2,0.9989264160012681,285926400,421994496,6637,66820,0,8192,0,2,0.0,8200.804252221918,4,
89,2026-10-08T22:56:02.066642+00:00,89.00065186000029,sda3,0.9989264160012681,5559296,118784,154,26,0,0,0,0,0.0,0.0,0,
89,2026-10-08T22:56:02.066642+00:00,89.00065186000029,sda4,0.9989264160012681,4657152,0,116,0,0,0,0,0,0.0,0.0,0,
89,2026-10-08T22:56:02.066642+00:00,89.00065186000029,sda5,0.9989264160012681,16782336,24847937536,977,50618,0,49479680,0,100,0.0,49532857.68342038,872,
90,2026-10-08T22:56:03.069069+00:00,90.00314791799974,loop0,1.0024267150001833,2109440,0,219,0,0,0,0,0,0.0,0.0,0,
90,2026-10-08T22:56:03.069069+00:00,90.00314791799974,loop1,1.0024267150001833,354304,0,43,0,0,0,0,0,0.0,0.0,0,
90,2026-10-08T22:56:03.069069+00:00,90.00314791799974,loop2,1.0024267150001833,1106944,0,51,0,0,0,0,0,0.0,0.0,0,
90,2026-10-08T22:56:03.069069+00:00,90.00314791799974,loop3,1.0024267150001833,1141760,0,66,0,0,0,0,0,0.0,0.0,0,
90,2026-10-08T22:56:03.069069+00:00,90.00314791799974,loop4,1.0024267150001833,374784,0,51,0,0,0,0,0,0.0,0.0,0,
90,2026-10-08T22:56:03.069069+00:00,90.00314791799974,loop5,1.0024267150001833,14336,0,11,0,0,0,0,0,0.0,0.0,0,
90,2026-10-08T22:56:03.069069+00:00,90.00314791799974,loop6,1.0024267150001833,0,0,0,0,0,0,0,0,0.0,0.0,0,
90,2026-10-08T22:56:03.069069+00:00,90.00314791799974,loop7,1.0024267150001833,0,0,0,0,0,0,0,0,0.0,0.0,0,
90,2026-10-08T22:56:03.069069+00:00,90.00314791799974,sr0,1.0024267150001833,1536,0,8,0,0,0,0,0,0.0,0.0,0,
90,2026-10-08T22:56:03.069069+00:00,90.00314791799974,sda,1.0024267150001833,315698688,25315344384,8097,117554,0,45293568,0,90,0.0,45183919.504770696,956,
90,2026-10-08T22:56:03.069069+00:00,90.00314791799974,sda1,1.0024267150001833,319488,0,78,0,0,0,0,0,0.0,0.0,0,
90,2026-10-08T22:56:03.069069+00:00,90.00314791799974,sda2,1.0024267150001833,285926400,421994496,6637,66820,0,0,0,0,0.0,0.0,0,
90,2026-10-08T22:56:03.069069+00:00,90.00314791799974,sda3,1.0024267150001833,5559296,118784,154,26,0,0,0,0,0.0,0.0,0,
90,2026-10-08T22:56:03.069069+00:00,90.00314791799974,sda4,1.0024267150001833,4657152,0,116,0,0,0,0,0,0.0,0.0,0,
90,2026-10-08T22:56:03.069069+00:00,90.00314791799974,sda5,1.0024267150001833,16782336,24893231104,977,50708,0,45293568,0,90,0.0,45183919.504770696,956,
91,2026-10-08T22:56:04.066778+00:00,91.00126237699988,loop0,0.997709073999431,2109440,0,219,0,0,0,0,0,0.0,0.0,0,
91,2026-10-08T22:56:04.066778+00:00,91.00126237699988,loop1,0.997709073999431,354304,0,43,0,0,0,0,0,0.0,0.0,0,
91,2026-10-08T22:56:04.066778+00:00,91.00126237699988,loop2,0.997709073999431,1106944,0,51,0,0,0,0,0,0.0,0.0,0,
91,2026-10-08T22:56:04.066778+00:00,91.00126237699988,loop3,0.997709073999431,1141760,0,66,0,0,0,0,0,0.0,0.0,0,
91,2026-10-08T22:56:04.066778+00:00,91.00126237699988,loop4,0.997709073999431,374784,0,51,0,0,0,0,0,0.0,0.0,0,
91,2026-10-08T22:56:04.066778+00:00,91.00126237699988,loop5,0.997709073999431,14336,0,11,0,0,0,0,0,0.0,0.0,0,
91,2026-10-08T22:56:04.066778+00:00,91.00126237699988,loop6,0.997709073999431,0,0,0,0,0,0,0,0,0.0,0.0,0,
91,2026-10-08T22:56:04.066778+00:00,91.00126237699988,loop7,0.997709073999431,0,0,0,0,0,0,0,0,0.0,0.0,0,
91,2026-10-08T22:56:04.066778+00:00,91.00126237699988,sr0,0.997709073999431,1536,0,8,0,0,0,0,0,0.0,0.0,0,
91,2026-10-08T22:56:04.066778+00:00,91.00126237699988,sda,0.997709073999431,315698688,25365499904,8097,117653,0,50155520,0,99,0.0,50270686.42259197,920,
91,2026-10-08T22:56:04.066778+00:00,91.00126237699988,sda1,0.997709073999431,319488,0,78,0,0,0,0,0,0.0,0.0,0,
91,2026-10-08T22:56:04.066778+00:00,91.00126237699988,sda2,0.997709073999431,285926400,421994496,6637,66820,0,0,0,0,0.0,0.0,0,
91,2026-10-08T22:56:04.066778+00:00,91.00126237699988,sda3,0.997709073999431,5559296,118784,154,26,0,0,0,0,0.0,0.0,0,
91,2026-10-08T22:56:04.066778+00:00,91.00126237699988,sda4,0.997709073999431,4657152,0,116,0,0,0,0,0,0.0,0.0,0,
91,2026-10-08T22:56:04.066778+00:00,91.00126237699988,sda5,0.997709073999431,16782336,24943386624,977,50807,0,50155520,0,99,0.0,50270686.42259197,920,
92,2026-10-08T22:56:05.067389+00:00,92.00160895199951,loop0,1.0006110319991421,2109440,0,219,0,0,0,0,0,0.0,0.0,0,
92,2026-10-08T22:56:05.067389+00:00,92.00160895199951,loop1,1.0006110319991421,354304,0,43,0,0,0,0,0,0.0,0.0,0,
92,2026-10-08T22:56:05.067389+00:00,92.00160895199951,loop2,1.0006110319991421,1106944,0,51,0,0,0,0,0,0.0,0.0,0,
92,2026-10-08T22:56:05.067389+00:00,92.00160895199951,loop3,1.0006110319991421,1141760,0,66,0,0,0,0,0,0.0,0.0,0,
92,2026-10-08T22:56:05.067389+00:00,92.00160895199951,loop4,1.0006110319991421,374784,0,51,0,0,0,0,0,0.0,0.0,0,
92,2026-10-08T22:56:05.067389+00:00,92.00160895199951,loop5,1.0006110319991421,14336,0,11,0,0,0,0,0,0.0,0.0,0,
92,2026-10-08T22:56:05.067389+00:00,92.00160895199951,loop6,1.0006110319991421,0,0,0,0,0,0,0,0,0.0,0.0,0,
92,2026-10-08T22:56:05.067389+00:00,92.00160895199951,loop7,1.0006110319991421,0,0,0,0,0,0,0,0,0.0,0.0,0,
92,2026-10-08T22:56:05.067389+00:00,92.00160895199951,sr0,1.0006110319991421,1536,0,8,0,0,0,0,0,0.0,0.0,0,
92,2026-10-08T22:56:05.067389+00:00,92.00160895199951,sda,1.0006110319991421,315698688,25418510336,8097,117757,0,53010432,0,104,0.0,52978060.70965391,956,
92,2026-10-08T22:56:05.067389+00:00,92.00160895199951,sda1,1.0006110319991421,319488,0,78,0,0,0,0,0,0.0,0.0,0,
92,2026-10-08T22:56:05.067389+00:00,92.00160895199951,sda2,1.0006110319991421,285926400,421994496,6637,66820,0,0,0,0,0.0,0.0,0,
92,2026-10-08T22:56:05.067389+00:00,92.00160895199951,sda3,1.0006110319991421,5559296,118784,154,26,0,0,0,0,0.0,0.0,0,
92,2026-10-08T22:56:05.067389+00:00,92.00160895199951,sda4,1.0006110319991421,4657152,0,116,0,0,0,0,0,0.0,0.0,0,
92,2026-10-08T22:56:05.067389+00:00,92.00160895199951,sda5,1.0006110319991421,16782336,24996397056,977,50911,0,53010432,0,104,0.0,52978060.70965391,956,
93,2026-10-08T22:56:06.066921+00:00,93.0011342960006,loop0,0.9995314610005153,2109440,0,219,0,0,0,0,0,0.0,0.0,0,
93,2026-10-08T22:56:06.066921+00:00,93.0011342960006,loop1,0.9995314610005153,354304,0,43,0,0,0,0,0,0.0,0.0,0,
93,2026-10-08T22:56:06.066921+00:00,93.0011342960006,loop2,0.9995314610005153,1106944,0,51,0,0,0,0,0,0.0,0.0,0,
93,2026-10-08T22:56:06.066921+00:00,93.0011342960006,loop3,0.9995314610005153,1141760,0,66,0,0,0,0,0,0.0,0.0,0,
93,2026-10-08T22:56:06.066921+00:00,93.0011342960006,loop4,0.9995314610005153,374784,0,51,0,0,0,0,0,0.0,0.0,0,
93,2026-10-08T22:56:06.066921+00:00,93.0011342960006,loop5,0.9995314610005153,14336,0,11,0,0,0,0,0,0.0,0.0,0,
93,2026-10-08T22:56:06.066921+00:00,93.0011342960006,loop6,0.9995314610005153,0,0,0,0,0,0,0,0,0.0,0.0,0,
93,2026-10-08T22:56:06.066921+00:00,93.0011342960006,loop7,0.9995314610005153,0,0,0,0,0,0,0,0,0.0,0.0,0,
93,2026-10-08T22:56:06.066921+00:00,93.0011342960006,sr0,0.9995314610005153,1536,0,8,0,0,0,0,0,0.0,0.0,0,
93,2026-10-08T22:56:06.066921+00:00,93.0011342960006,sda,0.9995314610005153,315698688,25470275584,8097,117845,0,51765248,0,88,0.0,51789513.40679542,1000,
93,2026-10-08T22:56:06.066921+00:00,93.0011342960006,sda1,0.9995314610005153,319488,0,78,0,0,0,0,0,0.0,0.0,0,
93,2026-10-08T22:56:06.066921+00:00,93.0011342960006,sda2,0.9995314610005153,285926400,421994496,6637,66820,0,0,0,0,0.0,0.0,0,
93,2026-10-08T22:56:06.066921+00:00,93.0011342960006,sda3,0.9995314610005153,5559296,118784,154,26,0,0,0,0,0.0,0.0,0,
93,2026-10-08T22:56:06.066921+00:00,93.0011342960006,sda4,0.9995314610005153,4657152,0,116,0,0,0,0,0,0.0,0.0,0,
93,2026-10-08T22:56:06.066921+00:00,93.0011342960006,sda5,0.9995314610005153,16782336,25048162304,977,50999,0,51765248,0,88,0.0,51789513.40679542,1000,
94,2026-10-08T22:56:07.067542+00:00,94.00129895899954,loop0,1.000620823000645,2109440,0,219,0,0,0,0,0,0.0,0.0,0,
94,2026-10-08T22:56:07.067542+00:00,94.00129895899954,loop1,1.000620823000645,354304,0,43,0,0,0,0,0,0.0,0.0,0,
94,2026-10-08T22:56:07.067542+00:00,94.00129895899954,loop2,1.000620823000645,1106944,0,51,0,0,0,0,0,0.0,0.0,0,
94,2026-10-08T22:56:07.067542+00:00,94.00129895899954,loop3,1.000620823000645,1141760,0,66,0,0,0,0,0,0.0,0.0,0,
94,2026-10-08T22:56:07.067542+00:00,94.00129895899954,loop4,1.000620823000645,374784,0,51,0,0,0,0,0,0.0,0.0,0,
94,2026-10-08T22:56:07.067542+00:00,94.00129895899954,loop5,1.000620823000645,14336,0,11,0,0,0,0,0,0.0,0.0,0,
94,2026-10-08T22:56:07.067542+00:00,94.00129895899954,loop6,1.000620823000645,0,0,0,0,0,0,0,0,0.0,0.0,0,
94,2026-10-08T22:56:07.067542+00:00,94.00129895899954,loop7,1.000620823000645,0,0,0,0,0,0,0,0,0.0,0.0,0,
94,2026-10-08T22:56:07.067542+00:00,94.00129895899954,sr0,1.000620823000645,1536,0,8,0,0,0,0,0,0.0,0.0,0,
94,2026-10-08T22:56:07.067542+00:00,94.00129895899954,sda,1.000620823000645,315698688,25483816960,8097,117875,0,13541376,0,30,0.0,13532974.418214032,308,
94,2026-10-08T22:56:07.067542+00:00,94.00129895899954,sda1,1.000620823000645,319488,0,78,0,0,0,0,0,0.0,0.0,0,
94,2026-10-08T22:56:07.067542+00:00,94.00129895899954,sda2,1.000620823000645,285926400,422014976,6637,66823,0,20480,0,3,0.0,20467.29343347555,8,
94,2026-10-08T22:56:07.067542+00:00,94.00129895899954,sda3,1.000620823000645,5559296,118784,154,26,0,0,0,0,0.0,0.0,0,
94,2026-10-08T22:56:07.067542+00:00,94.00129895899954,sda4,1.000620823000645,4657152,0,116,0,0,0,0,0,0.0,0.0,0,
94,2026-10-08T22:56:07.067542+00:00,94.00129895899954,sda5,1.000620823000645,16782336,25061683200,977,51026,0,13520896,0,27,0.0,13512507.124780556,300,
95,2026-10-08T22:56:08.070586+00:00,95.00513578500068,loop0,1.003044533999855,2109440,0,219,0,0,0,0,0,0.0,0.0,0,
95,2026-10-08T22:56:08.070586+00:00,95.00513578500068,loop1,1.003044533999855,354304,0,43,0,0,0,0,0,0.0,0.0,0,
95,2026-10-08T22:56:08.070586+00:00,95.00513578500068,loop2,1.003044533999855,1106944,0,51,0,0,0,0,0,0.0,0.0,0,
95,2026-10-08T22:56:08.070586+00:00,95.00513578500068,loop3,1.003044533999855,1141760,0,66,0,0,0,0,0,0.0,0.0,0,
95,2026-10-08T22:56:08.070586+00:00,95.00513578500068,loop4,1.003044533999855,374784,0,51,0,0,0,0,0,0.0,0.0,0,
95,2026-10-08T22:56:08.070586+00:00,95.00513578500068,loop5,1.003044533999855,14336,0,11,0,0,0,0,0,0.0,0.0,0,
95,2026-10-08T22:56:08.070586+00:00,95.00513578500068,loop6,1.003044533999855,0,0,0,0,0,0,0,0,0.0,0.0,0,
95,2026-10-08T22:56:08.070586+00:00,95.00513578500068,loop7,1.003044533999855,0,0,0,0,0,0,0,0,0.0,0.0,0,
95,2026-10-08T22:56:08.070586+00:00,95.00513578500068,sr0,1.003044533999855,1536,0,8,0,0,0,0,0,0.0,0.0,0,
95,2026-10-08T22:56:08.070586+00:00,95.00513578500068,sda,1.003044533999855,315698688,25483919360,8097,117883,0,102400,0,8,0.0,102089.18600219878,16,
95,2026-10-08T22:56:08.070586+00:00,95.00513578500068,sda1,1.003044533999855,319488,0,78,0,0,0,0,0,0.0,0.0,0,
95,2026-10-08T22:56:08.070586+00:00,95.00513578500068,sda2,1.003044533999855,285926400,422060032,6637,66827,0,45056,0,4,0.0,44919.241840967465,16,
95,2026-10-08T22:56:08.070586+00:00,95.00513578500068,sda3,1.003044533999855,5559296,118784,154,26,0,0,0,0,0.0,0.0,0,
95,2026-10-08T22:56:08.070586+00:00,95.00513578500068,sda4,1.003044533999855,4657152,0,116,0,0,0,0,0,0.0,0.0,0,
95,2026-10-08T22:56:08.070586+00:00,95.00513578500068,sda5,1.003044533999855,16782336,25061740544,977,51030,0,57344,0,4,0.0,57169.94416123132,4,
96,2026-10-08T22:56:09.074349+00:00,96.00880691800012,loop0,1.0037633030005964,2109440,0,219,0,0,0,0,0,0.0,0.0,0,
96,2026-10-08T22:56:09.074349+00:00,96.00880691800012,loop1,1.0037633030005964,354304,0,43,0,0,0,0,0,0.0,0.0,0,
96,2026-10-08T22:56:09.074349+00:00,96.00880691800012,loop2,1.0037633030005964,1106944,0,51,0,0,0,0,0,0.0,0.0,0,
96,2026-10-08T22:56:09.074349+00:00,96.00880691800012,loop3,1.0037633030005964,1141760,0,66,0,0,0,0,0,0.0,0.0,0,
96,2026-10-08T22:56:09.074349+00:00,96.00880691800012,loop4,1.0037633030005964,374784,0,51,0,0,0,0,0,0.0,0.0,0,
96,2026-10-08T22:56:09.074349+00:00,96.00880691800012,loop5,1.0037633030005964,14336,0,11,0,0,0,0,0,0.0,0.0,0,
96,2026-10-08T22:56:09.074349+00:00,96.00880691800012,loop6,1.0037633030005964,0,0,0,0,0,0,0,0,0.0,0.0,0,
96,2026-10-08T22:56:09.074349+00:00,96.00880691800012,loop7,1.0037633030005964,0,0,0,0,0,0,0,0,0.0,0.0,0,
96,2026-10-08T22:56:09.074349+00:00,96.00880691800012,sr0,1.0037633030005964,1536,0,8,0,0,0,0,0,0.0,0.0,0,
96,2026-10-08T22:56:09.074349+00:00,96.00880691800012,sda,1.0037633030005964,315698688,25483919360,8097,117883,0,0,0,0,0.0,0.0,0,
96,2026-10-08T22:56:09.074349+00:00,96.00880691800012,sda1,1.0037633030005964,319488,0,78,0,0,0,0,0,0.0,0.0,0,
96,2026-10-08T22:56:09.074349+00:00,96.00880691800012,sda2,1.0037633030005964,285926400,422060032,6637,66827,0,0,0,0,0.0,0.0,0,
96,2026-10-08T22:56:09.074349+00:00,96.00880691800012,sda3,1.0037633030005964,5559296,118784,154,26,0,0,0,0,0.0,0.0,0,
96,2026-10-08T22:56:09.074349+00:00,96.00880691800012,sda4,1.0037633030005964,4657152,0,116,0,0,0,0,0,0.0,0.0,0,
96,2026-10-08T22:56:09.074349+00:00,96.00880691800012,sda5,1.0037633030005964,16782336,25061740544,977,51030,0,0,0,0,0.0,0.0,0,
97,2026-10-08T22:56:10.068409+00:00,97.00238179400003,loop0,0.9940592589991866,2109440,0,219,0,0,0,0,0,0.0,0.0,0,
97,2026-10-08T22:56:10.068409+00:00,97.00238179400003,loop1,0.9940592589991866,354304,0,43,0,0,0,0,0,0.0,0.0,0,
97,2026-10-08T22:56:10.068409+00:00,97.00238179400003,loop2,0.9940592589991866,1106944,0,51,0,0,0,0,0,0.0,0.0,0,
97,2026-10-08T22:56:10.068409+00:00,97.00238179400003,loop3,0.9940592589991866,1141760,0,66,0,0,0,0,0,0.0,0.0,0,
97,2026-10-08T22:56:10.068409+00:00,97.00238179400003,loop4,0.9940592589991866,374784,0,51,0,0,0,0,0,0.0,0.0,0,
97,2026-10-08T22:56:10.068409+00:00,97.00238179400003,loop5,0.9940592589991866,14336,0,11,0,0,0,0,0,0.0,0.0,0,
97,2026-10-08T22:56:10.068409+00:00,97.00238179400003,loop6,0.9940592589991866,0,0,0,0,0,0,0,0,0.0,0.0,0,
97,2026-10-08T22:56:10.068409+00:00,97.00238179400003,loop7,0.9940592589991866,0,0,0,0,0,0,0,0,0.0,0.0,0,
97,2026-10-08T22:56:10.068409+00:00,97.00238179400003,sr0,0.9940592589991866,1536,0,8,0,0,0,0,0,0.0,0.0,0,
97,2026-10-08T22:56:10.068409+00:00,97.00238179400003,sda,0.9940592589991866,315698688,25483919360,8097,117883,0,0,0,0,0.0,0.0,0,
97,2026-10-08T22:56:10.068409+00:00,97.00238179400003,sda1,0.9940592589991866,319488,0,78,0,0,0,0,0,0.0,0.0,0,
97,2026-10-08T22:56:10.068409+00:00,97.00238179400003,sda2,0.9940592589991866,285926400,422060032,6637,66827,0,0,0,0,0.0,0.0,0,
97,2026-10-08T22:56:10.068409+00:00,97.00238179400003,sda3,0.9940592589991866,5559296,118784,154,26,0,0,0,0,0.0,0.0,0,
97,2026-10-08T22:56:10.068409+00:00,97.00238179400003,sda4,0.9940592589991866,4657152,0,116,0,0,0,0,0,0.0,0.0,0,
97,2026-10-08T22:56:10.068409+00:00,97.00238179400003,sda5,0.9940592589991866,16782336,25061740544,977,51030,0,0,0,0,0.0,0.0,0,
98,2026-10-08T22:56:11.066785+00:00,98.0012482940001,loop0,0.9983768509991933,2109440,0,219,0,0,0,0,0,0.0,0.0,0,
98,2026-10-08T22:56:11.066785+00:00,98.0012482940001,loop1,0.9983768509991933,354304,0,43,0,0,0,0,0,0.0,0.0,0,
98,2026-10-08T22:56:11.066785+00:00,98.0012482940001,loop2,0.9983768509991933,1106944,0,51,0,0,0,0,0,0.0,0.0,0,
98,2026-10-08T22:56:11.066785+00:00,98.0012482940001,loop3,0.9983768509991933,1141760,0,66,0,0,0,0,0,0.0,0.0,0,
98,2026-10-08T22:56:11.066785+00:00,98.0012482940001,loop4,0.9983768509991933,374784,0,51,0,0,0,0,0,0.0,0.0,0,
98,2026-10-08T22:56:11.066785+00:00,98.0012482940001,loop5,0.9983768509991933,14336,0,11,0,0,0,0,0,0.0,0.0,0,
98,2026-10-08T22:56:11.066785+00:00,98.0012482940001,loop6,0.9983768509991933,0,0,0,0,0,0,0,0,0.0,0.0,0,
98,2026-10-08T22:56:11.066785+00:00,98.0012482940001,loop7,0.9983768509991933,0,0,0,0,0,0,0,0,0.0,0.0,0,
98,2026-10-08T22:56:11.066785+00:00,98.0012482940001,sr0,0.9983768509991933,1536,0,8,0,0,0,0,0,0.0,0.0,0,
98,2026-10-08T22:56:11.066785+00:00,98.0012482940001,sda,0.9983768509991933,315698688,25484869632,8097,118092,0,950272,0,209,0.0,951816.9407162745,68,
98,2026-10-08T22:56:11.066785+00:00,98.0012482940001,sda1,0.9983768509991933,319488,0,78,0,0,0,0,0,0.0,0.0,0,
98,2026-10-08T22:56:11.066785+00:00,98.0012482940001,sda2,0.9983768509991933,285926400,423010304,6637,67036,0,950272,0,209,0.0,951816.9407162745,68,
98,2026-10-08T22:56:11.066785+00:00,98.0012482940001,sda3,0.9983768509991933,5559296,118784,154,26,0,0,0,0,0.0,0.0,0,
98,2026-10-08T22:56:11.066785+00:00,98.0012482940001,sda4,0.9983768509991933,4657152,0,116,0,0,0,0,0,0.0,0.0,0,
98,2026-10-08T22:56:11.066785+00:00,98.0012482940001,sda5,0.9983768509991933,16782336,25061740544,977,51030,0,0,0,0,0.0,0.0,0,
99,2026-10-08T22:56:12.067246+00:00,99.00111654399916,loop0,1.0004608260005625,2109440,0,219,0,0,0,0,0,0.0,0.0,0,
99,2026-10-08T22:56:12.067246+00:00,99.00111654399916,loop1,1.0004608260005625,354304,0,43,0,0,0,0,0,0.0,0.0,0,
99,2026-10-08T22:56:12.067246+00:00,99.00111654399916,loop2,1.0004608260005625,1106944,0,51,0,0,0,0,0,0.0,0.0,0,
99,2026-10-08T22:56:12.067246+00:00,99.00111654399916,loop3,1.0004608260005625,1141760,0,66,0,0,0,0,0,0.0,0.0,0,
99,2026-10-08T22:56:12.067246+00:00,99.00111654399916,loop4,1.0004608260005625,374784,0,51,0,0,0,0,0,0.0,0.0,0,
99,2026-10-08T22:56:12.067246+00:00,99.00111654399916,loop5,1.0004608260005625,14336,0,11,0,0,0,0,0,0.0,0.0,0,
99,2026-10-08T22:56:12.067246+00:00,99.00111654399916,loop6,1.0004608260005625,0,0,0,0,0,0,0,0,0.0,0.0,0,
99,2026-10-08T22:56:12.067246+00:00,99.00111654399916,loop7,1.0004608260005625,0,0,0,0,0,0,0,0,0.0,0.0,0,
99,2026-10-08T22:56:12.067246+00:00,99.00111654399916,sr0,1.0004608260005625,1536,0,8,0,0,0,0,0,0.0,0.0,0,
99,2026-10-08T22:56:12.067246+00:00,99.00111654399916,sda,1.0004608260005625,315698688,25484931072,8097,118094,0,61440,0,2,0.0,61411.699891951044,188,
99,2026-10-08T22:56:12.067246+00:00,99.00111654399916,sda1,1.0004608260005625,319488,0,78,0,0,0,0,0,0.0,0.0,0,
99,2026-10-08T22:56:12.067246+00:00,99.00111654399916,sda2,1.0004608260005625,285926400,423010304,6637,67036,0,0,0,0,0.0,0.0,0,
99,2026-10-08T22:56:12.067246+00:00,99.00111654399916,sda3,1.0004608260005625,5559296,118784,154,26,0,0,0,0,0.0,0.0,0,
99,2026-10-08T22:56:12.067246+00:00,99.00111654399916,sda4,1.0004608260005625,4657152,0,116,0,0,0,0,0,0.0,0.0,0,
99,2026-10-08T22:56:12.067246+00:00,99.00111654399916,sda5,1.0004608260005625,16782336,25061801984,977,51032,0,61440,0,2,0.0,61411.699891951044,188,
100,2026-10-08T22:56:13.068415+00:00,100.00234622700009,loop0,1.0011687919995893,2109440,0,219,0,0,0,0,0,0.0,0.0,0,
100,2026-10-08T22:56:13.068415+00:00,100.00234622700009,loop1,1.0011687919995893,354304,0,43,0,0,0,0,0,0.0,0.0,0,
100,2026-10-08T22:56:13.068415+00:00,100.00234622700009,loop2,1.0011687919995893,1106944,0,51,0,0,0,0,0,0.0,0.0,0,
100,2026-10-08T22:56:13.068415+00:00,100.00234622700009,loop3,1.0011687919995893,1141760,0,66,0,0,0,0,0,0.0,0.0,0,
100,2026-10-08T22:56:13.068415+00:00,100.00234622700009,loop4,1.0011687919995893,374784,0,51,0,0,0,0,0,0.0,0.0,0,
100,2026-10-08T22:56:13.068415+00:00,100.00234622700009,loop5,1.0011687919995893,14336,0,11,0,0,0,0,0,0.0,0.0,0,
100,2026-10-08T22:56:13.068415+00:00,100.00234622700009,loop6,1.0011687919995893,0,0,0,0,0,0,0,0,0.0,0.0,0,
100,2026-10-08T22:56:13.068415+00:00,100.00234622700009,loop7,1.0011687919995893,0,0,0,0,0,0,0,0,0.0,0.0,0,
100,2026-10-08T22:56:13.068415+00:00,100.00234622700009,sr0,1.0011687919995893,1536,0,8,0,0,0,0,0,0.0,0.0,0,
100,2026-10-08T22:56:13.068415+00:00,100.00234622700009,sda,1.0011687919995893,315698688,25485090816,8097,118114,0,159744,0,20,0.0,159557.51045830196,16,
100,2026-10-08T22:56:13.068415+00:00,100.00234622700009,sda1,1.0011687919995893,319488,0,78,0,0,0,0,0,0.0,0.0,0,
100,2026-10-08T22:56:13.068415+00:00,100.00234622700009,sda2,1.0011687919995893,285926400,423075840,6637,67042,0,65536,0,6,0.0,65459.49147007259,12,
100,2026-10-08T22:56:13.068415+00:00,100.00234622700009,sda3,1.0011687919995893,5559296,118784,154,26,0,0,0,0,0.0,0.0,0,
100,2026-10-08T22:56:13.068415+00:00,100.00234622700009,sda4,1.0011687919995893,4657152,0,116,0,0,0,0,0,0.0,0.0,0,
100,2026-10-08T22:56:13.068415+00:00,100.00234622700009,sda5,1.0011687919995893,16782336,25061896192,977,51046,0,94208,0,14,0.0,94098.01898822935,8,
101,2026-10-08T22:56:14.070276+00:00,101.0047911620004,loop0,1.0018609230010043,2109440,0,219,0,0,0,0,0,0.0,0.0,0,
101,2026-10-08T22:56:14.070276+00:00,101.0047911620004,loop1,1.0018609230010043,354304,0,43,0,0,0,0,0,0.0,0.0,0,
101,2026-10-08T22:56:14.070276+00:00,101.0047911620004,loop2,1.0018609230010043,1106944,0,51,0,0,0,0,0,0.0,0.0,0,
101,2026-10-08T22:56:14.070276+00:00,101.0047911620004,loop3,1.0018609230010043,1141760,0,66,0,0,0,0,0,0.0,0.0,0,
101,2026-10-08T22:56:14.070276+00:00,101.0047911620004,loop4,1.0018609230010043,374784,0,51,0,0,0,0,0,0.0,0.0,0,
101,2026-10-08T22:56:14.070276+00:00,101.0047911620004,loop5,1.0018609230010043,14336,0,11,0,0,0,0,0,0.0,0.0,0,
101,2026-10-08T22:56:14.070276+00:00,101.0047911620004,loop6,1.0018609230010043,0,0,0,0,0,0,0,0,0.0,0.0,0,
101,2026-10-08T22:56:14.070276+00:00,101.0047911620004,loop7,1.0018609230010043,0,0,0,0,0,0,0,0,0.0,0.0,0,
101,2026-10-08T22:56:14.070276+00:00,101.0047911620004,sr0,1.0018609230010043,1536,0,8,0,0,0,0,0,0.0,0.0,0,
101,2026-10-08T22:56:14.070276+00:00,101.0047911620004,sda,1.0018609230010043,315698688,25485090816,8097,118114,0,0,0,0,0.0,0.0,0,
101,2026-10-08T22:56:14.070276+00:00,101.0047911620004,sda1,1.0018609230010043,319488,0,78,0,0,0,0,0,0.0,0.0,0,
101,2026-10-08T22:56:14.070276+00:00,101.0047911620004,sda2,1.0018609230010043,285926400,423075840,6637,67042,0,0,0,0,0.0,0.0,0,
101,2026-10-08T22:56:14.070276+00:00,101.0047911620004,sda3,1.0018609230010043,5559296,118784,154,26,0,0,0,0,0.0,0.0,0,
101,2026-10-08T22:56:14.070276+00:00,101.0047911620004,sda4,1.0018609230010043,4657152,0,116,0,0,0,0,0,0.0,0.0,0,
101,2026-10-08T22:56:14.070276+00:00,101.0047911620004,sda5,1.0018609230010043,16782336,25061896192,977,51046,0,0,0,0,0.0,0.0,0,
102,2026-10-08T22:56:15.067839+00:00,102.0012535700007,loop0,0.9975623480004288,2109440,0,219,0,0,0,0,0,0.0,0.0,0,
102,2026-10-08T22:56:15.067839+00:00,102.0012535700007,loop1,0.9975623480004288,354304,0,43,0,0,0,0,0,0.0,0.0,0,
102,2026-10-08T22:56:15.067839+00:00,102.0012535700007,loop2,0.9975623480004288,1106944,0,51,0,0,0,0,0,0.0,0.0,0,
102,2026-10-08T22:56:15.067839+00:00,102.0012535700007,loop3,0.9975623480004288,1141760,0,66,0,0,0,0,0,0.0,0.0,0,
102,2026-10-08T22:56:15.067839+00:00,102.0012535700007,loop4,0.9975623480004288,374784,0,51,0,0,0,0,0,0.0,0.0,0,
102,2026-10-08T22:56:15.067839+00:00,102.0012535700007,loop5,0.9975623480004288,14336,0,11,0,0,0,0,0,0.0,0.0,0,
102,2026-10-08T22:56:15.067839+00:00,102.0012535700007,loop6,0.9975623480004288,0,0,0,0,0,0,0,0,0.0,0.0,0,
102,2026-10-08T22:56:15.067839+00:00,102.0012535700007,loop7,0.9975623480004288,0,0,0,0,0,0,0,0,0.0,0.0,0,
102,2026-10-08T22:56:15.067839+00:00,102.0012535700007,sr0,0.9975623480004288,1536,0,8,0,0,0,0,0,0.0,0.0,0,
102,2026-10-08T22:56:15.067839+00:00,102.0012535700007,sda,0.9975623480004288,315698688,25485090816,8097,118114,0,0,0,0,0.0,0.0,0,
102,2026-10-08T22:56:15.067839+00:00,102.0012535700007,sda1,0.9975623480004288,319488,0,78,0,0,0,0,0,0.0,0.0,0,
102,2026-10-08T22:56:15.067839+00:00,102.0012535700007,sda2,0.9975623480004288,285926400,423075840,6637,67042,0,0,0,0,0.0,0.0,0,
102,2026-10-08T22:56:15.067839+00:00,102.0012535700007,sda3,0.9975623480004288,5559296,118784,154,26,0,0,0,0,0.0,0.0,0,
102,2026-10-08T22:56:15.067839+00:00,102.0012535700007,sda4,0.9975623480004288,4657152,0,116,0,0,0,0,0,0.0,0.0,0,
102,2026-10-08T22:56:15.067839+00:00,102.0012535700007,sda5,0.9975623480004288,16782336,25061896192,977,51046,0,0,0,0,0.0,0.0,0,
103,2026-10-08T22:56:16.067805+00:00,103.00183976900007,loop0,0.9999660779994883,2109440,0,219,0,0,0,0,0,0.0,0.0,0,
103,2026-10-08T22:56:16.067805+00:00,103.00183976900007,loop1,0.9999660779994883,354304,0,43,0,0,0,0,0,0.0,0.0,0,
103,2026-10-08T22:56:16.067805+00:00,103.00183976900007,loop2,0.9999660779994883,1106944,0,51,0,0,0,0,0,0.0,0.0,0,
103,2026-10-08T22:56:16.067805+00:00,103.00183976900007,loop3,0.9999660779994883,1141760,0,66,0,0,0,0,0,0.0,0.0,0,
103,2026-10-08T22:56:16.067805+00:00,103.00183976900007,loop4,0.9999660779994883,374784,0,51,0,0,0,0,0,0.0,0.0,0,
103,2026-10-08T22:56:16.067805+00:00,103.00183976900007,loop5,0.9999660779994883,14336,0,11,0,0,0,0,0,0.0,0.0,0,
103,2026-10-08T22:56:16.067805+00:00,103.00183976900007,loop6,0.9999660779994883,0,0,0,0,0,0,0,0,0.0,0.0,0,
103,2026-10-08T22:56:16.067805+00:00,103.00183976900007,loop7,0.9999660779994883,0,0,0,0,0,0,0,0,0.0,0.0,0,
103,2026-10-08T22:56:16.067805+00:00,103.00183976900007,sr0,0.9999660779994883,1536,0,8,0,0,0,0,0,0.0,0.0,0,
103,2026-10-08T22:56:16.067805+00:00,103.00183976900007,sda,0.9999660779994883,315698688,25485090816,8097,118114,0,0,0,0,0.0,0.0,0,
103,2026-10-08T22:56:16.067805+00:00,103.00183976900007,sda1,0.9999660779994883,319488,0,78,0,0,0,0,0,0.0,0.0,0,
103,2026-10-08T22:56:16.067805+00:00,103.00183976900007,sda2,0.9999660779994883,285926400,423075840,6637,67042,0,0,0,0,0.0,0.0,0,
103,2026-10-08T22:56:16.067805+00:00,103.00183976900007,sda3,0.9999660779994883,5559296,118784,154,26,0,0,0,0,0.0,0.0,0,
103,2026-10-08T22:56:16.067805+00:00,103.00183976900007,sda4,0.9999660779994883,4657152,0,116,0,0,0,0,0,0.0,0.0,0,
103,2026-10-08T22:56:16.067805+00:00,103.00183976900007,sda5,0.9999660779994883,16782336,25061896192,977,51046,0,0,0,0,0.0,0.0,0,
104,2026-10-08T22:56:17.070557+00:00,104.00480843100013,loop0,1.00275279699963,2109440,0,219,0,0,0,0,0,0.0,0.0,0,
104,2026-10-08T22:56:17.070557+00:00,104.00480843100013,loop1,1.00275279699963,354304,0,43,0,0,0,0,0,0.0,0.0,0,
104,2026-10-08T22:56:17.070557+00:00,104.00480843100013,loop2,1.00275279699963,1106944,0,51,0,0,0,0,0,0.0,0.0,0,
104,2026-10-08T22:56:17.070557+00:00,104.00480843100013,loop3,1.00275279699963,1141760,0,66,0,0,0,0,0,0.0,0.0,0,
104,2026-10-08T22:56:17.070557+00:00,104.00480843100013,loop4,1.00275279699963,374784,0,51,0,0,0,0,0,0.0,0.0,0,
104,2026-10-08T22:56:17.070557+00:00,104.00480843100013,loop5,1.00275279699963,14336,0,11,0,0,0,0,0,0.0,0.0,0,
104,2026-10-08T22:56:17.070557+00:00,104.00480843100013,loop6,1.00275279699963,0,0,0,0,0,0,0,0,0.0,0.0,0,
104,2026-10-08T22:56:17.070557+00:00,104.00480843100013,loop7,1.00275279699963,0,0,0,0,0,0,0,0,0.0,0.0,0,
104,2026-10-08T22:56:17.070557+00:00,104.00480843100013,sr0,1.00275279699963,1536,0,8,0,0,0,0,0,0.0,0.0,0,
104,2026-10-08T22:56:17.070557+00:00,104.00480843100013,sda,1.00275279699963,315698688,25485090816,8097,118114,0,0,0,0,0.0,0.0,0,
104,2026-10-08T22:56:17.070557+00:00,104.00480843100013,sda1,1.00275279699963,319488,0,78,0,0,0,0,0,0.0,0.0,0,
104,2026-10-08T22:56:17.070557+00:00,104.00480843100013,sda2,1.00275279699963,285926400,423075840,6637,67042,0,0,0,0,0.0,0.0,0,
104,2026-10-08T22:56:17.070557+00:00,104.00480843100013,sda3,1.00275279699963,5559296,118784,154,26,0,0,0,0,0.0,0.0,0,
104,2026-10-08T22:56:17.070557+00:00,104.00480843100013,sda4,1.00275279699963,4657152,0,116,0,0,0,0,0,0.0,0.0,0,
104,2026-10-08T22:56:17.070557+00:00,104.00480843100013,sda5,1.00275279699963,16782336,25061896192,977,51046,0,0,0,0,0.0,0.0,0,
105,2026-10-08T22:56:18.069176+00:00,105.00305646599918,loop0,0.9986186259993701,2109440,0,219,0,0,0,0,0,0.0,0.0,0,
105,2026-10-08T22:56:18.069176+00:00,105.00305646599918,loop1,0.9986186259993701,354304,0,43,0,0,0,0,0,0.0,0.0,0,
105,2026-10-08T22:56:18.069176+00:00,105.00305646599918,loop2,0.9986186259993701,1106944,0,51,0,0,0,0,0,0.0,0.0,0,
105,2026-10-08T22:56:18.069176+00:00,105.00305646599918,loop3,0.9986186259993701,1141760,0,66,0,0,0,0,0,0.0,0.0,0,
105,2026-10-08T22:56:18.069176+00:00,105.00305646599918,loop4,0.9986186259993701,374784,0,51,0,0,0,0,0,0.0,0.0,0,
105,2026-10-08T22:56:18.069176+00:00,105.00305646599918,loop5,0.9986186259993701,14336,0,11,0,0,0,0,0,0.0,0.0,0,
105,2026-10-08T22:56:18.069176+00:00,105.00305646599918,loop6,0.9986186259993701,0,0,0,0,0,0,0,0,0.0,0.0,0,
105,2026-10-08T22:56:18.069176+00:00,105.00305646599918,loop7,0.9986186259993701,0,0,0,0,0,0,0,0,0.0,0.0,0,
105,2026-10-08T22:56:18.069176+00:00,105.00305646599918,sr0,0.9986186259993701,1536,0,8,0,0,0,0,0,0.0,0.0,0,
105,2026-10-08T22:56:18.069176+00:00,105.00305646599918,sda,0.9986186259993701,315698688,25485168640,8097,118120,0,77824,0,6,0.0,77931.65275894733,20,
105,2026-10-08T22:56:18.069176+00:00,105.00305646599918,sda1,0.9986186259993701,319488,0,78,0,0,0,0,0,0.0,0.0,0,
105,2026-10-08T22:56:18.069176+00:00,105.00305646599918,sda2,0.9986186259993701,285926400,423108608,6637,67046,0,32768,0,4,0.0,32813.32747745151,12,
105,2026-10-08T22:56:18.069176+00:00,105.00305646599918,sda3,0.9986186259993701,5559296,118784,154,26,0,0,0,0,0.0,0.0,0,
105,2026-10-08T22:56:18.069176+00:00,105.00305646599918,sda4,0.9986186259993701,4657152,0,116,0,0,0,0,0,0.0,0.0,0,
105,2026-10-08T22:56:18.069176+00:00,105.00305646599918,sda5,0.9986186259993701,16782336,25061941248,977,51048,0,45056,0,2,0.0,45118.32528149582,8,
106,2026-10-08T22:56:19.067626+00:00,106.00170907500069,loop0,0.9984503570012748,2109440,0,219,0,0,0,0,0,0.0,0.0,0,
106,2026-10-08T22:56:19.067626+00:00,106.00170907500069,loop1,0.9984503570012748,354304,0,43,0,0,0,0,0,0.0,0.0,0,
106,2026-10-08T22:56:19.067626+00:00,106.00170907500069,loop2,0.9984503570012748,1106944,0,51,0,0,0,0,0,0.0,0.0,0,
106,2026-10-08T22:56:19.067626+00:00,106.00170907500069,loop3,0.9984503570012748,1141760,0,66,0,0,0,0,0,0.0,0.0,0,
106,2026-10-08T22:56:19.067626+00:00,106.00170907500069,loop4,0.9984503570012748,374784,0,51,0,0,0,0,0,0.0,0.0,0,
106,2026-10-08T22:56:19.067626+00:00,106.00170907500069,loop5,0.9984503570012748,14336,0,11,0,0,0,0,0,0.0,0.0,0,
106,2026-10-08T22:56:19.067626+00:00,106.00170907500069,loop6,0.9984503570012748,0,0,0,0,0,0,0,0,0.0,0.0,0,
106,2026-10-08T22:56:19.067626+00:00,106.00170907500069,loop7,0.9984503570012748,0,0,0,0,0,0,0,0,0.0,0.0,0,
106,2026-10-08T22:56:19.067626+00:00,106.00170907500069,sr0,0.9984503570012748,1536,0,8,0,0,0,0,0,0.0,0.0,0,
106,2026-10-08T22:56:19.067626+00:00,106.00170907500069,sda,0.9984503570012748,315698688,25485209600,8097,118124,0,40960,0,4,0.0,41023.57189096353,4,
106,2026-10-08T22:56:19.067626+00:00,106.00170907500069,sda1,0.9984503570012748,319488,0,78,0,0,0,0,0,0.0,0.0,0,
106,2026-10-08T22:56:19.067626+00:00,106.00170907500069,sda2,0.9984503570012748,285926400,423108608,6637,67046,0,0,0,0,0.0,0.0,0,
106,2026-10-08T22:56:19.067626+00:00,106.00170907500069,sda3,0.9984503570012748,5559296,118784,154,26,0,0,0,0,0.0,0.0,0,
106,2026-10-08T22:56:19.067626+00:00,106.00170907500069,sda4,0.9984503570012748,4657152,0,116,0,0,0,0,0,0.0,0.0,0,
106,2026-10-08T22:56:19.067626+00:00,106.00170907500069,sda5,0.9984503570012748,16782336,25061982208,977,51052,0,40960,0,4,0.0,41023.57189096353,4,
107,2026-10-08T22:56:20.066930+00:00,107.00104134200046,loop0,0.9993038379998325,2109440,0,219,0,0,0,0,0,0.0,0.0,0,
107,2026-10-08T22:56:20.066930+00:00,107.00104134200046,loop1,0.9993038379998325,354304,0,43,0,0,0,0,0,0.0,0.0,0,
107,2026-10-08T22:56:20.066930+00:00,107.00104134200046,loop2,0.9993038379998325,1106944,0,51,0,0,0,0,0,0.0,0.0,0,
107,2026-10-08T22:56:20.066930+00:00,107.00104134200046,loop3,0.9993038379998325,1141760,0,66,0,0,0,0,0,0.0,0.0,0,
107,2026-10-08T22:56:20.066930+00:00,107.00104134200046,loop4,0.9993038379998325,374784,0,51,0,0,0,0,0,0.0,0.0,0,
107,2026-10-08T22:56:20.066930+00:00,107.00104134200046,loop5,0.9993038379998325,14336,0,11,0,0,0,0,0,0.0,0.0,0,
107,2026-10-08T22:56:20.066930+00:00,107.00104134200046,loop6,0.9993038379998325,0,0,0,0,0,0,0,0,0.0,0.0,0,
107,2026-10-08T22:56:20.066930+00:00,107.00104134200046,loop7,0.9993038379998325,0,0,0,0,0,0,0,0,0.0,0.0,0,
107,2026-10-08T22:56:20.066930+00:00,107.00104134200046,sr0,0.9993038379998325,1536,0,8,0,0,0,0,0,0.0,0.0,0,
107,2026-10-08T22:56:20.066930+00:00,107.00104134200046,sda,0.9993038379998325,315698688,25485209600,8097,118124,0,0,0,0,0.0,0.0,0,
107,2026-10-08T22:56:20.066930+00:00,107.00104134200046,sda1,0.9993038379998325,319488,0,78,0,0,0,0,0,0.0,0.0,0,
107,2026-10-08T22:56:20.066930+00:00,107.00104134200046,sda2,0.9993038379998325,285926400,423108608,6637,67046,0,0,0,0,0.0,0.0,0,
107,2026-10-08T22:56:20.066930+00:00,107.00104134200046,sda3,0.9993038379998325,5559296,118784,154,26,0,0,0,0,0.0,0.0,0,
107,2026-10-08T22:56:20.066930+00:00,107.00104134200046,sda4,0.9993038379998325,4657152,0,116,0,0,0,0,0,0.0,0.0,0,
107,2026-10-08T22:56:20.066930+00:00,107.00104134200046,sda5,0.9993038379998325,16782336,25061982208,977,51052,0,0,0,0,0.0,0.0,0,
108,2026-10-08T22:56:21.071322+00:00,108.00590557299984,loop0,1.0043924059991696,2109440,0,219,0,0,0,0,0,0.0,0.0,0,
108,2026-10-08T22:56:21.071322+00:00,108.00590557299984,loop1,1.0043924059991696,354304,0,43,0,0,0,0,0,0.0,0.0,0,
108,2026-10-08T22:56:21.071322+00:00,108.00590557299984,loop2,1.0043924059991696,1106944,0,51,0,0,0,0,0,0.0,0.0,0,
108,2026-10-08T22:56:21.071322+00:00,108.00590557299984,loop3,1.0043924059991696,1141760,0,66,0,0,0,0,0,0.0,0.0,0,
108,2026-10-08T22:56:21.071322+00:00,108.00590557299984,loop4,1.0043924059991696,374784,0,51,0,0,0,0,0,0.0,0.0,0,
108,2026-10-08T22:56:21.071322+00:00,108.00590557299984,loop5,1.0043924059991696,14336,0,11,0,0,0,0,0,0.0,0.0,0,
108,2026-10-08T22:56:21.071322+00:00,108.00590557299984,loop6,1.0043924059991696,0,0,0,0,0,0,0,0,0.0,0.0,0,
108,2026-10-08T22:56:21.071322+00:00,108.00590557299984,loop7,1.0043924059991696,0,0,0,0,0,0,0,0,0.0,0.0,0,
108,2026-10-08T22:56:21.071322+00:00,108.00590557299984,sr0,1.0043924059991696,1536,0,8,0,0,0,0,0,0.0,0.0,0,
108,2026-10-08T22:56:21.071322+00:00,108.00590557299984,sda,1.0043924059991696,315698688,25485209600,8097,118124,0,0,0,0,0.0,0.0,0,
108,2026-10-08T22:56:21.071322+00:00,108.00590557299984,sda1,1.0043924059991696,319488,0,78,0,0,0,0,0,0.0,0.0,0,
108,2026-10-08T22:56:21.071322+00:00,108.00590557299984,sda2,1.0043924059991696,285926400,423108608,6637,67046,0,0,0,0,0.0,0.0,0,
108,2026-10-08T22:56:21.071322+00:00,108.00590557299984,sda3,1.0043924059991696,5559296,118784,154,26,0,0,0,0,0.0,0.0,0,
108,2026-10-08T22:56:21.071322+00:00,108.00590557299984,sda4,1.0043924059991696,4657152,0,116,0,0,0,0,0,0.0,0.0,0,
108,2026-10-08T22:56:21.071322+00:00,108.00590557299984,sda5,1.0043924059991696,16782336,25061982208,977,51052,0,0,0,0,0.0,0.0,0,
109,2026-10-08T22:56:22.067135+00:00,109.00120533399968,loop0,0.9958130640006857,2109440,0,219,0,0,0,0,0,0.0,0.0,0,
109,2026-10-08T22:56:22.067135+00:00,109.00120533399968,loop1,0.9958130640006857,354304,0,43,0,0,0,0,0,0.0,0.0,0,
109,2026-10-08T22:56:22.067135+00:00,109.00120533399968,loop2,0.9958130640006857,1106944,0,51,0,0,0,0,0,0.0,0.0,0,
109,2026-10-08T22:56:22.067135+00:00,109.00120533399968,loop3,0.9958130640006857,1141760,0,66,0,0,0,0,0,0.0,0.0,0,
109,2026-10-08T22:56:22.067135+00:00,109.00120533399968,loop4,0.9958130640006857,374784,0,51,0,0,0,0,0,0.0,0.0,0,
109,2026-10-08T22:56:22.067135+00:00,109.00120533399968,loop5,0.9958130640006857,14336,0,11,0,0,0,0,0,0.0,0.0,0,
109,2026-10-08T22:56:22.067135+00:00,109.00120533399968,loop6,0.9958130640006857,0,0,0,0,0,0,0,0,0.0,0.0,0,
109,2026-10-08T22:56:22.067135+00:00,109.00120533399968,loop7,0.9958130640006857,0,0,0,0,0,0,0,0,0.0,0.0,0,
109,2026-10-08T22:56:22.067135+00:00,109.00120533399968,sr0,0.9958130640006857,1536,0,8,0,0,0,0,0,0.0,0.0,0,
109,2026-10-08T22:56:22.067135+00:00,109.00120533399968,sda,0.9958130640006857,315698688,25485209600,8097,118124,0,0,0,0,0.0,0.0,0,
109,2026-10-08T22:56:22.067135+00:00,109.00120533399968,sda1,0.9958130640006857,319488,0,78,0,0,0,0,0,0.0,0.0,0,
109,2026-10-08T22:56:22.067135+00:00,109.00120533399968,sda2,0.9958130640006857,285926400,423108608,6637,67046,0,0,0,0,0.0,0.0,0,
109,2026-10-08T22:56:22.067135+00:00,109.00120533399968,sda3,0.9958130640006857,5559296,118784,154,26,0,0,0,0,0.0,0.0,0,
109,2026-10-08T22:56:22.067135+00:00,109.00120533399968,sda4,0.9958130640006857,4657152,0,116,0,0,0,0,0,0.0,0.0,0,
109,2026-10-08T22:56:22.067135+00:00,109.00120533399968,sda5,0.9958130640006857,16782336,25061982208,977,51052,0,0,0,0,0.0,0.0,0,
110,2026-10-08T22:56:23.069462+00:00,110.00347657299972,loop0,1.0023263589991984,2109440,0,219,0,0,0,0,0,0.0,0.0,0,
110,2026-10-08T22:56:23.069462+00:00,110.00347657299972,loop1,1.0023263589991984,354304,0,43,0,0,0,0,0,0.0,0.0,0,
110,2026-10-08T22:56:23.069462+00:00,110.00347657299972,loop2,1.0023263589991984,1106944,0,51,0,0,0,0,0,0.0,0.0,0,
110,2026-10-08T22:56:23.069462+00:00,110.00347657299972,loop3,1.0023263589991984,1141760,0,66,0,0,0,0,0,0.0,0.0,0,
110,2026-10-08T22:56:23.069462+00:00,110.00347657299972,loop4,1.0023263589991984,374784,0,51,0,0,0,0,0,0.0,0.0,0,
110,2026-10-08T22:56:23.069462+00:00,110.00347657299972,loop5,1.0023263589991984,14336,0,11,0,0,0,0,0,0.0,0.0,0,
110,2026-10-08T22:56:23.069462+00:00,110.00347657299972,loop6,1.0023263589991984,0,0,0,0,0,0,0,0,0.0,0.0,0,
110,2026-10-08T22:56:23.069462+00:00,110.00347657299972,loop7,1.0023263589991984,0,0,0,0,0,0,0,0,0.0,0.0,0,
110,2026-10-08T22:56:23.069462+00:00,110.00347657299972,sr0,1.0023263589991984,1536,0,8,0,0,0,0,0,0.0,0.0,0,
110,2026-10-08T22:56:23.069462+00:00,110.00347657299972,sda,1.0023263589991984,315698688,25485307904,8097,118130,0,98304,0,6,0.0,98075.84038611382,44,
110,2026-10-08T22:56:23.069462+00:00,110.00347657299972,sda1,1.0023263589991984,319488,0,78,0,0,0,0,0,0.0,0.0,0,
110,2026-10-08T22:56:23.069462+00:00,110.00347657299972,sda2,1.0023263589991984,285926400,423174144,6637,67050,0,65536,0,4,0.0,65383.89359074255,44,
110,2026-10-08T22:56:23.069462+00:00,110.00347657299972,sda3,1.0023263589991984,5559296,118784,154,26,0,0,0,0,0.0,0.0,0,
110,2026-10-08T22:56:23.069462+00:00,110.00347657299972,sda4,1.0023263589991984,4657152,0,116,0,0,0,0,0,0.0,0.0,0,
110,2026-10-08T22:56:23.069462+00:00,110.00347657299972,sda5,1.0023263589991984,16782336,25062014976,977,51054,0,32768,0,2,0.0,32691.946795371274,40,
111,2026-10-08T22:56:24.066942+00:00,111.00106463699922,loop0,0.9974797930008208,2109440,0,219,0,0,0,0,0,0.0,0.0,0,
111,2026-10-08T22:56:24.066942+00:00,111.00106463699922,loop1,0.9974797930008208,354304,0,43,0,0,0,0,0,0.0,0.0,0,
111,2026-10-08T22:56:24.066942+00:00,111.00106463699922,loop2,0.9974797930008208,1106944,0,51,0,0,0,0,0,0.0,0.0,0,
111,2026-10-08T22:56:24.066942+00:00,111.00106463699922,loop3,0.9974797930008208,1141760,0,66,0,0,0,0,0,0.0,0.0,0,
111,2026-10-08T22:56:24.066942+00:00,111.00106463699922,loop4,0.9974797930008208,374784,0,51,0,0,0,0,0,0.0,0.0,0,
111,2026-10-08T22:56:24.066942+00:00,111.00106463699922,loop5,0.9974797930008208,14336,0,11,0,0,0,0,0,0.0,0.0,0,
111,2026-10-08T22:56:24.066942+00:00,111.00106463699922,loop6,0.9974797930008208,0,0,0,0,0,0,0,0,0.0,0.0,0,
111,2026-10-08T22:56:24.066942+00:00,111.00106463699922,loop7,0.9974797930008208,0,0,0,0,0,0,0,0,0.0,0.0,0,
111,2026-10-08T22:56:24.066942+00:00,111.00106463699922,sr0,0.9974797930008208,1536,0,8,0,0,0,0,0,0.0,0.0,0,
111,2026-10-08T22:56:24.066942+00:00,111.00106463699922,sda,0.9974797930008208,315698688,25485307904,8097,118130,0,0,0,0,0.0,0.0,0,
111,2026-10-08T22:56:24.066942+00:00,111.00106463699922,sda1,0.9974797930008208,319488,0,78,0,0,0,0,0,0.0,0.0,0,
111,2026-10-08T22:56:24.066942+00:00,111.00106463699922,sda2,0.9974797930008208,285926400,423174144,6637,67050,0,0,0,0,0.0,0.0,0,
111,2026-10-08T22:56:24.066942+00:00,111.00106463699922,sda3,0.9974797930008208,5559296,118784,154,26,0,0,0,0,0.0,0.0,0,
111,2026-10-08T22:56:24.066942+00:00,111.00106463699922,sda4,0.9974797930008208,4657152,0,116,0,0,0,0,0,0.0,0.0,0,
111,2026-10-08T22:56:24.066942+00:00,111.00106463699922,sda5,0.9974797930008208,16782336,25062014976,977,51054,0,0,0,0,0.0,0.0,0,
112,2026-10-08T22:56:25.074698+00:00,112.00925695399928,loop0,1.0077563140002894,2109440,0,219,0,0,0,0,0,0.0,0.0,0,
112,2026-10-08T22:56:25.074698+00:00,112.00925695399928,loop1,1.0077563140002894,354304,0,43,0,0,0,0,0,0.0,0.0,0,
112,2026-10-08T22:56:25.074698+00:00,112.00925695399928,loop2,1.0077563140002894,1106944,0,51,0,0,0,0,0,0.0,0.0,0,
112,2026-10-08T22:56:25.074698+00:00,112.00925695399928,loop3,1.0077563140002894,1141760,0,66,0,0,0,0,0,0.0,0.0,0,
112,2026-10-08T22:56:25.074698+00:00,112.00925695399928,loop4,1.0077563140002894,374784,0,51,0,0,0,0,0,0.0,0.0,0,
112,2026-10-08T22:56:25.074698+00:00,112.00925695399928,loop5,1.0077563140002894,14336,0,11,0,0,0,0,0,0.0,0.0,0,
112,2026-10-08T22:56:25.074698+00:00,112.00925695399928,loop6,1.0077563140002894,0,0,0,0,0,0,0,0,0.0,0.0,0,
112,2026-10-08T22:56:25.074698+00:00,112.00925695399928,loop7,1.0077563140002894,0,0,0,0,0,0,0,0,0.0,0.0,0,
112,2026-10-08T22:56:25.074698+00:00,112.00925695399928,sr0,1.0077563140002894,1536,0,8,0,0,0,0,0,0.0,0.0,0,
112,2026-10-08T22:56:25.074698+00:00,112.00925695399928,sda,1.0077563140002894,315698688,25485352960,8097,118134,0,45056,0,4,0.0,44709.22124134373,8,
112,2026-10-08T22:56:25.074698+00:00,112.00925695399928,sda1,1.0077563140002894,319488,0,78,0,0,0,0,0,0.0,0.0,0,
112,2026-10-08T22:56:25.074698+00:00,112.00925695399928,sda2,1.0077563140002894,285926400,423174144,6637,67050,0,0,0,0,0.0,0.0,0,
112,2026-10-08T22:56:25.074698+00:00,112.00925695399928,sda3,1.0077563140002894,5559296,118784,154,26,0,0,0,0,0.0,0.0,0,
112,2026-10-08T22:56:25.074698+00:00,112.00925695399928,sda4,1.0077563140002894,4657152,0,116,0,0,0,0,0,0.0,0.0,0,
112,2026-10-08T22:56:25.074698+00:00,112.00925695399928,sda5,1.0077563140002894,16782336,25062060032,977,51058,0,45056,0,4,0.0,44709.22124134373,8,
113,2026-10-08T22:56:26.067228+00:00,113.0011344529994,loop0,0.9925296700002946,2109440,0,219,0,0,0,0,0,0.0,0.0,0,
113,2026-10-08T22:56:26.067228+00:00,113.0011344529994,loop1,0.9925296700002946,354304,0,43,0,0,0,0,0,0.0,0.0,0,
113,2026-10-08T22:56:26.067228+00:00,113.0011344529994,loop2,0.9925296700002946,1106944,0,51,0,0,0,0,0,0.0,0.0,0,
113,2026-10-08T22:56:26.067228+00:00,113.0011344529994,loop3,0.9925296700002946,1141760,0,66,0,0,0,0,0,0.0,0.0,0,
113,2026-10-08T22:56:26.067228+00:00,113.0011344529994,loop4,0.9925296700002946,374784,0,51,0,0,0,0,0,0.0,0.0,0,
113,2026-10-08T22:56:26.067228+00:00,113.0011344529994,loop5,0.9925296700002946,14336,0,11,0,0,0,0,0,0.0,0.0,0,
113,2026-10-08T22:56:26.067228+00:00,113.0011344529994,loop6,0.9925296700002946,0,0,0,0,0,0,0,0,0.0,0.0,0,
113,2026-10-08T22:56:26.067228+00:00,113.0011344529994,loop7,0.9925296700002946,0,0,0,0,0,0,0,0,0.0,0.0,0,
113,2026-10-08T22:56:26.067228+00:00,113.0011344529994,sr0,0.9925296700002946,1536,0,8,0,0,0,0,0,0.0,0.0,0,
113,2026-10-08T22:56:26.067228+00:00,113.0011344529994,sda,0.9925296700002946,315698688,25487802368,8097,118605,0,2449408,0,471,0.0,2467843.60612542,152,
113,2026-10-08T22:56:26.067228+00:00,113.0011344529994,sda1,0.9925296700002946,319488,0,78,0,0,0,0,0,0.0,0.0,0,
113,2026-10-08T22:56:26.067228+00:00,113.0011344529994,sda2,0.9925296700002946,285926400,425623552,6637,67521,0,2449408,0,471,0.0,2467843.60612542,152,
113,2026-10-08T22:56:26.067228+00:00,113.0011344529994,sda3,0.9925296700002946,5559296,118784,154,26,0,0,0,0,0.0,0.0,0,
113,2026-10-08T22:56:26.067228+00:00,113.0011344529994,sda4,0.9925296700002946,4657152,0,116,0,0,0,0,0,0.0,0.0,0,
113,2026-10-08T22:56:26.067228+00:00,113.0011344529994,sda5,0.9925296700002946,16782336,25062060032,977,51058,0,0,0,0,0.0,0.0,0,
114,2026-10-08T22:56:27.073051+00:00,114.0070776800003,loop0,1.0058237129996996,2109440,0,219,0,0,0,0,0,0.0,0.0,0,
114,2026-10-08T22:56:27.073051+00:00,114.0070776800003,loop1,1.0058237129996996,354304,0,43,0,0,0,0,0,0.0,0.0,0,
114,2026-10-08T22:56:27.073051+00:00,114.0070776800003,loop2,1.0058237129996996,1106944,0,51,0,0,0,0,0,0.0,0.0,0,
114,2026-10-08T22:56:27.073051+00:00,114.0070776800003,loop3,1.0058237129996996,1141760,0,66,0,0,0,0,0,0.0,0.0,0,
114,2026-10-08T22:56:27.073051+00:00,114.0070776800003,loop4,1.0058237129996996,374784,0,51,0,0,0,0,0,0.0,0.0,0,
114,2026-10-08T22:56:27.073051+00:00,114.0070776800003,loop5,1.0058237129996996,14336,0,11,0,0,0,0,0,0.0,0.0,0,
114,2026-10-08T22:56:27.073051+00:00,114.0070776800003,loop6,1.0058237129996996,0,0,0,0,0,0,0,0,0.0,0.0,0,
114,2026-10-08T22:56:27.073051+00:00,114.0070776800003,loop7,1.0058237129996996,0,0,0,0,0,0,0,0,0.0,0.0,0,
114,2026-10-08T22:56:27.073051+00:00,114.0070776800003,sr0,1.0058237129996996,1536,0,8,0,0,0,0,0,0.0,0.0,0,
114,2026-10-08T22:56:27.073051+00:00,114.0070776800003,sda,1.0058237129996996,315698688,25487802368,8097,118605,0,0,0,0,0.0,0.0,0,
114,2026-10-08T22:56:27.073051+00:00,114.0070776800003,sda1,1.0058237129996996,319488,0,78,0,0,0,0,0,0.0,0.0,0,
114,2026-10-08T22:56:27.073051+00:00,114.0070776800003,sda2,1.0058237129996996,285926400,425623552,6637,67521,0,0,0,0,0.0,0.0,0,
114,2026-10-08T22:56:27.073051+00:00,114.0070776800003,sda3,1.0058237129996996,5559296,118784,154,26,0,0,0,0,0.0,0.0,0,
114,2026-10-08T22:56:27.073051+00:00,114.0070776800003,sda4,1.0058237129996996,4657152,0,116,0,0,0,0,0,0.0,0.0,0,
114,2026-10-08T22:56:27.073051+00:00,114.0070776800003,sda5,1.0058237129996996,16782336,25062060032,977,51058,0,0,0,0,0.0,0.0,0,
115,2026-10-08T22:56:28.067292+00:00,115.00122105400078,loop0,0.9942405219990178,2109440,0,219,0,0,0,0,0,0.0,0.0,0,
115,2026-10-08T22:56:28.067292+00:00,115.00122105400078,loop1,0.9942405219990178,354304,0,43,0,0,0,0,0,0.0,0.0,0,
115,2026-10-08T22:56:28.067292+00:00,115.00122105400078,loop2,0.9942405219990178,1106944,0,51,0,0,0,0,0,0.0,0.0,0,
115,2026-10-08T22:56:28.067292+00:00,115.00122105400078,loop3,0.9942405219990178,1141760,0,66,0,0,0,0,0,0.0,0.0,0,
115,2026-10-08T22:56:28.067292+00:00,115.00122105400078,loop4,0.9942405219990178,374784,0,51,0,0,0,0,0,0.0,0.0,0,
115,2026-10-08T22:56:28.067292+00:00,115.00122105400078,loop5,0.9942405219990178,14336,0,11,0,0,0,0,0,0.0,0.0,0,
115,2026-10-08T22:56:28.067292+00:00,115.00122105400078,loop6,0.9942405219990178,0,0,0,0,0,0,0,0,0.0,0.0,0,
115,2026-10-08T22:56:28.067292+00:00,115.00122105400078,loop7,0.9942405219990178,0,0,0,0,0,0,0,0,0.0,0.0,0,
115,2026-10-08T22:56:28.067292+00:00,115.00122105400078,sr0,0.9942405219990178,1536,0,8,0,0,0,0,0,0.0,0.0,0,
115,2026-10-08T22:56:28.067292+00:00,115.00122105400078,sda,0.9942405219990178,315698688,25487843328,8097,118608,0,40960,0,3,0.0,41197.274797898914,12,
115,2026-10-08T22:56:28.067292+00:00,115.00122105400078,sda1,0.9942405219990178,319488,0,78,0,0,0,0,0,0.0,0.0,0,
115,2026-10-08T22:56:28.067292+00:00,115.00122105400078,sda2,0.9942405219990178,285926400,425635840,6637,67523,0,12288,0,2,0.0,12359.182439369675,8,
115,2026-10-08T22:56:28.067292+00:00,115.00122105400078,sda3,0.9942405219990178,5559296,118784,154,26,0,0,0,0,0.0,0.0,0,
115,2026-10-08T22:56:28.067292+00:00,115.00122105400078,sda4,0.9942405219990178,4657152,0,116,0,0,0,0,0,0.0,0.0,0,
115,2026-10-08T22:56:28.067292+00:00,115.00122105400078,sda5,0.9942405219990178,16782336,25062088704,977,51059,0,28672,0,1,0.0,28838.09235852924,4,
116,2026-10-08T22:56:29.068022+00:00,116.00170942899967,loop0,1.000729561999833,2109440,0,219,0,0,0,0,0,0.0,0.0,0,
116,2026-10-08T22:56:29.068022+00:00,116.00170942899967,loop1,1.000729561999833,354304,0,43,0,0,0,0,0,0.0,0.0,0,
116,2026-10-08T22:56:29.068022+00:00,116.00170942899967,loop2,1.000729561999833,1106944,0,51,0,0,0,0,0,0.0,0.0,0,
116,2026-10-08T22:56:29.068022+00:00,116.00170942899967,loop3,1.000729561999833,1141760,0,66,0,0,0,0,0,0.0,0.0,0,
116,2026-10-08T22:56:29.068022+00:00,116.00170942899967,loop4,1.000729561999833,374784,0,51,0,0,0,0,0,0.0,0.0,0,
116,2026-10-08T22:56:29.068022+00:00,116.00170942899967,loop5,1.000729561999833,14336,0,11,0,0,0,0,0,0.0,0.0,0,
116,2026-10-08T22:56:29.068022+00:00,116.00170942899967,loop6,1.000729561999833,0,0,0,0,0,0,0,0,0.0,0.0,0,
116,2026-10-08T22:56:29.068022+00:00,116.00170942899967,loop7,1.000729561999833,0,0,0,0,0,0,0,0,0.0,0.0,0,
116,2026-10-08T22:56:29.068022+00:00,116.00170942899967,sr0,1.000729561999833,1536,0,8,0,0,0,0,0,0.0,0.0,0,
116,2026-10-08T22:56:29.068022+00:00,116.00170942899967,sda,1.000729561999833,315698688,25487892480,8097,118611,0,49152,0,3,0.0,49116.166711190046,272,
116,2026-10-08T22:56:29.068022+00:00,116.00170942899967,sda1,1.000729561999833,319488,0,78,0,0,0,0,0,0.0,0.0,0,
116,2026-10-08T22:56:29.068022+00:00,116.00170942899967,sda2,1.000729561999833,285926400,425680896,6637,67525,0,45056,0,2,0.0,45023.152818590876,272,
116,2026-10-08T22:56:29.068022+00:00,116.00170942899967,sda3,1.000729561999833,5559296,118784,154,26,0,0,0,0,0.0,0.0,0,
116,2026-10-08T22:56:29.068022+00:00,116.00170942899967,sda4,1.000729561999833,4657152,0,116,0,0,0,0,0,0.0,0.0,0,
116,2026-10-08T22:56:29.068022+00:00,116.00170942899967,sda5,1.000729561999833,16782336,25062092800,977,51060,0,4096,0,1,0.0,4093.0138925991705,280,
117,2026-10-08T22:56:30.067723+00:00,117.00192348900055,loop0,0.9997020339997107,2109440,0,219,0,0,0,0,0,0.0,0.0,0,
117,2026-10-08T22:56:30.067723+00:00,117.00192348900055,loop1,0.9997020339997107,354304,0,43,0,0,0,0,0,0.0,0.0,0,
117,2026-10-08T22:56:30.067723+00:00,117.00192348900055,loop2,0.9997020339997107,1106944,0,51,0,0,0,0,0,0.0,0.0,0,
117,2026-10-08T22:56:30.067723+00:00,117.00192348900055,loop3,0.9997020339997107,1141760,0,66,0,0,0,0,0,0.0,0.0,0,
117,2026-10-08T22:56:30.067723+00:00,117.00192348900055,loop4,0.9997020339997107,374784,0,51,0,0,0,0,0,0.0,0.0,0,
117,2026-10-08T22:56:30.067723+00:00,117.00192348900055,loop5,0.9997020339997107,14336,0,11,0,0,0,0,0,0.0,0.0,0,
117,2026-10-08T22:56:30.067723+00:00,117.00192348900055,loop6,0.9997020339997107,0,0,0,0,0,0,0,0,0.0,0.0,0,
117,2026-10-08T22:56:30.067723+00:00,117.00192348900055,loop7,0.9997020339997107,0,0,0,0,0,0,0,0,0.0,0.0,0,
117,2026-10-08T22:56:30.067723+00:00,117.00192348900055,sr0,0.9997020339997107,1536,0,8,0,0,0,0,0,0.0,0.0,0,
117,2026-10-08T22:56:30.067723+00:00,117.00192348900055,sda,0.9997020339997107,315698688,25487933440,8097,118615,0,40960,0,4,0.0,40972.20832503763,4,
117,2026-10-08T22:56:30.067723+00:00,117.00192348900055,sda1,0.9997020339997107,319488,0,78,0,0,0,0,0,0.0,0.0,0,
117,2026-10-08T22:56:30.067723+00:00,117.00192348900055,sda2,0.9997020339997107,285926400,425680896,6637,67525,0,0,0,0,0.0,0.0,0,
117,2026-10-08T22:56:30.067723+00:00,117.00192348900055,sda3,0.9997020339997107,5559296,118784,154,26,0,0,0,0,0.0,0.0,0,
117,2026-10-08T22:56:30.067723+00:00,117.00192348900055,sda4,0.9997020339997107,4657152,0,116,0,0,0,0,0,0.0,0.0,0,
117,2026-10-08T22:56:30.067723+00:00,117.00192348900055,sda5,0.9997020339997107,16782336,25062133760,977,51064,0,40960,0,4,0.0,40972.20832503763,4,
118,2026-10-08T22:56:31.066718+00:00,118.00093273399943,loop0,0.9989945520010224,2109440,0,219,0,0,0,0,0,0.0,0.0,0,
118,2026-10-08T22:56:31.066718+00:00,118.00093273399943,loop1,0.9989945520010224,354304,0,43,0,0,0,0,0,0.0,0.0,0,
118,2026-10-08T22:56:31.066718+00:00,118.00093273399943,loop2,0.9989945520010224,1106944,0,51,0,0,0,0,0,0.0,0.0,0,
118,2026-10-08T22:56:31.066718+00:00,118.00093273399943,loop3,0.9989945520010224,1141760,0,66,0,0,0,0,0,0.0,0.0,0,
118,2026-10-08T22:56:31.066718+00:00,118.00093273399943,loop4,0.9989945520010224,374784,0,51,0,0,0,0,0,0.0,0.0,0,
118,2026-10-08T22:56:31.066718+00:00,118.00093273399943,loop5,0.9989945520010224,14336,0,11,0,0,0,0,0,0.0,0.0,0,
118,2026-10-08T22:56:31.066718+00:00,118.00093273399943,loop6,0.9989945520010224,0,0,0,0,0,0,0,0,0.0,0.0,0,
118,2026-10-08T22:56:31.066718+00:00,118.00093273399943,loop7,0.9989945520010224,0,0,0,0,0,0,0,0,0.0,0.0,0,
118,2026-10-08T22:56:31.066718+00:00,118.00093273399943,sr0,0.9989945520010224,1536,0,8,0,0,0,0,0,0.0,0.0,0,
118,2026-10-08T22:56:31.066718+00:00,118.00093273399943,sda,0.9989945520010224,315698688,25487933440,8097,118615,0,0,0,0,0.0,0.0,0,
118,2026-10-08T22:56:31.066718+00:00,118.00093273399943,sda1,0.9989945520010224,319488,0,78,0,0,0,0,0,0.0,0.0,0,
118,2026-10-08T22:56:31.066718+00:00,118.00093273399943,sda2,0.9989945520010224,285926400,425680896,6637,67525,0,0,0,0,0.0,0.0,0,
118,2026-10-08T22:56:31.066718+00:00,118.00093273399943,sda3,0.9989945520010224,5559296,118784,154,26,0,0,0,0,0.0,0.0,0,
118,2026-10-08T22:56:31.066718+00:00,118.00093273399943,sda4,0.9989945520010224,4657152,0,116,0,0,0,0,0,0.0,0.0,0,
118,2026-10-08T22:56:31.066718+00:00,118.00093273399943,sda5,0.9989945520010224,16782336,25062133760,977,51064,0,0,0,0,0.0,0.0,0,
119,2026-10-08T22:56:32.067329+00:00,119.00154882700008,loop0,1.0006107289991633,2109440,0,219,0,0,0,0,0,0.0,0.0,0,
119,2026-10-08T22:56:32.067329+00:00,119.00154882700008,loop1,1.0006107289991633,354304,0,43,0,0,0,0,0,0.0,0.0,0,
119,2026-10-08T22:56:32.067329+00:00,119.00154882700008,loop2,1.0006107289991633,1106944,0,51,0,0,0,0,0,0.0,0.0,0,
119,2026-10-08T22:56:32.067329+00:00,119.00154882700008,loop3,1.0006107289991633,1141760,0,66,0,0,0,0,0,0.0,0.0,0,
119,2026-10-08T22:56:32.067329+00:00,119.00154882700008,loop4,1.0006107289991633,374784,0,51,0,0,0,0,0,0.0,0.0,0,
119,2026-10-08T22:56:32.067329+00:00,119.00154882700008,loop5,1.0006107289991633,14336,0,11,0,0,0,0,0,0.0,0.0,0,
119,2026-10-08T22:56:32.067329+00:00,119.00154882700008,loop6,1.0006107289991633,0,0,0,0,0,0,0,0,0.0,0.0,0,
119,2026-10-08T22:56:32.067329+00:00,119.00154882700008,loop7,1.0006107289991633,0,0,0,0,0,0,0,0,0.0,0.0,0,
119,2026-10-08T22:56:32.067329+00:00,119.00154882700008,sr0,1.0006107289991633,1536,0,8,0,0,0,0,0,0.0,0.0,0,
119,2026-10-08T22:56:32.067329+00:00,119.00154882700008,sda,1.0006107289991633,315698688,25487933440,8097,118615,0,0,0,0,0.0,0.0,0,
119,2026-10-08T22:56:32.067329+00:00,119.00154882700008,sda1,1.0006107289991633,319488,0,78,0,0,0,0,0,0.0,0.0,0,
119,2026-10-08T22:56:32.067329+00:00,119.00154882700008,sda2,1.0006107289991633,285926400,425680896,6637,67525,0,0,0,0,0.0,0.0,0,
119,2026-10-08T22:56:32.067329+00:00,119.00154882700008,sda3,1.0006107289991633,5559296,118784,154,26,0,0,0,0,0.0,0.0,0,
119,2026-10-08T22:56:32.067329+00:00,119.00154882700008,sda4,1.0006107289991633,4657152,0,116,0,0,0,0,0,0.0,0.0,0,
119,2026-10-08T22:56:32.067329+00:00,119.00154882700008,sda5,1.0006107289991633,16782336,25062133760,977,51064,0,0,0,0,0.0,0.0,0,
120,2026-10-08T22:56:33.068103+00:00,120.0012546300004,loop0,1.0007737169999018,2109440,0,219,0,0,0,0,0,0.0,0.0,0,
120,2026-10-08T22:56:33.068103+00:00,120.0012546300004,loop1,1.0007737169999018,354304,0,43,0,0,0,0,0,0.0,0.0,0,
120,2026-10-08T22:56:33.068103+00:00,120.0012546300004,loop2,1.0007737169999018,1106944,0,51,0,0,0,0,0,0.0,0.0,0,
120,2026-10-08T22:56:33.068103+00:00,120.0012546300004,loop3,1.0007737169999018,1141760,0,66,0,0,0,0,0,0.0,0.0,0,
120,2026-10-08T22:56:33.068103+00:00,120.0012546300004,loop4,1.0007737169999018,374784,0,51,0,0,0,0,0,0.0,0.0,0,
120,2026-10-08T22:56:33.068103+00:00,120.0012546300004,loop5,1.0007737169999018,14336,0,11,0,0,0,0,0,0.0,0.0,0,
120,2026-10-08T22:56:33.068103+00:00,120.0012546300004,loop6,1.0007737169999018,0,0,0,0,0,0,0,0,0.0,0.0,0,
120,2026-10-08T22:56:33.068103+00:00,120.0012546300004,loop7,1.0007737169999018,0,0,0,0,0,0,0,0,0.0,0.0,0,
120,2026-10-08T22:56:33.068103+00:00,120.0012546300004,sr0,1.0007737169999018,1536,0,8,0,0,0,0,0,0.0,0.0,0,
120,2026-10-08T22:56:33.068103+00:00,120.0012546300004,sda,1.0007737169999018,315698688,25487945728,8097,118617,0,12288,0,2,0.0,12278.49991588179,4,
120,2026-10-08T22:56:33.068103+00:00,120.0012546300004,sda1,1.0007737169999018,319488,0,78,0,0,0,0,0,0.0,0.0,0,
120,2026-10-08T22:56:33.068103+00:00,120.0012546300004,sda2,1.0007737169999018,285926400,425693184,6637,67527,0,12288,0,2,0.0,12278.49991588179,4,
120,2026-10-08T22:56:33.068103+00:00,120.0012546300004,sda3,1.0007737169999018,5559296,118784,154,26,0,0,0,0,0.0,0.0,0,
120,2026-10-08T22:56:33.068103+00:00,120.0012546300004,sda4,1.0007737169999018,4657152,0,116,0,0,0,0,0,0.0,0.0,0,
120,2026-10-08T22:56:33.068103+00:00,120.0012546300004,sda5,1.0007737169999018,16782336,25062133760,977,51064,0,0,0,0,0.0,0.0,0,
121,2026-10-08T22:56:34.066277+00:00,121.00040963100037,loop0,0.9981742220006709,2109440,0,219,0,0,0,0,0,0.0,0.0,0,
121,2026-10-08T22:56:34.066277+00:00,121.00040963100037,loop1,0.9981742220006709,354304,0,43,0,0,0,0,0,0.0,0.0,0,
121,2026-10-08T22:56:34.066277+00:00,121.00040963100037,loop2,0.9981742220006709,1106944,0,51,0,0,0,0,0,0.0,0.0,0,
121,2026-10-08T22:56:34.066277+00:00,121.00040963100037,loop3,0.9981742220006709,1141760,0,66,0,0,0,0,0,0.0,0.0,0,
121,2026-10-08T22:56:34.066277+00:00,121.00040963100037,loop4,0.9981742220006709,374784,0,51,0,0,0,0,0,0.0,0.0,0,
121,2026-10-08T22:56:34.066277+00:00,121.00040963100037,loop5,0.9981742220006709,14336,0,11,0,0,0,0,0,0.0,0.0,0,
121,2026-10-08T22:56:34.066277+00:00,121.00040963100037,loop6,0.9981742220006709,0,0,0,0,0,0,0,0,0.0,0.0,0,
121,2026-10-08T22:56:34.066277+00:00,121.00040963100037,loop7,0.9981742220006709,0,0,0,0,0,0,0,0,0.0,0.0,0,
121,2026-10-08T22:56:34.066277+00:00,121.00040963100037,sr0,0.9981742220006709,1536,0,8,0,0,0,0,0,0.0,0.0,0,
121,2026-10-08T22:56:34.066277+00:00,121.00040963100037,sda,0.9981742220006709,315698688,25488015360,8097,118621,0,69632,0,4,0.0,69759.36511407244,12,
121,2026-10-08T22:56:34.066277+00:00,121.00040963100037,sda1,0.9981742220006709,319488,0,78,0,0,0,0,0,0.0,0.0,0,
121,2026-10-08T22:56:34.066277+00:00,121.00040963100037,sda2,0.9981742220006709,285926400,425730048,6637,67529,0,36864,0,2,0.0,36931.42858980306,4,
121,2026-10-08T22:56:34.066277+00:00,121.00040963100037,sda3,0.9981742220006709,5559296,118784,154,26,0,0,0,0,0.0,0.0,0,
121,2026-10-08T22:56:34.066277+00:00,121.00040963100037,sda4,0.9981742220006709,4657152,0,116,0,0,0,0,0,0.0,0.0,0,
121,2026-10-08T22:56:34.066277+00:00,121.00040963100037,sda5,0.9981742220006709,16782336,25062166528,977,51066,0,32768,0,2,0.0,32827.93652426938,8,
122,2026-10-08T22:56:35.067385+00:00,122.00133693399948,loop0,1.0011081600005127,2109440,0,219,0,0,0,0,0,0.0,0.0,0,
122,2026-10-08T22:56:35.067385+00:00,122.00133693399948,loop1,1.0011081600005127,354304,0,43,0,0,0,0,0,0.0,0.0,0,
122,2026-10-08T22:56:35.067385+00:00,122.00133693399948,loop2,1.0011081600005127,1106944,0,51,0,0,0,0,0,0.0,0.0,0,
122,2026-10-08T22:56:35.067385+00:00,122.00133693399948,loop3,1.0011081600005127,1141760,0,66,0,0,0,0,0,0.0,0.0,0,
122,2026-10-08T22:56:35.067385+00:00,122.00133693399948,loop4,1.0011081600005127,374784,0,51,0,0,0,0,0,0.0,0.0,0,
122,2026-10-08T22:56:35.067385+00:00,122.00133693399948,loop5,1.0011081600005127,14336,0,11,0,0,0,0,0,0.0,0.0,0,
122,2026-10-08T22:56:35.067385+00:00,122.00133693399948,loop6,1.0011081600005127,0,0,0,0,0,0,0,0,0.0,0.0,0,
122,2026-10-08T22:56:35.067385+00:00,122.00133693399948,loop7,1.0011081600005127,0,0,0,0,0,0,0,0,0.0,0.0,0,
122,2026-10-08T22:56:35.067385+00:00,122.00133693399948,sr0,1.0011081600005127,1536,0,8,0,0,0,0,0,0.0,0.0,0,
122,2026-10-08T22:56:35.067385+00:00,122.00133693399948,sda,1.0011081600005127,315698688,25488052224,8097,118626,0,36864,0,5,0.0,36823.194009307765,4,
122,2026-10-08T22:56:35.067385+00:00,122.00133693399948,sda1,1.0011081600005127,319488,0,78,0,0,0,0,0,0.0,0.0,0,
122,2026-10-08T22:56:35.067385+00:00,122.00133693399948,sda2,1.0011081600005127,285926400,425730048,6637,67529,0,0,0,0,0.0,0.0,0,
122,2026-10-08T22:56:35.067385+00:00,122.00133693399948,sda3,1.0011081600005127,5559296,118784,154,26,0,0,0,0,0.0,0.0,0,
122,2026-10-08T22:56:35.067385+00:00,122.00133693399948,sda4,1.0011081600005127,4657152,0,116,0,0,0,0,0,0.0,0.0,0,
122,2026-10-08T22:56:35.067385+00:00,122.00133693399948,sda5,1.0011081600005127,16782336,25062203392,977,51071,0,36864,0,5,0.0,36823.194009307765,4,
123,2026-10-08T22:56:36.066302+00:00,123.00054111700047,loop0,0.9989175609989616,2109440,0,219,0,0,0,0,0,0.0,0.0,0,
123,2026-10-08T22:56:36.066302+00:00,123.00054111700047,loop1,0.9989175609989616,354304,0,43,0,0,0,0,0,0.0,0.0,0,
123,2026-10-08T22:56:36.066302+00:00,123.00054111700047,loop2,0.9989175609989616,1106944,0,51,0,0,0,0,0,0.0,0.0,0,
123,2026-10-08T22:56:36.066302+00:00,123.00054111700047,loop3,0.9989175609989616,1141760,0,66,0,0,0,0,0,0.0,0.0,0,
123,2026-10-08T22:56:36.066302+00:00,123.00054111700047,loop4,0.9989175609989616,374784,0,51,0,0,0,0,0,0.0,0.0,0,
123,2026-10-08T22:56:36.066302+00:00,123.00054111700047,loop5,0.9989175609989616,14336,0,11,0,0,0,0,0,0.0,0.0,0,
123,2026-10-08T22:56:36.066302+00:00,123.00054111700047,loop6,0.9989175609989616,0,0,0,0,0,0,0,0,0.0,0.0,0,
123,2026-10-08T22:56:36.066302+00:00,123.00054111700047,loop7,0.9989175609989616,0,0,0,0,0,0,0,0,0.0,0.0,0,
123,2026-10-08T22:56:36.066302+00:00,123.00054111700047,sr0,0.9989175609989616,1536,0,8,0,0,0,0,0,0.0,0.0,0,
123,2026-10-08T22:56:36.066302+00:00,123.00054111700047,sda,0.9989175609989616,315698688,25488052224,8097,118626,0,0,0,0,0.0,0.0,0,
123,2026-10-08T22:56:36.066302+00:00,123.00054111700047,sda1,0.9989175609989616,319488,0,78,0,0,0,0,0,0.0,0.0,0,
123,2026-10-08T22:56:36.066302+00:00,123.00054111700047,sda2,0.9989175609989616,285926400,425730048,6637,67529,0,0,0,0,0.0,0.0,0,
123,2026-10-08T22:56:36.066302+00:00,123.00054111700047,sda3,0.9989175609989616,5559296,118784,154,26,0,0,0,0,0.0,0.0,0,
123,2026-10-08T22:56:36.066302+00:00,123.00054111700047,sda4,0.9989175609989616,4657152,0,116,0,0,0,0,0,0.0,0.0,0,
123,2026-10-08T22:56:36.066302+00:00,123.00054111700047,sda5,0.9989175609989616,16782336,25062203392,977,51071,0,0,0,0,0.0,0.0,0,
124,2026-10-08T22:56:37.067264+00:00,124.00102843599961,loop0,1.0009615600010875,2109440,0,219,0,0,0,0,0,0.0,0.0,0,
124,2026-10-08T22:56:37.067264+00:00,124.00102843599961,loop1,1.0009615600010875,354304,0,43,0,0,0,0,0,0.0,0.0,0,
124,2026-10-08T22:56:37.067264+00:00,124.00102843599961,loop2,1.0009615600010875,1106944,0,51,0,0,0,0,0,0.0,0.0,0,
124,2026-10-08T22:56:37.067264+00:00,124.00102843599961,loop3,1.0009615600010875,1141760,0,66,0,0,0,0,0,0.0,0.0,0,
124,2026-10-08T22:56:37.067264+00:00,124.00102843599961,loop4,1.0009615600010875,374784,0,51,0,0,0,0,0,0.0,0.0,0,
124,2026-10-08T22:56:37.067264+00:00,124.00102843599961,loop5,1.0009615600010875,14336,0,11,0,0,0,0,0,0.0,0.0,0,
124,2026-10-08T22:56:37.067264+00:00,124.00102843599961,loop6,1.0009615600010875,0,0,0,0,0,0,0,0,0.0,0.0,0,
124,2026-10-08T22:56:37.067264+00:00,124.00102843599961,loop7,1.0009615600010875,0,0,0,0,0,0,0,0,0.0,0.0,0,
124,2026-10-08T22:56:37.067264+00:00,124.00102843599961,sr0,1.0009615600010875,1536,0,8,0,0,0,0,0,0.0,0.0,0,
124,2026-10-08T22:56:37.067264+00:00,124.00102843599961,sda,1.0009615600010875,315698688,25488052224,8097,118626,0,0,0,0,0.0,0.0,0,
124,2026-10-08T22:56:37.067264+00:00,124.00102843599961,sda1,1.0009615600010875,319488,0,78,0,0,0,0,0,0.0,0.0,0,
124,2026-10-08T22:56:37.067264+00:00,124.00102843599961,sda2,1.0009615600010875,285926400,425730048,6637,67529,0,0,0,0,0.0,0.0,0,
124,2026-10-08T22:56:37.067264+00:00,124.00102843599961,sda3,1.0009615600010875,5559296,118784,154,26,0,0,0,0,0.0,0.0,0,
124,2026-10-08T22:56:37.067264+00:00,124.00102843599961,sda4,1.0009615600010875,4657152,0,116,0,0,0,0,0,0.0,0.0,0,
124,2026-10-08T22:56:37.067264+00:00,124.00102843599961,sda5,1.0009615600010875,16782336,25062203392,977,51071,0,0,0,0,0.0,0.0,0,
125,2026-10-08T22:56:38.070420+00:00,125.00455080100073,loop0,1.003155649999826,2109440,0,219,0,0,0,0,0,0.0,0.0,0,
125,2026-10-08T22:56:38.070420+00:00,125.00455080100073,loop1,1.003155649999826,354304,0,43,0,0,0,0,0,0.0,0.0,0,
125,2026-10-08T22:56:38.070420+00:00,125.00455080100073,loop2,1.003155649999826,1106944,0,51,0,0,0,0,0,0.0,0.0,0,
125,2026-10-08T22:56:38.070420+00:00,125.00455080100073,loop3,1.003155649999826,1141760,0,66,0,0,0,0,0,0.0,0.0,0,
125,2026-10-08T22:56:38.070420+00:00,125.00455080100073,loop4,1.003155649999826,374784,0,51,0,0,0,0,0,0.0,0.0,0,
125,2026-10-08T22:56:38.070420+00:00,125.00455080100073,loop5,1.003155649999826,14336,0,11,0,0,0,0,0,0.0,0.0,0,
125,2026-10-08T22:56:38.070420+00:00,125.00455080100073,loop6,1.003155649999826,0,0,0,0,0,0,0,0,0.0,0.0,0,
125,2026-10-08T22:56:38.070420+00:00,125.00455080100073,loop7,1.003155649999826,0,0,0,0,0,0,0,0,0.0,0.0,0,
125,2026-10-08T22:56:38.070420+00:00,125.00455080100073,sr0,1.003155649999826,1536,0,8,0,0,0,0,0,0.0,0.0,0,
125,2026-10-08T22:56:38.070420+00:00,125.00455080100073,sda,1.003155649999826,315698688,25488064512,8097,118628,0,12288,0,2,0.0,12249.34535333787,4,
125,2026-10-08T22:56:38.070420+00:00,125.00455080100073,sda1,1.003155649999826,319488,0,78,0,0,0,0,0,0.0,0.0,0,
125,2026-10-08T22:56:38.070420+00:00,125.00455080100073,sda2,1.003155649999826,285926400,425742336,6637,67531,0,12288,0,2,0.0,12249.34535333787,4,
125,2026-10-08T22:56:38.070420+00:00,125.00455080100073,sda3,1.003155649999826,5559296,118784,154,26,0,0,0,0,0.0,0.0,0,
125,2026-10-08T22:56:38.070420+00:00,125.00455080100073,sda4,1.003155649999826,4657152,0,116,0,0,0,0,0,0.0,0.0,0,
125,2026-10-08T22:56:38.070420+00:00,125.00455080100073,sda5,1.003155649999826,16782336,25062203392,977,51071,0,0,0,0,0.0,0.0,0,
126,2026-10-08T22:56:39.068475+00:00,126.00201464999918,loop0,0.9980555660004029,2109440,0,219,0,0,0,0,0,0.0,0.0,0,
126,2026-10-08T22:56:39.068475+00:00,126.00201464999918,loop1,0.9980555660004029,354304,0,43,0,0,0,0,0,0.0,0.0,0,
126,2026-10-08T22:56:39.068475+00:00,126.00201464999918,loop2,0.9980555660004029,1106944,0,51,0,0,0,0,0,0.0,0.0,0,
126,2026-10-08T22:56:39.068475+00:00,126.00201464999918,loop3,0.9980555660004029,1141760,0,66,0,0,0,0,0,0.0,0.0,0,
126,2026-10-08T22:56:39.068475+00:00,126.00201464999918,loop4,0.9980555660004029,374784,0,51,0,0,0,0,0,0.0,0.0,0,
126,2026-10-08T22:56:39.068475+00:00,126.00201464999918,loop5,0.9980555660004029,14336,0,11,0,0,0,0,0,0.0,0.0,0,
126,2026-10-08T22:56:39.068475+00:00,126.00201464999918,loop6,0.9980555660004029,0,0,0,0,0,0,0,0,0.0,0.0,0,
126,2026-10-08T22:56:39.068475+00:00,126.00201464999918,loop7,0.9980555660004029,0,0,0,0,0,0,0,0,0.0,0.0,0,
126,2026-10-08T22:56:39.068475+00:00,126.00201464999918,sr0,0.9980555660004029,1536,0,8,0,0,0,0,0,0.0,0.0,0,
126,2026-10-08T22:56:39.068475+00:00,126.00201464999918,sda,0.9980555660004029,315698688,25488142336,8097,118632,0,77824,0,4,0.0,77975.61844364143,16,
126,2026-10-08T22:56:39.068475+00:00,126.00201464999918,sda1,0.9980555660004029,319488,0,78,0,0,0,0,0,0.0,0.0,0,
126,2026-10-08T22:56:39.068475+00:00,126.00201464999918,sda2,0.9980555660004029,285926400,425779200,6637,67533,0,36864,0,2,0.0,36935.81926277752,8,
126,2026-10-08T22:56:39.068475+00:00,126.00201464999918,sda3,0.9980555660004029,5559296,118784,154,26,0,0,0,0,0.0,0.0,0,
126,2026-10-08T22:56:39.068475+00:00,126.00201464999918,sda4,0.9980555660004029,4657152,0,116,0,0,0,0,0,0.0,0.0,0,
126,2026-10-08T22:56:39.068475+00:00,126.00201464999918,sda5,0.9980555660004029,16782336,25062244352,977,51073,0,40960,0,2,0.0,41039.799180863905,8,
127,2026-10-08T22:56:40.067471+00:00,127.00172274599936,loop0,0.99899537499914,2109440,0,219,0,0,0,0,0,0.0,0.0,0,
127,2026-10-08T22:56:40.067471+00:00,127.00172274599936,loop1,0.99899537499914,354304,0,43,0,0,0,0,0,0.0,0.0,0,
127,2026-10-08T22:56:40.067471+00:00,127.00172274599936,loop2,0.99899537499914,1106944,0,51,0,0,0,0,0,0.0,0.0,0,
127,2026-10-08T22:56:40.067471+00:00,127.00172274599936,loop3,0.99899537499914,1141760,0,66,0,0,0,0,0,0.0,0.0,0,
127,2026-10-08T22:56:40.067471+00:00,127.00172274599936,loop4,0.99899537499914,374784,0,51,0,0,0,0,0,0.0,0.0,0,
127,2026-10-08T22:56:40.067471+00:00,127.00172274599936,loop5,0.99899537499914,14336,0,11,0,0,0,0,0,0.0,0.0,0,
127,2026-10-08T22:56:40.067471+00:00,127.00172274599936,loop6,0.99899537499914,0,0,0,0,0,0,0,0,0.0,0.0,0,
127,2026-10-08T22:56:40.067471+00:00,127.00172274599936,loop7,0.99899537499914,0,0,0,0,0,0,0,0,0.0,0.0,0,
127,2026-10-08T22:56:40.067471+00:00,127.00172274599936,sr0,0.99899537499914,1536,0,8,0,0,0,0,0,0.0,0.0,0,
127,2026-10-08T22:56:40.067471+00:00,127.00172274599936,sda,0.99899537499914,315698688,25488183296,8097,118636,0,40960,0,4,0.0,41001.19082136417,4,
127,2026-10-08T22:56:40.067471+00:00,127.00172274599936,sda1,0.99899537499914,319488,0,78,0,0,0,0,0,0.0,0.0,0,
127,2026-10-08T22:56:40.067471+00:00,127.00172274599936,sda2,0.99899537499914,285926400,425779200,6637,67533,0,0,0,0,0.0,0.0,0,
127,2026-10-08T22:56:40.067471+00:00,127.00172274599936,sda3,0.99899537499914,5559296,118784,154,26,0,0,0,0,0.0,0.0,0,
127,2026-10-08T22:56:40.067471+00:00,127.00172274599936,sda4,0.99899537499914,4657152,0,116,0,0,0,0,0,0.0,0.0,0,
127,2026-10-08T22:56:40.067471+00:00,127.00172274599936,sda5,0.99899537499914,16782336,25062285312,977,51077,0,40960,0,4,0.0,41001.19082136417,4,
128,2026-10-08T22:56:41.070446+00:00,128.00419339200016,loop0,1.002975105000587,2109440,0,219,0,0,0,0,0,0.0,0.0,0,
128,2026-10-08T22:56:41.070446+00:00,128.00419339200016,loop1,1.002975105000587,354304,0,43,0,0,0,0,0,0.0,0.0,0,
128,2026-10-08T22:56:41.070446+00:00,128.00419339200016,loop2,1.002975105000587,1106944,0,51,0,0,0,0,0,0.0,0.0,0,
128,2026-10-08T22:56:41.070446+00:00,128.00419339200016,loop3,1.002975105000587,1141760,0,66,0,0,0,0,0,0.0,0.0,0,
128,2026-10-08T22:56:41.070446+00:00,128.00419339200016,loop4,1.002975105000587,374784,0,51,0,0,0,0,0,0.0,0.0,0,
128,2026-10-08T22:56:41.070446+00:00,128.00419339200016,loop5,1.002975105000587,14336,0,11,0,0,0,0,0,0.0,0.0,0,
128,2026-10-08T22:56:41.070446+00:00,128.00419339200016,loop6,1.002975105000587,0,0,0,0,0,0,0,0,0.0,0.0,0,
128,2026-10-08T22:56:41.070446+00:00,128.00419339200016,loop7,1.002975105000587,0,0,0,0,0,0,0,0,0.0,0.0,0,
128,2026-10-08T22:56:41.070446+00:00,128.00419339200016,sr0,1.002975105000587,1536,0,8,0,0,0,0,0,0.0,0.0,0,
128,2026-10-08T22:56:41.070446+00:00,128.00419339200016,sda,1.002975105000587,315698688,25488183296,8097,118636,0,0,0,0,0.0,0.0,0,
128,2026-10-08T22:56:41.070446+00:00,128.00419339200016,sda1,1.002975105000587,319488,0,78,0,0,0,0,0,0.0,0.0,0,
128,2026-10-08T22:56:41.070446+00:00,128.00419339200016,sda2,1.002975105000587,285926400,425779200,6637,67533,0,0,0,0,0.0,0.0,0,
128,2026-10-08T22:56:41.070446+00:00,128.00419339200016,sda3,1.002975105000587,5559296,118784,154,26,0,0,0,0,0.0,0.0,0,
128,2026-10-08T22:56:41.070446+00:00,128.00419339200016,sda4,1.002975105000587,4657152,0,116,0,0,0,0,0,0.0,0.0,0,
128,2026-10-08T22:56:41.070446+00:00,128.00419339200016,sda5,1.002975105000587,16782336,25062285312,977,51077,0,0,0,0,0.0,0.0,0,
129,2026-10-08T22:56:42.067518+00:00,129.00149121200047,loop0,0.9970721549998416,2109440,0,219,0,0,0,0,0,0.0,0.0,0,
129,2026-10-08T22:56:42.067518+00:00,129.00149121200047,loop1,0.9970721549998416,354304,0,43,0,0,0,0,0,0.0,0.0,0,
129,2026-10-08T22:56:42.067518+00:00,129.00149121200047,loop2,0.9970721549998416,1106944,0,51,0,0,0,0,0,0.0,0.0,0,
129,2026-10-08T22:56:42.067518+00:00,129.00149121200047,loop3,0.9970721549998416,1141760,0,66,0,0,0,0,0,0.0,0.0,0,
129,2026-10-08T22:56:42.067518+00:00,129.00149121200047,loop4,0.9970721549998416,374784,0,51,0,0,0,0,0,0.0,0.0,0,
129,2026-10-08T22:56:42.067518+00:00,129.00149121200047,loop5,0.9970721549998416,14336,0,11,0,0,0,0,0,0.0,0.0,0,
129,2026-10-08T22:56:42.067518+00:00,129.00149121200047,loop6,0.9970721549998416,0,0,0,0,0,0,0,0,0.0,0.0,0,
129,2026-10-08T22:56:42.067518+00:00,129.00149121200047,loop7,0.9970721549998416,0,0,0,0,0,0,0,0,0.0,0.0,0,
129,2026-10-08T22:56:42.067518+00:00,129.00149121200047,sr0,0.9970721549998416,1536,0,8,0,0,0,0,0,0.0,0.0,0,
129,2026-10-08T22:56:42.067518+00:00,129.00149121200047,sda,0.9970721549998416,315698688,25488183296,8097,118636,0,0,0,0,0.0,0.0,0,
129,2026-10-08T22:56:42.067518+00:00,129.00149121200047,sda1,0.9970721549998416,319488,0,78,0,0,0,0,0,0.0,0.0,0,
129,2026-10-08T22:56:42.067518+00:00,129.00149121200047,sda2,0.9970721549998416,285926400,425779200,6637,67533,0,0,0,0,0.0,0.0,0,
129,2026-10-08T22:56:42.067518+00:00,129.00149121200047,sda3,0.9970721549998416,5559296,118784,154,26,0,0,0,0,0.0,0.0,0,
129,2026-10-08T22:56:42.067518+00:00,129.00149121200047,sda4,0.9970721549998416,4657152,0,116,0,0,0,0,0,0.0,0.0,0,
129,2026-10-08T22:56:42.067518+00:00,129.00149121200047,sda5,0.9970721549998416,16782336,25062285312,977,51077,0,0,0,0,0.0,0.0,0,
130,2026-10-08T22:56:43.068777+00:00,130.0032169189999,loop0,1.001259280999875,2109440,0,219,0,0,0,0,0,0.0,0.0,0,
130,2026-10-08T22:56:43.068777+00:00,130.0032169189999,loop1,1.001259280999875,354304,0,43,0,0,0,0,0,0.0,0.0,0,
130,2026-10-08T22:56:43.068777+00:00,130.0032169189999,loop2,1.001259280999875,1106944,0,51,0,0,0,0,0,0.0,0.0,0,
130,2026-10-08T22:56:43.068777+00:00,130.0032169189999,loop3,1.001259280999875,1141760,0,66,0,0,0,0,0,0.0,0.0,0,
130,2026-10-08T22:56:43.068777+00:00,130.0032169189999,loop4,1.001259280999875,374784,0,51,0,0,0,0,0,0.0,0.0,0,
130,2026-10-08T22:56:43.068777+00:00,130.0032169189999,loop5,1.001259280999875,14336,0,11,0,0,0,0,0,0.0,0.0,0,
130,2026-10-08T22:56:43.068777+00:00,130.0032169189999,loop6,1.001259280999875,0,0,0,0,0,0,0,0,0.0,0.0,0,
130,2026-10-08T22:56:43.068777+00:00,130.0032169189999,loop7,1.001259280999875,0,0,0,0,0,0,0,0,0.0,0.0,0,
130,2026-10-08T22:56:43.068777+00:00,130.0032169189999,sr0,1.001259280999875,1536,0,8,0,0,0,0,0,0.0,0.0,0,
130,2026-10-08T22:56:43.068777+00:00,130.0032169189999,sda,1.001259280999875,315698688,25488183296,8097,118636,0,0,0,0,0.0,0.0,0,
130,2026-10-08T22:56:43.068777+00:00,130.0032169189999,sda1,1.001259280999875,319488,0,78,0,0,0,0,0,0.0,0.0,0,
130,2026-10-08T22:56:43.068777+00:00,130.0032169189999,sda2,1.001259280999875,285926400,425779200,6637,67533,0,0,0,0,0.0,0.0,0,
130,2026-10-08T22:56:43.068777+00:00,130.0032169189999,sda3,1.001259280999875,5559296,118784,154,26,0,0,0,0,0.0,0.0,0,
130,2026-10-08T22:56:43.068777+00:00,130.0032169189999,sda4,1.001259280999875,4657152,0,116,0,0,0,0,0,0.0,0.0,0,
130,2026-10-08T22:56:43.068777+00:00,130.0032169189999,sda5,1.001259280999875,16782336,25062285312,977,51077,0,0,0,0,0.0,0.0,0,
131,2026-10-08T22:56:44.067528+00:00,131.0013788640008,loop0,0.9987507410005492,2109440,0,219,0,0,0,0,0,0.0,0.0,0,
131,2026-10-08T22:56:44.067528+00:00,131.0013788640008,loop1,0.9987507410005492,354304,0,43,0,0,0,0,0,0.0,0.0,0,
131,2026-10-08T22:56:44.067528+00:00,131.0013788640008,loop2,0.9987507410005492,1106944,0,51,0,0,0,0,0,0.0,0.0,0,
131,2026-10-08T22:56:44.067528+00:00,131.0013788640008,loop3,0.9987507410005492,1141760,0,66,0,0,0,0,0,0.0,0.0,0,
131,2026-10-08T22:56:44.067528+00:00,131.0013788640008,loop4,0.9987507410005492,374784,0,51,0,0,0,0,0,0.0,0.0,0,
131,2026-10-08T22:56:44.067528+00:00,131.0013788640008,loop5,0.9987507410005492,14336,0,11,0,0,0,0,0,0.0,0.0,0,
131,2026-10-08T22:56:44.067528+00:00,131.0013788640008,loop6,0.9987507410005492,0,0,0,0,0,0,0,0,0.0,0.0,0,
131,2026-10-08T22:56:44.067528+00:00,131.0013788640008,loop7,0.9987507410005492,0,0,0,0,0,0,0,0,0.0,0.0,0,
131,2026-10-08T22:56:44.067528+00:00,131.0013788640008,sr0,0.9987507410005492,1536,0,8,0,0,0,0,0,0.0,0.0,0,
131,2026-10-08T22:56:44.067528+00:00,131.0013788640008,sda,0.9987507410005492,315698688,25488265216,8097,118647,0,81920,0,11,0.0,82022.46730543848,8,
131,2026-10-08T22:56:44.067528+00:00,131.0013788640008,sda1,0.9987507410005492,319488,0,78,0,0,0,0,0,0.0,0.0,0,
131,2026-10-08T22:56:44.067528+00:00,131.0013788640008,sda2,0.9987507410005492,285926400,425861120,6637,67544,0,81920,0,11,0.0,82022.46730543848,8,
131,2026-10-08T22:56:44.067528+00:00,131.0013788640008,sda3,0.9987507410005492,5559296,118784,154,26,0,0,0,0,0.0,0.0,0,
131,2026-10-08T22:56:44.067528+00:00,131.0013788640008,sda4,0.9987507410005492,4657152,0,116,0,0,0,0,0,0.0,0.0,0,
131,2026-10-08T22:56:44.067528+00:00,131.0013788640008,sda5,0.9987507410005492,16782336,25062285312,977,51077,0,0,0,0,0.0,0.0,0,
132,2026-10-08T22:56:45.070260+00:00,132.00446583300072,loop0,1.002732274999289,2109440,0,219,0,0,0,0,0,0.0,0.0,0,
132,2026-10-08T22:56:45.070260+00:00,132.00446583300072,loop1,1.002732274999289,354304,0,43,0,0,0,0,0,0.0,0.0,0,
132,2026-10-08T22:56:45.070260+00:00,132.00446583300072,loop2,1.002732274999289,1106944,0,51,0,0,0,0,0,0.0,0.0,0,
132,2026-10-08T22:56:45.070260+00:00,132.00446583300072,loop3,1.002732274999289,1141760,0,66,0,0,0,0,0,0.0,0.0,0,
132,2026-10-08T22:56:45.070260+00:00,132.00446583300072,loop4,1.002732274999289,374784,0,51,0,0,0,0,0,0.0,0.0,0,
132,2026-10-08T22:56:45.070260+00:00,132.00446583300072,loop5,1.002732274999289,14336,0,11,0,0,0,0,0,0.0,0.0,0,
132,2026-10-08T22:56:45.070260+00:00,132.00446583300072,loop6,1.002732274999289,0,0,0,0,0,0,0,0,0.0,0.0,0,
132,2026-10-08T22:56:45.070260+00:00,132.00446583300072,loop7,1.002732274999289,0,0,0,0,0,0,0,0,0.0,0.0,0,
132,2026-10-08T22:56:45.070260+00:00,132.00446583300072,sr0,1.002732274999289,1536,0,8,0,0,0,0,0,0.0,0.0,0,
132,2026-10-08T22:56:45.070260+00:00,132.00446583300072,sda,1.002732274999289,315698688,25488338944,8097,118654,0,73728,0,7,0.0,73527.10373270101,8,
132,2026-10-08T22:56:45.070260+00:00,132.00446583300072,sda1,1.002732274999289,319488,0,78,0,0,0,0,0,0.0,0.0,0,
132,2026-10-08T22:56:45.070260+00:00,132.00446583300072,sda2,1.002732274999289,285926400,425861120,6637,67544,0,0,0,0,0.0,0.0,0,
132,2026-10-08T22:56:45.070260+00:00,132.00446583300072,sda3,1.002732274999289,5559296,118784,154,26,0,0,0,0,0.0,0.0,0,
132,2026-10-08T22:56:45.070260+00:00,132.00446583300072,sda4,1.002732274999289,4657152,0,116,0,0,0,0,0,0.0,0.0,0,
132,2026-10-08T22:56:45.070260+00:00,132.00446583300072,sda5,1.002732274999289,16782336,25062359040,977,51084,0,73728,0,7,0.0,73527.10373270101,8,
133,2026-10-08T22:56:46.076982+00:00,133.0113068390001,loop0,1.006721533000018,2109440,0,219,0,0,0,0,0,0.0,0.0,0,
133,2026-10-08T22:56:46.076982+00:00,133.0113068390001,loop1,1.006721533000018,354304,0,43,0,0,0,0,0,0.0,0.0,0,
133,2026-10-08T22:56:46.076982+00:00,133.0113068390001,loop2,1.006721533000018,1106944,0,51,0,0,0,0,0,0.0,0.0,0,
133,2026-10-08T22:56:46.076982+00:00,133.0113068390001,loop3,1.006721533000018,1141760,0,66,0,0,0,0,0,0.0,0.0,0,
133,2026-10-08T22:56:46.076982+00:00,133.0113068390001,loop4,1.006721533000018,374784,0,51,0,0,0,0,0,0.0,0.0,0,
133,2026-10-08T22:56:46.076982+00:00,133.0113068390001,loop5,1.006721533000018,14336,0,11,0,0,0,0,0,0.0,0.0,0,
133,2026-10-08T22:56:46.076982+00:00,133.0113068390001,loop6,1.006721533000018,0,0,0,0,0,0,0,0,0.0,0.0,0,
133,2026-10-08T22:56:46.076982+00:00,133.0113068390001,loop7,1.006721533000018,0,0,0,0,0,0,0,0,0.0,0.0,0,
133,2026-10-08T22:56:46.076982+00:00,133.0113068390001,sr0,1.006721533000018,1536,0,8,0,0,0,0,0,0.0,0.0,0,
133,2026-10-08T22:56:46.076982+00:00,133.0113068390001,sda,1.006721533000018,315698688,25488338944,8097,118654,0,0,0,0,0.0,0.0,0,
133,2026-10-08T22:56:46.076982+00:00,133.0113068390001,sda1,1.006721533000018,319488,0,78,0,0,0,0,0,0.0,0.0,0,
133,2026-10-08T22:56:46.076982+00:00,133.0113068390001,sda2,1.006721533000018,285926400,425861120,6637,67544,0,0,0,0,0.0,0.0,0,
133,2026-10-08T22:56:46.076982+00:00,133.0113068390001,sda3,1.006721533000018,5559296,118784,154,26,0,0,0,0,0.0,0.0,0,
133,2026-10-08T22:56:46.076982+00:00,133.0113068390001,sda4,1.006721533000018,4657152,0,116,0,0,0,0,0,0.0,0.0,0,
133,2026-10-08T22:56:46.076982+00:00,133.0113068390001,sda5,1.006721533000018,16782336,25062359040,977,51084,0,0,0,0,0.0,0.0,0,
134,2026-10-08T22:56:47.068672+00:00,134.00285164200068,loop0,0.9916898869996658,2109440,0,219,0,0,0,0,0,0.0,0.0,0,
134,2026-10-08T22:56:47.068672+00:00,134.00285164200068,loop1,0.9916898869996658,354304,0,43,0,0,0,0,0,0.0,0.0,0,
134,2026-10-08T22:56:47.068672+00:00,134.00285164200068,loop2,0.9916898869996658,1106944,0,51,0,0,0,0,0,0.0,0.0,0,
134,2026-10-08T22:56:47.068672+00:00,134.00285164200068,loop3,0.9916898869996658,1141760,0,66,0,0,0,0,0,0.0,0.0,0,
134,2026-10-08T22:56:47.068672+00:00,134.00285164200068,loop4,0.9916898869996658,374784,0,51,0,0,0,0,0,0.0,0.0,0,
134,2026-10-08T22:56:47.068672+00:00,134.00285164200068,loop5,0.9916898869996658,14336,0,11,0,0,0,0,0,0.0,0.0,0,
134,2026-10-08T22:56:47.068672+00:00,134.00285164200068,loop6,0.9916898869996658,0,0,0,0,0,0,0,0,0.0,0.0,0,
134,2026-10-08T22:56:47.068672+00:00,134.00285164200068,loop7,0.9916898869996658,0,0,0,0,0,0,0,0,0.0,0.0,0,
134,2026-10-08T22:56:47.068672+00:00,134.00285164200068,sr0,0.9916898869996658,1536,0,8,0,0,0,0,0,0.0,0.0,0,
134,2026-10-08T22:56:47.068672+00:00,134.00285164200068,sda,0.9916898869996658,315698688,25488338944,8097,118654,0,0,0,0,0.0,0.0,0,
134,2026-10-08T22:56:47.068672+00:00,134.00285164200068,sda1,0.9916898869996658,319488,0,78,0,0,0,0,0,0.0,0.0,0,
134,2026-10-08T22:56:47.068672+00:00,134.00285164200068,sda2,0.9916898869996658,285926400,425861120,6637,67544,0,0,0,0,0.0,0.0,0,
134,2026-10-08T22:56:47.068672+00:00,134.00285164200068,sda3,0.9916898869996658,5559296,118784,154,26,0,0,0,0,0.0,0.0,0,
134,2026-10-08T22:56:47.068672+00:00,134.00285164200068,sda4,0.9916898869996658,4657152,0,116,0,0,0,0,0,0.0,0.0,0,
134,2026-10-08T22:56:47.068672+00:00,134.00285164200068,sda5,0.9916898869996658,16782336,25062359040,977,51084,0,0,0,0,0.0,0.0,0,
135,2026-10-08T22:56:48.068324+00:00,135.0020337650003,loop0,0.9996522920009738,2109440,0,219,0,0,0,0,0,0.0,0.0,0,
135,2026-10-08T22:56:48.068324+00:00,135.0020337650003,loop1,0.9996522920009738,354304,0,43,0,0,0,0,0,0.0,0.0,0,
135,2026-10-08T22:56:48.068324+00:00,135.0020337650003,loop2,0.9996522920009738,1106944,0,51,0,0,0,0,0,0.0,0.0,0,
135,2026-10-08T22:56:48.068324+00:00,135.0020337650003,loop3,0.9996522920009738,1141760,0,66,0,0,0,0,0,0.0,0.0,0,
135,2026-10-08T22:56:48.068324+00:00,135.0020337650003,loop4,0.9996522920009738,374784,0,51,0,0,0,0,0,0.0,0.0,0,
135,2026-10-08T22:56:48.068324+00:00,135.0020337650003,loop5,0.9996522920009738,14336,0,11,0,0,0,0,0,0.0,0.0,0,
135,2026-10-08T22:56:48.068324+00:00,135.0020337650003,loop6,0.9996522920009738,0,0,0,0,0,0,0,0,0.0,0.0,0,
135,2026-10-08T22:56:48.068324+00:00,135.0020337650003,loop7,0.9996522920009738,0,0,0,0,0,0,0,0,0.0,0.0,0,
135,2026-10-08T22:56:48.068324+00:00,135.0020337650003,sr0,0.9996522920009738,1536,0,8,0,0,0,0,0,0.0,0.0,0,
135,2026-10-08T22:56:48.068324+00:00,135.0020337650003,sda,0.9996522920009738,315698688,25488338944,8097,118654,0,0,0,0,0.0,0.0,0,
135,2026-10-08T22:56:48.068324+00:00,135.0020337650003,sda1,0.9996522920009738,319488,0,78,0,0,0,0,0,0.0,0.0,0,
135,2026-10-08T22:56:48.068324+00:00,135.0020337650003,sda2,0.9996522920009738,285926400,425861120,6637,67544,0,0,0,0,0.0,0.0,0,
135,2026-10-08T22:56:48.068324+00:00,135.0020337650003,sda3,0.9996522920009738,5559296,118784,154,26,0,0,0,0,0.0,0.0,0,
135,2026-10-08T22:56:48.068324+00:00,135.0020337650003,sda4,0.9996522920009738,4657152,0,116,0,0,0,0,0,0.0,0.0,0,
135,2026-10-08T22:56:48.068324+00:00,135.0020337650003,sda5,0.9996522920009738,16782336,25062359040,977,51084,0,0,0,0,0.0,0.0,0,
136,2026-10-08T22:56:49.070148+00:00,136.00400224199984,loop0,1.001823937998779,2109440,0,219,0,0,0,0,0,0.0,0.0,0,
136,2026-10-08T22:56:49.070148+00:00,136.00400224199984,loop1,1.001823937998779,354304,0,43,0,0,0,0,0,0.0,0.0,0,
136,2026-10-08T22:56:49.070148+00:00,136.00400224199984,loop2,1.001823937998779,1106944,0,51,0,0,0,0,0,0.0,0.0,0,
136,2026-10-08T22:56:49.070148+00:00,136.00400224199984,loop3,1.001823937998779,1141760,0,66,0,0,0,0,0,0.0,0.0,0,
136,2026-10-08T22:56:49.070148+00:00,136.00400224199984,loop4,1.001823937998779,374784,0,51,0,0,0,0,0,0.0,0.0,0,
136,2026-10-08T22:56:49.070148+00:00,136.00400224199984,loop5,1.001823937998779,14336,0,11,0,0,0,0,0,0.0,0.0,0,
136,2026-10-08T22:56:49.070148+00:00,136.00400224199984,loop6,1.001823937998779,0,0,0,0,0,0,0,0,0.0,0.0,0,
136,2026-10-08T22:56:49.070148+00:00,136.00400224199984,loop7,1.001823937998779,0,0,0,0,0,0,0,0,0.0,0.0,0,
136,2026-10-08T22:56:49.070148+00:00,136.00400224199984,sr0,1.001823937998779,1536,0,8,0,0,0,0,0,0.0,0.0,0,
136,2026-10-08T22:56:49.070148+00:00,136.00400224199984,sda,1.001823937998779,315698688,25488388096,8097,118661,0,49152,0,7,0.0,49062.51301819053,16,
136,2026-10-08T22:56:49.070148+00:00,136.00400224199984,sda1,1.001823937998779,319488,0,78,0,0,0,0,0,0.0,0.0,0,
136,2026-10-08T22:56:49.070148+00:00,136.00400224199984,sda2,1.001823937998779,285926400,425897984,6637,67548,0,36864,0,4,0.0,36796.8847636429,12,
136,2026-10-08T22:56:49.070148+00:00,136.00400224199984,sda3,1.001823937998779,5559296,118784,154,26,0,0,0,0,0.0,0.0,0,
136,2026-10-08T22:56:49.070148+00:00,136.00400224199984,sda4,1.001823937998779,4657152,0,116,0,0,0,0,0,0.0,0.0,0,
136,2026-10-08T22:56:49.070148+00:00,136.00400224199984,sda5,1.001823937998779,16782336,25062371328,977,51087,0,12288,0,3,0.0,12265.628254547633,4,
137,2026-10-08T22:56:50.069337+00:00,137.00344888700056,loop0,0.9991893770002207,2109440,0,219,0,0,0,0,0,0.0,0.0,0,
137,2026-10-08T22:56:50.069337+00:00,137.00344888700056,loop1,0.9991893770002207,354304,0,43,0,0,0,0,0,0.0,0.0,0,
137,2026-10-08T22:56:50.069337+00:00,137.00344888700056,loop2,0.9991893770002207,1106944,0,51,0,0,0,0,0,0.0,0.0,0,
137,2026-10-08T22:56:50.069337+00:00,137.00344888700056,loop3,0.9991893770002207,1141760,0,66,0,0,0,0,0,0.0,0.0,0,
137,2026-10-08T22:56:50.069337+00:00,137.00344888700056,loop4,0.9991893770002207,374784,0,51,0,0,0,0,0,0.0,0.0,0,
137,2026-10-08T22:56:50.069337+00:00,137.00344888700056,loop5,0.9991893770002207,14336,0,11,0,0,0,0,0,0.0,0.0,0,
137,2026-10-08T22:56:50.069337+00:00,137.00344888700056,loop6,0.9991893770002207,0,0,0,0,0,0,0,0,0.0,0.0,0,
137,2026-10-08T22:56:50.069337+00:00,137.00344888700056,loop7,0.9991893770002207,0,0,0,0,0,0,0,0,0.0,0.0,0,
137,2026-10-08T22:56:50.069337+00:00,137.00344888700056,sr0,0.9991893770002207,1536,0,8,0,0,0,0,0,0.0,0.0,0,
137,2026-10-08T22:56:50.069337+00:00,137.00344888700056,sda,0.9991893770002207,315698688,25488461824,8097,118667,0,73728,0,6,0.0,73787.81409921226,12,
137,2026-10-08T22:56:50.069337+00:00,137.00344888700056,sda1,0.9991893770002207,319488,0,78,0,0,0,0,0,0.0,0.0,0,
137,2026-10-08T22:56:50.069337+00:00,137.00344888700056,sda2,0.9991893770002207,285926400,425897984,6637,67548,0,0,0,0,0.0,0.0,0,
137,2026-10-08T22:56:50.069337+00:00,137.00344888700056,sda3,0.9991893770002207,5559296,118784,154,26,0,0,0,0,0.0,0.0,0,
137,2026-10-08T22:56:50.069337+00:00,137.00344888700056,sda4,0.9991893770002207,4657152,0,116,0,0,0,0,0,0.0,0.0,0,
137,2026-10-08T22:56:50.069337+00:00,137.00344888700056,sda5,0.9991893770002207,16782336,25062445056,977,51093,0,73728,0,6,0.0,73787.81409921226,12,
138,2026-10-08T22:56:51.067520+00:00,138.00168251799914,loop0,0.9981829349999316,2109440,0,219,0,0,0,0,0,0.0,0.0,0,
138,2026-10-08T22:56:51.067520+00:00,138.00168251799914,loop1,0.9981829349999316,354304,0,43,0,0,0,0,0,0.0,0.0,0,
138,2026-10-08T22:56:51.067520+00:00,138.00168251799914,loop2,0.9981829349999316,1106944,0,51,0,0,0,0,0,0.0,0.0,0,
138,2026-10-08T22:56:51.067520+00:00,138.00168251799914,loop3,0.9981829349999316,1141760,0,66,0,0,0,0,0,0.0,0.0,0,
138,2026-10-08T22:56:51.067520+00:00,138.00168251799914,loop4,0.9981829349999316,374784,0,51,0,0,0,0,0,0.0,0.0,0,
138,2026-10-08T22:56:51.067520+00:00,138.00168251799914,loop5,0.9981829349999316,14336,0,11,0,0,0,0,0,0.0,0.0,0,
138,2026-10-08T22:56:51.067520+00:00,138.00168251799914,loop6,0.9981829349999316,0,0,0,0,0,0,0,0,0.0,0.0,0,
138,2026-10-08T22:56:51.067520+00:00,138.00168251799914,loop7,0.9981829349999316,0,0,0,0,0,0,0,0,0.0,0.0,0,
138,2026-10-08T22:56:51.067520+00:00,138.00168251799914,sr0,0.9981829349999316,1536,0,8,0,0,0,0,0,0.0,0.0,0,
138,2026-10-08T22:56:51.067520+00:00,138.00168251799914,sda,0.9981829349999316,315698688,25488461824,8097,118667,0,0,0,0,0.0,0.0,0,
138,2026-10-08T22:56:51.067520+00:00,138.00168251799914,sda1,0.9981829349999316,319488,0,78,0,0,0,0,0,0.0,0.0,0,
138,2026-10-08T22:56:51.067520+00:00,138.00168251799914,sda2,0.9981829349999316,285926400,425897984,6637,67548,0,0,0,0,0.0,0.0,0,
138,2026-10-08T22:56:51.067520+00:00,138.00168251799914,sda3,0.9981829349999316,5559296,118784,154,26,0,0,0,0,0.0,0.0,0,
138,2026-10-08T22:56:51.067520+00:00,138.00168251799914,sda4,0.9981829349999316,4657152,0,116,0,0,0,0,0,0.0,0.0,0,
138,2026-10-08T22:56:51.067520+00:00,138.00168251799914,sda5,0.9981829349999316,16782336,25062445056,977,51093,0,0,0,0,0.0,0.0,0,
139,2026-10-08T22:56:52.066449+00:00,139.00052974400023,loop0,0.998928885001078,2109440,0,219,0,0,0,0,0,0.0,0.0,0,
139,2026-10-08T22:56:52.066449+00:00,139.00052974400023,loop1,0.998928885001078,354304,0,43,0,0,0,0,0,0.0,0.0,0,
139,2026-10-08T22:56:52.066449+00:00,139.00052974400023,loop2,0.998928885001078,1106944,0,51,0,0,0,0,0,0.0,0.0,0,
139,2026-10-08T22:56:52.066449+00:00,139.00052974400023,loop3,0.998928885001078,1141760,0,66,0,0,0,0,0,0.0,0.0,0,
139,2026-10-08T22:56:52.066449+00:00,139.00052974400023,loop4,0.998928885001078,374784,0,51,0,0,0,0,0,0.0,0.0,0,
139,2026-10-08T22:56:52.066449+00:00,139.00052974400023,loop5,0.998928885001078,14336,0,11,0,0,0,0,0,0.0,0.0,0,
139,2026-10-08T22:56:52.066449+00:00,139.00052974400023,loop6,0.998928885001078,0,0,0,0,0,0,0,0,0.0,0.0,0,
139,2026-10-08T22:56:52.066449+00:00,139.00052974400023,loop7,0.998928885001078,0,0,0,0,0,0,0,0,0.0,0.0,0,
139,2026-10-08T22:56:52.066449+00:00,139.00052974400023,sr0,0.998928885001078,1536,0,8,0,0,0,0,0,0.0,0.0,0,
139,2026-10-08T22:56:52.066449+00:00,139.00052974400023,sda,0.998928885001078,315698688,25488461824,8097,118667,0,0,0,0,0.0,0.0,0,
139,2026-10-08T22:56:52.066449+00:00,139.00052974400023,sda1,0.998928885001078,319488,0,78,0,0,0,0,0,0.0,0.0,0,
139,2026-10-08T22:56:52.066449+00:00,139.00052974400023,sda2,0.998928885001078,285926400,425897984,6637,67548,0,0,0,0,0.0,0.0,0,
139,2026-10-08T22:56:52.066449+00:00,139.00052974400023,sda3,0.998928885001078,5559296,118784,154,26,0,0,0,0,0.0,0.0,0,
139,2026-10-08T22:56:52.066449+00:00,139.00052974400023,sda4,0.998928885001078,4657152,0,116,0,0,0,0,0,0.0,0.0,0,
139,2026-10-08T22:56:52.066449+00:00,139.00052974400023,sda5,0.998928885001078,16782336,25062445056,977,51093,0,0,0,0,0.0,0.0,0,
140,2026-10-08T22:56:53.067691+00:00,140.00180812399958,loop0,1.0012422789986886,2109440,0,219,0,0,0,0,0,0.0,0.0,0,
140,2026-10-08T22:56:53.067691+00:00,140.00180812399958,loop1,1.0012422789986886,354304,0,43,0,0,0,0,0,0.0,0.0,0,
140,2026-10-08T22:56:53.067691+00:00,140.00180812399958,loop2,1.0012422789986886,1106944,0,51,0,0,0,0,0,0.0,0.0,0,
140,2026-10-08T22:56:53.067691+00:00,140.00180812399958,loop3,1.0012422789986886,1141760,0,66,0,0,0,0,0,0.0,0.0,0,
140,2026-10-08T22:56:53.067691+00:00,140.00180812399958,loop4,1.0012422789986886,374784,0,51,0,0,0,0,0,0.0,0.0,0,
140,2026-10-08T22:56:53.067691+00:00,140.00180812399958,loop5,1.0012422789986886,14336,0,11,0,0,0,0,0,0.0,0.0,0,
140,2026-10-08T22:56:53.067691+00:00,140.00180812399958,loop6,1.0012422789986886,0,0,0,0,0,0,0,0,0.0,0.0,0,
140,2026-10-08T22:56:53.067691+00:00,140.00180812399958,loop7,1.0012422789986886,0,0,0,0,0,0,0,0,0.0,0.0,0,
140,2026-10-08T22:56:53.067691+00:00,140.00180812399958,sr0,1.0012422789986886,1536,0,8,0,0,0,0,0,0.0,0.0,0,
140,2026-10-08T22:56:53.067691+00:00,140.00180812399958,sda,1.0012422789986886,315698688,25488461824,8097,118667,0,0,0,0,0.0,0.0,0,
140,2026-10-08T22:56:53.067691+00:00,140.00180812399958,sda1,1.0012422789986886,319488,0,78,0,0,0,0,0,0.0,0.0,0,
140,2026-10-08T22:56:53.067691+00:00,140.00180812399958,sda2,1.0012422789986886,285926400,425897984,6637,67548,0,0,0,0,0.0,0.0,0,
140,2026-10-08T22:56:53.067691+00:00,140.00180812399958,sda3,1.0012422789986886,5559296,118784,154,26,0,0,0,0,0.0,0.0,0,
140,2026-10-08T22:56:53.067691+00:00,140.00180812399958,sda4,1.0012422789986886,4657152,0,116,0,0,0,0,0,0.0,0.0,0,
140,2026-10-08T22:56:53.067691+00:00,140.00180812399958,sda5,1.0012422789986886,16782336,25062445056,977,51093,0,0,0,0,0.0,0.0,0,
141,2026-10-08T22:56:54.067357+00:00,141.00127760000032,loop0,0.9996657010015042,2109440,0,219,0,0,0,0,0,0.0,0.0,0,
141,2026-10-08T22:56:54.067357+00:00,141.00127760000032,loop1,0.9996657010015042,354304,0,43,0,0,0,0,0,0.0,0.0,0,
141,2026-10-08T22:56:54.067357+00:00,141.00127760000032,loop2,0.9996657010015042,1106944,0,51,0,0,0,0,0,0.0,0.0,0,
141,2026-10-08T22:56:54.067357+00:00,141.00127760000032,loop3,0.9996657010015042,1141760,0,66,0,0,0,0,0,0.0,0.0,0,
141,2026-10-08T22:56:54.067357+00:00,141.00127760000032,loop4,0.9996657010015042,374784,0,51,0,0,0,0,0,0.0,0.0,0,
141,2026-10-08T22:56:54.067357+00:00,141.00127760000032,loop5,0.9996657010015042,14336,0,11,0,0,0,0,0,0.0,0.0,0,
141,2026-10-08T22:56:54.067357+00:00,141.00127760000032,loop6,0.9996657010015042,0,0,0,0,0,0,0,0,0.0,0.0,0,
141,2026-10-08T22:56:54.067357+00:00,141.00127760000032,loop7,0.9996657010015042,0,0,0,0,0,0,0,0,0.0,0.0,0,
141,2026-10-08T22:56:54.067357+00:00,141.00127760000032,sr0,0.9996657010015042,1536,0,8,0,0,0,0,0,0.0,0.0,0,
141,2026-10-08T22:56:54.067357+00:00,141.00127760000032,sda,0.9996657010015042,315698688,25488486400,8097,118669,0,24576,0,2,0.0,24584.21847961654,8,
141,2026-10-08T22:56:54.067357+00:00,141.00127760000032,sda1,0.9996657010015042,319488,0,78,0,0,0,0,0,0.0,0.0,0,
141,2026-10-08T22:56:54.067357+00:00,141.00127760000032,sda2,0.9996657010015042,285926400,425922560,6637,67550,0,24576,0,2,0.0,24584.21847961654,8,
141,2026-10-08T22:56:54.067357+00:00,141.00127760000032,sda3,0.9996657010015042,5559296,118784,154,26,0,0,0,0,0.0,0.0,0,
141,2026-10-08T22:56:54.067357+00:00,141.00127760000032,sda4,0.9996657010015042,4657152,0,116,0,0,0,0,0,0.0,0.0,0,
141,2026-10-08T22:56:54.067357+00:00,141.00127760000032,sda5,0.9996657010015042,16782336,25062445056,977,51093,0,0,0,0,0.0,0.0,0,
142,2026-10-08T22:56:55.067284+00:00,142.0012687769995,loop0,0.9999267119983415,2109440,0,219,0,0,0,0,0,0.0,0.0,0,
142,2026-10-08T22:56:55.067284+00:00,142.0012687769995,loop1,0.9999267119983415,354304,0,43,0,0,0,0,0,0.0,0.0,0,
142,2026-10-08T22:56:55.067284+00:00,142.0012687769995,loop2,0.9999267119983415,1106944,0,51,0,0,0,0,0,0.0,0.0,0,
142,2026-10-08T22:56:55.067284+00:00,142.0012687769995,loop3,0.9999267119983415,1141760,0,66,0,0,0,0,0,0.0,0.0,0,
142,2026-10-08T22:56:55.067284+00:00,142.0012687769995,loop4,0.9999267119983415,374784,0,51,0,0,0,0,0,0.0,0.0,0,
142,2026-10-08T22:56:55.067284+00:00,142.0012687769995,loop5,0.9999267119983415,14336,0,11,0,0,0,0,0,0.0,0.0,0,
142,2026-10-08T22:56:55.067284+00:00,142.0012687769995,loop6,0.9999267119983415,0,0,0,0,0,0,0,0,0.0,0.0,0,
142,2026-10-08T22:56:55.067284+00:00,142.0012687769995,loop7,0.9999267119983415,0,0,0,0,0,0,0,0,0.0,0.0,0,
142,2026-10-08T22:56:55.067284+00:00,142.0012687769995,sr0,0.9999267119983415,1536,0,8,0,0,0,0,0,0.0,0.0,0,
142,2026-10-08T22:56:55.067284+00:00,142.0012687769995,sda,0.9999267119983415,315698688,25488498688,8097,118671,0,12288,0,2,0.0,12288.900628969677,4,
142,2026-10-08T22:56:55.067284+00:00,142.0012687769995,sda1,0.9999267119983415,319488,0,78,0,0,0,0,0,0.0,0.0,0,
142,2026-10-08T22:56:55.067284+00:00,142.0012687769995,sda2,0.9999267119983415,285926400,425934848,6637,67552,0,12288,0,2,0.0,12288.900628969677,4,
142,2026-10-08T22:56:55.067284+00:00,142.0012687769995,sda3,0.9999267119983415,5559296,118784,154,26,0,0,0,0,0.0,0.0,0,
142,2026-10-08T22:56:55.067284+00:00,142.0012687769995,sda4,0.9999267119983415,4657152,0,116,0,0,0,0,0,0.0,0.0,0,
142,2026-10-08T22:56:55.067284+00:00,142.0012687769995,sda5,0.9999267119983415,16782336,25062445056,977,51093,0,0,0,0,0.0,0.0,0,
143,2026-10-08T22:56:56.069099+00:00,143.0032588239992,loop0,1.001815825000449,2109440,0,219,0,0,0,0,0,0.0,0.0,0,
143,2026-10-08T22:56:56.069099+00:00,143.0032588239992,loop1,1.001815825000449,354304,0,43,0,0,0,0,0,0.0,0.0,0,
143,2026-10-08T22:56:56.069099+00:00,143.0032588239992,loop2,1.001815825000449,1106944,0,51,0,0,0,0,0,0.0,0.0,0,
143,2026-10-08T22:56:56.069099+00:00,143.0032588239992,loop3,1.001815825000449,1141760,0,66,0,0,0,0,0,0.0,0.0,0,
143,2026-10-08T22:56:56.069099+00:00,143.0032588239992,loop4,1.001815825000449,374784,0,51,0,0,0,0,0,0.0,0.0,0,
143,2026-10-08T22:56:56.069099+00:00,143.0032588239992,loop5,1.001815825000449,14336,0,11,0,0,0,0,0,0.0,0.0,0,
143,2026-10-08T22:56:56.069099+00:00,143.0032588239992,loop6,1.001815825000449,0,0,0,0,0,0,0,0,0.0,0.0,0,
143,2026-10-08T22:56:56.069099+00:00,143.0032588239992,loop7,1.001815825000449,0,0,0,0,0,0,0,0,0.0,0.0,0,
143,2026-10-08T22:56:56.069099+00:00,143.0032588239992,sr0,1.001815825000449,1536,0,8,0,0,0,0,0,0.0,0.0,0,
143,2026-10-08T22:56:56.069099+00:00,143.0032588239992,sda,1.001815825000449,315698688,25488568320,8097,118677,0,69632,0,6,0.0,69505.78964947852,12,
143,2026-10-08T22:56:56.069099+00:00,143.0032588239992,sda1,1.001815825000449,319488,0,78,0,0,0,0,0,0.0,0.0,0,
143,2026-10-08T22:56:56.069099+00:00,143.0032588239992,sda2,1.001815825000449,285926400,425934848,6637,67552,0,0,0,0,0.0,0.0,0,
143,2026-10-08T22:56:56.069099+00:00,143.0032588239992,sda3,1.001815825000449,5559296,118784,154,26,0,0,0,0,0.0,0.0,0,
143,2026-10-08T22:56:56.069099+00:00,143.0032588239992,sda4,1.001815825000449,4657152,0,116,0,0,0,0,0,0.0,0.0,0,
143,2026-10-08T22:56:56.069099+00:00,143.0032588239992,sda5,1.001815825000449,16782336,25062514688,977,51099,0,69632,0,6,0.0,69505.78964947852,12,
144,2026-10-08T22:56:57.070203+00:00,144.0011322449991,loop0,1.0011031049998564,2109440,0,219,0,0,0,0,0,0.0,0.0,0,
144,2026-10-08T22:56:57.070203+00:00,144.0011322449991,loop1,1.0011031049998564,354304,0,43,0,0,0,0,0,0.0,0.0,0,
144,2026-10-08T22:56:57.070203+00:00,144.0011322449991,loop2,1.0011031049998564,1106944,0,51,0,0,0,0,0,0.0,0.0,0,
144,2026-10-08T22:56:57.070203+00:00,144.0011322449991,loop3,1.0011031049998564,1141760,0,66,0,0,0,0,0,0.0,0.0,0,
144,2026-10-08T22:56:57.070203+00:00,144.0011322449991,loop4,1.0011031049998564,374784,0,51,0,0,0,0,0,0.0,0.0,0,
144,2026-10-08T22:56:57.070203+00:00,144.0011322449991,loop5,1.0011031049998564,14336,0,11,0,0,0,0,0,0.0,0.0,0,
144,2026-10-08T22:56:57.070203+00:00,144.0011322449991,loop6,1.0011031049998564,0,0,0,0,0,0,0,0,0.0,0.0,0,
144,2026-10-08T22:56:57.070203+00:00,144.0011322449991,loop7,1.0011031049998564,0,0,0,0,0,0,0,0,0.0,0.0,0,
144,2026-10-08T22:56:57.070203+00:00,144.0011322449991,sr0,1.0011031049998564,1536,0,8,0,0,0,0,0,0.0,0.0,0,
144,2026-10-08T22:56:57.070203+00:00,144.0011322449991,sda,1.0011031049998564,315698688,25492172800,8097,119291,0,3604480,0,614,0.0,3600508.261334897,396,
144,2026-10-08T22:56:57.070203+00:00,144.0011322449991,sda1,1.0011031049998564,319488,0,78,0,0,0,0,0,0.0,0.0,0,
144,2026-10-08T22:56:57.070203+00:00,144.0011322449991,sda2,1.0011031049998564,285926400,429539328,6637,68166,0,3604480,0,614,0.0,3600508.261334897,396,
144,2026-10-08T22:56:57.070203+00:00,144.0011322449991,sda3,1.0011031049998564,5559296,118784,154,26,0,0,0,0,0.0,0.0,0,
144,2026-10-08T22:56:57.070203+00:00,144.0011322449991,sda4,1.0011031049998564,4657152,0,116,0,0,0,0,0,0.0,0.0,0,
144,2026-10-08T22:56:57.070203+00:00,144.0011322449991,sda5,1.0011031049998564,16782336,25062514688,977,51099,0,0,0,0,0.0,0.0,0,
145,2026-10-08T22:56:58.067484+00:00,145.00167455799965,loop0,0.9972812800006068,2109440,0,219,0,0,0,0,0,0.0,0.0,0,
145,2026-10-08T22:56:58.067484+00:00,145.00167455799965,loop1,0.9972812800006068,354304,0,43,0,0,0,0,0,0.0,0.0,0,
145,2026-10-08T22:56:58.067484+00:00,145.00167455799965,loop2,0.9972812800006068,1106944,0,51,0,0,0,0,0,0.0,0.0,0,
145,2026-10-08T22:56:58.067484+00:00,145.00167455799965,loop3,0.9972812800006068,1141760,0,66,0,0,0,0,0,0.0,0.0,0,
145,2026-10-08T22:56:58.067484+00:00,145.00167455799965,loop4,0.9972812800006068,374784,0,51,0,0,0,0,0,0.0,0.0,0,
145,2026-10-08T22:56:58.067484+00:00,145.00167455799965,loop5,0.9972812800006068,14336,0,11,0,0,0,0,0,0.0,0.0,0,
145,2026-10-08T22:56:58.067484+00:00,145.00167455799965,loop6,0.9972812800006068,0,0,0,0,0,0,0,0,0.0,0.0,0,
145,2026-10-08T22:56:58.067484+00:00,145.00167455799965,loop7,0.9972812800006068,0,0,0,0,0,0,0,0,0.0,0.0,0,
145,2026-10-08T22:56:58.067484+00:00,145.00167455799965,sr0,0.9972812800006068,1536,0,8,0,0,0,0,0,0.0,0.0,0,
145,2026-10-08T22:56:58.067484+00:00,145.00167455799965,sda,0.9972812800006068,315698688,25492471808,8097,119324,0,299008,0,33,0.0,299823.1351538235,56,
145,2026-10-08T22:56:58.067484+00:00,145.00167455799965,sda1,0.9972812800006068,319488,0,78,0,0,0,0,0,0.0,0.0,0,
145,2026-10-08T22:56:58.067484+00:00,145.00167455799965,sda2,0.9972812800006068,285926400,429838336,6637,68199,0,299008,0,33,0.0,299823.1351538235,56,
145,2026-10-08T22:56:58.067484+00:00,145.00167455799965,sda3,0.9972812800006068,5559296,118784,154,26,0,0,0,0,0.0,0.0,0,
145,2026-10-08T22:56:58.067484+00:00,145.00167455799965,sda4,0.9972812800006068,4657152,0,116,0,0,0,0,0,0.0,0.0,0,
145,2026-10-08T22:56:58.067484+00:00,145.00167455799965,sda5,0.9972812800006068,16782336,25062514688,977,51099,0,0,0,0,0.0,0.0,0,
146,2026-10-08T22:56:59.071541+00:00,146.00558470299984,loop0,1.004057277999891,2109440,0,219,0,0,0,0,0,0.0,0.0,0,
146,2026-10-08T22:56:59.071541+00:00,146.00558470299984,loop1,1.004057277999891,354304,0,43,0,0,0,0,0,0.0,0.0,0,
146,2026-10-08T22:56:59.071541+00:00,146.00558470299984,loop2,1.004057277999891,1106944,0,51,0,0,0,0,0,0.0,0.0,0,
146,2026-10-08T22:56:59.071541+00:00,146.00558470299984,loop3,1.004057277999891,1141760,0,66,0,0,0,0,0,0.0,0.0,0,
146,2026-10-08T22:56:59.071541+00:00,146.00558470299984,loop4,1.004057277999891,374784,0,51,0,0,0,0,0,0.0,0.0,0,
146,2026-10-08T22:56:59.071541+00:00,146.00558470299984,loop5,1.004057277999891,14336,0,11,0,0,0,0,0,0.0,0.0,0,
146,2026-10-08T22:56:59.071541+00:00,146.00558470299984,loop6,1.004057277999891,0,0,0,0,0,0,0,0,0.0,0.0,0,
146,2026-10-08T22:56:59.071541+00:00,146.00558470299984,loop7,1.004057277999891,0,0,0,0,0,0,0,0,0.0,0.0,0,
146,2026-10-08T22:56:59.071541+00:00,146.00558470299984,sr0,1.004057277999891,1536,0,8,0,0,0,0,0,0.0,0.0,0,
146,2026-10-08T22:56:59.071541+00:00,146.00558470299984,sda,1.004057277999891,315698688,25492516864,8097,119326,0,45056,0,2,0.0,44873.93397491501,208,
146,2026-10-08T22:56:59.071541+00:00,146.00558470299984,sda1,1.004057277999891,319488,0,78,0,0,0,0,0,0.0,0.0,0,
146,2026-10-08T22:56:59.071541+00:00,146.00558470299984,sda2,1.004057277999891,285926400,429883392,6637,68201,0,45056,0,2,0.0,44873.93397491501,208,
146,2026-10-08T22:56:59.071541+00:00,146.00558470299984,sda3,1.004057277999891,5559296,118784,154,26,0,0,0,0,0.0,0.0,0,
146,2026-10-08T22:56:59.071541+00:00,146.00558470299984,sda4,1.004057277999891,4657152,0,116,0,0,0,0,0,0.0,0.0,0,
146,2026-10-08T22:56:59.071541+00:00,146.00558470299984,sda5,1.004057277999891,16782336,25062514688,977,51099,0,0,0,0,0.0,0.0,0,
147,2026-10-08T22:57:00.068238+00:00,147.00181260799945,loop0,0.9966965610001353,2109440,0,219,0,0,0,0,0,0.0,0.0,0,
147,2026-10-08T22:57:00.068238+00:00,147.00181260799945,loop1,0.9966965610001353,354304,0,43,0,0,0,0,0,0.0,0.0,0,
147,2026-10-08T22:57:00.068238+00:00,147.00181260799945,loop2,0.9966965610001353,1106944,0,51,0,0,0,0,0,0.0,0.0,0,
147,2026-10-08T22:57:00.068238+00:00,147.00181260799945,loop3,0.9966965610001353,1141760,0,66,0,0,0,0,0,0.0,0.0,0,
147,2026-10-08T22:57:00.068238+00:00,147.00181260799945,loop4,0.9966965610001353,374784,0,51,0,0,0,0,0,0.0,0.0,0,
147,2026-10-08T22:57:00.068238+00:00,147.00181260799945,loop5,0.9966965610001353,14336,0,11,0,0,0,0,0,0.0,0.0,0,
147,2026-10-08T22:57:00.068238+00:00,147.00181260799945,loop6,0.9966965610001353,0,0,0,0,0,0,0,0,0.0,0.0,0,
147,2026-10-08T22:57:00.068238+00:00,147.00181260799945,loop7,0.9966965610001353,0,0,0,0,0,0,0,0,0.0,0.0,0,
147,2026-10-08T22:57:00.068238+00:00,147.00181260799945,sr0,0.9966965610001353,1536,0,8,0,0,0,0,0,0.0,0.0,0,
147,2026-10-08T22:57:00.068238+00:00,147.00181260799945,sda,0.9966965610001353,315698688,25492533248,8097,119328,0,16384,0,2,0.0,16438.302930993836,16,
147,2026-10-08T22:57:00.068238+00:00,147.00181260799945,sda1,0.9966965610001353,319488,0,78,0,0,0,0,0,0.0,0.0,0,
147,2026-10-08T22:57:00.068238+00:00,147.00181260799945,sda2,0.9966965610001353,285926400,429899776,6637,68203,0,16384,0,2,0.0,16438.302930993836,16,
147,2026-10-08T22:57:00.068238+00:00,147.00181260799945,sda3,0.9966965610001353,5559296,118784,154,26,0,0,0,0,0.0,0.0,0,
147,2026-10-08T22:57:00.068238+00:00,147.00181260799945,sda4,0.9966965610001353,4657152,0,116,0,0,0,0,0,0.0,0.0,0,
147,2026-10-08T22:57:00.068238+00:00,147.00181260799945,sda5,0.9966965610001353,16782336,25062514688,977,51099,0,0,0,0,0.0,0.0,0,
148,2026-10-08T22:57:01.067759+00:00,148.00187032400027,loop0,0.999521237999943,2109440,0,219,0,0,0,0,0,0.0,0.0,0,
148,2026-10-08T22:57:01.067759+00:00,148.00187032400027,loop1,0.999521237999943,354304,0,43,0,0,0,0,0,0.0,0.0,0,
148,2026-10-08T22:57:01.067759+00:00,148.00187032400027,loop2,0.999521237999943,1106944,0,51,0,0,0,0,0,0.0,0.0,0,
148,2026-10-08T22:57:01.067759+00:00,148.00187032400027,loop3,0.999521237999943,1141760,0,66,0,0,0,0,0,0.0,0.0,0,
148,2026-10-08T22:57:01.067759+00:00,148.00187032400027,loop4,0.999521237999943,374784,0,51,0,0,0,0,0,0.0,0.0,0,
148,2026-10-08T22:57:01.067759+00:00,148.00187032400027,loop5,0.999521237999943,14336,0,11,0,0,0,0,0,0.0,0.0,0,
148,2026-10-08T22:57:01.067759+00:00,148.00187032400027,loop6,0.999521237999943,0,0,0,0,0,0,0,0,0.0,0.0,0,
148,2026-10-08T22:57:01.067759+00:00,148.00187032400027,loop7,0.999521237999943,0,0,0,0,0,0,0,0,0.0,0.0,0,
148,2026-10-08T22:57:01.067759+00:00,148.00187032400027,sr0,0.999521237999943,1536,0,8,0,0,0,0,0,0.0,0.0,0,
148,2026-10-08T22:57:01.067759+00:00,148.00187032400027,sda,0.999521237999943,315698688,25492606976,8097,119336,0,73728,0,8,0.0,73763.31507225483,8,
148,2026-10-08T22:57:01.067759+00:00,148.00187032400027,sda1,0.999521237999943,319488,0,78,0,0,0,0,0,0.0,0.0,0,
148,2026-10-08T22:57:01.067759+00:00,148.00187032400027,sda2,0.999521237999943,285926400,429899776,6637,68203,0,0,0,0,0.0,0.0,0,
148,2026-10-08T22:57:01.067759+00:00,148.00187032400027,sda3,0.999521237999943,5559296,118784,154,26,0,0,0,0,0.0,0.0,0,
148,2026-10-08T22:57:01.067759+00:00,148.00187032400027,sda4,0.999521237999943,4657152,0,116,0,0,0,0,0,0.0,0.0,0,
148,2026-10-08T22:57:01.067759+00:00,148.00187032400027,sda5,0.999521237999943,16782336,25062588416,977,51107,0,73728,0,8,0.0,73763.31507225483,8,
149,2026-10-08T22:57:02.073358+00:00,149.00763435699992,loop0,1.0055991469998844,2109440,0,219,0,0,0,0,0,0.0,0.0,0,
149,2026-10-08T22:57:02.073358+00:00,149.00763435699992,loop1,1.0055991469998844,354304,0,43,0,0,0,0,0,0.0,0.0,0,
149,2026-10-08T22:57:02.073358+00:00,149.00763435699992,loop2,1.0055991469998844,1106944,0,51,0,0,0,0,0,0.0,0.0,0,
149,2026-10-08T22:57:02.073358+00:00,149.00763435699992,loop3,1.0055991469998844,1141760,0,66,0,0,0,0,0,0.0,0.0,0,
149,2026-10-08T22:57:02.073358+00:00,149.00763435699992,loop4,1.0055991469998844,374784,0,51,0,0,0,0,0,0.0,0.0,0,
149,2026-10-08T22:57:02.073358+00:00,149.00763435699992,loop5,1.0055991469998844,14336,0,11,0,0,0,0,0,0.0,0.0,0,
149,2026-10-08T22:57:02.073358+00:00,149.00763435699992,loop6,1.0055991469998844,0,0,0,0,0,0,0,0,0.0,0.0,0,
149,2026-10-08T22:57:02.073358+00:00,149.00763435699992,loop7,1.0055991469998844,0,0,0,0,0,0,0,0,0.0,0.0,0,
149,2026-10-08T22:57:02.073358+00:00,149.00763435699992,sr0,1.0055991469998844,1536,0,8,0,0,0,0,0,0.0,0.0,0,
149,2026-10-08T22:57:02.073358+00:00,149.00763435699992,sda,1.0055991469998844,315698688,25492606976,8097,119336,0,0,0,0,0.0,0.0,0,
149,2026-10-08T22:57:02.073358+00:00,149.00763435699992,sda1,1.0055991469998844,319488,0,78,0,0,0,0,0,0.0,0.0,0,
149,2026-10-08T22:57:02.073358+00:00,149.00763435699992,sda2,1.0055991469998844,285926400,429899776,6637,68203,0,0,0,0,0.0,0.0,0,
149,2026-10-08T22:57:02.073358+00:00,149.00763435699992,sda3,1.0055991469998844,5559296,118784,154,26,0,0,0,0,0.0,0.0,0,
149,2026-10-08T22:57:02.073358+00:00,149.00763435699992,sda4,1.0055991469998844,4657152,0,116,0,0,0,0,0,0.0,0.0,0,
149,2026-10-08T22:57:02.073358+00:00,149.00763435699992,sda5,1.0055991469998844,16782336,25062588416,977,51107,0,0,0,0,0.0,0.0,0,
150,2026-10-08T22:57:03.068640+00:00,150.00315299300019,loop0,0.9952822449995438,2109440,0,219,0,0,0,0,0,0.0,0.0,0,
150,2026-10-08T22:57:03.068640+00:00,150.00315299300019,loop1,0.9952822449995438,354304,0,43,0,0,0,0,0,0.0,0.0,0,
150,2026-10-08T22:57:03.068640+00:00,150.00315299300019,loop2,0.9952822449995438,1106944,0,51,0,0,0,0,0,0.0,0.0,0,
150,2026-10-08T22:57:03.068640+00:00,150.00315299300019,loop3,0.9952822449995438,1141760,0,66,0,0,0,0,0,0.0,0.0,0,
150,2026-10-08T22:57:03.068640+00:00,150.00315299300019,loop4,0.9952822449995438,374784,0,51,0,0,0,0,0,0.0,0.0,0,
150,2026-10-08T22:57:03.068640+00:00,150.00315299300019,loop5,0.9952822449995438,14336,0,11,0,0,0,0,0,0.0,0.0,0,
150,2026-10-08T22:57:03.068640+00:00,150.00315299300019,loop6,0.9952822449995438,0,0,0,0,0,0,0,0,0.0,0.0,0,
150,2026-10-08T22:57:03.068640+00:00,150.00315299300019,loop7,0.9952822449995438,0,0,0,0,0,0,0,0,0.0,0.0,0,
150,2026-10-08T22:57:03.068640+00:00,150.00315299300019,sr0,0.9952822449995438,1536,0,8,0,0,0,0,0,0.0,0.0,0,
150,2026-10-08T22:57:03.068640+00:00,150.00315299300019,sda,0.9952822449995438,315698688,25492606976,8097,119336,0,0,0,0,0.0,0.0,0,
150,2026-10-08T22:57:03.068640+00:00,150.00315299300019,sda1,0.9952822449995438,319488,0,78,0,0,0,0,0,0.0,0.0,0,
150,2026-10-08T22:57:03.068640+00:00,150.00315299300019,sda2,0.9952822449995438,285926400,429899776,6637,68203,0,0,0,0,0.0,0.0,0,
150,2026-10-08T22:57:03.068640+00:00,150.00315299300019,sda3,0.9952822449995438,5559296,118784,154,26,0,0,0,0,0.0,0.0,0,
150,2026-10-08T22:57:03.068640+00:00,150.00315299300019,sda4,0.9952822449995438,4657152,0,116,0,0,0,0,0,0.0,0.0,0,
150,2026-10-08T22:57:03.068640+00:00,150.00315299300019,sda5,0.9952822449995438,16782336,25062588416,977,51107,0,0,0,0,0.0,0.0,0,
151,2026-10-08T22:57:04.067360+00:00,151.00123406499915,loop0,0.9987198150010954,2109440,0,219,0,0,0,0,0,0.0,0.0,0,
151,2026-10-08T22:57:04.067360+00:00,151.00123406499915,loop1,0.9987198150010954,354304,0,43,0,0,0,0,0,0.0,0.0,0,
151,2026-10-08T22:57:04.067360+00:00,151.00123406499915,loop2,0.9987198150010954,1106944,0,51,0,0,0,0,0,0.0,0.0,0,
151,2026-10-08T22:57:04.067360+00:00,151.00123406499915,loop3,0.9987198150010954,1141760,0,66,0,0,0,0,0,0.0,0.0,0,
151,2026-10-08T22:57:04.067360+00:00,151.00123406499915,loop4,0.9987198150010954,374784,0,51,0,0,0,0,0,0.0,0.0,0,
151,2026-10-08T22:57:04.067360+00:00,151.00123406499915,loop5,0.9987198150010954,14336,0,11,0,0,0,0,0,0.0,0.0,0,
151,2026-10-08T22:57:04.067360+00:00,151.00123406499915,loop6,0.9987198150010954,0,0,0,0,0,0,0,0,0.0,0.0,0,
151,2026-10-08T22:57:04.067360+00:00,151.00123406499915,loop7,0.9987198150010954,0,0,0,0,0,0,0,0,0.0,0.0,0,
151,2026-10-08T22:57:04.067360+00:00,151.00123406499915,sr0,0.9987198150010954,1536,0,8,0,0,0,0,0,0.0,0.0,0,
151,2026-10-08T22:57:04.067360+00:00,151.00123406499915,sda,0.9987198150010954,315698688,25492656128,8097,119338,0,49152,0,2,0.0,49215.00431023899,8,
151,2026-10-08T22:57:04.067360+00:00,151.00123406499915,sda1,0.9987198150010954,319488,0,78,0,0,0,0,0,0.0,0.0,0,
151,2026-10-08T22:57:04.067360+00:00,151.00123406499915,sda2,0.9987198150010954,285926400,429948928,6637,68205,0,49152,0,2,0.0,49215.00431023899,8,
151,2026-10-08T22:57:04.067360+00:00,151.00123406499915,sda3,0.9987198150010954,5559296,118784,154,26,0,0,0,0,0.0,0.0,0,
151,2026-10-08T22:57:04.067360+00:00,151.00123406499915,sda4,0.9987198150010954,4657152,0,116,0,0,0,0,0,0.0,0.0,0,
151,2026-10-08T22:57:04.067360+00:00,151.00123406499915,sda5,0.9987198150010954,16782336,25062588416,977,51107,0,0,0,0,0.0,0.0,0,
152,2026-10-08T22:57:05.069328+00:00,152.00380330500047,loop0,1.0019680929999595,2109440,0,219,0,0,0,0,0,0.0,0.0,0,
152,2026-10-08T22:57:05.069328+00:00,152.00380330500047,loop1,1.0019680929999595,354304,0,43,0,0,0,0,0,0.0,0.0,0,
152,2026-10-08T22:57:05.069328+00:00,152.00380330500047,loop2,1.0019680929999595,1106944,0,51,0,0,0,0,0,0.0,0.0,0,
152,2026-10-08T22:57:05.069328+00:00,152.00380330500047,loop3,1.0019680929999595,1141760,0,66,0,0,0,0,0,0.0,0.0,0,
152,2026-10-08T22:57:05.069328+00:00,152.00380330500047,loop4,1.0019680929999595,374784,0,51,0,0,0,0,0,0.0,0.0,0,
152,2026-10-08T22:57:05.069328+00:00,152.00380330500047,loop5,1.0019680929999595,14336,0,11,0,0,0,0,0,0.0,0.0,0,
152,2026-10-08T22:57:05.069328+00:00,152.00380330500047,loop6,1.0019680929999595,0,0,0,0,0,0,0,0,0.0,0.0,0,
152,2026-10-08T22:57:05.069328+00:00,152.00380330500047,loop7,1.0019680929999595,0,0,0,0,0,0,0,0,0.0,0.0,0,
152,2026-10-08T22:57:05.069328+00:00,152.00380330500047,sr0,1.0019680929999595,1536,0,8,0,0,0,0,0,0.0,0.0,0,
152,2026-10-08T22:57:05.069328+00:00,152.00380330500047,sda,1.0019680929999595,315698688,25492656128,8097,119338,0,0,0,0,0.0,0.0,0,
152,2026-10-08T22:57:05.069328+00:00,152.00380330500047,sda1,1.0019680929999595,319488,0,78,0,0,0,0,0,0.0,0.0,0,
152,2026-10-08T22:57:05.069328+00:00,152.00380330500047,sda2,1.0019680929999595,285926400,429948928,6637,68205,0,0,0,0,0.0,0.0,0,
152,2026-10-08T22:57:05.069328+00:00,152.00380330500047,sda3,1.0019680929999595,5559296,118784,154,26,0,0,0,0,0.0,0.0,0,
152,2026-10-08T22:57:05.069328+00:00,152.00380330500047,sda4,1.0019680929999595,4657152,0,116,0,0,0,0,0,0.0,0.0,0,
152,2026-10-08T22:57:05.069328+00:00,152.00380330500047,sda5,1.0019680929999595,16782336,25062588416,977,51107,0,0,0,0,0.0,0.0,0,
153,2026-10-08T22:57:06.071239+00:00,153.00541322999925,loop0,1.0019109829991066,2109440,0,219,0,0,0,0,0,0.0,0.0,0,
153,2026-10-08T22:57:06.071239+00:00,153.00541322999925,loop1,1.0019109829991066,354304,0,43,0,0,0,0,0,0.0,0.0,0,
153,2026-10-08T22:57:06.071239+00:00,153.00541322999925,loop2,1.0019109829991066,1106944,0,51,0,0,0,0,0,0.0,0.0,0,
153,2026-10-08T22:57:06.071239+00:00,153.00541322999925,loop3,1.0019109829991066,1141760,0,66,0,0,0,0,0,0.0,0.0,0,
153,2026-10-08T22:57:06.071239+00:00,153.00541322999925,loop4,1.0019109829991066,374784,0,51,0,0,0,0,0,0.0,0.0,0,
153,2026-10-08T22:57:06.071239+00:00,153.00541322999925,loop5,1.0019109829991066,14336,0,11,0,0,0,0,0,0.0,0.0,0,
153,2026-10-08T22:57:06.071239+00:00,153.00541322999925,loop6,1.0019109829991066,0,0,0,0,0,0,0,0,0.0,0.0,0,
153,2026-10-08T22:57:06.071239+00:00,153.00541322999925,loop7,1.0019109829991066,0,0,0,0,0,0,0,0,0.0,0.0,0,
153,2026-10-08T22:57:06.071239+00:00,153.00541322999925,sr0,1.0019109829991066,1536,0,8,0,0,0,0,0,0.0,0.0,0,
153,2026-10-08T22:57:06.071239+00:00,153.00541322999925,sda,1.0019109829991066,315698688,25492754432,8097,119346,0,98304,0,8,0.0,98116.50103459107,12,
153,2026-10-08T22:57:06.071239+00:00,153.00541322999925,sda1,1.0019109829991066,319488,0,78,0,0,0,0,0,0.0,0.0,0,
153,2026-10-08T22:57:06.071239+00:00,153.00541322999925,sda2,1.0019109829991066,285926400,429961216,6637,68207,0,12288,0,2,0.0,12264.562629323884,4,
153,2026-10-08T22:57:06.071239+00:00,153.00541322999925,sda3,1.0019109829991066,5559296,118784,154,26,0,0,0,0,0.0,0.0,0,
153,2026-10-08T22:57:06.071239+00:00,153.00541322999925,sda4,1.0019109829991066,4657152,0,116,0,0,0,0,0,0.0,0.0,0,
153,2026-10-08T22:57:06.071239+00:00,153.00541322999925,sda5,1.0019109829991066,16782336,25062674432,977,51113,0,86016,0,6,0.0,85851.93840526718,8,
154,2026-10-08T22:57:07.067203+00:00,154.00112021899986,loop0,0.9959640870001749,2109440,0,219,0,0,0,0,0,0.0,0.0,0,
154,2026-10-08T22:57:07.067203+00:00,154.00112021899986,loop1,0.9959640870001749,354304,0,43,0,0,0,0,0,0.0,0.0,0,
154,2026-10-08T22:57:07.067203+00:00,154.00112021899986,loop2,0.9959640870001749,1106944,0,51,0,0,0,0,0,0.0,0.0,0,
154,2026-10-08T22:57:07.067203+00:00,154.00112021899986,loop3,0.9959640870001749,1141760,0,66,0,0,0,0,0,0.0,0.0,0,
154,2026-10-08T22:57:07.067203+00:00,154.00112021899986,loop4,0.9959640870001749,374784,0,51,0,0,0,0,0,0.0,0.0,0,
154,2026-10-08T22:57:07.067203+00:00,154.00112021899986,loop5,0.9959640870001749,14336,0,11,0,0,0,0,0,0.0,0.0,0,
154,2026-10-08T22:57:07.067203+00:00,154.00112021899986,loop6,0.9959640870001749,0,0,0,0,0,0,0,0,0.0,0.0,0,
154,2026-10-08T22:57:07.067203+00:00,154.00112021899986,loop7,0.9959640870001749,0,0,0,0,0,0,0,0,0.0,0.0,0,
154,2026-10-08T22:57:07.067203+00:00,154.00112021899986,sr0,0.9959640870001749,1536,0,8,0,0,0,0,0,0.0,0.0,0,
154,2026-10-08T22:57:07.067203+00:00,154.00112021899986,sda,0.9959640870001749,315698688,25492754432,8097,119346,0,0,0,0,0.0,0.0,0,
154,2026-10-08T22:57:07.067203+00:00,154.00112021899986,sda1,0.9959640870001749,319488,0,78,0,0,0,0,0,0.0,0.0,0,
154,2026-10-08T22:57:07.067203+00:00,154.00112021899986,sda2,0.9959640870001749,285926400,429961216,6637,68207,0,0,0,0,0.0,0.0,0,
154,2026-10-08T22:57:07.067203+00:00,154.00112021899986,sda3,0.9959640870001749,5559296,118784,154,26,0,0,0,0,0.0,0.0,0,
154,2026-10-08T22:57:07.067203+00:00,154.00112021899986,sda4,0.9959640870001749,4657152,0,116,0,0,0,0,0,0.0,0.0,0,
154,2026-10-08T22:57:07.067203+00:00,154.00112021899986,sda5,0.9959640870001749,16782336,25062674432,977,51113,0,0,0,0,0.0,0.0,0,
155,2026-10-08T22:57:08.067237+00:00,155.00140499699955,loop0,1.0000339510006597,2109440,0,219,0,0,0,0,0,0.0,0.0,0,
155,2026-10-08T22:57:08.067237+00:00,155.00140499699955,loop1,1.0000339510006597,354304,0,43,0,0,0,0,0,0.0,0.0,0,
155,2026-10-08T22:57:08.067237+00:00,155.00140499699955,loop2,1.0000339510006597,1106944,0,51,0,0,0,0,0,0.0,0.0,0,
155,2026-10-08T22:57:08.067237+00:00,155.00140499699955,loop3,1.0000339510006597,1141760,0,66,0,0,0,0,0,0.0,0.0,0,
155,2026-10-08T22:57:08.067237+00:00,155.00140499699955,loop4,1.0000339510006597,374784,0,51,0,0,0,0,0,0.0,0.0,0,
155,2026-10-08T22:57:08.067237+00:00,155.00140499699955,loop5,1.0000339510006597,14336,0,11,0,0,0,0,0,0.0,0.0,0,
155,2026-10-08T22:57:08.067237+00:00,155.00140499699955,loop6,1.0000339510006597,0,0,0,0,0,0,0,0,0.0,0.0,0,
155,2026-10-08T22:57:08.067237+00:00,155.00140499699955,loop7,1.0000339510006597,0,0,0,0,0,0,0,0,0.0,0.0,0,
155,2026-10-08T22:57:08.067237+00:00,155.00140499699955,sr0,1.0000339510006597,1536,0,8,0,0,0,0,0,0.0,0.0,0,
155,2026-10-08T22:57:08.067237+00:00,155.00140499699955,sda,1.0000339510006597,315698688,25492754432,8097,119346,0,0,0,0,0.0,0.0,0,
155,2026-10-08T22:57:08.067237+00:00,155.00140499699955,sda1,1.0000339510006597,319488,0,78,0,0,0,0,0,0.0,0.0,0,
155,2026-10-08T22:57:08.067237+00:00,155.00140499699955,sda2,1.0000339510006597,285926400,429961216,6637,68207,0,0,0,0,0.0,0.0,0,
155,2026-10-08T22:57:08.067237+00:00,155.00140499699955,sda3,1.0000339510006597,5559296,118784,154,26,0,0,0,0,0.0,0.0,0,
155,2026-10-08T22:57:08.067237+00:00,155.00140499699955,sda4,1.0000339510006597,4657152,0,116,0,0,0,0,0,0.0,0.0,0,
155,2026-10-08T22:57:08.067237+00:00,155.00140499699955,sda5,1.0000339510006597,16782336,25062674432,977,51113,0,0,0,0,0.0,0.0,0,
156,2026-10-08T22:57:09.067571+00:00,156.0019154040001,loop0,1.0003343299995322,2109440,0,219,0,0,0,0,0,0.0,0.0,0,
156,2026-10-08T22:57:09.067571+00:00,156.0019154040001,loop1,1.0003343299995322,354304,0,43,0,0,0,0,0,0.0,0.0,0,
156,2026-10-08T22:57:09.067571+00:00,156.0019154040001,loop2,1.0003343299995322,1106944,0,51,0,0,0,0,0,0.0,0.0,0,
156,2026-10-08T22:57:09.067571+00:00,156.0019154040001,loop3,1.0003343299995322,1141760,0,66,0,0,0,0,0,0.0,0.0,0,
156,2026-10-08T22:57:09.067571+00:00,156.0019154040001,loop4,1.0003343299995322,374784,0,51,0,0,0,0,0,0.0,0.0,0,
156,2026-10-08T22:57:09.067571+00:00,156.0019154040001,loop5,1.0003343299995322,14336,0,11,0,0,0,0,0,0.0,0.0,0,
156,2026-10-08T22:57:09.067571+00:00,156.0019154040001,loop6,1.0003343299995322,0,0,0,0,0,0,0,0,0.0,0.0,0,
156,2026-10-08T22:57:09.067571+00:00,156.0019154040001,loop7,1.0003343299995322,0,0,0,0,0,0,0,0,0.0,0.0,0,
156,2026-10-08T22:57:09.067571+00:00,156.0019154040001,sr0,1.0003343299995322,1536,0,8,0,0,0,0,0,0.0,0.0,0,
156,2026-10-08T22:57:09.067571+00:00,156.0019154040001,sda,1.0003343299995322,315698688,25492758528,8097,119347,0,4096,0,1,0.0,4094.6310420056416,8,
156,2026-10-08T22:57:09.067571+00:00,156.0019154040001,sda1,1.0003343299995322,319488,0,78,0,0,0,0,0,0.0,0.0,0,
156,2026-10-08T22:57:09.067571+00:00,156.0019154040001,sda2,1.0003343299995322,285926400,429965312,6637,68208,0,4096,0,1,0.0,4094.6310420056416,8,
156,2026-10-08T22:57:09.067571+00:00,156.0019154040001,sda3,1.0003343299995322,5559296,118784,154,26,0,0,0,0,0.0,0.0,0,
156,2026-10-08T22:57:09.067571+00:00,156.0019154040001,sda4,1.0003343299995322,4657152,0,116,0,0,0,0,0,0.0,0.0,0,
156,2026-10-08T22:57:09.067571+00:00,156.0019154040001,sda5,1.0003343299995322,16782336,25062674432,977,51113,0,0,0,0,0.0,0.0,0,
157,2026-10-08T22:57:10.067136+00:00,157.00114758699965,loop0,0.9995640519991866,2109440,0,219,0,0,0,0,0,0.0,0.0,0,
157,2026-10-08T22:57:10.067136+00:00,157.00114758699965,loop1,0.9995640519991866,354304,0,43,0,0,0,0,0,0.0,0.0,0,
157,2026-10-08T22:57:10.067136+00:00,157.00114758699965,loop2,0.9995640519991866,1106944,0,51,0,0,0,0,0,0.0,0.0,0,
157,2026-10-08T22:57:10.067136+00:00,157.00114758699965,loop3,0.9995640519991866,1141760,0,66,0,0,0,0,0,0.0,0.0,0,
157,2026-10-08T22:57:10.067136+00:00,157.00114758699965,loop4,0.9995640519991866,374784,0,51,0,0,0,0,0,0.0,0.0,0,
157,2026-10-08T22:57:10.067136+00:00,157.00114758699965,loop5,0.9995640519991866,14336,0,11,0,0,0,0,0,0.0,0.0,0,
157,2026-10-08T22:57:10.067136+00:00,157.00114758699965,loop6,0.9995640519991866,0,0,0,0,0,0,0,0,0.0,0.0,0,
157,2026-10-08T22:57:10.067136+00:00,157.00114758699965,loop7,0.9995640519991866,0,0,0,0,0,0,0,0,0.0,0.0,0,
157,2026-10-08T22:57:10.067136+00:00,157.00114758699965,sr0,0.9995640519991866,1536,0,8,0,0,0,0,0,0.0,0.0,0,
157,2026-10-08T22:57:10.067136+00:00,157.00114758699965,sda,0.9995640519991866,315698688,25492803584,8097,119349,0,45056,0,2,0.0,45075.65063978177,8,
157,2026-10-08T22:57:10.067136+00:00,157.00114758699965,sda1,0.9995640519991866,319488,0,78,0,0,0,0,0,0.0,0.0,0,
157,2026-10-08T22:57:10.067136+00:00,157.00114758699965,sda2,0.9995640519991866,285926400,430010368,6637,68210,0,45056,0,2,0.0,45075.65063978177,8,
157,2026-10-08T22:57:10.067136+00:00,157.00114758699965,sda3,0.9995640519991866,5559296,118784,154,26,0,0,0,0,0.0,0.0,0,
157,2026-10-08T22:57:10.067136+00:00,157.00114758699965,sda4,0.9995640519991866,4657152,0,116,0,0,0,0,0,0.0,0.0,0,
157,2026-10-08T22:57:10.067136+00:00,157.00114758699965,sda5,0.9995640519991866,16782336,25062674432,977,51113,0,0,0,0,0.0,0.0,0,
158,2026-10-08T22:57:11.068110+00:00,158.0012644260005,loop0,1.000973772001089,2109440,0,219,0,0,0,0,0,0.0,0.0,0,
158,2026-10-08T22:57:11.068110+00:00,158.0012644260005,loop1,1.000973772001089,354304,0,43,0,0,0,0,0,0.0,0.0,0,
158,2026-10-08T22:57:11.068110+00:00,158.0012644260005,loop2,1.000973772001089,1106944,0,51,0,0,0,0,0,0.0,0.0,0,
158,2026-10-08T22:57:11.068110+00:00,158.0012644260005,loop3,1.000973772001089,1141760,0,66,0,0,0,0,0,0.0,0.0,0,
158,2026-10-08T22:57:11.068110+00:00,158.0012644260005,loop4,1.000973772001089,374784,0,51,0,0,0,0,0,0.0,0.0,0,
158,2026-10-08T22:57:11.068110+00:00,158.0012644260005,loop5,1.000973772001089,14336,0,11,0,0,0,0,0,0.0,0.0,0,
158,2026-10-08T22:57:11.068110+00:00,158.0012644260005,loop6,1.000973772001089,0,0,0,0,0,0,0,0,0.0,0.0,0,
158,2026-10-08T22:57:11.068110+00:00,158.0012644260005,loop7,1.000973772001089,0,0,0,0,0,0,0,0,0.0,0.0,0,
158,2026-10-08T22:57:11.068110+00:00,158.0012644260005,sr0,1.000973772001089,1536,0,8,0,0,0,0,0,0.0,0.0,0,
158,2026-10-08T22:57:11.068110+00:00,158.0012644260005,sda,1.000973772001089,315698688,25492885504,8097,119357,0,81920,0,8,0.0,81840.30620126067,8,
158,2026-10-08T22:57:11.068110+00:00,158.0012644260005,sda1,1.000973772001089,319488,0,78,0,0,0,0,0,0.0,0.0,0,
158,2026-10-08T22:57:11.068110+00:00,158.0012644260005,sda2,1.000973772001089,285926400,430022656,6637,68212,0,12288,0,2,0.0,12276.0459301891,4,
158,2026-10-08T22:57:11.068110+00:00,158.0012644260005,sda3,1.000973772001089,5559296,118784,154,26,0,0,0,0,0.0,0.0,0,
158,2026-10-08T22:57:11.068110+00:00,158.0012644260005,sda4,1.000973772001089,4657152,0,116,0,0,0,0,0,0.0,0.0,0,
158,2026-10-08T22:57:11.068110+00:00,158.0012644260005,sda5,1.000973772001089,16782336,25062744064,977,51119,0,69632,0,6,0.0,69564.26027107157,8,
159,2026-10-08T22:57:12.066859+00:00,159.00106964099905,loop0,0.9987492050004221,2109440,0,219,0,0,0,0,0,0.0,0.0,0,
159,2026-10-08T22:57:12.066859+00:00,159.00106964099905,loop1,0.9987492050004221,354304,0,43,0,0,0,0,0,0.0,0.0,0,
159,2026-10-08T22:57:12.066859+00:00,159.00106964099905,loop2,0.9987492050004221,1106944,0,51,0,0,0,0,0,0.0,0.0,0,
159,2026-10-08T22:57:12.066859+00:00,159.00106964099905,loop3,0.9987492050004221,1141760,0,66,0,0,0,0,0,0.0,0.0,0,
159,2026-10-08T22:57:12.066859+00:00,159.00106964099905,loop4,0.9987492050004221,374784,0,51,0,0,0,0,0,0.0,0.0,0,
159,2026-10-08T22:57:12.066859+00:00,159.00106964099905,loop5,0.9987492050004221,14336,0,11,0,0,0,0,0,0.0,0.0,0,
159,2026-10-08T22:57:12.066859+00:00,159.00106964099905,loop6,0.9987492050004221,0,0,0,0,0,0,0,0,0.0,0.0,0,
159,2026-10-08T22:57:12.066859+00:00,159.00106964099905,loop7,0.9987492050004221,0,0,0,0,0,0,0,0,0.0,0.0,0,
159,2026-10-08T22:57:12.066859+00:00,159.00106964099905,sr0,0.9987492050004221,1536,0,8,0,0,0,0,0,0.0,0.0,0,
159,2026-10-08T22:57:12.066859+00:00,159.00106964099905,sda,0.9987492050004221,315698688,25492885504,8097,119357,0,0,0,0,0.0,0.0,0,
159,2026-10-08T22:57:12.066859+00:00,159.00106964099905,sda1,0.9987492050004221,319488,0,78,0,0,0,0,0,0.0,0.0,0,
159,2026-10-08T22:57:12.066859+00:00,159.00106964099905,sda2,0.9987492050004221,285926400,430022656,6637,68212,0,0,0,0,0.0,0.0,0,
159,2026-10-08T22:57:12.066859+00:00,159.00106964099905,sda3,0.9987492050004221,5559296,118784,154,26,0,0,0,0,0.0,0.0,0,
159,2026-10-08T22:57:12.066859+00:00,159.00106964099905,sda4,0.9987492050004221,4657152,0,116,0,0,0,0,0,0.0,0.0,0,
159,2026-10-08T22:57:12.066859+00:00,159.00106964099905,sda5,0.9987492050004221,16782336,25062744064,977,51119,0,0,0,0,0.0,0.0,0,
160,2026-10-08T22:57:13.066795+00:00,160.00106090999907,loop0,0.9999367809996329,2109440,0,219,0,0,0,0,0,0.0,0.0,0,
160,2026-10-08T22:57:13.066795+00:00,160.00106090999907,loop1,0.9999367809996329,354304,0,43,0,0,0,0,0,0.0,0.0,0,
160,2026-10-08T22:57:13.066795+00:00,160.00106090999907,loop2,0.9999367809996329,1106944,0,51,0,0,0,0,0,0.0,0.0,0,
160,2026-10-08T22:57:13.066795+00:00,160.00106090999907,loop3,0.9999367809996329,1141760,0,66,0,0,0,0,0,0.0,0.0,0,
160,2026-10-08T22:57:13.066795+00:00,160.00106090999907,loop4,0.9999367809996329,374784,0,51,0,0,0,0,0,0.0,0.0,0,
160,2026-10-08T22:57:13.066795+00:00,160.00106090999907,loop5,0.9999367809996329,14336,0,11,0,0,0,0,0,0.0,0.0,0,
160,2026-10-08T22:57:13.066795+00:00,160.00106090999907,loop6,0.9999367809996329,0,0,0,0,0,0,0,0,0.0,0.0,0,
160,2026-10-08T22:57:13.066795+00:00,160.00106090999907,loop7,0.9999367809996329,0,0,0,0,0,0,0,0,0.0,0.0,0,
160,2026-10-08T22:57:13.066795+00:00,160.00106090999907,sr0,0.9999367809996329,1536,0,8,0,0,0,0,0,0.0,0.0,0,
160,2026-10-08T22:57:13.066795+00:00,160.00106090999907,sda,0.9999367809996329,315698688,25492885504,8097,119357,0,0,0,0,0.0,0.0,0,
160,2026-10-08T22:57:13.066795+00:00,160.00106090999907,sda1,0.9999367809996329,319488,0,78,0,0,0,0,0,0.0,0.0,0,
160,2026-10-08T22:57:13.066795+00:00,160.00106090999907,sda2,0.9999367809996329,285926400,430022656,6637,68212,0,0,0,0,0.0,0.0,0,
160,2026-10-08T22:57:13.066795+00:00,160.00106090999907,sda3,0.9999367809996329,5559296,118784,154,26,0,0,0,0,0.0,0.0,0,
160,2026-10-08T22:57:13.066795+00:00,160.00106090999907,sda4,0.9999367809996329,4657152,0,116,0,0,0,0,0,0.0,0.0,0,
160,2026-10-08T22:57:13.066795+00:00,160.00106090999907,sda5,0.9999367809996329,16782336,25062744064,977,51119,0,0,0,0,0.0,0.0,0,
161,2026-10-08T22:57:14.067381+00:00,161.00143987299998,loop0,1.0005856709994987,2109440,0,219,0,0,0,0,0,0.0,0.0,0,
161,2026-10-08T22:57:14.067381+00:00,161.00143987299998,loop1,1.0005856709994987,354304,0,43,0,0,0,0,0,0.0,0.0,0,
161,2026-10-08T22:57:14.067381+00:00,161.00143987299998,loop2,1.0005856709994987,1106944,0,51,0,0,0,0,0,0.0,0.0,0,
161,2026-10-08T22:57:14.067381+00:00,161.00143987299998,loop3,1.0005856709994987,1141760,0,66,0,0,0,0,0,0.0,0.0,0,
161,2026-10-08T22:57:14.067381+00:00,161.00143987299998,loop4,1.0005856709994987,374784,0,51,0,0,0,0,0,0.0,0.0,0,
161,2026-10-08T22:57:14.067381+00:00,161.00143987299998,loop5,1.0005856709994987,14336,0,11,0,0,0,0,0,0.0,0.0,0,
161,2026-10-08T22:57:14.067381+00:00,161.00143987299998,loop6,1.0005856709994987,0,0,0,0,0,0,0,0,0.0,0.0,0,
161,2026-10-08T22:57:14.067381+00:00,161.00143987299998,loop7,1.0005856709994987,0,0,0,0,0,0,0,0,0.0,0.0,0,
161,2026-10-08T22:57:14.067381+00:00,161.00143987299998,sr0,1.0005856709994987,1536,0,8,0,0,0,0,0,0.0,0.0,0,
161,2026-10-08T22:57:14.067381+00:00,161.00143987299998,sda,1.0005856709994987,315698688,25492885504,8097,119357,0,0,0,0,0.0,0.0,0,
161,2026-10-08T22:57:14.067381+00:00,161.00143987299998,sda1,1.0005856709994987,319488,0,78,0,0,0,0,0,0.0,0.0,0,
161,2026-10-08T22:57:14.067381+00:00,161.00143987299998,sda2,1.0005856709994987,285926400,430022656,6637,68212,0,0,0,0,0.0,0.0,0,
161,2026-10-08T22:57:14.067381+00:00,161.00143987299998,sda3,1.0005856709994987,5559296,118784,154,26,0,0,0,0,0.0,0.0,0,
161,2026-10-08T22:57:14.067381+00:00,161.00143987299998,sda4,1.0005856709994987,4657152,0,116,0,0,0,0,0,0.0,0.0,0,
161,2026-10-08T22:57:14.067381+00:00,161.00143987299998,sda5,1.0005856709994987,16782336,25062744064,977,51119,0,0,0,0,0.0,0.0,0,
162,2026-10-08T22:57:15.066976+00:00,162.0014645299998,loop0,0.9995951849996345,2109440,0,219,0,0,0,0,0,0.0,0.0,0,
162,2026-10-08T22:57:15.066976+00:00,162.0014645299998,loop1,0.9995951849996345,354304,0,43,0,0,0,0,0,0.0,0.0,0,
162,2026-10-08T22:57:15.066976+00:00,162.0014645299998,loop2,0.9995951849996345,1106944,0,51,0,0,0,0,0,0.0,0.0,0,
162,2026-10-08T22:57:15.066976+00:00,162.0014645299998,loop3,0.9995951849996345,1141760,0,66,0,0,0,0,0,0.0,0.0,0,
162,2026-10-08T22:57:15.066976+00:00,162.0014645299998,loop4,0.9995951849996345,374784,0,51,0,0,0,0,0,0.0,0.0,0,
162,2026-10-08T22:57:15.066976+00:00,162.0014645299998,loop5,0.9995951849996345,14336,0,11,0,0,0,0,0,0.0,0.0,0,
162,2026-10-08T22:57:15.066976+00:00,162.0014645299998,loop6,0.9995951849996345,0,0,0,0,0,0,0,0,0.0,0.0,0,
162,2026-10-08T22:57:15.066976+00:00,162.0014645299998,loop7,0.9995951849996345,0,0,0,0,0,0,0,0,0.0,0.0,0,
162,2026-10-08T22:57:15.066976+00:00,162.0014645299998,sr0,0.9995951849996345,1536,0,8,0,0,0,0,0,0.0,0.0,0,
162,2026-10-08T22:57:15.066976+00:00,162.0014645299998,sda,0.9995951849996345,315698688,25492951040,8097,119366,0,65536,0,9,0.0,65562.54069993741,40,
162,2026-10-08T22:57:15.066976+00:00,162.0014645299998,sda1,0.9995951849996345,319488,0,78,0,0,0,0,0,0.0,0.0,0,
162,2026-10-08T22:57:15.066976+00:00,162.0014645299998,sda2,0.9995951849996345,285926400,430088192,6637,68221,0,65536,0,9,0.0,65562.54069993741,40,
162,2026-10-08T22:57:15.066976+00:00,162.0014645299998,sda3,0.9995951849996345,5559296,118784,154,26,0,0,0,0,0.0,0.0,0,
162,2026-10-08T22:57:15.066976+00:00,162.0014645299998,sda4,0.9995951849996345,4657152,0,116,0,0,0,0,0,0.0,0.0,0,
162,2026-10-08T22:57:15.066976+00:00,162.0014645299998,sda5,0.9995951849996345,16782336,25062744064,977,51119,0,0,0,0,0.0,0.0,0,
163,2026-10-08T22:57:16.067166+00:00,163.00120786799926,loop0,1.0001893640001072,2109440,0,219,0,0,0,0,0,0.0,0.0,0,
163,2026-10-08T22:57:16.067166+00:00,163.00120786799926,loop1,1.0001893640001072,354304,0,43,0,0,0,0,0,0.0,0.0,0,
163,2026-10-08T22:57:16.067166+00:00,163.00120786799926,loop2,1.0001893640001072,1106944,0,51,0,0,0,0,0,0.0,0.0,0,
163,2026-10-08T22:57:16.067166+00:00,163.00120786799926,loop3,1.0001893640001072,1141760,0,66,0,0,0,0,0,0.0,0.0,0,
163,2026-10-08T22:57:16.067166+00:00,163.00120786799926,loop4,1.0001893640001072,374784,0,51,0,0,0,0,0,0.0,0.0,0,
163,2026-10-08T22:57:16.067166+00:00,163.00120786799926,loop5,1.0001893640001072,14336,0,11,0,0,0,0,0,0.0,0.0,0,
163,2026-10-08T22:57:16.067166+00:00,163.00120786799926,loop6,1.0001893640001072,0,0,0,0,0,0,0,0,0.0,0.0,0,
163,2026-10-08T22:57:16.067166+00:00,163.00120786799926,loop7,1.0001893640001072,0,0,0,0,0,0,0,0,0.0,0.0,0,
163,2026-10-08T22:57:16.067166+00:00,163.00120786799926,sr0,1.0001893640001072,1536,0,8,0,0,0,0,0,0.0,0.0,0,
163,2026-10-08T22:57:16.067166+00:00,163.00120786799926,sda,1.0001893640001072,315698688,25493028864,8097,119374,0,77824,0,8,0.0,77809.26572619668,8,
163,2026-10-08T22:57:16.067166+00:00,163.00120786799926,sda1,1.0001893640001072,319488,0,78,0,0,0,0,0,0.0,0.0,0,
163,2026-10-08T22:57:16.067166+00:00,163.00120786799926,sda2,1.0001893640001072,285926400,430096384,6637,68223,0,8192,0,2,0.0,8190.449023810177,8,
163,2026-10-08T22:57:16.067166+00:00,163.00120786799926,sda3,1.0001893640001072,5559296,118784,154,26,0,0,0,0,0.0,0.0,0,
163,2026-10-08T22:57:16.067166+00:00,163.00120786799926,sda4,1.0001893640001072,4657152,0,116,0,0,0,0,0,0.0,0.0,0,
163,2026-10-08T22:57:16.067166+00:00,163.00120786799926,sda5,1.0001893640001072,16782336,25062813696,977,51125,0,69632,0,6,0.0,69618.81670238651,8,
164,2026-10-08T22:57:17.066596+00:00,164.0003771060001,loop0,0.9994307340002706,2109440,0,219,0,0,0,0,0,0.0,0.0,0,
164,2026-10-08T22:57:17.066596+00:00,164.0003771060001,loop1,0.9994307340002706,354304,0,43,0,0,0,0,0,0.0,0.0,0,
164,2026-10-08T22:57:17.066596+00:00,164.0003771060001,loop2,0.9994307340002706,1106944,0,51,0,0,0,0,0,0.0,0.0,0,
164,2026-10-08T22:57:17.066596+00:00,164.0003771060001,loop3,0.9994307340002706,1141760,0,66,0,0,0,0,0,0.0,0.0,0,
164,2026-10-08T22:57:17.066596+00:00,164.0003771060001,loop4,0.9994307340002706,374784,0,51,0,0,0,0,0,0.0,0.0,0,
164,2026-10-08T22:57:17.066596+00:00,164.0003771060001,loop5,0.9994307340002706,14336,0,11,0,0,0,0,0,0.0,0.0,0,
164,2026-10-08T22:57:17.066596+00:00,164.0003771060001,loop6,0.9994307340002706,0,0,0,0,0,0,0,0,0.0,0.0,0,
164,2026-10-08T22:57:17.066596+00:00,164.0003771060001,loop7,0.9994307340002706,0,0,0,0,0,0,0,0,0.0,0.0,0,
164,2026-10-08T22:57:17.066596+00:00,164.0003771060001,sr0,0.9994307340002706,1536,0,8,0,0,0,0,0,0.0,0.0,0,
164,2026-10-08T22:57:17.066596+00:00,164.0003771060001,sda,0.9994307340002706,315698688,25493028864,8097,119374,0,0,0,0,0.0,0.0,0,
164,2026-10-08T22:57:17.066596+00:00,164.0003771060001,sda1,0.9994307340002706,319488,0,78,0,0,0,0,0,0.0,0.0,0,
164,2026-10-08T22:57:17.066596+00:00,164.0003771060001,sda2,0.9994307340002706,285926400,430096384,6637,68223,0,0,0,0,0.0,0.0,0,
164,2026-10-08T22:57:17.066596+00:00,164.0003771060001,sda3,0.9994307340002706,5559296,118784,154,26,0,0,0,0,0.0,0.0,0,
164,2026-10-08T22:57:17.066596+00:00,164.0003771060001,sda4,0.9994307340002706,4657152,0,116,0,0,0,0,0,0.0,0.0,0,
164,2026-10-08T22:57:17.066596+00:00,164.0003771060001,sda5,0.9994307340002706,16782336,25062813696,977,51125,0,0,0,0,0.0,0.0,0,
165,2026-10-08T22:57:18.066591+00:00,165.0007423019997,loop0,0.9999944150004012,2109440,0,219,0,0,0,0,0,0.0,0.0,0,
165,2026-10-08T22:57:18.066591+00:00,165.0007423019997,loop1,0.9999944150004012,354304,0,43,0,0,0,0,0,0.0,0.0,0,
165,2026-10-08T22:57:18.066591+00:00,165.0007423019997,loop2,0.9999944150004012,1106944,0,51,0,0,0,0,0,0.0,0.0,0,
165,2026-10-08T22:57:18.066591+00:00,165.0007423019997,loop3,0.9999944150004012,1141760,0,66,0,0,0,0,0,0.0,0.0,0,
165,2026-10-08T22:57:18.066591+00:00,165.0007423019997,loop4,0.9999944150004012,374784,0,51,0,0,0,0,0,0.0,0.0,0,
165,2026-10-08T22:57:18.066591+00:00,165.0007423019997,loop5,0.9999944150004012,14336,0,11,0,0,0,0,0,0.0,0.0,0,
165,2026-10-08T22:57:18.066591+00:00,165.0007423019997,loop6,0.9999944150004012,0,0,0,0,0,0,0,0,0.0,0.0,0,
165,2026-10-08T22:57:18.066591+00:00,165.0007423019997,loop7,0.9999944150004012,0,0,0,0,0,0,0,0,0.0,0.0,0,
165,2026-10-08T22:57:18.066591+00:00,165.0007423019997,sr0,0.9999944150004012,1536,0,8,0,0,0,0,0,0.0,0.0,0,
165,2026-10-08T22:57:18.066591+00:00,165.0007423019997,sda,0.9999944150004012,315698688,25493028864,8097,119374,0,0,0,0,0.0,0.0,0,
165,2026-10-08T22:57:18.066591+00:00,165.0007423019997,sda1,0.9999944150004012,319488,0,78,0,0,0,0,0,0.0,0.0,0,
165,2026-10-08T22:57:18.066591+00:00,165.0007423019997,sda2,0.9999944150004012,285926400,430096384,6637,68223,0,0,0,0,0.0,0.0,0,
165,2026-10-08T22:57:18.066591+00:00,165.0007423019997,sda3,0.9999944150004012,5559296,118784,154,26,0,0,0,0,0.0,0.0,0,
165,2026-10-08T22:57:18.066591+00:00,165.0007423019997,sda4,0.9999944150004012,4657152,0,116,0,0,0,0,0,0.0,0.0,0,
165,2026-10-08T22:57:18.066591+00:00,165.0007423019997,sda5,0.9999944150004012,16782336,25062813696,977,51125,0,0,0,0,0.0,0.0,0,
166,2026-10-08T22:57:19.081564+00:00,166.01561463600046,loop0,1.0149734589995205,2109440,0,219,0,0,0,0,0,0.0,0.0,0,
166,2026-10-08T22:57:19.081564+00:00,166.01561463600046,loop1,1.0149734589995205,354304,0,43,0,0,0,0,0,0.0,0.0,0,
166,2026-10-08T22:57:19.081564+00:00,166.01561463600046,loop2,1.0149734589995205,1106944,0,51,0,0,0,0,0,0.0,0.0,0,
166,2026-10-08T22:57:19.081564+00:00,166.01561463600046,loop3,1.0149734589995205,1141760,0,66,0,0,0,0,0,0.0,0.0,0,
166,2026-10-08T22:57:19.081564+00:00,166.01561463600046,loop4,1.0149734589995205,374784,0,51,0,0,0,0,0,0.0,0.0,0,
166,2026-10-08T22:57:19.081564+00:00,166.01561463600046,loop5,1.0149734589995205,14336,0,11,0,0,0,0,0,0.0,0.0,0,
166,2026-10-08T22:57:19.081564+00:00,166.01561463600046,loop6,1.0149734589995205,0,0,0,0,0,0,0,0,0.0,0.0,0,
166,2026-10-08T22:57:19.081564+00:00,166.01561463600046,loop7,1.0149734589995205,0,0,0,0,0,0,0,0,0.0,0.0,0,
166,2026-10-08T22:57:19.081564+00:00,166.01561463600046,sr0,1.0149734589995205,1536,0,8,0,0,0,0,0,0.0,0.0,0,
166,2026-10-08T22:57:19.081564+00:00,166.01561463600046,sda,1.0149734589995205,315698688,25493028864,8097,119374,0,0,0,0,0.0,0.0,0,
166,2026-10-08T22:57:19.081564+00:00,166.01561463600046,sda1,1.0149734589995205,319488,0,78,0,0,0,0,0,0.0,0.0,0,
166,2026-10-08T22:57:19.081564+00:00,166.01561463600046,sda2,1.0149734589995205,285926400,430096384,6637,68223,0,0,0,0,0.0,0.0,0,
166,2026-10-08T22:57:19.081564+00:00,166.01561463600046,sda3,1.0149734589995205,5559296,118784,154,26,0,0,0,0,0.0,0.0,0,
166,2026-10-08T22:57:19.081564+00:00,166.01561463600046,sda4,1.0149734589995205,4657152,0,116,0,0,0,0,0,0.0,0.0,0,
166,2026-10-08T22:57:19.081564+00:00,166.01561463600046,sda5,1.0149734589995205,16782336,25062813696,977,51125,0,0,0,0,0.0,0.0,0,
167,2026-10-08T22:57:20.093818+00:00,167.02786489000027,loop0,1.0122534729998733,2109440,0,219,0,0,0,0,0,0.0,0.0,0,
167,2026-10-08T22:57:20.093818+00:00,167.02786489000027,loop1,1.0122534729998733,354304,0,43,0,0,0,0,0,0.0,0.0,0,
167,2026-10-08T22:57:20.093818+00:00,167.02786489000027,loop2,1.0122534729998733,1106944,0,51,0,0,0,0,0,0.0,0.0,0,
167,2026-10-08T22:57:20.093818+00:00,167.02786489000027,loop3,1.0122534729998733,1141760,0,66,0,0,0,0,0,0.0,0.0,0,
167,2026-10-08T22:57:20.093818+00:00,167.02786489000027,loop4,1.0122534729998733,374784,0,51,0,0,0,0,0,0.0,0.0,0,
167,2026-10-08T22:57:20.093818+00:00,167.02786489000027,loop5,1.0122534729998733,14336,0,11,0,0,0,0,0,0.0,0.0,0,
167,2026-10-08T22:57:20.093818+00:00,167.02786489000027,loop6,1.0122534729998733,0,0,0,0,0,0,0,0,0.0,0.0,0,
167,2026-10-08T22:57:20.093818+00:00,167.02786489000027,loop7,1.0122534729998733,0,0,0,0,0,0,0,0,0.0,0.0,0,
167,2026-10-08T22:57:20.093818+00:00,167.02786489000027,sr0,1.0122534729998733,1536,0,8,0,0,0,0,0,0.0,0.0,0,
167,2026-10-08T22:57:20.093818+00:00,167.02786489000027,sda,1.0122534729998733,315698688,25493053440,8097,119376,0,24576,0,2,0.0,24278.504006676867,4,
167,2026-10-08T22:57:20.093818+00:00,167.02786489000027,sda1,1.0122534729998733,319488,0,78,0,0,0,0,0,0.0,0.0,0,
167,2026-10-08T22:57:20.093818+00:00,167.02786489000027,sda2,1.0122534729998733,285926400,430120960,6637,68225,0,24576,0,2,0.0,24278.504006676867,4,
167,2026-10-08T22:57:20.093818+00:00,167.02786489000027,sda3,1.0122534729998733,5559296,118784,154,26,0,0,0,0,0.0,0.0,0,
167,2026-10-08T22:57:20.093818+00:00,167.02786489000027,sda4,1.0122534729998733,4657152,0,116,0,0,0,0,0,0.0,0.0,0,
167,2026-10-08T22:57:20.093818+00:00,167.02786489000027,sda5,1.0122534729998733,16782336,25062813696,977,51125,0,0,0,0,0.0,0.0,0,
168,2026-10-08T22:57:21.066641+00:00,168.00073005000013,loop0,0.9728232220004429,2109440,0,219,0,0,0,0,0,0.0,0.0,0,
168,2026-10-08T22:57:21.066641+00:00,168.00073005000013,loop1,0.9728232220004429,354304,0,43,0,0,0,0,0,0.0,0.0,0,
168,2026-10-08T22:57:21.066641+00:00,168.00073005000013,loop2,0.9728232220004429,1106944,0,51,0,0,0,0,0,0.0,0.0,0,
168,2026-10-08T22:57:21.066641+00:00,168.00073005000013,loop3,0.9728232220004429,1141760,0,66,0,0,0,0,0,0.0,0.0,0,
168,2026-10-08T22:57:21.066641+00:00,168.00073005000013,loop4,0.9728232220004429,374784,0,51,0,0,0,0,0,0.0,0.0,0,
168,2026-10-08T22:57:21.066641+00:00,168.00073005000013,loop5,0.9728232220004429,14336,0,11,0,0,0,0,0,0.0,0.0,0,
168,2026-10-08T22:57:21.066641+00:00,168.00073005000013,loop6,0.9728232220004429,0,0,0,0,0,0,0,0,0.0,0.0,0,
168,2026-10-08T22:57:21.066641+00:00,168.00073005000013,loop7,0.9728232220004429,0,0,0,0,0,0,0,0,0.0,0.0,0,
168,2026-10-08T22:57:21.066641+00:00,168.00073005000013,sr0,0.9728232220004429,1536,0,8,0,0,0,0,0,0.0,0.0,0,
168,2026-10-08T22:57:21.066641+00:00,168.00073005000013,sda,0.9728232220004429,315698688,25493053440,8097,119376,0,0,0,0,0.0,0.0,0,
168,2026-10-08T22:57:21.066641+00:00,168.00073005000013,sda1,0.9728232220004429,319488,0,78,0,0,0,0,0,0.0,0.0,0,
168,2026-10-08T22:57:21.066641+00:00,168.00073005000013,sda2,0.9728232220004429,285926400,430120960,6637,68225,0,0,0,0,0.0,0.0,0,
168,2026-10-08T22:57:21.066641+00:00,168.00073005000013,sda3,0.9728232220004429,5559296,118784,154,26,0,0,0,0,0.0,0.0,0,
168,2026-10-08T22:57:21.066641+00:00,168.00073005000013,sda4,0.9728232220004429,4657152,0,116,0,0,0,0,0,0.0,0.0,0,
168,2026-10-08T22:57:21.066641+00:00,168.00073005000013,sda5,0.9728232220004429,16782336,25062813696,977,51125,0,0,0,0,0.0,0.0,0,
169,2026-10-08T22:57:22.067638+00:00,169.00223101499978,loop0,1.0009970379996957,2109440,0,219,0,0,0,0,0,0.0,0.0,0,
169,2026-10-08T22:57:22.067638+00:00,169.00223101499978,loop1,1.0009970379996957,354304,0,43,0,0,0,0,0,0.0,0.0,0,
169,2026-10-08T22:57:22.067638+00:00,169.00223101499978,loop2,1.0009970379996957,1106944,0,51,0,0,0,0,0,0.0,0.0,0,
169,2026-10-08T22:57:22.067638+00:00,169.00223101499978,loop3,1.0009970379996957,1141760,0,66,0,0,0,0,0,0.0,0.0,0,
169,2026-10-08T22:57:22.067638+00:00,169.00223101499978,loop4,1.0009970379996957,374784,0,51,0,0,0,0,0,0.0,0.0,0,
169,2026-10-08T22:57:22.067638+00:00,169.00223101499978,loop5,1.0009970379996957,14336,0,11,0,0,0,0,0,0.0,0.0,0,
169,2026-10-08T22:57:22.067638+00:00,169.00223101499978,loop6,1.0009970379996957,0,0,0,0,0,0,0,0,0.0,0.0,0,
169,2026-10-08T22:57:22.067638+00:00,169.00223101499978,loop7,1.0009970379996957,0,0,0,0,0,0,0,0,0.0,0.0,0,
169,2026-10-08T22:57:22.067638+00:00,169.00223101499978,sr0,1.0009970379996957,1536,0,8,0,0,0,0,0,0.0,0.0,0,
169,2026-10-08T22:57:22.067638+00:00,169.00223101499978,sda,1.0009970379996957,315698688,25493135360,8097,119385,0,81920,0,9,0.0,81838.40400137617,12,
169,2026-10-08T22:57:22.067638+00:00,169.00223101499978,sda1,1.0009970379996957,319488,0,78,0,0,0,0,0,0.0,0.0,0,
169,2026-10-08T22:57:22.067638+00:00,169.00223101499978,sda2,1.0009970379996957,285926400,430133248,6637,68227,0,12288,0,2,0.0,12275.760600206426,4,
169,2026-10-08T22:57:22.067638+00:00,169.00223101499978,sda3,1.0009970379996957,5559296,118784,154,26,0,0,0,0,0.0,0.0,0,
169,2026-10-08T22:57:22.067638+00:00,169.00223101499978,sda4,1.0009970379996957,4657152,0,116,0,0,0,0,0,0.0,0.0,0,
169,2026-10-08T22:57:22.067638+00:00,169.00223101499978,sda5,1.0009970379996957,16782336,25062883328,977,51132,0,69632,0,7,0.0,69562.64340116974,12,
170,2026-10-08T22:57:23.066375+00:00,170.00037867900028,loop0,0.9987368319998495,2109440,0,219,0,0,0,0,0,0.0,0.0,0,
170,2026-10-08T22:57:23.066375+00:00,170.00037867900028,loop1,0.9987368319998495,354304,0,43,0,0,0,0,0,0.0,0.0,0,
170,2026-10-08T22:57:23.066375+00:00,170.00037867900028,loop2,0.9987368319998495,1106944,0,51,0,0,0,0,0,0.0,0.0,0,
170,2026-10-08T22:57:23.066375+00:00,170.00037867900028,loop3,0.9987368319998495,1141760,0,66,0,0,0,0,0,0.0,0.0,0,
170,2026-10-08T22:57:23.066375+00:00,170.00037867900028,loop4,0.9987368319998495,374784,0,51,0,0,0,0,0,0.0,0.0,0,
170,2026-10-08T22:57:23.066375+00:00,170.00037867900028,loop5,0.9987368319998495,14336,0,11,0,0,0,0,0,0.0,0.0,0,
170,2026-10-08T22:57:23.066375+00:00,170.00037867900028,loop6,0.9987368319998495,0,0,0,0,0,0,0,0,0.0,0.0,0,
170,2026-10-08T22:57:23.066375+00:00,170.00037867900028,loop7,0.9987368319998495,0,0,0,0,0,0,0,0,0.0,0.0,0,
170,2026-10-08T22:57:23.066375+00:00,170.00037867900028,sr0,0.9987368319998495,1536,0,8,0,0,0,0,0,0.0,0.0,0,
170,2026-10-08T22:57:23.066375+00:00,170.00037867900028,sda,0.9987368319998495,315698688,25493135360,8097,119385,0,0,0,0,0.0,0.0,0,
170,2026-10-08T22:57:23.066375+00:00,170.00037867900028,sda1,0.9987368319998495,319488,0,78,0,0,0,0,0,0.0,0.0,0,
170,2026-10-08T22:57:23.066375+00:00,170.00037867900028,sda2,0.9987368319998495,285926400,430133248,6637,68227,0,0,0,0,0.0,0.0,0,
170,2026-10-08T22:57:23.066375+00:00,170.00037867900028,sda3,0.9987368319998495,5559296,118784,154,26,0,0,0,0,0.0,0.0,0,
170,2026-10-08T22:57:23.066375+00:00,170.00037867900028,sda4,0.9987368319998495,4657152,0,116,0,0,0,0,0,0.0,0.0,0,
170,2026-10-08T22:57:23.066375+00:00,170.00037867900028,sda5,0.9987368319998495,16782336,25062883328,977,51132,0,0,0,0,0.0,0.0,0,
171,2026-10-08T22:57:24.067888+00:00,171.00230644099975,loop0,1.001512791001005,2109440,0,219,0,0,0,0,0,0.0,0.0,0,
171,2026-10-08T22:57:24.067888+00:00,171.00230644099975,loop1,1.001512791001005,354304,0,43,0,0,0,0,0,0.0,0.0,0,
171,2026-10-08T22:57:24.067888+00:00,171.00230644099975,loop2,1.001512791001005,1106944,0,51,0,0,0,0,0,0.0,0.0,0,
171,2026-10-08T22:57:24.067888+00:00,171.00230644099975,loop3,1.001512791001005,1141760,0,66,0,0,0,0,0,0.0,0.0,0,
171,2026-10-08T22:57:24.067888+00:00,171.00230644099975,loop4,1.001512791001005,374784,0,51,0,0,0,0,0,0.0,0.0,0,
171,2026-10-08T22:57:24.067888+00:00,171.00230644099975,loop5,1.001512791001005,14336,0,11,0,0,0,0,0,0.0,0.0,0,
171,2026-10-08T22:57:24.067888+00:00,171.00230644099975,loop6,1.001512791001005,0,0,0,0,0,0,0,0,0.0,0.0,0,
171,2026-10-08T22:57:24.067888+00:00,171.00230644099975,loop7,1.001512791001005,0,0,0,0,0,0,0,0,0.0,0.0,0,
171,2026-10-08T22:57:24.067888+00:00,171.00230644099975,sr0,1.001512791001005,1536,0,8,0,0,0,0,0,0.0,0.0,0,
171,2026-10-08T22:57:24.067888+00:00,171.00230644099975,sda,1.001512791001005,315698688,25493135360,8097,119385,0,0,0,0,0.0,0.0,0,
171,2026-10-08T22:57:24.067888+00:00,171.00230644099975,sda1,1.001512791001005,319488,0,78,0,0,0,0,0,0.0,0.0,0,
171,2026-10-08T22:57:24.067888+00:00,171.00230644099975,sda2,1.001512791001005,285926400,430133248,6637,68227,0,0,0,0,0.0,0.0,0,
171,2026-10-08T22:57:24.067888+00:00,171.00230644099975,sda3,1.001512791001005,5559296,118784,154,26,0,0,0,0,0.0,0.0,0,
171,2026-10-08T22:57:24.067888+00:00,171.00230644099975,sda4,1.001512791001005,4657152,0,116,0,0,0,0,0,0.0,0.0,0,
171,2026-10-08T22:57:24.067888+00:00,171.00230644099975,sda5,1.001512791001005,16782336,25062883328,977,51132,0,0,0,0,0.0,0.0,0,
172,2026-10-08T22:57:25.067583+00:00,172.00136043299972,loop0,0.9996955879996676,2109440,0,219,0,0,0,0,0,0.0,0.0,0,
172,2026-10-08T22:57:25.067583+00:00,172.00136043299972,loop1,0.9996955879996676,354304,0,43,0,0,0,0,0,0.0,0.0,0,
172,2026-10-08T22:57:25.067583+00:00,172.00136043299972,loop2,0.9996955879996676,1106944,0,51,0,0,0,0,0,0.0,0.0,0,
172,2026-10-08T22:57:25.067583+00:00,172.00136043299972,loop3,0.9996955879996676,1141760,0,66,0,0,0,0,0,0.0,0.0,0,
172,2026-10-08T22:57:25.067583+00:00,172.00136043299972,loop4,0.9996955879996676,374784,0,51,0,0,0,0,0,0.0,0.0,0,
172,2026-10-08T22:57:25.067583+00:00,172.00136043299972,loop5,0.9996955879996676,14336,0,11,0,0,0,0,0,0.0,0.0,0,
172,2026-10-08T22:57:25.067583+00:00,172.00136043299972,loop6,0.9996955879996676,0,0,0,0,0,0,0,0,0.0,0.0,0,
172,2026-10-08T22:57:25.067583+00:00,172.00136043299972,loop7,0.9996955879996676,0,0,0,0,0,0,0,0,0.0,0.0,0,
172,2026-10-08T22:57:25.067583+00:00,172.00136043299972,sr0,0.9996955879996676,1536,0,8,0,0,0,0,0,0.0,0.0,0,
172,2026-10-08T22:57:25.067583+00:00,172.00136043299972,sda,0.9996955879996676,315698688,25493172224,8097,119387,0,36864,0,2,0.0,36875.22526108444,4,
172,2026-10-08T22:57:25.067583+00:00,172.00136043299972,sda1,0.9996955879996676,319488,0,78,0,0,0,0,0,0.0,0.0,0,
172,2026-10-08T22:57:25.067583+00:00,172.00136043299972,sda2,0.9996955879996676,285926400,430170112,6637,68229,0,36864,0,2,0.0,36875.22526108444,4,
172,2026-10-08T22:57:25.067583+00:00,172.00136043299972,sda3,0.9996955879996676,5559296,118784,154,26,0,0,0,0,0.0,0.0,0,
172,2026-10-08T22:57:25.067583+00:00,172.00136043299972,sda4,0.9996955879996676,4657152,0,116,0,0,0,0,0,0.0,0.0,0,
172,2026-10-08T22:57:25.067583+00:00,172.00136043299972,sda5,0.9996955879996676,16782336,25062883328,977,51132,0,0,0,0,0.0,0.0,0,
173,2026-10-08T22:57:26.074576+00:00,173.00878745599948,loop0,1.0069924050003465,2109440,0,219,0,0,0,0,0,0.0,0.0,0,
173,2026-10-08T22:57:26.074576+00:00,173.00878745599948,loop1,1.0069924050003465,354304,0,43,0,0,0,0,0,0.0,0.0,0,
173,2026-10-08T22:57:26.074576+00:00,173.00878745599948,loop2,1.0069924050003465,1106944,0,51,0,0,0,0,0,0.0,0.0,0,
173,2026-10-08T22:57:26.074576+00:00,173.00878745599948,loop3,1.0069924050003465,1141760,0,66,0,0,0,0,0,0.0,0.0,0,
173,2026-10-08T22:57:26.074576+00:00,173.00878745599948,loop4,1.0069924050003465,374784,0,51,0,0,0,0,0,0.0,0.0,0,
173,2026-10-08T22:57:26.074576+00:00,173.00878745599948,loop5,1.0069924050003465,14336,0,11,0,0,0,0,0,0.0,0.0,0,
173,2026-10-08T22:57:26.074576+00:00,173.00878745599948,loop6,1.0069924050003465,0,0,0,0,0,0,0,0,0.0,0.0,0,
173,2026-10-08T22:57:26.074576+00:00,173.00878745599948,loop7,1.0069924050003465,0,0,0,0,0,0,0,0,0.0,0.0,0,
173,2026-10-08T22:57:26.074576+00:00,173.00878745599948,sr0,1.0069924050003465,1536,0,8,0,0,0,0,0,0.0,0.0,0,
173,2026-10-08T22:57:26.074576+00:00,173.00878745599948,sda,1.0069924050003465,315698688,25493172224,8097,119387,0,0,0,0,0.0,0.0,0,
173,2026-10-08T22:57:26.074576+00:00,173.00878745599948,sda1,1.0069924050003465,319488,0,78,0,0,0,0,0,0.0,0.0,0,
173,2026-10-08T22:57:26.074576+00:00,173.00878745599948,sda2,1.0069924050003465,285926400,430170112,6637,68229,0,0,0,0,0.0,0.0,0,
173,2026-10-08T22:57:26.074576+00:00,173.00878745599948,sda3,1.0069924050003465,5559296,118784,154,26,0,0,0,0,0.0,0.0,0,
173,2026-10-08T22:57:26.074576+00:00,173.00878745599948,sda4,1.0069924050003465,4657152,0,116,0,0,0,0,0,0.0,0.0,0,
173,2026-10-08T22:57:26.074576+00:00,173.00878745599948,sda5,1.0069924050003465,16782336,25062883328,977,51132,0,0,0,0,0.0,0.0,0,
174,2026-10-08T22:57:27.087811+00:00,174.02233753700057,loop0,1.0132354429988482,2109440,0,219,0,0,0,0,0,0.0,0.0,0,
174,2026-10-08T22:57:27.087811+00:00,174.02233753700057,loop1,1.0132354429988482,354304,0,43,0,0,0,0,0,0.0,0.0,0,
174,2026-10-08T22:57:27.087811+00:00,174.02233753700057,loop2,1.0132354429988482,1106944,0,51,0,0,0,0,0,0.0,0.0,0,
174,2026-10-08T22:57:27.087811+00:00,174.02233753700057,loop3,1.0132354429988482,1141760,0,66,0,0,0,0,0,0.0,0.0,0,
174,2026-10-08T22:57:27.087811+00:00,174.02233753700057,loop4,1.0132354429988482,374784,0,51,0,0,0,0,0,0.0,0.0,0,
174,2026-10-08T22:57:27.087811+00:00,174.02233753700057,loop5,1.0132354429988482,14336,0,11,0,0,0,0,0,0.0,0.0,0,
174,2026-10-08T22:57:27.087811+00:00,174.02233753700057,loop6,1.0132354429988482,0,0,0,0,0,0,0,0,0.0,0.0,0,
174,2026-10-08T22:57:27.087811+00:00,174.02233753700057,loop7,1.0132354429988482,0,0,0,0,0,0,0,0,0.0,0.0,0,
174,2026-10-08T22:57:27.087811+00:00,174.02233753700057,sr0,1.0132354429988482,1536,0,8,0,0,0,0,0,0.0,0.0,0,
174,2026-10-08T22:57:27.087811+00:00,174.02233753700057,sda,1.0132354429988482,315698688,25493217280,8097,119389,0,45056,0,2,0.0,44467.45355319279,60,
174,2026-10-08T22:57:27.087811+00:00,174.02233753700057,sda1,1.0132354429988482,319488,0,78,0,0,0,0,0,0.0,0.0,0,
174,2026-10-08T22:57:27.087811+00:00,174.02233753700057,sda2,1.0132354429988482,285926400,430170112,6637,68229,0,0,0,0,0.0,0.0,0,
174,2026-10-08T22:57:27.087811+00:00,174.02233753700057,sda3,1.0132354429988482,5559296,118784,154,26,0,0,0,0,0.0,0.0,0,
174,2026-10-08T22:57:27.087811+00:00,174.02233753700057,sda4,1.0132354429988482,4657152,0,116,0,0,0,0,0,0.0,0.0,0,
174,2026-10-08T22:57:27.087811+00:00,174.02233753700057,sda5,1.0132354429988482,16782336,25062928384,977,51134,0,45056,0,2,0.0,44467.45355319279,60,
175,2026-10-08T22:57:28.066221+00:00,175.00064630199995,loop0,0.9784105180006009,2109440,0,219,0,0,0,0,0,0.0,0.0,0,
175,2026-10-08T22:57:28.066221+00:00,175.00064630199995,loop1,0.9784105180006009,354304,0,43,0,0,0,0,0,0.0,0.0,0,
175,2026-10-08T22:57:28.066221+00:00,175.00064630199995,loop2,0.9784105180006009,1106944,0,51,0,0,0,0,0,0.0,0.0,0,
175,2026-10-08T22:57:28.066221+00:00,175.00064630199995,loop3,0.9784105180006009,1141760,0,66,0,0,0,0,0,0.0,0.0,0,
175,2026-10-08T22:57:28.066221+00:00,175.00064630199995,loop4,0.9784105180006009,374784,0,51,0,0,0,0,0,0.0,0.0,0,
175,2026-10-08T22:57:28.066221+00:00,175.00064630199995,loop5,0.9784105180006009,14336,0,11,0,0,0,0,0,0.0,0.0,0,
175,2026-10-08T22:57:28.066221+00:00,175.00064630199995,loop6,0.9784105180006009,0,0,0,0,0,0,0,0,0.0,0.0,0,
175,2026-10-08T22:57:28.066221+00:00,175.00064630199995,loop7,0.9784105180006009,0,0,0,0,0,0,0,0,0.0,0.0,0,
175,2026-10-08T22:57:28.066221+00:00,175.00064630199995,sr0,0.9784105180006009,1536,0,8,0,0,0,0,0,0.0,0.0,0,
175,2026-10-08T22:57:28.066221+00:00,175.00064630199995,sda,0.9784105180006009,315698688,25495527424,8097,119767,0,2310144,0,378,0.0,2361119.343566359,156,
175,2026-10-08T22:57:28.066221+00:00,175.00064630199995,sda1,0.9784105180006009,319488,0,78,0,0,0,0,0,0.0,0.0,0,
175,2026-10-08T22:57:28.066221+00:00,175.00064630199995,sda2,0.9784105180006009,285926400,432439296,6637,68603,0,2269184,0,374,0.0,2319255.5254180194,152,
175,2026-10-08T22:57:28.066221+00:00,175.00064630199995,sda3,0.9784105180006009,5559296,118784,154,26,0,0,0,0,0.0,0.0,0,
175,2026-10-08T22:57:28.066221+00:00,175.00064630199995,sda4,0.9784105180006009,4657152,0,116,0,0,0,0,0,0.0,0.0,0,
175,2026-10-08T22:57:28.066221+00:00,175.00064630199995,sda5,0.9784105180006009,16782336,25062969344,977,51138,0,40960,0,4,0.0,41863.8181483397,4,
176,2026-10-08T22:57:29.117500+00:00,176.05188969600022,loop0,1.0512787860006938,2109440,0,219,0,0,0,0,0,0.0,0.0,0,
176,2026-10-08T22:57:29.117500+00:00,176.05188969600022,loop1,1.0512787860006938,354304,0,43,0,0,0,0,0,0.0,0.0,0,
176,2026-10-08T22:57:29.117500+00:00,176.05188969600022,loop2,1.0512787860006938,1106944,0,51,0,0,0,0,0,0.0,0.0,0,
176,2026-10-08T22:57:29.117500+00:00,176.05188969600022,loop3,1.0512787860006938,1141760,0,66,0,0,0,0,0,0.0,0.0,0,
176,2026-10-08T22:57:29.117500+00:00,176.05188969600022,loop4,1.0512787860006938,374784,0,51,0,0,0,0,0,0.0,0.0,0,
176,2026-10-08T22:57:29.117500+00:00,176.05188969600022,loop5,1.0512787860006938,14336,0,11,0,0,0,0,0,0.0,0.0,0,
176,2026-10-08T22:57:29.117500+00:00,176.05188969600022,loop6,1.0512787860006938,0,0,0,0,0,0,0,0,0.0,0.0,0,
176,2026-10-08T22:57:29.117500+00:00,176.05188969600022,loop7,1.0512787860006938,0,0,0,0,0,0,0,0,0.0,0.0,0,
176,2026-10-08T22:57:29.117500+00:00,176.05188969600022,sr0,1.0512787860006938,1536,0,8,0,0,0,0,0,0.0,0.0,0,
176,2026-10-08T22:57:29.117500+00:00,176.05188969600022,sda,1.0512787860006938,315698688,25497149440,8097,120032,0,1622016,0,265,0.0,1542898.0605330407,264,
176,2026-10-08T22:57:29.117500+00:00,176.05188969600022,sda1,1.0512787860006938,319488,0,78,0,0,0,0,0,0.0,0.0,0,
176,2026-10-08T22:57:29.117500+00:00,176.05188969600022,sda2,1.0512787860006938,285926400,434061312,6637,68868,0,1622016,0,265,0.0,1542898.0605330407,264,
176,2026-10-08T22:57:29.117500+00:00,176.05188969600022,sda3,1.0512787860006938,5559296,118784,154,26,0,0,0,0,0.0,0.0,0,
176,2026-10-08T22:57:29.117500+00:00,176.05188969600022,sda4,1.0512787860006938,4657152,0,116,0,0,0,0,0,0.0,0.0,0,
176,2026-10-08T22:57:29.117500+00:00,176.05188969600022,sda5,1.0512787860006938,16782336,25062969344,977,51138,0,0,0,0,0.0,0.0,0,
177,2026-10-08T22:57:30.069638+00:00,177.00148371199975,loop0,0.9521371909995651,2109440,0,219,0,0,0,0,0,0.0,0.0,0,
177,2026-10-08T22:57:30.069638+00:00,177.00148371199975,loop1,0.9521371909995651,354304,0,43,0,0,0,0,0,0.0,0.0,0,
177,2026-10-08T22:57:30.069638+00:00,177.00148371199975,loop2,0.9521371909995651,1106944,0,51,0,0,0,0,0,0.0,0.0,0,
177,2026-10-08T22:57:30.069638+00:00,177.00148371199975,loop3,0.9521371909995651,1141760,0,66,0,0,0,0,0,0.0,0.0,0,
177,2026-10-08T22:57:30.069638+00:00,177.00148371199975,loop4,0.9521371909995651,374784,0,51,0,0,0,0,0,0.0,0.0,0,
177,2026-10-08T22:57:30.069638+00:00,177.00148371199975,loop5,0.9521371909995651,14336,0,11,0,0,0,0,0,0.0,0.0,0,
177,2026-10-08T22:57:30.069638+00:00,177.00148371199975,loop6,0.9521371909995651,0,0,0,0,0,0,0,0,0.0,0.0,0,
177,2026-10-08T22:57:30.069638+00:00,177.00148371199975,loop7,0.9521371909995651,0,0,0,0,0,0,0,0,0.0,0.0,0,
177,2026-10-08T22:57:30.069638+00:00,177.00148371199975,sr0,0.9521371909995651,1536,0,8,0,0,0,0,0,0.0,0.0,0,
177,2026-10-08T22:57:30.069638+00:00,177.00148371199975,sda,0.9521371909995651,315698688,25497190400,8097,120033,0,40960,0,1,0.0,43019.01069214584,8,
177,2026-10-08T22:57:30.069638+00:00,177.00148371199975,sda1,0.9521371909995651,319488,0,78,0,0,0,0,0,0.0,0.0,0,
177,2026-10-08T22:57:30.069638+00:00,177.00148371199975,sda2,0.9521371909995651,285926400,434102272,6637,68869,0,40960,0,1,0.0,43019.01069214584,8,
177,2026-10-08T22:57:30.069638+00:00,177.00148371199975,sda3,0.9521371909995651,5559296,118784,154,26,0,0,0,0,0.0,0.0,0,
177,2026-10-08T22:57:30.069638+00:00,177.00148371199975,sda4,0.9521371909995651,4657152,0,116,0,0,0,0,0,0.0,0.0,0,
177,2026-10-08T22:57:30.069638+00:00,177.00148371199975,sda5,0.9521371909995651,16782336,25062969344,977,51138,0,0,0,0,0.0,0.0,0,
178,2026-10-08T22:57:31.067983+00:00,178.00234822600032,loop0,0.9983459239992953,2109440,0,219,0,0,0,0,0,0.0,0.0,0,
178,2026-10-08T22:57:31.067983+00:00,178.00234822600032,loop1,0.9983459239992953,354304,0,43,0,0,0,0,0,0.0,0.0,0,
178,2026-10-08T22:57:31.067983+00:00,178.00234822600032,loop2,0.9983459239992953,1106944,0,51,0,0,0,0,0,0.0,0.0,0,
178,2026-10-08T22:57:31.067983+00:00,178.00234822600032,loop3,0.9983459239992953,1141760,0,66,0,0,0,0,0,0.0,0.0,0,
178,2026-10-08T22:57:31.067983+00:00,178.00234822600032,loop4,0.9983459239992953,374784,0,51,0,0,0,0,0,0.0,0.0,0,
178,2026-10-08T22:57:31.067983+00:00,178.00234822600032,loop5,0.9983459239992953,14336,0,11,0,0,0,0,0,0.0,0.0,0,
178,2026-10-08T22:57:31.067983+00:00,178.00234822600032,loop6,0.9983459239992953,0,0,0,0,0,0,0,0,0.0,0.0,0,
178,2026-10-08T22:57:31.067983+00:00,178.00234822600032,loop7,0.9983459239992953,0,0,0,0,0,0,0,0,0.0,0.0,0,
178,2026-10-08T22:57:31.067983+00:00,178.00234822600032,sr0,0.9983459239992953,1536,0,8,0,0,0,0,0,0.0,0.0,0,
178,2026-10-08T22:57:31.067983+00:00,178.00234822600032,sda,0.9983459239992953,315698688,25497194496,8097,120034,0,4096,0,1,0.0,4102.7863203885745,228,
178,2026-10-08T22:57:31.067983+00:00,178.00234822600032,sda1,0.9983459239992953,319488,0,78,0,0,0,0,0,0.0,0.0,0,
178,2026-10-08T22:57:31.067983+00:00,178.00234822600032,sda2,0.9983459239992953,285926400,434106368,6637,68870,0,4096,0,1,0.0,4102.7863203885745,228,
178,2026-10-08T22:57:31.067983+00:00,178.00234822600032,sda3,0.9983459239992953,5559296,118784,154,26,0,0,0,0,0.0,0.0,0,
178,2026-10-08T22:57:31.067983+00:00,178.00234822600032,sda4,0.9983459239992953,4657152,0,116,0,0,0,0,0,0.0,0.0,0,
178,2026-10-08T22:57:31.067983+00:00,178.00234822600032,sda5,0.9983459239992953,16782336,25062969344,977,51138,0,0,0,0,0.0,0.0,0,
179,2026-10-08T22:57:32.069187+00:00,179.00294043699978,loop0,1.0012033060011163,2109440,0,219,0,0,0,0,0,0.0,0.0,0,
179,2026-10-08T22:57:32.069187+00:00,179.00294043699978,loop1,1.0012033060011163,354304,0,43,0,0,0,0,0,0.0,0.0,0,
179,2026-10-08T22:57:32.069187+00:00,179.00294043699978,loop2,1.0012033060011163,1106944,0,51,0,0,0,0,0,0.0,0.0,0,
179,2026-10-08T22:57:32.069187+00:00,179.00294043699978,loop3,1.0012033060011163,1141760,0,66,0,0,0,0,0,0.0,0.0,0,
179,2026-10-08T22:57:32.069187+00:00,179.00294043699978,loop4,1.0012033060011163,374784,0,51,0,0,0,0,0,0.0,0.0,0,
179,2026-10-08T22:57:32.069187+00:00,179.00294043699978,loop5,1.0012033060011163,14336,0,11,0,0,0,0,0,0.0,0.0,0,
179,2026-10-08T22:57:32.069187+00:00,179.00294043699978,loop6,1.0012033060011163,0,0,0,0,0,0,0,0,0.0,0.0,0,
179,2026-10-08T22:57:32.069187+00:00,179.00294043699978,loop7,1.0012033060011163,0,0,0,0,0,0,0,0,0.0,0.0,0,
179,2026-10-08T22:57:32.069187+00:00,179.00294043699978,sr0,1.0012033060011163,1536,0,8,0,0,0,0,0,0.0,0.0,0,
179,2026-10-08T22:57:32.069187+00:00,179.00294043699978,sda,1.0012033060011163,315698688,25497227264,8097,120036,0,32768,0,2,0.0,32728.617458204302,8,
179,2026-10-08T22:57:32.069187+00:00,179.00294043699978,sda1,1.0012033060011163,319488,0,78,0,0,0,0,0,0.0,0.0,0,
179,2026-10-08T22:57:32.069187+00:00,179.00294043699978,sda2,1.0012033060011163,285926400,434106368,6637,68870,0,0,0,0,0.0,0.0,0,
179,2026-10-08T22:57:32.069187+00:00,179.00294043699978,sda3,1.0012033060011163,5559296,118784,154,26,0,0,0,0,0.0,0.0,0,
179,2026-10-08T22:57:32.069187+00:00,179.00294043699978,sda4,1.0012033060011163,4657152,0,116,0,0,0,0,0,0.0,0.0,0,
179,2026-10-08T22:57:32.069187+00:00,179.00294043699978,sda5,1.0012033060011163,16782336,25063002112,977,51140,0,32768,0,2,0.0,32728.617458204302,8,
180,2026-10-08T22:57:33.067494+00:00,180.0011790259996,loop0,0.9983073029998195,2109440,0,219,0,0,0,0,0,0.0,0.0,0,
180,2026-10-08T22:57:33.067494+00:00,180.0011790259996,loop1,0.9983073029998195,354304,0,43,0,0,0,0,0,0.0,0.0,0,
180,2026-10-08T22:57:33.067494+00:00,180.0011790259996,loop2,0.9983073029998195,1106944,0,51,0,0,0,0,0,0.0,0.0,0,
180,2026-10-08T22:57:33.067494+00:00,180.0011790259996,loop3,0.9983073029998195,1141760,0,66,0,0,0,0,0,0.0,0.0,0,
180,2026-10-08T22:57:33.067494+00:00,180.0011790259996,loop4,0.9983073029998195,374784,0,51,0,0,0,0,0,0.0,0.0,0,
180,2026-10-08T22:57:33.067494+00:00,180.0011790259996,loop5,0.9983073029998195,14336,0,11,0,0,0,0,0,0.0,0.0,0,
180,2026-10-08T22:57:33.067494+00:00,180.0011790259996,loop6,0.9983073029998195,0,0,0,0,0,0,0,0,0.0,0.0,0,
180,2026-10-08T22:57:33.067494+00:00,180.0011790259996,loop7,0.9983073029998195,0,0,0,0,0,0,0,0,0.0,0.0,0,
180,2026-10-08T22:57:33.067494+00:00,180.0011790259996,sr0,0.9983073029998195,1536,0,8,0,0,0,0,0,0.0,0.0,0,
180,2026-10-08T22:57:33.067494+00:00,180.0011790259996,sda,0.9983073029998195,315698688,25497280512,8097,120042,0,53248,0,6,0.0,53338.285555955335,8,
180,2026-10-08T22:57:33.067494+00:00,180.0011790259996,sda1,0.9983073029998195,319488,0,78,0,0,0,0,0,0.0,0.0,0,
180,2026-10-08T22:57:33.067494+00:00,180.0011790259996,sda2,0.9983073029998195,285926400,434122752,6637,68872,0,16384,0,2,0.0,16411.78017106318,4,
180,2026-10-08T22:57:33.067494+00:00,180.0011790259996,sda3,0.9983073029998195,5559296,118784,154,26,0,0,0,0,0.0,0.0,0,
180,2026-10-08T22:57:33.067494+00:00,180.0011790259996,sda4,0.9983073029998195,4657152,0,116,0,0,0,0,0,0.0,0.0,0,
180,2026-10-08T22:57:33.067494+00:00,180.0011790259996,sda5,0.9983073029998195,16782336,25063038976,977,51144,0,36864,0,4,0.0,36926.50538489215,4,
181,2026-10-08T22:57:34.068849+00:00,181.00146145399958,loop0,1.0013551649990404,2109440,0,219,0,0,0,0,0,0.0,0.0,0,
181,2026-10-08T22:57:34.068849+00:00,181.00146145399958,loop1,1.0013551649990404,354304,0,43,0,0,0,0,0,0.0,0.0,0,
181,2026-10-08T22:57:34.068849+00:00,181.00146145399958,loop2,1.0013551649990404,1106944,0,51,0,0,0,0,0,0.0,0.0,0,
181,2026-10-08T22:57:34.068849+00:00,181.00146145399958,loop3,1.0013551649990404,1141760,0,66,0,0,0,0,0,0.0,0.0,0,
181,2026-10-08T22:57:34.068849+00:00,181.00146145399958,loop4,1.0013551649990404,374784,0,51,0,0,0,0,0,0.0,0.0,0,
181,2026-10-08T22:57:34.068849+00:00,181.00146145399958,loop5,1.0013551649990404,14336,0,11,0,0,0,0,0,0.0,0.0,0,
181,2026-10-08T22:57:34.068849+00:00,181.00146145399958,loop6,1.0013551649990404,0,0,0,0,0,0,0,0,0.0,0.0,0,
181,2026-10-08T22:57:34.068849+00:00,181.00146145399958,loop7,1.0013551649990404,0,0,0,0,0,0,0,0,0.0,0.0,0,
181,2026-10-08T22:57:34.068849+00:00,181.00146145399958,sr0,1.0013551649990404,1536,0,8,0,0,0,0,0,0.0,0.0,0,
181,2026-10-08T22:57:34.068849+00:00,181.00146145399958,sda,1.0013551649990404,315698688,25497280512,8097,120042,0,0,0,0,0.0,0.0,0,
181,2026-10-08T22:57:34.068849+00:00,181.00146145399958,sda1,1.0013551649990404,319488,0,78,0,0,0,0,0,0.0,0.0,0,
181,2026-10-08T22:57:34.068849+00:00,181.00146145399958,sda2,1.0013551649990404,285926400,434122752,6637,68872,0,0,0,0,0.0,0.0,0,
181,2026-10-08T22:57:34.068849+00:00,181.00146145399958,sda3,1.0013551649990404,5559296,118784,154,26,0,0,0,0,0.0,0.0,0,
181,2026-10-08T22:57:34.068849+00:00,181.00146145399958,sda4,1.0013551649990404,4657152,0,116,0,0,0,0,0,0.0,0.0,0,
181,2026-10-08T22:57:34.068849+00:00,181.00146145399958,sda5,1.0013551649990404,16782336,25063038976,977,51144,0,0,0,0,0.0,0.0,0,
182,2026-10-08T22:57:35.067575+00:00,182.00140066300082,loop0,0.998725502000525,2109440,0,219,0,0,0,0,0,0.0,0.0,0,
182,2026-10-08T22:57:35.067575+00:00,182.00140066300082,loop1,0.998725502000525,354304,0,43,0,0,0,0,0,0.0,0.0,0,
182,2026-10-08T22:57:35.067575+00:00,182.00140066300082,loop2,0.998725502000525,1106944,0,51,0,0,0,0,0,0.0,0.0,0,
182,2026-10-08T22:57:35.067575+00:00,182.00140066300082,loop3,0.998725502000525,1141760,0,66,0,0,0,0,0,0.0,0.0,0,
182,2026-10-08T22:57:35.067575+00:00,182.00140066300082,loop4,0.998725502000525,374784,0,51,0,0,0,0,0,0.0,0.0,0,
182,2026-10-08T22:57:35.067575+00:00,182.00140066300082,loop5,0.998725502000525,14336,0,11,0,0,0,0,0,0.0,0.0,0,
182,2026-10-08T22:57:35.067575+00:00,182.00140066300082,loop6,0.998725502000525,0,0,0,0,0,0,0,0,0.0,0.0,0,
182,2026-10-08T22:57:35.067575+00:00,182.00140066300082,loop7,0.998725502000525,0,0,0,0,0,0,0,0,0.0,0.0,0,
182,2026-10-08T22:57:35.067575+00:00,182.00140066300082,sr0,0.998725502000525,1536,0,8,0,0,0,0,0,0.0,0.0,0,
182,2026-10-08T22:57:35.067575+00:00,182.00140066300082,sda,0.998725502000525,315698688,25497280512,8097,120042,0,0,0,0,0.0,0.0,0,
182,2026-10-08T22:57:35.067575+00:00,182.00140066300082,sda1,0.998725502000525,319488,0,78,0,0,0,0,0,0.0,0.0,0,
182,2026-10-08T22:57:35.067575+00:00,182.00140066300082,sda2,0.998725502000525,285926400,434122752,6637,68872,0,0,0,0,0.0,0.0,0,
182,2026-10-08T22:57:35.067575+00:00,182.00140066300082,sda3,0.998725502000525,5559296,118784,154,26,0,0,0,0,0.0,0.0,0,
182,2026-10-08T22:57:35.067575+00:00,182.00140066300082,sda4,0.998725502000525,4657152,0,116,0,0,0,0,0,0.0,0.0,0,
182,2026-10-08T22:57:35.067575+00:00,182.00140066300082,sda5,0.998725502000525,16782336,25063038976,977,51144,0,0,0,0,0.0,0.0,0,
183,2026-10-08T22:57:36.067863+00:00,183.00141760099905,loop0,1.0002885409994633,2109440,0,219,0,0,0,0,0,0.0,0.0,0,
183,2026-10-08T22:57:36.067863+00:00,183.00141760099905,loop1,1.0002885409994633,354304,0,43,0,0,0,0,0,0.0,0.0,0,
183,2026-10-08T22:57:36.067863+00:00,183.00141760099905,loop2,1.0002885409994633,1106944,0,51,0,0,0,0,0,0.0,0.0,0,
183,2026-10-08T22:57:36.067863+00:00,183.00141760099905,loop3,1.0002885409994633,1141760,0,66,0,0,0,0,0,0.0,0.0,0,
183,2026-10-08T22:57:36.067863+00:00,183.00141760099905,loop4,1.0002885409994633,374784,0,51,0,0,0,0,0,0.0,0.0,0,
183,2026-10-08T22:57:36.067863+00:00,183.00141760099905,loop5,1.0002885409994633,14336,0,11,0,0,0,0,0,0.0,0.0,0,
183,2026-10-08T22:57:36.067863+00:00,183.00141760099905,loop6,1.0002885409994633,0,0,0,0,0,0,0,0,0.0,0.0,0,
183,2026-10-08T22:57:36.067863+00:00,183.00141760099905,loop7,1.0002885409994633,0,0,0,0,0,0,0,0,0.0,0.0,0,
183,2026-10-08T22:57:36.067863+00:00,183.00141760099905,sr0,1.0002885409994633,1536,0,8,0,0,0,0,0,0.0,0.0,0,
183,2026-10-08T22:57:36.067863+00:00,183.00141760099905,sda,1.0002885409994633,315698688,25497329664,8097,120044,0,49152,0,2,0.0,49137.82172380836,8,
183,2026-10-08T22:57:36.067863+00:00,183.00141760099905,sda1,1.0002885409994633,319488,0,78,0,0,0,0,0,0.0,0.0,0,
183,2026-10-08T22:57:36.067863+00:00,183.00141760099905,sda2,1.0002885409994633,285926400,434171904,6637,68874,0,49152,0,2,0.0,49137.82172380836,8,
183,2026-10-08T22:57:36.067863+00:00,183.00141760099905,sda3,1.0002885409994633,5559296,118784,154,26,0,0,0,0,0.0,0.0,0,
183,2026-10-08T22:57:36.067863+00:00,183.00141760099905,sda4,1.0002885409994633,4657152,0,116,0,0,0,0,0,0.0,0.0,0,
183,2026-10-08T22:57:36.067863+00:00,183.00141760099905,sda5,1.0002885409994633,16782336,25063038976,977,51144,0,0,0,0,0.0,0.0,0,
184,2026-10-08T22:57:37.068140+00:00,184.00192448400048,loop0,1.0002769340007944,2109440,0,219,0,0,0,0,0,0.0,0.0,0,
184,2026-10-08T22:57:37.068140+00:00,184.00192448400048,loop1,1.0002769340007944,354304,0,43,0,0,0,0,0,0.0,0.0,0,
184,2026-10-08T22:57:37.068140+00:00,184.00192448400048,loop2,1.0002769340007944,1106944,0,51,0,0,0,0,0,0.0,0.0,0,
184,2026-10-08T22:57:37.068140+00:00,184.00192448400048,loop3,1.0002769340007944,1141760,0,66,0,0,0,0,0,0.0,0.0,0,
184,2026-10-08T22:57:37.068140+00:00,184.00192448400048,loop4,1.0002769340007944,374784,0,51,0,0,0,0,0,0.0,0.0,0,
184,2026-10-08T22:57:37.068140+00:00,184.00192448400048,loop5,1.0002769340007944,14336,0,11,0,0,0,0,0,0.0,0.0,0,
184,2026-10-08T22:57:37.068140+00:00,184.00192448400048,loop6,1.0002769340007944,0,0,0,0,0,0,0,0,0.0,0.0,0,
184,2026-10-08T22:57:37.068140+00:00,184.00192448400048,loop7,1.0002769340007944,0,0,0,0,0,0,0,0,0.0,0.0,0,
184,2026-10-08T22:57:37.068140+00:00,184.00192448400048,sr0,1.0002769340007944,1536,0,8,0,0,0,0,0,0.0,0.0,0,
184,2026-10-08T22:57:37.068140+00:00,184.00192448400048,sda,1.0002769340007944,315698688,25497329664,8097,120044,0,0,0,0,0.0,0.0,0,
184,2026-10-08T22:57:37.068140+00:00,184.00192448400048,sda1,1.0002769340007944,319488,0,78,0,0,0,0,0,0.0,0.0,0,
184,2026-10-08T22:57:37.068140+00:00,184.00192448400048,sda2,1.0002769340007944,285926400,434171904,6637,68874,0,0,0,0,0.0,0.0,0,
184,2026-10-08T22:57:37.068140+00:00,184.00192448400048,sda3,1.0002769340007944,5559296,118784,154,26,0,0,0,0,0.0,0.0,0,
184,2026-10-08T22:57:37.068140+00:00,184.00192448400048,sda4,1.0002769340007944,4657152,0,116,0,0,0,0,0,0.0,0.0,0,
184,2026-10-08T22:57:37.068140+00:00,184.00192448400048,sda5,1.0002769340007944,16782336,25063038976,977,51144,0,0,0,0,0.0,0.0,0,
185,2026-10-08T22:57:38.068301+00:00,185.00212772600025,loop0,1.0001609099999769,2109440,0,219,0,0,0,0,0,0.0,0.0,0,
185,2026-10-08T22:57:38.068301+00:00,185.00212772600025,loop1,1.0001609099999769,354304,0,43,0,0,0,0,0,0.0,0.0,0,
185,2026-10-08T22:57:38.068301+00:00,185.00212772600025,loop2,1.0001609099999769,1106944,0,51,0,0,0,0,0,0.0,0.0,0,
185,2026-10-08T22:57:38.068301+00:00,185.00212772600025,loop3,1.0001609099999769,1141760,0,66,0,0,0,0,0,0.0,0.0,0,
185,2026-10-08T22:57:38.068301+00:00,185.00212772600025,loop4,1.0001609099999769,374784,0,51,0,0,0,0,0,0.0,0.0,0,
185,2026-10-08T22:57:38.068301+00:00,185.00212772600025,loop5,1.0001609099999769,14336,0,11,0,0,0,0,0,0.0,0.0,0,
185,2026-10-08T22:57:38.068301+00:00,185.00212772600025,loop6,1.0001609099999769,0,0,0,0,0,0,0,0,0.0,0.0,0,
185,2026-10-08T22:57:38.068301+00:00,185.00212772600025,loop7,1.0001609099999769,0,0,0,0,0,0,0,0,0.0,0.0,0,
185,2026-10-08T22:57:38.068301+00:00,185.00212772600025,sr0,1.0001609099999769,1536,0,8,0,0,0,0,0,0.0,0.0,0,
185,2026-10-08T22:57:38.068301+00:00,185.00212772600025,sda,1.0001609099999769,315698688,25497415680,8097,120052,0,86016,0,8,0.0,86002.16139221237,12,
185,2026-10-08T22:57:38.068301+00:00,185.00212772600025,sda1,1.0001609099999769,319488,0,78,0,0,0,0,0,0.0,0.0,0,
185,2026-10-08T22:57:38.068301+00:00,185.00212772600025,sda2,1.0001609099999769,285926400,434184192,6637,68876,0,12288,0,2,0.0,12286.023056030339,4,
185,2026-10-08T22:57:38.068301+00:00,185.00212772600025,sda3,1.0001609099999769,5559296,118784,154,26,0,0,0,0,0.0,0.0,0,
185,2026-10-08T22:57:38.068301+00:00,185.00212772600025,sda4,1.0001609099999769,4657152,0,116,0,0,0,0,0,0.0,0.0,0,
185,2026-10-08T22:57:38.068301+00:00,185.00212772600025,sda5,1.0001609099999769,16782336,25063112704,977,51150,0,73728,0,6,0.0,73716.13833618203,8,
186,2026-10-08T22:57:39.070363+00:00,186.00351001799936,loop0,1.002060609000182,2109440,0,219,0,0,0,0,0,0.0,0.0,0,
186,2026-10-08T22:57:39.070363+00:00,186.00351001799936,loop1,1.002060609000182,354304,0,43,0,0,0,0,0,0.0,0.0,0,
186,2026-10-08T22:57:39.070363+00:00,186.00351001799936,loop2,1.002060609000182,1106944,0,51,0,0,0,0,0,0.0,0.0,0,
186,2026-10-08T22:57:39.070363+00:00,186.00351001799936,loop3,1.002060609000182,1141760,0,66,0,0,0,0,0,0.0,0.0,0,
186,2026-10-08T22:57:39.070363+00:00,186.00351001799936,loop4,1.002060609000182,374784,0,51,0,0,0,0,0,0.0,0.0,0,
186,2026-10-08T22:57:39.070363+00:00,186.00351001799936,loop5,1.002060609000182,14336,0,11,0,0,0,0,0,0.0,0.0,0,
186,2026-10-08T22:57:39.070363+00:00,186.00351001799936,loop6,1.002060609000182,0,0,0,0,0,0,0,0,0.0,0.0,0,
186,2026-10-08T22:57:39.070363+00:00,186.00351001799936,loop7,1.002060609000182,0,0,0,0,0,0,0,0,0.0,0.0,0,
186,2026-10-08T22:57:39.070363+00:00,186.00351001799936,sr0,1.002060609000182,1536,0,8,0,0,0,0,0,0.0,0.0,0,
186,2026-10-08T22:57:39.070363+00:00,186.00351001799936,sda,1.002060609000182,315698688,25497415680,8097,120052,0,0,0,0,0.0,0.0,0,
186,2026-10-08T22:57:39.070363+00:00,186.00351001799936,sda1,1.002060609000182,319488,0,78,0,0,0,0,0,0.0,0.0,0,
186,2026-10-08T22:57:39.070363+00:00,186.00351001799936,sda2,1.002060609000182,285926400,434184192,6637,68876,0,0,0,0,0.0,0.0,0,
186,2026-10-08T22:57:39.070363+00:00,186.00351001799936,sda3,1.002060609000182,5559296,118784,154,26,0,0,0,0,0.0,0.0,0,
186,2026-10-08T22:57:39.070363+00:00,186.00351001799936,sda4,1.002060609000182,4657152,0,116,0,0,0,0,0,0.0,0.0,0,
186,2026-10-08T22:57:39.070363+00:00,186.00351001799936,sda5,1.002060609000182,16782336,25063112704,977,51150,0,0,0,0,0.0,0.0,0,
187,2026-10-08T22:57:40.066125+00:00,187.0006689260008,loop0,0.9957634399997914,2109440,0,219,0,0,0,0,0,0.0,0.0,0,
187,2026-10-08T22:57:40.066125+00:00,187.0006689260008,loop1,0.9957634399997914,354304,0,43,0,0,0,0,0,0.0,0.0,0,
187,2026-10-08T22:57:40.066125+00:00,187.0006689260008,loop2,0.9957634399997914,1106944,0,51,0,0,0,0,0,0.0,0.0,0,
187,2026-10-08T22:57:40.066125+00:00,187.0006689260008,loop3,0.9957634399997914,1141760,0,66,0,0,0,0,0,0.0,0.0,0,
187,2026-10-08T22:57:40.066125+00:00,187.0006689260008,loop4,0.9957634399997914,374784,0,51,0,0,0,0,0,0.0,0.0,0,
187,2026-10-08T22:57:40.066125+00:00,187.0006689260008,loop5,0.9957634399997914,14336,0,11,0,0,0,0,0,0.0,0.0,0,
187,2026-10-08T22:57:40.066125+00:00,187.0006689260008,loop6,0.9957634399997914,0,0,0,0,0,0,0,0,0.0,0.0,0,
187,2026-10-08T22:57:40.066125+00:00,187.0006689260008,loop7,0.9957634399997914,0,0,0,0,0,0,0,0,0.0,0.0,0,
187,2026-10-08T22:57:40.066125+00:00,187.0006689260008,sr0,0.9957634399997914,1536,0,8,0,0,0,0,0,0.0,0.0,0,
187,2026-10-08T22:57:40.066125+00:00,187.0006689260008,sda,0.9957634399997914,315698688,25497415680,8097,120052,0,0,0,0,0.0,0.0,0,
187,2026-10-08T22:57:40.066125+00:00,187.0006689260008,sda1,0.9957634399997914,319488,0,78,0,0,0,0,0,0.0,0.0,0,
187,2026-10-08T22:57:40.066125+00:00,187.0006689260008,sda2,0.9957634399997914,285926400,434184192,6637,68876,0,0,0,0,0.0,0.0,0,
187,2026-10-08T22:57:40.066125+00:00,187.0006689260008,sda3,0.9957634399997914,5559296,118784,154,26,0,0,0,0,0.0,0.0,0,
187,2026-10-08T22:57:40.066125+00:00,187.0006689260008,sda4,0.9957634399997914,4657152,0,116,0,0,0,0,0,0.0,0.0,0,
187,2026-10-08T22:57:40.066125+00:00,187.0006689260008,sda5,0.9957634399997914,16782336,25063112704,977,51150,0,0,0,0,0.0,0.0,0,
188,2026-10-08T22:57:41.109721+00:00,188.04415822199917,loop0,1.043595828999969,2109440,0,219,0,0,0,0,0,0.0,0.0,0,
188,2026-10-08T22:57:41.109721+00:00,188.04415822199917,loop1,1.043595828999969,354304,0,43,0,0,0,0,0,0.0,0.0,0,
188,2026-10-08T22:57:41.109721+00:00,188.04415822199917,loop2,1.043595828999969,1106944,0,51,0,0,0,0,0,0.0,0.0,0,
188,2026-10-08T22:57:41.109721+00:00,188.04415822199917,loop3,1.043595828999969,1141760,0,66,0,0,0,0,0,0.0,0.0,0,
188,2026-10-08T22:57:41.109721+00:00,188.04415822199917,loop4,1.043595828999969,374784,0,51,0,0,0,0,0,0.0,0.0,0,
188,2026-10-08T22:57:41.109721+00:00,188.04415822199917,loop5,1.043595828999969,14336,0,11,0,0,0,0,0,0.0,0.0,0,
188,2026-10-08T22:57:41.109721+00:00,188.04415822199917,loop6,1.043595828999969,0,0,0,0,0,0,0,0,0.0,0.0,0,
188,2026-10-08T22:57:41.109721+00:00,188.04415822199917,loop7,1.043595828999969,0,0,0,0,0,0,0,0,0.0,0.0,0,
188,2026-10-08T22:57:41.109721+00:00,188.04415822199917,sr0,1.043595828999969,1536,0,8,0,0,0,0,0,0.0,0.0,0,
188,2026-10-08T22:57:41.109721+00:00,188.04415822199917,sda,1.043595828999969,315698688,25497452544,8097,120054,0,36864,0,2,0.0,35324.02006179453,8,
188,2026-10-08T22:57:41.109721+00:00,188.04415822199917,sda1,1.043595828999969,319488,0,78,0,0,0,0,0,0.0,0.0,0,
188,2026-10-08T22:57:41.109721+00:00,188.04415822199917,sda2,1.043595828999969,285926400,434221056,6637,68878,0,36864,0,2,0.0,35324.02006179453,8,
188,2026-10-08T22:57:41.109721+00:00,188.04415822199917,sda3,1.043595828999969,5559296,118784,154,26,0,0,0,0,0.0,0.0,0,
188,2026-10-08T22:57:41.109721+00:00,188.04415822199917,sda4,1.043595828999969,4657152,0,116,0,0,0,0,0,0.0,0.0,0,
188,2026-10-08T22:57:41.109721+00:00,188.04415822199917,sda5,1.043595828999969,16782336,25063112704,977,51150,0,0,0,0,0.0,0.0,0,
189,2026-10-08T22:57:42.066387+00:00,189.0004591979996,loop0,0.9566655399994488,2109440,0,219,0,0,0,0,0,0.0,0.0,0,
189,2026-10-08T22:57:42.066387+00:00,189.0004591979996,loop1,0.9566655399994488,354304,0,43,0,0,0,0,0,0.0,0.0,0,
189,2026-10-08T22:57:42.066387+00:00,189.0004591979996,loop2,0.9566655399994488,1106944,0,51,0,0,0,0,0,0.0,0.0,0,
189,2026-10-08T22:57:42.066387+00:00,189.0004591979996,loop3,0.9566655399994488,1141760,0,66,0,0,0,0,0,0.0,0.0,0,
189,2026-10-08T22:57:42.066387+00:00,189.0004591979996,loop4,0.9566655399994488,374784,0,51,0,0,0,0,0,0.0,0.0,0,
189,2026-10-08T22:57:42.066387+00:00,189.0004591979996,loop5,0.9566655399994488,14336,0,11,0,0,0,0,0,0.0,0.0,0,
189,2026-10-08T22:57:42.066387+00:00,189.0004591979996,loop6,0.9566655399994488,0,0,0,0,0,0,0,0,0.0,0.0,0,
189,2026-10-08T22:57:42.066387+00:00,189.0004591979996,loop7,0.9566655399994488,0,0,0,0,0,0,0,0,0.0,0.0,0,
189,2026-10-08T22:57:42.066387+00:00,189.0004591979996,sr0,0.9566655399994488,1536,0,8,0,0,0,0,0,0.0,0.0,0,
189,2026-10-08T22:57:42.066387+00:00,189.0004591979996,sda,0.9566655399994488,315698688,25497452544,8097,120054,0,0,0,0,0.0,0.0,0,
189,2026-10-08T22:57:42.066387+00:00,189.0004591979996,sda1,0.9566655399994488,319488,0,78,0,0,0,0,0,0.0,0.0,0,
189,2026-10-08T22:57:42.066387+00:00,189.0004591979996,sda2,0.9566655399994488,285926400,434221056,6637,68878,0,0,0,0,0.0,0.0,0,
189,2026-10-08T22:57:42.066387+00:00,189.0004591979996,sda3,0.9566655399994488,5559296,118784,154,26,0,0,0,0,0.0,0.0,0,
189,2026-10-08T22:57:42.066387+00:00,189.0004591979996,sda4,0.9566655399994488,4657152,0,116,0,0,0,0,0,0.0,0.0,0,
189,2026-10-08T22:57:42.066387+00:00,189.0004591979996,sda5,0.9566655399994488,16782336,25063112704,977,51150,0,0,0,0,0.0,0.0,0,
190,2026-10-08T22:57:43.067032+00:00,190.00108904899935,loop0,1.0006452889992943,2109440,0,219,0,0,0,0,0,0.0,0.0,0,
190,2026-10-08T22:57:43.067032+00:00,190.00108904899935,loop1,1.0006452889992943,354304,0,43,0,0,0,0,0,0.0,0.0,0,
190,2026-10-08T22:57:43.067032+00:00,190.00108904899935,loop2,1.0006452889992943,1106944,0,51,0,0,0,0,0,0.0,0.0,0,
190,2026-10-08T22:57:43.067032+00:00,190.00108904899935,loop3,1.0006452889992943,1141760,0,66,0,0,0,0,0,0.0,0.0,0,
190,2026-10-08T22:57:43.067032+00:00,190.00108904899935,loop4,1.0006452889992943,374784,0,51,0,0,0,0,0,0.0,0.0,0,
190,2026-10-08T22:57:43.067032+00:00,190.00108904899935,loop5,1.0006452889992943,14336,0,11,0,0,0,0,0,0.0,0.0,0,
190,2026-10-08T22:57:43.067032+00:00,190.00108904899935,loop6,1.0006452889992943,0,0,0,0,0,0,0,0,0.0,0.0,0,
190,2026-10-08T22:57:43.067032+00:00,190.00108904899935,loop7,1.0006452889992943,0,0,0,0,0,0,0,0,0.0,0.0,0,
190,2026-10-08T22:57:43.067032+00:00,190.00108904899935,sr0,1.0006452889992943,1536,0,8,0,0,0,0,0,0.0,0.0,0,
190,2026-10-08T22:57:43.067032+00:00,190.00108904899935,sda,1.0006452889992943,315698688,25497493504,8097,120058,0,40960,0,4,0.0,40933.58600724785,4,
190,2026-10-08T22:57:43.067032+00:00,190.00108904899935,sda1,1.0006452889992943,319488,0,78,0,0,0,0,0,0.0,0.0,0,
190,2026-10-08T22:57:43.067032+00:00,190.00108904899935,sda2,1.0006452889992943,285926400,434229248,6637,68880,0,8192,0,2,0.0,8186.717201449571,4,
190,2026-10-08T22:57:43.067032+00:00,190.00108904899935,sda3,1.0006452889992943,5559296,118784,154,26,0,0,0,0,0.0,0.0,0,
190,2026-10-08T22:57:43.067032+00:00,190.00108904899935,sda4,1.0006452889992943,4657152,0,116,0,0,0,0,0,0.0,0.0,0,
190,2026-10-08T22:57:43.067032+00:00,190.00108904899935,sda5,1.0006452889992943,16782336,25063145472,977,51152,0,32768,0,2,0.0,32746.868805798284,4,
191,2026-10-08T22:57:44.067021+00:00,191.00114669699906,loop0,0.999989435000316,2109440,0,219,0,0,0,0,0,0.0,0.0,0,
191,2026-10-08T22:57:44.067021+00:00,191.00114669699906,loop1,0.999989435000316,354304,0,43,0,0,0,0,0,0.0,0.0,0,
191,2026-10-08T22:57:44.067021+00:00,191.00114669699906,loop2,0.999989435000316,1106944,0,51,0,0,0,0,0,0.0,0.0,0,
191,2026-10-08T22:57:44.067021+00:00,191.00114669699906,loop3,0.999989435000316,1141760,0,66,0,0,0,0,0,0.0,0.0,0,
191,2026-10-08T22:57:44.067021+00:00,191.00114669699906,loop4,0.999989435000316,374784,0,51,0,0,0,0,0,0.0,0.0,0,
191,2026-10-08T22:57:44.067021+00:00,191.00114669699906,loop5,0.999989435000316,14336,0,11,0,0,0,0,0,0.0,0.0,0,
191,2026-10-08T22:57:44.067021+00:00,191.00114669699906,loop6,0.999989435000316,0,0,0,0,0,0,0,0,0.0,0.0,0,
191,2026-10-08T22:57:44.067021+00:00,191.00114669699906,loop7,0.999989435000316,0,0,0,0,0,0,0,0,0.0,0.0,0,
191,2026-10-08T22:57:44.067021+00:00,191.00114669699906,sr0,0.999989435000316,1536,0,8,0,0,0,0,0,0.0,0.0,0,
191,2026-10-08T22:57:44.067021+00:00,191.00114669699906,sda,0.999989435000316,315698688,25497538560,8097,120062,0,45056,0,4,0.0,45056.47602165493,4,
191,2026-10-08T22:57:44.067021+00:00,191.00114669699906,sda1,0.999989435000316,319488,0,78,0,0,0,0,0,0.0,0.0,0,
191,2026-10-08T22:57:44.067021+00:00,191.00114669699906,sda2,0.999989435000316,285926400,434229248,6637,68880,0,0,0,0,0.0,0.0,0,
191,2026-10-08T22:57:44.067021+00:00,191.00114669699906,sda3,0.999989435000316,5559296,118784,154,26,0,0,0,0,0.0,0.0,0,
191,2026-10-08T22:57:44.067021+00:00,191.00114669699906,sda4,0.999989435000316,4657152,0,116,0,0,0,0,0,0.0,0.0,0,
191,2026-10-08T22:57:44.067021+00:00,191.00114669699906,sda5,0.999989435000316,16782336,25063190528,977,51156,0,45056,0,4,0.0,45056.47602165493,4,
192,2026-10-08T22:57:45.066788+00:00,192.00132183999995,loop0,0.9997668760006491,2109440,0,219,0,0,0,0,0,0.0,0.0,0,
192,2026-10-08T22:57:45.066788+00:00,192.00132183999995,loop1,0.9997668760006491,354304,0,43,0,0,0,0,0,0.0,0.0,0,
192,2026-10-08T22:57:45.066788+00:00,192.00132183999995,loop2,0.9997668760006491,1106944,0,51,0,0,0,0,0,0.0,0.0,0,
192,2026-10-08T22:57:45.066788+00:00,192.00132183999995,loop3,0.9997668760006491,1141760,0,66,0,0,0,0,0,0.0,0.0,0,
192,2026-10-08T22:57:45.066788+00:00,192.00132183999995,loop4,0.9997668760006491,374784,0,51,0,0,0,0,0,0.0,0.0,0,
192,2026-10-08T22:57:45.066788+00:00,192.00132183999995,loop5,0.9997668760006491,14336,0,11,0,0,0,0,0,0.0,0.0,0,
192,2026-10-08T22:57:45.066788+00:00,192.00132183999995,loop6,0.9997668760006491,0,0,0,0,0,0,0,0,0.0,0.0,0,
192,2026-10-08T22:57:45.066788+00:00,192.00132183999995,loop7,0.9997668760006491,0,0,0,0,0,0,0,0,0.0,0.0,0,
192,2026-10-08T22:57:45.066788+00:00,192.00132183999995,sr0,0.9997668760006491,1536,0,8,0,0,0,0,0,0.0,0.0,0,
192,2026-10-08T22:57:45.066788+00:00,192.00132183999995,sda,0.9997668760006491,315698688,25497571328,8097,120069,0,32768,0,7,0.0,32775.6407884619,88,
192,2026-10-08T22:57:45.066788+00:00,192.00132183999995,sda1,0.9997668760006491,319488,0,78,0,0,0,0,0,0.0,0.0,0,
192,2026-10-08T22:57:45.066788+00:00,192.00132183999995,sda2,0.9997668760006491,285926400,434262016,6637,68887,0,32768,0,7,0.0,32775.6407884619,88,
192,2026-10-08T22:57:45.066788+00:00,192.00132183999995,sda3,0.9997668760006491,5559296,118784,154,26,0,0,0,0,0.0,0.0,0,
192,2026-10-08T22:57:45.066788+00:00,192.00132183999995,sda4,0.9997668760006491,4657152,0,116,0,0,0,0,0,0.0,0.0,0,
192,2026-10-08T22:57:45.066788+00:00,192.00132183999995,sda5,0.9997668760006491,16782336,25063190528,977,51156,0,0,0,0,0.0,0.0,0,
193,2026-10-08T22:57:46.083331+00:00,193.01769840400084,loop0,1.0165427760002785,2109440,0,219,0,0,0,0,0,0.0,0.0,0,
193,2026-10-08T22:57:46.083331+00:00,193.01769840400084,loop1,1.0165427760002785,354304,0,43,0,0,0,0,0,0.0,0.0,0,
193,2026-10-08T22:57:46.083331+00:00,193.01769840400084,loop2,1.0165427760002785,1106944,0,51,0,0,0,0,0,0.0,0.0,0,
193,2026-10-08T22:57:46.083331+00:00,193.01769840400084,loop3,1.0165427760002785,1141760,0,66,0,0,0,0,0,0.0,0.0,0,
193,2026-10-08T22:57:46.083331+00:00,193.01769840400084,loop4,1.0165427760002785,374784,0,51,0,0,0,0,0,0.0,0.0,0,
193,2026-10-08T22:57:46.083331+00:00,193.01769840400084,loop5,1.0165427760002785,14336,0,11,0,0,0,0,0,0.0,0.0,0,
193,2026-10-08T22:57:46.083331+00:00,193.01769840400084,loop6,1.0165427760002785,0,0,0,0,0,0,0,0,0.0,0.0,0,
193,2026-10-08T22:57:46.083331+00:00,193.01769840400084,loop7,1.0165427760002785,0,0,0,0,0,0,0,0,0.0,0.0,0,
193,2026-10-08T22:57:46.083331+00:00,193.01769840400084,sr0,1.0165427760002785,1536,0,8,0,0,0,0,0,0.0,0.0,0,
193,2026-10-08T22:57:46.083331+00:00,193.01769840400084,sda,1.0165427760002785,315698688,25497595904,8097,120071,0,24576,0,2,0.0,24176.060840939237,40,
193,2026-10-08T22:57:46.083331+00:00,193.01769840400084,sda1,1.0165427760002785,319488,0,78,0,0,0,0,0,0.0,0.0,0,
193,2026-10-08T22:57:46.083331+00:00,193.01769840400084,sda2,1.0165427760002785,285926400,434286592,6637,68889,0,24576,0,2,0.0,24176.060840939237,40,
193,2026-10-08T22:57:46.083331+00:00,193.01769840400084,sda3,1.0165427760002785,5559296,118784,154,26,0,0,0,0,0.0,0.0,0,
193,2026-10-08T22:57:46.083331+00:00,193.01769840400084,sda4,1.0165427760002785,4657152,0,116,0,0,0,0,0,0.0,0.0,0,
193,2026-10-08T22:57:46.083331+00:00,193.01769840400084,sda5,1.0165427760002785,16782336,25063190528,977,51156,0,0,0,0,0.0,0.0,0,
194,2026-10-08T22:57:47.071851+00:00,194.0012639889992,loop0,0.988520418999542,2109440,0,219,0,0,0,0,0,0.0,0.0,0,
194,2026-10-08T22:57:47.071851+00:00,194.0012639889992,loop1,0.988520418999542,354304,0,43,0,0,0,0,0,0.0,0.0,0,
194,2026-10-08T22:57:47.071851+00:00,194.0012639889992,loop2,0.988520418999542,1106944,0,51,0,0,0,0,0,0.0,0.0,0,
194,2026-10-08T22:57:47.071851+00:00,194.0012639889992,loop3,0.988520418999542,1141760,0,66,0,0,0,0,0,0.0,0.0,0,
194,2026-10-08T22:57:47.071851+00:00,194.0012639889992,loop4,0.988520418999542,374784,0,51,0,0,0,0,0,0.0,0.0,0,
194,2026-10-08T22:57:47.071851+00:00,194.0012639889992,loop5,0.988520418999542,14336,0,11,0,0,0,0,0,0.0,0.0,0,
194,2026-10-08T22:57:47.071851+00:00,194.0012639889992,loop6,0.988520418999542,0,0,0,0,0,0,0,0,0.0,0.0,0,
194,2026-10-08T22:57:47.071851+00:00,194.0012639889992,loop7,0.988520418999542,0,0,0,0,0,0,0,0,0.0,0.0,0,
194,2026-10-08T22:57:47.071851+00:00,194.0012639889992,sr0,0.988520418999542,1536,0,8,0,0,0,0,0,0.0,0.0,0,
194,2026-10-08T22:57:47.071851+00:00,194.0012639889992,sda,0.988520418999542,315698688,25497595904,8097,120071,0,0,0,0,0.0,0.0,0,
194,2026-10-08T22:57:47.071851+00:00,194.0012639889992,sda1,0.988520418999542,319488,0,78,0,0,0,0,0,0.0,0.0,0,
194,2026-10-08T22:57:47.071851+00:00,194.0012639889992,sda2,0.988520418999542,285926400,434286592,6637,68889,0,0,0,0,0.0,0.0,0,
194,2026-10-08T22:57:47.071851+00:00,194.0012639889992,sda3,0.988520418999542,5559296,118784,154,26,0,0,0,0,0.0,0.0,0,
194,2026-10-08T22:57:47.071851+00:00,194.0012639889992,sda4,0.988520418999542,4657152,0,116,0,0,0,0,0,0.0,0.0,0,
194,2026-10-08T22:57:47.071851+00:00,194.0012639889992,sda5,0.988520418999542,16782336,25063190528,977,51156,0,0,0,0,0.0,0.0,0,
195,2026-10-08T22:57:48.068089+00:00,195.00146991899965,loop0,0.9962374160004401,2109440,0,219,0,0,0,0,0,0.0,0.0,0,
195,2026-10-08T22:57:48.068089+00:00,195.00146991899965,loop1,0.9962374160004401,354304,0,43,0,0,0,0,0,0.0,0.0,0,
195,2026-10-08T22:57:48.068089+00:00,195.00146991899965,loop2,0.9962374160004401,1106944,0,51,0,0,0,0,0,0.0,0.0,0,
195,2026-10-08T22:57:48.068089+00:00,195.00146991899965,loop3,0.9962374160004401,1141760,0,66,0,0,0,0,0,0.0,0.0,0,
195,2026-10-08T22:57:48.068089+00:00,195.00146991899965,loop4,0.9962374160004401,374784,0,51,0,0,0,0,0,0.0,0.0,0,
195,2026-10-08T22:57:48.068089+00:00,195.00146991899965,loop5,0.9962374160004401,14336,0,11,0,0,0,0,0,0.0,0.0,0,
195,2026-10-08T22:57:48.068089+00:00,195.00146991899965,loop6,0.9962374160004401,0,0,0,0,0,0,0,0,0.0,0.0,0,
195,2026-10-08T22:57:48.068089+00:00,195.00146991899965,loop7,0.9962374160004401,0,0,0,0,0,0,0,0,0.0,0.0,0,
195,2026-10-08T22:57:48.068089+00:00,195.00146991899965,sr0,0.9962374160004401,1536,0,8,0,0,0,0,0,0.0,0.0,0,
195,2026-10-08T22:57:48.068089+00:00,195.00146991899965,sda,0.9962374160004401,315698688,25497595904,8097,120071,0,0,0,0,0.0,0.0,0,
195,2026-10-08T22:57:48.068089+00:00,195.00146991899965,sda1,0.9962374160004401,319488,0,78,0,0,0,0,0,0.0,0.0,0,
195,2026-10-08T22:57:48.068089+00:00,195.00146991899965,sda2,0.9962374160004401,285926400,434286592,6637,68889,0,0,0,0,0.0,0.0,0,
195,2026-10-08T22:57:48.068089+00:00,195.00146991899965,sda3,0.9962374160004401,5559296,118784,154,26,0,0,0,0,0.0,0.0,0,
195,2026-10-08T22:57:48.068089+00:00,195.00146991899965,sda4,0.9962374160004401,4657152,0,116,0,0,0,0,0,0.0,0.0,0,
195,2026-10-08T22:57:48.068089+00:00,195.00146991899965,sda5,0.9962374160004401,16782336,25063190528,977,51156,0,0,0,0,0.0,0.0,0,
196,2026-10-08T22:57:49.067210+00:00,196.0014146829999,loop0,0.999121249999007,2109440,0,219,0,0,0,0,0,0.0,0.0,0,
196,2026-10-08T22:57:49.067210+00:00,196.0014146829999,loop1,0.999121249999007,354304,0,43,0,0,0,0,0,0.0,0.0,0,
196,2026-10-08T22:57:49.067210+00:00,196.0014146829999,loop2,0.999121249999007,1106944,0,51,0,0,0,0,0,0.0,0.0,0,
196,2026-10-08T22:57:49.067210+00:00,196.0014146829999,loop3,0.999121249999007,1141760,0,66,0,0,0,0,0,0.0,0.0,0,
196,2026-10-08T22:57:49.067210+00:00,196.0014146829999,loop4,0.999121249999007,374784,0,51,0,0,0,0,0,0.0,0.0,0,
196,2026-10-08T22:57:49.067210+00:00,196.0014146829999,loop5,0.999121249999007,14336,0,11,0,0,0,0,0,0.0,0.0,0,
196,2026-10-08T22:57:49.067210+00:00,196.0014146829999,loop6,0.999121249999007,0,0,0,0,0,0,0,0,0.0,0.0,0,
196,2026-10-08T22:57:49.067210+00:00,196.0014146829999,loop7,0.999121249999007,0,0,0,0,0,0,0,0,0.0,0.0,0,
196,2026-10-08T22:57:49.067210+00:00,196.0014146829999,sr0,0.999121249999007,1536,0,8,0,0,0,0,0,0.0,0.0,0,
196,2026-10-08T22:57:49.067210+00:00,196.0014146829999,sda,0.999121249999007,315698688,25497653248,8097,120075,0,57344,0,4,0.0,57394.435360129704,16,
196,2026-10-08T22:57:49.067210+00:00,196.0014146829999,sda1,0.999121249999007,319488,0,78,0,0,0,0,0,0.0,0.0,0,
196,2026-10-08T22:57:49.067210+00:00,196.0014146829999,sda2,0.999121249999007,285926400,434298880,6637,68891,0,12288,0,2,0.0,12298.807577170652,4,
196,2026-10-08T22:57:49.067210+00:00,196.0014146829999,sda3,0.999121249999007,5559296,118784,154,26,0,0,0,0,0.0,0.0,0,
196,2026-10-08T22:57:49.067210+00:00,196.0014146829999,sda4,0.999121249999007,4657152,0,116,0,0,0,0,0,0.0,0.0,0,
196,2026-10-08T22:57:49.067210+00:00,196.0014146829999,sda5,0.999121249999007,16782336,25063235584,977,51158,0,45056,0,2,0.0,45095.627782959054,12,
197,2026-10-08T22:57:50.067755+00:00,197.00229652899907,loop0,1.000544731001355,2109440,0,219,0,0,0,0,0,0.0,0.0,0,
197,2026-10-08T22:57:50.067755+00:00,197.00229652899907,loop1,1.000544731001355,354304,0,43,0,0,0,0,0,0.0,0.0,0,
197,2026-10-08T22:57:50.067755+00:00,197.00229652899907,loop2,1.000544731001355,1106944,0,51,0,0,0,0,0,0.0,0.0,0,
197,2026-10-08T22:57:50.067755+00:00,197.00229652899907,loop3,1.000544731001355,1141760,0,66,0,0,0,0,0,0.0,0.0,0,
197,2026-10-08T22:57:50.067755+00:00,197.00229652899907,loop4,1.000544731001355,374784,0,51,0,0,0,0,0,0.0,0.0,0,
197,2026-10-08T22:57:50.067755+00:00,197.00229652899907,loop5,1.000544731001355,14336,0,11,0,0,0,0,0,0.0,0.0,0,
197,2026-10-08T22:57:50.067755+00:00,197.00229652899907,loop6,1.000544731001355,0,0,0,0,0,0,0,0,0.0,0.0,0,
197,2026-10-08T22:57:50.067755+00:00,197.00229652899907,loop7,1.000544731001355,0,0,0,0,0,0,0,0,0.0,0.0,0,
197,2026-10-08T22:57:50.067755+00:00,197.00229652899907,sr0,1.000544731001355,1536,0,8,0,0,0,0,0,0.0,0.0,0,
197,2026-10-08T22:57:50.067755+00:00,197.00229652899907,sda,1.000544731001355,315698688,25497694208,8097,120079,0,40960,0,4,0.0,40937.69996570451,8,
197,2026-10-08T22:57:50.067755+00:00,197.00229652899907,sda1,1.000544731001355,319488,0,78,0,0,0,0,0,0.0,0.0,0,
197,2026-10-08T22:57:50.067755+00:00,197.00229652899907,sda2,1.000544731001355,285926400,434298880,6637,68891,0,0,0,0,0.0,0.0,0,
197,2026-10-08T22:57:50.067755+00:00,197.00229652899907,sda3,1.000544731001355,5559296,118784,154,26,0,0,0,0,0.0,0.0,0,
197,2026-10-08T22:57:50.067755+00:00,197.00229652899907,sda4,1.000544731001355,4657152,0,116,0,0,0,0,0,0.0,0.0,0,
197,2026-10-08T22:57:50.067755+00:00,197.00229652899907,sda5,1.000544731001355,16782336,25063276544,977,51162,0,40960,0,4,0.0,40937.69996570451,8,
198,2026-10-08T22:57:51.073470+00:00,198.0079341439996,loop0,1.005715497998608,2109440,0,219,0,0,0,0,0,0.0,0.0,0,
198,2026-10-08T22:57:51.073470+00:00,198.0079341439996,loop1,1.005715497998608,354304,0,43,0,0,0,0,0,0.0,0.0,0,
198,2026-10-08T22:57:51.073470+00:00,198.0079341439996,loop2,1.005715497998608,1106944,0,51,0,0,0,0,0,0.0,0.0,0,
198,2026-10-08T22:57:51.073470+00:00,198.0079341439996,loop3,1.005715497998608,1141760,0,66,0,0,0,0,0,0.0,0.0,0,
198,2026-10-08T22:57:51.073470+00:00,198.0079341439996,loop4,1.005715497998608,374784,0,51,0,0,0,0,0,0.0,0.0,0,
198,2026-10-08T22:57:51.073470+00:00,198.0079341439996,loop5,1.005715497998608,14336,0,11,0,0,0,0,0,0.0,0.0,0,
198,2026-10-08T22:57:51.073470+00:00,198.0079341439996,loop6,1.005715497998608,0,0,0,0,0,0,0,0,0.0,0.0,0,
198,2026-10-08T22:57:51.073470+00:00,198.0079341439996,loop7,1.005715497998608,0,0,0,0,0,0,0,0,0.0,0.0,0,
198,2026-10-08T22:57:51.073470+00:00,198.0079341439996,sr0,1.005715497998608,1536,0,8,0,0,0,0,0,0.0,0.0,0,
198,2026-10-08T22:57:51.073470+00:00,198.0079341439996,sda,1.005715497998608,315698688,25497731072,8097,120081,0,36864,0,2,0.0,36654.50127134366,8,
198,2026-10-08T22:57:51.073470+00:00,198.0079341439996,sda1,1.005715497998608,319488,0,78,0,0,0,0,0,0.0,0.0,0,
198,2026-10-08T22:57:51.073470+00:00,198.0079341439996,sda2,1.005715497998608,285926400,434335744,6637,68893,0,36864,0,2,0.0,36654.50127134366,8,
198,2026-10-08T22:57:51.073470+00:00,198.0079341439996,sda3,1.005715497998608,5559296,118784,154,26,0,0,0,0,0.0,0.0,0,
198,2026-10-08T22:57:51.073470+00:00,198.0079341439996,sda4,1.005715497998608,4657152,0,116,0,0,0,0,0,0.0,0.0,0,
198,2026-10-08T22:57:51.073470+00:00,198.0079341439996,sda5,1.005715497998608,16782336,25063276544,977,51162,0,0,0,0,0.0,0.0,0,
199,2026-10-08T22:57:52.067478+00:00,199.0010123360007,loop0,0.9940079540010629,2109440,0,219,0,0,0,0,0,0.0,0.0,0,
199,2026-10-08T22:57:52.067478+00:00,199.0010123360007,loop1,0.9940079540010629,354304,0,43,0,0,0,0,0,0.0,0.0,0,
199,2026-10-08T22:57:52.067478+00:00,199.0010123360007,loop2,0.9940079540010629,1106944,0,51,0,0,0,0,0,0.0,0.0,0,
199,2026-10-08T22:57:52.067478+00:00,199.0010123360007,loop3,0.9940079540010629,1141760,0,66,0,0,0,0,0,0.0,0.0,0,
199,2026-10-08T22:57:52.067478+00:00,199.0010123360007,loop4,0.9940079540010629,374784,0,51,0,0,0,0,0,0.0,0.0,0,
199,2026-10-08T22:57:52.067478+00:00,199.0010123360007,loop5,0.9940079540010629,14336,0,11,0,0,0,0,0,0.0,0.0,0,
199,2026-10-08T22:57:52.067478+00:00,199.0010123360007,loop6,0.9940079540010629,0,0,0,0,0,0,0,0,0.0,0.0,0,
199,2026-10-08T22:57:52.067478+00:00,199.0010123360007,loop7,0.9940079540010629,0,0,0,0,0,0,0,0,0.0,0.0,0,
199,2026-10-08T22:57:52.067478+00:00,199.0010123360007,sr0,0.9940079540010629,1536,0,8,0,0,0,0,0,0.0,0.0,0,
199,2026-10-08T22:57:52.067478+00:00,199.0010123360007,sda,0.9940079540010629,315698688,25497731072,8097,120081,0,0,0,0,0.0,0.0,0,
199,2026-10-08T22:57:52.067478+00:00,199.0010123360007,sda1,0.9940079540010629,319488,0,78,0,0,0,0,0,0.0,0.0,0,
199,2026-10-08T22:57:52.067478+00:00,199.0010123360007,sda2,0.9940079540010629,285926400,434335744,6637,68893,0,0,0,0,0.0,0.0,0,
199,2026-10-08T22:57:52.067478+00:00,199.0010123360007,sda3,0.9940079540010629,5559296,118784,154,26,0,0,0,0,0.0,0.0,0,
199,2026-10-08T22:57:52.067478+00:00,199.0010123360007,sda4,0.9940079540010629,4657152,0,116,0,0,0,0,0,0.0,0.0,0,
199,2026-10-08T22:57:52.067478+00:00,199.0010123360007,sda5,0.9940079540010629,16782336,25063276544,977,51162,0,0,0,0,0.0,0.0,0,
