amostra,utc,tempo_relativo_s,pid,criado_epoch_s,papel,cpu_intervalo_real_s,cpu_uma_cpu_pct,cpu_capacidade_vm_pct,rss_bytes,vms_bytes,uss_bytes,pss_bytes,erro
1,2026-10-08T22:54:34.065231+00:00,1.0015690220006945,1562,1791492204.01,principal,,,,24215552,32919552,14024704,14649344,
1,2026-10-08T22:54:34.065231+00:00,1.0015690220006945,1563,1791492204.1,descendente,,,,11202560,19447808,5017600,5362688,
1,2026-10-08T22:54:34.065231+00:00,1.0015690220006945,1564,1791492204.1,descendente,,,,46317568,282865664,32202752,33561600,
1,2026-10-08T22:54:34.065231+00:00,1.0015690220006945,1565,1791492204.1,descendente,,,,45862912,282861568,32075776,33326080,
2,2026-10-08T22:54:35.065195+00:00,2.0018031889994745,1562,1791492204.01,principal,0.9999663390008209,0.0,0.0,24215552,32919552,14024704,14649344,
2,2026-10-08T22:54:35.065195+00:00,2.0018031889994745,1563,1791492204.1,descendente,0.9999762989991723,0.0,0.0,11202560,19447808,5017600,5362688,
2,2026-10-08T22:54:35.065195+00:00,2.0018031889994745,1564,1791492204.1,descendente,0.9999854420002521,0.0,0.0,46317568,282865664,32202752,33561600,
2,2026-10-08T22:54:35.065195+00:00,2.0018031889994745,1565,1791492204.1,descendente,1.0003965029991377,0.0,0.0,45862912,282861568,32075776,33326080,
3,2026-10-08T22:54:36.064209+00:00,3.0008047299997997,1562,1791492204.01,principal,0.9990147600001364,0.0,0.0,24215552,32919552,14024704,14649344,
3,2026-10-08T22:54:36.064209+00:00,3.0008047299997997,1563,1791492204.1,descendente,0.9990222070009622,0.0,0.0,11202560,19447808,5017600,5362688,
3,2026-10-08T22:54:36.064209+00:00,3.0008047299997997,1564,1791492204.1,descendente,0.999022743999376,0.0,0.0,46317568,282865664,32202752,33561600,
3,2026-10-08T22:54:36.064209+00:00,3.0008047299997997,1565,1791492204.1,descendente,0.9986574409995228,0.0,0.0,45862912,282861568,32075776,33326080,
4,2026-10-08T22:54:37.065101+00:00,4.001128223999331,1562,1791492204.01,principal,1.0008912839984987,0.0,0.0,24215552,32919552,14024704,14648320,
4,2026-10-08T22:54:37.065101+00:00,4.001128223999331,1563,1791492204.1,descendente,1.0008798359995126,0.0,0.0,11202560,19447808,5017600,5362688,
4,2026-10-08T22:54:37.065101+00:00,4.001128223999331,1564,1791492204.1,descendente,1.000877954000316,0.0,0.0,46317568,282865664,32202752,33560576,
4,2026-10-08T22:54:37.065101+00:00,4.001128223999331,1565,1791492204.1,descendente,1.0008535040014976,11.989766686156086,5.994883343078043,45862912,282861568,32075776,33325056,
5,2026-10-08T22:54:38.064241+00:00,5.000434900999608,1562,1791492204.01,principal,0.9991357560011238,0.0,0.0,24215552,32919552,14024704,14648320,
5,2026-10-08T22:54:38.064241+00:00,5.000434900999608,1563,1791492204.1,descendente,0.9991568309997092,0.0,0.0,11202560,19447808,5017600,5362688,
5,2026-10-08T22:54:38.064241+00:00,5.000434900999608,1564,1791492204.1,descendente,0.9991521219999413,6.005091585043523,3.0025457925217616,46317568,282865664,32202752,33560576,
5,2026-10-08T22:54:38.064241+00:00,5.000434900999608,1565,1791492204.1,descendente,0.9991370809984801,9.007772978464835,4.503886489232418,45862912,282861568,32075776,33325056,
6,2026-10-08T22:54:39.064739+00:00,6.001061278000634,1562,1791492204.01,principal,1.0005021830002079,0.0,0.0,24215552,32919552,14024704,14648320,
6,2026-10-08T22:54:39.064739+00:00,6.001061278000634,1563,1791492204.1,descendente,1.0005320260006556,0.0,0.0,11202560,19447808,5017600,5362688,
6,2026-10-08T22:54:39.064739+00:00,6.001061278000634,1564,1791492204.1,descendente,1.0005361120001908,6.996249226832843,3.4981246134164214,46317568,282865664,32202752,33560576,
6,2026-10-08T22:54:39.064739+00:00,6.001061278000634,1565,1791492204.1,descendente,1.0005915520014241,1.9988175954505316,0.9994087977252658,45862912,282861568,32075776,33325056,
7,2026-10-08T22:54:40.065016+00:00,7.001447328000722,1562,1791492204.01,principal,1.0002733419987635,0.0,0.0,24215552,32919552,14024704,14648320,
7,2026-10-08T22:54:40.065016+00:00,7.001447328000722,1563,1791492204.1,descendente,1.0002150889995391,0.0,0.0,11202560,19447808,5017600,5362688,
7,2026-10-08T22:54:40.065016+00:00,7.001447328000722,1564,1791492204.1,descendente,1.0002105240000674,9.997895203109728,4.998947601554864,46317568,282865664,32202752,33560576,
7,2026-10-08T22:54:40.065016+00:00,7.001447328000722,1565,1791492204.1,descendente,1.0001612689993635,0.9998387570046445,0.49991937850232226,45862912,282861568,32075776,33325056,
8,2026-10-08T22:54:41.073487+00:00,8.009854504000032,1562,1791492204.01,principal,1.0084755590014538,0.0,0.0,24215552,32919552,14024704,14648320,
8,2026-10-08T22:54:41.073487+00:00,8.009854504000032,1563,1791492204.1,descendente,1.0084988010003144,0.0,0.0,11202560,19447808,5017600,5362688,
8,2026-10-08T22:54:41.073487+00:00,8.009854504000032,1564,1791492204.1,descendente,1.0085085289993003,1.9831265105754452,0.9915632552877226,46317568,282865664,32202752,33560576,
8,2026-10-08T22:54:41.073487+00:00,8.009854504000032,1565,1791492204.1,descendente,1.0085430420003831,11.898351880152266,5.949175940076133,45862912,282861568,32075776,33325056,
9,2026-10-08T22:54:42.074582+00:00,9.010280202999638,1562,1791492204.01,principal,1.0010954779991152,0.0,0.0,24215552,32919552,14024704,14648320,
9,2026-10-08T22:54:42.074582+00:00,9.010280202999638,1563,1791492204.1,descendente,1.0010999770001945,0.0,0.0,11202560,19447808,5017600,5362688,
9,2026-10-08T22:54:42.074582+00:00,9.010280202999638,1564,1791492204.1,descendente,1.0010978680002154,12.985743367897276,6.492871683948638,46317568,282865664,32202752,33560576,
9,2026-10-08T22:54:42.074582+00:00,9.010280202999638,1565,1791492204.1,descendente,1.0010753240003396,0.0,0.0,45862912,282861568,32075776,33325056,
10,2026-10-08T22:54:43.065406+00:00,10.00188511899978,1562,1791492204.01,principal,0.9908195259995409,0.0,0.0,24215552,32919552,14024704,14648320,
10,2026-10-08T22:54:43.065406+00:00,10.00188511899978,1563,1791492204.1,descendente,0.9908176970002387,0.0,0.0,11202560,19447808,5017600,5362688,
10,2026-10-08T22:54:43.065406+00:00,10.00188511899978,1564,1791492204.1,descendente,0.9908054679999623,14.129917983053147,7.064958991526574,46317568,282865664,32202752,33560576,
10,2026-10-08T22:54:43.065406+00:00,10.00188511899978,1565,1791492204.1,descendente,0.9908330889993522,3.0277551621028627,1.5138775810514313,45862912,282861568,32075776,33325056,
11,2026-10-08T22:54:44.064611+00:00,11.000588258999414,1562,1791492204.01,principal,0.9992077420010901,1.0007928861693873,0.5003964430846937,24215552,32919552,14024704,14648320,
11,2026-10-08T22:54:44.064611+00:00,11.000588258999414,1563,1791492204.1,descendente,0.9991838930000085,0.0,0.0,11202560,19447808,5017600,5362688,
11,2026-10-08T22:54:44.064611+00:00,11.000588258999414,1564,1791492204.1,descendente,0.9991898070002208,11.008919349391954,5.504459674695977,46317568,282865664,32202752,33560576,
11,2026-10-08T22:54:44.064611+00:00,11.000588258999414,1565,1791492204.1,descendente,0.9991534300006606,0.0,0.0,45862912,282861568,32075776,33325056,
12,2026-10-08T22:54:45.072882+00:00,12.009584011999323,1562,1791492204.01,principal,1.0082663949997368,0.0,0.0,24215552,32919552,14024704,14648320,
12,2026-10-08T22:54:45.072882+00:00,12.009584011999323,1563,1791492204.1,descendente,1.00826534800035,0.0,0.0,11202560,19447808,5017600,5362688,
12,2026-10-08T22:54:45.072882+00:00,12.009584011999323,1564,1791492204.1,descendente,1.008256454999355,8.92630040241671,4.463150201208355,46317568,282865664,32202752,33560576,
12,2026-10-08T22:54:45.072882+00:00,12.009584011999323,1565,1791492204.1,descendente,1.0082454570001573,3.9672878982278323,1.9836439491139162,45862912,282861568,32075776,33325056,
13,2026-10-08T22:54:46.068004+00:00,13.004593646999638,1562,1791492204.01,principal,0.9951239910005825,0.0,0.0,24215552,32919552,14024704,14648320,
13,2026-10-08T22:54:46.068004+00:00,13.004593646999638,1563,1791492204.1,descendente,0.9951258969995251,0.0,0.0,11202560,19447808,5017600,5362688,
13,2026-10-08T22:54:46.068004+00:00,13.004593646999638,1564,1791492204.1,descendente,0.9951387719993363,12.058619699734157,6.0293098498670785,46317568,282865664,32202752,33560576,
13,2026-10-08T22:54:46.068004+00:00,13.004593646999638,1565,1791492204.1,descendente,0.9951617589995294,1.0048617633832069,0.5024308816916034,45862912,282861568,32075776,33325056,
14,2026-10-08T22:54:47.064799+00:00,14.000648544999422,1562,1791492204.01,principal,0.9967946789984126,0.0,0.0,24215552,32919552,14024704,14648320,
14,2026-10-08T22:54:47.064799+00:00,14.000648544999422,1563,1791492204.1,descendente,1.000378319000447,0.0,0.0,11202560,19447808,5017600,5362688,
14,2026-10-08T22:54:47.064799+00:00,14.000648544999422,1564,1791492204.1,descendente,1.0004680350011768,10.994854023484123,5.497427011742062,46317568,282865664,32202752,33560576,
14,2026-10-08T22:54:47.064799+00:00,14.000648544999422,1565,1791492204.1,descendente,1.000494529000207,0.0,0.0,45862912,282861568,32075776,33325056,
15,2026-10-08T22:54:48.075546+00:00,15.012202955000248,1562,1791492204.01,principal,1.0107493420000537,0.0,0.0,24215552,32919552,14024704,14648320,
15,2026-10-08T22:54:48.075546+00:00,15.012202955000248,1563,1791492204.1,descendente,1.007176550998338,0.0,0.0,11202560,19447808,5017600,5362688,
15,2026-10-08T22:54:48.075546+00:00,15.012202955000248,1564,1791492204.1,descendente,1.0070809030003147,0.0,0.0,46317568,282865664,32202752,33560576,
15,2026-10-08T22:54:48.075546+00:00,15.012202955000248,1565,1791492204.1,descendente,1.0071008909999364,11.915390113582188,5.957695056791094,45862912,282861568,32075776,33325056,
16,2026-10-08T22:54:49.100158+00:00,16.03630112800056,1562,1791492204.01,principal,1.0246122070002457,0.0,0.0,24215552,32919552,14024704,14648320,
16,2026-10-08T22:54:49.100158+00:00,16.03630112800056,1563,1791492204.1,descendente,1.024827709999954,0.0,0.0,11202560,19447808,5017600,5362688,
16,2026-10-08T22:54:49.100158+00:00,16.03630112800056,1564,1791492204.1,descendente,1.0249892299998464,9.756200072464456,4.878100036232228,46317568,282865664,32202752,33560576,
16,2026-10-08T22:54:49.100158+00:00,16.03630112800056,1565,1791492204.1,descendente,1.024958797999716,0.9756489743308474,0.4878244871654237,45862912,282861568,32075776,33325056,
17,2026-10-08T22:54:50.067127+00:00,17.00153971399959,1562,1791492204.01,principal,0.9669645400008449,0.0,0.0,24215552,32919552,14024704,14648320,
17,2026-10-08T22:54:50.067127+00:00,17.00153971399959,1563,1791492204.1,descendente,0.9667371410014312,0.0,0.0,11202560,19447808,5017600,5362688,
17,2026-10-08T22:54:50.067127+00:00,17.00153971399959,1564,1791492204.1,descendente,0.9665778919988952,6.207466619779392,3.103733309889696,46317568,282865664,32202752,33560576,
17,2026-10-08T22:54:50.067127+00:00,17.00153971399959,1565,1791492204.1,descendente,0.9665478719998646,4.138439611608265,2.0692198058041327,45862912,282861568,32075776,33325056,
18,2026-10-08T22:54:51.077580+00:00,18.013828909999575,1562,1791492204.01,principal,1.010455063000336,0.0,0.0,24215552,32919552,14024704,14648320,
18,2026-10-08T22:54:51.077580+00:00,18.013828909999575,1563,1791492204.1,descendente,1.0104491410002083,0.0,0.0,11202560,19447808,5017600,5362688,
18,2026-10-08T22:54:51.077580+00:00,18.013828909999575,1564,1791492204.1,descendente,1.010441960001117,0.0,0.0,46317568,282865664,32202752,33560576,
18,2026-10-08T22:54:51.077580+00:00,18.013828909999575,1565,1791492204.1,descendente,1.0108185520002735,10.882269600446518,5.441134800223259,45862912,282861568,32075776,33325056,
19,2026-10-08T22:54:52.074188+00:00,19.010517922999497,1562,1791492204.01,principal,0.9966046929985168,0.0,0.0,24215552,32919552,14024704,14648320,
19,2026-10-08T22:54:52.074188+00:00,19.010517922999497,1563,1791492204.1,descendente,0.9965972979989601,0.0,0.0,11202560,19447808,5017600,5362688,
19,2026-10-08T22:54:52.074188+00:00,19.010517922999497,1564,1791492204.1,descendente,0.9967448219995276,7.022860661525811,3.5114303307629053,46317568,282865664,32202752,33560576,
19,2026-10-08T22:54:52.074188+00:00,19.010517922999497,1565,1791492204.1,descendente,0.9964221789996373,5.017953338834951,2.5089766694174753,45862912,282861568,32075776,33325056,
20,2026-10-08T22:54:53.066654+00:00,20.003195912000592,1562,1791492204.01,principal,0.9924687050006469,0.0,0.0,24215552,32919552,14024704,14648320,
20,2026-10-08T22:54:53.066654+00:00,20.003195912000592,1563,1791492204.1,descendente,0.9924906409996765,0.0,0.0,11202560,19447808,5017600,5362688,
20,2026-10-08T22:54:53.066654+00:00,20.003195912000592,1564,1791492204.1,descendente,0.9924433500000305,5.038070938759293,2.5190354693796464,46317568,282865664,32202752,33560576,
20,2026-10-08T22:54:53.066654+00:00,20.003195912000592,1565,1791492204.1,descendente,0.9923998049998772,4.030633601343461,2.0153168006717306,45862912,282861568,32075776,33325056,
21,2026-10-08T22:54:54.102741+00:00,21.03938973500044,1562,1791492204.01,principal,1.0360871400007454,0.0,0.0,24215552,32919552,14024704,14648320,
21,2026-10-08T22:54:54.102741+00:00,21.03938973500044,1563,1791492204.1,descendente,1.0360765180012095,0.0,0.0,11202560,19447808,5017600,5362688,
21,2026-10-08T22:54:54.102741+00:00,21.03938973500044,1564,1791492204.1,descendente,1.0359848379994219,12.548446196475277,6.274223098237639,46317568,282865664,32202752,33560576,
21,2026-10-08T22:54:54.102741+00:00,21.03938973500044,1565,1791492204.1,descendente,1.035973837999336,0.9652753412496431,0.48263767062482155,45862912,282861568,32075776,33325056,
22,2026-10-08T22:54:55.065247+00:00,22.001205503000165,1562,1791492204.01,principal,0.9625054400003137,0.0,0.0,24215552,32919552,14024704,14648320,
22,2026-10-08T22:54:55.065247+00:00,22.001205503000165,1563,1791492204.1,descendente,0.9625700439992215,0.0,0.0,11202560,19447808,5017600,5362688,
22,2026-10-08T22:54:55.065247+00:00,22.001205503000165,1564,1791492204.1,descendente,0.9625654049996228,3.1166713289482226,1.5583356644741113,46317568,282865664,32202752,33560576,
22,2026-10-08T22:54:55.065247+00:00,22.001205503000165,1565,1791492204.1,descendente,0.9626085320014681,7.271907288672725,3.6359536443363627,45862912,282861568,32075776,33325056,
23,2026-10-08T22:54:56.066071+00:00,23.002433539000776,1562,1791492204.01,principal,1.0008228029983002,0.0,0.0,24215552,32919552,14024704,14648320,
23,2026-10-08T22:54:56.066071+00:00,23.002433539000776,1563,1791492204.1,descendente,1.0007474270005332,0.0,0.0,11202560,19447808,5017600,5362688,
23,2026-10-08T22:54:56.066071+00:00,23.002433539000776,1564,1791492204.1,descendente,1.0007436190007866,1.9985138671153904,0.9992569335576952,46317568,282865664,32202752,33560576,
23,2026-10-08T22:54:56.066071+00:00,23.002433539000776,1565,1791492204.1,descendente,1.001020867999614,8.990821557980848,4.495410778990424,45862912,282861568,32075776,33325056,
24,2026-10-08T22:54:57.069332+00:00,24.005999020000672,1562,1791492204.01,principal,1.0032631350004522,0.9967474784165452,0.4983737392082726,24215552,32919552,14024704,14648320,
24,2026-10-08T22:54:57.069332+00:00,24.005999020000672,1563,1791492204.1,descendente,1.0032751409999037,0.0,0.0,11202560,19447808,5017600,5362688,
24,2026-10-08T22:54:57.069332+00:00,24.005999020000672,1564,1791492204.1,descendente,1.0032841939992068,6.977085896367228,3.488542948183614,46317568,282865664,32202752,33560576,
24,2026-10-08T22:54:57.069332+00:00,24.005999020000672,1565,1791492204.1,descendente,1.0029673720000574,4.98520703622593,2.492603518112965,45862912,282861568,32075776,33325056,
25,2026-10-08T22:54:58.065930+00:00,25.001249814000403,1562,1791492204.01,principal,0.9966018530012661,0.0,0.0,24215552,32919552,14024704,14648320,
25,2026-10-08T22:54:58.065930+00:00,25.001249814000403,1563,1791492204.1,descendente,0.9966284379988792,0.0,0.0,11202560,19447808,5017600,5362688,
25,2026-10-08T22:54:58.065930+00:00,25.001249814000403,1564,1791492204.1,descendente,0.9966545920015051,8.02685309855849,4.013426549279245,46317568,282865664,32202752,33560576,
25,2026-10-08T22:54:58.065930+00:00,25.001249814000403,1565,1791492204.1,descendente,0.9980243129994051,0.0,0.0,45862912,282861568,32075776,33325056,
26,2026-10-08T22:54:59.065852+00:00,26.00228879399947,1562,1791492204.01,principal,0.9999183319996519,0.0,0.0,24215552,32919552,14024704,14648320,
26,2026-10-08T22:54:59.065852+00:00,26.00228879399947,1563,1791492204.1,descendente,0.9998988600000303,0.0,0.0,11202560,19447808,5017600,5362688,
26,2026-10-08T22:54:59.065852+00:00,26.00228879399947,1564,1791492204.1,descendente,0.999874731998716,9.001127553257884,4.500563776628942,46317568,282865664,32202752,33560576,
26,2026-10-08T22:54:59.065852+00:00,26.00228879399947,1565,1791492204.1,descendente,0.9986052570002357,2.002793382049901,1.0013966910249505,45862912,282861568,32075776,33325056,
27,2026-10-08T22:55:00.070028+00:00,27.00676471099905,1562,1791492204.01,principal,1.0041743969995878,0.0,0.0,24215552,32919552,14024704,14648320,
27,2026-10-08T22:55:00.070028+00:00,27.00676471099905,1563,1791492204.1,descendente,1.0041534360007063,0.0,0.0,11202560,19447808,5017600,5362688,
27,2026-10-08T22:55:00.070028+00:00,27.00676471099905,1564,1791492204.1,descendente,1.004139180000493,0.0,0.0,46317568,282865664,32202752,33560576,
27,2026-10-08T22:55:00.070028+00:00,27.00676471099905,1565,1791492204.1,descendente,1.0040217919995484,11.951931816242034,5.975965908121017,45862912,282861568,32075776,33325056,
28,2026-10-08T22:55:01.064420+00:00,28.00083124199955,1562,1791492204.01,principal,0.9943922969996493,0.0,0.0,24215552,32919552,14024704,14648320,
28,2026-10-08T22:55:01.064420+00:00,28.00083124199955,1563,1791492204.1,descendente,0.9944037929999467,0.0,0.0,11202560,19447808,5017600,5362688,
28,2026-10-08T22:55:01.064420+00:00,28.00083124199955,1564,1791492204.1,descendente,0.9946821220000857,3.0160389270571963,1.5080194635285982,46317568,282865664,32202752,33560576,
28,2026-10-08T22:55:01.064420+00:00,28.00083124199955,1565,1791492204.1,descendente,0.9947055410011671,9.047903755459004,4.523951877729502,45862912,282861568,32075776,33325056,
29,2026-10-08T22:55:02.064721+00:00,29.000923670999327,1562,1791492204.01,principal,1.0003014800004166,0.0,0.0,24215552,32919552,14024704,14648320,
29,2026-10-08T22:55:02.064721+00:00,29.000923670999327,1563,1791492204.1,descendente,1.0003085389998887,0.0,0.0,11202560,19447808,5017600,5362688,
29,2026-10-08T22:55:02.064721+00:00,29.000923670999327,1564,1791492204.1,descendente,1.000044092999815,1.9999118178888966,0.9999559089444483,46317568,282865664,32202752,33560576,
29,2026-10-08T22:55:02.064721+00:00,29.000923670999327,1565,1791492204.1,descendente,1.0000359030000254,6.999748688022704,3.499874344011352,45862912,282861568,32075776,33325056,
30,2026-10-08T22:55:03.064982+00:00,30.001728331999402,1562,1791492204.01,principal,1.0002591430002212,0.0,0.0,24215552,32919552,14024704,14648320,
30,2026-10-08T22:55:03.064982+00:00,30.001728331999402,1563,1791492204.1,descendente,1.0005717919993913,0.0,0.0,11202560,19447808,5017600,5362688,
30,2026-10-08T22:55:03.064982+00:00,30.001728331999402,1564,1791492204.1,descendente,1.000628907000646,0.9993714882745792,0.4996857441372896,46317568,282865664,32202752,33560576,
30,2026-10-08T22:55:03.064982+00:00,30.001728331999402,1565,1791492204.1,descendente,1.0007211819993245,9.99279337729347,4.996396688646735,45862912,282861568,32075776,33325056,
31,2026-10-08T22:55:04.064293+00:00,31.000945658999626,1562,1791492204.01,principal,0.9993271980001737,0.0,0.0,24215552,32919552,14024704,14648320,
31,2026-10-08T22:55:04.064293+00:00,31.000945658999626,1563,1791492204.1,descendente,0.9990513390002889,0.0,0.0,11202560,19447808,5017600,5362688,
31,2026-10-08T22:55:04.064293+00:00,31.000945658999626,1564,1791492204.1,descendente,0.9989811399991595,1.0010198991350752,0.5005099495675376,46317568,282865664,32202752,33560576,
31,2026-10-08T22:55:04.064293+00:00,31.000945658999626,1565,1791492204.1,descendente,0.9992064609996305,9.007147522841798,4.503573761420899,45862912,282861568,32075776,33325056,
32,2026-10-08T22:55:05.065692+00:00,32.00172680600008,1562,1791492204.01,principal,1.0013905999985582,0.0,0.0,24215552,32919552,14024704,14648320,
32,2026-10-08T22:55:05.065692+00:00,32.00172680600008,1563,1791492204.1,descendente,1.00135188600143,0.0,0.0,11202560,19447808,5017600,5362688,
32,2026-10-08T22:55:05.065692+00:00,32.00172680600008,1564,1791492204.1,descendente,1.0013645630006067,9.986372964941923,4.9931864824709615,46317568,282865664,32202752,33560576,
32,2026-10-08T22:55:05.065692+00:00,32.00172680600008,1565,1791492204.1,descendente,1.0010471109999344,1.9979079685888361,0.9989539842944181,45862912,282861568,32075776,33325056,
33,2026-10-08T22:55:06.064742+00:00,33.00136822700006,1562,1791492204.01,principal,0.999044877000415,1.0009560361317504,0.5004780180658752,24215552,32919552,14024704,14648320,
33,2026-10-08T22:55:06.064742+00:00,33.00136822700006,1563,1791492204.1,descendente,0.9993010769994726,0.0,0.0,11202560,19447808,5017600,5362688,
33,2026-10-08T22:55:06.064742+00:00,33.00136822700006,1564,1791492204.1,descendente,0.9993373849993077,1.0006630543502522,0.5003315271751261,46317568,282865664,32202752,33560576,
33,2026-10-08T22:55:06.064742+00:00,33.00136822700006,1565,1791492204.1,descendente,0.9993557850011712,2.0012892605589596,1.0006446302794798,45862912,282861568,32075776,33325056,
34,2026-10-08T22:55:07.063913+00:00,34.0005576450003,1562,1791492204.01,principal,0.9991726320004091,0.0,0.0,24215552,32919552,14024704,14648320,
34,2026-10-08T22:55:07.063913+00:00,34.0005576450003,1563,1791492204.1,descendente,0.99924773299972,0.0,0.0,11202560,19447808,5017600,5362688,
34,2026-10-08T22:55:07.063913+00:00,34.0005576450003,1564,1791492204.1,descendente,0.9992358060007973,0.0,0.0,46317568,282865664,32202752,33560576,
34,2026-10-08T22:55:07.063913+00:00,34.0005576450003,1565,1791492204.1,descendente,0.9992421359984291,0.0,0.0,45862912,282861568,32075776,33325056,
35,2026-10-08T22:55:08.065074+00:00,35.00174011499985,1562,1791492204.01,principal,1.001158946999567,0.0,0.0,24215552,32919552,14024704,14648320,
35,2026-10-08T22:55:08.065074+00:00,35.00174011499985,1563,1791492204.1,descendente,1.0008293009996123,0.0,0.0,11202560,19447808,5017600,5362688,
35,2026-10-08T22:55:08.065074+00:00,35.00174011499985,1564,1791492204.1,descendente,1.0008063229997788,8.992748939699027,4.496374469849513,46317568,282865664,32202752,33560576,
35,2026-10-08T22:55:08.065074+00:00,35.00174011499985,1565,1791492204.1,descendente,1.0007844390001992,1.9984323517236502,0.9992161758618251,45862912,282861568,32075776,33325056,
36,2026-10-08T22:55:09.066702+00:00,36.00290092499927,1562,1791492204.01,principal,1.0016326240001945,0.0,0.0,24215552,32919552,14024704,14648320,
36,2026-10-08T22:55:09.066702+00:00,36.00290092499927,1563,1791492204.1,descendente,1.0017537109997647,0.0,0.0,11202560,19447808,5017600,5362688,
36,2026-10-08T22:55:09.066702+00:00,36.00290092499927,1564,1791492204.1,descendente,1.001774870999725,6.98759791510242,3.49379895755121,46317568,282865664,32202752,33560576,
36,2026-10-08T22:55:09.066702+00:00,36.00290092499927,1565,1791492204.1,descendente,1.0018463350006641,4.990785338348721,2.4953926691743606,45862912,282861568,32075776,33325056,
37,2026-10-08T22:55:10.065184+00:00,37.00162805800028,1562,1791492204.01,principal,0.9984803890001785,0.0,0.0,24215552,32919552,14024704,14648320,
37,2026-10-08T22:55:10.065184+00:00,37.00162805800028,1563,1791492204.1,descendente,0.9983542440004385,0.0,0.0,11202560,19447808,5017600,5362688,
37,2026-10-08T22:55:10.065184+00:00,37.00162805800028,1564,1791492204.1,descendente,0.998330791000626,6.010031999500319,3.0050159997501593,46317568,282865664,32202752,33560576,
37,2026-10-08T22:55:10.065184+00:00,37.00162805800028,1565,1791492204.1,descendente,0.9982542050001939,9.015739633171485,4.5078698165857425,45862912,282861568,32075776,33325056,
38,2026-10-08T22:55:11.064847+00:00,38.001449105000574,1562,1791492204.01,principal,0.9996590999999171,0.0,0.0,24215552,32919552,14024704,14648320,
38,2026-10-08T22:55:11.064847+00:00,38.001449105000574,1563,1791492204.1,descendente,0.9996921950005344,0.0,0.0,11202560,19447808,5017600,5362688,
38,2026-10-08T22:55:11.064847+00:00,38.001449105000574,1564,1791492204.1,descendente,0.9996888059995399,2.0006225817445813,1.0003112908722906,46317568,282865664,32202752,33560576,
38,2026-10-08T22:55:11.064847+00:00,38.001449105000574,1565,1791492204.1,descendente,0.9997440329989331,9.00230429283287,4.501152146416435,45862912,282861568,32075776,33325056,
39,2026-10-08T22:55:12.065367+00:00,39.00163603600049,1562,1791492204.01,principal,1.000518741999258,0.9994815269544648,0.4997407634772324,24215552,32919552,14024704,14648320,
39,2026-10-08T22:55:12.065367+00:00,39.00163603600049,1563,1791492204.1,descendente,1.0005488120004884,0.0,0.0,11202560,19447808,5017600,5362688,
39,2026-10-08T22:55:12.065367+00:00,39.00163603600049,1564,1791492204.1,descendente,1.0005645729997923,6.996050218941223,3.4980251094706114,46317568,282865664,32202752,33560576,
39,2026-10-08T22:55:12.065367+00:00,39.00163603600049,1565,1791492204.1,descendente,1.000559105999855,1.998882412849573,0.9994412064247865,45862912,282861568,32075776,33325056,
40,2026-10-08T22:55:13.065405+00:00,40.001554078999106,1562,1791492204.01,principal,1.000043956000809,0.0,0.0,24215552,32919552,14024704,14648320,
40,2026-10-08T22:55:13.065405+00:00,40.001554078999106,1563,1791492204.1,descendente,0.9999876909987506,0.0,0.0,11202560,19447808,5017600,5362688,
40,2026-10-08T22:55:13.065405+00:00,40.001554078999106,1564,1791492204.1,descendente,0.999980325001161,12.000236104631526,6.000118052315763,46317568,282865664,32202752,33560576,
40,2026-10-08T22:55:13.065405+00:00,40.001554078999106,1565,1791492204.1,descendente,1.0001260140015802,0.9998740018757488,0.4999370009378744,45862912,282861568,32075776,33325056,
41,2026-10-08T22:55:14.067991+00:00,41.00466600599975,1562,1791492204.01,principal,1.0025828600009845,0.0,0.0,24215552,32919552,14024704,14648320,
41,2026-10-08T22:55:14.067991+00:00,41.00466600599975,1563,1791492204.1,descendente,1.0026279390003765,0.0,0.0,11202560,19447808,5017600,5362688,
41,2026-10-08T22:55:14.067991+00:00,41.00466600599975,1564,1791492204.1,descendente,1.0026215169982606,7.979082699073327,3.9895413495366636,46317568,282865664,32202752,33560576,
41,2026-10-08T22:55:14.067991+00:00,41.00466600599975,1565,1791492204.1,descendente,1.0024261729995487,1.9951593981387523,0.9975796990693762,45862912,282861568,32075776,33325056,
42,2026-10-08T22:55:15.073048+00:00,42.00974894299907,1562,1791492204.01,principal,1.0050569319992064,0.0,0.0,24215552,32919552,14024704,14648320,
42,2026-10-08T22:55:15.073048+00:00,42.00974894299907,1563,1791492204.1,descendente,1.0050045640000462,0.0,0.0,11202560,19447808,5017600,5362688,
42,2026-10-08T22:55:15.073048+00:00,42.00974894299907,1564,1791492204.1,descendente,1.005001016001188,6.965167087942635,3.4825835439713173,46317568,282865664,32202752,33560576,
42,2026-10-08T22:55:15.073048+00:00,42.00974894299907,1565,1791492204.1,descendente,1.0049994549990515,1.9900508304277638,0.9950254152138819,45862912,282861568,32075776,33325056,
43,2026-10-08T22:55:16.067064+00:00,43.00375172299937,1562,1791492204.01,principal,0.9940367399995012,0.0,0.0,24215552,32919552,14024704,14648320,
43,2026-10-08T22:55:16.067064+00:00,43.00375172299937,1563,1791492204.1,descendente,0.9940441309991002,0.0,0.0,11202560,19447808,5017600,5362688,
43,2026-10-08T22:55:16.067064+00:00,43.00375172299937,1564,1791492204.1,descendente,0.9943683259989484,0.0,0.0,46317568,282865664,32202752,33560576,
43,2026-10-08T22:55:16.067064+00:00,43.00375172299937,1565,1791492204.1,descendente,0.9943797750001977,11.062171895036538,5.531085947518269,45862912,282861568,32075776,33325056,
44,2026-10-08T22:55:17.070148+00:00,44.00682861799942,1562,1791492204.01,principal,1.0030617840002378,0.0,0.0,24215552,32919552,14024704,14648320,
44,2026-10-08T22:55:17.070148+00:00,44.00682861799942,1563,1791492204.1,descendente,1.0030661010005133,0.0,0.0,11202560,19447808,5017600,5362688,
44,2026-10-08T22:55:17.070148+00:00,44.00682861799942,1564,1791492204.1,descendente,1.0027460410001368,7.978091832724667,3.9890459163623335,46317568,282865664,32202752,33560576,
44,2026-10-08T22:55:17.070148+00:00,44.00682861799942,1565,1791492204.1,descendente,1.002740851001363,2.9917999221875085,1.4958999610937542,45862912,282861568,32075776,33325056,
45,2026-10-08T22:55:18.065925+00:00,45.00250493599924,1562,1791492204.01,principal,0.9960082479992707,0.0,0.0,24215552,32919552,14024704,14648320,
45,2026-10-08T22:55:18.065925+00:00,45.00250493599924,1563,1791492204.1,descendente,0.996008358999461,0.0,0.0,11202560,19447808,5017600,5362688,
45,2026-10-08T22:55:18.065925+00:00,45.00250493599924,1564,1791492204.1,descendente,0.9960548580002069,4.015843071164544,2.007921535582272,46317568,282865664,32202752,33560576,
45,2026-10-08T22:55:18.065925+00:00,45.00250493599924,1565,1791492204.1,descendente,0.9960665099988546,6.023694140671807,3.0118470703359037,45862912,282861568,32075776,33325056,
46,2026-10-08T22:55:19.065068+00:00,46.001512635000836,1562,1791492204.01,principal,0.9989135400010127,0.0,0.0,24215552,32919552,14024704,14648320,
46,2026-10-08T22:55:19.065068+00:00,46.001512635000836,1563,1791492204.1,descendente,0.9989071620002505,0.0,0.0,11202560,19447808,5017600,5362688,
46,2026-10-08T22:55:19.065068+00:00,46.001512635000836,1564,1791492204.1,descendente,0.9988595140002872,11.012559670124723,5.506279835062362,46317568,282865664,32202752,33560576,
46,2026-10-08T22:55:19.065068+00:00,46.001512635000836,1565,1791492204.1,descendente,0.9988442360008776,1.0011571013357012,0.5005785506678506,45862912,282861568,32075776,33325056,
47,2026-10-08T22:55:20.070838+00:00,47.00740348600084,1562,1791492204.01,principal,1.00577283200073,0.0,0.0,24215552,32919552,14024704,14648320,
47,2026-10-08T22:55:20.070838+00:00,47.00740348600084,1563,1791492204.1,descendente,1.0057681260004756,0.0,0.0,11202560,19447808,5017600,5362688,
47,2026-10-08T22:55:20.070838+00:00,47.00740348600084,1564,1791492204.1,descendente,1.0057682450005814,6.959853857780112,3.479926928890056,46317568,282865664,32202752,33560576,
47,2026-10-08T22:55:20.070838+00:00,47.00740348600084,1565,1791492204.1,descendente,1.0058241539991286,4.971047851773947,2.4855239258869735,45862912,282861568,32075776,33325056,
48,2026-10-08T22:55:21.065216+00:00,48.00082630199904,1562,1791492204.01,principal,0.9943746239987377,0.0,0.0,24215552,32919552,14024704,14648320,
48,2026-10-08T22:55:21.065216+00:00,48.00082630199904,1563,1791492204.1,descendente,0.9945073159997264,0.0,0.0,11202560,19447808,5017600,5362688,
48,2026-10-08T22:55:21.065216+00:00,48.00082630199904,1564,1791492204.1,descendente,0.9945175369994104,4.022050744392541,2.0110253721962703,46317568,282865664,32202752,33560576,
48,2026-10-08T22:55:21.065216+00:00,48.00082630199904,1565,1791492204.1,descendente,0.9947877340000559,6.031437456384932,3.015718728192466,45862912,282861568,32075776,33325056,
49,2026-10-08T22:55:22.066418+00:00,49.003091517999565,1562,1791492204.01,principal,1.0011993179996352,0.0,0.0,24215552,32919552,14024704,14648320,
49,2026-10-08T22:55:22.066418+00:00,49.003091517999565,1563,1791492204.1,descendente,1.0010592990001896,0.0,0.0,11202560,19447808,5017600,5362688,
49,2026-10-08T22:55:22.066418+00:00,49.003091517999565,1564,1791492204.1,descendente,1.0010798280000017,0.0,0.0,46317568,282865664,32202752,33560576,
49,2026-10-08T22:55:22.066418+00:00,49.003091517999565,1565,1791492204.1,descendente,1.001172492000478,11.98594657352413,5.992973286762065,45862912,282861568,32075776,33325056,
50,2026-10-08T22:55:23.065489+00:00,50.00208941799974,1562,1791492204.01,principal,0.9990740420016664,0.0,0.0,24215552,32919552,14024704,14648320,
50,2026-10-08T22:55:23.065489+00:00,50.00208941799974,1563,1791492204.1,descendente,0.9991182570011006,0.0,0.0,11202560,19447808,5017600,5362688,
50,2026-10-08T22:55:23.065489+00:00,50.00208941799974,1564,1791492204.1,descendente,0.999091022000357,8.007278439939105,4.0036392199695525,46317568,282865664,32202752,33560576,
50,2026-10-08T22:55:23.065489+00:00,50.00208941799974,1565,1791492204.1,descendente,0.9987065389996133,3.003885408625802,1.501942704312901,45862912,282861568,32075776,33325056,
51,2026-10-08T22:55:24.070128+00:00,51.00680215600005,1562,1791492204.01,principal,1.0046387539987336,0.0,0.0,24215552,32919552,14024704,14648320,
51,2026-10-08T22:55:24.070128+00:00,51.00680215600005,1563,1791492204.1,descendente,1.0046039059998293,0.0,0.0,11202560,19447808,5017600,5362688,
51,2026-10-08T22:55:24.070128+00:00,51.00680215600005,1564,1791492204.1,descendente,1.0046007050004846,6.967942551858604,3.483971275929302,46317568,282865664,32202752,33560576,
51,2026-10-08T22:55:24.070128+00:00,51.00680215600005,1565,1791492204.1,descendente,1.004576134000672,4.977223558046792,2.488611779023396,45862912,282861568,32075776,33325056,
52,2026-10-08T22:55:25.065263+00:00,52.00205951299904,1562,1791492204.01,principal,0.9951310890010063,0.0,0.0,24215552,32919552,14024704,14648320,
52,2026-10-08T22:55:25.065263+00:00,52.00205951299904,1563,1791492204.1,descendente,0.9953090499984683,0.0,0.0,11202560,19447808,5017600,5362688,
52,2026-10-08T22:55:25.065263+00:00,52.00205951299904,1564,1791492204.1,descendente,0.9953017399984674,1.0047204378456536,0.5023602189228268,46317568,282865664,32202752,33560576,
52,2026-10-08T22:55:25.065263+00:00,52.00205951299904,1565,1791492204.1,descendente,0.9952770979998604,10.047453136514898,5.023726568257449,45862912,282861568,32075776,33325056,
53,2026-10-08T22:55:26.064486+00:00,53.001222733999384,1562,1791492204.01,principal,0.9992246579986386,0.0,0.0,24215552,32919552,14024704,14648320,
53,2026-10-08T22:55:26.064486+00:00,53.001222733999384,1563,1791492204.1,descendente,0.9990395930017257,0.0,0.0,11202560,19447808,5017600,5362688,
53,2026-10-08T22:55:26.064486+00:00,53.001222733999384,1564,1791492204.1,descendente,0.9990399460002664,2.001921953178261,1.0009609765891305,46317568,282865664,32202752,33560576,
53,2026-10-08T22:55:26.064486+00:00,53.001222733999384,1565,1791492204.1,descendente,0.9990426690001186,8.00766598688577,4.003832993442885,45862912,282861568,32075776,33325056,
54,2026-10-08T22:55:27.064513+00:00,54.000814580000224,1562,1791492204.01,principal,1.0000271790013358,0.0,0.0,24215552,32919552,14024704,14648320,
54,2026-10-08T22:55:27.064513+00:00,54.000814580000224,1563,1791492204.1,descendente,1.000042872999984,0.0,0.0,11202560,19447808,5017600,5362688,
54,2026-10-08T22:55:27.064513+00:00,54.000814580000224,1564,1791492204.1,descendente,1.0000494460000482,6.999653895113194,3.499826947556597,46317568,282865664,32202752,33560576,
54,2026-10-08T22:55:27.064513+00:00,54.000814580000224,1565,1791492204.1,descendente,1.0000709619998815,0.9999290430351677,0.49996452151758386,45862912,282861568,32075776,33325056,
55,2026-10-08T22:55:28.069972+00:00,55.00666344199999,1562,1791492204.01,principal,1.0054615369990643,0.0,0.0,24215552,32919552,14024704,14648320,
55,2026-10-08T22:55:28.069972+00:00,55.00666344199999,1563,1791492204.1,descendente,1.0054521199999726,0.0,0.0,11202560,19447808,5017600,5362688,
55,2026-10-08T22:55:28.069972+00:00,55.00666344199999,1564,1791492204.1,descendente,1.0054519540008187,11.934931303529968,5.967465651764984,46317568,282865664,32202752,33560576,
55,2026-10-08T22:55:28.069972+00:00,55.00666344199999,1565,1791492204.1,descendente,1.005440486000225,0.0,0.0,45862912,282861568,32075776,33325056,
56,2026-10-08T22:55:29.066604+00:00,56.00330188400039,1562,1791492204.01,principal,0.9966290370011848,1.003382364825469,0.5016911824127345,24215552,32919552,14024704,14648320,
56,2026-10-08T22:55:29.066604+00:00,56.00330188400039,1563,1791492204.1,descendente,0.9966190669983916,0.0,0.0,11202560,19447808,5017600,5362688,
56,2026-10-08T22:55:29.066604+00:00,56.00330188400039,1564,1791492204.1,descendente,0.9966427119998116,11.0370545708685,5.51852728543425,46317568,282865664,32215040,33572864,
56,2026-10-08T22:55:29.066604+00:00,56.00330188400039,1565,1791492204.1,descendente,0.9966395939991344,0.0,0.0,45862912,282861568,32075776,33325056,
57,2026-10-08T22:55:30.063666+00:00,57.00034268200034,1562,1791492204.01,principal,0.9970625299993117,0.0,0.0,24215552,32919552,14024704,14648320,
57,2026-10-08T22:55:30.063666+00:00,57.00034268200034,1563,1791492204.1,descendente,0.9970530139999028,0.0,0.0,11202560,19447808,5017600,5362688,
57,2026-10-08T22:55:30.063666+00:00,57.00034268200034,1564,1791492204.1,descendente,0.997020060000068,5.014944232917169,2.5074721164585845,46317568,282865664,32231424,33589248,
57,2026-10-08T22:55:30.063666+00:00,57.00034268200034,1565,1791492204.1,descendente,0.9970039470008487,4.012020225229079,2.0060101126145393,45862912,282861568,32075776,33325056,
58,2026-10-08T22:55:31.067794+00:00,58.00403318499957,1562,1791492204.01,principal,1.0041296140007034,0.0,0.0,24215552,32919552,14024704,14648320,
58,2026-10-08T22:55:31.067794+00:00,58.00403318499957,1563,1791492204.1,descendente,1.0044086540001445,0.0,0.0,11202560,19447808,5017600,5362688,
58,2026-10-08T22:55:31.067794+00:00,58.00403318499957,1564,1791492204.1,descendente,1.0044197699990036,0.0,0.0,46317568,282865664,32231424,33589248,
58,2026-10-08T22:55:31.067794+00:00,58.00403318499957,1565,1791492204.1,descendente,1.004479053999603,11.946491021608189,5.9732455108040945,45862912,282861568,32075776,33325056,
59,2026-10-08T22:55:32.072144+00:00,59.008841475000736,1562,1791492204.01,principal,1.0043502099997568,0.0,0.0,24215552,32919552,14024704,14648320,
59,2026-10-08T22:55:32.072144+00:00,59.008841475000736,1563,1791492204.1,descendente,1.0041380890015716,0.0,0.0,11202560,19447808,5017600,5362688,
59,2026-10-08T22:55:32.072144+00:00,59.008841475000736,1564,1791492204.1,descendente,1.0041380200000276,1.9917580652905689,0.9958790326452844,46317568,282865664,32239616,33597440,
59,2026-10-08T22:55:32.072144+00:00,59.008841475000736,1565,1791492204.1,descendente,1.0041056059999391,5.975467086476838,2.987733543238419,45862912,282861568,32075776,33325056,
60,2026-10-08T22:55:33.065068+00:00,60.00131291899925,1562,1791492204.01,principal,0.99292545499884,0.0,0.0,24215552,32919552,14024704,14648320,
60,2026-10-08T22:55:33.065068+00:00,60.00131291899925,1563,1791492204.1,descendente,0.9929233389993897,0.0,0.0,11202560,19447808,5017600,5362688,
60,2026-10-08T22:55:33.065068+00:00,60.00131291899925,1564,1791492204.1,descendente,0.9930526990010549,6.0419754218839286,3.0209877109419643,46317568,282865664,32239616,33597440,
60,2026-10-08T22:55:33.065068+00:00,60.00131291899925,1565,1791492204.1,descendente,0.9931517549994169,4.027581867388407,2.0137909336942035,45862912,282861568,32075776,33325056,
61,2026-10-08T22:55:34.064012+00:00,61.00068901399936,1562,1791492204.01,principal,0.9989418189998105,0.0,0.0,24215552,32919552,14024704,14648320,
61,2026-10-08T22:55:34.064012+00:00,61.00068901399936,1563,1791492204.1,descendente,0.9988962429997628,0.0,0.0,11202560,19447808,5017600,5362688,
61,2026-10-08T22:55:34.064012+00:00,61.00068901399936,1564,1791492204.1,descendente,0.9990349349991448,11.010625969760868,5.505312984880434,46317568,282865664,32239616,33597440,
61,2026-10-08T22:55:34.064012+00:00,61.00068901399936,1565,1791492204.1,descendente,0.9989448630003608,0.0,0.0,45862912,282861568,32075776,33325056,
62,2026-10-08T22:55:35.070415+00:00,62.007110545000614,1562,1791492204.01,principal,1.0064024750008684,0.0,0.0,24215552,32919552,14024704,14648320,
62,2026-10-08T22:55:35.070415+00:00,62.007110545000614,1563,1791492204.1,descendente,1.0063948379993235,0.0,0.0,11202560,19447808,5017600,5362688,
62,2026-10-08T22:55:35.070415+00:00,62.007110545000614,1564,1791492204.1,descendente,1.00611894100075,8.945264454566034,4.472632227283017,46317568,282865664,32239616,33597440,
62,2026-10-08T22:55:35.070415+00:00,62.007110545000614,1565,1791492204.1,descendente,1.0064922839992505,2.980648781607189,1.4903243908035946,45862912,282861568,32075776,33325056,
63,2026-10-08T22:55:36.066784+00:00,63.003464662000624,1562,1791492204.01,principal,0.9963690299991868,0.0,0.0,24215552,32919552,14024704,14648320,
63,2026-10-08T22:55:36.066784+00:00,63.003464662000624,1563,1791492204.1,descendente,0.99641039800008,0.0,0.0,11202560,19447808,5017600,5362688,
63,2026-10-08T22:55:36.066784+00:00,63.003464662000624,1564,1791492204.1,descendente,0.9964147669998056,6.021588798875557,3.0107943994377786,46317568,282865664,32239616,33597440,
63,2026-10-08T22:55:36.066784+00:00,63.003464662000624,1565,1791492204.1,descendente,0.9960224430014932,6.023960646829755,3.0119803234148774,45862912,282861568,32075776,33325056,
64,2026-10-08T22:55:37.065136+00:00,64.00184476200047,1562,1791492204.01,principal,0.9983515880012419,0.0,0.0,24215552,32919552,14024704,14648320,
64,2026-10-08T22:55:37.065136+00:00,64.00184476200047,1563,1791492204.1,descendente,0.9986108610009978,0.0,0.0,11202560,19447808,5017600,5362688,
64,2026-10-08T22:55:37.065136+00:00,64.00184476200047,1564,1791492204.1,descendente,0.9986172440003429,9.012462035952236,4.506231017976118,46317568,282865664,32247808,33605632,
64,2026-10-08T22:55:37.065136+00:00,64.00184476200047,1565,1791492204.1,descendente,0.9986295409999002,3.004117019206438,1.502058509603219,45862912,282861568,32075776,33325056,
65,2026-10-08T22:55:38.073238+00:00,65.00986628499959,1562,1791492204.01,principal,1.0081033449987444,0.0,0.0,24215552,32919552,14024704,14648320,
65,2026-10-08T22:55:38.073238+00:00,65.00986628499959,1563,1791492204.1,descendente,1.0078183000005083,0.0,0.0,11202560,19447808,5017600,5362688,
65,2026-10-08T22:55:38.073238+00:00,65.00986628499959,1564,1791492204.1,descendente,1.0078181159988162,7.937940262237979,3.9689701311189896,46317568,282865664,32247808,33605632,
65,2026-10-08T22:55:38.073238+00:00,65.00986628499959,1565,1791492204.1,descendente,1.0078154319999157,0.0,0.0,45862912,282861568,32075776,33325056,
66,2026-10-08T22:55:39.067519+00:00,66.00409427299928,1562,1791492204.01,principal,0.9942827129998477,0.0,0.0,24215552,32919552,14024704,14648320,
66,2026-10-08T22:55:39.067519+00:00,66.00409427299928,1563,1791492204.1,descendente,0.9943011609993846,0.0,0.0,11202560,19447808,5017600,5362688,
66,2026-10-08T22:55:39.067519+00:00,66.00409427299928,1564,1791492204.1,descendente,0.994349680000596,10.05682427533355,5.028412137666775,46317568,282865664,32247808,33605632,
66,2026-10-08T22:55:39.067519+00:00,66.00409427299928,1565,1791492204.1,descendente,0.9943629689987574,2.0113379745159246,1.0056689872579623,45862912,282861568,32075776,33325056,
67,2026-10-08T22:55:40.063813+00:00,67.00052847599909,1562,1791492204.01,principal,0.9962864100016304,0.0,0.0,24215552,32919552,14024704,14648320,
67,2026-10-08T22:55:40.063813+00:00,67.00052847599909,1563,1791492204.1,descendente,0.9962600969993218,0.0,0.0,11202560,19447808,5017600,5362688,
67,2026-10-08T22:55:40.063813+00:00,67.00052847599909,1564,1791492204.1,descendente,0.9962066410007537,7.026654623550871,3.5133273117754356,46317568,282865664,32247808,33605632,
67,2026-10-08T22:55:40.063813+00:00,67.00052847599909,1565,1791492204.1,descendente,0.9965665840009024,4.01378097983366,2.00689048991683,45862912,282861568,32075776,33325056,
68,2026-10-08T22:55:41.069318+00:00,68.0059456759991,1562,1791492204.01,principal,1.0055106169984356,0.0,0.0,24215552,32919552,14024704,14648320,
68,2026-10-08T22:55:41.069318+00:00,68.0059456759991,1563,1791492204.1,descendente,1.0055143589997897,0.0,0.0,11202560,19447808,5017600,5362688,
68,2026-10-08T22:55:41.069318+00:00,68.0059456759991,1564,1791492204.1,descendente,1.0055157339993457,5.967087134614775,2.9835435673073873,46317568,282865664,32247808,33605632,
68,2026-10-08T22:55:41.069318+00:00,68.0059456759991,1565,1791492204.1,descendente,1.0051346899999771,3.9795661614265905,1.9897830807132952,45862912,282861568,32075776,33325056,
69,2026-10-08T22:55:42.065571+00:00,69.00221655399946,1562,1791492204.01,principal,0.9962555729998712,0.0,0.0,24215552,32919552,14024704,14648320,
69,2026-10-08T22:55:42.065571+00:00,69.00221655399946,1563,1791492204.1,descendente,0.9962577980004426,0.0,0.0,11202560,19447808,5017600,5362688,
69,2026-10-08T22:55:42.065571+00:00,69.00221655399946,1564,1791492204.1,descendente,0.9962599989994487,9.03378637006243,4.516893185031215,46317568,282865664,32247808,33605632,
69,2026-10-08T22:55:42.065571+00:00,69.00221655399946,1565,1791492204.1,descendente,0.996553364000647,0.0,0.0,45862912,282861568,32075776,33325056,
70,2026-10-08T22:55:43.065419+00:00,70.00189033300012,1562,1791492204.01,principal,0.9998453290008911,1.0001546949259064,0.5000773474629532,24215552,32919552,14024704,14648320,
70,2026-10-08T22:55:43.065419+00:00,70.00189033300012,1563,1791492204.1,descendente,0.9998392720008269,0.0,0.0,11202560,19447808,5017600,5362688,
70,2026-10-08T22:55:43.065419+00:00,70.00189033300012,1564,1791492204.1,descendente,0.9998295069999585,9.001534698655382,4.500767349327691,46317568,282865664,32247808,33605632,
70,2026-10-08T22:55:43.065419+00:00,70.00189033300012,1565,1791492204.1,descendente,0.9995354449984006,3.001394312739869,1.5006971563699345,45862912,282861568,32075776,33325056,
71,2026-10-08T22:55:44.063625+00:00,71.00018845900013,1562,1791492204.01,principal,0.9984443749999627,0.0,0.0,24215552,32919552,14024704,14648320,
71,2026-10-08T22:55:44.063625+00:00,71.00018845900013,1563,1791492204.1,descendente,0.9984577549985261,0.0,0.0,11202560,19447808,5017600,5362688,
71,2026-10-08T22:55:44.063625+00:00,71.00018845900013,1564,1791492204.1,descendente,0.9985067830002663,6.0089727001870825,3.0044863500935413,46317568,282865664,32247808,33605632,
71,2026-10-08T22:55:44.063625+00:00,71.00018845900013,1565,1791492204.1,descendente,0.9985264360002475,4.005902954379991,2.0029514771899954,45862912,282861568,32075776,33325056,
72,2026-10-08T22:55:45.070632+00:00,72.00548001300012,1562,1791492204.01,principal,1.006777950000469,0.0,0.0,24215552,32919552,14024704,14648320,
72,2026-10-08T22:55:45.070632+00:00,72.00548001300012,1563,1791492204.1,descendente,1.0068392700013646,0.0,0.0,11202560,19447808,5017600,5362688,
72,2026-10-08T22:55:45.070632+00:00,72.00548001300012,1564,1791492204.1,descendente,1.006824972000686,2.9796638774649593,1.4898319387324797,46317568,282865664,32247808,33605632,
72,2026-10-08T22:55:45.070632+00:00,72.00548001300012,1565,1791492204.1,descendente,1.0077384249998431,7.938567987026072,3.969283993513036,45862912,282861568,32075776,33325056,
73,2026-10-08T22:55:46.063927+00:00,73.00059540099937,1562,1791492204.01,principal,0.9932874639998772,0.0,0.0,24215552,32919552,14024704,14648320,
73,2026-10-08T22:55:46.063927+00:00,73.00059540099937,1563,1791492204.1,descendente,0.9934665009986929,0.0,0.0,11202560,19447808,5017600,5362688,
73,2026-10-08T22:55:46.063927+00:00,73.00059540099937,1564,1791492204.1,descendente,0.9934493429991562,4.026375404229657,2.0131877021148283,46317568,282865664,32247808,33605632,
73,2026-10-08T22:55:46.063927+00:00,73.00059540099937,1565,1791492204.1,descendente,0.9925256750011613,8.060244889877,4.0301224449385,45862912,282861568,32075776,33325056,
74,2026-10-08T22:55:47.064883+00:00,74.0013016869998,1562,1791492204.01,principal,1.0009587450003892,0.0,0.0,24215552,32919552,14024704,14648320,
74,2026-10-08T22:55:47.064883+00:00,74.0013016869998,1563,1791492204.1,descendente,1.000709261999873,0.0,0.0,11202560,19447808,5017600,5362688,
74,2026-10-08T22:55:47.064883+00:00,74.0013016869998,1564,1791492204.1,descendente,1.0006987270007812,0.0,0.0,46317568,282865664,32247808,33605632,
74,2026-10-08T22:55:47.064883+00:00,74.0013016869998,1565,1791492204.1,descendente,1.0009664199988038,9.99034513067091,4.995172565335455,45862912,282861568,32075776,33325056,
75,2026-10-08T22:55:48.065277+00:00,75.00198041499971,1562,1791492204.01,principal,1.0003900979991158,0.0,0.0,24215552,32919552,14024704,14648320,
75,2026-10-08T22:55:48.065277+00:00,75.00198041499971,1563,1791492204.1,descendente,1.000382725000236,0.0,0.0,11202560,19447808,5017600,5362688,
75,2026-10-08T22:55:48.065277+00:00,75.00198041499971,1564,1791492204.1,descendente,1.0003811120004684,4.998095165953198,2.499047582976599,46317568,282865664,32247808,33605632,
75,2026-10-08T22:55:48.065277+00:00,75.00198041499971,1565,1791492204.1,descendente,1.0001026460013236,6.999281551736606,3.499640775868303,45862912,282861568,32075776,33325056,
76,2026-10-08T22:55:49.064850+00:00,76.00125267799922,1562,1791492204.01,principal,0.9995760120000341,0.0,0.0,24215552,32919552,14024704,14648320,
76,2026-10-08T22:55:49.064850+00:00,76.00125267799922,1563,1791492204.1,descendente,0.9995854030003102,0.0,0.0,11202560,19447808,5017600,5362688,
76,2026-10-08T22:55:49.064850+00:00,76.00125267799922,1564,1791492204.1,descendente,0.9995849219994852,10.004152503617478,5.002076251808739,46317568,282865664,32247808,33605632,
76,2026-10-08T22:55:49.064850+00:00,76.00125267799922,1565,1791492204.1,descendente,0.999592534999465,0.0,0.0,45862912,282861568,32075776,33325056,
77,2026-10-08T22:55:50.065331+00:00,77.00192851800057,1562,1791492204.01,principal,1.0005068680002296,0.0,0.0,24215552,32919552,14024704,14648320,
77,2026-10-08T22:55:50.065331+00:00,77.00192851800057,1563,1791492204.1,descendente,1.0005015599999751,0.0,0.0,11202560,19447808,5017600,5362688,
77,2026-10-08T22:55:50.065331+00:00,77.00192851800057,1564,1791492204.1,descendente,1.0005100809994474,9.994901790505462,4.997450895252731,46317568,282865664,32247808,33605632,
77,2026-10-08T22:55:50.065331+00:00,77.00192851800057,1565,1791492204.1,descendente,1.0007821489998605,0.0,0.0,45862912,282861568,32075776,33325056,
78,2026-10-08T22:55:51.065493+00:00,78.00196936700013,1562,1791492204.01,principal,1.0001334339995083,0.0,0.0,24215552,32919552,14024704,14648320,
78,2026-10-08T22:55:51.065493+00:00,78.00196936700013,1563,1791492204.1,descendente,1.000129513000502,0.0,0.0,11202560,19447808,5017600,5362688,
78,2026-10-08T22:55:51.065493+00:00,78.00196936700013,1564,1791492204.1,descendente,1.0001186139998026,10.99869540074585,5.499347700372925,46317568,282865664,32247808,33605632,
78,2026-10-08T22:55:51.065493+00:00,78.00196936700013,1565,1791492204.1,descendente,0.9998387979994732,0.0,0.0,45862912,282861568,32075776,33325056,
79,2026-10-08T22:55:52.066045+00:00,79.00273119399935,1562,1791492204.01,principal,1.0005504470009328,0.0,0.0,24215552,32919552,14024704,14648320,
79,2026-10-08T22:55:52.066045+00:00,79.00273119399935,1563,1791492204.1,descendente,1.0008409160000156,0.0,0.0,11202560,19447808,5017600,5362688,
79,2026-10-08T22:55:52.066045+00:00,79.00273119399935,1564,1791492204.1,descendente,1.0008970620001492,3.9964149679960084,1.9982074839980042,46317568,282865664,32247808,33605632,
79,2026-10-08T22:55:52.066045+00:00,79.00273119399935,1565,1791492204.1,descendente,1.0009219290004694,6.993552441188193,3.4967762205940964,45862912,282861568,32075776,33325056,
80,2026-10-08T22:55:53.064832+00:00,80.00156022699957,1562,1791492204.01,principal,0.9987858530002995,0.0,0.0,24215552,32919552,14024704,14648320,
80,2026-10-08T22:55:53.064832+00:00,80.00156022699957,1563,1791492204.1,descendente,0.9984923800002434,0.0,0.0,11202560,19447808,5017600,5362688,
80,2026-10-08T22:55:53.064832+00:00,80.00156022699957,1564,1791492204.1,descendente,0.9986709860004339,8.010646261026306,4.005323130513153,46317568,282865664,32247808,33605632,
80,2026-10-08T22:55:53.064832+00:00,80.00156022699957,1565,1791492204.1,descendente,0.9986562089998188,3.0040367976129594,1.5020183988064797,45862912,282861568,32075776,33325056,
81,2026-10-08T22:55:54.066058+00:00,81.00181632100066,1562,1791492204.01,principal,1.0012278789999982,0.0,0.0,24215552,32919552,14024704,14648320,
81,2026-10-08T22:55:54.066058+00:00,81.00181632100066,1563,1791492204.1,descendente,1.001226547999977,0.0,0.0,11202560,19447808,5017600,5362688,
81,2026-10-08T22:55:54.066058+00:00,81.00181632100066,1564,1791492204.1,descendente,1.0011197969997738,3.995525822171728,1.997762911085864,46317568,282865664,32247808,33605632,
81,2026-10-08T22:55:54.066058+00:00,81.00181632100066,1565,1791492204.1,descendente,1.0011773860005633,6.991767990249123,3.4958839951245615,45862912,282861568,32075776,33325056,
82,2026-10-08T22:55:55.068842+00:00,82.00541924299978,1562,1791492204.01,principal,1.0027849949983647,0.0,0.0,24215552,32919552,14024704,14648320,
82,2026-10-08T22:55:55.068842+00:00,82.00541924299978,1563,1791492204.1,descendente,1.0028265210003156,0.0,0.0,11202560,19447808,5017600,5362688,
82,2026-10-08T22:55:55.068842+00:00,82.00541924299978,1564,1791492204.1,descendente,1.0026932639993902,13.962395582632109,6.981197791316054,46317568,282865664,32247808,33605632,
82,2026-10-08T22:55:55.068842+00:00,82.00541924299978,1565,1791492204.1,descendente,1.0026693509989855,0.0,0.0,45862912,282861568,32075776,33325056,
83,2026-10-08T22:55:56.064914+00:00,83.00125966800078,1562,1791492204.01,principal,0.9960714210010337,0.0,0.0,24215552,32919552,14024704,14648320,
83,2026-10-08T22:55:56.064914+00:00,83.00125966800078,1563,1791492204.1,descendente,0.9960645109986217,0.0,0.0,11202560,19447808,5017600,5362688,
83,2026-10-08T22:55:56.064914+00:00,83.00125966800078,1564,1791492204.1,descendente,0.9960717160010972,5.019718881360354,2.509859440680177,46317568,282865664,32247808,33605632,
83,2026-10-08T22:55:56.064914+00:00,83.00125966800078,1565,1791492204.1,descendente,0.9960257319999073,5.019950629147181,2.5099753145735906,45862912,282861568,32075776,33325056,
84,2026-10-08T22:55:57.071762+00:00,84.00851118799983,1562,1791492204.01,principal,1.0068450979997579,0.0,0.0,24215552,32919552,14024704,14648320,
84,2026-10-08T22:55:57.071762+00:00,84.00851118799983,1563,1791492204.1,descendente,1.006807536999986,0.0,0.0,11202560,19447808,5017600,5362688,
84,2026-10-08T22:55:57.071762+00:00,84.00851118799983,1564,1791492204.1,descendente,1.0068030530001124,5.95945749481111,2.979728747405555,46317568,282865664,32247808,33605632,
84,2026-10-08T22:55:57.071762+00:00,84.00851118799983,1565,1791492204.1,descendente,1.0068046800006414,3.972965242868524,1.986482621434262,45862912,282861568,32075776,33325056,
85,2026-10-08T22:55:58.065684+00:00,85.00243534199944,1562,1791492204.01,principal,0.9939224419995298,0.0,0.0,24215552,32919552,14024704,14648320,
85,2026-10-08T22:55:58.065684+00:00,85.00243534199944,1563,1791492204.1,descendente,0.9939211630007776,0.0,0.0,11202560,19447808,5017600,5362688,
85,2026-10-08T22:55:58.065684+00:00,85.00243534199944,1564,1791492204.1,descendente,0.9939216419988952,0.0,0.0,46317568,282865664,32247808,33605632,
85,2026-10-08T22:55:58.065684+00:00,85.00243534199944,1565,1791492204.1,descendente,0.9941447670007619,10.058897186743907,5.029448593371954,45862912,282861568,32075776,33325056,
86,2026-10-08T22:55:59.065619+00:00,86.00228800699915,1562,1791492204.01,principal,0.9999380310000561,0.0,0.0,24215552,32919552,14024704,14648320,
86,2026-10-08T22:55:59.065619+00:00,86.00228800699915,1563,1791492204.1,descendente,1.0004634399992938,0.0,0.0,11202560,19447808,5017600,5362688,
86,2026-10-08T22:55:59.065619+00:00,86.00228800699915,1564,1791492204.1,descendente,1.0004907270013064,0.0,0.0,46317568,282865664,32247808,33605632,
86,2026-10-08T22:55:59.065619+00:00,86.00228800699915,1565,1791492204.1,descendente,1.0005366929999582,9.994635948849265,4.997317974424632,45862912,282861568,32075776,33325056,
87,2026-10-08T22:56:00.066159+00:00,87.0026256580004,1562,1791492204.01,principal,1.000540359000297,0.0,0.0,24215552,32919552,14024704,14648320,
87,2026-10-08T22:56:00.066159+00:00,87.0026256580004,1563,1791492204.1,descendente,1.0000275560014416,0.0,0.0,11202560,19447808,5017600,5362688,
87,2026-10-08T22:56:00.066159+00:00,87.0026256580004,1564,1791492204.1,descendente,1.0000081939997472,3.999967224269491,1.9999836121347454,46317568,282865664,32247808,33605632,
87,2026-10-08T22:56:00.066159+00:00,87.0026256580004,1565,1791492204.1,descendente,0.999745654000435,7.001780874955404,3.500890437477702,45862912,282861568,32075776,33325056,
88,2026-10-08T22:56:01.065417+00:00,88.00211174600008,1562,1791492204.01,principal,0.9992552010007785,1.0007453541382165,0.5003726770691083,24215552,32919552,14024704,14648320,
88,2026-10-08T22:56:01.065417+00:00,88.00211174600008,1563,1791492204.1,descendente,0.9992530059989804,0.0,0.0,11202560,19447808,5017600,5362688,
88,2026-10-08T22:56:01.065417+00:00,88.00211174600008,1564,1791492204.1,descendente,0.9992474609989586,5.0037655287121385,2.5018827643560693,46317568,282865664,32247808,33605632,
88,2026-10-08T22:56:01.065417+00:00,88.00211174600008,1565,1791492204.1,descendente,0.999245990999043,4.003018311838036,2.001509155919018,45862912,282861568,32075776,33325056,
89,2026-10-08T22:56:02.064404+00:00,89.00065186000029,1562,1791492204.01,principal,0.9989877899988642,0.0,0.0,24215552,32919552,14024704,14648320,
89,2026-10-08T22:56:02.064404+00:00,89.00065186000029,1563,1791492204.1,descendente,0.9989944450007897,0.0,0.0,11202560,19447808,5017600,5362688,
89,2026-10-08T22:56:02.064404+00:00,89.00065186000029,1564,1791492204.1,descendente,0.9990051430013409,10.009958477247519,5.0049792386237595,46317568,282865664,32247808,33605632,
89,2026-10-08T22:56:02.064404+00:00,89.00065186000029,1565,1791492204.1,descendente,0.9990105020006013,2.0019809561505473,1.0009904780752736,45862912,282861568,32075776,33325056,
90,2026-10-08T22:56:03.066561+00:00,90.00314791799974,1562,1791492204.01,principal,1.0021595199996227,0.0,0.0,24215552,32919552,14024704,14648320,
90,2026-10-08T22:56:03.066561+00:00,90.00314791799974,1563,1791492204.1,descendente,1.0021682829992642,0.0,0.0,11202560,19447808,5017600,5362688,
90,2026-10-08T22:56:03.066561+00:00,90.00314791799974,1564,1791492204.1,descendente,1.0021649720001733,6.984877934846458,3.492438967423229,46317568,282865664,32247808,33605632,
90,2026-10-08T22:56:03.066561+00:00,90.00314791799974,1565,1791492204.1,descendente,1.0024138299995684,0.9975919825457138,0.4987959912728569,45862912,282861568,32075776,33325056,
91,2026-10-08T22:56:04.064575+00:00,91.00126237699988,1562,1791492204.01,principal,0.998012871001265,0.0,0.0,24215552,32919552,14024704,14648320,
91,2026-10-08T22:56:04.064575+00:00,91.00126237699988,1563,1791492204.1,descendente,0.9979974430007132,0.0,0.0,11202560,19447808,5017600,5362688,
91,2026-10-08T22:56:04.064575+00:00,91.00126237699988,1564,1791492204.1,descendente,0.9979923759983649,11.02212828930265,5.511064144651325,46317568,282865664,32247808,33605632,
91,2026-10-08T22:56:04.064575+00:00,91.00126237699988,1565,1791492204.1,descendente,0.9977376560000266,0.0,0.0,45862912,282861568,32075776,33325056,
92,2026-10-08T22:56:05.065159+00:00,92.00160895199951,1562,1791492204.01,principal,1.000585248999414,0.0,0.0,24215552,32919552,14024704,14648320,
92,2026-10-08T22:56:05.065159+00:00,92.00160895199951,1563,1791492204.1,descendente,1.0005897899991396,0.0,0.0,11202560,19447808,5017600,5362688,
92,2026-10-08T22:56:05.065159+00:00,92.00160895199951,1564,1791492204.1,descendente,1.000590972000282,6.995865639289474,3.497932819644737,46317568,282865664,32247808,33605632,
92,2026-10-08T22:56:05.065159+00:00,92.00160895199951,1565,1791492204.1,descendente,1.000595137998971,3.9976208639183177,1.9988104319591589,45862912,282861568,32075776,33325056,
93,2026-10-08T22:56:06.064442+00:00,93.0011342960006,1562,1791492204.01,principal,0.9992798620005487,0.0,0.0,24215552,32919552,14024704,14648320,
93,2026-10-08T22:56:06.064442+00:00,93.0011342960006,1563,1791492204.1,descendente,0.9994636339997669,0.0,0.0,11202560,19447808,5017600,5362688,
93,2026-10-08T22:56:06.064442+00:00,93.0011342960006,1564,1791492204.1,descendente,0.9994619879998936,2.001076603225269,1.0005383016126346,46317568,282865664,32247808,33605632,
93,2026-10-08T22:56:06.064442+00:00,93.0011342960006,1565,1791492204.1,descendente,0.9994479510005476,9.004971185332591,4.502485592666296,45862912,282861568,32075776,33325056,
94,2026-10-08T22:56:07.065273+00:00,94.00129895899954,1562,1791492204.01,principal,1.0008328940002684,0.0,0.0,24215552,32919552,14024704,14618624,
94,2026-10-08T22:56:07.065273+00:00,94.00129895899954,1563,1791492204.1,descendente,1.0006498960010504,0.0,0.0,11202560,19447808,5017600,5341184,
94,2026-10-08T22:56:07.065273+00:00,94.00129895899954,1564,1791492204.1,descendente,1.0006583900012629,0.9993420431914326,0.4996710215957163,46317568,282865664,32247808,33568768,
94,2026-10-08T22:56:07.065273+00:00,94.00129895899954,1565,1791492204.1,descendente,1.0006781499996578,2.9979669287284225,1.4989834643642113,45862912,282861568,32075776,33291264,
95,2026-10-08T22:56:08.068423+00:00,95.00513578500068,1562,1791492204.01,principal,1.003148682999381,0.0,0.0,24215552,32919552,14024704,14648320,
95,2026-10-08T22:56:08.068423+00:00,95.00513578500068,1563,1791492204.1,descendente,1.0031377369996335,0.0,0.0,11202560,19447808,5017600,5362688,
95,2026-10-08T22:56:08.068423+00:00,95.00513578500068,1564,1791492204.1,descendente,1.0031228339994414,0.0,0.0,46317568,282865664,32247808,33605632,
95,2026-10-08T22:56:08.068423+00:00,95.00513578500068,1565,1791492204.1,descendente,1.003103117000137,0.0,0.0,45862912,282861568,32075776,33325056,
96,2026-10-08T22:56:09.072131+00:00,96.00880691800012,1562,1791492204.01,principal,1.0037105760002305,0.0,0.0,24215552,32919552,14024704,14648320,
96,2026-10-08T22:56:09.072131+00:00,96.00880691800012,1563,1791492204.1,descendente,1.003720415999851,0.0,0.0,11202560,19447808,5017600,5362688,
96,2026-10-08T22:56:09.072131+00:00,96.00880691800012,1564,1791492204.1,descendente,1.0037262480000209,0.0,0.0,46317568,282865664,32247808,33605632,
96,2026-10-08T22:56:09.072131+00:00,96.00880691800012,1565,1791492204.1,descendente,1.0037376030013547,0.0,0.0,45862912,282861568,32075776,33325056,
97,2026-10-08T22:56:10.065944+00:00,97.00238179400003,1562,1791492204.01,principal,0.9938146089989459,0.0,0.0,24215552,32919552,14024704,14648320,
97,2026-10-08T22:56:10.065944+00:00,97.00238179400003,1563,1791492204.1,descendente,0.9938155340005324,0.0,0.0,11202560,19447808,5017600,5362688,
97,2026-10-08T22:56:10.065944+00:00,97.00238179400003,1564,1791492204.1,descendente,0.993818769000427,0.0,0.0,46317568,282865664,32247808,33605632,
97,2026-10-08T22:56:10.065944+00:00,97.00238179400003,1565,1791492204.1,descendente,0.9938203689998772,0.0,0.0,45862912,282861568,32075776,33325056,
98,2026-10-08T22:56:11.064545+00:00,98.0012482940001,1562,1791492204.01,principal,0.9985936339999171,0.0,0.0,24215552,32919552,14024704,14637056,
98,2026-10-08T22:56:11.064545+00:00,98.0012482940001,1563,1791492204.1,descendente,0.9985778139998729,0.0,0.0,11202560,19447808,5017600,5360640,
98,2026-10-08T22:56:11.064545+00:00,98.0012482940001,1564,1791492204.1,descendente,0.9985700130000623,0.0,0.0,46317568,282865664,32247808,33588224,
98,2026-10-08T22:56:11.064545+00:00,98.0012482940001,1565,1791492204.1,descendente,0.9985566179984744,0.0,0.0,45862912,282861568,32075776,33310720,
99,2026-10-08T22:56:12.064721+00:00,99.00111654399916,1562,1791492204.01,principal,1.0001802970000426,0.0,0.0,24215552,32919552,14024704,14648320,
99,2026-10-08T22:56:12.064721+00:00,99.00111654399916,1563,1791492204.1,descendente,1.0001934550000442,0.0,0.0,11202560,19447808,5017600,5362688,
99,2026-10-08T22:56:12.064721+00:00,99.00111654399916,1564,1791492204.1,descendente,1.000451947998954,0.9995482561655691,0.49977412808278454,46317568,282865664,32247808,33605632,
99,2026-10-08T22:56:12.064721+00:00,99.00111654399916,1565,1791492204.1,descendente,1.000498465000419,0.0,0.0,45862912,282861568,32075776,33325056,
100,2026-10-08T22:56:13.065951+00:00,100.00234622700009,1562,1791492204.01,principal,1.0012287750014366,0.0,0.0,24215552,32919552,14024704,14648320,
100,2026-10-08T22:56:13.065951+00:00,100.00234622700009,1563,1791492204.1,descendente,1.0012188439995953,0.0,0.0,11202560,19447808,5017600,5362688,
100,2026-10-08T22:56:13.065951+00:00,100.00234622700009,1564,1791492204.1,descendente,1.0009617310006433,0.0,0.0,46317568,282865664,32247808,33605632,
100,2026-10-08T22:56:13.065951+00:00,100.00234622700009,1565,1791492204.1,descendente,1.000919755000723,0.0,0.0,45862912,282861568,32075776,33325056,
101,2026-10-08T22:56:14.068095+00:00,101.0047911620004,1562,1791492204.01,principal,1.0021443400000862,0.0,0.0,24215552,32919552,14024704,14648320,
101,2026-10-08T22:56:14.068095+00:00,101.0047911620004,1563,1791492204.1,descendente,1.0021482779993676,0.0,0.0,11202560,19447808,5017600,5362688,
101,2026-10-08T22:56:14.068095+00:00,101.0047911620004,1564,1791492204.1,descendente,1.0021502599993255,0.0,0.0,46317568,282865664,32247808,33605632,
101,2026-10-08T22:56:14.068095+00:00,101.0047911620004,1565,1791492204.1,descendente,1.0021524179992412,0.9978522049532772,0.4989261024766386,45862912,282861568,32075776,33325056,
102,2026-10-08T22:56:15.065072+00:00,102.0012535700007,1562,1791492204.01,principal,0.9969784719996824,0.0,0.0,24215552,32919552,14024704,14638080,
102,2026-10-08T22:56:15.065072+00:00,102.0012535700007,1563,1791492204.1,descendente,0.9969863679998525,0.0,0.0,11202560,19447808,5017600,5360640,
102,2026-10-08T22:56:15.065072+00:00,102.0012535700007,1564,1791492204.1,descendente,0.9972709120011132,0.0,0.0,46317568,282865664,32247808,33594368,
102,2026-10-08T22:56:15.065072+00:00,102.0012535700007,1565,1791492204.1,descendente,0.9972981419996358,0.0,0.0,45862912,282861568,32075776,33314816,
103,2026-10-08T22:56:16.065376+00:00,103.00183976900007,1562,1791492204.01,principal,1.0003027580005437,0.0,0.0,24215552,32919552,14024704,14648320,
103,2026-10-08T22:56:16.065376+00:00,103.00183976900007,1563,1791492204.1,descendente,1.000293925000733,0.0,0.0,11202560,19447808,5017600,5362688,
103,2026-10-08T22:56:16.065376+00:00,103.00183976900007,1564,1791492204.1,descendente,1.0000058529985836,0.0,0.0,46317568,282865664,32247808,33605632,
103,2026-10-08T22:56:16.065376+00:00,103.00183976900007,1565,1791492204.1,descendente,0.9999753660013084,0.0,0.0,45862912,282861568,32075776,33325056,
104,2026-10-08T22:56:17.068389+00:00,104.00480843100013,1562,1791492204.01,principal,1.0030124400000204,0.0,0.0,24215552,32919552,14024704,14648320,
104,2026-10-08T22:56:17.068389+00:00,104.00480843100013,1563,1791492204.1,descendente,1.0030101150005066,0.0,0.0,11202560,19447808,5017600,5362688,
104,2026-10-08T22:56:17.068389+00:00,104.00480843100013,1564,1791492204.1,descendente,1.0030097870003374,0.0,0.0,46317568,282865664,32247808,33605632,
104,2026-10-08T22:56:17.068389+00:00,104.00480843100013,1565,1791492204.1,descendente,1.003005900000062,0.0,0.0,45862912,282861568,32075776,33325056,
105,2026-10-08T22:56:18.066482+00:00,105.00305646599918,1562,1791492204.01,principal,0.9980934239993076,0.0,0.0,24215552,32919552,14024704,14648320,
105,2026-10-08T22:56:18.066482+00:00,105.00305646599918,1563,1791492204.1,descendente,0.998128203998931,0.0,0.0,11202560,19447808,5017600,5362688,
105,2026-10-08T22:56:18.066482+00:00,105.00305646599918,1564,1791492204.1,descendente,0.9981238079999457,0.0,0.0,46317568,282865664,32247808,33605632,
105,2026-10-08T22:56:18.066482+00:00,105.00305646599918,1565,1791492204.1,descendente,0.9985636549990886,0.0,0.0,45862912,282861568,32075776,33325056,
106,2026-10-08T22:56:19.065345+00:00,106.00170907500069,1562,1791492204.01,principal,0.998864090999632,0.0,0.0,24215552,32919552,14024704,14648320,
106,2026-10-08T22:56:19.065345+00:00,106.00170907500069,1563,1791492204.1,descendente,0.9988372460011306,0.0,0.0,11202560,19447808,5017600,5362688,
106,2026-10-08T22:56:19.065345+00:00,106.00170907500069,1564,1791492204.1,descendente,0.9988516049997997,1.0011497153273348,0.5005748576636674,46317568,282865664,32247808,33605632,
106,2026-10-08T22:56:19.065345+00:00,106.00170907500069,1565,1791492204.1,descendente,0.9984274769994954,0.0,0.0,45862912,282861568,32075776,33325056,
107,2026-10-08T22:56:20.064747+00:00,107.00104134200046,1562,1791492204.01,principal,0.9994011859998864,0.0,0.0,24215552,32919552,14024704,14642176,
107,2026-10-08T22:56:20.064747+00:00,107.00104134200046,1563,1791492204.1,descendente,0.9993781369994394,0.0,0.0,11202560,19447808,5017600,5361664,
107,2026-10-08T22:56:20.064747+00:00,107.00104134200046,1564,1791492204.1,descendente,0.9993990680013667,0.0,0.0,46317568,282865664,32247808,33594368,
107,2026-10-08T22:56:20.064747+00:00,107.00104134200046,1565,1791492204.1,descendente,0.9993847260011535,0.0,0.0,45862912,282861568,32075776,33317888,
108,2026-10-08T22:56:21.069163+00:00,108.00590557299984,1562,1791492204.01,principal,1.004414936000103,0.0,0.0,24215552,32919552,14024704,14648320,
108,2026-10-08T22:56:21.069163+00:00,108.00590557299984,1563,1791492204.1,descendente,1.0044263599993428,0.0,0.0,11202560,19447808,5017600,5362688,
108,2026-10-08T22:56:21.069163+00:00,108.00590557299984,1564,1791492204.1,descendente,1.0043894949994865,0.0,0.0,46317568,282865664,32247808,33605632,
108,2026-10-08T22:56:21.069163+00:00,108.00590557299984,1565,1791492204.1,descendente,1.0043838679994224,0.0,0.0,45862912,282861568,32075776,33325056,
109,2026-10-08T22:56:22.064521+00:00,109.00120533399968,1562,1791492204.01,principal,0.9953560819994891,1.0046655845927628,0.5023327922963814,24215552,32919552,14024704,14648320,
109,2026-10-08T22:56:22.064521+00:00,109.00120533399968,1563,1791492204.1,descendente,0.9955709010009741,0.0,0.0,11202560,19447808,5017600,5362688,
109,2026-10-08T22:56:22.064521+00:00,109.00120533399968,1564,1791492204.1,descendente,0.9955757799998537,0.0,0.0,46317568,282865664,32247808,33605632,
109,2026-10-08T22:56:22.064521+00:00,109.00120533399968,1565,1791492204.1,descendente,0.9957647480005107,0.0,0.0,45862912,282861568,32075776,33325056,
110,2026-10-08T22:56:23.066922+00:00,110.00347657299972,1562,1791492204.01,principal,1.0026171800000157,0.0,0.0,24215552,32919552,14024704,14648320,
110,2026-10-08T22:56:23.066922+00:00,110.00347657299972,1563,1791492204.1,descendente,1.002431536999211,0.0,0.0,11202560,19447808,5017600,5362688,
110,2026-10-08T22:56:23.066922+00:00,110.00347657299972,1564,1791492204.1,descendente,1.0024828420009726,0.0,0.0,46317568,282865664,32247808,33605632,
110,2026-10-08T22:56:23.066922+00:00,110.00347657299972,1565,1791492204.1,descendente,1.0023206679998111,0.0,0.0,45862912,282861568,32075776,33325056,
111,2026-10-08T22:56:24.064737+00:00,111.00106463699922,1562,1791492204.01,principal,0.997601504001068,0.0,0.0,24215552,32919552,14024704,14640128,
111,2026-10-08T22:56:24.064737+00:00,111.00106463699922,1563,1791492204.1,descendente,0.9975752640002611,0.0,0.0,11202560,19447808,5017600,5359616,
111,2026-10-08T22:56:24.064737+00:00,111.00106463699922,1564,1791492204.1,descendente,0.9975290949987539,0.0,0.0,46317568,282865664,32247808,33591296,
111,2026-10-08T22:56:24.064737+00:00,111.00106463699922,1565,1791492204.1,descendente,0.9975212879999162,1.0024848712808578,0.5012424356404289,45862912,282861568,32075776,33315840,
112,2026-10-08T22:56:25.072542+00:00,112.00925695399928,1562,1791492204.01,principal,1.007801224999639,0.0,0.0,24215552,32919552,14024704,14648320,
112,2026-10-08T22:56:25.072542+00:00,112.00925695399928,1563,1791492204.1,descendente,1.0077992959995754,0.0,0.0,11202560,19447808,5017600,5362688,
112,2026-10-08T22:56:25.072542+00:00,112.00925695399928,1564,1791492204.1,descendente,1.0077896820002934,0.0,0.0,46317568,282865664,32247808,33605632,
112,2026-10-08T22:56:25.072542+00:00,112.00925695399928,1565,1791492204.1,descendente,1.007778810999298,0.0,0.0,45862912,282861568,32075776,33325056,
113,2026-10-08T22:56:26.064993+00:00,113.0011344529994,1562,1791492204.01,principal,0.9924552430002223,0.0,0.0,24215552,32919552,14024704,14648320,
113,2026-10-08T22:56:26.064993+00:00,113.0011344529994,1563,1791492204.1,descendente,0.9924565720011742,0.0,0.0,11202560,19447808,5017600,5362688,
113,2026-10-08T22:56:26.064993+00:00,113.0011344529994,1564,1791492204.1,descendente,0.9924910059999092,0.0,0.0,46317568,282865664,32247808,33605632,
113,2026-10-08T22:56:26.064993+00:00,113.0011344529994,1565,1791492204.1,descendente,0.9924923590006074,0.0,0.0,45862912,282861568,32075776,33325056,
114,2026-10-08T22:56:27.070458+00:00,114.0070776800003,1562,1791492204.01,principal,1.0055534429993713,0.0,0.0,24215552,32919552,14024704,14648320,
114,2026-10-08T22:56:27.070458+00:00,114.0070776800003,1563,1791492204.1,descendente,1.0055569659998582,0.0,0.0,11202560,19447808,5017600,5362688,
114,2026-10-08T22:56:27.070458+00:00,114.0070776800003,1564,1791492204.1,descendente,1.005528466999749,0.0,0.0,46317568,282865664,32247808,33605632,
114,2026-10-08T22:56:27.070458+00:00,114.0070776800003,1565,1791492204.1,descendente,1.005807208999613,0.0,0.0,45862912,282861568,32075776,33325056,
115,2026-10-08T22:56:28.065058+00:00,115.00122105400078,1562,1791492204.01,principal,0.9945117839997692,0.0,0.0,24215552,32919552,14024704,14648320,
115,2026-10-08T22:56:28.065058+00:00,115.00122105400078,1563,1791492204.1,descendente,0.9945144590001291,0.0,0.0,11202560,19447808,5017600,5362688,
115,2026-10-08T22:56:28.065058+00:00,115.00122105400078,1564,1791492204.1,descendente,0.9945219990004261,1.0055081747870749,0.5027540873935374,46317568,282865664,32247808,33605632,
115,2026-10-08T22:56:28.065058+00:00,115.00122105400078,1565,1791492204.1,descendente,0.9942624770010298,0.0,0.0,45862912,282861568,32075776,33325056,
116,2026-10-08T22:56:29.065439+00:00,116.00170942899967,1562,1791492204.01,principal,1.00038421499994,0.0,0.0,24215552,32919552,14024704,14648320,
116,2026-10-08T22:56:29.065439+00:00,116.00170942899967,1563,1791492204.1,descendente,1.0003994170001533,0.0,0.0,11202560,19447808,5017600,5362688,
116,2026-10-08T22:56:29.065439+00:00,116.00170942899967,1564,1791492204.1,descendente,1.0004058279992023,0.0,0.0,46317568,282865664,32247808,33605632,
116,2026-10-08T22:56:29.065439+00:00,116.00170942899967,1565,1791492204.1,descendente,1.0004228759989928,0.0,0.0,45862912,282861568,32075776,33325056,
117,2026-10-08T22:56:30.065207+00:00,117.00192348900055,1562,1791492204.01,principal,0.9997635220006487,0.0,0.0,24215552,32919552,14024704,14648320,
117,2026-10-08T22:56:30.065207+00:00,117.00192348900055,1563,1791492204.1,descendente,0.9997455369993986,0.0,0.0,11202560,19447808,5017600,5362688,
117,2026-10-08T22:56:30.065207+00:00,117.00192348900055,1564,1791492204.1,descendente,0.9997335330008355,0.0,0.0,46317568,282865664,32247808,33605632,
117,2026-10-08T22:56:30.065207+00:00,117.00192348900055,1565,1791492204.1,descendente,1.0000033010001061,0.0,0.0,45862912,282861568,32075776,33325056,
118,2026-10-08T22:56:31.064266+00:00,118.00093273399943,1562,1791492204.01,principal,0.9990576559994224,0.0,0.0,24215552,32919552,14024704,14648320,
118,2026-10-08T22:56:31.064266+00:00,118.00093273399943,1563,1791492204.1,descendente,0.9990553249990626,0.0,0.0,11202560,19447808,5017600,5362688,
118,2026-10-08T22:56:31.064266+00:00,118.00093273399943,1564,1791492204.1,descendente,0.9990514879991679,0.0,0.0,46317568,282865664,32247808,33605632,
118,2026-10-08T22:56:31.064266+00:00,118.00093273399943,1565,1791492204.1,descendente,0.9990128059998824,0.0,0.0,45862912,282861568,32075776,33325056,
119,2026-10-08T22:56:32.065138+00:00,119.00154882700008,1562,1791492204.01,principal,1.000873668001077,0.0,0.0,24215552,32919552,14024704,14648320,
119,2026-10-08T22:56:32.065138+00:00,119.00154882700008,1563,1791492204.1,descendente,1.0008770809999987,0.0,0.0,11202560,19447808,5017600,5362688,
119,2026-10-08T22:56:32.065138+00:00,119.00154882700008,1564,1791492204.1,descendente,1.000883242000782,0.0,0.0,46317568,282865664,32247808,33605632,
119,2026-10-08T22:56:32.065138+00:00,119.00154882700008,1565,1791492204.1,descendente,1.000619723001364,0.0,0.0,45862912,282861568,32075776,33325056,
120,2026-10-08T22:56:33.065584+00:00,120.0012546300004,1562,1791492204.01,principal,1.0004459859992494,0.0,0.0,24215552,32919552,14024704,14640128,
120,2026-10-08T22:56:33.065584+00:00,120.0012546300004,1563,1791492204.1,descendente,1.0004421260000527,0.0,0.0,11202560,19447808,5017600,5359616,
120,2026-10-08T22:56:33.065584+00:00,120.0012546300004,1564,1791492204.1,descendente,1.000443210999947,0.0,0.0,46317568,282865664,32247808,33592320,
120,2026-10-08T22:56:33.065584+00:00,120.0012546300004,1565,1791492204.1,descendente,1.0004580049990182,0.0,0.0,45862912,282861568,32075776,33313792,
121,2026-10-08T22:56:34.064033+00:00,121.00040963100037,1562,1791492204.01,principal,0.9984494210002595,0.0,0.0,24215552,32919552,14024704,14648320,
121,2026-10-08T22:56:34.064033+00:00,121.00040963100037,1563,1791492204.1,descendente,0.9984816870000941,0.0,0.0,11202560,19447808,5017600,5362688,
121,2026-10-08T22:56:34.064033+00:00,121.00040963100037,1564,1791492204.1,descendente,0.9984823329996289,0.0,0.0,46317568,282865664,32247808,33605632,
121,2026-10-08T22:56:34.064033+00:00,121.00040963100037,1565,1791492204.1,descendente,0.9984644739997748,1.001537887466216,0.500768943733108,45862912,282861568,32075776,33325056,
122,2026-10-08T22:56:35.065077+00:00,122.00133693399948,1562,1791492204.01,principal,1.0010447860004206,0.0,0.0,24215552,32919552,14024704,14648320,
122,2026-10-08T22:56:35.065077+00:00,122.00133693399948,1563,1791492204.1,descendente,1.001022002999889,0.0,0.0,11202560,19447808,5017600,5362688,
122,2026-10-08T22:56:35.065077+00:00,122.00133693399948,1564,1791492204.1,descendente,1.0010604830004013,0.9989406404322128,0.4994703202161064,46317568,282865664,32247808,33605632,
122,2026-10-08T22:56:35.065077+00:00,122.00133693399948,1565,1791492204.1,descendente,1.0010769180007628,0.998924240504514,0.499462120252257,45862912,282861568,32075776,33325056,
123,2026-10-08T22:56:36.063883+00:00,123.00054111700047,1562,1791492204.01,principal,0.998803026999667,0.0,0.0,24215552,32919552,14024704,14648320,
123,2026-10-08T22:56:36.063883+00:00,123.00054111700047,1563,1791492204.1,descendente,0.9987941200015484,0.0,0.0,11202560,19447808,5017600,5362688,
123,2026-10-08T22:56:36.063883+00:00,123.00054111700047,1564,1791492204.1,descendente,0.998980271999244,0.0,0.0,46317568,282865664,32247808,33605632,
123,2026-10-08T22:56:36.063883+00:00,123.00054111700047,1565,1791492204.1,descendente,0.9989750999993703,0.0,0.0,45862912,282861568,32075776,33325056,
124,2026-10-08T22:56:37.065060+00:00,124.00102843599961,1562,1791492204.01,principal,1.0011800840002252,0.0,0.0,24215552,32919552,14024704,14648320,
124,2026-10-08T22:56:37.065060+00:00,124.00102843599961,1563,1791492204.1,descendente,1.0011838029986393,0.0,0.0,11202560,19447808,5017600,5362688,
124,2026-10-08T22:56:37.065060+00:00,124.00102843599961,1564,1791492204.1,descendente,1.000957169000685,0.0,0.0,46317568,282865664,32247808,33605632,
124,2026-10-08T22:56:37.065060+00:00,124.00102843599961,1565,1791492204.1,descendente,1.0009525690002192,0.0,0.0,45862912,282861568,32075776,33325056,
125,2026-10-08T22:56:38.068190+00:00,125.00455080100073,1562,1791492204.01,principal,1.003132578000077,0.0,0.0,24215552,32919552,14024704,14648320,
125,2026-10-08T22:56:38.068190+00:00,125.00455080100073,1563,1791492204.1,descendente,1.0031462100014323,0.0,0.0,11202560,19447808,5017600,5362688,
125,2026-10-08T22:56:38.068190+00:00,125.00455080100073,1564,1791492204.1,descendente,1.0031529469997622,0.0,0.0,46317568,282865664,32247808,33605632,
125,2026-10-08T22:56:38.068190+00:00,125.00455080100073,1565,1791492204.1,descendente,1.0031576300007146,0.0,0.0,45862912,282861568,32075776,33325056,
126,2026-10-08T22:56:39.065680+00:00,126.00201464999918,1562,1791492204.01,principal,0.9975072460001684,0.0,0.0,24215552,32919552,14024704,14648320,
126,2026-10-08T22:56:39.065680+00:00,126.00201464999918,1563,1791492204.1,descendente,0.9974884279999969,0.0,0.0,11202560,19447808,5017600,5362688,
126,2026-10-08T22:56:39.065680+00:00,126.00201464999918,1564,1791492204.1,descendente,0.9974764100006723,0.0,0.0,46317568,282865664,32247808,33605632,
126,2026-10-08T22:56:39.065680+00:00,126.00201464999918,1565,1791492204.1,descendente,0.9976575219989172,0.0,0.0,45862912,282861568,32075776,33325056,
127,2026-10-08T22:56:40.065240+00:00,127.00172274599936,1562,1791492204.01,principal,0.9995388019997336,0.0,0.0,24215552,32919552,14024704,14648320,
127,2026-10-08T22:56:40.065240+00:00,127.00172274599936,1563,1791492204.1,descendente,0.9995399129984435,0.0,0.0,11202560,19447808,5017600,5362688,
127,2026-10-08T22:56:40.065240+00:00,127.00172274599936,1564,1791492204.1,descendente,0.9995430380004109,1.0004571709091228,0.5002285854545614,46317568,282865664,32247808,33605632,
127,2026-10-08T22:56:40.065240+00:00,127.00172274599936,1565,1791492204.1,descendente,0.9993504169997323,0.0,0.0,45862912,282861568,32075776,33325056,
128,2026-10-08T22:56:41.067621+00:00,128.00419339200016,1562,1791492204.01,principal,1.0023878459996922,0.0,0.0,24215552,32919552,14024704,14648320,
128,2026-10-08T22:56:41.067621+00:00,128.00419339200016,1563,1791492204.1,descendente,1.0025341370001115,0.0,0.0,11202560,19447808,5017600,5362688,
128,2026-10-08T22:56:41.067621+00:00,128.00419339200016,1564,1791492204.1,descendente,1.0025710639984027,0.0,0.0,46317568,282865664,32247808,33605632,
128,2026-10-08T22:56:41.067621+00:00,128.00419339200016,1565,1791492204.1,descendente,1.0027541400013433,0.0,0.0,45862912,282861568,32075776,33325056,
129,2026-10-08T22:56:42.065304+00:00,129.00149121200047,1562,1791492204.01,principal,0.9976774900005694,0.0,0.0,24215552,32919552,14024704,14640128,
129,2026-10-08T22:56:42.065304+00:00,129.00149121200047,1563,1791492204.1,descendente,0.9975267110003188,0.0,0.0,11202560,19447808,5017600,5359616,
129,2026-10-08T22:56:42.065304+00:00,129.00149121200047,1564,1791492204.1,descendente,0.9974915840011818,0.0,0.0,46317568,282865664,32247808,33591296,
129,2026-10-08T22:56:42.065304+00:00,129.00149121200047,1565,1791492204.1,descendente,0.9973146039992571,0.0,0.0,45862912,282861568,32075776,33315840,
130,2026-10-08T22:56:43.066502+00:00,130.0032169189999,1562,1791492204.01,principal,1.0011940089989366,0.0,0.0,24215552,32919552,14024704,14648320,
130,2026-10-08T22:56:43.066502+00:00,130.0032169189999,1563,1791492204.1,descendente,1.0011953900011576,0.0,0.0,11202560,19447808,5017600,5362688,
130,2026-10-08T22:56:43.066502+00:00,130.0032169189999,1564,1791492204.1,descendente,1.0011927129999094,0.0,0.0,46317568,282865664,32247808,33605632,
130,2026-10-08T22:56:43.066502+00:00,130.0032169189999,1565,1791492204.1,descendente,1.0012801510001736,0.9987214856909988,0.4993607428454994,45862912,282861568,32075776,33325056,
131,2026-10-08T22:56:44.065168+00:00,131.0013788640008,1562,1791492204.01,principal,0.9986699500004761,0.0,0.0,24215552,32919552,14024704,14648320,
131,2026-10-08T22:56:44.065168+00:00,131.0013788640008,1563,1791492204.1,descendente,0.9986732449997362,0.0,0.0,11202560,19447808,5017600,5362688,
131,2026-10-08T22:56:44.065168+00:00,131.0013788640008,1564,1791492204.1,descendente,0.9987563619997673,1.0012451865620704,0.5006225932810352,46317568,282865664,32247808,33605632,
131,2026-10-08T22:56:44.065168+00:00,131.0013788640008,1565,1791492204.1,descendente,0.9987155140006507,0.0,0.0,45862912,282861568,32075776,33325056,
132,2026-10-08T22:56:45.068078+00:00,132.00446583300072,1562,1791492204.01,principal,1.0029104690001986,0.0,0.0,24215552,32919552,14024704,14648320,
132,2026-10-08T22:56:45.068078+00:00,132.00446583300072,1563,1791492204.1,descendente,1.0029134380001778,0.0,0.0,11202560,19447808,5017600,5362688,
132,2026-10-08T22:56:45.068078+00:00,132.00446583300072,1564,1791492204.1,descendente,1.0028318620006758,0.0,0.0,46317568,282865664,32247808,33605632,
132,2026-10-08T22:56:45.068078+00:00,132.00446583300072,1565,1791492204.1,descendente,1.0027783819987235,0.0,0.0,45862912,282861568,32075776,33325056,
133,2026-10-08T22:56:46.074723+00:00,133.0113068390001,1562,1791492204.01,principal,1.0066449320001993,0.0,0.0,24215552,32919552,14024704,14611456,
133,2026-10-08T22:56:46.074723+00:00,133.0113068390001,1563,1791492204.1,descendente,1.0066460119996918,0.0,0.0,11202560,19447808,5017600,5343232,
133,2026-10-08T22:56:46.074723+00:00,133.0113068390001,1564,1791492204.1,descendente,1.0066501849996712,0.0,0.0,46317568,282865664,32247808,33561600,
133,2026-10-08T22:56:46.074723+00:00,133.0113068390001,1565,1791492204.1,descendente,1.006693710000036,0.0,0.0,45862912,282861568,32075776,33286144,
134,2026-10-08T22:56:47.066146+00:00,134.00285164200068,1562,1791492204.01,principal,0.9914191489988298,0.0,0.0,24215552,32919552,14024704,14648320,
134,2026-10-08T22:56:47.066146+00:00,134.00285164200068,1563,1791492204.1,descendente,0.9914238649998879,0.0,0.0,11202560,19447808,5017600,5362688,
134,2026-10-08T22:56:47.066146+00:00,134.00285164200068,1564,1791492204.1,descendente,0.9914212959993165,0.0,0.0,46317568,282865664,32247808,33605632,
134,2026-10-08T22:56:47.066146+00:00,134.00285164200068,1565,1791492204.1,descendente,0.9916555820000212,0.0,0.0,45862912,282861568,32075776,33325056,
135,2026-10-08T22:56:48.065399+00:00,135.0020337650003,1562,1791492204.01,principal,0.9992536490008206,0.0,0.0,24215552,32919552,14024704,14648320,
135,2026-10-08T22:56:48.065399+00:00,135.0020337650003,1563,1791492204.1,descendente,0.9992424070005654,0.0,0.0,11202560,19447808,5017600,5362688,
135,2026-10-08T22:56:48.065399+00:00,135.0020337650003,1564,1791492204.1,descendente,0.9996246219998284,0.0,0.0,46317568,282865664,32247808,33605632,
135,2026-10-08T22:56:48.065399+00:00,135.0020337650003,1565,1791492204.1,descendente,0.9994556960009504,0.0,0.0,45862912,282861568,32075776,33325056,
136,2026-10-08T22:56:49.067291+00:00,136.00400224199984,1562,1791492204.01,principal,1.0018921549999504,0.0,0.0,24215552,32919552,14024704,14648320,
136,2026-10-08T22:56:49.067291+00:00,136.00400224199984,1563,1791492204.1,descendente,1.001974615999643,0.0,0.0,11202560,19447808,5017600,5362688,
136,2026-10-08T22:56:49.067291+00:00,136.00400224199984,1564,1791492204.1,descendente,1.0015900960006547,0.0,0.0,46317568,282865664,32247808,33605632,
136,2026-10-08T22:56:49.067291+00:00,136.00400224199984,1565,1791492204.1,descendente,1.0018463129999873,0.0,0.0,45862912,282861568,32075776,33325056,
137,2026-10-08T22:56:50.066785+00:00,137.00344888700056,1562,1791492204.01,principal,0.9994981899999402,0.0,0.0,24215552,32919552,14024704,14648320,
137,2026-10-08T22:56:50.066785+00:00,137.00344888700056,1563,1791492204.1,descendente,0.9994271279992972,0.0,0.0,11202560,19447808,5017600,5362688,
137,2026-10-08T22:56:50.066785+00:00,137.00344888700056,1564,1791492204.1,descendente,0.99973906500054,0.0,0.0,46317568,282865664,32247808,33605632,
137,2026-10-08T22:56:50.066785+00:00,137.00344888700056,1565,1791492204.1,descendente,0.9994063719987025,0.0,0.0,45862912,282861568,32075776,33325056,
138,2026-10-08T22:56:51.065310+00:00,138.00168251799914,1562,1791492204.01,principal,0.9985243499995704,0.0,0.0,24215552,32919552,14024704,14637056,
138,2026-10-08T22:56:51.065310+00:00,138.00168251799914,1563,1791492204.1,descendente,0.998519999000564,0.0,0.0,11202560,19447808,5017600,5360640,
138,2026-10-08T22:56:51.065310+00:00,138.00168251799914,1564,1791492204.1,descendente,0.9982144869991316,0.0,0.0,46317568,282865664,32247808,33588224,
138,2026-10-08T22:56:51.065310+00:00,138.00168251799914,1565,1791492204.1,descendente,0.9981890120016033,1.0018142736259603,0.5009071368129802,45862912,282861568,32075776,33310720,
139,2026-10-08T22:56:52.064149+00:00,139.00052974400023,1562,1791492204.01,principal,0.9988376970013633,0.0,0.0,24215552,32919552,14024704,14648320,
139,2026-10-08T22:56:52.064149+00:00,139.00052974400023,1563,1791492204.1,descendente,0.9988398169989523,0.0,0.0,11202560,19447808,5017600,5362688,
139,2026-10-08T22:56:52.064149+00:00,139.00052974400023,1564,1791492204.1,descendente,0.9988375230004749,0.0,0.0,46317568,282865664,32247808,33605632,
139,2026-10-08T22:56:52.064149+00:00,139.00052974400023,1565,1791492204.1,descendente,0.9989255119999143,0.0,0.0,45862912,282861568,32075776,33325056,
140,2026-10-08T22:56:53.065166+00:00,140.00180812399958,1562,1791492204.01,principal,1.0010148219989787,0.0,0.0,24215552,32919552,14024704,14648320,
140,2026-10-08T22:56:53.065166+00:00,140.00180812399958,1563,1791492204.1,descendente,1.0010407919999125,0.0,0.0,11202560,19447808,5017600,5362688,
140,2026-10-08T22:56:53.065166+00:00,140.00180812399958,1564,1791492204.1,descendente,1.0010315809995518,0.9989694820629728,0.4994847410314864,46317568,282865664,32247808,33605632,
140,2026-10-08T22:56:53.065166+00:00,140.00180812399958,1565,1791492204.1,descendente,1.0012186139992991,0.0,0.0,45862912,282861568,32075776,33325056,
141,2026-10-08T22:56:54.065023+00:00,141.00127760000032,1562,1791492204.01,principal,0.9998597110006813,0.0,0.0,24215552,32919552,14024704,14648320,
141,2026-10-08T22:56:54.065023+00:00,141.00127760000032,1563,1791492204.1,descendente,0.9998252260011213,0.0,0.0,11202560,19447808,5017600,5362688,
141,2026-10-08T22:56:54.065023+00:00,141.00127760000032,1564,1791492204.1,descendente,0.9998302120002336,0.0,0.0,46317568,282865664,32247808,33605632,
141,2026-10-08T22:56:54.065023+00:00,141.00127760000032,1565,1791492204.1,descendente,0.999548223999227,0.0,0.0,45862912,282861568,32075776,33325056,
142,2026-10-08T22:56:55.065056+00:00,142.0012687769995,1562,1791492204.01,principal,1.0000335999993695,0.0,0.0,24215552,32919552,14024704,14640128,
142,2026-10-08T22:56:55.065056+00:00,142.0012687769995,1563,1791492204.1,descendente,1.0000347160003003,0.0,0.0,11202560,19447808,5017600,5359616,
142,2026-10-08T22:56:55.065056+00:00,142.0012687769995,1564,1791492204.1,descendente,1.000042346000555,0.0,0.0,46317568,282865664,32247808,33591296,
142,2026-10-08T22:56:55.065056+00:00,142.0012687769995,1565,1791492204.1,descendente,1.0000521600013599,0.0,0.0,45862912,282861568,32075776,33314816,
143,2026-10-08T22:56:56.066608+00:00,143.0032588239992,1562,1791492204.01,principal,1.0015501420002693,0.0,0.0,24215552,32919552,14024704,14648320,
143,2026-10-08T22:56:56.066608+00:00,143.0032588239992,1563,1791492204.1,descendente,1.0015531529988948,0.0,0.0,11202560,19447808,5017600,5362688,
143,2026-10-08T22:56:56.066608+00:00,143.0032588239992,1564,1791492204.1,descendente,1.0015456529999938,0.0,0.0,46317568,282865664,32247808,33605632,
143,2026-10-08T22:56:56.066608+00:00,143.0032588239992,1565,1791492204.1,descendente,1.0018363580002188,0.0,0.0,45862912,282861568,32075776,33325056,
144,2026-10-08T22:56:57.067481+00:00,144.0011322449991,1562,1791492204.01,principal,1.0008744799997658,0.9991262840473389,0.49956314202366947,24215552,32919552,14024704,14648320,
144,2026-10-08T22:56:57.067481+00:00,144.0011322449991,1563,1791492204.1,descendente,1.0008891569996194,0.0,0.0,11202560,19447808,5017600,5362688,
144,2026-10-08T22:56:57.067481+00:00,144.0011322449991,1564,1791492204.1,descendente,1.001097372998629,0.0,0.0,46317568,282865664,32247808,33605632,
144,2026-10-08T22:56:57.067481+00:00,144.0011322449991,1565,1791492204.1,descendente,1.0008258859998023,0.0,0.0,45862912,282861568,32075776,33325056,
145,2026-10-08T22:56:58.065252+00:00,145.00167455799965,1562,1791492204.01,principal,0.9977681180007494,0.0,0.0,24215552,32919552,14024704,14648320,
145,2026-10-08T22:56:58.065252+00:00,145.00167455799965,1563,1791492204.1,descendente,0.997779426001216,0.0,0.0,11202560,19447808,5017600,5362688,
145,2026-10-08T22:56:58.065252+00:00,145.00167455799965,1564,1791492204.1,descendente,0.9975674110010004,0.0,0.0,46317568,282865664,32247808,33605632,
145,2026-10-08T22:56:58.065252+00:00,145.00167455799965,1565,1791492204.1,descendente,0.9975361500000872,0.0,0.0,45862912,282861568,32075776,33325056,
146,2026-10-08T22:56:59.068943+00:00,146.00558470299984,1562,1791492204.01,principal,1.0036923549996573,0.0,0.0,24215552,32919552,14024704,14648320,
146,2026-10-08T22:56:59.068943+00:00,146.00558470299984,1563,1791492204.1,descendente,1.003671165999549,0.0,0.0,11202560,19447808,5017600,5362688,
146,2026-10-08T22:56:59.068943+00:00,146.00558470299984,1564,1791492204.1,descendente,1.0036805409999943,0.0,0.0,46317568,282865664,32247808,33605632,
146,2026-10-08T22:56:59.068943+00:00,146.00558470299984,1565,1791492204.1,descendente,1.0040414569994027,0.0,0.0,45862912,282861568,32075776,33325056,
147,2026-10-08T22:57:00.065529+00:00,147.00181260799945,1562,1791492204.01,principal,0.9965834439990431,0.0,0.0,24215552,32919552,14024704,14636032,
147,2026-10-08T22:57:00.065529+00:00,147.00181260799945,1563,1791492204.1,descendente,0.9965756950005016,0.0,0.0,11202560,19447808,5017600,5361664,
147,2026-10-08T22:57:00.065529+00:00,147.00181260799945,1564,1791492204.1,descendente,0.9965725889996975,0.0,0.0,46317568,282865664,32247808,33591296,
147,2026-10-08T22:57:00.065529+00:00,147.00181260799945,1565,1791492204.1,descendente,0.9964071899994451,0.0,0.0,45862912,282861568,32075776,33311744,
148,2026-10-08T22:57:01.065156+00:00,148.00187032400027,1562,1791492204.01,principal,0.9996288130005269,0.0,0.0,24215552,32919552,14024704,14648320,
148,2026-10-08T22:57:01.065156+00:00,148.00187032400027,1563,1791492204.1,descendente,0.9996305479999137,0.0,0.0,11202560,19447808,5017600,5362688,
148,2026-10-08T22:57:01.065156+00:00,148.00187032400027,1564,1791492204.1,descendente,1.0000027690002753,0.0,0.0,46317568,282865664,32247808,33605632,
148,2026-10-08T22:57:01.065156+00:00,148.00187032400027,1565,1791492204.1,descendente,0.9998587440004485,0.0,0.0,45862912,282861568,32075776,33325056,
149,2026-10-08T22:57:02.071040+00:00,149.00763435699992,1562,1791492204.01,principal,1.0059218820006208,0.0,0.0,24215552,32919552,14024704,14648320,
149,2026-10-08T22:57:02.071040+00:00,149.00763435699992,1563,1791492204.1,descendente,1.00592395700005,0.0,0.0,11202560,19447808,5017600,5362688,
149,2026-10-08T22:57:02.071040+00:00,149.00763435699992,1564,1791492204.1,descendente,1.0055517589989904,1.9889577857141516,0.9944788928570758,46317568,282865664,32247808,33605632,
149,2026-10-08T22:57:02.071040+00:00,149.00763435699992,1565,1791492204.1,descendente,1.0055454470002587,0.0,0.0,45862912,282861568,32075776,33325056,
150,2026-10-08T22:57:03.066436+00:00,150.00315299300019,1562,1791492204.01,principal,0.9953577979995316,0.0,0.0,24215552,32919552,14024704,14648320,
150,2026-10-08T22:57:03.066436+00:00,150.00315299300019,1563,1791492204.1,descendente,0.9953579840002931,0.0,0.0,11202560,19447808,5017600,5362688,
150,2026-10-08T22:57:03.066436+00:00,150.00315299300019,1564,1791492204.1,descendente,0.9953527490015404,0.0,0.0,46317568,282865664,32247808,33605632,
150,2026-10-08T22:57:03.066436+00:00,150.00315299300019,1565,1791492204.1,descendente,0.9953079289989546,1.0047141903172379,0.5023570951586189,45862912,282861568,32075776,33325056,
151,2026-10-08T22:57:04.065102+00:00,151.00123406499915,1562,1791492204.01,principal,0.9986675389991433,0.0,0.0,24215552,32919552,14024704,14640128,
151,2026-10-08T22:57:04.065102+00:00,151.00123406499915,1563,1791492204.1,descendente,0.9986656649998622,0.0,0.0,11202560,19447808,5017600,5359616,
151,2026-10-08T22:57:04.065102+00:00,151.00123406499915,1564,1791492204.1,descendente,0.9986806309989333,0.0,0.0,46317568,282865664,32247808,33592320,
151,2026-10-08T22:57:04.065102+00:00,151.00123406499915,1565,1791492204.1,descendente,0.9986975330011774,0.0,0.0,45862912,282861568,32075776,33316864,
152,2026-10-08T22:57:05.067065+00:00,152.00380330500047,1562,1791492204.01,principal,1.001958471000762,0.0,0.0,24215552,32919552,14024704,14648320,
152,2026-10-08T22:57:05.067065+00:00,152.00380330500047,1563,1791492204.1,descendente,1.0019466009998723,0.0,0.0,11202560,19447808,5017600,5362688,
152,2026-10-08T22:57:05.067065+00:00,152.00380330500047,1564,1791492204.1,descendente,1.0019279759999336,0.0,0.0,46317568,282865664,32247808,33605632,
152,2026-10-08T22:57:05.067065+00:00,152.00380330500047,1565,1791492204.1,descendente,1.0019631979994301,0.0,0.0,45862912,282861568,32075776,33325056,
153,2026-10-08T22:57:06.068722+00:00,153.00541322999925,1562,1791492204.01,principal,1.0016584910008532,0.0,0.0,24215552,32919552,14024704,14648320,
153,2026-10-08T22:57:06.068722+00:00,153.00541322999925,1563,1791492204.1,descendente,1.0016713099994377,0.0,0.0,11202560,19447808,5017600,5362688,
153,2026-10-08T22:57:06.068722+00:00,153.00541322999925,1564,1791492204.1,descendente,1.0019891190004273,0.0,0.0,46317568,282865664,32247808,33605632,
153,2026-10-08T22:57:06.068722+00:00,153.00541322999925,1565,1791492204.1,descendente,1.0019648270008474,0.0,0.0,45862912,282861568,32075776,33325056,
154,2026-10-08T22:57:07.064951+00:00,154.00112021899986,1562,1791492204.01,principal,0.996255634998306,0.0,0.0,24215552,32919552,14024704,14648320,
154,2026-10-08T22:57:07.064951+00:00,154.00112021899986,1563,1791492204.1,descendente,0.9962738390004233,0.0,0.0,11202560,19447808,5017600,5362688,
154,2026-10-08T22:57:07.064951+00:00,154.00112021899986,1564,1791492204.1,descendente,0.9959604329997092,0.0,0.0,46317568,282865664,32247808,33605632,
154,2026-10-08T22:57:07.064951+00:00,154.00112021899986,1565,1791492204.1,descendente,0.9959721959985472,0.0,0.0,45862912,282861568,32075776,33325056,
155,2026-10-08T22:57:08.065064+00:00,155.00140499699955,1562,1791492204.01,principal,1.000090055000328,0.0,0.0,24215552,32919552,14024704,14603264,
155,2026-10-08T22:57:08.065064+00:00,155.00140499699955,1563,1791492204.1,descendente,1.0000661939993734,0.0,0.0,11202560,19447808,5017600,5342208,
155,2026-10-08T22:57:08.065064+00:00,155.00140499699955,1564,1791492204.1,descendente,1.0000643679995846,0.0,0.0,46317568,282865664,32247808,33550336,
155,2026-10-08T22:57:08.065064+00:00,155.00140499699955,1565,1791492204.1,descendente,1.000033488000554,0.0,0.0,45862912,282861568,32075776,33277952,
156,2026-10-08T22:57:09.065421+00:00,156.0019154040001,1562,1791492204.01,principal,1.0003541830010363,0.0,0.0,24215552,32919552,14024704,14648320,
156,2026-10-08T22:57:09.065421+00:00,156.0019154040001,1563,1791492204.1,descendente,1.0003543790007825,0.0,0.0,11202560,19447808,5017600,5362688,
156,2026-10-08T22:57:09.065421+00:00,156.0019154040001,1564,1791492204.1,descendente,1.0003527700009727,0.0,0.0,46317568,282865664,32247808,33605632,
156,2026-10-08T22:57:09.065421+00:00,156.0019154040001,1565,1791492204.1,descendente,1.000342081000781,0.0,0.0,45862912,282861568,32075776,33325056,
157,2026-10-08T22:57:10.064932+00:00,157.00114758699965,1562,1791492204.01,principal,0.999512557998969,0.0,0.0,24215552,32919552,14024704,14648320,
157,2026-10-08T22:57:10.064932+00:00,157.00114758699965,1563,1791492204.1,descendente,0.9995543850000104,0.0,0.0,11202560,19447808,5017600,5362688,
157,2026-10-08T22:57:10.064932+00:00,157.00114758699965,1564,1791492204.1,descendente,0.9995575150005607,0.0,0.0,46317568,282865664,32247808,33605632,
157,2026-10-08T22:57:10.064932+00:00,157.00114758699965,1565,1791492204.1,descendente,0.9995594699994399,0.0,0.0,45862912,282861568,32075776,33325056,
158,2026-10-08T22:57:11.064931+00:00,158.0012644260005,1562,1791492204.01,principal,1.0000008100014384,0.0,0.0,24215552,32919552,14024704,14648320,
158,2026-10-08T22:57:11.064931+00:00,158.0012644260005,1563,1791492204.1,descendente,0.9999616369987052,0.0,0.0,11202560,19447808,5017600,5362688,
158,2026-10-08T22:57:11.064931+00:00,158.0012644260005,1564,1791492204.1,descendente,0.9999636630000168,1.0000363383209203,0.5000181691604602,46317568,282865664,32247808,33605632,
158,2026-10-08T22:57:11.064931+00:00,158.0012644260005,1565,1791492204.1,descendente,1.0007033959991531,0.9992970984188079,0.49964854920940394,45862912,282861568,32075776,33325056,
159,2026-10-08T22:57:12.064665+00:00,159.00106964099905,1562,1791492204.01,principal,0.9997320879992913,0.0,0.0,24215552,32919552,14024704,14639104,
159,2026-10-08T22:57:12.064665+00:00,159.00106964099905,1563,1791492204.1,descendente,0.9997296490000736,0.0,0.0,11202560,19447808,5017600,5359616,
159,2026-10-08T22:57:12.064665+00:00,159.00106964099905,1564,1791492204.1,descendente,0.9997324729993124,0.0,0.0,46317568,282865664,32247808,33593344,
159,2026-10-08T22:57:12.064665+00:00,159.00106964099905,1565,1791492204.1,descendente,0.9990000210000289,0.0,0.0,45862912,282861568,32075776,33314816,
160,2026-10-08T22:57:13.064332+00:00,160.00106090999907,1562,1791492204.01,principal,0.9996655109989661,0.0,0.0,24215552,32919552,14024704,14648320,
160,2026-10-08T22:57:13.064332+00:00,160.00106090999907,1563,1791492204.1,descendente,0.9996673370005738,0.0,0.0,11202560,19447808,5017600,5362688,
160,2026-10-08T22:57:13.064332+00:00,160.00106090999907,1564,1791492204.1,descendente,0.9996622960006789,0.0,0.0,46317568,282865664,32247808,33605632,
160,2026-10-08T22:57:13.064332+00:00,160.00106090999907,1565,1791492204.1,descendente,0.9996543740016932,0.0,0.0,45862912,282861568,32075776,33325056,
161,2026-10-08T22:57:14.065213+00:00,161.00143987299998,1562,1791492204.01,principal,1.0008824940014165,0.0,0.0,24215552,32919552,14024704,14648320,
161,2026-10-08T22:57:14.065213+00:00,161.00143987299998,1563,1791492204.1,descendente,1.0008769529995334,0.0,0.0,11202560,19447808,5017600,5362688,
161,2026-10-08T22:57:14.065213+00:00,161.00143987299998,1564,1791492204.1,descendente,1.000876165999216,0.0,0.0,46317568,282865664,32247808,33605632,
161,2026-10-08T22:57:14.065213+00:00,161.00143987299998,1565,1791492204.1,descendente,1.00087381099911,0.0,0.0,45862912,282861568,32075776,33325056,
162,2026-10-08T22:57:15.064795+00:00,162.0014645299998,1562,1791492204.01,principal,0.9995815599995694,0.0,0.0,24215552,32919552,14024704,14648320,
162,2026-10-08T22:57:15.064795+00:00,162.0014645299998,1563,1791492204.1,descendente,0.9995854839999083,0.0,0.0,11202560,19447808,5017600,5362688,
162,2026-10-08T22:57:15.064795+00:00,162.0014645299998,1564,1791492204.1,descendente,0.9995852449992526,0.0,0.0,46317568,282865664,32247808,33605632,
162,2026-10-08T22:57:15.064795+00:00,162.0014645299998,1565,1791492204.1,descendente,0.999582795000606,0.0,0.0,45862912,282861568,32075776,33325056,
163,2026-10-08T22:57:16.064950+00:00,163.00120786799926,1562,1791492204.01,principal,1.00015541600078,0.0,0.0,24215552,32919552,14024704,14648320,
163,2026-10-08T22:57:16.064950+00:00,163.00120786799926,1563,1791492204.1,descendente,1.0001614570010133,0.0,0.0,11202560,19447808,5017600,5362688,
163,2026-10-08T22:57:16.064950+00:00,163.00120786799926,1564,1791492204.1,descendente,1.0001661229998717,0.0,0.0,46317568,282865664,32247808,33605632,
163,2026-10-08T22:57:16.064950+00:00,163.00120786799926,1565,1791492204.1,descendente,1.000181037999937,0.0,0.0,45862912,282861568,32075776,33325056,
164,2026-10-08T22:57:17.064069+00:00,164.0003771060001,1562,1791492204.01,principal,0.9991532599997299,0.0,0.0,24215552,32919552,14024704,14648320,
164,2026-10-08T22:57:17.064069+00:00,164.0003771060001,1563,1791492204.1,descendente,0.9991993200001161,0.0,0.0,11202560,19447808,5017600,5362688,
164,2026-10-08T22:57:17.064069+00:00,164.0003771060001,1564,1791492204.1,descendente,0.9992021070011106,0.0,0.0,46317568,282865664,32247808,33605632,
164,2026-10-08T22:57:17.064069+00:00,164.0003771060001,1565,1791492204.1,descendente,0.9992056259998208,0.0,0.0,45862912,282861568,32075776,33325056,
165,2026-10-08T22:57:18.064110+00:00,165.0007423019997,1562,1791492204.01,principal,1.0000056539993238,0.0,0.0,24215552,32919552,14024704,14648320,
165,2026-10-08T22:57:18.064110+00:00,165.0007423019997,1563,1791492204.1,descendente,0.9999509810004383,0.0,0.0,11202560,19447808,5017600,5362688,
165,2026-10-08T22:57:18.064110+00:00,165.0007423019997,1564,1791492204.1,descendente,1.0002389879991824,0.0,0.0,46317568,282865664,32247808,33605632,
165,2026-10-08T22:57:18.064110+00:00,165.0007423019997,1565,1791492204.1,descendente,1.0002374149989919,0.0,0.0,45862912,282861568,32075776,33325056,
166,2026-10-08T22:57:19.079049+00:00,166.01561463600046,1562,1791492204.01,principal,1.0149405869997281,0.0,0.0,24215552,32919552,14024704,14648320,
166,2026-10-08T22:57:19.079049+00:00,166.01561463600046,1563,1791492204.1,descendente,1.0149554759991588,0.0,0.0,11202560,19447808,5017600,5362688,
166,2026-10-08T22:57:19.079049+00:00,166.01561463600046,1564,1791492204.1,descendente,1.0146784450007544,0.0,0.0,46317568,282865664,32247808,33605632,
166,2026-10-08T22:57:19.079049+00:00,166.01561463600046,1565,1791492204.1,descendente,1.0148333699999057,0.9853834428009536,0.4926917214004768,45862912,282861568,32075776,33325056,
167,2026-10-08T22:57:20.091339+00:00,167.02786489000027,1562,1791492204.01,principal,1.0122926639996876,0.0,0.0,24215552,32919552,14024704,14648320,
167,2026-10-08T22:57:20.091339+00:00,167.02786489000027,1563,1791492204.1,descendente,1.0122957420007879,0.0,0.0,11202560,19447808,5017600,5362688,
167,2026-10-08T22:57:20.091339+00:00,167.02786489000027,1564,1791492204.1,descendente,1.0125285109988909,0.0,0.0,46317568,282865664,32247808,33605632,
167,2026-10-08T22:57:20.091339+00:00,167.02786489000027,1565,1791492204.1,descendente,1.012369910000416,0.0,0.0,45862912,282861568,32075776,33325056,
168,2026-10-08T22:57:21.064409+00:00,168.00073005000013,1562,1791492204.01,principal,0.9730683690013393,0.0,0.0,24215552,32919552,14024704,14638080,
168,2026-10-08T22:57:21.064409+00:00,168.00073005000013,1563,1791492204.1,descendente,0.9730555289988843,0.0,0.0,11202560,19447808,5017600,5357568,
168,2026-10-08T22:57:21.064409+00:00,168.00073005000013,1564,1791492204.1,descendente,0.9728250690004643,0.0,0.0,46317568,282865664,32247808,33591296,
168,2026-10-08T22:57:21.064409+00:00,168.00073005000013,1565,1791492204.1,descendente,0.9728373250000004,0.0,0.0,45862912,282861568,32075776,33312768,
169,2026-10-08T22:57:22.065477+00:00,169.00223101499978,1562,1791492204.01,principal,1.0010650379990693,0.998936095100144,0.499468047550072,24215552,32919552,14024704,14648320,
169,2026-10-08T22:57:22.065477+00:00,169.00223101499978,1563,1791492204.1,descendente,1.0010648799998307,0.0,0.0,11202560,19447808,5017600,5362688,
169,2026-10-08T22:57:22.065477+00:00,169.00223101499978,1564,1791492204.1,descendente,1.0010447100012243,0.0,0.0,46317568,282865664,32247808,33605632,
169,2026-10-08T22:57:22.065477+00:00,169.00223101499978,1565,1791492204.1,descendente,1.0010234710007353,0.0,0.0,45862912,282861568,32075776,33325056,
170,2026-10-08T22:57:23.064102+00:00,170.00037867900028,1562,1791492204.01,principal,0.9986288109994348,0.0,0.0,24215552,32919552,14024704,14648320,
170,2026-10-08T22:57:23.064102+00:00,170.00037867900028,1563,1791492204.1,descendente,0.9986663609997777,0.0,0.0,11202560,19447808,5017600,5362688,
170,2026-10-08T22:57:23.064102+00:00,170.00037867900028,1564,1791492204.1,descendente,0.9986809419988276,0.0,0.0,46317568,282865664,32247808,33605632,
170,2026-10-08T22:57:23.064102+00:00,170.00037867900028,1565,1791492204.1,descendente,0.9987233029987692,0.0,0.0,45862912,282861568,32075776,33325056,
171,2026-10-08T22:57:24.065659+00:00,171.00230644099975,1562,1791492204.01,principal,1.0015562450007565,0.0,0.0,24215552,32919552,14024704,14648320,
171,2026-10-08T22:57:24.065659+00:00,171.00230644099975,1563,1791492204.1,descendente,1.0015480580004805,0.0,0.0,11202560,19447808,5017600,5362688,
171,2026-10-08T22:57:24.065659+00:00,171.00230644099975,1564,1791492204.1,descendente,1.0015338419998443,0.0,0.0,46317568,282865664,32247808,33605632,
171,2026-10-08T22:57:24.065659+00:00,171.00230644099975,1565,1791492204.1,descendente,1.001524581000922,0.0,0.0,45862912,282861568,32075776,33325056,
172,2026-10-08T22:57:25.064829+00:00,172.00136043299972,1562,1791492204.01,principal,0.999169124999753,0.0,0.0,24215552,32919552,14024704,14613504,
172,2026-10-08T22:57:25.064829+00:00,172.00136043299972,1563,1791492204.1,descendente,0.9991424670006381,0.0,0.0,11202560,19447808,5017600,5343232,
172,2026-10-08T22:57:25.064829+00:00,172.00136043299972,1564,1791492204.1,descendente,0.9995602140006667,1.0004399794959566,0.5002199897479783,46317568,282865664,32247808,33559552,
172,2026-10-08T22:57:25.064829+00:00,172.00136043299972,1565,1791492204.1,descendente,0.9996138290007366,0.0,0.0,45862912,282861568,32075776,33287168,
173,2026-10-08T22:57:26.072099+00:00,173.00878745599948,1562,1791492204.01,principal,1.007265718000781,0.0,0.0,24215552,32919552,14024704,14648320,
173,2026-10-08T22:57:26.072099+00:00,173.00878745599948,1563,1791492204.1,descendente,1.0072541480003565,0.0,0.0,11202560,19447808,5017600,5362688,
173,2026-10-08T22:57:26.072099+00:00,173.00878745599948,1564,1791492204.1,descendente,1.0071609749993513,0.0,0.0,46317568,282865664,32247808,33605632,
173,2026-10-08T22:57:26.072099+00:00,173.00878745599948,1565,1791492204.1,descendente,1.0070768259993201,0.0,0.0,45862912,282861568,32075776,33325056,
174,2026-10-08T22:57:27.085650+00:00,174.02233753700057,1562,1791492204.01,principal,1.0135529859999224,0.0,0.0,24215552,32919552,14024704,14648320,
174,2026-10-08T22:57:27.085650+00:00,174.02233753700057,1563,1791492204.1,descendente,1.0135667609993106,0.0,0.0,11202560,19447808,5017600,5362688,
174,2026-10-08T22:57:27.085650+00:00,174.02233753700057,1564,1791492204.1,descendente,1.0132399370013445,0.0,0.0,46317568,282865664,32247808,33605632,
174,2026-10-08T22:57:27.085650+00:00,174.02233753700057,1565,1791492204.1,descendente,1.0132347309991019,0.9869381392145424,0.4934690696072712,45862912,282861568,32075776,33325056,
175,2026-10-08T22:57:28.064003+00:00,175.00064630199995,1562,1791492204.01,principal,0.9783564360004675,0.0,0.0,24215552,32919552,14024704,14648320,
175,2026-10-08T22:57:28.064003+00:00,175.00064630199995,1563,1791492204.1,descendente,0.9783643219998339,0.0,0.0,11202560,19447808,5017600,5362688,
175,2026-10-08T22:57:28.064003+00:00,175.00064630199995,1564,1791492204.1,descendente,0.9783758419998776,0.0,0.0,46317568,282865664,32247808,33605632,
175,2026-10-08T22:57:28.064003+00:00,175.00064630199995,1565,1791492204.1,descendente,0.9783912140010216,0.0,0.0,45862912,282861568,32075776,33325056,
176,2026-10-08T22:57:29.115235+00:00,176.05188969600022,1562,1791492204.01,principal,1.0512298669982556,0.0,0.0,24215552,32919552,14024704,14648320,
176,2026-10-08T22:57:29.115235+00:00,176.05188969600022,1563,1791492204.1,descendente,1.0512134519995016,0.0,0.0,11202560,19447808,5017600,5362688,
176,2026-10-08T22:57:29.115235+00:00,176.05188969600022,1564,1791492204.1,descendente,1.0512913989987283,0.0,0.0,46317568,282865664,32247808,33605632,
176,2026-10-08T22:57:29.115235+00:00,176.05188969600022,1565,1791492204.1,descendente,1.051294525999765,0.0,0.0,45862912,282861568,32075776,33325056,
177,2026-10-08T22:57:30.064924+00:00,177.00148371199975,1562,1791492204.01,principal,0.9496891130002041,0.0,0.0,24215552,32919552,14024704,14642176,
177,2026-10-08T22:57:30.064924+00:00,177.00148371199975,1563,1791492204.1,descendente,0.9496960500000569,0.0,0.0,11202560,19447808,5017600,5361664,
177,2026-10-08T22:57:30.064924+00:00,177.00148371199975,1564,1791492204.1,descendente,0.9510448580003867,0.0,0.0,46317568,282865664,32247808,33593344,
177,2026-10-08T22:57:30.064924+00:00,177.00148371199975,1565,1791492204.1,descendente,0.9518171769996115,0.0,0.0,45862912,282861568,32075776,33316864,
178,2026-10-08T22:57:31.065660+00:00,178.00234822600032,1562,1791492204.01,principal,1.000732925000193,0.0,0.0,24215552,32919552,14024704,14648320,
178,2026-10-08T22:57:31.065660+00:00,178.00234822600032,1563,1791492204.1,descendente,1.0008253180003521,0.0,0.0,11202560,19447808,5017600,5362688,
178,2026-10-08T22:57:31.065660+00:00,178.00234822600032,1564,1791492204.1,descendente,0.9993899759992928,1.000610396357647,0.5003051981788235,46317568,282865664,32247808,33605632,
178,2026-10-08T22:57:31.065660+00:00,178.00234822600032,1565,1791492204.1,descendente,0.9986235150008724,0.0,0.0,45862912,282861568,32075776,33325056,
179,2026-10-08T22:57:32.066660+00:00,179.00294043699978,1562,1791492204.01,principal,1.0010021119996964,0.0,0.0,24215552,32919552,14024704,14648320,
179,2026-10-08T22:57:32.066660+00:00,179.00294043699978,1563,1791492204.1,descendente,1.0009332869994978,0.0,0.0,11202560,19447808,5017600,5362688,
179,2026-10-08T22:57:32.066660+00:00,179.00294043699978,1564,1791492204.1,descendente,1.0009522320015094,0.0,0.0,46317568,282865664,32247808,33605632,
179,2026-10-08T22:57:32.066660+00:00,179.00294043699978,1565,1791492204.1,descendente,1.000931741000386,0.0,0.0,45862912,282861568,32075776,33325056,
180,2026-10-08T22:57:33.065101+00:00,180.0011790259996,1562,1791492204.01,principal,0.9984437700004491,0.0,0.0,24215552,32919552,14024704,14648320,
180,2026-10-08T22:57:33.065101+00:00,180.0011790259996,1563,1791492204.1,descendente,0.9984297650007647,0.0,0.0,11202560,19447808,5017600,5362688,
180,2026-10-08T22:57:33.065101+00:00,180.0011790259996,1564,1791492204.1,descendente,0.9984246019994316,0.0,0.0,46317568,282865664,32247808,33605632,
180,2026-10-08T22:57:33.065101+00:00,180.0011790259996,1565,1791492204.1,descendente,0.9984350509985234,0.0,0.0,45862912,282861568,32075776,33325056,
181,2026-10-08T22:57:34.065561+00:00,181.00146145399958,1562,1791492204.01,principal,1.0004612310003722,0.0,0.0,24215552,32919552,14024704,14640128,
181,2026-10-08T22:57:34.065561+00:00,181.00146145399958,1563,1791492204.1,descendente,1.000448471000709,0.0,0.0,11202560,19447808,5017600,5359616,
181,2026-10-08T22:57:34.065561+00:00,181.00146145399958,1564,1791492204.1,descendente,1.000444762999905,0.0,0.0,46317568,282865664,32247808,33592320,
181,2026-10-08T22:57:34.065561+00:00,181.00146145399958,1565,1791492204.1,descendente,1.0006076640001993,0.0,0.0,45862912,282861568,32075776,33315840,
182,2026-10-08T22:57:35.065168+00:00,182.00140066300082,1562,1791492204.01,principal,0.9996029270005238,0.0,0.0,24215552,32919552,14024704,14648320,
182,2026-10-08T22:57:35.065168+00:00,182.00140066300082,1563,1791492204.1,descendente,0.9995973679997405,0.0,0.0,11202560,19447808,5017600,5362688,
182,2026-10-08T22:57:35.065168+00:00,182.00140066300082,1564,1791492204.1,descendente,0.9995878009995067,1.0004123689776643,0.5002061844888321,46317568,282865664,32247808,33605632,
182,2026-10-08T22:57:35.065168+00:00,182.00140066300082,1565,1791492204.1,descendente,0.9996263259999978,1.0003738136849687,0.5001869068424843,45862912,282861568,32075776,33325056,
183,2026-10-08T22:57:36.065416+00:00,183.00141760099905,1562,1791492204.01,principal,1.0002484259985067,0.0,0.0,24215552,32919552,14024704,14648320,
183,2026-10-08T22:57:36.065416+00:00,183.00141760099905,1563,1791492204.1,descendente,1.0002611620002426,0.0,0.0,11202560,19447808,5017600,5362688,
183,2026-10-08T22:57:36.065416+00:00,183.00141760099905,1564,1791492204.1,descendente,1.0002621080002427,0.0,0.0,46317568,282865664,32247808,33605632,
183,2026-10-08T22:57:36.065416+00:00,183.00141760099905,1565,1791492204.1,descendente,1.000050230000852,0.0,0.0,45862912,282861568,32075776,33325056,
184,2026-10-08T22:57:37.065544+00:00,184.00192448400048,1562,1791492204.01,principal,1.0002590260010038,0.0,0.0,24215552,32919552,14024704,14648320,
184,2026-10-08T22:57:37.065544+00:00,184.00192448400048,1563,1791492204.1,descendente,1.0002552539990575,0.0,0.0,11202560,19447808,5017600,5362688,
184,2026-10-08T22:57:37.065544+00:00,184.00192448400048,1564,1791492204.1,descendente,1.0002975490006065,0.0,0.0,46317568,282865664,32247808,33605632,
184,2026-10-08T22:57:37.065544+00:00,184.00192448400048,1565,1791492204.1,descendente,1.0002949779991468,0.0,0.0,45862912,282861568,32075776,33325056,
185,2026-10-08T22:57:38.065606+00:00,185.00212772600025,1562,1791492204.01,principal,0.9999305139990611,0.0,0.0,24215552,32919552,14024704,14648320,
185,2026-10-08T22:57:38.065606+00:00,185.00212772600025,1563,1791492204.1,descendente,1.000060857999415,0.0,0.0,11202560,19447808,5017600,5362688,
185,2026-10-08T22:57:38.065606+00:00,185.00212772600025,1564,1791492204.1,descendente,1.00002425799903,0.0,0.0,46317568,282865664,32247808,33605632,
185,2026-10-08T22:57:38.065606+00:00,185.00212772600025,1565,1791492204.1,descendente,1.0001937600009114,0.0,0.0,45862912,282861568,32075776,33325056,
186,2026-10-08T22:57:39.066824+00:00,186.00351001799936,1562,1791492204.01,principal,1.0012182730006316,0.0,0.0,24215552,32919552,14024704,14642176,
186,2026-10-08T22:57:39.066824+00:00,186.00351001799936,1563,1791492204.1,descendente,1.0010801700009324,0.0,0.0,11202560,19447808,5017600,5361664,
186,2026-10-08T22:57:39.066824+00:00,186.00351001799936,1564,1791492204.1,descendente,1.0010765530005301,0.0,0.0,46317568,282865664,32247808,33593344,
186,2026-10-08T22:57:39.066824+00:00,186.00351001799936,1565,1791492204.1,descendente,1.001077967999663,0.0,0.0,45862912,282861568,32075776,33317888,
187,2026-10-08T22:57:40.063975+00:00,187.0006689260008,1562,1791492204.01,principal,0.9971485559999564,0.0,0.0,24215552,32919552,14024704,14648320,
187,2026-10-08T22:57:40.063975+00:00,187.0006689260008,1563,1791492204.1,descendente,0.9971480399999564,0.0,0.0,11202560,19447808,5017600,5362688,
187,2026-10-08T22:57:40.063975+00:00,187.0006689260008,1564,1791492204.1,descendente,0.9971426859992789,0.0,0.0,46317568,282865664,32247808,33605632,
187,2026-10-08T22:57:40.063975+00:00,187.0006689260008,1565,1791492204.1,descendente,0.9969712719994277,0.0,0.0,45862912,282861568,32075776,33325056,
188,2026-10-08T22:57:41.107448+00:00,188.04415822199917,1562,1791492204.01,principal,1.0434760719999758,0.0,0.0,24215552,32919552,14024704,14648320,
188,2026-10-08T22:57:41.107448+00:00,188.04415822199917,1563,1791492204.1,descendente,1.0434781219992146,0.0,0.0,11202560,19447808,5017600,5362688,
188,2026-10-08T22:57:41.107448+00:00,188.04415822199917,1564,1791492204.1,descendente,1.0435819650010671,0.0,0.0,46317568,282865664,32247808,33605632,
188,2026-10-08T22:57:41.107448+00:00,188.04415822199917,1565,1791492204.1,descendente,1.043590884999503,0.0,0.0,45862912,282861568,32075776,33325056,
189,2026-10-08T22:57:42.063920+00:00,189.0004591979996,1562,1791492204.01,principal,0.9565003749994503,0.0,0.0,24215552,32919552,14024704,14648320,
189,2026-10-08T22:57:42.063920+00:00,189.0004591979996,1563,1791492204.1,descendente,0.9566424360000383,0.0,0.0,11202560,19447808,5017600,5362688,
189,2026-10-08T22:57:42.063920+00:00,189.0004591979996,1564,1791492204.1,descendente,0.9565549429989915,0.0,0.0,46317568,282865664,32247808,33605632,
189,2026-10-08T22:57:42.063920+00:00,189.0004591979996,1565,1791492204.1,descendente,0.9566104360001191,0.0,0.0,45862912,282861568,32075776,33325056,
190,2026-10-08T22:57:43.064745+00:00,190.00108904899935,1562,1791492204.01,principal,1.0007979900001374,0.0,0.0,24215552,32919552,14024704,14639104,
190,2026-10-08T22:57:43.064745+00:00,190.00108904899935,1563,1791492204.1,descendente,1.000655245001326,0.0,0.0,11202560,19447808,5017600,5360640,
190,2026-10-08T22:57:43.064745+00:00,190.00108904899935,1564,1791492204.1,descendente,1.0006844070012448,0.0,0.0,46317568,282865664,32247808,33594368,
190,2026-10-08T22:57:43.064745+00:00,190.00108904899935,1565,1791492204.1,descendente,1.0006423869999708,0.0,0.0,45862912,282861568,32075776,33314816,
191,2026-10-08T22:57:44.064866+00:00,191.00114669699906,1562,1791492204.01,principal,1.0001191290011775,0.9998808851888298,0.4999404425944149,24215552,32919552,14024704,14648320,
191,2026-10-08T22:57:44.064866+00:00,191.00114669699906,1563,1791492204.1,descendente,1.000115899998491,0.0,0.0,11202560,19447808,5017600,5362688,
191,2026-10-08T22:57:44.064866+00:00,191.00114669699906,1564,1791492204.1,descendente,1.0000694939990353,0.0,0.0,46317568,282865664,32247808,33605632,
191,2026-10-08T22:57:44.064866+00:00,191.00114669699906,1565,1791492204.1,descendente,1.0000467710015073,0.9999532311857181,0.49997661559285905,45862912,282861568,32075776,33325056,
192,2026-10-08T22:57:45.064648+00:00,192.00132183999995,1562,1791492204.01,principal,0.9997830259999319,0.0,0.0,24215552,32919552,14024704,14648320,
192,2026-10-08T22:57:45.064648+00:00,192.00132183999995,1563,1791492204.1,descendente,0.9997859750001226,0.0,0.0,11202560,19447808,5017600,5362688,
192,2026-10-08T22:57:45.064648+00:00,192.00132183999995,1564,1791492204.1,descendente,0.9997838220006088,0.0,0.0,46317568,282865664,32247808,33605632,
192,2026-10-08T22:57:45.064648+00:00,192.00132183999995,1565,1791492204.1,descendente,0.9997783019989583,0.0,0.0,45862912,282861568,32075776,33325056,
193,2026-10-08T22:57:46.080943+00:00,193.01769840400084,1562,1791492204.01,principal,1.0162920469992969,0.0,0.0,24215552,32919552,14024704,14648320,
193,2026-10-08T22:57:46.080943+00:00,193.01769840400084,1563,1791492204.1,descendente,1.0164134650003689,0.0,0.0,11202560,19447808,5017600,5362688,
193,2026-10-08T22:57:46.080943+00:00,193.01769840400084,1564,1791492204.1,descendente,1.0164689689991064,0.0,0.0,46317568,282865664,32247808,33605632,
193,2026-10-08T22:57:46.080943+00:00,193.01769840400084,1565,1791492204.1,descendente,1.016492606000611,0.0,0.0,45862912,282861568,32075776,33325056,
194,2026-10-08T22:57:47.069634+00:00,194.0012639889992,1562,1791492204.01,principal,0.9886977759997535,0.0,0.0,24215552,32919552,14024704,14648320,
194,2026-10-08T22:57:47.069634+00:00,194.0012639889992,1563,1791492204.1,descendente,0.9885867089997191,0.0,0.0,11202560,19447808,5017600,5362688,
194,2026-10-08T22:57:47.069634+00:00,194.0012639889992,1564,1791492204.1,descendente,0.9885430419999466,0.0,0.0,46317568,282865664,32247808,33605632,
194,2026-10-08T22:57:47.069634+00:00,194.0012639889992,1565,1791492204.1,descendente,0.9885452010003064,0.0,0.0,45862912,282861568,32075776,33325056,
195,2026-10-08T22:57:48.064841+00:00,195.00146991899965,1562,1791492204.01,principal,0.9952120200014178,0.0,0.0,24215552,32919552,14024704,14648320,
195,2026-10-08T22:57:48.064841+00:00,195.00146991899965,1563,1791492204.1,descendente,0.9954089980001299,0.0,0.0,11202560,19447808,5017600,5362688,
195,2026-10-08T22:57:48.064841+00:00,195.00146991899965,1564,1791492204.1,descendente,0.9954358130016772,0.0,0.0,46317568,282865664,32247808,33605632,
195,2026-10-08T22:57:48.064841+00:00,195.00146991899965,1565,1791492204.1,descendente,0.9957948639985261,0.0,0.0,45862912,282861568,32075776,33325056,
196,2026-10-08T22:57:49.064918+00:00,196.0014146829999,1562,1791492204.01,principal,1.0000684199985699,0.0,0.0,24215552,32919552,14024704,14648320,
196,2026-10-08T22:57:49.064918+00:00,196.0014146829999,1563,1791492204.1,descendente,0.9998648680011684,0.0,0.0,11202560,19447808,5017600,5362688,
196,2026-10-08T22:57:49.064918+00:00,196.0014146829999,1564,1791492204.1,descendente,0.9998350689984363,1.000164958208798,0.500082479104399,46317568,282865664,32247808,33605632,
196,2026-10-08T22:57:49.064918+00:00,196.0014146829999,1565,1791492204.1,descendente,0.9995365740014677,0.0,0.0,45862912,282861568,32075776,33325056,
197,2026-10-08T22:57:50.065581+00:00,197.00229652899907,1562,1791492204.01,principal,1.0006622480013903,0.0,0.0,24215552,32919552,14024704,14648320,
197,2026-10-08T22:57:50.065581+00:00,197.00229652899907,1563,1791492204.1,descendente,1.0006611899989366,0.0,0.0,11202560,19447808,5017600,5362688,
197,2026-10-08T22:57:50.065581+00:00,197.00229652899907,1564,1791492204.1,descendente,1.0006577500007552,0.0,0.0,46317568,282865664,32247808,33605632,
197,2026-10-08T22:57:50.065581+00:00,197.00229652899907,1565,1791492204.1,descendente,1.0005800159997307,0.0,0.0,45862912,282861568,32075776,33325056,
198,2026-10-08T22:57:51.071261+00:00,198.0079341439996,1562,1791492204.01,principal,1.0056813479986886,0.0,0.0,24215552,32919552,14024704,14648320,
198,2026-10-08T22:57:51.071261+00:00,198.0079341439996,1563,1791492204.1,descendente,1.0056941029997688,0.0,0.0,11202560,19447808,5017600,5362688,
198,2026-10-08T22:57:51.071261+00:00,198.0079341439996,1564,1791492204.1,descendente,1.0057005159997061,0.0,0.0,46317568,282865664,32247808,33605632,
198,2026-10-08T22:57:51.071261+00:00,198.0079341439996,1565,1791492204.1,descendente,1.005709659999411,0.0,0.0,45862912,282861568,32075776,33325056,
199,2026-10-08T22:57:52.064955+00:00,199.0010123360007,1562,1791492204.01,principal,0.993697138999778,0.0,0.0,24215552,32919552,14024704,14640128,
199,2026-10-08T22:57:52.064955+00:00,199.0010123360007,1563,1791492204.1,descendente,0.9936853430008341,0.0,0.0,11202560,19447808,5017600,5359616,
199,2026-10-08T22:57:52.064955+00:00,199.0010123360007,1564,1791492204.1,descendente,0.9936870060009824,0.0,0.0,46317568,282865664,32247808,33594368,
199,2026-10-08T22:57:52.064955+00:00,199.0010123360007,1565,1791492204.1,descendente,0.9937154199997167,0.0,0.0,45862912,282861568,32075776,33314816,
