amostra,utc,tempo_relativo_s,dispositivo,intervalo_real_s,leitura_bytes_total,escrita_bytes_total,leituras_total,escritas_total,leitura_bytes_delta,escrita_bytes_delta,leituras_delta,escritas_delta,leitura_bytes_s,escrita_bytes_s,ocupado_ms_delta,erro
1,2026-10-09T15:32:15.019662+00:00,1.0011894469998879,loop0,,374784,0,51,0,,,,,,,,
1,2026-10-09T15:32:15.019662+00:00,1.0011894469998879,loop1,,2107392,0,217,0,,,,,,,,
1,2026-10-09T15:32:15.019662+00:00,1.0011894469998879,loop2,,1106944,0,51,0,,,,,,,,
1,2026-10-09T15:32:15.019662+00:00,1.0011894469998879,loop3,,1141760,0,66,0,,,,,,,,
1,2026-10-09T15:32:15.019662+00:00,1.0011894469998879,loop4,,354304,0,43,0,,,,,,,,
1,2026-10-09T15:32:15.019662+00:00,1.0011894469998879,loop5,,18432,0,12,0,,,,,,,,
1,2026-10-09T15:32:15.019662+00:00,1.0011894469998879,loop6,,0,0,0,0,,,,,,,,
1,2026-10-09T15:32:15.019662+00:00,1.0011894469998879,loop7,,0,0,0,0,,,,,,,,
1,2026-10-09T15:32:15.019662+00:00,1.0011894469998879,sr0,,1536,0,8,0,,,,,,,,
1,2026-10-09T15:32:15.019662+00:00,1.0011894469998879,sda,,356335104,20848009216,7903,90570,,,,,,,,
1,2026-10-09T15:32:15.019662+00:00,1.0011894469998879,sda1,,319488,0,78,0,,,,,,,,
1,2026-10-09T15:32:15.019662+00:00,1.0011894469998879,sda2,,326784000,272257024,6593,44098,,,,,,,,
1,2026-10-09T15:32:15.019662+00:00,1.0011894469998879,sda3,,5571584,118784,155,25,,,,,,,,
1,2026-10-09T15:32:15.019662+00:00,1.0011894469998879,sda4,,4657152,0,116,0,,,,,,,,
1,2026-10-09T15:32:15.019662+00:00,1.0011894469998879,sda5,,16548864,20575633408,826,46447,,,,,,,,
2,2026-10-09T15:32:16.018607+00:00,2.0001901480000015,loop0,0.9989460119995783,374784,0,51,0,0,0,0,0,0.0,0.0,0,
2,2026-10-09T15:32:16.018607+00:00,2.0001901480000015,loop1,0.9989460119995783,2107392,0,217,0,0,0,0,0,0.0,0.0,0,
2,2026-10-09T15:32:16.018607+00:00,2.0001901480000015,loop2,0.9989460119995783,1106944,0,51,0,0,0,0,0,0.0,0.0,0,
2,2026-10-09T15:32:16.018607+00:00,2.0001901480000015,loop3,0.9989460119995783,1141760,0,66,0,0,0,0,0,0.0,0.0,0,
2,2026-10-09T15:32:16.018607+00:00,2.0001901480000015,loop4,0.9989460119995783,354304,0,43,0,0,0,0,0,0.0,0.0,0,
2,2026-10-09T15:32:16.018607+00:00,2.0001901480000015,loop5,0.9989460119995783,18432,0,12,0,0,0,0,0,0.0,0.0,0,
2,2026-10-09T15:32:16.018607+00:00,2.0001901480000015,loop6,0.9989460119995783,0,0,0,0,0,0,0,0,0.0,0.0,0,
2,2026-10-09T15:32:16.018607+00:00,2.0001901480000015,loop7,0.9989460119995783,0,0,0,0,0,0,0,0,0.0,0.0,0,
2,2026-10-09T15:32:16.018607+00:00,2.0001901480000015,sr0,0.9989460119995783,1536,0,8,0,0,0,0,0,0.0,0.0,0,
2,2026-10-09T15:32:16.018607+00:00,2.0001901480000015,sda,0.9989460119995783,356335104,20848009216,7903,90570,0,0,0,0,0.0,0.0,0,
2,2026-10-09T15:32:16.018607+00:00,2.0001901480000015,sda1,0.9989460119995783,319488,0,78,0,0,0,0,0,0.0,0.0,0,
2,2026-10-09T15:32:16.018607+00:00,2.0001901480000015,sda2,0.9989460119995783,326784000,272257024,6593,44098,0,0,0,0,0.0,0.0,0,
2,2026-10-09T15:32:16.018607+00:00,2.0001901480000015,sda3,0.9989460119995783,5571584,118784,155,25,0,0,0,0,0.0,0.0,0,
2,2026-10-09T15:32:16.018607+00:00,2.0001901480000015,sda4,0.9989460119995783,4657152,0,116,0,0,0,0,0,0.0,0.0,0,
2,2026-10-09T15:32:16.018607+00:00,2.0001901480000015,sda5,0.9989460119995783,16548864,20575633408,826,46447,0,0,0,0,0.0,0.0,0,
3,2026-10-09T15:32:17.019250+00:00,3.001304226000684,loop0,1.0006426050003938,374784,0,51,0,0,0,0,0,0.0,0.0,0,
3,2026-10-09T15:32:17.019250+00:00,3.001304226000684,loop1,1.0006426050003938,2107392,0,217,0,0,0,0,0,0.0,0.0,0,
3,2026-10-09T15:32:17.019250+00:00,3.001304226000684,loop2,1.0006426050003938,1106944,0,51,0,0,0,0,0,0.0,0.0,0,
3,2026-10-09T15:32:17.019250+00:00,3.001304226000684,loop3,1.0006426050003938,1141760,0,66,0,0,0,0,0,0.0,0.0,0,
3,2026-10-09T15:32:17.019250+00:00,3.001304226000684,loop4,1.0006426050003938,354304,0,43,0,0,0,0,0,0.0,0.0,0,
3,2026-10-09T15:32:17.019250+00:00,3.001304226000684,loop5,1.0006426050003938,18432,0,12,0,0,0,0,0,0.0,0.0,0,
3,2026-10-09T15:32:17.019250+00:00,3.001304226000684,loop6,1.0006426050003938,0,0,0,0,0,0,0,0,0.0,0.0,0,
3,2026-10-09T15:32:17.019250+00:00,3.001304226000684,loop7,1.0006426050003938,0,0,0,0,0,0,0,0,0.0,0.0,0,
3,2026-10-09T15:32:17.019250+00:00,3.001304226000684,sr0,1.0006426050003938,1536,0,8,0,0,0,0,0,0.0,0.0,0,
3,2026-10-09T15:32:17.019250+00:00,3.001304226000684,sda,1.0006426050003938,356335104,20848009216,7903,90570,0,0,0,0,0.0,0.0,0,
3,2026-10-09T15:32:17.019250+00:00,3.001304226000684,sda1,1.0006426050003938,319488,0,78,0,0,0,0,0,0.0,0.0,0,
3,2026-10-09T15:32:17.019250+00:00,3.001304226000684,sda2,1.0006426050003938,326784000,272257024,6593,44098,0,0,0,0,0.0,0.0,0,
3,2026-10-09T15:32:17.019250+00:00,3.001304226000684,sda3,1.0006426050003938,5571584,118784,155,25,0,0,0,0,0.0,0.0,0,
3,2026-10-09T15:32:17.019250+00:00,3.001304226000684,sda4,1.0006426050003938,4657152,0,116,0,0,0,0,0,0.0,0.0,0,
3,2026-10-09T15:32:17.019250+00:00,3.001304226000684,sda5,1.0006426050003938,16548864,20575633408,826,46447,0,0,0,0,0.0,0.0,0,
4,2026-10-09T15:32:18.019411+00:00,4.001511329000095,loop0,1.0001611839998077,374784,0,51,0,0,0,0,0,0.0,0.0,0,
4,2026-10-09T15:32:18.019411+00:00,4.001511329000095,loop1,1.0001611839998077,2107392,0,217,0,0,0,0,0,0.0,0.0,0,
4,2026-10-09T15:32:18.019411+00:00,4.001511329000095,loop2,1.0001611839998077,1106944,0,51,0,0,0,0,0,0.0,0.0,0,
4,2026-10-09T15:32:18.019411+00:00,4.001511329000095,loop3,1.0001611839998077,1141760,0,66,0,0,0,0,0,0.0,0.0,0,
4,2026-10-09T15:32:18.019411+00:00,4.001511329000095,loop4,1.0001611839998077,354304,0,43,0,0,0,0,0,0.0,0.0,0,
4,2026-10-09T15:32:18.019411+00:00,4.001511329000095,loop5,1.0001611839998077,18432,0,12,0,0,0,0,0,0.0,0.0,0,
4,2026-10-09T15:32:18.019411+00:00,4.001511329000095,loop6,1.0001611839998077,0,0,0,0,0,0,0,0,0.0,0.0,0,
4,2026-10-09T15:32:18.019411+00:00,4.001511329000095,loop7,1.0001611839998077,0,0,0,0,0,0,0,0,0.0,0.0,0,
4,2026-10-09T15:32:18.019411+00:00,4.001511329000095,sr0,1.0001611839998077,1536,0,8,0,0,0,0,0,0.0,0.0,0,
4,2026-10-09T15:32:18.019411+00:00,4.001511329000095,sda,1.0001611839998077,356335104,20904194048,7903,90684,0,56184832,0,114,0.0,56175777.36351224,532,
4,2026-10-09T15:32:18.019411+00:00,4.001511329000095,sda1,1.0001611839998077,319488,0,78,0,0,0,0,0,0.0,0.0,0,
4,2026-10-09T15:32:18.019411+00:00,4.001511329000095,sda2,1.0001611839998077,326784000,272257024,6593,44098,0,0,0,0,0.0,0.0,4,
4,2026-10-09T15:32:18.019411+00:00,4.001511329000095,sda3,1.0001611839998077,5571584,118784,155,25,0,0,0,0,0.0,0.0,0,
4,2026-10-09T15:32:18.019411+00:00,4.001511329000095,sda4,1.0001611839998077,4657152,0,116,0,0,0,0,0,0.0,0.0,0,
4,2026-10-09T15:32:18.019411+00:00,4.001511329000095,sda5,1.0001611839998077,16548864,20631818240,826,46561,0,56184832,0,114,0.0,56175777.36351224,532,
5,2026-10-09T15:32:19.019377+00:00,5.001502208000602,loop0,0.9999657050002497,374784,0,51,0,0,0,0,0,0.0,0.0,0,
5,2026-10-09T15:32:19.019377+00:00,5.001502208000602,loop1,0.9999657050002497,2107392,0,217,0,0,0,0,0,0.0,0.0,0,
5,2026-10-09T15:32:19.019377+00:00,5.001502208000602,loop2,0.9999657050002497,1106944,0,51,0,0,0,0,0,0.0,0.0,0,
5,2026-10-09T15:32:19.019377+00:00,5.001502208000602,loop3,0.9999657050002497,1141760,0,66,0,0,0,0,0,0.0,0.0,0,
5,2026-10-09T15:32:19.019377+00:00,5.001502208000602,loop4,0.9999657050002497,354304,0,43,0,0,0,0,0,0.0,0.0,0,
5,2026-10-09T15:32:19.019377+00:00,5.001502208000602,loop5,0.9999657050002497,18432,0,12,0,0,0,0,0,0.0,0.0,0,
5,2026-10-09T15:32:19.019377+00:00,5.001502208000602,loop6,0.9999657050002497,0,0,0,0,0,0,0,0,0.0,0.0,0,
5,2026-10-09T15:32:19.019377+00:00,5.001502208000602,loop7,0.9999657050002497,0,0,0,0,0,0,0,0,0.0,0.0,0,
5,2026-10-09T15:32:19.019377+00:00,5.001502208000602,sr0,0.9999657050002497,1536,0,8,0,0,0,0,0,0.0,0.0,0,
5,2026-10-09T15:32:19.019377+00:00,5.001502208000602,sda,0.9999657050002497,356335104,20972511232,7903,90848,0,68317184,0,164,0.0,68319527.01816203,1000,
5,2026-10-09T15:32:19.019377+00:00,5.001502208000602,sda1,0.9999657050002497,319488,0,78,0,0,0,0,0,0.0,0.0,0,
5,2026-10-09T15:32:19.019377+00:00,5.001502208000602,sda2,0.9999657050002497,326784000,272310272,6593,44105,0,53248,0,7,0.0,53249.82620277633,64,
5,2026-10-09T15:32:19.019377+00:00,5.001502208000602,sda3,0.9999657050002497,5571584,118784,155,25,0,0,0,0,0.0,0.0,0,
5,2026-10-09T15:32:19.019377+00:00,5.001502208000602,sda4,0.9999657050002497,4657152,0,116,0,0,0,0,0,0.0,0.0,0,
5,2026-10-09T15:32:19.019377+00:00,5.001502208000602,sda5,0.9999657050002497,16548864,20700082176,826,46718,0,68263936,0,157,0.0,68266277.19195925,992,
6,2026-10-09T15:32:20.019401+00:00,6.001501751000433,loop0,1.0000235239995163,374784,0,51,0,0,0,0,0,0.0,0.0,0,
6,2026-10-09T15:32:20.019401+00:00,6.001501751000433,loop1,1.0000235239995163,2107392,0,217,0,0,0,0,0,0.0,0.0,0,
6,2026-10-09T15:32:20.019401+00:00,6.001501751000433,loop2,1.0000235239995163,1106944,0,51,0,0,0,0,0,0.0,0.0,0,
6,2026-10-09T15:32:20.019401+00:00,6.001501751000433,loop3,1.0000235239995163,1141760,0,66,0,0,0,0,0,0.0,0.0,0,
6,2026-10-09T15:32:20.019401+00:00,6.001501751000433,loop4,1.0000235239995163,354304,0,43,0,0,0,0,0,0.0,0.0,0,
6,2026-10-09T15:32:20.019401+00:00,6.001501751000433,loop5,1.0000235239995163,18432,0,12,0,0,0,0,0,0.0,0.0,0,
6,2026-10-09T15:32:20.019401+00:00,6.001501751000433,loop6,1.0000235239995163,0,0,0,0,0,0,0,0,0.0,0.0,0,
6,2026-10-09T15:32:20.019401+00:00,6.001501751000433,loop7,1.0000235239995163,0,0,0,0,0,0,0,0,0.0,0.0,0,
6,2026-10-09T15:32:20.019401+00:00,6.001501751000433,sr0,1.0000235239995163,1536,0,8,0,0,0,0,0,0.0,0.0,0,
6,2026-10-09T15:32:20.019401+00:00,6.001501751000433,sda,1.0000235239995163,356335104,21044502528,7903,91008,0,71991296,0,160,0.0,71989602.51662523,968,
6,2026-10-09T15:32:20.019401+00:00,6.001501751000433,sda1,1.0000235239995163,319488,0,78,0,0,0,0,0,0.0,0.0,0,
6,2026-10-09T15:32:20.019401+00:00,6.001501751000433,sda2,1.0000235239995163,326784000,272330752,6593,44107,0,20480,0,2,0.0,20479.51823982283,4,
6,2026-10-09T15:32:20.019401+00:00,6.001501751000433,sda3,1.0000235239995163,5571584,118784,155,25,0,0,0,0,0.0,0.0,0,
6,2026-10-09T15:32:20.019401+00:00,6.001501751000433,sda4,1.0000235239995163,4657152,0,116,0,0,0,0,0,0.0,0.0,0,
6,2026-10-09T15:32:20.019401+00:00,6.001501751000433,sda5,1.0000235239995163,16548864,20772052992,826,46876,0,71970816,0,158,0.0,71969122.9983854,968,
7,2026-10-09T15:32:21.020261+00:00,7.002329537000151,loop0,1.0008606569999756,374784,0,51,0,0,0,0,0,0.0,0.0,0,
7,2026-10-09T15:32:21.020261+00:00,7.002329537000151,loop1,1.0008606569999756,2107392,0,217,0,0,0,0,0,0.0,0.0,0,
7,2026-10-09T15:32:21.020261+00:00,7.002329537000151,loop2,1.0008606569999756,1106944,0,51,0,0,0,0,0,0.0,0.0,0,
7,2026-10-09T15:32:21.020261+00:00,7.002329537000151,loop3,1.0008606569999756,1141760,0,66,0,0,0,0,0,0.0,0.0,0,
7,2026-10-09T15:32:21.020261+00:00,7.002329537000151,loop4,1.0008606569999756,354304,0,43,0,0,0,0,0,0.0,0.0,0,
7,2026-10-09T15:32:21.020261+00:00,7.002329537000151,loop5,1.0008606569999756,18432,0,12,0,0,0,0,0,0.0,0.0,0,
7,2026-10-09T15:32:21.020261+00:00,7.002329537000151,loop6,1.0008606569999756,0,0,0,0,0,0,0,0,0.0,0.0,0,
7,2026-10-09T15:32:21.020261+00:00,7.002329537000151,loop7,1.0008606569999756,0,0,0,0,0,0,0,0,0.0,0.0,0,
7,2026-10-09T15:32:21.020261+00:00,7.002329537000151,sr0,1.0008606569999756,1536,0,8,0,0,0,0,0,0.0,0.0,0,
7,2026-10-09T15:32:21.020261+00:00,7.002329537000151,sda,1.0008606569999756,356335104,21120217088,7903,91168,0,75714560,0,160,0.0,75649451.76979001,928,
7,2026-10-09T15:32:21.020261+00:00,7.002329537000151,sda1,1.0008606569999756,319488,0,78,0,0,0,0,0,0.0,0.0,0,
7,2026-10-09T15:32:21.020261+00:00,7.002329537000151,sda2,1.0008606569999756,326784000,272330752,6593,44107,0,0,0,0,0.0,0.0,0,
7,2026-10-09T15:32:21.020261+00:00,7.002329537000151,sda3,1.0008606569999756,5571584,118784,155,25,0,0,0,0,0.0,0.0,0,
7,2026-10-09T15:32:21.020261+00:00,7.002329537000151,sda4,1.0008606569999756,4657152,0,116,0,0,0,0,0,0.0,0.0,0,
7,2026-10-09T15:32:21.020261+00:00,7.002329537000151,sda5,1.0008606569999756,16548864,20847767552,826,47036,0,75714560,0,160,0.0,75649451.76979001,928,
8,2026-10-09T15:32:22.018782+00:00,8.000913433000278,loop0,0.9985207660001834,374784,0,51,0,0,0,0,0,0.0,0.0,0,
8,2026-10-09T15:32:22.018782+00:00,8.000913433000278,loop1,0.9985207660001834,2107392,0,217,0,0,0,0,0,0.0,0.0,0,
8,2026-10-09T15:32:22.018782+00:00,8.000913433000278,loop2,0.9985207660001834,1106944,0,51,0,0,0,0,0,0.0,0.0,0,
8,2026-10-09T15:32:22.018782+00:00,8.000913433000278,loop3,0.9985207660001834,1141760,0,66,0,0,0,0,0,0.0,0.0,0,
8,2026-10-09T15:32:22.018782+00:00,8.000913433000278,loop4,0.9985207660001834,354304,0,43,0,0,0,0,0,0.0,0.0,0,
8,2026-10-09T15:32:22.018782+00:00,8.000913433000278,loop5,0.9985207660001834,18432,0,12,0,0,0,0,0,0.0,0.0,0,
8,2026-10-09T15:32:22.018782+00:00,8.000913433000278,loop6,0.9985207660001834,0,0,0,0,0,0,0,0,0.0,0.0,0,
8,2026-10-09T15:32:22.018782+00:00,8.000913433000278,loop7,0.9985207660001834,0,0,0,0,0,0,0,0,0.0,0.0,0,
8,2026-10-09T15:32:22.018782+00:00,8.000913433000278,sr0,0.9985207660001834,1536,0,8,0,0,0,0,0,0.0,0.0,0,
8,2026-10-09T15:32:22.018782+00:00,8.000913433000278,sda,0.9985207660001834,356335104,21203271680,7903,91341,0,83054592,0,173,0.0,83177631.18006577,1012,
8,2026-10-09T15:32:22.018782+00:00,8.000913433000278,sda1,0.9985207660001834,319488,0,78,0,0,0,0,0,0.0,0.0,0,
8,2026-10-09T15:32:22.018782+00:00,8.000913433000278,sda2,0.9985207660001834,326784000,272330752,6593,44107,0,0,0,0,0.0,0.0,0,
8,2026-10-09T15:32:22.018782+00:00,8.000913433000278,sda3,0.9985207660001834,5571584,118784,155,25,0,0,0,0,0.0,0.0,0,
8,2026-10-09T15:32:22.018782+00:00,8.000913433000278,sda4,0.9985207660001834,4657152,0,116,0,0,0,0,0,0.0,0.0,0,
8,2026-10-09T15:32:22.018782+00:00,8.000913433000278,sda5,0.9985207660001834,16548864,20930822144,826,47209,0,83054592,0,173,0.0,83177631.18006577,1012,
9,2026-10-09T15:32:23.018741+00:00,9.00106151,loop0,0.9999597670002913,374784,0,51,0,0,0,0,0,0.0,0.0,0,
9,2026-10-09T15:32:23.018741+00:00,9.00106151,loop1,0.9999597670002913,2107392,0,217,0,0,0,0,0,0.0,0.0,0,
9,2026-10-09T15:32:23.018741+00:00,9.00106151,loop2,0.9999597670002913,1106944,0,51,0,0,0,0,0,0.0,0.0,0,
9,2026-10-09T15:32:23.018741+00:00,9.00106151,loop3,0.9999597670002913,1141760,0,66,0,0,0,0,0,0.0,0.0,0,
9,2026-10-09T15:32:23.018741+00:00,9.00106151,loop4,0.9999597670002913,354304,0,43,0,0,0,0,0,0.0,0.0,0,
9,2026-10-09T15:32:23.018741+00:00,9.00106151,loop5,0.9999597670002913,18432,0,12,0,0,0,0,0,0.0,0.0,0,
9,2026-10-09T15:32:23.018741+00:00,9.00106151,loop6,0.9999597670002913,0,0,0,0,0,0,0,0,0.0,0.0,0,
9,2026-10-09T15:32:23.018741+00:00,9.00106151,loop7,0.9999597670002913,0,0,0,0,0,0,0,0,0.0,0.0,0,
9,2026-10-09T15:32:23.018741+00:00,9.00106151,sr0,0.9999597670002913,1536,0,8,0,0,0,0,0,0.0,0.0,0,
9,2026-10-09T15:32:23.018741+00:00,9.00106151,sda,0.9999597670002913,356335104,21226905600,7903,91958,0,23633920,0,617,0.0,23634870.901754104,676,
9,2026-10-09T15:32:23.018741+00:00,9.00106151,sda1,0.9999597670002913,319488,0,78,0,0,0,0,0,0.0,0.0,0,
9,2026-10-09T15:32:23.018741+00:00,9.00106151,sda2,0.9999597670002913,326784000,275570688,6593,44681,0,3239936,0,574,0.0,3240066.357588821,180,
9,2026-10-09T15:32:23.018741+00:00,9.00106151,sda3,0.9999597670002913,5571584,118784,155,25,0,0,0,0,0.0,0.0,0,
9,2026-10-09T15:32:23.018741+00:00,9.00106151,sda4,0.9999597670002913,4657152,0,116,0,0,0,0,0,0.0,0.0,0,
9,2026-10-09T15:32:23.018741+00:00,9.00106151,sda5,0.9999597670002913,16548864,20951216128,826,47252,0,20393984,0,43,0.0,20394804.544165283,612,
10,2026-10-09T15:32:24.018672+00:00,10.000925736000681,loop0,0.9999299949995475,374784,0,51,0,0,0,0,0,0.0,0.0,0,
10,2026-10-09T15:32:24.018672+00:00,10.000925736000681,loop1,0.9999299949995475,2107392,0,217,0,0,0,0,0,0.0,0.0,0,
10,2026-10-09T15:32:24.018672+00:00,10.000925736000681,loop2,0.9999299949995475,1106944,0,51,0,0,0,0,0,0.0,0.0,0,
10,2026-10-09T15:32:24.018672+00:00,10.000925736000681,loop3,0.9999299949995475,1141760,0,66,0,0,0,0,0,0.0,0.0,0,
10,2026-10-09T15:32:24.018672+00:00,10.000925736000681,loop4,0.9999299949995475,354304,0,43,0,0,0,0,0,0.0,0.0,0,
10,2026-10-09T15:32:24.018672+00:00,10.000925736000681,loop5,0.9999299949995475,18432,0,12,0,0,0,0,0,0.0,0.0,0,
10,2026-10-09T15:32:24.018672+00:00,10.000925736000681,loop6,0.9999299949995475,0,0,0,0,0,0,0,0,0.0,0.0,0,
10,2026-10-09T15:32:24.018672+00:00,10.000925736000681,loop7,0.9999299949995475,0,0,0,0,0,0,0,0,0.0,0.0,0,
10,2026-10-09T15:32:24.018672+00:00,10.000925736000681,sr0,0.9999299949995475,1536,0,8,0,0,0,0,0,0.0,0.0,0,
10,2026-10-09T15:32:24.018672+00:00,10.000925736000681,sda,0.9999299949995475,356335104,21310349312,7903,92140,0,83443712,0,182,0.0,83449553.88605756,1176,
10,2026-10-09T15:32:24.018672+00:00,10.000925736000681,sda1,0.9999299949995475,319488,0,78,0,0,0,0,0,0.0,0.0,0,
10,2026-10-09T15:32:24.018672+00:00,10.000925736000681,sda2,0.9999299949995475,326784000,275619840,6593,44684,0,49152,0,3,0.0,49155.44112667831,16,
10,2026-10-09T15:32:24.018672+00:00,10.000925736000681,sda3,0.9999299949995475,5571584,118784,155,25,0,0,0,0,0.0,0.0,0,
10,2026-10-09T15:32:24.018672+00:00,10.000925736000681,sda4,0.9999299949995475,4657152,0,116,0,0,0,0,0,0.0,0.0,0,
10,2026-10-09T15:32:24.018672+00:00,10.000925736000681,sda5,0.9999299949995475,16548864,21034610688,826,47431,0,83394560,0,179,0.0,83400398.44493088,1168,
11,2026-10-09T15:32:25.018832+00:00,11.001050384999871,loop0,1.000160581000273,374784,0,51,0,0,0,0,0,0.0,0.0,0,
11,2026-10-09T15:32:25.018832+00:00,11.001050384999871,loop1,1.000160581000273,2107392,0,217,0,0,0,0,0,0.0,0.0,0,
11,2026-10-09T15:32:25.018832+00:00,11.001050384999871,loop2,1.000160581000273,1106944,0,51,0,0,0,0,0,0.0,0.0,0,
11,2026-10-09T15:32:25.018832+00:00,11.001050384999871,loop3,1.000160581000273,1141760,0,66,0,0,0,0,0,0.0,0.0,0,
11,2026-10-09T15:32:25.018832+00:00,11.001050384999871,loop4,1.000160581000273,354304,0,43,0,0,0,0,0,0.0,0.0,0,
11,2026-10-09T15:32:25.018832+00:00,11.001050384999871,loop5,1.000160581000273,18432,0,12,0,0,0,0,0,0.0,0.0,0,
11,2026-10-09T15:32:25.018832+00:00,11.001050384999871,loop6,1.000160581000273,0,0,0,0,0,0,0,0,0.0,0.0,0,
11,2026-10-09T15:32:25.018832+00:00,11.001050384999871,loop7,1.000160581000273,0,0,0,0,0,0,0,0,0.0,0.0,0,
11,2026-10-09T15:32:25.018832+00:00,11.001050384999871,sr0,1.000160581000273,1536,0,8,0,0,0,0,0,0.0,0.0,0,
11,2026-10-09T15:32:25.018832+00:00,11.001050384999871,sda,1.000160581000273,356335104,21394423808,7903,92315,0,84074496,0,175,0.0,84060997.40095341,1032,
11,2026-10-09T15:32:25.018832+00:00,11.001050384999871,sda1,1.000160581000273,319488,0,78,0,0,0,0,0,0.0,0.0,0,
11,2026-10-09T15:32:25.018832+00:00,11.001050384999871,sda2,1.000160581000273,326784000,275619840,6593,44684,0,0,0,0,0.0,0.0,0,
11,2026-10-09T15:32:25.018832+00:00,11.001050384999871,sda3,1.000160581000273,5571584,118784,155,25,0,0,0,0,0.0,0.0,0,
11,2026-10-09T15:32:25.018832+00:00,11.001050384999871,sda4,1.000160581000273,4657152,0,116,0,0,0,0,0,0.0,0.0,0,
11,2026-10-09T15:32:25.018832+00:00,11.001050384999871,sda5,1.000160581000273,16548864,21118685184,826,47606,0,84074496,0,175,0.0,84060997.40095341,1032,
12,2026-10-09T15:32:26.018673+00:00,12.000891206000233,loop0,0.9998404480002137,374784,0,51,0,0,0,0,0,0.0,0.0,0,
12,2026-10-09T15:32:26.018673+00:00,12.000891206000233,loop1,0.9998404480002137,2107392,0,217,0,0,0,0,0,0.0,0.0,0,
12,2026-10-09T15:32:26.018673+00:00,12.000891206000233,loop2,0.9998404480002137,1106944,0,51,0,0,0,0,0,0.0,0.0,0,
12,2026-10-09T15:32:26.018673+00:00,12.000891206000233,loop3,0.9998404480002137,1141760,0,66,0,0,0,0,0,0.0,0.0,0,
12,2026-10-09T15:32:26.018673+00:00,12.000891206000233,loop4,0.9998404480002137,354304,0,43,0,0,0,0,0,0.0,0.0,0,
12,2026-10-09T15:32:26.018673+00:00,12.000891206000233,loop5,0.9998404480002137,18432,0,12,0,0,0,0,0,0.0,0.0,0,
12,2026-10-09T15:32:26.018673+00:00,12.000891206000233,loop6,0.9998404480002137,0,0,0,0,0,0,0,0,0.0,0.0,0,
12,2026-10-09T15:32:26.018673+00:00,12.000891206000233,loop7,0.9998404480002137,0,0,0,0,0,0,0,0,0.0,0.0,0,
12,2026-10-09T15:32:26.018673+00:00,12.000891206000233,sr0,0.9998404480002137,1536,0,8,0,0,0,0,0,0.0,0.0,0,
12,2026-10-09T15:32:26.018673+00:00,12.000891206000233,sda,0.9998404480002137,356335104,21461463040,7903,92463,0,67039232,0,148,0.0,67049929.95040912,836,
12,2026-10-09T15:32:26.018673+00:00,12.000891206000233,sda1,0.9998404480002137,319488,0,78,0,0,0,0,0,0.0,0.0,0,
12,2026-10-09T15:32:26.018673+00:00,12.000891206000233,sda2,0.9998404480002137,326784000,275619840,6593,44684,0,0,0,0,0.0,0.0,0,
12,2026-10-09T15:32:26.018673+00:00,12.000891206000233,sda3,0.9998404480002137,5571584,118784,155,25,0,0,0,0,0.0,0.0,0,
12,2026-10-09T15:32:26.018673+00:00,12.000891206000233,sda4,0.9998404480002137,4657152,0,116,0,0,0,0,0,0.0,0.0,0,
12,2026-10-09T15:32:26.018673+00:00,12.000891206000233,sda5,0.9998404480002137,16548864,21185724416,826,47754,0,67039232,0,148,0.0,67049929.95040912,836,
13,2026-10-09T15:32:27.019141+00:00,13.001128332000008,loop0,1.0004682319995482,374784,0,51,0,0,0,0,0,0.0,0.0,0,
13,2026-10-09T15:32:27.019141+00:00,13.001128332000008,loop1,1.0004682319995482,2107392,0,217,0,0,0,0,0,0.0,0.0,0,
13,2026-10-09T15:32:27.019141+00:00,13.001128332000008,loop2,1.0004682319995482,1106944,0,51,0,0,0,0,0,0.0,0.0,0,
13,2026-10-09T15:32:27.019141+00:00,13.001128332000008,loop3,1.0004682319995482,1141760,0,66,0,0,0,0,0,0.0,0.0,0,
13,2026-10-09T15:32:27.019141+00:00,13.001128332000008,loop4,1.0004682319995482,354304,0,43,0,0,0,0,0,0.0,0.0,0,
13,2026-10-09T15:32:27.019141+00:00,13.001128332000008,loop5,1.0004682319995482,18432,0,12,0,0,0,0,0,0.0,0.0,0,
13,2026-10-09T15:32:27.019141+00:00,13.001128332000008,loop6,1.0004682319995482,0,0,0,0,0,0,0,0,0.0,0.0,0,
13,2026-10-09T15:32:27.019141+00:00,13.001128332000008,loop7,1.0004682319995482,0,0,0,0,0,0,0,0,0.0,0.0,0,
13,2026-10-09T15:32:27.019141+00:00,13.001128332000008,sr0,1.0004682319995482,1536,0,8,0,0,0,0,0,0.0,0.0,0,
13,2026-10-09T15:32:27.019141+00:00,13.001128332000008,sda,1.0004682319995482,356335104,21538643968,7903,92621,0,77180928,0,158,0.0,77144806.33307591,972,
13,2026-10-09T15:32:27.019141+00:00,13.001128332000008,sda1,1.0004682319995482,319488,0,78,0,0,0,0,0,0.0,0.0,0,
13,2026-10-09T15:32:27.019141+00:00,13.001128332000008,sda2,1.0004682319995482,326784000,275619840,6593,44684,0,0,0,0,0.0,0.0,0,
13,2026-10-09T15:32:27.019141+00:00,13.001128332000008,sda3,1.0004682319995482,5571584,118784,155,25,0,0,0,0,0.0,0.0,0,
13,2026-10-09T15:32:27.019141+00:00,13.001128332000008,sda4,1.0004682319995482,4657152,0,116,0,0,0,0,0,0.0,0.0,0,
13,2026-10-09T15:32:27.019141+00:00,13.001128332000008,sda5,1.0004682319995482,16548864,21262905344,826,47912,0,77180928,0,158,0.0,77144806.33307591,972,
14,2026-10-09T15:32:28.023258+00:00,14.004326019000473,loop0,1.0041169229998559,374784,0,51,0,0,0,0,0,0.0,0.0,0,
14,2026-10-09T15:32:28.023258+00:00,14.004326019000473,loop1,1.0041169229998559,2107392,0,217,0,0,0,0,0,0.0,0.0,0,
14,2026-10-09T15:32:28.023258+00:00,14.004326019000473,loop2,1.0041169229998559,1106944,0,51,0,0,0,0,0,0.0,0.0,0,
14,2026-10-09T15:32:28.023258+00:00,14.004326019000473,loop3,1.0041169229998559,1141760,0,66,0,0,0,0,0,0.0,0.0,0,
14,2026-10-09T15:32:28.023258+00:00,14.004326019000473,loop4,1.0041169229998559,354304,0,43,0,0,0,0,0,0.0,0.0,0,
14,2026-10-09T15:32:28.023258+00:00,14.004326019000473,loop5,1.0041169229998559,18432,0,12,0,0,0,0,0,0.0,0.0,0,
14,2026-10-09T15:32:28.023258+00:00,14.004326019000473,loop6,1.0041169229998559,0,0,0,0,0,0,0,0,0.0,0.0,0,
14,2026-10-09T15:32:28.023258+00:00,14.004326019000473,loop7,1.0041169229998559,0,0,0,0,0,0,0,0,0.0,0.0,0,
14,2026-10-09T15:32:28.023258+00:00,14.004326019000473,sr0,1.0041169229998559,1536,0,8,0,0,0,0,0,0.0,0.0,0,
14,2026-10-09T15:32:28.023258+00:00,14.004326019000473,sda,1.0041169229998559,356335104,21610516480,7903,92772,0,71872512,0,151,0.0,71577831.57889305,984,
14,2026-10-09T15:32:28.023258+00:00,14.004326019000473,sda1,1.0041169229998559,319488,0,78,0,0,0,0,0,0.0,0.0,0,
14,2026-10-09T15:32:28.023258+00:00,14.004326019000473,sda2,1.0041169229998559,326784000,275619840,6593,44684,0,0,0,0,0.0,0.0,0,
14,2026-10-09T15:32:28.023258+00:00,14.004326019000473,sda3,1.0041169229998559,5571584,118784,155,25,0,0,0,0,0.0,0.0,0,
14,2026-10-09T15:32:28.023258+00:00,14.004326019000473,sda4,1.0041169229998559,4657152,0,116,0,0,0,0,0,0.0,0.0,0,
14,2026-10-09T15:32:28.023258+00:00,14.004326019000473,sda5,1.0041169229998559,16548864,21334777856,826,48063,0,71872512,0,151,0.0,71577831.57889305,984,
15,2026-10-09T15:32:29.019136+00:00,15.001131500000156,loop0,0.9958787080004186,374784,0,51,0,0,0,0,0,0.0,0.0,0,
15,2026-10-09T15:32:29.019136+00:00,15.001131500000156,loop1,0.9958787080004186,2107392,0,217,0,0,0,0,0,0.0,0.0,0,
15,2026-10-09T15:32:29.019136+00:00,15.001131500000156,loop2,0.9958787080004186,1106944,0,51,0,0,0,0,0,0.0,0.0,0,
15,2026-10-09T15:32:29.019136+00:00,15.001131500000156,loop3,0.9958787080004186,1141760,0,66,0,0,0,0,0,0.0,0.0,0,
15,2026-10-09T15:32:29.019136+00:00,15.001131500000156,loop4,0.9958787080004186,354304,0,43,0,0,0,0,0,0.0,0.0,0,
15,2026-10-09T15:32:29.019136+00:00,15.001131500000156,loop5,0.9958787080004186,18432,0,12,0,0,0,0,0,0.0,0.0,0,
15,2026-10-09T15:32:29.019136+00:00,15.001131500000156,loop6,0.9958787080004186,0,0,0,0,0,0,0,0,0.0,0.0,0,
15,2026-10-09T15:32:29.019136+00:00,15.001131500000156,loop7,0.9958787080004186,0,0,0,0,0,0,0,0,0.0,0.0,0,
15,2026-10-09T15:32:29.019136+00:00,15.001131500000156,sr0,0.9958787080004186,1536,0,8,0,0,0,0,0,0.0,0.0,0,
15,2026-10-09T15:32:29.019136+00:00,15.001131500000156,sda,0.9958787080004186,356335104,21682659328,7903,92933,0,72142848,0,161,0.0,72441400.16292997,920,
15,2026-10-09T15:32:29.019136+00:00,15.001131500000156,sda1,0.9958787080004186,319488,0,78,0,0,0,0,0,0.0,0.0,0,
15,2026-10-09T15:32:29.019136+00:00,15.001131500000156,sda2,0.9958787080004186,326784000,275664896,6593,44693,0,45056,0,9,0.0,45242.457377631836,16,
15,2026-10-09T15:32:29.019136+00:00,15.001131500000156,sda3,0.9958787080004186,5571584,118784,155,25,0,0,0,0,0.0,0.0,0,
15,2026-10-09T15:32:29.019136+00:00,15.001131500000156,sda4,0.9958787080004186,4657152,0,116,0,0,0,0,0,0.0,0.0,0,
15,2026-10-09T15:32:29.019136+00:00,15.001131500000156,sda5,0.9958787080004186,16548864,21406875648,826,48215,0,72097792,0,152,0.0,72396157.70555232,912,
16,2026-10-09T15:32:30.019748+00:00,16.001057243000105,loop0,1.0006116089998613,374784,0,51,0,0,0,0,0,0.0,0.0,0,
16,2026-10-09T15:32:30.019748+00:00,16.001057243000105,loop1,1.0006116089998613,2107392,0,217,0,0,0,0,0,0.0,0.0,0,
16,2026-10-09T15:32:30.019748+00:00,16.001057243000105,loop2,1.0006116089998613,1106944,0,51,0,0,0,0,0,0.0,0.0,0,
16,2026-10-09T15:32:30.019748+00:00,16.001057243000105,loop3,1.0006116089998613,1141760,0,66,0,0,0,0,0,0.0,0.0,0,
16,2026-10-09T15:32:30.019748+00:00,16.001057243000105,loop4,1.0006116089998613,354304,0,43,0,0,0,0,0,0.0,0.0,0,
16,2026-10-09T15:32:30.019748+00:00,16.001057243000105,loop5,1.0006116089998613,18432,0,12,0,0,0,0,0,0.0,0.0,0,
16,2026-10-09T15:32:30.019748+00:00,16.001057243000105,loop6,1.0006116089998613,0,0,0,0,0,0,0,0,0.0,0.0,0,
16,2026-10-09T15:32:30.019748+00:00,16.001057243000105,loop7,1.0006116089998613,0,0,0,0,0,0,0,0,0.0,0.0,0,
16,2026-10-09T15:32:30.019748+00:00,16.001057243000105,sr0,1.0006116089998613,1536,0,8,0,0,0,0,0,0.0,0.0,0,
16,2026-10-09T15:32:30.019748+00:00,16.001057243000105,sda,1.0006116089998613,356335104,21742735360,7903,93059,0,60076032,0,126,0.0,60039311.41679201,1004,
16,2026-10-09T15:32:30.019748+00:00,16.001057243000105,sda1,1.0006116089998613,319488,0,78,0,0,0,0,0,0.0,0.0,0,
16,2026-10-09T15:32:30.019748+00:00,16.001057243000105,sda2,1.0006116089998613,326784000,275664896,6593,44693,0,0,0,0,0.0,0.0,0,
16,2026-10-09T15:32:30.019748+00:00,16.001057243000105,sda3,1.0006116089998613,5571584,118784,155,25,0,0,0,0,0.0,0.0,0,
16,2026-10-09T15:32:30.019748+00:00,16.001057243000105,sda4,1.0006116089998613,4657152,0,116,0,0,0,0,0,0.0,0.0,0,
16,2026-10-09T15:32:30.019748+00:00,16.001057243000105,sda5,1.0006116089998613,16548864,21466951680,826,48341,0,60076032,0,126,0.0,60039311.41679201,1004,
17,2026-10-09T15:32:31.018934+00:00,17.00106309900002,loop0,0.9991862920005588,374784,0,51,0,0,0,0,0,0.0,0.0,0,
17,2026-10-09T15:32:31.018934+00:00,17.00106309900002,loop1,0.9991862920005588,2107392,0,217,0,0,0,0,0,0.0,0.0,0,
17,2026-10-09T15:32:31.018934+00:00,17.00106309900002,loop2,0.9991862920005588,1106944,0,51,0,0,0,0,0,0.0,0.0,0,
17,2026-10-09T15:32:31.018934+00:00,17.00106309900002,loop3,0.9991862920005588,1141760,0,66,0,0,0,0,0,0.0,0.0,0,
17,2026-10-09T15:32:31.018934+00:00,17.00106309900002,loop4,0.9991862920005588,354304,0,43,0,0,0,0,0,0.0,0.0,0,
17,2026-10-09T15:32:31.018934+00:00,17.00106309900002,loop5,0.9991862920005588,18432,0,12,0,0,0,0,0,0.0,0.0,0,
17,2026-10-09T15:32:31.018934+00:00,17.00106309900002,loop6,0.9991862920005588,0,0,0,0,0,0,0,0,0.0,0.0,0,
17,2026-10-09T15:32:31.018934+00:00,17.00106309900002,loop7,0.9991862920005588,0,0,0,0,0,0,0,0,0.0,0.0,0,
17,2026-10-09T15:32:31.018934+00:00,17.00106309900002,sr0,0.9991862920005588,1536,0,8,0,0,0,0,0,0.0,0.0,0,
17,2026-10-09T15:32:31.018934+00:00,17.00106309900002,sda,0.9991862920005588,356335104,21812658176,7903,93204,0,69922816,0,145,0.0,69979759.08977032,952,
17,2026-10-09T15:32:31.018934+00:00,17.00106309900002,sda1,0.9991862920005588,319488,0,78,0,0,0,0,0,0.0,0.0,0,
17,2026-10-09T15:32:31.018934+00:00,17.00106309900002,sda2,0.9991862920005588,326784000,275664896,6593,44693,0,0,0,0,0.0,0.0,0,
17,2026-10-09T15:32:31.018934+00:00,17.00106309900002,sda3,0.9991862920005588,5571584,118784,155,25,0,0,0,0,0.0,0.0,0,
17,2026-10-09T15:32:31.018934+00:00,17.00106309900002,sda4,0.9991862920005588,4657152,0,116,0,0,0,0,0,0.0,0.0,0,
17,2026-10-09T15:32:31.018934+00:00,17.00106309900002,sda5,0.9991862920005588,16548864,21536874496,826,48486,0,69922816,0,145,0.0,69979759.08977032,952,
18,2026-10-09T15:32:32.018729+00:00,18.00102977500046,loop0,0.9997945499999332,374784,0,51,0,0,0,0,0,0.0,0.0,0,
18,2026-10-09T15:32:32.018729+00:00,18.00102977500046,loop1,0.9997945499999332,2107392,0,217,0,0,0,0,0,0.0,0.0,0,
18,2026-10-09T15:32:32.018729+00:00,18.00102977500046,loop2,0.9997945499999332,1106944,0,51,0,0,0,0,0,0.0,0.0,0,
18,2026-10-09T15:32:32.018729+00:00,18.00102977500046,loop3,0.9997945499999332,1141760,0,66,0,0,0,0,0,0.0,0.0,0,
18,2026-10-09T15:32:32.018729+00:00,18.00102977500046,loop4,0.9997945499999332,354304,0,43,0,0,0,0,0,0.0,0.0,0,
18,2026-10-09T15:32:32.018729+00:00,18.00102977500046,loop5,0.9997945499999332,18432,0,12,0,0,0,0,0,0.0,0.0,0,
18,2026-10-09T15:32:32.018729+00:00,18.00102977500046,loop6,0.9997945499999332,0,0,0,0,0,0,0,0,0.0,0.0,0,
18,2026-10-09T15:32:32.018729+00:00,18.00102977500046,loop7,0.9997945499999332,0,0,0,0,0,0,0,0,0.0,0.0,0,
18,2026-10-09T15:32:32.018729+00:00,18.00102977500046,sr0,0.9997945499999332,1536,0,8,0,0,0,0,0,0.0,0.0,0,
18,2026-10-09T15:32:32.018729+00:00,18.00102977500046,sda,0.9997945499999332,356335104,21859680256,7903,93306,0,47022080,0,102,0.0,47031742.67153501,872,
18,2026-10-09T15:32:32.018729+00:00,18.00102977500046,sda1,0.9997945499999332,319488,0,78,0,0,0,0,0,0.0,0.0,0,
18,2026-10-09T15:32:32.018729+00:00,18.00102977500046,sda2,0.9997945499999332,326784000,275664896,6593,44693,0,0,0,0,0.0,0.0,0,
18,2026-10-09T15:32:32.018729+00:00,18.00102977500046,sda3,0.9997945499999332,5571584,118784,155,25,0,0,0,0,0.0,0.0,0,
18,2026-10-09T15:32:32.018729+00:00,18.00102977500046,sda4,0.9997945499999332,4657152,0,116,0,0,0,0,0,0.0,0.0,0,
18,2026-10-09T15:32:32.018729+00:00,18.00102977500046,sda5,0.9997945499999332,16548864,21583896576,826,48588,0,47022080,0,102,0.0,47031742.67153501,872,
19,2026-10-09T15:32:33.019524+00:00,19.00157212400063,loop0,1.0007953989997986,374784,0,51,0,0,0,0,0,0.0,0.0,0,
19,2026-10-09T15:32:33.019524+00:00,19.00157212400063,loop1,1.0007953989997986,2107392,0,217,0,0,0,0,0,0.0,0.0,0,
19,2026-10-09T15:32:33.019524+00:00,19.00157212400063,loop2,1.0007953989997986,1106944,0,51,0,0,0,0,0,0.0,0.0,0,
19,2026-10-09T15:32:33.019524+00:00,19.00157212400063,loop3,1.0007953989997986,1141760,0,66,0,0,0,0,0,0.0,0.0,0,
19,2026-10-09T15:32:33.019524+00:00,19.00157212400063,loop4,1.0007953989997986,354304,0,43,0,0,0,0,0,0.0,0.0,0,
19,2026-10-09T15:32:33.019524+00:00,19.00157212400063,loop5,1.0007953989997986,18432,0,12,0,0,0,0,0,0.0,0.0,0,
19,2026-10-09T15:32:33.019524+00:00,19.00157212400063,loop6,1.0007953989997986,0,0,0,0,0,0,0,0,0.0,0.0,0,
19,2026-10-09T15:32:33.019524+00:00,19.00157212400063,loop7,1.0007953989997986,0,0,0,0,0,0,0,0,0.0,0.0,0,
19,2026-10-09T15:32:33.019524+00:00,19.00157212400063,sr0,1.0007953989997986,1536,0,8,0,0,0,0,0,0.0,0.0,0,
19,2026-10-09T15:32:33.019524+00:00,19.00157212400063,sda,1.0007953989997986,356335104,21919580160,7903,93431,0,59899904,0,125,0.0,59852297.54239912,1020,
19,2026-10-09T15:32:33.019524+00:00,19.00157212400063,sda1,1.0007953989997986,319488,0,78,0,0,0,0,0,0.0,0.0,0,
19,2026-10-09T15:32:33.019524+00:00,19.00157212400063,sda2,1.0007953989997986,326784000,275664896,6593,44693,0,0,0,0,0.0,0.0,0,
19,2026-10-09T15:32:33.019524+00:00,19.00157212400063,sda3,1.0007953989997986,5571584,118784,155,25,0,0,0,0,0.0,0.0,0,
19,2026-10-09T15:32:33.019524+00:00,19.00157212400063,sda4,1.0007953989997986,4657152,0,116,0,0,0,0,0,0.0,0.0,0,
19,2026-10-09T15:32:33.019524+00:00,19.00157212400063,sda5,1.0007953989997986,16548864,21643796480,826,48713,0,59899904,0,125,0.0,59852297.54239912,1020,
20,2026-10-09T15:32:34.018960+00:00,20.001155754000138,loop0,0.9994355339995309,374784,0,51,0,0,0,0,0,0.0,0.0,0,
20,2026-10-09T15:32:34.018960+00:00,20.001155754000138,loop1,0.9994355339995309,2107392,0,217,0,0,0,0,0,0.0,0.0,0,
20,2026-10-09T15:32:34.018960+00:00,20.001155754000138,loop2,0.9994355339995309,1106944,0,51,0,0,0,0,0,0.0,0.0,0,
20,2026-10-09T15:32:34.018960+00:00,20.001155754000138,loop3,0.9994355339995309,1141760,0,66,0,0,0,0,0,0.0,0.0,0,
20,2026-10-09T15:32:34.018960+00:00,20.001155754000138,loop4,0.9994355339995309,354304,0,43,0,0,0,0,0,0.0,0.0,0,
20,2026-10-09T15:32:34.018960+00:00,20.001155754000138,loop5,0.9994355339995309,18432,0,12,0,0,0,0,0,0.0,0.0,0,
20,2026-10-09T15:32:34.018960+00:00,20.001155754000138,loop6,0.9994355339995309,0,0,0,0,0,0,0,0,0.0,0.0,0,
20,2026-10-09T15:32:34.018960+00:00,20.001155754000138,loop7,0.9994355339995309,0,0,0,0,0,0,0,0,0.0,0.0,0,
20,2026-10-09T15:32:34.018960+00:00,20.001155754000138,sr0,0.9994355339995309,1536,0,8,0,0,0,0,0,0.0,0.0,0,
20,2026-10-09T15:32:34.018960+00:00,20.001155754000138,sda,0.9994355339995309,356335104,21984817152,7903,93570,0,65236992,0,139,0.0,65273836.861628555,1040,
20,2026-10-09T15:32:34.018960+00:00,20.001155754000138,sda1,0.9994355339995309,319488,0,78,0,0,0,0,0,0.0,0.0,0,
20,2026-10-09T15:32:34.018960+00:00,20.001155754000138,sda2,0.9994355339995309,326784000,275677184,6593,44695,0,12288,0,2,0.0,12294.94007565051,8,
20,2026-10-09T15:32:34.018960+00:00,20.001155754000138,sda3,0.9994355339995309,5571584,118784,155,25,0,0,0,0,0.0,0.0,0,
20,2026-10-09T15:32:34.018960+00:00,20.001155754000138,sda4,0.9994355339995309,4657152,0,116,0,0,0,0,0,0.0,0.0,0,
20,2026-10-09T15:32:34.018960+00:00,20.001155754000138,sda5,0.9994355339995309,16548864,21709021184,826,48850,0,65224704,0,137,0.0,65261541.921552904,1032,
21,2026-10-09T15:32:35.018445+00:00,21.000540433000424,loop0,0.9994849520007847,374784,0,51,0,0,0,0,0,0.0,0.0,0,
21,2026-10-09T15:32:35.018445+00:00,21.000540433000424,loop1,0.9994849520007847,2107392,0,217,0,0,0,0,0,0.0,0.0,0,
21,2026-10-09T15:32:35.018445+00:00,21.000540433000424,loop2,0.9994849520007847,1106944,0,51,0,0,0,0,0,0.0,0.0,0,
21,2026-10-09T15:32:35.018445+00:00,21.000540433000424,loop3,0.9994849520007847,1141760,0,66,0,0,0,0,0,0.0,0.0,0,
21,2026-10-09T15:32:35.018445+00:00,21.000540433000424,loop4,0.9994849520007847,354304,0,43,0,0,0,0,0,0.0,0.0,0,
21,2026-10-09T15:32:35.018445+00:00,21.000540433000424,loop5,0.9994849520007847,18432,0,12,0,0,0,0,0,0.0,0.0,0,
21,2026-10-09T15:32:35.018445+00:00,21.000540433000424,loop6,0.9994849520007847,0,0,0,0,0,0,0,0,0.0,0.0,0,
21,2026-10-09T15:32:35.018445+00:00,21.000540433000424,loop7,0.9994849520007847,0,0,0,0,0,0,0,0,0.0,0.0,0,
21,2026-10-09T15:32:35.018445+00:00,21.000540433000424,sr0,0.9994849520007847,1536,0,8,0,0,0,0,0,0.0,0.0,0,
21,2026-10-09T15:32:35.018445+00:00,21.000540433000424,sda,0.9994849520007847,356335104,22036742144,7903,93682,0,51924992,0,112,0.0,51951749.64471024,892,
21,2026-10-09T15:32:35.018445+00:00,21.000540433000424,sda1,0.9994849520007847,319488,0,78,0,0,0,0,0,0.0,0.0,0,
21,2026-10-09T15:32:35.018445+00:00,21.000540433000424,sda2,0.9994849520007847,326784000,275677184,6593,44695,0,0,0,0,0.0,0.0,0,
21,2026-10-09T15:32:35.018445+00:00,21.000540433000424,sda3,0.9994849520007847,5571584,118784,155,25,0,0,0,0,0.0,0.0,0,
21,2026-10-09T15:32:35.018445+00:00,21.000540433000424,sda4,0.9994849520007847,4657152,0,116,0,0,0,0,0,0.0,0.0,0,
21,2026-10-09T15:32:35.018445+00:00,21.000540433000424,sda5,0.9994849520007847,16548864,21760946176,826,48962,0,51924992,0,112,0.0,51951749.64471024,892,
22,2026-10-09T15:32:36.019452+00:00,22.001687665000645,loop0,1.0010069919999296,374784,0,51,0,0,0,0,0,0.0,0.0,0,
22,2026-10-09T15:32:36.019452+00:00,22.001687665000645,loop1,1.0010069919999296,2107392,0,217,0,0,0,0,0,0.0,0.0,0,
22,2026-10-09T15:32:36.019452+00:00,22.001687665000645,loop2,1.0010069919999296,1106944,0,51,0,0,0,0,0,0.0,0.0,0,
22,2026-10-09T15:32:36.019452+00:00,22.001687665000645,loop3,1.0010069919999296,1141760,0,66,0,0,0,0,0,0.0,0.0,0,
22,2026-10-09T15:32:36.019452+00:00,22.001687665000645,loop4,1.0010069919999296,354304,0,43,0,0,0,0,0,0.0,0.0,0,
22,2026-10-09T15:32:36.019452+00:00,22.001687665000645,loop5,1.0010069919999296,18432,0,12,0,0,0,0,0,0.0,0.0,0,
22,2026-10-09T15:32:36.019452+00:00,22.001687665000645,loop6,1.0010069919999296,0,0,0,0,0,0,0,0,0.0,0.0,0,
22,2026-10-09T15:32:36.019452+00:00,22.001687665000645,loop7,1.0010069919999296,0,0,0,0,0,0,0,0,0.0,0.0,0,
22,2026-10-09T15:32:36.019452+00:00,22.001687665000645,sr0,1.0010069919999296,1536,0,8,0,0,0,0,0,0.0,0.0,0,
22,2026-10-09T15:32:36.019452+00:00,22.001687665000645,sda,1.0010069919999296,356335104,22099456000,7903,93813,0,62713856,0,131,0.0,62650767.17866164,904,
22,2026-10-09T15:32:36.019452+00:00,22.001687665000645,sda1,1.0010069919999296,319488,0,78,0,0,0,0,0,0.0,0.0,0,
22,2026-10-09T15:32:36.019452+00:00,22.001687665000645,sda2,1.0010069919999296,326784000,275677184,6593,44695,0,0,0,0,0.0,0.0,0,
22,2026-10-09T15:32:36.019452+00:00,22.001687665000645,sda3,1.0010069919999296,5571584,118784,155,25,0,0,0,0,0.0,0.0,0,
22,2026-10-09T15:32:36.019452+00:00,22.001687665000645,sda4,1.0010069919999296,4657152,0,116,0,0,0,0,0,0.0,0.0,0,
22,2026-10-09T15:32:36.019452+00:00,22.001687665000645,sda5,1.0010069919999296,16548864,21823660032,826,49093,0,62713856,0,131,0.0,62650767.17866164,904,
23,2026-10-09T15:32:37.018149+00:00,23.000297128000057,loop0,0.9986972999995487,374784,0,51,0,0,0,0,0,0.0,0.0,0,
23,2026-10-09T15:32:37.018149+00:00,23.000297128000057,loop1,0.9986972999995487,2107392,0,217,0,0,0,0,0,0.0,0.0,0,
23,2026-10-09T15:32:37.018149+00:00,23.000297128000057,loop2,0.9986972999995487,1106944,0,51,0,0,0,0,0,0.0,0.0,0,
23,2026-10-09T15:32:37.018149+00:00,23.000297128000057,loop3,0.9986972999995487,1141760,0,66,0,0,0,0,0,0.0,0.0,0,
23,2026-10-09T15:32:37.018149+00:00,23.000297128000057,loop4,0.9986972999995487,354304,0,43,0,0,0,0,0,0.0,0.0,0,
23,2026-10-09T15:32:37.018149+00:00,23.000297128000057,loop5,0.9986972999995487,18432,0,12,0,0,0,0,0,0.0,0.0,0,
23,2026-10-09T15:32:37.018149+00:00,23.000297128000057,loop6,0.9986972999995487,0,0,0,0,0,0,0,0,0.0,0.0,0,
23,2026-10-09T15:32:37.018149+00:00,23.000297128000057,loop7,0.9986972999995487,0,0,0,0,0,0,0,0,0.0,0.0,0,
23,2026-10-09T15:32:37.018149+00:00,23.000297128000057,sr0,0.9986972999995487,1536,0,8,0,0,0,0,0,0.0,0.0,0,
23,2026-10-09T15:32:37.018149+00:00,23.000297128000057,sda,0.9986972999995487,356335104,22162239488,7903,93950,0,62783488,0,137,0.0,62865382.73411611,940,
23,2026-10-09T15:32:37.018149+00:00,23.000297128000057,sda1,0.9986972999995487,319488,0,78,0,0,0,0,0,0.0,0.0,0,
23,2026-10-09T15:32:37.018149+00:00,23.000297128000057,sda2,0.9986972999995487,326784000,275677184,6593,44695,0,0,0,0,0.0,0.0,0,
23,2026-10-09T15:32:37.018149+00:00,23.000297128000057,sda3,0.9986972999995487,5571584,118784,155,25,0,0,0,0,0.0,0.0,0,
23,2026-10-09T15:32:37.018149+00:00,23.000297128000057,sda4,0.9986972999995487,4657152,0,116,0,0,0,0,0,0.0,0.0,0,
23,2026-10-09T15:32:37.018149+00:00,23.000297128000057,sda5,0.9986972999995487,16548864,21886443520,826,49230,0,62783488,0,137,0.0,62865382.73411611,940,
24,2026-10-09T15:32:38.018909+00:00,24.00091088299996,loop0,1.0007597120002174,374784,0,51,0,0,0,0,0,0.0,0.0,0,
24,2026-10-09T15:32:38.018909+00:00,24.00091088299996,loop1,1.0007597120002174,2107392,0,217,0,0,0,0,0,0.0,0.0,0,
24,2026-10-09T15:32:38.018909+00:00,24.00091088299996,loop2,1.0007597120002174,1106944,0,51,0,0,0,0,0,0.0,0.0,0,
24,2026-10-09T15:32:38.018909+00:00,24.00091088299996,loop3,1.0007597120002174,1141760,0,66,0,0,0,0,0,0.0,0.0,0,
24,2026-10-09T15:32:38.018909+00:00,24.00091088299996,loop4,1.0007597120002174,354304,0,43,0,0,0,0,0,0.0,0.0,0,
24,2026-10-09T15:32:38.018909+00:00,24.00091088299996,loop5,1.0007597120002174,18432,0,12,0,0,0,0,0,0.0,0.0,0,
24,2026-10-09T15:32:38.018909+00:00,24.00091088299996,loop6,1.0007597120002174,0,0,0,0,0,0,0,0,0.0,0.0,0,
24,2026-10-09T15:32:38.018909+00:00,24.00091088299996,loop7,1.0007597120002174,0,0,0,0,0,0,0,0,0.0,0.0,0,
24,2026-10-09T15:32:38.018909+00:00,24.00091088299996,sr0,1.0007597120002174,1536,0,8,0,0,0,0,0,0.0,0.0,0,
24,2026-10-09T15:32:38.018909+00:00,24.00091088299996,sda,1.0007597120002174,356335104,22225666048,7903,94082,0,63426560,0,132,0.0,63378410.66086623,1020,
24,2026-10-09T15:32:38.018909+00:00,24.00091088299996,sda1,1.0007597120002174,319488,0,78,0,0,0,0,0,0.0,0.0,0,
24,2026-10-09T15:32:38.018909+00:00,24.00091088299996,sda2,1.0007597120002174,326784000,275677184,6593,44695,0,0,0,0,0.0,0.0,0,
24,2026-10-09T15:32:38.018909+00:00,24.00091088299996,sda3,1.0007597120002174,5571584,118784,155,25,0,0,0,0,0.0,0.0,0,
24,2026-10-09T15:32:38.018909+00:00,24.00091088299996,sda4,1.0007597120002174,4657152,0,116,0,0,0,0,0,0.0,0.0,0,
24,2026-10-09T15:32:38.018909+00:00,24.00091088299996,sda5,1.0007597120002174,16548864,21949870080,826,49362,0,63426560,0,132,0.0,63378410.66086623,1020,
25,2026-10-09T15:32:39.019404+00:00,25.001640274000238,loop0,1.0004954969999744,374784,0,51,0,0,0,0,0,0.0,0.0,0,
25,2026-10-09T15:32:39.019404+00:00,25.001640274000238,loop1,1.0004954969999744,2107392,0,217,0,0,0,0,0,0.0,0.0,0,
25,2026-10-09T15:32:39.019404+00:00,25.001640274000238,loop2,1.0004954969999744,1106944,0,51,0,0,0,0,0,0.0,0.0,0,
25,2026-10-09T15:32:39.019404+00:00,25.001640274000238,loop3,1.0004954969999744,1141760,0,66,0,0,0,0,0,0.0,0.0,0,
25,2026-10-09T15:32:39.019404+00:00,25.001640274000238,loop4,1.0004954969999744,354304,0,43,0,0,0,0,0,0.0,0.0,0,
25,2026-10-09T15:32:39.019404+00:00,25.001640274000238,loop5,1.0004954969999744,18432,0,12,0,0,0,0,0,0.0,0.0,0,
25,2026-10-09T15:32:39.019404+00:00,25.001640274000238,loop6,1.0004954969999744,0,0,0,0,0,0,0,0,0.0,0.0,0,
25,2026-10-09T15:32:39.019404+00:00,25.001640274000238,loop7,1.0004954969999744,0,0,0,0,0,0,0,0,0.0,0.0,0,
25,2026-10-09T15:32:39.019404+00:00,25.001640274000238,sr0,1.0004954969999744,1536,0,8,0,0,0,0,0,0.0,0.0,0,
25,2026-10-09T15:32:39.019404+00:00,25.001640274000238,sda,1.0004954969999744,356335104,22289473536,7903,94218,0,63807488,0,136,0.0,63775887.23920227,940,
25,2026-10-09T15:32:39.019404+00:00,25.001640274000238,sda1,1.0004954969999744,319488,0,78,0,0,0,0,0,0.0,0.0,0,
25,2026-10-09T15:32:39.019404+00:00,25.001640274000238,sda2,1.0004954969999744,326784000,275689472,6593,44697,0,12288,0,2,0.0,12281.914348286482,12,
25,2026-10-09T15:32:39.019404+00:00,25.001640274000238,sda3,1.0004954969999744,5571584,118784,155,25,0,0,0,0,0.0,0.0,0,
25,2026-10-09T15:32:39.019404+00:00,25.001640274000238,sda4,1.0004954969999744,4657152,0,116,0,0,0,0,0,0.0,0.0,0,
25,2026-10-09T15:32:39.019404+00:00,25.001640274000238,sda5,1.0004954969999744,16548864,22013665280,826,49496,0,63795200,0,134,0.0,63763605.32485398,932,
26,2026-10-09T15:32:40.019387+00:00,26.001519410000583,loop0,0.999983083999723,374784,0,51,0,0,0,0,0,0.0,0.0,0,
26,2026-10-09T15:32:40.019387+00:00,26.001519410000583,loop1,0.999983083999723,2107392,0,217,0,0,0,0,0,0.0,0.0,0,
26,2026-10-09T15:32:40.019387+00:00,26.001519410000583,loop2,0.999983083999723,1106944,0,51,0,0,0,0,0,0.0,0.0,0,
26,2026-10-09T15:32:40.019387+00:00,26.001519410000583,loop3,0.999983083999723,1141760,0,66,0,0,0,0,0,0.0,0.0,0,
26,2026-10-09T15:32:40.019387+00:00,26.001519410000583,loop4,0.999983083999723,354304,0,43,0,0,0,0,0,0.0,0.0,0,
26,2026-10-09T15:32:40.019387+00:00,26.001519410000583,loop5,0.999983083999723,18432,0,12,0,0,0,0,0,0.0,0.0,0,
26,2026-10-09T15:32:40.019387+00:00,26.001519410000583,loop6,0.999983083999723,0,0,0,0,0,0,0,0,0.0,0.0,0,
26,2026-10-09T15:32:40.019387+00:00,26.001519410000583,loop7,0.999983083999723,0,0,0,0,0,0,0,0,0.0,0.0,0,
26,2026-10-09T15:32:40.019387+00:00,26.001519410000583,sr0,0.999983083999723,1536,0,8,0,0,0,0,0,0.0,0.0,0,
26,2026-10-09T15:32:40.019387+00:00,26.001519410000583,sda,0.999983083999723,356335104,22350438400,7903,94346,0,60964864,0,128,0.0,60965895.29910176,1012,
26,2026-10-09T15:32:40.019387+00:00,26.001519410000583,sda1,0.999983083999723,319488,0,78,0,0,0,0,0,0.0,0.0,0,
26,2026-10-09T15:32:40.019387+00:00,26.001519410000583,sda2,0.999983083999723,326784000,275689472,6593,44697,0,0,0,0,0.0,0.0,0,
26,2026-10-09T15:32:40.019387+00:00,26.001519410000583,sda3,0.999983083999723,5571584,118784,155,25,0,0,0,0,0.0,0.0,0,
26,2026-10-09T15:32:40.019387+00:00,26.001519410000583,sda4,0.999983083999723,4657152,0,116,0,0,0,0,0,0.0,0.0,0,
26,2026-10-09T15:32:40.019387+00:00,26.001519410000583,sda5,0.999983083999723,16548864,22074630144,826,49624,0,60964864,0,128,0.0,60965895.29910176,1012,
27,2026-10-09T15:32:41.019432+00:00,27.001184810999803,loop0,1.0000444530005552,374784,0,51,0,0,0,0,0,0.0,0.0,0,
27,2026-10-09T15:32:41.019432+00:00,27.001184810999803,loop1,1.0000444530005552,2107392,0,217,0,0,0,0,0,0.0,0.0,0,
27,2026-10-09T15:32:41.019432+00:00,27.001184810999803,loop2,1.0000444530005552,1106944,0,51,0,0,0,0,0,0.0,0.0,0,
27,2026-10-09T15:32:41.019432+00:00,27.001184810999803,loop3,1.0000444530005552,1141760,0,66,0,0,0,0,0,0.0,0.0,0,
27,2026-10-09T15:32:41.019432+00:00,27.001184810999803,loop4,1.0000444530005552,354304,0,43,0,0,0,0,0,0.0,0.0,0,
27,2026-10-09T15:32:41.019432+00:00,27.001184810999803,loop5,1.0000444530005552,18432,0,12,0,0,0,0,0,0.0,0.0,0,
27,2026-10-09T15:32:41.019432+00:00,27.001184810999803,loop6,1.0000444530005552,0,0,0,0,0,0,0,0,0.0,0.0,0,
27,2026-10-09T15:32:41.019432+00:00,27.001184810999803,loop7,1.0000444530005552,0,0,0,0,0,0,0,0,0.0,0.0,0,
27,2026-10-09T15:32:41.019432+00:00,27.001184810999803,sr0,1.0000444530005552,1536,0,8,0,0,0,0,0,0.0,0.0,0,
27,2026-10-09T15:32:41.019432+00:00,27.001184810999803,sda,1.0000444530005552,356335104,22404390912,7903,94457,0,53952512,0,111,0.0,53950113.75556327,988,
27,2026-10-09T15:32:41.019432+00:00,27.001184810999803,sda1,1.0000444530005552,319488,0,78,0,0,0,0,0,0.0,0.0,0,
27,2026-10-09T15:32:41.019432+00:00,27.001184810999803,sda2,1.0000444530005552,326784000,275689472,6593,44697,0,0,0,0,0.0,0.0,0,
27,2026-10-09T15:32:41.019432+00:00,27.001184810999803,sda3,1.0000444530005552,5571584,118784,155,25,0,0,0,0,0.0,0.0,0,
27,2026-10-09T15:32:41.019432+00:00,27.001184810999803,sda4,1.0000444530005552,4657152,0,116,0,0,0,0,0,0.0,0.0,0,
27,2026-10-09T15:32:41.019432+00:00,27.001184810999803,sda5,1.0000444530005552,16548864,22128582656,826,49735,0,53952512,0,111,0.0,53950113.75556327,988,
28,2026-10-09T15:32:42.018909+00:00,28.00099861400031,loop0,0.9994773569997051,374784,0,51,0,0,0,0,0,0.0,0.0,0,
28,2026-10-09T15:32:42.018909+00:00,28.00099861400031,loop1,0.9994773569997051,2107392,0,217,0,0,0,0,0,0.0,0.0,0,
28,2026-10-09T15:32:42.018909+00:00,28.00099861400031,loop2,0.9994773569997051,1106944,0,51,0,0,0,0,0,0.0,0.0,0,
28,2026-10-09T15:32:42.018909+00:00,28.00099861400031,loop3,0.9994773569997051,1141760,0,66,0,0,0,0,0,0.0,0.0,0,
28,2026-10-09T15:32:42.018909+00:00,28.00099861400031,loop4,0.9994773569997051,354304,0,43,0,0,0,0,0,0.0,0.0,0,
28,2026-10-09T15:32:42.018909+00:00,28.00099861400031,loop5,0.9994773569997051,18432,0,12,0,0,0,0,0,0.0,0.0,0,
28,2026-10-09T15:32:42.018909+00:00,28.00099861400031,loop6,0.9994773569997051,0,0,0,0,0,0,0,0,0.0,0.0,0,
28,2026-10-09T15:32:42.018909+00:00,28.00099861400031,loop7,0.9994773569997051,0,0,0,0,0,0,0,0,0.0,0.0,0,
28,2026-10-09T15:32:42.018909+00:00,28.00099861400031,sr0,0.9994773569997051,1536,0,8,0,0,0,0,0,0.0,0.0,0,
28,2026-10-09T15:32:42.018909+00:00,28.00099861400031,sda,0.9994773569997051,356335104,22463647744,7903,94582,0,59256832,0,125,0.0,59287818.36327032,948,
28,2026-10-09T15:32:42.018909+00:00,28.00099861400031,sda1,0.9994773569997051,319488,0,78,0,0,0,0,0,0.0,0.0,0,
28,2026-10-09T15:32:42.018909+00:00,28.00099861400031,sda2,0.9994773569997051,326784000,275689472,6593,44697,0,0,0,0,0.0,0.0,0,
28,2026-10-09T15:32:42.018909+00:00,28.00099861400031,sda3,0.9994773569997051,5571584,118784,155,25,0,0,0,0,0.0,0.0,0,
28,2026-10-09T15:32:42.018909+00:00,28.00099861400031,sda4,0.9994773569997051,4657152,0,116,0,0,0,0,0,0.0,0.0,0,
28,2026-10-09T15:32:42.018909+00:00,28.00099861400031,sda5,0.9994773569997051,16548864,22187839488,826,49860,0,59256832,0,125,0.0,59287818.36327032,948,
29,2026-10-09T15:32:43.018809+00:00,29.00106251499983,loop0,0.9999002019994805,374784,0,51,0,0,0,0,0,0.0,0.0,0,
29,2026-10-09T15:32:43.018809+00:00,29.00106251499983,loop1,0.9999002019994805,2107392,0,217,0,0,0,0,0,0.0,0.0,0,
29,2026-10-09T15:32:43.018809+00:00,29.00106251499983,loop2,0.9999002019994805,1106944,0,51,0,0,0,0,0,0.0,0.0,0,
29,2026-10-09T15:32:43.018809+00:00,29.00106251499983,loop3,0.9999002019994805,1141760,0,66,0,0,0,0,0,0.0,0.0,0,
29,2026-10-09T15:32:43.018809+00:00,29.00106251499983,loop4,0.9999002019994805,354304,0,43,0,0,0,0,0,0.0,0.0,0,
29,2026-10-09T15:32:43.018809+00:00,29.00106251499983,loop5,0.9999002019994805,18432,0,12,0,0,0,0,0,0.0,0.0,0,
29,2026-10-09T15:32:43.018809+00:00,29.00106251499983,loop6,0.9999002019994805,0,0,0,0,0,0,0,0,0.0,0.0,0,
29,2026-10-09T15:32:43.018809+00:00,29.00106251499983,loop7,0.9999002019994805,0,0,0,0,0,0,0,0,0.0,0.0,0,
29,2026-10-09T15:32:43.018809+00:00,29.00106251499983,sr0,0.9999002019994805,1536,0,8,0,0,0,0,0,0.0,0.0,0,
29,2026-10-09T15:32:43.018809+00:00,29.00106251499983,sda,0.9999002019994805,356335104,22526455808,7903,94718,0,62808064,0,136,0.0,62814332.7448119,988,
29,2026-10-09T15:32:43.018809+00:00,29.00106251499983,sda1,0.9999002019994805,319488,0,78,0,0,0,0,0,0.0,0.0,0,
29,2026-10-09T15:32:43.018809+00:00,29.00106251499983,sda2,0.9999002019994805,326784000,275689472,6593,44697,0,0,0,0,0.0,0.0,0,
29,2026-10-09T15:32:43.018809+00:00,29.00106251499983,sda3,0.9999002019994805,5571584,118784,155,25,0,0,0,0,0.0,0.0,0,
29,2026-10-09T15:32:43.018809+00:00,29.00106251499983,sda4,0.9999002019994805,4657152,0,116,0,0,0,0,0,0.0,0.0,0,
29,2026-10-09T15:32:43.018809+00:00,29.00106251499983,sda5,0.9999002019994805,16548864,22250647552,826,49996,0,62808064,0,136,0.0,62814332.7448119,988,
30,2026-10-09T15:32:44.019923+00:00,30.00085768400004,loop0,1.0011136770008306,374784,0,51,0,0,0,0,0,0.0,0.0,0,
30,2026-10-09T15:32:44.019923+00:00,30.00085768400004,loop1,1.0011136770008306,2107392,0,217,0,0,0,0,0,0.0,0.0,0,
30,2026-10-09T15:32:44.019923+00:00,30.00085768400004,loop2,1.0011136770008306,1106944,0,51,0,0,0,0,0,0.0,0.0,0,
30,2026-10-09T15:32:44.019923+00:00,30.00085768400004,loop3,1.0011136770008306,1141760,0,66,0,0,0,0,0,0.0,0.0,0,
30,2026-10-09T15:32:44.019923+00:00,30.00085768400004,loop4,1.0011136770008306,354304,0,43,0,0,0,0,0,0.0,0.0,0,
30,2026-10-09T15:32:44.019923+00:00,30.00085768400004,loop5,1.0011136770008306,18432,0,12,0,0,0,0,0,0.0,0.0,0,
30,2026-10-09T15:32:44.019923+00:00,30.00085768400004,loop6,1.0011136770008306,0,0,0,0,0,0,0,0,0.0,0.0,0,
30,2026-10-09T15:32:44.019923+00:00,30.00085768400004,loop7,1.0011136770008306,0,0,0,0,0,0,0,0,0.0,0.0,0,
30,2026-10-09T15:32:44.019923+00:00,30.00085768400004,sr0,1.0011136770008306,1536,0,8,0,0,0,0,0,0.0,0.0,0,
30,2026-10-09T15:32:44.019923+00:00,30.00085768400004,sda,1.0011136770008306,356335104,22585667584,7903,94840,0,59211776,0,122,0.0,59145906.56416621,988,
30,2026-10-09T15:32:44.019923+00:00,30.00085768400004,sda1,1.0011136770008306,319488,0,78,0,0,0,0,0,0.0,0.0,0,
30,2026-10-09T15:32:44.019923+00:00,30.00085768400004,sda2,1.0011136770008306,326784000,275689472,6593,44697,0,0,0,0,0.0,0.0,0,
30,2026-10-09T15:32:44.019923+00:00,30.00085768400004,sda3,1.0011136770008306,5571584,118784,155,25,0,0,0,0,0.0,0.0,0,
30,2026-10-09T15:32:44.019923+00:00,30.00085768400004,sda4,1.0011136770008306,4657152,0,116,0,0,0,0,0,0.0,0.0,0,
30,2026-10-09T15:32:44.019923+00:00,30.00085768400004,sda5,1.0011136770008306,16548864,22309859328,826,50118,0,59211776,0,122,0.0,59145906.56416621,988,
31,2026-10-09T15:32:45.018647+00:00,31.000913245999982,loop0,0.998723616999996,374784,0,51,0,0,0,0,0,0.0,0.0,0,
31,2026-10-09T15:32:45.018647+00:00,31.000913245999982,loop1,0.998723616999996,2107392,0,217,0,0,0,0,0,0.0,0.0,0,
31,2026-10-09T15:32:45.018647+00:00,31.000913245999982,loop2,0.998723616999996,1106944,0,51,0,0,0,0,0,0.0,0.0,0,
31,2026-10-09T15:32:45.018647+00:00,31.000913245999982,loop3,0.998723616999996,1141760,0,66,0,0,0,0,0,0.0,0.0,0,
31,2026-10-09T15:32:45.018647+00:00,31.000913245999982,loop4,0.998723616999996,354304,0,43,0,0,0,0,0,0.0,0.0,0,
31,2026-10-09T15:32:45.018647+00:00,31.000913245999982,loop5,0.998723616999996,18432,0,12,0,0,0,0,0,0.0,0.0,0,
31,2026-10-09T15:32:45.018647+00:00,31.000913245999982,loop6,0.998723616999996,0,0,0,0,0,0,0,0,0.0,0.0,0,
31,2026-10-09T15:32:45.018647+00:00,31.000913245999982,loop7,0.998723616999996,0,0,0,0,0,0,0,0,0.0,0.0,0,
31,2026-10-09T15:32:45.018647+00:00,31.000913245999982,sr0,0.998723616999996,1536,0,8,0,0,0,0,0,0.0,0.0,0,
31,2026-10-09T15:32:45.018647+00:00,31.000913245999982,sda,0.998723616999996,356335104,22641823744,7903,94967,0,56156160,0,127,0.0,56227928.37189934,956,
31,2026-10-09T15:32:45.018647+00:00,31.000913245999982,sda1,0.998723616999996,319488,0,78,0,0,0,0,0,0.0,0.0,0,
31,2026-10-09T15:32:45.018647+00:00,31.000913245999982,sda2,0.998723616999996,326784000,275742720,6593,44702,0,53248,0,5,0.0,53316.051702019795,56,
31,2026-10-09T15:32:45.018647+00:00,31.000913245999982,sda3,0.998723616999996,5571584,118784,155,25,0,0,0,0,0.0,0.0,0,
31,2026-10-09T15:32:45.018647+00:00,31.000913245999982,sda4,0.998723616999996,4657152,0,116,0,0,0,0,0,0.0,0.0,0,
31,2026-10-09T15:32:45.018647+00:00,31.000913245999982,sda5,0.998723616999996,16548864,22365962240,826,50240,0,56102912,0,122,0.0,56174612.320197314,956,
32,2026-10-09T15:32:46.019411+00:00,32.00169423100033,loop0,1.0007644489996892,374784,0,51,0,0,0,0,0,0.0,0.0,0,
32,2026-10-09T15:32:46.019411+00:00,32.00169423100033,loop1,1.0007644489996892,2107392,0,217,0,0,0,0,0,0.0,0.0,0,
32,2026-10-09T15:32:46.019411+00:00,32.00169423100033,loop2,1.0007644489996892,1106944,0,51,0,0,0,0,0,0.0,0.0,0,
32,2026-10-09T15:32:46.019411+00:00,32.00169423100033,loop3,1.0007644489996892,1141760,0,66,0,0,0,0,0,0.0,0.0,0,
32,2026-10-09T15:32:46.019411+00:00,32.00169423100033,loop4,1.0007644489996892,354304,0,43,0,0,0,0,0,0.0,0.0,0,
32,2026-10-09T15:32:46.019411+00:00,32.00169423100033,loop5,1.0007644489996892,18432,0,12,0,0,0,0,0,0.0,0.0,0,
32,2026-10-09T15:32:46.019411+00:00,32.00169423100033,loop6,1.0007644489996892,0,0,0,0,0,0,0,0,0.0,0.0,0,
32,2026-10-09T15:32:46.019411+00:00,32.00169423100033,loop7,1.0007644489996892,0,0,0,0,0,0,0,0,0.0,0.0,0,
32,2026-10-09T15:32:46.019411+00:00,32.00169423100033,sr0,1.0007644489996892,1536,0,8,0,0,0,0,0,0.0,0.0,0,
32,2026-10-09T15:32:46.019411+00:00,32.00169423100033,sda,1.0007644489996892,356335104,22702473216,7903,95092,0,60649472,0,125,0.0,60603143.98720096,956,
32,2026-10-09T15:32:46.019411+00:00,32.00169423100033,sda1,1.0007644489996892,319488,0,78,0,0,0,0,0,0.0,0.0,0,
32,2026-10-09T15:32:46.019411+00:00,32.00169423100033,sda2,1.0007644489996892,326784000,275742720,6593,44702,0,0,0,0,0.0,0.0,0,
32,2026-10-09T15:32:46.019411+00:00,32.00169423100033,sda3,1.0007644489996892,5571584,118784,155,25,0,0,0,0,0.0,0.0,0,
32,2026-10-09T15:32:46.019411+00:00,32.00169423100033,sda4,1.0007644489996892,4657152,0,116,0,0,0,0,0,0.0,0.0,0,
32,2026-10-09T15:32:46.019411+00:00,32.00169423100033,sda5,1.0007644489996892,16548864,22426611712,826,50365,0,60649472,0,125,0.0,60603143.98720096,956,
33,2026-10-09T15:32:47.019661+00:00,33.00153501600016,loop0,1.000250213000072,374784,0,51,0,0,0,0,0,0.0,0.0,0,
33,2026-10-09T15:32:47.019661+00:00,33.00153501600016,loop1,1.000250213000072,2107392,0,217,0,0,0,0,0,0.0,0.0,0,
33,2026-10-09T15:32:47.019661+00:00,33.00153501600016,loop2,1.000250213000072,1106944,0,51,0,0,0,0,0,0.0,0.0,0,
33,2026-10-09T15:32:47.019661+00:00,33.00153501600016,loop3,1.000250213000072,1141760,0,66,0,0,0,0,0,0.0,0.0,0,
33,2026-10-09T15:32:47.019661+00:00,33.00153501600016,loop4,1.000250213000072,354304,0,43,0,0,0,0,0,0.0,0.0,0,
33,2026-10-09T15:32:47.019661+00:00,33.00153501600016,loop5,1.000250213000072,18432,0,12,0,0,0,0,0,0.0,0.0,0,
33,2026-10-09T15:32:47.019661+00:00,33.00153501600016,loop6,1.000250213000072,0,0,0,0,0,0,0,0,0.0,0.0,0,
33,2026-10-09T15:32:47.019661+00:00,33.00153501600016,loop7,1.000250213000072,0,0,0,0,0,0,0,0,0.0,0.0,0,
33,2026-10-09T15:32:47.019661+00:00,33.00153501600016,sr0,1.000250213000072,1536,0,8,0,0,0,0,0,0.0,0.0,0,
33,2026-10-09T15:32:47.019661+00:00,33.00153501600016,sda,1.000250213000072,356335104,22723530752,7903,95139,0,21057536,0,47,0.0,21052268.448753115,464,
33,2026-10-09T15:32:47.019661+00:00,33.00153501600016,sda1,1.000250213000072,319488,0,78,0,0,0,0,0,0.0,0.0,0,
33,2026-10-09T15:32:47.019661+00:00,33.00153501600016,sda2,1.000250213000072,326784000,275742720,6593,44702,0,0,0,0,0.0,0.0,0,
33,2026-10-09T15:32:47.019661+00:00,33.00153501600016,sda3,1.000250213000072,5571584,118784,155,25,0,0,0,0,0.0,0.0,0,
33,2026-10-09T15:32:47.019661+00:00,33.00153501600016,sda4,1.000250213000072,4657152,0,116,0,0,0,0,0,0.0,0.0,0,
33,2026-10-09T15:32:47.019661+00:00,33.00153501600016,sda5,1.000250213000072,16548864,22447669248,826,50412,0,21057536,0,47,0.0,21052268.448753115,464,
34,2026-10-09T15:32:48.019440+00:00,34.00159095100025,loop0,0.9997783879998678,374784,0,51,0,0,0,0,0,0.0,0.0,0,
34,2026-10-09T15:32:48.019440+00:00,34.00159095100025,loop1,0.9997783879998678,2107392,0,217,0,0,0,0,0,0.0,0.0,0,
34,2026-10-09T15:32:48.019440+00:00,34.00159095100025,loop2,0.9997783879998678,1106944,0,51,0,0,0,0,0,0.0,0.0,0,
34,2026-10-09T15:32:48.019440+00:00,34.00159095100025,loop3,0.9997783879998678,1141760,0,66,0,0,0,0,0,0.0,0.0,0,
34,2026-10-09T15:32:48.019440+00:00,34.00159095100025,loop4,0.9997783879998678,354304,0,43,0,0,0,0,0,0.0,0.0,0,
34,2026-10-09T15:32:48.019440+00:00,34.00159095100025,loop5,0.9997783879998678,18432,0,12,0,0,0,0,0,0.0,0.0,0,
34,2026-10-09T15:32:48.019440+00:00,34.00159095100025,loop6,0.9997783879998678,0,0,0,0,0,0,0,0,0.0,0.0,0,
34,2026-10-09T15:32:48.019440+00:00,34.00159095100025,loop7,0.9997783879998678,0,0,0,0,0,0,0,0,0.0,0.0,0,
34,2026-10-09T15:32:48.019440+00:00,34.00159095100025,sr0,0.9997783879998678,1536,0,8,0,0,0,0,0,0.0,0.0,0,
34,2026-10-09T15:32:48.019440+00:00,34.00159095100025,sda,0.9997783879998678,356335104,22723530752,7903,95139,0,0,0,0,0.0,0.0,0,
34,2026-10-09T15:32:48.019440+00:00,34.00159095100025,sda1,0.9997783879998678,319488,0,78,0,0,0,0,0,0.0,0.0,0,
34,2026-10-09T15:32:48.019440+00:00,34.00159095100025,sda2,0.9997783879998678,326784000,275742720,6593,44702,0,0,0,0,0.0,0.0,0,
34,2026-10-09T15:32:48.019440+00:00,34.00159095100025,sda3,0.9997783879998678,5571584,118784,155,25,0,0,0,0,0.0,0.0,0,
34,2026-10-09T15:32:48.019440+00:00,34.00159095100025,sda4,0.9997783879998678,4657152,0,116,0,0,0,0,0,0.0,0.0,0,
34,2026-10-09T15:32:48.019440+00:00,34.00159095100025,sda5,0.9997783879998678,16548864,22447669248,826,50412,0,0,0,0,0.0,0.0,0,
35,2026-10-09T15:32:49.020416+00:00,35.00230869200004,loop0,1.0009766789999048,374784,0,51,0,0,0,0,0,0.0,0.0,0,
35,2026-10-09T15:32:49.020416+00:00,35.00230869200004,loop1,1.0009766789999048,2107392,0,217,0,0,0,0,0,0.0,0.0,0,
35,2026-10-09T15:32:49.020416+00:00,35.00230869200004,loop2,1.0009766789999048,1106944,0,51,0,0,0,0,0,0.0,0.0,0,
35,2026-10-09T15:32:49.020416+00:00,35.00230869200004,loop3,1.0009766789999048,1141760,0,66,0,0,0,0,0,0.0,0.0,0,
35,2026-10-09T15:32:49.020416+00:00,35.00230869200004,loop4,1.0009766789999048,354304,0,43,0,0,0,0,0,0.0,0.0,0,
35,2026-10-09T15:32:49.020416+00:00,35.00230869200004,loop5,1.0009766789999048,18432,0,12,0,0,0,0,0,0.0,0.0,0,
35,2026-10-09T15:32:49.020416+00:00,35.00230869200004,loop6,1.0009766789999048,0,0,0,0,0,0,0,0,0.0,0.0,0,
35,2026-10-09T15:32:49.020416+00:00,35.00230869200004,loop7,1.0009766789999048,0,0,0,0,0,0,0,0,0.0,0.0,0,
35,2026-10-09T15:32:49.020416+00:00,35.00230869200004,sr0,1.0009766789999048,1536,0,8,0,0,0,0,0,0.0,0.0,0,
35,2026-10-09T15:32:49.020416+00:00,35.00230869200004,sda,1.0009766789999048,356335104,22779953152,7903,95256,0,56422400,0,117,0.0,56367347.1957136,596,
35,2026-10-09T15:32:49.020416+00:00,35.00230869200004,sda1,1.0009766789999048,319488,0,78,0,0,0,0,0,0.0,0.0,0,
35,2026-10-09T15:32:49.020416+00:00,35.00230869200004,sda2,1.0009766789999048,326784000,275742720,6593,44702,0,0,0,0,0.0,0.0,0,
35,2026-10-09T15:32:49.020416+00:00,35.00230869200004,sda3,1.0009766789999048,5571584,118784,155,25,0,0,0,0,0.0,0.0,0,
35,2026-10-09T15:32:49.020416+00:00,35.00230869200004,sda4,1.0009766789999048,4657152,0,116,0,0,0,0,0,0.0,0.0,0,
35,2026-10-09T15:32:49.020416+00:00,35.00230869200004,sda5,1.0009766789999048,16548864,22504091648,826,50529,0,56422400,0,117,0.0,56367347.1957136,596,
36,2026-10-09T15:32:50.020054+00:00,36.00236128600045,loop0,0.9996375239998088,374784,0,51,0,0,0,0,0,0.0,0.0,0,
36,2026-10-09T15:32:50.020054+00:00,36.00236128600045,loop1,0.9996375239998088,2107392,0,217,0,0,0,0,0,0.0,0.0,0,
36,2026-10-09T15:32:50.020054+00:00,36.00236128600045,loop2,0.9996375239998088,1106944,0,51,0,0,0,0,0,0.0,0.0,0,
36,2026-10-09T15:32:50.020054+00:00,36.00236128600045,loop3,0.9996375239998088,1141760,0,66,0,0,0,0,0,0.0,0.0,0,
36,2026-10-09T15:32:50.020054+00:00,36.00236128600045,loop4,0.9996375239998088,354304,0,43,0,0,0,0,0,0.0,0.0,0,
36,2026-10-09T15:32:50.020054+00:00,36.00236128600045,loop5,0.9996375239998088,18432,0,12,0,0,0,0,0,0.0,0.0,0,
36,2026-10-09T15:32:50.020054+00:00,36.00236128600045,loop6,0.9996375239998088,0,0,0,0,0,0,0,0,0.0,0.0,0,
36,2026-10-09T15:32:50.020054+00:00,36.00236128600045,loop7,0.9996375239998088,0,0,0,0,0,0,0,0,0.0,0.0,0,
36,2026-10-09T15:32:50.020054+00:00,36.00236128600045,sr0,0.9996375239998088,1536,0,8,0,0,0,0,0,0.0,0.0,0,
36,2026-10-09T15:32:50.020054+00:00,36.00236128600045,sda,0.9996375239998088,356335104,22833278976,7903,95374,0,53325824,0,118,0.0,53345160.340349734,976,
36,2026-10-09T15:32:50.020054+00:00,36.00236128600045,sda1,0.9996375239998088,319488,0,78,0,0,0,0,0,0.0,0.0,0,
36,2026-10-09T15:32:50.020054+00:00,36.00236128600045,sda2,0.9996375239998088,326784000,275759104,6593,44704,0,16384,0,2,0.0,16389.94096024264,12,
36,2026-10-09T15:32:50.020054+00:00,36.00236128600045,sda3,0.9996375239998088,5571584,118784,155,25,0,0,0,0,0.0,0.0,0,
36,2026-10-09T15:32:50.020054+00:00,36.00236128600045,sda4,0.9996375239998088,4657152,0,116,0,0,0,0,0,0.0,0.0,0,
36,2026-10-09T15:32:50.020054+00:00,36.00236128600045,sda5,0.9996375239998088,16548864,22557401088,826,50645,0,53309440,0,116,0.0,53328770.39938949,968,
37,2026-10-09T15:32:51.018625+00:00,37.000439911000285,loop0,0.9985714869999356,374784,0,51,0,0,0,0,0,0.0,0.0,0,
37,2026-10-09T15:32:51.018625+00:00,37.000439911000285,loop1,0.9985714869999356,2107392,0,217,0,0,0,0,0,0.0,0.0,0,
37,2026-10-09T15:32:51.018625+00:00,37.000439911000285,loop2,0.9985714869999356,1106944,0,51,0,0,0,0,0,0.0,0.0,0,
37,2026-10-09T15:32:51.018625+00:00,37.000439911000285,loop3,0.9985714869999356,1141760,0,66,0,0,0,0,0,0.0,0.0,0,
37,2026-10-09T15:32:51.018625+00:00,37.000439911000285,loop4,0.9985714869999356,354304,0,43,0,0,0,0,0,0.0,0.0,0,
37,2026-10-09T15:32:51.018625+00:00,37.000439911000285,loop5,0.9985714869999356,18432,0,12,0,0,0,0,0,0.0,0.0,0,
37,2026-10-09T15:32:51.018625+00:00,37.000439911000285,loop6,0.9985714869999356,0,0,0,0,0,0,0,0,0.0,0.0,0,
37,2026-10-09T15:32:51.018625+00:00,37.000439911000285,loop7,0.9985714869999356,0,0,0,0,0,0,0,0,0.0,0.0,0,
37,2026-10-09T15:32:51.018625+00:00,37.000439911000285,sr0,0.9985714869999356,1536,0,8,0,0,0,0,0,0.0,0.0,0,
37,2026-10-09T15:32:51.018625+00:00,37.000439911000285,sda,0.9985714869999356,356335104,22900264960,7903,95515,0,66985984,0,141,0.0,67081811.23942339,956,
37,2026-10-09T15:32:51.018625+00:00,37.000439911000285,sda1,0.9985714869999356,319488,0,78,0,0,0,0,0,0.0,0.0,0,
37,2026-10-09T15:32:51.018625+00:00,37.000439911000285,sda2,0.9985714869999356,326784000,275759104,6593,44704,0,0,0,0,0.0,0.0,0,
37,2026-10-09T15:32:51.018625+00:00,37.000439911000285,sda3,0.9985714869999356,5571584,118784,155,25,0,0,0,0,0.0,0.0,0,
37,2026-10-09T15:32:51.018625+00:00,37.000439911000285,sda4,0.9985714869999356,4657152,0,116,0,0,0,0,0,0.0,0.0,0,
37,2026-10-09T15:32:51.018625+00:00,37.000439911000285,sda5,0.9985714869999356,16548864,22624387072,826,50786,0,66985984,0,141,0.0,67081811.23942339,956,
38,2026-10-09T15:32:52.019576+00:00,38.0016886250005,loop0,1.0009509170004094,374784,0,51,0,0,0,0,0,0.0,0.0,0,
38,2026-10-09T15:32:52.019576+00:00,38.0016886250005,loop1,1.0009509170004094,2107392,0,217,0,0,0,0,0,0.0,0.0,0,
38,2026-10-09T15:32:52.019576+00:00,38.0016886250005,loop2,1.0009509170004094,1106944,0,51,0,0,0,0,0,0.0,0.0,0,
38,2026-10-09T15:32:52.019576+00:00,38.0016886250005,loop3,1.0009509170004094,1141760,0,66,0,0,0,0,0,0.0,0.0,0,
38,2026-10-09T15:32:52.019576+00:00,38.0016886250005,loop4,1.0009509170004094,354304,0,43,0,0,0,0,0,0.0,0.0,0,
38,2026-10-09T15:32:52.019576+00:00,38.0016886250005,loop5,1.0009509170004094,18432,0,12,0,0,0,0,0,0.0,0.0,0,
38,2026-10-09T15:32:52.019576+00:00,38.0016886250005,loop6,1.0009509170004094,0,0,0,0,0,0,0,0,0.0,0.0,0,
38,2026-10-09T15:32:52.019576+00:00,38.0016886250005,loop7,1.0009509170004094,0,0,0,0,0,0,0,0,0.0,0.0,0,
38,2026-10-09T15:32:52.019576+00:00,38.0016886250005,sr0,1.0009509170004094,1536,0,8,0,0,0,0,0,0.0,0.0,0,
38,2026-10-09T15:32:52.019576+00:00,38.0016886250005,sda,1.0009509170004094,356335104,22954905600,7903,95627,0,54640640,0,112,0.0,54588730.64799605,880,
38,2026-10-09T15:32:52.019576+00:00,38.0016886250005,sda1,1.0009509170004094,319488,0,78,0,0,0,0,0,0.0,0.0,0,
38,2026-10-09T15:32:52.019576+00:00,38.0016886250005,sda2,1.0009509170004094,326784000,275759104,6593,44704,0,0,0,0,0.0,0.0,0,
38,2026-10-09T15:32:52.019576+00:00,38.0016886250005,sda3,1.0009509170004094,5571584,118784,155,25,0,0,0,0,0.0,0.0,0,
38,2026-10-09T15:32:52.019576+00:00,38.0016886250005,sda4,1.0009509170004094,4657152,0,116,0,0,0,0,0,0.0,0.0,0,
38,2026-10-09T15:32:52.019576+00:00,38.0016886250005,sda5,1.0009509170004094,16548864,22679027712,826,50898,0,54640640,0,112,0.0,54588730.64799605,880,
39,2026-10-09T15:32:53.018997+00:00,39.001054792000104,loop0,0.9994206390001636,374784,0,51,0,0,0,0,0,0.0,0.0,0,
39,2026-10-09T15:32:53.018997+00:00,39.001054792000104,loop1,0.9994206390001636,2107392,0,217,0,0,0,0,0,0.0,0.0,0,
39,2026-10-09T15:32:53.018997+00:00,39.001054792000104,loop2,0.9994206390001636,1106944,0,51,0,0,0,0,0,0.0,0.0,0,
39,2026-10-09T15:32:53.018997+00:00,39.001054792000104,loop3,0.9994206390001636,1141760,0,66,0,0,0,0,0,0.0,0.0,0,
39,2026-10-09T15:32:53.018997+00:00,39.001054792000104,loop4,0.9994206390001636,354304,0,43,0,0,0,0,0,0.0,0.0,0,
39,2026-10-09T15:32:53.018997+00:00,39.001054792000104,loop5,0.9994206390001636,18432,0,12,0,0,0,0,0,0.0,0.0,0,
39,2026-10-09T15:32:53.018997+00:00,39.001054792000104,loop6,0.9994206390001636,0,0,0,0,0,0,0,0,0.0,0.0,0,
39,2026-10-09T15:32:53.018997+00:00,39.001054792000104,loop7,0.9994206390001636,0,0,0,0,0,0,0,0,0.0,0.0,0,
39,2026-10-09T15:32:53.018997+00:00,39.001054792000104,sr0,0.9994206390001636,1536,0,8,0,0,0,0,0,0.0,0.0,0,
39,2026-10-09T15:32:53.018997+00:00,39.001054792000104,sda,0.9994206390001636,356335104,23025352704,7903,95776,0,70447104,0,149,0.0,70487941.96453297,1052,
39,2026-10-09T15:32:53.018997+00:00,39.001054792000104,sda1,0.9994206390001636,319488,0,78,0,0,0,0,0,0.0,0.0,0,
39,2026-10-09T15:32:53.018997+00:00,39.001054792000104,sda2,0.9994206390001636,326784000,275759104,6593,44704,0,0,0,0,0.0,0.0,0,
39,2026-10-09T15:32:53.018997+00:00,39.001054792000104,sda3,0.9994206390001636,5571584,118784,155,25,0,0,0,0,0.0,0.0,0,
39,2026-10-09T15:32:53.018997+00:00,39.001054792000104,sda4,0.9994206390001636,4657152,0,116,0,0,0,0,0,0.0,0.0,0,
39,2026-10-09T15:32:53.018997+00:00,39.001054792000104,sda5,0.9994206390001636,16548864,22749474816,826,51047,0,70447104,0,149,0.0,70487941.96453297,1052,
40,2026-10-09T15:32:54.018182+00:00,40.00052399100059,loop0,0.9991850019996491,374784,0,51,0,0,0,0,0,0.0,0.0,0,
40,2026-10-09T15:32:54.018182+00:00,40.00052399100059,loop1,0.9991850019996491,2107392,0,217,0,0,0,0,0,0.0,0.0,0,
40,2026-10-09T15:32:54.018182+00:00,40.00052399100059,loop2,0.9991850019996491,1106944,0,51,0,0,0,0,0,0.0,0.0,0,
40,2026-10-09T15:32:54.018182+00:00,40.00052399100059,loop3,0.9991850019996491,1141760,0,66,0,0,0,0,0,0.0,0.0,0,
40,2026-10-09T15:32:54.018182+00:00,40.00052399100059,loop4,0.9991850019996491,354304,0,43,0,0,0,0,0,0.0,0.0,0,
40,2026-10-09T15:32:54.018182+00:00,40.00052399100059,loop5,0.9991850019996491,18432,0,12,0,0,0,0,0,0.0,0.0,0,
40,2026-10-09T15:32:54.018182+00:00,40.00052399100059,loop6,0.9991850019996491,0,0,0,0,0,0,0,0,0.0,0.0,0,
40,2026-10-09T15:32:54.018182+00:00,40.00052399100059,loop7,0.9991850019996491,0,0,0,0,0,0,0,0,0.0,0.0,0,
40,2026-10-09T15:32:54.018182+00:00,40.00052399100059,sr0,0.9991850019996491,1536,0,8,0,0,0,0,0,0.0,0.0,0,
40,2026-10-09T15:32:54.018182+00:00,40.00052399100059,sda,0.9991850019996491,356335104,23088082944,7903,95907,0,62730240,0,131,0.0,62781406.72093678,1016,
40,2026-10-09T15:32:54.018182+00:00,40.00052399100059,sda1,0.9991850019996491,319488,0,78,0,0,0,0,0,0.0,0.0,0,
40,2026-10-09T15:32:54.018182+00:00,40.00052399100059,sda2,0.9991850019996491,326784000,275759104,6593,44704,0,0,0,0,0.0,0.0,0,
40,2026-10-09T15:32:54.018182+00:00,40.00052399100059,sda3,0.9991850019996491,5571584,118784,155,25,0,0,0,0,0.0,0.0,0,
40,2026-10-09T15:32:54.018182+00:00,40.00052399100059,sda4,0.9991850019996491,4657152,0,116,0,0,0,0,0,0.0,0.0,0,
40,2026-10-09T15:32:54.018182+00:00,40.00052399100059,sda5,0.9991850019996491,16548864,22812205056,826,51178,0,62730240,0,131,0.0,62781406.72093678,1016,
41,2026-10-09T15:32:55.019596+00:00,41.00175116199989,loop0,1.001414504999957,374784,0,51,0,0,0,0,0,0.0,0.0,0,
41,2026-10-09T15:32:55.019596+00:00,41.00175116199989,loop1,1.001414504999957,2107392,0,217,0,0,0,0,0,0.0,0.0,0,
41,2026-10-09T15:32:55.019596+00:00,41.00175116199989,loop2,1.001414504999957,1106944,0,51,0,0,0,0,0,0.0,0.0,0,
41,2026-10-09T15:32:55.019596+00:00,41.00175116199989,loop3,1.001414504999957,1141760,0,66,0,0,0,0,0,0.0,0.0,0,
41,2026-10-09T15:32:55.019596+00:00,41.00175116199989,loop4,1.001414504999957,354304,0,43,0,0,0,0,0,0.0,0.0,0,
41,2026-10-09T15:32:55.019596+00:00,41.00175116199989,loop5,1.001414504999957,18432,0,12,0,0,0,0,0,0.0,0.0,0,
41,2026-10-09T15:32:55.019596+00:00,41.00175116199989,loop6,1.001414504999957,0,0,0,0,0,0,0,0,0.0,0.0,0,
41,2026-10-09T15:32:55.019596+00:00,41.00175116199989,loop7,1.001414504999957,0,0,0,0,0,0,0,0,0.0,0.0,0,
41,2026-10-09T15:32:55.019596+00:00,41.00175116199989,sr0,1.001414504999957,1536,0,8,0,0,0,0,0,0.0,0.0,0,
41,2026-10-09T15:32:55.019596+00:00,41.00175116199989,sda,1.001414504999957,356335104,23144247296,7903,96032,0,56164352,0,125,0.0,56085019.45955178,868,
41,2026-10-09T15:32:55.019596+00:00,41.00175116199989,sda1,1.001414504999957,319488,0,78,0,0,0,0,0,0.0,0.0,0,
41,2026-10-09T15:32:55.019596+00:00,41.00175116199989,sda2,1.001414504999957,326784000,275771392,6593,44706,0,12288,0,2,0.0,12270.643113962613,16,
41,2026-10-09T15:32:55.019596+00:00,41.00175116199989,sda3,1.001414504999957,5571584,118784,155,25,0,0,0,0,0.0,0.0,0,
41,2026-10-09T15:32:55.019596+00:00,41.00175116199989,sda4,1.001414504999957,4657152,0,116,0,0,0,0,0,0.0,0.0,0,
41,2026-10-09T15:32:55.019596+00:00,41.00175116199989,sda5,1.001414504999957,16548864,22868357120,826,51301,0,56152064,0,123,0.0,56072748.81643782,860,
42,2026-10-09T15:32:56.020283+00:00,42.00243285200031,loop0,1.0006864950000818,374784,0,51,0,0,0,0,0,0.0,0.0,0,
42,2026-10-09T15:32:56.020283+00:00,42.00243285200031,loop1,1.0006864950000818,2107392,0,217,0,0,0,0,0,0.0,0.0,0,
42,2026-10-09T15:32:56.020283+00:00,42.00243285200031,loop2,1.0006864950000818,1106944,0,51,0,0,0,0,0,0.0,0.0,0,
42,2026-10-09T15:32:56.020283+00:00,42.00243285200031,loop3,1.0006864950000818,1141760,0,66,0,0,0,0,0,0.0,0.0,0,
42,2026-10-09T15:32:56.020283+00:00,42.00243285200031,loop4,1.0006864950000818,354304,0,43,0,0,0,0,0,0.0,0.0,0,
42,2026-10-09T15:32:56.020283+00:00,42.00243285200031,loop5,1.0006864950000818,18432,0,12,0,0,0,0,0,0.0,0.0,0,
42,2026-10-09T15:32:56.020283+00:00,42.00243285200031,loop6,1.0006864950000818,0,0,0,0,0,0,0,0,0.0,0.0,0,
42,2026-10-09T15:32:56.020283+00:00,42.00243285200031,loop7,1.0006864950000818,0,0,0,0,0,0,0,0,0.0,0.0,0,
42,2026-10-09T15:32:56.020283+00:00,42.00243285200031,sr0,1.0006864950000818,1536,0,8,0,0,0,0,0,0.0,0.0,0,
42,2026-10-09T15:32:56.020283+00:00,42.00243285200031,sda,1.0006864950000818,356335104,23207366656,7903,96168,0,63119360,0,136,0.0,63076058.60114545,1092,
42,2026-10-09T15:32:56.020283+00:00,42.00243285200031,sda1,1.0006864950000818,319488,0,78,0,0,0,0,0,0.0,0.0,0,
42,2026-10-09T15:32:56.020283+00:00,42.00243285200031,sda2,1.0006864950000818,326784000,275775488,6593,44707,0,4096,0,1,0.0,4093.19004549938,4,
42,2026-10-09T15:32:56.020283+00:00,42.00243285200031,sda3,1.0006864950000818,5571584,118784,155,25,0,0,0,0,0.0,0.0,0,
42,2026-10-09T15:32:56.020283+00:00,42.00243285200031,sda4,1.0006864950000818,4657152,0,116,0,0,0,0,0,0.0,0.0,0,
42,2026-10-09T15:32:56.020283+00:00,42.00243285200031,sda5,1.0006864950000818,16548864,22931472384,826,51436,0,63115264,0,135,0.0,63071965.41109995,1092,
43,2026-10-09T15:32:57.018361+00:00,43.00060438800028,loop0,0.998077731000194,374784,0,51,0,0,0,0,0,0.0,0.0,0,
43,2026-10-09T15:32:57.018361+00:00,43.00060438800028,loop1,0.998077731000194,2107392,0,217,0,0,0,0,0,0.0,0.0,0,
43,2026-10-09T15:32:57.018361+00:00,43.00060438800028,loop2,0.998077731000194,1106944,0,51,0,0,0,0,0,0.0,0.0,0,
43,2026-10-09T15:32:57.018361+00:00,43.00060438800028,loop3,0.998077731000194,1141760,0,66,0,0,0,0,0,0.0,0.0,0,
43,2026-10-09T15:32:57.018361+00:00,43.00060438800028,loop4,0.998077731000194,354304,0,43,0,0,0,0,0,0.0,0.0,0,
43,2026-10-09T15:32:57.018361+00:00,43.00060438800028,loop5,0.998077731000194,18432,0,12,0,0,0,0,0,0.0,0.0,0,
43,2026-10-09T15:32:57.018361+00:00,43.00060438800028,loop6,0.998077731000194,0,0,0,0,0,0,0,0,0.0,0.0,0,
43,2026-10-09T15:32:57.018361+00:00,43.00060438800028,loop7,0.998077731000194,0,0,0,0,0,0,0,0,0.0,0.0,0,
43,2026-10-09T15:32:57.018361+00:00,43.00060438800028,sr0,0.998077731000194,1536,0,8,0,0,0,0,0,0.0,0.0,0,
43,2026-10-09T15:32:57.018361+00:00,43.00060438800028,sda,0.998077731000194,356335104,23265902592,7903,96290,0,58535936,0,122,0.0,58648674.52892666,952,
43,2026-10-09T15:32:57.018361+00:00,43.00060438800028,sda1,0.998077731000194,319488,0,78,0,0,0,0,0,0.0,0.0,0,
43,2026-10-09T15:32:57.018361+00:00,43.00060438800028,sda2,0.998077731000194,326784000,275775488,6593,44707,0,0,0,0,0.0,0.0,0,
43,2026-10-09T15:32:57.018361+00:00,43.00060438800028,sda3,0.998077731000194,5571584,118784,155,25,0,0,0,0,0.0,0.0,0,
43,2026-10-09T15:32:57.018361+00:00,43.00060438800028,sda4,0.998077731000194,4657152,0,116,0,0,0,0,0,0.0,0.0,0,
43,2026-10-09T15:32:57.018361+00:00,43.00060438800028,sda5,0.998077731000194,16548864,22990008320,826,51558,0,58535936,0,122,0.0,58648674.52892666,952,
44,2026-10-09T15:32:58.018353+00:00,44.000538023000445,loop0,0.9999921899998299,374784,0,51,0,0,0,0,0,0.0,0.0,0,
44,2026-10-09T15:32:58.018353+00:00,44.000538023000445,loop1,0.9999921899998299,2107392,0,217,0,0,0,0,0,0.0,0.0,0,
44,2026-10-09T15:32:58.018353+00:00,44.000538023000445,loop2,0.9999921899998299,1106944,0,51,0,0,0,0,0,0.0,0.0,0,
44,2026-10-09T15:32:58.018353+00:00,44.000538023000445,loop3,0.9999921899998299,1141760,0,66,0,0,0,0,0,0.0,0.0,0,
44,2026-10-09T15:32:58.018353+00:00,44.000538023000445,loop4,0.9999921899998299,354304,0,43,0,0,0,0,0,0.0,0.0,0,
44,2026-10-09T15:32:58.018353+00:00,44.000538023000445,loop5,0.9999921899998299,18432,0,12,0,0,0,0,0,0.0,0.0,0,
44,2026-10-09T15:32:58.018353+00:00,44.000538023000445,loop6,0.9999921899998299,0,0,0,0,0,0,0,0,0.0,0.0,0,
44,2026-10-09T15:32:58.018353+00:00,44.000538023000445,loop7,0.9999921899998299,0,0,0,0,0,0,0,0,0.0,0.0,0,
44,2026-10-09T15:32:58.018353+00:00,44.000538023000445,sr0,0.9999921899998299,1536,0,8,0,0,0,0,0,0.0,0.0,0,
44,2026-10-09T15:32:58.018353+00:00,44.000538023000445,sda,0.9999921899998299,356335104,23326543872,7903,96417,0,60641280,0,127,0.0,60641753.612106025,984,
44,2026-10-09T15:32:58.018353+00:00,44.000538023000445,sda1,0.9999921899998299,319488,0,78,0,0,0,0,0,0.0,0.0,0,
44,2026-10-09T15:32:58.018353+00:00,44.000538023000445,sda2,0.9999921899998299,326784000,275775488,6593,44707,0,0,0,0,0.0,0.0,0,
44,2026-10-09T15:32:58.018353+00:00,44.000538023000445,sda3,0.9999921899998299,5571584,118784,155,25,0,0,0,0,0.0,0.0,0,
44,2026-10-09T15:32:58.018353+00:00,44.000538023000445,sda4,0.9999921899998299,4657152,0,116,0,0,0,0,0,0.0,0.0,0,
44,2026-10-09T15:32:58.018353+00:00,44.000538023000445,sda5,0.9999921899998299,16548864,23050649600,826,51685,0,60641280,0,127,0.0,60641753.612106025,984,
45,2026-10-09T15:32:59.018460+00:00,45.000592156000494,loop0,1.000107183000182,374784,0,51,0,0,0,0,0,0.0,0.0,0,
45,2026-10-09T15:32:59.018460+00:00,45.000592156000494,loop1,1.000107183000182,2107392,0,217,0,0,0,0,0,0.0,0.0,0,
45,2026-10-09T15:32:59.018460+00:00,45.000592156000494,loop2,1.000107183000182,1106944,0,51,0,0,0,0,0,0.0,0.0,0,
45,2026-10-09T15:32:59.018460+00:00,45.000592156000494,loop3,1.000107183000182,1141760,0,66,0,0,0,0,0,0.0,0.0,0,
45,2026-10-09T15:32:59.018460+00:00,45.000592156000494,loop4,1.000107183000182,354304,0,43,0,0,0,0,0,0.0,0.0,0,
45,2026-10-09T15:32:59.018460+00:00,45.000592156000494,loop5,1.000107183000182,18432,0,12,0,0,0,0,0,0.0,0.0,0,
45,2026-10-09T15:32:59.018460+00:00,45.000592156000494,loop6,1.000107183000182,0,0,0,0,0,0,0,0,0.0,0.0,0,
45,2026-10-09T15:32:59.018460+00:00,45.000592156000494,loop7,1.000107183000182,0,0,0,0,0,0,0,0,0.0,0.0,0,
45,2026-10-09T15:32:59.018460+00:00,45.000592156000494,sr0,1.000107183000182,1536,0,8,0,0,0,0,0,0.0,0.0,0,
45,2026-10-09T15:32:59.018460+00:00,45.000592156000494,sda,1.000107183000182,356335104,23392796672,7903,96556,0,66252800,0,139,0.0,66245699.587169096,968,
45,2026-10-09T15:32:59.018460+00:00,45.000592156000494,sda1,1.000107183000182,319488,0,78,0,0,0,0,0,0.0,0.0,0,
45,2026-10-09T15:32:59.018460+00:00,45.000592156000494,sda2,1.000107183000182,326784000,275775488,6593,44707,0,0,0,0,0.0,0.0,0,
45,2026-10-09T15:32:59.018460+00:00,45.000592156000494,sda3,1.000107183000182,5571584,118784,155,25,0,0,0,0,0.0,0.0,0,
45,2026-10-09T15:32:59.018460+00:00,45.000592156000494,sda4,1.000107183000182,4657152,0,116,0,0,0,0,0,0.0,0.0,0,
45,2026-10-09T15:32:59.018460+00:00,45.000592156000494,sda5,1.000107183000182,16548864,23116902400,826,51824,0,66252800,0,139,0.0,66245699.587169096,968,
46,2026-10-09T15:33:00.018598+00:00,46.000790529999904,loop0,1.000138194000101,374784,0,51,0,0,0,0,0,0.0,0.0,0,
46,2026-10-09T15:33:00.018598+00:00,46.000790529999904,loop1,1.000138194000101,2107392,0,217,0,0,0,0,0,0.0,0.0,0,
46,2026-10-09T15:33:00.018598+00:00,46.000790529999904,loop2,1.000138194000101,1106944,0,51,0,0,0,0,0,0.0,0.0,0,
46,2026-10-09T15:33:00.018598+00:00,46.000790529999904,loop3,1.000138194000101,1141760,0,66,0,0,0,0,0,0.0,0.0,0,
46,2026-10-09T15:33:00.018598+00:00,46.000790529999904,loop4,1.000138194000101,354304,0,43,0,0,0,0,0,0.0,0.0,0,
46,2026-10-09T15:33:00.018598+00:00,46.000790529999904,loop5,1.000138194000101,18432,0,12,0,0,0,0,0,0.0,0.0,0,
46,2026-10-09T15:33:00.018598+00:00,46.000790529999904,loop6,1.000138194000101,0,0,0,0,0,0,0,0,0.0,0.0,0,
46,2026-10-09T15:33:00.018598+00:00,46.000790529999904,loop7,1.000138194000101,0,0,0,0,0,0,0,0,0.0,0.0,0,
46,2026-10-09T15:33:00.018598+00:00,46.000790529999904,sr0,1.000138194000101,1536,0,8,0,0,0,0,0,0.0,0.0,0,
46,2026-10-09T15:33:00.018598+00:00,46.000790529999904,sda,1.000138194000101,356335104,23455858688,7903,96689,0,63062016,0,133,0.0,63053302.411920115,980,
46,2026-10-09T15:33:00.018598+00:00,46.000790529999904,sda1,1.000138194000101,319488,0,78,0,0,0,0,0,0.0,0.0,0,
46,2026-10-09T15:33:00.018598+00:00,46.000790529999904,sda2,1.000138194000101,326784000,275787776,6593,44709,0,12288,0,2,0.0,12286.302106765415,12,
46,2026-10-09T15:33:00.018598+00:00,46.000790529999904,sda3,1.000138194000101,5571584,118784,155,25,0,0,0,0,0.0,0.0,0,
46,2026-10-09T15:33:00.018598+00:00,46.000790529999904,sda4,1.000138194000101,4657152,0,116,0,0,0,0,0,0.0,0.0,0,
46,2026-10-09T15:33:00.018598+00:00,46.000790529999904,sda5,1.000138194000101,16548864,23179952128,826,51955,0,63049728,0,131,0.0,63041016.10981335,972,
47,2026-10-09T15:33:01.019389+00:00,47.00172548699993,loop0,1.00079072599965,374784,0,51,0,0,0,0,0,0.0,0.0,0,
47,2026-10-09T15:33:01.019389+00:00,47.00172548699993,loop1,1.00079072599965,2107392,0,217,0,0,0,0,0,0.0,0.0,0,
47,2026-10-09T15:33:01.019389+00:00,47.00172548699993,loop2,1.00079072599965,1106944,0,51,0,0,0,0,0,0.0,0.0,0,
47,2026-10-09T15:33:01.019389+00:00,47.00172548699993,loop3,1.00079072599965,1141760,0,66,0,0,0,0,0,0.0,0.0,0,
47,2026-10-09T15:33:01.019389+00:00,47.00172548699993,loop4,1.00079072599965,354304,0,43,0,0,0,0,0,0.0,0.0,0,
47,2026-10-09T15:33:01.019389+00:00,47.00172548699993,loop5,1.00079072599965,18432,0,12,0,0,0,0,0,0.0,0.0,0,
47,2026-10-09T15:33:01.019389+00:00,47.00172548699993,loop6,1.00079072599965,0,0,0,0,0,0,0,0,0.0,0.0,0,
47,2026-10-09T15:33:01.019389+00:00,47.00172548699993,loop7,1.00079072599965,0,0,0,0,0,0,0,0,0.0,0.0,0,
47,2026-10-09T15:33:01.019389+00:00,47.00172548699993,sr0,1.00079072599965,1536,0,8,0,0,0,0,0,0.0,0.0,0,
47,2026-10-09T15:33:01.019389+00:00,47.00172548699993,sda,1.00079072599965,356335104,23512408064,7903,96816,0,56549376,0,127,0.0,56504696.26755891,888,
47,2026-10-09T15:33:01.019389+00:00,47.00172548699993,sda1,1.00079072599965,319488,0,78,0,0,0,0,0,0.0,0.0,0,
47,2026-10-09T15:33:01.019389+00:00,47.00172548699993,sda2,1.00079072599965,326784000,275787776,6593,44709,0,0,0,0,0.0,0.0,0,
47,2026-10-09T15:33:01.019389+00:00,47.00172548699993,sda3,1.00079072599965,5571584,118784,155,25,0,0,0,0,0.0,0.0,0,
47,2026-10-09T15:33:01.019389+00:00,47.00172548699993,sda4,1.00079072599965,4657152,0,116,0,0,0,0,0,0.0,0.0,0,
47,2026-10-09T15:33:01.019389+00:00,47.00172548699993,sda5,1.00079072599965,16548864,23236501504,826,52082,0,56549376,0,127,0.0,56504696.26755891,888,
48,2026-10-09T15:33:02.018432+00:00,48.00067541600038,loop0,0.9990433080001822,374784,0,51,0,0,0,0,0,0.0,0.0,0,
48,2026-10-09T15:33:02.018432+00:00,48.00067541600038,loop1,0.9990433080001822,2107392,0,217,0,0,0,0,0,0.0,0.0,0,
48,2026-10-09T15:33:02.018432+00:00,48.00067541600038,loop2,0.9990433080001822,1106944,0,51,0,0,0,0,0,0.0,0.0,0,
48,2026-10-09T15:33:02.018432+00:00,48.00067541600038,loop3,0.9990433080001822,1141760,0,66,0,0,0,0,0,0.0,0.0,0,
48,2026-10-09T15:33:02.018432+00:00,48.00067541600038,loop4,0.9990433080001822,354304,0,43,0,0,0,0,0,0.0,0.0,0,
48,2026-10-09T15:33:02.018432+00:00,48.00067541600038,loop5,0.9990433080001822,18432,0,12,0,0,0,0,0,0.0,0.0,0,
48,2026-10-09T15:33:02.018432+00:00,48.00067541600038,loop6,0.9990433080001822,0,0,0,0,0,0,0,0,0.0,0.0,0,
48,2026-10-09T15:33:02.018432+00:00,48.00067541600038,loop7,0.9990433080001822,0,0,0,0,0,0,0,0,0.0,0.0,0,
48,2026-10-09T15:33:02.018432+00:00,48.00067541600038,sr0,0.9990433080001822,1536,0,8,0,0,0,0,0,0.0,0.0,0,
48,2026-10-09T15:33:02.018432+00:00,48.00067541600038,sda,0.9990433080001822,356335104,23575474176,7903,96945,0,63066112,0,129,0.0,63126504.62194828,916,
48,2026-10-09T15:33:02.018432+00:00,48.00067541600038,sda1,0.9990433080001822,319488,0,78,0,0,0,0,0,0.0,0.0,0,
48,2026-10-09T15:33:02.018432+00:00,48.00067541600038,sda2,0.9990433080001822,326784000,275787776,6593,44709,0,0,0,0,0.0,0.0,0,
48,2026-10-09T15:33:02.018432+00:00,48.00067541600038,sda3,0.9990433080001822,5571584,118784,155,25,0,0,0,0,0.0,0.0,0,
48,2026-10-09T15:33:02.018432+00:00,48.00067541600038,sda4,0.9990433080001822,4657152,0,116,0,0,0,0,0,0.0,0.0,0,
48,2026-10-09T15:33:02.018432+00:00,48.00067541600038,sda5,0.9990433080001822,16548864,23299567616,826,52211,0,63066112,0,129,0.0,63126504.62194828,916,
49,2026-10-09T15:33:03.019220+00:00,49.00034960100038,loop0,1.0007879200002208,374784,0,51,0,0,0,0,0,0.0,0.0,0,
49,2026-10-09T15:33:03.019220+00:00,49.00034960100038,loop1,1.0007879200002208,2107392,0,217,0,0,0,0,0,0.0,0.0,0,
49,2026-10-09T15:33:03.019220+00:00,49.00034960100038,loop2,1.0007879200002208,1106944,0,51,0,0,0,0,0,0.0,0.0,0,
49,2026-10-09T15:33:03.019220+00:00,49.00034960100038,loop3,1.0007879200002208,1141760,0,66,0,0,0,0,0,0.0,0.0,0,
49,2026-10-09T15:33:03.019220+00:00,49.00034960100038,loop4,1.0007879200002208,354304,0,43,0,0,0,0,0,0.0,0.0,0,
49,2026-10-09T15:33:03.019220+00:00,49.00034960100038,loop5,1.0007879200002208,18432,0,12,0,0,0,0,0,0.0,0.0,0,
49,2026-10-09T15:33:03.019220+00:00,49.00034960100038,loop6,1.0007879200002208,0,0,0,0,0,0,0,0,0.0,0.0,0,
49,2026-10-09T15:33:03.019220+00:00,49.00034960100038,loop7,1.0007879200002208,0,0,0,0,0,0,0,0,0.0,0.0,0,
49,2026-10-09T15:33:03.019220+00:00,49.00034960100038,sr0,1.0007879200002208,1536,0,8,0,0,0,0,0,0.0,0.0,0,
49,2026-10-09T15:33:03.019220+00:00,49.00034960100038,sda,1.0007879200002208,356335104,23645216768,7903,97092,0,69742592,0,147,0.0,69687683.68025927,1020,
49,2026-10-09T15:33:03.019220+00:00,49.00034960100038,sda1,1.0007879200002208,319488,0,78,0,0,0,0,0,0.0,0.0,0,
49,2026-10-09T15:33:03.019220+00:00,49.00034960100038,sda2,1.0007879200002208,326784000,275787776,6593,44709,0,0,0,0,0.0,0.0,0,
49,2026-10-09T15:33:03.019220+00:00,49.00034960100038,sda3,1.0007879200002208,5571584,118784,155,25,0,0,0,0,0.0,0.0,0,
49,2026-10-09T15:33:03.019220+00:00,49.00034960100038,sda4,1.0007879200002208,4657152,0,116,0,0,0,0,0,0.0,0.0,0,
49,2026-10-09T15:33:03.019220+00:00,49.00034960100038,sda5,1.0007879200002208,16548864,23369310208,826,52358,0,69742592,0,147,0.0,69687683.68025927,1020,
50,2026-10-09T15:33:04.018965+00:00,50.00120977300048,loop0,0.9997451769995678,374784,0,51,0,0,0,0,0,0.0,0.0,0,
50,2026-10-09T15:33:04.018965+00:00,50.00120977300048,loop1,0.9997451769995678,2107392,0,217,0,0,0,0,0,0.0,0.0,0,
50,2026-10-09T15:33:04.018965+00:00,50.00120977300048,loop2,0.9997451769995678,1106944,0,51,0,0,0,0,0,0.0,0.0,0,
50,2026-10-09T15:33:04.018965+00:00,50.00120977300048,loop3,0.9997451769995678,1141760,0,66,0,0,0,0,0,0.0,0.0,0,
50,2026-10-09T15:33:04.018965+00:00,50.00120977300048,loop4,0.9997451769995678,354304,0,43,0,0,0,0,0,0.0,0.0,0,
50,2026-10-09T15:33:04.018965+00:00,50.00120977300048,loop5,0.9997451769995678,18432,0,12,0,0,0,0,0,0.0,0.0,0,
50,2026-10-09T15:33:04.018965+00:00,50.00120977300048,loop6,0.9997451769995678,0,0,0,0,0,0,0,0,0.0,0.0,0,
50,2026-10-09T15:33:04.018965+00:00,50.00120977300048,loop7,0.9997451769995678,0,0,0,0,0,0,0,0,0.0,0.0,0,
50,2026-10-09T15:33:04.018965+00:00,50.00120977300048,sr0,0.9997451769995678,1536,0,8,0,0,0,0,0,0.0,0.0,0,
50,2026-10-09T15:33:04.018965+00:00,50.00120977300048,sda,0.9997451769995678,356335104,23701676032,7903,97211,0,56459264,0,119,0.0,56473654.78615798,960,
50,2026-10-09T15:33:04.018965+00:00,50.00120977300048,sda1,0.9997451769995678,319488,0,78,0,0,0,0,0,0.0,0.0,0,
50,2026-10-09T15:33:04.018965+00:00,50.00120977300048,sda2,0.9997451769995678,326784000,275787776,6593,44709,0,0,0,0,0.0,0.0,0,
50,2026-10-09T15:33:04.018965+00:00,50.00120977300048,sda3,0.9997451769995678,5571584,118784,155,25,0,0,0,0,0.0,0.0,0,
50,2026-10-09T15:33:04.018965+00:00,50.00120977300048,sda4,0.9997451769995678,4657152,0,116,0,0,0,0,0,0.0,0.0,0,
50,2026-10-09T15:33:04.018965+00:00,50.00120977300048,sda5,0.9997451769995678,16548864,23425769472,826,52477,0,56459264,0,119,0.0,56473654.78615798,960,
51,2026-10-09T15:33:05.019235+00:00,51.001160791000075,loop0,1.000269228000434,374784,0,51,0,0,0,0,0,0.0,0.0,0,
51,2026-10-09T15:33:05.019235+00:00,51.001160791000075,loop1,1.000269228000434,2107392,0,217,0,0,0,0,0,0.0,0.0,0,
51,2026-10-09T15:33:05.019235+00:00,51.001160791000075,loop2,1.000269228000434,1106944,0,51,0,0,0,0,0,0.0,0.0,0,
51,2026-10-09T15:33:05.019235+00:00,51.001160791000075,loop3,1.000269228000434,1141760,0,66,0,0,0,0,0,0.0,0.0,0,
51,2026-10-09T15:33:05.019235+00:00,51.001160791000075,loop4,1.000269228000434,354304,0,43,0,0,0,0,0,0.0,0.0,0,
51,2026-10-09T15:33:05.019235+00:00,51.001160791000075,loop5,1.000269228000434,18432,0,12,0,0,0,0,0,0.0,0.0,0,
51,2026-10-09T15:33:05.019235+00:00,51.001160791000075,loop6,1.000269228000434,0,0,0,0,0,0,0,0,0.0,0.0,0,
51,2026-10-09T15:33:05.019235+00:00,51.001160791000075,loop7,1.000269228000434,0,0,0,0,0,0,0,0,0.0,0.0,0,
51,2026-10-09T15:33:05.019235+00:00,51.001160791000075,sr0,1.000269228000434,1536,0,8,0,0,0,0,0,0.0,0.0,0,
51,2026-10-09T15:33:05.019235+00:00,51.001160791000075,sda,1.000269228000434,356335104,23760244736,7903,97336,0,58568704,0,125,0.0,58552939.909068756,988,
51,2026-10-09T15:33:05.019235+00:00,51.001160791000075,sda1,1.000269228000434,319488,0,78,0,0,0,0,0,0.0,0.0,0,
51,2026-10-09T15:33:05.019235+00:00,51.001160791000075,sda2,1.000269228000434,326784000,275800064,6593,44711,0,12288,0,2,0.0,12284.69261677084,8,
51,2026-10-09T15:33:05.019235+00:00,51.001160791000075,sda3,1.000269228000434,5571584,118784,155,25,0,0,0,0,0.0,0.0,0,
51,2026-10-09T15:33:05.019235+00:00,51.001160791000075,sda4,1.000269228000434,4657152,0,116,0,0,0,0,0,0.0,0.0,0,
51,2026-10-09T15:33:05.019235+00:00,51.001160791000075,sda5,1.000269228000434,16548864,23484325888,826,52600,0,58556416,0,123,0.0,58540655.21645198,980,
52,2026-10-09T15:33:06.019580+00:00,52.00124508099998,loop0,1.0003447769995546,374784,0,51,0,0,0,0,0,0.0,0.0,0,
52,2026-10-09T15:33:06.019580+00:00,52.00124508099998,loop1,1.0003447769995546,2107392,0,217,0,0,0,0,0,0.0,0.0,0,
52,2026-10-09T15:33:06.019580+00:00,52.00124508099998,loop2,1.0003447769995546,1106944,0,51,0,0,0,0,0,0.0,0.0,0,
52,2026-10-09T15:33:06.019580+00:00,52.00124508099998,loop3,1.0003447769995546,1141760,0,66,0,0,0,0,0,0.0,0.0,0,
52,2026-10-09T15:33:06.019580+00:00,52.00124508099998,loop4,1.0003447769995546,354304,0,43,0,0,0,0,0,0.0,0.0,0,
52,2026-10-09T15:33:06.019580+00:00,52.00124508099998,loop5,1.0003447769995546,18432,0,12,0,0,0,0,0,0.0,0.0,0,
52,2026-10-09T15:33:06.019580+00:00,52.00124508099998,loop6,1.0003447769995546,0,0,0,0,0,0,0,0,0.0,0.0,0,
52,2026-10-09T15:33:06.019580+00:00,52.00124508099998,loop7,1.0003447769995546,0,0,0,0,0,0,0,0,0.0,0.0,0,
52,2026-10-09T15:33:06.019580+00:00,52.00124508099998,sr0,1.0003447769995546,1536,0,8,0,0,0,0,0,0.0,0.0,0,
52,2026-10-09T15:33:06.019580+00:00,52.00124508099998,sda,1.0003447769995546,356335104,23823642624,7903,97468,0,63397888,0,132,0.0,63376037.39998157,868,
52,2026-10-09T15:33:06.019580+00:00,52.00124508099998,sda1,1.0003447769995546,319488,0,78,0,0,0,0,0,0.0,0.0,0,
52,2026-10-09T15:33:06.019580+00:00,52.00124508099998,sda2,1.0003447769995546,326784000,275800064,6593,44711,0,0,0,0,0.0,0.0,0,
52,2026-10-09T15:33:06.019580+00:00,52.00124508099998,sda3,1.0003447769995546,5571584,118784,155,25,0,0,0,0,0.0,0.0,0,
52,2026-10-09T15:33:06.019580+00:00,52.00124508099998,sda4,1.0003447769995546,4657152,0,116,0,0,0,0,0,0.0,0.0,0,
52,2026-10-09T15:33:06.019580+00:00,52.00124508099998,sda5,1.0003447769995546,16548864,23547723776,826,52732,0,63397888,0,132,0.0,63376037.39998157,868,
53,2026-10-09T15:33:07.018875+00:00,53.00104665700019,loop0,0.9992952540005717,374784,0,51,0,0,0,0,0,0.0,0.0,0,
53,2026-10-09T15:33:07.018875+00:00,53.00104665700019,loop1,0.9992952540005717,2107392,0,217,0,0,0,0,0,0.0,0.0,0,
53,2026-10-09T15:33:07.018875+00:00,53.00104665700019,loop2,0.9992952540005717,1106944,0,51,0,0,0,0,0,0.0,0.0,0,
53,2026-10-09T15:33:07.018875+00:00,53.00104665700019,loop3,0.9992952540005717,1141760,0,66,0,0,0,0,0,0.0,0.0,0,
53,2026-10-09T15:33:07.018875+00:00,53.00104665700019,loop4,0.9992952540005717,354304,0,43,0,0,0,0,0,0.0,0.0,0,
53,2026-10-09T15:33:07.018875+00:00,53.00104665700019,loop5,0.9992952540005717,18432,0,12,0,0,0,0,0,0.0,0.0,0,
53,2026-10-09T15:33:07.018875+00:00,53.00104665700019,loop6,0.9992952540005717,0,0,0,0,0,0,0,0,0.0,0.0,0,
53,2026-10-09T15:33:07.018875+00:00,53.00104665700019,loop7,0.9992952540005717,0,0,0,0,0,0,0,0,0.0,0.0,0,
53,2026-10-09T15:33:07.018875+00:00,53.00104665700019,sr0,0.9992952540005717,1536,0,8,0,0,0,0,0,0.0,0.0,0,
53,2026-10-09T15:33:07.018875+00:00,53.00104665700019,sda,0.9992952540005717,356335104,23886143488,7903,97604,0,62500864,0,136,0.0,62544942.29786889,1048,
53,2026-10-09T15:33:07.018875+00:00,53.00104665700019,sda1,0.9992952540005717,319488,0,78,0,0,0,0,0,0.0,0.0,0,
53,2026-10-09T15:33:07.018875+00:00,53.00104665700019,sda2,0.9992952540005717,326784000,275800064,6593,44711,0,0,0,0,0.0,0.0,0,
53,2026-10-09T15:33:07.018875+00:00,53.00104665700019,sda3,0.9992952540005717,5571584,118784,155,25,0,0,0,0,0.0,0.0,0,
53,2026-10-09T15:33:07.018875+00:00,53.00104665700019,sda4,0.9992952540005717,4657152,0,116,0,0,0,0,0,0.0,0.0,0,
53,2026-10-09T15:33:07.018875+00:00,53.00104665700019,sda5,0.9992952540005717,16548864,23610224640,826,52868,0,62500864,0,136,0.0,62544942.29786889,1048,
54,2026-10-09T15:33:08.021973+00:00,54.00059803900058,loop0,1.003096553999967,374784,0,51,0,0,0,0,0,0.0,0.0,0,
54,2026-10-09T15:33:08.021973+00:00,54.00059803900058,loop1,1.003096553999967,2107392,0,217,0,0,0,0,0,0.0,0.0,0,
54,2026-10-09T15:33:08.021973+00:00,54.00059803900058,loop2,1.003096553999967,1106944,0,51,0,0,0,0,0,0.0,0.0,0,
54,2026-10-09T15:33:08.021973+00:00,54.00059803900058,loop3,1.003096553999967,1141760,0,66,0,0,0,0,0,0.0,0.0,0,
54,2026-10-09T15:33:08.021973+00:00,54.00059803900058,loop4,1.003096553999967,354304,0,43,0,0,0,0,0,0.0,0.0,0,
54,2026-10-09T15:33:08.021973+00:00,54.00059803900058,loop5,1.003096553999967,18432,0,12,0,0,0,0,0,0.0,0.0,0,
54,2026-10-09T15:33:08.021973+00:00,54.00059803900058,loop6,1.003096553999967,0,0,0,0,0,0,0,0,0.0,0.0,0,
54,2026-10-09T15:33:08.021973+00:00,54.00059803900058,loop7,1.003096553999967,0,0,0,0,0,0,0,0,0.0,0.0,0,
54,2026-10-09T15:33:08.021973+00:00,54.00059803900058,sr0,1.003096553999967,1536,0,8,0,0,0,0,0,0.0,0.0,0,
54,2026-10-09T15:33:08.021973+00:00,54.00059803900058,sda,1.003096553999967,356335104,23943610368,7903,97725,0,57466880,0,121,0.0,57289480.031452574,1000,
54,2026-10-09T15:33:08.021973+00:00,54.00059803900058,sda1,1.003096553999967,319488,0,78,0,0,0,0,0,0.0,0.0,0,
54,2026-10-09T15:33:08.021973+00:00,54.00059803900058,sda2,1.003096553999967,326784000,275800064,6593,44711,0,0,0,0,0.0,0.0,0,
54,2026-10-09T15:33:08.021973+00:00,54.00059803900058,sda3,1.003096553999967,5571584,118784,155,25,0,0,0,0,0.0,0.0,0,
54,2026-10-09T15:33:08.021973+00:00,54.00059803900058,sda4,1.003096553999967,4657152,0,116,0,0,0,0,0,0.0,0.0,0,
54,2026-10-09T15:33:08.021973+00:00,54.00059803900058,sda5,1.003096553999967,16548864,23667691520,826,52989,0,57466880,0,121,0.0,57289480.031452574,1000,
55,2026-10-09T15:33:09.018638+00:00,55.00062786400031,loop0,0.9966671149995818,374784,0,51,0,0,0,0,0,0.0,0.0,0,
55,2026-10-09T15:33:09.018638+00:00,55.00062786400031,loop1,0.9966671149995818,2107392,0,217,0,0,0,0,0,0.0,0.0,0,
55,2026-10-09T15:33:09.018638+00:00,55.00062786400031,loop2,0.9966671149995818,1106944,0,51,0,0,0,0,0,0.0,0.0,0,
55,2026-10-09T15:33:09.018638+00:00,55.00062786400031,loop3,0.9966671149995818,1141760,0,66,0,0,0,0,0,0.0,0.0,0,
55,2026-10-09T15:33:09.018638+00:00,55.00062786400031,loop4,0.9966671149995818,354304,0,43,0,0,0,0,0,0.0,0.0,0,
55,2026-10-09T15:33:09.018638+00:00,55.00062786400031,loop5,0.9966671149995818,18432,0,12,0,0,0,0,0,0.0,0.0,0,
55,2026-10-09T15:33:09.018638+00:00,55.00062786400031,loop6,0.9966671149995818,0,0,0,0,0,0,0,0,0.0,0.0,0,
55,2026-10-09T15:33:09.018638+00:00,55.00062786400031,loop7,0.9966671149995818,0,0,0,0,0,0,0,0,0.0,0.0,0,
55,2026-10-09T15:33:09.018638+00:00,55.00062786400031,sr0,0.9966671149995818,1536,0,8,0,0,0,0,0,0.0,0.0,0,
55,2026-10-09T15:33:09.018638+00:00,55.00062786400031,sda,0.9966671149995818,356335104,24014397440,7903,97870,0,70787072,0,145,0.0,71023786.1114036,968,
55,2026-10-09T15:33:09.018638+00:00,55.00062786400031,sda1,0.9966671149995818,319488,0,78,0,0,0,0,0,0.0,0.0,0,
55,2026-10-09T15:33:09.018638+00:00,55.00062786400031,sda2,0.9966671149995818,326784000,275800064,6593,44711,0,0,0,0,0.0,0.0,0,
55,2026-10-09T15:33:09.018638+00:00,55.00062786400031,sda3,0.9966671149995818,5571584,118784,155,25,0,0,0,0,0.0,0.0,0,
55,2026-10-09T15:33:09.018638+00:00,55.00062786400031,sda4,0.9966671149995818,4657152,0,116,0,0,0,0,0,0.0,0.0,0,
55,2026-10-09T15:33:09.018638+00:00,55.00062786400031,sda5,0.9966671149995818,16548864,23738478592,826,53134,0,70787072,0,145,0.0,71023786.1114036,968,
56,2026-10-09T15:33:10.019167+00:00,56.00135546199999,loop0,1.0005282350002744,374784,0,51,0,0,0,0,0,0.0,0.0,0,
56,2026-10-09T15:33:10.019167+00:00,56.00135546199999,loop1,1.0005282350002744,2107392,0,217,0,0,0,0,0,0.0,0.0,0,
56,2026-10-09T15:33:10.019167+00:00,56.00135546199999,loop2,1.0005282350002744,1106944,0,51,0,0,0,0,0,0.0,0.0,0,
56,2026-10-09T15:33:10.019167+00:00,56.00135546199999,loop3,1.0005282350002744,1141760,0,66,0,0,0,0,0,0.0,0.0,0,
56,2026-10-09T15:33:10.019167+00:00,56.00135546199999,loop4,1.0005282350002744,354304,0,43,0,0,0,0,0,0.0,0.0,0,
56,2026-10-09T15:33:10.019167+00:00,56.00135546199999,loop5,1.0005282350002744,18432,0,12,0,0,0,0,0,0.0,0.0,0,
56,2026-10-09T15:33:10.019167+00:00,56.00135546199999,loop6,1.0005282350002744,0,0,0,0,0,0,0,0,0.0,0.0,0,
56,2026-10-09T15:33:10.019167+00:00,56.00135546199999,loop7,1.0005282350002744,0,0,0,0,0,0,0,0,0.0,0.0,0,
56,2026-10-09T15:33:10.019167+00:00,56.00135546199999,sr0,1.0005282350002744,1536,0,8,0,0,0,0,0,0.0,0.0,0,
56,2026-10-09T15:33:10.019167+00:00,56.00135546199999,sda,1.0005282350002744,356335104,24069398528,7903,97985,0,55001088,0,115,0.0,54972049.839238085,896,
56,2026-10-09T15:33:10.019167+00:00,56.00135546199999,sda1,1.0005282350002744,319488,0,78,0,0,0,0,0,0.0,0.0,0,
56,2026-10-09T15:33:10.019167+00:00,56.00135546199999,sda2,1.0005282350002744,326784000,275812352,6593,44713,0,12288,0,2,0.0,12281.512475254263,16,
56,2026-10-09T15:33:10.019167+00:00,56.00135546199999,sda3,1.0005282350002744,5571584,118784,155,25,0,0,0,0,0.0,0.0,0,
56,2026-10-09T15:33:10.019167+00:00,56.00135546199999,sda4,1.0005282350002744,4657152,0,116,0,0,0,0,0,0.0,0.0,0,
56,2026-10-09T15:33:10.019167+00:00,56.00135546199999,sda5,1.0005282350002744,16548864,23793467392,826,53247,0,54988800,0,113,0.0,54959768.32676283,888,
57,2026-10-09T15:33:11.019097+00:00,57.0013485569998,loop0,0.9999304379998648,374784,0,51,0,0,0,0,0,0.0,0.0,0,
57,2026-10-09T15:33:11.019097+00:00,57.0013485569998,loop1,0.9999304379998648,2107392,0,217,0,0,0,0,0,0.0,0.0,0,
57,2026-10-09T15:33:11.019097+00:00,57.0013485569998,loop2,0.9999304379998648,1106944,0,51,0,0,0,0,0,0.0,0.0,0,
57,2026-10-09T15:33:11.019097+00:00,57.0013485569998,loop3,0.9999304379998648,1141760,0,66,0,0,0,0,0,0.0,0.0,0,
57,2026-10-09T15:33:11.019097+00:00,57.0013485569998,loop4,0.9999304379998648,354304,0,43,0,0,0,0,0,0.0,0.0,0,
57,2026-10-09T15:33:11.019097+00:00,57.0013485569998,loop5,0.9999304379998648,18432,0,12,0,0,0,0,0,0.0,0.0,0,
57,2026-10-09T15:33:11.019097+00:00,57.0013485569998,loop6,0.9999304379998648,0,0,0,0,0,0,0,0,0.0,0.0,0,
57,2026-10-09T15:33:11.019097+00:00,57.0013485569998,loop7,0.9999304379998648,0,0,0,0,0,0,0,0,0.0,0.0,0,
57,2026-10-09T15:33:11.019097+00:00,57.0013485569998,sr0,0.9999304379998648,1536,0,8,0,0,0,0,0,0.0,0.0,0,
57,2026-10-09T15:33:11.019097+00:00,57.0013485569998,sda,0.9999304379998648,356335104,24130400256,7903,98113,0,61001728,0,128,0.0,61005971.69741146,1032,
57,2026-10-09T15:33:11.019097+00:00,57.0013485569998,sda1,0.9999304379998648,319488,0,78,0,0,0,0,0,0.0,0.0,0,
57,2026-10-09T15:33:11.019097+00:00,57.0013485569998,sda2,0.9999304379998648,326784000,275812352,6593,44713,0,0,0,0,0.0,0.0,0,
57,2026-10-09T15:33:11.019097+00:00,57.0013485569998,sda3,0.9999304379998648,5571584,118784,155,25,0,0,0,0,0.0,0.0,0,
57,2026-10-09T15:33:11.019097+00:00,57.0013485569998,sda4,0.9999304379998648,4657152,0,116,0,0,0,0,0,0.0,0.0,0,
57,2026-10-09T15:33:11.019097+00:00,57.0013485569998,sda5,0.9999304379998648,16548864,23854469120,826,53375,0,61001728,0,128,0.0,61005971.69741146,1032,
58,2026-10-09T15:33:12.019502+00:00,58.00106597500053,loop0,1.0004053659995407,374784,0,51,0,0,0,0,0,0.0,0.0,0,
58,2026-10-09T15:33:12.019502+00:00,58.00106597500053,loop1,1.0004053659995407,2107392,0,217,0,0,0,0,0,0.0,0.0,0,
58,2026-10-09T15:33:12.019502+00:00,58.00106597500053,loop2,1.0004053659995407,1106944,0,51,0,0,0,0,0,0.0,0.0,0,
58,2026-10-09T15:33:12.019502+00:00,58.00106597500053,loop3,1.0004053659995407,1141760,0,66,0,0,0,0,0,0.0,0.0,0,
58,2026-10-09T15:33:12.019502+00:00,58.00106597500053,loop4,1.0004053659995407,354304,0,43,0,0,0,0,0,0.0,0.0,0,
58,2026-10-09T15:33:12.019502+00:00,58.00106597500053,loop5,1.0004053659995407,18432,0,12,0,0,0,0,0,0.0,0.0,0,
58,2026-10-09T15:33:12.019502+00:00,58.00106597500053,loop6,1.0004053659995407,0,0,0,0,0,0,0,0,0.0,0.0,0,
58,2026-10-09T15:33:12.019502+00:00,58.00106597500053,loop7,1.0004053659995407,0,0,0,0,0,0,0,0,0.0,0.0,0,
58,2026-10-09T15:33:12.019502+00:00,58.00106597500053,sr0,1.0004053659995407,1536,0,8,0,0,0,0,0,0.0,0.0,0,
58,2026-10-09T15:33:12.019502+00:00,58.00106597500053,sda,1.0004053659995407,356335104,24194523136,7903,98249,0,64122880,0,136,0.0,64096897.29715968,996,
58,2026-10-09T15:33:12.019502+00:00,58.00106597500053,sda1,1.0004053659995407,319488,0,78,0,0,0,0,0,0.0,0.0,0,
58,2026-10-09T15:33:12.019502+00:00,58.00106597500053,sda2,1.0004053659995407,326784000,275812352,6593,44713,0,0,0,0,0.0,0.0,0,
58,2026-10-09T15:33:12.019502+00:00,58.00106597500053,sda3,1.0004053659995407,5571584,118784,155,25,0,0,0,0,0.0,0.0,0,
58,2026-10-09T15:33:12.019502+00:00,58.00106597500053,sda4,1.0004053659995407,4657152,0,116,0,0,0,0,0,0.0,0.0,0,
58,2026-10-09T15:33:12.019502+00:00,58.00106597500053,sda5,1.0004053659995407,16548864,23918592000,826,53511,0,64122880,0,136,0.0,64096897.29715968,996,
59,2026-10-09T15:33:13.021277+00:00,59.00100754200048,loop0,1.0017749650005499,374784,0,51,0,0,0,0,0,0.0,0.0,0,
59,2026-10-09T15:33:13.021277+00:00,59.00100754200048,loop1,1.0017749650005499,2107392,0,217,0,0,0,0,0,0.0,0.0,0,
59,2026-10-09T15:33:13.021277+00:00,59.00100754200048,loop2,1.0017749650005499,1106944,0,51,0,0,0,0,0,0.0,0.0,0,
59,2026-10-09T15:33:13.021277+00:00,59.00100754200048,loop3,1.0017749650005499,1141760,0,66,0,0,0,0,0,0.0,0.0,0,
59,2026-10-09T15:33:13.021277+00:00,59.00100754200048,loop4,1.0017749650005499,354304,0,43,0,0,0,0,0,0.0,0.0,0,
59,2026-10-09T15:33:13.021277+00:00,59.00100754200048,loop5,1.0017749650005499,18432,0,12,0,0,0,0,0,0.0,0.0,0,
59,2026-10-09T15:33:13.021277+00:00,59.00100754200048,loop6,1.0017749650005499,0,0,0,0,0,0,0,0,0.0,0.0,0,
59,2026-10-09T15:33:13.021277+00:00,59.00100754200048,loop7,1.0017749650005499,0,0,0,0,0,0,0,0,0.0,0.0,0,
59,2026-10-09T15:33:13.021277+00:00,59.00100754200048,sr0,1.0017749650005499,1536,0,8,0,0,0,0,0,0.0,0.0,0,
59,2026-10-09T15:33:13.021277+00:00,59.00100754200048,sda,1.0017749650005499,356335104,24247201792,7903,98366,0,52678656,0,117,0.0,52585318.89941079,980,
59,2026-10-09T15:33:13.021277+00:00,59.00100754200048,sda1,1.0017749650005499,319488,0,78,0,0,0,0,0,0.0,0.0,0,
59,2026-10-09T15:33:13.021277+00:00,59.00100754200048,sda2,1.0017749650005499,326784000,275812352,6593,44713,0,0,0,0,0.0,0.0,0,
59,2026-10-09T15:33:13.021277+00:00,59.00100754200048,sda3,1.0017749650005499,5571584,118784,155,25,0,0,0,0,0.0,0.0,0,
59,2026-10-09T15:33:13.021277+00:00,59.00100754200048,sda4,1.0017749650005499,4657152,0,116,0,0,0,0,0,0.0,0.0,0,
59,2026-10-09T15:33:13.021277+00:00,59.00100754200048,sda5,1.0017749650005499,16548864,23971270656,826,53628,0,52678656,0,117,0.0,52585318.89941079,980,
60,2026-10-09T15:33:14.024547+00:00,60.00084175200027,loop0,1.0032667289997335,374784,0,51,0,0,0,0,0,0.0,0.0,0,
60,2026-10-09T15:33:14.024547+00:00,60.00084175200027,loop1,1.0032667289997335,2107392,0,217,0,0,0,0,0,0.0,0.0,0,
60,2026-10-09T15:33:14.024547+00:00,60.00084175200027,loop2,1.0032667289997335,1106944,0,51,0,0,0,0,0,0.0,0.0,0,
60,2026-10-09T15:33:14.024547+00:00,60.00084175200027,loop3,1.0032667289997335,1141760,0,66,0,0,0,0,0,0.0,0.0,0,
60,2026-10-09T15:33:14.024547+00:00,60.00084175200027,loop4,1.0032667289997335,354304,0,43,0,0,0,0,0,0.0,0.0,0,
60,2026-10-09T15:33:14.024547+00:00,60.00084175200027,loop5,1.0032667289997335,18432,0,12,0,0,0,0,0,0.0,0.0,0,
60,2026-10-09T15:33:14.024547+00:00,60.00084175200027,loop6,1.0032667289997335,0,0,0,0,0,0,0,0,0.0,0.0,0,
60,2026-10-09T15:33:14.024547+00:00,60.00084175200027,loop7,1.0032667289997335,0,0,0,0,0,0,0,0,0.0,0.0,0,
60,2026-10-09T15:33:14.024547+00:00,60.00084175200027,sr0,1.0032667289997335,1536,0,8,0,0,0,0,0,0.0,0.0,0,
60,2026-10-09T15:33:14.024547+00:00,60.00084175200027,sda,1.0032667289997335,356335104,24307130368,7903,98492,0,59928576,0,126,0.0,59733443.02940193,968,
60,2026-10-09T15:33:14.024547+00:00,60.00084175200027,sda1,1.0032667289997335,319488,0,78,0,0,0,0,0,0.0,0.0,0,
60,2026-10-09T15:33:14.024547+00:00,60.00084175200027,sda2,1.0032667289997335,326784000,275812352,6593,44713,0,0,0,0,0.0,0.0,0,
60,2026-10-09T15:33:14.024547+00:00,60.00084175200027,sda3,1.0032667289997335,5571584,118784,155,25,0,0,0,0,0.0,0.0,0,
60,2026-10-09T15:33:14.024547+00:00,60.00084175200027,sda4,1.0032667289997335,4657152,0,116,0,0,0,0,0,0.0,0.0,0,
60,2026-10-09T15:33:14.024547+00:00,60.00084175200027,sda5,1.0032667289997335,16548864,24031199232,826,53754,0,59928576,0,126,0.0,59733443.02940193,968,
61,2026-10-09T15:33:15.018657+00:00,61.00091016700026,loop0,0.9941127669999332,374784,0,51,0,0,0,0,0,0.0,0.0,0,
61,2026-10-09T15:33:15.018657+00:00,61.00091016700026,loop1,0.9941127669999332,2107392,0,217,0,0,0,0,0,0.0,0.0,0,
61,2026-10-09T15:33:15.018657+00:00,61.00091016700026,loop2,0.9941127669999332,1106944,0,51,0,0,0,0,0,0.0,0.0,0,
61,2026-10-09T15:33:15.018657+00:00,61.00091016700026,loop3,0.9941127669999332,1141760,0,66,0,0,0,0,0,0.0,0.0,0,
61,2026-10-09T15:33:15.018657+00:00,61.00091016700026,loop4,0.9941127669999332,354304,0,43,0,0,0,0,0,0.0,0.0,0,
61,2026-10-09T15:33:15.018657+00:00,61.00091016700026,loop5,0.9941127669999332,18432,0,12,0,0,0,0,0,0.0,0.0,0,
61,2026-10-09T15:33:15.018657+00:00,61.00091016700026,loop6,0.9941127669999332,0,0,0,0,0,0,0,0,0.0,0.0,0,
61,2026-10-09T15:33:15.018657+00:00,61.00091016700026,loop7,0.9941127669999332,0,0,0,0,0,0,0,0,0.0,0.0,0,
61,2026-10-09T15:33:15.018657+00:00,61.00091016700026,sr0,0.9941127669999332,1536,0,8,0,0,0,0,0,0.0,0.0,0,
61,2026-10-09T15:33:15.018657+00:00,61.00091016700026,sda,0.9941127669999332,356335104,24371998720,7903,98630,0,64868352,0,138,0.0,65252508.72268936,920,
61,2026-10-09T15:33:15.018657+00:00,61.00091016700026,sda1,0.9941127669999332,319488,0,78,0,0,0,0,0,0.0,0.0,0,
61,2026-10-09T15:33:15.018657+00:00,61.00091016700026,sda2,0.9941127669999332,326784000,275841024,6593,44716,0,28672,0,3,0.0,28841.798387246672,128,
61,2026-10-09T15:33:15.018657+00:00,61.00091016700026,sda3,0.9941127669999332,5571584,118784,155,25,0,0,0,0,0.0,0.0,0,
61,2026-10-09T15:33:15.018657+00:00,61.00091016700026,sda4,0.9941127669999332,4657152,0,116,0,0,0,0,0,0.0,0.0,0,
61,2026-10-09T15:33:15.018657+00:00,61.00091016700026,sda5,0.9941127669999332,16548864,24096038912,826,53889,0,64839680,0,135,0.0,65223666.924302116,948,
62,2026-10-09T15:33:16.019333+00:00,62.001606034999895,loop0,1.0006761390004613,374784,0,51,0,0,0,0,0,0.0,0.0,0,
62,2026-10-09T15:33:16.019333+00:00,62.001606034999895,loop1,1.0006761390004613,2107392,0,217,0,0,0,0,0,0.0,0.0,0,
62,2026-10-09T15:33:16.019333+00:00,62.001606034999895,loop2,1.0006761390004613,1106944,0,51,0,0,0,0,0,0.0,0.0,0,
62,2026-10-09T15:33:16.019333+00:00,62.001606034999895,loop3,1.0006761390004613,1141760,0,66,0,0,0,0,0,0.0,0.0,0,
62,2026-10-09T15:33:16.019333+00:00,62.001606034999895,loop4,1.0006761390004613,354304,0,43,0,0,0,0,0,0.0,0.0,0,
62,2026-10-09T15:33:16.019333+00:00,62.001606034999895,loop5,1.0006761390004613,18432,0,12,0,0,0,0,0,0.0,0.0,0,
62,2026-10-09T15:33:16.019333+00:00,62.001606034999895,loop6,1.0006761390004613,0,0,0,0,0,0,0,0,0.0,0.0,0,
62,2026-10-09T15:33:16.019333+00:00,62.001606034999895,loop7,1.0006761390004613,0,0,0,0,0,0,0,0,0.0,0.0,0,
62,2026-10-09T15:33:16.019333+00:00,62.001606034999895,sr0,1.0006761390004613,1536,0,8,0,0,0,0,0,0.0,0.0,0,
62,2026-10-09T15:33:16.019333+00:00,62.001606034999895,sda,1.0006761390004613,356335104,24427356160,7903,98744,0,55357440,0,114,0.0,55320035.966176346,988,
62,2026-10-09T15:33:16.019333+00:00,62.001606034999895,sda1,1.0006761390004613,319488,0,78,0,0,0,0,0,0.0,0.0,0,
62,2026-10-09T15:33:16.019333+00:00,62.001606034999895,sda2,1.0006761390004613,326784000,275841024,6593,44716,0,0,0,0,0.0,0.0,0,
62,2026-10-09T15:33:16.019333+00:00,62.001606034999895,sda3,1.0006761390004613,5571584,118784,155,25,0,0,0,0,0.0,0.0,0,
62,2026-10-09T15:33:16.019333+00:00,62.001606034999895,sda4,1.0006761390004613,4657152,0,116,0,0,0,0,0,0.0,0.0,0,
62,2026-10-09T15:33:16.019333+00:00,62.001606034999895,sda5,1.0006761390004613,16548864,24151396352,826,54003,0,55357440,0,114,0.0,55320035.966176346,988,
63,2026-10-09T15:33:17.019381+00:00,63.00156786900061,loop0,1.0000479079999423,374784,0,51,0,0,0,0,0,0.0,0.0,0,
63,2026-10-09T15:33:17.019381+00:00,63.00156786900061,loop1,1.0000479079999423,2107392,0,217,0,0,0,0,0,0.0,0.0,0,
63,2026-10-09T15:33:17.019381+00:00,63.00156786900061,loop2,1.0000479079999423,1106944,0,51,0,0,0,0,0,0.0,0.0,0,
63,2026-10-09T15:33:17.019381+00:00,63.00156786900061,loop3,1.0000479079999423,1141760,0,66,0,0,0,0,0,0.0,0.0,0,
63,2026-10-09T15:33:17.019381+00:00,63.00156786900061,loop4,1.0000479079999423,354304,0,43,0,0,0,0,0,0.0,0.0,0,
63,2026-10-09T15:33:17.019381+00:00,63.00156786900061,loop5,1.0000479079999423,18432,0,12,0,0,0,0,0,0.0,0.0,0,
63,2026-10-09T15:33:17.019381+00:00,63.00156786900061,loop6,1.0000479079999423,0,0,0,0,0,0,0,0,0.0,0.0,0,
63,2026-10-09T15:33:17.019381+00:00,63.00156786900061,loop7,1.0000479079999423,0,0,0,0,0,0,0,0,0.0,0.0,0,
63,2026-10-09T15:33:17.019381+00:00,63.00156786900061,sr0,1.0000479079999423,1536,0,8,0,0,0,0,0,0.0,0.0,0,
63,2026-10-09T15:33:17.019381+00:00,63.00156786900061,sda,1.0000479079999423,356335104,24487993344,7903,98873,0,60637184,0,129,0.0,60634279.1329588,928,
63,2026-10-09T15:33:17.019381+00:00,63.00156786900061,sda1,1.0000479079999423,319488,0,78,0,0,0,0,0,0.0,0.0,0,
63,2026-10-09T15:33:17.019381+00:00,63.00156786900061,sda2,1.0000479079999423,326784000,275841024,6593,44716,0,0,0,0,0.0,0.0,0,
63,2026-10-09T15:33:17.019381+00:00,63.00156786900061,sda3,1.0000479079999423,5571584,118784,155,25,0,0,0,0,0.0,0.0,0,
63,2026-10-09T15:33:17.019381+00:00,63.00156786900061,sda4,1.0000479079999423,4657152,0,116,0,0,0,0,0,0.0,0.0,0,
63,2026-10-09T15:33:17.019381+00:00,63.00156786900061,sda5,1.0000479079999423,16548864,24212033536,826,54132,0,60637184,0,129,0.0,60634279.1329588,928,
64,2026-10-09T15:33:18.019156+00:00,64.00114800000028,loop0,0.9997746049994021,374784,0,51,0,0,0,0,0,0.0,0.0,0,
64,2026-10-09T15:33:18.019156+00:00,64.00114800000028,loop1,0.9997746049994021,2107392,0,217,0,0,0,0,0,0.0,0.0,0,
64,2026-10-09T15:33:18.019156+00:00,64.00114800000028,loop2,0.9997746049994021,1106944,0,51,0,0,0,0,0,0.0,0.0,0,
64,2026-10-09T15:33:18.019156+00:00,64.00114800000028,loop3,0.9997746049994021,1141760,0,66,0,0,0,0,0,0.0,0.0,0,
64,2026-10-09T15:33:18.019156+00:00,64.00114800000028,loop4,0.9997746049994021,354304,0,43,0,0,0,0,0,0.0,0.0,0,
64,2026-10-09T15:33:18.019156+00:00,64.00114800000028,loop5,0.9997746049994021,18432,0,12,0,0,0,0,0,0.0,0.0,0,
64,2026-10-09T15:33:18.019156+00:00,64.00114800000028,loop6,0.9997746049994021,0,0,0,0,0,0,0,0,0.0,0.0,0,
64,2026-10-09T15:33:18.019156+00:00,64.00114800000028,loop7,0.9997746049994021,0,0,0,0,0,0,0,0,0.0,0.0,0,
64,2026-10-09T15:33:18.019156+00:00,64.00114800000028,sr0,0.9997746049994021,1536,0,8,0,0,0,0,0,0.0,0.0,0,
64,2026-10-09T15:33:18.019156+00:00,64.00114800000028,sda,0.9997746049994021,356335104,24545800192,7903,98992,0,57806848,0,119,0.0,57819880.311957486,1024,
64,2026-10-09T15:33:18.019156+00:00,64.00114800000028,sda1,0.9997746049994021,319488,0,78,0,0,0,0,0,0.0,0.0,0,
64,2026-10-09T15:33:18.019156+00:00,64.00114800000028,sda2,0.9997746049994021,326784000,275841024,6593,44716,0,0,0,0,0.0,0.0,0,
64,2026-10-09T15:33:18.019156+00:00,64.00114800000028,sda3,0.9997746049994021,5571584,118784,155,25,0,0,0,0,0.0,0.0,0,
64,2026-10-09T15:33:18.019156+00:00,64.00114800000028,sda4,0.9997746049994021,4657152,0,116,0,0,0,0,0,0.0,0.0,0,
64,2026-10-09T15:33:18.019156+00:00,64.00114800000028,sda5,0.9997746049994021,16548864,24269840384,826,54251,0,57806848,0,119,0.0,57819880.311957486,1024,
65,2026-10-09T15:33:19.023088+00:00,65.00104360000023,loop0,1.0039326330006588,374784,0,51,0,0,0,0,0,0.0,0.0,0,
65,2026-10-09T15:33:19.023088+00:00,65.00104360000023,loop1,1.0039326330006588,2107392,0,217,0,0,0,0,0,0.0,0.0,0,
65,2026-10-09T15:33:19.023088+00:00,65.00104360000023,loop2,1.0039326330006588,1106944,0,51,0,0,0,0,0,0.0,0.0,0,
65,2026-10-09T15:33:19.023088+00:00,65.00104360000023,loop3,1.0039326330006588,1141760,0,66,0,0,0,0,0,0.0,0.0,0,
65,2026-10-09T15:33:19.023088+00:00,65.00104360000023,loop4,1.0039326330006588,354304,0,43,0,0,0,0,0,0.0,0.0,0,
65,2026-10-09T15:33:19.023088+00:00,65.00104360000023,loop5,1.0039326330006588,18432,0,12,0,0,0,0,0,0.0,0.0,0,
65,2026-10-09T15:33:19.023088+00:00,65.00104360000023,loop6,1.0039326330006588,0,0,0,0,0,0,0,0,0.0,0.0,0,
65,2026-10-09T15:33:19.023088+00:00,65.00104360000023,loop7,1.0039326330006588,0,0,0,0,0,0,0,0,0.0,0.0,0,
65,2026-10-09T15:33:19.023088+00:00,65.00104360000023,sr0,1.0039326330006588,1536,0,8,0,0,0,0,0,0.0,0.0,0,
65,2026-10-09T15:33:19.023088+00:00,65.00104360000023,sda,1.0039326330006588,356335104,24608964608,7903,99130,0,63164416,0,138,0.0,62916986.58226458,992,
65,2026-10-09T15:33:19.023088+00:00,65.00104360000023,sda1,1.0039326330006588,319488,0,78,0,0,0,0,0,0.0,0.0,0,
65,2026-10-09T15:33:19.023088+00:00,65.00104360000023,sda2,1.0039326330006588,326784000,275841024,6593,44716,0,0,0,0,0.0,0.0,0,
65,2026-10-09T15:33:19.023088+00:00,65.00104360000023,sda3,1.0039326330006588,5571584,118784,155,25,0,0,0,0,0.0,0.0,0,
65,2026-10-09T15:33:19.023088+00:00,65.00104360000023,sda4,1.0039326330006588,4657152,0,116,0,0,0,0,0,0.0,0.0,0,
65,2026-10-09T15:33:19.023088+00:00,65.00104360000023,sda5,1.0039326330006588,16548864,24333004800,826,54389,0,63164416,0,138,0.0,62916986.58226458,992,
66,2026-10-09T15:33:20.018673+00:00,66.00041709800007,loop0,0.9955845509994106,374784,0,51,0,0,0,0,0,0.0,0.0,0,
66,2026-10-09T15:33:20.018673+00:00,66.00041709800007,loop1,0.9955845509994106,2107392,0,217,0,0,0,0,0,0.0,0.0,0,
66,2026-10-09T15:33:20.018673+00:00,66.00041709800007,loop2,0.9955845509994106,1106944,0,51,0,0,0,0,0,0.0,0.0,0,
66,2026-10-09T15:33:20.018673+00:00,66.00041709800007,loop3,0.9955845509994106,1141760,0,66,0,0,0,0,0,0.0,0.0,0,
66,2026-10-09T15:33:20.018673+00:00,66.00041709800007,loop4,0.9955845509994106,354304,0,43,0,0,0,0,0,0.0,0.0,0,
66,2026-10-09T15:33:20.018673+00:00,66.00041709800007,loop5,0.9955845509994106,18432,0,12,0,0,0,0,0,0.0,0.0,0,
66,2026-10-09T15:33:20.018673+00:00,66.00041709800007,loop6,0.9955845509994106,0,0,0,0,0,0,0,0,0.0,0.0,0,
66,2026-10-09T15:33:20.018673+00:00,66.00041709800007,loop7,0.9955845509994106,0,0,0,0,0,0,0,0,0.0,0.0,0,
66,2026-10-09T15:33:20.018673+00:00,66.00041709800007,sr0,0.9955845509994106,1536,0,8,0,0,0,0,0,0.0,0.0,0,
66,2026-10-09T15:33:20.018673+00:00,66.00041709800007,sda,0.9955845509994106,356335104,24657334272,7903,99231,0,48369664,0,101,0.0,48584184.991063245,844,
66,2026-10-09T15:33:20.018673+00:00,66.00041709800007,sda1,0.9955845509994106,319488,0,78,0,0,0,0,0,0.0,0.0,0,
66,2026-10-09T15:33:20.018673+00:00,66.00041709800007,sda2,0.9955845509994106,326784000,275841024,6593,44716,0,0,0,0,0.0,0.0,0,
66,2026-10-09T15:33:20.018673+00:00,66.00041709800007,sda3,0.9955845509994106,5571584,118784,155,25,0,0,0,0,0.0,0.0,0,
66,2026-10-09T15:33:20.018673+00:00,66.00041709800007,sda4,0.9955845509994106,4657152,0,116,0,0,0,0,0,0.0,0.0,0,
66,2026-10-09T15:33:20.018673+00:00,66.00041709800007,sda5,0.9955845509994106,16548864,24381374464,826,54490,0,48369664,0,101,0.0,48584184.991063245,844,
67,2026-10-09T15:33:21.018879+00:00,67.00106414000038,loop0,1.0002058430000034,374784,0,51,0,0,0,0,0,0.0,0.0,0,
67,2026-10-09T15:33:21.018879+00:00,67.00106414000038,loop1,1.0002058430000034,2107392,0,217,0,0,0,0,0,0.0,0.0,0,
67,2026-10-09T15:33:21.018879+00:00,67.00106414000038,loop2,1.0002058430000034,1106944,0,51,0,0,0,0,0,0.0,0.0,0,
67,2026-10-09T15:33:21.018879+00:00,67.00106414000038,loop3,1.0002058430000034,1141760,0,66,0,0,0,0,0,0.0,0.0,0,
67,2026-10-09T15:33:21.018879+00:00,67.00106414000038,loop4,1.0002058430000034,354304,0,43,0,0,0,0,0,0.0,0.0,0,
67,2026-10-09T15:33:21.018879+00:00,67.00106414000038,loop5,1.0002058430000034,18432,0,12,0,0,0,0,0,0.0,0.0,0,
67,2026-10-09T15:33:21.018879+00:00,67.00106414000038,loop6,1.0002058430000034,0,0,0,0,0,0,0,0,0.0,0.0,0,
67,2026-10-09T15:33:21.018879+00:00,67.00106414000038,loop7,1.0002058430000034,0,0,0,0,0,0,0,0,0.0,0.0,0,
67,2026-10-09T15:33:21.018879+00:00,67.00106414000038,sr0,1.0002058430000034,1536,0,8,0,0,0,0,0,0.0,0.0,0,
67,2026-10-09T15:33:21.018879+00:00,67.00106414000038,sda,1.0002058430000034,356335104,24720789504,7903,99364,0,63455232,0,133,0.0,63442172.87280913,1084,
67,2026-10-09T15:33:21.018879+00:00,67.00106414000038,sda1,1.0002058430000034,319488,0,78,0,0,0,0,0,0.0,0.0,0,
67,2026-10-09T15:33:21.018879+00:00,67.00106414000038,sda2,1.0002058430000034,326784000,275865600,6593,44718,0,24576,0,2,0.0,24570.942243535683,8,
67,2026-10-09T15:33:21.018879+00:00,67.00106414000038,sda3,1.0002058430000034,5571584,118784,155,25,0,0,0,0,0.0,0.0,0,
67,2026-10-09T15:33:21.018879+00:00,67.00106414000038,sda4,1.0002058430000034,4657152,0,116,0,0,0,0,0,0.0,0.0,0,
67,2026-10-09T15:33:21.018879+00:00,67.00106414000038,sda5,1.0002058430000034,16548864,24444805120,826,54621,0,63430656,0,131,0.0,63417601.930565596,1076,
68,2026-10-09T15:33:22.018921+00:00,68.00119609500052,loop0,1.0000428680004916,374784,0,51,0,0,0,0,0,0.0,0.0,0,
68,2026-10-09T15:33:22.018921+00:00,68.00119609500052,loop1,1.0000428680004916,2107392,0,217,0,0,0,0,0,0.0,0.0,0,
68,2026-10-09T15:33:22.018921+00:00,68.00119609500052,loop2,1.0000428680004916,1106944,0,51,0,0,0,0,0,0.0,0.0,0,
68,2026-10-09T15:33:22.018921+00:00,68.00119609500052,loop3,1.0000428680004916,1141760,0,66,0,0,0,0,0,0.0,0.0,0,
68,2026-10-09T15:33:22.018921+00:00,68.00119609500052,loop4,1.0000428680004916,354304,0,43,0,0,0,0,0,0.0,0.0,0,
68,2026-10-09T15:33:22.018921+00:00,68.00119609500052,loop5,1.0000428680004916,18432,0,12,0,0,0,0,0,0.0,0.0,0,
68,2026-10-09T15:33:22.018921+00:00,68.00119609500052,loop6,1.0000428680004916,0,0,0,0,0,0,0,0,0.0,0.0,0,
68,2026-10-09T15:33:22.018921+00:00,68.00119609500052,loop7,1.0000428680004916,0,0,0,0,0,0,0,0,0.0,0.0,0,
68,2026-10-09T15:33:22.018921+00:00,68.00119609500052,sr0,1.0000428680004916,1536,0,8,0,0,0,0,0,0.0,0.0,0,
68,2026-10-09T15:33:22.018921+00:00,68.00119609500052,sda,1.0000428680004916,356335104,24778272768,7903,99490,0,57483264,0,126,0.0,57480799.91304107,912,
68,2026-10-09T15:33:22.018921+00:00,68.00119609500052,sda1,1.0000428680004916,319488,0,78,0,0,0,0,0,0.0,0.0,0,
68,2026-10-09T15:33:22.018921+00:00,68.00119609500052,sda2,1.0000428680004916,326784000,275877888,6593,44721,0,12288,0,3,0.0,12287.473260590225,104,
68,2026-10-09T15:33:22.018921+00:00,68.00119609500052,sda3,1.0000428680004916,5571584,118784,155,25,0,0,0,0,0.0,0.0,0,
68,2026-10-09T15:33:22.018921+00:00,68.00119609500052,sda4,1.0000428680004916,4657152,0,116,0,0,0,0,0,0.0,0.0,0,
68,2026-10-09T15:33:22.018921+00:00,68.00119609500052,sda5,1.0000428680004916,16548864,24502276096,826,54744,0,57470976,0,123,0.0,57468512.43978048,912,
69,2026-10-09T15:33:23.018553+00:00,69.00083987500057,loop0,0.9996318249995966,374784,0,51,0,0,0,0,0,0.0,0.0,0,
69,2026-10-09T15:33:23.018553+00:00,69.00083987500057,loop1,0.9996318249995966,2107392,0,217,0,0,0,0,0,0.0,0.0,0,
69,2026-10-09T15:33:23.018553+00:00,69.00083987500057,loop2,0.9996318249995966,1106944,0,51,0,0,0,0,0,0.0,0.0,0,
69,2026-10-09T15:33:23.018553+00:00,69.00083987500057,loop3,0.9996318249995966,1141760,0,66,0,0,0,0,0,0.0,0.0,0,
69,2026-10-09T15:33:23.018553+00:00,69.00083987500057,loop4,0.9996318249995966,354304,0,43,0,0,0,0,0,0.0,0.0,0,
69,2026-10-09T15:33:23.018553+00:00,69.00083987500057,loop5,0.9996318249995966,18432,0,12,0,0,0,0,0,0.0,0.0,0,
69,2026-10-09T15:33:23.018553+00:00,69.00083987500057,loop6,0.9996318249995966,0,0,0,0,0,0,0,0,0.0,0.0,0,
69,2026-10-09T15:33:23.018553+00:00,69.00083987500057,loop7,0.9996318249995966,0,0,0,0,0,0,0,0,0.0,0.0,0,
69,2026-10-09T15:33:23.018553+00:00,69.00083987500057,sr0,0.9996318249995966,1536,0,8,0,0,0,0,0,0.0,0.0,0,
69,2026-10-09T15:33:23.018553+00:00,69.00083987500057,sda,0.9996318249995966,356335104,24835747840,7903,99609,0,57475072,0,119,0.0,57496240.678434975,960,
69,2026-10-09T15:33:23.018553+00:00,69.00083987500057,sda1,0.9996318249995966,319488,0,78,0,0,0,0,0,0.0,0.0,0,
69,2026-10-09T15:33:23.018553+00:00,69.00083987500057,sda2,0.9996318249995966,326784000,275877888,6593,44721,0,0,0,0,0.0,0.0,0,
69,2026-10-09T15:33:23.018553+00:00,69.00083987500057,sda3,0.9996318249995966,5571584,118784,155,25,0,0,0,0,0.0,0.0,0,
69,2026-10-09T15:33:23.018553+00:00,69.00083987500057,sda4,0.9996318249995966,4657152,0,116,0,0,0,0,0,0.0,0.0,0,
69,2026-10-09T15:33:23.018553+00:00,69.00083987500057,sda5,0.9996318249995966,16548864,24559751168,826,54863,0,57475072,0,119,0.0,57496240.678434975,960,
70,2026-10-09T15:33:24.019949+00:00,70.00220009300028,loop0,1.0013958380004624,374784,0,51,0,0,0,0,0,0.0,0.0,0,
70,2026-10-09T15:33:24.019949+00:00,70.00220009300028,loop1,1.0013958380004624,2107392,0,217,0,0,0,0,0,0.0,0.0,0,
70,2026-10-09T15:33:24.019949+00:00,70.00220009300028,loop2,1.0013958380004624,1106944,0,51,0,0,0,0,0,0.0,0.0,0,
70,2026-10-09T15:33:24.019949+00:00,70.00220009300028,loop3,1.0013958380004624,1141760,0,66,0,0,0,0,0,0.0,0.0,0,
70,2026-10-09T15:33:24.019949+00:00,70.00220009300028,loop4,1.0013958380004624,354304,0,43,0,0,0,0,0,0.0,0.0,0,
70,2026-10-09T15:33:24.019949+00:00,70.00220009300028,loop5,1.0013958380004624,18432,0,12,0,0,0,0,0,0.0,0.0,0,
70,2026-10-09T15:33:24.019949+00:00,70.00220009300028,loop6,1.0013958380004624,0,0,0,0,0,0,0,0,0.0,0.0,0,
70,2026-10-09T15:33:24.019949+00:00,70.00220009300028,loop7,1.0013958380004624,0,0,0,0,0,0,0,0,0.0,0.0,0,
70,2026-10-09T15:33:24.019949+00:00,70.00220009300028,sr0,1.0013958380004624,1536,0,8,0,0,0,0,0,0.0,0.0,0,
70,2026-10-09T15:33:24.019949+00:00,70.00220009300028,sda,1.0013958380004624,356335104,24896765952,7903,99738,0,61018112,0,129,0.0,60933059.32031627,976,
70,2026-10-09T15:33:24.019949+00:00,70.00220009300028,sda1,1.0013958380004624,319488,0,78,0,0,0,0,0,0.0,0.0,0,
70,2026-10-09T15:33:24.019949+00:00,70.00220009300028,sda2,1.0013958380004624,326784000,275877888,6593,44721,0,0,0,0,0.0,0.0,0,
70,2026-10-09T15:33:24.019949+00:00,70.00220009300028,sda3,1.0013958380004624,5571584,118784,155,25,0,0,0,0,0.0,0.0,0,
70,2026-10-09T15:33:24.019949+00:00,70.00220009300028,sda4,1.0013958380004624,4657152,0,116,0,0,0,0,0,0.0,0.0,0,
70,2026-10-09T15:33:24.019949+00:00,70.00220009300028,sda5,1.0013958380004624,16548864,24620769280,826,54992,0,61018112,0,129,0.0,60933059.32031627,976,
71,2026-10-09T15:33:25.019472+00:00,71.00165277100041,loop0,0.9995232809997106,374784,0,51,0,0,0,0,0,0.0,0.0,0,
71,2026-10-09T15:33:25.019472+00:00,71.00165277100041,loop1,0.9995232809997106,2107392,0,217,0,0,0,0,0,0.0,0.0,0,
71,2026-10-09T15:33:25.019472+00:00,71.00165277100041,loop2,0.9995232809997106,1106944,0,51,0,0,0,0,0,0.0,0.0,0,
71,2026-10-09T15:33:25.019472+00:00,71.00165277100041,loop3,0.9995232809997106,1141760,0,66,0,0,0,0,0,0.0,0.0,0,
71,2026-10-09T15:33:25.019472+00:00,71.00165277100041,loop4,0.9995232809997106,354304,0,43,0,0,0,0,0,0.0,0.0,0,
71,2026-10-09T15:33:25.019472+00:00,71.00165277100041,loop5,0.9995232809997106,18432,0,12,0,0,0,0,0,0.0,0.0,0,
71,2026-10-09T15:33:25.019472+00:00,71.00165277100041,loop6,0.9995232809997106,0,0,0,0,0,0,0,0,0.0,0.0,0,
71,2026-10-09T15:33:25.019472+00:00,71.00165277100041,loop7,0.9995232809997106,0,0,0,0,0,0,0,0,0.0,0.0,0,
71,2026-10-09T15:33:25.019472+00:00,71.00165277100041,sr0,0.9995232809997106,1536,0,8,0,0,0,0,0,0.0,0.0,0,
71,2026-10-09T15:33:25.019472+00:00,71.00165277100041,sda,0.9995232809997106,356335104,24950095872,7903,99852,0,53329920,0,114,0.0,53355355.51173964,968,
71,2026-10-09T15:33:25.019472+00:00,71.00165277100041,sda1,0.9995232809997106,319488,0,78,0,0,0,0,0,0.0,0.0,0,
71,2026-10-09T15:33:25.019472+00:00,71.00165277100041,sda2,0.9995232809997106,326784000,275877888,6593,44721,0,0,0,0,0.0,0.0,0,
71,2026-10-09T15:33:25.019472+00:00,71.00165277100041,sda3,0.9995232809997106,5571584,118784,155,25,0,0,0,0,0.0,0.0,0,
71,2026-10-09T15:33:25.019472+00:00,71.00165277100041,sda4,0.9995232809997106,4657152,0,116,0,0,0,0,0,0.0,0.0,0,
71,2026-10-09T15:33:25.019472+00:00,71.00165277100041,sda5,0.9995232809997106,16548864,24674099200,826,55106,0,53329920,0,114,0.0,53355355.51173964,968,
72,2026-10-09T15:33:26.019085+00:00,72.00130458900003,loop0,0.9996127499998693,374784,0,51,0,0,0,0,0,0.0,0.0,0,
72,2026-10-09T15:33:26.019085+00:00,72.00130458900003,loop1,0.9996127499998693,2107392,0,217,0,0,0,0,0,0.0,0.0,0,
72,2026-10-09T15:33:26.019085+00:00,72.00130458900003,loop2,0.9996127499998693,1106944,0,51,0,0,0,0,0,0.0,0.0,0,
72,2026-10-09T15:33:26.019085+00:00,72.00130458900003,loop3,0.9996127499998693,1141760,0,66,0,0,0,0,0,0.0,0.0,0,
72,2026-10-09T15:33:26.019085+00:00,72.00130458900003,loop4,0.9996127499998693,354304,0,43,0,0,0,0,0,0.0,0.0,0,
72,2026-10-09T15:33:26.019085+00:00,72.00130458900003,loop5,0.9996127499998693,18432,0,12,0,0,0,0,0,0.0,0.0,0,
72,2026-10-09T15:33:26.019085+00:00,72.00130458900003,loop6,0.9996127499998693,0,0,0,0,0,0,0,0,0.0,0.0,0,
72,2026-10-09T15:33:26.019085+00:00,72.00130458900003,loop7,0.9996127499998693,0,0,0,0,0,0,0,0,0.0,0.0,0,
72,2026-10-09T15:33:26.019085+00:00,72.00130458900003,sr0,0.9996127499998693,1536,0,8,0,0,0,0,0,0.0,0.0,0,
72,2026-10-09T15:33:26.019085+00:00,72.00130458900003,sda,0.9996127499998693,356335104,25013207040,7903,99986,0,63111168,0,134,0.0,63135617.267795205,980,
72,2026-10-09T15:33:26.019085+00:00,72.00130458900003,sda1,0.9996127499998693,319488,0,78,0,0,0,0,0,0.0,0.0,0,
72,2026-10-09T15:33:26.019085+00:00,72.00130458900003,sda2,0.9996127499998693,326784000,275890176,6593,44723,0,12288,0,2,0.0,12292.760371455453,8,
72,2026-10-09T15:33:26.019085+00:00,72.00130458900003,sda3,0.9996127499998693,5571584,118784,155,25,0,0,0,0,0.0,0.0,0,
72,2026-10-09T15:33:26.019085+00:00,72.00130458900003,sda4,0.9996127499998693,4657152,0,116,0,0,0,0,0,0.0,0.0,0,
72,2026-10-09T15:33:26.019085+00:00,72.00130458900003,sda5,0.9996127499998693,16548864,24737198080,826,55238,0,63098880,0,132,0.0,63123324.50742375,972,
73,2026-10-09T15:33:27.019035+00:00,73.00115970000024,loop0,0.9999496440004805,374784,0,51,0,0,0,0,0,0.0,0.0,0,
73,2026-10-09T15:33:27.019035+00:00,73.00115970000024,loop1,0.9999496440004805,2107392,0,217,0,0,0,0,0,0.0,0.0,0,
73,2026-10-09T15:33:27.019035+00:00,73.00115970000024,loop2,0.9999496440004805,1106944,0,51,0,0,0,0,0,0.0,0.0,0,
73,2026-10-09T15:33:27.019035+00:00,73.00115970000024,loop3,0.9999496440004805,1141760,0,66,0,0,0,0,0,0.0,0.0,0,
73,2026-10-09T15:33:27.019035+00:00,73.00115970000024,loop4,0.9999496440004805,354304,0,43,0,0,0,0,0,0.0,0.0,0,
73,2026-10-09T15:33:27.019035+00:00,73.00115970000024,loop5,0.9999496440004805,18432,0,12,0,0,0,0,0,0.0,0.0,0,
73,2026-10-09T15:33:27.019035+00:00,73.00115970000024,loop6,0.9999496440004805,0,0,0,0,0,0,0,0,0.0,0.0,0,
73,2026-10-09T15:33:27.019035+00:00,73.00115970000024,loop7,0.9999496440004805,0,0,0,0,0,0,0,0,0.0,0.0,0,
73,2026-10-09T15:33:27.019035+00:00,73.00115970000024,sr0,0.9999496440004805,1536,0,8,0,0,0,0,0,0.0,0.0,0,
73,2026-10-09T15:33:27.019035+00:00,73.00115970000024,sda,0.9999496440004805,356335104,25078763520,7903,100124,0,65556480,0,138,0.0,65559781.32831707,932,
73,2026-10-09T15:33:27.019035+00:00,73.00115970000024,sda1,0.9999496440004805,319488,0,78,0,0,0,0,0,0.0,0.0,0,
73,2026-10-09T15:33:27.019035+00:00,73.00115970000024,sda2,0.9999496440004805,326784000,275890176,6593,44723,0,0,0,0,0.0,0.0,0,
73,2026-10-09T15:33:27.019035+00:00,73.00115970000024,sda3,0.9999496440004805,5571584,118784,155,25,0,0,0,0,0.0,0.0,0,
73,2026-10-09T15:33:27.019035+00:00,73.00115970000024,sda4,0.9999496440004805,4657152,0,116,0,0,0,0,0,0.0,0.0,0,
73,2026-10-09T15:33:27.019035+00:00,73.00115970000024,sda5,0.9999496440004805,16548864,24802754560,826,55376,0,65556480,0,138,0.0,65559781.32831707,932,
74,2026-10-09T15:33:28.019023+00:00,74.0012073429998,loop0,0.9999883129994487,374784,0,51,0,0,0,0,0,0.0,0.0,0,
74,2026-10-09T15:33:28.019023+00:00,74.0012073429998,loop1,0.9999883129994487,2107392,0,217,0,0,0,0,0,0.0,0.0,0,
74,2026-10-09T15:33:28.019023+00:00,74.0012073429998,loop2,0.9999883129994487,1106944,0,51,0,0,0,0,0,0.0,0.0,0,
74,2026-10-09T15:33:28.019023+00:00,74.0012073429998,loop3,0.9999883129994487,1141760,0,66,0,0,0,0,0,0.0,0.0,0,
74,2026-10-09T15:33:28.019023+00:00,74.0012073429998,loop4,0.9999883129994487,354304,0,43,0,0,0,0,0,0.0,0.0,0,
74,2026-10-09T15:33:28.019023+00:00,74.0012073429998,loop5,0.9999883129994487,18432,0,12,0,0,0,0,0,0.0,0.0,0,
74,2026-10-09T15:33:28.019023+00:00,74.0012073429998,loop6,0.9999883129994487,0,0,0,0,0,0,0,0,0.0,0.0,0,
74,2026-10-09T15:33:28.019023+00:00,74.0012073429998,loop7,0.9999883129994487,0,0,0,0,0,0,0,0,0.0,0.0,0,
74,2026-10-09T15:33:28.019023+00:00,74.0012073429998,sr0,0.9999883129994487,1536,0,8,0,0,0,0,0,0.0,0.0,0,
74,2026-10-09T15:33:28.019023+00:00,74.0012073429998,sda,0.9999883129994487,356335104,25140101120,7903,100252,0,61337600,0,128,0.0,61338316.86094297,1004,
74,2026-10-09T15:33:28.019023+00:00,74.0012073429998,sda1,0.9999883129994487,319488,0,78,0,0,0,0,0,0.0,0.0,0,
74,2026-10-09T15:33:28.019023+00:00,74.0012073429998,sda2,0.9999883129994487,326784000,275890176,6593,44723,0,0,0,0,0.0,0.0,0,
74,2026-10-09T15:33:28.019023+00:00,74.0012073429998,sda3,0.9999883129994487,5571584,118784,155,25,0,0,0,0,0.0,0.0,0,
74,2026-10-09T15:33:28.019023+00:00,74.0012073429998,sda4,0.9999883129994487,4657152,0,116,0,0,0,0,0,0.0,0.0,0,
74,2026-10-09T15:33:28.019023+00:00,74.0012073429998,sda5,0.9999883129994487,16548864,24864092160,826,55504,0,61337600,0,128,0.0,61338316.86094297,1004,
75,2026-10-09T15:33:29.019337+00:00,75.00157956600015,loop0,1.0003140839999105,374784,0,51,0,0,0,0,0,0.0,0.0,0,
75,2026-10-09T15:33:29.019337+00:00,75.00157956600015,loop1,1.0003140839999105,2107392,0,217,0,0,0,0,0,0.0,0.0,0,
75,2026-10-09T15:33:29.019337+00:00,75.00157956600015,loop2,1.0003140839999105,1106944,0,51,0,0,0,0,0,0.0,0.0,0,
75,2026-10-09T15:33:29.019337+00:00,75.00157956600015,loop3,1.0003140839999105,1141760,0,66,0,0,0,0,0,0.0,0.0,0,
75,2026-10-09T15:33:29.019337+00:00,75.00157956600015,loop4,1.0003140839999105,354304,0,43,0,0,0,0,0,0.0,0.0,0,
75,2026-10-09T15:33:29.019337+00:00,75.00157956600015,loop5,1.0003140839999105,18432,0,12,0,0,0,0,0,0.0,0.0,0,
75,2026-10-09T15:33:29.019337+00:00,75.00157956600015,loop6,1.0003140839999105,0,0,0,0,0,0,0,0,0.0,0.0,0,
75,2026-10-09T15:33:29.019337+00:00,75.00157956600015,loop7,1.0003140839999105,0,0,0,0,0,0,0,0,0.0,0.0,0,
75,2026-10-09T15:33:29.019337+00:00,75.00157956600015,sr0,1.0003140839999105,1536,0,8,0,0,0,0,0,0.0,0.0,0,
75,2026-10-09T15:33:29.019337+00:00,75.00157956600015,sda,1.0003140839999105,356335104,25197920256,7903,100373,0,57819136,0,121,0.0,57800981.636488855,924,
75,2026-10-09T15:33:29.019337+00:00,75.00157956600015,sda1,1.0003140839999105,319488,0,78,0,0,0,0,0,0.0,0.0,0,
75,2026-10-09T15:33:29.019337+00:00,75.00157956600015,sda2,1.0003140839999105,326784000,275890176,6593,44723,0,0,0,0,0.0,0.0,0,
75,2026-10-09T15:33:29.019337+00:00,75.00157956600015,sda3,1.0003140839999105,5571584,118784,155,25,0,0,0,0,0.0,0.0,0,
75,2026-10-09T15:33:29.019337+00:00,75.00157956600015,sda4,1.0003140839999105,4657152,0,116,0,0,0,0,0,0.0,0.0,0,
75,2026-10-09T15:33:29.019337+00:00,75.00157956600015,sda5,1.0003140839999105,16548864,24921911296,826,55625,0,57819136,0,121,0.0,57800981.636488855,924,
76,2026-10-09T15:33:30.019347+00:00,76.00157586200021,loop0,1.0000102210005934,374784,0,51,0,0,0,0,0,0.0,0.0,0,
76,2026-10-09T15:33:30.019347+00:00,76.00157586200021,loop1,1.0000102210005934,2107392,0,217,0,0,0,0,0,0.0,0.0,0,
76,2026-10-09T15:33:30.019347+00:00,76.00157586200021,loop2,1.0000102210005934,1106944,0,51,0,0,0,0,0,0.0,0.0,0,
76,2026-10-09T15:33:30.019347+00:00,76.00157586200021,loop3,1.0000102210005934,1141760,0,66,0,0,0,0,0,0.0,0.0,0,
76,2026-10-09T15:33:30.019347+00:00,76.00157586200021,loop4,1.0000102210005934,354304,0,43,0,0,0,0,0,0.0,0.0,0,
76,2026-10-09T15:33:30.019347+00:00,76.00157586200021,loop5,1.0000102210005934,18432,0,12,0,0,0,0,0,0.0,0.0,0,
76,2026-10-09T15:33:30.019347+00:00,76.00157586200021,loop6,1.0000102210005934,0,0,0,0,0,0,0,0,0.0,0.0,0,
76,2026-10-09T15:33:30.019347+00:00,76.00157586200021,loop7,1.0000102210005934,0,0,0,0,0,0,0,0,0.0,0.0,0,
76,2026-10-09T15:33:30.019347+00:00,76.00157586200021,sr0,1.0000102210005934,1536,0,8,0,0,0,0,0,0.0,0.0,0,
76,2026-10-09T15:33:30.019347+00:00,76.00157586200021,sda,1.0000102210005934,356335104,25266589696,7903,100516,0,68669440,0,143,0.0,68668738.13678676,1028,
76,2026-10-09T15:33:30.019347+00:00,76.00157586200021,sda1,1.0000102210005934,319488,0,78,0,0,0,0,0,0.0,0.0,0,
76,2026-10-09T15:33:30.019347+00:00,76.00157586200021,sda2,1.0000102210005934,326784000,275890176,6593,44723,0,0,0,0,0.0,0.0,0,
76,2026-10-09T15:33:30.019347+00:00,76.00157586200021,sda3,1.0000102210005934,5571584,118784,155,25,0,0,0,0,0.0,0.0,0,
76,2026-10-09T15:33:30.019347+00:00,76.00157586200021,sda4,1.0000102210005934,4657152,0,116,0,0,0,0,0,0.0,0.0,0,
76,2026-10-09T15:33:30.019347+00:00,76.00157586200021,sda5,1.0000102210005934,16548864,24990580736,826,55768,0,68669440,0,143,0.0,68668738.13678676,1028,
77,2026-10-09T15:33:31.019822+00:00,77.00195819800047,loop0,1.0004748159999508,374784,0,51,0,0,0,0,0,0.0,0.0,0,
77,2026-10-09T15:33:31.019822+00:00,77.00195819800047,loop1,1.0004748159999508,2107392,0,217,0,0,0,0,0,0.0,0.0,0,
77,2026-10-09T15:33:31.019822+00:00,77.00195819800047,loop2,1.0004748159999508,1106944,0,51,0,0,0,0,0,0.0,0.0,0,
77,2026-10-09T15:33:31.019822+00:00,77.00195819800047,loop3,1.0004748159999508,1141760,0,66,0,0,0,0,0,0.0,0.0,0,
77,2026-10-09T15:33:31.019822+00:00,77.00195819800047,loop4,1.0004748159999508,354304,0,43,0,0,0,0,0,0.0,0.0,0,
77,2026-10-09T15:33:31.019822+00:00,77.00195819800047,loop5,1.0004748159999508,18432,0,12,0,0,0,0,0,0.0,0.0,0,
77,2026-10-09T15:33:31.019822+00:00,77.00195819800047,loop6,1.0004748159999508,0,0,0,0,0,0,0,0,0.0,0.0,0,
77,2026-10-09T15:33:31.019822+00:00,77.00195819800047,loop7,1.0004748159999508,0,0,0,0,0,0,0,0,0.0,0.0,0,
77,2026-10-09T15:33:31.019822+00:00,77.00195819800047,sr0,1.0004748159999508,1536,0,8,0,0,0,0,0,0.0,0.0,0,
77,2026-10-09T15:33:31.019822+00:00,77.00195819800047,sda,1.0004748159999508,356335104,25330786304,7903,100655,0,64196608,0,139,0.0,64166140.889650494,968,
77,2026-10-09T15:33:31.019822+00:00,77.00195819800047,sda1,1.0004748159999508,319488,0,78,0,0,0,0,0,0.0,0.0,0,
77,2026-10-09T15:33:31.019822+00:00,77.00195819800047,sda2,1.0004748159999508,326784000,275902464,6593,44725,0,12288,0,2,0.0,12282.168230010304,16,
77,2026-10-09T15:33:31.019822+00:00,77.00195819800047,sda3,1.0004748159999508,5571584,118784,155,25,0,0,0,0,0.0,0.0,0,
77,2026-10-09T15:33:31.019822+00:00,77.00195819800047,sda4,1.0004748159999508,4657152,0,116,0,0,0,0,0,0.0,0.0,0,
77,2026-10-09T15:33:31.019822+00:00,77.00195819800047,sda5,1.0004748159999508,16548864,25054765056,826,55905,0,64184320,0,137,0.0,64153858.72142049,956,
78,2026-10-09T15:33:32.019573+00:00,78.0018397900003,loop0,0.9997505860001183,374784,0,51,0,0,0,0,0,0.0,0.0,0,
78,2026-10-09T15:33:32.019573+00:00,78.0018397900003,loop1,0.9997505860001183,2107392,0,217,0,0,0,0,0,0.0,0.0,0,
78,2026-10-09T15:33:32.019573+00:00,78.0018397900003,loop2,0.9997505860001183,1106944,0,51,0,0,0,0,0,0.0,0.0,0,
78,2026-10-09T15:33:32.019573+00:00,78.0018397900003,loop3,0.9997505860001183,1141760,0,66,0,0,0,0,0,0.0,0.0,0,
78,2026-10-09T15:33:32.019573+00:00,78.0018397900003,loop4,0.9997505860001183,354304,0,43,0,0,0,0,0,0.0,0.0,0,
78,2026-10-09T15:33:32.019573+00:00,78.0018397900003,loop5,0.9997505860001183,18432,0,12,0,0,0,0,0,0.0,0.0,0,
78,2026-10-09T15:33:32.019573+00:00,78.0018397900003,loop6,0.9997505860001183,0,0,0,0,0,0,0,0,0.0,0.0,0,
78,2026-10-09T15:33:32.019573+00:00,78.0018397900003,loop7,0.9997505860001183,0,0,0,0,0,0,0,0,0.0,0.0,0,
78,2026-10-09T15:33:32.019573+00:00,78.0018397900003,sr0,0.9997505860001183,1536,0,8,0,0,0,0,0,0.0,0.0,0,
78,2026-10-09T15:33:32.019573+00:00,78.0018397900003,sda,0.9997505860001183,356335104,25387917312,7903,100775,0,57131008,0,120,0.0,57145260.82807741,904,
78,2026-10-09T15:33:32.019573+00:00,78.0018397900003,sda1,0.9997505860001183,319488,0,78,0,0,0,0,0,0.0,0.0,0,
78,2026-10-09T15:33:32.019573+00:00,78.0018397900003,sda2,0.9997505860001183,326784000,275902464,6593,44725,0,0,0,0,0.0,0.0,0,
78,2026-10-09T15:33:32.019573+00:00,78.0018397900003,sda3,0.9997505860001183,5571584,118784,155,25,0,0,0,0,0.0,0.0,0,
78,2026-10-09T15:33:32.019573+00:00,78.0018397900003,sda4,0.9997505860001183,4657152,0,116,0,0,0,0,0,0.0,0.0,0,
78,2026-10-09T15:33:32.019573+00:00,78.0018397900003,sda5,0.9997505860001183,16548864,25111896064,826,56025,0,57131008,0,120,0.0,57145260.82807741,904,
79,2026-10-09T15:33:33.018161+00:00,79.00040509500013,loop0,0.9985884069992608,374784,0,51,0,0,0,0,0,0.0,0.0,0,
79,2026-10-09T15:33:33.018161+00:00,79.00040509500013,loop1,0.9985884069992608,2107392,0,217,0,0,0,0,0,0.0,0.0,0,
79,2026-10-09T15:33:33.018161+00:00,79.00040509500013,loop2,0.9985884069992608,1106944,0,51,0,0,0,0,0,0.0,0.0,0,
79,2026-10-09T15:33:33.018161+00:00,79.00040509500013,loop3,0.9985884069992608,1141760,0,66,0,0,0,0,0,0.0,0.0,0,
79,2026-10-09T15:33:33.018161+00:00,79.00040509500013,loop4,0.9985884069992608,354304,0,43,0,0,0,0,0,0.0,0.0,0,
79,2026-10-09T15:33:33.018161+00:00,79.00040509500013,loop5,0.9985884069992608,18432,0,12,0,0,0,0,0,0.0,0.0,0,
79,2026-10-09T15:33:33.018161+00:00,79.00040509500013,loop6,0.9985884069992608,0,0,0,0,0,0,0,0,0.0,0.0,0,
79,2026-10-09T15:33:33.018161+00:00,79.00040509500013,loop7,0.9985884069992608,0,0,0,0,0,0,0,0,0.0,0.0,0,
79,2026-10-09T15:33:33.018161+00:00,79.00040509500013,sr0,0.9985884069992608,1536,0,8,0,0,0,0,0,0.0,0.0,0,
79,2026-10-09T15:33:33.018161+00:00,79.00040509500013,sda,0.9985884069992608,356335104,25450672128,7903,100909,0,62754816,0,134,0.0,62843525.48071035,1004,
79,2026-10-09T15:33:33.018161+00:00,79.00040509500013,sda1,0.9985884069992608,319488,0,78,0,0,0,0,0,0.0,0.0,0,
79,2026-10-09T15:33:33.018161+00:00,79.00040509500013,sda2,0.9985884069992608,326784000,275902464,6593,44725,0,0,0,0,0.0,0.0,0,
79,2026-10-09T15:33:33.018161+00:00,79.00040509500013,sda3,0.9985884069992608,5571584,118784,155,25,0,0,0,0,0.0,0.0,0,
79,2026-10-09T15:33:33.018161+00:00,79.00040509500013,sda4,0.9985884069992608,4657152,0,116,0,0,0,0,0,0.0,0.0,0,
79,2026-10-09T15:33:33.018161+00:00,79.00040509500013,sda5,0.9985884069992608,16548864,25174650880,826,56159,0,62754816,0,134,0.0,62843525.48071035,1004,
80,2026-10-09T15:33:34.019398+00:00,80.00166708400047,loop0,1.0012366079999993,374784,0,51,0,0,0,0,0,0.0,0.0,0,
80,2026-10-09T15:33:34.019398+00:00,80.00166708400047,loop1,1.0012366079999993,2107392,0,217,0,0,0,0,0,0.0,0.0,0,
80,2026-10-09T15:33:34.019398+00:00,80.00166708400047,loop2,1.0012366079999993,1106944,0,51,0,0,0,0,0,0.0,0.0,0,
80,2026-10-09T15:33:34.019398+00:00,80.00166708400047,loop3,1.0012366079999993,1141760,0,66,0,0,0,0,0,0.0,0.0,0,
80,2026-10-09T15:33:34.019398+00:00,80.00166708400047,loop4,1.0012366079999993,354304,0,43,0,0,0,0,0,0.0,0.0,0,
80,2026-10-09T15:33:34.019398+00:00,80.00166708400047,loop5,1.0012366079999993,18432,0,12,0,0,0,0,0,0.0,0.0,0,
80,2026-10-09T15:33:34.019398+00:00,80.00166708400047,loop6,1.0012366079999993,0,0,0,0,0,0,0,0,0.0,0.0,0,
80,2026-10-09T15:33:34.019398+00:00,80.00166708400047,loop7,1.0012366079999993,0,0,0,0,0,0,0,0,0.0,0.0,0,
80,2026-10-09T15:33:34.019398+00:00,80.00166708400047,sr0,1.0012366079999993,1536,0,8,0,0,0,0,0,0.0,0.0,0,
80,2026-10-09T15:33:34.019398+00:00,80.00166708400047,sda,1.0012366079999993,356335104,25521147904,7903,101056,0,70475776,0,147,0.0,70388732.72999628,1016,
80,2026-10-09T15:33:34.019398+00:00,80.00166708400047,sda1,1.0012366079999993,319488,0,78,0,0,0,0,0,0.0,0.0,0,
80,2026-10-09T15:33:34.019398+00:00,80.00166708400047,sda2,1.0012366079999993,326784000,275902464,6593,44725,0,0,0,0,0.0,0.0,0,
80,2026-10-09T15:33:34.019398+00:00,80.00166708400047,sda3,1.0012366079999993,5571584,118784,155,25,0,0,0,0,0.0,0.0,0,
80,2026-10-09T15:33:34.019398+00:00,80.00166708400047,sda4,1.0012366079999993,4657152,0,116,0,0,0,0,0,0.0,0.0,0,
80,2026-10-09T15:33:34.019398+00:00,80.00166708400047,sda5,1.0012366079999993,16548864,25245126656,826,56306,0,70475776,0,147,0.0,70388732.72999628,1016,
81,2026-10-09T15:33:35.018878+00:00,81.00116470100056,loop0,0.9994804460002342,374784,0,51,0,0,0,0,0,0.0,0.0,0,
81,2026-10-09T15:33:35.018878+00:00,81.00116470100056,loop1,0.9994804460002342,2107392,0,217,0,0,0,0,0,0.0,0.0,0,
81,2026-10-09T15:33:35.018878+00:00,81.00116470100056,loop2,0.9994804460002342,1106944,0,51,0,0,0,0,0,0.0,0.0,0,
81,2026-10-09T15:33:35.018878+00:00,81.00116470100056,loop3,0.9994804460002342,1141760,0,66,0,0,0,0,0,0.0,0.0,0,
81,2026-10-09T15:33:35.018878+00:00,81.00116470100056,loop4,0.9994804460002342,354304,0,43,0,0,0,0,0,0.0,0.0,0,
81,2026-10-09T15:33:35.018878+00:00,81.00116470100056,loop5,0.9994804460002342,18432,0,12,0,0,0,0,0,0.0,0.0,0,
81,2026-10-09T15:33:35.018878+00:00,81.00116470100056,loop6,0.9994804460002342,0,0,0,0,0,0,0,0,0.0,0.0,0,
81,2026-10-09T15:33:35.018878+00:00,81.00116470100056,loop7,0.9994804460002342,0,0,0,0,0,0,0,0,0.0,0.0,0,
81,2026-10-09T15:33:35.018878+00:00,81.00116470100056,sr0,0.9994804460002342,1536,0,8,0,0,0,0,0,0.0,0.0,0,
81,2026-10-09T15:33:35.018878+00:00,81.00116470100056,sda,0.9994804460002342,356335104,25573740544,7903,101166,0,52592640,0,110,0.0,52619978.920515746,944,
81,2026-10-09T15:33:35.018878+00:00,81.00116470100056,sda1,0.9994804460002342,319488,0,78,0,0,0,0,0,0.0,0.0,0,
81,2026-10-09T15:33:35.018878+00:00,81.00116470100056,sda2,0.9994804460002342,326784000,275902464,6593,44725,0,0,0,0,0.0,0.0,0,
81,2026-10-09T15:33:35.018878+00:00,81.00116470100056,sda3,0.9994804460002342,5571584,118784,155,25,0,0,0,0,0.0,0.0,0,
81,2026-10-09T15:33:35.018878+00:00,81.00116470100056,sda4,0.9994804460002342,4657152,0,116,0,0,0,0,0,0.0,0.0,0,
81,2026-10-09T15:33:35.018878+00:00,81.00116470100056,sda5,0.9994804460002342,16548864,25297719296,826,56416,0,52592640,0,110,0.0,52619978.920515746,944,
82,2026-10-09T15:33:36.019051+00:00,82.00120836800033,loop0,1.0001723269997456,374784,0,51,0,0,0,0,0,0.0,0.0,0,
82,2026-10-09T15:33:36.019051+00:00,82.00120836800033,loop1,1.0001723269997456,2107392,0,217,0,0,0,0,0,0.0,0.0,0,
82,2026-10-09T15:33:36.019051+00:00,82.00120836800033,loop2,1.0001723269997456,1106944,0,51,0,0,0,0,0,0.0,0.0,0,
82,2026-10-09T15:33:36.019051+00:00,82.00120836800033,loop3,1.0001723269997456,1141760,0,66,0,0,0,0,0,0.0,0.0,0,
82,2026-10-09T15:33:36.019051+00:00,82.00120836800033,loop4,1.0001723269997456,354304,0,43,0,0,0,0,0,0.0,0.0,0,
82,2026-10-09T15:33:36.019051+00:00,82.00120836800033,loop5,1.0001723269997456,18432,0,12,0,0,0,0,0,0.0,0.0,0,
82,2026-10-09T15:33:36.019051+00:00,82.00120836800033,loop6,1.0001723269997456,0,0,0,0,0,0,0,0,0.0,0.0,0,
82,2026-10-09T15:33:36.019051+00:00,82.00120836800033,loop7,1.0001723269997456,0,0,0,0,0,0,0,0,0.0,0.0,0,
82,2026-10-09T15:33:36.019051+00:00,82.00120836800033,sr0,1.0001723269997456,1536,0,8,0,0,0,0,0,0.0,0.0,0,
82,2026-10-09T15:33:36.019051+00:00,82.00120836800033,sda,1.0001723269997456,356335104,25636474880,7903,101299,0,62734336,0,133,0.0,62723527.04277126,1028,
82,2026-10-09T15:33:36.019051+00:00,82.00120836800033,sda1,1.0001723269997456,319488,0,78,0,0,0,0,0,0.0,0.0,0,
82,2026-10-09T15:33:36.019051+00:00,82.00120836800033,sda2,1.0001723269997456,326784000,275914752,6593,44727,0,12288,0,2,0.0,12285.88281067601,8,
82,2026-10-09T15:33:36.019051+00:00,82.00120836800033,sda3,1.0001723269997456,5571584,118784,155,25,0,0,0,0,0.0,0.0,0,
82,2026-10-09T15:33:36.019051+00:00,82.00120836800033,sda4,1.0001723269997456,4657152,0,116,0,0,0,0,0,0.0,0.0,0,
82,2026-10-09T15:33:36.019051+00:00,82.00120836800033,sda5,1.0001723269997456,16548864,25360441344,826,56547,0,62722048,0,131,0.0,62711241.15996058,1020,
83,2026-10-09T15:33:37.019758+00:00,83.00201807700068,loop0,1.0007072040007188,374784,0,51,0,0,0,0,0,0.0,0.0,0,
83,2026-10-09T15:33:37.019758+00:00,83.00201807700068,loop1,1.0007072040007188,2107392,0,217,0,0,0,0,0,0.0,0.0,0,
83,2026-10-09T15:33:37.019758+00:00,83.00201807700068,loop2,1.0007072040007188,1106944,0,51,0,0,0,0,0,0.0,0.0,0,
83,2026-10-09T15:33:37.019758+00:00,83.00201807700068,loop3,1.0007072040007188,1141760,0,66,0,0,0,0,0,0.0,0.0,0,
83,2026-10-09T15:33:37.019758+00:00,83.00201807700068,loop4,1.0007072040007188,354304,0,43,0,0,0,0,0,0.0,0.0,0,
83,2026-10-09T15:33:37.019758+00:00,83.00201807700068,loop5,1.0007072040007188,18432,0,12,0,0,0,0,0,0.0,0.0,0,
83,2026-10-09T15:33:37.019758+00:00,83.00201807700068,loop6,1.0007072040007188,0,0,0,0,0,0,0,0,0.0,0.0,0,
83,2026-10-09T15:33:37.019758+00:00,83.00201807700068,loop7,1.0007072040007188,0,0,0,0,0,0,0,0,0.0,0.0,0,
83,2026-10-09T15:33:37.019758+00:00,83.00201807700068,sr0,1.0007072040007188,1536,0,8,0,0,0,0,0,0.0,0.0,0,
83,2026-10-09T15:33:37.019758+00:00,83.00201807700068,sda,1.0007072040007188,356335104,25687375872,7903,101411,0,50900992,0,112,0.0,50865020.05432095,876,
83,2026-10-09T15:33:37.019758+00:00,83.00201807700068,sda1,1.0007072040007188,319488,0,78,0,0,0,0,0,0.0,0.0,0,
83,2026-10-09T15:33:37.019758+00:00,83.00201807700068,sda2,1.0007072040007188,326784000,275914752,6593,44727,0,0,0,0,0.0,0.0,0,
83,2026-10-09T15:33:37.019758+00:00,83.00201807700068,sda3,1.0007072040007188,5571584,118784,155,25,0,0,0,0,0.0,0.0,0,
83,2026-10-09T15:33:37.019758+00:00,83.00201807700068,sda4,1.0007072040007188,4657152,0,116,0,0,0,0,0,0.0,0.0,0,
83,2026-10-09T15:33:37.019758+00:00,83.00201807700068,sda5,1.0007072040007188,16548864,25411342336,826,56659,0,50900992,0,112,0.0,50865020.05432095,876,
84,2026-10-09T15:33:38.023471+00:00,84.00571308800045,loop0,1.003713190999406,374784,0,51,0,0,0,0,0,0.0,0.0,0,
84,2026-10-09T15:33:38.023471+00:00,84.00571308800045,loop1,1.003713190999406,2107392,0,217,0,0,0,0,0,0.0,0.0,0,
84,2026-10-09T15:33:38.023471+00:00,84.00571308800045,loop2,1.003713190999406,1106944,0,51,0,0,0,0,0,0.0,0.0,0,
84,2026-10-09T15:33:38.023471+00:00,84.00571308800045,loop3,1.003713190999406,1141760,0,66,0,0,0,0,0,0.0,0.0,0,
84,2026-10-09T15:33:38.023471+00:00,84.00571308800045,loop4,1.003713190999406,354304,0,43,0,0,0,0,0,0.0,0.0,0,
84,2026-10-09T15:33:38.023471+00:00,84.00571308800045,loop5,1.003713190999406,18432,0,12,0,0,0,0,0,0.0,0.0,0,
84,2026-10-09T15:33:38.023471+00:00,84.00571308800045,loop6,1.003713190999406,0,0,0,0,0,0,0,0,0.0,0.0,0,
84,2026-10-09T15:33:38.023471+00:00,84.00571308800045,loop7,1.003713190999406,0,0,0,0,0,0,0,0,0.0,0.0,0,
84,2026-10-09T15:33:38.023471+00:00,84.00571308800045,sr0,1.003713190999406,1536,0,8,0,0,0,0,0,0.0,0.0,0,
84,2026-10-09T15:33:38.023471+00:00,84.00571308800045,sda,1.003713190999406,356335104,25742094336,7903,101531,0,54718464,0,120,0.0,54516035.5474818,1040,
84,2026-10-09T15:33:38.023471+00:00,84.00571308800045,sda1,1.003713190999406,319488,0,78,0,0,0,0,0,0.0,0.0,0,
84,2026-10-09T15:33:38.023471+00:00,84.00571308800045,sda2,1.003713190999406,326784000,275914752,6593,44727,0,0,0,0,0.0,0.0,0,
84,2026-10-09T15:33:38.023471+00:00,84.00571308800045,sda3,1.003713190999406,5571584,118784,155,25,0,0,0,0,0.0,0.0,0,
84,2026-10-09T15:33:38.023471+00:00,84.00571308800045,sda4,1.003713190999406,4657152,0,116,0,0,0,0,0,0.0,0.0,0,
84,2026-10-09T15:33:38.023471+00:00,84.00571308800045,sda5,1.003713190999406,16548864,25466060800,826,56779,0,54718464,0,120,0.0,54516035.5474818,1040,
85,2026-10-09T15:33:39.018568+00:00,85.00081729800058,loop0,0.9950967519998812,374784,0,51,0,0,0,0,0,0.0,0.0,0,
85,2026-10-09T15:33:39.018568+00:00,85.00081729800058,loop1,0.9950967519998812,2107392,0,217,0,0,0,0,0,0.0,0.0,0,
85,2026-10-09T15:33:39.018568+00:00,85.00081729800058,loop2,0.9950967519998812,1106944,0,51,0,0,0,0,0,0.0,0.0,0,
85,2026-10-09T15:33:39.018568+00:00,85.00081729800058,loop3,0.9950967519998812,1141760,0,66,0,0,0,0,0,0.0,0.0,0,
85,2026-10-09T15:33:39.018568+00:00,85.00081729800058,loop4,0.9950967519998812,354304,0,43,0,0,0,0,0,0.0,0.0,0,
85,2026-10-09T15:33:39.018568+00:00,85.00081729800058,loop5,0.9950967519998812,18432,0,12,0,0,0,0,0,0.0,0.0,0,
85,2026-10-09T15:33:39.018568+00:00,85.00081729800058,loop6,0.9950967519998812,0,0,0,0,0,0,0,0,0.0,0.0,0,
85,2026-10-09T15:33:39.018568+00:00,85.00081729800058,loop7,0.9950967519998812,0,0,0,0,0,0,0,0,0.0,0.0,0,
85,2026-10-09T15:33:39.018568+00:00,85.00081729800058,sr0,0.9950967519998812,1536,0,8,0,0,0,0,0,0.0,0.0,0,
85,2026-10-09T15:33:39.018568+00:00,85.00081729800058,sda,0.9950967519998812,356335104,25804111872,7903,101658,0,62017536,0,127,0.0,62323121.72194428,872,
85,2026-10-09T15:33:39.018568+00:00,85.00081729800058,sda1,0.9950967519998812,319488,0,78,0,0,0,0,0,0.0,0.0,0,
85,2026-10-09T15:33:39.018568+00:00,85.00081729800058,sda2,0.9950967519998812,326784000,275914752,6593,44727,0,0,0,0,0.0,0.0,0,
85,2026-10-09T15:33:39.018568+00:00,85.00081729800058,sda3,0.9950967519998812,5571584,118784,155,25,0,0,0,0,0.0,0.0,0,
85,2026-10-09T15:33:39.018568+00:00,85.00081729800058,sda4,0.9950967519998812,4657152,0,116,0,0,0,0,0,0.0,0.0,0,
85,2026-10-09T15:33:39.018568+00:00,85.00081729800058,sda5,0.9950967519998812,16548864,25528078336,826,56906,0,62017536,0,127,0.0,62323121.72194428,872,
86,2026-10-09T15:33:40.019308+00:00,86.00152702700052,loop0,1.0007406810000248,374784,0,51,0,0,0,0,0,0.0,0.0,0,
86,2026-10-09T15:33:40.019308+00:00,86.00152702700052,loop1,1.0007406810000248,2107392,0,217,0,0,0,0,0,0.0,0.0,0,
86,2026-10-09T15:33:40.019308+00:00,86.00152702700052,loop2,1.0007406810000248,1106944,0,51,0,0,0,0,0,0.0,0.0,0,
86,2026-10-09T15:33:40.019308+00:00,86.00152702700052,loop3,1.0007406810000248,1141760,0,66,0,0,0,0,0,0.0,0.0,0,
86,2026-10-09T15:33:40.019308+00:00,86.00152702700052,loop4,1.0007406810000248,354304,0,43,0,0,0,0,0,0.0,0.0,0,
86,2026-10-09T15:33:40.019308+00:00,86.00152702700052,loop5,1.0007406810000248,18432,0,12,0,0,0,0,0,0.0,0.0,0,
86,2026-10-09T15:33:40.019308+00:00,86.00152702700052,loop6,1.0007406810000248,0,0,0,0,0,0,0,0,0.0,0.0,0,
86,2026-10-09T15:33:40.019308+00:00,86.00152702700052,loop7,1.0007406810000248,0,0,0,0,0,0,0,0,0.0,0.0,0,
86,2026-10-09T15:33:40.019308+00:00,86.00152702700052,sr0,1.0007406810000248,1536,0,8,0,0,0,0,0,0.0,0.0,0,
86,2026-10-09T15:33:40.019308+00:00,86.00152702700052,sda,1.0007406810000248,356335104,25867202560,7903,101790,0,63090688,0,132,0.0,63043992.51258023,1052,
86,2026-10-09T15:33:40.019308+00:00,86.00152702700052,sda1,1.0007406810000248,319488,0,78,0,0,0,0,0,0.0,0.0,0,
86,2026-10-09T15:33:40.019308+00:00,86.00152702700052,sda2,1.0007406810000248,326784000,275914752,6593,44727,0,0,0,0,0.0,0.0,0,
86,2026-10-09T15:33:40.019308+00:00,86.00152702700052,sda3,1.0007406810000248,5571584,118784,155,25,0,0,0,0,0.0,0.0,0,
86,2026-10-09T15:33:40.019308+00:00,86.00152702700052,sda4,1.0007406810000248,4657152,0,116,0,0,0,0,0,0.0,0.0,0,
86,2026-10-09T15:33:40.019308+00:00,86.00152702700052,sda5,1.0007406810000248,16548864,25591169024,826,57038,0,63090688,0,132,0.0,63043992.51258023,1052,
87,2026-10-09T15:33:41.019614+00:00,87.00179314800062,loop0,1.0003057980002268,374784,0,51,0,0,0,0,0,0.0,0.0,0,
87,2026-10-09T15:33:41.019614+00:00,87.00179314800062,loop1,1.0003057980002268,2107392,0,217,0,0,0,0,0,0.0,0.0,0,
87,2026-10-09T15:33:41.019614+00:00,87.00179314800062,loop2,1.0003057980002268,1106944,0,51,0,0,0,0,0,0.0,0.0,0,
87,2026-10-09T15:33:41.019614+00:00,87.00179314800062,loop3,1.0003057980002268,1141760,0,66,0,0,0,0,0,0.0,0.0,0,
87,2026-10-09T15:33:41.019614+00:00,87.00179314800062,loop4,1.0003057980002268,354304,0,43,0,0,0,0,0,0.0,0.0,0,
87,2026-10-09T15:33:41.019614+00:00,87.00179314800062,loop5,1.0003057980002268,18432,0,12,0,0,0,0,0,0.0,0.0,0,
87,2026-10-09T15:33:41.019614+00:00,87.00179314800062,loop6,1.0003057980002268,0,0,0,0,0,0,0,0,0.0,0.0,0,
87,2026-10-09T15:33:41.019614+00:00,87.00179314800062,loop7,1.0003057980002268,0,0,0,0,0,0,0,0,0.0,0.0,0,
87,2026-10-09T15:33:41.019614+00:00,87.00179314800062,sr0,1.0003057980002268,1536,0,8,0,0,0,0,0,0.0,0.0,0,
87,2026-10-09T15:33:41.019614+00:00,87.00179314800062,sda,1.0003057980002268,356335104,25923969024,7903,101911,0,56766464,0,121,0.0,56749110.23557531,988,
87,2026-10-09T15:33:41.019614+00:00,87.00179314800062,sda1,1.0003057980002268,319488,0,78,0,0,0,0,0,0.0,0.0,0,
87,2026-10-09T15:33:41.019614+00:00,87.00179314800062,sda2,1.0003057980002268,326784000,275927040,6593,44729,0,12288,0,2,0.0,12284.243502902513,12,
87,2026-10-09T15:33:41.019614+00:00,87.00179314800062,sda3,1.0003057980002268,5571584,118784,155,25,0,0,0,0,0.0,0.0,0,
87,2026-10-09T15:33:41.019614+00:00,87.00179314800062,sda4,1.0003057980002268,4657152,0,116,0,0,0,0,0,0.0,0.0,0,
87,2026-10-09T15:33:41.019614+00:00,87.00179314800062,sda5,1.0003057980002268,16548864,25647923200,826,57157,0,56754176,0,119,0.0,56736825.99207241,984,
88,2026-10-09T15:33:42.019360+00:00,88.00155710200033,loop0,0.9997453349997159,374784,0,51,0,0,0,0,0,0.0,0.0,0,
88,2026-10-09T15:33:42.019360+00:00,88.00155710200033,loop1,0.9997453349997159,2107392,0,217,0,0,0,0,0,0.0,0.0,0,
88,2026-10-09T15:33:42.019360+00:00,88.00155710200033,loop2,0.9997453349997159,1106944,0,51,0,0,0,0,0,0.0,0.0,0,
88,2026-10-09T15:33:42.019360+00:00,88.00155710200033,loop3,0.9997453349997159,1141760,0,66,0,0,0,0,0,0.0,0.0,0,
88,2026-10-09T15:33:42.019360+00:00,88.00155710200033,loop4,0.9997453349997159,354304,0,43,0,0,0,0,0,0.0,0.0,0,
88,2026-10-09T15:33:42.019360+00:00,88.00155710200033,loop5,0.9997453349997159,18432,0,12,0,0,0,0,0,0.0,0.0,0,
88,2026-10-09T15:33:42.019360+00:00,88.00155710200033,loop6,0.9997453349997159,0,0,0,0,0,0,0,0,0.0,0.0,0,
88,2026-10-09T15:33:42.019360+00:00,88.00155710200033,loop7,0.9997453349997159,0,0,0,0,0,0,0,0,0.0,0.0,0,
88,2026-10-09T15:33:42.019360+00:00,88.00155710200033,sr0,0.9997453349997159,1536,0,8,0,0,0,0,0,0.0,0.0,0,
88,2026-10-09T15:33:42.019360+00:00,88.00155710200033,sda,0.9997453349997159,356335104,25987051520,7903,102043,0,63082496,0,132,0.0,63098564.99607266,944,
88,2026-10-09T15:33:42.019360+00:00,88.00155710200033,sda1,0.9997453349997159,319488,0,78,0,0,0,0,0,0.0,0.0,0,
88,2026-10-09T15:33:42.019360+00:00,88.00155710200033,sda2,0.9997453349997159,326784000,275927040,6593,44729,0,0,0,0,0.0,0.0,0,
88,2026-10-09T15:33:42.019360+00:00,88.00155710200033,sda3,0.9997453349997159,5571584,118784,155,25,0,0,0,0,0.0,0.0,0,
88,2026-10-09T15:33:42.019360+00:00,88.00155710200033,sda4,0.9997453349997159,4657152,0,116,0,0,0,0,0,0.0,0.0,0,
88,2026-10-09T15:33:42.019360+00:00,88.00155710200033,sda5,0.9997453349997159,16548864,25711005696,826,57289,0,63082496,0,132,0.0,63098564.99607266,944,
89,2026-10-09T15:33:43.019116+00:00,89.00138480700025,loop0,0.9997565220000979,374784,0,51,0,0,0,0,0,0.0,0.0,0,
89,2026-10-09T15:33:43.019116+00:00,89.00138480700025,loop1,0.9997565220000979,2107392,0,217,0,0,0,0,0,0.0,0.0,0,
89,2026-10-09T15:33:43.019116+00:00,89.00138480700025,loop2,0.9997565220000979,1106944,0,51,0,0,0,0,0,0.0,0.0,0,
89,2026-10-09T15:33:43.019116+00:00,89.00138480700025,loop3,0.9997565220000979,1141760,0,66,0,0,0,0,0,0.0,0.0,0,
89,2026-10-09T15:33:43.019116+00:00,89.00138480700025,loop4,0.9997565220000979,354304,0,43,0,0,0,0,0,0.0,0.0,0,
89,2026-10-09T15:33:43.019116+00:00,89.00138480700025,loop5,0.9997565220000979,18432,0,12,0,0,0,0,0,0.0,0.0,0,
89,2026-10-09T15:33:43.019116+00:00,89.00138480700025,loop6,0.9997565220000979,0,0,0,0,0,0,0,0,0.0,0.0,0,
89,2026-10-09T15:33:43.019116+00:00,89.00138480700025,loop7,0.9997565220000979,0,0,0,0,0,0,0,0,0.0,0.0,0,
89,2026-10-09T15:33:43.019116+00:00,89.00138480700025,sr0,0.9997565220000979,1536,0,8,0,0,0,0,0,0.0,0.0,0,
89,2026-10-09T15:33:43.019116+00:00,89.00138480700025,sda,0.9997565220000979,356335104,26053001216,7903,102186,0,65949696,0,143,0.0,65965757.21062767,1004,
89,2026-10-09T15:33:43.019116+00:00,89.00138480700025,sda1,0.9997565220000979,319488,0,78,0,0,0,0,0,0.0,0.0,0,
89,2026-10-09T15:33:43.019116+00:00,89.00138480700025,sda2,0.9997565220000979,326784000,275927040,6593,44729,0,0,0,0,0.0,0.0,0,
89,2026-10-09T15:33:43.019116+00:00,89.00138480700025,sda3,0.9997565220000979,5571584,118784,155,25,0,0,0,0,0.0,0.0,0,
89,2026-10-09T15:33:43.019116+00:00,89.00138480700025,sda4,0.9997565220000979,4657152,0,116,0,0,0,0,0,0.0,0.0,0,
89,2026-10-09T15:33:43.019116+00:00,89.00138480700025,sda5,0.9997565220000979,16548864,25776955392,826,57432,0,65949696,0,143,0.0,65965757.21062767,1004,
90,2026-10-09T15:33:44.018952+00:00,90.00117483800022,loop0,0.999835978000192,374784,0,51,0,0,0,0,0,0.0,0.0,0,
90,2026-10-09T15:33:44.018952+00:00,90.00117483800022,loop1,0.999835978000192,2107392,0,217,0,0,0,0,0,0.0,0.0,0,
90,2026-10-09T15:33:44.018952+00:00,90.00117483800022,loop2,0.999835978000192,1106944,0,51,0,0,0,0,0,0.0,0.0,0,
90,2026-10-09T15:33:44.018952+00:00,90.00117483800022,loop3,0.999835978000192,1141760,0,66,0,0,0,0,0,0.0,0.0,0,
90,2026-10-09T15:33:44.018952+00:00,90.00117483800022,loop4,0.999835978000192,354304,0,43,0,0,0,0,0,0.0,0.0,0,
90,2026-10-09T15:33:44.018952+00:00,90.00117483800022,loop5,0.999835978000192,18432,0,12,0,0,0,0,0,0.0,0.0,0,
90,2026-10-09T15:33:44.018952+00:00,90.00117483800022,loop6,0.999835978000192,0,0,0,0,0,0,0,0,0.0,0.0,0,
90,2026-10-09T15:33:44.018952+00:00,90.00117483800022,loop7,0.999835978000192,0,0,0,0,0,0,0,0,0.0,0.0,0,
90,2026-10-09T15:33:44.018952+00:00,90.00117483800022,sr0,0.999835978000192,1536,0,8,0,0,0,0,0,0.0,0.0,0,
90,2026-10-09T15:33:44.018952+00:00,90.00117483800022,sda,0.999835978000192,356335104,26112937984,7903,102312,0,59936768,0,126,0.0,59946600.56130576,932,
90,2026-10-09T15:33:44.018952+00:00,90.00117483800022,sda1,0.999835978000192,319488,0,78,0,0,0,0,0,0.0,0.0,0,
90,2026-10-09T15:33:44.018952+00:00,90.00117483800022,sda2,0.999835978000192,326784000,275927040,6593,44729,0,0,0,0,0.0,0.0,0,
90,2026-10-09T15:33:44.018952+00:00,90.00117483800022,sda3,0.999835978000192,5571584,118784,155,25,0,0,0,0,0.0,0.0,0,
90,2026-10-09T15:33:44.018952+00:00,90.00117483800022,sda4,0.999835978000192,4657152,0,116,0,0,0,0,0,0.0,0.0,0,
90,2026-10-09T15:33:44.018952+00:00,90.00117483800022,sda5,0.999835978000192,16548864,25836892160,826,57558,0,59936768,0,126,0.0,59946600.56130576,932,
91,2026-10-09T15:33:45.019158+00:00,91.0011566889998,loop0,1.000205792000088,374784,0,51,0,0,0,0,0,0.0,0.0,0,
91,2026-10-09T15:33:45.019158+00:00,91.0011566889998,loop1,1.000205792000088,2107392,0,217,0,0,0,0,0,0.0,0.0,0,
91,2026-10-09T15:33:45.019158+00:00,91.0011566889998,loop2,1.000205792000088,1106944,0,51,0,0,0,0,0,0.0,0.0,0,
91,2026-10-09T15:33:45.019158+00:00,91.0011566889998,loop3,1.000205792000088,1141760,0,66,0,0,0,0,0,0.0,0.0,0,
91,2026-10-09T15:33:45.019158+00:00,91.0011566889998,loop4,1.000205792000088,354304,0,43,0,0,0,0,0,0.0,0.0,0,
91,2026-10-09T15:33:45.019158+00:00,91.0011566889998,loop5,1.000205792000088,18432,0,12,0,0,0,0,0,0.0,0.0,0,
91,2026-10-09T15:33:45.019158+00:00,91.0011566889998,loop6,1.000205792000088,0,0,0,0,0,0,0,0,0.0,0.0,0,
91,2026-10-09T15:33:45.019158+00:00,91.0011566889998,loop7,1.000205792000088,0,0,0,0,0,0,0,0,0.0,0.0,0,
91,2026-10-09T15:33:45.019158+00:00,91.0011566889998,sr0,1.000205792000088,1536,0,8,0,0,0,0,0,0.0,0.0,0,
91,2026-10-09T15:33:45.019158+00:00,91.0011566889998,sda,1.000205792000088,356335104,26176700416,7903,102443,0,63762432,0,131,0.0,63749312.901393786,1012,
91,2026-10-09T15:33:45.019158+00:00,91.0011566889998,sda1,1.000205792000088,319488,0,78,0,0,0,0,0,0.0,0.0,0,
91,2026-10-09T15:33:45.019158+00:00,91.0011566889998,sda2,1.000205792000088,326784000,275927040,6593,44729,0,0,0,0,0.0,0.0,0,
91,2026-10-09T15:33:45.019158+00:00,91.0011566889998,sda3,1.000205792000088,5571584,118784,155,25,0,0,0,0,0.0,0.0,0,
91,2026-10-09T15:33:45.019158+00:00,91.0011566889998,sda4,1.000205792000088,4657152,0,116,0,0,0,0,0,0.0,0.0,0,
91,2026-10-09T15:33:45.019158+00:00,91.0011566889998,sda5,1.000205792000088,16548864,25900654592,826,57689,0,63762432,0,131,0.0,63749312.901393786,1012,
92,2026-10-09T15:33:46.019306+00:00,92.00156434300061,loop0,1.0001483819996793,374784,0,51,0,0,0,0,0,0.0,0.0,0,
92,2026-10-09T15:33:46.019306+00:00,92.00156434300061,loop1,1.0001483819996793,2107392,0,217,0,0,0,0,0,0.0,0.0,0,
92,2026-10-09T15:33:46.019306+00:00,92.00156434300061,loop2,1.0001483819996793,1106944,0,51,0,0,0,0,0,0.0,0.0,0,
92,2026-10-09T15:33:46.019306+00:00,92.00156434300061,loop3,1.0001483819996793,1141760,0,66,0,0,0,0,0,0.0,0.0,0,
92,2026-10-09T15:33:46.019306+00:00,92.00156434300061,loop4,1.0001483819996793,354304,0,43,0,0,0,0,0,0.0,0.0,0,
92,2026-10-09T15:33:46.019306+00:00,92.00156434300061,loop5,1.0001483819996793,18432,0,12,0,0,0,0,0,0.0,0.0,0,
92,2026-10-09T15:33:46.019306+00:00,92.00156434300061,loop6,1.0001483819996793,0,0,0,0,0,0,0,0,0.0,0.0,0,
92,2026-10-09T15:33:46.019306+00:00,92.00156434300061,loop7,1.0001483819996793,0,0,0,0,0,0,0,0,0.0,0.0,0,
92,2026-10-09T15:33:46.019306+00:00,92.00156434300061,sr0,1.0001483819996793,1536,0,8,0,0,0,0,0,0.0,0.0,0,
92,2026-10-09T15:33:46.019306+00:00,92.00156434300061,sda,1.0001483819996793,356335104,26221305856,7903,102541,0,44605440,0,98,0.0,44598822.33755821,856,
92,2026-10-09T15:33:46.019306+00:00,92.00156434300061,sda1,1.0001483819996793,319488,0,78,0,0,0,0,0,0.0,0.0,0,
92,2026-10-09T15:33:46.019306+00:00,92.00156434300061,sda2,1.0001483819996793,326784000,275972096,6593,44732,0,45056,0,3,0.0,45049.315492483045,56,
92,2026-10-09T15:33:46.019306+00:00,92.00156434300061,sda3,1.0001483819996793,5571584,118784,155,25,0,0,0,0,0.0,0.0,0,
92,2026-10-09T15:33:46.019306+00:00,92.00156434300061,sda4,1.0001483819996793,4657152,0,116,0,0,0,0,0,0.0,0.0,0,
92,2026-10-09T15:33:46.019306+00:00,92.00156434300061,sda5,1.0001483819996793,16548864,25945214976,826,57784,0,44560384,0,95,0.0,44553773.02206573,956,
93,2026-10-09T15:33:47.019699+00:00,93.00186294300056,loop0,1.0003923660005967,374784,0,51,0,0,0,0,0,0.0,0.0,0,
93,2026-10-09T15:33:47.019699+00:00,93.00186294300056,loop1,1.0003923660005967,2107392,0,217,0,0,0,0,0,0.0,0.0,0,
93,2026-10-09T15:33:47.019699+00:00,93.00186294300056,loop2,1.0003923660005967,1106944,0,51,0,0,0,0,0,0.0,0.0,0,
93,2026-10-09T15:33:47.019699+00:00,93.00186294300056,loop3,1.0003923660005967,1141760,0,66,0,0,0,0,0,0.0,0.0,0,
93,2026-10-09T15:33:47.019699+00:00,93.00186294300056,loop4,1.0003923660005967,354304,0,43,0,0,0,0,0,0.0,0.0,0,
93,2026-10-09T15:33:47.019699+00:00,93.00186294300056,loop5,1.0003923660005967,18432,0,12,0,0,0,0,0,0.0,0.0,0,
93,2026-10-09T15:33:47.019699+00:00,93.00186294300056,loop6,1.0003923660005967,0,0,0,0,0,0,0,0,0.0,0.0,0,
93,2026-10-09T15:33:47.019699+00:00,93.00186294300056,loop7,1.0003923660005967,0,0,0,0,0,0,0,0,0.0,0.0,0,
93,2026-10-09T15:33:47.019699+00:00,93.00186294300056,sr0,1.0003923660005967,1536,0,8,0,0,0,0,0,0.0,0.0,0,
93,2026-10-09T15:33:47.019699+00:00,93.00186294300056,sda,1.0003923660005967,356335104,26278060032,7903,102657,0,56754176,0,116,0.0,56731916.32488542,928,
93,2026-10-09T15:33:47.019699+00:00,93.00186294300056,sda1,1.0003923660005967,319488,0,78,0,0,0,0,0,0.0,0.0,0,
93,2026-10-09T15:33:47.019699+00:00,93.00186294300056,sda2,1.0003923660005967,326784000,275972096,6593,44732,0,0,0,0,0.0,0.0,0,
93,2026-10-09T15:33:47.019699+00:00,93.00186294300056,sda3,1.0003923660005967,5571584,118784,155,25,0,0,0,0,0.0,0.0,0,
93,2026-10-09T15:33:47.019699+00:00,93.00186294300056,sda4,1.0003923660005967,4657152,0,116,0,0,0,0,0,0.0,0.0,0,
93,2026-10-09T15:33:47.019699+00:00,93.00186294300056,sda5,1.0003923660005967,16548864,26001969152,826,57900,0,56754176,0,116,0.0,56731916.32488542,928,
94,2026-10-09T15:33:48.019975+00:00,94.00180206500045,loop0,1.0002757759993983,374784,0,51,0,0,0,0,0,0.0,0.0,0,
94,2026-10-09T15:33:48.019975+00:00,94.00180206500045,loop1,1.0002757759993983,2107392,0,217,0,0,0,0,0,0.0,0.0,0,
94,2026-10-09T15:33:48.019975+00:00,94.00180206500045,loop2,1.0002757759993983,1106944,0,51,0,0,0,0,0,0.0,0.0,0,
94,2026-10-09T15:33:48.019975+00:00,94.00180206500045,loop3,1.0002757759993983,1141760,0,66,0,0,0,0,0,0.0,0.0,0,
94,2026-10-09T15:33:48.019975+00:00,94.00180206500045,loop4,1.0002757759993983,354304,0,43,0,0,0,0,0,0.0,0.0,0,
94,2026-10-09T15:33:48.019975+00:00,94.00180206500045,loop5,1.0002757759993983,18432,0,12,0,0,0,0,0,0.0,0.0,0,
94,2026-10-09T15:33:48.019975+00:00,94.00180206500045,loop6,1.0002757759993983,0,0,0,0,0,0,0,0,0.0,0.0,0,
94,2026-10-09T15:33:48.019975+00:00,94.00180206500045,loop7,1.0002757759993983,0,0,0,0,0,0,0,0,0.0,0.0,0,
94,2026-10-09T15:33:48.019975+00:00,94.00180206500045,sr0,1.0002757759993983,1536,0,8,0,0,0,0,0,0.0,0.0,0,
94,2026-10-09T15:33:48.019975+00:00,94.00180206500045,sda,1.0002757759993983,356335104,26310033408,7903,102728,0,31973376,0,71,0.0,31964560.941261094,640,
94,2026-10-09T15:33:48.019975+00:00,94.00180206500045,sda1,1.0002757759993983,319488,0,78,0,0,0,0,0,0.0,0.0,0,
94,2026-10-09T15:33:48.019975+00:00,94.00180206500045,sda2,1.0002757759993983,326784000,275972096,6593,44732,0,0,0,0,0.0,0.0,0,
94,2026-10-09T15:33:48.019975+00:00,94.00180206500045,sda3,1.0002757759993983,5571584,118784,155,25,0,0,0,0,0.0,0.0,0,
94,2026-10-09T15:33:48.019975+00:00,94.00180206500045,sda4,1.0002757759993983,4657152,0,116,0,0,0,0,0,0.0,0.0,0,
94,2026-10-09T15:33:48.019975+00:00,94.00180206500045,sda5,1.0002757759993983,16548864,26033942528,826,57971,0,31973376,0,71,0.0,31964560.941261094,640,
95,2026-10-09T15:33:49.018722+00:00,95.001086278,loop0,0.9987479470000835,374784,0,51,0,0,0,0,0,0.0,0.0,0,
95,2026-10-09T15:33:49.018722+00:00,95.001086278,loop1,0.9987479470000835,2107392,0,217,0,0,0,0,0,0.0,0.0,0,
95,2026-10-09T15:33:49.018722+00:00,95.001086278,loop2,0.9987479470000835,1106944,0,51,0,0,0,0,0,0.0,0.0,0,
95,2026-10-09T15:33:49.018722+00:00,95.001086278,loop3,0.9987479470000835,1141760,0,66,0,0,0,0,0,0.0,0.0,0,
95,2026-10-09T15:33:49.018722+00:00,95.001086278,loop4,0.9987479470000835,354304,0,43,0,0,0,0,0,0.0,0.0,0,
95,2026-10-09T15:33:49.018722+00:00,95.001086278,loop5,0.9987479470000835,18432,0,12,0,0,0,0,0,0.0,0.0,0,
95,2026-10-09T15:33:49.018722+00:00,95.001086278,loop6,0.9987479470000835,0,0,0,0,0,0,0,0,0.0,0.0,0,
95,2026-10-09T15:33:49.018722+00:00,95.001086278,loop7,0.9987479470000835,0,0,0,0,0,0,0,0,0.0,0.0,0,
95,2026-10-09T15:33:49.018722+00:00,95.001086278,sr0,0.9987479470000835,1536,0,8,0,0,0,0,0,0.0,0.0,0,
95,2026-10-09T15:33:49.018722+00:00,95.001086278,sda,0.9987479470000835,356335104,26310082560,7903,102736,0,49152,0,8,0.0,49213.61805812642,8,
95,2026-10-09T15:33:49.018722+00:00,95.001086278,sda1,0.9987479470000835,319488,0,78,0,0,0,0,0,0.0,0.0,0,
95,2026-10-09T15:33:49.018722+00:00,95.001086278,sda2,0.9987479470000835,326784000,275984384,6593,44735,0,12288,0,3,0.0,12303.404514531605,8,
95,2026-10-09T15:33:49.018722+00:00,95.001086278,sda3,0.9987479470000835,5571584,118784,155,25,0,0,0,0,0.0,0.0,0,
95,2026-10-09T15:33:49.018722+00:00,95.001086278,sda4,0.9987479470000835,4657152,0,116,0,0,0,0,0,0.0,0.0,0,
95,2026-10-09T15:33:49.018722+00:00,95.001086278,sda5,0.9987479470000835,16548864,26033979392,826,57976,0,36864,0,5,0.0,36910.213543594815,4,
96,2026-10-09T15:33:50.019357+00:00,96.00161659100013,loop0,1.0006348810002237,374784,0,51,0,0,0,0,0,0.0,0.0,0,
96,2026-10-09T15:33:50.019357+00:00,96.00161659100013,loop1,1.0006348810002237,2107392,0,217,0,0,0,0,0,0.0,0.0,0,
96,2026-10-09T15:33:50.019357+00:00,96.00161659100013,loop2,1.0006348810002237,1106944,0,51,0,0,0,0,0,0.0,0.0,0,
96,2026-10-09T15:33:50.019357+00:00,96.00161659100013,loop3,1.0006348810002237,1141760,0,66,0,0,0,0,0,0.0,0.0,0,
96,2026-10-09T15:33:50.019357+00:00,96.00161659100013,loop4,1.0006348810002237,354304,0,43,0,0,0,0,0,0.0,0.0,0,
96,2026-10-09T15:33:50.019357+00:00,96.00161659100013,loop5,1.0006348810002237,18432,0,12,0,0,0,0,0,0.0,0.0,0,
96,2026-10-09T15:33:50.019357+00:00,96.00161659100013,loop6,1.0006348810002237,0,0,0,0,0,0,0,0,0.0,0.0,0,
96,2026-10-09T15:33:50.019357+00:00,96.00161659100013,loop7,1.0006348810002237,0,0,0,0,0,0,0,0,0.0,0.0,0,
96,2026-10-09T15:33:50.019357+00:00,96.00161659100013,sr0,1.0006348810002237,1536,0,8,0,0,0,0,0,0.0,0.0,0,
96,2026-10-09T15:33:50.019357+00:00,96.00161659100013,sda,1.0006348810002237,356335104,26310082560,7903,102736,0,0,0,0,0.0,0.0,0,
96,2026-10-09T15:33:50.019357+00:00,96.00161659100013,sda1,1.0006348810002237,319488,0,78,0,0,0,0,0,0.0,0.0,0,
96,2026-10-09T15:33:50.019357+00:00,96.00161659100013,sda2,1.0006348810002237,326784000,275984384,6593,44735,0,0,0,0,0.0,0.0,0,
96,2026-10-09T15:33:50.019357+00:00,96.00161659100013,sda3,1.0006348810002237,5571584,118784,155,25,0,0,0,0,0.0,0.0,0,
96,2026-10-09T15:33:50.019357+00:00,96.00161659100013,sda4,1.0006348810002237,4657152,0,116,0,0,0,0,0,0.0,0.0,0,
96,2026-10-09T15:33:50.019357+00:00,96.00161659100013,sda5,1.0006348810002237,16548864,26033979392,826,57976,0,0,0,0,0.0,0.0,0,
97,2026-10-09T15:33:51.019023+00:00,97.00124643199979,loop0,0.9996658420004678,374784,0,51,0,0,0,0,0,0.0,0.0,0,
97,2026-10-09T15:33:51.019023+00:00,97.00124643199979,loop1,0.9996658420004678,2107392,0,217,0,0,0,0,0,0.0,0.0,0,
97,2026-10-09T15:33:51.019023+00:00,97.00124643199979,loop2,0.9996658420004678,1106944,0,51,0,0,0,0,0,0.0,0.0,0,
97,2026-10-09T15:33:51.019023+00:00,97.00124643199979,loop3,0.9996658420004678,1141760,0,66,0,0,0,0,0,0.0,0.0,0,
97,2026-10-09T15:33:51.019023+00:00,97.00124643199979,loop4,0.9996658420004678,354304,0,43,0,0,0,0,0,0.0,0.0,0,
97,2026-10-09T15:33:51.019023+00:00,97.00124643199979,loop5,0.9996658420004678,18432,0,12,0,0,0,0,0,0.0,0.0,0,
97,2026-10-09T15:33:51.019023+00:00,97.00124643199979,loop6,0.9996658420004678,0,0,0,0,0,0,0,0,0.0,0.0,0,
97,2026-10-09T15:33:51.019023+00:00,97.00124643199979,loop7,0.9996658420004678,0,0,0,0,0,0,0,0,0.0,0.0,0,
97,2026-10-09T15:33:51.019023+00:00,97.00124643199979,sr0,0.9996658420004678,1536,0,8,0,0,0,0,0,0.0,0.0,0,
97,2026-10-09T15:33:51.019023+00:00,97.00124643199979,sda,0.9996658420004678,356335104,26310111232,7903,102738,0,28672,0,2,0.0,28681.584180793267,32,
97,2026-10-09T15:33:51.019023+00:00,97.00124643199979,sda1,0.9996658420004678,319488,0,78,0,0,0,0,0,0.0,0.0,0,
97,2026-10-09T15:33:51.019023+00:00,97.00124643199979,sda2,0.9996658420004678,326784000,276013056,6593,44737,0,28672,0,2,0.0,28681.584180793267,32,
97,2026-10-09T15:33:51.019023+00:00,97.00124643199979,sda3,0.9996658420004678,5571584,118784,155,25,0,0,0,0,0.0,0.0,0,
97,2026-10-09T15:33:51.019023+00:00,97.00124643199979,sda4,0.9996658420004678,4657152,0,116,0,0,0,0,0,0.0,0.0,0,
97,2026-10-09T15:33:51.019023+00:00,97.00124643199979,sda5,0.9996658420004678,16548864,26033979392,826,57976,0,0,0,0,0.0,0.0,0,
98,2026-10-09T15:33:52.019035+00:00,98.00122510500023,loop0,1.0000121969997053,374784,0,51,0,0,0,0,0,0.0,0.0,0,
98,2026-10-09T15:33:52.019035+00:00,98.00122510500023,loop1,1.0000121969997053,2107392,0,217,0,0,0,0,0,0.0,0.0,0,
98,2026-10-09T15:33:52.019035+00:00,98.00122510500023,loop2,1.0000121969997053,1106944,0,51,0,0,0,0,0,0.0,0.0,0,
98,2026-10-09T15:33:52.019035+00:00,98.00122510500023,loop3,1.0000121969997053,1141760,0,66,0,0,0,0,0,0.0,0.0,0,
98,2026-10-09T15:33:52.019035+00:00,98.00122510500023,loop4,1.0000121969997053,354304,0,43,0,0,0,0,0,0.0,0.0,0,
98,2026-10-09T15:33:52.019035+00:00,98.00122510500023,loop5,1.0000121969997053,18432,0,12,0,0,0,0,0,0.0,0.0,0,
98,2026-10-09T15:33:52.019035+00:00,98.00122510500023,loop6,1.0000121969997053,0,0,0,0,0,0,0,0,0.0,0.0,0,
98,2026-10-09T15:33:52.019035+00:00,98.00122510500023,loop7,1.0000121969997053,0,0,0,0,0,0,0,0,0.0,0.0,0,
98,2026-10-09T15:33:52.019035+00:00,98.00122510500023,sr0,1.0000121969997053,1536,0,8,0,0,0,0,0,0.0,0.0,0,
98,2026-10-09T15:33:52.019035+00:00,98.00122510500023,sda,1.0000121969997053,356335104,26310111232,7903,102738,0,0,0,0,0.0,0.0,0,
98,2026-10-09T15:33:52.019035+00:00,98.00122510500023,sda1,1.0000121969997053,319488,0,78,0,0,0,0,0,0.0,0.0,0,
98,2026-10-09T15:33:52.019035+00:00,98.00122510500023,sda2,1.0000121969997053,326784000,276013056,6593,44737,0,0,0,0,0.0,0.0,0,
98,2026-10-09T15:33:52.019035+00:00,98.00122510500023,sda3,1.0000121969997053,5571584,118784,155,25,0,0,0,0,0.0,0.0,0,
98,2026-10-09T15:33:52.019035+00:00,98.00122510500023,sda4,1.0000121969997053,4657152,0,116,0,0,0,0,0,0.0,0.0,0,
98,2026-10-09T15:33:52.019035+00:00,98.00122510500023,sda5,1.0000121969997053,16548864,26033979392,826,57976,0,0,0,0,0.0,0.0,0,
99,2026-10-09T15:33:53.019916+00:00,99.00214226099979,loop0,1.000880436999978,374784,0,51,0,0,0,0,0,0.0,0.0,0,
99,2026-10-09T15:33:53.019916+00:00,99.00214226099979,loop1,1.000880436999978,2107392,0,217,0,0,0,0,0,0.0,0.0,0,
99,2026-10-09T15:33:53.019916+00:00,99.00214226099979,loop2,1.000880436999978,1106944,0,51,0,0,0,0,0,0.0,0.0,0,
99,2026-10-09T15:33:53.019916+00:00,99.00214226099979,loop3,1.000880436999978,1141760,0,66,0,0,0,0,0,0.0,0.0,0,
99,2026-10-09T15:33:53.019916+00:00,99.00214226099979,loop4,1.000880436999978,354304,0,43,0,0,0,0,0,0.0,0.0,0,
99,2026-10-09T15:33:53.019916+00:00,99.00214226099979,loop5,1.000880436999978,18432,0,12,0,0,0,0,0,0.0,0.0,0,
99,2026-10-09T15:33:53.019916+00:00,99.00214226099979,loop6,1.000880436999978,0,0,0,0,0,0,0,0,0.0,0.0,0,
99,2026-10-09T15:33:53.019916+00:00,99.00214226099979,loop7,1.000880436999978,0,0,0,0,0,0,0,0,0.0,0.0,0,
99,2026-10-09T15:33:53.019916+00:00,99.00214226099979,sr0,1.000880436999978,1536,0,8,0,0,0,0,0,0.0,0.0,0,
99,2026-10-09T15:33:53.019916+00:00,99.00214226099979,sda,1.000880436999978,356335104,26310180864,7903,102740,0,69632,0,2,0.0,69570.74733992582,4,
99,2026-10-09T15:33:53.019916+00:00,99.00214226099979,sda1,1.000880436999978,319488,0,78,0,0,0,0,0,0.0,0.0,0,
99,2026-10-09T15:33:53.019916+00:00,99.00214226099979,sda2,1.000880436999978,326784000,276013056,6593,44737,0,0,0,0,0.0,0.0,0,
99,2026-10-09T15:33:53.019916+00:00,99.00214226099979,sda3,1.000880436999978,5571584,118784,155,25,0,0,0,0,0.0,0.0,0,
99,2026-10-09T15:33:53.019916+00:00,99.00214226099979,sda4,1.000880436999978,4657152,0,116,0,0,0,0,0,0.0,0.0,0,
99,2026-10-09T15:33:53.019916+00:00,99.00214226099979,sda5,1.000880436999978,16548864,26034049024,826,57978,0,69632,0,2,0.0,69570.74733992582,4,
100,2026-10-09T15:33:54.018637+00:00,100.00054344799992,loop0,0.9987211679999746,374784,0,51,0,0,0,0,0,0.0,0.0,0,
100,2026-10-09T15:33:54.018637+00:00,100.00054344799992,loop1,0.9987211679999746,2107392,0,217,0,0,0,0,0,0.0,0.0,0,
100,2026-10-09T15:33:54.018637+00:00,100.00054344799992,loop2,0.9987211679999746,1106944,0,51,0,0,0,0,0,0.0,0.0,0,
100,2026-10-09T15:33:54.018637+00:00,100.00054344799992,loop3,0.9987211679999746,1141760,0,66,0,0,0,0,0,0.0,0.0,0,
100,2026-10-09T15:33:54.018637+00:00,100.00054344799992,loop4,0.9987211679999746,354304,0,43,0,0,0,0,0,0.0,0.0,0,
100,2026-10-09T15:33:54.018637+00:00,100.00054344799992,loop5,0.9987211679999746,18432,0,12,0,0,0,0,0,0.0,0.0,0,
100,2026-10-09T15:33:54.018637+00:00,100.00054344799992,loop6,0.9987211679999746,0,0,0,0,0,0,0,0,0.0,0.0,0,
100,2026-10-09T15:33:54.018637+00:00,100.00054344799992,loop7,0.9987211679999746,0,0,0,0,0,0,0,0,0.0,0.0,0,
100,2026-10-09T15:33:54.018637+00:00,100.00054344799992,sr0,0.9987211679999746,1536,0,8,0,0,0,0,0,0.0,0.0,0,
100,2026-10-09T15:33:54.018637+00:00,100.00054344799992,sda,0.9987211679999746,356335104,26311217152,7903,102958,0,1036288,0,218,0.0,1037614.9351828161,64,
100,2026-10-09T15:33:54.018637+00:00,100.00054344799992,sda1,0.9987211679999746,319488,0,78,0,0,0,0,0,0.0,0.0,0,
100,2026-10-09T15:33:54.018637+00:00,100.00054344799992,sda2,0.9987211679999746,326784000,277020672,6593,44951,0,1007616,0,214,0.0,1008906.2215611571,60,
100,2026-10-09T15:33:54.018637+00:00,100.00054344799992,sda3,0.9987211679999746,5571584,118784,155,25,0,0,0,0,0.0,0.0,0,
100,2026-10-09T15:33:54.018637+00:00,100.00054344799992,sda4,0.9987211679999746,4657152,0,116,0,0,0,0,0,0.0,0.0,0,
100,2026-10-09T15:33:54.018637+00:00,100.00054344799992,sda5,0.9987211679999746,16548864,26034077696,826,57982,0,28672,0,4,0.0,28708.713621658942,4,
101,2026-10-09T15:33:55.018328+00:00,101.00057672000003,loop0,0.9996912249998786,374784,0,51,0,0,0,0,0,0.0,0.0,0,
101,2026-10-09T15:33:55.018328+00:00,101.00057672000003,loop1,0.9996912249998786,2107392,0,217,0,0,0,0,0,0.0,0.0,0,
101,2026-10-09T15:33:55.018328+00:00,101.00057672000003,loop2,0.9996912249998786,1106944,0,51,0,0,0,0,0,0.0,0.0,0,
101,2026-10-09T15:33:55.018328+00:00,101.00057672000003,loop3,0.9996912249998786,1141760,0,66,0,0,0,0,0,0.0,0.0,0,
101,2026-10-09T15:33:55.018328+00:00,101.00057672000003,loop4,0.9996912249998786,354304,0,43,0,0,0,0,0,0.0,0.0,0,
101,2026-10-09T15:33:55.018328+00:00,101.00057672000003,loop5,0.9996912249998786,18432,0,12,0,0,0,0,0,0.0,0.0,0,
101,2026-10-09T15:33:55.018328+00:00,101.00057672000003,loop6,0.9996912249998786,0,0,0,0,0,0,0,0,0.0,0.0,0,
101,2026-10-09T15:33:55.018328+00:00,101.00057672000003,loop7,0.9996912249998786,0,0,0,0,0,0,0,0,0.0,0.0,0,
101,2026-10-09T15:33:55.018328+00:00,101.00057672000003,sr0,0.9996912249998786,1536,0,8,0,0,0,0,0,0.0,0.0,0,
101,2026-10-09T15:33:55.018328+00:00,101.00057672000003,sda,0.9996912249998786,356335104,26311217152,7903,102958,0,0,0,0,0.0,0.0,0,
101,2026-10-09T15:33:55.018328+00:00,101.00057672000003,sda1,0.9996912249998786,319488,0,78,0,0,0,0,0,0.0,0.0,0,
101,2026-10-09T15:33:55.018328+00:00,101.00057672000003,sda2,0.9996912249998786,326784000,277020672,6593,44951,0,0,0,0,0.0,0.0,0,
101,2026-10-09T15:33:55.018328+00:00,101.00057672000003,sda3,0.9996912249998786,5571584,118784,155,25,0,0,0,0,0.0,0.0,0,
101,2026-10-09T15:33:55.018328+00:00,101.00057672000003,sda4,0.9996912249998786,4657152,0,116,0,0,0,0,0,0.0,0.0,0,
101,2026-10-09T15:33:55.018328+00:00,101.00057672000003,sda5,0.9996912249998786,16548864,26034077696,826,57982,0,0,0,0,0.0,0.0,0,
102,2026-10-09T15:33:56.024447+00:00,102.0066615679998,loop0,1.006119220999608,374784,0,51,0,0,0,0,0,0.0,0.0,0,
102,2026-10-09T15:33:56.024447+00:00,102.0066615679998,loop1,1.006119220999608,2107392,0,217,0,0,0,0,0,0.0,0.0,0,
102,2026-10-09T15:33:56.024447+00:00,102.0066615679998,loop2,1.006119220999608,1106944,0,51,0,0,0,0,0,0.0,0.0,0,
102,2026-10-09T15:33:56.024447+00:00,102.0066615679998,loop3,1.006119220999608,1141760,0,66,0,0,0,0,0,0.0,0.0,0,
102,2026-10-09T15:33:56.024447+00:00,102.0066615679998,loop4,1.006119220999608,354304,0,43,0,0,0,0,0,0.0,0.0,0,
102,2026-10-09T15:33:56.024447+00:00,102.0066615679998,loop5,1.006119220999608,18432,0,12,0,0,0,0,0,0.0,0.0,0,
102,2026-10-09T15:33:56.024447+00:00,102.0066615679998,loop6,1.006119220999608,0,0,0,0,0,0,0,0,0.0,0.0,0,
102,2026-10-09T15:33:56.024447+00:00,102.0066615679998,loop7,1.006119220999608,0,0,0,0,0,0,0,0,0.0,0.0,0,
102,2026-10-09T15:33:56.024447+00:00,102.0066615679998,sr0,1.006119220999608,1536,0,8,0,0,0,0,0,0.0,0.0,0,
102,2026-10-09T15:33:56.024447+00:00,102.0066615679998,sda,1.006119220999608,356335104,26311245824,7903,102959,0,28672,0,1,0.0,28497.616784930873,4,
102,2026-10-09T15:33:56.024447+00:00,102.0066615679998,sda1,1.006119220999608,319488,0,78,0,0,0,0,0,0.0,0.0,0,
102,2026-10-09T15:33:56.024447+00:00,102.0066615679998,sda2,1.006119220999608,326784000,277049344,6593,44952,0,28672,0,1,0.0,28497.616784930873,4,
102,2026-10-09T15:33:56.024447+00:00,102.0066615679998,sda3,1.006119220999608,5571584,118784,155,25,0,0,0,0,0.0,0.0,0,
102,2026-10-09T15:33:56.024447+00:00,102.0066615679998,sda4,1.006119220999608,4657152,0,116,0,0,0,0,0,0.0,0.0,0,
102,2026-10-09T15:33:56.024447+00:00,102.0066615679998,sda5,1.006119220999608,16548864,26034077696,826,57982,0,0,0,0,0.0,0.0,0,
103,2026-10-09T15:33:57.018938+00:00,103.0011575059998,loop0,0.9944909120004013,374784,0,51,0,0,0,0,0,0.0,0.0,0,
103,2026-10-09T15:33:57.018938+00:00,103.0011575059998,loop1,0.9944909120004013,2107392,0,217,0,0,0,0,0,0.0,0.0,0,
103,2026-10-09T15:33:57.018938+00:00,103.0011575059998,loop2,0.9944909120004013,1106944,0,51,0,0,0,0,0,0.0,0.0,0,
103,2026-10-09T15:33:57.018938+00:00,103.0011575059998,loop3,0.9944909120004013,1141760,0,66,0,0,0,0,0,0.0,0.0,0,
103,2026-10-09T15:33:57.018938+00:00,103.0011575059998,loop4,0.9944909120004013,354304,0,43,0,0,0,0,0,0.0,0.0,0,
103,2026-10-09T15:33:57.018938+00:00,103.0011575059998,loop5,0.9944909120004013,18432,0,12,0,0,0,0,0,0.0,0.0,0,
103,2026-10-09T15:33:57.018938+00:00,103.0011575059998,loop6,0.9944909120004013,0,0,0,0,0,0,0,0,0.0,0.0,0,
103,2026-10-09T15:33:57.018938+00:00,103.0011575059998,loop7,0.9944909120004013,0,0,0,0,0,0,0,0,0.0,0.0,0,
103,2026-10-09T15:33:57.018938+00:00,103.0011575059998,sr0,0.9944909120004013,1536,0,8,0,0,0,0,0,0.0,0.0,0,
103,2026-10-09T15:33:57.018938+00:00,103.0011575059998,sda,0.9944909120004013,356335104,26311249920,7903,102960,0,4096,0,1,0.0,4118.690226903096,320,
103,2026-10-09T15:33:57.018938+00:00,103.0011575059998,sda1,0.9944909120004013,319488,0,78,0,0,0,0,0,0.0,0.0,0,
103,2026-10-09T15:33:57.018938+00:00,103.0011575059998,sda2,0.9944909120004013,326784000,277053440,6593,44953,0,4096,0,1,0.0,4118.690226903096,320,
103,2026-10-09T15:33:57.018938+00:00,103.0011575059998,sda3,0.9944909120004013,5571584,118784,155,25,0,0,0,0,0.0,0.0,0,
103,2026-10-09T15:33:57.018938+00:00,103.0011575059998,sda4,0.9944909120004013,4657152,0,116,0,0,0,0,0,0.0,0.0,0,
103,2026-10-09T15:33:57.018938+00:00,103.0011575059998,sda5,0.9944909120004013,16548864,26034077696,826,57982,0,0,0,0,0.0,0.0,0,
104,2026-10-09T15:33:58.018963+00:00,104.0011970960004,loop0,1.000024449999728,374784,0,51,0,0,0,0,0,0.0,0.0,0,
104,2026-10-09T15:33:58.018963+00:00,104.0011970960004,loop1,1.000024449999728,2107392,0,217,0,0,0,0,0,0.0,0.0,0,
104,2026-10-09T15:33:58.018963+00:00,104.0011970960004,loop2,1.000024449999728,1106944,0,51,0,0,0,0,0,0.0,0.0,0,
104,2026-10-09T15:33:58.018963+00:00,104.0011970960004,loop3,1.000024449999728,1141760,0,66,0,0,0,0,0,0.0,0.0,0,
104,2026-10-09T15:33:58.018963+00:00,104.0011970960004,loop4,1.000024449999728,354304,0,43,0,0,0,0,0,0.0,0.0,0,
104,2026-10-09T15:33:58.018963+00:00,104.0011970960004,loop5,1.000024449999728,18432,0,12,0,0,0,0,0,0.0,0.0,0,
104,2026-10-09T15:33:58.018963+00:00,104.0011970960004,loop6,1.000024449999728,0,0,0,0,0,0,0,0,0.0,0.0,0,
104,2026-10-09T15:33:58.018963+00:00,104.0011970960004,loop7,1.000024449999728,0,0,0,0,0,0,0,0,0.0,0.0,0,
104,2026-10-09T15:33:58.018963+00:00,104.0011970960004,sr0,1.000024449999728,1536,0,8,0,0,0,0,0,0.0,0.0,0,
104,2026-10-09T15:33:58.018963+00:00,104.0011970960004,sda,1.000024449999728,356335104,26311249920,7903,102960,0,0,0,0,0.0,0.0,0,
104,2026-10-09T15:33:58.018963+00:00,104.0011970960004,sda1,1.000024449999728,319488,0,78,0,0,0,0,0,0.0,0.0,0,
104,2026-10-09T15:33:58.018963+00:00,104.0011970960004,sda2,1.000024449999728,326784000,277053440,6593,44953,0,0,0,0,0.0,0.0,0,
104,2026-10-09T15:33:58.018963+00:00,104.0011970960004,sda3,1.000024449999728,5571584,118784,155,25,0,0,0,0,0.0,0.0,0,
104,2026-10-09T15:33:58.018963+00:00,104.0011970960004,sda4,1.000024449999728,4657152,0,116,0,0,0,0,0,0.0,0.0,0,
104,2026-10-09T15:33:58.018963+00:00,104.0011970960004,sda5,1.000024449999728,16548864,26034077696,826,57982,0,0,0,0,0.0,0.0,0,
105,2026-10-09T15:33:59.019078+00:00,105.00109959200017,loop0,1.0001149610006905,374784,0,51,0,0,0,0,0,0.0,0.0,0,
105,2026-10-09T15:33:59.019078+00:00,105.00109959200017,loop1,1.0001149610006905,2107392,0,217,0,0,0,0,0,0.0,0.0,0,
105,2026-10-09T15:33:59.019078+00:00,105.00109959200017,loop2,1.0001149610006905,1106944,0,51,0,0,0,0,0,0.0,0.0,0,
105,2026-10-09T15:33:59.019078+00:00,105.00109959200017,loop3,1.0001149610006905,1141760,0,66,0,0,0,0,0,0.0,0.0,0,
105,2026-10-09T15:33:59.019078+00:00,105.00109959200017,loop4,1.0001149610006905,354304,0,43,0,0,0,0,0,0.0,0.0,0,
105,2026-10-09T15:33:59.019078+00:00,105.00109959200017,loop5,1.0001149610006905,18432,0,12,0,0,0,0,0,0.0,0.0,0,
105,2026-10-09T15:33:59.019078+00:00,105.00109959200017,loop6,1.0001149610006905,0,0,0,0,0,0,0,0,0.0,0.0,0,
105,2026-10-09T15:33:59.019078+00:00,105.00109959200017,loop7,1.0001149610006905,0,0,0,0,0,0,0,0,0.0,0.0,0,
105,2026-10-09T15:33:59.019078+00:00,105.00109959200017,sr0,1.0001149610006905,1536,0,8,0,0,0,0,0,0.0,0.0,0,
105,2026-10-09T15:33:59.019078+00:00,105.00109959200017,sda,1.0001149610006905,356335104,26312294400,7903,103176,0,1044480,0,216,0.0,1044359.9393362928,328,
105,2026-10-09T15:33:59.019078+00:00,105.00109959200017,sda1,1.0001149610006905,319488,0,78,0,0,0,0,0,0.0,0.0,0,
105,2026-10-09T15:33:59.019078+00:00,105.00109959200017,sda2,1.0001149610006905,326784000,278065152,6593,45167,0,1011712,0,214,0.0,1011595.7059453502,72,
105,2026-10-09T15:33:59.019078+00:00,105.00109959200017,sda3,1.0001149610006905,5571584,118784,155,25,0,0,0,0,0.0,0.0,0,
105,2026-10-09T15:33:59.019078+00:00,105.00109959200017,sda4,1.0001149610006905,4657152,0,116,0,0,0,0,0,0.0,0.0,0,
105,2026-10-09T15:33:59.019078+00:00,105.00109959200017,sda5,1.0001149610006905,16548864,26034110464,826,57984,0,32768,0,2,0.0,32764.233390942518,256,
106,2026-10-09T15:34:00.019123+00:00,106.00135251700067,loop0,1.0000448299997515,374784,0,51,0,0,0,0,0,0.0,0.0,0,
106,2026-10-09T15:34:00.019123+00:00,106.00135251700067,loop1,1.0000448299997515,2107392,0,217,0,0,0,0,0,0.0,0.0,0,
106,2026-10-09T15:34:00.019123+00:00,106.00135251700067,loop2,1.0000448299997515,1106944,0,51,0,0,0,0,0,0.0,0.0,0,
106,2026-10-09T15:34:00.019123+00:00,106.00135251700067,loop3,1.0000448299997515,1141760,0,66,0,0,0,0,0,0.0,0.0,0,
106,2026-10-09T15:34:00.019123+00:00,106.00135251700067,loop4,1.0000448299997515,354304,0,43,0,0,0,0,0,0.0,0.0,0,
106,2026-10-09T15:34:00.019123+00:00,106.00135251700067,loop5,1.0000448299997515,18432,0,12,0,0,0,0,0,0.0,0.0,0,
106,2026-10-09T15:34:00.019123+00:00,106.00135251700067,loop6,1.0000448299997515,0,0,0,0,0,0,0,0,0.0,0.0,0,
106,2026-10-09T15:34:00.019123+00:00,106.00135251700067,loop7,1.0000448299997515,0,0,0,0,0,0,0,0,0.0,0.0,0,
106,2026-10-09T15:34:00.019123+00:00,106.00135251700067,sr0,1.0000448299997515,1536,0,8,0,0,0,0,0,0.0,0.0,0,
106,2026-10-09T15:34:00.019123+00:00,106.00135251700067,sda,1.0000448299997515,356335104,26312294400,7903,103176,0,0,0,0,0.0,0.0,0,
106,2026-10-09T15:34:00.019123+00:00,106.00135251700067,sda1,1.0000448299997515,319488,0,78,0,0,0,0,0,0.0,0.0,0,
106,2026-10-09T15:34:00.019123+00:00,106.00135251700067,sda2,1.0000448299997515,326784000,278065152,6593,45167,0,0,0,0,0.0,0.0,0,
106,2026-10-09T15:34:00.019123+00:00,106.00135251700067,sda3,1.0000448299997515,5571584,118784,155,25,0,0,0,0,0.0,0.0,0,
106,2026-10-09T15:34:00.019123+00:00,106.00135251700067,sda4,1.0000448299997515,4657152,0,116,0,0,0,0,0,0.0,0.0,0,
106,2026-10-09T15:34:00.019123+00:00,106.00135251700067,sda5,1.0000448299997515,16548864,26034110464,826,57984,0,0,0,0,0.0,0.0,0,
107,2026-10-09T15:34:01.020501+00:00,107.00085969100019,loop0,1.001378420999572,374784,0,51,0,0,0,0,0,0.0,0.0,0,
107,2026-10-09T15:34:01.020501+00:00,107.00085969100019,loop1,1.001378420999572,2107392,0,217,0,0,0,0,0,0.0,0.0,0,
107,2026-10-09T15:34:01.020501+00:00,107.00085969100019,loop2,1.001378420999572,1106944,0,51,0,0,0,0,0,0.0,0.0,0,
107,2026-10-09T15:34:01.020501+00:00,107.00085969100019,loop3,1.001378420999572,1141760,0,66,0,0,0,0,0,0.0,0.0,0,
107,2026-10-09T15:34:01.020501+00:00,107.00085969100019,loop4,1.001378420999572,354304,0,43,0,0,0,0,0,0.0,0.0,0,
107,2026-10-09T15:34:01.020501+00:00,107.00085969100019,loop5,1.001378420999572,18432,0,12,0,0,0,0,0,0.0,0.0,0,
107,2026-10-09T15:34:01.020501+00:00,107.00085969100019,loop6,1.001378420999572,0,0,0,0,0,0,0,0,0.0,0.0,0,
107,2026-10-09T15:34:01.020501+00:00,107.00085969100019,loop7,1.001378420999572,0,0,0,0,0,0,0,0,0.0,0.0,0,
107,2026-10-09T15:34:01.020501+00:00,107.00085969100019,sr0,1.001378420999572,1536,0,8,0,0,0,0,0,0.0,0.0,0,
107,2026-10-09T15:34:01.020501+00:00,107.00085969100019,sda,1.001378420999572,356335104,26312351744,7903,103188,0,57344,0,12,0.0,57265.0646323689,4,
107,2026-10-09T15:34:01.020501+00:00,107.00085969100019,sda1,1.001378420999572,319488,0,78,0,0,0,0,0,0.0,0.0,0,
107,2026-10-09T15:34:01.020501+00:00,107.00085969100019,sda2,1.001378420999572,326784000,278069248,6593,45168,0,4096,0,1,0.0,4090.361759454921,4,
107,2026-10-09T15:34:01.020501+00:00,107.00085969100019,sda3,1.001378420999572,5571584,118784,155,25,0,0,0,0,0.0,0.0,0,
107,2026-10-09T15:34:01.020501+00:00,107.00085969100019,sda4,1.001378420999572,4657152,0,116,0,0,0,0,0,0.0,0.0,0,
107,2026-10-09T15:34:01.020501+00:00,107.00085969100019,sda5,1.001378420999572,16548864,26034163712,826,57995,0,53248,0,11,0.0,53174.70287291398,4,
108,2026-10-09T15:34:02.019343+00:00,108.00158890200055,loop0,0.9988426090003486,374784,0,51,0,0,0,0,0,0.0,0.0,0,
108,2026-10-09T15:34:02.019343+00:00,108.00158890200055,loop1,0.9988426090003486,2107392,0,217,0,0,0,0,0,0.0,0.0,0,
108,2026-10-09T15:34:02.019343+00:00,108.00158890200055,loop2,0.9988426090003486,1106944,0,51,0,0,0,0,0,0.0,0.0,0,
108,2026-10-09T15:34:02.019343+00:00,108.00158890200055,loop3,0.9988426090003486,1141760,0,66,0,0,0,0,0,0.0,0.0,0,
108,2026-10-09T15:34:02.019343+00:00,108.00158890200055,loop4,0.9988426090003486,354304,0,43,0,0,0,0,0,0.0,0.0,0,
108,2026-10-09T15:34:02.019343+00:00,108.00158890200055,loop5,0.9988426090003486,18432,0,12,0,0,0,0,0,0.0,0.0,0,
108,2026-10-09T15:34:02.019343+00:00,108.00158890200055,loop6,0.9988426090003486,0,0,0,0,0,0,0,0,0.0,0.0,0,
108,2026-10-09T15:34:02.019343+00:00,108.00158890200055,loop7,0.9988426090003486,0,0,0,0,0,0,0,0,0.0,0.0,0,
108,2026-10-09T15:34:02.019343+00:00,108.00158890200055,sr0,0.9988426090003486,1536,0,8,0,0,0,0,0,0.0,0.0,0,
108,2026-10-09T15:34:02.019343+00:00,108.00158890200055,sda,0.9988426090003486,356335104,26312384512,7903,103190,0,32768,0,2,0.0,32805.969333641595,8,
108,2026-10-09T15:34:02.019343+00:00,108.00158890200055,sda1,0.9988426090003486,319488,0,78,0,0,0,0,0,0.0,0.0,0,
108,2026-10-09T15:34:02.019343+00:00,108.00158890200055,sda2,0.9988426090003486,326784000,278102016,6593,45170,0,32768,0,2,0.0,32805.969333641595,8,
108,2026-10-09T15:34:02.019343+00:00,108.00158890200055,sda3,0.9988426090003486,5571584,118784,155,25,0,0,0,0,0.0,0.0,0,
108,2026-10-09T15:34:02.019343+00:00,108.00158890200055,sda4,0.9988426090003486,4657152,0,116,0,0,0,0,0,0.0,0.0,0,
108,2026-10-09T15:34:02.019343+00:00,108.00158890200055,sda5,0.9988426090003486,16548864,26034163712,826,57995,0,0,0,0,0.0,0.0,0,
109,2026-10-09T15:34:03.018317+00:00,109.00055166000038,loop0,0.998973474000195,374784,0,51,0,0,0,0,0,0.0,0.0,0,
109,2026-10-09T15:34:03.018317+00:00,109.00055166000038,loop1,0.998973474000195,2107392,0,217,0,0,0,0,0,0.0,0.0,0,
109,2026-10-09T15:34:03.018317+00:00,109.00055166000038,loop2,0.998973474000195,1106944,0,51,0,0,0,0,0,0.0,0.0,0,
109,2026-10-09T15:34:03.018317+00:00,109.00055166000038,loop3,0.998973474000195,1141760,0,66,0,0,0,0,0,0.0,0.0,0,
109,2026-10-09T15:34:03.018317+00:00,109.00055166000038,loop4,0.998973474000195,354304,0,43,0,0,0,0,0,0.0,0.0,0,
109,2026-10-09T15:34:03.018317+00:00,109.00055166000038,loop5,0.998973474000195,18432,0,12,0,0,0,0,0,0.0,0.0,0,
109,2026-10-09T15:34:03.018317+00:00,109.00055166000038,loop6,0.998973474000195,0,0,0,0,0,0,0,0,0.0,0.0,0,
109,2026-10-09T15:34:03.018317+00:00,109.00055166000038,loop7,0.998973474000195,0,0,0,0,0,0,0,0,0.0,0.0,0,
109,2026-10-09T15:34:03.018317+00:00,109.00055166000038,sr0,0.998973474000195,1536,0,8,0,0,0,0,0,0.0,0.0,0,
109,2026-10-09T15:34:03.018317+00:00,109.00055166000038,sda,0.998973474000195,356335104,26312384512,7903,103190,0,0,0,0,0.0,0.0,0,
109,2026-10-09T15:34:03.018317+00:00,109.00055166000038,sda1,0.998973474000195,319488,0,78,0,0,0,0,0,0.0,0.0,0,
109,2026-10-09T15:34:03.018317+00:00,109.00055166000038,sda2,0.998973474000195,326784000,278102016,6593,45170,0,0,0,0,0.0,0.0,0,
109,2026-10-09T15:34:03.018317+00:00,109.00055166000038,sda3,0.998973474000195,5571584,118784,155,25,0,0,0,0,0.0,0.0,0,
109,2026-10-09T15:34:03.018317+00:00,109.00055166000038,sda4,0.998973474000195,4657152,0,116,0,0,0,0,0,0.0,0.0,0,
109,2026-10-09T15:34:03.018317+00:00,109.00055166000038,sda5,0.998973474000195,16548864,26034163712,826,57995,0,0,0,0,0.0,0.0,0,
110,2026-10-09T15:34:04.018802+00:00,110.00111964200005,loop0,1.0004848939997828,374784,0,51,0,0,0,0,0,0.0,0.0,0,
110,2026-10-09T15:34:04.018802+00:00,110.00111964200005,loop1,1.0004848939997828,2107392,0,217,0,0,0,0,0,0.0,0.0,0,
110,2026-10-09T15:34:04.018802+00:00,110.00111964200005,loop2,1.0004848939997828,1106944,0,51,0,0,0,0,0,0.0,0.0,0,
110,2026-10-09T15:34:04.018802+00:00,110.00111964200005,loop3,1.0004848939997828,1141760,0,66,0,0,0,0,0,0.0,0.0,0,
110,2026-10-09T15:34:04.018802+00:00,110.00111964200005,loop4,1.0004848939997828,354304,0,43,0,0,0,0,0,0.0,0.0,0,
110,2026-10-09T15:34:04.018802+00:00,110.00111964200005,loop5,1.0004848939997828,18432,0,12,0,0,0,0,0,0.0,0.0,0,
110,2026-10-09T15:34:04.018802+00:00,110.00111964200005,loop6,1.0004848939997828,0,0,0,0,0,0,0,0,0.0,0.0,0,
110,2026-10-09T15:34:04.018802+00:00,110.00111964200005,loop7,1.0004848939997828,0,0,0,0,0,0,0,0,0.0,0.0,0,
110,2026-10-09T15:34:04.018802+00:00,110.00111964200005,sr0,1.0004848939997828,1536,0,8,0,0,0,0,0,0.0,0.0,0,
110,2026-10-09T15:34:04.018802+00:00,110.00111964200005,sda,1.0004848939997828,356335104,26312384512,7903,103190,0,0,0,0,0.0,0.0,0,
110,2026-10-09T15:34:04.018802+00:00,110.00111964200005,sda1,1.0004848939997828,319488,0,78,0,0,0,0,0,0.0,0.0,0,
110,2026-10-09T15:34:04.018802+00:00,110.00111964200005,sda2,1.0004848939997828,326784000,278102016,6593,45170,0,0,0,0,0.0,0.0,0,
110,2026-10-09T15:34:04.018802+00:00,110.00111964200005,sda3,1.0004848939997828,5571584,118784,155,25,0,0,0,0,0.0,0.0,0,
110,2026-10-09T15:34:04.018802+00:00,110.00111964200005,sda4,1.0004848939997828,4657152,0,116,0,0,0,0,0,0.0,0.0,0,
110,2026-10-09T15:34:04.018802+00:00,110.00111964200005,sda5,1.0004848939997828,16548864,26034163712,826,57995,0,0,0,0,0.0,0.0,0,
111,2026-10-09T15:34:05.018982+00:00,111.00116592300037,loop0,1.000179972999831,374784,0,51,0,0,0,0,0,0.0,0.0,0,
111,2026-10-09T15:34:05.018982+00:00,111.00116592300037,loop1,1.000179972999831,2107392,0,217,0,0,0,0,0,0.0,0.0,0,
111,2026-10-09T15:34:05.018982+00:00,111.00116592300037,loop2,1.000179972999831,1106944,0,51,0,0,0,0,0,0.0,0.0,0,
111,2026-10-09T15:34:05.018982+00:00,111.00116592300037,loop3,1.000179972999831,1141760,0,66,0,0,0,0,0,0.0,0.0,0,
111,2026-10-09T15:34:05.018982+00:00,111.00116592300037,loop4,1.000179972999831,354304,0,43,0,0,0,0,0,0.0,0.0,0,
111,2026-10-09T15:34:05.018982+00:00,111.00116592300037,loop5,1.000179972999831,18432,0,12,0,0,0,0,0,0.0,0.0,0,
111,2026-10-09T15:34:05.018982+00:00,111.00116592300037,loop6,1.000179972999831,0,0,0,0,0,0,0,0,0.0,0.0,0,
111,2026-10-09T15:34:05.018982+00:00,111.00116592300037,loop7,1.000179972999831,0,0,0,0,0,0,0,0,0.0,0.0,0,
111,2026-10-09T15:34:05.018982+00:00,111.00116592300037,sr0,1.000179972999831,1536,0,8,0,0,0,0,0,0.0,0.0,0,
111,2026-10-09T15:34:05.018982+00:00,111.00116592300037,sda,1.000179972999831,356335104,26312400896,7903,103192,0,16384,0,2,0.0,16381.051852957635,12,
111,2026-10-09T15:34:05.018982+00:00,111.00116592300037,sda1,1.000179972999831,319488,0,78,0,0,0,0,0,0.0,0.0,0,
111,2026-10-09T15:34:05.018982+00:00,111.00116592300037,sda2,1.000179972999831,326784000,278102016,6593,45170,0,0,0,0,0.0,0.0,0,
111,2026-10-09T15:34:05.018982+00:00,111.00116592300037,sda3,1.000179972999831,5571584,118784,155,25,0,0,0,0,0.0,0.0,0,
111,2026-10-09T15:34:05.018982+00:00,111.00116592300037,sda4,1.000179972999831,4657152,0,116,0,0,0,0,0,0.0,0.0,0,
111,2026-10-09T15:34:05.018982+00:00,111.00116592300037,sda5,1.000179972999831,16548864,26034180096,826,57997,0,16384,0,2,0.0,16381.051852957635,12,
112,2026-10-09T15:34:06.018554+00:00,112.00075720699988,loop0,0.9995718430000124,374784,0,51,0,0,0,0,0,0.0,0.0,0,
112,2026-10-09T15:34:06.018554+00:00,112.00075720699988,loop1,0.9995718430000124,2107392,0,217,0,0,0,0,0,0.0,0.0,0,
112,2026-10-09T15:34:06.018554+00:00,112.00075720699988,loop2,0.9995718430000124,1106944,0,51,0,0,0,0,0,0.0,0.0,0,
112,2026-10-09T15:34:06.018554+00:00,112.00075720699988,loop3,0.9995718430000124,1141760,0,66,0,0,0,0,0,0.0,0.0,0,
112,2026-10-09T15:34:06.018554+00:00,112.00075720699988,loop4,0.9995718430000124,354304,0,43,0,0,0,0,0,0.0,0.0,0,
112,2026-10-09T15:34:06.018554+00:00,112.00075720699988,loop5,0.9995718430000124,18432,0,12,0,0,0,0,0,0.0,0.0,0,
112,2026-10-09T15:34:06.018554+00:00,112.00075720699988,loop6,0.9995718430000124,0,0,0,0,0,0,0,0,0.0,0.0,0,
112,2026-10-09T15:34:06.018554+00:00,112.00075720699988,loop7,0.9995718430000124,0,0,0,0,0,0,0,0,0.0,0.0,0,
112,2026-10-09T15:34:06.018554+00:00,112.00075720699988,sr0,0.9995718430000124,1536,0,8,0,0,0,0,0,0.0,0.0,0,
112,2026-10-09T15:34:06.018554+00:00,112.00075720699988,sda,0.9995718430000124,356335104,26312400896,7903,103192,0,0,0,0,0.0,0.0,0,
112,2026-10-09T15:34:06.018554+00:00,112.00075720699988,sda1,0.9995718430000124,319488,0,78,0,0,0,0,0,0.0,0.0,0,
112,2026-10-09T15:34:06.018554+00:00,112.00075720699988,sda2,0.9995718430000124,326784000,278102016,6593,45170,0,0,0,0,0.0,0.0,0,
112,2026-10-09T15:34:06.018554+00:00,112.00075720699988,sda3,0.9995718430000124,5571584,118784,155,25,0,0,0,0,0.0,0.0,0,
112,2026-10-09T15:34:06.018554+00:00,112.00075720699988,sda4,0.9995718430000124,4657152,0,116,0,0,0,0,0,0.0,0.0,0,
112,2026-10-09T15:34:06.018554+00:00,112.00075720699988,sda5,0.9995718430000124,16548864,26034180096,826,57997,0,0,0,0,0.0,0.0,0,
113,2026-10-09T15:34:07.018876+00:00,113.0010534640005,loop0,1.000322423000398,374784,0,51,0,0,0,0,0,0.0,0.0,0,
113,2026-10-09T15:34:07.018876+00:00,113.0010534640005,loop1,1.000322423000398,2107392,0,217,0,0,0,0,0,0.0,0.0,0,
113,2026-10-09T15:34:07.018876+00:00,113.0010534640005,loop2,1.000322423000398,1106944,0,51,0,0,0,0,0,0.0,0.0,0,
113,2026-10-09T15:34:07.018876+00:00,113.0010534640005,loop3,1.000322423000398,1141760,0,66,0,0,0,0,0,0.0,0.0,0,
113,2026-10-09T15:34:07.018876+00:00,113.0010534640005,loop4,1.000322423000398,354304,0,43,0,0,0,0,0,0.0,0.0,0,
113,2026-10-09T15:34:07.018876+00:00,113.0010534640005,loop5,1.000322423000398,18432,0,12,0,0,0,0,0,0.0,0.0,0,
113,2026-10-09T15:34:07.018876+00:00,113.0010534640005,loop6,1.000322423000398,0,0,0,0,0,0,0,0,0.0,0.0,0,
113,2026-10-09T15:34:07.018876+00:00,113.0010534640005,loop7,1.000322423000398,0,0,0,0,0,0,0,0,0.0,0.0,0,
113,2026-10-09T15:34:07.018876+00:00,113.0010534640005,sr0,1.000322423000398,1536,0,8,0,0,0,0,0,0.0,0.0,0,
113,2026-10-09T15:34:07.018876+00:00,113.0010534640005,sda,1.000322423000398,356335104,26312425472,7903,103194,0,24576,0,2,0.0,24568.078686355933,8,
113,2026-10-09T15:34:07.018876+00:00,113.0010534640005,sda1,1.000322423000398,319488,0,78,0,0,0,0,0,0.0,0.0,0,
113,2026-10-09T15:34:07.018876+00:00,113.0010534640005,sda2,1.000322423000398,326784000,278126592,6593,45172,0,24576,0,2,0.0,24568.078686355933,8,
113,2026-10-09T15:34:07.018876+00:00,113.0010534640005,sda3,1.000322423000398,5571584,118784,155,25,0,0,0,0,0.0,0.0,0,
113,2026-10-09T15:34:07.018876+00:00,113.0010534640005,sda4,1.000322423000398,4657152,0,116,0,0,0,0,0,0.0,0.0,0,
113,2026-10-09T15:34:07.018876+00:00,113.0010534640005,sda5,1.000322423000398,16548864,26034180096,826,57997,0,0,0,0,0.0,0.0,0,
114,2026-10-09T15:34:08.019298+00:00,114.00120857900038,loop0,1.0004220249993523,374784,0,51,0,0,0,0,0,0.0,0.0,0,
114,2026-10-09T15:34:08.019298+00:00,114.00120857900038,loop1,1.0004220249993523,2107392,0,217,0,0,0,0,0,0.0,0.0,0,
114,2026-10-09T15:34:08.019298+00:00,114.00120857900038,loop2,1.0004220249993523,1106944,0,51,0,0,0,0,0,0.0,0.0,0,
114,2026-10-09T15:34:08.019298+00:00,114.00120857900038,loop3,1.0004220249993523,1141760,0,66,0,0,0,0,0,0.0,0.0,0,
114,2026-10-09T15:34:08.019298+00:00,114.00120857900038,loop4,1.0004220249993523,354304,0,43,0,0,0,0,0,0.0,0.0,0,
114,2026-10-09T15:34:08.019298+00:00,114.00120857900038,loop5,1.0004220249993523,18432,0,12,0,0,0,0,0,0.0,0.0,0,
114,2026-10-09T15:34:08.019298+00:00,114.00120857900038,loop6,1.0004220249993523,0,0,0,0,0,0,0,0,0.0,0.0,0,
114,2026-10-09T15:34:08.019298+00:00,114.00120857900038,loop7,1.0004220249993523,0,0,0,0,0,0,0,0,0.0,0.0,0,
114,2026-10-09T15:34:08.019298+00:00,114.00120857900038,sr0,1.0004220249993523,1536,0,8,0,0,0,0,0,0.0,0.0,0,
114,2026-10-09T15:34:08.019298+00:00,114.00120857900038,sda,1.0004220249993523,356335104,26312425472,7903,103194,0,0,0,0,0.0,0.0,0,
114,2026-10-09T15:34:08.019298+00:00,114.00120857900038,sda1,1.0004220249993523,319488,0,78,0,0,0,0,0,0.0,0.0,0,
114,2026-10-09T15:34:08.019298+00:00,114.00120857900038,sda2,1.0004220249993523,326784000,278126592,6593,45172,0,0,0,0,0.0,0.0,0,
114,2026-10-09T15:34:08.019298+00:00,114.00120857900038,sda3,1.0004220249993523,5571584,118784,155,25,0,0,0,0,0.0,0.0,0,
114,2026-10-09T15:34:08.019298+00:00,114.00120857900038,sda4,1.0004220249993523,4657152,0,116,0,0,0,0,0,0.0,0.0,0,
114,2026-10-09T15:34:08.019298+00:00,114.00120857900038,sda5,1.0004220249993523,16548864,26034180096,826,57997,0,0,0,0,0.0,0.0,0,
115,2026-10-09T15:34:09.019071+00:00,115.00107763300002,loop0,0.999773049000396,374784,0,51,0,0,0,0,0,0.0,0.0,0,
115,2026-10-09T15:34:09.019071+00:00,115.00107763300002,loop1,0.999773049000396,2107392,0,217,0,0,0,0,0,0.0,0.0,0,
115,2026-10-09T15:34:09.019071+00:00,115.00107763300002,loop2,0.999773049000396,1106944,0,51,0,0,0,0,0,0.0,0.0,0,
115,2026-10-09T15:34:09.019071+00:00,115.00107763300002,loop3,0.999773049000396,1141760,0,66,0,0,0,0,0,0.0,0.0,0,
115,2026-10-09T15:34:09.019071+00:00,115.00107763300002,loop4,0.999773049000396,354304,0,43,0,0,0,0,0,0.0,0.0,0,
115,2026-10-09T15:34:09.019071+00:00,115.00107763300002,loop5,0.999773049000396,18432,0,12,0,0,0,0,0,0.0,0.0,0,
115,2026-10-09T15:34:09.019071+00:00,115.00107763300002,loop6,0.999773049000396,0,0,0,0,0,0,0,0,0.0,0.0,0,
115,2026-10-09T15:34:09.019071+00:00,115.00107763300002,loop7,0.999773049000396,0,0,0,0,0,0,0,0,0.0,0.0,0,
115,2026-10-09T15:34:09.019071+00:00,115.00107763300002,sr0,0.999773049000396,1536,0,8,0,0,0,0,0,0.0,0.0,0,
115,2026-10-09T15:34:09.019071+00:00,115.00107763300002,sda,0.999773049000396,356335104,26312425472,7903,103194,0,0,0,0,0.0,0.0,0,
115,2026-10-09T15:34:09.019071+00:00,115.00107763300002,sda1,0.999773049000396,319488,0,78,0,0,0,0,0,0.0,0.0,0,
115,2026-10-09T15:34:09.019071+00:00,115.00107763300002,sda2,0.999773049000396,326784000,278126592,6593,45172,0,0,0,0,0.0,0.0,0,
115,2026-10-09T15:34:09.019071+00:00,115.00107763300002,sda3,0.999773049000396,5571584,118784,155,25,0,0,0,0,0.0,0.0,0,
115,2026-10-09T15:34:09.019071+00:00,115.00107763300002,sda4,0.999773049000396,4657152,0,116,0,0,0,0,0,0.0,0.0,0,
115,2026-10-09T15:34:09.019071+00:00,115.00107763300002,sda5,0.999773049000396,16548864,26034180096,826,57997,0,0,0,0,0.0,0.0,0,
116,2026-10-09T15:34:10.019030+00:00,116.00119885500044,loop0,0.9999591570003759,374784,0,51,0,0,0,0,0,0.0,0.0,0,
116,2026-10-09T15:34:10.019030+00:00,116.00119885500044,loop1,0.9999591570003759,2107392,0,217,0,0,0,0,0,0.0,0.0,0,
116,2026-10-09T15:34:10.019030+00:00,116.00119885500044,loop2,0.9999591570003759,1106944,0,51,0,0,0,0,0,0.0,0.0,0,
116,2026-10-09T15:34:10.019030+00:00,116.00119885500044,loop3,0.9999591570003759,1141760,0,66,0,0,0,0,0,0.0,0.0,0,
116,2026-10-09T15:34:10.019030+00:00,116.00119885500044,loop4,0.9999591570003759,354304,0,43,0,0,0,0,0,0.0,0.0,0,
116,2026-10-09T15:34:10.019030+00:00,116.00119885500044,loop5,0.9999591570003759,18432,0,12,0,0,0,0,0,0.0,0.0,0,
116,2026-10-09T15:34:10.019030+00:00,116.00119885500044,loop6,0.9999591570003759,0,0,0,0,0,0,0,0,0.0,0.0,0,
116,2026-10-09T15:34:10.019030+00:00,116.00119885500044,loop7,0.9999591570003759,0,0,0,0,0,0,0,0,0.0,0.0,0,
116,2026-10-09T15:34:10.019030+00:00,116.00119885500044,sr0,0.9999591570003759,1536,0,8,0,0,0,0,0,0.0,0.0,0,
116,2026-10-09T15:34:10.019030+00:00,116.00119885500044,sda,0.9999591570003759,356335104,26312441856,7903,103196,0,16384,0,2,0.0,16384.669199037937,8,
116,2026-10-09T15:34:10.019030+00:00,116.00119885500044,sda1,0.9999591570003759,319488,0,78,0,0,0,0,0,0.0,0.0,0,
116,2026-10-09T15:34:10.019030+00:00,116.00119885500044,sda2,0.9999591570003759,326784000,278126592,6593,45172,0,0,0,0,0.0,0.0,0,
116,2026-10-09T15:34:10.019030+00:00,116.00119885500044,sda3,0.9999591570003759,5571584,118784,155,25,0,0,0,0,0.0,0.0,0,
116,2026-10-09T15:34:10.019030+00:00,116.00119885500044,sda4,0.9999591570003759,4657152,0,116,0,0,0,0,0,0.0,0.0,0,
116,2026-10-09T15:34:10.019030+00:00,116.00119885500044,sda5,0.9999591570003759,16548864,26034196480,826,57999,0,16384,0,2,0.0,16384.669199037937,8,
117,2026-10-09T15:34:11.018819+00:00,117.00109620100011,loop0,0.9997882289999325,374784,0,51,0,0,0,0,0,0.0,0.0,0,
117,2026-10-09T15:34:11.018819+00:00,117.00109620100011,loop1,0.9997882289999325,2107392,0,217,0,0,0,0,0,0.0,0.0,0,
117,2026-10-09T15:34:11.018819+00:00,117.00109620100011,loop2,0.9997882289999325,1106944,0,51,0,0,0,0,0,0.0,0.0,0,
117,2026-10-09T15:34:11.018819+00:00,117.00109620100011,loop3,0.9997882289999325,1141760,0,66,0,0,0,0,0,0.0,0.0,0,
117,2026-10-09T15:34:11.018819+00:00,117.00109620100011,loop4,0.9997882289999325,354304,0,43,0,0,0,0,0,0.0,0.0,0,
117,2026-10-09T15:34:11.018819+00:00,117.00109620100011,loop5,0.9997882289999325,18432,0,12,0,0,0,0,0,0.0,0.0,0,
117,2026-10-09T15:34:11.018819+00:00,117.00109620100011,loop6,0.9997882289999325,0,0,0,0,0,0,0,0,0.0,0.0,0,
117,2026-10-09T15:34:11.018819+00:00,117.00109620100011,loop7,0.9997882289999325,0,0,0,0,0,0,0,0,0.0,0.0,0,
117,2026-10-09T15:34:11.018819+00:00,117.00109620100011,sr0,0.9997882289999325,1536,0,8,0,0,0,0,0,0.0,0.0,0,
117,2026-10-09T15:34:11.018819+00:00,117.00109620100011,sda,0.9997882289999325,356335104,26312441856,7903,103196,0,0,0,0,0.0,0.0,0,
117,2026-10-09T15:34:11.018819+00:00,117.00109620100011,sda1,0.9997882289999325,319488,0,78,0,0,0,0,0,0.0,0.0,0,
117,2026-10-09T15:34:11.018819+00:00,117.00109620100011,sda2,0.9997882289999325,326784000,278126592,6593,45172,0,0,0,0,0.0,0.0,0,
117,2026-10-09T15:34:11.018819+00:00,117.00109620100011,sda3,0.9997882289999325,5571584,118784,155,25,0,0,0,0,0.0,0.0,0,
117,2026-10-09T15:34:11.018819+00:00,117.00109620100011,sda4,0.9997882289999325,4657152,0,116,0,0,0,0,0,0.0,0.0,0,
117,2026-10-09T15:34:11.018819+00:00,117.00109620100011,sda5,0.9997882289999325,16548864,26034196480,826,57999,0,0,0,0,0.0,0.0,0,
118,2026-10-09T15:34:12.019289+00:00,118.00149566500022,loop0,1.0004705119999926,374784,0,51,0,0,0,0,0,0.0,0.0,0,
118,2026-10-09T15:34:12.019289+00:00,118.00149566500022,loop1,1.0004705119999926,2107392,0,217,0,0,0,0,0,0.0,0.0,0,
118,2026-10-09T15:34:12.019289+00:00,118.00149566500022,loop2,1.0004705119999926,1106944,0,51,0,0,0,0,0,0.0,0.0,0,
118,2026-10-09T15:34:12.019289+00:00,118.00149566500022,loop3,1.0004705119999926,1141760,0,66,0,0,0,0,0,0.0,0.0,0,
118,2026-10-09T15:34:12.019289+00:00,118.00149566500022,loop4,1.0004705119999926,354304,0,43,0,0,0,0,0,0.0,0.0,0,
118,2026-10-09T15:34:12.019289+00:00,118.00149566500022,loop5,1.0004705119999926,18432,0,12,0,0,0,0,0,0.0,0.0,0,
118,2026-10-09T15:34:12.019289+00:00,118.00149566500022,loop6,1.0004705119999926,0,0,0,0,0,0,0,0,0.0,0.0,0,
118,2026-10-09T15:34:12.019289+00:00,118.00149566500022,loop7,1.0004705119999926,0,0,0,0,0,0,0,0,0.0,0.0,0,
118,2026-10-09T15:34:12.019289+00:00,118.00149566500022,sr0,1.0004705119999926,1536,0,8,0,0,0,0,0,0.0,0.0,0,
118,2026-10-09T15:34:12.019289+00:00,118.00149566500022,sda,1.0004705119999926,356335104,26312482816,7903,103202,0,40960,0,6,0.0,40940.73689200377,12,
118,2026-10-09T15:34:12.019289+00:00,118.00149566500022,sda1,1.0004705119999926,319488,0,78,0,0,0,0,0,0.0,0.0,0,
118,2026-10-09T15:34:12.019289+00:00,118.00149566500022,sda2,1.0004705119999926,326784000,278167552,6593,45178,0,40960,0,6,0.0,40940.73689200377,12,
118,2026-10-09T15:34:12.019289+00:00,118.00149566500022,sda3,1.0004705119999926,5571584,118784,155,25,0,0,0,0,0.0,0.0,0,
118,2026-10-09T15:34:12.019289+00:00,118.00149566500022,sda4,1.0004705119999926,4657152,0,116,0,0,0,0,0,0.0,0.0,0,
118,2026-10-09T15:34:12.019289+00:00,118.00149566500022,sda5,1.0004705119999926,16548864,26034196480,826,57999,0,0,0,0,0.0,0.0,0,
119,2026-10-09T15:34:13.018609+00:00,119.00084164500004,loop0,0.9993199129994537,374784,0,51,0,0,0,0,0,0.0,0.0,0,
119,2026-10-09T15:34:13.018609+00:00,119.00084164500004,loop1,0.9993199129994537,2107392,0,217,0,0,0,0,0,0.0,0.0,0,
119,2026-10-09T15:34:13.018609+00:00,119.00084164500004,loop2,0.9993199129994537,1106944,0,51,0,0,0,0,0,0.0,0.0,0,
119,2026-10-09T15:34:13.018609+00:00,119.00084164500004,loop3,0.9993199129994537,1141760,0,66,0,0,0,0,0,0.0,0.0,0,
119,2026-10-09T15:34:13.018609+00:00,119.00084164500004,loop4,0.9993199129994537,354304,0,43,0,0,0,0,0,0.0,0.0,0,
119,2026-10-09T15:34:13.018609+00:00,119.00084164500004,loop5,0.9993199129994537,18432,0,12,0,0,0,0,0,0.0,0.0,0,
119,2026-10-09T15:34:13.018609+00:00,119.00084164500004,loop6,0.9993199129994537,0,0,0,0,0,0,0,0,0.0,0.0,0,
119,2026-10-09T15:34:13.018609+00:00,119.00084164500004,loop7,0.9993199129994537,0,0,0,0,0,0,0,0,0.0,0.0,0,
119,2026-10-09T15:34:13.018609+00:00,119.00084164500004,sr0,0.9993199129994537,1536,0,8,0,0,0,0,0,0.0,0.0,0,
119,2026-10-09T15:34:13.018609+00:00,119.00084164500004,sda,0.9993199129994537,356335104,26312482816,7903,103202,0,0,0,0,0.0,0.0,0,
119,2026-10-09T15:34:13.018609+00:00,119.00084164500004,sda1,0.9993199129994537,319488,0,78,0,0,0,0,0,0.0,0.0,0,
119,2026-10-09T15:34:13.018609+00:00,119.00084164500004,sda2,0.9993199129994537,326784000,278167552,6593,45178,0,0,0,0,0.0,0.0,0,
119,2026-10-09T15:34:13.018609+00:00,119.00084164500004,sda3,0.9993199129994537,5571584,118784,155,25,0,0,0,0,0.0,0.0,0,
119,2026-10-09T15:34:13.018609+00:00,119.00084164500004,sda4,0.9993199129994537,4657152,0,116,0,0,0,0,0,0.0,0.0,0,
119,2026-10-09T15:34:13.018609+00:00,119.00084164500004,sda5,0.9993199129994537,16548864,26034196480,826,57999,0,0,0,0,0.0,0.0,0,
120,2026-10-09T15:34:14.019530+00:00,120.00165407300028,loop0,1.0009211460001097,374784,0,51,0,0,0,0,0,0.0,0.0,0,
120,2026-10-09T15:34:14.019530+00:00,120.00165407300028,loop1,1.0009211460001097,2107392,0,217,0,0,0,0,0,0.0,0.0,0,
120,2026-10-09T15:34:14.019530+00:00,120.00165407300028,loop2,1.0009211460001097,1106944,0,51,0,0,0,0,0,0.0,0.0,0,
120,2026-10-09T15:34:14.019530+00:00,120.00165407300028,loop3,1.0009211460001097,1141760,0,66,0,0,0,0,0,0.0,0.0,0,
120,2026-10-09T15:34:14.019530+00:00,120.00165407300028,loop4,1.0009211460001097,354304,0,43,0,0,0,0,0,0.0,0.0,0,
120,2026-10-09T15:34:14.019530+00:00,120.00165407300028,loop5,1.0009211460001097,18432,0,12,0,0,0,0,0,0.0,0.0,0,
120,2026-10-09T15:34:14.019530+00:00,120.00165407300028,loop6,1.0009211460001097,0,0,0,0,0,0,0,0,0.0,0.0,0,
120,2026-10-09T15:34:14.019530+00:00,120.00165407300028,loop7,1.0009211460001097,0,0,0,0,0,0,0,0,0.0,0.0,0,
120,2026-10-09T15:34:14.019530+00:00,120.00165407300028,sr0,1.0009211460001097,1536,0,8,0,0,0,0,0,0.0,0.0,0,
120,2026-10-09T15:34:14.019530+00:00,120.00165407300028,sda,1.0009211460001097,356335104,26312482816,7903,103202,0,0,0,0,0.0,0.0,0,
120,2026-10-09T15:34:14.019530+00:00,120.00165407300028,sda1,1.0009211460001097,319488,0,78,0,0,0,0,0,0.0,0.0,0,
120,2026-10-09T15:34:14.019530+00:00,120.00165407300028,sda2,1.0009211460001097,326784000,278167552,6593,45178,0,0,0,0,0.0,0.0,0,
120,2026-10-09T15:34:14.019530+00:00,120.00165407300028,sda3,1.0009211460001097,5571584,118784,155,25,0,0,0,0,0.0,0.0,0,
120,2026-10-09T15:34:14.019530+00:00,120.00165407300028,sda4,1.0009211460001097,4657152,0,116,0,0,0,0,0,0.0,0.0,0,
120,2026-10-09T15:34:14.019530+00:00,120.00165407300028,sda5,1.0009211460001097,16548864,26034196480,826,57999,0,0,0,0,0.0,0.0,0,
121,2026-10-09T15:34:15.019647+00:00,121.00152707100006,loop0,1.0001170770001409,374784,0,51,0,0,0,0,0,0.0,0.0,0,
121,2026-10-09T15:34:15.019647+00:00,121.00152707100006,loop1,1.0001170770001409,2107392,0,217,0,0,0,0,0,0.0,0.0,0,
121,2026-10-09T15:34:15.019647+00:00,121.00152707100006,loop2,1.0001170770001409,1106944,0,51,0,0,0,0,0,0.0,0.0,0,
121,2026-10-09T15:34:15.019647+00:00,121.00152707100006,loop3,1.0001170770001409,1141760,0,66,0,0,0,0,0,0.0,0.0,0,
121,2026-10-09T15:34:15.019647+00:00,121.00152707100006,loop4,1.0001170770001409,354304,0,43,0,0,0,0,0,0.0,0.0,0,
121,2026-10-09T15:34:15.019647+00:00,121.00152707100006,loop5,1.0001170770001409,18432,0,12,0,0,0,0,0,0.0,0.0,0,
121,2026-10-09T15:34:15.019647+00:00,121.00152707100006,loop6,1.0001170770001409,0,0,0,0,0,0,0,0,0.0,0.0,0,
121,2026-10-09T15:34:15.019647+00:00,121.00152707100006,loop7,1.0001170770001409,0,0,0,0,0,0,0,0,0.0,0.0,0,
121,2026-10-09T15:34:15.019647+00:00,121.00152707100006,sr0,1.0001170770001409,1536,0,8,0,0,0,0,0,0.0,0.0,0,
121,2026-10-09T15:34:15.019647+00:00,121.00152707100006,sda,1.0001170770001409,356335104,26312499200,7903,103204,0,16384,0,2,0.0,16382.082034979283,8,
121,2026-10-09T15:34:15.019647+00:00,121.00152707100006,sda1,1.0001170770001409,319488,0,78,0,0,0,0,0,0.0,0.0,0,
121,2026-10-09T15:34:15.019647+00:00,121.00152707100006,sda2,1.0001170770001409,326784000,278167552,6593,45178,0,0,0,0,0.0,0.0,0,
121,2026-10-09T15:34:15.019647+00:00,121.00152707100006,sda3,1.0001170770001409,5571584,118784,155,25,0,0,0,0,0.0,0.0,0,
121,2026-10-09T15:34:15.019647+00:00,121.00152707100006,sda4,1.0001170770001409,4657152,0,116,0,0,0,0,0,0.0,0.0,0,
121,2026-10-09T15:34:15.019647+00:00,121.00152707100006,sda5,1.0001170770001409,16548864,26034212864,826,58001,0,16384,0,2,0.0,16382.082034979283,8,
122,2026-10-09T15:34:16.019297+00:00,122.00151224500041,loop0,0.9996495129998948,374784,0,51,0,0,0,0,0,0.0,0.0,0,
122,2026-10-09T15:34:16.019297+00:00,122.00151224500041,loop1,0.9996495129998948,2107392,0,217,0,0,0,0,0,0.0,0.0,0,
122,2026-10-09T15:34:16.019297+00:00,122.00151224500041,loop2,0.9996495129998948,1106944,0,51,0,0,0,0,0,0.0,0.0,0,
122,2026-10-09T15:34:16.019297+00:00,122.00151224500041,loop3,0.9996495129998948,1141760,0,66,0,0,0,0,0,0.0,0.0,0,
122,2026-10-09T15:34:16.019297+00:00,122.00151224500041,loop4,0.9996495129998948,354304,0,43,0,0,0,0,0,0.0,0.0,0,
122,2026-10-09T15:34:16.019297+00:00,122.00151224500041,loop5,0.9996495129998948,18432,0,12,0,0,0,0,0,0.0,0.0,0,
122,2026-10-09T15:34:16.019297+00:00,122.00151224500041,loop6,0.9996495129998948,0,0,0,0,0,0,0,0,0.0,0.0,0,
122,2026-10-09T15:34:16.019297+00:00,122.00151224500041,loop7,0.9996495129998948,0,0,0,0,0,0,0,0,0.0,0.0,0,
122,2026-10-09T15:34:16.019297+00:00,122.00151224500041,sr0,0.9996495129998948,1536,0,8,0,0,0,0,0,0.0,0.0,0,
122,2026-10-09T15:34:16.019297+00:00,122.00151224500041,sda,0.9996495129998948,356335104,26312499200,7903,103204,0,0,0,0,0.0,0.0,0,
122,2026-10-09T15:34:16.019297+00:00,122.00151224500041,sda1,0.9996495129998948,319488,0,78,0,0,0,0,0,0.0,0.0,0,
122,2026-10-09T15:34:16.019297+00:00,122.00151224500041,sda2,0.9996495129998948,326784000,278167552,6593,45178,0,0,0,0,0.0,0.0,0,
122,2026-10-09T15:34:16.019297+00:00,122.00151224500041,sda3,0.9996495129998948,5571584,118784,155,25,0,0,0,0,0.0,0.0,0,
122,2026-10-09T15:34:16.019297+00:00,122.00151224500041,sda4,0.9996495129998948,4657152,0,116,0,0,0,0,0,0.0,0.0,0,
122,2026-10-09T15:34:16.019297+00:00,122.00151224500041,sda5,0.9996495129998948,16548864,26034212864,826,58001,0,0,0,0,0.0,0.0,0,
123,2026-10-09T15:34:17.019007+00:00,123.0011773390006,loop0,0.9997107369999867,374784,0,51,0,0,0,0,0,0.0,0.0,0,
123,2026-10-09T15:34:17.019007+00:00,123.0011773390006,loop1,0.9997107369999867,2107392,0,217,0,0,0,0,0,0.0,0.0,0,
123,2026-10-09T15:34:17.019007+00:00,123.0011773390006,loop2,0.9997107369999867,1106944,0,51,0,0,0,0,0,0.0,0.0,0,
123,2026-10-09T15:34:17.019007+00:00,123.0011773390006,loop3,0.9997107369999867,1141760,0,66,0,0,0,0,0,0.0,0.0,0,
123,2026-10-09T15:34:17.019007+00:00,123.0011773390006,loop4,0.9997107369999867,354304,0,43,0,0,0,0,0,0.0,0.0,0,
123,2026-10-09T15:34:17.019007+00:00,123.0011773390006,loop5,0.9997107369999867,18432,0,12,0,0,0,0,0,0.0,0.0,0,
123,2026-10-09T15:34:17.019007+00:00,123.0011773390006,loop6,0.9997107369999867,0,0,0,0,0,0,0,0,0.0,0.0,0,
123,2026-10-09T15:34:17.019007+00:00,123.0011773390006,loop7,0.9997107369999867,0,0,0,0,0,0,0,0,0.0,0.0,0,
123,2026-10-09T15:34:17.019007+00:00,123.0011773390006,sr0,0.9997107369999867,1536,0,8,0,0,0,0,0,0.0,0.0,0,
123,2026-10-09T15:34:17.019007+00:00,123.0011773390006,sda,0.9997107369999867,356335104,26312527872,7903,103207,0,28672,0,3,0.0,28680.296148505186,12,
123,2026-10-09T15:34:17.019007+00:00,123.0011773390006,sda1,0.9997107369999867,319488,0,78,0,0,0,0,0,0.0,0.0,0,
123,2026-10-09T15:34:17.019007+00:00,123.0011773390006,sda2,0.9997107369999867,326784000,278196224,6593,45181,0,28672,0,3,0.0,28680.296148505186,12,
123,2026-10-09T15:34:17.019007+00:00,123.0011773390006,sda3,0.9997107369999867,5571584,118784,155,25,0,0,0,0,0.0,0.0,0,
123,2026-10-09T15:34:17.019007+00:00,123.0011773390006,sda4,0.9997107369999867,4657152,0,116,0,0,0,0,0,0.0,0.0,0,
123,2026-10-09T15:34:17.019007+00:00,123.0011773390006,sda5,0.9997107369999867,16548864,26034212864,826,58001,0,0,0,0,0.0,0.0,0,
124,2026-10-09T15:34:18.019739+00:00,124.00178191299983,loop0,1.0007316540004467,374784,0,51,0,0,0,0,0,0.0,0.0,0,
124,2026-10-09T15:34:18.019739+00:00,124.00178191299983,loop1,1.0007316540004467,2107392,0,217,0,0,0,0,0,0.0,0.0,0,
124,2026-10-09T15:34:18.019739+00:00,124.00178191299983,loop2,1.0007316540004467,1106944,0,51,0,0,0,0,0,0.0,0.0,0,
124,2026-10-09T15:34:18.019739+00:00,124.00178191299983,loop3,1.0007316540004467,1141760,0,66,0,0,0,0,0,0.0,0.0,0,
124,2026-10-09T15:34:18.019739+00:00,124.00178191299983,loop4,1.0007316540004467,354304,0,43,0,0,0,0,0,0.0,0.0,0,
124,2026-10-09T15:34:18.019739+00:00,124.00178191299983,loop5,1.0007316540004467,18432,0,12,0,0,0,0,0,0.0,0.0,0,
124,2026-10-09T15:34:18.019739+00:00,124.00178191299983,loop6,1.0007316540004467,0,0,0,0,0,0,0,0,0.0,0.0,0,
124,2026-10-09T15:34:18.019739+00:00,124.00178191299983,loop7,1.0007316540004467,0,0,0,0,0,0,0,0,0.0,0.0,0,
124,2026-10-09T15:34:18.019739+00:00,124.00178191299983,sr0,1.0007316540004467,1536,0,8,0,0,0,0,0,0.0,0.0,0,
124,2026-10-09T15:34:18.019739+00:00,124.00178191299983,sda,1.0007316540004467,356335104,26312527872,7903,103207,0,0,0,0,0.0,0.0,0,
124,2026-10-09T15:34:18.019739+00:00,124.00178191299983,sda1,1.0007316540004467,319488,0,78,0,0,0,0,0,0.0,0.0,0,
124,2026-10-09T15:34:18.019739+00:00,124.00178191299983,sda2,1.0007316540004467,326784000,278196224,6593,45181,0,0,0,0,0.0,0.0,0,
124,2026-10-09T15:34:18.019739+00:00,124.00178191299983,sda3,1.0007316540004467,5571584,118784,155,25,0,0,0,0,0.0,0.0,0,
124,2026-10-09T15:34:18.019739+00:00,124.00178191299983,sda4,1.0007316540004467,4657152,0,116,0,0,0,0,0,0.0,0.0,0,
124,2026-10-09T15:34:18.019739+00:00,124.00178191299983,sda5,1.0007316540004467,16548864,26034212864,826,58001,0,0,0,0,0.0,0.0,0,
125,2026-10-09T15:34:19.018976+00:00,125.0012145390001,loop0,0.9992371640000783,374784,0,51,0,0,0,0,0,0.0,0.0,0,
125,2026-10-09T15:34:19.018976+00:00,125.0012145390001,loop1,0.9992371640000783,2107392,0,217,0,0,0,0,0,0.0,0.0,0,
125,2026-10-09T15:34:19.018976+00:00,125.0012145390001,loop2,0.9992371640000783,1106944,0,51,0,0,0,0,0,0.0,0.0,0,
125,2026-10-09T15:34:19.018976+00:00,125.0012145390001,loop3,0.9992371640000783,1141760,0,66,0,0,0,0,0,0.0,0.0,0,
125,2026-10-09T15:34:19.018976+00:00,125.0012145390001,loop4,0.9992371640000783,354304,0,43,0,0,0,0,0,0.0,0.0,0,
125,2026-10-09T15:34:19.018976+00:00,125.0012145390001,loop5,0.9992371640000783,18432,0,12,0,0,0,0,0,0.0,0.0,0,
125,2026-10-09T15:34:19.018976+00:00,125.0012145390001,loop6,0.9992371640000783,0,0,0,0,0,0,0,0,0.0,0.0,0,
125,2026-10-09T15:34:19.018976+00:00,125.0012145390001,loop7,0.9992371640000783,0,0,0,0,0,0,0,0,0.0,0.0,0,
125,2026-10-09T15:34:19.018976+00:00,125.0012145390001,sr0,0.9992371640000783,1536,0,8,0,0,0,0,0,0.0,0.0,0,
125,2026-10-09T15:34:19.018976+00:00,125.0012145390001,sda,0.9992371640000783,356335104,26312560640,7903,103209,0,32768,0,2,0.0,32793.01569291655,4,
125,2026-10-09T15:34:19.018976+00:00,125.0012145390001,sda1,0.9992371640000783,319488,0,78,0,0,0,0,0,0.0,0.0,0,
125,2026-10-09T15:34:19.018976+00:00,125.0012145390001,sda2,0.9992371640000783,326784000,278228992,6593,45183,0,32768,0,2,0.0,32793.01569291655,4,
125,2026-10-09T15:34:19.018976+00:00,125.0012145390001,sda3,0.9992371640000783,5571584,118784,155,25,0,0,0,0,0.0,0.0,0,
125,2026-10-09T15:34:19.018976+00:00,125.0012145390001,sda4,0.9992371640000783,4657152,0,116,0,0,0,0,0,0.0,0.0,0,
125,2026-10-09T15:34:19.018976+00:00,125.0012145390001,sda5,0.9992371640000783,16548864,26034212864,826,58001,0,0,0,0,0.0,0.0,0,
126,2026-10-09T15:34:20.019872+00:00,126.00223301599999,loop0,1.0008957179998106,374784,0,51,0,0,0,0,0,0.0,0.0,0,
126,2026-10-09T15:34:20.019872+00:00,126.00223301599999,loop1,1.0008957179998106,2107392,0,217,0,0,0,0,0,0.0,0.0,0,
126,2026-10-09T15:34:20.019872+00:00,126.00223301599999,loop2,1.0008957179998106,1106944,0,51,0,0,0,0,0,0.0,0.0,0,
126,2026-10-09T15:34:20.019872+00:00,126.00223301599999,loop3,1.0008957179998106,1141760,0,66,0,0,0,0,0,0.0,0.0,0,
126,2026-10-09T15:34:20.019872+00:00,126.00223301599999,loop4,1.0008957179998106,354304,0,43,0,0,0,0,0,0.0,0.0,0,
126,2026-10-09T15:34:20.019872+00:00,126.00223301599999,loop5,1.0008957179998106,18432,0,12,0,0,0,0,0,0.0,0.0,0,
126,2026-10-09T15:34:20.019872+00:00,126.00223301599999,loop6,1.0008957179998106,0,0,0,0,0,0,0,0,0.0,0.0,0,
126,2026-10-09T15:34:20.019872+00:00,126.00223301599999,loop7,1.0008957179998106,0,0,0,0,0,0,0,0,0.0,0.0,0,
126,2026-10-09T15:34:20.019872+00:00,126.00223301599999,sr0,1.0008957179998106,1536,0,8,0,0,0,0,0,0.0,0.0,0,
126,2026-10-09T15:34:20.019872+00:00,126.00223301599999,sda,1.0008957179998106,356335104,26312577024,7903,103211,0,16384,0,2,0.0,16369.33768958646,8,
126,2026-10-09T15:34:20.019872+00:00,126.00223301599999,sda1,1.0008957179998106,319488,0,78,0,0,0,0,0,0.0,0.0,0,
126,2026-10-09T15:34:20.019872+00:00,126.00223301599999,sda2,1.0008957179998106,326784000,278228992,6593,45183,0,0,0,0,0.0,0.0,0,
126,2026-10-09T15:34:20.019872+00:00,126.00223301599999,sda3,1.0008957179998106,5571584,118784,155,25,0,0,0,0,0.0,0.0,0,
126,2026-10-09T15:34:20.019872+00:00,126.00223301599999,sda4,1.0008957179998106,4657152,0,116,0,0,0,0,0,0.0,0.0,0,
126,2026-10-09T15:34:20.019872+00:00,126.00223301599999,sda5,1.0008957179998106,16548864,26034229248,826,58003,0,16384,0,2,0.0,16369.33768958646,8,
127,2026-10-09T15:34:21.019178+00:00,127.00151508199997,loop0,0.999305808999452,374784,0,51,0,0,0,0,0,0.0,0.0,0,
127,2026-10-09T15:34:21.019178+00:00,127.00151508199997,loop1,0.999305808999452,2107392,0,217,0,0,0,0,0,0.0,0.0,0,
127,2026-10-09T15:34:21.019178+00:00,127.00151508199997,loop2,0.999305808999452,1106944,0,51,0,0,0,0,0,0.0,0.0,0,
127,2026-10-09T15:34:21.019178+00:00,127.00151508199997,loop3,0.999305808999452,1141760,0,66,0,0,0,0,0,0.0,0.0,0,
127,2026-10-09T15:34:21.019178+00:00,127.00151508199997,loop4,0.999305808999452,354304,0,43,0,0,0,0,0,0.0,0.0,0,
127,2026-10-09T15:34:21.019178+00:00,127.00151508199997,loop5,0.999305808999452,18432,0,12,0,0,0,0,0,0.0,0.0,0,
127,2026-10-09T15:34:21.019178+00:00,127.00151508199997,loop6,0.999305808999452,0,0,0,0,0,0,0,0,0.0,0.0,0,
127,2026-10-09T15:34:21.019178+00:00,127.00151508199997,loop7,0.999305808999452,0,0,0,0,0,0,0,0,0.0,0.0,0,
127,2026-10-09T15:34:21.019178+00:00,127.00151508199997,sr0,0.999305808999452,1536,0,8,0,0,0,0,0,0.0,0.0,0,
127,2026-10-09T15:34:21.019178+00:00,127.00151508199997,sda,0.999305808999452,356335104,26312577024,7903,103211,0,0,0,0,0.0,0.0,0,
127,2026-10-09T15:34:21.019178+00:00,127.00151508199997,sda1,0.999305808999452,319488,0,78,0,0,0,0,0,0.0,0.0,0,
127,2026-10-09T15:34:21.019178+00:00,127.00151508199997,sda2,0.999305808999452,326784000,278228992,6593,45183,0,0,0,0,0.0,0.0,0,
127,2026-10-09T15:34:21.019178+00:00,127.00151508199997,sda3,0.999305808999452,5571584,118784,155,25,0,0,0,0,0.0,0.0,0,
127,2026-10-09T15:34:21.019178+00:00,127.00151508199997,sda4,0.999305808999452,4657152,0,116,0,0,0,0,0,0.0,0.0,0,
127,2026-10-09T15:34:21.019178+00:00,127.00151508199997,sda5,0.999305808999452,16548864,26034229248,826,58003,0,0,0,0,0.0,0.0,0,
128,2026-10-09T15:34:22.019165+00:00,128.00126975700005,loop0,0.9999874490004004,374784,0,51,0,0,0,0,0,0.0,0.0,0,
128,2026-10-09T15:34:22.019165+00:00,128.00126975700005,loop1,0.9999874490004004,2107392,0,217,0,0,0,0,0,0.0,0.0,0,
128,2026-10-09T15:34:22.019165+00:00,128.00126975700005,loop2,0.9999874490004004,1106944,0,51,0,0,0,0,0,0.0,0.0,0,
128,2026-10-09T15:34:22.019165+00:00,128.00126975700005,loop3,0.9999874490004004,1141760,0,66,0,0,0,0,0,0.0,0.0,0,
128,2026-10-09T15:34:22.019165+00:00,128.00126975700005,loop4,0.9999874490004004,354304,0,43,0,0,0,0,0,0.0,0.0,0,
128,2026-10-09T15:34:22.019165+00:00,128.00126975700005,loop5,0.9999874490004004,18432,0,12,0,0,0,0,0,0.0,0.0,0,
128,2026-10-09T15:34:22.019165+00:00,128.00126975700005,loop6,0.9999874490004004,0,0,0,0,0,0,0,0,0.0,0.0,0,
128,2026-10-09T15:34:22.019165+00:00,128.00126975700005,loop7,0.9999874490004004,0,0,0,0,0,0,0,0,0.0,0.0,0,
128,2026-10-09T15:34:22.019165+00:00,128.00126975700005,sr0,0.9999874490004004,1536,0,8,0,0,0,0,0,0.0,0.0,0,
128,2026-10-09T15:34:22.019165+00:00,128.00126975700005,sda,0.9999874490004004,356335104,26312626176,7903,103213,0,49152,0,2,0.0,49152.61691447521,8,
128,2026-10-09T15:34:22.019165+00:00,128.00126975700005,sda1,0.9999874490004004,319488,0,78,0,0,0,0,0,0.0,0.0,0,
128,2026-10-09T15:34:22.019165+00:00,128.00126975700005,sda2,0.9999874490004004,326784000,278278144,6593,45185,0,49152,0,2,0.0,49152.61691447521,8,
128,2026-10-09T15:34:22.019165+00:00,128.00126975700005,sda3,0.9999874490004004,5571584,118784,155,25,0,0,0,0,0.0,0.0,0,
128,2026-10-09T15:34:22.019165+00:00,128.00126975700005,sda4,0.9999874490004004,4657152,0,116,0,0,0,0,0,0.0,0.0,0,
128,2026-10-09T15:34:22.019165+00:00,128.00126975700005,sda5,0.9999874490004004,16548864,26034229248,826,58003,0,0,0,0,0.0,0.0,0,
129,2026-10-09T15:34:23.019367+00:00,129.00150266699984,loop0,1.0002014869996856,374784,0,51,0,0,0,0,0,0.0,0.0,0,
129,2026-10-09T15:34:23.019367+00:00,129.00150266699984,loop1,1.0002014869996856,2107392,0,217,0,0,0,0,0,0.0,0.0,0,
129,2026-10-09T15:34:23.019367+00:00,129.00150266699984,loop2,1.0002014869996856,1106944,0,51,0,0,0,0,0,0.0,0.0,0,
129,2026-10-09T15:34:23.019367+00:00,129.00150266699984,loop3,1.0002014869996856,1141760,0,66,0,0,0,0,0,0.0,0.0,0,
129,2026-10-09T15:34:23.019367+00:00,129.00150266699984,loop4,1.0002014869996856,354304,0,43,0,0,0,0,0,0.0,0.0,0,
129,2026-10-09T15:34:23.019367+00:00,129.00150266699984,loop5,1.0002014869996856,18432,0,12,0,0,0,0,0,0.0,0.0,0,
129,2026-10-09T15:34:23.019367+00:00,129.00150266699984,loop6,1.0002014869996856,0,0,0,0,0,0,0,0,0.0,0.0,0,
129,2026-10-09T15:34:23.019367+00:00,129.00150266699984,loop7,1.0002014869996856,0,0,0,0,0,0,0,0,0.0,0.0,0,
129,2026-10-09T15:34:23.019367+00:00,129.00150266699984,sr0,1.0002014869996856,1536,0,8,0,0,0,0,0,0.0,0.0,0,
129,2026-10-09T15:34:23.019367+00:00,129.00150266699984,sda,1.0002014869996856,356335104,26312626176,7903,103213,0,0,0,0,0.0,0.0,0,
129,2026-10-09T15:34:23.019367+00:00,129.00150266699984,sda1,1.0002014869996856,319488,0,78,0,0,0,0,0,0.0,0.0,0,
129,2026-10-09T15:34:23.019367+00:00,129.00150266699984,sda2,1.0002014869996856,326784000,278278144,6593,45185,0,0,0,0,0.0,0.0,0,
129,2026-10-09T15:34:23.019367+00:00,129.00150266699984,sda3,1.0002014869996856,5571584,118784,155,25,0,0,0,0,0.0,0.0,0,
129,2026-10-09T15:34:23.019367+00:00,129.00150266699984,sda4,1.0002014869996856,4657152,0,116,0,0,0,0,0,0.0,0.0,0,
129,2026-10-09T15:34:23.019367+00:00,129.00150266699984,sda5,1.0002014869996856,16548864,26034229248,826,58003,0,0,0,0,0.0,0.0,0,
130,2026-10-09T15:34:24.019705+00:00,130.00200913000026,loop0,1.0003384380006537,374784,0,51,0,0,0,0,0,0.0,0.0,0,
130,2026-10-09T15:34:24.019705+00:00,130.00200913000026,loop1,1.0003384380006537,2107392,0,217,0,0,0,0,0,0.0,0.0,0,
130,2026-10-09T15:34:24.019705+00:00,130.00200913000026,loop2,1.0003384380006537,1106944,0,51,0,0,0,0,0,0.0,0.0,0,
130,2026-10-09T15:34:24.019705+00:00,130.00200913000026,loop3,1.0003384380006537,1141760,0,66,0,0,0,0,0,0.0,0.0,0,
130,2026-10-09T15:34:24.019705+00:00,130.00200913000026,loop4,1.0003384380006537,354304,0,43,0,0,0,0,0,0.0,0.0,0,
130,2026-10-09T15:34:24.019705+00:00,130.00200913000026,loop5,1.0003384380006537,18432,0,12,0,0,0,0,0,0.0,0.0,0,
130,2026-10-09T15:34:24.019705+00:00,130.00200913000026,loop6,1.0003384380006537,0,0,0,0,0,0,0,0,0.0,0.0,0,
130,2026-10-09T15:34:24.019705+00:00,130.00200913000026,loop7,1.0003384380006537,0,0,0,0,0,0,0,0,0.0,0.0,0,
130,2026-10-09T15:34:24.019705+00:00,130.00200913000026,sr0,1.0003384380006537,1536,0,8,0,0,0,0,0,0.0,0.0,0,
130,2026-10-09T15:34:24.019705+00:00,130.00200913000026,sda,1.0003384380006537,356335104,26312626176,7903,103213,0,0,0,0,0.0,0.0,0,
130,2026-10-09T15:34:24.019705+00:00,130.00200913000026,sda1,1.0003384380006537,319488,0,78,0,0,0,0,0,0.0,0.0,0,
130,2026-10-09T15:34:24.019705+00:00,130.00200913000026,sda2,1.0003384380006537,326784000,278278144,6593,45185,0,0,0,0,0.0,0.0,0,
130,2026-10-09T15:34:24.019705+00:00,130.00200913000026,sda3,1.0003384380006537,5571584,118784,155,25,0,0,0,0,0.0,0.0,0,
130,2026-10-09T15:34:24.019705+00:00,130.00200913000026,sda4,1.0003384380006537,4657152,0,116,0,0,0,0,0,0.0,0.0,0,
130,2026-10-09T15:34:24.019705+00:00,130.00200913000026,sda5,1.0003384380006537,16548864,26034229248,826,58003,0,0,0,0,0.0,0.0,0,
131,2026-10-09T15:34:25.019253+00:00,131.00156477900055,loop0,0.9995476229996711,374784,0,51,0,0,0,0,0,0.0,0.0,0,
131,2026-10-09T15:34:25.019253+00:00,131.00156477900055,loop1,0.9995476229996711,2107392,0,217,0,0,0,0,0,0.0,0.0,0,
131,2026-10-09T15:34:25.019253+00:00,131.00156477900055,loop2,0.9995476229996711,1106944,0,51,0,0,0,0,0,0.0,0.0,0,
131,2026-10-09T15:34:25.019253+00:00,131.00156477900055,loop3,0.9995476229996711,1141760,0,66,0,0,0,0,0,0.0,0.0,0,
131,2026-10-09T15:34:25.019253+00:00,131.00156477900055,loop4,0.9995476229996711,354304,0,43,0,0,0,0,0,0.0,0.0,0,
131,2026-10-09T15:34:25.019253+00:00,131.00156477900055,loop5,0.9995476229996711,18432,0,12,0,0,0,0,0,0.0,0.0,0,
131,2026-10-09T15:34:25.019253+00:00,131.00156477900055,loop6,0.9995476229996711,0,0,0,0,0,0,0,0,0.0,0.0,0,
131,2026-10-09T15:34:25.019253+00:00,131.00156477900055,loop7,0.9995476229996711,0,0,0,0,0,0,0,0,0.0,0.0,0,
131,2026-10-09T15:34:25.019253+00:00,131.00156477900055,sr0,0.9995476229996711,1536,0,8,0,0,0,0,0,0.0,0.0,0,
131,2026-10-09T15:34:25.019253+00:00,131.00156477900055,sda,0.9995476229996711,356335104,26312757248,7903,103222,0,131072,0,9,0.0,131131.32079354973,4,
131,2026-10-09T15:34:25.019253+00:00,131.00156477900055,sda1,0.9995476229996711,319488,0,78,0,0,0,0,0,0.0,0.0,0,
131,2026-10-09T15:34:25.019253+00:00,131.00156477900055,sda2,0.9995476229996711,326784000,278302720,6593,45190,0,24576,0,5,0.0,24587.122648790577,4,
131,2026-10-09T15:34:25.019253+00:00,131.00156477900055,sda3,0.9995476229996711,5571584,118784,155,25,0,0,0,0,0.0,0.0,0,
131,2026-10-09T15:34:25.019253+00:00,131.00156477900055,sda4,0.9995476229996711,4657152,0,116,0,0,0,0,0,0.0,0.0,0,
131,2026-10-09T15:34:25.019253+00:00,131.00156477900055,sda5,0.9995476229996711,16548864,26034335744,826,58007,0,106496,0,4,0.0,106544.19814475917,4,
132,2026-10-09T15:34:26.019301+00:00,132.00148274799994,loop0,1.0000480329999846,374784,0,51,0,0,0,0,0,0.0,0.0,0,
132,2026-10-09T15:34:26.019301+00:00,132.00148274799994,loop1,1.0000480329999846,2107392,0,217,0,0,0,0,0,0.0,0.0,0,
132,2026-10-09T15:34:26.019301+00:00,132.00148274799994,loop2,1.0000480329999846,1106944,0,51,0,0,0,0,0,0.0,0.0,0,
132,2026-10-09T15:34:26.019301+00:00,132.00148274799994,loop3,1.0000480329999846,1141760,0,66,0,0,0,0,0,0.0,0.0,0,
132,2026-10-09T15:34:26.019301+00:00,132.00148274799994,loop4,1.0000480329999846,354304,0,43,0,0,0,0,0,0.0,0.0,0,
132,2026-10-09T15:34:26.019301+00:00,132.00148274799994,loop5,1.0000480329999846,18432,0,12,0,0,0,0,0,0.0,0.0,0,
132,2026-10-09T15:34:26.019301+00:00,132.00148274799994,loop6,1.0000480329999846,0,0,0,0,0,0,0,0,0.0,0.0,0,
132,2026-10-09T15:34:26.019301+00:00,132.00148274799994,loop7,1.0000480329999846,0,0,0,0,0,0,0,0,0.0,0.0,0,
132,2026-10-09T15:34:26.019301+00:00,132.00148274799994,sr0,1.0000480329999846,1536,0,8,0,0,0,0,0,0.0,0.0,0,
132,2026-10-09T15:34:26.019301+00:00,132.00148274799994,sda,1.0000480329999846,356335104,26312806400,7903,103224,0,49152,0,2,0.0,49149.639195381285,8,
132,2026-10-09T15:34:26.019301+00:00,132.00148274799994,sda1,1.0000480329999846,319488,0,78,0,0,0,0,0,0.0,0.0,0,
132,2026-10-09T15:34:26.019301+00:00,132.00148274799994,sda2,1.0000480329999846,326784000,278302720,6593,45190,0,0,0,0,0.0,0.0,0,
132,2026-10-09T15:34:26.019301+00:00,132.00148274799994,sda3,1.0000480329999846,5571584,118784,155,25,0,0,0,0,0.0,0.0,0,
132,2026-10-09T15:34:26.019301+00:00,132.00148274799994,sda4,1.0000480329999846,4657152,0,116,0,0,0,0,0,0.0,0.0,0,
132,2026-10-09T15:34:26.019301+00:00,132.00148274799994,sda5,1.0000480329999846,16548864,26034384896,826,58009,0,49152,0,2,0.0,49149.639195381285,8,
133,2026-10-09T15:34:27.019322+00:00,133.0015333350002,loop0,1.000020886999664,374784,0,51,0,0,0,0,0,0.0,0.0,0,
133,2026-10-09T15:34:27.019322+00:00,133.0015333350002,loop1,1.000020886999664,2107392,0,217,0,0,0,0,0,0.0,0.0,0,
133,2026-10-09T15:34:27.019322+00:00,133.0015333350002,loop2,1.000020886999664,1106944,0,51,0,0,0,0,0,0.0,0.0,0,
133,2026-10-09T15:34:27.019322+00:00,133.0015333350002,loop3,1.000020886999664,1141760,0,66,0,0,0,0,0,0.0,0.0,0,
133,2026-10-09T15:34:27.019322+00:00,133.0015333350002,loop4,1.000020886999664,354304,0,43,0,0,0,0,0,0.0,0.0,0,
133,2026-10-09T15:34:27.019322+00:00,133.0015333350002,loop5,1.000020886999664,18432,0,12,0,0,0,0,0,0.0,0.0,0,
133,2026-10-09T15:34:27.019322+00:00,133.0015333350002,loop6,1.000020886999664,0,0,0,0,0,0,0,0,0.0,0.0,0,
133,2026-10-09T15:34:27.019322+00:00,133.0015333350002,loop7,1.000020886999664,0,0,0,0,0,0,0,0,0.0,0.0,0,
133,2026-10-09T15:34:27.019322+00:00,133.0015333350002,sr0,1.000020886999664,1536,0,8,0,0,0,0,0,0.0,0.0,0,
133,2026-10-09T15:34:27.019322+00:00,133.0015333350002,sda,1.000020886999664,356335104,26312830976,7903,103226,0,24576,0,2,0.0,24575.486691817725,8,
133,2026-10-09T15:34:27.019322+00:00,133.0015333350002,sda1,1.000020886999664,319488,0,78,0,0,0,0,0,0.0,0.0,0,
133,2026-10-09T15:34:27.019322+00:00,133.0015333350002,sda2,1.000020886999664,326784000,278327296,6593,45192,0,24576,0,2,0.0,24575.486691817725,8,
133,2026-10-09T15:34:27.019322+00:00,133.0015333350002,sda3,1.000020886999664,5571584,118784,155,25,0,0,0,0,0.0,0.0,0,
133,2026-10-09T15:34:27.019322+00:00,133.0015333350002,sda4,1.000020886999664,4657152,0,116,0,0,0,0,0,0.0,0.0,0,
133,2026-10-09T15:34:27.019322+00:00,133.0015333350002,sda5,1.000020886999664,16548864,26034384896,826,58009,0,0,0,0,0.0,0.0,0,
134,2026-10-09T15:34:28.024083+00:00,134.00632872000006,loop0,1.0047612730004403,374784,0,51,0,0,0,0,0,0.0,0.0,0,
134,2026-10-09T15:34:28.024083+00:00,134.00632872000006,loop1,1.0047612730004403,2107392,0,217,0,0,0,0,0,0.0,0.0,0,
134,2026-10-09T15:34:28.024083+00:00,134.00632872000006,loop2,1.0047612730004403,1106944,0,51,0,0,0,0,0,0.0,0.0,0,
134,2026-10-09T15:34:28.024083+00:00,134.00632872000006,loop3,1.0047612730004403,1141760,0,66,0,0,0,0,0,0.0,0.0,0,
134,2026-10-09T15:34:28.024083+00:00,134.00632872000006,loop4,1.0047612730004403,354304,0,43,0,0,0,0,0,0.0,0.0,0,
134,2026-10-09T15:34:28.024083+00:00,134.00632872000006,loop5,1.0047612730004403,18432,0,12,0,0,0,0,0,0.0,0.0,0,
134,2026-10-09T15:34:28.024083+00:00,134.00632872000006,loop6,1.0047612730004403,0,0,0,0,0,0,0,0,0.0,0.0,0,
134,2026-10-09T15:34:28.024083+00:00,134.00632872000006,loop7,1.0047612730004403,0,0,0,0,0,0,0,0,0.0,0.0,0,
134,2026-10-09T15:34:28.024083+00:00,134.00632872000006,sr0,1.0047612730004403,1536,0,8,0,0,0,0,0,0.0,0.0,0,
134,2026-10-09T15:34:28.024083+00:00,134.00632872000006,sda,1.0047612730004403,356335104,26312830976,7903,103226,0,0,0,0,0.0,0.0,0,
134,2026-10-09T15:34:28.024083+00:00,134.00632872000006,sda1,1.0047612730004403,319488,0,78,0,0,0,0,0,0.0,0.0,0,
134,2026-10-09T15:34:28.024083+00:00,134.00632872000006,sda2,1.0047612730004403,326784000,278327296,6593,45192,0,0,0,0,0.0,0.0,0,
134,2026-10-09T15:34:28.024083+00:00,134.00632872000006,sda3,1.0047612730004403,5571584,118784,155,25,0,0,0,0,0.0,0.0,0,
134,2026-10-09T15:34:28.024083+00:00,134.00632872000006,sda4,1.0047612730004403,4657152,0,116,0,0,0,0,0,0.0,0.0,0,
134,2026-10-09T15:34:28.024083+00:00,134.00632872000006,sda5,1.0047612730004403,16548864,26034384896,826,58009,0,0,0,0,0.0,0.0,0,
135,2026-10-09T15:34:29.019633+00:00,135.00196214900006,loop0,0.9955501549993642,374784,0,51,0,0,0,0,0,0.0,0.0,0,
135,2026-10-09T15:34:29.019633+00:00,135.00196214900006,loop1,0.9955501549993642,2107392,0,217,0,0,0,0,0,0.0,0.0,0,
135,2026-10-09T15:34:29.019633+00:00,135.00196214900006,loop2,0.9955501549993642,1106944,0,51,0,0,0,0,0,0.0,0.0,0,
135,2026-10-09T15:34:29.019633+00:00,135.00196214900006,loop3,0.9955501549993642,1141760,0,66,0,0,0,0,0,0.0,0.0,0,
135,2026-10-09T15:34:29.019633+00:00,135.00196214900006,loop4,0.9955501549993642,354304,0,43,0,0,0,0,0,0.0,0.0,0,
135,2026-10-09T15:34:29.019633+00:00,135.00196214900006,loop5,0.9955501549993642,18432,0,12,0,0,0,0,0,0.0,0.0,0,
135,2026-10-09T15:34:29.019633+00:00,135.00196214900006,loop6,0.9955501549993642,0,0,0,0,0,0,0,0,0.0,0.0,0,
135,2026-10-09T15:34:29.019633+00:00,135.00196214900006,loop7,0.9955501549993642,0,0,0,0,0,0,0,0,0.0,0.0,0,
135,2026-10-09T15:34:29.019633+00:00,135.00196214900006,sr0,0.9955501549993642,1536,0,8,0,0,0,0,0,0.0,0.0,0,
135,2026-10-09T15:34:29.019633+00:00,135.00196214900006,sda,0.9955501549993642,356335104,26312830976,7903,103226,0,0,0,0,0.0,0.0,0,
135,2026-10-09T15:34:29.019633+00:00,135.00196214900006,sda1,0.9955501549993642,319488,0,78,0,0,0,0,0,0.0,0.0,0,
135,2026-10-09T15:34:29.019633+00:00,135.00196214900006,sda2,0.9955501549993642,326784000,278327296,6593,45192,0,0,0,0,0.0,0.0,0,
135,2026-10-09T15:34:29.019633+00:00,135.00196214900006,sda3,0.9955501549993642,5571584,118784,155,25,0,0,0,0,0.0,0.0,0,
135,2026-10-09T15:34:29.019633+00:00,135.00196214900006,sda4,0.9955501549993642,4657152,0,116,0,0,0,0,0,0.0,0.0,0,
135,2026-10-09T15:34:29.019633+00:00,135.00196214900006,sda5,0.9955501549993642,16548864,26034384896,826,58009,0,0,0,0,0.0,0.0,0,
136,2026-10-09T15:34:30.019433+00:00,136.00165195000045,loop0,0.9998002570000608,374784,0,51,0,0,0,0,0,0.0,0.0,0,
136,2026-10-09T15:34:30.019433+00:00,136.00165195000045,loop1,0.9998002570000608,2107392,0,217,0,0,0,0,0,0.0,0.0,0,
136,2026-10-09T15:34:30.019433+00:00,136.00165195000045,loop2,0.9998002570000608,1106944,0,51,0,0,0,0,0,0.0,0.0,0,
136,2026-10-09T15:34:30.019433+00:00,136.00165195000045,loop3,0.9998002570000608,1141760,0,66,0,0,0,0,0,0.0,0.0,0,
136,2026-10-09T15:34:30.019433+00:00,136.00165195000045,loop4,0.9998002570000608,354304,0,43,0,0,0,0,0,0.0,0.0,0,
136,2026-10-09T15:34:30.019433+00:00,136.00165195000045,loop5,0.9998002570000608,18432,0,12,0,0,0,0,0,0.0,0.0,0,
136,2026-10-09T15:34:30.019433+00:00,136.00165195000045,loop6,0.9998002570000608,0,0,0,0,0,0,0,0,0.0,0.0,0,
136,2026-10-09T15:34:30.019433+00:00,136.00165195000045,loop7,0.9998002570000608,0,0,0,0,0,0,0,0,0.0,0.0,0,
136,2026-10-09T15:34:30.019433+00:00,136.00165195000045,sr0,0.9998002570000608,1536,0,8,0,0,0,0,0,0.0,0.0,0,
136,2026-10-09T15:34:30.019433+00:00,136.00165195000045,sda,0.9998002570000608,356335104,26316214272,7903,103812,0,3383296,0,586,0.0,3383971.9247039505,180,
136,2026-10-09T15:34:30.019433+00:00,136.00165195000045,sda1,0.9998002570000608,319488,0,78,0,0,0,0,0,0.0,0.0,0,
136,2026-10-09T15:34:30.019433+00:00,136.00165195000045,sda2,0.9998002570000608,326784000,281710592,6593,45778,0,3383296,0,586,0.0,3383971.9247039505,180,
136,2026-10-09T15:34:30.019433+00:00,136.00165195000045,sda3,0.9998002570000608,5571584,118784,155,25,0,0,0,0,0.0,0.0,0,
136,2026-10-09T15:34:30.019433+00:00,136.00165195000045,sda4,0.9998002570000608,4657152,0,116,0,0,0,0,0,0.0,0.0,0,
136,2026-10-09T15:34:30.019433+00:00,136.00165195000045,sda5,0.9998002570000608,16548864,26034384896,826,58009,0,0,0,0,0.0,0.0,0,
137,2026-10-09T15:34:31.018822+00:00,137.0011390540003,loop0,0.9993887520004137,374784,0,51,0,0,0,0,0,0.0,0.0,0,
137,2026-10-09T15:34:31.018822+00:00,137.0011390540003,loop1,0.9993887520004137,2107392,0,217,0,0,0,0,0,0.0,0.0,0,
137,2026-10-09T15:34:31.018822+00:00,137.0011390540003,loop2,0.9993887520004137,1106944,0,51,0,0,0,0,0,0.0,0.0,0,
137,2026-10-09T15:34:31.018822+00:00,137.0011390540003,loop3,0.9993887520004137,1141760,0,66,0,0,0,0,0,0.0,0.0,0,
137,2026-10-09T15:34:31.018822+00:00,137.0011390540003,loop4,0.9993887520004137,354304,0,43,0,0,0,0,0,0.0,0.0,0,
137,2026-10-09T15:34:31.018822+00:00,137.0011390540003,loop5,0.9993887520004137,18432,0,12,0,0,0,0,0,0.0,0.0,0,
137,2026-10-09T15:34:31.018822+00:00,137.0011390540003,loop6,0.9993887520004137,0,0,0,0,0,0,0,0,0.0,0.0,0,
137,2026-10-09T15:34:31.018822+00:00,137.0011390540003,loop7,0.9993887520004137,0,0,0,0,0,0,0,0,0.0,0.0,0,
137,2026-10-09T15:34:31.018822+00:00,137.0011390540003,sr0,0.9993887520004137,1536,0,8,0,0,0,0,0,0.0,0.0,0,
137,2026-10-09T15:34:31.018822+00:00,137.0011390540003,sda,0.9993887520004137,356335104,26316230656,7903,103814,0,16384,0,2,0.0,16394.020812426774,144,
137,2026-10-09T15:34:31.018822+00:00,137.0011390540003,sda1,0.9993887520004137,319488,0,78,0,0,0,0,0,0.0,0.0,0,
137,2026-10-09T15:34:31.018822+00:00,137.0011390540003,sda2,0.9993887520004137,326784000,281710592,6593,45778,0,0,0,0,0.0,0.0,0,
137,2026-10-09T15:34:31.018822+00:00,137.0011390540003,sda3,0.9993887520004137,5571584,118784,155,25,0,0,0,0,0.0,0.0,0,
137,2026-10-09T15:34:31.018822+00:00,137.0011390540003,sda4,0.9993887520004137,4657152,0,116,0,0,0,0,0,0.0,0.0,0,
137,2026-10-09T15:34:31.018822+00:00,137.0011390540003,sda5,0.9993887520004137,16548864,26034401280,826,58011,0,16384,0,2,0.0,16394.020812426774,144,
138,2026-10-09T15:34:32.023677+00:00,138.0059178270003,loop0,1.0048545709996688,374784,0,51,0,0,0,0,0,0.0,0.0,0,
138,2026-10-09T15:34:32.023677+00:00,138.0059178270003,loop1,1.0048545709996688,2107392,0,217,0,0,0,0,0,0.0,0.0,0,
138,2026-10-09T15:34:32.023677+00:00,138.0059178270003,loop2,1.0048545709996688,1106944,0,51,0,0,0,0,0,0.0,0.0,0,
138,2026-10-09T15:34:32.023677+00:00,138.0059178270003,loop3,1.0048545709996688,1141760,0,66,0,0,0,0,0,0.0,0.0,0,
138,2026-10-09T15:34:32.023677+00:00,138.0059178270003,loop4,1.0048545709996688,354304,0,43,0,0,0,0,0,0.0,0.0,0,
138,2026-10-09T15:34:32.023677+00:00,138.0059178270003,loop5,1.0048545709996688,18432,0,12,0,0,0,0,0,0.0,0.0,0,
138,2026-10-09T15:34:32.023677+00:00,138.0059178270003,loop6,1.0048545709996688,0,0,0,0,0,0,0,0,0.0,0.0,0,
138,2026-10-09T15:34:32.023677+00:00,138.0059178270003,loop7,1.0048545709996688,0,0,0,0,0,0,0,0,0.0,0.0,0,
138,2026-10-09T15:34:32.023677+00:00,138.0059178270003,sr0,1.0048545709996688,1536,0,8,0,0,0,0,0,0.0,0.0,0,
138,2026-10-09T15:34:32.023677+00:00,138.0059178270003,sda,1.0048545709996688,356335104,26316263424,7903,103816,0,32768,0,2,0.0,32609.693925560896,8,
138,2026-10-09T15:34:32.023677+00:00,138.0059178270003,sda1,1.0048545709996688,319488,0,78,0,0,0,0,0,0.0,0.0,0,
138,2026-10-09T15:34:32.023677+00:00,138.0059178270003,sda2,1.0048545709996688,326784000,281743360,6593,45780,0,32768,0,2,0.0,32609.693925560896,8,
138,2026-10-09T15:34:32.023677+00:00,138.0059178270003,sda3,1.0048545709996688,5571584,118784,155,25,0,0,0,0,0.0,0.0,0,
138,2026-10-09T15:34:32.023677+00:00,138.0059178270003,sda4,1.0048545709996688,4657152,0,116,0,0,0,0,0,0.0,0.0,0,
138,2026-10-09T15:34:32.023677+00:00,138.0059178270003,sda5,1.0048545709996688,16548864,26034401280,826,58011,0,0,0,0,0.0,0.0,0,
139,2026-10-09T15:34:33.019562+00:00,139.00174509600038,loop0,0.9958857860001444,374784,0,51,0,0,0,0,0,0.0,0.0,0,
139,2026-10-09T15:34:33.019562+00:00,139.00174509600038,loop1,0.9958857860001444,2107392,0,217,0,0,0,0,0,0.0,0.0,0,
139,2026-10-09T15:34:33.019562+00:00,139.00174509600038,loop2,0.9958857860001444,1106944,0,51,0,0,0,0,0,0.0,0.0,0,
139,2026-10-09T15:34:33.019562+00:00,139.00174509600038,loop3,0.9958857860001444,1141760,0,66,0,0,0,0,0,0.0,0.0,0,
139,2026-10-09T15:34:33.019562+00:00,139.00174509600038,loop4,0.9958857860001444,354304,0,43,0,0,0,0,0,0.0,0.0,0,
139,2026-10-09T15:34:33.019562+00:00,139.00174509600038,loop5,0.9958857860001444,18432,0,12,0,0,0,0,0,0.0,0.0,0,
139,2026-10-09T15:34:33.019562+00:00,139.00174509600038,loop6,0.9958857860001444,0,0,0,0,0,0,0,0,0.0,0.0,0,
139,2026-10-09T15:34:33.019562+00:00,139.00174509600038,loop7,0.9958857860001444,0,0,0,0,0,0,0,0,0.0,0.0,0,
139,2026-10-09T15:34:33.019562+00:00,139.00174509600038,sr0,0.9958857860001444,1536,0,8,0,0,0,0,0,0.0,0.0,0,
139,2026-10-09T15:34:33.019562+00:00,139.00174509600038,sda,0.9958857860001444,356335104,26316263424,7903,103816,0,0,0,0,0.0,0.0,0,
139,2026-10-09T15:34:33.019562+00:00,139.00174509600038,sda1,0.9958857860001444,319488,0,78,0,0,0,0,0,0.0,0.0,0,
139,2026-10-09T15:34:33.019562+00:00,139.00174509600038,sda2,0.9958857860001444,326784000,281743360,6593,45780,0,0,0,0,0.0,0.0,0,
139,2026-10-09T15:34:33.019562+00:00,139.00174509600038,sda3,0.9958857860001444,5571584,118784,155,25,0,0,0,0,0.0,0.0,0,
139,2026-10-09T15:34:33.019562+00:00,139.00174509600038,sda4,0.9958857860001444,4657152,0,116,0,0,0,0,0,0.0,0.0,0,
139,2026-10-09T15:34:33.019562+00:00,139.00174509600038,sda5,0.9958857860001444,16548864,26034401280,826,58011,0,0,0,0,0.0,0.0,0,
140,2026-10-09T15:34:34.018471+00:00,140.0006915190006,loop0,0.9989081690000603,374784,0,51,0,0,0,0,0,0.0,0.0,0,
140,2026-10-09T15:34:34.018471+00:00,140.0006915190006,loop1,0.9989081690000603,2107392,0,217,0,0,0,0,0,0.0,0.0,0,
140,2026-10-09T15:34:34.018471+00:00,140.0006915190006,loop2,0.9989081690000603,1106944,0,51,0,0,0,0,0,0.0,0.0,0,
140,2026-10-09T15:34:34.018471+00:00,140.0006915190006,loop3,0.9989081690000603,1141760,0,66,0,0,0,0,0,0.0,0.0,0,
140,2026-10-09T15:34:34.018471+00:00,140.0006915190006,loop4,0.9989081690000603,354304,0,43,0,0,0,0,0,0.0,0.0,0,
140,2026-10-09T15:34:34.018471+00:00,140.0006915190006,loop5,0.9989081690000603,18432,0,12,0,0,0,0,0,0.0,0.0,0,
140,2026-10-09T15:34:34.018471+00:00,140.0006915190006,loop6,0.9989081690000603,0,0,0,0,0,0,0,0,0.0,0.0,0,
140,2026-10-09T15:34:34.018471+00:00,140.0006915190006,loop7,0.9989081690000603,0,0,0,0,0,0,0,0,0.0,0.0,0,
140,2026-10-09T15:34:34.018471+00:00,140.0006915190006,sr0,0.9989081690000603,1536,0,8,0,0,0,0,0,0.0,0.0,0,
140,2026-10-09T15:34:34.018471+00:00,140.0006915190006,sda,0.9989081690000603,356335104,26316263424,7903,103816,0,0,0,0,0.0,0.0,0,
140,2026-10-09T15:34:34.018471+00:00,140.0006915190006,sda1,0.9989081690000603,319488,0,78,0,0,0,0,0,0.0,0.0,0,
140,2026-10-09T15:34:34.018471+00:00,140.0006915190006,sda2,0.9989081690000603,326784000,281743360,6593,45780,0,0,0,0,0.0,0.0,0,
140,2026-10-09T15:34:34.018471+00:00,140.0006915190006,sda3,0.9989081690000603,5571584,118784,155,25,0,0,0,0,0.0,0.0,0,
140,2026-10-09T15:34:34.018471+00:00,140.0006915190006,sda4,0.9989081690000603,4657152,0,116,0,0,0,0,0,0.0,0.0,0,
140,2026-10-09T15:34:34.018471+00:00,140.0006915190006,sda5,0.9989081690000603,16548864,26034401280,826,58011,0,0,0,0,0.0,0.0,0,
141,2026-10-09T15:34:35.018803+00:00,141.00112636999984,loop0,1.0003327430003992,374784,0,51,0,0,0,0,0,0.0,0.0,0,
141,2026-10-09T15:34:35.018803+00:00,141.00112636999984,loop1,1.0003327430003992,2107392,0,217,0,0,0,0,0,0.0,0.0,0,
141,2026-10-09T15:34:35.018803+00:00,141.00112636999984,loop2,1.0003327430003992,1106944,0,51,0,0,0,0,0,0.0,0.0,0,
141,2026-10-09T15:34:35.018803+00:00,141.00112636999984,loop3,1.0003327430003992,1141760,0,66,0,0,0,0,0,0.0,0.0,0,
141,2026-10-09T15:34:35.018803+00:00,141.00112636999984,loop4,1.0003327430003992,354304,0,43,0,0,0,0,0,0.0,0.0,0,
141,2026-10-09T15:34:35.018803+00:00,141.00112636999984,loop5,1.0003327430003992,18432,0,12,0,0,0,0,0,0.0,0.0,0,
141,2026-10-09T15:34:35.018803+00:00,141.00112636999984,loop6,1.0003327430003992,0,0,0,0,0,0,0,0,0.0,0.0,0,
141,2026-10-09T15:34:35.018803+00:00,141.00112636999984,loop7,1.0003327430003992,0,0,0,0,0,0,0,0,0.0,0.0,0,
141,2026-10-09T15:34:35.018803+00:00,141.00112636999984,sr0,1.0003327430003992,1536,0,8,0,0,0,0,0,0.0,0.0,0,
141,2026-10-09T15:34:35.018803+00:00,141.00112636999984,sda,1.0003327430003992,356335104,26316304384,7903,103819,0,40960,0,3,0.0,40946.37538020052,4,
141,2026-10-09T15:34:35.018803+00:00,141.00112636999984,sda1,1.0003327430003992,319488,0,78,0,0,0,0,0,0.0,0.0,0,
141,2026-10-09T15:34:35.018803+00:00,141.00112636999984,sda2,1.0003327430003992,326784000,281743360,6593,45780,0,0,0,0,0.0,0.0,0,
141,2026-10-09T15:34:35.018803+00:00,141.00112636999984,sda3,1.0003327430003992,5571584,118784,155,25,0,0,0,0,0.0,0.0,0,
141,2026-10-09T15:34:35.018803+00:00,141.00112636999984,sda4,1.0003327430003992,4657152,0,116,0,0,0,0,0,0.0,0.0,0,
141,2026-10-09T15:34:35.018803+00:00,141.00112636999984,sda5,1.0003327430003992,16548864,26034442240,826,58014,0,40960,0,3,0.0,40946.37538020052,4,
142,2026-10-09T15:34:36.019128+00:00,142.00138153199987,loop0,1.000324341999658,374784,0,51,0,0,0,0,0,0.0,0.0,0,
142,2026-10-09T15:34:36.019128+00:00,142.00138153199987,loop1,1.000324341999658,2107392,0,217,0,0,0,0,0,0.0,0.0,0,
142,2026-10-09T15:34:36.019128+00:00,142.00138153199987,loop2,1.000324341999658,1106944,0,51,0,0,0,0,0,0.0,0.0,0,
142,2026-10-09T15:34:36.019128+00:00,142.00138153199987,loop3,1.000324341999658,1141760,0,66,0,0,0,0,0,0.0,0.0,0,
142,2026-10-09T15:34:36.019128+00:00,142.00138153199987,loop4,1.000324341999658,354304,0,43,0,0,0,0,0,0.0,0.0,0,
142,2026-10-09T15:34:36.019128+00:00,142.00138153199987,loop5,1.000324341999658,18432,0,12,0,0,0,0,0,0.0,0.0,0,
142,2026-10-09T15:34:36.019128+00:00,142.00138153199987,loop6,1.000324341999658,0,0,0,0,0,0,0,0,0.0,0.0,0,
142,2026-10-09T15:34:36.019128+00:00,142.00138153199987,loop7,1.000324341999658,0,0,0,0,0,0,0,0,0.0,0.0,0,
142,2026-10-09T15:34:36.019128+00:00,142.00138153199987,sr0,1.000324341999658,1536,0,8,0,0,0,0,0,0.0,0.0,0,
142,2026-10-09T15:34:36.019128+00:00,142.00138153199987,sda,1.000324341999658,356335104,26316337152,7903,103821,0,32768,0,2,0.0,32757.375407356834,8,
142,2026-10-09T15:34:36.019128+00:00,142.00138153199987,sda1,1.000324341999658,319488,0,78,0,0,0,0,0,0.0,0.0,0,
142,2026-10-09T15:34:36.019128+00:00,142.00138153199987,sda2,1.000324341999658,326784000,281743360,6593,45780,0,0,0,0,0.0,0.0,0,
142,2026-10-09T15:34:36.019128+00:00,142.00138153199987,sda3,1.000324341999658,5571584,118784,155,25,0,0,0,0,0.0,0.0,0,
142,2026-10-09T15:34:36.019128+00:00,142.00138153199987,sda4,1.000324341999658,4657152,0,116,0,0,0,0,0,0.0,0.0,0,
142,2026-10-09T15:34:36.019128+00:00,142.00138153199987,sda5,1.000324341999658,16548864,26034475008,826,58016,0,32768,0,2,0.0,32757.375407356834,8,
143,2026-10-09T15:34:37.018988+00:00,143.00122060800004,loop0,0.9998600199996872,374784,0,51,0,0,0,0,0,0.0,0.0,0,
143,2026-10-09T15:34:37.018988+00:00,143.00122060800004,loop1,0.9998600199996872,2107392,0,217,0,0,0,0,0,0.0,0.0,0,
143,2026-10-09T15:34:37.018988+00:00,143.00122060800004,loop2,0.9998600199996872,1106944,0,51,0,0,0,0,0,0.0,0.0,0,
143,2026-10-09T15:34:37.018988+00:00,143.00122060800004,loop3,0.9998600199996872,1141760,0,66,0,0,0,0,0,0.0,0.0,0,
143,2026-10-09T15:34:37.018988+00:00,143.00122060800004,loop4,0.9998600199996872,354304,0,43,0,0,0,0,0,0.0,0.0,0,
143,2026-10-09T15:34:37.018988+00:00,143.00122060800004,loop5,0.9998600199996872,18432,0,12,0,0,0,0,0,0.0,0.0,0,
143,2026-10-09T15:34:37.018988+00:00,143.00122060800004,loop6,0.9998600199996872,0,0,0,0,0,0,0,0,0.0,0.0,0,
143,2026-10-09T15:34:37.018988+00:00,143.00122060800004,loop7,0.9998600199996872,0,0,0,0,0,0,0,0,0.0,0.0,0,
143,2026-10-09T15:34:37.018988+00:00,143.00122060800004,sr0,0.9998600199996872,1536,0,8,0,0,0,0,0,0.0,0.0,0,
143,2026-10-09T15:34:37.018988+00:00,143.00122060800004,sda,0.9998600199996872,356335104,26316361728,7903,103823,0,24576,0,2,0.0,24579.440630107092,8,
143,2026-10-09T15:34:37.018988+00:00,143.00122060800004,sda1,0.9998600199996872,319488,0,78,0,0,0,0,0,0.0,0.0,0,
143,2026-10-09T15:34:37.018988+00:00,143.00122060800004,sda2,0.9998600199996872,326784000,281767936,6593,45782,0,24576,0,2,0.0,24579.440630107092,8,
143,2026-10-09T15:34:37.018988+00:00,143.00122060800004,sda3,0.9998600199996872,5571584,118784,155,25,0,0,0,0,0.0,0.0,0,
143,2026-10-09T15:34:37.018988+00:00,143.00122060800004,sda4,0.9998600199996872,4657152,0,116,0,0,0,0,0,0.0,0.0,0,
143,2026-10-09T15:34:37.018988+00:00,143.00122060800004,sda5,0.9998600199996872,16548864,26034475008,826,58016,0,0,0,0,0.0,0.0,0,
144,2026-10-09T15:34:38.019015+00:00,144.00100055199982,loop0,1.0000276110004052,374784,0,51,0,0,0,0,0,0.0,0.0,0,
144,2026-10-09T15:34:38.019015+00:00,144.00100055199982,loop1,1.0000276110004052,2107392,0,217,0,0,0,0,0,0.0,0.0,0,
144,2026-10-09T15:34:38.019015+00:00,144.00100055199982,loop2,1.0000276110004052,1106944,0,51,0,0,0,0,0,0.0,0.0,0,
144,2026-10-09T15:34:38.019015+00:00,144.00100055199982,loop3,1.0000276110004052,1141760,0,66,0,0,0,0,0,0.0,0.0,0,
144,2026-10-09T15:34:38.019015+00:00,144.00100055199982,loop4,1.0000276110004052,354304,0,43,0,0,0,0,0,0.0,0.0,0,
144,2026-10-09T15:34:38.019015+00:00,144.00100055199982,loop5,1.0000276110004052,18432,0,12,0,0,0,0,0,0.0,0.0,0,
144,2026-10-09T15:34:38.019015+00:00,144.00100055199982,loop6,1.0000276110004052,0,0,0,0,0,0,0,0,0.0,0.0,0,
144,2026-10-09T15:34:38.019015+00:00,144.00100055199982,loop7,1.0000276110004052,0,0,0,0,0,0,0,0,0.0,0.0,0,
144,2026-10-09T15:34:38.019015+00:00,144.00100055199982,sr0,1.0000276110004052,1536,0,8,0,0,0,0,0,0.0,0.0,0,
144,2026-10-09T15:34:38.019015+00:00,144.00100055199982,sda,1.0000276110004052,356335104,26316361728,7903,103823,0,0,0,0,0.0,0.0,0,
144,2026-10-09T15:34:38.019015+00:00,144.00100055199982,sda1,1.0000276110004052,319488,0,78,0,0,0,0,0,0.0,0.0,0,
144,2026-10-09T15:34:38.019015+00:00,144.00100055199982,sda2,1.0000276110004052,326784000,281767936,6593,45782,0,0,0,0,0.0,0.0,0,
144,2026-10-09T15:34:38.019015+00:00,144.00100055199982,sda3,1.0000276110004052,5571584,118784,155,25,0,0,0,0,0.0,0.0,0,
144,2026-10-09T15:34:38.019015+00:00,144.00100055199982,sda4,1.0000276110004052,4657152,0,116,0,0,0,0,0,0.0,0.0,0,
144,2026-10-09T15:34:38.019015+00:00,144.00100055199982,sda5,1.0000276110004052,16548864,26034475008,826,58016,0,0,0,0,0.0,0.0,0,
145,2026-10-09T15:34:39.018293+00:00,145.0006113340005,loop0,0.9992780960001255,374784,0,51,0,0,0,0,0,0.0,0.0,0,
145,2026-10-09T15:34:39.018293+00:00,145.0006113340005,loop1,0.9992780960001255,2107392,0,217,0,0,0,0,0,0.0,0.0,0,
145,2026-10-09T15:34:39.018293+00:00,145.0006113340005,loop2,0.9992780960001255,1106944,0,51,0,0,0,0,0,0.0,0.0,0,
145,2026-10-09T15:34:39.018293+00:00,145.0006113340005,loop3,0.9992780960001255,1141760,0,66,0,0,0,0,0,0.0,0.0,0,
145,2026-10-09T15:34:39.018293+00:00,145.0006113340005,loop4,0.9992780960001255,354304,0,43,0,0,0,0,0,0.0,0.0,0,
145,2026-10-09T15:34:39.018293+00:00,145.0006113340005,loop5,0.9992780960001255,18432,0,12,0,0,0,0,0,0.0,0.0,0,
145,2026-10-09T15:34:39.018293+00:00,145.0006113340005,loop6,0.9992780960001255,0,0,0,0,0,0,0,0,0.0,0.0,0,
145,2026-10-09T15:34:39.018293+00:00,145.0006113340005,loop7,0.9992780960001255,0,0,0,0,0,0,0,0,0.0,0.0,0,
145,2026-10-09T15:34:39.018293+00:00,145.0006113340005,sr0,0.9992780960001255,1536,0,8,0,0,0,0,0,0.0,0.0,0,
145,2026-10-09T15:34:39.018293+00:00,145.0006113340005,sda,0.9992780960001255,356335104,26316361728,7903,103823,0,0,0,0,0.0,0.0,0,
145,2026-10-09T15:34:39.018293+00:00,145.0006113340005,sda1,0.9992780960001255,319488,0,78,0,0,0,0,0,0.0,0.0,0,
145,2026-10-09T15:34:39.018293+00:00,145.0006113340005,sda2,0.9992780960001255,326784000,281767936,6593,45782,0,0,0,0,0.0,0.0,0,
145,2026-10-09T15:34:39.018293+00:00,145.0006113340005,sda3,0.9992780960001255,5571584,118784,155,25,0,0,0,0,0.0,0.0,0,
145,2026-10-09T15:34:39.018293+00:00,145.0006113340005,sda4,0.9992780960001255,4657152,0,116,0,0,0,0,0,0.0,0.0,0,
145,2026-10-09T15:34:39.018293+00:00,145.0006113340005,sda5,0.9992780960001255,16548864,26034475008,826,58016,0,0,0,0,0.0,0.0,0,
146,2026-10-09T15:34:40.019218+00:00,146.0015533630003,loop0,1.0009244000002582,374784,0,51,0,0,0,0,0,0.0,0.0,0,
146,2026-10-09T15:34:40.019218+00:00,146.0015533630003,loop1,1.0009244000002582,2107392,0,217,0,0,0,0,0,0.0,0.0,0,
146,2026-10-09T15:34:40.019218+00:00,146.0015533630003,loop2,1.0009244000002582,1106944,0,51,0,0,0,0,0,0.0,0.0,0,
146,2026-10-09T15:34:40.019218+00:00,146.0015533630003,loop3,1.0009244000002582,1141760,0,66,0,0,0,0,0,0.0,0.0,0,
146,2026-10-09T15:34:40.019218+00:00,146.0015533630003,loop4,1.0009244000002582,354304,0,43,0,0,0,0,0,0.0,0.0,0,
146,2026-10-09T15:34:40.019218+00:00,146.0015533630003,loop5,1.0009244000002582,18432,0,12,0,0,0,0,0,0.0,0.0,0,
146,2026-10-09T15:34:40.019218+00:00,146.0015533630003,loop6,1.0009244000002582,0,0,0,0,0,0,0,0,0.0,0.0,0,
146,2026-10-09T15:34:40.019218+00:00,146.0015533630003,loop7,1.0009244000002582,0,0,0,0,0,0,0,0,0.0,0.0,0,
146,2026-10-09T15:34:40.019218+00:00,146.0015533630003,sr0,1.0009244000002582,1536,0,8,0,0,0,0,0,0.0,0.0,0,
146,2026-10-09T15:34:40.019218+00:00,146.0015533630003,sda,1.0009244000002582,356335104,26316361728,7903,103823,0,0,0,0,0.0,0.0,0,
146,2026-10-09T15:34:40.019218+00:00,146.0015533630003,sda1,1.0009244000002582,319488,0,78,0,0,0,0,0,0.0,0.0,0,
146,2026-10-09T15:34:40.019218+00:00,146.0015533630003,sda2,1.0009244000002582,326784000,281767936,6593,45782,0,0,0,0,0.0,0.0,0,
146,2026-10-09T15:34:40.019218+00:00,146.0015533630003,sda3,1.0009244000002582,5571584,118784,155,25,0,0,0,0,0.0,0.0,0,
146,2026-10-09T15:34:40.019218+00:00,146.0015533630003,sda4,1.0009244000002582,4657152,0,116,0,0,0,0,0,0.0,0.0,0,
146,2026-10-09T15:34:40.019218+00:00,146.0015533630003,sda5,1.0009244000002582,16548864,26034475008,826,58016,0,0,0,0,0.0,0.0,0,
147,2026-10-09T15:34:41.018712+00:00,147.00104537700008,loop0,0.999494068999411,374784,0,51,0,0,0,0,0,0.0,0.0,0,
147,2026-10-09T15:34:41.018712+00:00,147.00104537700008,loop1,0.999494068999411,2107392,0,217,0,0,0,0,0,0.0,0.0,0,
147,2026-10-09T15:34:41.018712+00:00,147.00104537700008,loop2,0.999494068999411,1106944,0,51,0,0,0,0,0,0.0,0.0,0,
147,2026-10-09T15:34:41.018712+00:00,147.00104537700008,loop3,0.999494068999411,1141760,0,66,0,0,0,0,0,0.0,0.0,0,
147,2026-10-09T15:34:41.018712+00:00,147.00104537700008,loop4,0.999494068999411,354304,0,43,0,0,0,0,0,0.0,0.0,0,
147,2026-10-09T15:34:41.018712+00:00,147.00104537700008,loop5,0.999494068999411,18432,0,12,0,0,0,0,0,0.0,0.0,0,
147,2026-10-09T15:34:41.018712+00:00,147.00104537700008,loop6,0.999494068999411,0,0,0,0,0,0,0,0,0.0,0.0,0,
147,2026-10-09T15:34:41.018712+00:00,147.00104537700008,loop7,0.999494068999411,0,0,0,0,0,0,0,0,0.0,0.0,0,
147,2026-10-09T15:34:41.018712+00:00,147.00104537700008,sr0,0.999494068999411,1536,0,8,0,0,0,0,0,0.0,0.0,0,
147,2026-10-09T15:34:41.018712+00:00,147.00104537700008,sda,0.999494068999411,356335104,26316402688,7903,103830,0,40960,0,7,0.0,40980.733423465805,4,
147,2026-10-09T15:34:41.018712+00:00,147.00104537700008,sda1,0.999494068999411,319488,0,78,0,0,0,0,0,0.0,0.0,0,
147,2026-10-09T15:34:41.018712+00:00,147.00104537700008,sda2,0.999494068999411,326784000,281776128,6593,45784,0,8192,0,2,0.0,8196.146684693162,4,
147,2026-10-09T15:34:41.018712+00:00,147.00104537700008,sda3,0.999494068999411,5571584,118784,155,25,0,0,0,0,0.0,0.0,0,
147,2026-10-09T15:34:41.018712+00:00,147.00104537700008,sda4,0.999494068999411,4657152,0,116,0,0,0,0,0,0.0,0.0,0,
147,2026-10-09T15:34:41.018712+00:00,147.00104537700008,sda5,0.999494068999411,16548864,26034507776,826,58021,0,32768,0,5,0.0,32784.58673877265,4,
148,2026-10-09T15:34:42.019553+00:00,148.00086192800063,loop0,1.0008406679999098,374784,0,51,0,0,0,0,0,0.0,0.0,0,
148,2026-10-09T15:34:42.019553+00:00,148.00086192800063,loop1,1.0008406679999098,2107392,0,217,0,0,0,0,0,0.0,0.0,0,
148,2026-10-09T15:34:42.019553+00:00,148.00086192800063,loop2,1.0008406679999098,1106944,0,51,0,0,0,0,0,0.0,0.0,0,
148,2026-10-09T15:34:42.019553+00:00,148.00086192800063,loop3,1.0008406679999098,1141760,0,66,0,0,0,0,0,0.0,0.0,0,
148,2026-10-09T15:34:42.019553+00:00,148.00086192800063,loop4,1.0008406679999098,354304,0,43,0,0,0,0,0,0.0,0.0,0,
148,2026-10-09T15:34:42.019553+00:00,148.00086192800063,loop5,1.0008406679999098,18432,0,12,0,0,0,0,0,0.0,0.0,0,
148,2026-10-09T15:34:42.019553+00:00,148.00086192800063,loop6,1.0008406679999098,0,0,0,0,0,0,0,0,0.0,0.0,0,
148,2026-10-09T15:34:42.019553+00:00,148.00086192800063,loop7,1.0008406679999098,0,0,0,0,0,0,0,0,0.0,0.0,0,
148,2026-10-09T15:34:42.019553+00:00,148.00086192800063,sr0,1.0008406679999098,1536,0,8,0,0,0,0,0,0.0,0.0,0,
148,2026-10-09T15:34:42.019553+00:00,148.00086192800063,sda,1.0008406679999098,356335104,26316419072,7903,103832,0,16384,0,2,0.0,16370.238064708095,12,
148,2026-10-09T15:34:42.019553+00:00,148.00086192800063,sda1,1.0008406679999098,319488,0,78,0,0,0,0,0,0.0,0.0,0,
148,2026-10-09T15:34:42.019553+00:00,148.00086192800063,sda2,1.0008406679999098,326784000,281776128,6593,45784,0,0,0,0,0.0,0.0,0,
148,2026-10-09T15:34:42.019553+00:00,148.00086192800063,sda3,1.0008406679999098,5571584,118784,155,25,0,0,0,0,0.0,0.0,0,
148,2026-10-09T15:34:42.019553+00:00,148.00086192800063,sda4,1.0008406679999098,4657152,0,116,0,0,0,0,0,0.0,0.0,0,
148,2026-10-09T15:34:42.019553+00:00,148.00086192800063,sda5,1.0008406679999098,16548864,26034524160,826,58023,0,16384,0,2,0.0,16370.238064708095,12,
149,2026-10-09T15:34:43.019417+00:00,149.00147517300047,loop0,0.9998646300000473,374784,0,51,0,0,0,0,0,0.0,0.0,0,
149,2026-10-09T15:34:43.019417+00:00,149.00147517300047,loop1,0.9998646300000473,2107392,0,217,0,0,0,0,0,0.0,0.0,0,
149,2026-10-09T15:34:43.019417+00:00,149.00147517300047,loop2,0.9998646300000473,1106944,0,51,0,0,0,0,0,0.0,0.0,0,
149,2026-10-09T15:34:43.019417+00:00,149.00147517300047,loop3,0.9998646300000473,1141760,0,66,0,0,0,0,0,0.0,0.0,0,
149,2026-10-09T15:34:43.019417+00:00,149.00147517300047,loop4,0.9998646300000473,354304,0,43,0,0,0,0,0,0.0,0.0,0,
149,2026-10-09T15:34:43.019417+00:00,149.00147517300047,loop5,0.9998646300000473,18432,0,12,0,0,0,0,0,0.0,0.0,0,
149,2026-10-09T15:34:43.019417+00:00,149.00147517300047,loop6,0.9998646300000473,0,0,0,0,0,0,0,0,0.0,0.0,0,
149,2026-10-09T15:34:43.019417+00:00,149.00147517300047,loop7,0.9998646300000473,0,0,0,0,0,0,0,0,0.0,0.0,0,
149,2026-10-09T15:34:43.019417+00:00,149.00147517300047,sr0,0.9998646300000473,1536,0,8,0,0,0,0,0,0.0,0.0,0,
149,2026-10-09T15:34:43.019417+00:00,149.00147517300047,sda,0.9998646300000473,356335104,26316447744,7903,103835,0,28672,0,3,0.0,28675.881854125237,16,
149,2026-10-09T15:34:43.019417+00:00,149.00147517300047,sda1,0.9998646300000473,319488,0,78,0,0,0,0,0,0.0,0.0,0,
149,2026-10-09T15:34:43.019417+00:00,149.00147517300047,sda2,0.9998646300000473,326784000,281804800,6593,45787,0,28672,0,3,0.0,28675.881854125237,16,
149,2026-10-09T15:34:43.019417+00:00,149.00147517300047,sda3,0.9998646300000473,5571584,118784,155,25,0,0,0,0,0.0,0.0,0,
149,2026-10-09T15:34:43.019417+00:00,149.00147517300047,sda4,0.9998646300000473,4657152,0,116,0,0,0,0,0,0.0,0.0,0,
149,2026-10-09T15:34:43.019417+00:00,149.00147517300047,sda5,0.9998646300000473,16548864,26034524160,826,58023,0,0,0,0,0.0,0.0,0,
150,2026-10-09T15:34:44.018890+00:00,150.00105326599987,loop0,0.9994728460005717,374784,0,51,0,0,0,0,0,0.0,0.0,0,
150,2026-10-09T15:34:44.018890+00:00,150.00105326599987,loop1,0.9994728460005717,2107392,0,217,0,0,0,0,0,0.0,0.0,0,
150,2026-10-09T15:34:44.018890+00:00,150.00105326599987,loop2,0.9994728460005717,1106944,0,51,0,0,0,0,0,0.0,0.0,0,
150,2026-10-09T15:34:44.018890+00:00,150.00105326599987,loop3,0.9994728460005717,1141760,0,66,0,0,0,0,0,0.0,0.0,0,
150,2026-10-09T15:34:44.018890+00:00,150.00105326599987,loop4,0.9994728460005717,354304,0,43,0,0,0,0,0,0.0,0.0,0,
150,2026-10-09T15:34:44.018890+00:00,150.00105326599987,loop5,0.9994728460005717,18432,0,12,0,0,0,0,0,0.0,0.0,0,
150,2026-10-09T15:34:44.018890+00:00,150.00105326599987,loop6,0.9994728460005717,0,0,0,0,0,0,0,0,0.0,0.0,0,
150,2026-10-09T15:34:44.018890+00:00,150.00105326599987,loop7,0.9994728460005717,0,0,0,0,0,0,0,0,0.0,0.0,0,
150,2026-10-09T15:34:44.018890+00:00,150.00105326599987,sr0,0.9994728460005717,1536,0,8,0,0,0,0,0,0.0,0.0,0,
150,2026-10-09T15:34:44.018890+00:00,150.00105326599987,sda,0.9994728460005717,356335104,26316447744,7903,103835,0,0,0,0,0.0,0.0,0,
150,2026-10-09T15:34:44.018890+00:00,150.00105326599987,sda1,0.9994728460005717,319488,0,78,0,0,0,0,0,0.0,0.0,0,
150,2026-10-09T15:34:44.018890+00:00,150.00105326599987,sda2,0.9994728460005717,326784000,281804800,6593,45787,0,0,0,0,0.0,0.0,0,
150,2026-10-09T15:34:44.018890+00:00,150.00105326599987,sda3,0.9994728460005717,5571584,118784,155,25,0,0,0,0,0.0,0.0,0,
150,2026-10-09T15:34:44.018890+00:00,150.00105326599987,sda4,0.9994728460005717,4657152,0,116,0,0,0,0,0,0.0,0.0,0,
150,2026-10-09T15:34:44.018890+00:00,150.00105326599987,sda5,0.9994728460005717,16548864,26034524160,826,58023,0,0,0,0,0.0,0.0,0,
151,2026-10-09T15:34:45.021150+00:00,151.00337909500013,loop0,1.0022601949995078,374784,0,51,0,0,0,0,0,0.0,0.0,0,
151,2026-10-09T15:34:45.021150+00:00,151.00337909500013,loop1,1.0022601949995078,2107392,0,217,0,0,0,0,0,0.0,0.0,0,
151,2026-10-09T15:34:45.021150+00:00,151.00337909500013,loop2,1.0022601949995078,1106944,0,51,0,0,0,0,0,0.0,0.0,0,
151,2026-10-09T15:34:45.021150+00:00,151.00337909500013,loop3,1.0022601949995078,1141760,0,66,0,0,0,0,0,0.0,0.0,0,
151,2026-10-09T15:34:45.021150+00:00,151.00337909500013,loop4,1.0022601949995078,354304,0,43,0,0,0,0,0,0.0,0.0,0,
151,2026-10-09T15:34:45.021150+00:00,151.00337909500013,loop5,1.0022601949995078,18432,0,12,0,0,0,0,0,0.0,0.0,0,
151,2026-10-09T15:34:45.021150+00:00,151.00337909500013,loop6,1.0022601949995078,0,0,0,0,0,0,0,0,0.0,0.0,0,
151,2026-10-09T15:34:45.021150+00:00,151.00337909500013,loop7,1.0022601949995078,0,0,0,0,0,0,0,0,0.0,0.0,0,
151,2026-10-09T15:34:45.021150+00:00,151.00337909500013,sr0,1.0022601949995078,1536,0,8,0,0,0,0,0,0.0,0.0,0,
151,2026-10-09T15:34:45.021150+00:00,151.00337909500013,sda,1.0022601949995078,356335104,26316447744,7903,103835,0,0,0,0,0.0,0.0,0,
151,2026-10-09T15:34:45.021150+00:00,151.00337909500013,sda1,1.0022601949995078,319488,0,78,0,0,0,0,0,0.0,0.0,0,
151,2026-10-09T15:34:45.021150+00:00,151.00337909500013,sda2,1.0022601949995078,326784000,281804800,6593,45787,0,0,0,0,0.0,0.0,0,
151,2026-10-09T15:34:45.021150+00:00,151.00337909500013,sda3,1.0022601949995078,5571584,118784,155,25,0,0,0,0,0.0,0.0,0,
151,2026-10-09T15:34:45.021150+00:00,151.00337909500013,sda4,1.0022601949995078,4657152,0,116,0,0,0,0,0,0.0,0.0,0,
151,2026-10-09T15:34:45.021150+00:00,151.00337909500013,sda5,1.0022601949995078,16548864,26034524160,826,58023,0,0,0,0,0.0,0.0,0,
152,2026-10-09T15:34:46.018848+00:00,152.00115477500003,loop0,0.9976979670000219,374784,0,51,0,0,0,0,0,0.0,0.0,0,
152,2026-10-09T15:34:46.018848+00:00,152.00115477500003,loop1,0.9976979670000219,2107392,0,217,0,0,0,0,0,0.0,0.0,0,
152,2026-10-09T15:34:46.018848+00:00,152.00115477500003,loop2,0.9976979670000219,1106944,0,51,0,0,0,0,0,0.0,0.0,0,
152,2026-10-09T15:34:46.018848+00:00,152.00115477500003,loop3,0.9976979670000219,1141760,0,66,0,0,0,0,0,0.0,0.0,0,
152,2026-10-09T15:34:46.018848+00:00,152.00115477500003,loop4,0.9976979670000219,354304,0,43,0,0,0,0,0,0.0,0.0,0,
152,2026-10-09T15:34:46.018848+00:00,152.00115477500003,loop5,0.9976979670000219,18432,0,12,0,0,0,0,0,0.0,0.0,0,
152,2026-10-09T15:34:46.018848+00:00,152.00115477500003,loop6,0.9976979670000219,0,0,0,0,0,0,0,0,0.0,0.0,0,
152,2026-10-09T15:34:46.018848+00:00,152.00115477500003,loop7,0.9976979670000219,0,0,0,0,0,0,0,0,0.0,0.0,0,
152,2026-10-09T15:34:46.018848+00:00,152.00115477500003,sr0,0.9976979670000219,1536,0,8,0,0,0,0,0,0.0,0.0,0,
152,2026-10-09T15:34:46.018848+00:00,152.00115477500003,sda,0.9976979670000219,356335104,26316447744,7903,103835,0,0,0,0,0.0,0.0,0,
152,2026-10-09T15:34:46.018848+00:00,152.00115477500003,sda1,0.9976979670000219,319488,0,78,0,0,0,0,0,0.0,0.0,0,
152,2026-10-09T15:34:46.018848+00:00,152.00115477500003,sda2,0.9976979670000219,326784000,281804800,6593,45787,0,0,0,0,0.0,0.0,0,
152,2026-10-09T15:34:46.018848+00:00,152.00115477500003,sda3,0.9976979670000219,5571584,118784,155,25,0,0,0,0,0.0,0.0,0,
152,2026-10-09T15:34:46.018848+00:00,152.00115477500003,sda4,0.9976979670000219,4657152,0,116,0,0,0,0,0,0.0,0.0,0,
152,2026-10-09T15:34:46.018848+00:00,152.00115477500003,sda5,0.9976979670000219,16548864,26034524160,826,58023,0,0,0,0,0.0,0.0,0,
153,2026-10-09T15:34:47.019664+00:00,153.00197244399988,loop0,1.0008152870004778,374784,0,51,0,0,0,0,0,0.0,0.0,0,
153,2026-10-09T15:34:47.019664+00:00,153.00197244399988,loop1,1.0008152870004778,2107392,0,217,0,0,0,0,0,0.0,0.0,0,
153,2026-10-09T15:34:47.019664+00:00,153.00197244399988,loop2,1.0008152870004778,1106944,0,51,0,0,0,0,0,0.0,0.0,0,
153,2026-10-09T15:34:47.019664+00:00,153.00197244399988,loop3,1.0008152870004778,1141760,0,66,0,0,0,0,0,0.0,0.0,0,
153,2026-10-09T15:34:47.019664+00:00,153.00197244399988,loop4,1.0008152870004778,354304,0,43,0,0,0,0,0,0.0,0.0,0,
153,2026-10-09T15:34:47.019664+00:00,153.00197244399988,loop5,1.0008152870004778,18432,0,12,0,0,0,0,0,0.0,0.0,0,
153,2026-10-09T15:34:47.019664+00:00,153.00197244399988,loop6,1.0008152870004778,0,0,0,0,0,0,0,0,0.0,0.0,0,
153,2026-10-09T15:34:47.019664+00:00,153.00197244399988,loop7,1.0008152870004778,0,0,0,0,0,0,0,0,0.0,0.0,0,
153,2026-10-09T15:34:47.019664+00:00,153.00197244399988,sr0,1.0008152870004778,1536,0,8,0,0,0,0,0,0.0,0.0,0,
153,2026-10-09T15:34:47.019664+00:00,153.00197244399988,sda,1.0008152870004778,356335104,26316464128,7903,103837,0,16384,0,2,0.0,16370.653219241021,12,
153,2026-10-09T15:34:47.019664+00:00,153.00197244399988,sda1,1.0008152870004778,319488,0,78,0,0,0,0,0,0.0,0.0,0,
153,2026-10-09T15:34:47.019664+00:00,153.00197244399988,sda2,1.0008152870004778,326784000,281804800,6593,45787,0,0,0,0,0.0,0.0,0,
153,2026-10-09T15:34:47.019664+00:00,153.00197244399988,sda3,1.0008152870004778,5571584,118784,155,25,0,0,0,0,0.0,0.0,0,
153,2026-10-09T15:34:47.019664+00:00,153.00197244399988,sda4,1.0008152870004778,4657152,0,116,0,0,0,0,0,0.0,0.0,0,
153,2026-10-09T15:34:47.019664+00:00,153.00197244399988,sda5,1.0008152870004778,16548864,26034540544,826,58025,0,16384,0,2,0.0,16370.653219241021,12,
154,2026-10-09T15:34:48.018470+00:00,154.0006728469998,loop0,0.998806648000027,374784,0,51,0,0,0,0,0,0.0,0.0,0,
154,2026-10-09T15:34:48.018470+00:00,154.0006728469998,loop1,0.998806648000027,2107392,0,217,0,0,0,0,0,0.0,0.0,0,
154,2026-10-09T15:34:48.018470+00:00,154.0006728469998,loop2,0.998806648000027,1106944,0,51,0,0,0,0,0,0.0,0.0,0,
154,2026-10-09T15:34:48.018470+00:00,154.0006728469998,loop3,0.998806648000027,1141760,0,66,0,0,0,0,0,0.0,0.0,0,
154,2026-10-09T15:34:48.018470+00:00,154.0006728469998,loop4,0.998806648000027,354304,0,43,0,0,0,0,0,0.0,0.0,0,
154,2026-10-09T15:34:48.018470+00:00,154.0006728469998,loop5,0.998806648000027,18432,0,12,0,0,0,0,0,0.0,0.0,0,
154,2026-10-09T15:34:48.018470+00:00,154.0006728469998,loop6,0.998806648000027,0,0,0,0,0,0,0,0,0.0,0.0,0,
154,2026-10-09T15:34:48.018470+00:00,154.0006728469998,loop7,0.998806648000027,0,0,0,0,0,0,0,0,0.0,0.0,0,
154,2026-10-09T15:34:48.018470+00:00,154.0006728469998,sr0,0.998806648000027,1536,0,8,0,0,0,0,0,0.0,0.0,0,
154,2026-10-09T15:34:48.018470+00:00,154.0006728469998,sda,0.998806648000027,356335104,26316500992,7903,103839,0,36864,0,2,0.0,36908.044288466735,8,
154,2026-10-09T15:34:48.018470+00:00,154.0006728469998,sda1,0.998806648000027,319488,0,78,0,0,0,0,0,0.0,0.0,0,
154,2026-10-09T15:34:48.018470+00:00,154.0006728469998,sda2,0.998806648000027,326784000,281841664,6593,45789,0,36864,0,2,0.0,36908.044288466735,8,
154,2026-10-09T15:34:48.018470+00:00,154.0006728469998,sda3,0.998806648000027,5571584,118784,155,25,0,0,0,0,0.0,0.0,0,
154,2026-10-09T15:34:48.018470+00:00,154.0006728469998,sda4,0.998806648000027,4657152,0,116,0,0,0,0,0,0.0,0.0,0,
154,2026-10-09T15:34:48.018470+00:00,154.0006728469998,sda5,0.998806648000027,16548864,26034540544,826,58025,0,0,0,0,0.0,0.0,0,
155,2026-10-09T15:34:49.019233+00:00,155.00120089700067,loop0,1.0007625489997736,374784,0,51,0,0,0,0,0,0.0,0.0,0,
155,2026-10-09T15:34:49.019233+00:00,155.00120089700067,loop1,1.0007625489997736,2107392,0,217,0,0,0,0,0,0.0,0.0,0,
155,2026-10-09T15:34:49.019233+00:00,155.00120089700067,loop2,1.0007625489997736,1106944,0,51,0,0,0,0,0,0.0,0.0,0,
155,2026-10-09T15:34:49.019233+00:00,155.00120089700067,loop3,1.0007625489997736,1141760,0,66,0,0,0,0,0,0.0,0.0,0,
155,2026-10-09T15:34:49.019233+00:00,155.00120089700067,loop4,1.0007625489997736,354304,0,43,0,0,0,0,0,0.0,0.0,0,
155,2026-10-09T15:34:49.019233+00:00,155.00120089700067,loop5,1.0007625489997736,18432,0,12,0,0,0,0,0,0.0,0.0,0,
155,2026-10-09T15:34:49.019233+00:00,155.00120089700067,loop6,1.0007625489997736,0,0,0,0,0,0,0,0,0.0,0.0,0,
155,2026-10-09T15:34:49.019233+00:00,155.00120089700067,loop7,1.0007625489997736,0,0,0,0,0,0,0,0,0.0,0.0,0,
155,2026-10-09T15:34:49.019233+00:00,155.00120089700067,sr0,1.0007625489997736,1536,0,8,0,0,0,0,0,0.0,0.0,0,
155,2026-10-09T15:34:49.019233+00:00,155.00120089700067,sda,1.0007625489997736,356335104,26316500992,7903,103839,0,0,0,0,0.0,0.0,0,
155,2026-10-09T15:34:49.019233+00:00,155.00120089700067,sda1,1.0007625489997736,319488,0,78,0,0,0,0,0,0.0,0.0,0,
155,2026-10-09T15:34:49.019233+00:00,155.00120089700067,sda2,1.0007625489997736,326784000,281841664,6593,45789,0,0,0,0,0.0,0.0,0,
155,2026-10-09T15:34:49.019233+00:00,155.00120089700067,sda3,1.0007625489997736,5571584,118784,155,25,0,0,0,0,0.0,0.0,0,
155,2026-10-09T15:34:49.019233+00:00,155.00120089700067,sda4,1.0007625489997736,4657152,0,116,0,0,0,0,0,0.0,0.0,0,
155,2026-10-09T15:34:49.019233+00:00,155.00120089700067,sda5,1.0007625489997736,16548864,26034540544,826,58025,0,0,0,0,0.0,0.0,0,
156,2026-10-09T15:34:50.019066+00:00,156.0012003790007,loop0,0.9998334940000859,374784,0,51,0,0,0,0,0,0.0,0.0,0,
156,2026-10-09T15:34:50.019066+00:00,156.0012003790007,loop1,0.9998334940000859,2107392,0,217,0,0,0,0,0,0.0,0.0,0,
156,2026-10-09T15:34:50.019066+00:00,156.0012003790007,loop2,0.9998334940000859,1106944,0,51,0,0,0,0,0,0.0,0.0,0,
156,2026-10-09T15:34:50.019066+00:00,156.0012003790007,loop3,0.9998334940000859,1141760,0,66,0,0,0,0,0,0.0,0.0,0,
156,2026-10-09T15:34:50.019066+00:00,156.0012003790007,loop4,0.9998334940000859,354304,0,43,0,0,0,0,0,0.0,0.0,0,
156,2026-10-09T15:34:50.019066+00:00,156.0012003790007,loop5,0.9998334940000859,18432,0,12,0,0,0,0,0,0.0,0.0,0,
156,2026-10-09T15:34:50.019066+00:00,156.0012003790007,loop6,0.9998334940000859,0,0,0,0,0,0,0,0,0.0,0.0,0,
156,2026-10-09T15:34:50.019066+00:00,156.0012003790007,loop7,0.9998334940000859,0,0,0,0,0,0,0,0,0.0,0.0,0,
156,2026-10-09T15:34:50.019066+00:00,156.0012003790007,sr0,0.9998334940000859,1536,0,8,0,0,0,0,0,0.0,0.0,0,
156,2026-10-09T15:34:50.019066+00:00,156.0012003790007,sda,0.9998334940000859,356335104,26316533760,7903,103841,0,32768,0,2,0.0,32773.45697722463,4,
156,2026-10-09T15:34:50.019066+00:00,156.0012003790007,sda1,0.9998334940000859,319488,0,78,0,0,0,0,0,0.0,0.0,0,
156,2026-10-09T15:34:50.019066+00:00,156.0012003790007,sda2,0.9998334940000859,326784000,281874432,6593,45791,0,32768,0,2,0.0,32773.45697722463,4,
156,2026-10-09T15:34:50.019066+00:00,156.0012003790007,sda3,0.9998334940000859,5571584,118784,155,25,0,0,0,0,0.0,0.0,0,
156,2026-10-09T15:34:50.019066+00:00,156.0012003790007,sda4,0.9998334940000859,4657152,0,116,0,0,0,0,0,0.0,0.0,0,
156,2026-10-09T15:34:50.019066+00:00,156.0012003790007,sda5,0.9998334940000859,16548864,26034540544,826,58025,0,0,0,0,0.0,0.0,0,
157,2026-10-09T15:34:51.018951+00:00,157.0011474820003,loop0,0.9998843809999016,374784,0,51,0,0,0,0,0,0.0,0.0,0,
157,2026-10-09T15:34:51.018951+00:00,157.0011474820003,loop1,0.9998843809999016,2107392,0,217,0,0,0,0,0,0.0,0.0,0,
157,2026-10-09T15:34:51.018951+00:00,157.0011474820003,loop2,0.9998843809999016,1106944,0,51,0,0,0,0,0,0.0,0.0,0,
157,2026-10-09T15:34:51.018951+00:00,157.0011474820003,loop3,0.9998843809999016,1141760,0,66,0,0,0,0,0,0.0,0.0,0,
157,2026-10-09T15:34:51.018951+00:00,157.0011474820003,loop4,0.9998843809999016,354304,0,43,0,0,0,0,0,0.0,0.0,0,
157,2026-10-09T15:34:51.018951+00:00,157.0011474820003,loop5,0.9998843809999016,18432,0,12,0,0,0,0,0,0.0,0.0,0,
157,2026-10-09T15:34:51.018951+00:00,157.0011474820003,loop6,0.9998843809999016,0,0,0,0,0,0,0,0,0.0,0.0,0,
157,2026-10-09T15:34:51.018951+00:00,157.0011474820003,loop7,0.9998843809999016,0,0,0,0,0,0,0,0,0.0,0.0,0,
157,2026-10-09T15:34:51.018951+00:00,157.0011474820003,sr0,0.9998843809999016,1536,0,8,0,0,0,0,0,0.0,0.0,0,
157,2026-10-09T15:34:51.018951+00:00,157.0011474820003,sda,0.9998843809999016,356335104,26316533760,7903,103841,0,0,0,0,0.0,0.0,0,
157,2026-10-09T15:34:51.018951+00:00,157.0011474820003,sda1,0.9998843809999016,319488,0,78,0,0,0,0,0,0.0,0.0,0,
157,2026-10-09T15:34:51.018951+00:00,157.0011474820003,sda2,0.9998843809999016,326784000,281874432,6593,45791,0,0,0,0,0.0,0.0,0,
157,2026-10-09T15:34:51.018951+00:00,157.0011474820003,sda3,0.9998843809999016,5571584,118784,155,25,0,0,0,0,0.0,0.0,0,
157,2026-10-09T15:34:51.018951+00:00,157.0011474820003,sda4,0.9998843809999016,4657152,0,116,0,0,0,0,0,0.0,0.0,0,
157,2026-10-09T15:34:51.018951+00:00,157.0011474820003,sda5,0.9998843809999016,16548864,26034540544,826,58025,0,0,0,0,0.0,0.0,0,
158,2026-10-09T15:34:52.018922+00:00,158.00099085700003,loop0,0.9999717929995313,374784,0,51,0,0,0,0,0,0.0,0.0,0,
158,2026-10-09T15:34:52.018922+00:00,158.00099085700003,loop1,0.9999717929995313,2107392,0,217,0,0,0,0,0,0.0,0.0,0,
158,2026-10-09T15:34:52.018922+00:00,158.00099085700003,loop2,0.9999717929995313,1106944,0,51,0,0,0,0,0,0.0,0.0,0,
158,2026-10-09T15:34:52.018922+00:00,158.00099085700003,loop3,0.9999717929995313,1141760,0,66,0,0,0,0,0,0.0,0.0,0,
158,2026-10-09T15:34:52.018922+00:00,158.00099085700003,loop4,0.9999717929995313,354304,0,43,0,0,0,0,0,0.0,0.0,0,
158,2026-10-09T15:34:52.018922+00:00,158.00099085700003,loop5,0.9999717929995313,18432,0,12,0,0,0,0,0,0.0,0.0,0,
158,2026-10-09T15:34:52.018922+00:00,158.00099085700003,loop6,0.9999717929995313,0,0,0,0,0,0,0,0,0.0,0.0,0,
158,2026-10-09T15:34:52.018922+00:00,158.00099085700003,loop7,0.9999717929995313,0,0,0,0,0,0,0,0,0.0,0.0,0,
158,2026-10-09T15:34:52.018922+00:00,158.00099085700003,sr0,0.9999717929995313,1536,0,8,0,0,0,0,0,0.0,0.0,0,
158,2026-10-09T15:34:52.018922+00:00,158.00099085700003,sda,0.9999717929995313,356335104,26316533760,7903,103841,0,0,0,0,0.0,0.0,0,
158,2026-10-09T15:34:52.018922+00:00,158.00099085700003,sda1,0.9999717929995313,319488,0,78,0,0,0,0,0,0.0,0.0,0,
158,2026-10-09T15:34:52.018922+00:00,158.00099085700003,sda2,0.9999717929995313,326784000,281874432,6593,45791,0,0,0,0,0.0,0.0,0,
158,2026-10-09T15:34:52.018922+00:00,158.00099085700003,sda3,0.9999717929995313,5571584,118784,155,25,0,0,0,0,0.0,0.0,0,
158,2026-10-09T15:34:52.018922+00:00,158.00099085700003,sda4,0.9999717929995313,4657152,0,116,0,0,0,0,0,0.0,0.0,0,
158,2026-10-09T15:34:52.018922+00:00,158.00099085700003,sda5,0.9999717929995313,16548864,26034540544,826,58025,0,0,0,0,0.0,0.0,0,
159,2026-10-09T15:34:53.018823+00:00,159.00104090600053,loop0,0.9999002600006861,374784,0,51,0,0,0,0,0,0.0,0.0,0,
159,2026-10-09T15:34:53.018823+00:00,159.00104090600053,loop1,0.9999002600006861,2107392,0,217,0,0,0,0,0,0.0,0.0,0,
159,2026-10-09T15:34:53.018823+00:00,159.00104090600053,loop2,0.9999002600006861,1106944,0,51,0,0,0,0,0,0.0,0.0,0,
159,2026-10-09T15:34:53.018823+00:00,159.00104090600053,loop3,0.9999002600006861,1141760,0,66,0,0,0,0,0,0.0,0.0,0,
159,2026-10-09T15:34:53.018823+00:00,159.00104090600053,loop4,0.9999002600006861,354304,0,43,0,0,0,0,0,0.0,0.0,0,
159,2026-10-09T15:34:53.018823+00:00,159.00104090600053,loop5,0.9999002600006861,18432,0,12,0,0,0,0,0,0.0,0.0,0,
159,2026-10-09T15:34:53.018823+00:00,159.00104090600053,loop6,0.9999002600006861,0,0,0,0,0,0,0,0,0.0,0.0,0,
159,2026-10-09T15:34:53.018823+00:00,159.00104090600053,loop7,0.9999002600006861,0,0,0,0,0,0,0,0,0.0,0.0,0,
159,2026-10-09T15:34:53.018823+00:00,159.00104090600053,sr0,0.9999002600006861,1536,0,8,0,0,0,0,0,0.0,0.0,0,
159,2026-10-09T15:34:53.018823+00:00,159.00104090600053,sda,0.9999002600006861,356335104,26316599296,7903,103845,0,65536,0,4,0.0,65542.53721261662,24,
159,2026-10-09T15:34:53.018823+00:00,159.00104090600053,sda1,0.9999002600006861,319488,0,78,0,0,0,0,0,0.0,0.0,0,
159,2026-10-09T15:34:53.018823+00:00,159.00104090600053,sda2,0.9999002600006861,326784000,281923584,6593,45793,0,49152,0,2,0.0,49156.902909462464,8,
159,2026-10-09T15:34:53.018823+00:00,159.00104090600053,sda3,0.9999002600006861,5571584,118784,155,25,0,0,0,0,0.0,0.0,0,
159,2026-10-09T15:34:53.018823+00:00,159.00104090600053,sda4,0.9999002600006861,4657152,0,116,0,0,0,0,0,0.0,0.0,0,
159,2026-10-09T15:34:53.018823+00:00,159.00104090600053,sda5,0.9999002600006861,16548864,26034556928,826,58027,0,16384,0,2,0.0,16385.634303154155,16,
160,2026-10-09T15:34:54.018966+00:00,160.0011423040005,loop0,1.0001429059993825,374784,0,51,0,0,0,0,0,0.0,0.0,0,
160,2026-10-09T15:34:54.018966+00:00,160.0011423040005,loop1,1.0001429059993825,2107392,0,217,0,0,0,0,0,0.0,0.0,0,
160,2026-10-09T15:34:54.018966+00:00,160.0011423040005,loop2,1.0001429059993825,1106944,0,51,0,0,0,0,0,0.0,0.0,0,
160,2026-10-09T15:34:54.018966+00:00,160.0011423040005,loop3,1.0001429059993825,1141760,0,66,0,0,0,0,0,0.0,0.0,0,
160,2026-10-09T15:34:54.018966+00:00,160.0011423040005,loop4,1.0001429059993825,354304,0,43,0,0,0,0,0,0.0,0.0,0,
160,2026-10-09T15:34:54.018966+00:00,160.0011423040005,loop5,1.0001429059993825,18432,0,12,0,0,0,0,0,0.0,0.0,0,
160,2026-10-09T15:34:54.018966+00:00,160.0011423040005,loop6,1.0001429059993825,0,0,0,0,0,0,0,0,0.0,0.0,0,
160,2026-10-09T15:34:54.018966+00:00,160.0011423040005,loop7,1.0001429059993825,0,0,0,0,0,0,0,0,0.0,0.0,0,
160,2026-10-09T15:34:54.018966+00:00,160.0011423040005,sr0,1.0001429059993825,1536,0,8,0,0,0,0,0,0.0,0.0,0,
160,2026-10-09T15:34:54.018966+00:00,160.0011423040005,sda,1.0001429059993825,356335104,26316599296,7903,103845,0,0,0,0,0.0,0.0,0,
160,2026-10-09T15:34:54.018966+00:00,160.0011423040005,sda1,1.0001429059993825,319488,0,78,0,0,0,0,0,0.0,0.0,0,
160,2026-10-09T15:34:54.018966+00:00,160.0011423040005,sda2,1.0001429059993825,326784000,281923584,6593,45793,0,0,0,0,0.0,0.0,0,
160,2026-10-09T15:34:54.018966+00:00,160.0011423040005,sda3,1.0001429059993825,5571584,118784,155,25,0,0,0,0,0.0,0.0,0,
160,2026-10-09T15:34:54.018966+00:00,160.0011423040005,sda4,1.0001429059993825,4657152,0,116,0,0,0,0,0,0.0,0.0,0,
160,2026-10-09T15:34:54.018966+00:00,160.0011423040005,sda5,1.0001429059993825,16548864,26034556928,826,58027,0,0,0,0,0.0,0.0,0,
161,2026-10-09T15:34:55.019128+00:00,161.00122385900067,loop0,1.0001622019999559,374784,0,51,0,0,0,0,0,0.0,0.0,0,
161,2026-10-09T15:34:55.019128+00:00,161.00122385900067,loop1,1.0001622019999559,2107392,0,217,0,0,0,0,0,0.0,0.0,0,
161,2026-10-09T15:34:55.019128+00:00,161.00122385900067,loop2,1.0001622019999559,1106944,0,51,0,0,0,0,0,0.0,0.0,0,
161,2026-10-09T15:34:55.019128+00:00,161.00122385900067,loop3,1.0001622019999559,1141760,0,66,0,0,0,0,0,0.0,0.0,0,
161,2026-10-09T15:34:55.019128+00:00,161.00122385900067,loop4,1.0001622019999559,354304,0,43,0,0,0,0,0,0.0,0.0,0,
161,2026-10-09T15:34:55.019128+00:00,161.00122385900067,loop5,1.0001622019999559,18432,0,12,0,0,0,0,0,0.0,0.0,0,
161,2026-10-09T15:34:55.019128+00:00,161.00122385900067,loop6,1.0001622019999559,0,0,0,0,0,0,0,0,0.0,0.0,0,
161,2026-10-09T15:34:55.019128+00:00,161.00122385900067,loop7,1.0001622019999559,0,0,0,0,0,0,0,0,0.0,0.0,0,
161,2026-10-09T15:34:55.019128+00:00,161.00122385900067,sr0,1.0001622019999559,1536,0,8,0,0,0,0,0,0.0,0.0,0,
161,2026-10-09T15:34:55.019128+00:00,161.00122385900067,sda,1.0001622019999559,356335104,26316599296,7903,103845,0,0,0,0,0.0,0.0,0,
161,2026-10-09T15:34:55.019128+00:00,161.00122385900067,sda1,1.0001622019999559,319488,0,78,0,0,0,0,0,0.0,0.0,0,
161,2026-10-09T15:34:55.019128+00:00,161.00122385900067,sda2,1.0001622019999559,326784000,281923584,6593,45793,0,0,0,0,0.0,0.0,0,
161,2026-10-09T15:34:55.019128+00:00,161.00122385900067,sda3,1.0001622019999559,5571584,118784,155,25,0,0,0,0,0.0,0.0,0,
161,2026-10-09T15:34:55.019128+00:00,161.00122385900067,sda4,1.0001622019999559,4657152,0,116,0,0,0,0,0,0.0,0.0,0,
161,2026-10-09T15:34:55.019128+00:00,161.00122385900067,sda5,1.0001622019999559,16548864,26034556928,826,58027,0,0,0,0,0.0,0.0,0,
162,2026-10-09T15:34:56.018995+00:00,162.001270105,loop0,0.9998672219999207,374784,0,51,0,0,0,0,0,0.0,0.0,0,
162,2026-10-09T15:34:56.018995+00:00,162.001270105,loop1,0.9998672219999207,2107392,0,217,0,0,0,0,0,0.0,0.0,0,
162,2026-10-09T15:34:56.018995+00:00,162.001270105,loop2,0.9998672219999207,1106944,0,51,0,0,0,0,0,0.0,0.0,0,
162,2026-10-09T15:34:56.018995+00:00,162.001270105,loop3,0.9998672219999207,1141760,0,66,0,0,0,0,0,0.0,0.0,0,
162,2026-10-09T15:34:56.018995+00:00,162.001270105,loop4,0.9998672219999207,354304,0,43,0,0,0,0,0,0.0,0.0,0,
162,2026-10-09T15:34:56.018995+00:00,162.001270105,loop5,0.9998672219999207,18432,0,12,0,0,0,0,0,0.0,0.0,0,
162,2026-10-09T15:34:56.018995+00:00,162.001270105,loop6,0.9998672219999207,0,0,0,0,0,0,0,0,0.0,0.0,0,
162,2026-10-09T15:34:56.018995+00:00,162.001270105,loop7,0.9998672219999207,0,0,0,0,0,0,0,0,0.0,0.0,0,
162,2026-10-09T15:34:56.018995+00:00,162.001270105,sr0,0.9998672219999207,1536,0,8,0,0,0,0,0,0.0,0.0,0,
162,2026-10-09T15:34:56.018995+00:00,162.001270105,sda,0.9998672219999207,356335104,26316599296,7903,103845,0,0,0,0,0.0,0.0,0,
162,2026-10-09T15:34:56.018995+00:00,162.001270105,sda1,0.9998672219999207,319488,0,78,0,0,0,0,0,0.0,0.0,0,
162,2026-10-09T15:34:56.018995+00:00,162.001270105,sda2,0.9998672219999207,326784000,281923584,6593,45793,0,0,0,0,0.0,0.0,0,
162,2026-10-09T15:34:56.018995+00:00,162.001270105,sda3,0.9998672219999207,5571584,118784,155,25,0,0,0,0,0.0,0.0,0,
162,2026-10-09T15:34:56.018995+00:00,162.001270105,sda4,0.9998672219999207,4657152,0,116,0,0,0,0,0,0.0,0.0,0,
162,2026-10-09T15:34:56.018995+00:00,162.001270105,sda5,0.9998672219999207,16548864,26034556928,826,58027,0,0,0,0,0.0,0.0,0,
163,2026-10-09T15:34:57.019211+00:00,163.00151878999986,loop0,1.0002159810001103,374784,0,51,0,0,0,0,0,0.0,0.0,0,
163,2026-10-09T15:34:57.019211+00:00,163.00151878999986,loop1,1.0002159810001103,2107392,0,217,0,0,0,0,0,0.0,0.0,0,
163,2026-10-09T15:34:57.019211+00:00,163.00151878999986,loop2,1.0002159810001103,1106944,0,51,0,0,0,0,0,0.0,0.0,0,
163,2026-10-09T15:34:57.019211+00:00,163.00151878999986,loop3,1.0002159810001103,1141760,0,66,0,0,0,0,0,0.0,0.0,0,
163,2026-10-09T15:34:57.019211+00:00,163.00151878999986,loop4,1.0002159810001103,354304,0,43,0,0,0,0,0,0.0,0.0,0,
163,2026-10-09T15:34:57.019211+00:00,163.00151878999986,loop5,1.0002159810001103,18432,0,12,0,0,0,0,0,0.0,0.0,0,
163,2026-10-09T15:34:57.019211+00:00,163.00151878999986,loop6,1.0002159810001103,0,0,0,0,0,0,0,0,0.0,0.0,0,
163,2026-10-09T15:34:57.019211+00:00,163.00151878999986,loop7,1.0002159810001103,0,0,0,0,0,0,0,0,0.0,0.0,0,
163,2026-10-09T15:34:57.019211+00:00,163.00151878999986,sr0,1.0002159810001103,1536,0,8,0,0,0,0,0,0.0,0.0,0,
163,2026-10-09T15:34:57.019211+00:00,163.00151878999986,sda,1.0002159810001103,356335104,26316599296,7903,103845,0,0,0,0,0.0,0.0,0,
163,2026-10-09T15:34:57.019211+00:00,163.00151878999986,sda1,1.0002159810001103,319488,0,78,0,0,0,0,0,0.0,0.0,0,
163,2026-10-09T15:34:57.019211+00:00,163.00151878999986,sda2,1.0002159810001103,326784000,281923584,6593,45793,0,0,0,0,0.0,0.0,0,
163,2026-10-09T15:34:57.019211+00:00,163.00151878999986,sda3,1.0002159810001103,5571584,118784,155,25,0,0,0,0,0.0,0.0,0,
163,2026-10-09T15:34:57.019211+00:00,163.00151878999986,sda4,1.0002159810001103,4657152,0,116,0,0,0,0,0,0.0,0.0,0,
163,2026-10-09T15:34:57.019211+00:00,163.00151878999986,sda5,1.0002159810001103,16548864,26034556928,826,58027,0,0,0,0,0.0,0.0,0,
164,2026-10-09T15:34:58.019924+00:00,164.0021089790007,loop0,1.0007126870004868,374784,0,51,0,0,0,0,0,0.0,0.0,0,
164,2026-10-09T15:34:58.019924+00:00,164.0021089790007,loop1,1.0007126870004868,2107392,0,217,0,0,0,0,0,0.0,0.0,0,
164,2026-10-09T15:34:58.019924+00:00,164.0021089790007,loop2,1.0007126870004868,1106944,0,51,0,0,0,0,0,0.0,0.0,0,
164,2026-10-09T15:34:58.019924+00:00,164.0021089790007,loop3,1.0007126870004868,1141760,0,66,0,0,0,0,0,0.0,0.0,0,
164,2026-10-09T15:34:58.019924+00:00,164.0021089790007,loop4,1.0007126870004868,354304,0,43,0,0,0,0,0,0.0,0.0,0,
164,2026-10-09T15:34:58.019924+00:00,164.0021089790007,loop5,1.0007126870004868,18432,0,12,0,0,0,0,0,0.0,0.0,0,
164,2026-10-09T15:34:58.019924+00:00,164.0021089790007,loop6,1.0007126870004868,0,0,0,0,0,0,0,0,0.0,0.0,0,
164,2026-10-09T15:34:58.019924+00:00,164.0021089790007,loop7,1.0007126870004868,0,0,0,0,0,0,0,0,0.0,0.0,0,
164,2026-10-09T15:34:58.019924+00:00,164.0021089790007,sr0,1.0007126870004868,1536,0,8,0,0,0,0,0,0.0,0.0,0,
164,2026-10-09T15:34:58.019924+00:00,164.0021089790007,sda,1.0007126870004868,356335104,26316623872,7903,103847,0,24576,0,2,0.0,24558.497478095873,4,
164,2026-10-09T15:34:58.019924+00:00,164.0021089790007,sda1,1.0007126870004868,319488,0,78,0,0,0,0,0,0.0,0.0,0,
164,2026-10-09T15:34:58.019924+00:00,164.0021089790007,sda2,1.0007126870004868,326784000,281948160,6593,45795,0,24576,0,2,0.0,24558.497478095873,4,
164,2026-10-09T15:34:58.019924+00:00,164.0021089790007,sda3,1.0007126870004868,5571584,118784,155,25,0,0,0,0,0.0,0.0,0,
164,2026-10-09T15:34:58.019924+00:00,164.0021089790007,sda4,1.0007126870004868,4657152,0,116,0,0,0,0,0,0.0,0.0,0,
164,2026-10-09T15:34:58.019924+00:00,164.0021089790007,sda5,1.0007126870004868,16548864,26034556928,826,58027,0,0,0,0,0.0,0.0,0,
165,2026-10-09T15:34:59.018714+00:00,165.0009084610001,loop0,0.9987899699999616,374784,0,51,0,0,0,0,0,0.0,0.0,0,
165,2026-10-09T15:34:59.018714+00:00,165.0009084610001,loop1,0.9987899699999616,2107392,0,217,0,0,0,0,0,0.0,0.0,0,
165,2026-10-09T15:34:59.018714+00:00,165.0009084610001,loop2,0.9987899699999616,1106944,0,51,0,0,0,0,0,0.0,0.0,0,
165,2026-10-09T15:34:59.018714+00:00,165.0009084610001,loop3,0.9987899699999616,1141760,0,66,0,0,0,0,0,0.0,0.0,0,
165,2026-10-09T15:34:59.018714+00:00,165.0009084610001,loop4,0.9987899699999616,354304,0,43,0,0,0,0,0,0.0,0.0,0,
165,2026-10-09T15:34:59.018714+00:00,165.0009084610001,loop5,0.9987899699999616,18432,0,12,0,0,0,0,0,0.0,0.0,0,
165,2026-10-09T15:34:59.018714+00:00,165.0009084610001,loop6,0.9987899699999616,0,0,0,0,0,0,0,0,0.0,0.0,0,
165,2026-10-09T15:34:59.018714+00:00,165.0009084610001,loop7,0.9987899699999616,0,0,0,0,0,0,0,0,0.0,0.0,0,
165,2026-10-09T15:34:59.018714+00:00,165.0009084610001,sr0,0.9987899699999616,1536,0,8,0,0,0,0,0,0.0,0.0,0,
165,2026-10-09T15:34:59.018714+00:00,165.0009084610001,sda,0.9987899699999616,356335104,26316640256,7903,103849,0,16384,0,2,0.0,16403.849149587106,8,
165,2026-10-09T15:34:59.018714+00:00,165.0009084610001,sda1,0.9987899699999616,319488,0,78,0,0,0,0,0,0.0,0.0,0,
165,2026-10-09T15:34:59.018714+00:00,165.0009084610001,sda2,0.9987899699999616,326784000,281948160,6593,45795,0,0,0,0,0.0,0.0,0,
165,2026-10-09T15:34:59.018714+00:00,165.0009084610001,sda3,0.9987899699999616,5571584,118784,155,25,0,0,0,0,0.0,0.0,0,
165,2026-10-09T15:34:59.018714+00:00,165.0009084610001,sda4,0.9987899699999616,4657152,0,116,0,0,0,0,0,0.0,0.0,0,
165,2026-10-09T15:34:59.018714+00:00,165.0009084610001,sda5,0.9987899699999616,16548864,26034573312,826,58029,0,16384,0,2,0.0,16403.849149587106,8,
166,2026-10-09T15:35:00.019498+00:00,166.00148218100003,loop0,1.0007838840001568,374784,0,51,0,0,0,0,0,0.0,0.0,0,
166,2026-10-09T15:35:00.019498+00:00,166.00148218100003,loop1,1.0007838840001568,2107392,0,217,0,0,0,0,0,0.0,0.0,0,
166,2026-10-09T15:35:00.019498+00:00,166.00148218100003,loop2,1.0007838840001568,1106944,0,51,0,0,0,0,0,0.0,0.0,0,
166,2026-10-09T15:35:00.019498+00:00,166.00148218100003,loop3,1.0007838840001568,1141760,0,66,0,0,0,0,0,0.0,0.0,0,
166,2026-10-09T15:35:00.019498+00:00,166.00148218100003,loop4,1.0007838840001568,354304,0,43,0,0,0,0,0,0.0,0.0,0,
166,2026-10-09T15:35:00.019498+00:00,166.00148218100003,loop5,1.0007838840001568,18432,0,12,0,0,0,0,0,0.0,0.0,0,
166,2026-10-09T15:35:00.019498+00:00,166.00148218100003,loop6,1.0007838840001568,0,0,0,0,0,0,0,0,0.0,0.0,0,
166,2026-10-09T15:35:00.019498+00:00,166.00148218100003,loop7,1.0007838840001568,0,0,0,0,0,0,0,0,0.0,0.0,0,
166,2026-10-09T15:35:00.019498+00:00,166.00148218100003,sr0,1.0007838840001568,1536,0,8,0,0,0,0,0,0.0,0.0,0,
166,2026-10-09T15:35:00.019498+00:00,166.00148218100003,sda,1.0007838840001568,356335104,26316640256,7903,103849,0,0,0,0,0.0,0.0,0,
166,2026-10-09T15:35:00.019498+00:00,166.00148218100003,sda1,1.0007838840001568,319488,0,78,0,0,0,0,0,0.0,0.0,0,
166,2026-10-09T15:35:00.019498+00:00,166.00148218100003,sda2,1.0007838840001568,326784000,281948160,6593,45795,0,0,0,0,0.0,0.0,0,
166,2026-10-09T15:35:00.019498+00:00,166.00148218100003,sda3,1.0007838840001568,5571584,118784,155,25,0,0,0,0,0.0,0.0,0,
166,2026-10-09T15:35:00.019498+00:00,166.00148218100003,sda4,1.0007838840001568,4657152,0,116,0,0,0,0,0,0.0,0.0,0,
166,2026-10-09T15:35:00.019498+00:00,166.00148218100003,sda5,1.0007838840001568,16548864,26034573312,826,58029,0,0,0,0,0.0,0.0,0,
167,2026-10-09T15:35:01.018532+00:00,167.0008659640007,loop0,0.9990346779995889,374784,0,51,0,0,0,0,0,0.0,0.0,0,
167,2026-10-09T15:35:01.018532+00:00,167.0008659640007,loop1,0.9990346779995889,2107392,0,217,0,0,0,0,0,0.0,0.0,0,
167,2026-10-09T15:35:01.018532+00:00,167.0008659640007,loop2,0.9990346779995889,1106944,0,51,0,0,0,0,0,0.0,0.0,0,
167,2026-10-09T15:35:01.018532+00:00,167.0008659640007,loop3,0.9990346779995889,1141760,0,66,0,0,0,0,0,0.0,0.0,0,
167,2026-10-09T15:35:01.018532+00:00,167.0008659640007,loop4,0.9990346779995889,354304,0,43,0,0,0,0,0,0.0,0.0,0,
167,2026-10-09T15:35:01.018532+00:00,167.0008659640007,loop5,0.9990346779995889,18432,0,12,0,0,0,0,0,0.0,0.0,0,
167,2026-10-09T15:35:01.018532+00:00,167.0008659640007,loop6,0.9990346779995889,0,0,0,0,0,0,0,0,0.0,0.0,0,
167,2026-10-09T15:35:01.018532+00:00,167.0008659640007,loop7,0.9990346779995889,0,0,0,0,0,0,0,0,0.0,0.0,0,
167,2026-10-09T15:35:01.018532+00:00,167.0008659640007,sr0,0.9990346779995889,1536,0,8,0,0,0,0,0,0.0,0.0,0,
167,2026-10-09T15:35:01.018532+00:00,167.0008659640007,sda,0.9990346779995889,356335104,26320490496,7903,104512,0,3850240,0,663,0.0,3853960.3126785397,676,
167,2026-10-09T15:35:01.018532+00:00,167.0008659640007,sda1,0.9990346779995889,319488,0,78,0,0,0,0,0,0.0,0.0,0,
167,2026-10-09T15:35:01.018532+00:00,167.0008659640007,sda2,0.9990346779995889,326784000,285798400,6593,46458,0,3850240,0,663,0.0,3853960.3126785397,676,
167,2026-10-09T15:35:01.018532+00:00,167.0008659640007,sda3,0.9990346779995889,5571584,118784,155,25,0,0,0,0,0.0,0.0,0,
167,2026-10-09T15:35:01.018532+00:00,167.0008659640007,sda4,0.9990346779995889,4657152,0,116,0,0,0,0,0,0.0,0.0,0,
167,2026-10-09T15:35:01.018532+00:00,167.0008659640007,sda5,0.9990346779995889,16548864,26034573312,826,58029,0,0,0,0,0.0,0.0,0,
168,2026-10-09T15:35:02.019003+00:00,168.0013023219999,loop0,1.0004707369998869,374784,0,51,0,0,0,0,0,0.0,0.0,0,
168,2026-10-09T15:35:02.019003+00:00,168.0013023219999,loop1,1.0004707369998869,2107392,0,217,0,0,0,0,0,0.0,0.0,0,
168,2026-10-09T15:35:02.019003+00:00,168.0013023219999,loop2,1.0004707369998869,1106944,0,51,0,0,0,0,0,0.0,0.0,0,
168,2026-10-09T15:35:02.019003+00:00,168.0013023219999,loop3,1.0004707369998869,1141760,0,66,0,0,0,0,0,0.0,0.0,0,
168,2026-10-09T15:35:02.019003+00:00,168.0013023219999,loop4,1.0004707369998869,354304,0,43,0,0,0,0,0,0.0,0.0,0,
168,2026-10-09T15:35:02.019003+00:00,168.0013023219999,loop5,1.0004707369998869,18432,0,12,0,0,0,0,0,0.0,0.0,0,
168,2026-10-09T15:35:02.019003+00:00,168.0013023219999,loop6,1.0004707369998869,0,0,0,0,0,0,0,0,0.0,0.0,0,
168,2026-10-09T15:35:02.019003+00:00,168.0013023219999,loop7,1.0004707369998869,0,0,0,0,0,0,0,0,0.0,0.0,0,
168,2026-10-09T15:35:02.019003+00:00,168.0013023219999,sr0,1.0004707369998869,1536,0,8,0,0,0,0,0,0.0,0.0,0,
168,2026-10-09T15:35:02.019003+00:00,168.0013023219999,sda,1.0004707369998869,356335104,26320490496,7903,104512,0,0,0,0,0.0,0.0,0,
168,2026-10-09T15:35:02.019003+00:00,168.0013023219999,sda1,1.0004707369998869,319488,0,78,0,0,0,0,0,0.0,0.0,0,
168,2026-10-09T15:35:02.019003+00:00,168.0013023219999,sda2,1.0004707369998869,326784000,285798400,6593,46458,0,0,0,0,0.0,0.0,0,
168,2026-10-09T15:35:02.019003+00:00,168.0013023219999,sda3,1.0004707369998869,5571584,118784,155,25,0,0,0,0,0.0,0.0,0,
168,2026-10-09T15:35:02.019003+00:00,168.0013023219999,sda4,1.0004707369998869,4657152,0,116,0,0,0,0,0,0.0,0.0,0,
168,2026-10-09T15:35:02.019003+00:00,168.0013023219999,sda5,1.0004707369998869,16548864,26034573312,826,58029,0,0,0,0,0.0,0.0,0,
169,2026-10-09T15:35:03.019607+00:00,169.00184347899994,loop0,1.0006041910000931,374784,0,51,0,0,0,0,0,0.0,0.0,0,
169,2026-10-09T15:35:03.019607+00:00,169.00184347899994,loop1,1.0006041910000931,2107392,0,217,0,0,0,0,0,0.0,0.0,0,
169,2026-10-09T15:35:03.019607+00:00,169.00184347899994,loop2,1.0006041910000931,1106944,0,51,0,0,0,0,0,0.0,0.0,0,
169,2026-10-09T15:35:03.019607+00:00,169.00184347899994,loop3,1.0006041910000931,1141760,0,66,0,0,0,0,0,0.0,0.0,0,
169,2026-10-09T15:35:03.019607+00:00,169.00184347899994,loop4,1.0006041910000931,354304,0,43,0,0,0,0,0,0.0,0.0,0,
169,2026-10-09T15:35:03.019607+00:00,169.00184347899994,loop5,1.0006041910000931,18432,0,12,0,0,0,0,0,0.0,0.0,0,
169,2026-10-09T15:35:03.019607+00:00,169.00184347899994,loop6,1.0006041910000931,0,0,0,0,0,0,0,0,0.0,0.0,0,
169,2026-10-09T15:35:03.019607+00:00,169.00184347899994,loop7,1.0006041910000931,0,0,0,0,0,0,0,0,0.0,0.0,0,
169,2026-10-09T15:35:03.019607+00:00,169.00184347899994,sr0,1.0006041910000931,1536,0,8,0,0,0,0,0,0.0,0.0,0,
169,2026-10-09T15:35:03.019607+00:00,169.00184347899994,sda,1.0006041910000931,356335104,26320523264,7903,104514,0,32768,0,2,0.0,32748.21382393845,340,
169,2026-10-09T15:35:03.019607+00:00,169.00184347899994,sda1,1.0006041910000931,319488,0,78,0,0,0,0,0,0.0,0.0,0,
169,2026-10-09T15:35:03.019607+00:00,169.00184347899994,sda2,1.0006041910000931,326784000,285831168,6593,46460,0,32768,0,2,0.0,32748.21382393845,340,
169,2026-10-09T15:35:03.019607+00:00,169.00184347899994,sda3,1.0006041910000931,5571584,118784,155,25,0,0,0,0,0.0,0.0,0,
169,2026-10-09T15:35:03.019607+00:00,169.00184347899994,sda4,1.0006041910000931,4657152,0,116,0,0,0,0,0,0.0,0.0,0,
169,2026-10-09T15:35:03.019607+00:00,169.00184347899994,sda5,1.0006041910000931,16548864,26034573312,826,58029,0,0,0,0,0.0,0.0,0,
170,2026-10-09T15:35:04.019033+00:00,170.00121210399993,loop0,0.9994261560004816,374784,0,51,0,0,0,0,0,0.0,0.0,0,
170,2026-10-09T15:35:04.019033+00:00,170.00121210399993,loop1,0.9994261560004816,2107392,0,217,0,0,0,0,0,0.0,0.0,0,
170,2026-10-09T15:35:04.019033+00:00,170.00121210399993,loop2,0.9994261560004816,1106944,0,51,0,0,0,0,0,0.0,0.0,0,
170,2026-10-09T15:35:04.019033+00:00,170.00121210399993,loop3,0.9994261560004816,1141760,0,66,0,0,0,0,0,0.0,0.0,0,
170,2026-10-09T15:35:04.019033+00:00,170.00121210399993,loop4,0.9994261560004816,354304,0,43,0,0,0,0,0,0.0,0.0,0,
170,2026-10-09T15:35:04.019033+00:00,170.00121210399993,loop5,0.9994261560004816,18432,0,12,0,0,0,0,0,0.0,0.0,0,
170,2026-10-09T15:35:04.019033+00:00,170.00121210399993,loop6,0.9994261560004816,0,0,0,0,0,0,0,0,0.0,0.0,0,
170,2026-10-09T15:35:04.019033+00:00,170.00121210399993,loop7,0.9994261560004816,0,0,0,0,0,0,0,0,0.0,0.0,0,
170,2026-10-09T15:35:04.019033+00:00,170.00121210399993,sr0,0.9994261560004816,1536,0,8,0,0,0,0,0,0.0,0.0,0,
170,2026-10-09T15:35:04.019033+00:00,170.00121210399993,sda,0.9994261560004816,356335104,26320539648,7903,104516,0,16384,0,2,0.0,16393.407258386887,4,
170,2026-10-09T15:35:04.019033+00:00,170.00121210399993,sda1,0.9994261560004816,319488,0,78,0,0,0,0,0,0.0,0.0,0,
170,2026-10-09T15:35:04.019033+00:00,170.00121210399993,sda2,0.9994261560004816,326784000,285831168,6593,46460,0,0,0,0,0.0,0.0,0,
170,2026-10-09T15:35:04.019033+00:00,170.00121210399993,sda3,0.9994261560004816,5571584,118784,155,25,0,0,0,0,0.0,0.0,0,
170,2026-10-09T15:35:04.019033+00:00,170.00121210399993,sda4,0.9994261560004816,4657152,0,116,0,0,0,0,0,0.0,0.0,0,
170,2026-10-09T15:35:04.019033+00:00,170.00121210399993,sda5,0.9994261560004816,16548864,26034589696,826,58031,0,16384,0,2,0.0,16393.407258386887,4,
171,2026-10-09T15:35:05.019285+00:00,171.0015995720005,loop0,1.0002515029991628,374784,0,51,0,0,0,0,0,0.0,0.0,0,
171,2026-10-09T15:35:05.019285+00:00,171.0015995720005,loop1,1.0002515029991628,2107392,0,217,0,0,0,0,0,0.0,0.0,0,
171,2026-10-09T15:35:05.019285+00:00,171.0015995720005,loop2,1.0002515029991628,1106944,0,51,0,0,0,0,0,0.0,0.0,0,
171,2026-10-09T15:35:05.019285+00:00,171.0015995720005,loop3,1.0002515029991628,1141760,0,66,0,0,0,0,0,0.0,0.0,0,
171,2026-10-09T15:35:05.019285+00:00,171.0015995720005,loop4,1.0002515029991628,354304,0,43,0,0,0,0,0,0.0,0.0,0,
171,2026-10-09T15:35:05.019285+00:00,171.0015995720005,loop5,1.0002515029991628,18432,0,12,0,0,0,0,0,0.0,0.0,0,
171,2026-10-09T15:35:05.019285+00:00,171.0015995720005,loop6,1.0002515029991628,0,0,0,0,0,0,0,0,0.0,0.0,0,
171,2026-10-09T15:35:05.019285+00:00,171.0015995720005,loop7,1.0002515029991628,0,0,0,0,0,0,0,0,0.0,0.0,0,
171,2026-10-09T15:35:05.019285+00:00,171.0015995720005,sr0,1.0002515029991628,1536,0,8,0,0,0,0,0,0.0,0.0,0,
171,2026-10-09T15:35:05.019285+00:00,171.0015995720005,sda,1.0002515029991628,356335104,26320539648,7903,104516,0,0,0,0,0.0,0.0,0,
171,2026-10-09T15:35:05.019285+00:00,171.0015995720005,sda1,1.0002515029991628,319488,0,78,0,0,0,0,0,0.0,0.0,0,
171,2026-10-09T15:35:05.019285+00:00,171.0015995720005,sda2,1.0002515029991628,326784000,285831168,6593,46460,0,0,0,0,0.0,0.0,0,
171,2026-10-09T15:35:05.019285+00:00,171.0015995720005,sda3,1.0002515029991628,5571584,118784,155,25,0,0,0,0,0.0,0.0,0,
171,2026-10-09T15:35:05.019285+00:00,171.0015995720005,sda4,1.0002515029991628,4657152,0,116,0,0,0,0,0,0.0,0.0,0,
171,2026-10-09T15:35:05.019285+00:00,171.0015995720005,sda5,1.0002515029991628,16548864,26034589696,826,58031,0,0,0,0,0.0,0.0,0,
172,2026-10-09T15:35:06.019611+00:00,172.0018371240003,loop0,1.0003262210002504,374784,0,51,0,0,0,0,0,0.0,0.0,0,
172,2026-10-09T15:35:06.019611+00:00,172.0018371240003,loop1,1.0003262210002504,2107392,0,217,0,0,0,0,0,0.0,0.0,0,
172,2026-10-09T15:35:06.019611+00:00,172.0018371240003,loop2,1.0003262210002504,1106944,0,51,0,0,0,0,0,0.0,0.0,0,
172,2026-10-09T15:35:06.019611+00:00,172.0018371240003,loop3,1.0003262210002504,1141760,0,66,0,0,0,0,0,0.0,0.0,0,
172,2026-10-09T15:35:06.019611+00:00,172.0018371240003,loop4,1.0003262210002504,354304,0,43,0,0,0,0,0,0.0,0.0,0,
172,2026-10-09T15:35:06.019611+00:00,172.0018371240003,loop5,1.0003262210002504,18432,0,12,0,0,0,0,0,0.0,0.0,0,
172,2026-10-09T15:35:06.019611+00:00,172.0018371240003,loop6,1.0003262210002504,0,0,0,0,0,0,0,0,0.0,0.0,0,
172,2026-10-09T15:35:06.019611+00:00,172.0018371240003,loop7,1.0003262210002504,0,0,0,0,0,0,0,0,0.0,0.0,0,
172,2026-10-09T15:35:06.019611+00:00,172.0018371240003,sr0,1.0003262210002504,1536,0,8,0,0,0,0,0,0.0,0.0,0,
172,2026-10-09T15:35:06.019611+00:00,172.0018371240003,sda,1.0003262210002504,356339200,26320650240,7904,104520,4096,110592,1,4,4094.6642345377195,110555.93433251843,20,
172,2026-10-09T15:35:06.019611+00:00,172.0018371240003,sda1,1.0003262210002504,319488,0,78,0,0,0,0,0,0.0,0.0,0,
172,2026-10-09T15:35:06.019611+00:00,172.0018371240003,sda2,1.0003262210002504,326788096,285831168,6594,46460,4096,0,1,0,4094.6642345377195,0.0,8,
172,2026-10-09T15:35:06.019611+00:00,172.0018371240003,sda3,1.0003262210002504,5571584,118784,155,25,0,0,0,0,0.0,0.0,0,
172,2026-10-09T15:35:06.019611+00:00,172.0018371240003,sda4,1.0003262210002504,4657152,0,116,0,0,0,0,0,0.0,0.0,0,
172,2026-10-09T15:35:06.019611+00:00,172.0018371240003,sda5,1.0003262210002504,16548864,26034700288,826,58035,0,110592,0,4,0.0,110555.93433251843,12,
173,2026-10-09T15:35:07.019377+00:00,173.0016350650003,loop0,0.9997656330006066,374784,0,51,0,0,0,0,0,0.0,0.0,0,
173,2026-10-09T15:35:07.019377+00:00,173.0016350650003,loop1,0.9997656330006066,2107392,0,217,0,0,0,0,0,0.0,0.0,0,
173,2026-10-09T15:35:07.019377+00:00,173.0016350650003,loop2,0.9997656330006066,1106944,0,51,0,0,0,0,0,0.0,0.0,0,
173,2026-10-09T15:35:07.019377+00:00,173.0016350650003,loop3,0.9997656330006066,1141760,0,66,0,0,0,0,0,0.0,0.0,0,
173,2026-10-09T15:35:07.019377+00:00,173.0016350650003,loop4,0.9997656330006066,354304,0,43,0,0,0,0,0,0.0,0.0,0,
173,2026-10-09T15:35:07.019377+00:00,173.0016350650003,loop5,0.9997656330006066,18432,0,12,0,0,0,0,0,0.0,0.0,0,
173,2026-10-09T15:35:07.019377+00:00,173.0016350650003,loop6,0.9997656330006066,0,0,0,0,0,0,0,0,0.0,0.0,0,
173,2026-10-09T15:35:07.019377+00:00,173.0016350650003,loop7,0.9997656330006066,0,0,0,0,0,0,0,0,0.0,0.0,0,
173,2026-10-09T15:35:07.019377+00:00,173.0016350650003,sr0,0.9997656330006066,1536,0,8,0,0,0,0,0,0.0,0.0,0,
173,2026-10-09T15:35:07.019377+00:00,173.0016350650003,sda,0.9997656330006066,356339200,26320650240,7904,104520,0,0,0,0,0.0,0.0,0,
173,2026-10-09T15:35:07.019377+00:00,173.0016350650003,sda1,0.9997656330006066,319488,0,78,0,0,0,0,0,0.0,0.0,0,
173,2026-10-09T15:35:07.019377+00:00,173.0016350650003,sda2,0.9997656330006066,326788096,285831168,6594,46460,0,0,0,0,0.0,0.0,0,
173,2026-10-09T15:35:07.019377+00:00,173.0016350650003,sda3,0.9997656330006066,5571584,118784,155,25,0,0,0,0,0.0,0.0,0,
173,2026-10-09T15:35:07.019377+00:00,173.0016350650003,sda4,0.9997656330006066,4657152,0,116,0,0,0,0,0,0.0,0.0,0,
173,2026-10-09T15:35:07.019377+00:00,173.0016350650003,sda5,0.9997656330006066,16548864,26034700288,826,58035,0,0,0,0,0.0,0.0,0,
174,2026-10-09T15:35:08.019650+00:00,174.00192668599993,loop0,1.0002736079995884,374784,0,51,0,0,0,0,0,0.0,0.0,0,
174,2026-10-09T15:35:08.019650+00:00,174.00192668599993,loop1,1.0002736079995884,2107392,0,217,0,0,0,0,0,0.0,0.0,0,
174,2026-10-09T15:35:08.019650+00:00,174.00192668599993,loop2,1.0002736079995884,1106944,0,51,0,0,0,0,0,0.0,0.0,0,
174,2026-10-09T15:35:08.019650+00:00,174.00192668599993,loop3,1.0002736079995884,1141760,0,66,0,0,0,0,0,0.0,0.0,0,
174,2026-10-09T15:35:08.019650+00:00,174.00192668599993,loop4,1.0002736079995884,354304,0,43,0,0,0,0,0,0.0,0.0,0,
174,2026-10-09T15:35:08.019650+00:00,174.00192668599993,loop5,1.0002736079995884,18432,0,12,0,0,0,0,0,0.0,0.0,0,
174,2026-10-09T15:35:08.019650+00:00,174.00192668599993,loop6,1.0002736079995884,0,0,0,0,0,0,0,0,0.0,0.0,0,
174,2026-10-09T15:35:08.019650+00:00,174.00192668599993,loop7,1.0002736079995884,0,0,0,0,0,0,0,0,0.0,0.0,0,
174,2026-10-09T15:35:08.019650+00:00,174.00192668599993,sr0,1.0002736079995884,1536,0,8,0,0,0,0,0,0.0,0.0,0,
174,2026-10-09T15:35:08.019650+00:00,174.00192668599993,sda,1.0002736079995884,356339200,26320674816,7904,104522,0,24576,0,2,0.0,24569.2776490911,8,
174,2026-10-09T15:35:08.019650+00:00,174.00192668599993,sda1,1.0002736079995884,319488,0,78,0,0,0,0,0,0.0,0.0,0,
174,2026-10-09T15:35:08.019650+00:00,174.00192668599993,sda2,1.0002736079995884,326788096,285855744,6594,46462,0,24576,0,2,0.0,24569.2776490911,8,
174,2026-10-09T15:35:08.019650+00:00,174.00192668599993,sda3,1.0002736079995884,5571584,118784,155,25,0,0,0,0,0.0,0.0,0,
174,2026-10-09T15:35:08.019650+00:00,174.00192668599993,sda4,1.0002736079995884,4657152,0,116,0,0,0,0,0,0.0,0.0,0,
174,2026-10-09T15:35:08.019650+00:00,174.00192668599993,sda5,1.0002736079995884,16548864,26034700288,826,58035,0,0,0,0,0.0,0.0,0,
175,2026-10-09T15:35:09.018370+00:00,175.0006400430002,loop0,0.9987195539997629,374784,0,51,0,0,0,0,0,0.0,0.0,0,
175,2026-10-09T15:35:09.018370+00:00,175.0006400430002,loop1,0.9987195539997629,2107392,0,217,0,0,0,0,0,0.0,0.0,0,
175,2026-10-09T15:35:09.018370+00:00,175.0006400430002,loop2,0.9987195539997629,1106944,0,51,0,0,0,0,0,0.0,0.0,0,
175,2026-10-09T15:35:09.018370+00:00,175.0006400430002,loop3,0.9987195539997629,1141760,0,66,0,0,0,0,0,0.0,0.0,0,
175,2026-10-09T15:35:09.018370+00:00,175.0006400430002,loop4,0.9987195539997629,354304,0,43,0,0,0,0,0,0.0,0.0,0,
175,2026-10-09T15:35:09.018370+00:00,175.0006400430002,loop5,0.9987195539997629,18432,0,12,0,0,0,0,0,0.0,0.0,0,
175,2026-10-09T15:35:09.018370+00:00,175.0006400430002,loop6,0.9987195539997629,0,0,0,0,0,0,0,0,0.0,0.0,0,
175,2026-10-09T15:35:09.018370+00:00,175.0006400430002,loop7,0.9987195539997629,0,0,0,0,0,0,0,0,0.0,0.0,0,
175,2026-10-09T15:35:09.018370+00:00,175.0006400430002,sr0,0.9987195539997629,1536,0,8,0,0,0,0,0,0.0,0.0,0,
175,2026-10-09T15:35:09.018370+00:00,175.0006400430002,sda,0.9987195539997629,356339200,26320674816,7904,104522,0,0,0,0,0.0,0.0,0,
175,2026-10-09T15:35:09.018370+00:00,175.0006400430002,sda1,0.9987195539997629,319488,0,78,0,0,0,0,0,0.0,0.0,0,
175,2026-10-09T15:35:09.018370+00:00,175.0006400430002,sda2,0.9987195539997629,326788096,285855744,6594,46462,0,0,0,0,0.0,0.0,0,
175,2026-10-09T15:35:09.018370+00:00,175.0006400430002,sda3,0.9987195539997629,5571584,118784,155,25,0,0,0,0,0.0,0.0,0,
175,2026-10-09T15:35:09.018370+00:00,175.0006400430002,sda4,0.9987195539997629,4657152,0,116,0,0,0,0,0,0.0,0.0,0,
175,2026-10-09T15:35:09.018370+00:00,175.0006400430002,sda5,0.9987195539997629,16548864,26034700288,826,58035,0,0,0,0,0.0,0.0,0,
176,2026-10-09T15:35:10.019275+00:00,176.00151863600058,loop0,1.0009051870001713,374784,0,51,0,0,0,0,0,0.0,0.0,0,
176,2026-10-09T15:35:10.019275+00:00,176.00151863600058,loop1,1.0009051870001713,2107392,0,217,0,0,0,0,0,0.0,0.0,0,
176,2026-10-09T15:35:10.019275+00:00,176.00151863600058,loop2,1.0009051870001713,1106944,0,51,0,0,0,0,0,0.0,0.0,0,
176,2026-10-09T15:35:10.019275+00:00,176.00151863600058,loop3,1.0009051870001713,1141760,0,66,0,0,0,0,0,0.0,0.0,0,
176,2026-10-09T15:35:10.019275+00:00,176.00151863600058,loop4,1.0009051870001713,354304,0,43,0,0,0,0,0,0.0,0.0,0,
176,2026-10-09T15:35:10.019275+00:00,176.00151863600058,loop5,1.0009051870001713,18432,0,12,0,0,0,0,0,0.0,0.0,0,
176,2026-10-09T15:35:10.019275+00:00,176.00151863600058,loop6,1.0009051870001713,0,0,0,0,0,0,0,0,0.0,0.0,0,
176,2026-10-09T15:35:10.019275+00:00,176.00151863600058,loop7,1.0009051870001713,0,0,0,0,0,0,0,0,0.0,0.0,0,
176,2026-10-09T15:35:10.019275+00:00,176.00151863600058,sr0,1.0009051870001713,1536,0,8,0,0,0,0,0,0.0,0.0,0,
176,2026-10-09T15:35:10.019275+00:00,176.00151863600058,sda,1.0009051870001713,356339200,26320723968,7904,104524,0,49152,0,2,0.0,49107.54848550064,12,
176,2026-10-09T15:35:10.019275+00:00,176.00151863600058,sda1,1.0009051870001713,319488,0,78,0,0,0,0,0,0.0,0.0,0,
176,2026-10-09T15:35:10.019275+00:00,176.00151863600058,sda2,1.0009051870001713,326788096,285855744,6594,46462,0,0,0,0,0.0,0.0,0,
176,2026-10-09T15:35:10.019275+00:00,176.00151863600058,sda3,1.0009051870001713,5571584,118784,155,25,0,0,0,0,0.0,0.0,0,
176,2026-10-09T15:35:10.019275+00:00,176.00151863600058,sda4,1.0009051870001713,4657152,0,116,0,0,0,0,0,0.0,0.0,0,
176,2026-10-09T15:35:10.019275+00:00,176.00151863600058,sda5,1.0009051870001713,16548864,26034749440,826,58037,0,49152,0,2,0.0,49107.54848550064,12,
177,2026-10-09T15:35:11.018449+00:00,177.0007660199999,loop0,0.9991744099997959,374784,0,51,0,0,0,0,0,0.0,0.0,0,
177,2026-10-09T15:35:11.018449+00:00,177.0007660199999,loop1,0.9991744099997959,2107392,0,217,0,0,0,0,0,0.0,0.0,0,
177,2026-10-09T15:35:11.018449+00:00,177.0007660199999,loop2,0.9991744099997959,1106944,0,51,0,0,0,0,0,0.0,0.0,0,
177,2026-10-09T15:35:11.018449+00:00,177.0007660199999,loop3,0.9991744099997959,1141760,0,66,0,0,0,0,0,0.0,0.0,0,
177,2026-10-09T15:35:11.018449+00:00,177.0007660199999,loop4,0.9991744099997959,354304,0,43,0,0,0,0,0,0.0,0.0,0,
177,2026-10-09T15:35:11.018449+00:00,177.0007660199999,loop5,0.9991744099997959,18432,0,12,0,0,0,0,0,0.0,0.0,0,
177,2026-10-09T15:35:11.018449+00:00,177.0007660199999,loop6,0.9991744099997959,0,0,0,0,0,0,0,0,0.0,0.0,0,
177,2026-10-09T15:35:11.018449+00:00,177.0007660199999,loop7,0.9991744099997959,0,0,0,0,0,0,0,0,0.0,0.0,0,
177,2026-10-09T15:35:11.018449+00:00,177.0007660199999,sr0,0.9991744099997959,1536,0,8,0,0,0,0,0,0.0,0.0,0,
177,2026-10-09T15:35:11.018449+00:00,177.0007660199999,sda,0.9991744099997959,356339200,26320723968,7904,104524,0,0,0,0,0.0,0.0,0,
177,2026-10-09T15:35:11.018449+00:00,177.0007660199999,sda1,0.9991744099997959,319488,0,78,0,0,0,0,0,0.0,0.0,0,
177,2026-10-09T15:35:11.018449+00:00,177.0007660199999,sda2,0.9991744099997959,326788096,285855744,6594,46462,0,0,0,0,0.0,0.0,0,
177,2026-10-09T15:35:11.018449+00:00,177.0007660199999,sda3,0.9991744099997959,5571584,118784,155,25,0,0,0,0,0.0,0.0,0,
177,2026-10-09T15:35:11.018449+00:00,177.0007660199999,sda4,0.9991744099997959,4657152,0,116,0,0,0,0,0,0.0,0.0,0,
177,2026-10-09T15:35:11.018449+00:00,177.0007660199999,sda5,0.9991744099997959,16548864,26034749440,826,58037,0,0,0,0,0.0,0.0,0,
178,2026-10-09T15:35:12.019660+00:00,178.00197423400004,loop0,1.0012107180000385,374784,0,51,0,0,0,0,0,0.0,0.0,0,
178,2026-10-09T15:35:12.019660+00:00,178.00197423400004,loop1,1.0012107180000385,2107392,0,217,0,0,0,0,0,0.0,0.0,0,
178,2026-10-09T15:35:12.019660+00:00,178.00197423400004,loop2,1.0012107180000385,1106944,0,51,0,0,0,0,0,0.0,0.0,0,
178,2026-10-09T15:35:12.019660+00:00,178.00197423400004,loop3,1.0012107180000385,1141760,0,66,0,0,0,0,0,0.0,0.0,0,
178,2026-10-09T15:35:12.019660+00:00,178.00197423400004,loop4,1.0012107180000385,354304,0,43,0,0,0,0,0,0.0,0.0,0,
178,2026-10-09T15:35:12.019660+00:00,178.00197423400004,loop5,1.0012107180000385,18432,0,12,0,0,0,0,0,0.0,0.0,0,
178,2026-10-09T15:35:12.019660+00:00,178.00197423400004,loop6,1.0012107180000385,0,0,0,0,0,0,0,0,0.0,0.0,0,
178,2026-10-09T15:35:12.019660+00:00,178.00197423400004,loop7,1.0012107180000385,0,0,0,0,0,0,0,0,0.0,0.0,0,
178,2026-10-09T15:35:12.019660+00:00,178.00197423400004,sr0,1.0012107180000385,1536,0,8,0,0,0,0,0,0.0,0.0,0,
178,2026-10-09T15:35:12.019660+00:00,178.00197423400004,sda,1.0012107180000385,356339200,26320723968,7904,104524,0,0,0,0,0.0,0.0,0,
178,2026-10-09T15:35:12.019660+00:00,178.00197423400004,sda1,1.0012107180000385,319488,0,78,0,0,0,0,0,0.0,0.0,0,
178,2026-10-09T15:35:12.019660+00:00,178.00197423400004,sda2,1.0012107180000385,326788096,285855744,6594,46462,0,0,0,0,0.0,0.0,0,
178,2026-10-09T15:35:12.019660+00:00,178.00197423400004,sda3,1.0012107180000385,5571584,118784,155,25,0,0,0,0,0.0,0.0,0,
178,2026-10-09T15:35:12.019660+00:00,178.00197423400004,sda4,1.0012107180000385,4657152,0,116,0,0,0,0,0,0.0,0.0,0,
178,2026-10-09T15:35:12.019660+00:00,178.00197423400004,sda5,1.0012107180000385,16548864,26034749440,826,58037,0,0,0,0,0.0,0.0,0,
179,2026-10-09T15:35:13.018753+00:00,179.00104444299996,loop0,0.9990928300003361,374784,0,51,0,0,0,0,0,0.0,0.0,0,
179,2026-10-09T15:35:13.018753+00:00,179.00104444299996,loop1,0.9990928300003361,2107392,0,217,0,0,0,0,0,0.0,0.0,0,
179,2026-10-09T15:35:13.018753+00:00,179.00104444299996,loop2,0.9990928300003361,1106944,0,51,0,0,0,0,0,0.0,0.0,0,
179,2026-10-09T15:35:13.018753+00:00,179.00104444299996,loop3,0.9990928300003361,1141760,0,66,0,0,0,0,0,0.0,0.0,0,
179,2026-10-09T15:35:13.018753+00:00,179.00104444299996,loop4,0.9990928300003361,354304,0,43,0,0,0,0,0,0.0,0.0,0,
179,2026-10-09T15:35:13.018753+00:00,179.00104444299996,loop5,0.9990928300003361,18432,0,12,0,0,0,0,0,0.0,0.0,0,
179,2026-10-09T15:35:13.018753+00:00,179.00104444299996,loop6,0.9990928300003361,0,0,0,0,0,0,0,0,0.0,0.0,0,
179,2026-10-09T15:35:13.018753+00:00,179.00104444299996,loop7,0.9990928300003361,0,0,0,0,0,0,0,0,0.0,0.0,0,
179,2026-10-09T15:35:13.018753+00:00,179.00104444299996,sr0,0.9990928300003361,1536,0,8,0,0,0,0,0,0.0,0.0,0,
179,2026-10-09T15:35:13.018753+00:00,179.00104444299996,sda,0.9990928300003361,356339200,26320797696,7904,104535,0,73728,0,11,0.0,73794.94455983154,112,
179,2026-10-09T15:35:13.018753+00:00,179.00104444299996,sda1,0.9990928300003361,319488,0,78,0,0,0,0,0,0.0,0.0,0,
179,2026-10-09T15:35:13.018753+00:00,179.00104444299996,sda2,0.9990928300003361,326788096,285929472,6594,46473,0,73728,0,11,0.0,73794.94455983154,112,
179,2026-10-09T15:35:13.018753+00:00,179.00104444299996,sda3,0.9990928300003361,5571584,118784,155,25,0,0,0,0,0.0,0.0,0,
179,2026-10-09T15:35:13.018753+00:00,179.00104444299996,sda4,0.9990928300003361,4657152,0,116,0,0,0,0,0,0.0,0.0,0,
179,2026-10-09T15:35:13.018753+00:00,179.00104444299996,sda5,0.9990928300003361,16548864,26034749440,826,58037,0,0,0,0,0.0,0.0,0,
180,2026-10-09T15:35:14.024457+00:00,180.00667287099986,loop0,1.005703879000066,374784,0,51,0,0,0,0,0,0.0,0.0,0,
180,2026-10-09T15:35:14.024457+00:00,180.00667287099986,loop1,1.005703879000066,2107392,0,217,0,0,0,0,0,0.0,0.0,0,
180,2026-10-09T15:35:14.024457+00:00,180.00667287099986,loop2,1.005703879000066,1106944,0,51,0,0,0,0,0,0.0,0.0,0,
180,2026-10-09T15:35:14.024457+00:00,180.00667287099986,loop3,1.005703879000066,1141760,0,66,0,0,0,0,0,0.0,0.0,0,
180,2026-10-09T15:35:14.024457+00:00,180.00667287099986,loop4,1.005703879000066,354304,0,43,0,0,0,0,0,0.0,0.0,0,
180,2026-10-09T15:35:14.024457+00:00,180.00667287099986,loop5,1.005703879000066,18432,0,12,0,0,0,0,0,0.0,0.0,0,
180,2026-10-09T15:35:14.024457+00:00,180.00667287099986,loop6,1.005703879000066,0,0,0,0,0,0,0,0,0.0,0.0,0,
180,2026-10-09T15:35:14.024457+00:00,180.00667287099986,loop7,1.005703879000066,0,0,0,0,0,0,0,0,0.0,0.0,0,
180,2026-10-09T15:35:14.024457+00:00,180.00667287099986,sr0,1.005703879000066,1536,0,8,0,0,0,0,0,0.0,0.0,0,
180,2026-10-09T15:35:14.024457+00:00,180.00667287099986,sda,1.005703879000066,356339200,26320797696,7904,104535,0,0,0,0,0.0,0.0,0,
180,2026-10-09T15:35:14.024457+00:00,180.00667287099986,sda1,1.005703879000066,319488,0,78,0,0,0,0,0,0.0,0.0,0,
180,2026-10-09T15:35:14.024457+00:00,180.00667287099986,sda2,1.005703879000066,326788096,285929472,6594,46473,0,0,0,0,0.0,0.0,0,
180,2026-10-09T15:35:14.024457+00:00,180.00667287099986,sda3,1.005703879000066,5571584,118784,155,25,0,0,0,0,0.0,0.0,0,
180,2026-10-09T15:35:14.024457+00:00,180.00667287099986,sda4,1.005703879000066,4657152,0,116,0,0,0,0,0,0.0,0.0,0,
180,2026-10-09T15:35:14.024457+00:00,180.00667287099986,sda5,1.005703879000066,16548864,26034749440,826,58037,0,0,0,0,0.0,0.0,0,
181,2026-10-09T15:35:15.019033+00:00,181.00106027400034,loop0,0.9945759399997769,374784,0,51,0,0,0,0,0,0.0,0.0,0,
181,2026-10-09T15:35:15.019033+00:00,181.00106027400034,loop1,0.9945759399997769,2107392,0,217,0,0,0,0,0,0.0,0.0,0,
181,2026-10-09T15:35:15.019033+00:00,181.00106027400034,loop2,0.9945759399997769,1106944,0,51,0,0,0,0,0,0.0,0.0,0,
181,2026-10-09T15:35:15.019033+00:00,181.00106027400034,loop3,0.9945759399997769,1141760,0,66,0,0,0,0,0,0.0,0.0,0,
181,2026-10-09T15:35:15.019033+00:00,181.00106027400034,loop4,0.9945759399997769,354304,0,43,0,0,0,0,0,0.0,0.0,0,
181,2026-10-09T15:35:15.019033+00:00,181.00106027400034,loop5,0.9945759399997769,18432,0,12,0,0,0,0,0,0.0,0.0,0,
181,2026-10-09T15:35:15.019033+00:00,181.00106027400034,loop6,0.9945759399997769,0,0,0,0,0,0,0,0,0.0,0.0,0,
181,2026-10-09T15:35:15.019033+00:00,181.00106027400034,loop7,0.9945759399997769,0,0,0,0,0,0,0,0,0.0,0.0,0,
181,2026-10-09T15:35:15.019033+00:00,181.00106027400034,sr0,0.9945759399997769,1536,0,8,0,0,0,0,0,0.0,0.0,0,
181,2026-10-09T15:35:15.019033+00:00,181.00106027400034,sda,0.9945759399997769,356339200,26320814080,7904,104537,0,16384,0,2,0.0,16473.35245210504,16,
181,2026-10-09T15:35:15.019033+00:00,181.00106027400034,sda1,0.9945759399997769,319488,0,78,0,0,0,0,0,0.0,0.0,0,
181,2026-10-09T15:35:15.019033+00:00,181.00106027400034,sda2,0.9945759399997769,326788096,285929472,6594,46473,0,0,0,0,0.0,0.0,0,
181,2026-10-09T15:35:15.019033+00:00,181.00106027400034,sda3,0.9945759399997769,5571584,118784,155,25,0,0,0,0,0.0,0.0,0,
181,2026-10-09T15:35:15.019033+00:00,181.00106027400034,sda4,0.9945759399997769,4657152,0,116,0,0,0,0,0,0.0,0.0,0,
181,2026-10-09T15:35:15.019033+00:00,181.00106027400034,sda5,0.9945759399997769,16548864,26034765824,826,58039,0,16384,0,2,0.0,16473.35245210504,16,
182,2026-10-09T15:35:16.018931+00:00,182.0012008950007,loop0,0.9998979250003686,374784,0,51,0,0,0,0,0,0.0,0.0,0,
182,2026-10-09T15:35:16.018931+00:00,182.0012008950007,loop1,0.9998979250003686,2107392,0,217,0,0,0,0,0,0.0,0.0,0,
182,2026-10-09T15:35:16.018931+00:00,182.0012008950007,loop2,0.9998979250003686,1106944,0,51,0,0,0,0,0,0.0,0.0,0,
182,2026-10-09T15:35:16.018931+00:00,182.0012008950007,loop3,0.9998979250003686,1141760,0,66,0,0,0,0,0,0.0,0.0,0,
182,2026-10-09T15:35:16.018931+00:00,182.0012008950007,loop4,0.9998979250003686,354304,0,43,0,0,0,0,0,0.0,0.0,0,
182,2026-10-09T15:35:16.018931+00:00,182.0012008950007,loop5,0.9998979250003686,18432,0,12,0,0,0,0,0,0.0,0.0,0,
182,2026-10-09T15:35:16.018931+00:00,182.0012008950007,loop6,0.9998979250003686,0,0,0,0,0,0,0,0,0.0,0.0,0,
182,2026-10-09T15:35:16.018931+00:00,182.0012008950007,loop7,0.9998979250003686,0,0,0,0,0,0,0,0,0.0,0.0,0,
182,2026-10-09T15:35:16.018931+00:00,182.0012008950007,sr0,0.9998979250003686,1536,0,8,0,0,0,0,0,0.0,0.0,0,
182,2026-10-09T15:35:16.018931+00:00,182.0012008950007,sda,0.9998979250003686,356339200,26320814080,7904,104537,0,0,0,0,0.0,0.0,0,
182,2026-10-09T15:35:16.018931+00:00,182.0012008950007,sda1,0.9998979250003686,319488,0,78,0,0,0,0,0,0.0,0.0,0,
182,2026-10-09T15:35:16.018931+00:00,182.0012008950007,sda2,0.9998979250003686,326788096,285929472,6594,46473,0,0,0,0,0.0,0.0,0,
182,2026-10-09T15:35:16.018931+00:00,182.0012008950007,sda3,0.9998979250003686,5571584,118784,155,25,0,0,0,0,0.0,0.0,0,
182,2026-10-09T15:35:16.018931+00:00,182.0012008950007,sda4,0.9998979250003686,4657152,0,116,0,0,0,0,0,0.0,0.0,0,
182,2026-10-09T15:35:16.018931+00:00,182.0012008950007,sda5,0.9998979250003686,16548864,26034765824,826,58039,0,0,0,0,0.0,0.0,0,
183,2026-10-09T15:35:17.018836+00:00,183.00105458800044,loop0,0.9999051939994388,374784,0,51,0,0,0,0,0,0.0,0.0,0,
183,2026-10-09T15:35:17.018836+00:00,183.00105458800044,loop1,0.9999051939994388,2107392,0,217,0,0,0,0,0,0.0,0.0,0,
183,2026-10-09T15:35:17.018836+00:00,183.00105458800044,loop2,0.9999051939994388,1106944,0,51,0,0,0,0,0,0.0,0.0,0,
183,2026-10-09T15:35:17.018836+00:00,183.00105458800044,loop3,0.9999051939994388,1141760,0,66,0,0,0,0,0,0.0,0.0,0,
183,2026-10-09T15:35:17.018836+00:00,183.00105458800044,loop4,0.9999051939994388,354304,0,43,0,0,0,0,0,0.0,0.0,0,
183,2026-10-09T15:35:17.018836+00:00,183.00105458800044,loop5,0.9999051939994388,18432,0,12,0,0,0,0,0,0.0,0.0,0,
183,2026-10-09T15:35:17.018836+00:00,183.00105458800044,loop6,0.9999051939994388,0,0,0,0,0,0,0,0,0.0,0.0,0,
183,2026-10-09T15:35:17.018836+00:00,183.00105458800044,loop7,0.9999051939994388,0,0,0,0,0,0,0,0,0.0,0.0,0,
183,2026-10-09T15:35:17.018836+00:00,183.00105458800044,sr0,0.9999051939994388,1536,0,8,0,0,0,0,0,0.0,0.0,0,
183,2026-10-09T15:35:17.018836+00:00,183.00105458800044,sda,0.9999051939994388,356339200,26320814080,7904,104537,0,0,0,0,0.0,0.0,0,
183,2026-10-09T15:35:17.018836+00:00,183.00105458800044,sda1,0.9999051939994388,319488,0,78,0,0,0,0,0,0.0,0.0,0,
183,2026-10-09T15:35:17.018836+00:00,183.00105458800044,sda2,0.9999051939994388,326788096,285929472,6594,46473,0,0,0,0,0.0,0.0,0,
183,2026-10-09T15:35:17.018836+00:00,183.00105458800044,sda3,0.9999051939994388,5571584,118784,155,25,0,0,0,0,0.0,0.0,0,
183,2026-10-09T15:35:17.018836+00:00,183.00105458800044,sda4,0.9999051939994388,4657152,0,116,0,0,0,0,0,0.0,0.0,0,
183,2026-10-09T15:35:17.018836+00:00,183.00105458800044,sda5,0.9999051939994388,16548864,26034765824,826,58039,0,0,0,0,0.0,0.0,0,
184,2026-10-09T15:35:18.023324+00:00,184.00550285600002,loop0,1.0044883820000905,374784,0,51,0,0,0,0,0,0.0,0.0,0,
184,2026-10-09T15:35:18.023324+00:00,184.00550285600002,loop1,1.0044883820000905,2107392,0,217,0,0,0,0,0,0.0,0.0,0,
184,2026-10-09T15:35:18.023324+00:00,184.00550285600002,loop2,1.0044883820000905,1106944,0,51,0,0,0,0,0,0.0,0.0,0,
184,2026-10-09T15:35:18.023324+00:00,184.00550285600002,loop3,1.0044883820000905,1141760,0,66,0,0,0,0,0,0.0,0.0,0,
184,2026-10-09T15:35:18.023324+00:00,184.00550285600002,loop4,1.0044883820000905,354304,0,43,0,0,0,0,0,0.0,0.0,0,
184,2026-10-09T15:35:18.023324+00:00,184.00550285600002,loop5,1.0044883820000905,18432,0,12,0,0,0,0,0,0.0,0.0,0,
184,2026-10-09T15:35:18.023324+00:00,184.00550285600002,loop6,1.0044883820000905,0,0,0,0,0,0,0,0,0.0,0.0,0,
184,2026-10-09T15:35:18.023324+00:00,184.00550285600002,loop7,1.0044883820000905,0,0,0,0,0,0,0,0,0.0,0.0,0,
184,2026-10-09T15:35:18.023324+00:00,184.00550285600002,sr0,1.0044883820000905,1536,0,8,0,0,0,0,0,0.0,0.0,0,
184,2026-10-09T15:35:18.023324+00:00,184.00550285600002,sda,1.0044883820000905,356339200,26320871424,7904,104544,0,57344,0,7,0.0,57087.76828838906,60,
184,2026-10-09T15:35:18.023324+00:00,184.00550285600002,sda1,1.0044883820000905,319488,0,78,0,0,0,0,0,0.0,0.0,0,
184,2026-10-09T15:35:18.023324+00:00,184.00550285600002,sda2,1.0044883820000905,326788096,285954048,6594,46475,0,24576,0,2,0.0,24466.186409309597,8,
184,2026-10-09T15:35:18.023324+00:00,184.00550285600002,sda3,1.0044883820000905,5571584,118784,155,25,0,0,0,0,0.0,0.0,0,
184,2026-10-09T15:35:18.023324+00:00,184.00550285600002,sda4,1.0044883820000905,4657152,0,116,0,0,0,0,0,0.0,0.0,0,
184,2026-10-09T15:35:18.023324+00:00,184.00550285600002,sda5,1.0044883820000905,16548864,26034798592,826,58044,0,32768,0,5,0.0,32621.581879079462,52,
185,2026-10-09T15:35:19.019965+00:00,185.00213892200009,loop0,0.9966411920004248,374784,0,51,0,0,0,0,0,0.0,0.0,0,
185,2026-10-09T15:35:19.019965+00:00,185.00213892200009,loop1,0.9966411920004248,2107392,0,217,0,0,0,0,0,0.0,0.0,0,
185,2026-10-09T15:35:19.019965+00:00,185.00213892200009,loop2,0.9966411920004248,1106944,0,51,0,0,0,0,0,0.0,0.0,0,
185,2026-10-09T15:35:19.019965+00:00,185.00213892200009,loop3,0.9966411920004248,1141760,0,66,0,0,0,0,0,0.0,0.0,0,
185,2026-10-09T15:35:19.019965+00:00,185.00213892200009,loop4,0.9966411920004248,354304,0,43,0,0,0,0,0,0.0,0.0,0,
185,2026-10-09T15:35:19.019965+00:00,185.00213892200009,loop5,0.9966411920004248,18432,0,12,0,0,0,0,0,0.0,0.0,0,
185,2026-10-09T15:35:19.019965+00:00,185.00213892200009,loop6,0.9966411920004248,0,0,0,0,0,0,0,0,0.0,0.0,0,
185,2026-10-09T15:35:19.019965+00:00,185.00213892200009,loop7,0.9966411920004248,0,0,0,0,0,0,0,0,0.0,0.0,0,
185,2026-10-09T15:35:19.019965+00:00,185.00213892200009,sr0,0.9966411920004248,1536,0,8,0,0,0,0,0,0.0,0.0,0,
185,2026-10-09T15:35:19.019965+00:00,185.00213892200009,sda,0.9966411920004248,356339200,26320871424,7904,104544,0,0,0,0,0.0,0.0,0,
185,2026-10-09T15:35:19.019965+00:00,185.00213892200009,sda1,0.9966411920004248,319488,0,78,0,0,0,0,0,0.0,0.0,0,
185,2026-10-09T15:35:19.019965+00:00,185.00213892200009,sda2,0.9966411920004248,326788096,285954048,6594,46475,0,0,0,0,0.0,0.0,0,
185,2026-10-09T15:35:19.019965+00:00,185.00213892200009,sda3,0.9966411920004248,5571584,118784,155,25,0,0,0,0,0.0,0.0,0,
185,2026-10-09T15:35:19.019965+00:00,185.00213892200009,sda4,0.9966411920004248,4657152,0,116,0,0,0,0,0,0.0,0.0,0,
185,2026-10-09T15:35:19.019965+00:00,185.00213892200009,sda5,0.9966411920004248,16548864,26034798592,826,58044,0,0,0,0,0.0,0.0,0,
186,2026-10-09T15:35:20.019712+00:00,186.00187013100003,loop0,0.9997469029995045,374784,0,51,0,0,0,0,0,0.0,0.0,0,
186,2026-10-09T15:35:20.019712+00:00,186.00187013100003,loop1,0.9997469029995045,2107392,0,217,0,0,0,0,0,0.0,0.0,0,
186,2026-10-09T15:35:20.019712+00:00,186.00187013100003,loop2,0.9997469029995045,1106944,0,51,0,0,0,0,0,0.0,0.0,0,
186,2026-10-09T15:35:20.019712+00:00,186.00187013100003,loop3,0.9997469029995045,1141760,0,66,0,0,0,0,0,0.0,0.0,0,
186,2026-10-09T15:35:20.019712+00:00,186.00187013100003,loop4,0.9997469029995045,354304,0,43,0,0,0,0,0,0.0,0.0,0,
186,2026-10-09T15:35:20.019712+00:00,186.00187013100003,loop5,0.9997469029995045,18432,0,12,0,0,0,0,0,0.0,0.0,0,
186,2026-10-09T15:35:20.019712+00:00,186.00187013100003,loop6,0.9997469029995045,0,0,0,0,0,0,0,0,0.0,0.0,0,
186,2026-10-09T15:35:20.019712+00:00,186.00187013100003,loop7,0.9997469029995045,0,0,0,0,0,0,0,0,0.0,0.0,0,
186,2026-10-09T15:35:20.019712+00:00,186.00187013100003,sr0,0.9997469029995045,1536,0,8,0,0,0,0,0,0.0,0.0,0,
186,2026-10-09T15:35:20.019712+00:00,186.00187013100003,sda,0.9997469029995045,356339200,26320887808,7904,104546,0,16384,0,2,0.0,16388.147791049592,8,
186,2026-10-09T15:35:20.019712+00:00,186.00187013100003,sda1,0.9997469029995045,319488,0,78,0,0,0,0,0,0.0,0.0,0,
186,2026-10-09T15:35:20.019712+00:00,186.00187013100003,sda2,0.9997469029995045,326788096,285954048,6594,46475,0,0,0,0,0.0,0.0,0,
186,2026-10-09T15:35:20.019712+00:00,186.00187013100003,sda3,0.9997469029995045,5571584,118784,155,25,0,0,0,0,0.0,0.0,0,
186,2026-10-09T15:35:20.019712+00:00,186.00187013100003,sda4,0.9997469029995045,4657152,0,116,0,0,0,0,0,0.0,0.0,0,
186,2026-10-09T15:35:20.019712+00:00,186.00187013100003,sda5,0.9997469029995045,16548864,26034814976,826,58046,0,16384,0,2,0.0,16388.147791049592,8,
187,2026-10-09T15:35:21.018726+00:00,187.00105185600023,loop0,0.9990133230003266,374784,0,51,0,0,0,0,0,0.0,0.0,0,
187,2026-10-09T15:35:21.018726+00:00,187.00105185600023,loop1,0.9990133230003266,2107392,0,217,0,0,0,0,0,0.0,0.0,0,
187,2026-10-09T15:35:21.018726+00:00,187.00105185600023,loop2,0.9990133230003266,1106944,0,51,0,0,0,0,0,0.0,0.0,0,
187,2026-10-09T15:35:21.018726+00:00,187.00105185600023,loop3,0.9990133230003266,1141760,0,66,0,0,0,0,0,0.0,0.0,0,
187,2026-10-09T15:35:21.018726+00:00,187.00105185600023,loop4,0.9990133230003266,354304,0,43,0,0,0,0,0,0.0,0.0,0,
187,2026-10-09T15:35:21.018726+00:00,187.00105185600023,loop5,0.9990133230003266,18432,0,12,0,0,0,0,0,0.0,0.0,0,
187,2026-10-09T15:35:21.018726+00:00,187.00105185600023,loop6,0.9990133230003266,0,0,0,0,0,0,0,0,0.0,0.0,0,
187,2026-10-09T15:35:21.018726+00:00,187.00105185600023,loop7,0.9990133230003266,0,0,0,0,0,0,0,0,0.0,0.0,0,
187,2026-10-09T15:35:21.018726+00:00,187.00105185600023,sr0,0.9990133230003266,1536,0,8,0,0,0,0,0,0.0,0.0,0,
187,2026-10-09T15:35:21.018726+00:00,187.00105185600023,sda,0.9990133230003266,356339200,26320916480,7904,104548,0,28672,0,2,0.0,28700.31794359826,4,
187,2026-10-09T15:35:21.018726+00:00,187.00105185600023,sda1,0.9990133230003266,319488,0,78,0,0,0,0,0,0.0,0.0,0,
187,2026-10-09T15:35:21.018726+00:00,187.00105185600023,sda2,0.9990133230003266,326788096,285982720,6594,46477,0,28672,0,2,0.0,28700.31794359826,4,
187,2026-10-09T15:35:21.018726+00:00,187.00105185600023,sda3,0.9990133230003266,5571584,118784,155,25,0,0,0,0,0.0,0.0,0,
187,2026-10-09T15:35:21.018726+00:00,187.00105185600023,sda4,0.9990133230003266,4657152,0,116,0,0,0,0,0,0.0,0.0,0,
187,2026-10-09T15:35:21.018726+00:00,187.00105185600023,sda5,0.9990133230003266,16548864,26034814976,826,58046,0,0,0,0,0.0,0.0,0,
188,2026-10-09T15:35:22.018853+00:00,188.0010527200002,loop0,1.0001272029994652,374784,0,51,0,0,0,0,0,0.0,0.0,0,
188,2026-10-09T15:35:22.018853+00:00,188.0010527200002,loop1,1.0001272029994652,2107392,0,217,0,0,0,0,0,0.0,0.0,0,
188,2026-10-09T15:35:22.018853+00:00,188.0010527200002,loop2,1.0001272029994652,1106944,0,51,0,0,0,0,0,0.0,0.0,0,
188,2026-10-09T15:35:22.018853+00:00,188.0010527200002,loop3,1.0001272029994652,1141760,0,66,0,0,0,0,0,0.0,0.0,0,
188,2026-10-09T15:35:22.018853+00:00,188.0010527200002,loop4,1.0001272029994652,354304,0,43,0,0,0,0,0,0.0,0.0,0,
188,2026-10-09T15:35:22.018853+00:00,188.0010527200002,loop5,1.0001272029994652,18432,0,12,0,0,0,0,0,0.0,0.0,0,
188,2026-10-09T15:35:22.018853+00:00,188.0010527200002,loop6,1.0001272029994652,0,0,0,0,0,0,0,0,0.0,0.0,0,
188,2026-10-09T15:35:22.018853+00:00,188.0010527200002,loop7,1.0001272029994652,0,0,0,0,0,0,0,0,0.0,0.0,0,
188,2026-10-09T15:35:22.018853+00:00,188.0010527200002,sr0,1.0001272029994652,1536,0,8,0,0,0,0,0,0.0,0.0,0,
188,2026-10-09T15:35:22.018853+00:00,188.0010527200002,sda,1.0001272029994652,356339200,26320977920,7904,104551,0,61440,0,3,0.0,61432.185641722666,4,
188,2026-10-09T15:35:22.018853+00:00,188.0010527200002,sda1,1.0001272029994652,319488,0,78,0,0,0,0,0,0.0,0.0,0,
188,2026-10-09T15:35:22.018853+00:00,188.0010527200002,sda2,1.0001272029994652,326788096,285982720,6594,46477,0,0,0,0,0.0,0.0,0,
188,2026-10-09T15:35:22.018853+00:00,188.0010527200002,sda3,1.0001272029994652,5571584,118784,155,25,0,0,0,0,0.0,0.0,0,
188,2026-10-09T15:35:22.018853+00:00,188.0010527200002,sda4,1.0001272029994652,4657152,0,116,0,0,0,0,0,0.0,0.0,0,
188,2026-10-09T15:35:22.018853+00:00,188.0010527200002,sda5,1.0001272029994652,16548864,26034876416,826,58049,0,61440,0,3,0.0,61432.185641722666,4,
189,2026-10-09T15:35:23.019057+00:00,189.00132152600054,loop0,1.000203913000405,374784,0,51,0,0,0,0,0,0.0,0.0,0,
189,2026-10-09T15:35:23.019057+00:00,189.00132152600054,loop1,1.000203913000405,2107392,0,217,0,0,0,0,0,0.0,0.0,0,
189,2026-10-09T15:35:23.019057+00:00,189.00132152600054,loop2,1.000203913000405,1106944,0,51,0,0,0,0,0,0.0,0.0,0,
189,2026-10-09T15:35:23.019057+00:00,189.00132152600054,loop3,1.000203913000405,1141760,0,66,0,0,0,0,0,0.0,0.0,0,
189,2026-10-09T15:35:23.019057+00:00,189.00132152600054,loop4,1.000203913000405,354304,0,43,0,0,0,0,0,0.0,0.0,0,
189,2026-10-09T15:35:23.019057+00:00,189.00132152600054,loop5,1.000203913000405,18432,0,12,0,0,0,0,0,0.0,0.0,0,
189,2026-10-09T15:35:23.019057+00:00,189.00132152600054,loop6,1.000203913000405,0,0,0,0,0,0,0,0,0.0,0.0,0,
189,2026-10-09T15:35:23.019057+00:00,189.00132152600054,loop7,1.000203913000405,0,0,0,0,0,0,0,0,0.0,0.0,0,
189,2026-10-09T15:35:23.019057+00:00,189.00132152600054,sr0,1.000203913000405,1536,0,8,0,0,0,0,0,0.0,0.0,0,
189,2026-10-09T15:35:23.019057+00:00,189.00132152600054,sda,1.000203913000405,356339200,26321027072,7904,104553,0,49152,0,2,0.0,49141.97931155274,8,
189,2026-10-09T15:35:23.019057+00:00,189.00132152600054,sda1,1.000203913000405,319488,0,78,0,0,0,0,0,0.0,0.0,0,
189,2026-10-09T15:35:23.019057+00:00,189.00132152600054,sda2,1.000203913000405,326788096,286031872,6594,46479,0,49152,0,2,0.0,49141.97931155274,8,
189,2026-10-09T15:35:23.019057+00:00,189.00132152600054,sda3,1.000203913000405,5571584,118784,155,25,0,0,0,0,0.0,0.0,0,
189,2026-10-09T15:35:23.019057+00:00,189.00132152600054,sda4,1.000203913000405,4657152,0,116,0,0,0,0,0,0.0,0.0,0,
189,2026-10-09T15:35:23.019057+00:00,189.00132152600054,sda5,1.000203913000405,16548864,26034876416,826,58049,0,0,0,0,0.0,0.0,0,
190,2026-10-09T15:35:24.019273+00:00,190.00150276100067,loop0,1.0002163270000892,374784,0,51,0,0,0,0,0,0.0,0.0,0,
190,2026-10-09T15:35:24.019273+00:00,190.00150276100067,loop1,1.0002163270000892,2107392,0,217,0,0,0,0,0,0.0,0.0,0,
190,2026-10-09T15:35:24.019273+00:00,190.00150276100067,loop2,1.0002163270000892,1106944,0,51,0,0,0,0,0,0.0,0.0,0,
190,2026-10-09T15:35:24.019273+00:00,190.00150276100067,loop3,1.0002163270000892,1141760,0,66,0,0,0,0,0,0.0,0.0,0,
190,2026-10-09T15:35:24.019273+00:00,190.00150276100067,loop4,1.0002163270000892,354304,0,43,0,0,0,0,0,0.0,0.0,0,
190,2026-10-09T15:35:24.019273+00:00,190.00150276100067,loop5,1.0002163270000892,18432,0,12,0,0,0,0,0,0.0,0.0,0,
190,2026-10-09T15:35:24.019273+00:00,190.00150276100067,loop6,1.0002163270000892,0,0,0,0,0,0,0,0,0.0,0.0,0,
190,2026-10-09T15:35:24.019273+00:00,190.00150276100067,loop7,1.0002163270000892,0,0,0,0,0,0,0,0,0.0,0.0,0,
190,2026-10-09T15:35:24.019273+00:00,190.00150276100067,sr0,1.0002163270000892,1536,0,8,0,0,0,0,0,0.0,0.0,0,
190,2026-10-09T15:35:24.019273+00:00,190.00150276100067,sda,1.0002163270000892,356339200,26321027072,7904,104553,0,0,0,0,0.0,0.0,0,
190,2026-10-09T15:35:24.019273+00:00,190.00150276100067,sda1,1.0002163270000892,319488,0,78,0,0,0,0,0,0.0,0.0,0,
190,2026-10-09T15:35:24.019273+00:00,190.00150276100067,sda2,1.0002163270000892,326788096,286031872,6594,46479,0,0,0,0,0.0,0.0,0,
190,2026-10-09T15:35:24.019273+00:00,190.00150276100067,sda3,1.0002163270000892,5571584,118784,155,25,0,0,0,0,0.0,0.0,0,
190,2026-10-09T15:35:24.019273+00:00,190.00150276100067,sda4,1.0002163270000892,4657152,0,116,0,0,0,0,0,0.0,0.0,0,
190,2026-10-09T15:35:24.019273+00:00,190.00150276100067,sda5,1.0002163270000892,16548864,26034876416,826,58049,0,0,0,0,0.0,0.0,0,
191,2026-10-09T15:35:25.019497+00:00,191.00182444199982,loop0,1.0002237319995402,374784,0,51,0,0,0,0,0,0.0,0.0,0,
191,2026-10-09T15:35:25.019497+00:00,191.00182444199982,loop1,1.0002237319995402,2107392,0,217,0,0,0,0,0,0.0,0.0,0,
191,2026-10-09T15:35:25.019497+00:00,191.00182444199982,loop2,1.0002237319995402,1106944,0,51,0,0,0,0,0,0.0,0.0,0,
191,2026-10-09T15:35:25.019497+00:00,191.00182444199982,loop3,1.0002237319995402,1141760,0,66,0,0,0,0,0,0.0,0.0,0,
191,2026-10-09T15:35:25.019497+00:00,191.00182444199982,loop4,1.0002237319995402,354304,0,43,0,0,0,0,0,0.0,0.0,0,
191,2026-10-09T15:35:25.019497+00:00,191.00182444199982,loop5,1.0002237319995402,18432,0,12,0,0,0,0,0,0.0,0.0,0,
191,2026-10-09T15:35:25.019497+00:00,191.00182444199982,loop6,1.0002237319995402,0,0,0,0,0,0,0,0,0.0,0.0,0,
191,2026-10-09T15:35:25.019497+00:00,191.00182444199982,loop7,1.0002237319995402,0,0,0,0,0,0,0,0,0.0,0.0,0,
191,2026-10-09T15:35:25.019497+00:00,191.00182444199982,sr0,1.0002237319995402,1536,0,8,0,0,0,0,0,0.0,0.0,0,
191,2026-10-09T15:35:25.019497+00:00,191.00182444199982,sda,1.0002237319995402,356339200,26321027072,7904,104553,0,0,0,0,0.0,0.0,0,
191,2026-10-09T15:35:25.019497+00:00,191.00182444199982,sda1,1.0002237319995402,319488,0,78,0,0,0,0,0,0.0,0.0,0,
191,2026-10-09T15:35:25.019497+00:00,191.00182444199982,sda2,1.0002237319995402,326788096,286031872,6594,46479,0,0,0,0,0.0,0.0,0,
191,2026-10-09T15:35:25.019497+00:00,191.00182444199982,sda3,1.0002237319995402,5571584,118784,155,25,0,0,0,0,0.0,0.0,0,
191,2026-10-09T15:35:25.019497+00:00,191.00182444199982,sda4,1.0002237319995402,4657152,0,116,0,0,0,0,0,0.0,0.0,0,
191,2026-10-09T15:35:25.019497+00:00,191.00182444199982,sda5,1.0002237319995402,16548864,26034876416,826,58049,0,0,0,0,0.0,0.0,0,
192,2026-10-09T15:35:26.018805+00:00,192.00105513400013,loop0,0.9993082630007848,374784,0,51,0,0,0,0,0,0.0,0.0,0,
192,2026-10-09T15:35:26.018805+00:00,192.00105513400013,loop1,0.9993082630007848,2107392,0,217,0,0,0,0,0,0.0,0.0,0,
192,2026-10-09T15:35:26.018805+00:00,192.00105513400013,loop2,0.9993082630007848,1106944,0,51,0,0,0,0,0,0.0,0.0,0,
192,2026-10-09T15:35:26.018805+00:00,192.00105513400013,loop3,0.9993082630007848,1141760,0,66,0,0,0,0,0,0.0,0.0,0,
192,2026-10-09T15:35:26.018805+00:00,192.00105513400013,loop4,0.9993082630007848,354304,0,43,0,0,0,0,0,0.0,0.0,0,
192,2026-10-09T15:35:26.018805+00:00,192.00105513400013,loop5,0.9993082630007848,18432,0,12,0,0,0,0,0,0.0,0.0,0,
192,2026-10-09T15:35:26.018805+00:00,192.00105513400013,loop6,0.9993082630007848,0,0,0,0,0,0,0,0,0.0,0.0,0,
192,2026-10-09T15:35:26.018805+00:00,192.00105513400013,loop7,0.9993082630007848,0,0,0,0,0,0,0,0,0.0,0.0,0,
192,2026-10-09T15:35:26.018805+00:00,192.00105513400013,sr0,0.9993082630007848,1536,0,8,0,0,0,0,0,0.0,0.0,0,
192,2026-10-09T15:35:26.018805+00:00,192.00105513400013,sda,0.9993082630007848,356339200,26324017152,7904,105081,0,2990080,0,528,0.0,2992149.780710511,608,
192,2026-10-09T15:35:26.018805+00:00,192.00105513400013,sda1,0.9993082630007848,319488,0,78,0,0,0,0,0,0.0,0.0,0,
192,2026-10-09T15:35:26.018805+00:00,192.00105513400013,sda2,0.9993082630007848,326788096,288976896,6594,47005,0,2945024,0,526,0.0,2947062.5922340513,600,
192,2026-10-09T15:35:26.018805+00:00,192.00105513400013,sda3,0.9993082630007848,5571584,118784,155,25,0,0,0,0,0.0,0.0,0,
192,2026-10-09T15:35:26.018805+00:00,192.00105513400013,sda4,0.9993082630007848,4657152,0,116,0,0,0,0,0,0.0,0.0,0,
192,2026-10-09T15:35:26.018805+00:00,192.00105513400013,sda5,0.9993082630007848,16548864,26034921472,826,58051,0,45056,0,2,0.0,45087.188476459756,8,
193,2026-10-09T15:35:27.018985+00:00,193.00119800500033,loop0,1.0001800799991543,374784,0,51,0,0,0,0,0,0.0,0.0,0,
193,2026-10-09T15:35:27.018985+00:00,193.00119800500033,loop1,1.0001800799991543,2107392,0,217,0,0,0,0,0,0.0,0.0,0,
193,2026-10-09T15:35:27.018985+00:00,193.00119800500033,loop2,1.0001800799991543,1106944,0,51,0,0,0,0,0,0.0,0.0,0,
193,2026-10-09T15:35:27.018985+00:00,193.00119800500033,loop3,1.0001800799991543,1141760,0,66,0,0,0,0,0,0.0,0.0,0,
193,2026-10-09T15:35:27.018985+00:00,193.00119800500033,loop4,1.0001800799991543,354304,0,43,0,0,0,0,0,0.0,0.0,0,
193,2026-10-09T15:35:27.018985+00:00,193.00119800500033,loop5,1.0001800799991543,18432,0,12,0,0,0,0,0,0.0,0.0,0,
193,2026-10-09T15:35:27.018985+00:00,193.00119800500033,loop6,1.0001800799991543,0,0,0,0,0,0,0,0,0.0,0.0,0,
193,2026-10-09T15:35:27.018985+00:00,193.00119800500033,loop7,1.0001800799991543,0,0,0,0,0,0,0,0,0.0,0.0,0,
193,2026-10-09T15:35:27.018985+00:00,193.00119800500033,sr0,1.0001800799991543,1536,0,8,0,0,0,0,0,0.0,0.0,0,
193,2026-10-09T15:35:27.018985+00:00,193.00119800500033,sda,1.0001800799991543,356339200,26324049920,7904,105085,0,32768,0,4,0.0,32762.10020102351,256,
193,2026-10-09T15:35:27.018985+00:00,193.00119800500033,sda1,1.0001800799991543,319488,0,78,0,0,0,0,0,0.0,0.0,0,
193,2026-10-09T15:35:27.018985+00:00,193.00119800500033,sda2,1.0001800799991543,326788096,289009664,6594,47009,0,32768,0,4,0.0,32762.10020102351,256,
193,2026-10-09T15:35:27.018985+00:00,193.00119800500033,sda3,1.0001800799991543,5571584,118784,155,25,0,0,0,0,0.0,0.0,0,
193,2026-10-09T15:35:27.018985+00:00,193.00119800500033,sda4,1.0001800799991543,4657152,0,116,0,0,0,0,0,0.0,0.0,0,
193,2026-10-09T15:35:27.018985+00:00,193.00119800500033,sda5,1.0001800799991543,16548864,26034921472,826,58051,0,0,0,0,0.0,0.0,0,
194,2026-10-09T15:35:28.019483+00:00,194.00132453800052,loop0,1.0004981440006304,374784,0,51,0,0,0,0,0,0.0,0.0,0,
194,2026-10-09T15:35:28.019483+00:00,194.00132453800052,loop1,1.0004981440006304,2107392,0,217,0,0,0,0,0,0.0,0.0,0,
194,2026-10-09T15:35:28.019483+00:00,194.00132453800052,loop2,1.0004981440006304,1106944,0,51,0,0,0,0,0,0.0,0.0,0,
194,2026-10-09T15:35:28.019483+00:00,194.00132453800052,loop3,1.0004981440006304,1141760,0,66,0,0,0,0,0,0.0,0.0,0,
194,2026-10-09T15:35:28.019483+00:00,194.00132453800052,loop4,1.0004981440006304,354304,0,43,0,0,0,0,0,0.0,0.0,0,
194,2026-10-09T15:35:28.019483+00:00,194.00132453800052,loop5,1.0004981440006304,18432,0,12,0,0,0,0,0,0.0,0.0,0,
194,2026-10-09T15:35:28.019483+00:00,194.00132453800052,loop6,1.0004981440006304,0,0,0,0,0,0,0,0,0.0,0.0,0,
194,2026-10-09T15:35:28.019483+00:00,194.00132453800052,loop7,1.0004981440006304,0,0,0,0,0,0,0,0,0.0,0.0,0,
194,2026-10-09T15:35:28.019483+00:00,194.00132453800052,sr0,1.0004981440006304,1536,0,8,0,0,0,0,0,0.0,0.0,0,
194,2026-10-09T15:35:28.019483+00:00,194.00132453800052,sda,1.0004981440006304,356339200,26324049920,7904,105085,0,0,0,0,0.0,0.0,0,
194,2026-10-09T15:35:28.019483+00:00,194.00132453800052,sda1,1.0004981440006304,319488,0,78,0,0,0,0,0,0.0,0.0,0,
194,2026-10-09T15:35:28.019483+00:00,194.00132453800052,sda2,1.0004981440006304,326788096,289009664,6594,47009,0,0,0,0,0.0,0.0,0,
194,2026-10-09T15:35:28.019483+00:00,194.00132453800052,sda3,1.0004981440006304,5571584,118784,155,25,0,0,0,0,0.0,0.0,0,
194,2026-10-09T15:35:28.019483+00:00,194.00132453800052,sda4,1.0004981440006304,4657152,0,116,0,0,0,0,0,0.0,0.0,0,
194,2026-10-09T15:35:28.019483+00:00,194.00132453800052,sda5,1.0004981440006304,16548864,26034921472,826,58051,0,0,0,0,0.0,0.0,0,
195,2026-10-09T15:35:29.018964+00:00,195.00113271700047,loop0,0.9994808740002554,374784,0,51,0,0,0,0,0,0.0,0.0,0,
195,2026-10-09T15:35:29.018964+00:00,195.00113271700047,loop1,0.9994808740002554,2107392,0,217,0,0,0,0,0,0.0,0.0,0,
195,2026-10-09T15:35:29.018964+00:00,195.00113271700047,loop2,0.9994808740002554,1106944,0,51,0,0,0,0,0,0.0,0.0,0,
195,2026-10-09T15:35:29.018964+00:00,195.00113271700047,loop3,0.9994808740002554,1141760,0,66,0,0,0,0,0,0.0,0.0,0,
195,2026-10-09T15:35:29.018964+00:00,195.00113271700047,loop4,0.9994808740002554,354304,0,43,0,0,0,0,0,0.0,0.0,0,
195,2026-10-09T15:35:29.018964+00:00,195.00113271700047,loop5,0.9994808740002554,18432,0,12,0,0,0,0,0,0.0,0.0,0,
195,2026-10-09T15:35:29.018964+00:00,195.00113271700047,loop6,0.9994808740002554,0,0,0,0,0,0,0,0,0.0,0.0,0,
195,2026-10-09T15:35:29.018964+00:00,195.00113271700047,loop7,0.9994808740002554,0,0,0,0,0,0,0,0,0.0,0.0,0,
195,2026-10-09T15:35:29.018964+00:00,195.00113271700047,sr0,0.9994808740002554,1536,0,8,0,0,0,0,0,0.0,0.0,0,
195,2026-10-09T15:35:29.018964+00:00,195.00113271700047,sda,0.9994808740002554,356339200,26324111360,7904,105098,0,61440,0,13,0.0,61471.91166760065,8,
195,2026-10-09T15:35:29.018964+00:00,195.00113271700047,sda1,0.9994808740002554,319488,0,78,0,0,0,0,0,0.0,0.0,0,
195,2026-10-09T15:35:29.018964+00:00,195.00113271700047,sda2,0.9994808740002554,326788096,289042432,6594,47016,0,32768,0,7,0.0,32785.01955605368,8,
195,2026-10-09T15:35:29.018964+00:00,195.00113271700047,sda3,0.9994808740002554,5571584,118784,155,25,0,0,0,0,0.0,0.0,0,
195,2026-10-09T15:35:29.018964+00:00,195.00113271700047,sda4,0.9994808740002554,4657152,0,116,0,0,0,0,0,0.0,0.0,0,
195,2026-10-09T15:35:29.018964+00:00,195.00113271700047,sda5,0.9994808740002554,16548864,26034950144,826,58057,0,28672,0,6,0.0,28686.89211154697,8,
196,2026-10-09T15:35:30.018744+00:00,196.00105517500015,loop0,0.9997793589991488,374784,0,51,0,0,0,0,0,0.0,0.0,0,
196,2026-10-09T15:35:30.018744+00:00,196.00105517500015,loop1,0.9997793589991488,2107392,0,217,0,0,0,0,0,0.0,0.0,0,
196,2026-10-09T15:35:30.018744+00:00,196.00105517500015,loop2,0.9997793589991488,1106944,0,51,0,0,0,0,0,0.0,0.0,0,
196,2026-10-09T15:35:30.018744+00:00,196.00105517500015,loop3,0.9997793589991488,1141760,0,66,0,0,0,0,0,0.0,0.0,0,
196,2026-10-09T15:35:30.018744+00:00,196.00105517500015,loop4,0.9997793589991488,354304,0,43,0,0,0,0,0,0.0,0.0,0,
196,2026-10-09T15:35:30.018744+00:00,196.00105517500015,loop5,0.9997793589991488,18432,0,12,0,0,0,0,0,0.0,0.0,0,
196,2026-10-09T15:35:30.018744+00:00,196.00105517500015,loop6,0.9997793589991488,0,0,0,0,0,0,0,0,0.0,0.0,0,
196,2026-10-09T15:35:30.018744+00:00,196.00105517500015,loop7,0.9997793589991488,0,0,0,0,0,0,0,0,0.0,0.0,0,
196,2026-10-09T15:35:30.018744+00:00,196.00105517500015,sr0,0.9997793589991488,1536,0,8,0,0,0,0,0,0.0,0.0,0,
196,2026-10-09T15:35:30.018744+00:00,196.00105517500015,sda,0.9997793589991488,356339200,26324111360,7904,105098,0,0,0,0,0.0,0.0,0,
196,2026-10-09T15:35:30.018744+00:00,196.00105517500015,sda1,0.9997793589991488,319488,0,78,0,0,0,0,0,0.0,0.0,0,
196,2026-10-09T15:35:30.018744+00:00,196.00105517500015,sda2,0.9997793589991488,326788096,289042432,6594,47016,0,0,0,0,0.0,0.0,0,
196,2026-10-09T15:35:30.018744+00:00,196.00105517500015,sda3,0.9997793589991488,5571584,118784,155,25,0,0,0,0,0.0,0.0,0,
196,2026-10-09T15:35:30.018744+00:00,196.00105517500015,sda4,0.9997793589991488,4657152,0,116,0,0,0,0,0,0.0,0.0,0,
196,2026-10-09T15:35:30.018744+00:00,196.00105517500015,sda5,0.9997793589991488,16548864,26034950144,826,58057,0,0,0,0,0.0,0.0,0,
197,2026-10-09T15:35:31.018811+00:00,197.00106374700044,loop0,1.0000678100004734,374784,0,51,0,0,0,0,0,0.0,0.0,0,
197,2026-10-09T15:35:31.018811+00:00,197.00106374700044,loop1,1.0000678100004734,2107392,0,217,0,0,0,0,0,0.0,0.0,0,
197,2026-10-09T15:35:31.018811+00:00,197.00106374700044,loop2,1.0000678100004734,1106944,0,51,0,0,0,0,0,0.0,0.0,0,
197,2026-10-09T15:35:31.018811+00:00,197.00106374700044,loop3,1.0000678100004734,1141760,0,66,0,0,0,0,0,0.0,0.0,0,
197,2026-10-09T15:35:31.018811+00:00,197.00106374700044,loop4,1.0000678100004734,354304,0,43,0,0,0,0,0,0.0,0.0,0,
197,2026-10-09T15:35:31.018811+00:00,197.00106374700044,loop5,1.0000678100004734,18432,0,12,0,0,0,0,0,0.0,0.0,0,
197,2026-10-09T15:35:31.018811+00:00,197.00106374700044,loop6,1.0000678100004734,0,0,0,0,0,0,0,0,0.0,0.0,0,
197,2026-10-09T15:35:31.018811+00:00,197.00106374700044,loop7,1.0000678100004734,0,0,0,0,0,0,0,0,0.0,0.0,0,
197,2026-10-09T15:35:31.018811+00:00,197.00106374700044,sr0,1.0000678100004734,1536,0,8,0,0,0,0,0,0.0,0.0,0,
197,2026-10-09T15:35:31.018811+00:00,197.00106374700044,sda,1.0000678100004734,356339200,26324127744,7904,105100,0,16384,0,2,0.0,16382.889076283982,12,
197,2026-10-09T15:35:31.018811+00:00,197.00106374700044,sda1,1.0000678100004734,319488,0,78,0,0,0,0,0,0.0,0.0,0,
197,2026-10-09T15:35:31.018811+00:00,197.00106374700044,sda2,1.0000678100004734,326788096,289042432,6594,47016,0,0,0,0,0.0,0.0,0,
197,2026-10-09T15:35:31.018811+00:00,197.00106374700044,sda3,1.0000678100004734,5571584,118784,155,25,0,0,0,0,0.0,0.0,0,
197,2026-10-09T15:35:31.018811+00:00,197.00106374700044,sda4,1.0000678100004734,4657152,0,116,0,0,0,0,0,0.0,0.0,0,
197,2026-10-09T15:35:31.018811+00:00,197.00106374700044,sda5,1.0000678100004734,16548864,26034966528,826,58059,0,16384,0,2,0.0,16382.889076283982,12,
198,2026-10-09T15:35:32.019389+00:00,198.0015921840004,loop0,1.0005778140002803,374784,0,51,0,0,0,0,0,0.0,0.0,0,
198,2026-10-09T15:35:32.019389+00:00,198.0015921840004,loop1,1.0005778140002803,2107392,0,217,0,0,0,0,0,0.0,0.0,0,
198,2026-10-09T15:35:32.019389+00:00,198.0015921840004,loop2,1.0005778140002803,1106944,0,51,0,0,0,0,0,0.0,0.0,0,
198,2026-10-09T15:35:32.019389+00:00,198.0015921840004,loop3,1.0005778140002803,1141760,0,66,0,0,0,0,0,0.0,0.0,0,
198,2026-10-09T15:35:32.019389+00:00,198.0015921840004,loop4,1.0005778140002803,354304,0,43,0,0,0,0,0,0.0,0.0,0,
198,2026-10-09T15:35:32.019389+00:00,198.0015921840004,loop5,1.0005778140002803,18432,0,12,0,0,0,0,0,0.0,0.0,0,
198,2026-10-09T15:35:32.019389+00:00,198.0015921840004,loop6,1.0005778140002803,0,0,0,0,0,0,0,0,0.0,0.0,0,
198,2026-10-09T15:35:32.019389+00:00,198.0015921840004,loop7,1.0005778140002803,0,0,0,0,0,0,0,0,0.0,0.0,0,
198,2026-10-09T15:35:32.019389+00:00,198.0015921840004,sr0,1.0005778140002803,1536,0,8,0,0,0,0,0,0.0,0.0,0,
198,2026-10-09T15:35:32.019389+00:00,198.0015921840004,sda,1.0005778140002803,356339200,26325278720,7904,105331,0,1150976,0,231,0.0,1150311.3340065298,300,
198,2026-10-09T15:35:32.019389+00:00,198.0015921840004,sda1,1.0005778140002803,319488,0,78,0,0,0,0,0,0.0,0.0,0,
198,2026-10-09T15:35:32.019389+00:00,198.0015921840004,sda2,1.0005778140002803,326788096,290193408,6594,47247,0,1150976,0,231,0.0,1150311.3340065298,300,
198,2026-10-09T15:35:32.019389+00:00,198.0015921840004,sda3,1.0005778140002803,5571584,118784,155,25,0,0,0,0,0.0,0.0,0,
198,2026-10-09T15:35:32.019389+00:00,198.0015921840004,sda4,1.0005778140002803,4657152,0,116,0,0,0,0,0,0.0,0.0,0,
198,2026-10-09T15:35:32.019389+00:00,198.0015921840004,sda5,1.0005778140002803,16548864,26034966528,826,58059,0,0,0,0,0.0,0.0,0,
199,2026-10-09T15:35:33.018988+00:00,199.00128105800013,loop0,0.9995986869998887,374784,0,51,0,0,0,0,0,0.0,0.0,0,
199,2026-10-09T15:35:33.018988+00:00,199.00128105800013,loop1,0.9995986869998887,2107392,0,217,0,0,0,0,0,0.0,0.0,0,
199,2026-10-09T15:35:33.018988+00:00,199.00128105800013,loop2,0.9995986869998887,1106944,0,51,0,0,0,0,0,0.0,0.0,0,
199,2026-10-09T15:35:33.018988+00:00,199.00128105800013,loop3,0.9995986869998887,1141760,0,66,0,0,0,0,0,0.0,0.0,0,
199,2026-10-09T15:35:33.018988+00:00,199.00128105800013,loop4,0.9995986869998887,354304,0,43,0,0,0,0,0,0.0,0.0,0,
199,2026-10-09T15:35:33.018988+00:00,199.00128105800013,loop5,0.9995986869998887,18432,0,12,0,0,0,0,0,0.0,0.0,0,
199,2026-10-09T15:35:33.018988+00:00,199.00128105800013,loop6,0.9995986869998887,0,0,0,0,0,0,0,0,0.0,0.0,0,
199,2026-10-09T15:35:33.018988+00:00,199.00128105800013,loop7,0.9995986869998887,0,0,0,0,0,0,0,0,0.0,0.0,0,
199,2026-10-09T15:35:33.018988+00:00,199.00128105800013,sr0,0.9995986869998887,1536,0,8,0,0,0,0,0,0.0,0.0,0,
199,2026-10-09T15:35:33.018988+00:00,199.00128105800013,sda,0.9995986869998887,356339200,26325278720,7904,105331,0,0,0,0,0.0,0.0,0,
199,2026-10-09T15:35:33.018988+00:00,199.00128105800013,sda1,0.9995986869998887,319488,0,78,0,0,0,0,0,0.0,0.0,0,
199,2026-10-09T15:35:33.018988+00:00,199.00128105800013,sda2,0.9995986869998887,326788096,290193408,6594,47247,0,0,0,0,0.0,0.0,0,
199,2026-10-09T15:35:33.018988+00:00,199.00128105800013,sda3,0.9995986869998887,5571584,118784,155,25,0,0,0,0,0.0,0.0,0,
199,2026-10-09T15:35:33.018988+00:00,199.00128105800013,sda4,0.9995986869998887,4657152,0,116,0,0,0,0,0,0.0,0.0,0,
199,2026-10-09T15:35:33.018988+00:00,199.00128105800013,sda5,0.9995986869998887,16548864,26034966528,826,58059,0,0,0,0,0.0,0.0,0,
