amostra,utc,tempo_relativo_s,dispositivo,intervalo_real_s,leitura_bytes_total,escrita_bytes_total,leituras_total,escritas_total,leitura_bytes_delta,escrita_bytes_delta,leituras_delta,escritas_delta,leitura_bytes_s,escrita_bytes_s,ocupado_ms_delta,erro
1,2026-10-09T15:35:37.791458+00:00,1.0007888840000305,loop0,,374784,0,51,0,,,,,,,,
1,2026-10-09T15:35:37.791458+00:00,1.0007888840000305,loop1,,2107392,0,217,0,,,,,,,,
1,2026-10-09T15:35:37.791458+00:00,1.0007888840000305,loop2,,1106944,0,51,0,,,,,,,,
1,2026-10-09T15:35:37.791458+00:00,1.0007888840000305,loop3,,1141760,0,66,0,,,,,,,,
1,2026-10-09T15:35:37.791458+00:00,1.0007888840000305,loop4,,354304,0,43,0,,,,,,,,
1,2026-10-09T15:35:37.791458+00:00,1.0007888840000305,loop5,,18432,0,12,0,,,,,,,,
1,2026-10-09T15:35:37.791458+00:00,1.0007888840000305,loop6,,0,0,0,0,,,,,,,,
1,2026-10-09T15:35:37.791458+00:00,1.0007888840000305,loop7,,0,0,0,0,,,,,,,,
1,2026-10-09T15:35:37.791458+00:00,1.0007888840000305,sr0,,1536,0,8,0,,,,,,,,
1,2026-10-09T15:35:37.791458+00:00,1.0007888840000305,sda,,356339200,26325381120,7904,105336,,,,,,,,
1,2026-10-09T15:35:37.791458+00:00,1.0007888840000305,sda1,,319488,0,78,0,,,,,,,,
1,2026-10-09T15:35:37.791458+00:00,1.0007888840000305,sda2,,326788096,290230272,6594,47249,,,,,,,,
1,2026-10-09T15:35:37.791458+00:00,1.0007888840000305,sda3,,5571584,118784,155,25,,,,,,,,
1,2026-10-09T15:35:37.791458+00:00,1.0007888840000305,sda4,,4657152,0,116,0,,,,,,,,
1,2026-10-09T15:35:37.791458+00:00,1.0007888840000305,sda5,,16548864,26035032064,826,58062,,,,,,,,
2,2026-10-09T15:35:38.791645+00:00,2.001020249999783,loop0,1.0001869739999165,374784,0,51,0,0,0,0,0,0.0,0.0,0,
2,2026-10-09T15:35:38.791645+00:00,2.001020249999783,loop1,1.0001869739999165,2107392,0,217,0,0,0,0,0,0.0,0.0,0,
2,2026-10-09T15:35:38.791645+00:00,2.001020249999783,loop2,1.0001869739999165,1106944,0,51,0,0,0,0,0,0.0,0.0,0,
2,2026-10-09T15:35:38.791645+00:00,2.001020249999783,loop3,1.0001869739999165,1141760,0,66,0,0,0,0,0,0.0,0.0,0,
2,2026-10-09T15:35:38.791645+00:00,2.001020249999783,loop4,1.0001869739999165,354304,0,43,0,0,0,0,0,0.0,0.0,0,
2,2026-10-09T15:35:38.791645+00:00,2.001020249999783,loop5,1.0001869739999165,18432,0,12,0,0,0,0,0,0.0,0.0,0,
2,2026-10-09T15:35:38.791645+00:00,2.001020249999783,loop6,1.0001869739999165,0,0,0,0,0,0,0,0,0.0,0.0,0,
2,2026-10-09T15:35:38.791645+00:00,2.001020249999783,loop7,1.0001869739999165,0,0,0,0,0,0,0,0,0.0,0.0,0,
2,2026-10-09T15:35:38.791645+00:00,2.001020249999783,sr0,1.0001869739999165,1536,0,8,0,0,0,0,0,0.0,0.0,0,
2,2026-10-09T15:35:38.791645+00:00,2.001020249999783,sda,1.0001869739999165,356339200,26325381120,7904,105336,0,0,0,0,0.0,0.0,0,
2,2026-10-09T15:35:38.791645+00:00,2.001020249999783,sda1,1.0001869739999165,319488,0,78,0,0,0,0,0,0.0,0.0,0,
2,2026-10-09T15:35:38.791645+00:00,2.001020249999783,sda2,1.0001869739999165,326788096,290230272,6594,47249,0,0,0,0,0.0,0.0,0,
2,2026-10-09T15:35:38.791645+00:00,2.001020249999783,sda3,1.0001869739999165,5571584,118784,155,25,0,0,0,0,0.0,0.0,0,
2,2026-10-09T15:35:38.791645+00:00,2.001020249999783,sda4,1.0001869739999165,4657152,0,116,0,0,0,0,0,0.0,0.0,0,
2,2026-10-09T15:35:38.791645+00:00,2.001020249999783,sda5,1.0001869739999165,16548864,26035032064,826,58062,0,0,0,0,0.0,0.0,0,
3,2026-10-09T15:35:39.791463+00:00,3.0008092190000752,loop0,0.9998179049998726,374784,0,51,0,0,0,0,0,0.0,0.0,0,
3,2026-10-09T15:35:39.791463+00:00,3.0008092190000752,loop1,0.9998179049998726,2107392,0,217,0,0,0,0,0,0.0,0.0,0,
3,2026-10-09T15:35:39.791463+00:00,3.0008092190000752,loop2,0.9998179049998726,1106944,0,51,0,0,0,0,0,0.0,0.0,0,
3,2026-10-09T15:35:39.791463+00:00,3.0008092190000752,loop3,0.9998179049998726,1141760,0,66,0,0,0,0,0,0.0,0.0,0,
3,2026-10-09T15:35:39.791463+00:00,3.0008092190000752,loop4,0.9998179049998726,354304,0,43,0,0,0,0,0,0.0,0.0,0,
3,2026-10-09T15:35:39.791463+00:00,3.0008092190000752,loop5,0.9998179049998726,18432,0,12,0,0,0,0,0,0.0,0.0,0,
3,2026-10-09T15:35:39.791463+00:00,3.0008092190000752,loop6,0.9998179049998726,0,0,0,0,0,0,0,0,0.0,0.0,0,
3,2026-10-09T15:35:39.791463+00:00,3.0008092190000752,loop7,0.9998179049998726,0,0,0,0,0,0,0,0,0.0,0.0,0,
3,2026-10-09T15:35:39.791463+00:00,3.0008092190000752,sr0,0.9998179049998726,1536,0,8,0,0,0,0,0,0.0,0.0,0,
3,2026-10-09T15:35:39.791463+00:00,3.0008092190000752,sda,0.9998179049998726,356339200,26325381120,7904,105336,0,0,0,0,0.0,0.0,0,
3,2026-10-09T15:35:39.791463+00:00,3.0008092190000752,sda1,0.9998179049998726,319488,0,78,0,0,0,0,0,0.0,0.0,0,
3,2026-10-09T15:35:39.791463+00:00,3.0008092190000752,sda2,0.9998179049998726,326788096,290230272,6594,47249,0,0,0,0,0.0,0.0,0,
3,2026-10-09T15:35:39.791463+00:00,3.0008092190000752,sda3,0.9998179049998726,5571584,118784,155,25,0,0,0,0,0.0,0.0,0,
3,2026-10-09T15:35:39.791463+00:00,3.0008092190000752,sda4,0.9998179049998726,4657152,0,116,0,0,0,0,0,0.0,0.0,0,
3,2026-10-09T15:35:39.791463+00:00,3.0008092190000752,sda5,0.9998179049998726,16548864,26035032064,826,58062,0,0,0,0,0.0,0.0,0,
4,2026-10-09T15:35:40.792121+00:00,4.0008393400003115,loop0,1.0006575699999303,374784,0,51,0,0,0,0,0,0.0,0.0,0,
4,2026-10-09T15:35:40.792121+00:00,4.0008393400003115,loop1,1.0006575699999303,2107392,0,217,0,0,0,0,0,0.0,0.0,0,
4,2026-10-09T15:35:40.792121+00:00,4.0008393400003115,loop2,1.0006575699999303,1106944,0,51,0,0,0,0,0,0.0,0.0,0,
4,2026-10-09T15:35:40.792121+00:00,4.0008393400003115,loop3,1.0006575699999303,1141760,0,66,0,0,0,0,0,0.0,0.0,0,
4,2026-10-09T15:35:40.792121+00:00,4.0008393400003115,loop4,1.0006575699999303,354304,0,43,0,0,0,0,0,0.0,0.0,0,
4,2026-10-09T15:35:40.792121+00:00,4.0008393400003115,loop5,1.0006575699999303,18432,0,12,0,0,0,0,0,0.0,0.0,0,
4,2026-10-09T15:35:40.792121+00:00,4.0008393400003115,loop6,1.0006575699999303,0,0,0,0,0,0,0,0,0.0,0.0,0,
4,2026-10-09T15:35:40.792121+00:00,4.0008393400003115,loop7,1.0006575699999303,0,0,0,0,0,0,0,0,0.0,0.0,0,
4,2026-10-09T15:35:40.792121+00:00,4.0008393400003115,sr0,1.0006575699999303,1536,0,8,0,0,0,0,0,0.0,0.0,0,
4,2026-10-09T15:35:40.792121+00:00,4.0008393400003115,sda,1.0006575699999303,356339200,26388172800,7904,105464,0,62791680,0,128,0.0,62750417.2081608,620,
4,2026-10-09T15:35:40.792121+00:00,4.0008393400003115,sda1,1.0006575699999303,319488,0,78,0,0,0,0,0,0.0,0.0,0,
4,2026-10-09T15:35:40.792121+00:00,4.0008393400003115,sda2,1.0006575699999303,326788096,290230272,6594,47249,0,0,0,0,0.0,0.0,0,
4,2026-10-09T15:35:40.792121+00:00,4.0008393400003115,sda3,1.0006575699999303,5571584,118784,155,25,0,0,0,0,0.0,0.0,0,
4,2026-10-09T15:35:40.792121+00:00,4.0008393400003115,sda4,1.0006575699999303,4657152,0,116,0,0,0,0,0,0.0,0.0,0,
4,2026-10-09T15:35:40.792121+00:00,4.0008393400003115,sda5,1.0006575699999303,16548864,26097823744,826,58190,0,62791680,0,128,0.0,62750417.2081608,620,
5,2026-10-09T15:35:41.791604+00:00,5.0008301360003315,loop0,0.9994829940005729,374784,0,51,0,0,0,0,0,0.0,0.0,0,
5,2026-10-09T15:35:41.791604+00:00,5.0008301360003315,loop1,0.9994829940005729,2107392,0,217,0,0,0,0,0,0.0,0.0,0,
5,2026-10-09T15:35:41.791604+00:00,5.0008301360003315,loop2,0.9994829940005729,1106944,0,51,0,0,0,0,0,0.0,0.0,0,
5,2026-10-09T15:35:41.791604+00:00,5.0008301360003315,loop3,0.9994829940005729,1141760,0,66,0,0,0,0,0,0.0,0.0,0,
5,2026-10-09T15:35:41.791604+00:00,5.0008301360003315,loop4,0.9994829940005729,354304,0,43,0,0,0,0,0,0.0,0.0,0,
5,2026-10-09T15:35:41.791604+00:00,5.0008301360003315,loop5,0.9994829940005729,18432,0,12,0,0,0,0,0,0.0,0.0,0,
5,2026-10-09T15:35:41.791604+00:00,5.0008301360003315,loop6,0.9994829940005729,0,0,0,0,0,0,0,0,0.0,0.0,0,
5,2026-10-09T15:35:41.791604+00:00,5.0008301360003315,loop7,0.9994829940005729,0,0,0,0,0,0,0,0,0.0,0.0,0,
5,2026-10-09T15:35:41.791604+00:00,5.0008301360003315,sr0,0.9994829940005729,1536,0,8,0,0,0,0,0,0.0,0.0,0,
5,2026-10-09T15:35:41.791604+00:00,5.0008301360003315,sda,0.9994829940005729,356339200,26468655104,7904,105650,0,80482304,0,186,0.0,80523935.3576774,944,
5,2026-10-09T15:35:41.791604+00:00,5.0008301360003315,sda1,0.9994829940005729,319488,0,78,0,0,0,0,0,0.0,0.0,0,
5,2026-10-09T15:35:41.791604+00:00,5.0008301360003315,sda2,0.9994829940005729,326788096,290267136,6594,47253,0,36864,0,4,0.0,36883.06876783025,12,
5,2026-10-09T15:35:41.791604+00:00,5.0008301360003315,sda3,0.9994829940005729,5571584,118784,155,25,0,0,0,0,0.0,0.0,0,
5,2026-10-09T15:35:41.791604+00:00,5.0008301360003315,sda4,0.9994829940005729,4657152,0,116,0,0,0,0,0,0.0,0.0,0,
5,2026-10-09T15:35:41.791604+00:00,5.0008301360003315,sda5,0.9994829940005729,16548864,26178269184,826,58372,0,80445440,0,182,0.0,80487052.28890957,944,
6,2026-10-09T15:35:42.792736+00:00,6.002167611000004,loop0,1.00113311899986,374784,0,51,0,0,0,0,0,0.0,0.0,0,
6,2026-10-09T15:35:42.792736+00:00,6.002167611000004,loop1,1.00113311899986,2107392,0,217,0,0,0,0,0,0.0,0.0,0,
6,2026-10-09T15:35:42.792736+00:00,6.002167611000004,loop2,1.00113311899986,1106944,0,51,0,0,0,0,0,0.0,0.0,0,
6,2026-10-09T15:35:42.792736+00:00,6.002167611000004,loop3,1.00113311899986,1141760,0,66,0,0,0,0,0,0.0,0.0,0,
6,2026-10-09T15:35:42.792736+00:00,6.002167611000004,loop4,1.00113311899986,354304,0,43,0,0,0,0,0,0.0,0.0,0,
6,2026-10-09T15:35:42.792736+00:00,6.002167611000004,loop5,1.00113311899986,18432,0,12,0,0,0,0,0,0.0,0.0,0,
6,2026-10-09T15:35:42.792736+00:00,6.002167611000004,loop6,1.00113311899986,0,0,0,0,0,0,0,0,0.0,0.0,0,
6,2026-10-09T15:35:42.792736+00:00,6.002167611000004,loop7,1.00113311899986,0,0,0,0,0,0,0,0,0.0,0.0,0,
6,2026-10-09T15:35:42.792736+00:00,6.002167611000004,sr0,1.00113311899986,1536,0,8,0,0,0,0,0,0.0,0.0,0,
6,2026-10-09T15:35:42.792736+00:00,6.002167611000004,sda,1.00113311899986,356339200,26496184320,7904,106023,0,27529216,0,373,0.0,27498057.428668335,800,
6,2026-10-09T15:35:42.792736+00:00,6.002167611000004,sda1,1.00113311899986,319488,0,78,0,0,0,0,0,0.0,0.0,0,
6,2026-10-09T15:35:42.792736+00:00,6.002167611000004,sda2,1.00113311899986,326788096,291856384,6594,47560,0,1589248,0,307,0.0,1587449.2311149104,140,
6,2026-10-09T15:35:42.792736+00:00,6.002167611000004,sda3,1.00113311899986,5571584,118784,155,25,0,0,0,0,0.0,0.0,0,
6,2026-10-09T15:35:42.792736+00:00,6.002167611000004,sda4,1.00113311899986,4657152,0,116,0,0,0,0,0,0.0,0.0,0,
6,2026-10-09T15:35:42.792736+00:00,6.002167611000004,sda5,1.00113311899986,16548864,26204209152,826,58438,0,25939968,0,66,0.0,25910608.197553422,932,
7,2026-10-09T15:35:43.792014+00:00,7.001270447000024,loop0,0.9992775330001678,374784,0,51,0,0,0,0,0,0.0,0.0,0,
7,2026-10-09T15:35:43.792014+00:00,7.001270447000024,loop1,0.9992775330001678,2107392,0,217,0,0,0,0,0,0.0,0.0,0,
7,2026-10-09T15:35:43.792014+00:00,7.001270447000024,loop2,0.9992775330001678,1106944,0,51,0,0,0,0,0,0.0,0.0,0,
7,2026-10-09T15:35:43.792014+00:00,7.001270447000024,loop3,0.9992775330001678,1141760,0,66,0,0,0,0,0,0.0,0.0,0,
7,2026-10-09T15:35:43.792014+00:00,7.001270447000024,loop4,0.9992775330001678,354304,0,43,0,0,0,0,0,0.0,0.0,0,
7,2026-10-09T15:35:43.792014+00:00,7.001270447000024,loop5,0.9992775330001678,18432,0,12,0,0,0,0,0,0.0,0.0,0,
7,2026-10-09T15:35:43.792014+00:00,7.001270447000024,loop6,0.9992775330001678,0,0,0,0,0,0,0,0,0.0,0.0,0,
7,2026-10-09T15:35:43.792014+00:00,7.001270447000024,loop7,0.9992775330001678,0,0,0,0,0,0,0,0,0.0,0.0,0,
7,2026-10-09T15:35:43.792014+00:00,7.001270447000024,sr0,0.9992775330001678,1536,0,8,0,0,0,0,0,0.0,0.0,0,
7,2026-10-09T15:35:43.792014+00:00,7.001270447000024,sda,0.9992775330001678,356339200,26578173952,7904,106192,0,81989632,0,169,0.0,82048909.62957959,876,
7,2026-10-09T15:35:43.792014+00:00,7.001270447000024,sda1,0.9992775330001678,319488,0,78,0,0,0,0,0,0.0,0.0,0,
7,2026-10-09T15:35:43.792014+00:00,7.001270447000024,sda2,0.9992775330001678,326788096,291856384,6594,47560,0,0,0,0,0.0,0.0,0,
7,2026-10-09T15:35:43.792014+00:00,7.001270447000024,sda3,0.9992775330001678,5571584,118784,155,25,0,0,0,0,0.0,0.0,0,
7,2026-10-09T15:35:43.792014+00:00,7.001270447000024,sda4,0.9992775330001678,4657152,0,116,0,0,0,0,0,0.0,0.0,0,
7,2026-10-09T15:35:43.792014+00:00,7.001270447000024,sda5,0.9992775330001678,16548864,26286198784,826,58607,0,81989632,0,169,0.0,82048909.62957959,876,
8,2026-10-09T15:35:44.791508+00:00,8.000799279000603,loop0,0.9994935699996859,374784,0,51,0,0,0,0,0,0.0,0.0,0,
8,2026-10-09T15:35:44.791508+00:00,8.000799279000603,loop1,0.9994935699996859,2107392,0,217,0,0,0,0,0,0.0,0.0,0,
8,2026-10-09T15:35:44.791508+00:00,8.000799279000603,loop2,0.9994935699996859,1106944,0,51,0,0,0,0,0,0.0,0.0,0,
8,2026-10-09T15:35:44.791508+00:00,8.000799279000603,loop3,0.9994935699996859,1141760,0,66,0,0,0,0,0,0.0,0.0,0,
8,2026-10-09T15:35:44.791508+00:00,8.000799279000603,loop4,0.9994935699996859,354304,0,43,0,0,0,0,0,0.0,0.0,0,
8,2026-10-09T15:35:44.791508+00:00,8.000799279000603,loop5,0.9994935699996859,18432,0,12,0,0,0,0,0,0.0,0.0,0,
8,2026-10-09T15:35:44.791508+00:00,8.000799279000603,loop6,0.9994935699996859,0,0,0,0,0,0,0,0,0.0,0.0,0,
8,2026-10-09T15:35:44.791508+00:00,8.000799279000603,loop7,0.9994935699996859,0,0,0,0,0,0,0,0,0.0,0.0,0,
8,2026-10-09T15:35:44.791508+00:00,8.000799279000603,sr0,0.9994935699996859,1536,0,8,0,0,0,0,0,0.0,0.0,0,
8,2026-10-09T15:35:44.791508+00:00,8.000799279000603,sda,0.9994935699996859,356339200,26663686144,7904,106371,0,85512192,0,179,0.0,85555519.8819607,1040,
8,2026-10-09T15:35:44.791508+00:00,8.000799279000603,sda1,0.9994935699996859,319488,0,78,0,0,0,0,0,0.0,0.0,0,
8,2026-10-09T15:35:44.791508+00:00,8.000799279000603,sda2,0.9994935699996859,326788096,291856384,6594,47560,0,0,0,0,0.0,0.0,0,
8,2026-10-09T15:35:44.791508+00:00,8.000799279000603,sda3,0.9994935699996859,5571584,118784,155,25,0,0,0,0,0.0,0.0,0,
8,2026-10-09T15:35:44.791508+00:00,8.000799279000603,sda4,0.9994935699996859,4657152,0,116,0,0,0,0,0,0.0,0.0,0,
8,2026-10-09T15:35:44.791508+00:00,8.000799279000603,sda5,0.9994935699996859,16548864,26371710976,826,58786,0,85512192,0,179,0.0,85555519.8819607,1040,
9,2026-10-09T15:35:45.791392+00:00,9.000822504000098,loop0,0.99988417700024,374784,0,51,0,0,0,0,0,0.0,0.0,0,
9,2026-10-09T15:35:45.791392+00:00,9.000822504000098,loop1,0.99988417700024,2107392,0,217,0,0,0,0,0,0.0,0.0,0,
9,2026-10-09T15:35:45.791392+00:00,9.000822504000098,loop2,0.99988417700024,1106944,0,51,0,0,0,0,0,0.0,0.0,0,
9,2026-10-09T15:35:45.791392+00:00,9.000822504000098,loop3,0.99988417700024,1141760,0,66,0,0,0,0,0,0.0,0.0,0,
9,2026-10-09T15:35:45.791392+00:00,9.000822504000098,loop4,0.99988417700024,354304,0,43,0,0,0,0,0,0.0,0.0,0,
9,2026-10-09T15:35:45.791392+00:00,9.000822504000098,loop5,0.99988417700024,18432,0,12,0,0,0,0,0,0.0,0.0,0,
9,2026-10-09T15:35:45.791392+00:00,9.000822504000098,loop6,0.99988417700024,0,0,0,0,0,0,0,0,0.0,0.0,0,
9,2026-10-09T15:35:45.791392+00:00,9.000822504000098,loop7,0.99988417700024,0,0,0,0,0,0,0,0,0.0,0.0,0,
9,2026-10-09T15:35:45.791392+00:00,9.000822504000098,sr0,0.99988417700024,1536,0,8,0,0,0,0,0,0.0,0.0,0,
9,2026-10-09T15:35:45.791392+00:00,9.000822504000098,sda,0.99988417700024,356339200,26744733696,7904,106541,0,81047552,0,170,0.0,81056940.25797205,940,
9,2026-10-09T15:35:45.791392+00:00,9.000822504000098,sda1,0.99988417700024,319488,0,78,0,0,0,0,0,0.0,0.0,0,
9,2026-10-09T15:35:45.791392+00:00,9.000822504000098,sda2,0.99988417700024,326788096,291856384,6594,47560,0,0,0,0,0.0,0.0,0,
9,2026-10-09T15:35:45.791392+00:00,9.000822504000098,sda3,0.99988417700024,5571584,118784,155,25,0,0,0,0,0.0,0.0,0,
9,2026-10-09T15:35:45.791392+00:00,9.000822504000098,sda4,0.99988417700024,4657152,0,116,0,0,0,0,0,0.0,0.0,0,
9,2026-10-09T15:35:45.791392+00:00,9.000822504000098,sda5,0.99988417700024,16548864,26452758528,826,58956,0,81047552,0,170,0.0,81056940.25797205,940,
10,2026-10-09T15:35:46.792020+00:00,10.001404262000506,loop0,1.0006287650003287,374784,0,51,0,0,0,0,0,0.0,0.0,0,
10,2026-10-09T15:35:46.792020+00:00,10.001404262000506,loop1,1.0006287650003287,2107392,0,217,0,0,0,0,0,0.0,0.0,0,
10,2026-10-09T15:35:46.792020+00:00,10.001404262000506,loop2,1.0006287650003287,1106944,0,51,0,0,0,0,0,0.0,0.0,0,
10,2026-10-09T15:35:46.792020+00:00,10.001404262000506,loop3,1.0006287650003287,1141760,0,66,0,0,0,0,0,0.0,0.0,0,
10,2026-10-09T15:35:46.792020+00:00,10.001404262000506,loop4,1.0006287650003287,354304,0,43,0,0,0,0,0,0.0,0.0,0,
10,2026-10-09T15:35:46.792020+00:00,10.001404262000506,loop5,1.0006287650003287,18432,0,12,0,0,0,0,0,0.0,0.0,0,
10,2026-10-09T15:35:46.792020+00:00,10.001404262000506,loop6,1.0006287650003287,0,0,0,0,0,0,0,0,0.0,0.0,0,
10,2026-10-09T15:35:46.792020+00:00,10.001404262000506,loop7,1.0006287650003287,0,0,0,0,0,0,0,0,0.0,0.0,0,
10,2026-10-09T15:35:46.792020+00:00,10.001404262000506,sr0,1.0006287650003287,1536,0,8,0,0,0,0,0,0.0,0.0,0,
10,2026-10-09T15:35:46.792020+00:00,10.001404262000506,sda,1.0006287650003287,356339200,26824253440,7904,106717,0,79519744,0,176,0.0,79469776.1861502,960,
10,2026-10-09T15:35:46.792020+00:00,10.001404262000506,sda1,1.0006287650003287,319488,0,78,0,0,0,0,0,0.0,0.0,0,
10,2026-10-09T15:35:46.792020+00:00,10.001404262000506,sda2,1.0006287650003287,326788096,291889152,6594,47566,0,32768,0,6,0.0,32747.409575007805,20,
10,2026-10-09T15:35:46.792020+00:00,10.001404262000506,sda3,1.0006287650003287,5571584,118784,155,25,0,0,0,0,0.0,0.0,0,
10,2026-10-09T15:35:46.792020+00:00,10.001404262000506,sda4,1.0006287650003287,4657152,0,116,0,0,0,0,0,0.0,0.0,0,
10,2026-10-09T15:35:46.792020+00:00,10.001404262000506,sda5,1.0006287650003287,16548864,26532245504,826,59126,0,79486976,0,170,0.0,79437028.77657518,960,
11,2026-10-09T15:35:47.793390+00:00,11.00134830800016,loop0,1.0013693519995286,374784,0,51,0,0,0,0,0,0.0,0.0,0,
11,2026-10-09T15:35:47.793390+00:00,11.00134830800016,loop1,1.0013693519995286,2107392,0,217,0,0,0,0,0,0.0,0.0,0,
11,2026-10-09T15:35:47.793390+00:00,11.00134830800016,loop2,1.0013693519995286,1106944,0,51,0,0,0,0,0,0.0,0.0,0,
11,2026-10-09T15:35:47.793390+00:00,11.00134830800016,loop3,1.0013693519995286,1141760,0,66,0,0,0,0,0,0.0,0.0,0,
11,2026-10-09T15:35:47.793390+00:00,11.00134830800016,loop4,1.0013693519995286,354304,0,43,0,0,0,0,0,0.0,0.0,0,
11,2026-10-09T15:35:47.793390+00:00,11.00134830800016,loop5,1.0013693519995286,18432,0,12,0,0,0,0,0,0.0,0.0,0,
11,2026-10-09T15:35:47.793390+00:00,11.00134830800016,loop6,1.0013693519995286,0,0,0,0,0,0,0,0,0.0,0.0,0,
11,2026-10-09T15:35:47.793390+00:00,11.00134830800016,loop7,1.0013693519995286,0,0,0,0,0,0,0,0,0.0,0.0,0,
11,2026-10-09T15:35:47.793390+00:00,11.00134830800016,sr0,1.0013693519995286,1536,0,8,0,0,0,0,0,0.0,0.0,0,
11,2026-10-09T15:35:47.793390+00:00,11.00134830800016,sda,1.0013693519995286,356339200,26891280384,7904,106862,0,67026944,0,145,0.0,66935286.03223275,912,
11,2026-10-09T15:35:47.793390+00:00,11.00134830800016,sda1,1.0013693519995286,319488,0,78,0,0,0,0,0,0.0,0.0,0,
11,2026-10-09T15:35:47.793390+00:00,11.00134830800016,sda2,1.0013693519995286,326788096,291917824,6594,47568,0,28672,0,2,0.0,28632.791629530017,16,
11,2026-10-09T15:35:47.793390+00:00,11.00134830800016,sda3,1.0013693519995286,5571584,118784,155,25,0,0,0,0,0.0,0.0,0,
11,2026-10-09T15:35:47.793390+00:00,11.00134830800016,sda4,1.0013693519995286,4657152,0,116,0,0,0,0,0,0.0,0.0,0,
11,2026-10-09T15:35:47.793390+00:00,11.00134830800016,sda5,1.0013693519995286,16548864,26599243776,826,59269,0,66998272,0,143,0.0,66906653.240603216,904,
12,2026-10-09T15:35:48.794266+00:00,12.001375941999868,loop0,1.000876091000464,374784,0,51,0,0,0,0,0,0.0,0.0,0,
12,2026-10-09T15:35:48.794266+00:00,12.001375941999868,loop1,1.000876091000464,2107392,0,217,0,0,0,0,0,0.0,0.0,0,
12,2026-10-09T15:35:48.794266+00:00,12.001375941999868,loop2,1.000876091000464,1106944,0,51,0,0,0,0,0,0.0,0.0,0,
12,2026-10-09T15:35:48.794266+00:00,12.001375941999868,loop3,1.000876091000464,1141760,0,66,0,0,0,0,0,0.0,0.0,0,
12,2026-10-09T15:35:48.794266+00:00,12.001375941999868,loop4,1.000876091000464,354304,0,43,0,0,0,0,0,0.0,0.0,0,
12,2026-10-09T15:35:48.794266+00:00,12.001375941999868,loop5,1.000876091000464,18432,0,12,0,0,0,0,0,0.0,0.0,0,
12,2026-10-09T15:35:48.794266+00:00,12.001375941999868,loop6,1.000876091000464,0,0,0,0,0,0,0,0,0.0,0.0,0,
12,2026-10-09T15:35:48.794266+00:00,12.001375941999868,loop7,1.000876091000464,0,0,0,0,0,0,0,0,0.0,0.0,0,
12,2026-10-09T15:35:48.794266+00:00,12.001375941999868,sr0,1.000876091000464,1536,0,8,0,0,0,0,0,0.0,0.0,0,
12,2026-10-09T15:35:48.794266+00:00,12.001375941999868,sda,1.000876091000464,356339200,26971201536,7904,107031,0,79921152,0,169,0.0,79851195.08660834,860,
12,2026-10-09T15:35:48.794266+00:00,12.001375941999868,sda1,1.000876091000464,319488,0,78,0,0,0,0,0,0.0,0.0,0,
12,2026-10-09T15:35:48.794266+00:00,12.001375941999868,sda2,1.000876091000464,326788096,291917824,6594,47568,0,0,0,0,0.0,0.0,0,
12,2026-10-09T15:35:48.794266+00:00,12.001375941999868,sda3,1.000876091000464,5571584,118784,155,25,0,0,0,0,0.0,0.0,0,
12,2026-10-09T15:35:48.794266+00:00,12.001375941999868,sda4,1.000876091000464,4657152,0,116,0,0,0,0,0,0.0,0.0,0,
12,2026-10-09T15:35:48.794266+00:00,12.001375941999868,sda5,1.000876091000464,16548864,26679164928,826,59438,0,79921152,0,169,0.0,79851195.08660834,860,
13,2026-10-09T15:35:49.793184+00:00,13.002220381999905,loop0,0.9989176109993423,374784,0,51,0,0,0,0,0,0.0,0.0,0,
13,2026-10-09T15:35:49.793184+00:00,13.002220381999905,loop1,0.9989176109993423,2107392,0,217,0,0,0,0,0,0.0,0.0,0,
13,2026-10-09T15:35:49.793184+00:00,13.002220381999905,loop2,0.9989176109993423,1106944,0,51,0,0,0,0,0,0.0,0.0,0,
13,2026-10-09T15:35:49.793184+00:00,13.002220381999905,loop3,0.9989176109993423,1141760,0,66,0,0,0,0,0,0.0,0.0,0,
13,2026-10-09T15:35:49.793184+00:00,13.002220381999905,loop4,0.9989176109993423,354304,0,43,0,0,0,0,0,0.0,0.0,0,
13,2026-10-09T15:35:49.793184+00:00,13.002220381999905,loop5,0.9989176109993423,18432,0,12,0,0,0,0,0,0.0,0.0,0,
13,2026-10-09T15:35:49.793184+00:00,13.002220381999905,loop6,0.9989176109993423,0,0,0,0,0,0,0,0,0.0,0.0,0,
13,2026-10-09T15:35:49.793184+00:00,13.002220381999905,loop7,0.9989176109993423,0,0,0,0,0,0,0,0,0.0,0.0,0,
13,2026-10-09T15:35:49.793184+00:00,13.002220381999905,sr0,0.9989176109993423,1536,0,8,0,0,0,0,0,0.0,0.0,0,
13,2026-10-09T15:35:49.793184+00:00,13.002220381999905,sda,0.9989176109993423,356339200,27056009216,7904,107208,0,84807680,0,177,0.0,84899574.36545369,924,
13,2026-10-09T15:35:49.793184+00:00,13.002220381999905,sda1,0.9989176109993423,319488,0,78,0,0,0,0,0,0.0,0.0,0,
13,2026-10-09T15:35:49.793184+00:00,13.002220381999905,sda2,0.9989176109993423,326788096,291917824,6594,47568,0,0,0,0,0.0,0.0,0,
13,2026-10-09T15:35:49.793184+00:00,13.002220381999905,sda3,0.9989176109993423,5571584,118784,155,25,0,0,0,0,0.0,0.0,0,
13,2026-10-09T15:35:49.793184+00:00,13.002220381999905,sda4,0.9989176109993423,4657152,0,116,0,0,0,0,0,0.0,0.0,0,
13,2026-10-09T15:35:49.793184+00:00,13.002220381999905,sda5,0.9989176109993423,16548864,26763972608,826,59615,0,84807680,0,177,0.0,84899574.36545369,924,
14,2026-10-09T15:35:50.791370+00:00,14.000828975000331,loop0,0.9981862730001012,374784,0,51,0,0,0,0,0,0.0,0.0,0,
14,2026-10-09T15:35:50.791370+00:00,14.000828975000331,loop1,0.9981862730001012,2107392,0,217,0,0,0,0,0,0.0,0.0,0,
14,2026-10-09T15:35:50.791370+00:00,14.000828975000331,loop2,0.9981862730001012,1106944,0,51,0,0,0,0,0,0.0,0.0,0,
14,2026-10-09T15:35:50.791370+00:00,14.000828975000331,loop3,0.9981862730001012,1141760,0,66,0,0,0,0,0,0.0,0.0,0,
14,2026-10-09T15:35:50.791370+00:00,14.000828975000331,loop4,0.9981862730001012,354304,0,43,0,0,0,0,0,0.0,0.0,0,
14,2026-10-09T15:35:50.791370+00:00,14.000828975000331,loop5,0.9981862730001012,18432,0,12,0,0,0,0,0,0.0,0.0,0,
14,2026-10-09T15:35:50.791370+00:00,14.000828975000331,loop6,0.9981862730001012,0,0,0,0,0,0,0,0,0.0,0.0,0,
14,2026-10-09T15:35:50.791370+00:00,14.000828975000331,loop7,0.9981862730001012,0,0,0,0,0,0,0,0,0.0,0.0,0,
14,2026-10-09T15:35:50.791370+00:00,14.000828975000331,sr0,0.9981862730001012,1536,0,8,0,0,0,0,0,0.0,0.0,0,
14,2026-10-09T15:35:50.791370+00:00,14.000828975000331,sda,0.9981862730001012,356339200,27125403648,7904,107353,0,69394432,0,145,0.0,69520523.25006573,960,
14,2026-10-09T15:35:50.791370+00:00,14.000828975000331,sda1,0.9981862730001012,319488,0,78,0,0,0,0,0,0.0,0.0,0,
14,2026-10-09T15:35:50.791370+00:00,14.000828975000331,sda2,0.9981862730001012,326788096,291917824,6594,47568,0,0,0,0,0.0,0.0,0,
14,2026-10-09T15:35:50.791370+00:00,14.000828975000331,sda3,0.9981862730001012,5571584,118784,155,25,0,0,0,0,0.0,0.0,0,
14,2026-10-09T15:35:50.791370+00:00,14.000828975000331,sda4,0.9981862730001012,4657152,0,116,0,0,0,0,0,0.0,0.0,0,
14,2026-10-09T15:35:50.791370+00:00,14.000828975000331,sda5,0.9981862730001012,16548864,26833367040,826,59760,0,69394432,0,145,0.0,69520523.25006573,960,
15,2026-10-09T15:35:51.791377+00:00,15.00083093000012,loop0,1.0000076850001278,374784,0,51,0,0,0,0,0,0.0,0.0,0,
15,2026-10-09T15:35:51.791377+00:00,15.00083093000012,loop1,1.0000076850001278,2107392,0,217,0,0,0,0,0,0.0,0.0,0,
15,2026-10-09T15:35:51.791377+00:00,15.00083093000012,loop2,1.0000076850001278,1106944,0,51,0,0,0,0,0,0.0,0.0,0,
15,2026-10-09T15:35:51.791377+00:00,15.00083093000012,loop3,1.0000076850001278,1141760,0,66,0,0,0,0,0,0.0,0.0,0,
15,2026-10-09T15:35:51.791377+00:00,15.00083093000012,loop4,1.0000076850001278,354304,0,43,0,0,0,0,0,0.0,0.0,0,
15,2026-10-09T15:35:51.791377+00:00,15.00083093000012,loop5,1.0000076850001278,18432,0,12,0,0,0,0,0,0.0,0.0,0,
15,2026-10-09T15:35:51.791377+00:00,15.00083093000012,loop6,1.0000076850001278,0,0,0,0,0,0,0,0,0.0,0.0,0,
15,2026-10-09T15:35:51.791377+00:00,15.00083093000012,loop7,1.0000076850001278,0,0,0,0,0,0,0,0,0.0,0.0,0,
15,2026-10-09T15:35:51.791377+00:00,15.00083093000012,sr0,1.0000076850001278,1536,0,8,0,0,0,0,0,0.0,0.0,0,
15,2026-10-09T15:35:51.791377+00:00,15.00083093000012,sda,1.0000076850001278,356339200,27185332224,7904,107484,0,59928576,0,131,0.0,59928115.452425085,944,
15,2026-10-09T15:35:51.791377+00:00,15.00083093000012,sda1,1.0000076850001278,319488,0,78,0,0,0,0,0,0.0,0.0,0,
15,2026-10-09T15:35:51.791377+00:00,15.00083093000012,sda2,1.0000076850001278,326788096,291934208,6594,47572,0,16384,0,4,0.0,16383.874089925524,72,
15,2026-10-09T15:35:51.791377+00:00,15.00083093000012,sda3,1.0000076850001278,5571584,118784,155,25,0,0,0,0,0.0,0.0,0,
15,2026-10-09T15:35:51.791377+00:00,15.00083093000012,sda4,1.0000076850001278,4657152,0,116,0,0,0,0,0,0.0,0.0,0,
15,2026-10-09T15:35:51.791377+00:00,15.00083093000012,sda5,1.0000076850001278,16548864,26893279232,826,59887,0,59912192,0,127,0.0,59911731.578335166,944,
16,2026-10-09T15:35:52.792146+00:00,16.001281023000047,loop0,1.0007686649996685,374784,0,51,0,0,0,0,0,0.0,0.0,0,
16,2026-10-09T15:35:52.792146+00:00,16.001281023000047,loop1,1.0007686649996685,2107392,0,217,0,0,0,0,0,0.0,0.0,0,
16,2026-10-09T15:35:52.792146+00:00,16.001281023000047,loop2,1.0007686649996685,1106944,0,51,0,0,0,0,0,0.0,0.0,0,
16,2026-10-09T15:35:52.792146+00:00,16.001281023000047,loop3,1.0007686649996685,1141760,0,66,0,0,0,0,0,0.0,0.0,0,
16,2026-10-09T15:35:52.792146+00:00,16.001281023000047,loop4,1.0007686649996685,354304,0,43,0,0,0,0,0,0.0,0.0,0,
16,2026-10-09T15:35:52.792146+00:00,16.001281023000047,loop5,1.0007686649996685,18432,0,12,0,0,0,0,0,0.0,0.0,0,
16,2026-10-09T15:35:52.792146+00:00,16.001281023000047,loop6,1.0007686649996685,0,0,0,0,0,0,0,0,0.0,0.0,0,
16,2026-10-09T15:35:52.792146+00:00,16.001281023000047,loop7,1.0007686649996685,0,0,0,0,0,0,0,0,0.0,0.0,0,
16,2026-10-09T15:35:52.792146+00:00,16.001281023000047,sr0,1.0007686649996685,1536,0,8,0,0,0,0,0,0.0,0.0,0,
16,2026-10-09T15:35:52.792146+00:00,16.001281023000047,sda,1.0007686649996685,356339200,27251240960,7904,107624,0,65908736,0,140,0.0,65858113.17345935,856,
16,2026-10-09T15:35:52.792146+00:00,16.001281023000047,sda1,1.0007686649996685,319488,0,78,0,0,0,0,0,0.0,0.0,0,
16,2026-10-09T15:35:52.792146+00:00,16.001281023000047,sda2,1.0007686649996685,326788096,291946496,6594,47574,0,12288,0,2,0.0,12278.561899221804,16,
16,2026-10-09T15:35:52.792146+00:00,16.001281023000047,sda3,1.0007686649996685,5571584,118784,155,25,0,0,0,0,0.0,0.0,0,
16,2026-10-09T15:35:52.792146+00:00,16.001281023000047,sda4,1.0007686649996685,4657152,0,116,0,0,0,0,0,0.0,0.0,0,
16,2026-10-09T15:35:52.792146+00:00,16.001281023000047,sda5,1.0007686649996685,16548864,26959175680,826,60025,0,65896448,0,138,0.0,65845834.61156013,848,
17,2026-10-09T15:35:53.791522+00:00,17.000761058000535,loop0,0.9993749240002217,374784,0,51,0,0,0,0,0,0.0,0.0,0,
17,2026-10-09T15:35:53.791522+00:00,17.000761058000535,loop1,0.9993749240002217,2107392,0,217,0,0,0,0,0,0.0,0.0,0,
17,2026-10-09T15:35:53.791522+00:00,17.000761058000535,loop2,0.9993749240002217,1106944,0,51,0,0,0,0,0,0.0,0.0,0,
17,2026-10-09T15:35:53.791522+00:00,17.000761058000535,loop3,0.9993749240002217,1141760,0,66,0,0,0,0,0,0.0,0.0,0,
17,2026-10-09T15:35:53.791522+00:00,17.000761058000535,loop4,0.9993749240002217,354304,0,43,0,0,0,0,0,0.0,0.0,0,
17,2026-10-09T15:35:53.791522+00:00,17.000761058000535,loop5,0.9993749240002217,18432,0,12,0,0,0,0,0,0.0,0.0,0,
17,2026-10-09T15:35:53.791522+00:00,17.000761058000535,loop6,0.9993749240002217,0,0,0,0,0,0,0,0,0.0,0.0,0,
17,2026-10-09T15:35:53.791522+00:00,17.000761058000535,loop7,0.9993749240002217,0,0,0,0,0,0,0,0,0.0,0.0,0,
17,2026-10-09T15:35:53.791522+00:00,17.000761058000535,sr0,0.9993749240002217,1536,0,8,0,0,0,0,0,0.0,0.0,0,
17,2026-10-09T15:35:53.791522+00:00,17.000761058000535,sda,0.9993749240002217,356339200,27308396544,7904,107746,0,57155584,0,122,0.0,57191332.929609634,1076,
17,2026-10-09T15:35:53.791522+00:00,17.000761058000535,sda1,0.9993749240002217,319488,0,78,0,0,0,0,0,0.0,0.0,0,
17,2026-10-09T15:35:53.791522+00:00,17.000761058000535,sda2,0.9993749240002217,326788096,291946496,6594,47574,0,0,0,0,0.0,0.0,0,
17,2026-10-09T15:35:53.791522+00:00,17.000761058000535,sda3,0.9993749240002217,5571584,118784,155,25,0,0,0,0,0.0,0.0,0,
17,2026-10-09T15:35:53.791522+00:00,17.000761058000535,sda4,0.9993749240002217,4657152,0,116,0,0,0,0,0,0.0,0.0,0,
17,2026-10-09T15:35:53.791522+00:00,17.000761058000535,sda5,0.9993749240002217,16548864,27016331264,826,60147,0,57155584,0,122,0.0,57191332.929609634,1076,
18,2026-10-09T15:35:54.791491+00:00,18.000807090000308,loop0,0.9999702869999965,374784,0,51,0,0,0,0,0,0.0,0.0,0,
18,2026-10-09T15:35:54.791491+00:00,18.000807090000308,loop1,0.9999702869999965,2107392,0,217,0,0,0,0,0,0.0,0.0,0,
18,2026-10-09T15:35:54.791491+00:00,18.000807090000308,loop2,0.9999702869999965,1106944,0,51,0,0,0,0,0,0.0,0.0,0,
18,2026-10-09T15:35:54.791491+00:00,18.000807090000308,loop3,0.9999702869999965,1141760,0,66,0,0,0,0,0,0.0,0.0,0,
18,2026-10-09T15:35:54.791491+00:00,18.000807090000308,loop4,0.9999702869999965,354304,0,43,0,0,0,0,0,0.0,0.0,0,
18,2026-10-09T15:35:54.791491+00:00,18.000807090000308,loop5,0.9999702869999965,18432,0,12,0,0,0,0,0,0.0,0.0,0,
18,2026-10-09T15:35:54.791491+00:00,18.000807090000308,loop6,0.9999702869999965,0,0,0,0,0,0,0,0,0.0,0.0,0,
18,2026-10-09T15:35:54.791491+00:00,18.000807090000308,loop7,0.9999702869999965,0,0,0,0,0,0,0,0,0.0,0.0,0,
18,2026-10-09T15:35:54.791491+00:00,18.000807090000308,sr0,0.9999702869999965,1536,0,8,0,0,0,0,0,0.0,0.0,0,
18,2026-10-09T15:35:54.791491+00:00,18.000807090000308,sda,0.9999702869999965,356339200,27363422208,7904,107863,0,55025664,0,117,0.0,55027299.02613616,960,
18,2026-10-09T15:35:54.791491+00:00,18.000807090000308,sda1,0.9999702869999965,319488,0,78,0,0,0,0,0,0.0,0.0,0,
18,2026-10-09T15:35:54.791491+00:00,18.000807090000308,sda2,0.9999702869999965,326788096,291946496,6594,47574,0,0,0,0,0.0,0.0,0,
18,2026-10-09T15:35:54.791491+00:00,18.000807090000308,sda3,0.9999702869999965,5571584,118784,155,25,0,0,0,0,0.0,0.0,0,
18,2026-10-09T15:35:54.791491+00:00,18.000807090000308,sda4,0.9999702869999965,4657152,0,116,0,0,0,0,0,0.0,0.0,0,
18,2026-10-09T15:35:54.791491+00:00,18.000807090000308,sda5,0.9999702869999965,16548864,27071356928,826,60264,0,55025664,0,117,0.0,55027299.02613616,960,
19,2026-10-09T15:35:55.791593+00:00,19.00098315300056,loop0,1.0001020899999276,374784,0,51,0,0,0,0,0,0.0,0.0,0,
19,2026-10-09T15:35:55.791593+00:00,19.00098315300056,loop1,1.0001020899999276,2107392,0,217,0,0,0,0,0,0.0,0.0,0,
19,2026-10-09T15:35:55.791593+00:00,19.00098315300056,loop2,1.0001020899999276,1106944,0,51,0,0,0,0,0,0.0,0.0,0,
19,2026-10-09T15:35:55.791593+00:00,19.00098315300056,loop3,1.0001020899999276,1141760,0,66,0,0,0,0,0,0.0,0.0,0,
19,2026-10-09T15:35:55.791593+00:00,19.00098315300056,loop4,1.0001020899999276,354304,0,43,0,0,0,0,0,0.0,0.0,0,
19,2026-10-09T15:35:55.791593+00:00,19.00098315300056,loop5,1.0001020899999276,18432,0,12,0,0,0,0,0,0.0,0.0,0,
19,2026-10-09T15:35:55.791593+00:00,19.00098315300056,loop6,1.0001020899999276,0,0,0,0,0,0,0,0,0.0,0.0,0,
19,2026-10-09T15:35:55.791593+00:00,19.00098315300056,loop7,1.0001020899999276,0,0,0,0,0,0,0,0,0.0,0.0,0,
19,2026-10-09T15:35:55.791593+00:00,19.00098315300056,sr0,1.0001020899999276,1536,0,8,0,0,0,0,0,0.0,0.0,0,
19,2026-10-09T15:35:55.791593+00:00,19.00098315300056,sda,1.0001020899999276,356339200,27420917760,7904,107982,0,57495552,0,119,0.0,57489682.87827912,964,
19,2026-10-09T15:35:55.791593+00:00,19.00098315300056,sda1,1.0001020899999276,319488,0,78,0,0,0,0,0,0.0,0.0,0,
19,2026-10-09T15:35:55.791593+00:00,19.00098315300056,sda2,1.0001020899999276,326788096,291946496,6594,47574,0,0,0,0,0.0,0.0,0,
19,2026-10-09T15:35:55.791593+00:00,19.00098315300056,sda3,1.0001020899999276,5571584,118784,155,25,0,0,0,0,0.0,0.0,0,
19,2026-10-09T15:35:55.791593+00:00,19.00098315300056,sda4,1.0001020899999276,4657152,0,116,0,0,0,0,0,0.0,0.0,0,
19,2026-10-09T15:35:55.791593+00:00,19.00098315300056,sda5,1.0001020899999276,16548864,27128852480,826,60383,0,57495552,0,119,0.0,57489682.87827912,964,
20,2026-10-09T15:35:56.791999+00:00,20.001292482999816,loop0,1.0004049560002386,374784,0,51,0,0,0,0,0,0.0,0.0,0,
20,2026-10-09T15:35:56.791999+00:00,20.001292482999816,loop1,1.0004049560002386,2107392,0,217,0,0,0,0,0,0.0,0.0,0,
20,2026-10-09T15:35:56.791999+00:00,20.001292482999816,loop2,1.0004049560002386,1106944,0,51,0,0,0,0,0,0.0,0.0,0,
20,2026-10-09T15:35:56.791999+00:00,20.001292482999816,loop3,1.0004049560002386,1141760,0,66,0,0,0,0,0,0.0,0.0,0,
20,2026-10-09T15:35:56.791999+00:00,20.001292482999816,loop4,1.0004049560002386,354304,0,43,0,0,0,0,0,0.0,0.0,0,
20,2026-10-09T15:35:56.791999+00:00,20.001292482999816,loop5,1.0004049560002386,18432,0,12,0,0,0,0,0,0.0,0.0,0,
20,2026-10-09T15:35:56.791999+00:00,20.001292482999816,loop6,1.0004049560002386,0,0,0,0,0,0,0,0,0.0,0.0,0,
20,2026-10-09T15:35:56.791999+00:00,20.001292482999816,loop7,1.0004049560002386,0,0,0,0,0,0,0,0,0.0,0.0,0,
20,2026-10-09T15:35:56.791999+00:00,20.001292482999816,sr0,1.0004049560002386,1536,0,8,0,0,0,0,0,0.0,0.0,0,
20,2026-10-09T15:35:56.791999+00:00,20.001292482999816,sda,1.0004049560002386,356339200,27474939904,7904,108098,0,54022144,0,116,0.0,54000276.26411231,944,
20,2026-10-09T15:35:56.791999+00:00,20.001292482999816,sda1,1.0004049560002386,319488,0,78,0,0,0,0,0,0.0,0.0,0,
20,2026-10-09T15:35:56.791999+00:00,20.001292482999816,sda2,1.0004049560002386,326788096,291946496,6594,47574,0,0,0,0,0.0,0.0,0,
20,2026-10-09T15:35:56.791999+00:00,20.001292482999816,sda3,1.0004049560002386,5571584,118784,155,25,0,0,0,0,0.0,0.0,0,
20,2026-10-09T15:35:56.791999+00:00,20.001292482999816,sda4,1.0004049560002386,4657152,0,116,0,0,0,0,0,0.0,0.0,0,
20,2026-10-09T15:35:56.791999+00:00,20.001292482999816,sda5,1.0004049560002386,16548864,27182874624,826,60499,0,54022144,0,116,0.0,54000276.26411231,944,
21,2026-10-09T15:35:57.791701+00:00,21.00113321900062,loop0,0.9997030049999012,374784,0,51,0,0,0,0,0,0.0,0.0,0,
21,2026-10-09T15:35:57.791701+00:00,21.00113321900062,loop1,0.9997030049999012,2107392,0,217,0,0,0,0,0,0.0,0.0,0,
21,2026-10-09T15:35:57.791701+00:00,21.00113321900062,loop2,0.9997030049999012,1106944,0,51,0,0,0,0,0,0.0,0.0,0,
21,2026-10-09T15:35:57.791701+00:00,21.00113321900062,loop3,0.9997030049999012,1141760,0,66,0,0,0,0,0,0.0,0.0,0,
21,2026-10-09T15:35:57.791701+00:00,21.00113321900062,loop4,0.9997030049999012,354304,0,43,0,0,0,0,0,0.0,0.0,0,
21,2026-10-09T15:35:57.791701+00:00,21.00113321900062,loop5,0.9997030049999012,18432,0,12,0,0,0,0,0,0.0,0.0,0,
21,2026-10-09T15:35:57.791701+00:00,21.00113321900062,loop6,0.9997030049999012,0,0,0,0,0,0,0,0,0.0,0.0,0,
21,2026-10-09T15:35:57.791701+00:00,21.00113321900062,loop7,0.9997030049999012,0,0,0,0,0,0,0,0,0.0,0.0,0,
21,2026-10-09T15:35:57.791701+00:00,21.00113321900062,sr0,0.9997030049999012,1536,0,8,0,0,0,0,0,0.0,0.0,0,
21,2026-10-09T15:35:57.791701+00:00,21.00113321900062,sda,0.9997030049999012,356339200,27531673600,7904,108219,0,56733696,0,121,0.0,56750550.629789904,936,
21,2026-10-09T15:35:57.791701+00:00,21.00113321900062,sda1,0.9997030049999012,319488,0,78,0,0,0,0,0,0.0,0.0,0,
21,2026-10-09T15:35:57.791701+00:00,21.00113321900062,sda2,0.9997030049999012,326788096,291958784,6594,47576,0,12288,0,2,0.0,12291.650558758913,4,
21,2026-10-09T15:35:57.791701+00:00,21.00113321900062,sda3,0.9997030049999012,5571584,118784,155,25,0,0,0,0,0.0,0.0,0,
21,2026-10-09T15:35:57.791701+00:00,21.00113321900062,sda4,0.9997030049999012,4657152,0,116,0,0,0,0,0,0.0,0.0,0,
21,2026-10-09T15:35:57.791701+00:00,21.00113321900062,sda5,0.9997030049999012,16548864,27239596032,826,60618,0,56721408,0,119,0.0,56738258.97923114,932,
22,2026-10-09T15:35:58.791320+00:00,22.000738269000067,loop0,0.9996181169999545,374784,0,51,0,0,0,0,0,0.0,0.0,0,
22,2026-10-09T15:35:58.791320+00:00,22.000738269000067,loop1,0.9996181169999545,2107392,0,217,0,0,0,0,0,0.0,0.0,0,
22,2026-10-09T15:35:58.791320+00:00,22.000738269000067,loop2,0.9996181169999545,1106944,0,51,0,0,0,0,0,0.0,0.0,0,
22,2026-10-09T15:35:58.791320+00:00,22.000738269000067,loop3,0.9996181169999545,1141760,0,66,0,0,0,0,0,0.0,0.0,0,
22,2026-10-09T15:35:58.791320+00:00,22.000738269000067,loop4,0.9996181169999545,354304,0,43,0,0,0,0,0,0.0,0.0,0,
22,2026-10-09T15:35:58.791320+00:00,22.000738269000067,loop5,0.9996181169999545,18432,0,12,0,0,0,0,0,0.0,0.0,0,
22,2026-10-09T15:35:58.791320+00:00,22.000738269000067,loop6,0.9996181169999545,0,0,0,0,0,0,0,0,0.0,0.0,0,
22,2026-10-09T15:35:58.791320+00:00,22.000738269000067,loop7,0.9996181169999545,0,0,0,0,0,0,0,0,0.0,0.0,0,
22,2026-10-09T15:35:58.791320+00:00,22.000738269000067,sr0,0.9996181169999545,1536,0,8,0,0,0,0,0,0.0,0.0,0,
22,2026-10-09T15:35:58.791320+00:00,22.000738269000067,sda,0.9996181169999545,356339200,27594072064,7904,108350,0,62398464,0,131,0.0,62422302.0159636,1028,
22,2026-10-09T15:35:58.791320+00:00,22.000738269000067,sda1,0.9996181169999545,319488,0,78,0,0,0,0,0,0.0,0.0,0,
22,2026-10-09T15:35:58.791320+00:00,22.000738269000067,sda2,0.9996181169999545,326788096,291958784,6594,47576,0,0,0,0,0.0,0.0,0,
22,2026-10-09T15:35:58.791320+00:00,22.000738269000067,sda3,0.9996181169999545,5571584,118784,155,25,0,0,0,0,0.0,0.0,0,
22,2026-10-09T15:35:58.791320+00:00,22.000738269000067,sda4,0.9996181169999545,4657152,0,116,0,0,0,0,0,0.0,0.0,0,
22,2026-10-09T15:35:58.791320+00:00,22.000738269000067,sda5,0.9996181169999545,16548864,27301994496,826,60749,0,62398464,0,131,0.0,62422302.0159636,1028,
23,2026-10-09T15:35:59.791722+00:00,23.001049626000167,loop0,1.0004021069998998,374784,0,51,0,0,0,0,0,0.0,0.0,0,
23,2026-10-09T15:35:59.791722+00:00,23.001049626000167,loop1,1.0004021069998998,2107392,0,217,0,0,0,0,0,0.0,0.0,0,
23,2026-10-09T15:35:59.791722+00:00,23.001049626000167,loop2,1.0004021069998998,1106944,0,51,0,0,0,0,0,0.0,0.0,0,
23,2026-10-09T15:35:59.791722+00:00,23.001049626000167,loop3,1.0004021069998998,1141760,0,66,0,0,0,0,0,0.0,0.0,0,
23,2026-10-09T15:35:59.791722+00:00,23.001049626000167,loop4,1.0004021069998998,354304,0,43,0,0,0,0,0,0.0,0.0,0,
23,2026-10-09T15:35:59.791722+00:00,23.001049626000167,loop5,1.0004021069998998,18432,0,12,0,0,0,0,0,0.0,0.0,0,
23,2026-10-09T15:35:59.791722+00:00,23.001049626000167,loop6,1.0004021069998998,0,0,0,0,0,0,0,0,0.0,0.0,0,
23,2026-10-09T15:35:59.791722+00:00,23.001049626000167,loop7,1.0004021069998998,0,0,0,0,0,0,0,0,0.0,0.0,0,
23,2026-10-09T15:35:59.791722+00:00,23.001049626000167,sr0,1.0004021069998998,1536,0,8,0,0,0,0,0,0.0,0.0,0,
23,2026-10-09T15:35:59.791722+00:00,23.001049626000167,sda,1.0004021069998998,356339200,27655471104,7904,108482,0,61399040,0,132,0.0,61374360.93985171,1004,
23,2026-10-09T15:35:59.791722+00:00,23.001049626000167,sda1,1.0004021069998998,319488,0,78,0,0,0,0,0,0.0,0.0,0,
23,2026-10-09T15:35:59.791722+00:00,23.001049626000167,sda2,1.0004021069998998,326788096,291958784,6594,47576,0,0,0,0,0.0,0.0,0,
23,2026-10-09T15:35:59.791722+00:00,23.001049626000167,sda3,1.0004021069998998,5571584,118784,155,25,0,0,0,0,0.0,0.0,0,
23,2026-10-09T15:35:59.791722+00:00,23.001049626000167,sda4,1.0004021069998998,4657152,0,116,0,0,0,0,0,0.0,0.0,0,
23,2026-10-09T15:35:59.791722+00:00,23.001049626000167,sda5,1.0004021069998998,16548864,27363393536,826,60881,0,61399040,0,132,0.0,61374360.93985171,1004,
24,2026-10-09T15:36:00.796324+00:00,24.00536118800028,loop0,1.0046027289999984,374784,0,51,0,0,0,0,0,0.0,0.0,0,
24,2026-10-09T15:36:00.796324+00:00,24.00536118800028,loop1,1.0046027289999984,2107392,0,217,0,0,0,0,0,0.0,0.0,0,
24,2026-10-09T15:36:00.796324+00:00,24.00536118800028,loop2,1.0046027289999984,1106944,0,51,0,0,0,0,0,0.0,0.0,0,
24,2026-10-09T15:36:00.796324+00:00,24.00536118800028,loop3,1.0046027289999984,1141760,0,66,0,0,0,0,0,0.0,0.0,0,
24,2026-10-09T15:36:00.796324+00:00,24.00536118800028,loop4,1.0046027289999984,354304,0,43,0,0,0,0,0,0.0,0.0,0,
24,2026-10-09T15:36:00.796324+00:00,24.00536118800028,loop5,1.0046027289999984,18432,0,12,0,0,0,0,0,0.0,0.0,0,
24,2026-10-09T15:36:00.796324+00:00,24.00536118800028,loop6,1.0046027289999984,0,0,0,0,0,0,0,0,0.0,0.0,0,
24,2026-10-09T15:36:00.796324+00:00,24.00536118800028,loop7,1.0046027289999984,0,0,0,0,0,0,0,0,0.0,0.0,0,
24,2026-10-09T15:36:00.796324+00:00,24.00536118800028,sr0,1.0046027289999984,1536,0,8,0,0,0,0,0,0.0,0.0,0,
24,2026-10-09T15:36:00.796324+00:00,24.00536118800028,sda,1.0046027289999984,356339200,27716104192,7904,108611,0,60633088,0,129,0.0,60355288.96119503,972,
24,2026-10-09T15:36:00.796324+00:00,24.00536118800028,sda1,1.0046027289999984,319488,0,78,0,0,0,0,0,0.0,0.0,0,
24,2026-10-09T15:36:00.796324+00:00,24.00536118800028,sda2,1.0046027289999984,326788096,291958784,6594,47576,0,0,0,0,0.0,0.0,0,
24,2026-10-09T15:36:00.796324+00:00,24.00536118800028,sda3,1.0046027289999984,5571584,118784,155,25,0,0,0,0,0.0,0.0,0,
24,2026-10-09T15:36:00.796324+00:00,24.00536118800028,sda4,1.0046027289999984,4657152,0,116,0,0,0,0,0,0.0,0.0,0,
24,2026-10-09T15:36:00.796324+00:00,24.00536118800028,sda5,1.0046027289999984,16548864,27424026624,826,61010,0,60633088,0,129,0.0,60355288.96119503,972,
25,2026-10-09T15:36:01.791498+00:00,25.000798288000624,loop0,0.9951736630000596,374784,0,51,0,0,0,0,0,0.0,0.0,0,
25,2026-10-09T15:36:01.791498+00:00,25.000798288000624,loop1,0.9951736630000596,2107392,0,217,0,0,0,0,0,0.0,0.0,0,
25,2026-10-09T15:36:01.791498+00:00,25.000798288000624,loop2,0.9951736630000596,1106944,0,51,0,0,0,0,0,0.0,0.0,0,
25,2026-10-09T15:36:01.791498+00:00,25.000798288000624,loop3,0.9951736630000596,1141760,0,66,0,0,0,0,0,0.0,0.0,0,
25,2026-10-09T15:36:01.791498+00:00,25.000798288000624,loop4,0.9951736630000596,354304,0,43,0,0,0,0,0,0.0,0.0,0,
25,2026-10-09T15:36:01.791498+00:00,25.000798288000624,loop5,0.9951736630000596,18432,0,12,0,0,0,0,0,0.0,0.0,0,
25,2026-10-09T15:36:01.791498+00:00,25.000798288000624,loop6,0.9951736630000596,0,0,0,0,0,0,0,0,0.0,0.0,0,
25,2026-10-09T15:36:01.791498+00:00,25.000798288000624,loop7,0.9951736630000596,0,0,0,0,0,0,0,0,0.0,0.0,0,
25,2026-10-09T15:36:01.791498+00:00,25.000798288000624,sr0,0.9951736630000596,1536,0,8,0,0,0,0,0,0.0,0.0,0,
25,2026-10-09T15:36:01.791498+00:00,25.000798288000624,sda,0.9951736630000596,356339200,27777429504,7904,108737,0,61325312,0,126,0.0,61622724.03303777,848,
25,2026-10-09T15:36:01.791498+00:00,25.000798288000624,sda1,0.9951736630000596,319488,0,78,0,0,0,0,0,0.0,0.0,0,
25,2026-10-09T15:36:01.791498+00:00,25.000798288000624,sda2,0.9951736630000596,326788096,291958784,6594,47576,0,0,0,0,0.0,0.0,0,
25,2026-10-09T15:36:01.791498+00:00,25.000798288000624,sda3,0.9951736630000596,5571584,118784,155,25,0,0,0,0,0.0,0.0,0,
25,2026-10-09T15:36:01.791498+00:00,25.000798288000624,sda4,0.9951736630000596,4657152,0,116,0,0,0,0,0,0.0,0.0,0,
25,2026-10-09T15:36:01.791498+00:00,25.000798288000624,sda5,0.9951736630000596,16548864,27485351936,826,61136,0,61325312,0,126,0.0,61622724.03303777,848,
26,2026-10-09T15:36:02.791917+00:00,26.001196420999804,loop0,1.00041899200005,374784,0,51,0,0,0,0,0,0.0,0.0,0,
26,2026-10-09T15:36:02.791917+00:00,26.001196420999804,loop1,1.00041899200005,2107392,0,217,0,0,0,0,0,0.0,0.0,0,
26,2026-10-09T15:36:02.791917+00:00,26.001196420999804,loop2,1.00041899200005,1106944,0,51,0,0,0,0,0,0.0,0.0,0,
26,2026-10-09T15:36:02.791917+00:00,26.001196420999804,loop3,1.00041899200005,1141760,0,66,0,0,0,0,0,0.0,0.0,0,
26,2026-10-09T15:36:02.791917+00:00,26.001196420999804,loop4,1.00041899200005,354304,0,43,0,0,0,0,0,0.0,0.0,0,
26,2026-10-09T15:36:02.791917+00:00,26.001196420999804,loop5,1.00041899200005,18432,0,12,0,0,0,0,0,0.0,0.0,0,
26,2026-10-09T15:36:02.791917+00:00,26.001196420999804,loop6,1.00041899200005,0,0,0,0,0,0,0,0,0.0,0.0,0,
26,2026-10-09T15:36:02.791917+00:00,26.001196420999804,loop7,1.00041899200005,0,0,0,0,0,0,0,0,0.0,0.0,0,
26,2026-10-09T15:36:02.791917+00:00,26.001196420999804,sr0,1.00041899200005,1536,0,8,0,0,0,0,0,0.0,0.0,0,
26,2026-10-09T15:36:02.791917+00:00,26.001196420999804,sda,1.00041899200005,356339200,27841576960,7904,108874,0,64147456,0,137,0.0,64120589.985757485,904,
26,2026-10-09T15:36:02.791917+00:00,26.001196420999804,sda1,1.00041899200005,319488,0,78,0,0,0,0,0,0.0,0.0,0,
26,2026-10-09T15:36:02.791917+00:00,26.001196420999804,sda2,1.00041899200005,326788096,291966976,6594,47577,0,8192,0,1,0.0,8188.569055074067,40,
26,2026-10-09T15:36:02.791917+00:00,26.001196420999804,sda3,1.00041899200005,5571584,118784,155,25,0,0,0,0,0.0,0.0,0,
26,2026-10-09T15:36:02.791917+00:00,26.001196420999804,sda4,1.00041899200005,4657152,0,116,0,0,0,0,0,0.0,0.0,0,
26,2026-10-09T15:36:02.791917+00:00,26.001196420999804,sda5,1.00041899200005,16548864,27549491200,826,61272,0,64139264,0,136,0.0,64112401.41670241,1012,
27,2026-10-09T15:36:03.792019+00:00,27.000784691000263,loop0,1.0001017730000967,374784,0,51,0,0,0,0,0,0.0,0.0,0,
27,2026-10-09T15:36:03.792019+00:00,27.000784691000263,loop1,1.0001017730000967,2107392,0,217,0,0,0,0,0,0.0,0.0,0,
27,2026-10-09T15:36:03.792019+00:00,27.000784691000263,loop2,1.0001017730000967,1106944,0,51,0,0,0,0,0,0.0,0.0,0,
27,2026-10-09T15:36:03.792019+00:00,27.000784691000263,loop3,1.0001017730000967,1141760,0,66,0,0,0,0,0,0.0,0.0,0,
27,2026-10-09T15:36:03.792019+00:00,27.000784691000263,loop4,1.0001017730000967,354304,0,43,0,0,0,0,0,0.0,0.0,0,
27,2026-10-09T15:36:03.792019+00:00,27.000784691000263,loop5,1.0001017730000967,18432,0,12,0,0,0,0,0,0.0,0.0,0,
27,2026-10-09T15:36:03.792019+00:00,27.000784691000263,loop6,1.0001017730000967,0,0,0,0,0,0,0,0,0.0,0.0,0,
27,2026-10-09T15:36:03.792019+00:00,27.000784691000263,loop7,1.0001017730000967,0,0,0,0,0,0,0,0,0.0,0.0,0,
27,2026-10-09T15:36:03.792019+00:00,27.000784691000263,sr0,1.0001017730000967,1536,0,8,0,0,0,0,0,0.0,0.0,0,
27,2026-10-09T15:36:03.792019+00:00,27.000784691000263,sda,1.0001017730000967,356339200,27900420096,7904,108998,0,58843136,0,124,0.0,58837147.96693427,984,
27,2026-10-09T15:36:03.792019+00:00,27.000784691000263,sda1,1.0001017730000967,319488,0,78,0,0,0,0,0,0.0,0.0,0,
27,2026-10-09T15:36:03.792019+00:00,27.000784691000263,sda2,1.0001017730000967,326788096,291971072,6594,47578,0,4096,0,1,0.0,4095.583180212604,12,
27,2026-10-09T15:36:03.792019+00:00,27.000784691000263,sda3,1.0001017730000967,5571584,118784,155,25,0,0,0,0,0.0,0.0,0,
27,2026-10-09T15:36:03.792019+00:00,27.000784691000263,sda4,1.0001017730000967,4657152,0,116,0,0,0,0,0,0.0,0.0,0,
27,2026-10-09T15:36:03.792019+00:00,27.000784691000263,sda5,1.0001017730000967,16548864,27608330240,826,61395,0,58839040,0,123,0.0,58833052.38375406,984,
28,2026-10-09T15:36:04.791645+00:00,28.001023646999784,loop0,0.9996265190002305,374784,0,51,0,0,0,0,0,0.0,0.0,0,
28,2026-10-09T15:36:04.791645+00:00,28.001023646999784,loop1,0.9996265190002305,2107392,0,217,0,0,0,0,0,0.0,0.0,0,
28,2026-10-09T15:36:04.791645+00:00,28.001023646999784,loop2,0.9996265190002305,1106944,0,51,0,0,0,0,0,0.0,0.0,0,
28,2026-10-09T15:36:04.791645+00:00,28.001023646999784,loop3,0.9996265190002305,1141760,0,66,0,0,0,0,0,0.0,0.0,0,
28,2026-10-09T15:36:04.791645+00:00,28.001023646999784,loop4,0.9996265190002305,354304,0,43,0,0,0,0,0,0.0,0.0,0,
28,2026-10-09T15:36:04.791645+00:00,28.001023646999784,loop5,0.9996265190002305,18432,0,12,0,0,0,0,0,0.0,0.0,0,
28,2026-10-09T15:36:04.791645+00:00,28.001023646999784,loop6,0.9996265190002305,0,0,0,0,0,0,0,0,0.0,0.0,0,
28,2026-10-09T15:36:04.791645+00:00,28.001023646999784,loop7,0.9996265190002305,0,0,0,0,0,0,0,0,0.0,0.0,0,
28,2026-10-09T15:36:04.791645+00:00,28.001023646999784,sr0,0.9996265190002305,1536,0,8,0,0,0,0,0,0.0,0.0,0,
28,2026-10-09T15:36:04.791645+00:00,28.001023646999784,sda,0.9996265190002305,356339200,27966689280,7904,109135,0,66269184,0,137,0.0,66293943.52830762,924,
28,2026-10-09T15:36:04.791645+00:00,28.001023646999784,sda1,0.9996265190002305,319488,0,78,0,0,0,0,0,0.0,0.0,0,
28,2026-10-09T15:36:04.791645+00:00,28.001023646999784,sda2,0.9996265190002305,326788096,291971072,6594,47578,0,0,0,0,0.0,0.0,0,
28,2026-10-09T15:36:04.791645+00:00,28.001023646999784,sda3,0.9996265190002305,5571584,118784,155,25,0,0,0,0,0.0,0.0,0,
28,2026-10-09T15:36:04.791645+00:00,28.001023646999784,sda4,0.9996265190002305,4657152,0,116,0,0,0,0,0,0.0,0.0,0,
28,2026-10-09T15:36:04.791645+00:00,28.001023646999784,sda5,0.9996265190002305,16548864,27674599424,826,61532,0,66269184,0,137,0.0,66293943.52830762,924,
29,2026-10-09T15:36:05.791387+00:00,29.000794557000518,loop0,0.9997417710001173,374784,0,51,0,0,0,0,0,0.0,0.0,0,
29,2026-10-09T15:36:05.791387+00:00,29.000794557000518,loop1,0.9997417710001173,2107392,0,217,0,0,0,0,0,0.0,0.0,0,
29,2026-10-09T15:36:05.791387+00:00,29.000794557000518,loop2,0.9997417710001173,1106944,0,51,0,0,0,0,0,0.0,0.0,0,
29,2026-10-09T15:36:05.791387+00:00,29.000794557000518,loop3,0.9997417710001173,1141760,0,66,0,0,0,0,0,0.0,0.0,0,
29,2026-10-09T15:36:05.791387+00:00,29.000794557000518,loop4,0.9997417710001173,354304,0,43,0,0,0,0,0,0.0,0.0,0,
29,2026-10-09T15:36:05.791387+00:00,29.000794557000518,loop5,0.9997417710001173,18432,0,12,0,0,0,0,0,0.0,0.0,0,
29,2026-10-09T15:36:05.791387+00:00,29.000794557000518,loop6,0.9997417710001173,0,0,0,0,0,0,0,0,0.0,0.0,0,
29,2026-10-09T15:36:05.791387+00:00,29.000794557000518,loop7,0.9997417710001173,0,0,0,0,0,0,0,0,0.0,0.0,0,
29,2026-10-09T15:36:05.791387+00:00,29.000794557000518,sr0,0.9997417710001173,1536,0,8,0,0,0,0,0,0.0,0.0,0,
29,2026-10-09T15:36:05.791387+00:00,29.000794557000518,sda,0.9997417710001173,356339200,28028440576,7904,109267,0,61751296,0,132,0.0,61767246.09418441,900,
29,2026-10-09T15:36:05.791387+00:00,29.000794557000518,sda1,0.9997417710001173,319488,0,78,0,0,0,0,0,0.0,0.0,0,
29,2026-10-09T15:36:05.791387+00:00,29.000794557000518,sda2,0.9997417710001173,326788096,291971072,6594,47578,0,0,0,0,0.0,0.0,0,
29,2026-10-09T15:36:05.791387+00:00,29.000794557000518,sda3,0.9997417710001173,5571584,118784,155,25,0,0,0,0,0.0,0.0,0,
29,2026-10-09T15:36:05.791387+00:00,29.000794557000518,sda4,0.9997417710001173,4657152,0,116,0,0,0,0,0,0.0,0.0,0,
29,2026-10-09T15:36:05.791387+00:00,29.000794557000518,sda5,0.9997417710001173,16548864,27736350720,826,61664,0,61751296,0,132,0.0,61767246.09418441,900,
30,2026-10-09T15:36:06.791343+00:00,30.000811618000625,loop0,0.9999556149996351,374784,0,51,0,0,0,0,0,0.0,0.0,0,
30,2026-10-09T15:36:06.791343+00:00,30.000811618000625,loop1,0.9999556149996351,2107392,0,217,0,0,0,0,0,0.0,0.0,0,
30,2026-10-09T15:36:06.791343+00:00,30.000811618000625,loop2,0.9999556149996351,1106944,0,51,0,0,0,0,0,0.0,0.0,0,
30,2026-10-09T15:36:06.791343+00:00,30.000811618000625,loop3,0.9999556149996351,1141760,0,66,0,0,0,0,0,0.0,0.0,0,
30,2026-10-09T15:36:06.791343+00:00,30.000811618000625,loop4,0.9999556149996351,354304,0,43,0,0,0,0,0,0.0,0.0,0,
30,2026-10-09T15:36:06.791343+00:00,30.000811618000625,loop5,0.9999556149996351,18432,0,12,0,0,0,0,0,0.0,0.0,0,
30,2026-10-09T15:36:06.791343+00:00,30.000811618000625,loop6,0.9999556149996351,0,0,0,0,0,0,0,0,0.0,0.0,0,
30,2026-10-09T15:36:06.791343+00:00,30.000811618000625,loop7,0.9999556149996351,0,0,0,0,0,0,0,0,0.0,0.0,0,
30,2026-10-09T15:36:06.791343+00:00,30.000811618000625,sr0,0.9999556149996351,1536,0,8,0,0,0,0,0,0.0,0.0,0,
30,2026-10-09T15:36:06.791343+00:00,30.000811618000625,sda,0.9999556149996351,356339200,28091465728,7904,109399,0,63025152,0,132,0.0,63027949.495561354,876,
30,2026-10-09T15:36:06.791343+00:00,30.000811618000625,sda1,0.9999556149996351,319488,0,78,0,0,0,0,0,0.0,0.0,0,
30,2026-10-09T15:36:06.791343+00:00,30.000811618000625,sda2,0.9999556149996351,326788096,291971072,6594,47578,0,0,0,0,0.0,0.0,0,
30,2026-10-09T15:36:06.791343+00:00,30.000811618000625,sda3,0.9999556149996351,5571584,118784,155,25,0,0,0,0,0.0,0.0,0,
30,2026-10-09T15:36:06.791343+00:00,30.000811618000625,sda4,0.9999556149996351,4657152,0,116,0,0,0,0,0,0.0,0.0,0,
30,2026-10-09T15:36:06.791343+00:00,30.000811618000625,sda5,0.9999556149996351,16548864,27799375872,826,61796,0,63025152,0,132,0.0,63027949.495561354,876,
31,2026-10-09T15:36:07.791744+00:00,31.000925690999793,loop0,1.0004007719999208,374784,0,51,0,0,0,0,0,0.0,0.0,0,
31,2026-10-09T15:36:07.791744+00:00,31.000925690999793,loop1,1.0004007719999208,2107392,0,217,0,0,0,0,0,0.0,0.0,0,
31,2026-10-09T15:36:07.791744+00:00,31.000925690999793,loop2,1.0004007719999208,1106944,0,51,0,0,0,0,0,0.0,0.0,0,
31,2026-10-09T15:36:07.791744+00:00,31.000925690999793,loop3,1.0004007719999208,1141760,0,66,0,0,0,0,0,0.0,0.0,0,
31,2026-10-09T15:36:07.791744+00:00,31.000925690999793,loop4,1.0004007719999208,354304,0,43,0,0,0,0,0,0.0,0.0,0,
31,2026-10-09T15:36:07.791744+00:00,31.000925690999793,loop5,1.0004007719999208,18432,0,12,0,0,0,0,0,0.0,0.0,0,
31,2026-10-09T15:36:07.791744+00:00,31.000925690999793,loop6,1.0004007719999208,0,0,0,0,0,0,0,0,0.0,0.0,0,
31,2026-10-09T15:36:07.791744+00:00,31.000925690999793,loop7,1.0004007719999208,0,0,0,0,0,0,0,0,0.0,0.0,0,
31,2026-10-09T15:36:07.791744+00:00,31.000925690999793,sr0,1.0004007719999208,1536,0,8,0,0,0,0,0,0.0,0.0,0,
31,2026-10-09T15:36:07.791744+00:00,31.000925690999793,sda,1.0004007719999208,356339200,28151087104,7904,109526,0,59621376,0,127,0.0,59597490.99434394,984,
31,2026-10-09T15:36:07.791744+00:00,31.000925690999793,sda1,1.0004007719999208,319488,0,78,0,0,0,0,0,0.0,0.0,0,
31,2026-10-09T15:36:07.791744+00:00,31.000925690999793,sda2,1.0004007719999208,326788096,291987456,6594,47579,0,16384,0,1,0.0,16377.436382067583,68,
31,2026-10-09T15:36:07.791744+00:00,31.000925690999793,sda3,1.0004007719999208,5571584,118784,155,25,0,0,0,0,0.0,0.0,0,
31,2026-10-09T15:36:07.791744+00:00,31.000925690999793,sda4,1.0004007719999208,4657152,0,116,0,0,0,0,0,0.0,0.0,0,
31,2026-10-09T15:36:07.791744+00:00,31.000925690999793,sda5,1.0004007719999208,16548864,27858980864,826,61922,0,59604992,0,126,0.0,59581113.557961866,984,
32,2026-10-09T15:36:08.791411+00:00,32.00086558000021,loop0,0.9996675610000239,374784,0,51,0,0,0,0,0,0.0,0.0,0,
32,2026-10-09T15:36:08.791411+00:00,32.00086558000021,loop1,0.9996675610000239,2107392,0,217,0,0,0,0,0,0.0,0.0,0,
32,2026-10-09T15:36:08.791411+00:00,32.00086558000021,loop2,0.9996675610000239,1106944,0,51,0,0,0,0,0,0.0,0.0,0,
32,2026-10-09T15:36:08.791411+00:00,32.00086558000021,loop3,0.9996675610000239,1141760,0,66,0,0,0,0,0,0.0,0.0,0,
32,2026-10-09T15:36:08.791411+00:00,32.00086558000021,loop4,0.9996675610000239,354304,0,43,0,0,0,0,0,0.0,0.0,0,
32,2026-10-09T15:36:08.791411+00:00,32.00086558000021,loop5,0.9996675610000239,18432,0,12,0,0,0,0,0,0.0,0.0,0,
32,2026-10-09T15:36:08.791411+00:00,32.00086558000021,loop6,0.9996675610000239,0,0,0,0,0,0,0,0,0.0,0.0,0,
32,2026-10-09T15:36:08.791411+00:00,32.00086558000021,loop7,0.9996675610000239,0,0,0,0,0,0,0,0,0.0,0.0,0,
32,2026-10-09T15:36:08.791411+00:00,32.00086558000021,sr0,0.9996675610000239,1536,0,8,0,0,0,0,0,0.0,0.0,0,
32,2026-10-09T15:36:08.791411+00:00,32.00086558000021,sda,0.9996675610000239,356339200,28206862336,7904,109647,0,55775232,0,121,0.0,55793780.02843754,988,
32,2026-10-09T15:36:08.791411+00:00,32.00086558000021,sda1,0.9996675610000239,319488,0,78,0,0,0,0,0,0.0,0.0,0,
32,2026-10-09T15:36:08.791411+00:00,32.00086558000021,sda2,0.9996675610000239,326788096,292012032,6594,47581,0,24576,0,2,0.0,24584.172737800196,12,
32,2026-10-09T15:36:08.791411+00:00,32.00086558000021,sda3,0.9996675610000239,5571584,118784,155,25,0,0,0,0,0.0,0.0,0,
32,2026-10-09T15:36:08.791411+00:00,32.00086558000021,sda4,0.9996675610000239,4657152,0,116,0,0,0,0,0,0.0,0.0,0,
32,2026-10-09T15:36:08.791411+00:00,32.00086558000021,sda5,0.9996675610000239,16548864,27914731520,826,62041,0,55750656,0,119,0.0,55769195.85569974,976,
33,2026-10-09T15:36:09.791743+00:00,33.00095572999999,loop0,1.0003305460004412,374784,0,51,0,0,0,0,0,0.0,0.0,0,
33,2026-10-09T15:36:09.791743+00:00,33.00095572999999,loop1,1.0003305460004412,2107392,0,217,0,0,0,0,0,0.0,0.0,0,
33,2026-10-09T15:36:09.791743+00:00,33.00095572999999,loop2,1.0003305460004412,1106944,0,51,0,0,0,0,0,0.0,0.0,0,
33,2026-10-09T15:36:09.791743+00:00,33.00095572999999,loop3,1.0003305460004412,1141760,0,66,0,0,0,0,0,0.0,0.0,0,
33,2026-10-09T15:36:09.791743+00:00,33.00095572999999,loop4,1.0003305460004412,354304,0,43,0,0,0,0,0,0.0,0.0,0,
33,2026-10-09T15:36:09.791743+00:00,33.00095572999999,loop5,1.0003305460004412,18432,0,12,0,0,0,0,0,0.0,0.0,0,
33,2026-10-09T15:36:09.791743+00:00,33.00095572999999,loop6,1.0003305460004412,0,0,0,0,0,0,0,0,0.0,0.0,0,
33,2026-10-09T15:36:09.791743+00:00,33.00095572999999,loop7,1.0003305460004412,0,0,0,0,0,0,0,0,0.0,0.0,0,
33,2026-10-09T15:36:09.791743+00:00,33.00095572999999,sr0,1.0003305460004412,1536,0,8,0,0,0,0,0,0.0,0.0,0,
33,2026-10-09T15:36:09.791743+00:00,33.00095572999999,sda,1.0003305460004412,356339200,28241215488,7904,109720,0,34353152,0,73,0.0,34341800.45521158,744,
33,2026-10-09T15:36:09.791743+00:00,33.00095572999999,sda1,1.0003305460004412,319488,0,78,0,0,0,0,0,0.0,0.0,0,
33,2026-10-09T15:36:09.791743+00:00,33.00095572999999,sda2,1.0003305460004412,326788096,292012032,6594,47581,0,0,0,0,0.0,0.0,0,
33,2026-10-09T15:36:09.791743+00:00,33.00095572999999,sda3,1.0003305460004412,5571584,118784,155,25,0,0,0,0,0.0,0.0,0,
33,2026-10-09T15:36:09.791743+00:00,33.00095572999999,sda4,1.0003305460004412,4657152,0,116,0,0,0,0,0,0.0,0.0,0,
33,2026-10-09T15:36:09.791743+00:00,33.00095572999999,sda5,1.0003305460004412,16548864,27949084672,826,62114,0,34353152,0,73,0.0,34341800.45521158,744,
34,2026-10-09T15:36:10.791917+00:00,34.001314351000474,loop0,1.000175580999894,374784,0,51,0,0,0,0,0,0.0,0.0,0,
34,2026-10-09T15:36:10.791917+00:00,34.001314351000474,loop1,1.000175580999894,2107392,0,217,0,0,0,0,0,0.0,0.0,0,
34,2026-10-09T15:36:10.791917+00:00,34.001314351000474,loop2,1.000175580999894,1106944,0,51,0,0,0,0,0,0.0,0.0,0,
34,2026-10-09T15:36:10.791917+00:00,34.001314351000474,loop3,1.000175580999894,1141760,0,66,0,0,0,0,0,0.0,0.0,0,
34,2026-10-09T15:36:10.791917+00:00,34.001314351000474,loop4,1.000175580999894,354304,0,43,0,0,0,0,0,0.0,0.0,0,
34,2026-10-09T15:36:10.791917+00:00,34.001314351000474,loop5,1.000175580999894,18432,0,12,0,0,0,0,0,0.0,0.0,0,
34,2026-10-09T15:36:10.791917+00:00,34.001314351000474,loop6,1.000175580999894,0,0,0,0,0,0,0,0,0.0,0.0,0,
34,2026-10-09T15:36:10.791917+00:00,34.001314351000474,loop7,1.000175580999894,0,0,0,0,0,0,0,0,0.0,0.0,0,
34,2026-10-09T15:36:10.791917+00:00,34.001314351000474,sr0,1.000175580999894,1536,0,8,0,0,0,0,0,0.0,0.0,0,
34,2026-10-09T15:36:10.791917+00:00,34.001314351000474,sda,1.000175580999894,356339200,28241215488,7904,109720,0,0,0,0,0.0,0.0,0,
34,2026-10-09T15:36:10.791917+00:00,34.001314351000474,sda1,1.000175580999894,319488,0,78,0,0,0,0,0,0.0,0.0,0,
34,2026-10-09T15:36:10.791917+00:00,34.001314351000474,sda2,1.000175580999894,326788096,292012032,6594,47581,0,0,0,0,0.0,0.0,0,
34,2026-10-09T15:36:10.791917+00:00,34.001314351000474,sda3,1.000175580999894,5571584,118784,155,25,0,0,0,0,0.0,0.0,0,
34,2026-10-09T15:36:10.791917+00:00,34.001314351000474,sda4,1.000175580999894,4657152,0,116,0,0,0,0,0,0.0,0.0,0,
34,2026-10-09T15:36:10.791917+00:00,34.001314351000474,sda5,1.000175580999894,16548864,27949084672,826,62114,0,0,0,0,0.0,0.0,0,
35,2026-10-09T15:36:11.792323+00:00,35.00175406100061,loop0,1.000406094999562,374784,0,51,0,0,0,0,0,0.0,0.0,0,
35,2026-10-09T15:36:11.792323+00:00,35.00175406100061,loop1,1.000406094999562,2107392,0,217,0,0,0,0,0,0.0,0.0,0,
35,2026-10-09T15:36:11.792323+00:00,35.00175406100061,loop2,1.000406094999562,1106944,0,51,0,0,0,0,0,0.0,0.0,0,
35,2026-10-09T15:36:11.792323+00:00,35.00175406100061,loop3,1.000406094999562,1141760,0,66,0,0,0,0,0,0.0,0.0,0,
35,2026-10-09T15:36:11.792323+00:00,35.00175406100061,loop4,1.000406094999562,354304,0,43,0,0,0,0,0,0.0,0.0,0,
35,2026-10-09T15:36:11.792323+00:00,35.00175406100061,loop5,1.000406094999562,18432,0,12,0,0,0,0,0,0.0,0.0,0,
35,2026-10-09T15:36:11.792323+00:00,35.00175406100061,loop6,1.000406094999562,0,0,0,0,0,0,0,0,0.0,0.0,0,
35,2026-10-09T15:36:11.792323+00:00,35.00175406100061,loop7,1.000406094999562,0,0,0,0,0,0,0,0,0.0,0.0,0,
35,2026-10-09T15:36:11.792323+00:00,35.00175406100061,sr0,1.000406094999562,1536,0,8,0,0,0,0,0,0.0,0.0,0,
35,2026-10-09T15:36:11.792323+00:00,35.00175406100061,sda,1.000406094999562,356339200,28278779904,7904,109796,0,37564416,0,76,0.0,37549167.470852375,404,
35,2026-10-09T15:36:11.792323+00:00,35.00175406100061,sda1,1.000406094999562,319488,0,78,0,0,0,0,0,0.0,0.0,0,
35,2026-10-09T15:36:11.792323+00:00,35.00175406100061,sda2,1.000406094999562,326788096,292012032,6594,47581,0,0,0,0,0.0,0.0,0,
35,2026-10-09T15:36:11.792323+00:00,35.00175406100061,sda3,1.000406094999562,5571584,118784,155,25,0,0,0,0,0.0,0.0,0,
35,2026-10-09T15:36:11.792323+00:00,35.00175406100061,sda4,1.000406094999562,4657152,0,116,0,0,0,0,0,0.0,0.0,0,
35,2026-10-09T15:36:11.792323+00:00,35.00175406100061,sda5,1.000406094999562,16548864,27986649088,826,62190,0,37564416,0,76,0.0,37549167.470852375,404,
36,2026-10-09T15:36:12.791595+00:00,36.00102112500008,loop0,0.9992718040002728,374784,0,51,0,0,0,0,0,0.0,0.0,0,
36,2026-10-09T15:36:12.791595+00:00,36.00102112500008,loop1,0.9992718040002728,2107392,0,217,0,0,0,0,0,0.0,0.0,0,
36,2026-10-09T15:36:12.791595+00:00,36.00102112500008,loop2,0.9992718040002728,1106944,0,51,0,0,0,0,0,0.0,0.0,0,
36,2026-10-09T15:36:12.791595+00:00,36.00102112500008,loop3,0.9992718040002728,1141760,0,66,0,0,0,0,0,0.0,0.0,0,
36,2026-10-09T15:36:12.791595+00:00,36.00102112500008,loop4,0.9992718040002728,354304,0,43,0,0,0,0,0,0.0,0.0,0,
36,2026-10-09T15:36:12.791595+00:00,36.00102112500008,loop5,0.9992718040002728,18432,0,12,0,0,0,0,0,0.0,0.0,0,
36,2026-10-09T15:36:12.791595+00:00,36.00102112500008,loop6,0.9992718040002728,0,0,0,0,0,0,0,0,0.0,0.0,0,
36,2026-10-09T15:36:12.791595+00:00,36.00102112500008,loop7,0.9992718040002728,0,0,0,0,0,0,0,0,0.0,0.0,0,
36,2026-10-09T15:36:12.791595+00:00,36.00102112500008,sr0,0.9992718040002728,1536,0,8,0,0,0,0,0,0.0,0.0,0,
36,2026-10-09T15:36:12.791595+00:00,36.00102112500008,sda,0.9992718040002728,356339200,28335521792,7904,109922,0,56741888,0,126,0.0,56783237.32627255,932,
36,2026-10-09T15:36:12.791595+00:00,36.00102112500008,sda1,0.9992718040002728,319488,0,78,0,0,0,0,0,0.0,0.0,0,
36,2026-10-09T15:36:12.791595+00:00,36.00102112500008,sda2,0.9992718040002728,326788096,292024320,6594,47584,0,12288,0,3,0.0,12296.954593143553,24,
36,2026-10-09T15:36:12.791595+00:00,36.00102112500008,sda3,0.9992718040002728,5571584,118784,155,25,0,0,0,0,0.0,0.0,0,
36,2026-10-09T15:36:12.791595+00:00,36.00102112500008,sda4,0.9992718040002728,4657152,0,116,0,0,0,0,0,0.0,0.0,0,
36,2026-10-09T15:36:12.791595+00:00,36.00102112500008,sda5,0.9992718040002728,16548864,28043378688,826,62313,0,56729600,0,123,0.0,56770940.37167941,932,
37,2026-10-09T15:36:13.792392+00:00,37.00082502100031,loop0,1.0007974669997566,374784,0,51,0,0,0,0,0,0.0,0.0,0,
37,2026-10-09T15:36:13.792392+00:00,37.00082502100031,loop1,1.0007974669997566,2107392,0,217,0,0,0,0,0,0.0,0.0,0,
37,2026-10-09T15:36:13.792392+00:00,37.00082502100031,loop2,1.0007974669997566,1106944,0,51,0,0,0,0,0,0.0,0.0,0,
37,2026-10-09T15:36:13.792392+00:00,37.00082502100031,loop3,1.0007974669997566,1141760,0,66,0,0,0,0,0,0.0,0.0,0,
37,2026-10-09T15:36:13.792392+00:00,37.00082502100031,loop4,1.0007974669997566,354304,0,43,0,0,0,0,0,0.0,0.0,0,
37,2026-10-09T15:36:13.792392+00:00,37.00082502100031,loop5,1.0007974669997566,18432,0,12,0,0,0,0,0,0.0,0.0,0,
37,2026-10-09T15:36:13.792392+00:00,37.00082502100031,loop6,1.0007974669997566,0,0,0,0,0,0,0,0,0.0,0.0,0,
37,2026-10-09T15:36:13.792392+00:00,37.00082502100031,loop7,1.0007974669997566,0,0,0,0,0,0,0,0,0.0,0.0,0,
37,2026-10-09T15:36:13.792392+00:00,37.00082502100031,sr0,1.0007974669997566,1536,0,8,0,0,0,0,0,0.0,0.0,0,
37,2026-10-09T15:36:13.792392+00:00,37.00082502100031,sda,1.0007974669997566,356339200,28403163136,7904,110065,0,67641344,0,143,0.0,67587445.242821,1008,
37,2026-10-09T15:36:13.792392+00:00,37.00082502100031,sda1,1.0007974669997566,319488,0,78,0,0,0,0,0,0.0,0.0,0,
37,2026-10-09T15:36:13.792392+00:00,37.00082502100031,sda2,1.0007974669997566,326788096,292036608,6594,47586,0,12288,0,2,0.0,12278.208533878103,8,
37,2026-10-09T15:36:13.792392+00:00,37.00082502100031,sda3,1.0007974669997566,5571584,118784,155,25,0,0,0,0,0.0,0.0,0,
37,2026-10-09T15:36:13.792392+00:00,37.00082502100031,sda4,1.0007974669997566,4657152,0,116,0,0,0,0,0,0.0,0.0,0,
37,2026-10-09T15:36:13.792392+00:00,37.00082502100031,sda5,1.0007974669997566,16548864,28111007744,826,62454,0,67629056,0,141,0.0,67575167.03428711,1000,
38,2026-10-09T15:36:14.791717+00:00,38.00111690799986,loop0,0.9993248959999619,374784,0,51,0,0,0,0,0,0.0,0.0,0,
38,2026-10-09T15:36:14.791717+00:00,38.00111690799986,loop1,0.9993248959999619,2107392,0,217,0,0,0,0,0,0.0,0.0,0,
38,2026-10-09T15:36:14.791717+00:00,38.00111690799986,loop2,0.9993248959999619,1106944,0,51,0,0,0,0,0,0.0,0.0,0,
38,2026-10-09T15:36:14.791717+00:00,38.00111690799986,loop3,0.9993248959999619,1141760,0,66,0,0,0,0,0,0.0,0.0,0,
38,2026-10-09T15:36:14.791717+00:00,38.00111690799986,loop4,0.9993248959999619,354304,0,43,0,0,0,0,0,0.0,0.0,0,
38,2026-10-09T15:36:14.791717+00:00,38.00111690799986,loop5,0.9993248959999619,18432,0,12,0,0,0,0,0,0.0,0.0,0,
38,2026-10-09T15:36:14.791717+00:00,38.00111690799986,loop6,0.9993248959999619,0,0,0,0,0,0,0,0,0.0,0.0,0,
38,2026-10-09T15:36:14.791717+00:00,38.00111690799986,loop7,0.9993248959999619,0,0,0,0,0,0,0,0,0.0,0.0,0,
38,2026-10-09T15:36:14.791717+00:00,38.00111690799986,sr0,0.9993248959999619,1536,0,8,0,0,0,0,0,0.0,0.0,0,
38,2026-10-09T15:36:14.791717+00:00,38.00111690799986,sda,0.9993248959999619,356339200,28470112256,7904,110205,0,66949120,0,140,0.0,66994348.152417645,944,
38,2026-10-09T15:36:14.791717+00:00,38.00111690799986,sda1,0.9993248959999619,319488,0,78,0,0,0,0,0,0.0,0.0,0,
38,2026-10-09T15:36:14.791717+00:00,38.00111690799986,sda2,0.9993248959999619,326788096,292036608,6594,47586,0,0,0,0,0.0,0.0,0,
38,2026-10-09T15:36:14.791717+00:00,38.00111690799986,sda3,0.9993248959999619,5571584,118784,155,25,0,0,0,0,0.0,0.0,0,
38,2026-10-09T15:36:14.791717+00:00,38.00111690799986,sda4,0.9993248959999619,4657152,0,116,0,0,0,0,0,0.0,0.0,0,
38,2026-10-09T15:36:14.791717+00:00,38.00111690799986,sda5,0.9993248959999619,16548864,28177956864,826,62594,0,66949120,0,140,0.0,66994348.152417645,944,
39,2026-10-09T15:36:15.791989+00:00,39.00137976499991,loop0,1.0002717540000958,374784,0,51,0,0,0,0,0,0.0,0.0,0,
39,2026-10-09T15:36:15.791989+00:00,39.00137976499991,loop1,1.0002717540000958,2107392,0,217,0,0,0,0,0,0.0,0.0,0,
39,2026-10-09T15:36:15.791989+00:00,39.00137976499991,loop2,1.0002717540000958,1106944,0,51,0,0,0,0,0,0.0,0.0,0,
39,2026-10-09T15:36:15.791989+00:00,39.00137976499991,loop3,1.0002717540000958,1141760,0,66,0,0,0,0,0,0.0,0.0,0,
39,2026-10-09T15:36:15.791989+00:00,39.00137976499991,loop4,1.0002717540000958,354304,0,43,0,0,0,0,0,0.0,0.0,0,
39,2026-10-09T15:36:15.791989+00:00,39.00137976499991,loop5,1.0002717540000958,18432,0,12,0,0,0,0,0,0.0,0.0,0,
39,2026-10-09T15:36:15.791989+00:00,39.00137976499991,loop6,1.0002717540000958,0,0,0,0,0,0,0,0,0.0,0.0,0,
39,2026-10-09T15:36:15.791989+00:00,39.00137976499991,loop7,1.0002717540000958,0,0,0,0,0,0,0,0,0.0,0.0,0,
39,2026-10-09T15:36:15.791989+00:00,39.00137976499991,sr0,1.0002717540000958,1536,0,8,0,0,0,0,0,0.0,0.0,0,
39,2026-10-09T15:36:15.791989+00:00,39.00137976499991,sda,1.0002717540000958,356339200,28521693184,7904,110314,0,51580928,0,109,0.0,51566914.48471618,960,
39,2026-10-09T15:36:15.791989+00:00,39.00137976499991,sda1,1.0002717540000958,319488,0,78,0,0,0,0,0,0.0,0.0,0,
39,2026-10-09T15:36:15.791989+00:00,39.00137976499991,sda2,1.0002717540000958,326788096,292036608,6594,47586,0,0,0,0,0.0,0.0,0,
39,2026-10-09T15:36:15.791989+00:00,39.00137976499991,sda3,1.0002717540000958,5571584,118784,155,25,0,0,0,0,0.0,0.0,0,
39,2026-10-09T15:36:15.791989+00:00,39.00137976499991,sda4,1.0002717540000958,4657152,0,116,0,0,0,0,0,0.0,0.0,0,
39,2026-10-09T15:36:15.791989+00:00,39.00137976499991,sda5,1.0002717540000958,16548864,28229537792,826,62703,0,51580928,0,109,0.0,51566914.48471618,960,
40,2026-10-09T15:36:16.791870+00:00,40.001177226000436,loop0,0.9998803910002607,374784,0,51,0,0,0,0,0,0.0,0.0,0,
40,2026-10-09T15:36:16.791870+00:00,40.001177226000436,loop1,0.9998803910002607,2107392,0,217,0,0,0,0,0,0.0,0.0,0,
40,2026-10-09T15:36:16.791870+00:00,40.001177226000436,loop2,0.9998803910002607,1106944,0,51,0,0,0,0,0,0.0,0.0,0,
40,2026-10-09T15:36:16.791870+00:00,40.001177226000436,loop3,0.9998803910002607,1141760,0,66,0,0,0,0,0,0.0,0.0,0,
40,2026-10-09T15:36:16.791870+00:00,40.001177226000436,loop4,0.9998803910002607,354304,0,43,0,0,0,0,0,0.0,0.0,0,
40,2026-10-09T15:36:16.791870+00:00,40.001177226000436,loop5,0.9998803910002607,18432,0,12,0,0,0,0,0,0.0,0.0,0,
40,2026-10-09T15:36:16.791870+00:00,40.001177226000436,loop6,0.9998803910002607,0,0,0,0,0,0,0,0,0.0,0.0,0,
40,2026-10-09T15:36:16.791870+00:00,40.001177226000436,loop7,0.9998803910002607,0,0,0,0,0,0,0,0,0.0,0.0,0,
40,2026-10-09T15:36:16.791870+00:00,40.001177226000436,sr0,0.9998803910002607,1536,0,8,0,0,0,0,0,0.0,0.0,0,
40,2026-10-09T15:36:16.791870+00:00,40.001177226000436,sda,0.9998803910002607,356339200,28591611904,7904,110459,0,69918720,0,145,0.0,69927083.90856099,964,
40,2026-10-09T15:36:16.791870+00:00,40.001177226000436,sda1,0.9998803910002607,319488,0,78,0,0,0,0,0,0.0,0.0,0,
40,2026-10-09T15:36:16.791870+00:00,40.001177226000436,sda2,0.9998803910002607,326788096,292036608,6594,47586,0,0,0,0,0.0,0.0,0,
40,2026-10-09T15:36:16.791870+00:00,40.001177226000436,sda3,0.9998803910002607,5571584,118784,155,25,0,0,0,0,0.0,0.0,0,
40,2026-10-09T15:36:16.791870+00:00,40.001177226000436,sda4,0.9998803910002607,4657152,0,116,0,0,0,0,0,0.0,0.0,0,
40,2026-10-09T15:36:16.791870+00:00,40.001177226000436,sda5,0.9998803910002607,16548864,28299456512,826,62848,0,69918720,0,145,0.0,69927083.90856099,964,
41,2026-10-09T15:36:17.791768+00:00,41.001253103000636,loop0,0.9998981720000302,374784,0,51,0,0,0,0,0,0.0,0.0,0,
41,2026-10-09T15:36:17.791768+00:00,41.001253103000636,loop1,0.9998981720000302,2107392,0,217,0,0,0,0,0,0.0,0.0,0,
41,2026-10-09T15:36:17.791768+00:00,41.001253103000636,loop2,0.9998981720000302,1106944,0,51,0,0,0,0,0,0.0,0.0,0,
41,2026-10-09T15:36:17.791768+00:00,41.001253103000636,loop3,0.9998981720000302,1141760,0,66,0,0,0,0,0,0.0,0.0,0,
41,2026-10-09T15:36:17.791768+00:00,41.001253103000636,loop4,0.9998981720000302,354304,0,43,0,0,0,0,0,0.0,0.0,0,
41,2026-10-09T15:36:17.791768+00:00,41.001253103000636,loop5,0.9998981720000302,18432,0,12,0,0,0,0,0,0.0,0.0,0,
41,2026-10-09T15:36:17.791768+00:00,41.001253103000636,loop6,0.9998981720000302,0,0,0,0,0,0,0,0,0.0,0.0,0,
41,2026-10-09T15:36:17.791768+00:00,41.001253103000636,loop7,0.9998981720000302,0,0,0,0,0,0,0,0,0.0,0.0,0,
41,2026-10-09T15:36:17.791768+00:00,41.001253103000636,sr0,0.9998981720000302,1536,0,8,0,0,0,0,0,0.0,0.0,0,
41,2026-10-09T15:36:17.791768+00:00,41.001253103000636,sda,0.9998981720000302,356339200,28640899072,7904,110572,0,49287168,0,113,0.0,49292187.32484943,1000,
41,2026-10-09T15:36:17.791768+00:00,41.001253103000636,sda1,0.9998981720000302,319488,0,78,0,0,0,0,0,0.0,0.0,0,
41,2026-10-09T15:36:17.791768+00:00,41.001253103000636,sda2,0.9998981720000302,326788096,292036608,6594,47586,0,0,0,0,0.0,0.0,0,
41,2026-10-09T15:36:17.791768+00:00,41.001253103000636,sda3,0.9998981720000302,5571584,118784,155,25,0,0,0,0,0.0,0.0,0,
41,2026-10-09T15:36:17.791768+00:00,41.001253103000636,sda4,0.9998981720000302,4657152,0,116,0,0,0,0,0,0.0,0.0,0,
41,2026-10-09T15:36:17.791768+00:00,41.001253103000636,sda5,0.9998981720000302,16548864,28348743680,826,62961,0,49287168,0,113,0.0,49292187.32484943,1000,
42,2026-10-09T15:36:18.791434+00:00,42.000818000000436,loop0,0.9996658760001083,374784,0,51,0,0,0,0,0,0.0,0.0,0,
42,2026-10-09T15:36:18.791434+00:00,42.000818000000436,loop1,0.9996658760001083,2107392,0,217,0,0,0,0,0,0.0,0.0,0,
42,2026-10-09T15:36:18.791434+00:00,42.000818000000436,loop2,0.9996658760001083,1106944,0,51,0,0,0,0,0,0.0,0.0,0,
42,2026-10-09T15:36:18.791434+00:00,42.000818000000436,loop3,0.9996658760001083,1141760,0,66,0,0,0,0,0,0.0,0.0,0,
42,2026-10-09T15:36:18.791434+00:00,42.000818000000436,loop4,0.9996658760001083,354304,0,43,0,0,0,0,0,0.0,0.0,0,
42,2026-10-09T15:36:18.791434+00:00,42.000818000000436,loop5,0.9996658760001083,18432,0,12,0,0,0,0,0,0.0,0.0,0,
42,2026-10-09T15:36:18.791434+00:00,42.000818000000436,loop6,0.9996658760001083,0,0,0,0,0,0,0,0,0.0,0.0,0,
42,2026-10-09T15:36:18.791434+00:00,42.000818000000436,loop7,0.9996658760001083,0,0,0,0,0,0,0,0,0.0,0.0,0,
42,2026-10-09T15:36:18.791434+00:00,42.000818000000436,sr0,0.9996658760001083,1536,0,8,0,0,0,0,0,0.0,0.0,0,
42,2026-10-09T15:36:18.791434+00:00,42.000818000000436,sda,0.9996658760001083,356339200,28703629312,7904,110704,0,62730240,0,132,0.0,62751206.68417535,916,
42,2026-10-09T15:36:18.791434+00:00,42.000818000000436,sda1,0.9996658760001083,319488,0,78,0,0,0,0,0,0.0,0.0,0,
42,2026-10-09T15:36:18.791434+00:00,42.000818000000436,sda2,0.9996658760001083,326788096,292048896,6594,47588,0,12288,0,2,0.0,12292.107087987337,12,
42,2026-10-09T15:36:18.791434+00:00,42.000818000000436,sda3,0.9996658760001083,5571584,118784,155,25,0,0,0,0,0.0,0.0,0,
42,2026-10-09T15:36:18.791434+00:00,42.000818000000436,sda4,0.9996658760001083,4657152,0,116,0,0,0,0,0,0.0,0.0,0,
42,2026-10-09T15:36:18.791434+00:00,42.000818000000436,sda5,0.9996658760001083,16548864,28411461632,826,63091,0,62717952,0,130,0.0,62738914.577087365,908,
43,2026-10-09T15:36:19.791629+00:00,43.00098947200058,loop0,1.0001956719997906,374784,0,51,0,0,0,0,0,0.0,0.0,0,
43,2026-10-09T15:36:19.791629+00:00,43.00098947200058,loop1,1.0001956719997906,2107392,0,217,0,0,0,0,0,0.0,0.0,0,
43,2026-10-09T15:36:19.791629+00:00,43.00098947200058,loop2,1.0001956719997906,1106944,0,51,0,0,0,0,0,0.0,0.0,0,
43,2026-10-09T15:36:19.791629+00:00,43.00098947200058,loop3,1.0001956719997906,1141760,0,66,0,0,0,0,0,0.0,0.0,0,
43,2026-10-09T15:36:19.791629+00:00,43.00098947200058,loop4,1.0001956719997906,354304,0,43,0,0,0,0,0,0.0,0.0,0,
43,2026-10-09T15:36:19.791629+00:00,43.00098947200058,loop5,1.0001956719997906,18432,0,12,0,0,0,0,0,0.0,0.0,0,
43,2026-10-09T15:36:19.791629+00:00,43.00098947200058,loop6,1.0001956719997906,0,0,0,0,0,0,0,0,0.0,0.0,0,
43,2026-10-09T15:36:19.791629+00:00,43.00098947200058,loop7,1.0001956719997906,0,0,0,0,0,0,0,0,0.0,0.0,0,
43,2026-10-09T15:36:19.791629+00:00,43.00098947200058,sr0,1.0001956719997906,1536,0,8,0,0,0,0,0,0.0,0.0,0,
43,2026-10-09T15:36:19.791629+00:00,43.00098947200058,sda,1.0001956719997906,356339200,28767080448,7904,110837,0,63451136,0,133,0.0,63438722.81824199,1004,
43,2026-10-09T15:36:19.791629+00:00,43.00098947200058,sda1,1.0001956719997906,319488,0,78,0,0,0,0,0,0.0,0.0,0,
43,2026-10-09T15:36:19.791629+00:00,43.00098947200058,sda2,1.0001956719997906,326788096,292048896,6594,47588,0,0,0,0,0.0,0.0,0,
43,2026-10-09T15:36:19.791629+00:00,43.00098947200058,sda3,1.0001956719997906,5571584,118784,155,25,0,0,0,0,0.0,0.0,0,
43,2026-10-09T15:36:19.791629+00:00,43.00098947200058,sda4,1.0001956719997906,4657152,0,116,0,0,0,0,0,0.0,0.0,0,
43,2026-10-09T15:36:19.791629+00:00,43.00098947200058,sda5,1.0001956719997906,16548864,28474912768,826,63224,0,63451136,0,133,0.0,63438722.81824199,1004,
44,2026-10-09T15:36:20.791680+00:00,44.00104655599989,loop0,1.0000509069996042,374784,0,51,0,0,0,0,0,0.0,0.0,0,
44,2026-10-09T15:36:20.791680+00:00,44.00104655599989,loop1,1.0000509069996042,2107392,0,217,0,0,0,0,0,0.0,0.0,0,
44,2026-10-09T15:36:20.791680+00:00,44.00104655599989,loop2,1.0000509069996042,1106944,0,51,0,0,0,0,0,0.0,0.0,0,
44,2026-10-09T15:36:20.791680+00:00,44.00104655599989,loop3,1.0000509069996042,1141760,0,66,0,0,0,0,0,0.0,0.0,0,
44,2026-10-09T15:36:20.791680+00:00,44.00104655599989,loop4,1.0000509069996042,354304,0,43,0,0,0,0,0,0.0,0.0,0,
44,2026-10-09T15:36:20.791680+00:00,44.00104655599989,loop5,1.0000509069996042,18432,0,12,0,0,0,0,0,0.0,0.0,0,
44,2026-10-09T15:36:20.791680+00:00,44.00104655599989,loop6,1.0000509069996042,0,0,0,0,0,0,0,0,0.0,0.0,0,
44,2026-10-09T15:36:20.791680+00:00,44.00104655599989,loop7,1.0000509069996042,0,0,0,0,0,0,0,0,0.0,0.0,0,
44,2026-10-09T15:36:20.791680+00:00,44.00104655599989,sr0,1.0000509069996042,1536,0,8,0,0,0,0,0,0.0,0.0,0,
44,2026-10-09T15:36:20.791680+00:00,44.00104655599989,sda,1.0000509069996042,356339200,28828020736,7904,110964,0,60940288,0,127,0.0,60937185.870703,1008,
44,2026-10-09T15:36:20.791680+00:00,44.00104655599989,sda1,1.0000509069996042,319488,0,78,0,0,0,0,0,0.0,0.0,0,
44,2026-10-09T15:36:20.791680+00:00,44.00104655599989,sda2,1.0000509069996042,326788096,292048896,6594,47588,0,0,0,0,0.0,0.0,0,
44,2026-10-09T15:36:20.791680+00:00,44.00104655599989,sda3,1.0000509069996042,5571584,118784,155,25,0,0,0,0,0.0,0.0,0,
44,2026-10-09T15:36:20.791680+00:00,44.00104655599989,sda4,1.0000509069996042,4657152,0,116,0,0,0,0,0,0.0,0.0,0,
44,2026-10-09T15:36:20.791680+00:00,44.00104655599989,sda5,1.0000509069996042,16548864,28535853056,826,63351,0,60940288,0,127,0.0,60937185.870703,1008,
45,2026-10-09T15:36:21.792621+00:00,45.00209830899985,loop0,1.000940584000091,374784,0,51,0,0,0,0,0,0.0,0.0,0,
45,2026-10-09T15:36:21.792621+00:00,45.00209830899985,loop1,1.000940584000091,2107392,0,217,0,0,0,0,0,0.0,0.0,0,
45,2026-10-09T15:36:21.792621+00:00,45.00209830899985,loop2,1.000940584000091,1106944,0,51,0,0,0,0,0,0.0,0.0,0,
45,2026-10-09T15:36:21.792621+00:00,45.00209830899985,loop3,1.000940584000091,1141760,0,66,0,0,0,0,0,0.0,0.0,0,
45,2026-10-09T15:36:21.792621+00:00,45.00209830899985,loop4,1.000940584000091,354304,0,43,0,0,0,0,0,0.0,0.0,0,
45,2026-10-09T15:36:21.792621+00:00,45.00209830899985,loop5,1.000940584000091,18432,0,12,0,0,0,0,0,0.0,0.0,0,
45,2026-10-09T15:36:21.792621+00:00,45.00209830899985,loop6,1.000940584000091,0,0,0,0,0,0,0,0,0.0,0.0,0,
45,2026-10-09T15:36:21.792621+00:00,45.00209830899985,loop7,1.000940584000091,0,0,0,0,0,0,0,0,0.0,0.0,0,
45,2026-10-09T15:36:21.792621+00:00,45.00209830899985,sr0,1.000940584000091,1536,0,8,0,0,0,0,0,0.0,0.0,0,
45,2026-10-09T15:36:21.792621+00:00,45.00209830899985,sda,1.000940584000091,356339200,28893945856,7904,111105,0,65925120,0,141,0.0,65863170.155956045,976,
45,2026-10-09T15:36:21.792621+00:00,45.00209830899985,sda1,1.000940584000091,319488,0,78,0,0,0,0,0,0.0,0.0,0,
45,2026-10-09T15:36:21.792621+00:00,45.00209830899985,sda2,1.000940584000091,326788096,292048896,6594,47588,0,0,0,0,0.0,0.0,0,
45,2026-10-09T15:36:21.792621+00:00,45.00209830899985,sda3,1.000940584000091,5571584,118784,155,25,0,0,0,0,0.0,0.0,0,
45,2026-10-09T15:36:21.792621+00:00,45.00209830899985,sda4,1.000940584000091,4657152,0,116,0,0,0,0,0,0.0,0.0,0,
45,2026-10-09T15:36:21.792621+00:00,45.00209830899985,sda5,1.000940584000091,16548864,28601778176,826,63492,0,65925120,0,141,0.0,65863170.155956045,976,
46,2026-10-09T15:36:22.791621+00:00,46.00091944500036,loop0,0.9990006640000502,374784,0,51,0,0,0,0,0,0.0,0.0,0,
46,2026-10-09T15:36:22.791621+00:00,46.00091944500036,loop1,0.9990006640000502,2107392,0,217,0,0,0,0,0,0.0,0.0,0,
46,2026-10-09T15:36:22.791621+00:00,46.00091944500036,loop2,0.9990006640000502,1106944,0,51,0,0,0,0,0,0.0,0.0,0,
46,2026-10-09T15:36:22.791621+00:00,46.00091944500036,loop3,0.9990006640000502,1141760,0,66,0,0,0,0,0,0.0,0.0,0,
46,2026-10-09T15:36:22.791621+00:00,46.00091944500036,loop4,0.9990006640000502,354304,0,43,0,0,0,0,0,0.0,0.0,0,
46,2026-10-09T15:36:22.791621+00:00,46.00091944500036,loop5,0.9990006640000502,18432,0,12,0,0,0,0,0,0.0,0.0,0,
46,2026-10-09T15:36:22.791621+00:00,46.00091944500036,loop6,0.9990006640000502,0,0,0,0,0,0,0,0,0.0,0.0,0,
46,2026-10-09T15:36:22.791621+00:00,46.00091944500036,loop7,0.9990006640000502,0,0,0,0,0,0,0,0,0.0,0.0,0,
46,2026-10-09T15:36:22.791621+00:00,46.00091944500036,sr0,0.9990006640000502,1536,0,8,0,0,0,0,0,0.0,0.0,0,
46,2026-10-09T15:36:22.791621+00:00,46.00091944500036,sda,0.9990006640000502,356339200,28954202112,7904,111230,0,60256256,0,125,0.0,60316532.482301705,828,
46,2026-10-09T15:36:22.791621+00:00,46.00091944500036,sda1,0.9990006640000502,319488,0,78,0,0,0,0,0,0.0,0.0,0,
46,2026-10-09T15:36:22.791621+00:00,46.00091944500036,sda2,0.9990006640000502,326788096,292048896,6594,47588,0,0,0,0,0.0,0.0,0,
46,2026-10-09T15:36:22.791621+00:00,46.00091944500036,sda3,0.9990006640000502,5571584,118784,155,25,0,0,0,0,0.0,0.0,0,
46,2026-10-09T15:36:22.791621+00:00,46.00091944500036,sda4,0.9990006640000502,4657152,0,116,0,0,0,0,0,0.0,0.0,0,
46,2026-10-09T15:36:22.791621+00:00,46.00091944500036,sda5,0.9990006640000502,16548864,28662034432,826,63617,0,60256256,0,125,0.0,60316532.482301705,828,
47,2026-10-09T15:36:23.791390+00:00,47.00083890099995,loop0,0.9997688350003955,374784,0,51,0,0,0,0,0,0.0,0.0,0,
47,2026-10-09T15:36:23.791390+00:00,47.00083890099995,loop1,0.9997688350003955,2107392,0,217,0,0,0,0,0,0.0,0.0,0,
47,2026-10-09T15:36:23.791390+00:00,47.00083890099995,loop2,0.9997688350003955,1106944,0,51,0,0,0,0,0,0.0,0.0,0,
47,2026-10-09T15:36:23.791390+00:00,47.00083890099995,loop3,0.9997688350003955,1141760,0,66,0,0,0,0,0,0.0,0.0,0,
47,2026-10-09T15:36:23.791390+00:00,47.00083890099995,loop4,0.9997688350003955,354304,0,43,0,0,0,0,0,0.0,0.0,0,
47,2026-10-09T15:36:23.791390+00:00,47.00083890099995,loop5,0.9997688350003955,18432,0,12,0,0,0,0,0,0.0,0.0,0,
47,2026-10-09T15:36:23.791390+00:00,47.00083890099995,loop6,0.9997688350003955,0,0,0,0,0,0,0,0,0.0,0.0,0,
47,2026-10-09T15:36:23.791390+00:00,47.00083890099995,loop7,0.9997688350003955,0,0,0,0,0,0,0,0,0.0,0.0,0,
47,2026-10-09T15:36:23.791390+00:00,47.00083890099995,sr0,0.9997688350003955,1536,0,8,0,0,0,0,0,0.0,0.0,0,
47,2026-10-09T15:36:23.791390+00:00,47.00083890099995,sda,0.9997688350003955,356339200,29012115456,7904,111358,0,57913344,0,128,0.0,57926734.633588664,1056,
47,2026-10-09T15:36:23.791390+00:00,47.00083890099995,sda1,0.9997688350003955,319488,0,78,0,0,0,0,0,0.0,0.0,0,
47,2026-10-09T15:36:23.791390+00:00,47.00083890099995,sda2,0.9997688350003955,326788096,292061184,6594,47590,0,12288,0,2,0.0,12290.841212303982,12,
47,2026-10-09T15:36:23.791390+00:00,47.00083890099995,sda3,0.9997688350003955,5571584,118784,155,25,0,0,0,0,0.0,0.0,0,
47,2026-10-09T15:36:23.791390+00:00,47.00083890099995,sda4,0.9997688350003955,4657152,0,116,0,0,0,0,0,0.0,0.0,0,
47,2026-10-09T15:36:23.791390+00:00,47.00083890099995,sda5,0.9997688350003955,16548864,28719935488,826,63743,0,57901056,0,126,0.0,57914443.79237636,1044,
48,2026-10-09T15:36:24.791532+00:00,48.001063292000254,loop0,1.0001414919997842,374784,0,51,0,0,0,0,0,0.0,0.0,0,
48,2026-10-09T15:36:24.791532+00:00,48.001063292000254,loop1,1.0001414919997842,2107392,0,217,0,0,0,0,0,0.0,0.0,0,
48,2026-10-09T15:36:24.791532+00:00,48.001063292000254,loop2,1.0001414919997842,1106944,0,51,0,0,0,0,0,0.0,0.0,0,
48,2026-10-09T15:36:24.791532+00:00,48.001063292000254,loop3,1.0001414919997842,1141760,0,66,0,0,0,0,0,0.0,0.0,0,
48,2026-10-09T15:36:24.791532+00:00,48.001063292000254,loop4,1.0001414919997842,354304,0,43,0,0,0,0,0,0.0,0.0,0,
48,2026-10-09T15:36:24.791532+00:00,48.001063292000254,loop5,1.0001414919997842,18432,0,12,0,0,0,0,0,0.0,0.0,0,
48,2026-10-09T15:36:24.791532+00:00,48.001063292000254,loop6,1.0001414919997842,0,0,0,0,0,0,0,0,0.0,0.0,0,
48,2026-10-09T15:36:24.791532+00:00,48.001063292000254,loop7,1.0001414919997842,0,0,0,0,0,0,0,0,0.0,0.0,0,
48,2026-10-09T15:36:24.791532+00:00,48.001063292000254,sr0,1.0001414919997842,1536,0,8,0,0,0,0,0,0.0,0.0,0,
48,2026-10-09T15:36:24.791532+00:00,48.001063292000254,sda,1.0001414919997842,356339200,29068238848,7904,111477,0,56123392,0,119,0.0,56115452.11246181,824,
48,2026-10-09T15:36:24.791532+00:00,48.001063292000254,sda1,1.0001414919997842,319488,0,78,0,0,0,0,0,0.0,0.0,0,
48,2026-10-09T15:36:24.791532+00:00,48.001063292000254,sda2,1.0001414919997842,326788096,292061184,6594,47590,0,0,0,0,0.0,0.0,0,
48,2026-10-09T15:36:24.791532+00:00,48.001063292000254,sda3,1.0001414919997842,5571584,118784,155,25,0,0,0,0,0.0,0.0,0,
48,2026-10-09T15:36:24.791532+00:00,48.001063292000254,sda4,1.0001414919997842,4657152,0,116,0,0,0,0,0,0.0,0.0,0,
48,2026-10-09T15:36:24.791532+00:00,48.001063292000254,sda5,1.0001414919997842,16548864,28776058880,826,63862,0,56123392,0,119,0.0,56115452.11246181,824,
49,2026-10-09T15:36:25.792236+00:00,49.00154006699995,loop0,1.0007038209996608,374784,0,51,0,0,0,0,0,0.0,0.0,0,
49,2026-10-09T15:36:25.792236+00:00,49.00154006699995,loop1,1.0007038209996608,2107392,0,217,0,0,0,0,0,0.0,0.0,0,
49,2026-10-09T15:36:25.792236+00:00,49.00154006699995,loop2,1.0007038209996608,1106944,0,51,0,0,0,0,0,0.0,0.0,0,
49,2026-10-09T15:36:25.792236+00:00,49.00154006699995,loop3,1.0007038209996608,1141760,0,66,0,0,0,0,0,0.0,0.0,0,
49,2026-10-09T15:36:25.792236+00:00,49.00154006699995,loop4,1.0007038209996608,354304,0,43,0,0,0,0,0,0.0,0.0,0,
49,2026-10-09T15:36:25.792236+00:00,49.00154006699995,loop5,1.0007038209996608,18432,0,12,0,0,0,0,0,0.0,0.0,0,
49,2026-10-09T15:36:25.792236+00:00,49.00154006699995,loop6,1.0007038209996608,0,0,0,0,0,0,0,0,0.0,0.0,0,
49,2026-10-09T15:36:25.792236+00:00,49.00154006699995,loop7,1.0007038209996608,0,0,0,0,0,0,0,0,0.0,0.0,0,
49,2026-10-09T15:36:25.792236+00:00,49.00154006699995,sr0,1.0007038209996608,1536,0,8,0,0,0,0,0,0.0,0.0,0,
49,2026-10-09T15:36:25.792236+00:00,49.00154006699995,sda,1.0007038209996608,356339200,29138644992,7904,111624,0,70406144,0,147,0.0,70356625.52948707,956,
49,2026-10-09T15:36:25.792236+00:00,49.00154006699995,sda1,1.0007038209996608,319488,0,78,0,0,0,0,0,0.0,0.0,0,
49,2026-10-09T15:36:25.792236+00:00,49.00154006699995,sda2,1.0007038209996608,326788096,292061184,6594,47590,0,0,0,0,0.0,0.0,0,
49,2026-10-09T15:36:25.792236+00:00,49.00154006699995,sda3,1.0007038209996608,5571584,118784,155,25,0,0,0,0,0.0,0.0,0,
49,2026-10-09T15:36:25.792236+00:00,49.00154006699995,sda4,1.0007038209996608,4657152,0,116,0,0,0,0,0,0.0,0.0,0,
49,2026-10-09T15:36:25.792236+00:00,49.00154006699995,sda5,1.0007038209996608,16548864,28846465024,826,64009,0,70406144,0,147,0.0,70356625.52948707,956,
50,2026-10-09T15:36:26.791377+00:00,50.00083550799991,loop0,0.9991417510000247,374784,0,51,0,0,0,0,0,0.0,0.0,0,
50,2026-10-09T15:36:26.791377+00:00,50.00083550799991,loop1,0.9991417510000247,2107392,0,217,0,0,0,0,0,0.0,0.0,0,
50,2026-10-09T15:36:26.791377+00:00,50.00083550799991,loop2,0.9991417510000247,1106944,0,51,0,0,0,0,0,0.0,0.0,0,
50,2026-10-09T15:36:26.791377+00:00,50.00083550799991,loop3,0.9991417510000247,1141760,0,66,0,0,0,0,0,0.0,0.0,0,
50,2026-10-09T15:36:26.791377+00:00,50.00083550799991,loop4,0.9991417510000247,354304,0,43,0,0,0,0,0,0.0,0.0,0,
50,2026-10-09T15:36:26.791377+00:00,50.00083550799991,loop5,0.9991417510000247,18432,0,12,0,0,0,0,0,0.0,0.0,0,
50,2026-10-09T15:36:26.791377+00:00,50.00083550799991,loop6,0.9991417510000247,0,0,0,0,0,0,0,0,0.0,0.0,0,
50,2026-10-09T15:36:26.791377+00:00,50.00083550799991,loop7,0.9991417510000247,0,0,0,0,0,0,0,0,0.0,0.0,0,
50,2026-10-09T15:36:26.791377+00:00,50.00083550799991,sr0,0.9991417510000247,1536,0,8,0,0,0,0,0,0.0,0.0,0,
50,2026-10-09T15:36:26.791377+00:00,50.00083550799991,sda,0.9991417510000247,356339200,29195816960,7904,111744,0,57171968,0,120,0.0,57221077.93291343,988,
50,2026-10-09T15:36:26.791377+00:00,50.00083550799991,sda1,0.9991417510000247,319488,0,78,0,0,0,0,0,0.0,0.0,0,
50,2026-10-09T15:36:26.791377+00:00,50.00083550799991,sda2,0.9991417510000247,326788096,292061184,6594,47590,0,0,0,0,0.0,0.0,0,
50,2026-10-09T15:36:26.791377+00:00,50.00083550799991,sda3,0.9991417510000247,5571584,118784,155,25,0,0,0,0,0.0,0.0,0,
50,2026-10-09T15:36:26.791377+00:00,50.00083550799991,sda4,0.9991417510000247,4657152,0,116,0,0,0,0,0,0.0,0.0,0,
50,2026-10-09T15:36:26.791377+00:00,50.00083550799991,sda5,0.9991417510000247,16548864,28903636992,826,64129,0,57171968,0,120,0.0,57221077.93291343,988,
51,2026-10-09T15:36:27.791220+00:00,51.000725077000425,loop0,0.9998426080001082,374784,0,51,0,0,0,0,0,0.0,0.0,0,
51,2026-10-09T15:36:27.791220+00:00,51.000725077000425,loop1,0.9998426080001082,2107392,0,217,0,0,0,0,0,0.0,0.0,0,
51,2026-10-09T15:36:27.791220+00:00,51.000725077000425,loop2,0.9998426080001082,1106944,0,51,0,0,0,0,0,0.0,0.0,0,
51,2026-10-09T15:36:27.791220+00:00,51.000725077000425,loop3,0.9998426080001082,1141760,0,66,0,0,0,0,0,0.0,0.0,0,
51,2026-10-09T15:36:27.791220+00:00,51.000725077000425,loop4,0.9998426080001082,354304,0,43,0,0,0,0,0,0.0,0.0,0,
51,2026-10-09T15:36:27.791220+00:00,51.000725077000425,loop5,0.9998426080001082,18432,0,12,0,0,0,0,0,0.0,0.0,0,
51,2026-10-09T15:36:27.791220+00:00,51.000725077000425,loop6,0.9998426080001082,0,0,0,0,0,0,0,0,0.0,0.0,0,
51,2026-10-09T15:36:27.791220+00:00,51.000725077000425,loop7,0.9998426080001082,0,0,0,0,0,0,0,0,0.0,0.0,0,
51,2026-10-09T15:36:27.791220+00:00,51.000725077000425,sr0,0.9998426080001082,1536,0,8,0,0,0,0,0,0.0,0.0,0,
51,2026-10-09T15:36:27.791220+00:00,51.000725077000425,sda,0.9998426080001082,356339200,29255716864,7904,111873,0,59899904,0,129,0.0,59909333.24977237,992,
51,2026-10-09T15:36:27.791220+00:00,51.000725077000425,sda1,0.9998426080001082,319488,0,78,0,0,0,0,0,0.0,0.0,0,
51,2026-10-09T15:36:27.791220+00:00,51.000725077000425,sda2,0.9998426080001082,326788096,292061184,6594,47590,0,0,0,0,0.0,0.0,0,
51,2026-10-09T15:36:27.791220+00:00,51.000725077000425,sda3,0.9998426080001082,5571584,118784,155,25,0,0,0,0,0.0,0.0,0,
51,2026-10-09T15:36:27.791220+00:00,51.000725077000425,sda4,0.9998426080001082,4657152,0,116,0,0,0,0,0,0.0,0.0,0,
51,2026-10-09T15:36:27.791220+00:00,51.000725077000425,sda5,0.9998426080001082,16548864,28963536896,826,64258,0,59899904,0,129,0.0,59909333.24977237,992,
52,2026-10-09T15:36:28.791388+00:00,52.000836012000036,loop0,1.000167660000443,374784,0,51,0,0,0,0,0,0.0,0.0,0,
52,2026-10-09T15:36:28.791388+00:00,52.000836012000036,loop1,1.000167660000443,2107392,0,217,0,0,0,0,0,0.0,0.0,0,
52,2026-10-09T15:36:28.791388+00:00,52.000836012000036,loop2,1.000167660000443,1106944,0,51,0,0,0,0,0,0.0,0.0,0,
52,2026-10-09T15:36:28.791388+00:00,52.000836012000036,loop3,1.000167660000443,1141760,0,66,0,0,0,0,0,0.0,0.0,0,
52,2026-10-09T15:36:28.791388+00:00,52.000836012000036,loop4,1.000167660000443,354304,0,43,0,0,0,0,0,0.0,0.0,0,
52,2026-10-09T15:36:28.791388+00:00,52.000836012000036,loop5,1.000167660000443,18432,0,12,0,0,0,0,0,0.0,0.0,0,
52,2026-10-09T15:36:28.791388+00:00,52.000836012000036,loop6,1.000167660000443,0,0,0,0,0,0,0,0,0.0,0.0,0,
52,2026-10-09T15:36:28.791388+00:00,52.000836012000036,loop7,1.000167660000443,0,0,0,0,0,0,0,0,0.0,0.0,0,
52,2026-10-09T15:36:28.791388+00:00,52.000836012000036,sr0,1.000167660000443,1536,0,8,0,0,0,0,0,0.0,0.0,0,
52,2026-10-09T15:36:28.791388+00:00,52.000836012000036,sda,1.000167660000443,356339200,29310771200,7904,111989,0,55054336,0,116,0.0,55045107.13731297,908,
52,2026-10-09T15:36:28.791388+00:00,52.000836012000036,sda1,1.000167660000443,319488,0,78,0,0,0,0,0,0.0,0.0,0,
52,2026-10-09T15:36:28.791388+00:00,52.000836012000036,sda2,1.000167660000443,326788096,292073472,6594,47592,0,12288,0,2,0.0,12285.940139270808,16,
52,2026-10-09T15:36:28.791388+00:00,52.000836012000036,sda3,1.000167660000443,5571584,118784,155,25,0,0,0,0,0.0,0.0,0,
52,2026-10-09T15:36:28.791388+00:00,52.000836012000036,sda4,1.000167660000443,4657152,0,116,0,0,0,0,0,0.0,0.0,0,
52,2026-10-09T15:36:28.791388+00:00,52.000836012000036,sda5,1.000167660000443,16548864,29018578944,826,64372,0,55042048,0,114,0.0,55032821.1971737,900,
53,2026-10-09T15:36:29.791425+00:00,53.000758295000196,loop0,1.0000375239997084,374784,0,51,0,0,0,0,0,0.0,0.0,0,
53,2026-10-09T15:36:29.791425+00:00,53.000758295000196,loop1,1.0000375239997084,2107392,0,217,0,0,0,0,0,0.0,0.0,0,
53,2026-10-09T15:36:29.791425+00:00,53.000758295000196,loop2,1.0000375239997084,1106944,0,51,0,0,0,0,0,0.0,0.0,0,
53,2026-10-09T15:36:29.791425+00:00,53.000758295000196,loop3,1.0000375239997084,1141760,0,66,0,0,0,0,0,0.0,0.0,0,
53,2026-10-09T15:36:29.791425+00:00,53.000758295000196,loop4,1.0000375239997084,354304,0,43,0,0,0,0,0,0.0,0.0,0,
53,2026-10-09T15:36:29.791425+00:00,53.000758295000196,loop5,1.0000375239997084,18432,0,12,0,0,0,0,0,0.0,0.0,0,
53,2026-10-09T15:36:29.791425+00:00,53.000758295000196,loop6,1.0000375239997084,0,0,0,0,0,0,0,0,0.0,0.0,0,
53,2026-10-09T15:36:29.791425+00:00,53.000758295000196,loop7,1.0000375239997084,0,0,0,0,0,0,0,0,0.0,0.0,0,
53,2026-10-09T15:36:29.791425+00:00,53.000758295000196,sr0,1.0000375239997084,1536,0,8,0,0,0,0,0,0.0,0.0,0,
53,2026-10-09T15:36:29.791425+00:00,53.000758295000196,sda,1.0000375239997084,356339200,29371092992,7904,112116,0,60321792,0,127,0.0,60319528.57002753,1000,
53,2026-10-09T15:36:29.791425+00:00,53.000758295000196,sda1,1.0000375239997084,319488,0,78,0,0,0,0,0,0.0,0.0,0,
53,2026-10-09T15:36:29.791425+00:00,53.000758295000196,sda2,1.0000375239997084,326788096,292073472,6594,47592,0,0,0,0,0.0,0.0,0,
53,2026-10-09T15:36:29.791425+00:00,53.000758295000196,sda3,1.0000375239997084,5571584,118784,155,25,0,0,0,0,0.0,0.0,0,
53,2026-10-09T15:36:29.791425+00:00,53.000758295000196,sda4,1.0000375239997084,4657152,0,116,0,0,0,0,0,0.0,0.0,0,
53,2026-10-09T15:36:29.791425+00:00,53.000758295000196,sda5,1.0000375239997084,16548864,29078900736,826,64499,0,60321792,0,127,0.0,60319528.57002753,1000,
54,2026-10-09T15:36:30.791583+00:00,54.00111253199975,loop0,1.000157501999638,374784,0,51,0,0,0,0,0,0.0,0.0,0,
54,2026-10-09T15:36:30.791583+00:00,54.00111253199975,loop1,1.000157501999638,2107392,0,217,0,0,0,0,0,0.0,0.0,0,
54,2026-10-09T15:36:30.791583+00:00,54.00111253199975,loop2,1.000157501999638,1106944,0,51,0,0,0,0,0,0.0,0.0,0,
54,2026-10-09T15:36:30.791583+00:00,54.00111253199975,loop3,1.000157501999638,1141760,0,66,0,0,0,0,0,0.0,0.0,0,
54,2026-10-09T15:36:30.791583+00:00,54.00111253199975,loop4,1.000157501999638,354304,0,43,0,0,0,0,0,0.0,0.0,0,
54,2026-10-09T15:36:30.791583+00:00,54.00111253199975,loop5,1.000157501999638,18432,0,12,0,0,0,0,0,0.0,0.0,0,
54,2026-10-09T15:36:30.791583+00:00,54.00111253199975,loop6,1.000157501999638,0,0,0,0,0,0,0,0,0.0,0.0,0,
54,2026-10-09T15:36:30.791583+00:00,54.00111253199975,loop7,1.000157501999638,0,0,0,0,0,0,0,0,0.0,0.0,0,
54,2026-10-09T15:36:30.791583+00:00,54.00111253199975,sr0,1.000157501999638,1536,0,8,0,0,0,0,0,0.0,0.0,0,
54,2026-10-09T15:36:30.791583+00:00,54.00111253199975,sda,1.000157501999638,356339200,29440155648,7904,112265,0,69062656,0,149,0.0,69051780.2065389,980,
54,2026-10-09T15:36:30.791583+00:00,54.00111253199975,sda1,1.000157501999638,319488,0,78,0,0,0,0,0,0.0,0.0,0,
54,2026-10-09T15:36:30.791583+00:00,54.00111253199975,sda2,1.000157501999638,326788096,292073472,6594,47592,0,0,0,0,0.0,0.0,0,
54,2026-10-09T15:36:30.791583+00:00,54.00111253199975,sda3,1.000157501999638,5571584,118784,155,25,0,0,0,0,0.0,0.0,0,
54,2026-10-09T15:36:30.791583+00:00,54.00111253199975,sda4,1.000157501999638,4657152,0,116,0,0,0,0,0,0.0,0.0,0,
54,2026-10-09T15:36:30.791583+00:00,54.00111253199975,sda5,1.000157501999638,16548864,29147963392,826,64648,0,69062656,0,149,0.0,69051780.2065389,980,
55,2026-10-09T15:36:31.791325+00:00,55.00076312800047,loop0,0.9997420250001596,374784,0,51,0,0,0,0,0,0.0,0.0,0,
55,2026-10-09T15:36:31.791325+00:00,55.00076312800047,loop1,0.9997420250001596,2107392,0,217,0,0,0,0,0,0.0,0.0,0,
55,2026-10-09T15:36:31.791325+00:00,55.00076312800047,loop2,0.9997420250001596,1106944,0,51,0,0,0,0,0,0.0,0.0,0,
55,2026-10-09T15:36:31.791325+00:00,55.00076312800047,loop3,0.9997420250001596,1141760,0,66,0,0,0,0,0,0.0,0.0,0,
55,2026-10-09T15:36:31.791325+00:00,55.00076312800047,loop4,0.9997420250001596,354304,0,43,0,0,0,0,0,0.0,0.0,0,
55,2026-10-09T15:36:31.791325+00:00,55.00076312800047,loop5,0.9997420250001596,18432,0,12,0,0,0,0,0,0.0,0.0,0,
55,2026-10-09T15:36:31.791325+00:00,55.00076312800047,loop6,0.9997420250001596,0,0,0,0,0,0,0,0,0.0,0.0,0,
55,2026-10-09T15:36:31.791325+00:00,55.00076312800047,loop7,0.9997420250001596,0,0,0,0,0,0,0,0,0.0,0.0,0,
55,2026-10-09T15:36:31.791325+00:00,55.00076312800047,sr0,0.9997420250001596,1536,0,8,0,0,0,0,0,0.0,0.0,0,
55,2026-10-09T15:36:31.791325+00:00,55.00076312800047,sda,0.9997420250001596,356339200,29503217664,7904,112394,0,63062016,0,129,0.0,63078288.621497065,920,
55,2026-10-09T15:36:31.791325+00:00,55.00076312800047,sda1,0.9997420250001596,319488,0,78,0,0,0,0,0,0.0,0.0,0,
55,2026-10-09T15:36:31.791325+00:00,55.00076312800047,sda2,0.9997420250001596,326788096,292073472,6594,47592,0,0,0,0,0.0,0.0,0,
55,2026-10-09T15:36:31.791325+00:00,55.00076312800047,sda3,0.9997420250001596,5571584,118784,155,25,0,0,0,0,0.0,0.0,0,
55,2026-10-09T15:36:31.791325+00:00,55.00076312800047,sda4,0.9997420250001596,4657152,0,116,0,0,0,0,0,0.0,0.0,0,
55,2026-10-09T15:36:31.791325+00:00,55.00076312800047,sda5,0.9997420250001596,16548864,29211025408,826,64777,0,63062016,0,129,0.0,63078288.621497065,920,
56,2026-10-09T15:36:32.791331+00:00,56.000725728999896,loop0,1.0000058679997892,374784,0,51,0,0,0,0,0,0.0,0.0,0,
56,2026-10-09T15:36:32.791331+00:00,56.000725728999896,loop1,1.0000058679997892,2107392,0,217,0,0,0,0,0,0.0,0.0,0,
56,2026-10-09T15:36:32.791331+00:00,56.000725728999896,loop2,1.0000058679997892,1106944,0,51,0,0,0,0,0,0.0,0.0,0,
56,2026-10-09T15:36:32.791331+00:00,56.000725728999896,loop3,1.0000058679997892,1141760,0,66,0,0,0,0,0,0.0,0.0,0,
56,2026-10-09T15:36:32.791331+00:00,56.000725728999896,loop4,1.0000058679997892,354304,0,43,0,0,0,0,0,0.0,0.0,0,
56,2026-10-09T15:36:32.791331+00:00,56.000725728999896,loop5,1.0000058679997892,18432,0,12,0,0,0,0,0,0.0,0.0,0,
56,2026-10-09T15:36:32.791331+00:00,56.000725728999896,loop6,1.0000058679997892,0,0,0,0,0,0,0,0,0.0,0.0,0,
56,2026-10-09T15:36:32.791331+00:00,56.000725728999896,loop7,1.0000058679997892,0,0,0,0,0,0,0,0,0.0,0.0,0,
56,2026-10-09T15:36:32.791331+00:00,56.000725728999896,sr0,1.0000058679997892,1536,0,8,0,0,0,0,0,0.0,0.0,0,
56,2026-10-09T15:36:32.791331+00:00,56.000725728999896,sda,1.0000058679997892,356339200,29566300160,7904,112526,0,63082496,0,132,0.0,63082125.834098905,1048,
56,2026-10-09T15:36:32.791331+00:00,56.000725728999896,sda1,1.0000058679997892,319488,0,78,0,0,0,0,0,0.0,0.0,0,
56,2026-10-09T15:36:32.791331+00:00,56.000725728999896,sda2,1.0000058679997892,326788096,292073472,6594,47592,0,0,0,0,0.0,0.0,0,
56,2026-10-09T15:36:32.791331+00:00,56.000725728999896,sda3,1.0000058679997892,5571584,118784,155,25,0,0,0,0,0.0,0.0,0,
56,2026-10-09T15:36:32.791331+00:00,56.000725728999896,sda4,1.0000058679997892,4657152,0,116,0,0,0,0,0,0.0,0.0,0,
56,2026-10-09T15:36:32.791331+00:00,56.000725728999896,sda5,1.0000058679997892,16548864,29274107904,826,64909,0,63082496,0,132,0.0,63082125.834098905,1048,
57,2026-10-09T15:36:33.791912+00:00,57.00139551000029,loop0,1.000581235000027,374784,0,51,0,0,0,0,0,0.0,0.0,0,
57,2026-10-09T15:36:33.791912+00:00,57.00139551000029,loop1,1.000581235000027,2107392,0,217,0,0,0,0,0,0.0,0.0,0,
57,2026-10-09T15:36:33.791912+00:00,57.00139551000029,loop2,1.000581235000027,1106944,0,51,0,0,0,0,0,0.0,0.0,0,
57,2026-10-09T15:36:33.791912+00:00,57.00139551000029,loop3,1.000581235000027,1141760,0,66,0,0,0,0,0,0.0,0.0,0,
57,2026-10-09T15:36:33.791912+00:00,57.00139551000029,loop4,1.000581235000027,354304,0,43,0,0,0,0,0,0.0,0.0,0,
57,2026-10-09T15:36:33.791912+00:00,57.00139551000029,loop5,1.000581235000027,18432,0,12,0,0,0,0,0,0.0,0.0,0,
57,2026-10-09T15:36:33.791912+00:00,57.00139551000029,loop6,1.000581235000027,0,0,0,0,0,0,0,0,0.0,0.0,0,
57,2026-10-09T15:36:33.791912+00:00,57.00139551000029,loop7,1.000581235000027,0,0,0,0,0,0,0,0,0.0,0.0,0,
57,2026-10-09T15:36:33.791912+00:00,57.00139551000029,sr0,1.000581235000027,1536,0,8,0,0,0,0,0,0.0,0.0,0,
57,2026-10-09T15:36:33.791912+00:00,57.00139551000029,sda,1.000581235000027,356339200,29629427712,7904,112663,0,63127552,0,137,0.0,63090881.3715643,960,
57,2026-10-09T15:36:33.791912+00:00,57.00139551000029,sda1,1.000581235000027,319488,0,78,0,0,0,0,0,0.0,0.0,0,
57,2026-10-09T15:36:33.791912+00:00,57.00139551000029,sda2,1.000581235000027,326788096,292085760,6594,47594,0,12288,0,2,0.0,12280.861933213917,12,
57,2026-10-09T15:36:33.791912+00:00,57.00139551000029,sda3,1.000581235000027,5571584,118784,155,25,0,0,0,0,0.0,0.0,0,
57,2026-10-09T15:36:33.791912+00:00,57.00139551000029,sda4,1.000581235000027,4657152,0,116,0,0,0,0,0,0.0,0.0,0,
57,2026-10-09T15:36:33.791912+00:00,57.00139551000029,sda5,1.000581235000027,16548864,29337223168,826,65044,0,63115264,0,135,0.0,63078600.50963108,952,
58,2026-10-09T15:36:34.791275+00:00,58.000728026000616,loop0,0.9993638300002203,374784,0,51,0,0,0,0,0,0.0,0.0,0,
58,2026-10-09T15:36:34.791275+00:00,58.000728026000616,loop1,0.9993638300002203,2107392,0,217,0,0,0,0,0,0.0,0.0,0,
58,2026-10-09T15:36:34.791275+00:00,58.000728026000616,loop2,0.9993638300002203,1106944,0,51,0,0,0,0,0,0.0,0.0,0,
58,2026-10-09T15:36:34.791275+00:00,58.000728026000616,loop3,0.9993638300002203,1141760,0,66,0,0,0,0,0,0.0,0.0,0,
58,2026-10-09T15:36:34.791275+00:00,58.000728026000616,loop4,0.9993638300002203,354304,0,43,0,0,0,0,0,0.0,0.0,0,
58,2026-10-09T15:36:34.791275+00:00,58.000728026000616,loop5,0.9993638300002203,18432,0,12,0,0,0,0,0,0.0,0.0,0,
58,2026-10-09T15:36:34.791275+00:00,58.000728026000616,loop6,0.9993638300002203,0,0,0,0,0,0,0,0,0.0,0.0,0,
58,2026-10-09T15:36:34.791275+00:00,58.000728026000616,loop7,0.9993638300002203,0,0,0,0,0,0,0,0,0.0,0.0,0,
58,2026-10-09T15:36:34.791275+00:00,58.000728026000616,sr0,0.9993638300002203,1536,0,8,0,0,0,0,0,0.0,0.0,0,
58,2026-10-09T15:36:34.791275+00:00,58.000728026000616,sda,0.9993638300002203,356339200,29705822208,7904,112823,0,76394496,0,160,0.0,76443126.82397476,972,
58,2026-10-09T15:36:34.791275+00:00,58.000728026000616,sda1,0.9993638300002203,319488,0,78,0,0,0,0,0,0.0,0.0,0,
58,2026-10-09T15:36:34.791275+00:00,58.000728026000616,sda2,0.9993638300002203,326788096,292085760,6594,47594,0,0,0,0,0.0,0.0,0,
58,2026-10-09T15:36:34.791275+00:00,58.000728026000616,sda3,0.9993638300002203,5571584,118784,155,25,0,0,0,0,0.0,0.0,0,
58,2026-10-09T15:36:34.791275+00:00,58.000728026000616,sda4,0.9993638300002203,4657152,0,116,0,0,0,0,0,0.0,0.0,0,
58,2026-10-09T15:36:34.791275+00:00,58.000728026000616,sda5,0.9993638300002203,16548864,29413617664,826,65204,0,76394496,0,160,0.0,76443126.82397476,972,
59,2026-10-09T15:36:35.793566+00:00,59.00296003099993,loop0,1.0022896230002516,374784,0,51,0,0,0,0,0,0.0,0.0,0,
59,2026-10-09T15:36:35.793566+00:00,59.00296003099993,loop1,1.0022896230002516,2107392,0,217,0,0,0,0,0,0.0,0.0,0,
59,2026-10-09T15:36:35.793566+00:00,59.00296003099993,loop2,1.0022896230002516,1106944,0,51,0,0,0,0,0,0.0,0.0,0,
59,2026-10-09T15:36:35.793566+00:00,59.00296003099993,loop3,1.0022896230002516,1141760,0,66,0,0,0,0,0,0.0,0.0,0,
59,2026-10-09T15:36:35.793566+00:00,59.00296003099993,loop4,1.0022896230002516,354304,0,43,0,0,0,0,0,0.0,0.0,0,
59,2026-10-09T15:36:35.793566+00:00,59.00296003099993,loop5,1.0022896230002516,18432,0,12,0,0,0,0,0,0.0,0.0,0,
59,2026-10-09T15:36:35.793566+00:00,59.00296003099993,loop6,1.0022896230002516,0,0,0,0,0,0,0,0,0.0,0.0,0,
59,2026-10-09T15:36:35.793566+00:00,59.00296003099993,loop7,1.0022896230002516,0,0,0,0,0,0,0,0,0.0,0.0,0,
59,2026-10-09T15:36:35.793566+00:00,59.00296003099993,sr0,1.0022896230002516,1536,0,8,0,0,0,0,0,0.0,0.0,0,
59,2026-10-09T15:36:35.793566+00:00,59.00296003099993,sda,1.0022896230002516,356339200,29769281536,7904,112959,0,63459328,0,136,0.0,63314361.980563045,984,
59,2026-10-09T15:36:35.793566+00:00,59.00296003099993,sda1,1.0022896230002516,319488,0,78,0,0,0,0,0,0.0,0.0,0,
59,2026-10-09T15:36:35.793566+00:00,59.00296003099993,sda2,1.0022896230002516,326788096,292085760,6594,47594,0,0,0,0,0.0,0.0,0,
59,2026-10-09T15:36:35.793566+00:00,59.00296003099993,sda3,1.0022896230002516,5571584,118784,155,25,0,0,0,0,0.0,0.0,0,
59,2026-10-09T15:36:35.793566+00:00,59.00296003099993,sda4,1.0022896230002516,4657152,0,116,0,0,0,0,0,0.0,0.0,0,
59,2026-10-09T15:36:35.793566+00:00,59.00296003099993,sda5,1.0022896230002516,16548864,29477076992,826,65340,0,63459328,0,136,0.0,63314361.980563045,984,
60,2026-10-09T15:36:36.791627+00:00,60.001076622000255,loop0,0.9980614859996422,374784,0,51,0,0,0,0,0,0.0,0.0,0,
60,2026-10-09T15:36:36.791627+00:00,60.001076622000255,loop1,0.9980614859996422,2107392,0,217,0,0,0,0,0,0.0,0.0,0,
60,2026-10-09T15:36:36.791627+00:00,60.001076622000255,loop2,0.9980614859996422,1106944,0,51,0,0,0,0,0,0.0,0.0,0,
60,2026-10-09T15:36:36.791627+00:00,60.001076622000255,loop3,0.9980614859996422,1141760,0,66,0,0,0,0,0,0.0,0.0,0,
60,2026-10-09T15:36:36.791627+00:00,60.001076622000255,loop4,0.9980614859996422,354304,0,43,0,0,0,0,0,0.0,0.0,0,
60,2026-10-09T15:36:36.791627+00:00,60.001076622000255,loop5,0.9980614859996422,18432,0,12,0,0,0,0,0,0.0,0.0,0,
60,2026-10-09T15:36:36.791627+00:00,60.001076622000255,loop6,0.9980614859996422,0,0,0,0,0,0,0,0,0.0,0.0,0,
60,2026-10-09T15:36:36.791627+00:00,60.001076622000255,loop7,0.9980614859996422,0,0,0,0,0,0,0,0,0.0,0.0,0,
60,2026-10-09T15:36:36.791627+00:00,60.001076622000255,sr0,0.9980614859996422,1536,0,8,0,0,0,0,0,0.0,0.0,0,
60,2026-10-09T15:36:36.791627+00:00,60.001076622000255,sda,0.9980614859996422,356339200,29818728448,7904,113064,0,49446912,0,105,0.0,49542951.70550016,988,
60,2026-10-09T15:36:36.791627+00:00,60.001076622000255,sda1,0.9980614859996422,319488,0,78,0,0,0,0,0,0.0,0.0,0,
60,2026-10-09T15:36:36.791627+00:00,60.001076622000255,sda2,0.9980614859996422,326788096,292085760,6594,47594,0,0,0,0,0.0,0.0,0,
60,2026-10-09T15:36:36.791627+00:00,60.001076622000255,sda3,0.9980614859996422,5571584,118784,155,25,0,0,0,0,0.0,0.0,0,
60,2026-10-09T15:36:36.791627+00:00,60.001076622000255,sda4,0.9980614859996422,4657152,0,116,0,0,0,0,0,0.0,0.0,0,
60,2026-10-09T15:36:36.791627+00:00,60.001076622000255,sda5,0.9980614859996422,16548864,29526523904,826,65445,0,49446912,0,105,0.0,49542951.70550016,988,
61,2026-10-09T15:36:37.792486+00:00,61.001094059000025,loop0,1.000859501999912,374784,0,51,0,0,0,0,0,0.0,0.0,0,
61,2026-10-09T15:36:37.792486+00:00,61.001094059000025,loop1,1.000859501999912,2107392,0,217,0,0,0,0,0,0.0,0.0,0,
61,2026-10-09T15:36:37.792486+00:00,61.001094059000025,loop2,1.000859501999912,1106944,0,51,0,0,0,0,0,0.0,0.0,0,
61,2026-10-09T15:36:37.792486+00:00,61.001094059000025,loop3,1.000859501999912,1141760,0,66,0,0,0,0,0,0.0,0.0,0,
61,2026-10-09T15:36:37.792486+00:00,61.001094059000025,loop4,1.000859501999912,354304,0,43,0,0,0,0,0,0.0,0.0,0,
61,2026-10-09T15:36:37.792486+00:00,61.001094059000025,loop5,1.000859501999912,18432,0,12,0,0,0,0,0,0.0,0.0,0,
61,2026-10-09T15:36:37.792486+00:00,61.001094059000025,loop6,1.000859501999912,0,0,0,0,0,0,0,0,0.0,0.0,0,
61,2026-10-09T15:36:37.792486+00:00,61.001094059000025,loop7,1.000859501999912,0,0,0,0,0,0,0,0,0.0,0.0,0,
61,2026-10-09T15:36:37.792486+00:00,61.001094059000025,sr0,1.000859501999912,1536,0,8,0,0,0,0,0,0.0,0.0,0,
61,2026-10-09T15:36:37.792486+00:00,61.001094059000025,sda,1.000859501999912,356339200,29896531968,7904,113228,0,77803520,0,164,0.0,77736705.14646004,940,
61,2026-10-09T15:36:37.792486+00:00,61.001094059000025,sda1,1.000859501999912,319488,0,78,0,0,0,0,0,0.0,0.0,0,
61,2026-10-09T15:36:37.792486+00:00,61.001094059000025,sda2,1.000859501999912,326788096,292106240,6594,47595,0,20480,0,1,0.0,20462.412515519885,64,
61,2026-10-09T15:36:37.792486+00:00,61.001094059000025,sda3,1.000859501999912,5571584,118784,155,25,0,0,0,0,0.0,0.0,0,
61,2026-10-09T15:36:37.792486+00:00,61.001094059000025,sda4,1.000859501999912,4657152,0,116,0,0,0,0,0,0.0,0.0,0,
61,2026-10-09T15:36:37.792486+00:00,61.001094059000025,sda5,1.000859501999912,16548864,29604306944,826,65608,0,77783040,0,163,0.0,77716242.73394452,964,
62,2026-10-09T15:36:38.791273+00:00,62.00072637300036,loop0,0.9987867800000458,374784,0,51,0,0,0,0,0,0.0,0.0,0,
62,2026-10-09T15:36:38.791273+00:00,62.00072637300036,loop1,0.9987867800000458,2107392,0,217,0,0,0,0,0,0.0,0.0,0,
62,2026-10-09T15:36:38.791273+00:00,62.00072637300036,loop2,0.9987867800000458,1106944,0,51,0,0,0,0,0,0.0,0.0,0,
62,2026-10-09T15:36:38.791273+00:00,62.00072637300036,loop3,0.9987867800000458,1141760,0,66,0,0,0,0,0,0.0,0.0,0,
62,2026-10-09T15:36:38.791273+00:00,62.00072637300036,loop4,0.9987867800000458,354304,0,43,0,0,0,0,0,0.0,0.0,0,
62,2026-10-09T15:36:38.791273+00:00,62.00072637300036,loop5,0.9987867800000458,18432,0,12,0,0,0,0,0,0.0,0.0,0,
62,2026-10-09T15:36:38.791273+00:00,62.00072637300036,loop6,0.9987867800000458,0,0,0,0,0,0,0,0,0.0,0.0,0,
62,2026-10-09T15:36:38.791273+00:00,62.00072637300036,loop7,0.9987867800000458,0,0,0,0,0,0,0,0,0.0,0.0,0,
62,2026-10-09T15:36:38.791273+00:00,62.00072637300036,sr0,0.9987867800000458,1536,0,8,0,0,0,0,0,0.0,0.0,0,
62,2026-10-09T15:36:38.791273+00:00,62.00072637300036,sda,0.9987867800000458,356339200,29954723840,7904,113356,0,58191872,0,128,0.0,58262557.29976455,912,
62,2026-10-09T15:36:38.791273+00:00,62.00072637300036,sda1,0.9987867800000458,319488,0,78,0,0,0,0,0,0.0,0.0,0,
62,2026-10-09T15:36:38.791273+00:00,62.00072637300036,sda2,0.9987867800000458,326788096,292130816,6594,47597,0,24576,0,2,0.0,24605.852312141007,12,
62,2026-10-09T15:36:38.791273+00:00,62.00072637300036,sda3,0.9987867800000458,5571584,118784,155,25,0,0,0,0,0.0,0.0,0,
62,2026-10-09T15:36:38.791273+00:00,62.00072637300036,sda4,0.9987867800000458,4657152,0,116,0,0,0,0,0,0.0,0.0,0,
62,2026-10-09T15:36:38.791273+00:00,62.00072637300036,sda5,0.9987867800000458,16548864,29662474240,826,65734,0,58167296,0,126,0.0,58237951.44745241,908,
63,2026-10-09T15:36:39.791586+00:00,63.0009979030001,loop0,1.0003126300007352,374784,0,51,0,0,0,0,0,0.0,0.0,0,
63,2026-10-09T15:36:39.791586+00:00,63.0009979030001,loop1,1.0003126300007352,2107392,0,217,0,0,0,0,0,0.0,0.0,0,
63,2026-10-09T15:36:39.791586+00:00,63.0009979030001,loop2,1.0003126300007352,1106944,0,51,0,0,0,0,0,0.0,0.0,0,
63,2026-10-09T15:36:39.791586+00:00,63.0009979030001,loop3,1.0003126300007352,1141760,0,66,0,0,0,0,0,0.0,0.0,0,
63,2026-10-09T15:36:39.791586+00:00,63.0009979030001,loop4,1.0003126300007352,354304,0,43,0,0,0,0,0,0.0,0.0,0,
63,2026-10-09T15:36:39.791586+00:00,63.0009979030001,loop5,1.0003126300007352,18432,0,12,0,0,0,0,0,0.0,0.0,0,
63,2026-10-09T15:36:39.791586+00:00,63.0009979030001,loop6,1.0003126300007352,0,0,0,0,0,0,0,0,0.0,0.0,0,
63,2026-10-09T15:36:39.791586+00:00,63.0009979030001,loop7,1.0003126300007352,0,0,0,0,0,0,0,0,0.0,0.0,0,
63,2026-10-09T15:36:39.791586+00:00,63.0009979030001,sr0,1.0003126300007352,1536,0,8,0,0,0,0,0,0.0,0.0,0,
63,2026-10-09T15:36:39.791586+00:00,63.0009979030001,sda,1.0003126300007352,356339200,30015455232,7904,113482,0,60731392,0,126,0.0,60712411.47875476,912,
63,2026-10-09T15:36:39.791586+00:00,63.0009979030001,sda1,1.0003126300007352,319488,0,78,0,0,0,0,0,0.0,0.0,0,
63,2026-10-09T15:36:39.791586+00:00,63.0009979030001,sda2,1.0003126300007352,326788096,292130816,6594,47597,0,0,0,0,0.0,0.0,0,
63,2026-10-09T15:36:39.791586+00:00,63.0009979030001,sda3,1.0003126300007352,5571584,118784,155,25,0,0,0,0,0.0,0.0,0,
63,2026-10-09T15:36:39.791586+00:00,63.0009979030001,sda4,1.0003126300007352,4657152,0,116,0,0,0,0,0,0.0,0.0,0,
63,2026-10-09T15:36:39.791586+00:00,63.0009979030001,sda5,1.0003126300007352,16548864,29723205632,826,65860,0,60731392,0,126,0.0,60712411.47875476,912,
64,2026-10-09T15:36:40.791864+00:00,64.00120029299978,loop0,1.0002784179996524,374784,0,51,0,0,0,0,0,0.0,0.0,0,
64,2026-10-09T15:36:40.791864+00:00,64.00120029299978,loop1,1.0002784179996524,2107392,0,217,0,0,0,0,0,0.0,0.0,0,
64,2026-10-09T15:36:40.791864+00:00,64.00120029299978,loop2,1.0002784179996524,1106944,0,51,0,0,0,0,0,0.0,0.0,0,
64,2026-10-09T15:36:40.791864+00:00,64.00120029299978,loop3,1.0002784179996524,1141760,0,66,0,0,0,0,0,0.0,0.0,0,
64,2026-10-09T15:36:40.791864+00:00,64.00120029299978,loop4,1.0002784179996524,354304,0,43,0,0,0,0,0,0.0,0.0,0,
64,2026-10-09T15:36:40.791864+00:00,64.00120029299978,loop5,1.0002784179996524,18432,0,12,0,0,0,0,0,0.0,0.0,0,
64,2026-10-09T15:36:40.791864+00:00,64.00120029299978,loop6,1.0002784179996524,0,0,0,0,0,0,0,0,0.0,0.0,0,
64,2026-10-09T15:36:40.791864+00:00,64.00120029299978,loop7,1.0002784179996524,0,0,0,0,0,0,0,0,0.0,0.0,0,
64,2026-10-09T15:36:40.791864+00:00,64.00120029299978,sr0,1.0002784179996524,1536,0,8,0,0,0,0,0,0.0,0.0,0,
64,2026-10-09T15:36:40.791864+00:00,64.00120029299978,sda,1.0002784179996524,356339200,30079229952,7904,113615,0,63774720,0,133,0.0,63756968.91225155,1012,
64,2026-10-09T15:36:40.791864+00:00,64.00120029299978,sda1,1.0002784179996524,319488,0,78,0,0,0,0,0,0.0,0.0,0,
64,2026-10-09T15:36:40.791864+00:00,64.00120029299978,sda2,1.0002784179996524,326788096,292130816,6594,47597,0,0,0,0,0.0,0.0,0,
64,2026-10-09T15:36:40.791864+00:00,64.00120029299978,sda3,1.0002784179996524,5571584,118784,155,25,0,0,0,0,0.0,0.0,0,
64,2026-10-09T15:36:40.791864+00:00,64.00120029299978,sda4,1.0002784179996524,4657152,0,116,0,0,0,0,0,0.0,0.0,0,
64,2026-10-09T15:36:40.791864+00:00,64.00120029299978,sda5,1.0002784179996524,16548864,29786980352,826,65993,0,63774720,0,133,0.0,63756968.91225155,1012,
65,2026-10-09T15:36:41.791506+00:00,65.00081408300048,loop0,0.9996418669998093,374784,0,51,0,0,0,0,0,0.0,0.0,0,
65,2026-10-09T15:36:41.791506+00:00,65.00081408300048,loop1,0.9996418669998093,2107392,0,217,0,0,0,0,0,0.0,0.0,0,
65,2026-10-09T15:36:41.791506+00:00,65.00081408300048,loop2,0.9996418669998093,1106944,0,51,0,0,0,0,0,0.0,0.0,0,
65,2026-10-09T15:36:41.791506+00:00,65.00081408300048,loop3,0.9996418669998093,1141760,0,66,0,0,0,0,0,0.0,0.0,0,
65,2026-10-09T15:36:41.791506+00:00,65.00081408300048,loop4,0.9996418669998093,354304,0,43,0,0,0,0,0,0.0,0.0,0,
65,2026-10-09T15:36:41.791506+00:00,65.00081408300048,loop5,0.9996418669998093,18432,0,12,0,0,0,0,0,0.0,0.0,0,
65,2026-10-09T15:36:41.791506+00:00,65.00081408300048,loop6,0.9996418669998093,0,0,0,0,0,0,0,0,0.0,0.0,0,
65,2026-10-09T15:36:41.791506+00:00,65.00081408300048,loop7,0.9996418669998093,0,0,0,0,0,0,0,0,0.0,0.0,0,
65,2026-10-09T15:36:41.791506+00:00,65.00081408300048,sr0,0.9996418669998093,1536,0,8,0,0,0,0,0,0.0,0.0,0,
65,2026-10-09T15:36:41.791506+00:00,65.00081408300048,sda,0.9996418669998093,356339200,30132592640,7904,113732,0,53362688,0,117,0.0,53381805.786261834,984,
65,2026-10-09T15:36:41.791506+00:00,65.00081408300048,sda1,0.9996418669998093,319488,0,78,0,0,0,0,0,0.0,0.0,0,
65,2026-10-09T15:36:41.791506+00:00,65.00081408300048,sda2,0.9996418669998093,326788096,292130816,6594,47597,0,0,0,0,0.0,0.0,0,
65,2026-10-09T15:36:41.791506+00:00,65.00081408300048,sda3,0.9996418669998093,5571584,118784,155,25,0,0,0,0,0.0,0.0,0,
65,2026-10-09T15:36:41.791506+00:00,65.00081408300048,sda4,0.9996418669998093,4657152,0,116,0,0,0,0,0,0.0,0.0,0,
65,2026-10-09T15:36:41.791506+00:00,65.00081408300048,sda5,0.9996418669998093,16548864,29840343040,826,66110,0,53362688,0,117,0.0,53381805.786261834,984,
66,2026-10-09T15:36:42.791429+00:00,66.00083063700004,loop0,0.9999229909999485,374784,0,51,0,0,0,0,0,0.0,0.0,0,
66,2026-10-09T15:36:42.791429+00:00,66.00083063700004,loop1,0.9999229909999485,2107392,0,217,0,0,0,0,0,0.0,0.0,0,
66,2026-10-09T15:36:42.791429+00:00,66.00083063700004,loop2,0.9999229909999485,1106944,0,51,0,0,0,0,0,0.0,0.0,0,
66,2026-10-09T15:36:42.791429+00:00,66.00083063700004,loop3,0.9999229909999485,1141760,0,66,0,0,0,0,0,0.0,0.0,0,
66,2026-10-09T15:36:42.791429+00:00,66.00083063700004,loop4,0.9999229909999485,354304,0,43,0,0,0,0,0,0.0,0.0,0,
66,2026-10-09T15:36:42.791429+00:00,66.00083063700004,loop5,0.9999229909999485,18432,0,12,0,0,0,0,0,0.0,0.0,0,
66,2026-10-09T15:36:42.791429+00:00,66.00083063700004,loop6,0.9999229909999485,0,0,0,0,0,0,0,0,0.0,0.0,0,
66,2026-10-09T15:36:42.791429+00:00,66.00083063700004,loop7,0.9999229909999485,0,0,0,0,0,0,0,0,0.0,0.0,0,
66,2026-10-09T15:36:42.791429+00:00,66.00083063700004,sr0,0.9999229909999485,1536,0,8,0,0,0,0,0,0.0,0.0,0,
66,2026-10-09T15:36:42.791429+00:00,66.00083063700004,sda,0.9999229909999485,356339200,30186844160,7904,113845,0,54251520,0,113,0.0,54255698.17706371,1040,
66,2026-10-09T15:36:42.791429+00:00,66.00083063700004,sda1,0.9999229909999485,319488,0,78,0,0,0,0,0,0.0,0.0,0,
66,2026-10-09T15:36:42.791429+00:00,66.00083063700004,sda2,0.9999229909999485,326788096,292130816,6594,47597,0,0,0,0,0.0,0.0,0,
66,2026-10-09T15:36:42.791429+00:00,66.00083063700004,sda3,0.9999229909999485,5571584,118784,155,25,0,0,0,0,0.0,0.0,0,
66,2026-10-09T15:36:42.791429+00:00,66.00083063700004,sda4,0.9999229909999485,4657152,0,116,0,0,0,0,0,0.0,0.0,0,
66,2026-10-09T15:36:42.791429+00:00,66.00083063700004,sda5,0.9999229909999485,16548864,29894594560,826,66223,0,54251520,0,113,0.0,54255698.17706371,1040,
67,2026-10-09T15:36:43.791602+00:00,67.00080048900054,loop0,1.0001728530005494,374784,0,51,0,0,0,0,0,0.0,0.0,0,
67,2026-10-09T15:36:43.791602+00:00,67.00080048900054,loop1,1.0001728530005494,2107392,0,217,0,0,0,0,0,0.0,0.0,0,
67,2026-10-09T15:36:43.791602+00:00,67.00080048900054,loop2,1.0001728530005494,1106944,0,51,0,0,0,0,0,0.0,0.0,0,
67,2026-10-09T15:36:43.791602+00:00,67.00080048900054,loop3,1.0001728530005494,1141760,0,66,0,0,0,0,0,0.0,0.0,0,
67,2026-10-09T15:36:43.791602+00:00,67.00080048900054,loop4,1.0001728530005494,354304,0,43,0,0,0,0,0,0.0,0.0,0,
67,2026-10-09T15:36:43.791602+00:00,67.00080048900054,loop5,1.0001728530005494,18432,0,12,0,0,0,0,0,0.0,0.0,0,
67,2026-10-09T15:36:43.791602+00:00,67.00080048900054,loop6,1.0001728530005494,0,0,0,0,0,0,0,0,0.0,0.0,0,
67,2026-10-09T15:36:43.791602+00:00,67.00080048900054,loop7,1.0001728530005494,0,0,0,0,0,0,0,0,0.0,0.0,0,
67,2026-10-09T15:36:43.791602+00:00,67.00080048900054,sr0,1.0001728530005494,1536,0,8,0,0,0,0,0,0.0,0.0,0,
67,2026-10-09T15:36:43.791602+00:00,67.00080048900054,sda,1.0001728530005494,356339200,30248538112,7904,113980,0,61693952,0,135,0.0,61683289.858264245,880,
67,2026-10-09T15:36:43.791602+00:00,67.00080048900054,sda1,1.0001728530005494,319488,0,78,0,0,0,0,0,0.0,0.0,0,
67,2026-10-09T15:36:43.791602+00:00,67.00080048900054,sda2,1.0001728530005494,326788096,292143104,6594,47600,0,12288,0,3,0.0,12285.876349408627,24,
67,2026-10-09T15:36:43.791602+00:00,67.00080048900054,sda3,1.0001728530005494,5571584,118784,155,25,0,0,0,0,0.0,0.0,0,
67,2026-10-09T15:36:43.791602+00:00,67.00080048900054,sda4,1.0001728530005494,4657152,0,116,0,0,0,0,0,0.0,0.0,0,
67,2026-10-09T15:36:43.791602+00:00,67.00080048900054,sda5,1.0001728530005494,16548864,29956276224,826,66355,0,61681664,0,132,0.0,61671003.98191483,880,
68,2026-10-09T15:36:44.791248+00:00,68.00071709599979,loop0,0.999645892999979,374784,0,51,0,0,0,0,0,0.0,0.0,0,
68,2026-10-09T15:36:44.791248+00:00,68.00071709599979,loop1,0.999645892999979,2107392,0,217,0,0,0,0,0,0.0,0.0,0,
68,2026-10-09T15:36:44.791248+00:00,68.00071709599979,loop2,0.999645892999979,1106944,0,51,0,0,0,0,0,0.0,0.0,0,
68,2026-10-09T15:36:44.791248+00:00,68.00071709599979,loop3,0.999645892999979,1141760,0,66,0,0,0,0,0,0.0,0.0,0,
68,2026-10-09T15:36:44.791248+00:00,68.00071709599979,loop4,0.999645892999979,354304,0,43,0,0,0,0,0,0.0,0.0,0,
68,2026-10-09T15:36:44.791248+00:00,68.00071709599979,loop5,0.999645892999979,18432,0,12,0,0,0,0,0,0.0,0.0,0,
68,2026-10-09T15:36:44.791248+00:00,68.00071709599979,loop6,0.999645892999979,0,0,0,0,0,0,0,0,0.0,0.0,0,
68,2026-10-09T15:36:44.791248+00:00,68.00071709599979,loop7,0.999645892999979,0,0,0,0,0,0,0,0,0.0,0.0,0,
68,2026-10-09T15:36:44.791248+00:00,68.00071709599979,sr0,0.999645892999979,1536,0,8,0,0,0,0,0,0.0,0.0,0,
68,2026-10-09T15:36:44.791248+00:00,68.00071709599979,sda,0.999645892999979,356339200,30306377728,7904,114103,0,57839616,0,123,0.0,57860104.66808492,944,
68,2026-10-09T15:36:44.791248+00:00,68.00071709599979,sda1,0.999645892999979,319488,0,78,0,0,0,0,0,0.0,0.0,0,
68,2026-10-09T15:36:44.791248+00:00,68.00071709599979,sda2,0.999645892999979,326788096,292155392,6594,47602,0,12288,0,2,0.0,12292.352808176103,16,
68,2026-10-09T15:36:44.791248+00:00,68.00071709599979,sda3,0.999645892999979,5571584,118784,155,25,0,0,0,0,0.0,0.0,0,
68,2026-10-09T15:36:44.791248+00:00,68.00071709599979,sda4,0.999645892999979,4657152,0,116,0,0,0,0,0,0.0,0.0,0,
68,2026-10-09T15:36:44.791248+00:00,68.00071709599979,sda5,0.999645892999979,16548864,30014103552,826,66476,0,57827328,0,121,0.0,57847812.31527674,932,
69,2026-10-09T15:36:45.791679+00:00,69.0009823119999,loop0,1.0004313919998822,374784,0,51,0,0,0,0,0,0.0,0.0,0,
69,2026-10-09T15:36:45.791679+00:00,69.0009823119999,loop1,1.0004313919998822,2107392,0,217,0,0,0,0,0,0.0,0.0,0,
69,2026-10-09T15:36:45.791679+00:00,69.0009823119999,loop2,1.0004313919998822,1106944,0,51,0,0,0,0,0,0.0,0.0,0,
69,2026-10-09T15:36:45.791679+00:00,69.0009823119999,loop3,1.0004313919998822,1141760,0,66,0,0,0,0,0,0.0,0.0,0,
69,2026-10-09T15:36:45.791679+00:00,69.0009823119999,loop4,1.0004313919998822,354304,0,43,0,0,0,0,0,0.0,0.0,0,
69,2026-10-09T15:36:45.791679+00:00,69.0009823119999,loop5,1.0004313919998822,18432,0,12,0,0,0,0,0,0.0,0.0,0,
69,2026-10-09T15:36:45.791679+00:00,69.0009823119999,loop6,1.0004313919998822,0,0,0,0,0,0,0,0,0.0,0.0,0,
69,2026-10-09T15:36:45.791679+00:00,69.0009823119999,loop7,1.0004313919998822,0,0,0,0,0,0,0,0,0.0,0.0,0,
69,2026-10-09T15:36:45.791679+00:00,69.0009823119999,sr0,1.0004313919998822,1536,0,8,0,0,0,0,0,0.0,0.0,0,
69,2026-10-09T15:36:45.791679+00:00,69.0009823119999,sda,1.0004313919998822,356339200,30362873856,7904,114223,0,56496128,0,120,0.0,56471766.53169901,972,
69,2026-10-09T15:36:45.791679+00:00,69.0009823119999,sda1,1.0004313919998822,319488,0,78,0,0,0,0,0,0.0,0.0,0,
69,2026-10-09T15:36:45.791679+00:00,69.0009823119999,sda2,1.0004313919998822,326788096,292155392,6594,47602,0,0,0,0,0.0,0.0,0,
69,2026-10-09T15:36:45.791679+00:00,69.0009823119999,sda3,1.0004313919998822,5571584,118784,155,25,0,0,0,0,0.0,0.0,0,
69,2026-10-09T15:36:45.791679+00:00,69.0009823119999,sda4,1.0004313919998822,4657152,0,116,0,0,0,0,0,0.0,0.0,0,
69,2026-10-09T15:36:45.791679+00:00,69.0009823119999,sda5,1.0004313919998822,16548864,30070599680,826,66596,0,56496128,0,120,0.0,56471766.53169901,972,
70,2026-10-09T15:36:46.792210+00:00,70.0014847930006,loop0,1.0005313199999364,374784,0,51,0,0,0,0,0,0.0,0.0,0,
70,2026-10-09T15:36:46.792210+00:00,70.0014847930006,loop1,1.0005313199999364,2107392,0,217,0,0,0,0,0,0.0,0.0,0,
70,2026-10-09T15:36:46.792210+00:00,70.0014847930006,loop2,1.0005313199999364,1106944,0,51,0,0,0,0,0,0.0,0.0,0,
70,2026-10-09T15:36:46.792210+00:00,70.0014847930006,loop3,1.0005313199999364,1141760,0,66,0,0,0,0,0,0.0,0.0,0,
70,2026-10-09T15:36:46.792210+00:00,70.0014847930006,loop4,1.0005313199999364,354304,0,43,0,0,0,0,0,0.0,0.0,0,
70,2026-10-09T15:36:46.792210+00:00,70.0014847930006,loop5,1.0005313199999364,18432,0,12,0,0,0,0,0,0.0,0.0,0,
70,2026-10-09T15:36:46.792210+00:00,70.0014847930006,loop6,1.0005313199999364,0,0,0,0,0,0,0,0,0.0,0.0,0,
70,2026-10-09T15:36:46.792210+00:00,70.0014847930006,loop7,1.0005313199999364,0,0,0,0,0,0,0,0,0.0,0.0,0,
70,2026-10-09T15:36:46.792210+00:00,70.0014847930006,sr0,1.0005313199999364,1536,0,8,0,0,0,0,0,0.0,0.0,0,
70,2026-10-09T15:36:46.792210+00:00,70.0014847930006,sda,1.0005313199999364,356339200,30431830016,7904,114364,0,68956160,0,141,0.0,68919541.66912475,1008,
70,2026-10-09T15:36:46.792210+00:00,70.0014847930006,sda1,1.0005313199999364,319488,0,78,0,0,0,0,0,0.0,0.0,0,
70,2026-10-09T15:36:46.792210+00:00,70.0014847930006,sda2,1.0005313199999364,326788096,292155392,6594,47602,0,0,0,0,0.0,0.0,0,
70,2026-10-09T15:36:46.792210+00:00,70.0014847930006,sda3,1.0005313199999364,5571584,118784,155,25,0,0,0,0,0.0,0.0,0,
70,2026-10-09T15:36:46.792210+00:00,70.0014847930006,sda4,1.0005313199999364,4657152,0,116,0,0,0,0,0,0.0,0.0,0,
70,2026-10-09T15:36:46.792210+00:00,70.0014847930006,sda5,1.0005313199999364,16548864,30139555840,826,66737,0,68956160,0,141,0.0,68919541.66912475,1008,
71,2026-10-09T15:36:47.791467+00:00,71.00099073100046,loop0,0.9992563340001652,374784,0,51,0,0,0,0,0,0.0,0.0,0,
71,2026-10-09T15:36:47.791467+00:00,71.00099073100046,loop1,0.9992563340001652,2107392,0,217,0,0,0,0,0,0.0,0.0,0,
71,2026-10-09T15:36:47.791467+00:00,71.00099073100046,loop2,0.9992563340001652,1106944,0,51,0,0,0,0,0,0.0,0.0,0,
71,2026-10-09T15:36:47.791467+00:00,71.00099073100046,loop3,0.9992563340001652,1141760,0,66,0,0,0,0,0,0.0,0.0,0,
71,2026-10-09T15:36:47.791467+00:00,71.00099073100046,loop4,0.9992563340001652,354304,0,43,0,0,0,0,0,0.0,0.0,0,
71,2026-10-09T15:36:47.791467+00:00,71.00099073100046,loop5,0.9992563340001652,18432,0,12,0,0,0,0,0,0.0,0.0,0,
71,2026-10-09T15:36:47.791467+00:00,71.00099073100046,loop6,0.9992563340001652,0,0,0,0,0,0,0,0,0.0,0.0,0,
71,2026-10-09T15:36:47.791467+00:00,71.00099073100046,loop7,0.9992563340001652,0,0,0,0,0,0,0,0,0.0,0.0,0,
71,2026-10-09T15:36:47.791467+00:00,71.00099073100046,sr0,0.9992563340001652,1536,0,8,0,0,0,0,0,0.0,0.0,0,
71,2026-10-09T15:36:47.791467+00:00,71.00099073100046,sda,0.9992563340001652,356339200,30481330176,7904,114471,0,49500160,0,107,0.0,49536998.98187667,888,
71,2026-10-09T15:36:47.791467+00:00,71.00099073100046,sda1,0.9992563340001652,319488,0,78,0,0,0,0,0,0.0,0.0,0,
71,2026-10-09T15:36:47.791467+00:00,71.00099073100046,sda2,0.9992563340001652,326788096,292155392,6594,47602,0,0,0,0,0.0,0.0,0,
71,2026-10-09T15:36:47.791467+00:00,71.00099073100046,sda3,0.9992563340001652,5571584,118784,155,25,0,0,0,0,0.0,0.0,0,
71,2026-10-09T15:36:47.791467+00:00,71.00099073100046,sda4,0.9992563340001652,4657152,0,116,0,0,0,0,0,0.0,0.0,0,
71,2026-10-09T15:36:47.791467+00:00,71.00099073100046,sda5,0.9992563340001652,16548864,30189056000,826,66844,0,49500160,0,107,0.0,49536998.98187667,888,
72,2026-10-09T15:36:48.791697+00:00,72.00107443800061,loop0,1.0002307609993295,374784,0,51,0,0,0,0,0,0.0,0.0,0,
72,2026-10-09T15:36:48.791697+00:00,72.00107443800061,loop1,1.0002307609993295,2107392,0,217,0,0,0,0,0,0.0,0.0,0,
72,2026-10-09T15:36:48.791697+00:00,72.00107443800061,loop2,1.0002307609993295,1106944,0,51,0,0,0,0,0,0.0,0.0,0,
72,2026-10-09T15:36:48.791697+00:00,72.00107443800061,loop3,1.0002307609993295,1141760,0,66,0,0,0,0,0,0.0,0.0,0,
72,2026-10-09T15:36:48.791697+00:00,72.00107443800061,loop4,1.0002307609993295,354304,0,43,0,0,0,0,0,0.0,0.0,0,
72,2026-10-09T15:36:48.791697+00:00,72.00107443800061,loop5,1.0002307609993295,18432,0,12,0,0,0,0,0,0.0,0.0,0,
72,2026-10-09T15:36:48.791697+00:00,72.00107443800061,loop6,1.0002307609993295,0,0,0,0,0,0,0,0,0.0,0.0,0,
72,2026-10-09T15:36:48.791697+00:00,72.00107443800061,loop7,1.0002307609993295,0,0,0,0,0,0,0,0,0.0,0.0,0,
72,2026-10-09T15:36:48.791697+00:00,72.00107443800061,sr0,1.0002307609993295,1536,0,8,0,0,0,0,0,0.0,0.0,0,
72,2026-10-09T15:36:48.791697+00:00,72.00107443800061,sda,1.0002307609993295,356339200,30543417344,7904,114607,0,62087168,0,136,0.0,62072844.00848538,884,
72,2026-10-09T15:36:48.791697+00:00,72.00107443800061,sda1,1.0002307609993295,319488,0,78,0,0,0,0,0,0.0,0.0,0,
72,2026-10-09T15:36:48.791697+00:00,72.00107443800061,sda2,1.0002307609993295,326788096,292155392,6594,47602,0,0,0,0,0.0,0.0,0,
72,2026-10-09T15:36:48.791697+00:00,72.00107443800061,sda3,1.0002307609993295,5571584,118784,155,25,0,0,0,0,0.0,0.0,0,
72,2026-10-09T15:36:48.791697+00:00,72.00107443800061,sda4,1.0002307609993295,4657152,0,116,0,0,0,0,0,0.0,0.0,0,
72,2026-10-09T15:36:48.791697+00:00,72.00107443800061,sda5,1.0002307609993295,16548864,30251143168,826,66980,0,62087168,0,136,0.0,62072844.00848538,884,
73,2026-10-09T15:36:49.791424+00:00,73.00082237600054,loop0,0.9997265110005173,374784,0,51,0,0,0,0,0,0.0,0.0,0,
73,2026-10-09T15:36:49.791424+00:00,73.00082237600054,loop1,0.9997265110005173,2107392,0,217,0,0,0,0,0,0.0,0.0,0,
73,2026-10-09T15:36:49.791424+00:00,73.00082237600054,loop2,0.9997265110005173,1106944,0,51,0,0,0,0,0,0.0,0.0,0,
73,2026-10-09T15:36:49.791424+00:00,73.00082237600054,loop3,0.9997265110005173,1141760,0,66,0,0,0,0,0,0.0,0.0,0,
73,2026-10-09T15:36:49.791424+00:00,73.00082237600054,loop4,0.9997265110005173,354304,0,43,0,0,0,0,0,0.0,0.0,0,
73,2026-10-09T15:36:49.791424+00:00,73.00082237600054,loop5,0.9997265110005173,18432,0,12,0,0,0,0,0,0.0,0.0,0,
73,2026-10-09T15:36:49.791424+00:00,73.00082237600054,loop6,0.9997265110005173,0,0,0,0,0,0,0,0,0.0,0.0,0,
73,2026-10-09T15:36:49.791424+00:00,73.00082237600054,loop7,0.9997265110005173,0,0,0,0,0,0,0,0,0.0,0.0,0,
73,2026-10-09T15:36:49.791424+00:00,73.00082237600054,sr0,0.9997265110005173,1536,0,8,0,0,0,0,0,0.0,0.0,0,
73,2026-10-09T15:36:49.791424+00:00,73.00082237600054,sda,0.9997265110005173,356339200,30601236480,7904,114730,0,57819136,0,123,0.0,57834953.22349222,956,
73,2026-10-09T15:36:49.791424+00:00,73.00082237600054,sda1,0.9997265110005173,319488,0,78,0,0,0,0,0,0.0,0.0,0,
73,2026-10-09T15:36:49.791424+00:00,73.00082237600054,sda2,0.9997265110005173,326788096,292167680,6594,47604,0,12288,0,2,0.0,12291.361552173183,12,
73,2026-10-09T15:36:49.791424+00:00,73.00082237600054,sda3,0.9997265110005173,5571584,118784,155,25,0,0,0,0,0.0,0.0,0,
73,2026-10-09T15:36:49.791424+00:00,73.00082237600054,sda4,0.9997265110005173,4657152,0,116,0,0,0,0,0,0.0,0.0,0,
73,2026-10-09T15:36:49.791424+00:00,73.00082237600054,sda5,0.9997265110005173,16548864,30308950016,826,67101,0,57806848,0,121,0.0,57822661.86194005,944,
74,2026-10-09T15:36:50.791283+00:00,74.00071474800006,loop0,0.9998594009994122,374784,0,51,0,0,0,0,0,0.0,0.0,0,
74,2026-10-09T15:36:50.791283+00:00,74.00071474800006,loop1,0.9998594009994122,2107392,0,217,0,0,0,0,0,0.0,0.0,0,
74,2026-10-09T15:36:50.791283+00:00,74.00071474800006,loop2,0.9998594009994122,1106944,0,51,0,0,0,0,0,0.0,0.0,0,
74,2026-10-09T15:36:50.791283+00:00,74.00071474800006,loop3,0.9998594009994122,1141760,0,66,0,0,0,0,0,0.0,0.0,0,
74,2026-10-09T15:36:50.791283+00:00,74.00071474800006,loop4,0.9998594009994122,354304,0,43,0,0,0,0,0,0.0,0.0,0,
74,2026-10-09T15:36:50.791283+00:00,74.00071474800006,loop5,0.9998594009994122,18432,0,12,0,0,0,0,0,0.0,0.0,0,
74,2026-10-09T15:36:50.791283+00:00,74.00071474800006,loop6,0.9998594009994122,0,0,0,0,0,0,0,0,0.0,0.0,0,
74,2026-10-09T15:36:50.791283+00:00,74.00071474800006,loop7,0.9998594009994122,0,0,0,0,0,0,0,0,0.0,0.0,0,
74,2026-10-09T15:36:50.791283+00:00,74.00071474800006,sr0,0.9998594009994122,1536,0,8,0,0,0,0,0,0.0,0.0,0,
74,2026-10-09T15:36:50.791283+00:00,74.00071474800006,sda,0.9998594009994122,356339200,30658711552,7904,114851,0,57475072,0,121,0.0,57483154.07401344,952,
74,2026-10-09T15:36:50.791283+00:00,74.00071474800006,sda1,0.9998594009994122,319488,0,78,0,0,0,0,0,0.0,0.0,0,
74,2026-10-09T15:36:50.791283+00:00,74.00071474800006,sda2,0.9998594009994122,326788096,292167680,6594,47604,0,0,0,0,0.0,0.0,0,
74,2026-10-09T15:36:50.791283+00:00,74.00071474800006,sda3,0.9998594009994122,5571584,118784,155,25,0,0,0,0,0.0,0.0,0,
74,2026-10-09T15:36:50.791283+00:00,74.00071474800006,sda4,0.9998594009994122,4657152,0,116,0,0,0,0,0,0.0,0.0,0,
74,2026-10-09T15:36:50.791283+00:00,74.00071474800006,sda5,0.9998594009994122,16548864,30366425088,826,67222,0,57475072,0,121,0.0,57483154.07401344,952,
75,2026-10-09T15:36:51.791207+00:00,75.00071603200013,loop0,0.9999235270006466,374784,0,51,0,0,0,0,0,0.0,0.0,0,
75,2026-10-09T15:36:51.791207+00:00,75.00071603200013,loop1,0.9999235270006466,2107392,0,217,0,0,0,0,0,0.0,0.0,0,
75,2026-10-09T15:36:51.791207+00:00,75.00071603200013,loop2,0.9999235270006466,1106944,0,51,0,0,0,0,0,0.0,0.0,0,
75,2026-10-09T15:36:51.791207+00:00,75.00071603200013,loop3,0.9999235270006466,1141760,0,66,0,0,0,0,0,0.0,0.0,0,
75,2026-10-09T15:36:51.791207+00:00,75.00071603200013,loop4,0.9999235270006466,354304,0,43,0,0,0,0,0,0.0,0.0,0,
75,2026-10-09T15:36:51.791207+00:00,75.00071603200013,loop5,0.9999235270006466,18432,0,12,0,0,0,0,0,0.0,0.0,0,
75,2026-10-09T15:36:51.791207+00:00,75.00071603200013,loop6,0.9999235270006466,0,0,0,0,0,0,0,0,0.0,0.0,0,
75,2026-10-09T15:36:51.791207+00:00,75.00071603200013,loop7,0.9999235270006466,0,0,0,0,0,0,0,0,0.0,0.0,0,
75,2026-10-09T15:36:51.791207+00:00,75.00071603200013,sr0,0.9999235270006466,1536,0,8,0,0,0,0,0,0.0,0.0,0,
75,2026-10-09T15:36:51.791207+00:00,75.00071603200013,sda,0.9999235270006466,356339200,30719373312,7904,114979,0,60661760,0,128,0.0,60666399.34151762,1000,
75,2026-10-09T15:36:51.791207+00:00,75.00071603200013,sda1,0.9999235270006466,319488,0,78,0,0,0,0,0,0.0,0.0,0,
75,2026-10-09T15:36:51.791207+00:00,75.00071603200013,sda2,0.9999235270006466,326788096,292167680,6594,47604,0,0,0,0,0.0,0.0,0,
75,2026-10-09T15:36:51.791207+00:00,75.00071603200013,sda3,0.9999235270006466,5571584,118784,155,25,0,0,0,0,0.0,0.0,0,
75,2026-10-09T15:36:51.791207+00:00,75.00071603200013,sda4,0.9999235270006466,4657152,0,116,0,0,0,0,0,0.0,0.0,0,
75,2026-10-09T15:36:51.791207+00:00,75.00071603200013,sda5,0.9999235270006466,16548864,30427086848,826,67350,0,60661760,0,128,0.0,60666399.34151762,1000,
76,2026-10-09T15:36:52.794548+00:00,76.00354110900025,loop0,1.003341437999552,374784,0,51,0,0,0,0,0,0.0,0.0,0,
76,2026-10-09T15:36:52.794548+00:00,76.00354110900025,loop1,1.003341437999552,2107392,0,217,0,0,0,0,0,0.0,0.0,0,
76,2026-10-09T15:36:52.794548+00:00,76.00354110900025,loop2,1.003341437999552,1106944,0,51,0,0,0,0,0,0.0,0.0,0,
76,2026-10-09T15:36:52.794548+00:00,76.00354110900025,loop3,1.003341437999552,1141760,0,66,0,0,0,0,0,0.0,0.0,0,
76,2026-10-09T15:36:52.794548+00:00,76.00354110900025,loop4,1.003341437999552,354304,0,43,0,0,0,0,0,0.0,0.0,0,
76,2026-10-09T15:36:52.794548+00:00,76.00354110900025,loop5,1.003341437999552,18432,0,12,0,0,0,0,0,0.0,0.0,0,
76,2026-10-09T15:36:52.794548+00:00,76.00354110900025,loop6,1.003341437999552,0,0,0,0,0,0,0,0,0.0,0.0,0,
76,2026-10-09T15:36:52.794548+00:00,76.00354110900025,loop7,1.003341437999552,0,0,0,0,0,0,0,0,0.0,0.0,0,
76,2026-10-09T15:36:52.794548+00:00,76.00354110900025,sr0,1.003341437999552,1536,0,8,0,0,0,0,0,0.0,0.0,0,
76,2026-10-09T15:36:52.794548+00:00,76.00354110900025,sda,1.003341437999552,356339200,30776479744,7904,115099,0,57106432,0,120,0.0,56916249.87985944,992,
76,2026-10-09T15:36:52.794548+00:00,76.00354110900025,sda1,1.003341437999552,319488,0,78,0,0,0,0,0,0.0,0.0,0,
76,2026-10-09T15:36:52.794548+00:00,76.00354110900025,sda2,1.003341437999552,326788096,292167680,6594,47604,0,0,0,0,0.0,0.0,0,
76,2026-10-09T15:36:52.794548+00:00,76.00354110900025,sda3,1.003341437999552,5571584,118784,155,25,0,0,0,0,0.0,0.0,0,
76,2026-10-09T15:36:52.794548+00:00,76.00354110900025,sda4,1.003341437999552,4657152,0,116,0,0,0,0,0,0.0,0.0,0,
76,2026-10-09T15:36:52.794548+00:00,76.00354110900025,sda5,1.003341437999552,16548864,30484193280,826,67470,0,57106432,0,120,0.0,56916249.87985944,992,
77,2026-10-09T15:36:53.791805+00:00,77.00114870200014,loop0,0.9972567599998001,374784,0,51,0,0,0,0,0,0.0,0.0,0,
77,2026-10-09T15:36:53.791805+00:00,77.00114870200014,loop1,0.9972567599998001,2107392,0,217,0,0,0,0,0,0.0,0.0,0,
77,2026-10-09T15:36:53.791805+00:00,77.00114870200014,loop2,0.9972567599998001,1106944,0,51,0,0,0,0,0,0.0,0.0,0,
77,2026-10-09T15:36:53.791805+00:00,77.00114870200014,loop3,0.9972567599998001,1141760,0,66,0,0,0,0,0,0.0,0.0,0,
77,2026-10-09T15:36:53.791805+00:00,77.00114870200014,loop4,0.9972567599998001,354304,0,43,0,0,0,0,0,0.0,0.0,0,
77,2026-10-09T15:36:53.791805+00:00,77.00114870200014,loop5,0.9972567599998001,18432,0,12,0,0,0,0,0,0.0,0.0,0,
77,2026-10-09T15:36:53.791805+00:00,77.00114870200014,loop6,0.9972567599998001,0,0,0,0,0,0,0,0,0.0,0.0,0,
77,2026-10-09T15:36:53.791805+00:00,77.00114870200014,loop7,0.9972567599998001,0,0,0,0,0,0,0,0,0.0,0.0,0,
77,2026-10-09T15:36:53.791805+00:00,77.00114870200014,sr0,0.9972567599998001,1536,0,8,0,0,0,0,0,0.0,0.0,0,
77,2026-10-09T15:36:53.791805+00:00,77.00114870200014,sda,0.9972567599998001,356339200,30837809152,7904,115226,0,61329408,0,127,0.0,61498112.08099737,912,
77,2026-10-09T15:36:53.791805+00:00,77.00114870200014,sda1,0.9972567599998001,319488,0,78,0,0,0,0,0,0.0,0.0,0,
77,2026-10-09T15:36:53.791805+00:00,77.00114870200014,sda2,0.9972567599998001,326788096,292167680,6594,47604,0,0,0,0,0.0,0.0,0,
77,2026-10-09T15:36:53.791805+00:00,77.00114870200014,sda3,0.9972567599998001,5571584,118784,155,25,0,0,0,0,0.0,0.0,0,
77,2026-10-09T15:36:53.791805+00:00,77.00114870200014,sda4,0.9972567599998001,4657152,0,116,0,0,0,0,0,0.0,0.0,0,
77,2026-10-09T15:36:53.791805+00:00,77.00114870200014,sda5,0.9972567599998001,16548864,30545522688,826,67597,0,61329408,0,127,0.0,61498112.08099737,912,
78,2026-10-09T15:36:54.791556+00:00,78.00107726799979,loop0,0.9997510660004991,374784,0,51,0,0,0,0,0,0.0,0.0,0,
78,2026-10-09T15:36:54.791556+00:00,78.00107726799979,loop1,0.9997510660004991,2107392,0,217,0,0,0,0,0,0.0,0.0,0,
78,2026-10-09T15:36:54.791556+00:00,78.00107726799979,loop2,0.9997510660004991,1106944,0,51,0,0,0,0,0,0.0,0.0,0,
78,2026-10-09T15:36:54.791556+00:00,78.00107726799979,loop3,0.9997510660004991,1141760,0,66,0,0,0,0,0,0.0,0.0,0,
78,2026-10-09T15:36:54.791556+00:00,78.00107726799979,loop4,0.9997510660004991,354304,0,43,0,0,0,0,0,0.0,0.0,0,
78,2026-10-09T15:36:54.791556+00:00,78.00107726799979,loop5,0.9997510660004991,18432,0,12,0,0,0,0,0,0.0,0.0,0,
78,2026-10-09T15:36:54.791556+00:00,78.00107726799979,loop6,0.9997510660004991,0,0,0,0,0,0,0,0,0.0,0.0,0,
78,2026-10-09T15:36:54.791556+00:00,78.00107726799979,loop7,0.9997510660004991,0,0,0,0,0,0,0,0,0.0,0.0,0,
78,2026-10-09T15:36:54.791556+00:00,78.00107726799979,sr0,0.9997510660004991,1536,0,8,0,0,0,0,0,0.0,0.0,0,
78,2026-10-09T15:36:54.791556+00:00,78.00107726799979,sda,0.9997510660004991,356339200,30899580928,7904,115362,0,61771776,0,136,0.0,61787156.9240909,968,
78,2026-10-09T15:36:54.791556+00:00,78.00107726799979,sda1,0.9997510660004991,319488,0,78,0,0,0,0,0,0.0,0.0,0,
78,2026-10-09T15:36:54.791556+00:00,78.00107726799979,sda2,0.9997510660004991,326788096,292179968,6594,47606,0,12288,0,2,0.0,12291.059662639926,12,
78,2026-10-09T15:36:54.791556+00:00,78.00107726799979,sda3,0.9997510660004991,5571584,118784,155,25,0,0,0,0,0.0,0.0,0,
78,2026-10-09T15:36:54.791556+00:00,78.00107726799979,sda4,0.9997510660004991,4657152,0,116,0,0,0,0,0,0.0,0.0,0,
78,2026-10-09T15:36:54.791556+00:00,78.00107726799979,sda5,0.9997510660004991,16548864,30607282176,826,67731,0,61759488,0,134,0.0,61774865.86442826,960,
79,2026-10-09T15:36:55.791400+00:00,79.00080362400058,loop0,0.999843833000341,374784,0,51,0,0,0,0,0,0.0,0.0,0,
79,2026-10-09T15:36:55.791400+00:00,79.00080362400058,loop1,0.999843833000341,2107392,0,217,0,0,0,0,0,0.0,0.0,0,
79,2026-10-09T15:36:55.791400+00:00,79.00080362400058,loop2,0.999843833000341,1106944,0,51,0,0,0,0,0,0.0,0.0,0,
79,2026-10-09T15:36:55.791400+00:00,79.00080362400058,loop3,0.999843833000341,1141760,0,66,0,0,0,0,0,0.0,0.0,0,
79,2026-10-09T15:36:55.791400+00:00,79.00080362400058,loop4,0.999843833000341,354304,0,43,0,0,0,0,0,0.0,0.0,0,
79,2026-10-09T15:36:55.791400+00:00,79.00080362400058,loop5,0.999843833000341,18432,0,12,0,0,0,0,0,0.0,0.0,0,
79,2026-10-09T15:36:55.791400+00:00,79.00080362400058,loop6,0.999843833000341,0,0,0,0,0,0,0,0,0.0,0.0,0,
79,2026-10-09T15:36:55.791400+00:00,79.00080362400058,loop7,0.999843833000341,0,0,0,0,0,0,0,0,0.0,0.0,0,
79,2026-10-09T15:36:55.791400+00:00,79.00080362400058,sr0,0.999843833000341,1536,0,8,0,0,0,0,0,0.0,0.0,0,
79,2026-10-09T15:36:55.791400+00:00,79.00080362400058,sda,0.999843833000341,356339200,30962683904,7904,115494,0,63102976,0,132,0.0,63112832.141635545,1020,
79,2026-10-09T15:36:55.791400+00:00,79.00080362400058,sda1,0.999843833000341,319488,0,78,0,0,0,0,0,0.0,0.0,0,
79,2026-10-09T15:36:55.791400+00:00,79.00080362400058,sda2,0.999843833000341,326788096,292179968,6594,47606,0,0,0,0,0.0,0.0,0,
79,2026-10-09T15:36:55.791400+00:00,79.00080362400058,sda3,0.999843833000341,5571584,118784,155,25,0,0,0,0,0.0,0.0,0,
79,2026-10-09T15:36:55.791400+00:00,79.00080362400058,sda4,0.999843833000341,4657152,0,116,0,0,0,0,0,0.0,0.0,0,
79,2026-10-09T15:36:55.791400+00:00,79.00080362400058,sda5,0.999843833000341,16548864,30670385152,826,67863,0,63102976,0,132,0.0,63112832.141635545,1020,
80,2026-10-09T15:36:56.791739+00:00,80.00101406400063,loop0,1.0003391329992155,374784,0,51,0,0,0,0,0,0.0,0.0,0,
80,2026-10-09T15:36:56.791739+00:00,80.00101406400063,loop1,1.0003391329992155,2107392,0,217,0,0,0,0,0,0.0,0.0,0,
80,2026-10-09T15:36:56.791739+00:00,80.00101406400063,loop2,1.0003391329992155,1106944,0,51,0,0,0,0,0,0.0,0.0,0,
80,2026-10-09T15:36:56.791739+00:00,80.00101406400063,loop3,1.0003391329992155,1141760,0,66,0,0,0,0,0,0.0,0.0,0,
80,2026-10-09T15:36:56.791739+00:00,80.00101406400063,loop4,1.0003391329992155,354304,0,43,0,0,0,0,0,0.0,0.0,0,
80,2026-10-09T15:36:56.791739+00:00,80.00101406400063,loop5,1.0003391329992155,18432,0,12,0,0,0,0,0,0.0,0.0,0,
80,2026-10-09T15:36:56.791739+00:00,80.00101406400063,loop6,1.0003391329992155,0,0,0,0,0,0,0,0,0.0,0.0,0,
80,2026-10-09T15:36:56.791739+00:00,80.00101406400063,loop7,1.0003391329992155,0,0,0,0,0,0,0,0,0.0,0.0,0,
80,2026-10-09T15:36:56.791739+00:00,80.00101406400063,sr0,1.0003391329992155,1536,0,8,0,0,0,0,0,0.0,0.0,0,
80,2026-10-09T15:36:56.791739+00:00,80.00101406400063,sda,1.0003391329992155,356339200,31023976448,7904,115623,0,61292544,0,129,0.0,61271764.722662374,952,
80,2026-10-09T15:36:56.791739+00:00,80.00101406400063,sda1,1.0003391329992155,319488,0,78,0,0,0,0,0,0.0,0.0,0,
80,2026-10-09T15:36:56.791739+00:00,80.00101406400063,sda2,1.0003391329992155,326788096,292179968,6594,47606,0,0,0,0,0.0,0.0,0,
80,2026-10-09T15:36:56.791739+00:00,80.00101406400063,sda3,1.0003391329992155,5571584,118784,155,25,0,0,0,0,0.0,0.0,0,
80,2026-10-09T15:36:56.791739+00:00,80.00101406400063,sda4,1.0003391329992155,4657152,0,116,0,0,0,0,0,0.0,0.0,0,
80,2026-10-09T15:36:56.791739+00:00,80.00101406400063,sda5,1.0003391329992155,16548864,30731677696,826,67992,0,61292544,0,129,0.0,61271764.722662374,952,
81,2026-10-09T15:36:57.791468+00:00,81.00093555900003,loop0,0.9997285389999888,374784,0,51,0,0,0,0,0,0.0,0.0,0,
81,2026-10-09T15:36:57.791468+00:00,81.00093555900003,loop1,0.9997285389999888,2107392,0,217,0,0,0,0,0,0.0,0.0,0,
81,2026-10-09T15:36:57.791468+00:00,81.00093555900003,loop2,0.9997285389999888,1106944,0,51,0,0,0,0,0,0.0,0.0,0,
81,2026-10-09T15:36:57.791468+00:00,81.00093555900003,loop3,0.9997285389999888,1141760,0,66,0,0,0,0,0,0.0,0.0,0,
81,2026-10-09T15:36:57.791468+00:00,81.00093555900003,loop4,0.9997285389999888,354304,0,43,0,0,0,0,0,0.0,0.0,0,
81,2026-10-09T15:36:57.791468+00:00,81.00093555900003,loop5,0.9997285389999888,18432,0,12,0,0,0,0,0,0.0,0.0,0,
81,2026-10-09T15:36:57.791468+00:00,81.00093555900003,loop6,0.9997285389999888,0,0,0,0,0,0,0,0,0.0,0.0,0,
81,2026-10-09T15:36:57.791468+00:00,81.00093555900003,loop7,0.9997285389999888,0,0,0,0,0,0,0,0,0.0,0.0,0,
81,2026-10-09T15:36:57.791468+00:00,81.00093555900003,sr0,0.9997285389999888,1536,0,8,0,0,0,0,0,0.0,0.0,0,
81,2026-10-09T15:36:57.791468+00:00,81.00093555900003,sda,0.9997285389999888,356339200,31079391232,7904,115738,0,55414784,0,115,0.0,55429831.03736386,924,
81,2026-10-09T15:36:57.791468+00:00,81.00093555900003,sda1,0.9997285389999888,319488,0,78,0,0,0,0,0,0.0,0.0,0,
81,2026-10-09T15:36:57.791468+00:00,81.00093555900003,sda2,0.9997285389999888,326788096,292179968,6594,47606,0,0,0,0,0.0,0.0,0,
81,2026-10-09T15:36:57.791468+00:00,81.00093555900003,sda3,0.9997285389999888,5571584,118784,155,25,0,0,0,0,0.0,0.0,0,
81,2026-10-09T15:36:57.791468+00:00,81.00093555900003,sda4,0.9997285389999888,4657152,0,116,0,0,0,0,0,0.0,0.0,0,
81,2026-10-09T15:36:57.791468+00:00,81.00093555900003,sda5,0.9997285389999888,16548864,30787092480,826,68107,0,55414784,0,115,0.0,55429831.03736386,924,
82,2026-10-09T15:36:58.791463+00:00,82.0008420740005,loop0,0.9999955430002956,374784,0,51,0,0,0,0,0,0.0,0.0,0,
82,2026-10-09T15:36:58.791463+00:00,82.0008420740005,loop1,0.9999955430002956,2107392,0,217,0,0,0,0,0,0.0,0.0,0,
82,2026-10-09T15:36:58.791463+00:00,82.0008420740005,loop2,0.9999955430002956,1106944,0,51,0,0,0,0,0,0.0,0.0,0,
82,2026-10-09T15:36:58.791463+00:00,82.0008420740005,loop3,0.9999955430002956,1141760,0,66,0,0,0,0,0,0.0,0.0,0,
82,2026-10-09T15:36:58.791463+00:00,82.0008420740005,loop4,0.9999955430002956,354304,0,43,0,0,0,0,0,0.0,0.0,0,
82,2026-10-09T15:36:58.791463+00:00,82.0008420740005,loop5,0.9999955430002956,18432,0,12,0,0,0,0,0,0.0,0.0,0,
82,2026-10-09T15:36:58.791463+00:00,82.0008420740005,loop6,0.9999955430002956,0,0,0,0,0,0,0,0,0.0,0.0,0,
82,2026-10-09T15:36:58.791463+00:00,82.0008420740005,loop7,0.9999955430002956,0,0,0,0,0,0,0,0,0.0,0.0,0,
82,2026-10-09T15:36:58.791463+00:00,82.0008420740005,sr0,0.9999955430002956,1536,0,8,0,0,0,0,0,0.0,0.0,0,
82,2026-10-09T15:36:58.791463+00:00,82.0008420740005,sda,0.9999955430002956,356339200,31143849984,7904,115872,0,64458752,0,134,0.0,64459039.29391908,976,
82,2026-10-09T15:36:58.791463+00:00,82.0008420740005,sda1,0.9999955430002956,319488,0,78,0,0,0,0,0,0.0,0.0,0,
82,2026-10-09T15:36:58.791463+00:00,82.0008420740005,sda2,0.9999955430002956,326788096,292179968,6594,47606,0,0,0,0,0.0,0.0,0,
82,2026-10-09T15:36:58.791463+00:00,82.0008420740005,sda3,0.9999955430002956,5571584,118784,155,25,0,0,0,0,0.0,0.0,0,
82,2026-10-09T15:36:58.791463+00:00,82.0008420740005,sda4,0.9999955430002956,4657152,0,116,0,0,0,0,0,0.0,0.0,0,
82,2026-10-09T15:36:58.791463+00:00,82.0008420740005,sda5,0.9999955430002956,16548864,30851551232,826,68241,0,64458752,0,134,0.0,64459039.29391908,976,
83,2026-10-09T15:36:59.791449+00:00,83.0008307550006,loop0,0.9999857350003367,374784,0,51,0,0,0,0,0,0.0,0.0,0,
83,2026-10-09T15:36:59.791449+00:00,83.0008307550006,loop1,0.9999857350003367,2107392,0,217,0,0,0,0,0,0.0,0.0,0,
83,2026-10-09T15:36:59.791449+00:00,83.0008307550006,loop2,0.9999857350003367,1106944,0,51,0,0,0,0,0,0.0,0.0,0,
83,2026-10-09T15:36:59.791449+00:00,83.0008307550006,loop3,0.9999857350003367,1141760,0,66,0,0,0,0,0,0.0,0.0,0,
83,2026-10-09T15:36:59.791449+00:00,83.0008307550006,loop4,0.9999857350003367,354304,0,43,0,0,0,0,0,0.0,0.0,0,
83,2026-10-09T15:36:59.791449+00:00,83.0008307550006,loop5,0.9999857350003367,18432,0,12,0,0,0,0,0,0.0,0.0,0,
83,2026-10-09T15:36:59.791449+00:00,83.0008307550006,loop6,0.9999857350003367,0,0,0,0,0,0,0,0,0.0,0.0,0,
83,2026-10-09T15:36:59.791449+00:00,83.0008307550006,loop7,0.9999857350003367,0,0,0,0,0,0,0,0,0.0,0.0,0,
83,2026-10-09T15:36:59.791449+00:00,83.0008307550006,sr0,0.9999857350003367,1536,0,8,0,0,0,0,0,0.0,0.0,0,
83,2026-10-09T15:36:59.791449+00:00,83.0008307550006,sda,0.9999857350003367,356339200,31199559680,7904,115991,0,55709696,0,119,0.0,55710490.71013122,1012,
83,2026-10-09T15:36:59.791449+00:00,83.0008307550006,sda1,0.9999857350003367,319488,0,78,0,0,0,0,0,0.0,0.0,0,
83,2026-10-09T15:36:59.791449+00:00,83.0008307550006,sda2,0.9999857350003367,326788096,292192256,6594,47608,0,12288,0,2,0.0,12288.175290816385,12,
83,2026-10-09T15:36:59.791449+00:00,83.0008307550006,sda3,0.9999857350003367,5571584,118784,155,25,0,0,0,0,0.0,0.0,0,
83,2026-10-09T15:36:59.791449+00:00,83.0008307550006,sda4,0.9999857350003367,4657152,0,116,0,0,0,0,0,0.0,0.0,0,
83,2026-10-09T15:36:59.791449+00:00,83.0008307550006,sda5,0.9999857350003367,16548864,30907248640,826,68358,0,55697408,0,117,0.0,55698202.534840405,1008,
84,2026-10-09T15:37:00.791423+00:00,84.00076390600043,loop0,0.9999739790000604,374784,0,51,0,0,0,0,0,0.0,0.0,0,
84,2026-10-09T15:37:00.791423+00:00,84.00076390600043,loop1,0.9999739790000604,2107392,0,217,0,0,0,0,0,0.0,0.0,0,
84,2026-10-09T15:37:00.791423+00:00,84.00076390600043,loop2,0.9999739790000604,1106944,0,51,0,0,0,0,0,0.0,0.0,0,
84,2026-10-09T15:37:00.791423+00:00,84.00076390600043,loop3,0.9999739790000604,1141760,0,66,0,0,0,0,0,0.0,0.0,0,
84,2026-10-09T15:37:00.791423+00:00,84.00076390600043,loop4,0.9999739790000604,354304,0,43,0,0,0,0,0,0.0,0.0,0,
84,2026-10-09T15:37:00.791423+00:00,84.00076390600043,loop5,0.9999739790000604,18432,0,12,0,0,0,0,0,0.0,0.0,0,
84,2026-10-09T15:37:00.791423+00:00,84.00076390600043,loop6,0.9999739790000604,0,0,0,0,0,0,0,0,0.0,0.0,0,
84,2026-10-09T15:37:00.791423+00:00,84.00076390600043,loop7,0.9999739790000604,0,0,0,0,0,0,0,0,0.0,0.0,0,
84,2026-10-09T15:37:00.791423+00:00,84.00076390600043,sr0,0.9999739790000604,1536,0,8,0,0,0,0,0,0.0,0.0,0,
84,2026-10-09T15:37:00.791423+00:00,84.00076390600043,sda,0.9999739790000604,356339200,31262351360,7904,116125,0,62791680,0,134,0.0,62793313.94481837,932,
84,2026-10-09T15:37:00.791423+00:00,84.00076390600043,sda1,0.9999739790000604,319488,0,78,0,0,0,0,0,0.0,0.0,0,
84,2026-10-09T15:37:00.791423+00:00,84.00076390600043,sda2,0.9999739790000604,326788096,292192256,6594,47608,0,0,0,0,0.0,0.0,0,
84,2026-10-09T15:37:00.791423+00:00,84.00076390600043,sda3,0.9999739790000604,5571584,118784,155,25,0,0,0,0,0.0,0.0,0,
84,2026-10-09T15:37:00.791423+00:00,84.00076390600043,sda4,0.9999739790000604,4657152,0,116,0,0,0,0,0,0.0,0.0,0,
84,2026-10-09T15:37:00.791423+00:00,84.00076390600043,sda5,0.9999739790000604,16548864,30970040320,826,68492,0,62791680,0,134,0.0,62793313.94481837,932,
85,2026-10-09T15:37:01.791844+00:00,85.00082999400001,loop0,1.0004211890000079,374784,0,51,0,0,0,0,0,0.0,0.0,0,
85,2026-10-09T15:37:01.791844+00:00,85.00082999400001,loop1,1.0004211890000079,2107392,0,217,0,0,0,0,0,0.0,0.0,0,
85,2026-10-09T15:37:01.791844+00:00,85.00082999400001,loop2,1.0004211890000079,1106944,0,51,0,0,0,0,0,0.0,0.0,0,
85,2026-10-09T15:37:01.791844+00:00,85.00082999400001,loop3,1.0004211890000079,1141760,0,66,0,0,0,0,0,0.0,0.0,0,
85,2026-10-09T15:37:01.791844+00:00,85.00082999400001,loop4,1.0004211890000079,354304,0,43,0,0,0,0,0,0.0,0.0,0,
85,2026-10-09T15:37:01.791844+00:00,85.00082999400001,loop5,1.0004211890000079,18432,0,12,0,0,0,0,0,0.0,0.0,0,
85,2026-10-09T15:37:01.791844+00:00,85.00082999400001,loop6,1.0004211890000079,0,0,0,0,0,0,0,0,0.0,0.0,0,
85,2026-10-09T15:37:01.791844+00:00,85.00082999400001,loop7,1.0004211890000079,0,0,0,0,0,0,0,0,0.0,0.0,0,
85,2026-10-09T15:37:01.791844+00:00,85.00082999400001,sr0,1.0004211890000079,1536,0,8,0,0,0,0,0,0.0,0.0,0,
85,2026-10-09T15:37:01.791844+00:00,85.00082999400001,sda,1.0004211890000079,356339200,31321587712,7904,116250,0,59236352,0,125,0.0,59211412.804251924,1036,
85,2026-10-09T15:37:01.791844+00:00,85.00082999400001,sda1,1.0004211890000079,319488,0,78,0,0,0,0,0,0.0,0.0,0,
85,2026-10-09T15:37:01.791844+00:00,85.00082999400001,sda2,1.0004211890000079,326788096,292192256,6594,47608,0,0,0,0,0.0,0.0,0,
85,2026-10-09T15:37:01.791844+00:00,85.00082999400001,sda3,1.0004211890000079,5571584,118784,155,25,0,0,0,0,0.0,0.0,0,
85,2026-10-09T15:37:01.791844+00:00,85.00082999400001,sda4,1.0004211890000079,4657152,0,116,0,0,0,0,0,0.0,0.0,0,
85,2026-10-09T15:37:01.791844+00:00,85.00082999400001,sda5,1.0004211890000079,16548864,31029276672,826,68617,0,59236352,0,125,0.0,59211412.804251924,1036,
86,2026-10-09T15:37:02.791305+00:00,86.00079584000014,loop0,0.9994610369994916,374784,0,51,0,0,0,0,0,0.0,0.0,0,
86,2026-10-09T15:37:02.791305+00:00,86.00079584000014,loop1,0.9994610369994916,2107392,0,217,0,0,0,0,0,0.0,0.0,0,
86,2026-10-09T15:37:02.791305+00:00,86.00079584000014,loop2,0.9994610369994916,1106944,0,51,0,0,0,0,0,0.0,0.0,0,
86,2026-10-09T15:37:02.791305+00:00,86.00079584000014,loop3,0.9994610369994916,1141760,0,66,0,0,0,0,0,0.0,0.0,0,
86,2026-10-09T15:37:02.791305+00:00,86.00079584000014,loop4,0.9994610369994916,354304,0,43,0,0,0,0,0,0.0,0.0,0,
86,2026-10-09T15:37:02.791305+00:00,86.00079584000014,loop5,0.9994610369994916,18432,0,12,0,0,0,0,0,0.0,0.0,0,
86,2026-10-09T15:37:02.791305+00:00,86.00079584000014,loop6,0.9994610369994916,0,0,0,0,0,0,0,0,0.0,0.0,0,
86,2026-10-09T15:37:02.791305+00:00,86.00079584000014,loop7,0.9994610369994916,0,0,0,0,0,0,0,0,0.0,0.0,0,
86,2026-10-09T15:37:02.791305+00:00,86.00079584000014,sr0,0.9994610369994916,1536,0,8,0,0,0,0,0,0.0,0.0,0,
86,2026-10-09T15:37:02.791305+00:00,86.00079584000014,sda,0.9994610369994916,356339200,31375925248,7904,116365,0,54337536,0,115,0.0,54366837.71398248,972,
86,2026-10-09T15:37:02.791305+00:00,86.00079584000014,sda1,0.9994610369994916,319488,0,78,0,0,0,0,0,0.0,0.0,0,
86,2026-10-09T15:37:02.791305+00:00,86.00079584000014,sda2,0.9994610369994916,326788096,292192256,6594,47608,0,0,0,0,0.0,0.0,0,
86,2026-10-09T15:37:02.791305+00:00,86.00079584000014,sda3,0.9994610369994916,5571584,118784,155,25,0,0,0,0,0.0,0.0,0,
86,2026-10-09T15:37:02.791305+00:00,86.00079584000014,sda4,0.9994610369994916,4657152,0,116,0,0,0,0,0,0.0,0.0,0,
86,2026-10-09T15:37:02.791305+00:00,86.00079584000014,sda5,0.9994610369994916,16548864,31083614208,826,68732,0,54337536,0,115,0.0,54366837.71398248,972,
87,2026-10-09T15:37:03.791373+00:00,87.00082014100008,loop0,1.00006735199986,374784,0,51,0,0,0,0,0,0.0,0.0,0,
87,2026-10-09T15:37:03.791373+00:00,87.00082014100008,loop1,1.00006735199986,2107392,0,217,0,0,0,0,0,0.0,0.0,0,
87,2026-10-09T15:37:03.791373+00:00,87.00082014100008,loop2,1.00006735199986,1106944,0,51,0,0,0,0,0,0.0,0.0,0,
87,2026-10-09T15:37:03.791373+00:00,87.00082014100008,loop3,1.00006735199986,1141760,0,66,0,0,0,0,0,0.0,0.0,0,
87,2026-10-09T15:37:03.791373+00:00,87.00082014100008,loop4,1.00006735199986,354304,0,43,0,0,0,0,0,0.0,0.0,0,
87,2026-10-09T15:37:03.791373+00:00,87.00082014100008,loop5,1.00006735199986,18432,0,12,0,0,0,0,0,0.0,0.0,0,
87,2026-10-09T15:37:03.791373+00:00,87.00082014100008,loop6,1.00006735199986,0,0,0,0,0,0,0,0,0.0,0.0,0,
87,2026-10-09T15:37:03.791373+00:00,87.00082014100008,loop7,1.00006735199986,0,0,0,0,0,0,0,0,0.0,0.0,0,
87,2026-10-09T15:37:03.791373+00:00,87.00082014100008,sr0,1.00006735199986,1536,0,8,0,0,0,0,0,0.0,0.0,0,
87,2026-10-09T15:37:03.791373+00:00,87.00082014100008,sda,1.00006735199986,356339200,31438299136,7904,116493,0,62373888,0,128,0.0,62369687.27683126,968,
87,2026-10-09T15:37:03.791373+00:00,87.00082014100008,sda1,1.00006735199986,319488,0,78,0,0,0,0,0,0.0,0.0,0,
87,2026-10-09T15:37:03.791373+00:00,87.00082014100008,sda2,1.00006735199986,326788096,292192256,6594,47608,0,0,0,0,0.0,0.0,0,
87,2026-10-09T15:37:03.791373+00:00,87.00082014100008,sda3,1.00006735199986,5571584,118784,155,25,0,0,0,0,0.0,0.0,0,
87,2026-10-09T15:37:03.791373+00:00,87.00082014100008,sda4,1.00006735199986,4657152,0,116,0,0,0,0,0,0.0,0.0,0,
87,2026-10-09T15:37:03.791373+00:00,87.00082014100008,sda5,1.00006735199986,16548864,31145988096,826,68860,0,62373888,0,128,0.0,62369687.27683126,968,
88,2026-10-09T15:37:04.791849+00:00,88.00122183199983,loop0,1.0004761870004586,374784,0,51,0,0,0,0,0,0.0,0.0,0,
88,2026-10-09T15:37:04.791849+00:00,88.00122183199983,loop1,1.0004761870004586,2107392,0,217,0,0,0,0,0,0.0,0.0,0,
88,2026-10-09T15:37:04.791849+00:00,88.00122183199983,loop2,1.0004761870004586,1106944,0,51,0,0,0,0,0,0.0,0.0,0,
88,2026-10-09T15:37:04.791849+00:00,88.00122183199983,loop3,1.0004761870004586,1141760,0,66,0,0,0,0,0,0.0,0.0,0,
88,2026-10-09T15:37:04.791849+00:00,88.00122183199983,loop4,1.0004761870004586,354304,0,43,0,0,0,0,0,0.0,0.0,0,
88,2026-10-09T15:37:04.791849+00:00,88.00122183199983,loop5,1.0004761870004586,18432,0,12,0,0,0,0,0,0.0,0.0,0,
88,2026-10-09T15:37:04.791849+00:00,88.00122183199983,loop6,1.0004761870004586,0,0,0,0,0,0,0,0,0.0,0.0,0,
88,2026-10-09T15:37:04.791849+00:00,88.00122183199983,loop7,1.0004761870004586,0,0,0,0,0,0,0,0,0.0,0.0,0,
88,2026-10-09T15:37:04.791849+00:00,88.00122183199983,sr0,1.0004761870004586,1536,0,8,0,0,0,0,0,0.0,0.0,0,
88,2026-10-09T15:37:04.791849+00:00,88.00122183199983,sda,1.0004761870004586,356339200,31488106496,7904,116604,0,49807360,0,111,0.0,49783653.671286404,952,
88,2026-10-09T15:37:04.791849+00:00,88.00122183199983,sda1,1.0004761870004586,319488,0,78,0,0,0,0,0,0.0,0.0,0,
88,2026-10-09T15:37:04.791849+00:00,88.00122183199983,sda2,1.0004761870004586,326788096,292204544,6594,47610,0,12288,0,2,0.0,12282.151399166052,12,
88,2026-10-09T15:37:04.791849+00:00,88.00122183199983,sda3,1.0004761870004586,5571584,118784,155,25,0,0,0,0,0.0,0.0,0,
88,2026-10-09T15:37:04.791849+00:00,88.00122183199983,sda4,1.0004761870004586,4657152,0,116,0,0,0,0,0,0.0,0.0,0,
88,2026-10-09T15:37:04.791849+00:00,88.00122183199983,sda5,1.0004761870004586,16548864,31195783168,826,68969,0,49795072,0,109,0.0,49771371.51988723,944,
89,2026-10-09T15:37:05.791405+00:00,89.00082523200035,loop0,0.9995567340001799,374784,0,51,0,0,0,0,0,0.0,0.0,0,
89,2026-10-09T15:37:05.791405+00:00,89.00082523200035,loop1,0.9995567340001799,2107392,0,217,0,0,0,0,0,0.0,0.0,0,
89,2026-10-09T15:37:05.791405+00:00,89.00082523200035,loop2,0.9995567340001799,1106944,0,51,0,0,0,0,0,0.0,0.0,0,
89,2026-10-09T15:37:05.791405+00:00,89.00082523200035,loop3,0.9995567340001799,1141760,0,66,0,0,0,0,0,0.0,0.0,0,
89,2026-10-09T15:37:05.791405+00:00,89.00082523200035,loop4,0.9995567340001799,354304,0,43,0,0,0,0,0,0.0,0.0,0,
89,2026-10-09T15:37:05.791405+00:00,89.00082523200035,loop5,0.9995567340001799,18432,0,12,0,0,0,0,0,0.0,0.0,0,
89,2026-10-09T15:37:05.791405+00:00,89.00082523200035,loop6,0.9995567340001799,0,0,0,0,0,0,0,0,0.0,0.0,0,
89,2026-10-09T15:37:05.791405+00:00,89.00082523200035,loop7,0.9995567340001799,0,0,0,0,0,0,0,0,0.0,0.0,0,
89,2026-10-09T15:37:05.791405+00:00,89.00082523200035,sr0,0.9995567340001799,1536,0,8,0,0,0,0,0,0.0,0.0,0,
89,2026-10-09T15:37:05.791405+00:00,89.00082523200035,sda,0.9995567340001799,356339200,31551201280,7904,116737,0,63094784,0,133,0.0,63122764.17517352,972,
89,2026-10-09T15:37:05.791405+00:00,89.00082523200035,sda1,0.9995567340001799,319488,0,78,0,0,0,0,0,0.0,0.0,0,
89,2026-10-09T15:37:05.791405+00:00,89.00082523200035,sda2,0.9995567340001799,326788096,292204544,6594,47610,0,0,0,0,0.0,0.0,0,
89,2026-10-09T15:37:05.791405+00:00,89.00082523200035,sda3,0.9995567340001799,5571584,118784,155,25,0,0,0,0,0.0,0.0,0,
89,2026-10-09T15:37:05.791405+00:00,89.00082523200035,sda4,0.9995567340001799,4657152,0,116,0,0,0,0,0,0.0,0.0,0,
89,2026-10-09T15:37:05.791405+00:00,89.00082523200035,sda5,0.9995567340001799,16548864,31258877952,826,69102,0,63094784,0,133,0.0,63122764.17517352,972,
90,2026-10-09T15:37:06.791370+00:00,90.00082472299982,loop0,0.9999647669992555,374784,0,51,0,0,0,0,0,0.0,0.0,0,
90,2026-10-09T15:37:06.791370+00:00,90.00082472299982,loop1,0.9999647669992555,2107392,0,217,0,0,0,0,0,0.0,0.0,0,
90,2026-10-09T15:37:06.791370+00:00,90.00082472299982,loop2,0.9999647669992555,1106944,0,51,0,0,0,0,0,0.0,0.0,0,
90,2026-10-09T15:37:06.791370+00:00,90.00082472299982,loop3,0.9999647669992555,1141760,0,66,0,0,0,0,0,0.0,0.0,0,
90,2026-10-09T15:37:06.791370+00:00,90.00082472299982,loop4,0.9999647669992555,354304,0,43,0,0,0,0,0,0.0,0.0,0,
90,2026-10-09T15:37:06.791370+00:00,90.00082472299982,loop5,0.9999647669992555,18432,0,12,0,0,0,0,0,0.0,0.0,0,
90,2026-10-09T15:37:06.791370+00:00,90.00082472299982,loop6,0.9999647669992555,0,0,0,0,0,0,0,0,0.0,0.0,0,
90,2026-10-09T15:37:06.791370+00:00,90.00082472299982,loop7,0.9999647669992555,0,0,0,0,0,0,0,0,0.0,0.0,0,
90,2026-10-09T15:37:06.791370+00:00,90.00082472299982,sr0,0.9999647669992555,1536,0,8,0,0,0,0,0,0.0,0.0,0,
90,2026-10-09T15:37:06.791370+00:00,90.00082472299982,sda,0.9999647669992555,356339200,31614345216,7904,116873,0,63143936,0,136,0.0,63146160.82873149,880,
90,2026-10-09T15:37:06.791370+00:00,90.00082472299982,sda1,0.9999647669992555,319488,0,78,0,0,0,0,0,0.0,0.0,0,
90,2026-10-09T15:37:06.791370+00:00,90.00082472299982,sda2,0.9999647669992555,326788096,292204544,6594,47610,0,0,0,0,0.0,0.0,0,
90,2026-10-09T15:37:06.791370+00:00,90.00082472299982,sda3,0.9999647669992555,5571584,118784,155,25,0,0,0,0,0.0,0.0,0,
90,2026-10-09T15:37:06.791370+00:00,90.00082472299982,sda4,0.9999647669992555,4657152,0,116,0,0,0,0,0,0.0,0.0,0,
90,2026-10-09T15:37:06.791370+00:00,90.00082472299982,sda5,0.9999647669992555,16548864,31322021888,826,69238,0,63143936,0,136,0.0,63146160.82873149,880,
91,2026-10-09T15:37:07.792737+00:00,91.0015596080002,loop0,1.0013664630005223,374784,0,51,0,0,0,0,0,0.0,0.0,0,
91,2026-10-09T15:37:07.792737+00:00,91.0015596080002,loop1,1.0013664630005223,2107392,0,217,0,0,0,0,0,0.0,0.0,0,
91,2026-10-09T15:37:07.792737+00:00,91.0015596080002,loop2,1.0013664630005223,1106944,0,51,0,0,0,0,0,0.0,0.0,0,
91,2026-10-09T15:37:07.792737+00:00,91.0015596080002,loop3,1.0013664630005223,1141760,0,66,0,0,0,0,0,0.0,0.0,0,
91,2026-10-09T15:37:07.792737+00:00,91.0015596080002,loop4,1.0013664630005223,354304,0,43,0,0,0,0,0,0.0,0.0,0,
91,2026-10-09T15:37:07.792737+00:00,91.0015596080002,loop5,1.0013664630005223,18432,0,12,0,0,0,0,0,0.0,0.0,0,
91,2026-10-09T15:37:07.792737+00:00,91.0015596080002,loop6,1.0013664630005223,0,0,0,0,0,0,0,0,0.0,0.0,0,
91,2026-10-09T15:37:07.792737+00:00,91.0015596080002,loop7,1.0013664630005223,0,0,0,0,0,0,0,0,0.0,0.0,0,
91,2026-10-09T15:37:07.792737+00:00,91.0015596080002,sr0,1.0013664630005223,1536,0,8,0,0,0,0,0,0.0,0.0,0,
91,2026-10-09T15:37:07.792737+00:00,91.0015596080002,sda,1.0013664630005223,356339200,31676366848,7904,117003,0,62021632,0,130,0.0,61936997.38471034,968,
91,2026-10-09T15:37:07.792737+00:00,91.0015596080002,sda1,1.0013664630005223,319488,0,78,0,0,0,0,0,0.0,0.0,0,
91,2026-10-09T15:37:07.792737+00:00,91.0015596080002,sda2,1.0013664630005223,326788096,292204544,6594,47610,0,0,0,0,0.0,0.0,0,
91,2026-10-09T15:37:07.792737+00:00,91.0015596080002,sda3,1.0013664630005223,5571584,118784,155,25,0,0,0,0,0.0,0.0,0,
91,2026-10-09T15:37:07.792737+00:00,91.0015596080002,sda4,1.0013664630005223,4657152,0,116,0,0,0,0,0,0.0,0.0,0,
91,2026-10-09T15:37:07.792737+00:00,91.0015596080002,sda5,1.0013664630005223,16548864,31384043520,826,69368,0,62021632,0,130,0.0,61936997.38471034,968,
92,2026-10-09T15:37:08.791810+00:00,92.00127951500053,loop0,0.9990737289999743,374784,0,51,0,0,0,0,0,0.0,0.0,0,
92,2026-10-09T15:37:08.791810+00:00,92.00127951500053,loop1,0.9990737289999743,2107392,0,217,0,0,0,0,0,0.0,0.0,0,
92,2026-10-09T15:37:08.791810+00:00,92.00127951500053,loop2,0.9990737289999743,1106944,0,51,0,0,0,0,0,0.0,0.0,0,
92,2026-10-09T15:37:08.791810+00:00,92.00127951500053,loop3,0.9990737289999743,1141760,0,66,0,0,0,0,0,0.0,0.0,0,
92,2026-10-09T15:37:08.791810+00:00,92.00127951500053,loop4,0.9990737289999743,354304,0,43,0,0,0,0,0,0.0,0.0,0,
92,2026-10-09T15:37:08.791810+00:00,92.00127951500053,loop5,0.9990737289999743,18432,0,12,0,0,0,0,0,0.0,0.0,0,
92,2026-10-09T15:37:08.791810+00:00,92.00127951500053,loop6,0.9990737289999743,0,0,0,0,0,0,0,0,0.0,0.0,0,
92,2026-10-09T15:37:08.791810+00:00,92.00127951500053,loop7,0.9990737289999743,0,0,0,0,0,0,0,0,0.0,0.0,0,
92,2026-10-09T15:37:08.791810+00:00,92.00127951500053,sr0,0.9990737289999743,1536,0,8,0,0,0,0,0,0.0,0.0,0,
92,2026-10-09T15:37:08.791810+00:00,92.00127951500053,sda,0.9990737289999743,356339200,31731011584,7904,117115,0,54644736,0,112,0.0,54695398.76170781,876,
92,2026-10-09T15:37:08.791810+00:00,92.00127951500053,sda1,0.9990737289999743,319488,0,78,0,0,0,0,0,0.0,0.0,0,
92,2026-10-09T15:37:08.791810+00:00,92.00127951500053,sda2,0.9990737289999743,326788096,292225024,6594,47611,0,20480,0,1,0.0,20498.987617760216,124,
92,2026-10-09T15:37:08.791810+00:00,92.00127951500053,sda3,0.9990737289999743,5571584,118784,155,25,0,0,0,0,0.0,0.0,0,
92,2026-10-09T15:37:08.791810+00:00,92.00127951500053,sda4,0.9990737289999743,4657152,0,116,0,0,0,0,0,0.0,0.0,0,
92,2026-10-09T15:37:08.791810+00:00,92.00127951500053,sda5,0.9990737289999743,16548864,31438667776,826,69479,0,54624256,0,111,0.0,54674899.77409005,912,
93,2026-10-09T15:37:09.792087+00:00,93.00152264900044,loop0,1.0002770069995677,374784,0,51,0,0,0,0,0,0.0,0.0,0,
93,2026-10-09T15:37:09.792087+00:00,93.00152264900044,loop1,1.0002770069995677,2107392,0,217,0,0,0,0,0,0.0,0.0,0,
93,2026-10-09T15:37:09.792087+00:00,93.00152264900044,loop2,1.0002770069995677,1106944,0,51,0,0,0,0,0,0.0,0.0,0,
93,2026-10-09T15:37:09.792087+00:00,93.00152264900044,loop3,1.0002770069995677,1141760,0,66,0,0,0,0,0,0.0,0.0,0,
93,2026-10-09T15:37:09.792087+00:00,93.00152264900044,loop4,1.0002770069995677,354304,0,43,0,0,0,0,0,0.0,0.0,0,
93,2026-10-09T15:37:09.792087+00:00,93.00152264900044,loop5,1.0002770069995677,18432,0,12,0,0,0,0,0,0.0,0.0,0,
93,2026-10-09T15:37:09.792087+00:00,93.00152264900044,loop6,1.0002770069995677,0,0,0,0,0,0,0,0,0.0,0.0,0,
93,2026-10-09T15:37:09.792087+00:00,93.00152264900044,loop7,1.0002770069995677,0,0,0,0,0,0,0,0,0.0,0.0,0,
93,2026-10-09T15:37:09.792087+00:00,93.00152264900044,sr0,1.0002770069995677,1536,0,8,0,0,0,0,0,0.0,0.0,0,
93,2026-10-09T15:37:09.792087+00:00,93.00152264900044,sda,1.0002770069995677,356339200,31785013248,7904,117229,0,54001664,0,114,0.0,53986709.30363926,988,
93,2026-10-09T15:37:09.792087+00:00,93.00152264900044,sda1,1.0002770069995677,319488,0,78,0,0,0,0,0,0.0,0.0,0,
93,2026-10-09T15:37:09.792087+00:00,93.00152264900044,sda2,1.0002770069995677,326788096,292225024,6594,47611,0,0,0,0,0.0,0.0,0,
93,2026-10-09T15:37:09.792087+00:00,93.00152264900044,sda3,1.0002770069995677,5571584,118784,155,25,0,0,0,0,0.0,0.0,0,
93,2026-10-09T15:37:09.792087+00:00,93.00152264900044,sda4,1.0002770069995677,4657152,0,116,0,0,0,0,0,0.0,0.0,0,
93,2026-10-09T15:37:09.792087+00:00,93.00152264900044,sda5,1.0002770069995677,16548864,31492669440,826,69593,0,54001664,0,114,0.0,53986709.30363926,988,
94,2026-10-09T15:37:10.791552+00:00,94.00078850200043,loop0,0.9994642730007399,374784,0,51,0,0,0,0,0,0.0,0.0,0,
94,2026-10-09T15:37:10.791552+00:00,94.00078850200043,loop1,0.9994642730007399,2107392,0,217,0,0,0,0,0,0.0,0.0,0,
94,2026-10-09T15:37:10.791552+00:00,94.00078850200043,loop2,0.9994642730007399,1106944,0,51,0,0,0,0,0,0.0,0.0,0,
94,2026-10-09T15:37:10.791552+00:00,94.00078850200043,loop3,0.9994642730007399,1141760,0,66,0,0,0,0,0,0.0,0.0,0,
94,2026-10-09T15:37:10.791552+00:00,94.00078850200043,loop4,0.9994642730007399,354304,0,43,0,0,0,0,0,0.0,0.0,0,
94,2026-10-09T15:37:10.791552+00:00,94.00078850200043,loop5,0.9994642730007399,18432,0,12,0,0,0,0,0,0.0,0.0,0,
94,2026-10-09T15:37:10.791552+00:00,94.00078850200043,loop6,0.9994642730007399,0,0,0,0,0,0,0,0,0.0,0.0,0,
94,2026-10-09T15:37:10.791552+00:00,94.00078850200043,loop7,0.9994642730007399,0,0,0,0,0,0,0,0,0.0,0.0,0,
94,2026-10-09T15:37:10.791552+00:00,94.00078850200043,sr0,0.9994642730007399,1536,0,8,0,0,0,0,0,0.0,0.0,0,
94,2026-10-09T15:37:10.791552+00:00,94.00078850200043,sda,0.9994642730007399,356339200,31837941760,7904,117342,0,52928512,0,113,0.0,52956882.43171531,956,
94,2026-10-09T15:37:10.791552+00:00,94.00078850200043,sda1,0.9994642730007399,319488,0,78,0,0,0,0,0,0.0,0.0,0,
94,2026-10-09T15:37:10.791552+00:00,94.00078850200043,sda2,0.9994642730007399,326788096,292249600,6594,47613,0,24576,0,2,0.0,24589.17308391053,128,
94,2026-10-09T15:37:10.791552+00:00,94.00078850200043,sda3,0.9994642730007399,5571584,118784,155,25,0,0,0,0,0.0,0.0,0,
94,2026-10-09T15:37:10.791552+00:00,94.00078850200043,sda4,0.9994642730007399,4657152,0,116,0,0,0,0,0,0.0,0.0,0,
94,2026-10-09T15:37:10.791552+00:00,94.00078850200043,sda5,0.9994642730007399,16548864,31545573376,826,69704,0,52903936,0,111,0.0,52932293.2586314,956,
95,2026-10-09T15:37:11.791964+00:00,95.00138171300023,loop0,1.0004122069994992,374784,0,51,0,0,0,0,0,0.0,0.0,0,
95,2026-10-09T15:37:11.791964+00:00,95.00138171300023,loop1,1.0004122069994992,2107392,0,217,0,0,0,0,0,0.0,0.0,0,
95,2026-10-09T15:37:11.791964+00:00,95.00138171300023,loop2,1.0004122069994992,1106944,0,51,0,0,0,0,0,0.0,0.0,0,
95,2026-10-09T15:37:11.791964+00:00,95.00138171300023,loop3,1.0004122069994992,1141760,0,66,0,0,0,0,0,0.0,0.0,0,
95,2026-10-09T15:37:11.791964+00:00,95.00138171300023,loop4,1.0004122069994992,354304,0,43,0,0,0,0,0,0.0,0.0,0,
95,2026-10-09T15:37:11.791964+00:00,95.00138171300023,loop5,1.0004122069994992,18432,0,12,0,0,0,0,0,0.0,0.0,0,
95,2026-10-09T15:37:11.791964+00:00,95.00138171300023,loop6,1.0004122069994992,0,0,0,0,0,0,0,0,0.0,0.0,0,
95,2026-10-09T15:37:11.791964+00:00,95.00138171300023,loop7,1.0004122069994992,0,0,0,0,0,0,0,0,0.0,0.0,0,
95,2026-10-09T15:37:11.791964+00:00,95.00138171300023,sr0,1.0004122069994992,1536,0,8,0,0,0,0,0,0.0,0.0,0,
95,2026-10-09T15:37:11.791964+00:00,95.00138171300023,sda,1.0004122069994992,356339200,31837941760,7904,117342,0,0,0,0,0.0,0.0,0,
95,2026-10-09T15:37:11.791964+00:00,95.00138171300023,sda1,1.0004122069994992,319488,0,78,0,0,0,0,0,0.0,0.0,0,
95,2026-10-09T15:37:11.791964+00:00,95.00138171300023,sda2,1.0004122069994992,326788096,292249600,6594,47613,0,0,0,0,0.0,0.0,0,
95,2026-10-09T15:37:11.791964+00:00,95.00138171300023,sda3,1.0004122069994992,5571584,118784,155,25,0,0,0,0,0.0,0.0,0,
95,2026-10-09T15:37:11.791964+00:00,95.00138171300023,sda4,1.0004122069994992,4657152,0,116,0,0,0,0,0,0.0,0.0,0,
95,2026-10-09T15:37:11.791964+00:00,95.00138171300023,sda5,1.0004122069994992,16548864,31545573376,826,69704,0,0,0,0,0.0,0.0,0,
96,2026-10-09T15:37:12.799790+00:00,96.00911065000037,loop0,1.0078259880001497,374784,0,51,0,0,0,0,0,0.0,0.0,0,
96,2026-10-09T15:37:12.799790+00:00,96.00911065000037,loop1,1.0078259880001497,2107392,0,217,0,0,0,0,0,0.0,0.0,0,
96,2026-10-09T15:37:12.799790+00:00,96.00911065000037,loop2,1.0078259880001497,1106944,0,51,0,0,0,0,0,0.0,0.0,0,
96,2026-10-09T15:37:12.799790+00:00,96.00911065000037,loop3,1.0078259880001497,1141760,0,66,0,0,0,0,0,0.0,0.0,0,
96,2026-10-09T15:37:12.799790+00:00,96.00911065000037,loop4,1.0078259880001497,354304,0,43,0,0,0,0,0,0.0,0.0,0,
96,2026-10-09T15:37:12.799790+00:00,96.00911065000037,loop5,1.0078259880001497,18432,0,12,0,0,0,0,0,0.0,0.0,0,
96,2026-10-09T15:37:12.799790+00:00,96.00911065000037,loop6,1.0078259880001497,0,0,0,0,0,0,0,0,0.0,0.0,0,
96,2026-10-09T15:37:12.799790+00:00,96.00911065000037,loop7,1.0078259880001497,0,0,0,0,0,0,0,0,0.0,0.0,0,
96,2026-10-09T15:37:12.799790+00:00,96.00911065000037,sr0,1.0078259880001497,1536,0,8,0,0,0,0,0,0.0,0.0,0,
96,2026-10-09T15:37:12.799790+00:00,96.00911065000037,sda,1.0078259880001497,356339200,31837978624,7904,117347,0,36864,0,5,0.0,36577.74302203698,4,
96,2026-10-09T15:37:12.799790+00:00,96.00911065000037,sda1,1.0078259880001497,319488,0,78,0,0,0,0,0,0.0,0.0,0,
96,2026-10-09T15:37:12.799790+00:00,96.00911065000037,sda2,1.0078259880001497,326788096,292249600,6594,47613,0,0,0,0,0.0,0.0,0,
96,2026-10-09T15:37:12.799790+00:00,96.00911065000037,sda3,1.0078259880001497,5571584,118784,155,25,0,0,0,0,0.0,0.0,0,
96,2026-10-09T15:37:12.799790+00:00,96.00911065000037,sda4,1.0078259880001497,4657152,0,116,0,0,0,0,0,0.0,0.0,0,
96,2026-10-09T15:37:12.799790+00:00,96.00911065000037,sda5,1.0078259880001497,16548864,31545610240,826,69709,0,36864,0,5,0.0,36577.74302203698,4,
97,2026-10-09T15:37:13.791548+00:00,97.0010921940002,loop0,0.9917576609996104,374784,0,51,0,0,0,0,0,0.0,0.0,0,
97,2026-10-09T15:37:13.791548+00:00,97.0010921940002,loop1,0.9917576609996104,2107392,0,217,0,0,0,0,0,0.0,0.0,0,
97,2026-10-09T15:37:13.791548+00:00,97.0010921940002,loop2,0.9917576609996104,1106944,0,51,0,0,0,0,0,0.0,0.0,0,
97,2026-10-09T15:37:13.791548+00:00,97.0010921940002,loop3,0.9917576609996104,1141760,0,66,0,0,0,0,0,0.0,0.0,0,
97,2026-10-09T15:37:13.791548+00:00,97.0010921940002,loop4,0.9917576609996104,354304,0,43,0,0,0,0,0,0.0,0.0,0,
97,2026-10-09T15:37:13.791548+00:00,97.0010921940002,loop5,0.9917576609996104,18432,0,12,0,0,0,0,0,0.0,0.0,0,
97,2026-10-09T15:37:13.791548+00:00,97.0010921940002,loop6,0.9917576609996104,0,0,0,0,0,0,0,0,0.0,0.0,0,
97,2026-10-09T15:37:13.791548+00:00,97.0010921940002,loop7,0.9917576609996104,0,0,0,0,0,0,0,0,0.0,0.0,0,
97,2026-10-09T15:37:13.791548+00:00,97.0010921940002,sr0,0.9917576609996104,1536,0,8,0,0,0,0,0,0.0,0.0,0,
97,2026-10-09T15:37:13.791548+00:00,97.0010921940002,sda,0.9917576609996104,356339200,31837978624,7904,117347,0,0,0,0,0.0,0.0,0,
97,2026-10-09T15:37:13.791548+00:00,97.0010921940002,sda1,0.9917576609996104,319488,0,78,0,0,0,0,0,0.0,0.0,0,
97,2026-10-09T15:37:13.791548+00:00,97.0010921940002,sda2,0.9917576609996104,326788096,292249600,6594,47613,0,0,0,0,0.0,0.0,0,
97,2026-10-09T15:37:13.791548+00:00,97.0010921940002,sda3,0.9917576609996104,5571584,118784,155,25,0,0,0,0,0.0,0.0,0,
97,2026-10-09T15:37:13.791548+00:00,97.0010921940002,sda4,0.9917576609996104,4657152,0,116,0,0,0,0,0,0.0,0.0,0,
97,2026-10-09T15:37:13.791548+00:00,97.0010921940002,sda5,0.9917576609996104,16548864,31545610240,826,69709,0,0,0,0,0.0,0.0,0,
98,2026-10-09T15:37:14.791455+00:00,98.0008123890002,loop0,0.999907997000264,374784,0,51,0,0,0,0,0,0.0,0.0,0,
98,2026-10-09T15:37:14.791455+00:00,98.0008123890002,loop1,0.999907997000264,2107392,0,217,0,0,0,0,0,0.0,0.0,0,
98,2026-10-09T15:37:14.791455+00:00,98.0008123890002,loop2,0.999907997000264,1106944,0,51,0,0,0,0,0,0.0,0.0,0,
98,2026-10-09T15:37:14.791455+00:00,98.0008123890002,loop3,0.999907997000264,1141760,0,66,0,0,0,0,0,0.0,0.0,0,
98,2026-10-09T15:37:14.791455+00:00,98.0008123890002,loop4,0.999907997000264,354304,0,43,0,0,0,0,0,0.0,0.0,0,
98,2026-10-09T15:37:14.791455+00:00,98.0008123890002,loop5,0.999907997000264,18432,0,12,0,0,0,0,0,0.0,0.0,0,
98,2026-10-09T15:37:14.791455+00:00,98.0008123890002,loop6,0.999907997000264,0,0,0,0,0,0,0,0,0.0,0.0,0,
98,2026-10-09T15:37:14.791455+00:00,98.0008123890002,loop7,0.999907997000264,0,0,0,0,0,0,0,0,0.0,0.0,0,
98,2026-10-09T15:37:14.791455+00:00,98.0008123890002,sr0,0.999907997000264,1536,0,8,0,0,0,0,0,0.0,0.0,0,
98,2026-10-09T15:37:14.791455+00:00,98.0008123890002,sda,0.999907997000264,356339200,31837978624,7904,117347,0,0,0,0,0.0,0.0,0,
98,2026-10-09T15:37:14.791455+00:00,98.0008123890002,sda1,0.999907997000264,319488,0,78,0,0,0,0,0,0.0,0.0,0,
98,2026-10-09T15:37:14.791455+00:00,98.0008123890002,sda2,0.999907997000264,326788096,292249600,6594,47613,0,0,0,0,0.0,0.0,0,
98,2026-10-09T15:37:14.791455+00:00,98.0008123890002,sda3,0.999907997000264,5571584,118784,155,25,0,0,0,0,0.0,0.0,0,
98,2026-10-09T15:37:14.791455+00:00,98.0008123890002,sda4,0.999907997000264,4657152,0,116,0,0,0,0,0,0.0,0.0,0,
98,2026-10-09T15:37:14.791455+00:00,98.0008123890002,sda5,0.999907997000264,16548864,31545610240,826,69709,0,0,0,0,0.0,0.0,0,
99,2026-10-09T15:37:15.791884+00:00,99.00134981700012,loop0,1.000428672000453,374784,0,51,0,0,0,0,0,0.0,0.0,0,
99,2026-10-09T15:37:15.791884+00:00,99.00134981700012,loop1,1.000428672000453,2107392,0,217,0,0,0,0,0,0.0,0.0,0,
99,2026-10-09T15:37:15.791884+00:00,99.00134981700012,loop2,1.000428672000453,1106944,0,51,0,0,0,0,0,0.0,0.0,0,
99,2026-10-09T15:37:15.791884+00:00,99.00134981700012,loop3,1.000428672000453,1141760,0,66,0,0,0,0,0,0.0,0.0,0,
99,2026-10-09T15:37:15.791884+00:00,99.00134981700012,loop4,1.000428672000453,354304,0,43,0,0,0,0,0,0.0,0.0,0,
99,2026-10-09T15:37:15.791884+00:00,99.00134981700012,loop5,1.000428672000453,18432,0,12,0,0,0,0,0,0.0,0.0,0,
99,2026-10-09T15:37:15.791884+00:00,99.00134981700012,loop6,1.000428672000453,0,0,0,0,0,0,0,0,0.0,0.0,0,
99,2026-10-09T15:37:15.791884+00:00,99.00134981700012,loop7,1.000428672000453,0,0,0,0,0,0,0,0,0.0,0.0,0,
99,2026-10-09T15:37:15.791884+00:00,99.00134981700012,sr0,1.000428672000453,1536,0,8,0,0,0,0,0,0.0,0.0,0,
99,2026-10-09T15:37:15.791884+00:00,99.00134981700012,sda,1.000428672000453,356339200,31838019584,7904,117352,0,40960,0,5,0.0,40942.44911843296,8,
99,2026-10-09T15:37:15.791884+00:00,99.00134981700012,sda1,1.000428672000453,319488,0,78,0,0,0,0,0,0.0,0.0,0,
99,2026-10-09T15:37:15.791884+00:00,99.00134981700012,sda2,1.000428672000453,326788096,292290560,6594,47618,0,40960,0,5,0.0,40942.44911843296,8,
99,2026-10-09T15:37:15.791884+00:00,99.00134981700012,sda3,1.000428672000453,5571584,118784,155,25,0,0,0,0,0.0,0.0,0,
99,2026-10-09T15:37:15.791884+00:00,99.00134981700012,sda4,1.000428672000453,4657152,0,116,0,0,0,0,0,0.0,0.0,0,
99,2026-10-09T15:37:15.791884+00:00,99.00134981700012,sda5,1.000428672000453,16548864,31545610240,826,69709,0,0,0,0,0.0,0.0,0,
100,2026-10-09T15:37:16.791641+00:00,100.00108826999985,loop0,0.999756762999823,374784,0,51,0,0,0,0,0,0.0,0.0,0,
100,2026-10-09T15:37:16.791641+00:00,100.00108826999985,loop1,0.999756762999823,2107392,0,217,0,0,0,0,0,0.0,0.0,0,
100,2026-10-09T15:37:16.791641+00:00,100.00108826999985,loop2,0.999756762999823,1106944,0,51,0,0,0,0,0,0.0,0.0,0,
100,2026-10-09T15:37:16.791641+00:00,100.00108826999985,loop3,0.999756762999823,1141760,0,66,0,0,0,0,0,0.0,0.0,0,
100,2026-10-09T15:37:16.791641+00:00,100.00108826999985,loop4,0.999756762999823,354304,0,43,0,0,0,0,0,0.0,0.0,0,
100,2026-10-09T15:37:16.791641+00:00,100.00108826999985,loop5,0.999756762999823,18432,0,12,0,0,0,0,0,0.0,0.0,0,
100,2026-10-09T15:37:16.791641+00:00,100.00108826999985,loop6,0.999756762999823,0,0,0,0,0,0,0,0,0.0,0.0,0,
100,2026-10-09T15:37:16.791641+00:00,100.00108826999985,loop7,0.999756762999823,0,0,0,0,0,0,0,0,0.0,0.0,0,
100,2026-10-09T15:37:16.791641+00:00,100.00108826999985,sr0,0.999756762999823,1536,0,8,0,0,0,0,0,0.0,0.0,0,
100,2026-10-09T15:37:16.791641+00:00,100.00108826999985,sda,0.999756762999823,356339200,31839150080,7904,117568,0,1130496,0,216,0.0,1130771.0453569596,64,
100,2026-10-09T15:37:16.791641+00:00,100.00108826999985,sda1,0.999756762999823,319488,0,78,0,0,0,0,0,0.0,0.0,0,
100,2026-10-09T15:37:16.791641+00:00,100.00108826999985,sda2,0.999756762999823,326788096,293355520,6594,47832,0,1064960,0,214,0.0,1065219.1006985852,56,
100,2026-10-09T15:37:16.791641+00:00,100.00108826999985,sda3,0.999756762999823,5571584,118784,155,25,0,0,0,0,0.0,0.0,0,
100,2026-10-09T15:37:16.791641+00:00,100.00108826999985,sda4,0.999756762999823,4657152,0,116,0,0,0,0,0,0.0,0.0,0,
100,2026-10-09T15:37:16.791641+00:00,100.00108826999985,sda5,0.999756762999823,16548864,31545675776,826,69711,0,65536,0,2,0.0,65551.94465837447,8,
101,2026-10-09T15:37:17.792489+00:00,101.00183943299999,loop0,1.0008480540000164,374784,0,51,0,0,0,0,0,0.0,0.0,0,
101,2026-10-09T15:37:17.792489+00:00,101.00183943299999,loop1,1.0008480540000164,2107392,0,217,0,0,0,0,0,0.0,0.0,0,
101,2026-10-09T15:37:17.792489+00:00,101.00183943299999,loop2,1.0008480540000164,1106944,0,51,0,0,0,0,0,0.0,0.0,0,
101,2026-10-09T15:37:17.792489+00:00,101.00183943299999,loop3,1.0008480540000164,1141760,0,66,0,0,0,0,0,0.0,0.0,0,
101,2026-10-09T15:37:17.792489+00:00,101.00183943299999,loop4,1.0008480540000164,354304,0,43,0,0,0,0,0,0.0,0.0,0,
101,2026-10-09T15:37:17.792489+00:00,101.00183943299999,loop5,1.0008480540000164,18432,0,12,0,0,0,0,0,0.0,0.0,0,
101,2026-10-09T15:37:17.792489+00:00,101.00183943299999,loop6,1.0008480540000164,0,0,0,0,0,0,0,0,0.0,0.0,0,
101,2026-10-09T15:37:17.792489+00:00,101.00183943299999,loop7,1.0008480540000164,0,0,0,0,0,0,0,0,0.0,0.0,0,
101,2026-10-09T15:37:17.792489+00:00,101.00183943299999,sr0,1.0008480540000164,1536,0,8,0,0,0,0,0,0.0,0.0,0,
101,2026-10-09T15:37:17.792489+00:00,101.00183943299999,sda,1.0008480540000164,356339200,31839150080,7904,117568,0,0,0,0,0.0,0.0,0,
101,2026-10-09T15:37:17.792489+00:00,101.00183943299999,sda1,1.0008480540000164,319488,0,78,0,0,0,0,0,0.0,0.0,0,
101,2026-10-09T15:37:17.792489+00:00,101.00183943299999,sda2,1.0008480540000164,326788096,293355520,6594,47832,0,0,0,0,0.0,0.0,0,
101,2026-10-09T15:37:17.792489+00:00,101.00183943299999,sda3,1.0008480540000164,5571584,118784,155,25,0,0,0,0,0.0,0.0,0,
101,2026-10-09T15:37:17.792489+00:00,101.00183943299999,sda4,1.0008480540000164,4657152,0,116,0,0,0,0,0,0.0,0.0,0,
101,2026-10-09T15:37:17.792489+00:00,101.00183943299999,sda5,1.0008480540000164,16548864,31545675776,826,69711,0,0,0,0,0.0,0.0,0,
102,2026-10-09T15:37:18.791314+00:00,102.00078587400003,loop0,0.9988253709998389,374784,0,51,0,0,0,0,0,0.0,0.0,0,
102,2026-10-09T15:37:18.791314+00:00,102.00078587400003,loop1,0.9988253709998389,2107392,0,217,0,0,0,0,0,0.0,0.0,0,
102,2026-10-09T15:37:18.791314+00:00,102.00078587400003,loop2,0.9988253709998389,1106944,0,51,0,0,0,0,0,0.0,0.0,0,
102,2026-10-09T15:37:18.791314+00:00,102.00078587400003,loop3,0.9988253709998389,1141760,0,66,0,0,0,0,0,0.0,0.0,0,
102,2026-10-09T15:37:18.791314+00:00,102.00078587400003,loop4,0.9988253709998389,354304,0,43,0,0,0,0,0,0.0,0.0,0,
102,2026-10-09T15:37:18.791314+00:00,102.00078587400003,loop5,0.9988253709998389,18432,0,12,0,0,0,0,0,0.0,0.0,0,
102,2026-10-09T15:37:18.791314+00:00,102.00078587400003,loop6,0.9988253709998389,0,0,0,0,0,0,0,0,0.0,0.0,0,
102,2026-10-09T15:37:18.791314+00:00,102.00078587400003,loop7,0.9988253709998389,0,0,0,0,0,0,0,0,0.0,0.0,0,
102,2026-10-09T15:37:18.791314+00:00,102.00078587400003,sr0,0.9988253709998389,1536,0,8,0,0,0,0,0,0.0,0.0,0,
102,2026-10-09T15:37:18.791314+00:00,102.00078587400003,sda,0.9988253709998389,356339200,31839186944,7904,117572,0,36864,0,4,0.0,36907.35244650283,4,
102,2026-10-09T15:37:18.791314+00:00,102.00078587400003,sda1,0.9988253709998389,319488,0,78,0,0,0,0,0,0.0,0.0,0,
102,2026-10-09T15:37:18.791314+00:00,102.00078587400003,sda2,0.9988253709998389,326788096,293355520,6594,47832,0,0,0,0,0.0,0.0,0,
102,2026-10-09T15:37:18.791314+00:00,102.00078587400003,sda3,0.9988253709998389,5571584,118784,155,25,0,0,0,0,0.0,0.0,0,
102,2026-10-09T15:37:18.791314+00:00,102.00078587400003,sda4,0.9988253709998389,4657152,0,116,0,0,0,0,0,0.0,0.0,0,
102,2026-10-09T15:37:18.791314+00:00,102.00078587400003,sda5,0.9988253709998389,16548864,31545712640,826,69715,0,36864,0,4,0.0,36907.35244650283,4,
103,2026-10-09T15:37:19.791789+00:00,103.00119102200006,loop0,1.0004744520001623,374784,0,51,0,0,0,0,0,0.0,0.0,0,
103,2026-10-09T15:37:19.791789+00:00,103.00119102200006,loop1,1.0004744520001623,2107392,0,217,0,0,0,0,0,0.0,0.0,0,
103,2026-10-09T15:37:19.791789+00:00,103.00119102200006,loop2,1.0004744520001623,1106944,0,51,0,0,0,0,0,0.0,0.0,0,
103,2026-10-09T15:37:19.791789+00:00,103.00119102200006,loop3,1.0004744520001623,1141760,0,66,0,0,0,0,0,0.0,0.0,0,
103,2026-10-09T15:37:19.791789+00:00,103.00119102200006,loop4,1.0004744520001623,354304,0,43,0,0,0,0,0,0.0,0.0,0,
103,2026-10-09T15:37:19.791789+00:00,103.00119102200006,loop5,1.0004744520001623,18432,0,12,0,0,0,0,0,0.0,0.0,0,
103,2026-10-09T15:37:19.791789+00:00,103.00119102200006,loop6,1.0004744520001623,0,0,0,0,0,0,0,0,0.0,0.0,0,
103,2026-10-09T15:37:19.791789+00:00,103.00119102200006,loop7,1.0004744520001623,0,0,0,0,0,0,0,0,0.0,0.0,0,
103,2026-10-09T15:37:19.791789+00:00,103.00119102200006,sr0,1.0004744520001623,1536,0,8,0,0,0,0,0,0.0,0.0,0,
103,2026-10-09T15:37:19.791789+00:00,103.00119102200006,sda,1.0004744520001623,356339200,31839186944,7904,117572,0,0,0,0,0.0,0.0,0,
103,2026-10-09T15:37:19.791789+00:00,103.00119102200006,sda1,1.0004744520001623,319488,0,78,0,0,0,0,0,0.0,0.0,0,
103,2026-10-09T15:37:19.791789+00:00,103.00119102200006,sda2,1.0004744520001623,326788096,293355520,6594,47832,0,0,0,0,0.0,0.0,0,
103,2026-10-09T15:37:19.791789+00:00,103.00119102200006,sda3,1.0004744520001623,5571584,118784,155,25,0,0,0,0,0.0,0.0,0,
103,2026-10-09T15:37:19.791789+00:00,103.00119102200006,sda4,1.0004744520001623,4657152,0,116,0,0,0,0,0,0.0,0.0,0,
103,2026-10-09T15:37:19.791789+00:00,103.00119102200006,sda5,1.0004744520001623,16548864,31545712640,826,69715,0,0,0,0,0.0,0.0,0,
104,2026-10-09T15:37:20.791332+00:00,104.00079963200005,loop0,0.9995436109993534,374784,0,51,0,0,0,0,0,0.0,0.0,0,
104,2026-10-09T15:37:20.791332+00:00,104.00079963200005,loop1,0.9995436109993534,2107392,0,217,0,0,0,0,0,0.0,0.0,0,
104,2026-10-09T15:37:20.791332+00:00,104.00079963200005,loop2,0.9995436109993534,1106944,0,51,0,0,0,0,0,0.0,0.0,0,
104,2026-10-09T15:37:20.791332+00:00,104.00079963200005,loop3,0.9995436109993534,1141760,0,66,0,0,0,0,0,0.0,0.0,0,
104,2026-10-09T15:37:20.791332+00:00,104.00079963200005,loop4,0.9995436109993534,354304,0,43,0,0,0,0,0,0.0,0.0,0,
104,2026-10-09T15:37:20.791332+00:00,104.00079963200005,loop5,0.9995436109993534,18432,0,12,0,0,0,0,0,0.0,0.0,0,
104,2026-10-09T15:37:20.791332+00:00,104.00079963200005,loop6,0.9995436109993534,0,0,0,0,0,0,0,0,0.0,0.0,0,
104,2026-10-09T15:37:20.791332+00:00,104.00079963200005,loop7,0.9995436109993534,0,0,0,0,0,0,0,0,0.0,0.0,0,
104,2026-10-09T15:37:20.791332+00:00,104.00079963200005,sr0,0.9995436109993534,1536,0,8,0,0,0,0,0,0.0,0.0,0,
104,2026-10-09T15:37:20.791332+00:00,104.00079963200005,sda,0.9995436109993534,356339200,31839219712,7904,117574,0,32768,0,2,0.0,32782.96178316646,280,
104,2026-10-09T15:37:20.791332+00:00,104.00079963200005,sda1,0.9995436109993534,319488,0,78,0,0,0,0,0,0.0,0.0,0,
104,2026-10-09T15:37:20.791332+00:00,104.00079963200005,sda2,0.9995436109993534,326788096,293388288,6594,47834,0,32768,0,2,0.0,32782.96178316646,280,
104,2026-10-09T15:37:20.791332+00:00,104.00079963200005,sda3,0.9995436109993534,5571584,118784,155,25,0,0,0,0,0.0,0.0,0,
104,2026-10-09T15:37:20.791332+00:00,104.00079963200005,sda4,0.9995436109993534,4657152,0,116,0,0,0,0,0,0.0,0.0,0,
104,2026-10-09T15:37:20.791332+00:00,104.00079963200005,sda5,0.9995436109993534,16548864,31545712640,826,69715,0,0,0,0,0.0,0.0,0,
105,2026-10-09T15:37:21.797207+00:00,105.00514666599975,loop0,1.005875016000573,374784,0,51,0,0,0,0,0,0.0,0.0,0,
105,2026-10-09T15:37:21.797207+00:00,105.00514666599975,loop1,1.005875016000573,2107392,0,217,0,0,0,0,0,0.0,0.0,0,
105,2026-10-09T15:37:21.797207+00:00,105.00514666599975,loop2,1.005875016000573,1106944,0,51,0,0,0,0,0,0.0,0.0,0,
105,2026-10-09T15:37:21.797207+00:00,105.00514666599975,loop3,1.005875016000573,1141760,0,66,0,0,0,0,0,0.0,0.0,0,
105,2026-10-09T15:37:21.797207+00:00,105.00514666599975,loop4,1.005875016000573,354304,0,43,0,0,0,0,0,0.0,0.0,0,
105,2026-10-09T15:37:21.797207+00:00,105.00514666599975,loop5,1.005875016000573,18432,0,12,0,0,0,0,0,0.0,0.0,0,
105,2026-10-09T15:37:21.797207+00:00,105.00514666599975,loop6,1.005875016000573,0,0,0,0,0,0,0,0,0.0,0.0,0,
105,2026-10-09T15:37:21.797207+00:00,105.00514666599975,loop7,1.005875016000573,0,0,0,0,0,0,0,0,0.0,0.0,0,
105,2026-10-09T15:37:21.797207+00:00,105.00514666599975,sr0,1.005875016000573,1536,0,8,0,0,0,0,0,0.0,0.0,0,
105,2026-10-09T15:37:21.797207+00:00,105.00514666599975,sda,1.005875016000573,356339200,31839260672,7904,117576,0,40960,0,2,0.0,40720.76485492176,12,
105,2026-10-09T15:37:21.797207+00:00,105.00514666599975,sda1,1.005875016000573,319488,0,78,0,0,0,0,0,0.0,0.0,0,
105,2026-10-09T15:37:21.797207+00:00,105.00514666599975,sda2,1.005875016000573,326788096,293388288,6594,47834,0,0,0,0,0.0,0.0,0,
105,2026-10-09T15:37:21.797207+00:00,105.00514666599975,sda3,1.005875016000573,5571584,118784,155,25,0,0,0,0,0.0,0.0,0,
105,2026-10-09T15:37:21.797207+00:00,105.00514666599975,sda4,1.005875016000573,4657152,0,116,0,0,0,0,0,0.0,0.0,0,
105,2026-10-09T15:37:21.797207+00:00,105.00514666599975,sda5,1.005875016000573,16548864,31545753600,826,69717,0,40960,0,2,0.0,40720.76485492176,12,
106,2026-10-09T15:37:22.791472+00:00,106.00093485600064,loop0,0.9942640919998667,374784,0,51,0,0,0,0,0,0.0,0.0,0,
106,2026-10-09T15:37:22.791472+00:00,106.00093485600064,loop1,0.9942640919998667,2107392,0,217,0,0,0,0,0,0.0,0.0,0,
106,2026-10-09T15:37:22.791472+00:00,106.00093485600064,loop2,0.9942640919998667,1106944,0,51,0,0,0,0,0,0.0,0.0,0,
106,2026-10-09T15:37:22.791472+00:00,106.00093485600064,loop3,0.9942640919998667,1141760,0,66,0,0,0,0,0,0.0,0.0,0,
106,2026-10-09T15:37:22.791472+00:00,106.00093485600064,loop4,0.9942640919998667,354304,0,43,0,0,0,0,0,0.0,0.0,0,
106,2026-10-09T15:37:22.791472+00:00,106.00093485600064,loop5,0.9942640919998667,18432,0,12,0,0,0,0,0,0.0,0.0,0,
106,2026-10-09T15:37:22.791472+00:00,106.00093485600064,loop6,0.9942640919998667,0,0,0,0,0,0,0,0,0.0,0.0,0,
106,2026-10-09T15:37:22.791472+00:00,106.00093485600064,loop7,0.9942640919998667,0,0,0,0,0,0,0,0,0.0,0.0,0,
106,2026-10-09T15:37:22.791472+00:00,106.00093485600064,sr0,0.9942640919998667,1536,0,8,0,0,0,0,0,0.0,0.0,0,
106,2026-10-09T15:37:22.791472+00:00,106.00093485600064,sda,0.9942640919998667,356339200,31840313344,7904,117797,0,1052672,0,221,0.0,1058744.8631305306,60,
106,2026-10-09T15:37:22.791472+00:00,106.00093485600064,sda1,0.9942640919998667,319488,0,78,0,0,0,0,0,0.0,0.0,0,
106,2026-10-09T15:37:22.791472+00:00,106.00093485600064,sda2,0.9942640919998667,326788096,294440960,6594,48055,0,1052672,0,221,0.0,1058744.8631305306,60,
106,2026-10-09T15:37:22.791472+00:00,106.00093485600064,sda3,0.9942640919998667,5571584,118784,155,25,0,0,0,0,0.0,0.0,0,
106,2026-10-09T15:37:22.791472+00:00,106.00093485600064,sda4,0.9942640919998667,4657152,0,116,0,0,0,0,0,0.0,0.0,0,
106,2026-10-09T15:37:22.791472+00:00,106.00093485600064,sda5,0.9942640919998667,16548864,31545753600,826,69717,0,0,0,0,0.0,0.0,0,
107,2026-10-09T15:37:23.791483+00:00,107.00087889600036,loop0,1.0000119059995995,374784,0,51,0,0,0,0,0,0.0,0.0,0,
107,2026-10-09T15:37:23.791483+00:00,107.00087889600036,loop1,1.0000119059995995,2107392,0,217,0,0,0,0,0,0.0,0.0,0,
107,2026-10-09T15:37:23.791483+00:00,107.00087889600036,loop2,1.0000119059995995,1106944,0,51,0,0,0,0,0,0.0,0.0,0,
107,2026-10-09T15:37:23.791483+00:00,107.00087889600036,loop3,1.0000119059995995,1141760,0,66,0,0,0,0,0,0.0,0.0,0,
107,2026-10-09T15:37:23.791483+00:00,107.00087889600036,loop4,1.0000119059995995,354304,0,43,0,0,0,0,0,0.0,0.0,0,
107,2026-10-09T15:37:23.791483+00:00,107.00087889600036,loop5,1.0000119059995995,18432,0,12,0,0,0,0,0,0.0,0.0,0,
107,2026-10-09T15:37:23.791483+00:00,107.00087889600036,loop6,1.0000119059995995,0,0,0,0,0,0,0,0,0.0,0.0,0,
107,2026-10-09T15:37:23.791483+00:00,107.00087889600036,loop7,1.0000119059995995,0,0,0,0,0,0,0,0,0.0,0.0,0,
107,2026-10-09T15:37:23.791483+00:00,107.00087889600036,sr0,1.0000119059995995,1536,0,8,0,0,0,0,0,0.0,0.0,0,
107,2026-10-09T15:37:23.791483+00:00,107.00087889600036,sda,1.0000119059995995,356339200,31840313344,7904,117797,0,0,0,0,0.0,0.0,0,
107,2026-10-09T15:37:23.791483+00:00,107.00087889600036,sda1,1.0000119059995995,319488,0,78,0,0,0,0,0,0.0,0.0,0,
107,2026-10-09T15:37:23.791483+00:00,107.00087889600036,sda2,1.0000119059995995,326788096,294440960,6594,48055,0,0,0,0,0.0,0.0,0,
107,2026-10-09T15:37:23.791483+00:00,107.00087889600036,sda3,1.0000119059995995,5571584,118784,155,25,0,0,0,0,0.0,0.0,0,
107,2026-10-09T15:37:23.791483+00:00,107.00087889600036,sda4,1.0000119059995995,4657152,0,116,0,0,0,0,0,0.0,0.0,0,
107,2026-10-09T15:37:23.791483+00:00,107.00087889600036,sda5,1.0000119059995995,16548864,31545753600,826,69717,0,0,0,0,0.0,0.0,0,
108,2026-10-09T15:37:24.791865+00:00,108.00136470899997,loop0,1.0003819160001513,374784,0,51,0,0,0,0,0,0.0,0.0,0,
108,2026-10-09T15:37:24.791865+00:00,108.00136470899997,loop1,1.0003819160001513,2107392,0,217,0,0,0,0,0,0.0,0.0,0,
108,2026-10-09T15:37:24.791865+00:00,108.00136470899997,loop2,1.0003819160001513,1106944,0,51,0,0,0,0,0,0.0,0.0,0,
108,2026-10-09T15:37:24.791865+00:00,108.00136470899997,loop3,1.0003819160001513,1141760,0,66,0,0,0,0,0,0.0,0.0,0,
108,2026-10-09T15:37:24.791865+00:00,108.00136470899997,loop4,1.0003819160001513,354304,0,43,0,0,0,0,0,0.0,0.0,0,
108,2026-10-09T15:37:24.791865+00:00,108.00136470899997,loop5,1.0003819160001513,18432,0,12,0,0,0,0,0,0.0,0.0,0,
108,2026-10-09T15:37:24.791865+00:00,108.00136470899997,loop6,1.0003819160001513,0,0,0,0,0,0,0,0,0.0,0.0,0,
108,2026-10-09T15:37:24.791865+00:00,108.00136470899997,loop7,1.0003819160001513,0,0,0,0,0,0,0,0,0.0,0.0,0,
108,2026-10-09T15:37:24.791865+00:00,108.00136470899997,sr0,1.0003819160001513,1536,0,8,0,0,0,0,0,0.0,0.0,0,
108,2026-10-09T15:37:24.791865+00:00,108.00136470899997,sda,1.0003819160001513,356339200,31840313344,7904,117797,0,0,0,0,0.0,0.0,0,
108,2026-10-09T15:37:24.791865+00:00,108.00136470899997,sda1,1.0003819160001513,319488,0,78,0,0,0,0,0,0.0,0.0,0,
108,2026-10-09T15:37:24.791865+00:00,108.00136470899997,sda2,1.0003819160001513,326788096,294440960,6594,48055,0,0,0,0,0.0,0.0,0,
108,2026-10-09T15:37:24.791865+00:00,108.00136470899997,sda3,1.0003819160001513,5571584,118784,155,25,0,0,0,0,0.0,0.0,0,
108,2026-10-09T15:37:24.791865+00:00,108.00136470899997,sda4,1.0003819160001513,4657152,0,116,0,0,0,0,0,0.0,0.0,0,
108,2026-10-09T15:37:24.791865+00:00,108.00136470899997,sda5,1.0003819160001513,16548864,31545753600,826,69717,0,0,0,0,0.0,0.0,0,
109,2026-10-09T15:37:25.791306+00:00,109.00072254899987,loop0,0.9994403770006102,374784,0,51,0,0,0,0,0,0.0,0.0,0,
109,2026-10-09T15:37:25.791306+00:00,109.00072254899987,loop1,0.9994403770006102,2107392,0,217,0,0,0,0,0,0.0,0.0,0,
109,2026-10-09T15:37:25.791306+00:00,109.00072254899987,loop2,0.9994403770006102,1106944,0,51,0,0,0,0,0,0.0,0.0,0,
109,2026-10-09T15:37:25.791306+00:00,109.00072254899987,loop3,0.9994403770006102,1141760,0,66,0,0,0,0,0,0.0,0.0,0,
109,2026-10-09T15:37:25.791306+00:00,109.00072254899987,loop4,0.9994403770006102,354304,0,43,0,0,0,0,0,0.0,0.0,0,
109,2026-10-09T15:37:25.791306+00:00,109.00072254899987,loop5,0.9994403770006102,18432,0,12,0,0,0,0,0,0.0,0.0,0,
109,2026-10-09T15:37:25.791306+00:00,109.00072254899987,loop6,0.9994403770006102,0,0,0,0,0,0,0,0,0.0,0.0,0,
109,2026-10-09T15:37:25.791306+00:00,109.00072254899987,loop7,0.9994403770006102,0,0,0,0,0,0,0,0,0.0,0.0,0,
109,2026-10-09T15:37:25.791306+00:00,109.00072254899987,sr0,0.9994403770006102,1536,0,8,0,0,0,0,0,0.0,0.0,0,
109,2026-10-09T15:37:25.791306+00:00,109.00072254899987,sda,0.9994403770006102,356339200,31840407552,7904,117810,0,94208,0,13,0.0,94260.75048391054,260,
109,2026-10-09T15:37:25.791306+00:00,109.00072254899987,sda1,0.9994403770006102,319488,0,78,0,0,0,0,0,0.0,0.0,0,
109,2026-10-09T15:37:25.791306+00:00,109.00072254899987,sda2,0.9994403770006102,326788096,294477824,6594,48058,0,36864,0,3,0.0,36884.641493704126,260,
109,2026-10-09T15:37:25.791306+00:00,109.00072254899987,sda3,0.9994403770006102,5571584,118784,155,25,0,0,0,0,0.0,0.0,0,
109,2026-10-09T15:37:25.791306+00:00,109.00072254899987,sda4,0.9994403770006102,4657152,0,116,0,0,0,0,0,0.0,0.0,0,
109,2026-10-09T15:37:25.791306+00:00,109.00072254899987,sda5,0.9994403770006102,16548864,31545810944,826,69727,0,57344,0,10,0.0,57376.10899020642,256,
110,2026-10-09T15:37:26.791446+00:00,110.00091319300009,loop0,1.0001402819998475,374784,0,51,0,0,0,0,0,0.0,0.0,0,
110,2026-10-09T15:37:26.791446+00:00,110.00091319300009,loop1,1.0001402819998475,2107392,0,217,0,0,0,0,0,0.0,0.0,0,
110,2026-10-09T15:37:26.791446+00:00,110.00091319300009,loop2,1.0001402819998475,1106944,0,51,0,0,0,0,0,0.0,0.0,0,
110,2026-10-09T15:37:26.791446+00:00,110.00091319300009,loop3,1.0001402819998475,1141760,0,66,0,0,0,0,0,0.0,0.0,0,
110,2026-10-09T15:37:26.791446+00:00,110.00091319300009,loop4,1.0001402819998475,354304,0,43,0,0,0,0,0,0.0,0.0,0,
110,2026-10-09T15:37:26.791446+00:00,110.00091319300009,loop5,1.0001402819998475,18432,0,12,0,0,0,0,0,0.0,0.0,0,
110,2026-10-09T15:37:26.791446+00:00,110.00091319300009,loop6,1.0001402819998475,0,0,0,0,0,0,0,0,0.0,0.0,0,
110,2026-10-09T15:37:26.791446+00:00,110.00091319300009,loop7,1.0001402819998475,0,0,0,0,0,0,0,0,0.0,0.0,0,
110,2026-10-09T15:37:26.791446+00:00,110.00091319300009,sr0,1.0001402819998475,1536,0,8,0,0,0,0,0,0.0,0.0,0,
110,2026-10-09T15:37:26.791446+00:00,110.00091319300009,sda,1.0001402819998475,356339200,31840407552,7904,117810,0,0,0,0,0.0,0.0,0,
110,2026-10-09T15:37:26.791446+00:00,110.00091319300009,sda1,1.0001402819998475,319488,0,78,0,0,0,0,0,0.0,0.0,0,
110,2026-10-09T15:37:26.791446+00:00,110.00091319300009,sda2,1.0001402819998475,326788096,294477824,6594,48058,0,0,0,0,0.0,0.0,0,
110,2026-10-09T15:37:26.791446+00:00,110.00091319300009,sda3,1.0001402819998475,5571584,118784,155,25,0,0,0,0,0.0,0.0,0,
110,2026-10-09T15:37:26.791446+00:00,110.00091319300009,sda4,1.0001402819998475,4657152,0,116,0,0,0,0,0,0.0,0.0,0,
110,2026-10-09T15:37:26.791446+00:00,110.00091319300009,sda5,1.0001402819998475,16548864,31545810944,826,69727,0,0,0,0,0.0,0.0,0,
111,2026-10-09T15:37:27.791838+00:00,111.00131599100041,loop0,1.0003916759997082,374784,0,51,0,0,0,0,0,0.0,0.0,0,
111,2026-10-09T15:37:27.791838+00:00,111.00131599100041,loop1,1.0003916759997082,2107392,0,217,0,0,0,0,0,0.0,0.0,0,
111,2026-10-09T15:37:27.791838+00:00,111.00131599100041,loop2,1.0003916759997082,1106944,0,51,0,0,0,0,0,0.0,0.0,0,
111,2026-10-09T15:37:27.791838+00:00,111.00131599100041,loop3,1.0003916759997082,1141760,0,66,0,0,0,0,0,0.0,0.0,0,
111,2026-10-09T15:37:27.791838+00:00,111.00131599100041,loop4,1.0003916759997082,354304,0,43,0,0,0,0,0,0.0,0.0,0,
111,2026-10-09T15:37:27.791838+00:00,111.00131599100041,loop5,1.0003916759997082,18432,0,12,0,0,0,0,0,0.0,0.0,0,
111,2026-10-09T15:37:27.791838+00:00,111.00131599100041,loop6,1.0003916759997082,0,0,0,0,0,0,0,0,0.0,0.0,0,
111,2026-10-09T15:37:27.791838+00:00,111.00131599100041,loop7,1.0003916759997082,0,0,0,0,0,0,0,0,0.0,0.0,0,
111,2026-10-09T15:37:27.791838+00:00,111.00131599100041,sr0,1.0003916759997082,1536,0,8,0,0,0,0,0,0.0,0.0,0,
111,2026-10-09T15:37:27.791838+00:00,111.00131599100041,sda,1.0003916759997082,356339200,31840419840,7904,117812,0,12288,0,2,0.0,12283.188969680696,16,
111,2026-10-09T15:37:27.791838+00:00,111.00131599100041,sda1,1.0003916759997082,319488,0,78,0,0,0,0,0,0.0,0.0,0,
111,2026-10-09T15:37:27.791838+00:00,111.00131599100041,sda2,1.0003916759997082,326788096,294477824,6594,48058,0,0,0,0,0.0,0.0,0,
111,2026-10-09T15:37:27.791838+00:00,111.00131599100041,sda3,1.0003916759997082,5571584,118784,155,25,0,0,0,0,0.0,0.0,0,
111,2026-10-09T15:37:27.791838+00:00,111.00131599100041,sda4,1.0003916759997082,4657152,0,116,0,0,0,0,0,0.0,0.0,0,
111,2026-10-09T15:37:27.791838+00:00,111.00131599100041,sda5,1.0003916759997082,16548864,31545823232,826,69729,0,12288,0,2,0.0,12283.188969680696,16,
112,2026-10-09T15:37:28.791487+00:00,112.00085681900055,loop0,0.9996495840005082,374784,0,51,0,0,0,0,0,0.0,0.0,0,
112,2026-10-09T15:37:28.791487+00:00,112.00085681900055,loop1,0.9996495840005082,2107392,0,217,0,0,0,0,0,0.0,0.0,0,
112,2026-10-09T15:37:28.791487+00:00,112.00085681900055,loop2,0.9996495840005082,1106944,0,51,0,0,0,0,0,0.0,0.0,0,
112,2026-10-09T15:37:28.791487+00:00,112.00085681900055,loop3,0.9996495840005082,1141760,0,66,0,0,0,0,0,0.0,0.0,0,
112,2026-10-09T15:37:28.791487+00:00,112.00085681900055,loop4,0.9996495840005082,354304,0,43,0,0,0,0,0,0.0,0.0,0,
112,2026-10-09T15:37:28.791487+00:00,112.00085681900055,loop5,0.9996495840005082,18432,0,12,0,0,0,0,0,0.0,0.0,0,
112,2026-10-09T15:37:28.791487+00:00,112.00085681900055,loop6,0.9996495840005082,0,0,0,0,0,0,0,0,0.0,0.0,0,
112,2026-10-09T15:37:28.791487+00:00,112.00085681900055,loop7,0.9996495840005082,0,0,0,0,0,0,0,0,0.0,0.0,0,
112,2026-10-09T15:37:28.791487+00:00,112.00085681900055,sr0,0.9996495840005082,1536,0,8,0,0,0,0,0,0.0,0.0,0,
112,2026-10-09T15:37:28.791487+00:00,112.00085681900055,sda,0.9996495840005082,356339200,31840419840,7904,117812,0,0,0,0,0.0,0.0,0,
112,2026-10-09T15:37:28.791487+00:00,112.00085681900055,sda1,0.9996495840005082,319488,0,78,0,0,0,0,0,0.0,0.0,0,
112,2026-10-09T15:37:28.791487+00:00,112.00085681900055,sda2,0.9996495840005082,326788096,294477824,6594,48058,0,0,0,0,0.0,0.0,0,
112,2026-10-09T15:37:28.791487+00:00,112.00085681900055,sda3,0.9996495840005082,5571584,118784,155,25,0,0,0,0,0.0,0.0,0,
112,2026-10-09T15:37:28.791487+00:00,112.00085681900055,sda4,0.9996495840005082,4657152,0,116,0,0,0,0,0,0.0,0.0,0,
112,2026-10-09T15:37:28.791487+00:00,112.00085681900055,sda5,0.9996495840005082,16548864,31545823232,826,69729,0,0,0,0,0.0,0.0,0,
113,2026-10-09T15:37:29.791249+00:00,113.00078521700016,loop0,0.9997619089999716,374784,0,51,0,0,0,0,0,0.0,0.0,0,
113,2026-10-09T15:37:29.791249+00:00,113.00078521700016,loop1,0.9997619089999716,2107392,0,217,0,0,0,0,0,0.0,0.0,0,
113,2026-10-09T15:37:29.791249+00:00,113.00078521700016,loop2,0.9997619089999716,1106944,0,51,0,0,0,0,0,0.0,0.0,0,
113,2026-10-09T15:37:29.791249+00:00,113.00078521700016,loop3,0.9997619089999716,1141760,0,66,0,0,0,0,0,0.0,0.0,0,
113,2026-10-09T15:37:29.791249+00:00,113.00078521700016,loop4,0.9997619089999716,354304,0,43,0,0,0,0,0,0.0,0.0,0,
113,2026-10-09T15:37:29.791249+00:00,113.00078521700016,loop5,0.9997619089999716,18432,0,12,0,0,0,0,0,0.0,0.0,0,
113,2026-10-09T15:37:29.791249+00:00,113.00078521700016,loop6,0.9997619089999716,0,0,0,0,0,0,0,0,0.0,0.0,0,
113,2026-10-09T15:37:29.791249+00:00,113.00078521700016,loop7,0.9997619089999716,0,0,0,0,0,0,0,0,0.0,0.0,0,
113,2026-10-09T15:37:29.791249+00:00,113.00078521700016,sr0,0.9997619089999716,1536,0,8,0,0,0,0,0,0.0,0.0,0,
113,2026-10-09T15:37:29.791249+00:00,113.00078521700016,sda,0.9997619089999716,356339200,31840419840,7904,117812,0,0,0,0,0.0,0.0,0,
113,2026-10-09T15:37:29.791249+00:00,113.00078521700016,sda1,0.9997619089999716,319488,0,78,0,0,0,0,0,0.0,0.0,0,
113,2026-10-09T15:37:29.791249+00:00,113.00078521700016,sda2,0.9997619089999716,326788096,294477824,6594,48058,0,0,0,0,0.0,0.0,0,
113,2026-10-09T15:37:29.791249+00:00,113.00078521700016,sda3,0.9997619089999716,5571584,118784,155,25,0,0,0,0,0.0,0.0,0,
113,2026-10-09T15:37:29.791249+00:00,113.00078521700016,sda4,0.9997619089999716,4657152,0,116,0,0,0,0,0,0.0,0.0,0,
113,2026-10-09T15:37:29.791249+00:00,113.00078521700016,sda5,0.9997619089999716,16548864,31545823232,826,69729,0,0,0,0,0.0,0.0,0,
114,2026-10-09T15:37:30.791786+00:00,114.001253249,loop0,1.0005368299998736,374784,0,51,0,0,0,0,0,0.0,0.0,0,
114,2026-10-09T15:37:30.791786+00:00,114.001253249,loop1,1.0005368299998736,2107392,0,217,0,0,0,0,0,0.0,0.0,0,
114,2026-10-09T15:37:30.791786+00:00,114.001253249,loop2,1.0005368299998736,1106944,0,51,0,0,0,0,0,0.0,0.0,0,
114,2026-10-09T15:37:30.791786+00:00,114.001253249,loop3,1.0005368299998736,1141760,0,66,0,0,0,0,0,0.0,0.0,0,
114,2026-10-09T15:37:30.791786+00:00,114.001253249,loop4,1.0005368299998736,354304,0,43,0,0,0,0,0,0.0,0.0,0,
114,2026-10-09T15:37:30.791786+00:00,114.001253249,loop5,1.0005368299998736,18432,0,12,0,0,0,0,0,0.0,0.0,0,
114,2026-10-09T15:37:30.791786+00:00,114.001253249,loop6,1.0005368299998736,0,0,0,0,0,0,0,0,0.0,0.0,0,
114,2026-10-09T15:37:30.791786+00:00,114.001253249,loop7,1.0005368299998736,0,0,0,0,0,0,0,0,0.0,0.0,0,
114,2026-10-09T15:37:30.791786+00:00,114.001253249,sr0,1.0005368299998736,1536,0,8,0,0,0,0,0,0.0,0.0,0,
114,2026-10-09T15:37:30.791786+00:00,114.001253249,sda,1.0005368299998736,356339200,31840444416,7904,117814,0,24576,0,2,0.0,24562.81394459323,8,
114,2026-10-09T15:37:30.791786+00:00,114.001253249,sda1,1.0005368299998736,319488,0,78,0,0,0,0,0,0.0,0.0,0,
114,2026-10-09T15:37:30.791786+00:00,114.001253249,sda2,1.0005368299998736,326788096,294502400,6594,48060,0,24576,0,2,0.0,24562.81394459323,8,
114,2026-10-09T15:37:30.791786+00:00,114.001253249,sda3,1.0005368299998736,5571584,118784,155,25,0,0,0,0,0.0,0.0,0,
114,2026-10-09T15:37:30.791786+00:00,114.001253249,sda4,1.0005368299998736,4657152,0,116,0,0,0,0,0,0.0,0.0,0,
114,2026-10-09T15:37:30.791786+00:00,114.001253249,sda5,1.0005368299998736,16548864,31545823232,826,69729,0,0,0,0,0.0,0.0,0,
115,2026-10-09T15:37:31.792452+00:00,115.00182660300015,loop0,1.0006659359996775,374784,0,51,0,0,0,0,0,0.0,0.0,0,
115,2026-10-09T15:37:31.792452+00:00,115.00182660300015,loop1,1.0006659359996775,2107392,0,217,0,0,0,0,0,0.0,0.0,0,
115,2026-10-09T15:37:31.792452+00:00,115.00182660300015,loop2,1.0006659359996775,1106944,0,51,0,0,0,0,0,0.0,0.0,0,
115,2026-10-09T15:37:31.792452+00:00,115.00182660300015,loop3,1.0006659359996775,1141760,0,66,0,0,0,0,0,0.0,0.0,0,
115,2026-10-09T15:37:31.792452+00:00,115.00182660300015,loop4,1.0006659359996775,354304,0,43,0,0,0,0,0,0.0,0.0,0,
115,2026-10-09T15:37:31.792452+00:00,115.00182660300015,loop5,1.0006659359996775,18432,0,12,0,0,0,0,0,0.0,0.0,0,
115,2026-10-09T15:37:31.792452+00:00,115.00182660300015,loop6,1.0006659359996775,0,0,0,0,0,0,0,0,0.0,0.0,0,
115,2026-10-09T15:37:31.792452+00:00,115.00182660300015,loop7,1.0006659359996775,0,0,0,0,0,0,0,0,0.0,0.0,0,
115,2026-10-09T15:37:31.792452+00:00,115.00182660300015,sr0,1.0006659359996775,1536,0,8,0,0,0,0,0,0.0,0.0,0,
115,2026-10-09T15:37:31.792452+00:00,115.00182660300015,sda,1.0006659359996775,356339200,31840444416,7904,117814,0,0,0,0,0.0,0.0,0,
115,2026-10-09T15:37:31.792452+00:00,115.00182660300015,sda1,1.0006659359996775,319488,0,78,0,0,0,0,0,0.0,0.0,0,
115,2026-10-09T15:37:31.792452+00:00,115.00182660300015,sda2,1.0006659359996775,326788096,294502400,6594,48060,0,0,0,0,0.0,0.0,0,
115,2026-10-09T15:37:31.792452+00:00,115.00182660300015,sda3,1.0006659359996775,5571584,118784,155,25,0,0,0,0,0.0,0.0,0,
115,2026-10-09T15:37:31.792452+00:00,115.00182660300015,sda4,1.0006659359996775,4657152,0,116,0,0,0,0,0,0.0,0.0,0,
115,2026-10-09T15:37:31.792452+00:00,115.00182660300015,sda5,1.0006659359996775,16548864,31545823232,826,69729,0,0,0,0,0.0,0.0,0,
116,2026-10-09T15:37:32.792128+00:00,116.00159728200015,loop0,0.9996756070004267,374784,0,51,0,0,0,0,0,0.0,0.0,0,
116,2026-10-09T15:37:32.792128+00:00,116.00159728200015,loop1,0.9996756070004267,2107392,0,217,0,0,0,0,0,0.0,0.0,0,
116,2026-10-09T15:37:32.792128+00:00,116.00159728200015,loop2,0.9996756070004267,1106944,0,51,0,0,0,0,0,0.0,0.0,0,
116,2026-10-09T15:37:32.792128+00:00,116.00159728200015,loop3,0.9996756070004267,1141760,0,66,0,0,0,0,0,0.0,0.0,0,
116,2026-10-09T15:37:32.792128+00:00,116.00159728200015,loop4,0.9996756070004267,354304,0,43,0,0,0,0,0,0.0,0.0,0,
116,2026-10-09T15:37:32.792128+00:00,116.00159728200015,loop5,0.9996756070004267,18432,0,12,0,0,0,0,0,0.0,0.0,0,
116,2026-10-09T15:37:32.792128+00:00,116.00159728200015,loop6,0.9996756070004267,0,0,0,0,0,0,0,0,0.0,0.0,0,
116,2026-10-09T15:37:32.792128+00:00,116.00159728200015,loop7,0.9996756070004267,0,0,0,0,0,0,0,0,0.0,0.0,0,
116,2026-10-09T15:37:32.792128+00:00,116.00159728200015,sr0,0.9996756070004267,1536,0,8,0,0,0,0,0,0.0,0.0,0,
116,2026-10-09T15:37:32.792128+00:00,116.00159728200015,sda,0.9996756070004267,356339200,31840444416,7904,117814,0,0,0,0,0.0,0.0,0,
116,2026-10-09T15:37:32.792128+00:00,116.00159728200015,sda1,0.9996756070004267,319488,0,78,0,0,0,0,0,0.0,0.0,0,
116,2026-10-09T15:37:32.792128+00:00,116.00159728200015,sda2,0.9996756070004267,326788096,294502400,6594,48060,0,0,0,0,0.0,0.0,0,
116,2026-10-09T15:37:32.792128+00:00,116.00159728200015,sda3,0.9996756070004267,5571584,118784,155,25,0,0,0,0,0.0,0.0,0,
116,2026-10-09T15:37:32.792128+00:00,116.00159728200015,sda4,0.9996756070004267,4657152,0,116,0,0,0,0,0,0.0,0.0,0,
116,2026-10-09T15:37:32.792128+00:00,116.00159728200015,sda5,0.9996756070004267,16548864,31545823232,826,69729,0,0,0,0,0.0,0.0,0,
117,2026-10-09T15:37:33.791506+00:00,117.0009348829999,loop0,0.9993783249992703,374784,0,51,0,0,0,0,0,0.0,0.0,0,
117,2026-10-09T15:37:33.791506+00:00,117.0009348829999,loop1,0.9993783249992703,2107392,0,217,0,0,0,0,0,0.0,0.0,0,
117,2026-10-09T15:37:33.791506+00:00,117.0009348829999,loop2,0.9993783249992703,1106944,0,51,0,0,0,0,0,0.0,0.0,0,
117,2026-10-09T15:37:33.791506+00:00,117.0009348829999,loop3,0.9993783249992703,1141760,0,66,0,0,0,0,0,0.0,0.0,0,
117,2026-10-09T15:37:33.791506+00:00,117.0009348829999,loop4,0.9993783249992703,354304,0,43,0,0,0,0,0,0.0,0.0,0,
117,2026-10-09T15:37:33.791506+00:00,117.0009348829999,loop5,0.9993783249992703,18432,0,12,0,0,0,0,0,0.0,0.0,0,
117,2026-10-09T15:37:33.791506+00:00,117.0009348829999,loop6,0.9993783249992703,0,0,0,0,0,0,0,0,0.0,0.0,0,
117,2026-10-09T15:37:33.791506+00:00,117.0009348829999,loop7,0.9993783249992703,0,0,0,0,0,0,0,0,0.0,0.0,0,
117,2026-10-09T15:37:33.791506+00:00,117.0009348829999,sr0,0.9993783249992703,1536,0,8,0,0,0,0,0,0.0,0.0,0,
117,2026-10-09T15:37:33.791506+00:00,117.0009348829999,sda,0.9993783249992703,356339200,31840456704,7904,117816,0,12288,0,2,0.0,12295.643894427041,8,
117,2026-10-09T15:37:33.791506+00:00,117.0009348829999,sda1,0.9993783249992703,319488,0,78,0,0,0,0,0,0.0,0.0,0,
117,2026-10-09T15:37:33.791506+00:00,117.0009348829999,sda2,0.9993783249992703,326788096,294502400,6594,48060,0,0,0,0,0.0,0.0,0,
117,2026-10-09T15:37:33.791506+00:00,117.0009348829999,sda3,0.9993783249992703,5571584,118784,155,25,0,0,0,0,0.0,0.0,0,
117,2026-10-09T15:37:33.791506+00:00,117.0009348829999,sda4,0.9993783249992703,4657152,0,116,0,0,0,0,0,0.0,0.0,0,
117,2026-10-09T15:37:33.791506+00:00,117.0009348829999,sda5,0.9993783249992703,16548864,31545835520,826,69731,0,12288,0,2,0.0,12295.643894427041,8,
118,2026-10-09T15:37:34.791369+00:00,118.00082698599999,loop0,0.9998629340007028,374784,0,51,0,0,0,0,0,0.0,0.0,0,
118,2026-10-09T15:37:34.791369+00:00,118.00082698599999,loop1,0.9998629340007028,2107392,0,217,0,0,0,0,0,0.0,0.0,0,
118,2026-10-09T15:37:34.791369+00:00,118.00082698599999,loop2,0.9998629340007028,1106944,0,51,0,0,0,0,0,0.0,0.0,0,
118,2026-10-09T15:37:34.791369+00:00,118.00082698599999,loop3,0.9998629340007028,1141760,0,66,0,0,0,0,0,0.0,0.0,0,
118,2026-10-09T15:37:34.791369+00:00,118.00082698599999,loop4,0.9998629340007028,354304,0,43,0,0,0,0,0,0.0,0.0,0,
118,2026-10-09T15:37:34.791369+00:00,118.00082698599999,loop5,0.9998629340007028,18432,0,12,0,0,0,0,0,0.0,0.0,0,
118,2026-10-09T15:37:34.791369+00:00,118.00082698599999,loop6,0.9998629340007028,0,0,0,0,0,0,0,0,0.0,0.0,0,
118,2026-10-09T15:37:34.791369+00:00,118.00082698599999,loop7,0.9998629340007028,0,0,0,0,0,0,0,0,0.0,0.0,0,
118,2026-10-09T15:37:34.791369+00:00,118.00082698599999,sr0,0.9998629340007028,1536,0,8,0,0,0,0,0,0.0,0.0,0,
118,2026-10-09T15:37:34.791369+00:00,118.00082698599999,sda,0.9998629340007028,356339200,31840456704,7904,117816,0,0,0,0,0.0,0.0,0,
118,2026-10-09T15:37:34.791369+00:00,118.00082698599999,sda1,0.9998629340007028,319488,0,78,0,0,0,0,0,0.0,0.0,0,
118,2026-10-09T15:37:34.791369+00:00,118.00082698599999,sda2,0.9998629340007028,326788096,294502400,6594,48060,0,0,0,0,0.0,0.0,0,
118,2026-10-09T15:37:34.791369+00:00,118.00082698599999,sda3,0.9998629340007028,5571584,118784,155,25,0,0,0,0,0.0,0.0,0,
118,2026-10-09T15:37:34.791369+00:00,118.00082698599999,sda4,0.9998629340007028,4657152,0,116,0,0,0,0,0,0.0,0.0,0,
118,2026-10-09T15:37:34.791369+00:00,118.00082698599999,sda5,0.9998629340007028,16548864,31545835520,826,69731,0,0,0,0,0.0,0.0,0,
119,2026-10-09T15:37:35.791394+00:00,119.00076668800011,loop0,1.0000255689992628,374784,0,51,0,0,0,0,0,0.0,0.0,0,
119,2026-10-09T15:37:35.791394+00:00,119.00076668800011,loop1,1.0000255689992628,2107392,0,217,0,0,0,0,0,0.0,0.0,0,
119,2026-10-09T15:37:35.791394+00:00,119.00076668800011,loop2,1.0000255689992628,1106944,0,51,0,0,0,0,0,0.0,0.0,0,
119,2026-10-09T15:37:35.791394+00:00,119.00076668800011,loop3,1.0000255689992628,1141760,0,66,0,0,0,0,0,0.0,0.0,0,
119,2026-10-09T15:37:35.791394+00:00,119.00076668800011,loop4,1.0000255689992628,354304,0,43,0,0,0,0,0,0.0,0.0,0,
119,2026-10-09T15:37:35.791394+00:00,119.00076668800011,loop5,1.0000255689992628,18432,0,12,0,0,0,0,0,0.0,0.0,0,
119,2026-10-09T15:37:35.791394+00:00,119.00076668800011,loop6,1.0000255689992628,0,0,0,0,0,0,0,0,0.0,0.0,0,
119,2026-10-09T15:37:35.791394+00:00,119.00076668800011,loop7,1.0000255689992628,0,0,0,0,0,0,0,0,0.0,0.0,0,
119,2026-10-09T15:37:35.791394+00:00,119.00076668800011,sr0,1.0000255689992628,1536,0,8,0,0,0,0,0,0.0,0.0,0,
119,2026-10-09T15:37:35.791394+00:00,119.00076668800011,sda,1.0000255689992628,356339200,31840481280,7904,117818,0,24576,0,2,0.0,24575.37163234085,4,
119,2026-10-09T15:37:35.791394+00:00,119.00076668800011,sda1,1.0000255689992628,319488,0,78,0,0,0,0,0,0.0,0.0,0,
119,2026-10-09T15:37:35.791394+00:00,119.00076668800011,sda2,1.0000255689992628,326788096,294526976,6594,48062,0,24576,0,2,0.0,24575.37163234085,4,
119,2026-10-09T15:37:35.791394+00:00,119.00076668800011,sda3,1.0000255689992628,5571584,118784,155,25,0,0,0,0,0.0,0.0,0,
119,2026-10-09T15:37:35.791394+00:00,119.00076668800011,sda4,1.0000255689992628,4657152,0,116,0,0,0,0,0,0.0,0.0,0,
119,2026-10-09T15:37:35.791394+00:00,119.00076668800011,sda5,1.0000255689992628,16548864,31545835520,826,69731,0,0,0,0,0.0,0.0,0,
120,2026-10-09T15:37:36.791238+00:00,120.00076078100028,loop0,0.9998436780006159,374784,0,51,0,0,0,0,0,0.0,0.0,0,
120,2026-10-09T15:37:36.791238+00:00,120.00076078100028,loop1,0.9998436780006159,2107392,0,217,0,0,0,0,0,0.0,0.0,0,
120,2026-10-09T15:37:36.791238+00:00,120.00076078100028,loop2,0.9998436780006159,1106944,0,51,0,0,0,0,0,0.0,0.0,0,
120,2026-10-09T15:37:36.791238+00:00,120.00076078100028,loop3,0.9998436780006159,1141760,0,66,0,0,0,0,0,0.0,0.0,0,
120,2026-10-09T15:37:36.791238+00:00,120.00076078100028,loop4,0.9998436780006159,354304,0,43,0,0,0,0,0,0.0,0.0,0,
120,2026-10-09T15:37:36.791238+00:00,120.00076078100028,loop5,0.9998436780006159,18432,0,12,0,0,0,0,0,0.0,0.0,0,
120,2026-10-09T15:37:36.791238+00:00,120.00076078100028,loop6,0.9998436780006159,0,0,0,0,0,0,0,0,0.0,0.0,0,
120,2026-10-09T15:37:36.791238+00:00,120.00076078100028,loop7,0.9998436780006159,0,0,0,0,0,0,0,0,0.0,0.0,0,
120,2026-10-09T15:37:36.791238+00:00,120.00076078100028,sr0,0.9998436780006159,1536,0,8,0,0,0,0,0,0.0,0.0,0,
120,2026-10-09T15:37:36.791238+00:00,120.00076078100028,sda,0.9998436780006159,356339200,31840481280,7904,117818,0,0,0,0,0.0,0.0,0,
120,2026-10-09T15:37:36.791238+00:00,120.00076078100028,sda1,0.9998436780006159,319488,0,78,0,0,0,0,0,0.0,0.0,0,
120,2026-10-09T15:37:36.791238+00:00,120.00076078100028,sda2,0.9998436780006159,326788096,294526976,6594,48062,0,0,0,0,0.0,0.0,0,
120,2026-10-09T15:37:36.791238+00:00,120.00076078100028,sda3,0.9998436780006159,5571584,118784,155,25,0,0,0,0,0.0,0.0,0,
120,2026-10-09T15:37:36.791238+00:00,120.00076078100028,sda4,0.9998436780006159,4657152,0,116,0,0,0,0,0,0.0,0.0,0,
120,2026-10-09T15:37:36.791238+00:00,120.00076078100028,sda5,0.9998436780006159,16548864,31545835520,826,69731,0,0,0,0,0.0,0.0,0,
121,2026-10-09T15:37:37.791224+00:00,121.00075559400011,loop0,0.9999860889993215,374784,0,51,0,0,0,0,0,0.0,0.0,0,
121,2026-10-09T15:37:37.791224+00:00,121.00075559400011,loop1,0.9999860889993215,2107392,0,217,0,0,0,0,0,0.0,0.0,0,
121,2026-10-09T15:37:37.791224+00:00,121.00075559400011,loop2,0.9999860889993215,1106944,0,51,0,0,0,0,0,0.0,0.0,0,
121,2026-10-09T15:37:37.791224+00:00,121.00075559400011,loop3,0.9999860889993215,1141760,0,66,0,0,0,0,0,0.0,0.0,0,
121,2026-10-09T15:37:37.791224+00:00,121.00075559400011,loop4,0.9999860889993215,354304,0,43,0,0,0,0,0,0.0,0.0,0,
121,2026-10-09T15:37:37.791224+00:00,121.00075559400011,loop5,0.9999860889993215,18432,0,12,0,0,0,0,0,0.0,0.0,0,
121,2026-10-09T15:37:37.791224+00:00,121.00075559400011,loop6,0.9999860889993215,0,0,0,0,0,0,0,0,0.0,0.0,0,
121,2026-10-09T15:37:37.791224+00:00,121.00075559400011,loop7,0.9999860889993215,0,0,0,0,0,0,0,0,0.0,0.0,0,
121,2026-10-09T15:37:37.791224+00:00,121.00075559400011,sr0,0.9999860889993215,1536,0,8,0,0,0,0,0,0.0,0.0,0,
121,2026-10-09T15:37:37.791224+00:00,121.00075559400011,sda,0.9999860889993215,356339200,31840481280,7904,117818,0,0,0,0,0.0,0.0,0,
121,2026-10-09T15:37:37.791224+00:00,121.00075559400011,sda1,0.9999860889993215,319488,0,78,0,0,0,0,0,0.0,0.0,0,
121,2026-10-09T15:37:37.791224+00:00,121.00075559400011,sda2,0.9999860889993215,326788096,294526976,6594,48062,0,0,0,0,0.0,0.0,0,
121,2026-10-09T15:37:37.791224+00:00,121.00075559400011,sda3,0.9999860889993215,5571584,118784,155,25,0,0,0,0,0.0,0.0,0,
121,2026-10-09T15:37:37.791224+00:00,121.00075559400011,sda4,0.9999860889993215,4657152,0,116,0,0,0,0,0,0.0,0.0,0,
121,2026-10-09T15:37:37.791224+00:00,121.00075559400011,sda5,0.9999860889993215,16548864,31545835520,826,69731,0,0,0,0,0.0,0.0,0,
122,2026-10-09T15:37:38.792351+00:00,122.0018256960002,loop0,1.0011270430004515,374784,0,51,0,0,0,0,0,0.0,0.0,0,
122,2026-10-09T15:37:38.792351+00:00,122.0018256960002,loop1,1.0011270430004515,2107392,0,217,0,0,0,0,0,0.0,0.0,0,
122,2026-10-09T15:37:38.792351+00:00,122.0018256960002,loop2,1.0011270430004515,1106944,0,51,0,0,0,0,0,0.0,0.0,0,
122,2026-10-09T15:37:38.792351+00:00,122.0018256960002,loop3,1.0011270430004515,1141760,0,66,0,0,0,0,0,0.0,0.0,0,
122,2026-10-09T15:37:38.792351+00:00,122.0018256960002,loop4,1.0011270430004515,354304,0,43,0,0,0,0,0,0.0,0.0,0,
122,2026-10-09T15:37:38.792351+00:00,122.0018256960002,loop5,1.0011270430004515,18432,0,12,0,0,0,0,0,0.0,0.0,0,
122,2026-10-09T15:37:38.792351+00:00,122.0018256960002,loop6,1.0011270430004515,0,0,0,0,0,0,0,0,0.0,0.0,0,
122,2026-10-09T15:37:38.792351+00:00,122.0018256960002,loop7,1.0011270430004515,0,0,0,0,0,0,0,0,0.0,0.0,0,
122,2026-10-09T15:37:38.792351+00:00,122.0018256960002,sr0,1.0011270430004515,1536,0,8,0,0,0,0,0,0.0,0.0,0,
122,2026-10-09T15:37:38.792351+00:00,122.0018256960002,sda,1.0011270430004515,356339200,31840493568,7904,117820,0,12288,0,2,0.0,12274.16648657493,8,
122,2026-10-09T15:37:38.792351+00:00,122.0018256960002,sda1,1.0011270430004515,319488,0,78,0,0,0,0,0,0.0,0.0,0,
122,2026-10-09T15:37:38.792351+00:00,122.0018256960002,sda2,1.0011270430004515,326788096,294526976,6594,48062,0,0,0,0,0.0,0.0,0,
122,2026-10-09T15:37:38.792351+00:00,122.0018256960002,sda3,1.0011270430004515,5571584,118784,155,25,0,0,0,0,0.0,0.0,0,
122,2026-10-09T15:37:38.792351+00:00,122.0018256960002,sda4,1.0011270430004515,4657152,0,116,0,0,0,0,0,0.0,0.0,0,
122,2026-10-09T15:37:38.792351+00:00,122.0018256960002,sda5,1.0011270430004515,16548864,31545847808,826,69733,0,12288,0,2,0.0,12274.16648657493,8,
123,2026-10-09T15:37:39.791320+00:00,123.0007655520003,loop0,0.9989684029997079,374784,0,51,0,0,0,0,0,0.0,0.0,0,
123,2026-10-09T15:37:39.791320+00:00,123.0007655520003,loop1,0.9989684029997079,2107392,0,217,0,0,0,0,0,0.0,0.0,0,
123,2026-10-09T15:37:39.791320+00:00,123.0007655520003,loop2,0.9989684029997079,1106944,0,51,0,0,0,0,0,0.0,0.0,0,
123,2026-10-09T15:37:39.791320+00:00,123.0007655520003,loop3,0.9989684029997079,1141760,0,66,0,0,0,0,0,0.0,0.0,0,
123,2026-10-09T15:37:39.791320+00:00,123.0007655520003,loop4,0.9989684029997079,354304,0,43,0,0,0,0,0,0.0,0.0,0,
123,2026-10-09T15:37:39.791320+00:00,123.0007655520003,loop5,0.9989684029997079,18432,0,12,0,0,0,0,0,0.0,0.0,0,
123,2026-10-09T15:37:39.791320+00:00,123.0007655520003,loop6,0.9989684029997079,0,0,0,0,0,0,0,0,0.0,0.0,0,
123,2026-10-09T15:37:39.791320+00:00,123.0007655520003,loop7,0.9989684029997079,0,0,0,0,0,0,0,0,0.0,0.0,0,
123,2026-10-09T15:37:39.791320+00:00,123.0007655520003,sr0,0.9989684029997079,1536,0,8,0,0,0,0,0,0.0,0.0,0,
123,2026-10-09T15:37:39.791320+00:00,123.0007655520003,sda,0.9989684029997079,356339200,31840497664,7904,117821,0,4096,0,1,0.0,4100.229784746452,4,
123,2026-10-09T15:37:39.791320+00:00,123.0007655520003,sda1,0.9989684029997079,319488,0,78,0,0,0,0,0,0.0,0.0,0,
123,2026-10-09T15:37:39.791320+00:00,123.0007655520003,sda2,0.9989684029997079,326788096,294531072,6594,48063,0,4096,0,1,0.0,4100.229784746452,4,
123,2026-10-09T15:37:39.791320+00:00,123.0007655520003,sda3,0.9989684029997079,5571584,118784,155,25,0,0,0,0,0.0,0.0,0,
123,2026-10-09T15:37:39.791320+00:00,123.0007655520003,sda4,0.9989684029997079,4657152,0,116,0,0,0,0,0,0.0,0.0,0,
123,2026-10-09T15:37:39.791320+00:00,123.0007655520003,sda5,0.9989684029997079,16548864,31545847808,826,69733,0,0,0,0,0.0,0.0,0,
124,2026-10-09T15:37:40.792059+00:00,124.00096681800005,loop0,1.0007395100001304,374784,0,51,0,0,0,0,0,0.0,0.0,0,
124,2026-10-09T15:37:40.792059+00:00,124.00096681800005,loop1,1.0007395100001304,2107392,0,217,0,0,0,0,0,0.0,0.0,0,
124,2026-10-09T15:37:40.792059+00:00,124.00096681800005,loop2,1.0007395100001304,1106944,0,51,0,0,0,0,0,0.0,0.0,0,
124,2026-10-09T15:37:40.792059+00:00,124.00096681800005,loop3,1.0007395100001304,1141760,0,66,0,0,0,0,0,0.0,0.0,0,
124,2026-10-09T15:37:40.792059+00:00,124.00096681800005,loop4,1.0007395100001304,354304,0,43,0,0,0,0,0,0.0,0.0,0,
124,2026-10-09T15:37:40.792059+00:00,124.00096681800005,loop5,1.0007395100001304,18432,0,12,0,0,0,0,0,0.0,0.0,0,
124,2026-10-09T15:37:40.792059+00:00,124.00096681800005,loop6,1.0007395100001304,0,0,0,0,0,0,0,0,0.0,0.0,0,
124,2026-10-09T15:37:40.792059+00:00,124.00096681800005,loop7,1.0007395100001304,0,0,0,0,0,0,0,0,0.0,0.0,0,
124,2026-10-09T15:37:40.792059+00:00,124.00096681800005,sr0,1.0007395100001304,1536,0,8,0,0,0,0,0,0.0,0.0,0,
124,2026-10-09T15:37:40.792059+00:00,124.00096681800005,sda,1.0007395100001304,356339200,31840522240,7904,117823,0,24576,0,2,0.0,24557.839232306116,8,
124,2026-10-09T15:37:40.792059+00:00,124.00096681800005,sda1,1.0007395100001304,319488,0,78,0,0,0,0,0,0.0,0.0,0,
124,2026-10-09T15:37:40.792059+00:00,124.00096681800005,sda2,1.0007395100001304,326788096,294555648,6594,48065,0,24576,0,2,0.0,24557.839232306116,8,
124,2026-10-09T15:37:40.792059+00:00,124.00096681800005,sda3,1.0007395100001304,5571584,118784,155,25,0,0,0,0,0.0,0.0,0,
124,2026-10-09T15:37:40.792059+00:00,124.00096681800005,sda4,1.0007395100001304,4657152,0,116,0,0,0,0,0,0.0,0.0,0,
124,2026-10-09T15:37:40.792059+00:00,124.00096681800005,sda5,1.0007395100001304,16548864,31545847808,826,69733,0,0,0,0,0.0,0.0,0,
125,2026-10-09T15:37:41.791822+00:00,125.00129562799975,loop0,0.9997628609999083,374784,0,51,0,0,0,0,0,0.0,0.0,0,
125,2026-10-09T15:37:41.791822+00:00,125.00129562799975,loop1,0.9997628609999083,2107392,0,217,0,0,0,0,0,0.0,0.0,0,
125,2026-10-09T15:37:41.791822+00:00,125.00129562799975,loop2,0.9997628609999083,1106944,0,51,0,0,0,0,0,0.0,0.0,0,
125,2026-10-09T15:37:41.791822+00:00,125.00129562799975,loop3,0.9997628609999083,1141760,0,66,0,0,0,0,0,0.0,0.0,0,
125,2026-10-09T15:37:41.791822+00:00,125.00129562799975,loop4,0.9997628609999083,354304,0,43,0,0,0,0,0,0.0,0.0,0,
125,2026-10-09T15:37:41.791822+00:00,125.00129562799975,loop5,0.9997628609999083,18432,0,12,0,0,0,0,0,0.0,0.0,0,
125,2026-10-09T15:37:41.791822+00:00,125.00129562799975,loop6,0.9997628609999083,0,0,0,0,0,0,0,0,0.0,0.0,0,
125,2026-10-09T15:37:41.791822+00:00,125.00129562799975,loop7,0.9997628609999083,0,0,0,0,0,0,0,0,0.0,0.0,0,
125,2026-10-09T15:37:41.791822+00:00,125.00129562799975,sr0,0.9997628609999083,1536,0,8,0,0,0,0,0,0.0,0.0,0,
125,2026-10-09T15:37:41.791822+00:00,125.00129562799975,sda,0.9997628609999083,356339200,31840534528,7904,117826,0,12288,0,3,0.0,12290.914655211549,4,
125,2026-10-09T15:37:41.791822+00:00,125.00129562799975,sda1,0.9997628609999083,319488,0,78,0,0,0,0,0,0.0,0.0,0,
125,2026-10-09T15:37:41.791822+00:00,125.00129562799975,sda2,0.9997628609999083,326788096,294567936,6594,48068,0,12288,0,3,0.0,12290.914655211549,4,
125,2026-10-09T15:37:41.791822+00:00,125.00129562799975,sda3,0.9997628609999083,5571584,118784,155,25,0,0,0,0,0.0,0.0,0,
125,2026-10-09T15:37:41.791822+00:00,125.00129562799975,sda4,0.9997628609999083,4657152,0,116,0,0,0,0,0,0.0,0.0,0,
125,2026-10-09T15:37:41.791822+00:00,125.00129562799975,sda5,0.9997628609999083,16548864,31545847808,826,69733,0,0,0,0,0.0,0.0,0,
126,2026-10-09T15:37:42.791805+00:00,126.00127627799975,loop0,0.9999831800005268,374784,0,51,0,0,0,0,0,0.0,0.0,0,
126,2026-10-09T15:37:42.791805+00:00,126.00127627799975,loop1,0.9999831800005268,2107392,0,217,0,0,0,0,0,0.0,0.0,0,
126,2026-10-09T15:37:42.791805+00:00,126.00127627799975,loop2,0.9999831800005268,1106944,0,51,0,0,0,0,0,0.0,0.0,0,
126,2026-10-09T15:37:42.791805+00:00,126.00127627799975,loop3,0.9999831800005268,1141760,0,66,0,0,0,0,0,0.0,0.0,0,
126,2026-10-09T15:37:42.791805+00:00,126.00127627799975,loop4,0.9999831800005268,354304,0,43,0,0,0,0,0,0.0,0.0,0,
126,2026-10-09T15:37:42.791805+00:00,126.00127627799975,loop5,0.9999831800005268,18432,0,12,0,0,0,0,0,0.0,0.0,0,
126,2026-10-09T15:37:42.791805+00:00,126.00127627799975,loop6,0.9999831800005268,0,0,0,0,0,0,0,0,0.0,0.0,0,
126,2026-10-09T15:37:42.791805+00:00,126.00127627799975,loop7,0.9999831800005268,0,0,0,0,0,0,0,0,0.0,0.0,0,
126,2026-10-09T15:37:42.791805+00:00,126.00127627799975,sr0,0.9999831800005268,1536,0,8,0,0,0,0,0,0.0,0.0,0,
126,2026-10-09T15:37:42.791805+00:00,126.00127627799975,sda,0.9999831800005268,356339200,31840559104,7904,117828,0,24576,0,2,0.0,24576.413375260025,4,
126,2026-10-09T15:37:42.791805+00:00,126.00127627799975,sda1,0.9999831800005268,319488,0,78,0,0,0,0,0,0.0,0.0,0,
126,2026-10-09T15:37:42.791805+00:00,126.00127627799975,sda2,0.9999831800005268,326788096,294592512,6594,48070,0,24576,0,2,0.0,24576.413375260025,4,
126,2026-10-09T15:37:42.791805+00:00,126.00127627799975,sda3,0.9999831800005268,5571584,118784,155,25,0,0,0,0,0.0,0.0,0,
126,2026-10-09T15:37:42.791805+00:00,126.00127627799975,sda4,0.9999831800005268,4657152,0,116,0,0,0,0,0,0.0,0.0,0,
126,2026-10-09T15:37:42.791805+00:00,126.00127627799975,sda5,0.9999831800005268,16548864,31545847808,826,69733,0,0,0,0,0.0,0.0,0,
127,2026-10-09T15:37:43.791200+00:00,127.00072258199998,loop0,0.9993949409999914,374784,0,51,0,0,0,0,0,0.0,0.0,0,
127,2026-10-09T15:37:43.791200+00:00,127.00072258199998,loop1,0.9993949409999914,2107392,0,217,0,0,0,0,0,0.0,0.0,0,
127,2026-10-09T15:37:43.791200+00:00,127.00072258199998,loop2,0.9993949409999914,1106944,0,51,0,0,0,0,0,0.0,0.0,0,
127,2026-10-09T15:37:43.791200+00:00,127.00072258199998,loop3,0.9993949409999914,1141760,0,66,0,0,0,0,0,0.0,0.0,0,
127,2026-10-09T15:37:43.791200+00:00,127.00072258199998,loop4,0.9993949409999914,354304,0,43,0,0,0,0,0,0.0,0.0,0,
127,2026-10-09T15:37:43.791200+00:00,127.00072258199998,loop5,0.9993949409999914,18432,0,12,0,0,0,0,0,0.0,0.0,0,
127,2026-10-09T15:37:43.791200+00:00,127.00072258199998,loop6,0.9993949409999914,0,0,0,0,0,0,0,0,0.0,0.0,0,
127,2026-10-09T15:37:43.791200+00:00,127.00072258199998,loop7,0.9993949409999914,0,0,0,0,0,0,0,0,0.0,0.0,0,
127,2026-10-09T15:37:43.791200+00:00,127.00072258199998,sr0,0.9993949409999914,1536,0,8,0,0,0,0,0,0.0,0.0,0,
127,2026-10-09T15:37:43.791200+00:00,127.00072258199998,sda,0.9993949409999914,356339200,31840559104,7904,117828,0,0,0,0,0.0,0.0,0,
127,2026-10-09T15:37:43.791200+00:00,127.00072258199998,sda1,0.9993949409999914,319488,0,78,0,0,0,0,0,0.0,0.0,0,
127,2026-10-09T15:37:43.791200+00:00,127.00072258199998,sda2,0.9993949409999914,326788096,294592512,6594,48070,0,0,0,0,0.0,0.0,0,
127,2026-10-09T15:37:43.791200+00:00,127.00072258199998,sda3,0.9993949409999914,5571584,118784,155,25,0,0,0,0,0.0,0.0,0,
127,2026-10-09T15:37:43.791200+00:00,127.00072258199998,sda4,0.9993949409999914,4657152,0,116,0,0,0,0,0,0.0,0.0,0,
127,2026-10-09T15:37:43.791200+00:00,127.00072258199998,sda5,0.9993949409999914,16548864,31545847808,826,69733,0,0,0,0,0.0,0.0,0,
128,2026-10-09T15:37:44.792969+00:00,128.00237021200064,loop0,1.00176892699983,374784,0,51,0,0,0,0,0,0.0,0.0,0,
128,2026-10-09T15:37:44.792969+00:00,128.00237021200064,loop1,1.00176892699983,2107392,0,217,0,0,0,0,0,0.0,0.0,0,
128,2026-10-09T15:37:44.792969+00:00,128.00237021200064,loop2,1.00176892699983,1106944,0,51,0,0,0,0,0,0.0,0.0,0,
128,2026-10-09T15:37:44.792969+00:00,128.00237021200064,loop3,1.00176892699983,1141760,0,66,0,0,0,0,0,0.0,0.0,0,
128,2026-10-09T15:37:44.792969+00:00,128.00237021200064,loop4,1.00176892699983,354304,0,43,0,0,0,0,0,0.0,0.0,0,
128,2026-10-09T15:37:44.792969+00:00,128.00237021200064,loop5,1.00176892699983,18432,0,12,0,0,0,0,0,0.0,0.0,0,
128,2026-10-09T15:37:44.792969+00:00,128.00237021200064,loop6,1.00176892699983,0,0,0,0,0,0,0,0,0.0,0.0,0,
128,2026-10-09T15:37:44.792969+00:00,128.00237021200064,loop7,1.00176892699983,0,0,0,0,0,0,0,0,0.0,0.0,0,
128,2026-10-09T15:37:44.792969+00:00,128.00237021200064,sr0,1.00176892699983,1536,0,8,0,0,0,0,0,0.0,0.0,0,
128,2026-10-09T15:37:44.792969+00:00,128.00237021200064,sda,1.00176892699983,356339200,31840571392,7904,117830,0,12288,0,2,0.0,12266.30180754457,8,
128,2026-10-09T15:37:44.792969+00:00,128.00237021200064,sda1,1.00176892699983,319488,0,78,0,0,0,0,0,0.0,0.0,0,
128,2026-10-09T15:37:44.792969+00:00,128.00237021200064,sda2,1.00176892699983,326788096,294592512,6594,48070,0,0,0,0,0.0,0.0,0,
128,2026-10-09T15:37:44.792969+00:00,128.00237021200064,sda3,1.00176892699983,5571584,118784,155,25,0,0,0,0,0.0,0.0,0,
128,2026-10-09T15:37:44.792969+00:00,128.00237021200064,sda4,1.00176892699983,4657152,0,116,0,0,0,0,0,0.0,0.0,0,
128,2026-10-09T15:37:44.792969+00:00,128.00237021200064,sda5,1.00176892699983,16548864,31545860096,826,69735,0,12288,0,2,0.0,12266.30180754457,8,
129,2026-10-09T15:37:45.791886+00:00,129.0013567470005,loop0,0.9989169009995749,374784,0,51,0,0,0,0,0,0.0,0.0,0,
129,2026-10-09T15:37:45.791886+00:00,129.0013567470005,loop1,0.9989169009995749,2107392,0,217,0,0,0,0,0,0.0,0.0,0,
129,2026-10-09T15:37:45.791886+00:00,129.0013567470005,loop2,0.9989169009995749,1106944,0,51,0,0,0,0,0,0.0,0.0,0,
129,2026-10-09T15:37:45.791886+00:00,129.0013567470005,loop3,0.9989169009995749,1141760,0,66,0,0,0,0,0,0.0,0.0,0,
129,2026-10-09T15:37:45.791886+00:00,129.0013567470005,loop4,0.9989169009995749,354304,0,43,0,0,0,0,0,0.0,0.0,0,
129,2026-10-09T15:37:45.791886+00:00,129.0013567470005,loop5,0.9989169009995749,18432,0,12,0,0,0,0,0,0.0,0.0,0,
129,2026-10-09T15:37:45.791886+00:00,129.0013567470005,loop6,0.9989169009995749,0,0,0,0,0,0,0,0,0.0,0.0,0,
129,2026-10-09T15:37:45.791886+00:00,129.0013567470005,loop7,0.9989169009995749,0,0,0,0,0,0,0,0,0.0,0.0,0,
129,2026-10-09T15:37:45.791886+00:00,129.0013567470005,sr0,0.9989169009995749,1536,0,8,0,0,0,0,0,0.0,0.0,0,
129,2026-10-09T15:37:45.791886+00:00,129.0013567470005,sda,0.9989169009995749,356339200,31840571392,7904,117830,0,0,0,0,0.0,0.0,0,
129,2026-10-09T15:37:45.791886+00:00,129.0013567470005,sda1,0.9989169009995749,319488,0,78,0,0,0,0,0,0.0,0.0,0,
129,2026-10-09T15:37:45.791886+00:00,129.0013567470005,sda2,0.9989169009995749,326788096,294592512,6594,48070,0,0,0,0,0.0,0.0,0,
129,2026-10-09T15:37:45.791886+00:00,129.0013567470005,sda3,0.9989169009995749,5571584,118784,155,25,0,0,0,0,0.0,0.0,0,
129,2026-10-09T15:37:45.791886+00:00,129.0013567470005,sda4,0.9989169009995749,4657152,0,116,0,0,0,0,0,0.0,0.0,0,
129,2026-10-09T15:37:45.791886+00:00,129.0013567470005,sda5,0.9989169009995749,16548864,31545860096,826,69735,0,0,0,0,0.0,0.0,0,
130,2026-10-09T15:37:46.791325+00:00,130.0008287999999,loop0,0.9994391830005043,374784,0,51,0,0,0,0,0,0.0,0.0,0,
130,2026-10-09T15:37:46.791325+00:00,130.0008287999999,loop1,0.9994391830005043,2107392,0,217,0,0,0,0,0,0.0,0.0,0,
130,2026-10-09T15:37:46.791325+00:00,130.0008287999999,loop2,0.9994391830005043,1106944,0,51,0,0,0,0,0,0.0,0.0,0,
130,2026-10-09T15:37:46.791325+00:00,130.0008287999999,loop3,0.9994391830005043,1141760,0,66,0,0,0,0,0,0.0,0.0,0,
130,2026-10-09T15:37:46.791325+00:00,130.0008287999999,loop4,0.9994391830005043,354304,0,43,0,0,0,0,0,0.0,0.0,0,
130,2026-10-09T15:37:46.791325+00:00,130.0008287999999,loop5,0.9994391830005043,18432,0,12,0,0,0,0,0,0.0,0.0,0,
130,2026-10-09T15:37:46.791325+00:00,130.0008287999999,loop6,0.9994391830005043,0,0,0,0,0,0,0,0,0.0,0.0,0,
130,2026-10-09T15:37:46.791325+00:00,130.0008287999999,loop7,0.9994391830005043,0,0,0,0,0,0,0,0,0.0,0.0,0,
130,2026-10-09T15:37:46.791325+00:00,130.0008287999999,sr0,0.9994391830005043,1536,0,8,0,0,0,0,0,0.0,0.0,0,
130,2026-10-09T15:37:46.791325+00:00,130.0008287999999,sda,0.9994391830005043,356339200,31840608256,7904,117832,0,36864,0,2,0.0,36884.685558682366,8,
130,2026-10-09T15:37:46.791325+00:00,130.0008287999999,sda1,0.9994391830005043,319488,0,78,0,0,0,0,0,0.0,0.0,0,
130,2026-10-09T15:37:46.791325+00:00,130.0008287999999,sda2,0.9994391830005043,326788096,294629376,6594,48072,0,36864,0,2,0.0,36884.685558682366,8,
130,2026-10-09T15:37:46.791325+00:00,130.0008287999999,sda3,0.9994391830005043,5571584,118784,155,25,0,0,0,0,0.0,0.0,0,
130,2026-10-09T15:37:46.791325+00:00,130.0008287999999,sda4,0.9994391830005043,4657152,0,116,0,0,0,0,0,0.0,0.0,0,
130,2026-10-09T15:37:46.791325+00:00,130.0008287999999,sda5,0.9994391830005043,16548864,31545860096,826,69735,0,0,0,0,0.0,0.0,0,
131,2026-10-09T15:37:47.791246+00:00,131.00071956800002,loop0,0.9999211839995041,374784,0,51,0,0,0,0,0,0.0,0.0,0,
131,2026-10-09T15:37:47.791246+00:00,131.00071956800002,loop1,0.9999211839995041,2107392,0,217,0,0,0,0,0,0.0,0.0,0,
131,2026-10-09T15:37:47.791246+00:00,131.00071956800002,loop2,0.9999211839995041,1106944,0,51,0,0,0,0,0,0.0,0.0,0,
131,2026-10-09T15:37:47.791246+00:00,131.00071956800002,loop3,0.9999211839995041,1141760,0,66,0,0,0,0,0,0.0,0.0,0,
131,2026-10-09T15:37:47.791246+00:00,131.00071956800002,loop4,0.9999211839995041,354304,0,43,0,0,0,0,0,0.0,0.0,0,
131,2026-10-09T15:37:47.791246+00:00,131.00071956800002,loop5,0.9999211839995041,18432,0,12,0,0,0,0,0,0.0,0.0,0,
131,2026-10-09T15:37:47.791246+00:00,131.00071956800002,loop6,0.9999211839995041,0,0,0,0,0,0,0,0,0.0,0.0,0,
131,2026-10-09T15:37:47.791246+00:00,131.00071956800002,loop7,0.9999211839995041,0,0,0,0,0,0,0,0,0.0,0.0,0,
131,2026-10-09T15:37:47.791246+00:00,131.00071956800002,sr0,0.9999211839995041,1536,0,8,0,0,0,0,0,0.0,0.0,0,
131,2026-10-09T15:37:47.791246+00:00,131.00071956800002,sda,0.9999211839995041,356339200,31840608256,7904,117832,0,0,0,0,0.0,0.0,0,
131,2026-10-09T15:37:47.791246+00:00,131.00071956800002,sda1,0.9999211839995041,319488,0,78,0,0,0,0,0,0.0,0.0,0,
131,2026-10-09T15:37:47.791246+00:00,131.00071956800002,sda2,0.9999211839995041,326788096,294629376,6594,48072,0,0,0,0,0.0,0.0,0,
131,2026-10-09T15:37:47.791246+00:00,131.00071956800002,sda3,0.9999211839995041,5571584,118784,155,25,0,0,0,0,0.0,0.0,0,
131,2026-10-09T15:37:47.791246+00:00,131.00071956800002,sda4,0.9999211839995041,4657152,0,116,0,0,0,0,0,0.0,0.0,0,
131,2026-10-09T15:37:47.791246+00:00,131.00071956800002,sda5,0.9999211839995041,16548864,31545860096,826,69735,0,0,0,0,0.0,0.0,0,
132,2026-10-09T15:37:48.791887+00:00,132.00139605500044,loop0,1.000640449000457,374784,0,51,0,0,0,0,0,0.0,0.0,0,
132,2026-10-09T15:37:48.791887+00:00,132.00139605500044,loop1,1.000640449000457,2107392,0,217,0,0,0,0,0,0.0,0.0,0,
132,2026-10-09T15:37:48.791887+00:00,132.00139605500044,loop2,1.000640449000457,1106944,0,51,0,0,0,0,0,0.0,0.0,0,
132,2026-10-09T15:37:48.791887+00:00,132.00139605500044,loop3,1.000640449000457,1141760,0,66,0,0,0,0,0,0.0,0.0,0,
132,2026-10-09T15:37:48.791887+00:00,132.00139605500044,loop4,1.000640449000457,354304,0,43,0,0,0,0,0,0.0,0.0,0,
132,2026-10-09T15:37:48.791887+00:00,132.00139605500044,loop5,1.000640449000457,18432,0,12,0,0,0,0,0,0.0,0.0,0,
132,2026-10-09T15:37:48.791887+00:00,132.00139605500044,loop6,1.000640449000457,0,0,0,0,0,0,0,0,0.0,0.0,0,
132,2026-10-09T15:37:48.791887+00:00,132.00139605500044,loop7,1.000640449000457,0,0,0,0,0,0,0,0,0.0,0.0,0,
132,2026-10-09T15:37:48.791887+00:00,132.00139605500044,sr0,1.000640449000457,1536,0,8,0,0,0,0,0,0.0,0.0,0,
132,2026-10-09T15:37:48.791887+00:00,132.00139605500044,sda,1.000640449000457,356339200,31840608256,7904,117832,0,0,0,0,0.0,0.0,0,
132,2026-10-09T15:37:48.791887+00:00,132.00139605500044,sda1,1.000640449000457,319488,0,78,0,0,0,0,0,0.0,0.0,0,
132,2026-10-09T15:37:48.791887+00:00,132.00139605500044,sda2,1.000640449000457,326788096,294629376,6594,48072,0,0,0,0,0.0,0.0,0,
132,2026-10-09T15:37:48.791887+00:00,132.00139605500044,sda3,1.000640449000457,5571584,118784,155,25,0,0,0,0,0.0,0.0,0,
132,2026-10-09T15:37:48.791887+00:00,132.00139605500044,sda4,1.000640449000457,4657152,0,116,0,0,0,0,0,0.0,0.0,0,
132,2026-10-09T15:37:48.791887+00:00,132.00139605500044,sda5,1.000640449000457,16548864,31545860096,826,69735,0,0,0,0,0.0,0.0,0,
133,2026-10-09T15:37:49.791606+00:00,133.00110178600062,loop0,0.9997195779997128,374784,0,51,0,0,0,0,0,0.0,0.0,0,
133,2026-10-09T15:37:49.791606+00:00,133.00110178600062,loop1,0.9997195779997128,2107392,0,217,0,0,0,0,0,0.0,0.0,0,
133,2026-10-09T15:37:49.791606+00:00,133.00110178600062,loop2,0.9997195779997128,1106944,0,51,0,0,0,0,0,0.0,0.0,0,
133,2026-10-09T15:37:49.791606+00:00,133.00110178600062,loop3,0.9997195779997128,1141760,0,66,0,0,0,0,0,0.0,0.0,0,
133,2026-10-09T15:37:49.791606+00:00,133.00110178600062,loop4,0.9997195779997128,354304,0,43,0,0,0,0,0,0.0,0.0,0,
133,2026-10-09T15:37:49.791606+00:00,133.00110178600062,loop5,0.9997195779997128,18432,0,12,0,0,0,0,0,0.0,0.0,0,
133,2026-10-09T15:37:49.791606+00:00,133.00110178600062,loop6,0.9997195779997128,0,0,0,0,0,0,0,0,0.0,0.0,0,
133,2026-10-09T15:37:49.791606+00:00,133.00110178600062,loop7,0.9997195779997128,0,0,0,0,0,0,0,0,0.0,0.0,0,
133,2026-10-09T15:37:49.791606+00:00,133.00110178600062,sr0,0.9997195779997128,1536,0,8,0,0,0,0,0,0.0,0.0,0,
133,2026-10-09T15:37:49.791606+00:00,133.00110178600062,sda,0.9997195779997128,356339200,31840722944,7904,117837,0,114688,0,5,0.0,114720.1700595614,12,
133,2026-10-09T15:37:49.791606+00:00,133.00110178600062,sda1,0.9997195779997128,319488,0,78,0,0,0,0,0,0.0,0.0,0,
133,2026-10-09T15:37:49.791606+00:00,133.00110178600062,sda2,0.9997195779997128,326788096,294629376,6594,48072,0,0,0,0,0.0,0.0,0,
133,2026-10-09T15:37:49.791606+00:00,133.00110178600062,sda3,0.9997195779997128,5571584,118784,155,25,0,0,0,0,0.0,0.0,0,
133,2026-10-09T15:37:49.791606+00:00,133.00110178600062,sda4,0.9997195779997128,4657152,0,116,0,0,0,0,0,0.0,0.0,0,
133,2026-10-09T15:37:49.791606+00:00,133.00110178600062,sda5,0.9997195779997128,16548864,31545974784,826,69740,0,114688,0,5,0.0,114720.1700595614,12,
134,2026-10-09T15:37:50.791369+00:00,134.0008335170005,loop0,0.9997625320002044,374784,0,51,0,0,0,0,0,0.0,0.0,0,
134,2026-10-09T15:37:50.791369+00:00,134.0008335170005,loop1,0.9997625320002044,2107392,0,217,0,0,0,0,0,0.0,0.0,0,
134,2026-10-09T15:37:50.791369+00:00,134.0008335170005,loop2,0.9997625320002044,1106944,0,51,0,0,0,0,0,0.0,0.0,0,
134,2026-10-09T15:37:50.791369+00:00,134.0008335170005,loop3,0.9997625320002044,1141760,0,66,0,0,0,0,0,0.0,0.0,0,
134,2026-10-09T15:37:50.791369+00:00,134.0008335170005,loop4,0.9997625320002044,354304,0,43,0,0,0,0,0,0.0,0.0,0,
134,2026-10-09T15:37:50.791369+00:00,134.0008335170005,loop5,0.9997625320002044,18432,0,12,0,0,0,0,0,0.0,0.0,0,
134,2026-10-09T15:37:50.791369+00:00,134.0008335170005,loop6,0.9997625320002044,0,0,0,0,0,0,0,0,0.0,0.0,0,
134,2026-10-09T15:37:50.791369+00:00,134.0008335170005,loop7,0.9997625320002044,0,0,0,0,0,0,0,0,0.0,0.0,0,
134,2026-10-09T15:37:50.791369+00:00,134.0008335170005,sr0,0.9997625320002044,1536,0,8,0,0,0,0,0,0.0,0.0,0,
134,2026-10-09T15:37:50.791369+00:00,134.0008335170005,sda,0.9997625320002044,356339200,31840722944,7904,117837,0,0,0,0,0.0,0.0,0,
134,2026-10-09T15:37:50.791369+00:00,134.0008335170005,sda1,0.9997625320002044,319488,0,78,0,0,0,0,0,0.0,0.0,0,
134,2026-10-09T15:37:50.791369+00:00,134.0008335170005,sda2,0.9997625320002044,326788096,294629376,6594,48072,0,0,0,0,0.0,0.0,0,
134,2026-10-09T15:37:50.791369+00:00,134.0008335170005,sda3,0.9997625320002044,5571584,118784,155,25,0,0,0,0,0.0,0.0,0,
134,2026-10-09T15:37:50.791369+00:00,134.0008335170005,sda4,0.9997625320002044,4657152,0,116,0,0,0,0,0,0.0,0.0,0,
134,2026-10-09T15:37:50.791369+00:00,134.0008335170005,sda5,0.9997625320002044,16548864,31545974784,826,69740,0,0,0,0,0.0,0.0,0,
135,2026-10-09T15:37:51.791366+00:00,135.00073020200034,loop0,0.9999975359996824,374784,0,51,0,0,0,0,0,0.0,0.0,0,
135,2026-10-09T15:37:51.791366+00:00,135.00073020200034,loop1,0.9999975359996824,2107392,0,217,0,0,0,0,0,0.0,0.0,0,
135,2026-10-09T15:37:51.791366+00:00,135.00073020200034,loop2,0.9999975359996824,1106944,0,51,0,0,0,0,0,0.0,0.0,0,
135,2026-10-09T15:37:51.791366+00:00,135.00073020200034,loop3,0.9999975359996824,1141760,0,66,0,0,0,0,0,0.0,0.0,0,
135,2026-10-09T15:37:51.791366+00:00,135.00073020200034,loop4,0.9999975359996824,354304,0,43,0,0,0,0,0,0.0,0.0,0,
135,2026-10-09T15:37:51.791366+00:00,135.00073020200034,loop5,0.9999975359996824,18432,0,12,0,0,0,0,0,0.0,0.0,0,
135,2026-10-09T15:37:51.791366+00:00,135.00073020200034,loop6,0.9999975359996824,0,0,0,0,0,0,0,0,0.0,0.0,0,
135,2026-10-09T15:37:51.791366+00:00,135.00073020200034,loop7,0.9999975359996824,0,0,0,0,0,0,0,0,0.0,0.0,0,
135,2026-10-09T15:37:51.791366+00:00,135.00073020200034,sr0,0.9999975359996824,1536,0,8,0,0,0,0,0,0.0,0.0,0,
135,2026-10-09T15:37:51.791366+00:00,135.00073020200034,sda,0.9999975359996824,356339200,31840768000,7904,117844,0,45056,0,7,0.0,45056.111018271855,12,
135,2026-10-09T15:37:51.791366+00:00,135.00073020200034,sda1,0.9999975359996824,319488,0,78,0,0,0,0,0,0.0,0.0,0,
135,2026-10-09T15:37:51.791366+00:00,135.00073020200034,sda2,0.9999975359996824,326788096,294674432,6594,48079,0,45056,0,7,0.0,45056.111018271855,12,
135,2026-10-09T15:37:51.791366+00:00,135.00073020200034,sda3,0.9999975359996824,5571584,118784,155,25,0,0,0,0,0.0,0.0,0,
135,2026-10-09T15:37:51.791366+00:00,135.00073020200034,sda4,0.9999975359996824,4657152,0,116,0,0,0,0,0,0.0,0.0,0,
135,2026-10-09T15:37:51.791366+00:00,135.00073020200034,sda5,0.9999975359996824,16548864,31545974784,826,69740,0,0,0,0,0.0,0.0,0,
136,2026-10-09T15:37:52.791362+00:00,136.00084210300065,loop0,0.9999954849999995,374784,0,51,0,0,0,0,0,0.0,0.0,0,
136,2026-10-09T15:37:52.791362+00:00,136.00084210300065,loop1,0.9999954849999995,2107392,0,217,0,0,0,0,0,0.0,0.0,0,
136,2026-10-09T15:37:52.791362+00:00,136.00084210300065,loop2,0.9999954849999995,1106944,0,51,0,0,0,0,0,0.0,0.0,0,
136,2026-10-09T15:37:52.791362+00:00,136.00084210300065,loop3,0.9999954849999995,1141760,0,66,0,0,0,0,0,0.0,0.0,0,
136,2026-10-09T15:37:52.791362+00:00,136.00084210300065,loop4,0.9999954849999995,354304,0,43,0,0,0,0,0,0.0,0.0,0,
136,2026-10-09T15:37:52.791362+00:00,136.00084210300065,loop5,0.9999954849999995,18432,0,12,0,0,0,0,0,0.0,0.0,0,
136,2026-10-09T15:37:52.791362+00:00,136.00084210300065,loop6,0.9999954849999995,0,0,0,0,0,0,0,0,0.0,0.0,0,
136,2026-10-09T15:37:52.791362+00:00,136.00084210300065,loop7,0.9999954849999995,0,0,0,0,0,0,0,0,0.0,0.0,0,
136,2026-10-09T15:37:52.791362+00:00,136.00084210300065,sr0,0.9999954849999995,1536,0,8,0,0,0,0,0,0.0,0.0,0,
136,2026-10-09T15:37:52.791362+00:00,136.00084210300065,sda,0.9999954849999995,356339200,31840772096,7904,117845,0,4096,0,1,0.0,4096.0184935235,16,
136,2026-10-09T15:37:52.791362+00:00,136.00084210300065,sda1,0.9999954849999995,319488,0,78,0,0,0,0,0,0.0,0.0,0,
136,2026-10-09T15:37:52.791362+00:00,136.00084210300065,sda2,0.9999954849999995,326788096,294678528,6594,48080,0,4096,0,1,0.0,4096.0184935235,16,
136,2026-10-09T15:37:52.791362+00:00,136.00084210300065,sda3,0.9999954849999995,5571584,118784,155,25,0,0,0,0,0.0,0.0,0,
136,2026-10-09T15:37:52.791362+00:00,136.00084210300065,sda4,0.9999954849999995,4657152,0,116,0,0,0,0,0,0.0,0.0,0,
136,2026-10-09T15:37:52.791362+00:00,136.00084210300065,sda5,0.9999954849999995,16548864,31545974784,826,69740,0,0,0,0,0.0,0.0,0,
137,2026-10-09T15:37:53.791339+00:00,137.0008167800006,loop0,0.9999774600000819,374784,0,51,0,0,0,0,0,0.0,0.0,0,
137,2026-10-09T15:37:53.791339+00:00,137.0008167800006,loop1,0.9999774600000819,2107392,0,217,0,0,0,0,0,0.0,0.0,0,
137,2026-10-09T15:37:53.791339+00:00,137.0008167800006,loop2,0.9999774600000819,1106944,0,51,0,0,0,0,0,0.0,0.0,0,
137,2026-10-09T15:37:53.791339+00:00,137.0008167800006,loop3,0.9999774600000819,1141760,0,66,0,0,0,0,0,0.0,0.0,0,
137,2026-10-09T15:37:53.791339+00:00,137.0008167800006,loop4,0.9999774600000819,354304,0,43,0,0,0,0,0,0.0,0.0,0,
137,2026-10-09T15:37:53.791339+00:00,137.0008167800006,loop5,0.9999774600000819,18432,0,12,0,0,0,0,0,0.0,0.0,0,
137,2026-10-09T15:37:53.791339+00:00,137.0008167800006,loop6,0.9999774600000819,0,0,0,0,0,0,0,0,0.0,0.0,0,
137,2026-10-09T15:37:53.791339+00:00,137.0008167800006,loop7,0.9999774600000819,0,0,0,0,0,0,0,0,0.0,0.0,0,
137,2026-10-09T15:37:53.791339+00:00,137.0008167800006,sr0,0.9999774600000819,1536,0,8,0,0,0,0,0,0.0,0.0,0,
137,2026-10-09T15:37:53.791339+00:00,137.0008167800006,sda,0.9999774600000819,356339200,31844315136,7904,118455,0,3543040,0,610,0.0,3543119.8619213975,176,
137,2026-10-09T15:37:53.791339+00:00,137.0008167800006,sda1,0.9999774600000819,319488,0,78,0,0,0,0,0,0.0,0.0,0,
137,2026-10-09T15:37:53.791339+00:00,137.0008167800006,sda2,0.9999774600000819,326788096,298221568,6594,48690,0,3543040,0,610,0.0,3543119.8619213975,176,
137,2026-10-09T15:37:53.791339+00:00,137.0008167800006,sda3,0.9999774600000819,5571584,118784,155,25,0,0,0,0,0.0,0.0,0,
137,2026-10-09T15:37:53.791339+00:00,137.0008167800006,sda4,0.9999774600000819,4657152,0,116,0,0,0,0,0,0.0,0.0,0,
137,2026-10-09T15:37:53.791339+00:00,137.0008167800006,sda5,0.9999774600000819,16548864,31545974784,826,69740,0,0,0,0,0.0,0.0,0,
138,2026-10-09T15:37:54.792005+00:00,138.0014058430006,loop0,1.0006656539999312,374784,0,51,0,0,0,0,0,0.0,0.0,0,
138,2026-10-09T15:37:54.792005+00:00,138.0014058430006,loop1,1.0006656539999312,2107392,0,217,0,0,0,0,0,0.0,0.0,0,
138,2026-10-09T15:37:54.792005+00:00,138.0014058430006,loop2,1.0006656539999312,1106944,0,51,0,0,0,0,0,0.0,0.0,0,
138,2026-10-09T15:37:54.792005+00:00,138.0014058430006,loop3,1.0006656539999312,1141760,0,66,0,0,0,0,0,0.0,0.0,0,
138,2026-10-09T15:37:54.792005+00:00,138.0014058430006,loop4,1.0006656539999312,354304,0,43,0,0,0,0,0,0.0,0.0,0,
138,2026-10-09T15:37:54.792005+00:00,138.0014058430006,loop5,1.0006656539999312,18432,0,12,0,0,0,0,0,0.0,0.0,0,
138,2026-10-09T15:37:54.792005+00:00,138.0014058430006,loop6,1.0006656539999312,0,0,0,0,0,0,0,0,0.0,0.0,0,
138,2026-10-09T15:37:54.792005+00:00,138.0014058430006,loop7,1.0006656539999312,0,0,0,0,0,0,0,0,0.0,0.0,0,
138,2026-10-09T15:37:54.792005+00:00,138.0014058430006,sr0,1.0006656539999312,1536,0,8,0,0,0,0,0,0.0,0.0,0,
138,2026-10-09T15:37:54.792005+00:00,138.0014058430006,sda,1.0006656539999312,356339200,31844360192,7904,118457,0,45056,0,2,0.0,45026.028244198234,124,
138,2026-10-09T15:37:54.792005+00:00,138.0014058430006,sda1,1.0006656539999312,319488,0,78,0,0,0,0,0,0.0,0.0,0,
138,2026-10-09T15:37:54.792005+00:00,138.0014058430006,sda2,1.0006656539999312,326788096,298221568,6594,48690,0,0,0,0,0.0,0.0,0,
138,2026-10-09T15:37:54.792005+00:00,138.0014058430006,sda3,1.0006656539999312,5571584,118784,155,25,0,0,0,0,0.0,0.0,0,
138,2026-10-09T15:37:54.792005+00:00,138.0014058430006,sda4,1.0006656539999312,4657152,0,116,0,0,0,0,0,0.0,0.0,0,
138,2026-10-09T15:37:54.792005+00:00,138.0014058430006,sda5,1.0006656539999312,16548864,31546019840,826,69742,0,45056,0,2,0.0,45026.028244198234,124,
139,2026-10-09T15:37:55.791404+00:00,139.000723225,loop0,0.9993989240001611,374784,0,51,0,0,0,0,0,0.0,0.0,0,
139,2026-10-09T15:37:55.791404+00:00,139.000723225,loop1,0.9993989240001611,2107392,0,217,0,0,0,0,0,0.0,0.0,0,
139,2026-10-09T15:37:55.791404+00:00,139.000723225,loop2,0.9993989240001611,1106944,0,51,0,0,0,0,0,0.0,0.0,0,
139,2026-10-09T15:37:55.791404+00:00,139.000723225,loop3,0.9993989240001611,1141760,0,66,0,0,0,0,0,0.0,0.0,0,
139,2026-10-09T15:37:55.791404+00:00,139.000723225,loop4,0.9993989240001611,354304,0,43,0,0,0,0,0,0.0,0.0,0,
139,2026-10-09T15:37:55.791404+00:00,139.000723225,loop5,0.9993989240001611,18432,0,12,0,0,0,0,0,0.0,0.0,0,
139,2026-10-09T15:37:55.791404+00:00,139.000723225,loop6,0.9993989240001611,0,0,0,0,0,0,0,0,0.0,0.0,0,
139,2026-10-09T15:37:55.791404+00:00,139.000723225,loop7,0.9993989240001611,0,0,0,0,0,0,0,0,0.0,0.0,0,
139,2026-10-09T15:37:55.791404+00:00,139.000723225,sr0,0.9993989240001611,1536,0,8,0,0,0,0,0,0.0,0.0,0,
139,2026-10-09T15:37:55.791404+00:00,139.000723225,sda,0.9993989240001611,356343296,31844360192,7905,118457,4096,0,1,0,4098.463488038877,0.0,20,
139,2026-10-09T15:37:55.791404+00:00,139.000723225,sda1,0.9993989240001611,319488,0,78,0,0,0,0,0,0.0,0.0,0,
139,2026-10-09T15:37:55.791404+00:00,139.000723225,sda2,0.9993989240001611,326792192,298221568,6595,48690,4096,0,1,0,4098.463488038877,0.0,20,
139,2026-10-09T15:37:55.791404+00:00,139.000723225,sda3,0.9993989240001611,5571584,118784,155,25,0,0,0,0,0.0,0.0,0,
139,2026-10-09T15:37:55.791404+00:00,139.000723225,sda4,0.9993989240001611,4657152,0,116,0,0,0,0,0,0.0,0.0,0,
139,2026-10-09T15:37:55.791404+00:00,139.000723225,sda5,0.9993989240001611,16548864,31546019840,826,69742,0,0,0,0,0.0,0.0,0,
140,2026-10-09T15:37:56.791370+00:00,140.00083249,loop0,0.9999656939999113,374784,0,51,0,0,0,0,0,0.0,0.0,0,
140,2026-10-09T15:37:56.791370+00:00,140.00083249,loop1,0.9999656939999113,2107392,0,217,0,0,0,0,0,0.0,0.0,0,
140,2026-10-09T15:37:56.791370+00:00,140.00083249,loop2,0.9999656939999113,1106944,0,51,0,0,0,0,0,0.0,0.0,0,
140,2026-10-09T15:37:56.791370+00:00,140.00083249,loop3,0.9999656939999113,1141760,0,66,0,0,0,0,0,0.0,0.0,0,
140,2026-10-09T15:37:56.791370+00:00,140.00083249,loop4,0.9999656939999113,354304,0,43,0,0,0,0,0,0.0,0.0,0,
140,2026-10-09T15:37:56.791370+00:00,140.00083249,loop5,0.9999656939999113,18432,0,12,0,0,0,0,0,0.0,0.0,0,
140,2026-10-09T15:37:56.791370+00:00,140.00083249,loop6,0.9999656939999113,0,0,0,0,0,0,0,0,0.0,0.0,0,
140,2026-10-09T15:37:56.791370+00:00,140.00083249,loop7,0.9999656939999113,0,0,0,0,0,0,0,0,0.0,0.0,0,
140,2026-10-09T15:37:56.791370+00:00,140.00083249,sr0,0.9999656939999113,1536,0,8,0,0,0,0,0,0.0,0.0,0,
140,2026-10-09T15:37:56.791370+00:00,140.00083249,sda,0.9999656939999113,356343296,31844405248,7905,118459,0,45056,0,2,0.0,45057.545744168296,8,
140,2026-10-09T15:37:56.791370+00:00,140.00083249,sda1,0.9999656939999113,319488,0,78,0,0,0,0,0,0.0,0.0,0,
140,2026-10-09T15:37:56.791370+00:00,140.00083249,sda2,0.9999656939999113,326792192,298266624,6595,48692,0,45056,0,2,0.0,45057.545744168296,8,
140,2026-10-09T15:37:56.791370+00:00,140.00083249,sda3,0.9999656939999113,5571584,118784,155,25,0,0,0,0,0.0,0.0,0,
140,2026-10-09T15:37:56.791370+00:00,140.00083249,sda4,0.9999656939999113,4657152,0,116,0,0,0,0,0,0.0,0.0,0,
140,2026-10-09T15:37:56.791370+00:00,140.00083249,sda5,0.9999656939999113,16548864,31546019840,826,69742,0,0,0,0,0.0,0.0,0,
141,2026-10-09T15:37:57.792746+00:00,141.0023131150001,loop0,1.0013761790005447,374784,0,51,0,0,0,0,0,0.0,0.0,0,
141,2026-10-09T15:37:57.792746+00:00,141.0023131150001,loop1,1.0013761790005447,2107392,0,217,0,0,0,0,0,0.0,0.0,0,
141,2026-10-09T15:37:57.792746+00:00,141.0023131150001,loop2,1.0013761790005447,1106944,0,51,0,0,0,0,0,0.0,0.0,0,
141,2026-10-09T15:37:57.792746+00:00,141.0023131150001,loop3,1.0013761790005447,1141760,0,66,0,0,0,0,0,0.0,0.0,0,
141,2026-10-09T15:37:57.792746+00:00,141.0023131150001,loop4,1.0013761790005447,354304,0,43,0,0,0,0,0,0.0,0.0,0,
141,2026-10-09T15:37:57.792746+00:00,141.0023131150001,loop5,1.0013761790005447,18432,0,12,0,0,0,0,0,0.0,0.0,0,
141,2026-10-09T15:37:57.792746+00:00,141.0023131150001,loop6,1.0013761790005447,0,0,0,0,0,0,0,0,0.0,0.0,0,
141,2026-10-09T15:37:57.792746+00:00,141.0023131150001,loop7,1.0013761790005447,0,0,0,0,0,0,0,0,0.0,0.0,0,
141,2026-10-09T15:37:57.792746+00:00,141.0023131150001,sr0,1.0013761790005447,1536,0,8,0,0,0,0,0,0.0,0.0,0,
141,2026-10-09T15:37:57.792746+00:00,141.0023131150001,sda,1.0013761790005447,356343296,31844405248,7905,118459,0,0,0,0,0.0,0.0,0,
141,2026-10-09T15:37:57.792746+00:00,141.0023131150001,sda1,1.0013761790005447,319488,0,78,0,0,0,0,0,0.0,0.0,0,
141,2026-10-09T15:37:57.792746+00:00,141.0023131150001,sda2,1.0013761790005447,326792192,298266624,6595,48692,0,0,0,0,0.0,0.0,0,
141,2026-10-09T15:37:57.792746+00:00,141.0023131150001,sda3,1.0013761790005447,5571584,118784,155,25,0,0,0,0,0.0,0.0,0,
141,2026-10-09T15:37:57.792746+00:00,141.0023131150001,sda4,1.0013761790005447,4657152,0,116,0,0,0,0,0,0.0,0.0,0,
141,2026-10-09T15:37:57.792746+00:00,141.0023131150001,sda5,1.0013761790005447,16548864,31546019840,826,69742,0,0,0,0,0.0,0.0,0,
142,2026-10-09T15:37:58.791794+00:00,142.00109683900064,loop0,0.9990477749997808,374784,0,51,0,0,0,0,0,0.0,0.0,0,
142,2026-10-09T15:37:58.791794+00:00,142.00109683900064,loop1,0.9990477749997808,2107392,0,217,0,0,0,0,0,0.0,0.0,0,
142,2026-10-09T15:37:58.791794+00:00,142.00109683900064,loop2,0.9990477749997808,1106944,0,51,0,0,0,0,0,0.0,0.0,0,
142,2026-10-09T15:37:58.791794+00:00,142.00109683900064,loop3,0.9990477749997808,1141760,0,66,0,0,0,0,0,0.0,0.0,0,
142,2026-10-09T15:37:58.791794+00:00,142.00109683900064,loop4,0.9990477749997808,354304,0,43,0,0,0,0,0,0.0,0.0,0,
142,2026-10-09T15:37:58.791794+00:00,142.00109683900064,loop5,0.9990477749997808,18432,0,12,0,0,0,0,0,0.0,0.0,0,
142,2026-10-09T15:37:58.791794+00:00,142.00109683900064,loop6,0.9990477749997808,0,0,0,0,0,0,0,0,0.0,0.0,0,
142,2026-10-09T15:37:58.791794+00:00,142.00109683900064,loop7,0.9990477749997808,0,0,0,0,0,0,0,0,0.0,0.0,0,
142,2026-10-09T15:37:58.791794+00:00,142.00109683900064,sr0,0.9990477749997808,1536,0,8,0,0,0,0,0,0.0,0.0,0,
142,2026-10-09T15:37:58.791794+00:00,142.00109683900064,sda,0.9990477749997808,356343296,31844405248,7905,118459,0,0,0,0,0.0,0.0,0,
142,2026-10-09T15:37:58.791794+00:00,142.00109683900064,sda1,0.9990477749997808,319488,0,78,0,0,0,0,0,0.0,0.0,0,
142,2026-10-09T15:37:58.791794+00:00,142.00109683900064,sda2,0.9990477749997808,326792192,298266624,6595,48692,0,0,0,0,0.0,0.0,0,
142,2026-10-09T15:37:58.791794+00:00,142.00109683900064,sda3,0.9990477749997808,5571584,118784,155,25,0,0,0,0,0.0,0.0,0,
142,2026-10-09T15:37:58.791794+00:00,142.00109683900064,sda4,0.9990477749997808,4657152,0,116,0,0,0,0,0,0.0,0.0,0,
142,2026-10-09T15:37:58.791794+00:00,142.00109683900064,sda5,0.9990477749997808,16548864,31546019840,826,69742,0,0,0,0,0.0,0.0,0,
143,2026-10-09T15:37:59.791359+00:00,143.00082589300018,loop0,0.9995654849999482,374784,0,51,0,0,0,0,0,0.0,0.0,0,
143,2026-10-09T15:37:59.791359+00:00,143.00082589300018,loop1,0.9995654849999482,2107392,0,217,0,0,0,0,0,0.0,0.0,0,
143,2026-10-09T15:37:59.791359+00:00,143.00082589300018,loop2,0.9995654849999482,1106944,0,51,0,0,0,0,0,0.0,0.0,0,
143,2026-10-09T15:37:59.791359+00:00,143.00082589300018,loop3,0.9995654849999482,1141760,0,66,0,0,0,0,0,0.0,0.0,0,
143,2026-10-09T15:37:59.791359+00:00,143.00082589300018,loop4,0.9995654849999482,354304,0,43,0,0,0,0,0,0.0,0.0,0,
143,2026-10-09T15:37:59.791359+00:00,143.00082589300018,loop5,0.9995654849999482,18432,0,12,0,0,0,0,0,0.0,0.0,0,
143,2026-10-09T15:37:59.791359+00:00,143.00082589300018,loop6,0.9995654849999482,0,0,0,0,0,0,0,0,0.0,0.0,0,
143,2026-10-09T15:37:59.791359+00:00,143.00082589300018,loop7,0.9995654849999482,0,0,0,0,0,0,0,0,0.0,0.0,0,
143,2026-10-09T15:37:59.791359+00:00,143.00082589300018,sr0,0.9995654849999482,1536,0,8,0,0,0,0,0,0.0,0.0,0,
143,2026-10-09T15:37:59.791359+00:00,143.00082589300018,sda,0.9995654849999482,356343296,31844417536,7905,118461,0,12288,0,2,0.0,12293.341641343924,8,
143,2026-10-09T15:37:59.791359+00:00,143.00082589300018,sda1,0.9995654849999482,319488,0,78,0,0,0,0,0,0.0,0.0,0,
143,2026-10-09T15:37:59.791359+00:00,143.00082589300018,sda2,0.9995654849999482,326792192,298266624,6595,48692,0,0,0,0,0.0,0.0,0,
143,2026-10-09T15:37:59.791359+00:00,143.00082589300018,sda3,0.9995654849999482,5571584,118784,155,25,0,0,0,0,0.0,0.0,0,
143,2026-10-09T15:37:59.791359+00:00,143.00082589300018,sda4,0.9995654849999482,4657152,0,116,0,0,0,0,0,0.0,0.0,0,
143,2026-10-09T15:37:59.791359+00:00,143.00082589300018,sda5,0.9995654849999482,16548864,31546032128,826,69744,0,12288,0,2,0.0,12293.341641343924,8,
144,2026-10-09T15:38:00.792263+00:00,144.00088108399996,loop0,1.0009035309994943,374784,0,51,0,0,0,0,0,0.0,0.0,0,
144,2026-10-09T15:38:00.792263+00:00,144.00088108399996,loop1,1.0009035309994943,2107392,0,217,0,0,0,0,0,0.0,0.0,0,
144,2026-10-09T15:38:00.792263+00:00,144.00088108399996,loop2,1.0009035309994943,1106944,0,51,0,0,0,0,0,0.0,0.0,0,
144,2026-10-09T15:38:00.792263+00:00,144.00088108399996,loop3,1.0009035309994943,1141760,0,66,0,0,0,0,0,0.0,0.0,0,
144,2026-10-09T15:38:00.792263+00:00,144.00088108399996,loop4,1.0009035309994943,354304,0,43,0,0,0,0,0,0.0,0.0,0,
144,2026-10-09T15:38:00.792263+00:00,144.00088108399996,loop5,1.0009035309994943,18432,0,12,0,0,0,0,0,0.0,0.0,0,
144,2026-10-09T15:38:00.792263+00:00,144.00088108399996,loop6,1.0009035309994943,0,0,0,0,0,0,0,0,0.0,0.0,0,
144,2026-10-09T15:38:00.792263+00:00,144.00088108399996,loop7,1.0009035309994943,0,0,0,0,0,0,0,0,0.0,0.0,0,
144,2026-10-09T15:38:00.792263+00:00,144.00088108399996,sr0,1.0009035309994943,1536,0,8,0,0,0,0,0,0.0,0.0,0,
144,2026-10-09T15:38:00.792263+00:00,144.00088108399996,sda,1.0009035309994943,356343296,31844417536,7905,118461,0,0,0,0,0.0,0.0,0,
144,2026-10-09T15:38:00.792263+00:00,144.00088108399996,sda1,1.0009035309994943,319488,0,78,0,0,0,0,0,0.0,0.0,0,
144,2026-10-09T15:38:00.792263+00:00,144.00088108399996,sda2,1.0009035309994943,326792192,298266624,6595,48692,0,0,0,0,0.0,0.0,0,
144,2026-10-09T15:38:00.792263+00:00,144.00088108399996,sda3,1.0009035309994943,5571584,118784,155,25,0,0,0,0,0.0,0.0,0,
144,2026-10-09T15:38:00.792263+00:00,144.00088108399996,sda4,1.0009035309994943,4657152,0,116,0,0,0,0,0,0.0,0.0,0,
144,2026-10-09T15:38:00.792263+00:00,144.00088108399996,sda5,1.0009035309994943,16548864,31546032128,826,69744,0,0,0,0,0.0,0.0,0,
145,2026-10-09T15:38:01.791447+00:00,145.00084827400042,loop0,0.9991847460005374,374784,0,51,0,0,0,0,0,0.0,0.0,0,
145,2026-10-09T15:38:01.791447+00:00,145.00084827400042,loop1,0.9991847460005374,2107392,0,217,0,0,0,0,0,0.0,0.0,0,
145,2026-10-09T15:38:01.791447+00:00,145.00084827400042,loop2,0.9991847460005374,1106944,0,51,0,0,0,0,0,0.0,0.0,0,
145,2026-10-09T15:38:01.791447+00:00,145.00084827400042,loop3,0.9991847460005374,1141760,0,66,0,0,0,0,0,0.0,0.0,0,
145,2026-10-09T15:38:01.791447+00:00,145.00084827400042,loop4,0.9991847460005374,354304,0,43,0,0,0,0,0,0.0,0.0,0,
145,2026-10-09T15:38:01.791447+00:00,145.00084827400042,loop5,0.9991847460005374,18432,0,12,0,0,0,0,0,0.0,0.0,0,
145,2026-10-09T15:38:01.791447+00:00,145.00084827400042,loop6,0.9991847460005374,0,0,0,0,0,0,0,0,0.0,0.0,0,
145,2026-10-09T15:38:01.791447+00:00,145.00084827400042,loop7,0.9991847460005374,0,0,0,0,0,0,0,0,0.0,0.0,0,
145,2026-10-09T15:38:01.791447+00:00,145.00084827400042,sr0,0.9991847460005374,1536,0,8,0,0,0,0,0,0.0,0.0,0,
145,2026-10-09T15:38:01.791447+00:00,145.00084827400042,sda,0.9991847460005374,356343296,31844442112,7905,118463,0,24576,0,2,0.0,24596.052029788276,8,
145,2026-10-09T15:38:01.791447+00:00,145.00084827400042,sda1,0.9991847460005374,319488,0,78,0,0,0,0,0,0.0,0.0,0,
145,2026-10-09T15:38:01.791447+00:00,145.00084827400042,sda2,0.9991847460005374,326792192,298291200,6595,48694,0,24576,0,2,0.0,24596.052029788276,8,
145,2026-10-09T15:38:01.791447+00:00,145.00084827400042,sda3,0.9991847460005374,5571584,118784,155,25,0,0,0,0,0.0,0.0,0,
145,2026-10-09T15:38:01.791447+00:00,145.00084827400042,sda4,0.9991847460005374,4657152,0,116,0,0,0,0,0,0.0,0.0,0,
145,2026-10-09T15:38:01.791447+00:00,145.00084827400042,sda5,0.9991847460005374,16548864,31546032128,826,69744,0,0,0,0,0.0,0.0,0,
146,2026-10-09T15:38:02.791868+00:00,146.0013568430004,loop0,1.0004203890002827,374784,0,51,0,0,0,0,0,0.0,0.0,0,
146,2026-10-09T15:38:02.791868+00:00,146.0013568430004,loop1,1.0004203890002827,2107392,0,217,0,0,0,0,0,0.0,0.0,0,
146,2026-10-09T15:38:02.791868+00:00,146.0013568430004,loop2,1.0004203890002827,1106944,0,51,0,0,0,0,0,0.0,0.0,0,
146,2026-10-09T15:38:02.791868+00:00,146.0013568430004,loop3,1.0004203890002827,1141760,0,66,0,0,0,0,0,0.0,0.0,0,
146,2026-10-09T15:38:02.791868+00:00,146.0013568430004,loop4,1.0004203890002827,354304,0,43,0,0,0,0,0,0.0,0.0,0,
146,2026-10-09T15:38:02.791868+00:00,146.0013568430004,loop5,1.0004203890002827,18432,0,12,0,0,0,0,0,0.0,0.0,0,
146,2026-10-09T15:38:02.791868+00:00,146.0013568430004,loop6,1.0004203890002827,0,0,0,0,0,0,0,0,0.0,0.0,0,
146,2026-10-09T15:38:02.791868+00:00,146.0013568430004,loop7,1.0004203890002827,0,0,0,0,0,0,0,0,0.0,0.0,0,
146,2026-10-09T15:38:02.791868+00:00,146.0013568430004,sr0,1.0004203890002827,1536,0,8,0,0,0,0,0,0.0,0.0,0,
146,2026-10-09T15:38:02.791868+00:00,146.0013568430004,sda,1.0004203890002827,356343296,31844442112,7905,118463,0,0,0,0,0.0,0.0,0,
146,2026-10-09T15:38:02.791868+00:00,146.0013568430004,sda1,1.0004203890002827,319488,0,78,0,0,0,0,0,0.0,0.0,0,
146,2026-10-09T15:38:02.791868+00:00,146.0013568430004,sda2,1.0004203890002827,326792192,298291200,6595,48694,0,0,0,0,0.0,0.0,0,
146,2026-10-09T15:38:02.791868+00:00,146.0013568430004,sda3,1.0004203890002827,5571584,118784,155,25,0,0,0,0,0.0,0.0,0,
146,2026-10-09T15:38:02.791868+00:00,146.0013568430004,sda4,1.0004203890002827,4657152,0,116,0,0,0,0,0,0.0,0.0,0,
146,2026-10-09T15:38:02.791868+00:00,146.0013568430004,sda5,1.0004203890002827,16548864,31546032128,826,69744,0,0,0,0,0.0,0.0,0,
147,2026-10-09T15:38:03.791425+00:00,147.00091483100005,loop0,0.999557814999207,374784,0,51,0,0,0,0,0,0.0,0.0,0,
147,2026-10-09T15:38:03.791425+00:00,147.00091483100005,loop1,0.999557814999207,2107392,0,217,0,0,0,0,0,0.0,0.0,0,
147,2026-10-09T15:38:03.791425+00:00,147.00091483100005,loop2,0.999557814999207,1106944,0,51,0,0,0,0,0,0.0,0.0,0,
147,2026-10-09T15:38:03.791425+00:00,147.00091483100005,loop3,0.999557814999207,1141760,0,66,0,0,0,0,0,0.0,0.0,0,
147,2026-10-09T15:38:03.791425+00:00,147.00091483100005,loop4,0.999557814999207,354304,0,43,0,0,0,0,0,0.0,0.0,0,
147,2026-10-09T15:38:03.791425+00:00,147.00091483100005,loop5,0.999557814999207,18432,0,12,0,0,0,0,0,0.0,0.0,0,
147,2026-10-09T15:38:03.791425+00:00,147.00091483100005,loop6,0.999557814999207,0,0,0,0,0,0,0,0,0.0,0.0,0,
147,2026-10-09T15:38:03.791425+00:00,147.00091483100005,loop7,0.999557814999207,0,0,0,0,0,0,0,0,0.0,0.0,0,
147,2026-10-09T15:38:03.791425+00:00,147.00091483100005,sr0,0.999557814999207,1536,0,8,0,0,0,0,0,0.0,0.0,0,
147,2026-10-09T15:38:03.791425+00:00,147.00091483100005,sda,0.999557814999207,356343296,31844442112,7905,118463,0,0,0,0,0.0,0.0,0,
147,2026-10-09T15:38:03.791425+00:00,147.00091483100005,sda1,0.999557814999207,319488,0,78,0,0,0,0,0,0.0,0.0,0,
147,2026-10-09T15:38:03.791425+00:00,147.00091483100005,sda2,0.999557814999207,326792192,298291200,6595,48694,0,0,0,0,0.0,0.0,0,
147,2026-10-09T15:38:03.791425+00:00,147.00091483100005,sda3,0.999557814999207,5571584,118784,155,25,0,0,0,0,0.0,0.0,0,
147,2026-10-09T15:38:03.791425+00:00,147.00091483100005,sda4,0.999557814999207,4657152,0,116,0,0,0,0,0,0.0,0.0,0,
147,2026-10-09T15:38:03.791425+00:00,147.00091483100005,sda5,0.999557814999207,16548864,31546032128,826,69744,0,0,0,0,0.0,0.0,0,
148,2026-10-09T15:38:04.791500+00:00,148.0008564460004,loop0,1.0000744720000512,374784,0,51,0,0,0,0,0,0.0,0.0,0,
148,2026-10-09T15:38:04.791500+00:00,148.0008564460004,loop1,1.0000744720000512,2107392,0,217,0,0,0,0,0,0.0,0.0,0,
148,2026-10-09T15:38:04.791500+00:00,148.0008564460004,loop2,1.0000744720000512,1106944,0,51,0,0,0,0,0,0.0,0.0,0,
148,2026-10-09T15:38:04.791500+00:00,148.0008564460004,loop3,1.0000744720000512,1141760,0,66,0,0,0,0,0,0.0,0.0,0,
148,2026-10-09T15:38:04.791500+00:00,148.0008564460004,loop4,1.0000744720000512,354304,0,43,0,0,0,0,0,0.0,0.0,0,
148,2026-10-09T15:38:04.791500+00:00,148.0008564460004,loop5,1.0000744720000512,18432,0,12,0,0,0,0,0,0.0,0.0,0,
148,2026-10-09T15:38:04.791500+00:00,148.0008564460004,loop6,1.0000744720000512,0,0,0,0,0,0,0,0,0.0,0.0,0,
148,2026-10-09T15:38:04.791500+00:00,148.0008564460004,loop7,1.0000744720000512,0,0,0,0,0,0,0,0,0.0,0.0,0,
148,2026-10-09T15:38:04.791500+00:00,148.0008564460004,sr0,1.0000744720000512,1536,0,8,0,0,0,0,0,0.0,0.0,0,
148,2026-10-09T15:38:04.791500+00:00,148.0008564460004,sda,1.0000744720000512,356343296,31844454400,7905,118465,0,12288,0,2,0.0,12287.084956208513,8,
148,2026-10-09T15:38:04.791500+00:00,148.0008564460004,sda1,1.0000744720000512,319488,0,78,0,0,0,0,0,0.0,0.0,0,
148,2026-10-09T15:38:04.791500+00:00,148.0008564460004,sda2,1.0000744720000512,326792192,298291200,6595,48694,0,0,0,0,0.0,0.0,0,
148,2026-10-09T15:38:04.791500+00:00,148.0008564460004,sda3,1.0000744720000512,5571584,118784,155,25,0,0,0,0,0.0,0.0,0,
148,2026-10-09T15:38:04.791500+00:00,148.0008564460004,sda4,1.0000744720000512,4657152,0,116,0,0,0,0,0,0.0,0.0,0,
148,2026-10-09T15:38:04.791500+00:00,148.0008564460004,sda5,1.0000744720000512,16548864,31546044416,826,69746,0,12288,0,2,0.0,12287.084956208513,8,
149,2026-10-09T15:38:05.791400+00:00,149.00083557400012,loop0,0.9998996060003265,374784,0,51,0,0,0,0,0,0.0,0.0,0,
149,2026-10-09T15:38:05.791400+00:00,149.00083557400012,loop1,0.9998996060003265,2107392,0,217,0,0,0,0,0,0.0,0.0,0,
149,2026-10-09T15:38:05.791400+00:00,149.00083557400012,loop2,0.9998996060003265,1106944,0,51,0,0,0,0,0,0.0,0.0,0,
149,2026-10-09T15:38:05.791400+00:00,149.00083557400012,loop3,0.9998996060003265,1141760,0,66,0,0,0,0,0,0.0,0.0,0,
149,2026-10-09T15:38:05.791400+00:00,149.00083557400012,loop4,0.9998996060003265,354304,0,43,0,0,0,0,0,0.0,0.0,0,
149,2026-10-09T15:38:05.791400+00:00,149.00083557400012,loop5,0.9998996060003265,18432,0,12,0,0,0,0,0,0.0,0.0,0,
149,2026-10-09T15:38:05.791400+00:00,149.00083557400012,loop6,0.9998996060003265,0,0,0,0,0,0,0,0,0.0,0.0,0,
149,2026-10-09T15:38:05.791400+00:00,149.00083557400012,loop7,0.9998996060003265,0,0,0,0,0,0,0,0,0.0,0.0,0,
149,2026-10-09T15:38:05.791400+00:00,149.00083557400012,sr0,0.9998996060003265,1536,0,8,0,0,0,0,0,0.0,0.0,0,
149,2026-10-09T15:38:05.791400+00:00,149.00083557400012,sda,0.9998996060003265,356343296,31844519936,7905,118469,0,65536,0,4,0.0,65542.58008176333,4,
149,2026-10-09T15:38:05.791400+00:00,149.00083557400012,sda1,0.9998996060003265,319488,0,78,0,0,0,0,0,0.0,0.0,0,
149,2026-10-09T15:38:05.791400+00:00,149.00083557400012,sda2,0.9998996060003265,326792192,298291200,6595,48694,0,0,0,0,0.0,0.0,0,
149,2026-10-09T15:38:05.791400+00:00,149.00083557400012,sda3,0.9998996060003265,5571584,118784,155,25,0,0,0,0,0.0,0.0,0,
149,2026-10-09T15:38:05.791400+00:00,149.00083557400012,sda4,0.9998996060003265,4657152,0,116,0,0,0,0,0,0.0,0.0,0,
149,2026-10-09T15:38:05.791400+00:00,149.00083557400012,sda5,0.9998996060003265,16548864,31546109952,826,69750,0,65536,0,4,0.0,65542.58008176333,4,
150,2026-10-09T15:38:06.791358+00:00,150.0007972430003,loop0,0.9999581889996989,374784,0,51,0,0,0,0,0,0.0,0.0,0,
150,2026-10-09T15:38:06.791358+00:00,150.0007972430003,loop1,0.9999581889996989,2107392,0,217,0,0,0,0,0,0.0,0.0,0,
150,2026-10-09T15:38:06.791358+00:00,150.0007972430003,loop2,0.9999581889996989,1106944,0,51,0,0,0,0,0,0.0,0.0,0,
150,2026-10-09T15:38:06.791358+00:00,150.0007972430003,loop3,0.9999581889996989,1141760,0,66,0,0,0,0,0,0.0,0.0,0,
150,2026-10-09T15:38:06.791358+00:00,150.0007972430003,loop4,0.9999581889996989,354304,0,43,0,0,0,0,0,0.0,0.0,0,
150,2026-10-09T15:38:06.791358+00:00,150.0007972430003,loop5,0.9999581889996989,18432,0,12,0,0,0,0,0,0.0,0.0,0,
150,2026-10-09T15:38:06.791358+00:00,150.0007972430003,loop6,0.9999581889996989,0,0,0,0,0,0,0,0,0.0,0.0,0,
150,2026-10-09T15:38:06.791358+00:00,150.0007972430003,loop7,0.9999581889996989,0,0,0,0,0,0,0,0,0.0,0.0,0,
150,2026-10-09T15:38:06.791358+00:00,150.0007972430003,sr0,0.9999581889996989,1536,0,8,0,0,0,0,0,0.0,0.0,0,
150,2026-10-09T15:38:06.791358+00:00,150.0007972430003,sda,0.9999581889996989,356343296,31844544512,7905,118471,0,24576,0,2,0.0,24577.02759010797,4,
150,2026-10-09T15:38:06.791358+00:00,150.0007972430003,sda1,0.9999581889996989,319488,0,78,0,0,0,0,0,0.0,0.0,0,
150,2026-10-09T15:38:06.791358+00:00,150.0007972430003,sda2,0.9999581889996989,326792192,298315776,6595,48696,0,24576,0,2,0.0,24577.02759010797,4,
150,2026-10-09T15:38:06.791358+00:00,150.0007972430003,sda3,0.9999581889996989,5571584,118784,155,25,0,0,0,0,0.0,0.0,0,
150,2026-10-09T15:38:06.791358+00:00,150.0007972430003,sda4,0.9999581889996989,4657152,0,116,0,0,0,0,0,0.0,0.0,0,
150,2026-10-09T15:38:06.791358+00:00,150.0007972430003,sda5,0.9999581889996989,16548864,31546109952,826,69750,0,0,0,0,0.0,0.0,0,
151,2026-10-09T15:38:07.791695+00:00,151.0011256130001,loop0,1.0003373839999767,374784,0,51,0,0,0,0,0,0.0,0.0,0,
151,2026-10-09T15:38:07.791695+00:00,151.0011256130001,loop1,1.0003373839999767,2107392,0,217,0,0,0,0,0,0.0,0.0,0,
151,2026-10-09T15:38:07.791695+00:00,151.0011256130001,loop2,1.0003373839999767,1106944,0,51,0,0,0,0,0,0.0,0.0,0,
151,2026-10-09T15:38:07.791695+00:00,151.0011256130001,loop3,1.0003373839999767,1141760,0,66,0,0,0,0,0,0.0,0.0,0,
151,2026-10-09T15:38:07.791695+00:00,151.0011256130001,loop4,1.0003373839999767,354304,0,43,0,0,0,0,0,0.0,0.0,0,
151,2026-10-09T15:38:07.791695+00:00,151.0011256130001,loop5,1.0003373839999767,18432,0,12,0,0,0,0,0,0.0,0.0,0,
151,2026-10-09T15:38:07.791695+00:00,151.0011256130001,loop6,1.0003373839999767,0,0,0,0,0,0,0,0,0.0,0.0,0,
151,2026-10-09T15:38:07.791695+00:00,151.0011256130001,loop7,1.0003373839999767,0,0,0,0,0,0,0,0,0.0,0.0,0,
151,2026-10-09T15:38:07.791695+00:00,151.0011256130001,sr0,1.0003373839999767,1536,0,8,0,0,0,0,0,0.0,0.0,0,
151,2026-10-09T15:38:07.791695+00:00,151.0011256130001,sda,1.0003373839999767,356343296,31844544512,7905,118471,0,0,0,0,0.0,0.0,0,
151,2026-10-09T15:38:07.791695+00:00,151.0011256130001,sda1,1.0003373839999767,319488,0,78,0,0,0,0,0,0.0,0.0,0,
151,2026-10-09T15:38:07.791695+00:00,151.0011256130001,sda2,1.0003373839999767,326792192,298315776,6595,48696,0,0,0,0,0.0,0.0,0,
151,2026-10-09T15:38:07.791695+00:00,151.0011256130001,sda3,1.0003373839999767,5571584,118784,155,25,0,0,0,0,0.0,0.0,0,
151,2026-10-09T15:38:07.791695+00:00,151.0011256130001,sda4,1.0003373839999767,4657152,0,116,0,0,0,0,0,0.0,0.0,0,
151,2026-10-09T15:38:07.791695+00:00,151.0011256130001,sda5,1.0003373839999767,16548864,31546109952,826,69750,0,0,0,0,0.0,0.0,0,
152,2026-10-09T15:38:08.791855+00:00,152.00128087899975,loop0,1.0001597420005055,374784,0,51,0,0,0,0,0,0.0,0.0,0,
152,2026-10-09T15:38:08.791855+00:00,152.00128087899975,loop1,1.0001597420005055,2107392,0,217,0,0,0,0,0,0.0,0.0,0,
152,2026-10-09T15:38:08.791855+00:00,152.00128087899975,loop2,1.0001597420005055,1106944,0,51,0,0,0,0,0,0.0,0.0,0,
152,2026-10-09T15:38:08.791855+00:00,152.00128087899975,loop3,1.0001597420005055,1141760,0,66,0,0,0,0,0,0.0,0.0,0,
152,2026-10-09T15:38:08.791855+00:00,152.00128087899975,loop4,1.0001597420005055,354304,0,43,0,0,0,0,0,0.0,0.0,0,
152,2026-10-09T15:38:08.791855+00:00,152.00128087899975,loop5,1.0001597420005055,18432,0,12,0,0,0,0,0,0.0,0.0,0,
152,2026-10-09T15:38:08.791855+00:00,152.00128087899975,loop6,1.0001597420005055,0,0,0,0,0,0,0,0,0.0,0.0,0,
152,2026-10-09T15:38:08.791855+00:00,152.00128087899975,loop7,1.0001597420005055,0,0,0,0,0,0,0,0,0.0,0.0,0,
152,2026-10-09T15:38:08.791855+00:00,152.00128087899975,sr0,1.0001597420005055,1536,0,8,0,0,0,0,0,0.0,0.0,0,
152,2026-10-09T15:38:08.791855+00:00,152.00128087899975,sda,1.0001597420005055,356343296,31844544512,7905,118471,0,0,0,0,0.0,0.0,0,
152,2026-10-09T15:38:08.791855+00:00,152.00128087899975,sda1,1.0001597420005055,319488,0,78,0,0,0,0,0,0.0,0.0,0,
152,2026-10-09T15:38:08.791855+00:00,152.00128087899975,sda2,1.0001597420005055,326792192,298315776,6595,48696,0,0,0,0,0.0,0.0,0,
152,2026-10-09T15:38:08.791855+00:00,152.00128087899975,sda3,1.0001597420005055,5571584,118784,155,25,0,0,0,0,0.0,0.0,0,
152,2026-10-09T15:38:08.791855+00:00,152.00128087899975,sda4,1.0001597420005055,4657152,0,116,0,0,0,0,0,0.0,0.0,0,
152,2026-10-09T15:38:08.791855+00:00,152.00128087899975,sda5,1.0001597420005055,16548864,31546109952,826,69750,0,0,0,0,0.0,0.0,0,
153,2026-10-09T15:38:09.791757+00:00,153.00100610700065,loop0,0.9999018469998191,374784,0,51,0,0,0,0,0,0.0,0.0,0,
153,2026-10-09T15:38:09.791757+00:00,153.00100610700065,loop1,0.9999018469998191,2107392,0,217,0,0,0,0,0,0.0,0.0,0,
153,2026-10-09T15:38:09.791757+00:00,153.00100610700065,loop2,0.9999018469998191,1106944,0,51,0,0,0,0,0,0.0,0.0,0,
153,2026-10-09T15:38:09.791757+00:00,153.00100610700065,loop3,0.9999018469998191,1141760,0,66,0,0,0,0,0,0.0,0.0,0,
153,2026-10-09T15:38:09.791757+00:00,153.00100610700065,loop4,0.9999018469998191,354304,0,43,0,0,0,0,0,0.0,0.0,0,
153,2026-10-09T15:38:09.791757+00:00,153.00100610700065,loop5,0.9999018469998191,18432,0,12,0,0,0,0,0,0.0,0.0,0,
153,2026-10-09T15:38:09.791757+00:00,153.00100610700065,loop6,0.9999018469998191,0,0,0,0,0,0,0,0,0.0,0.0,0,
153,2026-10-09T15:38:09.791757+00:00,153.00100610700065,loop7,0.9999018469998191,0,0,0,0,0,0,0,0,0.0,0.0,0,
153,2026-10-09T15:38:09.791757+00:00,153.00100610700065,sr0,0.9999018469998191,1536,0,8,0,0,0,0,0,0.0,0.0,0,
153,2026-10-09T15:38:09.791757+00:00,153.00100610700065,sda,0.9999018469998191,356343296,31844589568,7905,118473,0,45056,0,2,0.0,45060.42281568878,8,
153,2026-10-09T15:38:09.791757+00:00,153.00100610700065,sda1,0.9999018469998191,319488,0,78,0,0,0,0,0,0.0,0.0,0,
153,2026-10-09T15:38:09.791757+00:00,153.00100610700065,sda2,0.9999018469998191,326792192,298315776,6595,48696,0,0,0,0,0.0,0.0,0,
153,2026-10-09T15:38:09.791757+00:00,153.00100610700065,sda3,0.9999018469998191,5571584,118784,155,25,0,0,0,0,0.0,0.0,0,
153,2026-10-09T15:38:09.791757+00:00,153.00100610700065,sda4,0.9999018469998191,4657152,0,116,0,0,0,0,0,0.0,0.0,0,
153,2026-10-09T15:38:09.791757+00:00,153.00100610700065,sda5,0.9999018469998191,16548864,31546155008,826,69752,0,45056,0,2,0.0,45060.42281568878,8,
154,2026-10-09T15:38:10.791280+00:00,154.0007236470001,loop0,0.9995236840004509,374784,0,51,0,0,0,0,0,0.0,0.0,0,
154,2026-10-09T15:38:10.791280+00:00,154.0007236470001,loop1,0.9995236840004509,2107392,0,217,0,0,0,0,0,0.0,0.0,0,
154,2026-10-09T15:38:10.791280+00:00,154.0007236470001,loop2,0.9995236840004509,1106944,0,51,0,0,0,0,0,0.0,0.0,0,
154,2026-10-09T15:38:10.791280+00:00,154.0007236470001,loop3,0.9995236840004509,1141760,0,66,0,0,0,0,0,0.0,0.0,0,
154,2026-10-09T15:38:10.791280+00:00,154.0007236470001,loop4,0.9995236840004509,354304,0,43,0,0,0,0,0,0.0,0.0,0,
154,2026-10-09T15:38:10.791280+00:00,154.0007236470001,loop5,0.9995236840004509,18432,0,12,0,0,0,0,0,0.0,0.0,0,
154,2026-10-09T15:38:10.791280+00:00,154.0007236470001,loop6,0.9995236840004509,0,0,0,0,0,0,0,0,0.0,0.0,0,
154,2026-10-09T15:38:10.791280+00:00,154.0007236470001,loop7,0.9995236840004509,0,0,0,0,0,0,0,0,0.0,0.0,0,
154,2026-10-09T15:38:10.791280+00:00,154.0007236470001,sr0,0.9995236840004509,1536,0,8,0,0,0,0,0,0.0,0.0,0,
154,2026-10-09T15:38:10.791280+00:00,154.0007236470001,sda,0.9995236840004509,356343296,31844589568,7905,118473,0,0,0,0,0.0,0.0,0,
154,2026-10-09T15:38:10.791280+00:00,154.0007236470001,sda1,0.9995236840004509,319488,0,78,0,0,0,0,0,0.0,0.0,0,
154,2026-10-09T15:38:10.791280+00:00,154.0007236470001,sda2,0.9995236840004509,326792192,298315776,6595,48696,0,0,0,0,0.0,0.0,0,
154,2026-10-09T15:38:10.791280+00:00,154.0007236470001,sda3,0.9995236840004509,5571584,118784,155,25,0,0,0,0,0.0,0.0,0,
154,2026-10-09T15:38:10.791280+00:00,154.0007236470001,sda4,0.9995236840004509,4657152,0,116,0,0,0,0,0,0.0,0.0,0,
154,2026-10-09T15:38:10.791280+00:00,154.0007236470001,sda5,0.9995236840004509,16548864,31546155008,826,69752,0,0,0,0,0.0,0.0,0,
155,2026-10-09T15:38:11.791712+00:00,155.00097729200024,loop0,1.0004312829996707,374784,0,51,0,0,0,0,0,0.0,0.0,0,
155,2026-10-09T15:38:11.791712+00:00,155.00097729200024,loop1,1.0004312829996707,2107392,0,217,0,0,0,0,0,0.0,0.0,0,
155,2026-10-09T15:38:11.791712+00:00,155.00097729200024,loop2,1.0004312829996707,1106944,0,51,0,0,0,0,0,0.0,0.0,0,
155,2026-10-09T15:38:11.791712+00:00,155.00097729200024,loop3,1.0004312829996707,1141760,0,66,0,0,0,0,0,0.0,0.0,0,
155,2026-10-09T15:38:11.791712+00:00,155.00097729200024,loop4,1.0004312829996707,354304,0,43,0,0,0,0,0,0.0,0.0,0,
155,2026-10-09T15:38:11.791712+00:00,155.00097729200024,loop5,1.0004312829996707,18432,0,12,0,0,0,0,0,0.0,0.0,0,
155,2026-10-09T15:38:11.791712+00:00,155.00097729200024,loop6,1.0004312829996707,0,0,0,0,0,0,0,0,0.0,0.0,0,
155,2026-10-09T15:38:11.791712+00:00,155.00097729200024,loop7,1.0004312829996707,0,0,0,0,0,0,0,0,0.0,0.0,0,
155,2026-10-09T15:38:11.791712+00:00,155.00097729200024,sr0,1.0004312829996707,1536,0,8,0,0,0,0,0,0.0,0.0,0,
155,2026-10-09T15:38:11.791712+00:00,155.00097729200024,sda,1.0004312829996707,356343296,31844614144,7905,118475,0,24576,0,2,0.0,24565.40535828895,8,
155,2026-10-09T15:38:11.791712+00:00,155.00097729200024,sda1,1.0004312829996707,319488,0,78,0,0,0,0,0,0.0,0.0,0,
155,2026-10-09T15:38:11.791712+00:00,155.00097729200024,sda2,1.0004312829996707,326792192,298340352,6595,48698,0,24576,0,2,0.0,24565.40535828895,8,
155,2026-10-09T15:38:11.791712+00:00,155.00097729200024,sda3,1.0004312829996707,5571584,118784,155,25,0,0,0,0,0.0,0.0,0,
155,2026-10-09T15:38:11.791712+00:00,155.00097729200024,sda4,1.0004312829996707,4657152,0,116,0,0,0,0,0,0.0,0.0,0,
155,2026-10-09T15:38:11.791712+00:00,155.00097729200024,sda5,1.0004312829996707,16548864,31546155008,826,69752,0,0,0,0,0.0,0.0,0,
156,2026-10-09T15:38:12.791526+00:00,156.00097515700054,loop0,0.999814638999851,374784,0,51,0,0,0,0,0,0.0,0.0,0,
156,2026-10-09T15:38:12.791526+00:00,156.00097515700054,loop1,0.999814638999851,2107392,0,217,0,0,0,0,0,0.0,0.0,0,
156,2026-10-09T15:38:12.791526+00:00,156.00097515700054,loop2,0.999814638999851,1106944,0,51,0,0,0,0,0,0.0,0.0,0,
156,2026-10-09T15:38:12.791526+00:00,156.00097515700054,loop3,0.999814638999851,1141760,0,66,0,0,0,0,0,0.0,0.0,0,
156,2026-10-09T15:38:12.791526+00:00,156.00097515700054,loop4,0.999814638999851,354304,0,43,0,0,0,0,0,0.0,0.0,0,
156,2026-10-09T15:38:12.791526+00:00,156.00097515700054,loop5,0.999814638999851,18432,0,12,0,0,0,0,0,0.0,0.0,0,
156,2026-10-09T15:38:12.791526+00:00,156.00097515700054,loop6,0.999814638999851,0,0,0,0,0,0,0,0,0.0,0.0,0,
156,2026-10-09T15:38:12.791526+00:00,156.00097515700054,loop7,0.999814638999851,0,0,0,0,0,0,0,0,0.0,0.0,0,
156,2026-10-09T15:38:12.791526+00:00,156.00097515700054,sr0,0.999814638999851,1536,0,8,0,0,0,0,0,0.0,0.0,0,
156,2026-10-09T15:38:12.791526+00:00,156.00097515700054,sda,0.999814638999851,356343296,31844614144,7905,118475,0,0,0,0,0.0,0.0,0,
156,2026-10-09T15:38:12.791526+00:00,156.00097515700054,sda1,0.999814638999851,319488,0,78,0,0,0,0,0,0.0,0.0,0,
156,2026-10-09T15:38:12.791526+00:00,156.00097515700054,sda2,0.999814638999851,326792192,298340352,6595,48698,0,0,0,0,0.0,0.0,0,
156,2026-10-09T15:38:12.791526+00:00,156.00097515700054,sda3,0.999814638999851,5571584,118784,155,25,0,0,0,0,0.0,0.0,0,
156,2026-10-09T15:38:12.791526+00:00,156.00097515700054,sda4,0.999814638999851,4657152,0,116,0,0,0,0,0,0.0,0.0,0,
156,2026-10-09T15:38:12.791526+00:00,156.00097515700054,sda5,0.999814638999851,16548864,31546155008,826,69752,0,0,0,0,0.0,0.0,0,
157,2026-10-09T15:38:13.792061+00:00,157.00142961599977,loop0,1.0005347369997253,374784,0,51,0,0,0,0,0,0.0,0.0,0,
157,2026-10-09T15:38:13.792061+00:00,157.00142961599977,loop1,1.0005347369997253,2107392,0,217,0,0,0,0,0,0.0,0.0,0,
157,2026-10-09T15:38:13.792061+00:00,157.00142961599977,loop2,1.0005347369997253,1106944,0,51,0,0,0,0,0,0.0,0.0,0,
157,2026-10-09T15:38:13.792061+00:00,157.00142961599977,loop3,1.0005347369997253,1141760,0,66,0,0,0,0,0,0.0,0.0,0,
157,2026-10-09T15:38:13.792061+00:00,157.00142961599977,loop4,1.0005347369997253,354304,0,43,0,0,0,0,0,0.0,0.0,0,
157,2026-10-09T15:38:13.792061+00:00,157.00142961599977,loop5,1.0005347369997253,18432,0,12,0,0,0,0,0,0.0,0.0,0,
157,2026-10-09T15:38:13.792061+00:00,157.00142961599977,loop6,1.0005347369997253,0,0,0,0,0,0,0,0,0.0,0.0,0,
157,2026-10-09T15:38:13.792061+00:00,157.00142961599977,loop7,1.0005347369997253,0,0,0,0,0,0,0,0,0.0,0.0,0,
157,2026-10-09T15:38:13.792061+00:00,157.00142961599977,sr0,1.0005347369997253,1536,0,8,0,0,0,0,0,0.0,0.0,0,
157,2026-10-09T15:38:13.792061+00:00,157.00142961599977,sda,1.0005347369997253,356343296,31844646912,7905,118477,0,32768,0,2,0.0,32750.487102787112,4,
157,2026-10-09T15:38:13.792061+00:00,157.00142961599977,sda1,1.0005347369997253,319488,0,78,0,0,0,0,0,0.0,0.0,0,
157,2026-10-09T15:38:13.792061+00:00,157.00142961599977,sda2,1.0005347369997253,326792192,298373120,6595,48700,0,32768,0,2,0.0,32750.487102787112,4,
157,2026-10-09T15:38:13.792061+00:00,157.00142961599977,sda3,1.0005347369997253,5571584,118784,155,25,0,0,0,0,0.0,0.0,0,
157,2026-10-09T15:38:13.792061+00:00,157.00142961599977,sda4,1.0005347369997253,4657152,0,116,0,0,0,0,0,0.0,0.0,0,
157,2026-10-09T15:38:13.792061+00:00,157.00142961599977,sda5,1.0005347369997253,16548864,31546155008,826,69752,0,0,0,0,0.0,0.0,0,
158,2026-10-09T15:38:14.791924+00:00,158.00137542100038,loop0,0.9998630079999202,374784,0,51,0,0,0,0,0,0.0,0.0,0,
158,2026-10-09T15:38:14.791924+00:00,158.00137542100038,loop1,0.9998630079999202,2107392,0,217,0,0,0,0,0,0.0,0.0,0,
158,2026-10-09T15:38:14.791924+00:00,158.00137542100038,loop2,0.9998630079999202,1106944,0,51,0,0,0,0,0,0.0,0.0,0,
158,2026-10-09T15:38:14.791924+00:00,158.00137542100038,loop3,0.9998630079999202,1141760,0,66,0,0,0,0,0,0.0,0.0,0,
158,2026-10-09T15:38:14.791924+00:00,158.00137542100038,loop4,0.9998630079999202,354304,0,43,0,0,0,0,0,0.0,0.0,0,
158,2026-10-09T15:38:14.791924+00:00,158.00137542100038,loop5,0.9998630079999202,18432,0,12,0,0,0,0,0,0.0,0.0,0,
158,2026-10-09T15:38:14.791924+00:00,158.00137542100038,loop6,0.9998630079999202,0,0,0,0,0,0,0,0,0.0,0.0,0,
158,2026-10-09T15:38:14.791924+00:00,158.00137542100038,loop7,0.9998630079999202,0,0,0,0,0,0,0,0,0.0,0.0,0,
158,2026-10-09T15:38:14.791924+00:00,158.00137542100038,sr0,0.9998630079999202,1536,0,8,0,0,0,0,0,0.0,0.0,0,
158,2026-10-09T15:38:14.791924+00:00,158.00137542100038,sda,0.9998630079999202,356343296,31844659200,7905,118479,0,12288,0,2,0.0,12289.683588335114,8,
158,2026-10-09T15:38:14.791924+00:00,158.00137542100038,sda1,0.9998630079999202,319488,0,78,0,0,0,0,0,0.0,0.0,0,
158,2026-10-09T15:38:14.791924+00:00,158.00137542100038,sda2,0.9998630079999202,326792192,298373120,6595,48700,0,0,0,0,0.0,0.0,0,
158,2026-10-09T15:38:14.791924+00:00,158.00137542100038,sda3,0.9998630079999202,5571584,118784,155,25,0,0,0,0,0.0,0.0,0,
158,2026-10-09T15:38:14.791924+00:00,158.00137542100038,sda4,0.9998630079999202,4657152,0,116,0,0,0,0,0,0.0,0.0,0,
158,2026-10-09T15:38:14.791924+00:00,158.00137542100038,sda5,0.9998630079999202,16548864,31546167296,826,69754,0,12288,0,2,0.0,12289.683588335114,8,
159,2026-10-09T15:38:15.792164+00:00,159.00092400100039,loop0,1.0002392340002189,374784,0,51,0,0,0,0,0,0.0,0.0,0,
159,2026-10-09T15:38:15.792164+00:00,159.00092400100039,loop1,1.0002392340002189,2107392,0,217,0,0,0,0,0,0.0,0.0,0,
159,2026-10-09T15:38:15.792164+00:00,159.00092400100039,loop2,1.0002392340002189,1106944,0,51,0,0,0,0,0,0.0,0.0,0,
159,2026-10-09T15:38:15.792164+00:00,159.00092400100039,loop3,1.0002392340002189,1141760,0,66,0,0,0,0,0,0.0,0.0,0,
159,2026-10-09T15:38:15.792164+00:00,159.00092400100039,loop4,1.0002392340002189,354304,0,43,0,0,0,0,0,0.0,0.0,0,
159,2026-10-09T15:38:15.792164+00:00,159.00092400100039,loop5,1.0002392340002189,18432,0,12,0,0,0,0,0,0.0,0.0,0,
159,2026-10-09T15:38:15.792164+00:00,159.00092400100039,loop6,1.0002392340002189,0,0,0,0,0,0,0,0,0.0,0.0,0,
159,2026-10-09T15:38:15.792164+00:00,159.00092400100039,loop7,1.0002392340002189,0,0,0,0,0,0,0,0,0.0,0.0,0,
159,2026-10-09T15:38:15.792164+00:00,159.00092400100039,sr0,1.0002392340002189,1536,0,8,0,0,0,0,0,0.0,0.0,0,
159,2026-10-09T15:38:15.792164+00:00,159.00092400100039,sda,1.0002392340002189,356343296,31844659200,7905,118479,0,0,0,0,0.0,0.0,0,
159,2026-10-09T15:38:15.792164+00:00,159.00092400100039,sda1,1.0002392340002189,319488,0,78,0,0,0,0,0,0.0,0.0,0,
159,2026-10-09T15:38:15.792164+00:00,159.00092400100039,sda2,1.0002392340002189,326792192,298373120,6595,48700,0,0,0,0,0.0,0.0,0,
159,2026-10-09T15:38:15.792164+00:00,159.00092400100039,sda3,1.0002392340002189,5571584,118784,155,25,0,0,0,0,0.0,0.0,0,
159,2026-10-09T15:38:15.792164+00:00,159.00092400100039,sda4,1.0002392340002189,4657152,0,116,0,0,0,0,0,0.0,0.0,0,
159,2026-10-09T15:38:15.792164+00:00,159.00092400100039,sda5,1.0002392340002189,16548864,31546167296,826,69754,0,0,0,0,0.0,0.0,0,
160,2026-10-09T15:38:16.795099+00:00,160.00445208700057,loop0,1.0029356619997998,374784,0,51,0,0,0,0,0,0.0,0.0,0,
160,2026-10-09T15:38:16.795099+00:00,160.00445208700057,loop1,1.0029356619997998,2107392,0,217,0,0,0,0,0,0.0,0.0,0,
160,2026-10-09T15:38:16.795099+00:00,160.00445208700057,loop2,1.0029356619997998,1106944,0,51,0,0,0,0,0,0.0,0.0,0,
160,2026-10-09T15:38:16.795099+00:00,160.00445208700057,loop3,1.0029356619997998,1141760,0,66,0,0,0,0,0,0.0,0.0,0,
160,2026-10-09T15:38:16.795099+00:00,160.00445208700057,loop4,1.0029356619997998,354304,0,43,0,0,0,0,0,0.0,0.0,0,
160,2026-10-09T15:38:16.795099+00:00,160.00445208700057,loop5,1.0029356619997998,18432,0,12,0,0,0,0,0,0.0,0.0,0,
160,2026-10-09T15:38:16.795099+00:00,160.00445208700057,loop6,1.0029356619997998,0,0,0,0,0,0,0,0,0.0,0.0,0,
160,2026-10-09T15:38:16.795099+00:00,160.00445208700057,loop7,1.0029356619997998,0,0,0,0,0,0,0,0,0.0,0.0,0,
160,2026-10-09T15:38:16.795099+00:00,160.00445208700057,sr0,1.0029356619997998,1536,0,8,0,0,0,0,0,0.0,0.0,0,
160,2026-10-09T15:38:16.795099+00:00,160.00445208700057,sda,1.0029356619997998,356343296,31844708352,7905,118481,0,49152,0,2,0.0,49008.12869889735,8,
160,2026-10-09T15:38:16.795099+00:00,160.00445208700057,sda1,1.0029356619997998,319488,0,78,0,0,0,0,0,0.0,0.0,0,
160,2026-10-09T15:38:16.795099+00:00,160.00445208700057,sda2,1.0029356619997998,326792192,298422272,6595,48702,0,49152,0,2,0.0,49008.12869889735,8,
160,2026-10-09T15:38:16.795099+00:00,160.00445208700057,sda3,1.0029356619997998,5571584,118784,155,25,0,0,0,0,0.0,0.0,0,
160,2026-10-09T15:38:16.795099+00:00,160.00445208700057,sda4,1.0029356619997998,4657152,0,116,0,0,0,0,0,0.0,0.0,0,
160,2026-10-09T15:38:16.795099+00:00,160.00445208700057,sda5,1.0029356619997998,16548864,31546167296,826,69754,0,0,0,0,0.0,0.0,0,
161,2026-10-09T15:38:17.791479+00:00,161.00095819800026,loop0,0.9963804750004783,374784,0,51,0,0,0,0,0,0.0,0.0,0,
161,2026-10-09T15:38:17.791479+00:00,161.00095819800026,loop1,0.9963804750004783,2107392,0,217,0,0,0,0,0,0.0,0.0,0,
161,2026-10-09T15:38:17.791479+00:00,161.00095819800026,loop2,0.9963804750004783,1106944,0,51,0,0,0,0,0,0.0,0.0,0,
161,2026-10-09T15:38:17.791479+00:00,161.00095819800026,loop3,0.9963804750004783,1141760,0,66,0,0,0,0,0,0.0,0.0,0,
161,2026-10-09T15:38:17.791479+00:00,161.00095819800026,loop4,0.9963804750004783,354304,0,43,0,0,0,0,0,0.0,0.0,0,
161,2026-10-09T15:38:17.791479+00:00,161.00095819800026,loop5,0.9963804750004783,18432,0,12,0,0,0,0,0,0.0,0.0,0,
161,2026-10-09T15:38:17.791479+00:00,161.00095819800026,loop6,0.9963804750004783,0,0,0,0,0,0,0,0,0.0,0.0,0,
161,2026-10-09T15:38:17.791479+00:00,161.00095819800026,loop7,0.9963804750004783,0,0,0,0,0,0,0,0,0.0,0.0,0,
161,2026-10-09T15:38:17.791479+00:00,161.00095819800026,sr0,0.9963804750004783,1536,0,8,0,0,0,0,0,0.0,0.0,0,
161,2026-10-09T15:38:17.791479+00:00,161.00095819800026,sda,0.9963804750004783,356343296,31844708352,7905,118481,0,0,0,0,0.0,0.0,0,
161,2026-10-09T15:38:17.791479+00:00,161.00095819800026,sda1,0.9963804750004783,319488,0,78,0,0,0,0,0,0.0,0.0,0,
161,2026-10-09T15:38:17.791479+00:00,161.00095819800026,sda2,0.9963804750004783,326792192,298422272,6595,48702,0,0,0,0,0.0,0.0,0,
161,2026-10-09T15:38:17.791479+00:00,161.00095819800026,sda3,0.9963804750004783,5571584,118784,155,25,0,0,0,0,0.0,0.0,0,
161,2026-10-09T15:38:17.791479+00:00,161.00095819800026,sda4,0.9963804750004783,4657152,0,116,0,0,0,0,0,0.0,0.0,0,
161,2026-10-09T15:38:17.791479+00:00,161.00095819800026,sda5,0.9963804750004783,16548864,31546167296,826,69754,0,0,0,0,0.0,0.0,0,
162,2026-10-09T15:38:18.791460+00:00,162.00081843600037,loop0,0.9999807160002092,374784,0,51,0,0,0,0,0,0.0,0.0,0,
162,2026-10-09T15:38:18.791460+00:00,162.00081843600037,loop1,0.9999807160002092,2107392,0,217,0,0,0,0,0,0.0,0.0,0,
162,2026-10-09T15:38:18.791460+00:00,162.00081843600037,loop2,0.9999807160002092,1106944,0,51,0,0,0,0,0,0.0,0.0,0,
162,2026-10-09T15:38:18.791460+00:00,162.00081843600037,loop3,0.9999807160002092,1141760,0,66,0,0,0,0,0,0.0,0.0,0,
162,2026-10-09T15:38:18.791460+00:00,162.00081843600037,loop4,0.9999807160002092,354304,0,43,0,0,0,0,0,0.0,0.0,0,
162,2026-10-09T15:38:18.791460+00:00,162.00081843600037,loop5,0.9999807160002092,18432,0,12,0,0,0,0,0,0.0,0.0,0,
162,2026-10-09T15:38:18.791460+00:00,162.00081843600037,loop6,0.9999807160002092,0,0,0,0,0,0,0,0,0.0,0.0,0,
162,2026-10-09T15:38:18.791460+00:00,162.00081843600037,loop7,0.9999807160002092,0,0,0,0,0,0,0,0,0.0,0.0,0,
162,2026-10-09T15:38:18.791460+00:00,162.00081843600037,sr0,0.9999807160002092,1536,0,8,0,0,0,0,0,0.0,0.0,0,
162,2026-10-09T15:38:18.791460+00:00,162.00081843600037,sda,0.9999807160002092,356343296,31844708352,7905,118481,0,0,0,0,0.0,0.0,0,
162,2026-10-09T15:38:18.791460+00:00,162.00081843600037,sda1,0.9999807160002092,319488,0,78,0,0,0,0,0,0.0,0.0,0,
162,2026-10-09T15:38:18.791460+00:00,162.00081843600037,sda2,0.9999807160002092,326792192,298422272,6595,48702,0,0,0,0,0.0,0.0,0,
162,2026-10-09T15:38:18.791460+00:00,162.00081843600037,sda3,0.9999807160002092,5571584,118784,155,25,0,0,0,0,0.0,0.0,0,
162,2026-10-09T15:38:18.791460+00:00,162.00081843600037,sda4,0.9999807160002092,4657152,0,116,0,0,0,0,0,0.0,0.0,0,
162,2026-10-09T15:38:18.791460+00:00,162.00081843600037,sda5,0.9999807160002092,16548864,31546167296,826,69754,0,0,0,0,0.0,0.0,0,
163,2026-10-09T15:38:19.791815+00:00,163.00129435300005,loop0,1.0003548429995135,374784,0,51,0,0,0,0,0,0.0,0.0,0,
163,2026-10-09T15:38:19.791815+00:00,163.00129435300005,loop1,1.0003548429995135,2107392,0,217,0,0,0,0,0,0.0,0.0,0,
163,2026-10-09T15:38:19.791815+00:00,163.00129435300005,loop2,1.0003548429995135,1106944,0,51,0,0,0,0,0,0.0,0.0,0,
163,2026-10-09T15:38:19.791815+00:00,163.00129435300005,loop3,1.0003548429995135,1141760,0,66,0,0,0,0,0,0.0,0.0,0,
163,2026-10-09T15:38:19.791815+00:00,163.00129435300005,loop4,1.0003548429995135,354304,0,43,0,0,0,0,0,0.0,0.0,0,
163,2026-10-09T15:38:19.791815+00:00,163.00129435300005,loop5,1.0003548429995135,18432,0,12,0,0,0,0,0,0.0,0.0,0,
163,2026-10-09T15:38:19.791815+00:00,163.00129435300005,loop6,1.0003548429995135,0,0,0,0,0,0,0,0,0.0,0.0,0,
163,2026-10-09T15:38:19.791815+00:00,163.00129435300005,loop7,1.0003548429995135,0,0,0,0,0,0,0,0,0.0,0.0,0,
163,2026-10-09T15:38:19.791815+00:00,163.00129435300005,sr0,1.0003548429995135,1536,0,8,0,0,0,0,0,0.0,0.0,0,
163,2026-10-09T15:38:19.791815+00:00,163.00129435300005,sda,1.0003548429995135,356343296,31844720640,7905,118483,0,12288,0,2,0.0,12283.641235898906,8,
163,2026-10-09T15:38:19.791815+00:00,163.00129435300005,sda1,1.0003548429995135,319488,0,78,0,0,0,0,0,0.0,0.0,0,
163,2026-10-09T15:38:19.791815+00:00,163.00129435300005,sda2,1.0003548429995135,326792192,298422272,6595,48702,0,0,0,0,0.0,0.0,0,
163,2026-10-09T15:38:19.791815+00:00,163.00129435300005,sda3,1.0003548429995135,5571584,118784,155,25,0,0,0,0,0.0,0.0,0,
163,2026-10-09T15:38:19.791815+00:00,163.00129435300005,sda4,1.0003548429995135,4657152,0,116,0,0,0,0,0,0.0,0.0,0,
163,2026-10-09T15:38:19.791815+00:00,163.00129435300005,sda5,1.0003548429995135,16548864,31546179584,826,69756,0,12288,0,2,0.0,12283.641235898906,8,
164,2026-10-09T15:38:20.791380+00:00,164.00079865299995,loop0,0.9995651130002443,374784,0,51,0,0,0,0,0,0.0,0.0,0,
164,2026-10-09T15:38:20.791380+00:00,164.00079865299995,loop1,0.9995651130002443,2107392,0,217,0,0,0,0,0,0.0,0.0,0,
164,2026-10-09T15:38:20.791380+00:00,164.00079865299995,loop2,0.9995651130002443,1106944,0,51,0,0,0,0,0,0.0,0.0,0,
164,2026-10-09T15:38:20.791380+00:00,164.00079865299995,loop3,0.9995651130002443,1141760,0,66,0,0,0,0,0,0.0,0.0,0,
164,2026-10-09T15:38:20.791380+00:00,164.00079865299995,loop4,0.9995651130002443,354304,0,43,0,0,0,0,0,0.0,0.0,0,
164,2026-10-09T15:38:20.791380+00:00,164.00079865299995,loop5,0.9995651130002443,18432,0,12,0,0,0,0,0,0.0,0.0,0,
164,2026-10-09T15:38:20.791380+00:00,164.00079865299995,loop6,0.9995651130002443,0,0,0,0,0,0,0,0,0.0,0.0,0,
164,2026-10-09T15:38:20.791380+00:00,164.00079865299995,loop7,0.9995651130002443,0,0,0,0,0,0,0,0,0.0,0.0,0,
164,2026-10-09T15:38:20.791380+00:00,164.00079865299995,sr0,0.9995651130002443,1536,0,8,0,0,0,0,0,0.0,0.0,0,
164,2026-10-09T15:38:20.791380+00:00,164.00079865299995,sda,0.9995651130002443,356343296,31844720640,7905,118483,0,0,0,0,0.0,0.0,0,
164,2026-10-09T15:38:20.791380+00:00,164.00079865299995,sda1,0.9995651130002443,319488,0,78,0,0,0,0,0,0.0,0.0,0,
164,2026-10-09T15:38:20.791380+00:00,164.00079865299995,sda2,0.9995651130002443,326792192,298422272,6595,48702,0,0,0,0,0.0,0.0,0,
164,2026-10-09T15:38:20.791380+00:00,164.00079865299995,sda3,0.9995651130002443,5571584,118784,155,25,0,0,0,0,0.0,0.0,0,
164,2026-10-09T15:38:20.791380+00:00,164.00079865299995,sda4,0.9995651130002443,4657152,0,116,0,0,0,0,0,0.0,0.0,0,
164,2026-10-09T15:38:20.791380+00:00,164.00079865299995,sda5,0.9995651130002443,16548864,31546179584,826,69756,0,0,0,0,0.0,0.0,0,
165,2026-10-09T15:38:21.791839+00:00,165.00129774200013,loop0,1.00045911899997,374784,0,51,0,0,0,0,0,0.0,0.0,0,
165,2026-10-09T15:38:21.791839+00:00,165.00129774200013,loop1,1.00045911899997,2107392,0,217,0,0,0,0,0,0.0,0.0,0,
165,2026-10-09T15:38:21.791839+00:00,165.00129774200013,loop2,1.00045911899997,1106944,0,51,0,0,0,0,0,0.0,0.0,0,
165,2026-10-09T15:38:21.791839+00:00,165.00129774200013,loop3,1.00045911899997,1141760,0,66,0,0,0,0,0,0.0,0.0,0,
165,2026-10-09T15:38:21.791839+00:00,165.00129774200013,loop4,1.00045911899997,354304,0,43,0,0,0,0,0,0.0,0.0,0,
165,2026-10-09T15:38:21.791839+00:00,165.00129774200013,loop5,1.00045911899997,18432,0,12,0,0,0,0,0,0.0,0.0,0,
165,2026-10-09T15:38:21.791839+00:00,165.00129774200013,loop6,1.00045911899997,0,0,0,0,0,0,0,0,0.0,0.0,0,
165,2026-10-09T15:38:21.791839+00:00,165.00129774200013,loop7,1.00045911899997,0,0,0,0,0,0,0,0,0.0,0.0,0,
165,2026-10-09T15:38:21.791839+00:00,165.00129774200013,sr0,1.00045911899997,1536,0,8,0,0,0,0,0,0.0,0.0,0,
165,2026-10-09T15:38:21.791839+00:00,165.00129774200013,sda,1.00045911899997,356343296,31844745216,7905,118485,0,24576,0,2,0.0,24564.72186946075,8,
165,2026-10-09T15:38:21.791839+00:00,165.00129774200013,sda1,1.00045911899997,319488,0,78,0,0,0,0,0,0.0,0.0,0,
165,2026-10-09T15:38:21.791839+00:00,165.00129774200013,sda2,1.00045911899997,326792192,298446848,6595,48704,0,24576,0,2,0.0,24564.72186946075,8,
165,2026-10-09T15:38:21.791839+00:00,165.00129774200013,sda3,1.00045911899997,5571584,118784,155,25,0,0,0,0,0.0,0.0,0,
165,2026-10-09T15:38:21.791839+00:00,165.00129774200013,sda4,1.00045911899997,4657152,0,116,0,0,0,0,0,0.0,0.0,0,
165,2026-10-09T15:38:21.791839+00:00,165.00129774200013,sda5,1.00045911899997,16548864,31546179584,826,69756,0,0,0,0,0.0,0.0,0,
166,2026-10-09T15:38:22.791467+00:00,166.00074064100045,loop0,0.9996274220002306,374784,0,51,0,0,0,0,0,0.0,0.0,0,
166,2026-10-09T15:38:22.791467+00:00,166.00074064100045,loop1,0.9996274220002306,2107392,0,217,0,0,0,0,0,0.0,0.0,0,
166,2026-10-09T15:38:22.791467+00:00,166.00074064100045,loop2,0.9996274220002306,1106944,0,51,0,0,0,0,0,0.0,0.0,0,
166,2026-10-09T15:38:22.791467+00:00,166.00074064100045,loop3,0.9996274220002306,1141760,0,66,0,0,0,0,0,0.0,0.0,0,
166,2026-10-09T15:38:22.791467+00:00,166.00074064100045,loop4,0.9996274220002306,354304,0,43,0,0,0,0,0,0.0,0.0,0,
166,2026-10-09T15:38:22.791467+00:00,166.00074064100045,loop5,0.9996274220002306,18432,0,12,0,0,0,0,0,0.0,0.0,0,
166,2026-10-09T15:38:22.791467+00:00,166.00074064100045,loop6,0.9996274220002306,0,0,0,0,0,0,0,0,0.0,0.0,0,
166,2026-10-09T15:38:22.791467+00:00,166.00074064100045,loop7,0.9996274220002306,0,0,0,0,0,0,0,0,0.0,0.0,0,
166,2026-10-09T15:38:22.791467+00:00,166.00074064100045,sr0,0.9996274220002306,1536,0,8,0,0,0,0,0,0.0,0.0,0,
166,2026-10-09T15:38:22.791467+00:00,166.00074064100045,sda,0.9996274220002306,356343296,31844745216,7905,118485,0,0,0,0,0.0,0.0,0,
166,2026-10-09T15:38:22.791467+00:00,166.00074064100045,sda1,0.9996274220002306,319488,0,78,0,0,0,0,0,0.0,0.0,0,
166,2026-10-09T15:38:22.791467+00:00,166.00074064100045,sda2,0.9996274220002306,326792192,298446848,6595,48704,0,0,0,0,0.0,0.0,0,
166,2026-10-09T15:38:22.791467+00:00,166.00074064100045,sda3,0.9996274220002306,5571584,118784,155,25,0,0,0,0,0.0,0.0,0,
166,2026-10-09T15:38:22.791467+00:00,166.00074064100045,sda4,0.9996274220002306,4657152,0,116,0,0,0,0,0,0.0,0.0,0,
166,2026-10-09T15:38:22.791467+00:00,166.00074064100045,sda5,0.9996274220002306,16548864,31546179584,826,69756,0,0,0,0,0.0,0.0,0,
167,2026-10-09T15:38:23.791400+00:00,167.000837994,loop0,0.9999335169995902,374784,0,51,0,0,0,0,0,0.0,0.0,0,
167,2026-10-09T15:38:23.791400+00:00,167.000837994,loop1,0.9999335169995902,2107392,0,217,0,0,0,0,0,0.0,0.0,0,
167,2026-10-09T15:38:23.791400+00:00,167.000837994,loop2,0.9999335169995902,1106944,0,51,0,0,0,0,0,0.0,0.0,0,
167,2026-10-09T15:38:23.791400+00:00,167.000837994,loop3,0.9999335169995902,1141760,0,66,0,0,0,0,0,0.0,0.0,0,
167,2026-10-09T15:38:23.791400+00:00,167.000837994,loop4,0.9999335169995902,354304,0,43,0,0,0,0,0,0.0,0.0,0,
167,2026-10-09T15:38:23.791400+00:00,167.000837994,loop5,0.9999335169995902,18432,0,12,0,0,0,0,0,0.0,0.0,0,
167,2026-10-09T15:38:23.791400+00:00,167.000837994,loop6,0.9999335169995902,0,0,0,0,0,0,0,0,0.0,0.0,0,
167,2026-10-09T15:38:23.791400+00:00,167.000837994,loop7,0.9999335169995902,0,0,0,0,0,0,0,0,0.0,0.0,0,
167,2026-10-09T15:38:23.791400+00:00,167.000837994,sr0,0.9999335169995902,1536,0,8,0,0,0,0,0,0.0,0.0,0,
167,2026-10-09T15:38:23.791400+00:00,167.000837994,sda,0.9999335169995902,356343296,31844745216,7905,118485,0,0,0,0,0.0,0.0,0,
167,2026-10-09T15:38:23.791400+00:00,167.000837994,sda1,0.9999335169995902,319488,0,78,0,0,0,0,0,0.0,0.0,0,
167,2026-10-09T15:38:23.791400+00:00,167.000837994,sda2,0.9999335169995902,326792192,298446848,6595,48704,0,0,0,0,0.0,0.0,0,
167,2026-10-09T15:38:23.791400+00:00,167.000837994,sda3,0.9999335169995902,5571584,118784,155,25,0,0,0,0,0.0,0.0,0,
167,2026-10-09T15:38:23.791400+00:00,167.000837994,sda4,0.9999335169995902,4657152,0,116,0,0,0,0,0,0.0,0.0,0,
167,2026-10-09T15:38:23.791400+00:00,167.000837994,sda5,0.9999335169995902,16548864,31546179584,826,69756,0,0,0,0,0.0,0.0,0,
168,2026-10-09T15:38:24.791205+00:00,168.00073021000026,loop0,0.999804681000569,374784,0,51,0,0,0,0,0,0.0,0.0,0,
168,2026-10-09T15:38:24.791205+00:00,168.00073021000026,loop1,0.999804681000569,2107392,0,217,0,0,0,0,0,0.0,0.0,0,
168,2026-10-09T15:38:24.791205+00:00,168.00073021000026,loop2,0.999804681000569,1106944,0,51,0,0,0,0,0,0.0,0.0,0,
168,2026-10-09T15:38:24.791205+00:00,168.00073021000026,loop3,0.999804681000569,1141760,0,66,0,0,0,0,0,0.0,0.0,0,
168,2026-10-09T15:38:24.791205+00:00,168.00073021000026,loop4,0.999804681000569,354304,0,43,0,0,0,0,0,0.0,0.0,0,
168,2026-10-09T15:38:24.791205+00:00,168.00073021000026,loop5,0.999804681000569,18432,0,12,0,0,0,0,0,0.0,0.0,0,
168,2026-10-09T15:38:24.791205+00:00,168.00073021000026,loop6,0.999804681000569,0,0,0,0,0,0,0,0,0.0,0.0,0,
168,2026-10-09T15:38:24.791205+00:00,168.00073021000026,loop7,0.999804681000569,0,0,0,0,0,0,0,0,0.0,0.0,0,
168,2026-10-09T15:38:24.791205+00:00,168.00073021000026,sr0,0.999804681000569,1536,0,8,0,0,0,0,0,0.0,0.0,0,
168,2026-10-09T15:38:24.791205+00:00,168.00073021000026,sda,0.999804681000569,356343296,31848361984,7905,119108,0,3616768,0,623,0.0,3617474.5615118216,624,
168,2026-10-09T15:38:24.791205+00:00,168.00073021000026,sda1,0.999804681000569,319488,0,78,0,0,0,0,0,0.0,0.0,0,
168,2026-10-09T15:38:24.791205+00:00,168.00073021000026,sda2,0.999804681000569,326792192,302030848,6595,49322,0,3584000,0,618,0.0,3584700.160048521,568,
168,2026-10-09T15:38:24.791205+00:00,168.00073021000026,sda3,0.999804681000569,5571584,118784,155,25,0,0,0,0,0.0,0.0,0,
168,2026-10-09T15:38:24.791205+00:00,168.00073021000026,sda4,0.999804681000569,4657152,0,116,0,0,0,0,0,0.0,0.0,0,
168,2026-10-09T15:38:24.791205+00:00,168.00073021000026,sda5,0.999804681000569,16548864,31546212352,826,69761,0,32768,0,5,0.0,32774.40146330076,56,
169,2026-10-09T15:38:25.791417+00:00,169.0008149840005,loop0,1.0002122709993273,374784,0,51,0,0,0,0,0,0.0,0.0,0,
169,2026-10-09T15:38:25.791417+00:00,169.0008149840005,loop1,1.0002122709993273,2107392,0,217,0,0,0,0,0,0.0,0.0,0,
169,2026-10-09T15:38:25.791417+00:00,169.0008149840005,loop2,1.0002122709993273,1106944,0,51,0,0,0,0,0,0.0,0.0,0,
169,2026-10-09T15:38:25.791417+00:00,169.0008149840005,loop3,1.0002122709993273,1141760,0,66,0,0,0,0,0,0.0,0.0,0,
169,2026-10-09T15:38:25.791417+00:00,169.0008149840005,loop4,1.0002122709993273,354304,0,43,0,0,0,0,0,0.0,0.0,0,
169,2026-10-09T15:38:25.791417+00:00,169.0008149840005,loop5,1.0002122709993273,18432,0,12,0,0,0,0,0,0.0,0.0,0,
169,2026-10-09T15:38:25.791417+00:00,169.0008149840005,loop6,1.0002122709993273,0,0,0,0,0,0,0,0,0.0,0.0,0,
169,2026-10-09T15:38:25.791417+00:00,169.0008149840005,loop7,1.0002122709993273,0,0,0,0,0,0,0,0,0.0,0.0,0,
169,2026-10-09T15:38:25.791417+00:00,169.0008149840005,sr0,1.0002122709993273,1536,0,8,0,0,0,0,0,0.0,0.0,0,
169,2026-10-09T15:38:25.791417+00:00,169.0008149840005,sda,1.0002122709993273,356343296,31848374272,7905,119110,0,12288,0,2,0.0,12285.39216752747,272,
169,2026-10-09T15:38:25.791417+00:00,169.0008149840005,sda1,1.0002122709993273,319488,0,78,0,0,0,0,0,0.0,0.0,0,
169,2026-10-09T15:38:25.791417+00:00,169.0008149840005,sda2,1.0002122709993273,326792192,302030848,6595,49322,0,0,0,0,0.0,0.0,0,
169,2026-10-09T15:38:25.791417+00:00,169.0008149840005,sda3,1.0002122709993273,5571584,118784,155,25,0,0,0,0,0.0,0.0,0,
169,2026-10-09T15:38:25.791417+00:00,169.0008149840005,sda4,1.0002122709993273,4657152,0,116,0,0,0,0,0,0.0,0.0,0,
169,2026-10-09T15:38:25.791417+00:00,169.0008149840005,sda5,1.0002122709993273,16548864,31546224640,826,69763,0,12288,0,2,0.0,12285.39216752747,272,
170,2026-10-09T15:38:26.798148+00:00,170.00075033099984,loop0,1.0067312770006538,374784,0,51,0,0,0,0,0,0.0,0.0,0,
170,2026-10-09T15:38:26.798148+00:00,170.00075033099984,loop1,1.0067312770006538,2107392,0,217,0,0,0,0,0,0.0,0.0,0,
170,2026-10-09T15:38:26.798148+00:00,170.00075033099984,loop2,1.0067312770006538,1106944,0,51,0,0,0,0,0,0.0,0.0,0,
170,2026-10-09T15:38:26.798148+00:00,170.00075033099984,loop3,1.0067312770006538,1141760,0,66,0,0,0,0,0,0.0,0.0,0,
170,2026-10-09T15:38:26.798148+00:00,170.00075033099984,loop4,1.0067312770006538,354304,0,43,0,0,0,0,0,0.0,0.0,0,
170,2026-10-09T15:38:26.798148+00:00,170.00075033099984,loop5,1.0067312770006538,18432,0,12,0,0,0,0,0,0.0,0.0,0,
170,2026-10-09T15:38:26.798148+00:00,170.00075033099984,loop6,1.0067312770006538,0,0,0,0,0,0,0,0,0.0,0.0,0,
170,2026-10-09T15:38:26.798148+00:00,170.00075033099984,loop7,1.0067312770006538,0,0,0,0,0,0,0,0,0.0,0.0,0,
170,2026-10-09T15:38:26.798148+00:00,170.00075033099984,sr0,1.0067312770006538,1536,0,8,0,0,0,0,0,0.0,0.0,0,
170,2026-10-09T15:38:26.798148+00:00,170.00075033099984,sda,1.0067312770006538,356343296,31848374272,7905,119110,0,0,0,0,0.0,0.0,0,
170,2026-10-09T15:38:26.798148+00:00,170.00075033099984,sda1,1.0067312770006538,319488,0,78,0,0,0,0,0,0.0,0.0,0,
170,2026-10-09T15:38:26.798148+00:00,170.00075033099984,sda2,1.0067312770006538,326792192,302030848,6595,49322,0,0,0,0,0.0,0.0,0,
170,2026-10-09T15:38:26.798148+00:00,170.00075033099984,sda3,1.0067312770006538,5571584,118784,155,25,0,0,0,0,0.0,0.0,0,
170,2026-10-09T15:38:26.798148+00:00,170.00075033099984,sda4,1.0067312770006538,4657152,0,116,0,0,0,0,0,0.0,0.0,0,
170,2026-10-09T15:38:26.798148+00:00,170.00075033099984,sda5,1.0067312770006538,16548864,31546224640,826,69763,0,0,0,0,0.0,0.0,0,
171,2026-10-09T15:38:27.791616+00:00,171.00095690000035,loop0,0.9934679789994334,374784,0,51,0,0,0,0,0,0.0,0.0,0,
171,2026-10-09T15:38:27.791616+00:00,171.00095690000035,loop1,0.9934679789994334,2107392,0,217,0,0,0,0,0,0.0,0.0,0,
171,2026-10-09T15:38:27.791616+00:00,171.00095690000035,loop2,0.9934679789994334,1106944,0,51,0,0,0,0,0,0.0,0.0,0,
171,2026-10-09T15:38:27.791616+00:00,171.00095690000035,loop3,0.9934679789994334,1141760,0,66,0,0,0,0,0,0.0,0.0,0,
171,2026-10-09T15:38:27.791616+00:00,171.00095690000035,loop4,0.9934679789994334,354304,0,43,0,0,0,0,0,0.0,0.0,0,
171,2026-10-09T15:38:27.791616+00:00,171.00095690000035,loop5,0.9934679789994334,18432,0,12,0,0,0,0,0,0.0,0.0,0,
171,2026-10-09T15:38:27.791616+00:00,171.00095690000035,loop6,0.9934679789994334,0,0,0,0,0,0,0,0,0.0,0.0,0,
171,2026-10-09T15:38:27.791616+00:00,171.00095690000035,loop7,0.9934679789994334,0,0,0,0,0,0,0,0,0.0,0.0,0,
171,2026-10-09T15:38:27.791616+00:00,171.00095690000035,sr0,0.9934679789994334,1536,0,8,0,0,0,0,0,0.0,0.0,0,
171,2026-10-09T15:38:27.791616+00:00,171.00095690000035,sda,0.9934679789994334,356343296,31848407040,7905,119112,0,32768,0,2,0.0,32983.44857878775,8,
171,2026-10-09T15:38:27.791616+00:00,171.00095690000035,sda1,0.9934679789994334,319488,0,78,0,0,0,0,0,0.0,0.0,0,
171,2026-10-09T15:38:27.791616+00:00,171.00095690000035,sda2,0.9934679789994334,326792192,302063616,6595,49324,0,32768,0,2,0.0,32983.44857878775,8,
171,2026-10-09T15:38:27.791616+00:00,171.00095690000035,sda3,0.9934679789994334,5571584,118784,155,25,0,0,0,0,0.0,0.0,0,
171,2026-10-09T15:38:27.791616+00:00,171.00095690000035,sda4,0.9934679789994334,4657152,0,116,0,0,0,0,0,0.0,0.0,0,
171,2026-10-09T15:38:27.791616+00:00,171.00095690000035,sda5,0.9934679789994334,16548864,31546224640,826,69763,0,0,0,0,0.0,0.0,0,
172,2026-10-09T15:38:28.791341+00:00,172.0008387810003,loop0,0.9997244020005382,374784,0,51,0,0,0,0,0,0.0,0.0,0,
172,2026-10-09T15:38:28.791341+00:00,172.0008387810003,loop1,0.9997244020005382,2107392,0,217,0,0,0,0,0,0.0,0.0,0,
172,2026-10-09T15:38:28.791341+00:00,172.0008387810003,loop2,0.9997244020005382,1106944,0,51,0,0,0,0,0,0.0,0.0,0,
172,2026-10-09T15:38:28.791341+00:00,172.0008387810003,loop3,0.9997244020005382,1141760,0,66,0,0,0,0,0,0.0,0.0,0,
172,2026-10-09T15:38:28.791341+00:00,172.0008387810003,loop4,0.9997244020005382,354304,0,43,0,0,0,0,0,0.0,0.0,0,
172,2026-10-09T15:38:28.791341+00:00,172.0008387810003,loop5,0.9997244020005382,18432,0,12,0,0,0,0,0,0.0,0.0,0,
172,2026-10-09T15:38:28.791341+00:00,172.0008387810003,loop6,0.9997244020005382,0,0,0,0,0,0,0,0,0.0,0.0,0,
172,2026-10-09T15:38:28.791341+00:00,172.0008387810003,loop7,0.9997244020005382,0,0,0,0,0,0,0,0,0.0,0.0,0,
172,2026-10-09T15:38:28.791341+00:00,172.0008387810003,sr0,0.9997244020005382,1536,0,8,0,0,0,0,0,0.0,0.0,0,
172,2026-10-09T15:38:28.791341+00:00,172.0008387810003,sda,0.9997244020005382,356343296,31848407040,7905,119112,0,0,0,0,0.0,0.0,0,
172,2026-10-09T15:38:28.791341+00:00,172.0008387810003,sda1,0.9997244020005382,319488,0,78,0,0,0,0,0,0.0,0.0,0,
172,2026-10-09T15:38:28.791341+00:00,172.0008387810003,sda2,0.9997244020005382,326792192,302063616,6595,49324,0,0,0,0,0.0,0.0,0,
172,2026-10-09T15:38:28.791341+00:00,172.0008387810003,sda3,0.9997244020005382,5571584,118784,155,25,0,0,0,0,0.0,0.0,0,
172,2026-10-09T15:38:28.791341+00:00,172.0008387810003,sda4,0.9997244020005382,4657152,0,116,0,0,0,0,0,0.0,0.0,0,
172,2026-10-09T15:38:28.791341+00:00,172.0008387810003,sda5,0.9997244020005382,16548864,31546224640,826,69763,0,0,0,0,0.0,0.0,0,
173,2026-10-09T15:38:29.791284+00:00,173.00083050100056,loop0,0.9999434499995914,374784,0,51,0,0,0,0,0,0.0,0.0,0,
173,2026-10-09T15:38:29.791284+00:00,173.00083050100056,loop1,0.9999434499995914,2107392,0,217,0,0,0,0,0,0.0,0.0,0,
173,2026-10-09T15:38:29.791284+00:00,173.00083050100056,loop2,0.9999434499995914,1106944,0,51,0,0,0,0,0,0.0,0.0,0,
173,2026-10-09T15:38:29.791284+00:00,173.00083050100056,loop3,0.9999434499995914,1141760,0,66,0,0,0,0,0,0.0,0.0,0,
173,2026-10-09T15:38:29.791284+00:00,173.00083050100056,loop4,0.9999434499995914,354304,0,43,0,0,0,0,0,0.0,0.0,0,
173,2026-10-09T15:38:29.791284+00:00,173.00083050100056,loop5,0.9999434499995914,18432,0,12,0,0,0,0,0,0.0,0.0,0,
173,2026-10-09T15:38:29.791284+00:00,173.00083050100056,loop6,0.9999434499995914,0,0,0,0,0,0,0,0,0.0,0.0,0,
173,2026-10-09T15:38:29.791284+00:00,173.00083050100056,loop7,0.9999434499995914,0,0,0,0,0,0,0,0,0.0,0.0,0,
173,2026-10-09T15:38:29.791284+00:00,173.00083050100056,sr0,0.9999434499995914,1536,0,8,0,0,0,0,0,0.0,0.0,0,
173,2026-10-09T15:38:29.791284+00:00,173.00083050100056,sda,0.9999434499995914,356343296,31848448000,7905,119121,0,40960,0,9,0.0,40962.31641901023,52,
173,2026-10-09T15:38:29.791284+00:00,173.00083050100056,sda1,0.9999434499995914,319488,0,78,0,0,0,0,0,0.0,0.0,0,
173,2026-10-09T15:38:29.791284+00:00,173.00083050100056,sda2,0.9999434499995914,326792192,302104576,6595,49333,0,40960,0,9,0.0,40962.31641901023,52,
173,2026-10-09T15:38:29.791284+00:00,173.00083050100056,sda3,0.9999434499995914,5571584,118784,155,25,0,0,0,0,0.0,0.0,0,
173,2026-10-09T15:38:29.791284+00:00,173.00083050100056,sda4,0.9999434499995914,4657152,0,116,0,0,0,0,0,0.0,0.0,0,
173,2026-10-09T15:38:29.791284+00:00,173.00083050100056,sda5,0.9999434499995914,16548864,31546224640,826,69763,0,0,0,0,0.0,0.0,0,
174,2026-10-09T15:38:30.793031+00:00,174.00205263899988,loop0,1.0017471789997217,374784,0,51,0,0,0,0,0,0.0,0.0,0,
174,2026-10-09T15:38:30.793031+00:00,174.00205263899988,loop1,1.0017471789997217,2107392,0,217,0,0,0,0,0,0.0,0.0,0,
174,2026-10-09T15:38:30.793031+00:00,174.00205263899988,loop2,1.0017471789997217,1106944,0,51,0,0,0,0,0,0.0,0.0,0,
174,2026-10-09T15:38:30.793031+00:00,174.00205263899988,loop3,1.0017471789997217,1141760,0,66,0,0,0,0,0,0.0,0.0,0,
174,2026-10-09T15:38:30.793031+00:00,174.00205263899988,loop4,1.0017471789997217,354304,0,43,0,0,0,0,0,0.0,0.0,0,
174,2026-10-09T15:38:30.793031+00:00,174.00205263899988,loop5,1.0017471789997217,18432,0,12,0,0,0,0,0,0.0,0.0,0,
174,2026-10-09T15:38:30.793031+00:00,174.00205263899988,loop6,1.0017471789997217,0,0,0,0,0,0,0,0,0.0,0.0,0,
174,2026-10-09T15:38:30.793031+00:00,174.00205263899988,loop7,1.0017471789997217,0,0,0,0,0,0,0,0,0.0,0.0,0,
174,2026-10-09T15:38:30.793031+00:00,174.00205263899988,sr0,1.0017471789997217,1536,0,8,0,0,0,0,0,0.0,0.0,0,
174,2026-10-09T15:38:30.793031+00:00,174.00205263899988,sda,1.0017471789997217,356343296,31848460288,7905,119123,0,12288,0,2,0.0,12266.568109799902,8,
174,2026-10-09T15:38:30.793031+00:00,174.00205263899988,sda1,1.0017471789997217,319488,0,78,0,0,0,0,0,0.0,0.0,0,
174,2026-10-09T15:38:30.793031+00:00,174.00205263899988,sda2,1.0017471789997217,326792192,302104576,6595,49333,0,0,0,0,0.0,0.0,0,
174,2026-10-09T15:38:30.793031+00:00,174.00205263899988,sda3,1.0017471789997217,5571584,118784,155,25,0,0,0,0,0.0,0.0,0,
174,2026-10-09T15:38:30.793031+00:00,174.00205263899988,sda4,1.0017471789997217,4657152,0,116,0,0,0,0,0,0.0,0.0,0,
174,2026-10-09T15:38:30.793031+00:00,174.00205263899988,sda5,1.0017471789997217,16548864,31546236928,826,69765,0,12288,0,2,0.0,12266.568109799902,8,
175,2026-10-09T15:38:31.791564+00:00,175.00105823100057,loop0,0.9985324200006289,374784,0,51,0,0,0,0,0,0.0,0.0,0,
175,2026-10-09T15:38:31.791564+00:00,175.00105823100057,loop1,0.9985324200006289,2107392,0,217,0,0,0,0,0,0.0,0.0,0,
175,2026-10-09T15:38:31.791564+00:00,175.00105823100057,loop2,0.9985324200006289,1106944,0,51,0,0,0,0,0,0.0,0.0,0,
175,2026-10-09T15:38:31.791564+00:00,175.00105823100057,loop3,0.9985324200006289,1141760,0,66,0,0,0,0,0,0.0,0.0,0,
175,2026-10-09T15:38:31.791564+00:00,175.00105823100057,loop4,0.9985324200006289,354304,0,43,0,0,0,0,0,0.0,0.0,0,
175,2026-10-09T15:38:31.791564+00:00,175.00105823100057,loop5,0.9985324200006289,18432,0,12,0,0,0,0,0,0.0,0.0,0,
175,2026-10-09T15:38:31.791564+00:00,175.00105823100057,loop6,0.9985324200006289,0,0,0,0,0,0,0,0,0.0,0.0,0,
175,2026-10-09T15:38:31.791564+00:00,175.00105823100057,loop7,0.9985324200006289,0,0,0,0,0,0,0,0,0.0,0.0,0,
175,2026-10-09T15:38:31.791564+00:00,175.00105823100057,sr0,0.9985324200006289,1536,0,8,0,0,0,0,0,0.0,0.0,0,
175,2026-10-09T15:38:31.791564+00:00,175.00105823100057,sda,0.9985324200006289,356343296,31848460288,7905,119123,0,0,0,0,0.0,0.0,0,
175,2026-10-09T15:38:31.791564+00:00,175.00105823100057,sda1,0.9985324200006289,319488,0,78,0,0,0,0,0,0.0,0.0,0,
175,2026-10-09T15:38:31.791564+00:00,175.00105823100057,sda2,0.9985324200006289,326792192,302104576,6595,49333,0,0,0,0,0.0,0.0,0,
175,2026-10-09T15:38:31.791564+00:00,175.00105823100057,sda3,0.9985324200006289,5571584,118784,155,25,0,0,0,0,0.0,0.0,0,
175,2026-10-09T15:38:31.791564+00:00,175.00105823100057,sda4,0.9985324200006289,4657152,0,116,0,0,0,0,0,0.0,0.0,0,
175,2026-10-09T15:38:31.791564+00:00,175.00105823100057,sda5,0.9985324200006289,16548864,31546236928,826,69765,0,0,0,0,0.0,0.0,0,
176,2026-10-09T15:38:32.791737+00:00,176.00084313800016,loop0,1.0001724599997033,374784,0,51,0,0,0,0,0,0.0,0.0,0,
176,2026-10-09T15:38:32.791737+00:00,176.00084313800016,loop1,1.0001724599997033,2107392,0,217,0,0,0,0,0,0.0,0.0,0,
176,2026-10-09T15:38:32.791737+00:00,176.00084313800016,loop2,1.0001724599997033,1106944,0,51,0,0,0,0,0,0.0,0.0,0,
176,2026-10-09T15:38:32.791737+00:00,176.00084313800016,loop3,1.0001724599997033,1141760,0,66,0,0,0,0,0,0.0,0.0,0,
176,2026-10-09T15:38:32.791737+00:00,176.00084313800016,loop4,1.0001724599997033,354304,0,43,0,0,0,0,0,0.0,0.0,0,
176,2026-10-09T15:38:32.791737+00:00,176.00084313800016,loop5,1.0001724599997033,18432,0,12,0,0,0,0,0,0.0,0.0,0,
176,2026-10-09T15:38:32.791737+00:00,176.00084313800016,loop6,1.0001724599997033,0,0,0,0,0,0,0,0,0.0,0.0,0,
176,2026-10-09T15:38:32.791737+00:00,176.00084313800016,loop7,1.0001724599997033,0,0,0,0,0,0,0,0,0.0,0.0,0,
176,2026-10-09T15:38:32.791737+00:00,176.00084313800016,sr0,1.0001724599997033,1536,0,8,0,0,0,0,0,0.0,0.0,0,
176,2026-10-09T15:38:32.791737+00:00,176.00084313800016,sda,1.0001724599997033,356343296,31848484864,7905,119125,0,24576,0,2,0.0,24571.76235387174,8,
176,2026-10-09T15:38:32.791737+00:00,176.00084313800016,sda1,1.0001724599997033,319488,0,78,0,0,0,0,0,0.0,0.0,0,
176,2026-10-09T15:38:32.791737+00:00,176.00084313800016,sda2,1.0001724599997033,326792192,302129152,6595,49335,0,24576,0,2,0.0,24571.76235387174,8,
176,2026-10-09T15:38:32.791737+00:00,176.00084313800016,sda3,1.0001724599997033,5571584,118784,155,25,0,0,0,0,0.0,0.0,0,
176,2026-10-09T15:38:32.791737+00:00,176.00084313800016,sda4,1.0001724599997033,4657152,0,116,0,0,0,0,0,0.0,0.0,0,
176,2026-10-09T15:38:32.791737+00:00,176.00084313800016,sda5,1.0001724599997033,16548864,31546236928,826,69765,0,0,0,0,0.0,0.0,0,
177,2026-10-09T15:38:33.791682+00:00,177.00110305900034,loop0,0.9999451069998031,374784,0,51,0,0,0,0,0,0.0,0.0,0,
177,2026-10-09T15:38:33.791682+00:00,177.00110305900034,loop1,0.9999451069998031,2107392,0,217,0,0,0,0,0,0.0,0.0,0,
177,2026-10-09T15:38:33.791682+00:00,177.00110305900034,loop2,0.9999451069998031,1106944,0,51,0,0,0,0,0,0.0,0.0,0,
177,2026-10-09T15:38:33.791682+00:00,177.00110305900034,loop3,0.9999451069998031,1141760,0,66,0,0,0,0,0,0.0,0.0,0,
177,2026-10-09T15:38:33.791682+00:00,177.00110305900034,loop4,0.9999451069998031,354304,0,43,0,0,0,0,0,0.0,0.0,0,
177,2026-10-09T15:38:33.791682+00:00,177.00110305900034,loop5,0.9999451069998031,18432,0,12,0,0,0,0,0,0.0,0.0,0,
177,2026-10-09T15:38:33.791682+00:00,177.00110305900034,loop6,0.9999451069998031,0,0,0,0,0,0,0,0,0.0,0.0,0,
177,2026-10-09T15:38:33.791682+00:00,177.00110305900034,loop7,0.9999451069998031,0,0,0,0,0,0,0,0,0.0,0.0,0,
177,2026-10-09T15:38:33.791682+00:00,177.00110305900034,sr0,0.9999451069998031,1536,0,8,0,0,0,0,0,0.0,0.0,0,
177,2026-10-09T15:38:33.791682+00:00,177.00110305900034,sda,0.9999451069998031,356343296,31848484864,7905,119125,0,0,0,0,0.0,0.0,0,
177,2026-10-09T15:38:33.791682+00:00,177.00110305900034,sda1,0.9999451069998031,319488,0,78,0,0,0,0,0,0.0,0.0,0,
177,2026-10-09T15:38:33.791682+00:00,177.00110305900034,sda2,0.9999451069998031,326792192,302129152,6595,49335,0,0,0,0,0.0,0.0,0,
177,2026-10-09T15:38:33.791682+00:00,177.00110305900034,sda3,0.9999451069998031,5571584,118784,155,25,0,0,0,0,0.0,0.0,0,
177,2026-10-09T15:38:33.791682+00:00,177.00110305900034,sda4,0.9999451069998031,4657152,0,116,0,0,0,0,0,0.0,0.0,0,
177,2026-10-09T15:38:33.791682+00:00,177.00110305900034,sda5,0.9999451069998031,16548864,31546236928,826,69765,0,0,0,0,0.0,0.0,0,
178,2026-10-09T15:38:34.791423+00:00,178.00087090600027,loop0,0.9997416249998423,374784,0,51,0,0,0,0,0,0.0,0.0,0,
178,2026-10-09T15:38:34.791423+00:00,178.00087090600027,loop1,0.9997416249998423,2107392,0,217,0,0,0,0,0,0.0,0.0,0,
178,2026-10-09T15:38:34.791423+00:00,178.00087090600027,loop2,0.9997416249998423,1106944,0,51,0,0,0,0,0,0.0,0.0,0,
178,2026-10-09T15:38:34.791423+00:00,178.00087090600027,loop3,0.9997416249998423,1141760,0,66,0,0,0,0,0,0.0,0.0,0,
178,2026-10-09T15:38:34.791423+00:00,178.00087090600027,loop4,0.9997416249998423,354304,0,43,0,0,0,0,0,0.0,0.0,0,
178,2026-10-09T15:38:34.791423+00:00,178.00087090600027,loop5,0.9997416249998423,18432,0,12,0,0,0,0,0,0.0,0.0,0,
178,2026-10-09T15:38:34.791423+00:00,178.00087090600027,loop6,0.9997416249998423,0,0,0,0,0,0,0,0,0.0,0.0,0,
178,2026-10-09T15:38:34.791423+00:00,178.00087090600027,loop7,0.9997416249998423,0,0,0,0,0,0,0,0,0.0,0.0,0,
178,2026-10-09T15:38:34.791423+00:00,178.00087090600027,sr0,0.9997416249998423,1536,0,8,0,0,0,0,0,0.0,0.0,0,
178,2026-10-09T15:38:34.791423+00:00,178.00087090600027,sda,0.9997416249998423,356343296,31848484864,7905,119125,0,0,0,0,0.0,0.0,0,
178,2026-10-09T15:38:34.791423+00:00,178.00087090600027,sda1,0.9997416249998423,319488,0,78,0,0,0,0,0,0.0,0.0,0,
178,2026-10-09T15:38:34.791423+00:00,178.00087090600027,sda2,0.9997416249998423,326792192,302129152,6595,49335,0,0,0,0,0.0,0.0,0,
178,2026-10-09T15:38:34.791423+00:00,178.00087090600027,sda3,0.9997416249998423,5571584,118784,155,25,0,0,0,0,0.0,0.0,0,
178,2026-10-09T15:38:34.791423+00:00,178.00087090600027,sda4,0.9997416249998423,4657152,0,116,0,0,0,0,0,0.0,0.0,0,
178,2026-10-09T15:38:34.791423+00:00,178.00087090600027,sda5,0.9997416249998423,16548864,31546236928,826,69765,0,0,0,0,0.0,0.0,0,
179,2026-10-09T15:38:35.791667+00:00,179.00088711399985,loop0,1.0002434220004943,374784,0,51,0,0,0,0,0,0.0,0.0,0,
179,2026-10-09T15:38:35.791667+00:00,179.00088711399985,loop1,1.0002434220004943,2107392,0,217,0,0,0,0,0,0.0,0.0,0,
179,2026-10-09T15:38:35.791667+00:00,179.00088711399985,loop2,1.0002434220004943,1106944,0,51,0,0,0,0,0,0.0,0.0,0,
179,2026-10-09T15:38:35.791667+00:00,179.00088711399985,loop3,1.0002434220004943,1141760,0,66,0,0,0,0,0,0.0,0.0,0,
179,2026-10-09T15:38:35.791667+00:00,179.00088711399985,loop4,1.0002434220004943,354304,0,43,0,0,0,0,0,0.0,0.0,0,
179,2026-10-09T15:38:35.791667+00:00,179.00088711399985,loop5,1.0002434220004943,18432,0,12,0,0,0,0,0,0.0,0.0,0,
179,2026-10-09T15:38:35.791667+00:00,179.00088711399985,loop6,1.0002434220004943,0,0,0,0,0,0,0,0,0.0,0.0,0,
179,2026-10-09T15:38:35.791667+00:00,179.00088711399985,loop7,1.0002434220004943,0,0,0,0,0,0,0,0,0.0,0.0,0,
179,2026-10-09T15:38:35.791667+00:00,179.00088711399985,sr0,1.0002434220004943,1536,0,8,0,0,0,0,0,0.0,0.0,0,
179,2026-10-09T15:38:35.791667+00:00,179.00088711399985,sda,1.0002434220004943,356343296,31848497152,7905,119127,0,12288,0,2,0.0,12285.009558397203,8,
179,2026-10-09T15:38:35.791667+00:00,179.00088711399985,sda1,1.0002434220004943,319488,0,78,0,0,0,0,0,0.0,0.0,0,
179,2026-10-09T15:38:35.791667+00:00,179.00088711399985,sda2,1.0002434220004943,326792192,302129152,6595,49335,0,0,0,0,0.0,0.0,0,
179,2026-10-09T15:38:35.791667+00:00,179.00088711399985,sda3,1.0002434220004943,5571584,118784,155,25,0,0,0,0,0.0,0.0,0,
179,2026-10-09T15:38:35.791667+00:00,179.00088711399985,sda4,1.0002434220004943,4657152,0,116,0,0,0,0,0,0.0,0.0,0,
179,2026-10-09T15:38:35.791667+00:00,179.00088711399985,sda5,1.0002434220004943,16548864,31546249216,826,69767,0,12288,0,2,0.0,12285.009558397203,8,
180,2026-10-09T15:38:36.791204+00:00,180.00074741499975,loop0,0.9995371139993949,374784,0,51,0,0,0,0,0,0.0,0.0,0,
180,2026-10-09T15:38:36.791204+00:00,180.00074741499975,loop1,0.9995371139993949,2107392,0,217,0,0,0,0,0,0.0,0.0,0,
180,2026-10-09T15:38:36.791204+00:00,180.00074741499975,loop2,0.9995371139993949,1106944,0,51,0,0,0,0,0,0.0,0.0,0,
180,2026-10-09T15:38:36.791204+00:00,180.00074741499975,loop3,0.9995371139993949,1141760,0,66,0,0,0,0,0,0.0,0.0,0,
180,2026-10-09T15:38:36.791204+00:00,180.00074741499975,loop4,0.9995371139993949,354304,0,43,0,0,0,0,0,0.0,0.0,0,
180,2026-10-09T15:38:36.791204+00:00,180.00074741499975,loop5,0.9995371139993949,18432,0,12,0,0,0,0,0,0.0,0.0,0,
180,2026-10-09T15:38:36.791204+00:00,180.00074741499975,loop6,0.9995371139993949,0,0,0,0,0,0,0,0,0.0,0.0,0,
180,2026-10-09T15:38:36.791204+00:00,180.00074741499975,loop7,0.9995371139993949,0,0,0,0,0,0,0,0,0.0,0.0,0,
180,2026-10-09T15:38:36.791204+00:00,180.00074741499975,sr0,0.9995371139993949,1536,0,8,0,0,0,0,0,0.0,0.0,0,
180,2026-10-09T15:38:36.791204+00:00,180.00074741499975,sda,0.9995371139993949,356343296,31848599552,7905,119132,0,102400,0,5,0.0,102447.42147719988,4,
180,2026-10-09T15:38:36.791204+00:00,180.00074741499975,sda1,0.9995371139993949,319488,0,78,0,0,0,0,0,0.0,0.0,0,
180,2026-10-09T15:38:36.791204+00:00,180.00074741499975,sda2,0.9995371139993949,326792192,302129152,6595,49335,0,0,0,0,0.0,0.0,0,
180,2026-10-09T15:38:36.791204+00:00,180.00074741499975,sda3,0.9995371139993949,5571584,118784,155,25,0,0,0,0,0.0,0.0,0,
180,2026-10-09T15:38:36.791204+00:00,180.00074741499975,sda4,0.9995371139993949,4657152,0,116,0,0,0,0,0,0.0,0.0,0,
180,2026-10-09T15:38:36.791204+00:00,180.00074741499975,sda5,0.9995371139993949,16548864,31546351616,826,69772,0,102400,0,5,0.0,102447.42147719988,4,
181,2026-10-09T15:38:37.791264+00:00,181.0008111369998,loop0,1.00006086600024,374784,0,51,0,0,0,0,0,0.0,0.0,0,
181,2026-10-09T15:38:37.791264+00:00,181.0008111369998,loop1,1.00006086600024,2107392,0,217,0,0,0,0,0,0.0,0.0,0,
181,2026-10-09T15:38:37.791264+00:00,181.0008111369998,loop2,1.00006086600024,1106944,0,51,0,0,0,0,0,0.0,0.0,0,
181,2026-10-09T15:38:37.791264+00:00,181.0008111369998,loop3,1.00006086600024,1141760,0,66,0,0,0,0,0,0.0,0.0,0,
181,2026-10-09T15:38:37.791264+00:00,181.0008111369998,loop4,1.00006086600024,354304,0,43,0,0,0,0,0,0.0,0.0,0,
181,2026-10-09T15:38:37.791264+00:00,181.0008111369998,loop5,1.00006086600024,18432,0,12,0,0,0,0,0,0.0,0.0,0,
181,2026-10-09T15:38:37.791264+00:00,181.0008111369998,loop6,1.00006086600024,0,0,0,0,0,0,0,0,0.0,0.0,0,
181,2026-10-09T15:38:37.791264+00:00,181.0008111369998,loop7,1.00006086600024,0,0,0,0,0,0,0,0,0.0,0.0,0,
181,2026-10-09T15:38:37.791264+00:00,181.0008111369998,sr0,1.00006086600024,1536,0,8,0,0,0,0,0,0.0,0.0,0,
181,2026-10-09T15:38:37.791264+00:00,181.0008111369998,sda,1.00006086600024,356343296,31848624128,7905,119134,0,24576,0,2,0.0,24574.50424821853,8,
181,2026-10-09T15:38:37.791264+00:00,181.0008111369998,sda1,1.00006086600024,319488,0,78,0,0,0,0,0,0.0,0.0,0,
181,2026-10-09T15:38:37.791264+00:00,181.0008111369998,sda2,1.00006086600024,326792192,302153728,6595,49337,0,24576,0,2,0.0,24574.50424821853,8,
181,2026-10-09T15:38:37.791264+00:00,181.0008111369998,sda3,1.00006086600024,5571584,118784,155,25,0,0,0,0,0.0,0.0,0,
181,2026-10-09T15:38:37.791264+00:00,181.0008111369998,sda4,1.00006086600024,4657152,0,116,0,0,0,0,0,0.0,0.0,0,
181,2026-10-09T15:38:37.791264+00:00,181.0008111369998,sda5,1.00006086600024,16548864,31546351616,826,69772,0,0,0,0,0.0,0.0,0,
182,2026-10-09T15:38:38.792098+00:00,182.001663518,loop0,1.0008338620000359,374784,0,51,0,0,0,0,0,0.0,0.0,0,
182,2026-10-09T15:38:38.792098+00:00,182.001663518,loop1,1.0008338620000359,2107392,0,217,0,0,0,0,0,0.0,0.0,0,
182,2026-10-09T15:38:38.792098+00:00,182.001663518,loop2,1.0008338620000359,1106944,0,51,0,0,0,0,0,0.0,0.0,0,
182,2026-10-09T15:38:38.792098+00:00,182.001663518,loop3,1.0008338620000359,1141760,0,66,0,0,0,0,0,0.0,0.0,0,
182,2026-10-09T15:38:38.792098+00:00,182.001663518,loop4,1.0008338620000359,354304,0,43,0,0,0,0,0,0.0,0.0,0,
182,2026-10-09T15:38:38.792098+00:00,182.001663518,loop5,1.0008338620000359,18432,0,12,0,0,0,0,0,0.0,0.0,0,
182,2026-10-09T15:38:38.792098+00:00,182.001663518,loop6,1.0008338620000359,0,0,0,0,0,0,0,0,0.0,0.0,0,
182,2026-10-09T15:38:38.792098+00:00,182.001663518,loop7,1.0008338620000359,0,0,0,0,0,0,0,0,0.0,0.0,0,
182,2026-10-09T15:38:38.792098+00:00,182.001663518,sr0,1.0008338620000359,1536,0,8,0,0,0,0,0,0.0,0.0,0,
182,2026-10-09T15:38:38.792098+00:00,182.001663518,sda,1.0008338620000359,356343296,31848624128,7905,119134,0,0,0,0,0.0,0.0,0,
182,2026-10-09T15:38:38.792098+00:00,182.001663518,sda1,1.0008338620000359,319488,0,78,0,0,0,0,0,0.0,0.0,0,
182,2026-10-09T15:38:38.792098+00:00,182.001663518,sda2,1.0008338620000359,326792192,302153728,6595,49337,0,0,0,0,0.0,0.0,0,
182,2026-10-09T15:38:38.792098+00:00,182.001663518,sda3,1.0008338620000359,5571584,118784,155,25,0,0,0,0,0.0,0.0,0,
182,2026-10-09T15:38:38.792098+00:00,182.001663518,sda4,1.0008338620000359,4657152,0,116,0,0,0,0,0,0.0,0.0,0,
182,2026-10-09T15:38:38.792098+00:00,182.001663518,sda5,1.0008338620000359,16548864,31546351616,826,69772,0,0,0,0,0.0,0.0,0,
183,2026-10-09T15:38:39.791214+00:00,183.00071883300006,loop0,0.9991156910000427,374784,0,51,0,0,0,0,0,0.0,0.0,0,
183,2026-10-09T15:38:39.791214+00:00,183.00071883300006,loop1,0.9991156910000427,2107392,0,217,0,0,0,0,0,0.0,0.0,0,
183,2026-10-09T15:38:39.791214+00:00,183.00071883300006,loop2,0.9991156910000427,1106944,0,51,0,0,0,0,0,0.0,0.0,0,
183,2026-10-09T15:38:39.791214+00:00,183.00071883300006,loop3,0.9991156910000427,1141760,0,66,0,0,0,0,0,0.0,0.0,0,
183,2026-10-09T15:38:39.791214+00:00,183.00071883300006,loop4,0.9991156910000427,354304,0,43,0,0,0,0,0,0.0,0.0,0,
183,2026-10-09T15:38:39.791214+00:00,183.00071883300006,loop5,0.9991156910000427,18432,0,12,0,0,0,0,0,0.0,0.0,0,
183,2026-10-09T15:38:39.791214+00:00,183.00071883300006,loop6,0.9991156910000427,0,0,0,0,0,0,0,0,0.0,0.0,0,
183,2026-10-09T15:38:39.791214+00:00,183.00071883300006,loop7,0.9991156910000427,0,0,0,0,0,0,0,0,0.0,0.0,0,
183,2026-10-09T15:38:39.791214+00:00,183.00071883300006,sr0,0.9991156910000427,1536,0,8,0,0,0,0,0,0.0,0.0,0,
183,2026-10-09T15:38:39.791214+00:00,183.00071883300006,sda,0.9991156910000427,356343296,31848624128,7905,119134,0,0,0,0,0.0,0.0,0,
183,2026-10-09T15:38:39.791214+00:00,183.00071883300006,sda1,0.9991156910000427,319488,0,78,0,0,0,0,0,0.0,0.0,0,
183,2026-10-09T15:38:39.791214+00:00,183.00071883300006,sda2,0.9991156910000427,326792192,302153728,6595,49337,0,0,0,0,0.0,0.0,0,
183,2026-10-09T15:38:39.791214+00:00,183.00071883300006,sda3,0.9991156910000427,5571584,118784,155,25,0,0,0,0,0.0,0.0,0,
183,2026-10-09T15:38:39.791214+00:00,183.00071883300006,sda4,0.9991156910000427,4657152,0,116,0,0,0,0,0,0.0,0.0,0,
183,2026-10-09T15:38:39.791214+00:00,183.00071883300006,sda5,0.9991156910000427,16548864,31546351616,826,69772,0,0,0,0,0.0,0.0,0,
184,2026-10-09T15:38:40.791754+00:00,184.00107319100061,loop0,1.0005400810005085,374784,0,51,0,0,0,0,0,0.0,0.0,0,
184,2026-10-09T15:38:40.791754+00:00,184.00107319100061,loop1,1.0005400810005085,2107392,0,217,0,0,0,0,0,0.0,0.0,0,
184,2026-10-09T15:38:40.791754+00:00,184.00107319100061,loop2,1.0005400810005085,1106944,0,51,0,0,0,0,0,0.0,0.0,0,
184,2026-10-09T15:38:40.791754+00:00,184.00107319100061,loop3,1.0005400810005085,1141760,0,66,0,0,0,0,0,0.0,0.0,0,
184,2026-10-09T15:38:40.791754+00:00,184.00107319100061,loop4,1.0005400810005085,354304,0,43,0,0,0,0,0,0.0,0.0,0,
184,2026-10-09T15:38:40.791754+00:00,184.00107319100061,loop5,1.0005400810005085,18432,0,12,0,0,0,0,0,0.0,0.0,0,
184,2026-10-09T15:38:40.791754+00:00,184.00107319100061,loop6,1.0005400810005085,0,0,0,0,0,0,0,0,0.0,0.0,0,
184,2026-10-09T15:38:40.791754+00:00,184.00107319100061,loop7,1.0005400810005085,0,0,0,0,0,0,0,0,0.0,0.0,0,
184,2026-10-09T15:38:40.791754+00:00,184.00107319100061,sr0,1.0005400810005085,1536,0,8,0,0,0,0,0,0.0,0.0,0,
184,2026-10-09T15:38:40.791754+00:00,184.00107319100061,sda,1.0005400810005085,356343296,31848669184,7905,119136,0,45056,0,2,0.0,45031.67924561845,8,
184,2026-10-09T15:38:40.791754+00:00,184.00107319100061,sda1,1.0005400810005085,319488,0,78,0,0,0,0,0,0.0,0.0,0,
184,2026-10-09T15:38:40.791754+00:00,184.00107319100061,sda2,1.0005400810005085,326792192,302153728,6595,49337,0,0,0,0,0.0,0.0,0,
184,2026-10-09T15:38:40.791754+00:00,184.00107319100061,sda3,1.0005400810005085,5571584,118784,155,25,0,0,0,0,0.0,0.0,0,
184,2026-10-09T15:38:40.791754+00:00,184.00107319100061,sda4,1.0005400810005085,4657152,0,116,0,0,0,0,0,0.0,0.0,0,
184,2026-10-09T15:38:40.791754+00:00,184.00107319100061,sda5,1.0005400810005085,16548864,31546396672,826,69774,0,45056,0,2,0.0,45031.67924561845,8,
185,2026-10-09T15:38:41.792077+00:00,185.00148334500045,loop0,1.0003229949998058,374784,0,51,0,0,0,0,0,0.0,0.0,0,
185,2026-10-09T15:38:41.792077+00:00,185.00148334500045,loop1,1.0003229949998058,2107392,0,217,0,0,0,0,0,0.0,0.0,0,
185,2026-10-09T15:38:41.792077+00:00,185.00148334500045,loop2,1.0003229949998058,1106944,0,51,0,0,0,0,0,0.0,0.0,0,
185,2026-10-09T15:38:41.792077+00:00,185.00148334500045,loop3,1.0003229949998058,1141760,0,66,0,0,0,0,0,0.0,0.0,0,
185,2026-10-09T15:38:41.792077+00:00,185.00148334500045,loop4,1.0003229949998058,354304,0,43,0,0,0,0,0,0.0,0.0,0,
185,2026-10-09T15:38:41.792077+00:00,185.00148334500045,loop5,1.0003229949998058,18432,0,12,0,0,0,0,0,0.0,0.0,0,
185,2026-10-09T15:38:41.792077+00:00,185.00148334500045,loop6,1.0003229949998058,0,0,0,0,0,0,0,0,0.0,0.0,0,
185,2026-10-09T15:38:41.792077+00:00,185.00148334500045,loop7,1.0003229949998058,0,0,0,0,0,0,0,0,0.0,0.0,0,
185,2026-10-09T15:38:41.792077+00:00,185.00148334500045,sr0,1.0003229949998058,1536,0,8,0,0,0,0,0,0.0,0.0,0,
185,2026-10-09T15:38:41.792077+00:00,185.00148334500045,sda,1.0003229949998058,356343296,31848669184,7905,119136,0,0,0,0,0.0,0.0,0,
185,2026-10-09T15:38:41.792077+00:00,185.00148334500045,sda1,1.0003229949998058,319488,0,78,0,0,0,0,0,0.0,0.0,0,
185,2026-10-09T15:38:41.792077+00:00,185.00148334500045,sda2,1.0003229949998058,326792192,302153728,6595,49337,0,0,0,0,0.0,0.0,0,
185,2026-10-09T15:38:41.792077+00:00,185.00148334500045,sda3,1.0003229949998058,5571584,118784,155,25,0,0,0,0,0.0,0.0,0,
185,2026-10-09T15:38:41.792077+00:00,185.00148334500045,sda4,1.0003229949998058,4657152,0,116,0,0,0,0,0,0.0,0.0,0,
185,2026-10-09T15:38:41.792077+00:00,185.00148334500045,sda5,1.0003229949998058,16548864,31546396672,826,69774,0,0,0,0,0.0,0.0,0,
186,2026-10-09T15:38:42.791194+00:00,186.000738146,loop0,0.999117182000191,374784,0,51,0,0,0,0,0,0.0,0.0,0,
186,2026-10-09T15:38:42.791194+00:00,186.000738146,loop1,0.999117182000191,2107392,0,217,0,0,0,0,0,0.0,0.0,0,
186,2026-10-09T15:38:42.791194+00:00,186.000738146,loop2,0.999117182000191,1106944,0,51,0,0,0,0,0,0.0,0.0,0,
186,2026-10-09T15:38:42.791194+00:00,186.000738146,loop3,0.999117182000191,1141760,0,66,0,0,0,0,0,0.0,0.0,0,
186,2026-10-09T15:38:42.791194+00:00,186.000738146,loop4,0.999117182000191,354304,0,43,0,0,0,0,0,0.0,0.0,0,
186,2026-10-09T15:38:42.791194+00:00,186.000738146,loop5,0.999117182000191,18432,0,12,0,0,0,0,0,0.0,0.0,0,
186,2026-10-09T15:38:42.791194+00:00,186.000738146,loop6,0.999117182000191,0,0,0,0,0,0,0,0,0.0,0.0,0,
186,2026-10-09T15:38:42.791194+00:00,186.000738146,loop7,0.999117182000191,0,0,0,0,0,0,0,0,0.0,0.0,0,
186,2026-10-09T15:38:42.791194+00:00,186.000738146,sr0,0.999117182000191,1536,0,8,0,0,0,0,0,0.0,0.0,0,
186,2026-10-09T15:38:42.791194+00:00,186.000738146,sda,0.999117182000191,356343296,31848693760,7905,119138,0,24576,0,2,0.0,24597.71530582616,8,
186,2026-10-09T15:38:42.791194+00:00,186.000738146,sda1,0.999117182000191,319488,0,78,0,0,0,0,0,0.0,0.0,0,
186,2026-10-09T15:38:42.791194+00:00,186.000738146,sda2,0.999117182000191,326792192,302178304,6595,49339,0,24576,0,2,0.0,24597.71530582616,8,
186,2026-10-09T15:38:42.791194+00:00,186.000738146,sda3,0.999117182000191,5571584,118784,155,25,0,0,0,0,0.0,0.0,0,
186,2026-10-09T15:38:42.791194+00:00,186.000738146,sda4,0.999117182000191,4657152,0,116,0,0,0,0,0,0.0,0.0,0,
186,2026-10-09T15:38:42.791194+00:00,186.000738146,sda5,0.999117182000191,16548864,31546396672,826,69774,0,0,0,0,0.0,0.0,0,
187,2026-10-09T15:38:43.791295+00:00,187.00083423100023,loop0,1.0001012339998852,374784,0,51,0,0,0,0,0,0.0,0.0,0,
187,2026-10-09T15:38:43.791295+00:00,187.00083423100023,loop1,1.0001012339998852,2107392,0,217,0,0,0,0,0,0.0,0.0,0,
187,2026-10-09T15:38:43.791295+00:00,187.00083423100023,loop2,1.0001012339998852,1106944,0,51,0,0,0,0,0,0.0,0.0,0,
187,2026-10-09T15:38:43.791295+00:00,187.00083423100023,loop3,1.0001012339998852,1141760,0,66,0,0,0,0,0,0.0,0.0,0,
187,2026-10-09T15:38:43.791295+00:00,187.00083423100023,loop4,1.0001012339998852,354304,0,43,0,0,0,0,0,0.0,0.0,0,
187,2026-10-09T15:38:43.791295+00:00,187.00083423100023,loop5,1.0001012339998852,18432,0,12,0,0,0,0,0,0.0,0.0,0,
187,2026-10-09T15:38:43.791295+00:00,187.00083423100023,loop6,1.0001012339998852,0,0,0,0,0,0,0,0,0.0,0.0,0,
187,2026-10-09T15:38:43.791295+00:00,187.00083423100023,loop7,1.0001012339998852,0,0,0,0,0,0,0,0,0.0,0.0,0,
187,2026-10-09T15:38:43.791295+00:00,187.00083423100023,sr0,1.0001012339998852,1536,0,8,0,0,0,0,0,0.0,0.0,0,
187,2026-10-09T15:38:43.791295+00:00,187.00083423100023,sda,1.0001012339998852,356343296,31848693760,7905,119138,0,0,0,0,0.0,0.0,0,
187,2026-10-09T15:38:43.791295+00:00,187.00083423100023,sda1,1.0001012339998852,319488,0,78,0,0,0,0,0,0.0,0.0,0,
187,2026-10-09T15:38:43.791295+00:00,187.00083423100023,sda2,1.0001012339998852,326792192,302178304,6595,49339,0,0,0,0,0.0,0.0,0,
187,2026-10-09T15:38:43.791295+00:00,187.00083423100023,sda3,1.0001012339998852,5571584,118784,155,25,0,0,0,0,0.0,0.0,0,
187,2026-10-09T15:38:43.791295+00:00,187.00083423100023,sda4,1.0001012339998852,4657152,0,116,0,0,0,0,0,0.0,0.0,0,
187,2026-10-09T15:38:43.791295+00:00,187.00083423100023,sda5,1.0001012339998852,16548864,31546396672,826,69774,0,0,0,0,0.0,0.0,0,
188,2026-10-09T15:38:44.791904+00:00,188.001414802,loop0,1.0006083349999244,374784,0,51,0,0,0,0,0,0.0,0.0,0,
188,2026-10-09T15:38:44.791904+00:00,188.001414802,loop1,1.0006083349999244,2107392,0,217,0,0,0,0,0,0.0,0.0,0,
188,2026-10-09T15:38:44.791904+00:00,188.001414802,loop2,1.0006083349999244,1106944,0,51,0,0,0,0,0,0.0,0.0,0,
188,2026-10-09T15:38:44.791904+00:00,188.001414802,loop3,1.0006083349999244,1141760,0,66,0,0,0,0,0,0.0,0.0,0,
188,2026-10-09T15:38:44.791904+00:00,188.001414802,loop4,1.0006083349999244,354304,0,43,0,0,0,0,0,0.0,0.0,0,
188,2026-10-09T15:38:44.791904+00:00,188.001414802,loop5,1.0006083349999244,18432,0,12,0,0,0,0,0,0.0,0.0,0,
188,2026-10-09T15:38:44.791904+00:00,188.001414802,loop6,1.0006083349999244,0,0,0,0,0,0,0,0,0.0,0.0,0,
188,2026-10-09T15:38:44.791904+00:00,188.001414802,loop7,1.0006083349999244,0,0,0,0,0,0,0,0,0.0,0.0,0,
188,2026-10-09T15:38:44.791904+00:00,188.001414802,sr0,1.0006083349999244,1536,0,8,0,0,0,0,0,0.0,0.0,0,
188,2026-10-09T15:38:44.791904+00:00,188.001414802,sda,1.0006083349999244,356343296,31848693760,7905,119138,0,0,0,0,0.0,0.0,0,
188,2026-10-09T15:38:44.791904+00:00,188.001414802,sda1,1.0006083349999244,319488,0,78,0,0,0,0,0,0.0,0.0,0,
188,2026-10-09T15:38:44.791904+00:00,188.001414802,sda2,1.0006083349999244,326792192,302178304,6595,49339,0,0,0,0,0.0,0.0,0,
188,2026-10-09T15:38:44.791904+00:00,188.001414802,sda3,1.0006083349999244,5571584,118784,155,25,0,0,0,0,0.0,0.0,0,
188,2026-10-09T15:38:44.791904+00:00,188.001414802,sda4,1.0006083349999244,4657152,0,116,0,0,0,0,0,0.0,0.0,0,
188,2026-10-09T15:38:44.791904+00:00,188.001414802,sda5,1.0006083349999244,16548864,31546396672,826,69774,0,0,0,0,0.0,0.0,0,
189,2026-10-09T15:38:45.791374+00:00,189.00080916200022,loop0,0.9994700299994292,374784,0,51,0,0,0,0,0,0.0,0.0,0,
189,2026-10-09T15:38:45.791374+00:00,189.00080916200022,loop1,0.9994700299994292,2107392,0,217,0,0,0,0,0,0.0,0.0,0,
189,2026-10-09T15:38:45.791374+00:00,189.00080916200022,loop2,0.9994700299994292,1106944,0,51,0,0,0,0,0,0.0,0.0,0,
189,2026-10-09T15:38:45.791374+00:00,189.00080916200022,loop3,0.9994700299994292,1141760,0,66,0,0,0,0,0,0.0,0.0,0,
189,2026-10-09T15:38:45.791374+00:00,189.00080916200022,loop4,0.9994700299994292,354304,0,43,0,0,0,0,0,0.0,0.0,0,
189,2026-10-09T15:38:45.791374+00:00,189.00080916200022,loop5,0.9994700299994292,18432,0,12,0,0,0,0,0,0.0,0.0,0,
189,2026-10-09T15:38:45.791374+00:00,189.00080916200022,loop6,0.9994700299994292,0,0,0,0,0,0,0,0,0.0,0.0,0,
189,2026-10-09T15:38:45.791374+00:00,189.00080916200022,loop7,0.9994700299994292,0,0,0,0,0,0,0,0,0.0,0.0,0,
189,2026-10-09T15:38:45.791374+00:00,189.00080916200022,sr0,0.9994700299994292,1536,0,8,0,0,0,0,0,0.0,0.0,0,
189,2026-10-09T15:38:45.791374+00:00,189.00080916200022,sda,0.9994700299994292,356343296,31848738816,7905,119142,0,45056,0,4,0.0,45079.89098985362,12,
189,2026-10-09T15:38:45.791374+00:00,189.00080916200022,sda1,0.9994700299994292,319488,0,78,0,0,0,0,0,0.0,0.0,0,
189,2026-10-09T15:38:45.791374+00:00,189.00080916200022,sda2,0.9994700299994292,326792192,302211072,6595,49341,0,32768,0,2,0.0,32785.37526534809,4,
189,2026-10-09T15:38:45.791374+00:00,189.00080916200022,sda3,0.9994700299994292,5571584,118784,155,25,0,0,0,0,0.0,0.0,0,
189,2026-10-09T15:38:45.791374+00:00,189.00080916200022,sda4,0.9994700299994292,4657152,0,116,0,0,0,0,0,0.0,0.0,0,
189,2026-10-09T15:38:45.791374+00:00,189.00080916200022,sda5,0.9994700299994292,16548864,31546408960,826,69776,0,12288,0,2,0.0,12294.515724505532,8,
190,2026-10-09T15:38:46.791483+00:00,190.0007686099998,loop0,1.0001087680002456,374784,0,51,0,0,0,0,0,0.0,0.0,0,
190,2026-10-09T15:38:46.791483+00:00,190.0007686099998,loop1,1.0001087680002456,2107392,0,217,0,0,0,0,0,0.0,0.0,0,
190,2026-10-09T15:38:46.791483+00:00,190.0007686099998,loop2,1.0001087680002456,1106944,0,51,0,0,0,0,0,0.0,0.0,0,
190,2026-10-09T15:38:46.791483+00:00,190.0007686099998,loop3,1.0001087680002456,1141760,0,66,0,0,0,0,0,0.0,0.0,0,
190,2026-10-09T15:38:46.791483+00:00,190.0007686099998,loop4,1.0001087680002456,354304,0,43,0,0,0,0,0,0.0,0.0,0,
190,2026-10-09T15:38:46.791483+00:00,190.0007686099998,loop5,1.0001087680002456,18432,0,12,0,0,0,0,0,0.0,0.0,0,
190,2026-10-09T15:38:46.791483+00:00,190.0007686099998,loop6,1.0001087680002456,0,0,0,0,0,0,0,0,0.0,0.0,0,
190,2026-10-09T15:38:46.791483+00:00,190.0007686099998,loop7,1.0001087680002456,0,0,0,0,0,0,0,0,0.0,0.0,0,
190,2026-10-09T15:38:46.791483+00:00,190.0007686099998,sr0,1.0001087680002456,1536,0,8,0,0,0,0,0,0.0,0.0,0,
190,2026-10-09T15:38:46.791483+00:00,190.0007686099998,sda,1.0001087680002456,356343296,31848738816,7905,119142,0,0,0,0,0.0,0.0,0,
190,2026-10-09T15:38:46.791483+00:00,190.0007686099998,sda1,1.0001087680002456,319488,0,78,0,0,0,0,0,0.0,0.0,0,
190,2026-10-09T15:38:46.791483+00:00,190.0007686099998,sda2,1.0001087680002456,326792192,302211072,6595,49341,0,0,0,0,0.0,0.0,0,
190,2026-10-09T15:38:46.791483+00:00,190.0007686099998,sda3,1.0001087680002456,5571584,118784,155,25,0,0,0,0,0.0,0.0,0,
190,2026-10-09T15:38:46.791483+00:00,190.0007686099998,sda4,1.0001087680002456,4657152,0,116,0,0,0,0,0,0.0,0.0,0,
190,2026-10-09T15:38:46.791483+00:00,190.0007686099998,sda5,1.0001087680002456,16548864,31546408960,826,69776,0,0,0,0,0.0,0.0,0,
191,2026-10-09T15:38:47.791491+00:00,191.0008049170001,loop0,1.0000087180005721,374784,0,51,0,0,0,0,0,0.0,0.0,0,
191,2026-10-09T15:38:47.791491+00:00,191.0008049170001,loop1,1.0000087180005721,2107392,0,217,0,0,0,0,0,0.0,0.0,0,
191,2026-10-09T15:38:47.791491+00:00,191.0008049170001,loop2,1.0000087180005721,1106944,0,51,0,0,0,0,0,0.0,0.0,0,
191,2026-10-09T15:38:47.791491+00:00,191.0008049170001,loop3,1.0000087180005721,1141760,0,66,0,0,0,0,0,0.0,0.0,0,
191,2026-10-09T15:38:47.791491+00:00,191.0008049170001,loop4,1.0000087180005721,354304,0,43,0,0,0,0,0,0.0,0.0,0,
191,2026-10-09T15:38:47.791491+00:00,191.0008049170001,loop5,1.0000087180005721,18432,0,12,0,0,0,0,0,0.0,0.0,0,
191,2026-10-09T15:38:47.791491+00:00,191.0008049170001,loop6,1.0000087180005721,0,0,0,0,0,0,0,0,0.0,0.0,0,
191,2026-10-09T15:38:47.791491+00:00,191.0008049170001,loop7,1.0000087180005721,0,0,0,0,0,0,0,0,0.0,0.0,0,
191,2026-10-09T15:38:47.791491+00:00,191.0008049170001,sr0,1.0000087180005721,1536,0,8,0,0,0,0,0,0.0,0.0,0,
191,2026-10-09T15:38:47.791491+00:00,191.0008049170001,sda,1.0000087180005721,356343296,31848833024,7905,119147,0,94208,0,5,0.0,94207.17870176218,12,
191,2026-10-09T15:38:47.791491+00:00,191.0008049170001,sda1,1.0000087180005721,319488,0,78,0,0,0,0,0,0.0,0.0,0,
191,2026-10-09T15:38:47.791491+00:00,191.0008049170001,sda2,1.0000087180005721,326792192,302260224,6595,49343,0,49152,0,2,0.0,49151.571496571574,8,
191,2026-10-09T15:38:47.791491+00:00,191.0008049170001,sda3,1.0000087180005721,5571584,118784,155,25,0,0,0,0,0.0,0.0,0,
191,2026-10-09T15:38:47.791491+00:00,191.0008049170001,sda4,1.0000087180005721,4657152,0,116,0,0,0,0,0,0.0,0.0,0,
191,2026-10-09T15:38:47.791491+00:00,191.0008049170001,sda5,1.0000087180005721,16548864,31546454016,826,69779,0,45056,0,3,0.0,45055.60720519061,4,
192,2026-10-09T15:38:48.791362+00:00,192.00071787100023,loop0,0.9998702849998153,374784,0,51,0,0,0,0,0,0.0,0.0,0,
192,2026-10-09T15:38:48.791362+00:00,192.00071787100023,loop1,0.9998702849998153,2107392,0,217,0,0,0,0,0,0.0,0.0,0,
192,2026-10-09T15:38:48.791362+00:00,192.00071787100023,loop2,0.9998702849998153,1106944,0,51,0,0,0,0,0,0.0,0.0,0,
192,2026-10-09T15:38:48.791362+00:00,192.00071787100023,loop3,0.9998702849998153,1141760,0,66,0,0,0,0,0,0.0,0.0,0,
192,2026-10-09T15:38:48.791362+00:00,192.00071787100023,loop4,0.9998702849998153,354304,0,43,0,0,0,0,0,0.0,0.0,0,
192,2026-10-09T15:38:48.791362+00:00,192.00071787100023,loop5,0.9998702849998153,18432,0,12,0,0,0,0,0,0.0,0.0,0,
192,2026-10-09T15:38:48.791362+00:00,192.00071787100023,loop6,0.9998702849998153,0,0,0,0,0,0,0,0,0.0,0.0,0,
192,2026-10-09T15:38:48.791362+00:00,192.00071787100023,loop7,0.9998702849998153,0,0,0,0,0,0,0,0,0.0,0.0,0,
192,2026-10-09T15:38:48.791362+00:00,192.00071787100023,sr0,0.9998702849998153,1536,0,8,0,0,0,0,0,0.0,0.0,0,
192,2026-10-09T15:38:48.791362+00:00,192.00071787100023,sda,0.9998702849998153,356343296,31848833024,7905,119147,0,0,0,0,0.0,0.0,0,
192,2026-10-09T15:38:48.791362+00:00,192.00071787100023,sda1,0.9998702849998153,319488,0,78,0,0,0,0,0,0.0,0.0,0,
192,2026-10-09T15:38:48.791362+00:00,192.00071787100023,sda2,0.9998702849998153,326792192,302260224,6595,49343,0,0,0,0,0.0,0.0,0,
192,2026-10-09T15:38:48.791362+00:00,192.00071787100023,sda3,0.9998702849998153,5571584,118784,155,25,0,0,0,0,0.0,0.0,0,
192,2026-10-09T15:38:48.791362+00:00,192.00071787100023,sda4,0.9998702849998153,4657152,0,116,0,0,0,0,0,0.0,0.0,0,
192,2026-10-09T15:38:48.791362+00:00,192.00071787100023,sda5,0.9998702849998153,16548864,31546454016,826,69779,0,0,0,0,0.0,0.0,0,
193,2026-10-09T15:38:49.791479+00:00,193.0008861490005,loop0,1.000117529999443,374784,0,51,0,0,0,0,0,0.0,0.0,0,
193,2026-10-09T15:38:49.791479+00:00,193.0008861490005,loop1,1.000117529999443,2107392,0,217,0,0,0,0,0,0.0,0.0,0,
193,2026-10-09T15:38:49.791479+00:00,193.0008861490005,loop2,1.000117529999443,1106944,0,51,0,0,0,0,0,0.0,0.0,0,
193,2026-10-09T15:38:49.791479+00:00,193.0008861490005,loop3,1.000117529999443,1141760,0,66,0,0,0,0,0,0.0,0.0,0,
193,2026-10-09T15:38:49.791479+00:00,193.0008861490005,loop4,1.000117529999443,354304,0,43,0,0,0,0,0,0.0,0.0,0,
193,2026-10-09T15:38:49.791479+00:00,193.0008861490005,loop5,1.000117529999443,18432,0,12,0,0,0,0,0,0.0,0.0,0,
193,2026-10-09T15:38:49.791479+00:00,193.0008861490005,loop6,1.000117529999443,0,0,0,0,0,0,0,0,0.0,0.0,0,
193,2026-10-09T15:38:49.791479+00:00,193.0008861490005,loop7,1.000117529999443,0,0,0,0,0,0,0,0,0.0,0.0,0,
193,2026-10-09T15:38:49.791479+00:00,193.0008861490005,sr0,1.000117529999443,1536,0,8,0,0,0,0,0,0.0,0.0,0,
193,2026-10-09T15:38:49.791479+00:00,193.0008861490005,sda,1.000117529999443,356343296,31848833024,7905,119147,0,0,0,0,0.0,0.0,0,
193,2026-10-09T15:38:49.791479+00:00,193.0008861490005,sda1,1.000117529999443,319488,0,78,0,0,0,0,0,0.0,0.0,0,
193,2026-10-09T15:38:49.791479+00:00,193.0008861490005,sda2,1.000117529999443,326792192,302260224,6595,49343,0,0,0,0,0.0,0.0,0,
193,2026-10-09T15:38:49.791479+00:00,193.0008861490005,sda3,1.000117529999443,5571584,118784,155,25,0,0,0,0,0.0,0.0,0,
193,2026-10-09T15:38:49.791479+00:00,193.0008861490005,sda4,1.000117529999443,4657152,0,116,0,0,0,0,0,0.0,0.0,0,
193,2026-10-09T15:38:49.791479+00:00,193.0008861490005,sda5,1.000117529999443,16548864,31546454016,826,69779,0,0,0,0,0.0,0.0,0,
194,2026-10-09T15:38:50.791610+00:00,194.000854764,loop0,1.0001304530005655,374784,0,51,0,0,0,0,0,0.0,0.0,0,
194,2026-10-09T15:38:50.791610+00:00,194.000854764,loop1,1.0001304530005655,2107392,0,217,0,0,0,0,0,0.0,0.0,0,
194,2026-10-09T15:38:50.791610+00:00,194.000854764,loop2,1.0001304530005655,1106944,0,51,0,0,0,0,0,0.0,0.0,0,
194,2026-10-09T15:38:50.791610+00:00,194.000854764,loop3,1.0001304530005655,1141760,0,66,0,0,0,0,0,0.0,0.0,0,
194,2026-10-09T15:38:50.791610+00:00,194.000854764,loop4,1.0001304530005655,354304,0,43,0,0,0,0,0,0.0,0.0,0,
194,2026-10-09T15:38:50.791610+00:00,194.000854764,loop5,1.0001304530005655,18432,0,12,0,0,0,0,0,0.0,0.0,0,
194,2026-10-09T15:38:50.791610+00:00,194.000854764,loop6,1.0001304530005655,0,0,0,0,0,0,0,0,0.0,0.0,0,
194,2026-10-09T15:38:50.791610+00:00,194.000854764,loop7,1.0001304530005655,0,0,0,0,0,0,0,0,0.0,0.0,0,
194,2026-10-09T15:38:50.791610+00:00,194.000854764,sr0,1.0001304530005655,1536,0,8,0,0,0,0,0,0.0,0.0,0,
194,2026-10-09T15:38:50.791610+00:00,194.000854764,sda,1.0001304530005655,356343296,31848861696,7905,119149,0,28672,0,2,0.0,28668.260139443817,16,
194,2026-10-09T15:38:50.791610+00:00,194.000854764,sda1,1.0001304530005655,319488,0,78,0,0,0,0,0,0.0,0.0,0,
194,2026-10-09T15:38:50.791610+00:00,194.000854764,sda2,1.0001304530005655,326792192,302260224,6595,49343,0,0,0,0,0.0,0.0,0,
194,2026-10-09T15:38:50.791610+00:00,194.000854764,sda3,1.0001304530005655,5571584,118784,155,25,0,0,0,0,0.0,0.0,0,
194,2026-10-09T15:38:50.791610+00:00,194.000854764,sda4,1.0001304530005655,4657152,0,116,0,0,0,0,0,0.0,0.0,0,
194,2026-10-09T15:38:50.791610+00:00,194.000854764,sda5,1.0001304530005655,16548864,31546482688,826,69781,0,28672,0,2,0.0,28668.260139443817,16,
195,2026-10-09T15:38:51.792171+00:00,195.00172849699993,loop0,1.0005611039996438,374784,0,51,0,0,0,0,0,0.0,0.0,0,
195,2026-10-09T15:38:51.792171+00:00,195.00172849699993,loop1,1.0005611039996438,2107392,0,217,0,0,0,0,0,0.0,0.0,0,
195,2026-10-09T15:38:51.792171+00:00,195.00172849699993,loop2,1.0005611039996438,1106944,0,51,0,0,0,0,0,0.0,0.0,0,
195,2026-10-09T15:38:51.792171+00:00,195.00172849699993,loop3,1.0005611039996438,1141760,0,66,0,0,0,0,0,0.0,0.0,0,
195,2026-10-09T15:38:51.792171+00:00,195.00172849699993,loop4,1.0005611039996438,354304,0,43,0,0,0,0,0,0.0,0.0,0,
195,2026-10-09T15:38:51.792171+00:00,195.00172849699993,loop5,1.0005611039996438,18432,0,12,0,0,0,0,0,0.0,0.0,0,
195,2026-10-09T15:38:51.792171+00:00,195.00172849699993,loop6,1.0005611039996438,0,0,0,0,0,0,0,0,0.0,0.0,0,
195,2026-10-09T15:38:51.792171+00:00,195.00172849699993,loop7,1.0005611039996438,0,0,0,0,0,0,0,0,0.0,0.0,0,
195,2026-10-09T15:38:51.792171+00:00,195.00172849699993,sr0,1.0005611039996438,1536,0,8,0,0,0,0,0,0.0,0.0,0,
195,2026-10-09T15:38:51.792171+00:00,195.00172849699993,sda,1.0005611039996438,356343296,31848861696,7905,119149,0,0,0,0,0.0,0.0,0,
195,2026-10-09T15:38:51.792171+00:00,195.00172849699993,sda1,1.0005611039996438,319488,0,78,0,0,0,0,0,0.0,0.0,0,
195,2026-10-09T15:38:51.792171+00:00,195.00172849699993,sda2,1.0005611039996438,326792192,302260224,6595,49343,0,0,0,0,0.0,0.0,0,
195,2026-10-09T15:38:51.792171+00:00,195.00172849699993,sda3,1.0005611039996438,5571584,118784,155,25,0,0,0,0,0.0,0.0,0,
195,2026-10-09T15:38:51.792171+00:00,195.00172849699993,sda4,1.0005611039996438,4657152,0,116,0,0,0,0,0,0.0,0.0,0,
195,2026-10-09T15:38:51.792171+00:00,195.00172849699993,sda5,1.0005611039996438,16548864,31546482688,826,69781,0,0,0,0,0.0,0.0,0,
196,2026-10-09T15:38:52.791282+00:00,196.0007141900005,loop0,0.9991116930004864,374784,0,51,0,0,0,0,0,0.0,0.0,0,
196,2026-10-09T15:38:52.791282+00:00,196.0007141900005,loop1,0.9991116930004864,2107392,0,217,0,0,0,0,0,0.0,0.0,0,
196,2026-10-09T15:38:52.791282+00:00,196.0007141900005,loop2,0.9991116930004864,1106944,0,51,0,0,0,0,0,0.0,0.0,0,
196,2026-10-09T15:38:52.791282+00:00,196.0007141900005,loop3,0.9991116930004864,1141760,0,66,0,0,0,0,0,0.0,0.0,0,
196,2026-10-09T15:38:52.791282+00:00,196.0007141900005,loop4,0.9991116930004864,354304,0,43,0,0,0,0,0,0.0,0.0,0,
196,2026-10-09T15:38:52.791282+00:00,196.0007141900005,loop5,0.9991116930004864,18432,0,12,0,0,0,0,0,0.0,0.0,0,
196,2026-10-09T15:38:52.791282+00:00,196.0007141900005,loop6,0.9991116930004864,0,0,0,0,0,0,0,0,0.0,0.0,0,
196,2026-10-09T15:38:52.791282+00:00,196.0007141900005,loop7,0.9991116930004864,0,0,0,0,0,0,0,0,0.0,0.0,0,
196,2026-10-09T15:38:52.791282+00:00,196.0007141900005,sr0,0.9991116930004864,1536,0,8,0,0,0,0,0,0.0,0.0,0,
196,2026-10-09T15:38:52.791282+00:00,196.0007141900005,sda,0.9991116930004864,356343296,31848886272,7905,119151,0,24576,0,2,0.0,24597.850442721257,8,
196,2026-10-09T15:38:52.791282+00:00,196.0007141900005,sda1,0.9991116930004864,319488,0,78,0,0,0,0,0,0.0,0.0,0,
196,2026-10-09T15:38:52.791282+00:00,196.0007141900005,sda2,0.9991116930004864,326792192,302284800,6595,49345,0,24576,0,2,0.0,24597.850442721257,8,
196,2026-10-09T15:38:52.791282+00:00,196.0007141900005,sda3,0.9991116930004864,5571584,118784,155,25,0,0,0,0,0.0,0.0,0,
196,2026-10-09T15:38:52.791282+00:00,196.0007141900005,sda4,0.9991116930004864,4657152,0,116,0,0,0,0,0,0.0,0.0,0,
196,2026-10-09T15:38:52.791282+00:00,196.0007141900005,sda5,0.9991116930004864,16548864,31546482688,826,69781,0,0,0,0,0.0,0.0,0,
197,2026-10-09T15:38:53.791225+00:00,197.00073578800038,loop0,0.9999423399995067,374784,0,51,0,0,0,0,0,0.0,0.0,0,
197,2026-10-09T15:38:53.791225+00:00,197.00073578800038,loop1,0.9999423399995067,2107392,0,217,0,0,0,0,0,0.0,0.0,0,
197,2026-10-09T15:38:53.791225+00:00,197.00073578800038,loop2,0.9999423399995067,1106944,0,51,0,0,0,0,0,0.0,0.0,0,
197,2026-10-09T15:38:53.791225+00:00,197.00073578800038,loop3,0.9999423399995067,1141760,0,66,0,0,0,0,0,0.0,0.0,0,
197,2026-10-09T15:38:53.791225+00:00,197.00073578800038,loop4,0.9999423399995067,354304,0,43,0,0,0,0,0,0.0,0.0,0,
197,2026-10-09T15:38:53.791225+00:00,197.00073578800038,loop5,0.9999423399995067,18432,0,12,0,0,0,0,0,0.0,0.0,0,
197,2026-10-09T15:38:53.791225+00:00,197.00073578800038,loop6,0.9999423399995067,0,0,0,0,0,0,0,0,0.0,0.0,0,
197,2026-10-09T15:38:53.791225+00:00,197.00073578800038,loop7,0.9999423399995067,0,0,0,0,0,0,0,0,0.0,0.0,0,
197,2026-10-09T15:38:53.791225+00:00,197.00073578800038,sr0,0.9999423399995067,1536,0,8,0,0,0,0,0,0.0,0.0,0,
197,2026-10-09T15:38:53.791225+00:00,197.00073578800038,sda,0.9999423399995067,356343296,31848890368,7905,119152,0,4096,0,1,0.0,4096.236188980677,4,
197,2026-10-09T15:38:53.791225+00:00,197.00073578800038,sda1,0.9999423399995067,319488,0,78,0,0,0,0,0,0.0,0.0,0,
197,2026-10-09T15:38:53.791225+00:00,197.00073578800038,sda2,0.9999423399995067,326792192,302288896,6595,49346,0,4096,0,1,0.0,4096.236188980677,4,
197,2026-10-09T15:38:53.791225+00:00,197.00073578800038,sda3,0.9999423399995067,5571584,118784,155,25,0,0,0,0,0.0,0.0,0,
197,2026-10-09T15:38:53.791225+00:00,197.00073578800038,sda4,0.9999423399995067,4657152,0,116,0,0,0,0,0,0.0,0.0,0,
197,2026-10-09T15:38:53.791225+00:00,197.00073578800038,sda5,0.9999423399995067,16548864,31546482688,826,69781,0,0,0,0,0.0,0.0,0,
198,2026-10-09T15:38:54.791435+00:00,198.0009178070004,loop0,1.0002100370002154,374784,0,51,0,0,0,0,0,0.0,0.0,0,
198,2026-10-09T15:38:54.791435+00:00,198.0009178070004,loop1,1.0002100370002154,2107392,0,217,0,0,0,0,0,0.0,0.0,0,
198,2026-10-09T15:38:54.791435+00:00,198.0009178070004,loop2,1.0002100370002154,1106944,0,51,0,0,0,0,0,0.0,0.0,0,
198,2026-10-09T15:38:54.791435+00:00,198.0009178070004,loop3,1.0002100370002154,1141760,0,66,0,0,0,0,0,0.0,0.0,0,
198,2026-10-09T15:38:54.791435+00:00,198.0009178070004,loop4,1.0002100370002154,354304,0,43,0,0,0,0,0,0.0,0.0,0,
198,2026-10-09T15:38:54.791435+00:00,198.0009178070004,loop5,1.0002100370002154,18432,0,12,0,0,0,0,0,0.0,0.0,0,
198,2026-10-09T15:38:54.791435+00:00,198.0009178070004,loop6,1.0002100370002154,0,0,0,0,0,0,0,0,0.0,0.0,0,
198,2026-10-09T15:38:54.791435+00:00,198.0009178070004,loop7,1.0002100370002154,0,0,0,0,0,0,0,0,0.0,0.0,0,
198,2026-10-09T15:38:54.791435+00:00,198.0009178070004,sr0,1.0002100370002154,1536,0,8,0,0,0,0,0,0.0,0.0,0,
198,2026-10-09T15:38:54.791435+00:00,198.0009178070004,sda,1.0002100370002154,356343296,31848890368,7905,119152,0,0,0,0,0.0,0.0,0,
198,2026-10-09T15:38:54.791435+00:00,198.0009178070004,sda1,1.0002100370002154,319488,0,78,0,0,0,0,0,0.0,0.0,0,
198,2026-10-09T15:38:54.791435+00:00,198.0009178070004,sda2,1.0002100370002154,326792192,302288896,6595,49346,0,0,0,0,0.0,0.0,0,
198,2026-10-09T15:38:54.791435+00:00,198.0009178070004,sda3,1.0002100370002154,5571584,118784,155,25,0,0,0,0,0.0,0.0,0,
198,2026-10-09T15:38:54.791435+00:00,198.0009178070004,sda4,1.0002100370002154,4657152,0,116,0,0,0,0,0,0.0,0.0,0,
198,2026-10-09T15:38:54.791435+00:00,198.0009178070004,sda5,1.0002100370002154,16548864,31546482688,826,69781,0,0,0,0,0.0,0.0,0,
199,2026-10-09T15:38:55.791300+00:00,199.00078937499984,loop0,0.9998650139996244,374784,0,51,0,0,0,0,0,0.0,0.0,0,
199,2026-10-09T15:38:55.791300+00:00,199.00078937499984,loop1,0.9998650139996244,2107392,0,217,0,0,0,0,0,0.0,0.0,0,
199,2026-10-09T15:38:55.791300+00:00,199.00078937499984,loop2,0.9998650139996244,1106944,0,51,0,0,0,0,0,0.0,0.0,0,
199,2026-10-09T15:38:55.791300+00:00,199.00078937499984,loop3,0.9998650139996244,1141760,0,66,0,0,0,0,0,0.0,0.0,0,
199,2026-10-09T15:38:55.791300+00:00,199.00078937499984,loop4,0.9998650139996244,354304,0,43,0,0,0,0,0,0.0,0.0,0,
199,2026-10-09T15:38:55.791300+00:00,199.00078937499984,loop5,0.9998650139996244,18432,0,12,0,0,0,0,0,0.0,0.0,0,
199,2026-10-09T15:38:55.791300+00:00,199.00078937499984,loop6,0.9998650139996244,0,0,0,0,0,0,0,0,0.0,0.0,0,
199,2026-10-09T15:38:55.791300+00:00,199.00078937499984,loop7,0.9998650139996244,0,0,0,0,0,0,0,0,0.0,0.0,0,
199,2026-10-09T15:38:55.791300+00:00,199.00078937499984,sr0,0.9998650139996244,1536,0,8,0,0,0,0,0,0.0,0.0,0,
199,2026-10-09T15:38:55.791300+00:00,199.00078937499984,sda,0.9998650139996244,356343296,31850958848,7905,119506,0,2068480,0,354,0.0,2068759.253537375,224,
199,2026-10-09T15:38:55.791300+00:00,199.00078937499984,sda1,0.9998650139996244,319488,0,78,0,0,0,0,0,0.0,0.0,0,
199,2026-10-09T15:38:55.791300+00:00,199.00078937499984,sda2,0.9998650139996244,326792192,304357376,6595,49700,0,2068480,0,354,0.0,2068759.253537375,224,
199,2026-10-09T15:38:55.791300+00:00,199.00078937499984,sda3,0.9998650139996244,5571584,118784,155,25,0,0,0,0,0.0,0.0,0,
199,2026-10-09T15:38:55.791300+00:00,199.00078937499984,sda4,0.9998650139996244,4657152,0,116,0,0,0,0,0,0.0,0.0,0,
199,2026-10-09T15:38:55.791300+00:00,199.00078937499984,sda5,0.9998650139996244,16548864,31546482688,826,69781,0,0,0,0,0.0,0.0,0,
