amostra,utc,tempo_relativo_s,pid,criado_epoch_s,papel,cpu_intervalo_real_s,cpu_uma_cpu_pct,cpu_capacidade_vm_pct,rss_bytes,vms_bytes,uss_bytes,pss_bytes,erro
1,2026-10-08T21:23:36.943830+00:00,1.0023201669996524,1815,1791494081.99,principal,,,,24043520,32919552,,,
1,2026-10-08T21:23:36.943830+00:00,1.0023201669996524,1816,1791494082.08,descendente,,,,11190272,19447808,,,
1,2026-10-08T21:23:36.943830+00:00,1.0023201669996524,1817,1791494082.08,descendente,,,,44990464,207286272,,,
1,2026-10-08T21:23:36.943830+00:00,1.0023201669996524,1818,1791494082.08,descendente,,,,45051904,207097856,,,
2,2026-10-08T21:23:37.942487+00:00,2.0006085829995754,1815,1791494081.99,principal,0.998658869999872,0.0,0.0,24043520,32919552,,,
2,2026-10-08T21:23:37.942487+00:00,2.0006085829995754,1816,1791494082.08,descendente,0.9986608350000097,0.0,0.0,11190272,19447808,,,
2,2026-10-08T21:23:37.942487+00:00,2.0006085829995754,1817,1791494082.08,descendente,0.9986606150000625,0.0,0.0,44990464,207286272,,,
2,2026-10-08T21:23:37.942487+00:00,2.0006085829995754,1818,1791494082.08,descendente,0.9986621759999252,0.0,0.0,45051904,207097856,,,
3,2026-10-08T21:23:39.010924+00:00,3.0692094279997946,1815,1791494081.99,principal,1.06863888900034,0.9357698005314471,0.46788490026572355,24043520,32919552,,,
3,2026-10-08T21:23:39.010924+00:00,3.0692094279997946,1816,1791494082.08,descendente,1.0686366429999907,0.0,0.0,11190272,19447808,,,
3,2026-10-08T21:23:39.010924+00:00,3.0692094279997946,1817,1791494082.08,descendente,1.0686397069998748,0.0,0.0,44990464,207286272,,,
3,2026-10-08T21:23:39.010924+00:00,3.0692094279997946,1818,1791494082.08,descendente,1.068640508000044,0.0,0.0,45051904,207097856,,,
4,2026-10-08T21:23:39.942633+00:00,4.0010269069998685,1815,1791494081.99,principal,0.9315017349999835,0.0,0.0,24043520,32919552,,,
4,2026-10-08T21:23:39.942633+00:00,4.0010269069998685,1816,1791494082.08,descendente,0.9315040070000578,0.0,0.0,11190272,19447808,,,
4,2026-10-08T21:23:39.942633+00:00,4.0010269069998685,1817,1791494082.08,descendente,0.9315010189998247,39.72083684860355,19.860418424301773,44990464,207286272,,,
4,2026-10-08T21:23:39.942633+00:00,4.0010269069998685,1818,1791494082.08,descendente,0.9314980220001416,23.61787087079467,11.808935435397334,45051904,207286272,,,
5,2026-10-08T21:23:40.943195+00:00,5.001671008999892,1815,1791494081.99,principal,1.0005624450000141,0.0,0.0,24043520,32919552,,,
5,2026-10-08T21:23:40.943195+00:00,5.001671008999892,1816,1791494082.08,descendente,1.0005554939998547,0.0,0.0,11190272,19447808,,,
5,2026-10-08T21:23:40.943195+00:00,5.001671008999892,1817,1791494082.08,descendente,1.0005564230000346,28.98387270659598,14.49193635329799,44990464,207286272,,,
5,2026-10-08T21:23:40.943195+00:00,5.001671008999892,1818,1791494082.08,descendente,1.0005594149997705,69.96086284392821,34.980431421964106,45051904,207286272,,,
6,2026-10-08T21:23:41.949314+00:00,6.007855075999942,1815,1791494081.99,principal,1.006117577999703,0.0,0.0,24043520,32919552,,,
6,2026-10-08T21:23:41.949314+00:00,6.007855075999942,1816,1791494082.08,descendente,1.0061145310000938,0.0,0.0,11190272,19447808,,,
6,2026-10-08T21:23:41.949314+00:00,6.007855075999942,1817,1791494082.08,descendente,1.006109891000051,98.39879409355196,49.19939704677598,44990464,207286272,,,
6,2026-10-08T21:23:41.949314+00:00,6.007855075999942,1818,1791494082.08,descendente,1.006105223999839,0.0,0.0,45051904,207286272,,,
7,2026-10-08T21:23:43.058148+00:00,7.116380021999703,1815,1791494081.99,principal,1.1088431100001799,0.0,0.0,24043520,32919552,,,
7,2026-10-08T21:23:43.058148+00:00,7.116380021999703,1816,1791494082.08,descendente,1.1090735920001862,0.0,0.0,11190272,19447808,,,
7,2026-10-08T21:23:43.058148+00:00,7.116380021999703,1817,1791494082.08,descendente,1.109094233000178,78.44238786154256,39.22119393077128,44990464,207286272,,,
7,2026-10-08T21:23:43.058148+00:00,7.116380021999703,1818,1791494082.08,descendente,1.1091020110002319,19.8358670183634,9.9179335091817,45051904,207286272,,,
8,2026-10-08T21:23:43.948670+00:00,8.007021129999885,1815,1791494081.99,principal,0.8905716270000994,0.0,0.0,24043520,32919552,,,
8,2026-10-08T21:23:43.948670+00:00,8.007021129999885,1816,1791494082.08,descendente,0.8903448930000195,0.0,0.0,11190272,19447808,,,
8,2026-10-08T21:23:43.948670+00:00,8.007021129999885,1817,1791494082.08,descendente,0.8903290429998378,76.37625722158138,38.18812861079069,44990464,207286272,,,
8,2026-10-08T21:23:43.948670+00:00,8.007021129999885,1818,1791494082.08,descendente,0.8903246290001334,21.34053061223037,10.670265306115185,45051904,207286272,,,
9,2026-10-08T21:23:45.120034+00:00,9.178219701999751,1815,1791494081.99,principal,1.17130390300008,0.0,0.0,24043520,32919552,,,
9,2026-10-08T21:23:45.120034+00:00,9.178219701999751,1816,1791494082.08,descendente,1.1712947050000366,0.0,0.0,11190272,19447808,,,
9,2026-10-08T21:23:45.120034+00:00,9.178219701999751,1817,1791494082.08,descendente,1.1712915090001843,19.63644389399935,9.818221946999675,44990464,207286272,,,
9,2026-10-08T21:23:45.120034+00:00,9.178219701999751,1818,1791494082.08,descendente,1.1712867539999934,79.39985633953519,39.699928169767595,45051904,207286272,,,
10,2026-10-08T21:23:46.044159+00:00,10.102552964999632,1815,1791494081.99,principal,0.9241274649998559,0.0,0.0,24043520,32919552,,,
10,2026-10-08T21:23:46.044159+00:00,10.102552964999632,1816,1791494082.08,descendente,0.9241324569998142,0.0,0.0,11190272,19447808,,,
10,2026-10-08T21:23:46.044159+00:00,10.102552964999632,1817,1791494082.08,descendente,0.9241318049998881,49.776449366987826,24.888224683493913,44990464,207286272,,,
10,2026-10-08T21:23:46.044159+00:00,10.102552964999632,1818,1791494082.08,descendente,0.9241333189997931,49.776367818646236,24.888183909323118,45051904,207286272,,,
11,2026-10-08T21:23:47.038228+00:00,11.096588657999746,1815,1791494081.99,principal,0.9940723360000447,0.0,0.0,24043520,32919552,,,
11,2026-10-08T21:23:47.038228+00:00,11.096588657999746,1816,1791494082.08,descendente,0.9940744770001402,0.0,0.0,11190272,19447808,,,
11,2026-10-08T21:23:47.038228+00:00,11.096588657999746,1817,1791494082.08,descendente,0.9940783570000349,74.44081191277503,37.220405956387516,44990464,207286272,,,
11,2026-10-08T21:23:47.038228+00:00,11.096588657999746,1818,1791494082.08,descendente,0.9940783080000983,23.137010248490082,11.568505124245041,45051904,207286272,,,
12,2026-10-08T21:23:47.944197+00:00,12.002677054999822,1815,1791494081.99,principal,0.9059663299999556,0.0,0.0,24043520,32919552,,,
12,2026-10-08T21:23:47.944197+00:00,12.002677054999822,1816,1791494082.08,descendente,0.9059616939998705,0.0,0.0,11190272,19447808,,,
12,2026-10-08T21:23:47.944197+00:00,12.002677054999822,1817,1791494082.08,descendente,0.905955866000113,96.03116803483346,48.01558401741673,44990464,207286272,,,
12,2026-10-08T21:23:47.944197+00:00,12.002677054999822,1818,1791494082.08,descendente,0.9059549959997639,3.311422767407319,1.6557113837036594,45051904,207286272,,,
13,2026-10-08T21:23:49.066733+00:00,13.125241354999616,1815,1791494081.99,principal,1.12253276499996,0.0,0.0,24043520,32919552,,,
13,2026-10-08T21:23:49.066733+00:00,13.125241354999616,1816,1791494082.08,descendente,1.1225290140000652,0.0,0.0,11190272,19447808,,,
13,2026-10-08T21:23:49.066733+00:00,13.125241354999616,1817,1791494082.08,descendente,1.1225334020000446,81.06663003333632,40.53331501666816,44990464,207286272,,,
13,2026-10-08T21:23:49.066733+00:00,13.125241354999616,1818,1791494082.08,descendente,1.1225323960002243,16.926014846164136,8.463007423082068,45051904,207286272,,,
14,2026-10-08T21:23:50.114648+00:00,14.173086476999742,1815,1791494081.99,principal,1.047915847999775,0.0,0.0,24043520,32919552,,,
14,2026-10-08T21:23:50.114648+00:00,14.173086476999742,1816,1791494082.08,descendente,1.0479192929997225,0.0,0.0,11190272,19447808,,,
14,2026-10-08T21:23:50.114648+00:00,14.173086476999742,1817,1791494082.08,descendente,1.0479186529996696,55.34780761271389,27.673903806356947,44990464,207286272,,,
14,2026-10-08T21:23:50.114648+00:00,14.173086476999742,1818,1791494082.08,descendente,1.047961055000087,42.940527021775814,21.470263510887907,45051904,207286272,,,
15,2026-10-08T21:23:50.942732+00:00,15.001115711999773,1815,1791494081.99,principal,0.8280856790001963,0.0,0.0,24043520,32919552,,,
15,2026-10-08T21:23:50.942732+00:00,15.001115711999773,1816,1791494082.08,descendente,0.8280848389999846,0.0,0.0,11190272,19447808,,,
15,2026-10-08T21:23:50.942732+00:00,15.001115711999773,1817,1791494082.08,descendente,0.8280805800000053,43.47403002736749,21.737015013683745,44990464,207286272,,,
15,2026-10-08T21:23:50.942732+00:00,15.001115711999773,1818,1791494082.08,descendente,0.8280403310000111,56.76052027953629,28.380260139768144,45051904,207286272,,,
16,2026-10-08T21:23:51.950494+00:00,16.008690935999766,1815,1791494081.99,principal,1.007762232999994,0.0,0.0,24043520,32919552,,,
16,2026-10-08T21:23:51.950494+00:00,16.008690935999766,1816,1791494082.08,descendente,1.0077648240003327,0.0,0.0,11190272,19447808,,,
16,2026-10-08T21:23:51.950494+00:00,16.008690935999766,1817,1791494082.08,descendente,1.007766183000058,43.66092129526976,21.83046064763488,44990464,207286272,,,
16,2026-10-08T21:23:51.950494+00:00,16.008690935999766,1818,1791494082.08,descendente,1.007766796999931,55.56841142882364,27.78420571441182,45051904,207286272,,,
17,2026-10-08T21:23:52.951080+00:00,17.009506442999736,1815,1791494081.99,principal,1.0006266270002016,0.0,0.0,24043520,32919552,,,
17,2026-10-08T21:23:52.951080+00:00,17.009506442999736,1816,1791494082.08,descendente,1.000634665999769,0.0,0.0,11190272,19447808,,,
17,2026-10-08T21:23:52.951080+00:00,17.009506442999736,1817,1791494082.08,descendente,1.00063854300015,69.95533051337742,34.97766525668871,44990464,207286272,,,
17,2026-10-08T21:23:52.951080+00:00,17.009506442999736,1818,1791494082.08,descendente,1.0006414019999283,28.98141126485398,14.49070563242699,45051904,207286272,,,
18,2026-10-08T21:23:53.942801+00:00,18.001367642999867,1815,1791494081.99,principal,0.9916794329997174,0.0,0.0,24043520,32919552,,,
18,2026-10-08T21:23:53.942801+00:00,18.001367642999867,1816,1791494082.08,descendente,0.991668588000266,0.0,0.0,11190272,19447808,,,
18,2026-10-08T21:23:53.942801+00:00,18.001367642999867,1817,1791494082.08,descendente,0.9916642640000646,66.55478310146681,33.277391550733405,44990464,207286272,,,
18,2026-10-08T21:23:53.942801+00:00,18.001367642999867,1818,1791494082.08,descendente,0.9916590809998524,30.252332252886866,15.126166126443433,45051904,207286272,,,
19,2026-10-08T21:23:55.057893+00:00,19.11605360099975,1815,1791494081.99,principal,1.1150957049999306,0.8967840119158769,0.44839200595793843,24043520,32919552,,,
19,2026-10-08T21:23:55.057893+00:00,19.11605360099975,1816,1791494082.08,descendente,1.1151016509998044,0.0,0.0,11190272,19447808,,,
19,2026-10-08T21:23:55.057893+00:00,19.11605360099975,1817,1791494082.08,descendente,1.1151060859997415,19.729064594133142,9.864532297066571,44990464,207286272,,,
19,2026-10-08T21:23:55.057893+00:00,19.11605360099975,1818,1791494082.08,descendente,1.1151122450000912,78.91582250537736,39.45791125268868,45051904,207286272,,,
20,2026-10-08T21:23:55.949499+00:00,20.007933727999898,1815,1791494081.99,principal,0.8916034650001166,0.0,0.0,24043520,32919552,,,
20,2026-10-08T21:23:55.949499+00:00,20.007933727999898,1816,1791494082.08,descendente,0.8916015240001798,0.0,0.0,11190272,19447808,,,
20,2026-10-08T21:23:55.949499+00:00,20.007933727999898,1817,1791494082.08,descendente,0.8916012520003278,52.714147601918086,26.357073800959043,44990464,207286272,,,
20,2026-10-08T21:23:55.949499+00:00,20.007933727999898,1818,1791494082.08,descendente,0.8915967409998302,48.22808117465759,24.114040587328795,45051904,207286272,,,
21,2026-10-08T21:23:56.942323+00:00,21.000750645999688,1815,1791494081.99,principal,0.9928226639999593,0.0,0.0,24043520,32919552,,,
21,2026-10-08T21:23:56.942323+00:00,21.000750645999688,1816,1791494082.08,descendente,0.992816622999726,0.0,0.0,11190272,19447808,,,
21,2026-10-08T21:23:56.942323+00:00,21.000750645999688,1817,1791494082.08,descendente,0.9928094919996511,94.6808030719684,47.3404015359842,44990464,207286272,,,
21,2026-10-08T21:23:56.942323+00:00,21.000750645999688,1818,1791494082.08,descendente,0.9928068470003382,3.0217358079914645,1.5108679039957322,45051904,207286272,,,
22,2026-10-08T21:23:57.951371+00:00,22.00986831099999,1815,1791494081.99,principal,1.0090551890002644,0.0,0.0,24043520,32919552,,,
22,2026-10-08T21:23:57.951371+00:00,22.00986831099999,1816,1791494082.08,descendente,1.0090618740000536,0.0,0.0,11190272,19447808,,,
22,2026-10-08T21:23:57.951371+00:00,22.00986831099999,1817,1791494082.08,descendente,1.0090684040001179,20.811274950987002,10.405637475493501,44990464,207286272,,,
22,2026-10-08T21:23:57.951371+00:00,22.00986831099999,1818,1791494082.08,descendente,1.0090739409997695,76.30758943562644,38.15379471781322,45051904,207286272,,,
23,2026-10-08T21:23:58.952330+00:00,23.010813784999755,1815,1791494081.99,principal,1.0009540119999656,0.0,0.0,24043520,32919552,,,
23,2026-10-08T21:23:58.952330+00:00,23.010813784999755,1816,1791494082.08,descendente,1.0009541750000608,0.0,0.0,11190272,19447808,,,
23,2026-10-08T21:23:58.952330+00:00,23.010813784999755,1817,1791494082.08,descendente,1.0009522559998913,61.94101629559307,30.970508147796536,44990464,207286272,,,
23,2026-10-08T21:23:58.952330+00:00,23.010813784999755,1818,1791494082.08,descendente,1.0009514450002825,37.96387945669967,18.981939728349836,45051904,207286272,,,
24,2026-10-08T21:23:59.945040+00:00,24.003512473999763,1815,1791494081.99,principal,0.9927101289999882,0.0,0.0,24043520,32919552,,,
24,2026-10-08T21:23:59.945040+00:00,24.003512473999763,1816,1791494082.08,descendente,0.9927115720001893,0.0,0.0,11190272,19447808,,,
24,2026-10-08T21:23:59.945040+00:00,24.003512473999763,1817,1791494082.08,descendente,0.9927128190001895,98.71938603422159,49.35969301711079,44990464,207286272,,,
24,2026-10-08T21:23:59.945040+00:00,24.003512473999763,1818,1791494082.08,descendente,0.99271392799983,0.0,0.0,45051904,207286272,,,
25,2026-10-08T21:24:01.106049+00:00,25.16310147499962,1815,1791494081.99,principal,1.1610124819999328,0.0,0.0,24043520,32919552,,,
25,2026-10-08T21:24:01.106049+00:00,25.16310147499962,1816,1791494082.08,descendente,1.161009556999943,0.0,0.0,11190272,19447808,,,
25,2026-10-08T21:24:01.106049+00:00,25.16310147499962,1817,1791494082.08,descendente,1.161006979999911,98.19062414250827,49.095312071254135,44990464,207286272,,,
25,2026-10-08T21:24:01.106049+00:00,25.16310147499962,1818,1791494082.08,descendente,1.1610036880001644,0.0,0.0,45051904,207286272,,,
26,2026-10-08T21:24:02.026699+00:00,26.08407703499961,1815,1791494081.99,principal,0.9206556789999922,0.0,0.0,24043520,32919552,,,
26,2026-10-08T21:24:02.026699+00:00,26.08407703499961,1816,1791494082.08,descendente,0.9206605099998342,0.0,0.0,11190272,19447808,,,
26,2026-10-08T21:24:02.026699+00:00,26.08407703499961,1817,1791494082.08,descendente,0.9206616940000458,49.96406421575048,24.98203210787524,44990464,207286272,,,
26,2026-10-08T21:24:02.026699+00:00,26.08407703499961,1818,1791494082.08,descendente,0.9206617390000247,49.964061773613764,24.982030886806882,45051904,207286272,,,
27,2026-10-08T21:24:02.955940+00:00,27.013621764999698,1815,1791494081.99,principal,0.9292432339998413,0.0,0.0,24043520,32919552,,,
27,2026-10-08T21:24:02.955940+00:00,27.013621764999698,1816,1791494082.08,descendente,0.9293310950001796,0.0,0.0,11190272,19447808,,,
27,2026-10-08T21:24:02.955940+00:00,27.013621764999698,1817,1791494082.08,descendente,0.9293703260000257,0.0,0.0,44990464,207286272,,,
27,2026-10-08T21:24:02.955940+00:00,27.013621764999698,1818,1791494082.08,descendente,0.9293879560000278,98.9898775920841,49.49493879604205,45051904,207286272,,,
28,2026-10-08T21:24:03.944752+00:00,28.00333165899974,1815,1791494081.99,principal,0.9887975199999346,0.0,0.0,24043520,32919552,,,
28,2026-10-08T21:24:03.944752+00:00,28.00333165899974,1816,1791494082.08,descendente,0.9887011050000183,0.0,0.0,11190272,19447808,,,
28,2026-10-08T21:24:03.944752+00:00,28.00333165899974,1817,1791494082.08,descendente,0.9886571490001188,98.11287977647405,49.05643988823702,44990464,207286272,,,
28,2026-10-08T21:24:03.944752+00:00,28.00333165899974,1818,1791494082.08,descendente,0.9886367569997674,0.0,0.0,45051904,207286272,,,
29,2026-10-08T21:24:04.947200+00:00,29.005564371999753,1815,1791494081.99,principal,1.0024498679999851,0.0,0.0,24043520,32919552,,,
29,2026-10-08T21:24:04.947200+00:00,29.005564371999753,1816,1791494082.08,descendente,1.0024510119997103,0.0,0.0,11190272,19447808,,,
29,2026-10-08T21:24:04.947200+00:00,29.005564371999753,1817,1791494082.08,descendente,1.0024557889996686,86.78686975992764,43.39343487996382,44990464,207286272,,,
29,2026-10-08T21:24:04.947200+00:00,29.005564371999753,1818,1791494082.08,descendente,1.0024600249998912,1.9950920237444623,0.9975460118722311,45051904,207286272,,,
30,2026-10-08T21:24:05.942718+00:00,30.001194656999814,1815,1791494081.99,principal,0.995520162000048,0.0,0.0,24043520,32919552,,,
30,2026-10-08T21:24:05.942718+00:00,30.001194656999814,1816,1791494082.08,descendente,0.9957902300002388,0.0,0.0,11190272,19447808,,,
30,2026-10-08T21:24:05.942718+00:00,30.001194656999814,1817,1791494082.08,descendente,0.9958102810001037,87.36603915419009,43.683019577095045,44990464,207286272,,,
30,2026-10-08T21:24:05.942718+00:00,30.001194656999814,1818,1791494082.08,descendente,0.9958162010002525,21.088228911024476,10.544114455512238,45051904,207286272,,,
31,2026-10-08T21:24:06.951369+00:00,31.009946230999958,1815,1791494081.99,principal,1.0086467320002157,0.0,0.0,24043520,32919552,,,
31,2026-10-08T21:24:06.951369+00:00,31.009946230999958,1816,1791494082.08,descendente,1.0083743870000035,0.0,0.0,11190272,19447808,,,
31,2026-10-08T21:24:06.951369+00:00,31.009946230999958,1817,1791494082.08,descendente,1.0083515229998739,30.74324706504534,15.37162353252267,44990464,207286272,,,
31,2026-10-08T21:24:06.951369+00:00,31.009946230999958,1818,1791494082.08,descendente,1.0083423629998833,66.44568596787968,33.22284298393984,45051904,207286272,,,
32,2026-10-08T21:24:07.943083+00:00,32.001665961999606,1815,1791494081.99,principal,0.991714134999711,0.0,0.0,24043520,32919552,,,
32,2026-10-08T21:24:07.943083+00:00,32.001665961999606,1816,1791494082.08,descendente,0.9918890129997635,0.0,0.0,11190272,19447808,,,
32,2026-10-08T21:24:07.943083+00:00,32.001665961999606,1817,1791494082.08,descendente,0.9919015010000294,52.42456024874834,26.21228012437417,44990464,207286272,,,
32,2026-10-08T21:24:07.943083+00:00,32.001665961999606,1818,1791494082.08,descendente,0.9919046209997759,46.375426655069965,23.187713327534983,45051904,207286272,,,
33,2026-10-08T21:24:08.943673+00:00,33.00126543899978,1815,1791494081.99,principal,1.000616182000158,0.0,0.0,24043520,32919552,,,
33,2026-10-08T21:24:08.943673+00:00,33.00126543899978,1816,1791494082.08,descendente,1.000544235000234,0.0,0.0,11190272,19447808,,,
33,2026-10-08T21:24:08.943673+00:00,33.00126543899978,1817,1791494082.08,descendente,1.0005530550001822,34.9806537745205,17.49032688726025,44990464,207286272,,,
33,2026-10-08T21:24:08.943673+00:00,33.00126543899978,1818,1791494082.08,descendente,1.0005683260001206,22.986935926649643,11.493467963324822,45051904,207286272,,,
34,2026-10-08T21:24:09.942659+00:00,34.000821457999336,1815,1791494081.99,principal,0.9989691499999935,0.0,0.0,24043520,32919552,,,
34,2026-10-08T21:24:09.942659+00:00,34.000821457999336,1816,1791494082.08,descendente,0.9988834069999939,0.0,0.0,11190272,19447808,,,
34,2026-10-08T21:24:09.942659+00:00,34.000821457999336,1817,1791494082.08,descendente,0.9988673299999391,0.0,0.0,44990464,207286272,,,
34,2026-10-08T21:24:09.942659+00:00,34.000821457999336,1818,1791494082.08,descendente,0.9990436790003514,0.0,0.0,45051904,207286272,,,
35,2026-10-08T21:24:10.943072+00:00,35.000846609999826,1815,1791494081.99,principal,1.0004135680001127,0.0,0.0,24043520,32919552,,,
35,2026-10-08T21:24:10.943072+00:00,35.000846609999826,1816,1791494082.08,descendente,1.0004899499999738,0.0,0.0,11190272,19447808,,,
35,2026-10-08T21:24:10.943072+00:00,35.000846609999826,1817,1791494082.08,descendente,1.0005078260001028,22.988325930393753,11.494162965196876,44990464,207286272,,,
35,2026-10-08T21:24:10.943072+00:00,35.000846609999826,1818,1791494082.08,descendente,1.000325777999933,0.0,0.0,45051904,207286272,,,
36,2026-10-08T21:24:11.943296+00:00,36.001570313999764,1815,1791494081.99,principal,1.0002182429998356,0.9997818046197796,0.4998909023098898,24043520,32919552,,,
36,2026-10-08T21:24:11.943296+00:00,36.001570313999764,1816,1791494082.08,descendente,1.000129475999529,0.0,0.0,11190272,19447808,,,
36,2026-10-08T21:24:11.943296+00:00,36.001570313999764,1817,1791494082.08,descendente,1.0001064340003722,75.99191187682317,37.99595593841158,44990464,207286272,,,
36,2026-10-08T21:24:11.943296+00:00,36.001570313999764,1818,1791494082.08,descendente,1.0000951619995249,23.99771632933009,11.998858164665045,45051904,207286272,,,
37,2026-10-08T21:24:12.942643+00:00,37.001060810000126,1815,1791494081.99,principal,0.9993461450003451,0.0,0.0,24043520,32919552,,,
37,2026-10-08T21:24:12.942643+00:00,37.001060810000126,1816,1791494082.08,descendente,0.9993440940006622,0.0,0.0,11190272,19447808,,,
37,2026-10-08T21:24:12.942643+00:00,37.001060810000126,1817,1791494082.08,descendente,0.9993450869997105,64.041941900314,32.020970950157,44990464,207286272,,,
37,2026-10-08T21:24:12.942643+00:00,37.001060810000126,1818,1791494082.08,descendente,0.9993440730004295,34.022316155754645,17.011158077877322,45051904,207286272,,,
38,2026-10-08T21:24:13.995212+00:00,38.05331486799969,1815,1791494081.99,principal,1.0525730989993463,0.0,0.0,24043520,32919552,,,
38,2026-10-08T21:24:13.995212+00:00,38.05331486799969,1816,1791494082.08,descendente,1.052585366999665,0.0,0.0,11190272,19447808,,,
38,2026-10-08T21:24:13.995212+00:00,38.05331486799969,1817,1791494082.08,descendente,1.0526583840000967,45.5988388346847,22.79941941734235,44990464,207286272,,,
38,2026-10-08T21:24:13.995212+00:00,38.05331486799969,1818,1791494082.08,descendente,1.0529879260002417,55.08135332597015,27.540676662985074,45051904,207286272,,,
39,2026-10-08T21:24:14.945984+00:00,39.00437606899959,1815,1791494081.99,principal,0.9507691420003539,0.0,0.0,24043520,32919552,,,
39,2026-10-08T21:24:14.945984+00:00,39.00437606899959,1816,1791494082.08,descendente,0.9507591390001835,0.0,0.0,11190272,19447808,,,
39,2026-10-08T21:24:14.945984+00:00,39.00437606899959,1817,1791494082.08,descendente,0.9506881520001116,70.47526558424208,35.23763279212104,44990464,207286272,,,
39,2026-10-08T21:24:14.945984+00:00,39.00437606899959,1818,1791494082.08,descendente,0.950361284999417,25.253553968178448,12.626776984089224,45051904,207286272,,,
40,2026-10-08T21:24:15.947853+00:00,40.00638359000004,1815,1791494081.99,principal,1.0018681909996303,0.0,0.0,24043520,32919552,,,
40,2026-10-08T21:24:15.947853+00:00,40.00638359000004,1816,1791494082.08,descendente,1.0024441670002489,0.0,0.0,11190272,19447808,,,
40,2026-10-08T21:24:15.947853+00:00,40.00638359000004,1817,1791494082.08,descendente,1.0025229369994122,22.942118480440485,11.471059240220242,44990464,207286272,,,
40,2026-10-08T21:24:15.947853+00:00,40.00638359000004,1818,1791494082.08,descendente,1.0025630380005168,76.80315060643625,38.401575303218124,45051904,207286272,,,
41,2026-10-08T21:24:16.951093+00:00,41.00961662699956,1815,1791494081.99,principal,1.0032410490002803,0.0,0.0,24043520,32919552,,,
41,2026-10-08T21:24:16.951093+00:00,41.00961662699956,1816,1791494082.08,descendente,1.002667425999789,0.0,0.0,11190272,19447808,,,
41,2026-10-08T21:24:16.951093+00:00,41.00961662699956,1817,1791494082.08,descendente,1.0025918910005203,61.83971819094628,30.91985909547314,44990464,207286272,,,
41,2026-10-08T21:24:16.951093+00:00,41.00961662699956,1818,1791494082.08,descendente,1.0025532129993735,35.908318414638046,17.954159207319023,45051904,207286272,,,
42,2026-10-08T21:24:17.948354+00:00,42.00667367499955,1815,1791494081.99,principal,0.997260912999991,0.0,0.0,24043520,32919552,,,
42,2026-10-08T21:24:17.948354+00:00,42.00667367499955,1816,1791494082.08,descendente,0.9972607399995468,0.0,0.0,11190272,19447808,,,
42,2026-10-08T21:24:17.948354+00:00,42.00667367499955,1817,1791494082.08,descendente,0.9972615939996103,98.26910069499647,49.134550347498234,44990464,207286272,,,
42,2026-10-08T21:24:17.948354+00:00,42.00667367499955,1818,1791494082.08,descendente,0.9973477580006147,0.0,0.0,45051904,207286272,,,
43,2026-10-08T21:24:18.945252+00:00,43.00367658799951,1815,1791494081.99,principal,0.9968987029997152,0.0,0.0,24043520,32919552,,,
43,2026-10-08T21:24:18.945252+00:00,43.00367658799951,1816,1791494082.08,descendente,0.9968989440003497,0.0,0.0,11190272,19447808,,,
43,2026-10-08T21:24:18.945252+00:00,43.00367658799951,1817,1791494082.08,descendente,0.9968972449996727,46.14317095440948,23.07158547720474,44990464,207286272,,,
43,2026-10-08T21:24:18.945252+00:00,43.00367658799951,1818,1791494082.08,descendente,0.9968140949995359,52.16619654643243,26.083098273216216,45051904,207286272,,,
44,2026-10-08T21:24:19.948219+00:00,44.00653316899934,1815,1791494081.99,principal,1.002963305000776,0.0,0.0,24043520,32919552,,,
44,2026-10-08T21:24:19.948219+00:00,44.00653316899934,1816,1791494082.08,descendente,1.0029614019995279,0.0,0.0,11190272,19447808,,,
44,2026-10-08T21:24:19.948219+00:00,44.00653316899934,1817,1791494082.08,descendente,1.002960413999972,59.82289945094664,29.91144972547332,44990464,207286272,,,
44,2026-10-08T21:24:19.948219+00:00,44.00653316899934,1818,1791494082.08,descendente,1.002958545999718,37.887906884648636,18.943953442324318,45051904,207286272,,,
45,2026-10-08T21:24:20.942521+00:00,45.001005053999506,1815,1791494081.99,principal,0.99430146099985,0.0,0.0,24043520,32919552,,,
45,2026-10-08T21:24:20.942521+00:00,45.001005053999506,1816,1791494082.08,descendente,0.9943003230000613,0.0,0.0,11190272,19447808,,,
45,2026-10-08T21:24:20.942521+00:00,45.001005053999506,1817,1791494082.08,descendente,0.9943010850001883,52.298042096564856,26.149021048282428,44990464,207286272,,,
45,2026-10-08T21:24:20.942521+00:00,45.001005053999506,1818,1791494082.08,descendente,0.9943001560004632,46.26369584918245,23.131847924591224,45051904,207286272,,,
46,2026-10-08T21:24:21.943787+00:00,46.002165426999454,1815,1791494081.99,principal,1.0012669030002144,0.0,0.0,24043520,32919552,,,
46,2026-10-08T21:24:21.943787+00:00,46.002165426999454,1816,1791494082.08,descendente,1.0012689120003415,0.0,0.0,11190272,19447808,,,
46,2026-10-08T21:24:21.943787+00:00,46.002165426999454,1817,1791494082.08,descendente,1.0012690419998762,97.87579150980298,48.93789575490149,44990464,207286272,,,
46,2026-10-08T21:24:21.943787+00:00,46.002165426999454,1818,1791494082.08,descendente,1.0012692379996224,0.0,0.0,45051904,207286272,,,
47,2026-10-08T21:24:23.020608+00:00,47.07848402599939,1815,1791494081.99,principal,1.0768304679995708,0.0,0.0,24043520,32919552,,,
47,2026-10-08T21:24:23.020608+00:00,47.07848402599939,1816,1791494082.08,descendente,1.076845814999615,0.0,0.0,11190272,19447808,,,
47,2026-10-08T21:24:23.020608+00:00,47.07848402599939,1817,1791494082.08,descendente,1.0769607910006016,78.9258074298386,39.4629037149193,44990464,207286272,,,
47,2026-10-08T21:24:23.020608+00:00,47.07848402599939,1818,1791494082.08,descendente,1.077017813000566,20.426774501257484,10.213387250628742,45051904,207286272,,,
48,2026-10-08T21:24:23.942162+00:00,48.000621985999715,1815,1791494081.99,principal,0.9215799610001341,0.0,0.0,24043520,32919552,,,
48,2026-10-08T21:24:23.942162+00:00,48.000621985999715,1816,1791494082.08,descendente,0.9215669500008516,0.0,0.0,11190272,19447808,,,
48,2026-10-08T21:24:23.942162+00:00,48.000621985999715,1817,1791494082.08,descendente,0.9214499879999494,23.875414060997024,11.937707030498512,44990464,207286272,,,
48,2026-10-08T21:24:23.942162+00:00,48.000621985999715,1818,1791494082.08,descendente,0.9213894079994134,74.88690384429064,37.44345192214532,45051904,207286272,,,
49,2026-10-08T21:24:24.949892+00:00,49.00834117500017,1815,1791494081.99,principal,1.007694304999859,0.0,0.0,24043520,32919552,,,
49,2026-10-08T21:24:24.949892+00:00,49.00834117500017,1816,1791494082.08,descendente,1.0076920589999645,0.0,0.0,11190272,19447808,,,
49,2026-10-08T21:24:24.949892+00:00,49.00834117500017,1817,1791494082.08,descendente,1.007695109999986,52.59527358428965,26.297636792144825,44990464,207286272,,,
49,2026-10-08T21:24:24.949892+00:00,49.00834117500017,1818,1791494082.08,descendente,1.007698559000346,46.640932032913376,23.320466016456688,45051904,207286272,,,
50,2026-10-08T21:24:25.942394+00:00,50.00067866500012,1815,1791494081.99,principal,0.9925020749997202,0.0,0.0,24043520,32919552,,,
50,2026-10-08T21:24:25.942394+00:00,50.00067866500012,1816,1791494082.08,descendente,0.9925033359995723,0.0,0.0,11190272,19447808,,,
50,2026-10-08T21:24:25.942394+00:00,50.00067866500012,1817,1791494082.08,descendente,0.992502107999826,82.61947187724739,41.309735938623696,44990464,207286272,,,
50,2026-10-08T21:24:25.942394+00:00,50.00067866500012,1818,1791494082.08,descendente,0.9925006379999104,15.113340410771169,7.5566702053855845,45051904,207286272,,,
51,2026-10-08T21:24:26.942360+00:00,51.0007681420002,1815,1791494081.99,principal,0.9999663380003767,0.0,0.0,24043520,32919552,,,
51,2026-10-08T21:24:26.942360+00:00,51.0007681420002,1816,1791494082.08,descendente,0.9999611129996993,0.0,0.0,11190272,19447808,,,
51,2026-10-08T21:24:26.942360+00:00,51.0007681420002,1817,1791494082.08,descendente,0.9999595870003759,46.00185907311316,23.00092953655658,44990464,207286272,,,
51,2026-10-08T21:24:26.942360+00:00,51.0007681420002,1818,1791494082.08,descendente,0.9999588740001855,53.002179767635404,26.501089883817702,45051904,207286272,,,
52,2026-10-08T21:24:27.942607+00:00,52.00081768099972,1815,1791494081.99,principal,1.0002473069998814,0.0,0.0,24043520,32919552,,,
52,2026-10-08T21:24:27.942607+00:00,52.00081768099972,1816,1791494082.08,descendente,1.0002486990006219,0.0,0.0,11190272,19447808,,,
52,2026-10-08T21:24:27.942607+00:00,52.00081768099972,1817,1791494082.08,descendente,1.0002497929999663,0.0,0.0,44990464,207286272,,,
52,2026-10-08T21:24:27.942607+00:00,52.00081768099972,1818,1791494082.08,descendente,1.0002506789996914,97.97543961480272,48.98771980740136,45051904,207286272,,,
53,2026-10-08T21:24:28.947176+00:00,53.00569340899983,1815,1791494081.99,principal,1.0045671179996134,0.0,0.0,24043520,32919552,,,
53,2026-10-08T21:24:28.947176+00:00,53.00569340899983,1816,1791494082.08,descendente,1.004566382000121,0.0,0.0,11190272,19447808,,,
53,2026-10-08T21:24:28.947176+00:00,53.00569340899983,1817,1791494082.08,descendente,1.0045622019997609,0.9954585171624788,0.4977292585812394,44990464,207286272,,,
53,2026-10-08T21:24:28.947176+00:00,53.00569340899983,1818,1791494082.08,descendente,1.004559175000395,98.55069015716398,49.27534507858199,45051904,207286272,,,
54,2026-10-08T21:24:29.988851+00:00,54.045190679999905,1815,1791494081.99,principal,1.041741305000869,0.0,0.0,24043520,32919552,,,
54,2026-10-08T21:24:29.988851+00:00,54.045190679999905,1816,1791494082.08,descendente,1.041873244999806,0.0,0.0,11190272,19447808,,,
54,2026-10-08T21:24:29.988851+00:00,54.045190679999905,1817,1791494082.08,descendente,1.0419243779997487,0.0,0.0,44990464,207286272,,,
54,2026-10-08T21:24:29.988851+00:00,54.045190679999905,1818,1791494082.08,descendente,1.0419283199998972,98.85516884694168,49.42758442347084,45051904,207286272,,,
55,2026-10-08T21:24:30.951322+00:00,55.00969222299955,1815,1791494081.99,principal,0.9624093999991601,0.0,0.0,24043520,32919552,,,
55,2026-10-08T21:24:30.951322+00:00,55.00969222299955,1816,1791494082.08,descendente,0.9622807819996524,0.0,0.0,11190272,19447808,,,
55,2026-10-08T21:24:30.951322+00:00,55.00969222299955,1817,1791494082.08,descendente,0.962232750000112,73.78672155982201,36.893360779911006,44990464,207286272,,,
55,2026-10-08T21:24:30.951322+00:00,55.00969222299955,1818,1791494082.08,descendente,0.9622314560001541,23.902772931168865,11.951386465584433,45051904,207286272,,,
56,2026-10-08T21:24:31.944390+00:00,56.002826640999956,1815,1791494081.99,principal,0.9930933420000656,0.0,0.0,24043520,32919552,,,
56,2026-10-08T21:24:31.944390+00:00,56.002826640999956,1816,1791494082.08,descendente,0.9931087260001732,0.0,0.0,11190272,19447808,,,
56,2026-10-08T21:24:31.944390+00:00,56.002826640999956,1817,1791494082.08,descendente,0.9931118579997928,76.52712973649268,38.26356486824634,44990464,207286272,,,
56,2026-10-08T21:24:31.944390+00:00,56.002826640999956,1818,1791494082.08,descendente,0.9931122210000467,22.152582089712507,11.076291044856253,45051904,207286272,,,
57,2026-10-08T21:24:32.950291+00:00,57.008479491999424,1815,1791494081.99,principal,1.0058691520007415,1.9883301878995567,0.9941650939497784,24043520,32919552,,,
57,2026-10-08T21:24:32.950291+00:00,57.008479491999424,1816,1791494082.08,descendente,1.0058458120001887,0.0,0.0,11190272,19447808,,,
57,2026-10-08T21:24:32.950291+00:00,57.008479491999424,1817,1791494082.08,descendente,1.0058377470004416,75.55890622184693,37.77945311092346,44990464,207286272,,,
57,2026-10-08T21:24:32.950291+00:00,57.008479491999424,1818,1791494082.08,descendente,1.0058321850001448,22.8666375395382,11.4333187697691,45051904,207286272,,,
58,2026-10-08T21:24:34.063445+00:00,58.12185273199975,1815,1791494081.99,principal,1.1131540119995407,0.0,0.0,24043520,32919552,,,
58,2026-10-08T21:24:34.063445+00:00,58.12185273199975,1816,1791494082.08,descendente,1.1131549000001542,0.0,0.0,11190272,19447808,,,
58,2026-10-08T21:24:34.063445+00:00,58.12185273199975,1817,1791494082.08,descendente,1.1131750770000508,17.068294460206694,8.534147230103347,44990464,207286272,,,
58,2026-10-08T21:24:34.063445+00:00,58.12185273199975,1818,1791494082.08,descendente,1.1131908309998835,80.84867166859487,40.42433583429744,45051904,207286272,,,
59,2026-10-08T21:24:34.950131+00:00,59.008709087999705,1815,1791494081.99,principal,0.8866880129999117,0.0,0.0,24043520,32919552,,,
59,2026-10-08T21:24:34.950131+00:00,59.008709087999705,1816,1791494082.08,descendente,0.8866884859999118,0.0,0.0,11190272,19447808,,,
59,2026-10-08T21:24:34.950131+00:00,59.008709087999705,1817,1791494082.08,descendente,0.8866691069997614,56.390822241666086,28.195411120833043,44990464,207286272,,,
59,2026-10-08T21:24:34.950131+00:00,59.008709087999705,1818,1791494082.08,descendente,0.886655399999654,42.85768743980438,21.42884371990219,45051904,207286272,,,
60,2026-10-08T21:24:35.942933+00:00,60.00115109099988,1815,1791494081.99,principal,0.9928043919999254,0.0,0.0,24043520,32919552,,,
60,2026-10-08T21:24:35.942933+00:00,60.00115109099988,1816,1791494082.08,descendente,0.9928103550000742,0.0,0.0,11190272,19447808,,,
60,2026-10-08T21:24:35.942933+00:00,60.00115109099988,1817,1791494082.08,descendente,0.9928143859997363,45.325692933715736,22.662846466857868,44990464,207286272,,,
60,2026-10-08T21:24:35.942933+00:00,60.00115109099988,1818,1791494082.08,descendente,0.9928183849997367,53.383378874489885,26.691689437244943,45051904,207286272,,,
61,2026-10-08T21:24:37.086357+00:00,61.14465406299951,1815,1791494081.99,principal,1.1434215750005023,0.0,0.0,24043520,32919552,,,
61,2026-10-08T21:24:37.086357+00:00,61.14465406299951,1816,1791494082.08,descendente,1.1435436719993959,0.0,0.0,11190272,19447808,,,
61,2026-10-08T21:24:37.086357+00:00,61.14465406299951,1817,1791494082.08,descendente,1.1435418810006013,39.351422757359096,19.675711378679548,44990464,207286272,,,
61,2026-10-08T21:24:37.086357+00:00,61.14465406299951,1818,1791494082.08,descendente,1.143633280999893,59.459619731026635,29.729809865513317,45051904,207286272,,,
62,2026-10-08T21:24:37.990529+00:00,62.049054663999414,1815,1791494081.99,principal,0.9041691149996041,0.0,0.0,24043520,32919552,,,
62,2026-10-08T21:24:37.990529+00:00,62.049054663999414,1816,1791494082.08,descendente,0.9040388710000116,0.0,0.0,11190272,19447808,,,
62,2026-10-08T21:24:37.990529+00:00,62.049054663999414,1817,1791494082.08,descendente,0.904033421999884,48.67076695313309,24.335383476566545,44990464,207286272,,,
62,2026-10-08T21:24:37.990529+00:00,62.049054663999414,1818,1791494082.08,descendente,0.9039331150006547,49.78244435703336,24.89122217851668,45051904,207286272,,,
63,2026-10-08T21:24:38.945733+00:00,63.004316002999985,1815,1791494081.99,principal,0.9552062109996768,0.0,0.0,24043520,32919552,,,
63,2026-10-08T21:24:38.945733+00:00,63.004316002999985,1816,1791494082.08,descendente,0.9552103590003753,0.0,0.0,11190272,19447808,,,
63,2026-10-08T21:24:38.945733+00:00,63.004316002999985,1817,1791494082.08,descendente,0.9552139890001854,73.28200885465256,36.64100442732628,44990464,207286272,,,
63,2026-10-08T21:24:38.945733+00:00,63.004316002999985,1818,1791494082.08,descendente,0.9552202779996151,23.03133686197641,11.515668430988205,45051904,207286272,,,
64,2026-10-08T21:24:40.065677+00:00,64.12148025599981,1815,1791494081.99,principal,1.1199456840004132,0.0,0.0,24043520,32919552,,,
64,2026-10-08T21:24:40.065677+00:00,64.12148025599981,1816,1791494082.08,descendente,1.1199441079997996,0.0,0.0,11190272,19447808,,,
64,2026-10-08T21:24:40.065677+00:00,64.12148025599981,1817,1791494082.08,descendente,1.1199458329992922,77.68232840958787,38.841164204793934,44990464,207286272,,,
64,2026-10-08T21:24:40.065677+00:00,64.12148025599981,1818,1791494082.08,descendente,1.1199441640001169,20.536738115453048,10.268369057726524,45051904,207286272,,,
65,2026-10-08T21:24:40.976611+00:00,65.03409389699937,1815,1791494081.99,principal,0.9110508599997047,0.0,0.0,24043520,32919552,,,
65,2026-10-08T21:24:40.976611+00:00,65.03409389699937,1816,1791494082.08,descendente,0.9110825469997508,0.0,0.0,11190272,19447808,,,
65,2026-10-08T21:24:40.976611+00:00,65.03409389699937,1817,1791494082.08,descendente,0.9121713630001977,25.214560479460495,12.607280239730247,44990464,207286272,,,
65,2026-10-08T21:24:40.976611+00:00,65.03409389699937,1818,1791494082.08,descendente,0.9122733029998926,73.442903326973,36.7214516634865,45051904,207286272,,,
66,2026-10-08T21:24:42.107390+00:00,66.16258939399995,1815,1791494081.99,principal,1.13066221400004,0.0,0.0,24043520,32919552,,,
66,2026-10-08T21:24:42.107390+00:00,66.16258939399995,1816,1791494082.08,descendente,1.130634893000206,0.0,0.0,11190272,19447808,,,
66,2026-10-08T21:24:42.107390+00:00,66.16258939399995,1817,1791494082.08,descendente,1.1295437950002452,60.20129569211189,30.100647846055946,44990464,207286272,,,
66,2026-10-08T21:24:42.107390+00:00,66.16258939399995,1818,1791494082.08,descendente,1.1294420410004022,38.9572889999982,19.4786444999991,45051904,207286272,,,
67,2026-10-08T21:24:43.033135+00:00,67.08595883699945,1815,1791494081.99,principal,0.9257462109999324,0.0,0.0,24043520,32919552,,,
67,2026-10-08T21:24:43.033135+00:00,67.08595883699945,1816,1791494082.08,descendente,0.925748485999975,0.0,0.0,11190272,19447808,,,
67,2026-10-08T21:24:43.033135+00:00,67.08595883699945,1817,1791494082.08,descendente,0.9257542919995103,0.0,0.0,44990464,207286272,,,
67,2026-10-08T21:24:43.033135+00:00,67.08595883699945,1818,1791494082.08,descendente,0.925759119999384,98.29770837154763,49.148854185773814,45051904,207286272,,,
68,2026-10-08T21:24:44.086480+00:00,68.14488734599945,1815,1791494081.99,principal,1.053355974000624,0.0,0.0,24043520,32919552,,,
68,2026-10-08T21:24:44.086480+00:00,68.14488734599945,1816,1791494082.08,descendente,1.0533593079999264,0.0,0.0,11190272,19447808,,,
68,2026-10-08T21:24:44.086480+00:00,68.14488734599945,1817,1791494082.08,descendente,1.0533583209999051,0.0,0.0,44990464,207286272,,,
68,2026-10-08T21:24:44.086480+00:00,68.14488734599945,1818,1791494082.08,descendente,1.0533553490004124,98.73211362024345,49.36605681012173,45051904,207286272,,,
69,2026-10-08T21:24:44.973684+00:00,69.03214616700006,1815,1791494081.99,principal,0.887190937000014,0.0,0.0,24043520,32919552,,,
69,2026-10-08T21:24:44.973684+00:00,69.03214616700006,1816,1791494082.08,descendente,0.8871851720004997,0.0,0.0,11190272,19447808,,,
69,2026-10-08T21:24:44.973684+00:00,69.03214616700006,1817,1791494082.08,descendente,0.8871829700001399,86.7915667948264,43.3957833974132,44990464,207286272,,,
69,2026-10-08T21:24:44.973684+00:00,69.03214616700006,1818,1791494082.08,descendente,0.8871836999996958,11.271622776661943,5.635811388330971,45051904,207286272,,,
70,2026-10-08T21:24:45.967156+00:00,70.02567470199938,1815,1791494081.99,principal,0.9934742289997303,0.0,0.0,24043520,32919552,,,
70,2026-10-08T21:24:45.967156+00:00,70.02567470199938,1816,1791494082.08,descendente,0.9934757249993709,0.0,0.0,11190272,19447808,,,
70,2026-10-08T21:24:45.967156+00:00,70.02567470199938,1817,1791494082.08,descendente,0.9934786270005134,98.6432896859381,49.32164484296905,44990464,207286272,,,
70,2026-10-08T21:24:45.967156+00:00,70.02567470199938,1818,1791494082.08,descendente,0.9934807429999637,0.0,0.0,45051904,207286272,,,
71,2026-10-08T21:24:46.943534+00:00,71.00197842199941,1815,1791494081.99,principal,0.9763740739999776,0.0,0.0,24043520,32919552,,,
71,2026-10-08T21:24:46.943534+00:00,71.00197842199941,1816,1791494082.08,descendente,0.9763686300002519,0.0,0.0,11190272,19447808,,,
71,2026-10-08T21:24:46.943534+00:00,71.00197842199941,1817,1791494082.08,descendente,0.9763640499995745,74.76719365080291,37.383596825401455,44990464,207286272,,,
71,2026-10-08T21:24:46.943534+00:00,71.00197842199941,1818,1791494082.08,descendente,0.9763598230001662,23.55688902614352,11.77844451307176,45051904,207286272,,,
72,2026-10-08T21:24:47.945325+00:00,72.0038985479996,1815,1791494081.99,principal,1.001792349000425,0.0,0.0,24043520,32919552,,,
72,2026-10-08T21:24:47.945325+00:00,72.0038985479996,1816,1791494082.08,descendente,1.0017972610003198,0.0,0.0,11190272,19447808,,,
72,2026-10-08T21:24:47.945325+00:00,72.0038985479996,1817,1791494082.08,descendente,1.0018020480001724,1.9964023870711518,0.9982011935355759,44990464,207286272,,,
72,2026-10-08T21:24:47.945325+00:00,72.0038985479996,1818,1791494082.08,descendente,1.0018059290005112,96.82514067048447,48.412570335242236,45051904,207286272,,,
73,2026-10-08T21:24:48.945745+00:00,73.0040762839999,1815,1791494081.99,principal,1.0004192529995635,0.0,0.0,24043520,32919552,,,
73,2026-10-08T21:24:48.945745+00:00,73.0040762839999,1816,1791494082.08,descendente,1.0004145729999436,0.0,0.0,11190272,19447808,,,
73,2026-10-08T21:24:48.945745+00:00,73.0040762839999,1817,1791494082.08,descendente,1.0004073660002177,58.975975192876376,29.487987596438188,44990464,207286272,,,
73,2026-10-08T21:24:48.945745+00:00,73.0040762839999,1818,1791494082.08,descendente,1.0004032849992655,38.984278225384564,19.492139112692282,45051904,207286272,,,
74,2026-10-08T21:24:49.948084+00:00,74.00657873399996,1815,1791494081.99,principal,1.0023417259999405,0.0,0.0,24043520,32919552,,,
74,2026-10-08T21:24:49.948084+00:00,74.00657873399996,1816,1791494082.08,descendente,1.002347335000195,0.0,0.0,11190272,19447808,,,
74,2026-10-08T21:24:49.948084+00:00,74.00657873399996,1817,1791494082.08,descendente,1.0023531389997515,98.76758614113945,49.38379307056972,44990464,207286272,,,
74,2026-10-08T21:24:49.948084+00:00,74.00657873399996,1818,1791494082.08,descendente,1.0023556830001326,0.0,0.0,45051904,207286272,,,
75,2026-10-08T21:24:50.943125+00:00,75.00155215299947,1815,1791494081.99,principal,0.9950409370003399,0.0,0.0,24043520,32919552,,,
75,2026-10-08T21:24:50.943125+00:00,75.00155215299947,1816,1791494082.08,descendente,0.9950378849998742,0.0,0.0,11190272,19447808,,,
75,2026-10-08T21:24:50.943125+00:00,75.00155215299947,1817,1791494082.08,descendente,0.9950365889999375,75.37411270009632,37.68705635004816,44990464,207286272,,,
75,2026-10-08T21:24:50.943125+00:00,75.00155215299947,1818,1791494082.08,descendente,0.9950383450004665,23.114687102826792,11.557343551413396,45051904,207286272,,,
76,2026-10-08T21:24:51.957052+00:00,76.01559410499976,1815,1791494081.99,principal,1.0139266629994381,0.0,0.0,24043520,32919552,,,
76,2026-10-08T21:24:51.957052+00:00,76.01559410499976,1816,1791494082.08,descendente,1.013983122999889,0.0,0.0,11190272,19447808,,,
76,2026-10-08T21:24:51.957052+00:00,76.01559410499976,1817,1791494082.08,descendente,1.0139904819998264,39.44810203850287,19.724051019251434,44990464,207286272,,,
76,2026-10-08T21:24:51.957052+00:00,76.01559410499976,1818,1791494082.08,descendente,1.01398921100008,57.19981965369737,28.599909826848684,45051904,207286272,,,
77,2026-10-08T21:24:52.948145+00:00,77.00545831799991,1815,1791494081.99,principal,0.9911516210004265,0.0,0.0,24043520,32919552,,,
77,2026-10-08T21:24:52.948145+00:00,77.00545831799991,1816,1791494082.08,descendente,0.9911811579995629,0.0,0.0,11190272,19447808,,,
77,2026-10-08T21:24:52.948145+00:00,77.00545831799991,1817,1791494082.08,descendente,0.9912351650000346,70.61896356350296,35.30948178175148,44990464,207286272,,,
77,2026-10-08T21:24:52.948145+00:00,77.00545831799991,1818,1791494082.08,descendente,0.9912755759996799,31.272837493990913,15.636418746995457,45051904,207286272,,,
78,2026-10-08T21:24:54.087759+00:00,78.14614036999956,1815,1791494081.99,principal,1.1395505310001681,0.0,0.0,24043520,32919552,,,
78,2026-10-08T21:24:54.087759+00:00,78.14614036999956,1816,1791494082.08,descendente,1.139490059000309,0.0,0.0,11190272,19447808,,,
78,2026-10-08T21:24:54.087759+00:00,78.14614036999956,1817,1791494082.08,descendente,1.1394334970000273,19.30784030654082,9.65392015327041,44990464,207286272,,,
78,2026-10-08T21:24:54.087759+00:00,78.14614036999956,1818,1791494082.08,descendente,1.1393883060000007,78.9897522434289,39.49487612171445,45051904,207286272,,,
79,2026-10-08T21:24:54.944306+00:00,79.00278254499972,1815,1791494081.99,principal,0.8565512719997059,0.0,0.0,24043520,32919552,,,
79,2026-10-08T21:24:54.944306+00:00,79.00278254499972,1816,1791494082.08,descendente,0.8565294279997033,0.0,0.0,11190272,19447808,,,
79,2026-10-08T21:24:54.944306+00:00,79.00278254499972,1817,1791494082.08,descendente,0.8565245310001046,98.07074632400618,49.03537316200309,44990464,207286272,,,
79,2026-10-08T21:24:54.944306+00:00,79.00278254499972,1818,1791494082.08,descendente,0.8565297759996611,0.0,0.0,45051904,207286272,,,
80,2026-10-08T21:24:55.945109+00:00,80.00216094499956,1815,1791494081.99,principal,1.0007974270001796,0.0,0.0,24043520,32919552,,,
80,2026-10-08T21:24:55.945109+00:00,80.00216094499956,1816,1791494082.08,descendente,1.0007905880002,0.0,0.0,11190272,19447808,,,
80,2026-10-08T21:24:55.945109+00:00,80.00216094499956,1817,1791494082.08,descendente,1.0009904039998219,75.92480377065965,37.962401885329825,44990464,207286272,,,
80,2026-10-08T21:24:55.945109+00:00,80.00216094499956,1818,1791494082.08,descendente,1.0010216300006505,22.97652649122551,11.488263245612755,45051904,207286272,,,
81,2026-10-08T21:24:56.961017+00:00,81.01923196200005,1815,1791494081.99,principal,1.0159191020002254,0.9843303448385983,0.49216517241929914,24043520,32919552,,,
81,2026-10-08T21:24:56.961017+00:00,81.01923196200005,1816,1791494082.08,descendente,1.0159338149996984,0.0,0.0,11190272,19447808,,,
81,2026-10-08T21:24:56.961017+00:00,81.01923196200005,1817,1791494082.08,descendente,1.015737409000394,97.46613556098906,48.73306778049453,44990464,207286272,,,
81,2026-10-08T21:24:56.961017+00:00,81.01923196200005,1818,1791494082.08,descendente,1.0157070089999252,0.0,0.0,45051904,207286272,,,
82,2026-10-08T21:24:58.003543+00:00,82.06141978799951,1815,1791494081.99,principal,1.0428011999993032,0.0,0.0,24043520,32919552,,,
82,2026-10-08T21:24:58.003543+00:00,82.06141978799951,1816,1791494082.08,descendente,1.0428600470004312,0.0,0.0,11190272,19447808,,,
82,2026-10-08T21:24:58.003543+00:00,82.06141978799951,1817,1791494082.08,descendente,1.042856469999606,78.63018771895976,39.31509385947988,44990464,207286272,,,
82,2026-10-08T21:24:58.003543+00:00,82.06141978799951,1818,1791494082.08,descendente,1.043083478999506,21.091312865104157,10.545656432552079,45051904,207286272,,,
83,2026-10-08T21:24:58.947847+00:00,83.00627402000009,1815,1791494081.99,principal,0.9440230560003329,0.0,0.0,24043520,32919552,,,
83,2026-10-08T21:24:58.947847+00:00,83.00627402000009,1816,1791494082.08,descendente,0.9439525079997111,0.0,0.0,11190272,19447808,,,
83,2026-10-08T21:24:58.947847+00:00,83.00627402000009,1817,1791494082.08,descendente,0.9439511999999013,74.15637588045536,37.07818794022768,44990464,207286272,,,
83,2026-10-08T21:24:58.947847+00:00,83.00627402000009,1818,1791494082.08,descendente,0.943719876000614,24.371638856937068,12.185819428468534,45051904,207286272,,,
84,2026-10-08T21:24:59.950501+00:00,84.00902590299938,1815,1791494081.99,principal,1.002654388999872,0.0,0.0,24043520,32919552,,,
84,2026-10-08T21:24:59.950501+00:00,84.00902590299938,1816,1791494082.08,descendente,1.002658884000084,0.0,0.0,11190272,19447808,,,
84,2026-10-08T21:24:59.950501+00:00,84.00902590299938,1817,1791494082.08,descendente,1.0026601260005918,87.76652997164098,43.88326498582049,44990464,207286272,,,
84,2026-10-08T21:24:59.950501+00:00,84.00902590299938,1818,1791494082.08,descendente,1.0026616069999363,10.97080004181375,5.485400020906875,45051904,207286272,,,
85,2026-10-08T21:25:00.975365+00:00,85.0311885809997,1815,1791494081.99,principal,1.0248641750004026,0.0,0.0,24043520,32919552,,,
85,2026-10-08T21:25:00.975365+00:00,85.0311885809997,1816,1791494082.08,descendente,1.0248590760002116,0.0,0.0,11190272,19447808,,,
85,2026-10-08T21:25:00.975365+00:00,85.0311885809997,1817,1791494082.08,descendente,1.024859297999683,20.490617630135002,10.245308815067501,44990464,207286272,,,
85,2026-10-08T21:25:00.975365+00:00,85.0311885809997,1818,1791494082.08,descendente,1.0248583570000847,77.08382281356894,38.54191140678447,45051904,207286272,,,
86,2026-10-08T21:25:01.944439+00:00,86.00295881999955,1815,1791494081.99,principal,0.969072062000123,0.0,0.0,24043520,32919552,,,
86,2026-10-08T21:25:01.944439+00:00,86.00295881999955,1816,1791494082.08,descendente,0.9690761760002715,0.0,0.0,11190272,19447808,,,
86,2026-10-08T21:25:01.944439+00:00,86.00295881999955,1817,1791494082.08,descendente,0.9690771260002293,24.765830661030183,12.382915330515091,44990464,207286272,,,
86,2026-10-08T21:25:01.944439+00:00,86.00295881999955,1818,1791494082.08,descendente,0.9690806669996164,74.29722050169471,37.148610250847355,45051904,207286272,,,
87,2026-10-08T21:25:03.058336+00:00,87.11671298300007,1815,1791494081.99,principal,1.113900545999968,0.0,0.0,24043520,32919552,,,
87,2026-10-08T21:25:03.058336+00:00,87.11671298300007,1816,1791494082.08,descendente,1.1139000659995872,0.0,0.0,11190272,19447808,,,
87,2026-10-08T21:25:03.058336+00:00,87.11671298300007,1817,1791494082.08,descendente,1.113899597999989,20.648180537362858,10.324090268681429,44990464,207286272,,,
87,2026-10-08T21:25:03.058336+00:00,87.11671298300007,1818,1791494082.08,descendente,1.1138965000000098,78.10420447501154,39.05210223750577,45051904,207286272,,,
88,2026-10-08T21:25:03.944175+00:00,88.00236528599999,1815,1791494081.99,principal,0.8858405389992186,1.1288713441922051,0.5644356720961026,24043520,32919552,,,
88,2026-10-08T21:25:03.944175+00:00,88.00236528599999,1816,1791494082.08,descendente,0.8858427040004244,0.0,0.0,11190272,19447808,,,
88,2026-10-08T21:25:03.944175+00:00,88.00236528599999,1817,1791494082.08,descendente,0.8858422209996206,71.11875964650814,35.55937982325407,44990464,207286272,,,
88,2026-10-08T21:25:03.944175+00:00,88.00236528599999,1818,1791494082.08,descendente,0.8858441410002342,25.963935341977507,12.981967670988753,45051904,207286272,,,
89,2026-10-08T21:25:04.944313+00:00,89.00277716299934,1815,1791494081.99,principal,1.0001379380000799,0.0,0.0,24043520,32919552,,,
89,2026-10-08T21:25:04.944313+00:00,89.00277716299934,1816,1791494082.08,descendente,1.0001369579995298,0.0,0.0,11190272,19447808,,,
89,2026-10-08T21:25:04.944313+00:00,89.00277716299934,1817,1791494082.08,descendente,1.0001411480006936,97.98616944808646,48.99308472404323,44990464,207286272,,,
89,2026-10-08T21:25:04.944313+00:00,89.00277716299934,1818,1791494082.08,descendente,1.0001421219994882,0.9998578981961054,0.4999289490980527,45051904,207286272,,,
90,2026-10-08T21:25:05.944384+00:00,90.00288390500009,1815,1791494081.99,principal,1.0000696350007274,0.0,0.0,24043520,32919552,,,
90,2026-10-08T21:25:05.944384+00:00,90.00288390500009,1816,1791494082.08,descendente,1.000069892999818,0.0,0.0,11190272,19447808,,,
90,2026-10-08T21:25:05.944384+00:00,90.00288390500009,1817,1791494082.08,descendente,1.0000675389992466,96.99344915951018,48.49672457975509,44990464,207286272,,,
90,2026-10-08T21:25:05.944384+00:00,90.00288390500009,1818,1791494082.08,descendente,1.000066364000304,0.0,0.0,45051904,207286272,,,
91,2026-10-08T21:25:06.946351+00:00,91.00490862100014,1815,1791494081.99,principal,1.0019639969996206,0.0,0.0,24043520,32919552,,,
91,2026-10-08T21:25:06.946351+00:00,91.00490862100014,1816,1791494082.08,descendente,1.0019607260001067,0.0,0.0,11190272,19447808,,,
91,2026-10-08T21:25:06.946351+00:00,91.00490862100014,1817,1791494082.08,descendente,1.001960163000149,52.89631460127446,26.44815730063723,44990464,207286272,,,
91,2026-10-08T21:25:06.946351+00:00,91.00490862100014,1818,1791494082.08,descendente,1.0021018420002292,45.90351805778795,22.951759028893974,45051904,207286272,,,
92,2026-10-08T21:25:07.982314+00:00,92.04076966799948,1815,1791494081.99,principal,1.0359631390001596,0.0,0.0,24043520,32919552,,,
92,2026-10-08T21:25:07.982314+00:00,92.04076966799948,1816,1791494082.08,descendente,1.0359622920004767,0.0,0.0,11190272,19447808,,,
92,2026-10-08T21:25:07.982314+00:00,92.04076966799948,1817,1791494082.08,descendente,1.035963633999927,52.12538184521226,26.06269092260613,44990464,207286272,,,
92,2026-10-08T21:25:07.982314+00:00,92.04076966799948,1818,1791494082.08,descendente,1.0358235349995084,47.305354960893744,23.652677480446872,45051904,207286272,,,
93,2026-10-08T21:25:08.976099+00:00,93.03454642799989,1815,1791494081.99,principal,0.9937829849995978,0.0,0.0,24043520,32919552,,,
93,2026-10-08T21:25:08.976099+00:00,93.03454642799989,1816,1791494082.08,descendente,0.9937793039998724,0.0,0.0,11190272,19447808,,,
93,2026-10-08T21:25:08.976099+00:00,93.03454642799989,1817,1791494082.08,descendente,0.9937736990004851,0.0,0.0,44990464,207286272,,,
93,2026-10-08T21:25:08.976099+00:00,93.03454642799989,1818,1791494082.08,descendente,0.9937701819999347,98.61434944926486,49.30717472463243,45051904,207286272,,,
94,2026-10-08T21:25:09.995636+00:00,94.05396089499936,1815,1791494081.99,principal,1.0195371560002968,0.0,0.0,24043520,32919552,,,
94,2026-10-08T21:25:09.995636+00:00,94.05396089499936,1816,1791494082.08,descendente,1.0195404959995358,0.0,0.0,11190272,19447808,,,
94,2026-10-08T21:25:09.995636+00:00,94.05396089499936,1817,1791494082.08,descendente,1.0195443189995785,22.55909779632561,11.279548898162805,44990464,207286272,,,
94,2026-10-08T21:25:09.995636+00:00,94.05396089499936,1818,1791494082.08,descendente,1.0195471370006999,34.328966979361354,17.164483489680677,45051904,207286272,,,
95,2026-10-08T21:25:10.942807+00:00,95.00126140100019,1815,1791494081.99,principal,0.9471740330000102,0.0,0.0,24043520,32919552,,,
95,2026-10-08T21:25:10.942807+00:00,95.00126140100019,1816,1791494082.08,descendente,0.9471797330006666,0.0,0.0,11190272,19447808,,,
95,2026-10-08T21:25:10.942807+00:00,95.00126140100019,1817,1791494082.08,descendente,0.9471816880004553,0.0,0.0,44990464,207286272,,,
95,2026-10-08T21:25:10.942807+00:00,95.00126140100019,1818,1791494082.08,descendente,0.9471827119996306,0.0,0.0,45051904,207286272,,,
96,2026-10-08T21:25:11.942361+00:00,96.0008265689994,1815,1791494081.99,principal,0.999554635000095,0.0,0.0,24043520,32919552,,,
96,2026-10-08T21:25:11.942361+00:00,96.0008265689994,1816,1791494082.08,descendente,0.9995508809997773,0.0,0.0,11190272,19447808,,,
96,2026-10-08T21:25:11.942361+00:00,96.0008265689994,1817,1791494082.08,descendente,0.9995524289997775,0.0,0.0,44990464,207286272,,,
96,2026-10-08T21:25:11.942361+00:00,96.0008265689994,1818,1791494082.08,descendente,0.9995512180003061,0.0,0.0,45051904,207286272,,,
97,2026-10-08T21:25:12.959955+00:00,97.01793584200004,1815,1791494081.99,principal,1.0175941150000654,0.0,0.0,24043520,32919552,,,
97,2026-10-08T21:25:12.959955+00:00,97.01793584200004,1816,1791494082.08,descendente,1.0175939669998115,0.0,0.0,11190272,19447808,,,
97,2026-10-08T21:25:12.959955+00:00,97.01793584200004,1817,1791494082.08,descendente,1.0175904910001918,0.0,0.0,44990464,207286272,,,
97,2026-10-08T21:25:12.959955+00:00,97.01793584200004,1818,1791494082.08,descendente,1.017593904000023,0.9827102895063907,0.49135514475319536,45051904,207286272,,,
98,2026-10-08T21:25:13.942330+00:00,98.00085172099989,1815,1791494081.99,principal,0.9823751630001425,0.0,0.0,24043520,32919552,,,
98,2026-10-08T21:25:13.942330+00:00,98.00085172099989,1816,1791494082.08,descendente,0.9823755590005021,0.0,0.0,11190272,19447808,,,
98,2026-10-08T21:25:13.942330+00:00,98.00085172099989,1817,1791494082.08,descendente,0.9823768830001427,0.0,0.0,44990464,207286272,,,
98,2026-10-08T21:25:13.942330+00:00,98.00085172099989,1818,1791494082.08,descendente,0.9823728530000153,0.0,0.0,45051904,207286272,,,
99,2026-10-08T21:25:14.942225+00:00,99.00075166999977,1815,1791494081.99,principal,0.9998927359993104,0.0,0.0,24043520,32919552,,,
99,2026-10-08T21:25:14.942225+00:00,99.00075166999977,1816,1791494082.08,descendente,0.9999541649995081,0.0,0.0,11190272,19447808,,,
99,2026-10-08T21:25:14.942225+00:00,99.00075166999977,1817,1791494082.08,descendente,1.000023169999622,0.9999768305377259,0.49998841526886295,44990464,207286272,,,
99,2026-10-08T21:25:14.942225+00:00,99.00075166999977,1818,1791494082.08,descendente,1.0000885409999682,0.0,0.0,45051904,207286272,,,
100,2026-10-08T21:25:15.943520+00:00,100.00193841199962,1815,1791494081.99,principal,1.0012985510002181,0.0,0.0,24043520,32919552,,,
100,2026-10-08T21:25:15.943520+00:00,100.00193841199962,1816,1791494082.08,descendente,1.0014486720001514,0.0,0.0,11190272,19447808,,,
100,2026-10-08T21:25:15.943520+00:00,100.00193841199962,1817,1791494082.08,descendente,1.0013838160002706,0.0,0.0,44990464,207286272,,,
100,2026-10-08T21:25:15.943520+00:00,100.00193841199962,1818,1791494082.08,descendente,1.0013210589995651,0.9986806838946501,0.4993403419473251,45051904,207286272,,,
101,2026-10-08T21:25:16.943026+00:00,101.0013032830002,1815,1791494081.99,principal,0.999504006999814,0.0,0.0,24043520,32919552,,,
101,2026-10-08T21:25:16.943026+00:00,101.0013032830002,1816,1791494082.08,descendente,0.999287818999619,0.0,0.0,11190272,19447808,,,
101,2026-10-08T21:25:16.943026+00:00,101.0013032830002,1817,1791494082.08,descendente,0.9992828340000415,0.0,0.0,44990464,207286272,,,
101,2026-10-08T21:25:16.943026+00:00,101.0013032830002,1818,1791494082.08,descendente,0.999280044000443,0.0,0.0,45051904,207286272,,,
102,2026-10-08T21:25:17.953898+00:00,102.01242547599941,1815,1791494081.99,principal,1.0108676959998775,0.0,0.0,24043520,32919552,,,
102,2026-10-08T21:25:17.953898+00:00,102.01242547599941,1816,1791494082.08,descendente,1.0108645420004905,0.0,0.0,11190272,19447808,,,
102,2026-10-08T21:25:17.953898+00:00,102.01242547599941,1817,1791494082.08,descendente,1.0108573119996436,0.9892593030975214,0.4946296515487607,44990464,207286272,,,
102,2026-10-08T21:25:17.953898+00:00,102.01242547599941,1818,1791494082.08,descendente,1.0108501819995581,0.0,0.0,45051904,207286272,,,
103,2026-10-08T21:25:19.154844+00:00,103.21333064999999,1815,1791494081.99,principal,1.2009517500000584,0.0,0.0,24043520,32919552,,,
103,2026-10-08T21:25:19.154844+00:00,103.21333064999999,1816,1791494082.08,descendente,1.2009618209995097,0.0,0.0,11190272,19447808,,,
103,2026-10-08T21:25:19.154844+00:00,103.21333064999999,1817,1791494082.08,descendente,1.200969114000145,0.0,0.0,44990464,207286272,,,
103,2026-10-08T21:25:19.154844+00:00,103.21333064999999,1818,1791494082.08,descendente,1.2009768460002306,0.0,0.0,45051904,207286272,,,
104,2026-10-08T21:25:19.944202+00:00,104.0027410699995,1815,1791494081.99,principal,0.7893549159998656,0.0,0.0,24043520,32919552,,,
104,2026-10-08T21:25:19.944202+00:00,104.0027410699995,1816,1791494082.08,descendente,0.7893517740003517,0.0,0.0,11190272,19447808,,,
104,2026-10-08T21:25:19.944202+00:00,104.0027410699995,1817,1791494082.08,descendente,0.7893508649995056,0.0,0.0,44990464,207286272,,,
104,2026-10-08T21:25:19.944202+00:00,104.0027410699995,1818,1791494082.08,descendente,0.7893496149999919,0.0,0.0,45051904,207286272,,,
105,2026-10-08T21:25:20.947765+00:00,105.00621509199937,1815,1791494081.99,principal,1.003564464000192,0.0,0.0,24043520,32919552,,,
105,2026-10-08T21:25:20.947765+00:00,105.00621509199937,1816,1791494082.08,descendente,1.0035680620003404,0.0,0.0,11190272,19447808,,,
105,2026-10-08T21:25:20.947765+00:00,105.00621509199937,1817,1791494082.08,descendente,1.0035745030008911,0.0,0.0,44990464,207286272,,,
105,2026-10-08T21:25:20.947765+00:00,105.00621509199937,1818,1791494082.08,descendente,1.0035776369995801,0.0,0.0,45051904,207286272,,,
106,2026-10-08T21:25:21.950258+00:00,106.00885776199993,1815,1791494081.99,principal,1.0024915829999372,0.0,0.0,24043520,32919552,,,
106,2026-10-08T21:25:21.950258+00:00,106.00885776199993,1816,1791494082.08,descendente,1.0024832029994286,0.0,0.0,11190272,19447808,,,
106,2026-10-08T21:25:21.950258+00:00,106.00885776199993,1817,1791494082.08,descendente,1.0024724519998927,0.0,0.0,44990464,207286272,,,
106,2026-10-08T21:25:21.950258+00:00,106.00885776199993,1818,1791494082.08,descendente,1.0024648750004417,0.0,0.0,45051904,207286272,,,
107,2026-10-08T21:25:22.951354+00:00,107.00980827999956,1815,1791494081.99,principal,1.001097598999877,0.0,0.0,24043520,32919552,,,
107,2026-10-08T21:25:22.951354+00:00,107.00980827999956,1816,1791494082.08,descendente,1.0011055699997087,0.0,0.0,11190272,19447808,,,
107,2026-10-08T21:25:22.951354+00:00,107.00980827999956,1817,1791494082.08,descendente,1.001112240999646,0.0,0.0,44990464,207286272,,,
107,2026-10-08T21:25:22.951354+00:00,107.00980827999956,1818,1791494082.08,descendente,1.0011183699998583,0.0,0.0,45051904,207286272,,,
108,2026-10-08T21:25:23.942599+00:00,108.00100824099991,1815,1791494081.99,principal,0.9912607720007145,1.008816275440465,0.5044081377202325,24043520,32919552,,,
108,2026-10-08T21:25:23.942599+00:00,108.00100824099991,1816,1791494082.08,descendente,0.991304943000614,0.0,0.0,11190272,19447808,,,
108,2026-10-08T21:25:23.942599+00:00,108.00100824099991,1817,1791494082.08,descendente,0.9913036500001908,1.0087726399470116,0.5043863199735058,44990464,207286272,,,
108,2026-10-08T21:25:23.942599+00:00,108.00100824099991,1818,1791494082.08,descendente,0.9912993170000846,0.0,0.0,45051904,207286272,,,
109,2026-10-08T21:25:24.943175+00:00,109.0016692069994,1815,1791494081.99,principal,1.0005597859999398,0.0,0.0,24043520,32919552,,,
109,2026-10-08T21:25:24.943175+00:00,109.0016692069994,1816,1791494082.08,descendente,1.0005130219997227,0.0,0.0,11190272,19447808,,,
109,2026-10-08T21:25:24.943175+00:00,109.0016692069994,1817,1791494082.08,descendente,1.0005116809998071,0.0,0.0,44990464,207286272,,,
109,2026-10-08T21:25:24.943175+00:00,109.0016692069994,1818,1791494082.08,descendente,1.0005175019996386,0.0,0.0,45051904,207286272,,,
110,2026-10-08T21:25:25.942398+00:00,110.00091426499966,1815,1791494081.99,principal,0.9992255689994636,0.0,0.0,24043520,32919552,,,
110,2026-10-08T21:25:25.942398+00:00,110.00091426499966,1816,1791494082.08,descendente,0.999229476000437,0.0,0.0,11190272,19447808,,,
110,2026-10-08T21:25:25.942398+00:00,110.00091426499966,1817,1791494082.08,descendente,0.9992390050001632,0.0,0.0,44990464,207286272,,,
110,2026-10-08T21:25:25.942398+00:00,110.00091426499966,1818,1791494082.08,descendente,0.9992487230001643,0.0,0.0,45051904,207286272,,,
111,2026-10-08T21:25:26.949262+00:00,111.00745498099968,1815,1791494081.99,principal,1.006864544000564,0.0,0.0,24043520,32919552,,,
111,2026-10-08T21:25:26.949262+00:00,111.00745498099968,1816,1791494082.08,descendente,1.0068625439998868,0.0,0.0,11190272,19447808,,,
111,2026-10-08T21:25:26.949262+00:00,111.00745498099968,1817,1791494082.08,descendente,1.006853277999653,0.0,0.0,44990464,207286272,,,
111,2026-10-08T21:25:26.949262+00:00,111.00745498099968,1818,1791494082.08,descendente,1.0068431250001595,0.0,0.0,45051904,207286272,,,
112,2026-10-08T21:25:27.944587+00:00,112.00305195599958,1815,1791494081.99,principal,0.9953198889998021,0.0,0.0,24043520,32919552,,,
112,2026-10-08T21:25:27.944587+00:00,112.00305195599958,1816,1791494082.08,descendente,0.9953133689996321,0.0,0.0,11190272,19447808,,,
112,2026-10-08T21:25:27.944587+00:00,112.00305195599958,1817,1791494082.08,descendente,0.9953096280005411,0.0,0.0,44990464,207286272,,,
112,2026-10-08T21:25:27.944587+00:00,112.00305195599958,1818,1791494082.08,descendente,0.9953041509998002,1.0047180040352433,0.5023590020176216,45051904,207286272,,,
113,2026-10-08T21:25:28.946541+00:00,113.00506209499963,1815,1791494081.99,principal,1.0019554279997465,0.0,0.0,24043520,32919552,,,
113,2026-10-08T21:25:28.946541+00:00,113.00506209499963,1816,1791494082.08,descendente,1.0019586779999372,0.0,0.0,11190272,19447808,,,
113,2026-10-08T21:25:28.946541+00:00,113.00506209499963,1817,1791494082.08,descendente,1.0019613149997895,0.0,0.0,44990464,207286272,,,
113,2026-10-08T21:25:28.946541+00:00,113.00506209499963,1818,1791494082.08,descendente,1.001968403000319,0.0,0.0,45051904,207286272,,,
114,2026-10-08T21:25:29.942365+00:00,114.00088221099941,1815,1791494081.99,principal,0.9958241670001371,0.0,0.0,24043520,32919552,,,
114,2026-10-08T21:25:29.942365+00:00,114.00088221099941,1816,1791494082.08,descendente,0.9958193270003903,0.0,0.0,11190272,19447808,,,
114,2026-10-08T21:25:29.942365+00:00,114.00088221099941,1817,1791494082.08,descendente,0.9958182399996076,0.0,0.0,44990464,207286272,,,
114,2026-10-08T21:25:29.942365+00:00,114.00088221099941,1818,1791494082.08,descendente,0.9958102649998182,0.0,0.0,45051904,207286272,,,
115,2026-10-08T21:25:30.943669+00:00,115.00214181999945,1815,1791494081.99,principal,1.001305353999669,0.0,0.0,24043520,32919552,,,
115,2026-10-08T21:25:30.943669+00:00,115.00214181999945,1816,1791494082.08,descendente,1.0013118489996486,0.0,0.0,11190272,19447808,,,
115,2026-10-08T21:25:30.943669+00:00,115.00214181999945,1817,1791494082.08,descendente,1.0013152609999452,0.0,0.0,44990464,207286272,,,
115,2026-10-08T21:25:30.943669+00:00,115.00214181999945,1818,1791494082.08,descendente,1.0013198639999246,0.0,0.0,45051904,207286272,,,
116,2026-10-08T21:25:31.943987+00:00,116.0024880029996,1815,1791494081.99,principal,1.0003144380007143,0.0,0.0,24043520,32919552,,,
116,2026-10-08T21:25:31.943987+00:00,116.0024880029996,1816,1791494082.08,descendente,1.0003076680004597,0.0,0.0,11190272,19447808,,,
116,2026-10-08T21:25:31.943987+00:00,116.0024880029996,1817,1791494082.08,descendente,1.000302324000586,0.0,0.0,44990464,207286272,,,
116,2026-10-08T21:25:31.943987+00:00,116.0024880029996,1818,1791494082.08,descendente,1.0002981340003316,0.0,0.0,45051904,207286272,,,
117,2026-10-08T21:25:32.942578+00:00,117.00104964499951,1815,1791494081.99,principal,0.9985926760000439,0.0,0.0,24043520,32919552,,,
117,2026-10-08T21:25:32.942578+00:00,117.00104964499951,1816,1791494082.08,descendente,0.998597408999558,0.0,0.0,11190272,19447808,,,
117,2026-10-08T21:25:32.942578+00:00,117.00104964499951,1817,1791494082.08,descendente,0.9986019809994104,0.0,0.0,44990464,207286272,,,
117,2026-10-08T21:25:32.942578+00:00,117.00104964499951,1818,1791494082.08,descendente,0.9986108429993692,0.0,0.0,45051904,207286272,,,
118,2026-10-08T21:25:33.942329+00:00,118.00086991799981,1815,1791494081.99,principal,0.9997519039998224,0.0,0.0,24043520,32919552,,,
118,2026-10-08T21:25:33.942329+00:00,118.00086991799981,1816,1791494082.08,descendente,0.9997967220006103,0.0,0.0,11190272,19447808,,,
118,2026-10-08T21:25:33.942329+00:00,118.00086991799981,1817,1791494082.08,descendente,0.99981332400057,1.0001867108536664,0.5000933554268332,44990464,207286272,,,
118,2026-10-08T21:25:33.942329+00:00,118.00086991799981,1818,1791494082.08,descendente,0.9998090819999561,0.0,0.0,45051904,207286272,,,
119,2026-10-08T21:25:34.943091+00:00,119.00143882900011,1815,1791494081.99,principal,1.000761854999837,0.0,0.0,24043520,32919552,,,
119,2026-10-08T21:25:34.943091+00:00,119.00143882900011,1816,1791494082.08,descendente,1.0011034609997296,0.0,0.0,11190272,19447808,,,
119,2026-10-08T21:25:34.943091+00:00,119.00143882900011,1817,1791494082.08,descendente,1.0010970309995173,0.0,0.0,44990464,207286272,,,
119,2026-10-08T21:25:34.943091+00:00,119.00143882900011,1818,1791494082.08,descendente,1.0011473240001578,0.0,0.0,45051904,207286272,,,
120,2026-10-08T21:25:35.942417+00:00,120.00099573999978,1815,1791494081.99,principal,0.9993230019999828,0.0,0.0,24043520,32919552,,,
120,2026-10-08T21:25:35.942417+00:00,120.00099573999978,1816,1791494082.08,descendente,0.9989349299994501,0.0,0.0,11190272,19447808,,,
120,2026-10-08T21:25:35.942417+00:00,120.00099573999978,1817,1791494082.08,descendente,0.9989196070000617,0.0,0.0,44990464,207286272,,,
120,2026-10-08T21:25:35.942417+00:00,120.00099573999978,1818,1791494082.08,descendente,0.9988642250000339,0.0,0.0,45051904,207286272,,,
121,2026-10-08T21:25:36.946605+00:00,121.00512797299962,1815,1791494081.99,principal,1.0041909450001185,0.0,0.0,24043520,32919552,,,
121,2026-10-08T21:25:36.946605+00:00,121.00512797299962,1816,1791494082.08,descendente,1.0041941170002247,0.0,0.0,11190272,19447808,,,
121,2026-10-08T21:25:36.946605+00:00,121.00512797299962,1817,1791494082.08,descendente,1.0041978360004578,0.0,0.0,44990464,207286272,,,
121,2026-10-08T21:25:36.946605+00:00,121.00512797299962,1818,1791494082.08,descendente,1.0042040750004162,0.9958135252532077,0.4979067626266038,45051904,207286272,,,
122,2026-10-08T21:25:37.949178+00:00,122.00762071200006,1815,1791494081.99,principal,1.002572850999968,0.0,0.0,24043520,32919552,,,
122,2026-10-08T21:25:37.949178+00:00,122.00762071200006,1816,1791494082.08,descendente,1.0025738029999047,0.0,0.0,11190272,19447808,,,
122,2026-10-08T21:25:37.949178+00:00,122.00762071200006,1817,1791494082.08,descendente,1.0025761899996724,0.0,0.0,44990464,207286272,,,
122,2026-10-08T21:25:37.949178+00:00,122.00762071200006,1818,1791494082.08,descendente,1.0025748199996087,0.0,0.0,45051904,207286272,,,
123,2026-10-08T21:25:38.942712+00:00,123.00088806399981,1815,1791494081.99,principal,0.9935342500002662,0.0,0.0,24043520,32919552,,,
123,2026-10-08T21:25:38.942712+00:00,123.00088806399981,1816,1791494082.08,descendente,0.9935304710006676,0.0,0.0,11190272,19447808,,,
123,2026-10-08T21:25:38.942712+00:00,123.00088806399981,1817,1791494082.08,descendente,0.993525838000096,0.0,0.0,44990464,207286272,,,
123,2026-10-08T21:25:38.942712+00:00,123.00088806399981,1818,1791494082.08,descendente,0.9935674250000375,0.0,0.0,45051904,207286272,,,
124,2026-10-08T21:25:39.942359+00:00,124.000768418,1815,1791494081.99,principal,0.9996488239994505,1.0003512993684576,0.5001756496842288,24043520,32919552,,,
124,2026-10-08T21:25:39.942359+00:00,124.000768418,1816,1791494082.08,descendente,0.9996475869993446,0.0,0.0,11190272,19447808,,,
124,2026-10-08T21:25:39.942359+00:00,124.000768418,1817,1791494082.08,descendente,0.9996475600000849,0.0,0.0,44990464,207286272,,,
124,2026-10-08T21:25:39.942359+00:00,124.000768418,1818,1791494082.08,descendente,0.9996017250005025,0.0,0.0,45051904,207286272,,,
125,2026-10-08T21:25:40.942160+00:00,125.00069987299958,1815,1791494081.99,principal,0.9997959520005679,0.0,0.0,24043520,32919552,,,
125,2026-10-08T21:25:40.942160+00:00,125.00069987299958,1816,1791494082.08,descendente,0.9997928170005252,0.0,0.0,11190272,19447808,,,
125,2026-10-08T21:25:40.942160+00:00,125.00069987299958,1817,1791494082.08,descendente,0.9997925039997426,0.0,0.0,44990464,207286272,,,
125,2026-10-08T21:25:40.942160+00:00,125.00069987299958,1818,1791494082.08,descendente,0.9997916449992772,0.0,0.0,45051904,207286272,,,
126,2026-10-08T21:25:41.945157+00:00,126.0034510179994,1815,1791494081.99,principal,1.0029996769999343,0.0,0.0,24043520,32919552,,,
126,2026-10-08T21:25:41.945157+00:00,126.0034510179994,1816,1791494082.08,descendente,1.003006973999618,0.0,0.0,11190272,19447808,,,
126,2026-10-08T21:25:41.945157+00:00,126.0034510179994,1817,1791494082.08,descendente,1.0030117930000415,0.996997250659205,0.4984986253296025,44990464,207286272,,,
126,2026-10-08T21:25:41.945157+00:00,126.0034510179994,1818,1791494082.08,descendente,1.0030158630006554,0.0,0.0,45051904,207286272,,,
127,2026-10-08T21:25:42.942194+00:00,127.00077310799952,1815,1791494081.99,principal,0.9970363469992662,0.0,0.0,24043520,32919552,,,
127,2026-10-08T21:25:42.942194+00:00,127.00077310799952,1816,1791494082.08,descendente,0.997439994999695,0.0,0.0,11190272,19447808,,,
127,2026-10-08T21:25:42.942194+00:00,127.00077310799952,1817,1791494082.08,descendente,0.9974610700000994,0.0,0.0,44990464,207286272,,,
127,2026-10-08T21:25:42.942194+00:00,127.00077310799952,1818,1791494082.08,descendente,0.9974613609992957,0.0,0.0,45051904,207286272,,,
128,2026-10-08T21:25:43.942461+00:00,128.0008493129999,1815,1791494081.99,principal,1.0002665720003279,0.0,0.0,24043520,32919552,,,
128,2026-10-08T21:25:43.942461+00:00,128.0008493129999,1816,1791494082.08,descendente,0.9998579900002369,0.0,0.0,11190272,19447808,,,
128,2026-10-08T21:25:43.942461+00:00,128.0008493129999,1817,1791494082.08,descendente,0.9998338269997475,0.0,0.0,44990464,207286272,,,
128,2026-10-08T21:25:43.942461+00:00,128.0008493129999,1818,1791494082.08,descendente,0.999830008000572,0.0,0.0,45051904,207286272,,,
129,2026-10-08T21:25:44.943692+00:00,129.0021637609998,1815,1791494081.99,principal,1.0012332309997873,0.0,0.0,24043520,32919552,,,
129,2026-10-08T21:25:44.943692+00:00,129.0021637609998,1816,1791494082.08,descendente,1.0014446770001086,0.0,0.0,11190272,19447808,,,
129,2026-10-08T21:25:44.943692+00:00,129.0021637609998,1817,1791494082.08,descendente,1.0014610940006605,0.0,0.0,44990464,207286272,,,
129,2026-10-08T21:25:44.943692+00:00,129.0021637609998,1818,1791494082.08,descendente,1.00146510400009,0.0,0.0,45051904,207286272,,,
130,2026-10-08T21:25:45.943453+00:00,130.00181952799994,1815,1791494081.99,principal,0.9997615990005215,0.0,0.0,24043520,32919552,,,
130,2026-10-08T21:25:45.943453+00:00,130.00181952799994,1816,1791494082.08,descendente,0.9995552740001585,0.0,0.0,11190272,19447808,,,
130,2026-10-08T21:25:45.943453+00:00,130.00181952799994,1817,1791494082.08,descendente,0.999543327999163,0.0,0.0,44990464,207286272,,,
130,2026-10-08T21:25:45.943453+00:00,130.00181952799994,1818,1791494082.08,descendente,0.9995445670001573,1.0004556405133698,0.5002278202566849,45051904,207286272,,,
131,2026-10-08T21:25:46.945375+00:00,131.0036083670002,1815,1791494081.99,principal,1.0019212119996155,0.0,0.0,24043520,32919552,,,
131,2026-10-08T21:25:46.945375+00:00,131.0036083670002,1816,1791494082.08,descendente,1.0019202619996577,0.0,0.0,11190272,19447808,,,
131,2026-10-08T21:25:46.945375+00:00,131.0036083670002,1817,1791494082.08,descendente,1.0019193370007997,0.0,0.0,44990464,207286272,,,
131,2026-10-08T21:25:46.945375+00:00,131.0036083670002,1818,1791494082.08,descendente,1.0019181519992344,0.0,0.0,45051904,207286272,,,
132,2026-10-08T21:25:47.942867+00:00,132.0006411079994,1815,1791494081.99,principal,0.9974934980000398,0.0,0.0,24043520,32919552,,,
132,2026-10-08T21:25:47.942867+00:00,132.0006411079994,1816,1791494082.08,descendente,0.9978873890004252,0.0,0.0,11190272,19447808,,,
132,2026-10-08T21:25:47.942867+00:00,132.0006411079994,1817,1791494082.08,descendente,0.9982271269991543,0.0,0.0,44990464,207286272,,,
132,2026-10-08T21:25:47.942867+00:00,132.0006411079994,1818,1791494082.08,descendente,0.9982367520005937,0.0,0.0,45051904,207286272,,,
133,2026-10-08T21:25:48.949225+00:00,133.00778870900012,1815,1791494081.99,principal,1.0063539150005454,0.0,0.0,24043520,32919552,,,
133,2026-10-08T21:25:48.949225+00:00,133.00778870900012,1816,1791494082.08,descendente,1.0059579389999271,0.0,0.0,11190272,19447808,,,
133,2026-10-08T21:25:48.949225+00:00,133.00778870900012,1817,1791494082.08,descendente,1.0056179840003097,0.0,0.0,44990464,207286272,,,
133,2026-10-08T21:25:48.949225+00:00,133.00778870900012,1818,1791494082.08,descendente,1.0056093279999914,0.0,0.0,45051904,207286272,,,
134,2026-10-08T21:25:49.945204+00:00,134.00379230599992,1815,1791494081.99,principal,0.9959780679992036,0.0,0.0,24043520,32919552,,,
134,2026-10-08T21:25:49.945204+00:00,134.00379230599992,1816,1791494082.08,descendente,0.9959766410001976,0.0,0.0,11190272,19447808,,,
134,2026-10-08T21:25:49.945204+00:00,134.00379230599992,1817,1791494082.08,descendente,0.9959717230003662,0.0,0.0,44990464,207286272,,,
134,2026-10-08T21:25:49.945204+00:00,134.00379230599992,1818,1791494082.08,descendente,0.9959663239997099,0.0,0.0,45051904,207286272,,,
135,2026-10-08T21:25:50.942433+00:00,135.0007142559998,1815,1791494081.99,principal,0.9972314220003682,0.0,0.0,24043520,32919552,,,
135,2026-10-08T21:25:50.942433+00:00,135.0007142559998,1816,1791494082.08,descendente,0.9972280599995429,0.0,0.0,11190272,19447808,,,
135,2026-10-08T21:25:50.942433+00:00,135.0007142559998,1817,1791494082.08,descendente,0.9972230679995846,1.002784664825792,0.501392332412896,44990464,207286272,,,
135,2026-10-08T21:25:50.942433+00:00,135.0007142559998,1818,1791494082.08,descendente,0.9972200199999861,0.0,0.0,45051904,207286272,,,
136,2026-10-08T21:25:51.942888+00:00,136.0011519489999,1815,1791494081.99,principal,1.0004594120000547,0.0,0.0,24043520,32919552,,,
136,2026-10-08T21:25:51.942888+00:00,136.0011519489999,1816,1791494082.08,descendente,1.0004645999997592,0.0,0.0,11190272,19447808,,,
136,2026-10-08T21:25:51.942888+00:00,136.0011519489999,1817,1791494082.08,descendente,1.000472305000585,0.0,0.0,44990464,207286272,,,
136,2026-10-08T21:25:51.942888+00:00,136.0011519489999,1818,1791494082.08,descendente,1.0005344009996406,0.0,0.0,45051904,207286272,,,
137,2026-10-08T21:25:52.942750+00:00,137.00132419199963,1815,1791494081.99,principal,0.9998562179998771,0.0,0.0,24043520,32919552,,,
137,2026-10-08T21:25:52.942750+00:00,137.00132419199963,1816,1791494082.08,descendente,0.9998507980008071,0.0,0.0,11190272,19447808,,,
137,2026-10-08T21:25:52.942750+00:00,137.00132419199963,1817,1791494082.08,descendente,0.9998460979995798,0.0,0.0,44990464,207286272,,,
137,2026-10-08T21:25:52.942750+00:00,137.00132419199963,1818,1791494082.08,descendente,0.9997856010004398,0.0,0.0,45051904,207286272,,,
138,2026-10-08T21:25:53.942432+00:00,138.00070692000008,1815,1791494081.99,principal,0.9996847789998355,0.0,0.0,24043520,32919552,,,
138,2026-10-08T21:25:53.942432+00:00,138.00070692000008,1816,1791494082.08,descendente,0.9996916189993499,0.0,0.0,11190272,19447808,,,
138,2026-10-08T21:25:53.942432+00:00,138.00070692000008,1817,1791494082.08,descendente,0.9996965030004503,0.0,0.0,44990464,207286272,,,
138,2026-10-08T21:25:53.942432+00:00,138.00070692000008,1818,1791494082.08,descendente,0.9997026499995627,0.0,0.0,45051904,207286272,,,
139,2026-10-08T21:25:54.947865+00:00,139.00639797799977,1815,1791494081.99,principal,1.0054308910002874,0.0,0.0,24043520,32919552,,,
139,2026-10-08T21:25:54.947865+00:00,139.00639797799977,1816,1791494082.08,descendente,1.0054322650003087,0.0,0.0,11190272,19447808,,,
139,2026-10-08T21:25:54.947865+00:00,139.00639797799977,1817,1791494082.08,descendente,1.0054322799996953,0.0,0.0,44990464,207286272,,,
139,2026-10-08T21:25:54.947865+00:00,139.00639797799977,1818,1791494082.08,descendente,1.0054321730003721,0.994597176074394,0.497298588037197,45051904,207286272,,,
140,2026-10-08T21:25:55.943314+00:00,140.0015851399994,1815,1791494081.99,principal,0.9954521239997121,0.0,0.0,24043520,32919552,,,
140,2026-10-08T21:25:55.943314+00:00,140.0015851399994,1816,1791494082.08,descendente,0.9954521569998178,0.0,0.0,11190272,19447808,,,
140,2026-10-08T21:25:55.943314+00:00,140.0015851399994,1817,1791494082.08,descendente,0.9954537860003256,0.0,0.0,44990464,207286272,,,
140,2026-10-08T21:25:55.943314+00:00,140.0015851399994,1818,1791494082.08,descendente,0.9954525490002197,0.0,0.0,45051904,207286272,,,
141,2026-10-08T21:25:56.943211+00:00,141.00062084699948,1815,1791494081.99,principal,0.999897489000432,0.0,0.0,24043520,32919552,,,
141,2026-10-08T21:25:56.943211+00:00,141.00062084699948,1816,1791494082.08,descendente,0.9998988770003052,0.0,0.0,11190272,19447808,,,
141,2026-10-08T21:25:56.943211+00:00,141.00062084699948,1817,1791494082.08,descendente,0.9998988859997553,0.0,0.0,44990464,207286272,,,
141,2026-10-08T21:25:56.943211+00:00,141.00062084699948,1818,1791494082.08,descendente,1.0002060340002572,0.0,0.0,45051904,207286272,,,
142,2026-10-08T21:25:58.061073+00:00,142.11918977799996,1815,1791494081.99,principal,1.1178552760002276,0.0,0.0,24043520,32919552,,,
142,2026-10-08T21:25:58.061073+00:00,142.11918977799996,1816,1791494082.08,descendente,1.1178438070000993,0.0,0.0,11190272,19447808,,,
142,2026-10-08T21:25:58.061073+00:00,142.11918977799996,1817,1791494082.08,descendente,1.1178351889993792,0.0,0.0,44990464,207286272,,,
142,2026-10-08T21:25:58.061073+00:00,142.11918977799996,1818,1791494082.08,descendente,1.1175231359993631,0.0,0.0,45051904,207286272,,,
143,2026-10-08T21:25:58.942784+00:00,143.00125141899935,1815,1791494081.99,principal,0.8817150349996155,0.0,0.0,24043520,32919552,,,
143,2026-10-08T21:25:58.942784+00:00,143.00125141899935,1816,1791494082.08,descendente,0.8817228279995106,0.0,0.0,11190272,19447808,,,
143,2026-10-08T21:25:58.942784+00:00,143.00125141899935,1817,1791494082.08,descendente,0.8817297760006113,0.0,0.0,44990464,207286272,,,
143,2026-10-08T21:25:58.942784+00:00,143.00125141899935,1818,1791494082.08,descendente,0.881737503000295,0.0,0.0,45051904,207286272,,,
144,2026-10-08T21:26:00.049917+00:00,144.1082020599997,1815,1791494081.99,principal,1.107131333000325,0.0,0.0,24043520,32919552,,,
144,2026-10-08T21:26:00.049917+00:00,144.1082020599997,1816,1791494082.08,descendente,1.1071333429999868,0.0,0.0,11190272,19447808,,,
144,2026-10-08T21:26:00.049917+00:00,144.1082020599997,1817,1791494082.08,descendente,1.107133728000008,0.0,0.0,44990464,207286272,,,
144,2026-10-08T21:26:00.049917+00:00,144.1082020599997,1818,1791494082.08,descendente,1.1071334299995215,0.0,0.0,45051904,207286272,,,
145,2026-10-08T21:26:00.942444+00:00,145.0008175359999,1815,1791494081.99,principal,0.8925281349993384,0.0,0.0,24043520,32919552,,,
145,2026-10-08T21:26:00.942444+00:00,145.0008175359999,1816,1791494082.08,descendente,0.8925236539998878,0.0,0.0,11190272,19447808,,,
145,2026-10-08T21:26:00.942444+00:00,145.0008175359999,1817,1791494082.08,descendente,0.8925225189996127,0.0,0.0,44990464,207286272,,,
145,2026-10-08T21:26:00.942444+00:00,145.0008175359999,1818,1791494082.08,descendente,0.8925201650008603,0.0,0.0,45051904,207286272,,,
146,2026-10-08T21:26:02.076926+00:00,146.1354691360002,1815,1791494081.99,principal,1.1344797730007485,0.0,0.0,24043520,32919552,,,
146,2026-10-08T21:26:02.076926+00:00,146.1354691360002,1816,1791494082.08,descendente,1.134476161000748,0.0,0.0,11190272,19447808,,,
146,2026-10-08T21:26:02.076926+00:00,146.1354691360002,1817,1791494082.08,descendente,1.1345025629998418,0.0,0.0,44990464,207286272,,,
146,2026-10-08T21:26:02.076926+00:00,146.1354691360002,1818,1791494082.08,descendente,1.1344988889995875,0.0,0.0,45051904,207286272,,,
147,2026-10-08T21:26:03.044887+00:00,147.10333180999987,1815,1791494081.99,principal,0.9679632679999486,0.0,0.0,24043520,32919552,,,
147,2026-10-08T21:26:03.044887+00:00,147.10333180999987,1816,1791494082.08,descendente,0.9679717519993574,0.0,0.0,11190272,19447808,,,
147,2026-10-08T21:26:03.044887+00:00,147.10333180999987,1817,1791494082.08,descendente,0.9679456440007925,0.0,0.0,44990464,207286272,,,
147,2026-10-08T21:26:03.044887+00:00,147.10333180999987,1818,1791494082.08,descendente,0.9679499960002431,1.0331112186910427,0.5165556093455214,45051904,207286272,,,
148,2026-10-08T21:26:03.942149+00:00,148.00073309599975,1815,1791494081.99,principal,0.8972608579997541,1.1145030913632865,0.5572515456816433,24043520,32919552,,,
148,2026-10-08T21:26:03.942149+00:00,148.00073309599975,1816,1791494082.08,descendente,0.8972570519999863,0.0,0.0,11190272,19447808,,,
148,2026-10-08T21:26:03.942149+00:00,148.00073309599975,1817,1791494082.08,descendente,0.8972545029992034,0.0,0.0,44990464,207286272,,,
148,2026-10-08T21:26:03.942149+00:00,148.00073309599975,1818,1791494082.08,descendente,0.897251039999901,0.0,0.0,45051904,207286272,,,
149,2026-10-08T21:26:04.942933+00:00,149.00153569299982,1815,1791494081.99,principal,1.000781249999818,0.0,0.0,24043520,32919552,,,
149,2026-10-08T21:26:04.942933+00:00,149.00153569299982,1816,1791494082.08,descendente,1.000776374000452,0.0,0.0,11190272,19447808,,,
149,2026-10-08T21:26:04.942933+00:00,149.00153569299982,1817,1791494082.08,descendente,1.0007746320006845,0.9992259675893913,0.49961298379469565,44990464,207286272,,,
149,2026-10-08T21:26:04.942933+00:00,149.00153569299982,1818,1791494082.08,descendente,1.000771471999542,0.0,0.0,45051904,207286272,,,
150,2026-10-08T21:26:05.961336+00:00,150.01940565099994,1815,1791494081.99,principal,1.018408928000099,0.0,0.0,24043520,32919552,,,
150,2026-10-08T21:26:05.961336+00:00,150.01940565099994,1816,1791494082.08,descendente,1.0184192719998464,0.0,0.0,11190272,19447808,,,
150,2026-10-08T21:26:05.961336+00:00,150.01940565099994,1817,1791494082.08,descendente,1.0184300529999746,0.0,0.0,44990464,207286272,,,
150,2026-10-08T21:26:05.961336+00:00,150.01940565099994,1818,1791494082.08,descendente,1.0184374360005677,0.0,0.0,45051904,207286272,,,
151,2026-10-08T21:26:06.943162+00:00,151.0017401999994,1815,1791494081.99,principal,0.9818225119997805,0.0,0.0,24043520,32919552,,,
151,2026-10-08T21:26:06.943162+00:00,151.0017401999994,1816,1791494082.08,descendente,0.9818149299999277,0.0,0.0,11190272,19447808,,,
151,2026-10-08T21:26:06.943162+00:00,151.0017401999994,1817,1791494082.08,descendente,0.9818619369998487,0.0,0.0,44990464,207286272,,,
151,2026-10-08T21:26:06.943162+00:00,151.0017401999994,1818,1791494082.08,descendente,0.9818596089999119,0.0,0.0,45051904,207286272,,,
152,2026-10-08T21:26:08.039333+00:00,152.09782439399987,1815,1791494081.99,principal,1.0961707639999076,0.0,0.0,24043520,32919552,,,
152,2026-10-08T21:26:08.039333+00:00,152.09782439399987,1816,1791494082.08,descendente,1.0961710049996327,0.0,0.0,11190272,19447808,,,
152,2026-10-08T21:26:08.039333+00:00,152.09782439399987,1817,1791494082.08,descendente,1.0961147699999856,0.0,0.0,44990464,207286272,,,
152,2026-10-08T21:26:08.039333+00:00,152.09782439399987,1818,1791494082.08,descendente,1.0961139689998163,0.0,0.0,45051904,207286272,,,
153,2026-10-08T21:26:09.090513+00:00,153.14904423499956,1815,1791494081.99,principal,1.0511818000004496,0.0,0.0,24043520,32919552,,,
153,2026-10-08T21:26:09.090513+00:00,153.14904423499956,1816,1791494082.08,descendente,1.051185624000027,0.0,0.0,11190272,19447808,,,
153,2026-10-08T21:26:09.090513+00:00,153.14904423499956,1817,1791494082.08,descendente,1.0511912120000488,0.0,0.0,44990464,207286272,,,
153,2026-10-08T21:26:09.090513+00:00,153.14904423499956,1818,1791494082.08,descendente,1.0511969870003668,0.0,0.0,45051904,207286272,,,
154,2026-10-08T21:26:09.942696+00:00,154.00111579799977,1815,1791494081.99,principal,0.8521831230000316,0.0,0.0,24043520,32919552,,,
154,2026-10-08T21:26:09.942696+00:00,154.00111579799977,1816,1791494082.08,descendente,0.8522367140003553,0.0,0.0,11190272,19447808,,,
154,2026-10-08T21:26:09.942696+00:00,154.00111579799977,1817,1791494082.08,descendente,0.8522406980000596,0.0,0.0,44990464,207286272,,,
154,2026-10-08T21:26:09.942696+00:00,154.00111579799977,1818,1791494082.08,descendente,0.852237098999467,0.0,0.0,45051904,207286272,,,
155,2026-10-08T21:26:11.003151+00:00,155.06171655199978,1815,1791494081.99,principal,1.060455252999418,0.0,0.0,24043520,32919552,,,
155,2026-10-08T21:26:11.003151+00:00,155.06171655199978,1816,1791494082.08,descendente,1.0604028959996867,0.0,0.0,11190272,19447808,,,
155,2026-10-08T21:26:11.003151+00:00,155.06171655199978,1817,1791494082.08,descendente,1.0603959829995802,0.0,0.0,44990464,207286272,,,
155,2026-10-08T21:26:11.003151+00:00,155.06171655199978,1818,1791494082.08,descendente,1.0603954340003838,0.9430444228029741,0.47152221140148703,45051904,207286272,,,
156,2026-10-08T21:26:11.957280+00:00,156.01585101,1815,1791494081.99,principal,0.9541273410004578,0.0,0.0,24043520,32919552,,,
156,2026-10-08T21:26:11.957280+00:00,156.01585101,1816,1791494082.08,descendente,0.9541243620005844,0.0,0.0,11190272,19447808,,,
156,2026-10-08T21:26:11.957280+00:00,156.01585101,1817,1791494082.08,descendente,0.9541229080004996,0.0,0.0,44990464,207286272,,,
156,2026-10-08T21:26:11.957280+00:00,156.01585101,1818,1791494082.08,descendente,0.9541221519993996,0.0,0.0,45051904,207286272,,,
157,2026-10-08T21:26:12.942662+00:00,157.00099284999942,1815,1791494081.99,principal,0.9853846850000991,0.0,0.0,24043520,32919552,,,
157,2026-10-08T21:26:12.942662+00:00,157.00099284999942,1816,1791494082.08,descendente,0.9853912819999096,0.0,0.0,11190272,19447808,,,
157,2026-10-08T21:26:12.942662+00:00,157.00099284999942,1817,1791494082.08,descendente,0.9853984490000585,1.014817915549349,0.5074089577746745,44990464,207286272,,,
157,2026-10-08T21:26:12.942662+00:00,157.00099284999942,1818,1791494082.08,descendente,0.9854012150008202,0.0,0.0,45051904,207286272,,,
158,2026-10-08T21:26:13.945621+00:00,158.00412686299933,1815,1791494081.99,principal,1.0029612349999297,0.0,0.0,24043520,32919552,,,
158,2026-10-08T21:26:13.945621+00:00,158.00412686299933,1816,1791494082.08,descendente,1.002961563000099,0.0,0.0,11190272,19447808,,,
158,2026-10-08T21:26:13.945621+00:00,158.00412686299933,1817,1791494082.08,descendente,1.0029596719996334,0.0,0.0,44990464,207286272,,,
158,2026-10-08T21:26:13.945621+00:00,158.00412686299933,1818,1791494082.08,descendente,1.0029610799992952,0.0,0.0,45051904,207286272,,,
159,2026-10-08T21:26:14.960981+00:00,159.01943709499938,1815,1791494081.99,principal,1.0153585359994395,0.0,0.0,24043520,32919552,,,
159,2026-10-08T21:26:14.960981+00:00,159.01943709499938,1816,1791494082.08,descendente,1.0153566019998834,0.0,0.0,11190272,19447808,,,
159,2026-10-08T21:26:14.960981+00:00,159.01943709499938,1817,1791494082.08,descendente,1.015352714999608,0.0,0.0,44990464,207286272,,,
159,2026-10-08T21:26:14.960981+00:00,159.01943709499938,1818,1791494082.08,descendente,1.0153468819999034,0.0,0.0,45051904,207286272,,,
160,2026-10-08T21:26:15.942730+00:00,160.0013119489995,1815,1791494081.99,principal,0.9817436060002365,0.0,0.0,24043520,32919552,,,
160,2026-10-08T21:26:15.942730+00:00,160.0013119489995,1816,1791494082.08,descendente,0.9817337229997065,0.0,0.0,11190272,19447808,,,
160,2026-10-08T21:26:15.942730+00:00,160.0013119489995,1817,1791494082.08,descendente,0.9817881010003475,0.0,0.0,44990464,207286272,,,
160,2026-10-08T21:26:15.942730+00:00,160.0013119489995,1818,1791494082.08,descendente,0.9817910300007497,0.0,0.0,45051904,207286272,,,
161,2026-10-08T21:26:16.942104+00:00,161.0006357430002,1815,1791494081.99,principal,0.9993779900005393,0.0,0.0,24043520,32919552,,,
161,2026-10-08T21:26:16.942104+00:00,161.0006357430002,1816,1791494082.08,descendente,0.9994473819997438,0.0,0.0,11190272,19447808,,,
161,2026-10-08T21:26:16.942104+00:00,161.0006357430002,1817,1791494082.08,descendente,0.9994079759999295,0.0,0.0,44990464,207286272,,,
161,2026-10-08T21:26:16.942104+00:00,161.0006357430002,1818,1791494082.08,descendente,0.9994104349998452,0.0,0.0,45051904,207286272,,,
162,2026-10-08T21:26:17.942394+00:00,162.0008830429997,1815,1791494081.99,principal,1.0003862509993269,0.0,0.0,24043520,32919552,,,
162,2026-10-08T21:26:17.942394+00:00,162.0008830429997,1816,1791494082.08,descendente,1.0003388540008018,0.0,0.0,11190272,19447808,,,
162,2026-10-08T21:26:17.942394+00:00,162.0008830429997,1817,1791494082.08,descendente,1.0003336259997013,0.0,0.0,44990464,207286272,,,
162,2026-10-08T21:26:17.942394+00:00,162.0008830429997,1818,1791494082.08,descendente,1.0003366959999767,0.0,0.0,45051904,207286272,,,
163,2026-10-08T21:26:18.942815+00:00,163.00130164299935,1815,1791494081.99,principal,1.0003233040006307,0.0,0.0,24043520,32919552,,,
163,2026-10-08T21:26:18.942815+00:00,163.00130164299935,1816,1791494082.08,descendente,1.0003557299996828,0.0,0.0,11190272,19447808,,,
163,2026-10-08T21:26:18.942815+00:00,163.00130164299935,1817,1791494082.08,descendente,1.0003540570005498,0.0,0.0,44990464,207286272,,,
163,2026-10-08T21:26:18.942815+00:00,163.00130164299935,1818,1791494082.08,descendente,1.0003523360001054,0.9996477880966288,0.4998238940483144,45051904,207286272,,,
164,2026-10-08T21:26:19.944424+00:00,164.0029777889995,1815,1791494081.99,principal,1.0016102820000015,0.0,0.0,24043520,32919552,,,
164,2026-10-08T21:26:19.944424+00:00,164.0029777889995,1816,1791494082.08,descendente,1.001560896999763,0.0,0.0,11190272,19447808,,,
164,2026-10-08T21:26:19.944424+00:00,164.0029777889995,1817,1791494082.08,descendente,1.0015539199994237,0.0,0.0,44990464,207286272,,,
164,2026-10-08T21:26:19.944424+00:00,164.0029777889995,1818,1791494082.08,descendente,1.0015489990000788,0.0,0.0,45051904,207286272,,,
165,2026-10-08T21:26:20.955596+00:00,165.014121831,1815,1791494081.99,principal,1.011171400999956,0.0,0.0,24043520,32919552,,,
165,2026-10-08T21:26:20.955596+00:00,165.014121831,1816,1791494082.08,descendente,1.011173200000485,0.0,0.0,11190272,19447808,,,
165,2026-10-08T21:26:20.955596+00:00,165.014121831,1817,1791494082.08,descendente,1.0111724130001676,0.9889510306491578,0.4944755153245789,44990464,207286272,,,
165,2026-10-08T21:26:20.955596+00:00,165.014121831,1818,1791494082.08,descendente,1.011173260999385,0.0,0.0,45051904,207286272,,,
166,2026-10-08T21:26:21.942593+00:00,166.00078852200022,1815,1791494081.99,principal,0.9869979479999529,0.0,0.0,24043520,32919552,,,
166,2026-10-08T21:26:21.942593+00:00,166.00078852200022,1816,1791494082.08,descendente,0.9869969479996143,0.0,0.0,11190272,19447808,,,
166,2026-10-08T21:26:21.942593+00:00,166.00078852200022,1817,1791494082.08,descendente,0.9871590749999086,0.0,0.0,44990464,207286272,,,
166,2026-10-08T21:26:21.942593+00:00,166.00078852200022,1818,1791494082.08,descendente,0.9872109300004013,0.0,0.0,45051904,207286272,,,
167,2026-10-08T21:26:23.014201+00:00,167.07268644099986,1815,1791494081.99,principal,1.0716036759995404,0.0,0.0,24043520,32919552,,,
167,2026-10-08T21:26:23.014201+00:00,167.07268644099986,1816,1791494082.08,descendente,1.0715965130002587,0.0,0.0,11190272,19447808,,,
167,2026-10-08T21:26:23.014201+00:00,167.07268644099986,1817,1791494082.08,descendente,1.0715783290006584,0.0,0.0,44990464,207286272,,,
167,2026-10-08T21:26:23.014201+00:00,167.07268644099986,1818,1791494082.08,descendente,1.0715454000001046,0.0,0.0,45051904,207286272,,,
168,2026-10-08T21:26:23.944013+00:00,168.0025631389999,1815,1791494081.99,principal,0.929813791000015,0.0,0.0,24043520,32919552,,,
168,2026-10-08T21:26:23.944013+00:00,168.0025631389999,1816,1791494082.08,descendente,0.9298162879995289,0.0,0.0,11190272,19447808,,,
168,2026-10-08T21:26:23.944013+00:00,168.0025631389999,1817,1791494082.08,descendente,0.9296672869995746,0.0,0.0,44990464,207286272,,,
168,2026-10-08T21:26:23.944013+00:00,168.0025631389999,1818,1791494082.08,descendente,0.9296426349992544,0.0,0.0,45051904,207286272,,,
169,2026-10-08T21:26:24.951826+00:00,169.01039176599988,1815,1791494081.99,principal,1.0078120810003384,0.0,0.0,24043520,32919552,,,
169,2026-10-08T21:26:24.951826+00:00,169.01039176599988,1816,1791494082.08,descendente,1.0078086680005072,0.0,0.0,11190272,19447808,,,
169,2026-10-08T21:26:24.951826+00:00,169.01039176599988,1817,1791494082.08,descendente,1.0078073280001263,0.0,0.0,44990464,207286272,,,
169,2026-10-08T21:26:24.951826+00:00,169.01039176599988,1818,1791494082.08,descendente,1.0078067270005704,0.0,0.0,45051904,207286272,,,
170,2026-10-08T21:26:25.950964+00:00,170.00941285099998,1815,1791494081.99,principal,0.9991394789994956,0.0,0.0,24043520,32919552,,,
170,2026-10-08T21:26:25.950964+00:00,170.00941285099998,1816,1791494082.08,descendente,0.9991768129993943,0.0,0.0,11190272,19447808,,,
170,2026-10-08T21:26:25.950964+00:00,170.00941285099998,1817,1791494082.08,descendente,0.9991910850003478,0.0,0.0,44990464,207286272,,,
170,2026-10-08T21:26:25.950964+00:00,170.00941285099998,1818,1791494082.08,descendente,0.9991971740000736,0.0,0.0,45051904,207286272,,,
171,2026-10-08T21:26:26.943205+00:00,171.00180109599933,1815,1791494081.99,principal,0.9922383279999849,0.0,0.0,24043520,32919552,,,
171,2026-10-08T21:26:26.943205+00:00,171.00180109599933,1816,1791494082.08,descendente,0.9922001210006783,0.0,0.0,11190272,19447808,,,
171,2026-10-08T21:26:26.943205+00:00,171.00180109599933,1817,1791494082.08,descendente,0.9921858659999998,0.0,0.0,44990464,207286272,,,
171,2026-10-08T21:26:26.943205+00:00,171.00180109599933,1818,1791494082.08,descendente,0.9921794279998721,1.0078822154339613,0.5039411077169806,45051904,207286272,,,
172,2026-10-08T21:26:27.942783+00:00,172.00136077499974,1815,1791494081.99,principal,0.9995785690007324,0.0,0.0,24043520,32919552,,,
172,2026-10-08T21:26:27.942783+00:00,172.00136077499974,1816,1791494082.08,descendente,0.9995868169999085,0.0,0.0,11190272,19447808,,,
172,2026-10-08T21:26:27.942783+00:00,172.00136077499974,1817,1791494082.08,descendente,0.9996536299995569,0.0,0.0,44990464,207286272,,,
172,2026-10-08T21:26:27.942783+00:00,172.00136077499974,1818,1791494082.08,descendente,0.999658752999494,0.0,0.0,45051904,207286272,,,
173,2026-10-08T21:26:28.947568+00:00,173.00612005899984,1815,1791494081.99,principal,1.004786265999428,0.0,0.0,24043520,32919552,,,
173,2026-10-08T21:26:28.947568+00:00,173.00612005899984,1816,1791494082.08,descendente,1.0047831649999353,0.0,0.0,11190272,19447808,,,
173,2026-10-08T21:26:28.947568+00:00,173.00612005899984,1817,1791494082.08,descendente,1.004773364000357,0.9952493127588976,0.4976246563794488,44990464,207286272,,,
173,2026-10-08T21:26:28.947568+00:00,173.00612005899984,1818,1791494082.08,descendente,1.0047753580001881,0.0,0.0,45051904,207286272,,,
174,2026-10-08T21:26:29.942367+00:00,174.00078183200003,1815,1791494081.99,principal,0.9948012980003114,0.0,0.0,24043520,32919552,,,
174,2026-10-08T21:26:29.942367+00:00,174.00078183200003,1816,1791494082.08,descendente,0.9948096439993606,0.0,0.0,11190272,19447808,,,
174,2026-10-08T21:26:29.942367+00:00,174.00078183200003,1817,1791494082.08,descendente,0.994760017999397,0.0,0.0,44990464,207286272,,,
174,2026-10-08T21:26:29.942367+00:00,174.00078183200003,1818,1791494082.08,descendente,0.9948014760002479,0.0,0.0,45051904,207286272,,,
175,2026-10-08T21:26:30.943424+00:00,175.0015564079995,1815,1791494081.99,principal,1.0010603869995975,0.9989407362299342,0.4994703681149671,24043520,32919552,,,
175,2026-10-08T21:26:30.943424+00:00,175.0015564079995,1816,1791494082.08,descendente,1.0010630890001266,0.0,0.0,11190272,19447808,,,
175,2026-10-08T21:26:30.943424+00:00,175.0015564079995,1817,1791494082.08,descendente,1.001062407000063,0.0,0.0,44990464,207286272,,,
175,2026-10-08T21:26:30.943424+00:00,175.0015564079995,1818,1791494082.08,descendente,1.0010202570001638,0.0,0.0,45051904,207286272,,,
176,2026-10-08T21:26:31.942381+00:00,176.00089389699951,1815,1791494081.99,principal,0.9989507760001288,0.0,0.0,24043520,32919552,,,
176,2026-10-08T21:26:31.942381+00:00,176.00089389699951,1816,1791494082.08,descendente,0.9990993270002946,0.0,0.0,11190272,19447808,,,
176,2026-10-08T21:26:31.942381+00:00,176.00089389699951,1817,1791494082.08,descendente,0.9991153190003388,0.0,0.0,44990464,207286272,,,
176,2026-10-08T21:26:31.942381+00:00,176.00089389699951,1818,1791494082.08,descendente,0.9991197700001067,0.0,0.0,45051904,207286272,,,
177,2026-10-08T21:26:32.951042+00:00,177.00963982399935,1815,1791494081.99,principal,1.0086612539998896,0.0,0.0,24043520,32919552,,,
177,2026-10-08T21:26:32.951042+00:00,177.00963982399935,1816,1791494082.08,descendente,1.008500597999955,0.0,0.0,11190272,19447808,,,
177,2026-10-08T21:26:32.951042+00:00,177.00963982399935,1817,1791494082.08,descendente,1.0084781169998678,0.0,0.0,44990464,207286272,,,
177,2026-10-08T21:26:32.951042+00:00,177.00963982399935,1818,1791494082.08,descendente,1.0084682199994859,0.0,0.0,45051904,207286272,,,
178,2026-10-08T21:26:33.945157+00:00,178.00344252800005,1815,1791494081.99,principal,0.9941164570000183,0.0,0.0,24043520,32919552,,,
178,2026-10-08T21:26:33.945157+00:00,178.00344252800005,1816,1791494082.08,descendente,0.9941216810002516,0.0,0.0,11190272,19447808,,,
178,2026-10-08T21:26:33.945157+00:00,178.00344252800005,1817,1791494082.08,descendente,0.9942182860004323,0.0,0.0,44990464,207286272,,,
178,2026-10-08T21:26:33.945157+00:00,178.00344252800005,1818,1791494082.08,descendente,0.9942962009999974,0.0,0.0,45051904,207286272,,,
179,2026-10-08T21:26:34.942391+00:00,179.00089311299962,1815,1791494081.99,principal,0.9972361210002418,0.0,0.0,24043520,32919552,,,
179,2026-10-08T21:26:34.942391+00:00,179.00089311299962,1816,1791494082.08,descendente,0.9972362500002419,0.0,0.0,11190272,19447808,,,
179,2026-10-08T21:26:34.942391+00:00,179.00089311299962,1817,1791494082.08,descendente,0.9971467440000197,0.0,0.0,44990464,207286272,,,
179,2026-10-08T21:26:34.942391+00:00,179.00089311299962,1818,1791494082.08,descendente,0.9970715090003068,0.0,0.0,45051904,207286272,,,
180,2026-10-08T21:26:35.948418+00:00,180.00687674900018,1815,1791494081.99,principal,1.006023986999935,0.0,0.0,24043520,32919552,,,
180,2026-10-08T21:26:35.948418+00:00,180.00687674900018,1816,1791494082.08,descendente,1.0060227959993426,0.0,0.0,11190272,19447808,,,
180,2026-10-08T21:26:35.948418+00:00,180.00687674900018,1817,1791494082.08,descendente,1.0060199129993634,0.0,0.0,44990464,207286272,,,
180,2026-10-08T21:26:35.948418+00:00,180.00687674900018,1818,1791494082.08,descendente,1.0060199919998922,0.994016031442751,0.4970080157213755,45051904,207286272,,,
181,2026-10-08T21:26:36.957329+00:00,181.01590698699965,1815,1791494081.99,principal,1.008910217000448,0.0,0.0,24043520,32919552,,,
181,2026-10-08T21:26:36.957329+00:00,181.01590698699965,1816,1791494082.08,descendente,1.0089072560003842,0.0,0.0,11190272,19447808,,,
181,2026-10-08T21:26:36.957329+00:00,181.01590698699965,1817,1791494082.08,descendente,1.008905544999834,0.0,0.0,44990464,207286272,,,
181,2026-10-08T21:26:36.957329+00:00,181.01590698699965,1818,1791494082.08,descendente,1.0089045069998974,0.0,0.0,45051904,207286272,,,
182,2026-10-08T21:26:37.942476+00:00,182.00107612699958,1815,1791494081.99,principal,0.985147978999521,0.0,0.0,24043520,32919552,,,
182,2026-10-08T21:26:37.942476+00:00,182.00107612699958,1816,1791494082.08,descendente,0.9851775939996514,0.0,0.0,11190272,19447808,,,
182,2026-10-08T21:26:37.942476+00:00,182.00107612699958,1817,1791494082.08,descendente,0.9851781740007937,1.0150448176686824,0.5075224088343412,44990464,207286272,,,
182,2026-10-08T21:26:37.942476+00:00,182.00107612699958,1818,1791494082.08,descendente,0.9851787710003919,0.0,0.0,45051904,207286272,,,
183,2026-10-08T21:26:38.944445+00:00,183.00080447900018,1815,1791494081.99,principal,1.0019730340000024,0.0,0.0,24043520,32919552,,,
183,2026-10-08T21:26:38.944445+00:00,183.00080447900018,1816,1791494082.08,descendente,1.0019457570006125,0.0,0.0,11190272,19447808,,,
183,2026-10-08T21:26:38.944445+00:00,183.00080447900018,1817,1791494082.08,descendente,1.0019948129993281,0.0,0.0,44990464,207286272,,,
183,2026-10-08T21:26:38.944445+00:00,183.00080447900018,1818,1791494082.08,descendente,1.0020012790000692,0.0,0.0,45051904,207286272,,,
184,2026-10-08T21:26:39.957107+00:00,184.01552524999988,1815,1791494081.99,principal,1.0126621429999432,0.0,0.0,24043520,32919552,,,
184,2026-10-08T21:26:39.957107+00:00,184.01552524999988,1816,1791494082.08,descendente,1.0126629839996895,0.0,0.0,11190272,19447808,,,
184,2026-10-08T21:26:39.957107+00:00,184.01552524999988,1817,1791494082.08,descendente,1.0126148959998318,0.0,0.0,44990464,207286272,,,
184,2026-10-08T21:26:39.957107+00:00,184.01552524999988,1818,1791494082.08,descendente,1.0126096189997043,0.0,0.0,45051904,207286272,,,
185,2026-10-08T21:26:40.943988+00:00,185.00245956900017,1815,1791494081.99,principal,0.9868775920003827,0.0,0.0,24043520,32919552,,,
185,2026-10-08T21:26:40.943988+00:00,185.00245956900017,1816,1791494082.08,descendente,0.9868759629998749,0.0,0.0,11190272,19447808,,,
185,2026-10-08T21:26:40.943988+00:00,185.00245956900017,1817,1791494082.08,descendente,0.9868766100007633,0.0,0.0,44990464,207286272,,,
185,2026-10-08T21:26:40.943988+00:00,185.00245956900017,1818,1791494082.08,descendente,0.9868766339996,0.0,0.0,45051904,207286272,,,
186,2026-10-08T21:26:41.942785+00:00,186.0012543369994,1815,1791494081.99,principal,0.9988009139997303,0.0,0.0,24043520,32919552,,,
186,2026-10-08T21:26:41.942785+00:00,186.0012543369994,1816,1791494082.08,descendente,0.9988051629998154,0.0,0.0,11190272,19447808,,,
186,2026-10-08T21:26:41.942785+00:00,186.0012543369994,1817,1791494082.08,descendente,0.998806386999604,0.0,0.0,44990464,207286272,,,
186,2026-10-08T21:26:41.942785+00:00,186.0012543369994,1818,1791494082.08,descendente,0.9988060600007884,1.0011953671957212,0.5005976835978606,45051904,207286272,,,
187,2026-10-08T21:26:42.942336+00:00,187.00092762699933,1815,1791494081.99,principal,0.9995448999998189,0.0,0.0,24043520,32919552,,,
187,2026-10-08T21:26:42.942336+00:00,187.00092762699933,1816,1791494082.08,descendente,0.999539944999924,0.0,0.0,11190272,19447808,,,
187,2026-10-08T21:26:42.942336+00:00,187.00092762699933,1817,1791494082.08,descendente,0.999632537999787,0.0,0.0,44990464,207286272,,,
187,2026-10-08T21:26:42.942336+00:00,187.00092762699933,1818,1791494082.08,descendente,0.9996392349994494,0.0,0.0,45051904,207286272,,,
188,2026-10-08T21:26:43.942788+00:00,188.00083868399997,1815,1791494081.99,principal,1.000462382000478,0.0,0.0,24043520,32919552,,,
188,2026-10-08T21:26:43.942788+00:00,188.00083868399997,1816,1791494082.08,descendente,1.0004652870002246,0.0,0.0,11190272,19447808,,,
188,2026-10-08T21:26:43.942788+00:00,188.00083868399997,1817,1791494082.08,descendente,1.0004590250000547,0.0,0.0,44990464,207286272,,,
188,2026-10-08T21:26:43.942788+00:00,188.00083868399997,1818,1791494082.08,descendente,1.00046145000033,0.0,0.0,45051904,207286272,,,
189,2026-10-08T21:26:44.952288+00:00,189.01078800300002,1815,1791494081.99,principal,1.0095219639997595,0.0,0.0,24043520,32919552,,,
189,2026-10-08T21:26:44.952288+00:00,189.01078800300002,1816,1791494082.08,descendente,1.0095197390000976,0.0,0.0,11190272,19447808,,,
189,2026-10-08T21:26:44.952288+00:00,189.01078800300002,1817,1791494082.08,descendente,1.0094270449999385,0.0,0.0,44990464,207286272,,,
189,2026-10-08T21:26:44.952288+00:00,189.01078800300002,1818,1791494082.08,descendente,1.0094140929995774,0.0,0.0,45051904,207286272,,,
190,2026-10-08T21:26:45.954655+00:00,190.0132300639998,1815,1791494081.99,principal,1.0023361379999187,0.0,0.0,24043520,32919552,,,
190,2026-10-08T21:26:45.954655+00:00,190.0132300639998,1816,1791494082.08,descendente,1.0023354779996225,0.0,0.0,11190272,19447808,,,
190,2026-10-08T21:26:45.954655+00:00,190.0132300639998,1817,1791494082.08,descendente,1.002339167000173,0.9976662919325276,0.4988331459662638,44990464,207286272,,,
190,2026-10-08T21:26:45.954655+00:00,190.0132300639998,1818,1791494082.08,descendente,1.0023415240002578,0.0,0.0,45051904,207286272,,,
191,2026-10-08T21:26:46.943353+00:00,191.00173890599945,1815,1791494081.99,principal,0.988699684000494,0.0,0.0,24043520,32919552,,,
191,2026-10-08T21:26:46.943353+00:00,191.00173890599945,1816,1791494082.08,descendente,0.9887006460003249,0.0,0.0,11190272,19447808,,,
191,2026-10-08T21:26:46.943353+00:00,191.00173890599945,1817,1791494082.08,descendente,0.9887011720002192,0.0,0.0,44990464,207286272,,,
191,2026-10-08T21:26:46.943353+00:00,191.00173890599945,1818,1791494082.08,descendente,0.9887014870000712,0.0,0.0,45051904,207286272,,,
192,2026-10-08T21:26:47.942525+00:00,192.00095711299946,1815,1791494081.99,principal,0.9991690069991819,0.0,0.0,24043520,32919552,,,
192,2026-10-08T21:26:47.942525+00:00,192.00095711299946,1816,1791494082.08,descendente,0.9992396990000998,0.0,0.0,11190272,19447808,,,
192,2026-10-08T21:26:47.942525+00:00,192.00095711299946,1817,1791494082.08,descendente,0.9992562649995307,0.0,0.0,44990464,207286272,,,
192,2026-10-08T21:26:47.942525+00:00,192.00095711299946,1818,1791494082.08,descendente,0.9992631260001872,0.0,0.0,45051904,207286272,,,
193,2026-10-08T21:26:48.942860+00:00,193.00133214000016,1815,1791494081.99,principal,1.0003417000007175,0.0,0.0,24043520,32919552,,,
193,2026-10-08T21:26:48.942860+00:00,193.00133214000016,1816,1791494082.08,descendente,1.0002727849996518,0.0,0.0,11190272,19447808,,,
193,2026-10-08T21:26:48.942860+00:00,193.00133214000016,1817,1791494082.08,descendente,1.0002584270005173,0.0,0.0,44990464,207286272,,,
193,2026-10-08T21:26:48.942860+00:00,193.00133214000016,1818,1791494082.08,descendente,1.0002544290000515,0.0,0.0,45051904,207286272,,,
194,2026-10-08T21:26:49.950709+00:00,194.00922645399987,1815,1791494081.99,principal,1.0079670539998915,0.0,0.0,24043520,32919552,,,
194,2026-10-08T21:26:49.950709+00:00,194.00922645399987,1816,1791494082.08,descendente,1.0080024369999592,0.0,0.0,11190272,19447808,,,
194,2026-10-08T21:26:49.950709+00:00,194.00922645399987,1817,1791494082.08,descendente,1.0080102149995582,0.0,0.0,44990464,207286272,,,
194,2026-10-08T21:26:49.950709+00:00,194.00922645399987,1818,1791494082.08,descendente,1.0080087569995158,0.992054873587057,0.4960274367935285,45051904,207286272,,,
195,2026-10-08T21:26:50.942194+00:00,195.00067101500008,1815,1791494081.99,principal,0.9913623499996902,1.0087129090592435,0.5043564545296217,24043520,32919552,,,
195,2026-10-08T21:26:50.942194+00:00,195.00067101500008,1816,1791494082.08,descendente,0.9913230070005739,0.0,0.0,11190272,19447808,,,
195,2026-10-08T21:26:50.942194+00:00,195.00067101500008,1817,1791494082.08,descendente,0.9913132940000651,0.0,0.0,44990464,207286272,,,
195,2026-10-08T21:26:50.942194+00:00,195.00067101500008,1818,1791494082.08,descendente,0.9913121150002553,0.0,0.0,45051904,207286272,,,
196,2026-10-08T21:26:51.942479+00:00,196.00107491000017,1815,1791494081.99,principal,1.0002845090002666,0.0,0.0,24043520,32919552,,,
196,2026-10-08T21:26:51.942479+00:00,196.00107491000017,1816,1791494082.08,descendente,1.0002876389999074,0.0,0.0,11190272,19447808,,,
196,2026-10-08T21:26:51.942479+00:00,196.00107491000017,1817,1791494082.08,descendente,1.0003783319998547,0.0,0.0,44990464,207286272,,,
196,2026-10-08T21:26:51.942479+00:00,196.00107491000017,1818,1791494082.08,descendente,1.0003830899995592,0.0,0.0,45051904,207286272,,,
197,2026-10-08T21:26:52.942682+00:00,197.00083509999968,1815,1791494081.99,principal,1.0002126179997504,0.0,0.0,24043520,32919552,,,
197,2026-10-08T21:26:52.942682+00:00,197.00083509999968,1816,1791494082.08,descendente,1.0003314599998703,0.0,0.0,11190272,19447808,,,
197,2026-10-08T21:26:52.942682+00:00,197.00083509999968,1817,1791494082.08,descendente,1.0002487020001354,0.0,0.0,44990464,207286272,,,
197,2026-10-08T21:26:52.942682+00:00,197.00083509999968,1818,1791494082.08,descendente,1.0002497030000086,0.0,0.0,45051904,207286272,,,
198,2026-10-08T21:26:54.019884+00:00,198.07840158499948,1815,1791494081.99,principal,1.077190208000502,0.0,0.0,24043520,32919552,,,
198,2026-10-08T21:26:54.019884+00:00,198.07840158499948,1816,1791494082.08,descendente,1.077098883999497,0.0,0.0,11190272,19447808,,,
198,2026-10-08T21:26:54.019884+00:00,198.07840158499948,1817,1791494082.08,descendente,1.0770973349999622,0.9284211997428689,0.4642105998714344,44990464,207286272,,,
198,2026-10-08T21:26:54.019884+00:00,198.07840158499948,1818,1791494082.08,descendente,1.0770913440001095,0.0,0.0,45051904,207286272,,,
199,2026-10-08T21:26:54.943035+00:00,199.00152380300005,1815,1791494081.99,principal,0.9231539959992006,0.0,0.0,24043520,32919552,,,
199,2026-10-08T21:26:54.943035+00:00,199.00152380300005,1816,1791494082.08,descendente,0.9231260070000644,0.0,0.0,11190272,19447808,,,
199,2026-10-08T21:26:54.943035+00:00,199.00152380300005,1817,1791494082.08,descendente,0.9231181960003596,0.0,0.0,44990464,207286272,,,
199,2026-10-08T21:26:54.943035+00:00,199.00152380300005,1818,1791494082.08,descendente,0.9231206180002118,0.0,0.0,45051904,207286272,,,
