amostra,utc,tempo_relativo_s,pid,criado_epoch_s,papel,cpu_intervalo_real_s,cpu_uma_cpu_pct,cpu_capacidade_vm_pct,rss_bytes,vms_bytes,uss_bytes,pss_bytes,erro
1,2026-10-09T11:10:00.787455+00:00,1.0136749390003388,1282,1791541887.28,principal,,,,24023040,32931840,14061568,14786560,
1,2026-10-09T11:10:00.787455+00:00,1.0136749390003388,1283,1791541887.37,descendente,,,,11149312,19406848,5029888,5385216,
1,2026-10-09T11:10:00.787455+00:00,1.0136749390003388,1284,1791541887.37,descendente,,,,45182976,207351808,31363072,32738304,
1,2026-10-09T11:10:00.787455+00:00,1.0136749390003388,1285,1791541887.37,descendente,,,,45182976,207343616,31543296,33012736,
2,2026-10-09T11:10:01.830824+00:00,2.057235152999965,1282,1791541887.28,principal,1.0433690459999525,0.0,0.0,24023040,32931840,14061568,14786560,
2,2026-10-09T11:10:01.830824+00:00,2.057235152999965,1283,1791541887.37,descendente,1.043362623000121,0.0,0.0,11149312,19406848,5029888,5385216,
2,2026-10-09T11:10:01.830824+00:00,2.057235152999965,1284,1791541887.37,descendente,1.043434907000119,0.9583731513017751,0.47918657565088757,45182976,207351808,31363072,32738304,
2,2026-10-09T11:10:01.830824+00:00,2.057235152999965,1285,1791541887.37,descendente,1.0434693719998904,0.0,0.0,45182976,207343616,31543296,33012736,
3,2026-10-09T11:10:02.773884+00:00,3.000182424000286,1282,1791541887.28,principal,0.9430634490004195,0.0,0.0,24023040,32931840,14061568,14786560,
3,2026-10-09T11:10:02.773884+00:00,3.000182424000286,1283,1791541887.37,descendente,0.9430696549998174,0.0,0.0,11149312,19406848,5029888,5385216,
3,2026-10-09T11:10:02.773884+00:00,3.000182424000286,1284,1791541887.37,descendente,0.9430038730001797,0.0,0.0,45182976,207351808,31363072,32738304,
3,2026-10-09T11:10:02.773884+00:00,3.000182424000286,1285,1791541887.37,descendente,0.9429963669999779,0.0,0.0,45182976,207343616,31543296,33012736,
4,2026-10-09T11:10:03.788523+00:00,4.014808115000051,1282,1791541887.28,principal,1.0146360409999033,0.0,0.0,24023040,32931840,14061568,14786560,
4,2026-10-09T11:10:03.788523+00:00,4.014808115000051,1283,1791541887.37,descendente,1.0146300629999132,0.0,0.0,11149312,19406848,5029888,5385216,
4,2026-10-09T11:10:03.788523+00:00,4.014808115000051,1284,1791541887.37,descendente,1.0146296769999026,0.0,0.0,45182976,207351808,31363072,32738304,
4,2026-10-09T11:10:03.788523+00:00,4.014808115000051,1285,1791541887.37,descendente,1.0146097420001752,2.956801887281215,1.4784009436406076,97353728,259772416,83972096,85441536,
5,2026-10-09T11:10:04.848112+00:00,5.07449346400017,1282,1791541887.28,principal,1.0595834299997478,0.0,0.0,24023040,32931840,14061568,14786560,
5,2026-10-09T11:10:04.848112+00:00,5.07449346400017,1283,1791541887.37,descendente,1.0597797580003316,0.0,0.0,11149312,19406848,5029888,5385216,
5,2026-10-09T11:10:04.848112+00:00,5.07449346400017,1284,1791541887.37,descendente,1.0597965749998366,0.0,0.0,45182976,207351808,31363072,32738304,
5,2026-10-09T11:10:04.848112+00:00,5.07449346400017,1285,1791541887.37,descendente,1.0597973409999213,1.887153253388004,0.943576626694002,97353728,259772416,83976192,85445632,
6,2026-10-09T11:10:05.774403+00:00,6.000840880999931,1282,1791541887.28,principal,0.926297939000051,0.0,0.0,24023040,32931840,14061568,14786560,
6,2026-10-09T11:10:05.774403+00:00,6.000840880999931,1283,1791541887.37,descendente,0.9260995929998899,0.0,0.0,11149312,19406848,5029888,5385216,
6,2026-10-09T11:10:05.774403+00:00,6.000840880999931,1284,1791541887.37,descendente,0.9260742950000349,2.15965394007603,1.079826970038015,97353728,259780608,83791872,85167104,
6,2026-10-09T11:10:05.774403+00:00,6.000840880999931,1285,1791541887.37,descendente,0.9264998640001068,1.079330973328618,0.539665486664309,45182976,207343616,31547392,33016832,
7,2026-10-09T11:10:06.777120+00:00,7.0035871270001735,1282,1791541887.28,principal,1.0027131430001646,0.9972941982269988,0.4986470991134994,24023040,32931840,14061568,14786560,
7,2026-10-09T11:10:06.777120+00:00,7.0035871270001735,1283,1791541887.37,descendente,1.0027132469999742,0.0,0.0,11149312,19406848,5029888,5385216,
7,2026-10-09T11:10:06.777120+00:00,7.0035871270001735,1284,1791541887.37,descendente,1.002711967000323,0.9972953678728214,0.4986476839364107,45182976,207351808,31363072,32738304,
7,2026-10-09T11:10:06.777120+00:00,7.0035871270001735,1285,1791541887.37,descendente,1.0024956719998954,1.9950210817470404,0.9975105408735202,97353728,259772416,83976192,85445632,
8,2026-10-09T11:10:07.774575+00:00,8.00106961900019,1282,1791541887.28,principal,0.9974518799999714,0.0,0.0,24023040,32931840,14061568,14786560,
8,2026-10-09T11:10:07.774575+00:00,8.00106961900019,1283,1791541887.37,descendente,0.9974424470001395,0.0,0.0,11149312,19406848,5029888,5385216,
8,2026-10-09T11:10:07.774575+00:00,8.00106961900019,1284,1791541887.37,descendente,0.9974360869996417,0.0,0.0,45182976,207351808,31363072,32738304,
8,2026-10-09T11:10:07.774575+00:00,8.00106961900019,1285,1791541887.37,descendente,0.9972096490000695,3.008394476535812,1.504197238267906,97353728,259772416,83976192,85445632,
9,2026-10-09T11:10:08.774733+00:00,9.00111841900025,1282,1791541887.28,principal,1.0001603030000297,0.0,0.0,24023040,32931840,14061568,14786560,
9,2026-10-09T11:10:08.774733+00:00,9.00111841900025,1283,1791541887.37,descendente,1.0001982049998333,0.0,0.0,11149312,19406848,5029888,5385216,
9,2026-10-09T11:10:08.774733+00:00,9.00111841900025,1284,1791541887.37,descendente,1.000196963000235,0.0,0.0,45182976,207351808,31363072,32738304,
9,2026-10-09T11:10:08.774733+00:00,9.00111841900025,1285,1791541887.37,descendente,1.0002524349997657,1.9994952574151201,0.9997476287075601,97353728,259772416,83980288,85449728,
10,2026-10-09T11:10:09.776722+00:00,10.003167632999975,1282,1791541887.28,principal,1.0019886059999408,0.0,0.0,24023040,32931840,14061568,14786560,
10,2026-10-09T11:10:09.776722+00:00,10.003167632999975,1283,1791541887.37,descendente,1.0019588430000113,0.0,0.0,11149312,19406848,5029888,5385216,
10,2026-10-09T11:10:09.776722+00:00,10.003167632999975,1284,1791541887.37,descendente,1.0019685580000441,0.0,0.0,45182976,207351808,31363072,32738304,
10,2026-10-09T11:10:09.776722+00:00,10.003167632999975,1285,1791541887.37,descendente,1.0019205640001019,1.9961662349909037,0.9980831174954519,97353728,259772416,83984384,85453824,
11,2026-10-09T11:10:10.779182+00:00,11.00560750600016,1282,1791541887.28,principal,1.0024578160000601,0.0,0.0,24023040,32931840,14061568,14786560,
11,2026-10-09T11:10:10.779182+00:00,11.00560750600016,1283,1791541887.37,descendente,1.002489826999863,0.0,0.0,11149312,19406848,5029888,5385216,
11,2026-10-09T11:10:10.779182+00:00,11.00560750600016,1284,1791541887.37,descendente,1.0024858489996404,0.0,0.0,45182976,207351808,31363072,32738304,
11,2026-10-09T11:10:10.779182+00:00,11.00560750600016,1285,1791541887.37,descendente,1.002519527000004,2.992460415187428,1.496230207593714,97353728,259772416,83984384,85453824,
12,2026-10-09T11:10:11.781421+00:00,12.007854775999931,1282,1791541887.28,principal,1.002240781999717,0.0,0.0,24023040,32931840,14061568,14786560,
12,2026-10-09T11:10:11.781421+00:00,12.007854775999931,1283,1791541887.37,descendente,1.0022083500002736,0.0,0.0,11149312,19406848,5029888,5385216,
12,2026-10-09T11:10:11.781421+00:00,12.007854775999931,1284,1791541887.37,descendente,1.0022112540000307,0.0,0.0,45182976,207351808,31363072,32738304,
12,2026-10-09T11:10:11.781421+00:00,12.007854775999931,1285,1791541887.37,descendente,1.0021789170000375,1.995651640713942,0.997825820356971,97353728,259772416,83988480,85457920,
13,2026-10-09T11:10:12.783258+00:00,13.009562366999944,1282,1791541887.28,principal,1.0018422560001454,0.0,0.0,24023040,32931840,14061568,14786560,
13,2026-10-09T11:10:12.783258+00:00,13.009562366999944,1283,1791541887.37,descendente,1.0018576409997877,0.0,0.0,11149312,19406848,5029888,5385216,
13,2026-10-09T11:10:12.783258+00:00,13.009562366999944,1284,1791541887.37,descendente,1.0018687000001592,1.9962695710522143,0.9981347855261071,97353728,259780608,83791872,85167104,
13,2026-10-09T11:10:12.783258+00:00,13.009562366999944,1285,1791541887.37,descendente,1.0022266410001066,0.9977783059150114,0.4988891529575057,45182976,207343616,31563776,33033216,
14,2026-10-09T11:10:13.774657+00:00,14.001071742000022,1282,1791541887.28,principal,0.9914017450000756,0.0,0.0,24023040,32931840,14061568,14786560,
14,2026-10-09T11:10:13.774657+00:00,14.001071742000022,1283,1791541887.37,descendente,0.9914245909999408,0.0,0.0,11149312,19406848,5029888,5385216,
14,2026-10-09T11:10:13.774657+00:00,14.001071742000022,1284,1791541887.37,descendente,0.9914567430000716,3.025850619485684,1.512925309742842,97353728,259780608,83791872,85167104,
14,2026-10-09T11:10:13.774657+00:00,14.001071742000022,1285,1791541887.37,descendente,0.9921822430001157,0.0,0.0,45182976,207343616,31563776,33033216,
15,2026-10-09T11:10:14.777573+00:00,15.003855306000332,1282,1791541887.28,principal,1.002919916999872,0.0,0.0,24023040,32931840,14061568,14786560,
15,2026-10-09T11:10:14.777573+00:00,15.003855306000332,1283,1791541887.37,descendente,1.0029276590003064,0.0,0.0,11149312,19406848,5029888,5385216,
15,2026-10-09T11:10:14.777573+00:00,15.003855306000332,1284,1791541887.37,descendente,1.0029308009998203,1.9941555269876645,0.9970777634938323,97353728,259780608,83791872,85167104,
15,2026-10-09T11:10:14.777573+00:00,15.003855306000332,1285,1791541887.37,descendente,1.0025380079996467,0.0,0.0,45182976,207343616,31563776,33033216,
16,2026-10-09T11:10:15.776945+00:00,16.00335252600007,1282,1791541887.28,principal,0.9993664520002312,0.0,0.0,24023040,32931840,14061568,14786560,
16,2026-10-09T11:10:15.776945+00:00,16.00335252600007,1283,1791541887.37,descendente,0.9993437969997103,0.0,0.0,11149312,19406848,5029888,5385216,
16,2026-10-09T11:10:15.776945+00:00,16.00335252600007,1284,1791541887.37,descendente,0.9993184630002361,3.0020460054277174,1.5010230027138587,97353728,259780608,83791872,85167104,
16,2026-10-09T11:10:15.776945+00:00,16.00335252600007,1285,1791541887.37,descendente,0.9992230870002459,0.0,0.0,45182976,207343616,31563776,33033216,
17,2026-10-09T11:10:16.777691+00:00,17.003817989000254,1282,1791541887.28,principal,1.000748589000068,0.0,0.0,24023040,32931840,14061568,14786560,
17,2026-10-09T11:10:16.777691+00:00,17.003817989000254,1283,1791541887.37,descendente,1.0008847950002746,0.0,0.0,11149312,19406848,5029888,5385216,
17,2026-10-09T11:10:16.777691+00:00,17.003817989000254,1284,1791541887.37,descendente,1.00088275600001,0.9991180225708363,0.49955901128541813,45182976,207351808,31363072,32738304,
17,2026-10-09T11:10:16.777691+00:00,17.003817989000254,1285,1791541887.37,descendente,1.0005581109999184,1.9988844006284903,0.9994422003142451,97353728,259772416,83992576,85462016,
18,2026-10-09T11:10:17.780927+00:00,18.006549274000008,1282,1791541887.28,principal,1.0032319519996236,0.0,0.0,24018944,32931840,14061568,14786560,
18,2026-10-09T11:10:17.780927+00:00,18.006549274000008,1283,1791541887.37,descendente,1.0032669560000613,0.0,0.0,11145216,19406848,5029888,5385216,
18,2026-10-09T11:10:17.780927+00:00,18.006549274000008,1284,1791541887.37,descendente,1.0032882639998206,0.0,0.0,45178880,207351808,31363072,32738304,
18,2026-10-09T11:10:17.780927+00:00,18.006549274000008,1285,1791541887.37,descendente,1.0032457470001646,2.9902942613714805,1.4951471306857402,97349632,259772416,83992576,85462016,
19,2026-10-09T11:10:18.775081+00:00,19.001218645000336,1282,1791541887.28,principal,0.9941765730000043,0.0,0.0,24018944,32931840,14061568,14786560,
19,2026-10-09T11:10:18.775081+00:00,19.001218645000336,1283,1791541887.37,descendente,0.994499813999937,0.0,0.0,11145216,19406848,5029888,5385216,
19,2026-10-09T11:10:18.775081+00:00,19.001218645000336,1284,1791541887.37,descendente,0.9944954810002855,0.0,0.0,45178880,207351808,31363072,32738304,
19,2026-10-09T11:10:18.775081+00:00,19.001218645000336,1285,1791541887.37,descendente,0.9942723340000157,2.011521322285947,1.0057606611429735,97349632,259772416,83992576,85462016,
20,2026-10-09T11:10:19.777191+00:00,20.003263021000294,1282,1791541887.28,principal,1.0021086540000397,0.0,0.0,24018944,32931840,14061568,14786560,
20,2026-10-09T11:10:19.777191+00:00,20.003263021000294,1283,1791541887.37,descendente,1.0017963949999285,0.0,0.0,11145216,19406848,5029888,5385216,
20,2026-10-09T11:10:19.777191+00:00,20.003263021000294,1284,1791541887.37,descendente,1.0018117599997822,0.0,0.0,87887872,259780608,75096064,76471296,
20,2026-10-09T11:10:19.777191+00:00,20.003263021000294,1285,1791541887.37,descendente,1.0022005819996593,0.9978042499284914,0.4989021249642457,45178880,207343616,31563776,33033216,
21,2026-10-09T11:10:20.777873+00:00,21.00393540799996,1282,1791541887.28,principal,1.000664142000005,0.0,0.0,24018944,32931840,14061568,14786560,
21,2026-10-09T11:10:20.777873+00:00,21.00393540799996,1283,1791541887.37,descendente,1.0004972860001544,0.0,0.0,11145216,19406848,5029888,5385216,
21,2026-10-09T11:10:20.777873+00:00,21.00393540799996,1284,1791541887.37,descendente,1.0006420449999496,2.998075100872037,1.4990375504360185,97349632,259780608,83791872,85167104,
21,2026-10-09T11:10:20.777873+00:00,21.00393540799996,1285,1791541887.37,descendente,1.0011833980001938,0.0,0.0,45178880,207343616,31563776,33033216,
22,2026-10-09T11:10:21.784614+00:00,22.010657158999948,1282,1791541887.28,principal,1.0067390920003163,0.0,0.0,24018944,32931840,14061568,14786560,
22,2026-10-09T11:10:21.784614+00:00,22.010657158999948,1283,1791541887.37,descendente,1.0067058999998153,0.0,0.0,11145216,19406848,5029888,5385216,
22,2026-10-09T11:10:21.784614+00:00,22.010657158999948,1284,1791541887.37,descendente,1.0065128950000144,0.9935292483261869,0.49676462416309347,97349632,259780608,83795968,85171200,
22,2026-10-09T11:10:21.784614+00:00,22.010657158999948,1285,1791541887.37,descendente,1.0059091009998156,0.0,0.0,45178880,207343616,31563776,33033216,
23,2026-10-09T11:10:22.781520+00:00,23.007818226999916,1282,1791541887.28,principal,0.9969057089997477,0.0,0.0,24018944,32931840,14061568,14786560,
23,2026-10-09T11:10:22.781520+00:00,23.007818226999916,1283,1791541887.37,descendente,0.9969113819997801,0.0,0.0,11145216,19406848,5029888,5385216,
23,2026-10-09T11:10:22.781520+00:00,23.007818226999916,1284,1791541887.37,descendente,0.9969231919999402,1.003086303964768,0.501543151982384,45178880,207351808,31371264,32746496,
23,2026-10-09T11:10:22.781520+00:00,23.007818226999916,1285,1791541887.37,descendente,0.996656723000342,3.010063475986713,1.5050317379933564,97349632,259772416,83992576,85462016,
24,2026-10-09T11:10:23.776842+00:00,24.002643531000103,1282,1791541887.28,principal,0.9954378920001545,0.0,0.0,24018944,32931840,14061568,14786560,
24,2026-10-09T11:10:23.776842+00:00,24.002643531000103,1283,1791541887.37,descendente,0.9954582250002204,0.0,0.0,11145216,19406848,5029888,5385216,
24,2026-10-09T11:10:23.776842+00:00,24.002643531000103,1284,1791541887.37,descendente,0.9954562010002519,0.0,0.0,45178880,207351808,31371264,32746496,
24,2026-10-09T11:10:23.776842+00:00,24.002643531000103,1285,1791541887.37,descendente,0.9954389839999749,2.0091638283678144,1.0045819141839072,97349632,259772416,83992576,85462016,
25,2026-10-09T11:10:24.787708+00:00,25.0140578380001,1282,1791541887.28,principal,1.0107515669997156,0.0,0.0,24018944,32931840,14061568,14786560,
25,2026-10-09T11:10:24.787708+00:00,25.0140578380001,1283,1791541887.37,descendente,1.0115955940000276,0.0,0.0,11145216,19406848,5029888,5385216,
25,2026-10-09T11:10:24.787708+00:00,25.0140578380001,1284,1791541887.37,descendente,1.0117346249999173,0.0,0.0,45178880,207351808,31371264,32746496,
25,2026-10-09T11:10:24.787708+00:00,25.0140578380001,1285,1791541887.37,descendente,1.011840387999655,2.964894498756791,1.4824472493783956,97349632,259772416,83992576,85462016,
26,2026-10-09T11:10:25.775995+00:00,26.002121118000105,1282,1791541887.28,principal,0.9882867530000112,0.0,0.0,24018944,32931840,14061568,14786560,
26,2026-10-09T11:10:25.775995+00:00,26.002121118000105,1283,1791541887.37,descendente,0.9874155590000555,0.0,0.0,11145216,19406848,5029888,5385216,
26,2026-10-09T11:10:25.775995+00:00,26.002121118000105,1284,1791541887.37,descendente,0.9872605470000053,0.0,0.0,45178880,207351808,31371264,32746496,
26,2026-10-09T11:10:25.775995+00:00,26.002121118000105,1285,1791541887.37,descendente,0.9874267280001732,3.0382001164540178,1.5191000582270089,97349632,259772416,83996672,85466112,
27,2026-10-09T11:10:26.783690+00:00,27.009360934000142,1282,1791541887.28,principal,1.00770361900004,0.0,0.0,24018944,32931840,14061568,14786560,
27,2026-10-09T11:10:26.783690+00:00,27.009360934000142,1283,1791541887.37,descendente,1.0077776279999853,0.0,0.0,11145216,19406848,5029888,5385216,
27,2026-10-09T11:10:26.783690+00:00,27.009360934000142,1284,1791541887.37,descendente,1.0078408599997601,0.0,0.0,45178880,207351808,31371264,32746496,
27,2026-10-09T11:10:26.783690+00:00,27.009360934000142,1285,1791541887.37,descendente,1.0076477620000333,1.9848205647082968,0.9924102823541484,97349632,259772416,83996672,85466112,
28,2026-10-09T11:10:27.775746+00:00,28.002136142999916,1282,1791541887.28,principal,0.9920462600002793,0.0,0.0,24018944,32931840,14061568,14786560,
28,2026-10-09T11:10:27.775746+00:00,28.002136142999916,1283,1791541887.37,descendente,0.9919869469999867,0.0,0.0,11145216,19406848,5029888,5385216,
28,2026-10-09T11:10:27.775746+00:00,28.002136142999916,1284,1791541887.37,descendente,0.9919376200000443,1.0081279103013898,0.5040639551506949,45178880,207351808,31371264,32746496,
28,2026-10-09T11:10:27.775746+00:00,28.002136142999916,1285,1791541887.37,descendente,0.991821562000041,3.024737629166394,1.512368814583197,97349632,259772416,83996672,85466112,
29,2026-10-09T11:10:28.777436+00:00,29.00373271200033,1282,1791541887.28,principal,1.0016960809998636,0.0,0.0,24018944,32931840,14061568,14786560,
29,2026-10-09T11:10:28.777436+00:00,29.00373271200033,1283,1791541887.37,descendente,1.0017073429999073,0.0,0.0,11145216,19406848,5029888,5385216,
29,2026-10-09T11:10:28.777436+00:00,29.00373271200033,1284,1791541887.37,descendente,1.0017266929999096,1.9965525666592443,0.9982762833296221,97349632,259780608,83800064,85175296,
29,2026-10-09T11:10:28.777436+00:00,29.00373271200033,1285,1791541887.37,descendente,1.00216222500012,0.9978424401297493,0.49892122006487466,45178880,207343616,31567872,33037312,
30,2026-10-09T11:10:29.774562+00:00,30.00097043100004,1282,1791541887.28,principal,0.9971222919998581,0.0,0.0,24018944,32931840,14061568,14786560,
30,2026-10-09T11:10:29.774562+00:00,30.00097043100004,1283,1791541887.37,descendente,0.9971005749998767,0.0,0.0,11145216,19406848,5029888,5385216,
30,2026-10-09T11:10:29.774562+00:00,30.00097043100004,1284,1791541887.37,descendente,0.9970741080001062,0.0,0.0,45178880,207351808,31371264,32746496,
30,2026-10-09T11:10:29.774562+00:00,30.00097043100004,1285,1791541887.37,descendente,0.9966561549999824,2.0067101276267065,1.0033550638133533,97349632,259772416,83996672,85466112,
31,2026-10-09T11:10:30.778396+00:00,31.0048478220001,1282,1791541887.28,principal,1.0038265560001491,0.0,0.0,24018944,32931840,14061568,14786560,
31,2026-10-09T11:10:30.778396+00:00,31.0048478220001,1283,1791541887.37,descendente,1.003817686000275,0.0,0.0,11145216,19406848,5029888,5385216,
31,2026-10-09T11:10:30.778396+00:00,31.0048478220001,1284,1791541887.37,descendente,1.0038111320000098,0.0,0.0,45178880,207351808,31371264,32746496,
31,2026-10-09T11:10:30.778396+00:00,31.0048478220001,1285,1791541887.37,descendente,1.0039175489996524,2.988293214905216,1.494146607452608,97349632,259772416,83996672,85466112,
32,2026-10-09T11:10:31.778119+00:00,32.003982180000094,1282,1791541887.28,principal,0.9997399120002228,0.0,0.0,24018944,32931840,14061568,14786560,
32,2026-10-09T11:10:31.778119+00:00,32.003982180000094,1283,1791541887.37,descendente,0.9998080379996281,0.0,0.0,11145216,19406848,5029888,5385216,
32,2026-10-09T11:10:31.778119+00:00,32.003982180000094,1284,1791541887.37,descendente,0.9998516200002996,3.000445206058801,1.5002226030294006,97349632,259780608,83800064,85175296,
32,2026-10-09T11:10:31.778119+00:00,32.003982180000094,1285,1791541887.37,descendente,1.0005457320003188,0.0,0.0,45178880,207343616,31567872,33037312,
33,2026-10-09T11:10:32.781000+00:00,33.00724205100005,1282,1791541887.28,principal,1.0028728249999403,0.0,0.0,24018944,32931840,14061568,14786560,
33,2026-10-09T11:10:32.781000+00:00,33.00724205100005,1283,1791541887.37,descendente,1.0033131240002149,0.0,0.0,11145216,19406848,5029888,5385216,
33,2026-10-09T11:10:32.781000+00:00,33.00724205100005,1284,1791541887.37,descendente,1.0033581359998607,0.0,0.0,45178880,207351808,31371264,32746496,
33,2026-10-09T11:10:32.781000+00:00,33.00724205100005,1285,1791541887.37,descendente,1.002863884999897,0.0,0.0,45178880,207343616,31567872,33037312,
34,2026-10-09T11:10:33.775905+00:00,34.00173181500031,1282,1791541887.28,principal,0.9949107129996264,0.0,0.0,24018944,32931840,14061568,14786560,
34,2026-10-09T11:10:33.775905+00:00,34.00173181500031,1283,1791541887.37,descendente,0.9945308689998456,0.0,0.0,11145216,19406848,5029888,5385216,
34,2026-10-09T11:10:33.775905+00:00,34.00173181500031,1284,1791541887.37,descendente,0.9945259319997604,0.0,0.0,45178880,207351808,31371264,32746496,
34,2026-10-09T11:10:33.775905+00:00,34.00173181500031,1285,1791541887.37,descendente,0.9943307150001601,0.0,0.0,45178880,207343616,31567872,33037312,
35,2026-10-09T11:10:34.778221+00:00,35.00407652500007,1282,1791541887.28,principal,1.0023062270001901,0.997699079444898,0.498849539722449,24018944,32931840,14061568,14786560,
35,2026-10-09T11:10:34.778221+00:00,35.00407652500007,1283,1791541887.37,descendente,1.0021814900001118,0.0,0.0,11145216,19406848,5029888,5385216,
35,2026-10-09T11:10:34.778221+00:00,35.00407652500007,1284,1791541887.37,descendente,1.0021035380000285,0.9979008775837196,0.4989504387918598,45178880,207351808,31371264,32746496,
35,2026-10-09T11:10:34.778221+00:00,35.00407652500007,1285,1791541887.37,descendente,1.0019740279999496,2.9940895833282664,1.4970447916641332,97349632,259772416,83996672,85466112,
36,2026-10-09T11:10:35.780048+00:00,36.006201029000295,1282,1791541887.28,principal,1.0018257110000377,0.0,0.0,24018944,32931840,14061568,14786560,
36,2026-10-09T11:10:35.780048+00:00,36.006201029000295,1283,1791541887.37,descendente,1.0018235850002384,0.0,0.0,11145216,19406848,5029888,5385216,
36,2026-10-09T11:10:35.780048+00:00,36.006201029000295,1284,1791541887.37,descendente,1.0018199529999947,0.0,0.0,45178880,207351808,31371264,32746496,
36,2026-10-09T11:10:35.780048+00:00,36.006201029000295,1285,1791541887.37,descendente,1.001809709999634,0.0,0.0,45178880,207343616,31571968,33041408,
37,2026-10-09T11:10:36.826152+00:00,37.05239918699999,1282,1791541887.28,principal,1.0461070719998133,0.0,0.0,24018944,32931840,14061568,14786560,
37,2026-10-09T11:10:36.826152+00:00,37.05239918699999,1283,1791541887.37,descendente,1.0461157719996663,0.0,0.0,11145216,19406848,5029888,5385216,
37,2026-10-09T11:10:36.826152+00:00,37.05239918699999,1284,1791541887.37,descendente,1.0461197550002908,1.9118270068414889,0.9559135034207444,56528896,259780608,43294720,44669952,
37,2026-10-09T11:10:36.826152+00:00,37.05239918699999,1285,1791541887.37,descendente,1.0470188930003133,0.9550926030899038,0.4775463015449519,45178880,207343616,31571968,33041408,
38,2026-10-09T11:10:37.782491+00:00,38.00900007400014,1282,1791541887.28,principal,0.9563284660002864,0.0,0.0,24018944,32931840,14061568,14786560,
38,2026-10-09T11:10:37.782491+00:00,38.00900007400014,1283,1791541887.37,descendente,0.9563085620002312,0.0,0.0,11145216,19406848,5029888,5385216,
38,2026-10-09T11:10:37.782491+00:00,38.00900007400014,1284,1791541887.37,descendente,0.9562960739999653,3.137103750151151,1.5685518750755756,97349632,259780608,83804160,85179392,
38,2026-10-09T11:10:37.782491+00:00,38.00900007400014,1285,1791541887.37,descendente,0.9557052259997363,0.0,0.0,45178880,207343616,31571968,33041408,
39,2026-10-09T11:10:38.777275+00:00,39.00327776600034,1282,1791541887.28,principal,0.9947942379999404,1.0052330037722665,0.5026165018861333,24018944,32931840,14061568,14786560,
39,2026-10-09T11:10:38.777275+00:00,39.00327776600034,1283,1791541887.37,descendente,0.9948237240000708,0.0,0.0,11145216,19406848,5029888,5385216,
39,2026-10-09T11:10:38.777275+00:00,39.00327776600034,1284,1791541887.37,descendente,0.9948395979999987,2.010374339763625,1.0051871698818124,97349632,259780608,83804160,85179392,
39,2026-10-09T11:10:38.777275+00:00,39.00327776600034,1285,1791541887.37,descendente,0.994863099000213,0.0,0.0,45178880,207343616,31571968,33041408,
40,2026-10-09T11:10:39.776577+00:00,40.00182309499996,1282,1791541887.28,principal,0.9993236939999406,0.0,0.0,24018944,32931840,14061568,14786560,
40,2026-10-09T11:10:39.776577+00:00,40.00182309499996,1283,1791541887.37,descendente,0.9994388039999649,0.0,0.0,11145216,19406848,5029888,5385216,
40,2026-10-09T11:10:39.776577+00:00,40.00182309499996,1284,1791541887.37,descendente,0.9996259599997757,3.0011225398755133,1.5005612699377566,97349632,259780608,83804160,85179392,
40,2026-10-09T11:10:39.776577+00:00,40.00182309499996,1285,1791541887.37,descendente,1.0001059639998857,0.0,0.0,45178880,207343616,31571968,33041408,
41,2026-10-09T11:10:41.537398+00:00,41.76344015399991,1282,1791541887.28,principal,1.76079165200008,0.0,0.0,24018944,32931840,14061568,14786560,
41,2026-10-09T11:10:41.537398+00:00,41.76344015399991,1283,1791541887.37,descendente,1.760645256999851,0.0,0.0,11145216,19406848,5029888,5385216,
41,2026-10-09T11:10:41.537398+00:00,41.76344015399991,1284,1791541887.37,descendente,1.7604488189999756,1.1360739252482552,0.5680369626241276,97349632,259780608,83804160,85179392,
41,2026-10-09T11:10:41.537398+00:00,41.76344015399991,1285,1791541887.37,descendente,1.7600276789999043,1.7045186480843404,0.8522593240421702,45178880,207343616,31571968,33041408,
42,2026-10-09T11:10:41.783515+00:00,42.00980155100024,1282,1791541887.28,principal,0.24612244499985536,0.0,0.0,24018944,32931840,14061568,14786560,
42,2026-10-09T11:10:41.783515+00:00,42.00980155100024,1283,1791541887.37,descendente,0.24621823300003598,0.0,0.0,11145216,19406848,5029888,5385216,
42,2026-10-09T11:10:41.783515+00:00,42.00980155100024,1284,1791541887.37,descendente,0.24623809200011237,0.0,0.0,97349632,259780608,83804160,85179392,
42,2026-10-09T11:10:41.783515+00:00,42.00980155100024,1285,1791541887.37,descendente,0.24620363100029863,0.0,0.0,45178880,207343616,31571968,33041408,
43,2026-10-09T11:10:42.781823+00:00,43.008169653000095,1282,1791541887.28,principal,0.9983098020002217,0.0,0.0,24018944,32931840,14061568,14786560,
43,2026-10-09T11:10:42.781823+00:00,43.008169653000095,1283,1791541887.37,descendente,0.9982620820001102,0.0,0.0,11145216,19406848,5029888,5385216,
43,2026-10-09T11:10:42.781823+00:00,43.008169653000095,1284,1791541887.37,descendente,0.9982640520001951,3.005216900267023,1.5026084501335115,97349632,259780608,83804160,85179392,
43,2026-10-09T11:10:42.781823+00:00,43.008169653000095,1285,1791541887.37,descendente,0.9983310889997483,0.0,0.0,45178880,207343616,31571968,33041408,
44,2026-10-09T11:10:43.779626+00:00,44.006022060000305,1282,1791541887.28,principal,0.9977954559999489,0.0,0.0,24018944,32931840,14061568,14786560,
44,2026-10-09T11:10:43.779626+00:00,44.006022060000305,1283,1791541887.37,descendente,0.9977999660000023,0.0,0.0,11145216,19406848,5029888,5385216,
44,2026-10-09T11:10:43.779626+00:00,44.006022060000305,1284,1791541887.37,descendente,0.9977736689997982,0.0,0.0,45178880,207351808,31375360,32750592,
44,2026-10-09T11:10:43.779626+00:00,44.006022060000305,1285,1791541887.37,descendente,0.9973849769999106,2.005243758549439,1.0026218792747195,97349632,259772416,84000768,85470208,
45,2026-10-09T11:10:44.778349+00:00,45.00471952699991,1282,1791541887.28,principal,0.9987263259999963,0.0,0.0,24018944,32931840,14061568,14786560,
45,2026-10-09T11:10:44.778349+00:00,45.00471952699991,1283,1791541887.37,descendente,0.9986894419998862,0.0,0.0,11145216,19406848,5029888,5385216,
45,2026-10-09T11:10:44.778349+00:00,45.00471952699991,1284,1791541887.37,descendente,0.9986989640001411,0.0,0.0,45178880,207351808,31375360,32750592,
45,2026-10-09T11:10:44.778349+00:00,45.00471952699991,1285,1791541887.37,descendente,0.9986793820003186,3.003967093013509,1.5019835465067546,97349632,259772416,84004864,85474304,
46,2026-10-09T11:10:45.775692+00:00,46.00179403700031,1282,1791541887.28,principal,0.9977996919997167,0.0,0.0,24018944,32931840,14061568,14786560,
46,2026-10-09T11:10:45.775692+00:00,46.00179403700031,1283,1791541887.37,descendente,0.9978546610000194,0.0,0.0,11145216,19406848,5029888,5385216,
46,2026-10-09T11:10:45.775692+00:00,46.00179403700031,1284,1791541887.37,descendente,0.9978705049998098,0.0,0.0,45178880,207351808,31375360,32750592,
46,2026-10-09T11:10:45.775692+00:00,46.00179403700031,1285,1791541887.37,descendente,0.9978649750000841,2.00427918616924,1.00213959308462,97349632,259772416,84013056,85482496,
47,2026-10-09T11:10:46.774731+00:00,47.001084168000034,1282,1791541887.28,principal,0.9985973540001396,0.0,0.0,24018944,32931840,14061568,14786560,
47,2026-10-09T11:10:46.774731+00:00,47.001084168000034,1283,1791541887.37,descendente,0.9988465669998732,0.0,0.0,11145216,19406848,5029888,5385216,
47,2026-10-09T11:10:46.774731+00:00,47.001084168000034,1284,1791541887.37,descendente,0.9988807889999407,0.0,0.0,45178880,207351808,31375360,32750592,
47,2026-10-09T11:10:46.774731+00:00,47.001084168000034,1285,1791541887.37,descendente,0.998971130999962,3.003089785985067,1.5015448929925335,97349632,259772416,84013056,85482496,
48,2026-10-09T11:10:47.775330+00:00,48.001454746000036,1282,1791541887.28,principal,1.0005939719999333,0.0,0.0,24018944,32931840,14061568,14786560,
48,2026-10-09T11:10:47.775330+00:00,48.001454746000036,1283,1791541887.37,descendente,1.0004308510001465,0.0,0.0,11145216,19406848,5029888,5385216,
48,2026-10-09T11:10:47.775330+00:00,48.001454746000036,1284,1791541887.37,descendente,1.0009491040000285,2.9971553878326374,1.4985776939163187,97349632,259780608,83804160,85179392,
48,2026-10-09T11:10:47.775330+00:00,48.001454746000036,1285,1791541887.37,descendente,1.0012021649999951,0.0,0.0,45178880,207343616,31584256,33053696,
49,2026-10-09T11:10:48.774722+00:00,49.00107536800033,1282,1791541887.28,principal,0.9993863610002336,0.0,0.0,24018944,32931840,14061568,14786560,
49,2026-10-09T11:10:48.774722+00:00,49.00107536800033,1283,1791541887.37,descendente,0.9994220220000898,0.0,0.0,11145216,19406848,5029888,5385216,
49,2026-10-09T11:10:48.774722+00:00,49.00107536800033,1284,1791541887.37,descendente,0.9993399670001963,3.0019814067933055,1.5009907033966527,97349632,259780608,83804160,85179392,
49,2026-10-09T11:10:48.774722+00:00,49.00107536800033,1285,1791541887.37,descendente,0.9994843529998434,0.0,0.0,45178880,207343616,31584256,33053696,
50,2026-10-09T11:10:49.779737+00:00,50.006168747000174,1282,1791541887.28,principal,1.0050135339997723,0.0,0.0,24018944,32931840,14061568,14786560,
50,2026-10-09T11:10:49.779737+00:00,50.006168747000174,1283,1791541887.37,descendente,1.004857506999997,0.0,0.0,11145216,19406848,5029888,5385216,
50,2026-10-09T11:10:49.779737+00:00,50.006168747000174,1284,1791541887.37,descendente,1.0043835579999723,1.9912711474316085,0.9956355737158042,97349632,259780608,83804160,85179392,
50,2026-10-09T11:10:49.779737+00:00,50.006168747000174,1285,1791541887.37,descendente,1.004616317,0.0,0.0,45178880,207343616,31584256,33053696,
51,2026-10-09T11:10:50.776240+00:00,51.002611829000216,1282,1791541887.28,principal,0.9964993720000166,0.0,0.0,24018944,32931840,14061568,14786560,
51,2026-10-09T11:10:50.776240+00:00,51.002611829000216,1283,1791541887.37,descendente,0.9964762810000138,0.0,0.0,11145216,19406848,5029888,5385216,
51,2026-10-09T11:10:50.776240+00:00,51.002611829000216,1284,1791541887.37,descendente,0.9964609019998534,1.0035516677001801,0.5017758338500901,45178880,207351808,31375360,32750592,
51,2026-10-09T11:10:50.776240+00:00,51.002611829000216,1285,1791541887.37,descendente,0.9957326109997666,3.012857032961851,1.5064285164809255,97349632,259772416,84013056,85482496,
52,2026-10-09T11:10:51.780648+00:00,52.00646571800007,1282,1791541887.28,principal,1.0044234609999876,0.0,0.0,24018944,32931840,14061568,14786560,
52,2026-10-09T11:10:51.780648+00:00,52.00646571800007,1283,1791541887.37,descendente,1.0045537880000666,0.0,0.0,11145216,19406848,5029888,5385216,
52,2026-10-09T11:10:51.780648+00:00,52.00646571800007,1284,1791541887.37,descendente,1.004830211999888,1.9903860135926927,0.9951930067963464,97349632,259780608,83804160,85179392,
52,2026-10-09T11:10:51.780648+00:00,52.00646571800007,1285,1791541887.37,descendente,1.005421218000265,0.994608013135958,0.497304006567979,45178880,207343616,31584256,33053696,
53,2026-10-09T11:10:52.783392+00:00,53.009622733000015,1282,1791541887.28,principal,1.0027385660000618,0.0,0.0,24018944,32931840,14061568,14786560,
53,2026-10-09T11:10:52.783392+00:00,53.009622733000015,1283,1791541887.37,descendente,1.0026151759998356,0.0,0.0,11145216,19406848,5029888,5385216,
53,2026-10-09T11:10:52.783392+00:00,53.009622733000015,1284,1791541887.37,descendente,1.002341892000004,2.992990738932433,1.4964953694662164,97349632,259780608,83808256,85183488,
53,2026-10-09T11:10:52.783392+00:00,53.009622733000015,1285,1791541887.37,descendente,1.002093880999837,0.0,0.0,45178880,207343616,31584256,33053696,
54,2026-10-09T11:10:53.776909+00:00,54.002682969000034,1282,1791541887.28,principal,0.9935632659999101,0.0,0.0,24018944,32931840,14061568,14786560,
54,2026-10-09T11:10:53.776909+00:00,54.002682969000034,1283,1791541887.37,descendente,0.9935669880001115,0.0,0.0,11145216,19406848,5029888,5385216,
54,2026-10-09T11:10:53.776909+00:00,54.002682969000034,1284,1791541887.37,descendente,0.9935689030003232,3.0194181711412207,1.5097090855706103,97349632,259780608,83812352,85187584,
54,2026-10-09T11:10:53.776909+00:00,54.002682969000034,1285,1791541887.37,descendente,0.993772182000157,0.0,0.0,45178880,207343616,31584256,33053696,
55,2026-10-09T11:10:54.779798+00:00,55.00587295100013,1282,1791541887.28,principal,1.0028434600003493,0.0,0.0,24018944,32931840,14061568,14786560,
55,2026-10-09T11:10:54.779798+00:00,55.00587295100013,1283,1791541887.37,descendente,1.0028531759999169,0.0,0.0,11145216,19406848,5029888,5385216,
55,2026-10-09T11:10:54.779798+00:00,55.00587295100013,1284,1791541887.37,descendente,1.002864364999823,2.9914314484595987,1.4957157242297994,97349632,259780608,83812352,85187584,
55,2026-10-09T11:10:54.779798+00:00,55.00587295100013,1285,1791541887.37,descendente,1.0029879590001656,0.0,0.0,45178880,207343616,31584256,33053696,
56,2026-10-09T11:10:55.783854+00:00,56.01004700900012,1282,1791541887.28,principal,1.0040517339998587,0.0,0.0,24018944,32931840,14061568,14786560,
56,2026-10-09T11:10:55.783854+00:00,56.01004700900012,1283,1791541887.37,descendente,1.0045941919997858,0.0,0.0,11145216,19406848,5029888,5385216,
56,2026-10-09T11:10:55.783854+00:00,56.01004700900012,1284,1791541887.37,descendente,1.0046052020002207,1.9908318173327622,0.9954159086663811,97349632,259780608,83812352,85187584,
56,2026-10-09T11:10:55.783854+00:00,56.01004700900012,1285,1791541887.37,descendente,1.0043771409996225,0.0,0.0,45178880,207343616,31584256,33053696,
57,2026-10-09T11:10:56.775448+00:00,57.00139081499992,1282,1791541887.28,principal,0.9917895489998045,0.0,0.0,24018944,32931840,14061568,14786560,
57,2026-10-09T11:10:56.775448+00:00,57.00139081499992,1283,1791541887.37,descendente,0.9913266930002465,0.0,0.0,11145216,19406848,5029888,5385216,
57,2026-10-09T11:10:56.775448+00:00,57.00139081499992,1284,1791541887.37,descendente,0.9915973919996759,1.0084738101049728,0.5042369050524864,45178880,207351808,31383552,32758784,
57,2026-10-09T11:10:56.775448+00:00,57.00139081499992,1285,1791541887.37,descendente,0.9916696200002661,2.016800716350896,1.008400358175448,97349632,259772416,84013056,85482496,
58,2026-10-09T11:10:57.776408+00:00,58.001509938000254,1282,1791541887.28,principal,1.0007667830000173,0.0,0.0,24018944,32931840,14061568,14786560,
58,2026-10-09T11:10:57.776408+00:00,58.001509938000254,1283,1791541887.37,descendente,1.0006792149997636,0.0,0.0,11145216,19406848,5029888,5385216,
58,2026-10-09T11:10:57.776408+00:00,58.001509938000254,1284,1791541887.37,descendente,1.0003863510000883,1.999227596418677,0.9996137982093385,97349632,259780608,83812352,85187584,
58,2026-10-09T11:10:57.776408+00:00,58.001509938000254,1285,1791541887.37,descendente,1.000299964000078,0.9997001259513197,0.49985006297565987,45178880,207343616,31584256,33053696,
59,2026-10-09T11:10:58.778647+00:00,59.004452937000224,1282,1791541887.28,principal,1.00223540900015,0.0,0.0,24018944,32931840,14061568,14786560,
59,2026-10-09T11:10:58.778647+00:00,59.004452937000224,1283,1791541887.37,descendente,1.0022262350003075,0.0,0.0,11145216,19406848,5029888,5385216,
59,2026-10-09T11:10:58.778647+00:00,59.004452937000224,1284,1791541887.37,descendente,1.0024971940001706,2.9925270793320804,1.4962635396660402,97349632,259780608,83812352,85187584,
59,2026-10-09T11:10:58.778647+00:00,59.004452937000224,1285,1791541887.37,descendente,1.0024823209996612,0.0,0.0,45178880,207343616,31584256,33053696,
60,2026-10-09T11:10:59.778351+00:00,60.00420751899992,1282,1791541887.28,principal,0.9997159859999556,0.0,0.0,24018944,32931840,14061568,14786560,
60,2026-10-09T11:10:59.778351+00:00,60.00420751899992,1283,1791541887.37,descendente,0.9997318609998729,0.0,0.0,11145216,19406848,5029888,5385216,
60,2026-10-09T11:10:59.778351+00:00,60.00420751899992,1284,1791541887.37,descendente,0.9994658199998412,1.0005344655010078,0.5002672327505039,45178880,207351808,31383552,32758784,
60,2026-10-09T11:10:59.778351+00:00,60.00420751899992,1285,1791541887.37,descendente,0.9992438110002695,4.0030270450170695,2.0015135225085348,97349632,259772416,84013056,85482496,
61,2026-10-09T11:11:00.776382+00:00,61.002034516000094,1282,1791541887.28,principal,0.9980161309999858,0.0,0.0,24018944,32931840,14061568,14786560,
61,2026-10-09T11:11:00.776382+00:00,61.002034516000094,1283,1791541887.37,descendente,0.9980347579999034,0.0,0.0,11145216,19406848,5029888,5385216,
61,2026-10-09T11:11:00.776382+00:00,61.002034516000094,1284,1791541887.37,descendente,0.9980254219999551,3.0059354540170817,1.5029677270085409,97349632,259780608,83812352,85187584,
61,2026-10-09T11:11:00.776382+00:00,61.002034516000094,1285,1791541887.37,descendente,0.9981874669997524,0.0,0.0,45178880,207343616,31584256,33053696,
62,2026-10-09T11:11:01.774655+00:00,62.00101642100026,1282,1791541887.28,principal,0.9982858530001977,0.0,0.0,24018944,32931840,14061568,14786560,
62,2026-10-09T11:11:01.774655+00:00,62.00101642100026,1283,1791541887.37,descendente,0.9983782469998914,0.0,0.0,11145216,19406848,5029888,5385216,
62,2026-10-09T11:11:01.774655+00:00,62.00101642100026,1284,1791541887.37,descendente,0.9983984370001053,0.0,0.0,45178880,207351808,31383552,32758784,
62,2026-10-09T11:11:01.774655+00:00,62.00101642100026,1285,1791541887.37,descendente,0.9980732300000454,3.0057914688282823,1.5028957344141411,97349632,259772416,84013056,85482496,
63,2026-10-09T11:11:02.774937+00:00,63.0011972289999,1282,1791541887.28,principal,1.0005760599997302,0.0,0.0,24018944,32931840,14061568,14786560,
63,2026-10-09T11:11:02.774937+00:00,63.0011972289999,1283,1791541887.37,descendente,1.0005063660000815,0.0,0.0,11145216,19406848,5029888,5385216,
63,2026-10-09T11:11:02.774937+00:00,63.0011972289999,1284,1791541887.37,descendente,1.0005039220000072,0.0,0.0,45178880,207351808,31383552,32758784,
63,2026-10-09T11:11:02.774937+00:00,63.0011972289999,1285,1791541887.37,descendente,1.0006439859998864,0.9993564284511597,0.49967821422557984,97349632,259772416,84013056,85482496,
64,2026-10-09T11:11:03.779629+00:00,64.00555240199992,1282,1791541887.28,principal,1.0043860969999514,0.0,0.0,24018944,32931840,14061568,14786560,
64,2026-10-09T11:11:03.779629+00:00,64.00555240199992,1283,1791541887.37,descendente,1.0043311419999554,0.0,0.0,11145216,19406848,5029888,5385216,
64,2026-10-09T11:11:03.779629+00:00,64.00555240199992,1284,1791541887.37,descendente,1.0044145390002086,0.0,0.0,45178880,207351808,31383552,32758784,
64,2026-10-09T11:11:03.779629+00:00,64.00555240199992,1285,1791541887.37,descendente,1.0045816210003977,3.981757098061044,1.990878549030522,97349632,259772416,84013056,85482496,
65,2026-10-09T11:11:04.776079+00:00,65.00137750700014,1282,1791541887.28,principal,0.9964543720002439,0.0,0.0,24018944,32931840,14061568,14786560,
65,2026-10-09T11:11:04.776079+00:00,65.00137750700014,1283,1791541887.37,descendente,0.996462529999917,0.0,0.0,11145216,19406848,5029888,5385216,
65,2026-10-09T11:11:04.776079+00:00,65.00137750700014,1284,1791541887.37,descendente,0.9963700710000012,0.0,0.0,45178880,207351808,31383552,32758784,
65,2026-10-09T11:11:04.776079+00:00,65.00137750700014,1285,1791541887.37,descendente,0.9961132720000023,0.0,0.0,97349632,259772416,84013056,85482496,
66,2026-10-09T11:11:05.779623+00:00,66.00573634200009,1282,1791541887.28,principal,1.0035857779998878,0.0,0.0,24018944,32931840,14061568,14786560,
66,2026-10-09T11:11:05.779623+00:00,66.00573634200009,1283,1791541887.37,descendente,1.003663245000098,0.0,0.0,11145216,19406848,5029888,5385216,
66,2026-10-09T11:11:05.779623+00:00,66.00573634200009,1284,1791541887.37,descendente,1.0036586369997167,0.9963546998303378,0.4981773499151689,45178880,207351808,31383552,32758784,
66,2026-10-09T11:11:05.779623+00:00,66.00573634200009,1285,1791541887.37,descendente,1.0035886309997295,1.9928484024452697,0.9964242012226349,97349632,259772416,84013056,85482496,
67,2026-10-09T11:11:06.775053+00:00,67.0013758250002,1282,1791541887.28,principal,0.9953847319998204,1.0046366674631284,0.5023183337315642,24018944,32931840,14061568,14786560,
67,2026-10-09T11:11:06.775053+00:00,67.0013758250002,1283,1791541887.37,descendente,0.9952983590001168,0.0,0.0,11145216,19406848,5029888,5385216,
67,2026-10-09T11:11:06.775053+00:00,67.0013758250002,1284,1791541887.37,descendente,0.9952971900002012,0.0,0.0,45178880,207351808,31383552,32758784,
67,2026-10-09T11:11:06.775053+00:00,67.0013758250002,1285,1791541887.37,descendente,0.9955935980001414,3.0132777129403663,1.5066388564701831,97349632,259772416,84013056,85482496,
68,2026-10-09T11:11:07.777999+00:00,68.00350637400015,1282,1791541887.28,principal,1.0029467480003404,0.0,0.0,24018944,32931840,14061568,14786560,
68,2026-10-09T11:11:07.777999+00:00,68.00350637400015,1283,1791541887.37,descendente,1.0029602029999296,0.0,0.0,11145216,19406848,5029888,5385216,
68,2026-10-09T11:11:07.777999+00:00,68.00350637400015,1284,1791541887.37,descendente,1.0029646919997504,0.0,0.0,45178880,207351808,31383552,32758784,
68,2026-10-09T11:11:07.777999+00:00,68.00350637400015,1285,1791541887.37,descendente,1.0026691690000007,1.9946758729947105,0.9973379364973552,97349632,259772416,84013056,85482496,
69,2026-10-09T11:11:08.775954+00:00,69.00208266100026,1282,1791541887.28,principal,0.997984250999707,0.0,0.0,24018944,32931840,14061568,14786560,
69,2026-10-09T11:11:08.775954+00:00,69.00208266100026,1283,1791541887.37,descendente,0.9980687709999074,0.0,0.0,11145216,19406848,5029888,5385216,
69,2026-10-09T11:11:08.775954+00:00,69.00208266100026,1284,1791541887.37,descendente,0.9981028990000596,2.0038014136655042,1.0019007068327521,97349632,259780608,83812352,85187584,
69,2026-10-09T11:11:08.775954+00:00,69.00208266100026,1285,1791541887.37,descendente,0.9986593089997768,1.0013424908657123,0.5006712454328561,45178880,207343616,31584256,33053696,
70,2026-10-09T11:11:09.829759+00:00,70.05546273000027,1282,1791541887.28,principal,1.0537923460001366,0.0,0.0,24018944,32931840,14061568,14786560,
70,2026-10-09T11:11:09.829759+00:00,70.05546273000027,1283,1791541887.37,descendente,1.0546844380000948,0.0,0.0,11145216,19406848,5029888,5385216,
70,2026-10-09T11:11:09.829759+00:00,70.05546273000027,1284,1791541887.37,descendente,1.0547310629999629,0.9481089872859977,0.47405449364299884,45178880,207351808,31387648,32762880,
70,2026-10-09T11:11:09.829759+00:00,70.05546273000027,1285,1791541887.37,descendente,1.0543619960003525,2.8453225850137924,1.4226612925068962,97349632,259772416,84013056,85482496,
71,2026-10-09T11:11:10.813280+00:00,71.03902108000011,1282,1791541887.28,principal,0.9835010100000545,0.0,0.0,24018944,32931840,14061568,14786560,
71,2026-10-09T11:11:10.813280+00:00,71.03902108000011,1283,1791541887.37,descendente,0.9825030930001049,0.0,0.0,11145216,19406848,5029888,5385216,
71,2026-10-09T11:11:10.813280+00:00,71.03902108000011,1284,1791541887.37,descendente,0.9824143499999991,0.0,0.0,45178880,207351808,31387648,32762880,
71,2026-10-09T11:11:10.813280+00:00,71.03902108000011,1285,1791541887.37,descendente,0.9822141489999012,2.036215831380941,1.0181079156904704,97349632,259772416,84013056,85482496,
72,2026-10-09T11:11:11.782061+00:00,72.00751578600011,1282,1791541887.28,principal,0.9688504679998005,0.0,0.0,24018944,32931840,14061568,14786560,
72,2026-10-09T11:11:11.782061+00:00,72.00751578600011,1283,1791541887.37,descendente,0.9689907839997431,0.0,0.0,11145216,19406848,5029888,5385216,
72,2026-10-09T11:11:11.782061+00:00,72.00751578600011,1284,1791541887.37,descendente,0.969030187000044,1.0319595957024836,0.5159797978512418,97349632,259780608,83816448,85191680,
72,2026-10-09T11:11:11.782061+00:00,72.00751578600011,1285,1791541887.37,descendente,0.9694917060000989,1.0314683393484096,0.5157341696742048,45178880,207343616,31584256,33053696,
73,2026-10-09T11:11:12.775088+00:00,73.001405256,1282,1791541887.28,principal,0.9929757250001785,0.0,0.0,24018944,32931840,14061568,14786560,
73,2026-10-09T11:11:12.775088+00:00,73.001405256,1283,1791541887.37,descendente,0.993043254999975,0.0,0.0,11145216,19406848,5029888,5385216,
73,2026-10-09T11:11:12.775088+00:00,73.001405256,1284,1791541887.37,descendente,0.9930362989998684,1.0070125341914729,0.5035062670957364,45178880,207351808,31387648,32762880,
73,2026-10-09T11:11:12.775088+00:00,73.001405256,1285,1791541887.37,descendente,0.9928491979999308,2.0144046085034817,1.0072023042517408,97349632,259772416,84013056,85482496,
74,2026-10-09T11:11:13.844608+00:00,74.07079173300008,1282,1791541887.28,principal,1.0695039510001152,0.0,0.0,24018944,32931840,14061568,14786560,
74,2026-10-09T11:11:13.844608+00:00,74.07079173300008,1283,1791541887.37,descendente,1.0692954710002596,0.0,0.0,11145216,19406848,5029888,5385216,
74,2026-10-09T11:11:13.844608+00:00,74.07079173300008,1284,1791541887.37,descendente,1.0692564370001492,1.870458695213604,0.935229347606802,97349632,259780608,83816448,85191680,
74,2026-10-09T11:11:13.844608+00:00,74.07079173300008,1285,1791541887.37,descendente,1.0694920939999975,0.9350232747021887,0.46751163735109436,45178880,207343616,31584256,33053696,
75,2026-10-09T11:11:15.103547+00:00,75.32987582700025,1282,1791541887.28,principal,1.258941539999796,0.0,0.0,24018944,32931840,14061568,14786560,
75,2026-10-09T11:11:15.103547+00:00,75.32987582700025,1283,1791541887.37,descendente,1.2589720360001593,0.0,0.0,11145216,19406848,5029888,5385216,
75,2026-10-09T11:11:15.103547+00:00,75.32987582700025,1284,1791541887.37,descendente,1.2590061260002585,0.7942773107680441,0.39713865538402204,45178880,207351808,31387648,32762880,
75,2026-10-09T11:11:15.103547+00:00,75.32987582700025,1285,1791541887.37,descendente,1.258597023999755,2.3836064624292397,1.1918032312146198,97349632,259772416,84013056,85482496,
76,2026-10-09T11:11:15.774227+00:00,76.000545805,1282,1791541887.28,principal,0.6707130640002106,0.0,0.0,24018944,32931840,14061568,14786560,
76,2026-10-09T11:11:15.774227+00:00,76.000545805,1283,1791541887.37,descendente,0.6707037449996278,0.0,0.0,11145216,19406848,5029888,5385216,
76,2026-10-09T11:11:15.774227+00:00,76.000545805,1284,1791541887.37,descendente,0.6706916789999013,0.0,0.0,45178880,207351808,31387648,32762880,
76,2026-10-09T11:11:15.774227+00:00,76.000545805,1285,1791541887.37,descendente,0.6707708480003021,1.4908220936869463,0.7454110468434731,97349632,259772416,84013056,85482496,
77,2026-10-09T11:11:16.851530+00:00,77.07784270000002,1282,1791541887.28,principal,1.0772706829998242,0.9282718037173079,0.46413590185865394,24018944,32931840,14061568,14786560,
77,2026-10-09T11:11:16.851530+00:00,77.07784270000002,1283,1791541887.37,descendente,1.0772693080002682,0.0,0.0,11145216,19406848,5029888,5385216,
77,2026-10-09T11:11:16.851530+00:00,77.07784270000002,1284,1791541887.37,descendente,1.077269062999676,2.784819598964793,1.3924097994823965,97349632,259780608,83816448,85191680,
77,2026-10-09T11:11:16.851530+00:00,77.07784270000002,1285,1791541887.37,descendente,1.0775966619999053,1.8559819926392211,0.9279909963196106,45178880,207343616,31584256,33053696,
78,2026-10-09T11:11:17.774393+00:00,78.00081431700028,1282,1791541887.28,principal,0.9228593699999692,0.0,0.0,24018944,32931840,14061568,14786560,
78,2026-10-09T11:11:17.774393+00:00,78.00081431700028,1283,1791541887.37,descendente,0.9228645999996843,0.0,0.0,11145216,19406848,5029888,5385216,
78,2026-10-09T11:11:17.774393+00:00,78.00081431700028,1284,1791541887.37,descendente,0.9229634600001191,0.0,0.0,45178880,207351808,31387648,32762880,
78,2026-10-09T11:11:17.774393+00:00,78.00081431700028,1285,1791541887.37,descendente,0.9225418920000266,2.1679232318265163,1.0839616159132581,97349632,259772416,84013056,85482496,
79,2026-10-09T11:11:18.842931+00:00,79.06927330600001,1282,1791541887.28,principal,1.0685353150001902,0.0,0.0,24018944,32931840,14061568,14786560,
79,2026-10-09T11:11:18.842931+00:00,79.06927330600001,1283,1791541887.37,descendente,1.0685681320001095,0.0,0.0,11145216,19406848,5029888,5385216,
79,2026-10-09T11:11:18.842931+00:00,79.06927330600001,1284,1791541887.37,descendente,1.068577310999899,0.0,0.0,45178880,207351808,31387648,32762880,
79,2026-10-09T11:11:18.842931+00:00,79.06927330600001,1285,1791541887.37,descendente,1.0688163290001285,1.871228896615974,0.935614448307987,97349632,259772416,84013056,85482496,
80,2026-10-09T11:11:19.776118+00:00,80.0018768570003,1282,1791541887.28,principal,0.9331967729999633,0.0,0.0,24018944,32931840,14061568,14786560,
80,2026-10-09T11:11:19.776118+00:00,80.0018768570003,1283,1791541887.37,descendente,0.9336096370002451,0.0,0.0,11145216,19406848,5029888,5385216,
80,2026-10-09T11:11:19.776118+00:00,80.0018768570003,1284,1791541887.37,descendente,0.9334958470003585,3.213726134551162,1.606863067275581,97349632,259780608,83816448,85191680,
80,2026-10-09T11:11:19.776118+00:00,80.0018768570003,1285,1791541887.37,descendente,0.9337705449997884,0.0,0.0,45178880,207343616,31584256,33053696,
81,2026-10-09T11:11:20.774628+00:00,81.00096033499995,1282,1791541887.28,principal,0.9985052909996739,0.0,0.0,24018944,32931840,14061568,14786560,
81,2026-10-09T11:11:20.774628+00:00,81.00096033499995,1283,1791541887.37,descendente,0.9980695929998546,0.0,0.0,11145216,19406848,5029888,5385216,
81,2026-10-09T11:11:20.774628+00:00,81.00096033499995,1284,1791541887.37,descendente,0.9980741809999927,0.0,0.0,45178880,207351808,31391744,32766976,
81,2026-10-09T11:11:20.774628+00:00,81.00096033499995,1285,1791541887.37,descendente,0.9975427730000774,3.00738983951288,1.50369491975644,97349632,259772416,84013056,85482496,
82,2026-10-09T11:11:21.779199+00:00,82.00552662900009,1282,1791541887.28,principal,1.004584380000324,0.0,0.0,24018944,32931840,14061568,14786560,
82,2026-10-09T11:11:21.779199+00:00,82.00552662900009,1283,1791541887.37,descendente,1.0049925180001082,0.0,0.0,11145216,19406848,5029888,5385216,
82,2026-10-09T11:11:21.779199+00:00,82.00552662900009,1284,1791541887.37,descendente,1.0051106359996993,0.0,0.0,45178880,207351808,31391744,32766976,
82,2026-10-09T11:11:21.779199+00:00,82.00552662900009,1285,1791541887.37,descendente,1.005303277999701,2.984174095173812,1.492087047586906,97349632,259772416,84013056,85482496,
83,2026-10-09T11:11:22.780290+00:00,83.00633572300012,1282,1791541887.28,principal,1.0010759500000859,0.0,0.0,24018944,32931840,14061568,14786560,
83,2026-10-09T11:11:22.780290+00:00,83.00633572300012,1283,1791541887.37,descendente,1.0006348779998007,0.0,0.0,11145216,19406848,5029888,5385216,
83,2026-10-09T11:11:22.780290+00:00,83.00633572300012,1284,1791541887.37,descendente,1.0011222980001548,0.0,0.0,45178880,207351808,31391744,32766976,
83,2026-10-09T11:11:22.780290+00:00,83.00633572300012,1285,1791541887.37,descendente,1.0010136939999938,1.997974665069925,0.9989873325349625,97349632,259772416,84013056,85482496,
84,2026-10-09T11:11:23.779272+00:00,84.00552408900012,1282,1791541887.28,principal,0.9989833529998577,0.0,0.0,24018944,32931840,14061568,14786560,
84,2026-10-09T11:11:23.779272+00:00,84.00552408900012,1283,1791541887.37,descendente,0.999112175999926,0.0,0.0,11145216,19406848,5029888,5385216,
84,2026-10-09T11:11:23.779272+00:00,84.00552408900012,1284,1791541887.37,descendente,0.9985052440001709,0.0,0.0,45178880,207351808,31391744,32766976,
84,2026-10-09T11:11:23.779272+00:00,84.00552408900012,1285,1791541887.37,descendente,0.998367645000144,3.004905071818011,1.5024525359090055,97349632,259772416,84013056,85482496,
85,2026-10-09T11:11:24.781201+00:00,85.00679020000007,1282,1791541887.28,principal,1.0019344140000612,0.0,0.0,24018944,32931840,14061568,14786560,
85,2026-10-09T11:11:24.781201+00:00,85.00679020000007,1283,1791541887.37,descendente,1.0019219030000386,0.0,0.0,11145216,19406848,5029888,5385216,
85,2026-10-09T11:11:24.781201+00:00,85.00679020000007,1284,1791541887.37,descendente,1.0019454379998933,0.9980583393805262,0.4990291696902631,45178880,207351808,31391744,32766976,
85,2026-10-09T11:11:24.781201+00:00,85.00679020000007,1285,1791541887.37,descendente,1.0019629720000012,2.994122621130176,1.497061310565088,97349632,259772416,84013056,85482496,
86,2026-10-09T11:11:25.784749+00:00,86.01038887499999,1282,1791541887.28,principal,1.0035446759998194,0.0,0.0,24018944,32931840,14061568,14786560,
86,2026-10-09T11:11:25.784749+00:00,86.01038887499999,1283,1791541887.37,descendente,1.0034614500000316,0.0,0.0,11145216,19406848,5029888,5385216,
86,2026-10-09T11:11:25.784749+00:00,86.01038887499999,1284,1791541887.37,descendente,1.0034323699997003,0.0,0.0,45178880,207351808,31391744,32766976,
86,2026-10-09T11:11:25.784749+00:00,86.01038887499999,1285,1791541887.37,descendente,1.0034702450002442,1.993083511907779,0.9965417559538895,97349632,259772416,84013056,85482496,
87,2026-10-09T11:11:26.779604+00:00,87.00552737599992,1282,1791541887.28,principal,0.9949723720001202,0.0,0.0,24018944,32931840,14061568,14786560,
87,2026-10-09T11:11:26.779604+00:00,87.00552737599992,1283,1791541887.37,descendente,0.9950279950003278,0.0,0.0,11145216,19406848,5029888,5385216,
87,2026-10-09T11:11:26.779604+00:00,87.00552737599992,1284,1791541887.37,descendente,0.9950385700003608,0.0,0.0,45178880,207351808,31391744,32766976,
87,2026-10-09T11:11:26.779604+00:00,87.00552737599992,1285,1791541887.37,descendente,0.9951861759996063,4.019348435966917,2.0096742179834584,97349632,259772416,84013056,85482496,
88,2026-10-09T11:11:27.775149+00:00,88.00145575200031,1282,1791541887.28,principal,0.9954246180000155,0.0,0.0,24018944,32931840,14061568,14786560,
88,2026-10-09T11:11:27.775149+00:00,88.00145575200031,1283,1791541887.37,descendente,0.9953496429998268,0.0,0.0,11145216,19406848,5029888,5385216,
88,2026-10-09T11:11:27.775149+00:00,88.00145575200031,1284,1791541887.37,descendente,0.9953404879997834,2.009362649377519,1.0046813246887596,97349632,259780608,83820544,85195776,
88,2026-10-09T11:11:27.775149+00:00,88.00145575200031,1285,1791541887.37,descendente,0.996183394000127,0.0,0.0,45178880,207343616,31584256,33053696,
89,2026-10-09T11:11:28.777634+00:00,89.00150059299995,1282,1791541887.28,principal,1.0024968879997687,0.0,0.0,24018944,32931840,14061568,14786560,
89,2026-10-09T11:11:28.777634+00:00,89.00150059299995,1283,1791541887.37,descendente,1.002546842999891,0.0,0.0,11145216,19406848,5029888,5385216,
89,2026-10-09T11:11:28.777634+00:00,89.00150059299995,1284,1791541887.37,descendente,1.0025844060000964,0.9974222559371052,0.4987111279685526,45178880,207351808,31395840,32771072,
89,2026-10-09T11:11:28.777634+00:00,89.00150059299995,1285,1791541887.37,descendente,1.0017793709998841,0.9982237895374813,0.4991118947687406,61665280,259772416,48144384,49613824,
90,2026-10-09T11:11:29.774917+00:00,90.00109652300034,1282,1791541887.28,principal,0.997278266000194,0.0,0.0,24018944,32931840,14061568,14786560,
90,2026-10-09T11:11:29.774917+00:00,90.00109652300034,1283,1791541887.37,descendente,0.9973700559999088,0.0,0.0,11145216,19406848,5029888,5385216,
90,2026-10-09T11:11:29.774917+00:00,90.00109652300034,1284,1791541887.37,descendente,0.9973573709999073,0.0,0.0,45178880,207351808,31395840,32771072,
90,2026-10-09T11:11:29.774917+00:00,90.00109652300034,1285,1791541887.37,descendente,0.9972339230002945,2.005547498808317,1.0027737494041584,97349632,259772416,84013056,85482496,
91,2026-10-09T11:11:30.778716+00:00,91.00487332000012,1282,1791541887.28,principal,1.0037973299999976,0.0,0.0,24018944,32931840,14061568,14786560,
91,2026-10-09T11:11:30.778716+00:00,91.00487332000012,1283,1791541887.37,descendente,1.0036577539999598,0.0,0.0,11145216,19406848,5029888,5385216,
91,2026-10-09T11:11:30.778716+00:00,91.00487332000012,1284,1791541887.37,descendente,1.003641110999979,2.9891162957752613,1.4945581478876306,97349632,259780608,83824640,85199872,
91,2026-10-09T11:11:30.778716+00:00,91.00487332000012,1285,1791541887.37,descendente,1.0038932349998504,0.0,0.0,45178880,207343616,31584256,33053696,
92,2026-10-09T11:11:31.782798+00:00,92.00909412400006,1282,1791541887.28,principal,1.0040741279999565,0.0,0.0,24018944,32931840,14061568,14786560,
92,2026-10-09T11:11:31.782798+00:00,92.00909412400006,1283,1791541887.37,descendente,1.0040998090003086,0.0,0.0,11145216,19406848,5029888,5385216,
92,2026-10-09T11:11:31.782798+00:00,92.00909412400006,1284,1791541887.37,descendente,1.0040891859998737,1.9918549346873433,0.9959274673436717,97353728,259780608,83824640,85199872,
92,2026-10-09T11:11:31.782798+00:00,92.00909412400006,1285,1791541887.37,descendente,1.00407416500002,0.0,0.0,45178880,207343616,31584256,33053696,
93,2026-10-09T11:11:32.774626+00:00,93.00093756200022,1282,1791541887.28,principal,0.9918409209999481,0.0,0.0,24018944,32931840,14061568,14786560,
93,2026-10-09T11:11:32.774626+00:00,93.00093756200022,1283,1791541887.37,descendente,0.9918938490000073,0.0,0.0,11145216,19406848,5029888,5385216,
93,2026-10-09T11:11:32.774626+00:00,93.00093756200022,1284,1791541887.37,descendente,0.9919550650001838,0.0,0.0,45182976,207351808,31395840,32771072,
93,2026-10-09T11:11:32.774626+00:00,93.00093756200022,1285,1791541887.37,descendente,0.9917508670000643,2.0166354944057905,1.0083177472028952,97349632,259772416,84013056,85482496,
94,2026-10-09T11:11:33.774893+00:00,94.00106989799997,1282,1791541887.28,principal,1.000257996000073,0.0,0.0,24018944,32931840,14061568,14786560,
94,2026-10-09T11:11:33.774893+00:00,94.00106989799997,1283,1791541887.37,descendente,1.0002479299996594,0.0,0.0,11145216,19406848,5029888,5385216,
94,2026-10-09T11:11:33.774893+00:00,94.00106989799997,1284,1791541887.37,descendente,1.0002070860000458,2.999378870626996,1.499689435313498,97353728,259780608,83824640,85199872,
94,2026-10-09T11:11:33.774893+00:00,94.00106989799997,1285,1791541887.37,descendente,1.0008865290001268,0.9991142562373841,0.4995571281186921,45178880,207343616,31584256,33053696,
95,2026-10-09T11:11:34.774887+00:00,95.00104979200023,1282,1791541887.28,principal,0.9999975740001901,0.0,0.0,24018944,32931840,14061568,14763008,
95,2026-10-09T11:11:34.774887+00:00,95.00104979200023,1283,1791541887.37,descendente,0.999993533000179,0.0,0.0,11145216,19406848,5029888,5380096,
95,2026-10-09T11:11:34.774887+00:00,95.00104979200023,1284,1791541887.37,descendente,0.999986189000083,2.000027622381284,1.000013811190642,45182976,207351808,31395840,32745472,
95,2026-10-09T11:11:34.774887+00:00,95.00104979200023,1285,1791541887.37,descendente,0.9996670929999709,1.0003330178639858,0.5001665089319929,45178880,207343616,31580160,33000448,
96,2026-10-09T11:11:35.781369+00:00,96.002161721,1282,1791541887.28,principal,1.0064922329997898,0.0,0.0,24018944,32931840,14061568,14786560,
96,2026-10-09T11:11:35.781369+00:00,96.002161721,1283,1791541887.37,descendente,1.0064512970002397,0.0,0.0,11145216,19406848,5029888,5385216,
96,2026-10-09T11:11:35.781369+00:00,96.002161721,1284,1791541887.37,descendente,1.006461145999765,0.0,0.0,45182976,207351808,31395840,32771072,
96,2026-10-09T11:11:35.781369+00:00,96.002161721,1285,1791541887.37,descendente,1.0060126029998173,0.0,0.0,45178880,207343616,31584256,33053696,
97,2026-10-09T11:11:36.775449+00:00,97.00147824300029,1282,1791541887.28,principal,0.9940643210002236,0.0,0.0,24018944,32931840,14041088,14710784,
97,2026-10-09T11:11:36.775449+00:00,97.00147824300029,1283,1791541887.37,descendente,0.9943731759999537,0.0,0.0,11145216,19406848,5029888,5362688,
97,2026-10-09T11:11:36.775449+00:00,97.00147824300029,1284,1791541887.37,descendente,0.9943977950001681,0.0,0.0,45182976,207351808,31395840,32699392,
97,2026-10-09T11:11:36.775449+00:00,97.00147824300029,1285,1791541887.37,descendente,0.9944970990000002,0.0,0.0,45178880,207343616,31584256,32953344,
98,2026-10-09T11:11:37.787433+00:00,98.01381076500002,1282,1791541887.28,principal,1.0119860919999155,0.0,0.0,24018944,32931840,14061568,14786560,
98,2026-10-09T11:11:37.787433+00:00,98.01381076500002,1283,1791541887.37,descendente,1.0119942729998002,0.0,0.0,11145216,19406848,5029888,5385216,
98,2026-10-09T11:11:37.787433+00:00,98.01381076500002,1284,1791541887.37,descendente,1.012024836999899,0.0,0.0,45182976,207351808,31395840,32771072,
98,2026-10-09T11:11:37.787433+00:00,98.01381076500002,1285,1791541887.37,descendente,1.0121722389999377,0.0,0.0,45178880,207343616,31584256,33053696,
99,2026-10-09T11:11:38.774216+00:00,99.00068888000033,1282,1791541887.28,principal,0.9867796159996942,0.0,0.0,24018944,32931840,14061568,14786560,
99,2026-10-09T11:11:38.774216+00:00,99.00068888000033,1283,1791541887.37,descendente,0.9864464870001939,0.0,0.0,11145216,19406848,5029888,5385216,
99,2026-10-09T11:11:38.774216+00:00,99.00068888000033,1284,1791541887.37,descendente,0.9863933249998809,0.0,0.0,45182976,207351808,31395840,32771072,
99,2026-10-09T11:11:38.774216+00:00,99.00068888000033,1285,1791541887.37,descendente,0.9861430949999885,0.0,0.0,45178880,207343616,31584256,33053696,
100,2026-10-09T11:11:39.775553+00:00,100.0018550069999,1282,1791541887.28,principal,1.0013523220000025,0.0,0.0,24018944,32931840,14061568,14786560,
100,2026-10-09T11:11:39.775553+00:00,100.0018550069999,1283,1791541887.37,descendente,1.0014291789998424,0.0,0.0,11145216,19406848,5029888,5385216,
100,2026-10-09T11:11:39.775553+00:00,100.0018550069999,1284,1791541887.37,descendente,1.0014515810003104,0.0,0.0,45182976,207351808,31395840,32771072,
100,2026-10-09T11:11:39.775553+00:00,100.0018550069999,1285,1791541887.37,descendente,1.001430640000308,0.0,0.0,45178880,207343616,31584256,33053696,
101,2026-10-09T11:11:40.774696+00:00,101.00085073199989,1282,1791541887.28,principal,0.9991354550002143,0.0,0.0,24018944,32931840,14061568,14786560,
101,2026-10-09T11:11:40.774696+00:00,101.00085073199989,1283,1791541887.37,descendente,0.9991649489998053,0.0,0.0,11145216,19406848,5029888,5385216,
101,2026-10-09T11:11:40.774696+00:00,101.00085073199989,1284,1791541887.37,descendente,0.9991655149997314,1.0008351819470547,0.5004175909735273,45182976,207351808,31395840,32771072,
101,2026-10-09T11:11:40.774696+00:00,101.00085073199989,1285,1791541887.37,descendente,0.9993598829996699,0.0,0.0,45178880,207343616,31584256,33053696,
102,2026-10-09T11:11:41.833087+00:00,102.05900622700028,1282,1791541887.28,principal,1.0583889399999862,0.9448322466408159,0.47241612332040794,24018944,32931840,14061568,14760960,
102,2026-10-09T11:11:41.833087+00:00,102.05900622700028,1283,1791541887.37,descendente,1.05874261200006,0.0,0.0,11145216,19406848,5029888,5383168,
102,2026-10-09T11:11:41.833087+00:00,102.05900622700028,1284,1791541887.37,descendente,1.0591051129999869,0.0,0.0,45182976,207351808,31395840,32735232,
102,2026-10-09T11:11:41.833087+00:00,102.05900622700028,1285,1791541887.37,descendente,1.058868669000276,0.9444041827624592,0.4722020913812296,45178880,207343616,31584256,32989184,
103,2026-10-09T11:11:42.922566+00:00,103.14859264300003,1282,1791541887.28,principal,1.0894786640001257,0.0,0.0,24018944,32931840,14061568,14786560,
103,2026-10-09T11:11:42.922566+00:00,103.14859264300003,1283,1791541887.37,descendente,1.0890084180000486,0.0,0.0,11145216,19406848,5029888,5385216,
103,2026-10-09T11:11:42.922566+00:00,103.14859264300003,1284,1791541887.37,descendente,1.0885906800003795,0.0,0.0,45182976,207351808,31395840,32771072,
103,2026-10-09T11:11:42.922566+00:00,103.14859264300003,1285,1791541887.37,descendente,1.0885941999999886,0.0,0.0,45178880,207343616,31584256,33053696,
104,2026-10-09T11:11:43.801388+00:00,104.02749530400024,1282,1791541887.28,principal,0.8788115279999147,0.0,0.0,24018944,32931840,14061568,14786560,
104,2026-10-09T11:11:43.801388+00:00,104.02749530400024,1283,1791541887.37,descendente,0.8790267130002576,0.0,0.0,11145216,19406848,5029888,5385216,
104,2026-10-09T11:11:43.801388+00:00,104.02749530400024,1284,1791541887.37,descendente,0.8790907089996836,0.0,0.0,45182976,207351808,31395840,32771072,
104,2026-10-09T11:11:43.801388+00:00,104.02749530400024,1285,1791541887.37,descendente,0.8795372790000329,0.0,0.0,45178880,207343616,31584256,33053696,
105,2026-10-09T11:11:44.774483+00:00,105.00080744900015,1282,1791541887.28,principal,0.9730974640001477,0.0,0.0,24018944,32931840,14061568,14786560,
105,2026-10-09T11:11:44.774483+00:00,105.00080744900015,1283,1791541887.37,descendente,0.9728677069997502,0.0,0.0,11145216,19406848,5029888,5385216,
105,2026-10-09T11:11:44.774483+00:00,105.00080744900015,1284,1791541887.37,descendente,0.9728660549999404,0.0,0.0,45182976,207351808,31395840,32771072,
105,2026-10-09T11:11:44.774483+00:00,105.00080744900015,1285,1791541887.37,descendente,0.9725011199998335,0.0,0.0,45178880,207343616,31584256,33053696,
106,2026-10-09T11:11:45.775490+00:00,106.00177026700021,1282,1791541887.28,principal,1.0010093609998876,0.0,0.0,24018944,32931840,14061568,14755840,
106,2026-10-09T11:11:45.775490+00:00,106.00177026700021,1283,1791541887.37,descendente,1.0012494709999373,0.0,0.0,11145216,19406848,5029888,5383168,
106,2026-10-09T11:11:45.775490+00:00,106.00177026700021,1284,1791541887.37,descendente,1.0011983350000264,0.0,0.0,45182976,207351808,31395840,32735232,
106,2026-10-09T11:11:45.775490+00:00,106.00177026700021,1285,1791541887.37,descendente,1.001124807999986,0.0,0.0,45178880,207343616,31584256,32995328,
107,2026-10-09T11:11:46.774333+00:00,107.0007864600002,1282,1791541887.28,principal,0.9988439449998623,0.0,0.0,24018944,32931840,14061568,14786560,
107,2026-10-09T11:11:46.774333+00:00,107.0007864600002,1283,1791541887.37,descendente,0.998609530000067,0.0,0.0,11145216,19406848,5029888,5385216,
107,2026-10-09T11:11:46.774333+00:00,107.0007864600002,1284,1791541887.37,descendente,0.9985996469999918,0.0,0.0,45182976,207351808,31395840,32771072,
107,2026-10-09T11:11:46.774333+00:00,107.0007864600002,1285,1791541887.37,descendente,0.9985842229998525,0.0,0.0,45178880,207343616,31584256,33053696,
108,2026-10-09T11:11:47.779611+00:00,108.0060715630002,1282,1791541887.28,principal,1.0052743239998563,0.0,0.0,24018944,32931840,14061568,14786560,
108,2026-10-09T11:11:47.779611+00:00,108.0060715630002,1283,1791541887.37,descendente,1.005379060999985,0.0,0.0,11145216,19406848,5029888,5385216,
108,2026-10-09T11:11:47.779611+00:00,108.0060715630002,1284,1791541887.37,descendente,1.0053801630001544,0.0,0.0,45182976,207351808,31395840,32771072,
108,2026-10-09T11:11:47.779611+00:00,108.0060715630002,1285,1791541887.37,descendente,1.0053906670000288,0.0,0.0,45178880,207343616,31584256,33053696,
109,2026-10-09T11:11:48.776310+00:00,109.00270483500026,1282,1791541887.28,principal,0.996701583000231,0.0,0.0,24018944,32931840,14061568,14786560,
109,2026-10-09T11:11:48.776310+00:00,109.00270483500026,1283,1791541887.37,descendente,0.9982015030000184,0.0,0.0,11145216,19406848,5029888,5385216,
109,2026-10-09T11:11:48.776310+00:00,109.00270483500026,1284,1791541887.37,descendente,0.9982106659999772,0.0,0.0,45182976,207351808,31395840,32771072,
109,2026-10-09T11:11:48.776310+00:00,109.00270483500026,1285,1791541887.37,descendente,0.9982019070002934,0.0,0.0,45178880,207343616,31584256,33053696,
110,2026-10-09T11:11:49.774632+00:00,110.00103753400026,1282,1791541887.28,principal,0.9983187689999795,0.0,0.0,24018944,32931840,14057472,14763008,
110,2026-10-09T11:11:49.774632+00:00,110.00103753400026,1283,1791541887.37,descendente,0.9967124590002641,0.0,0.0,11145216,19406848,5029888,5383168,
110,2026-10-09T11:11:49.774632+00:00,110.00103753400026,1284,1791541887.37,descendente,0.9967022320001888,1.0033086792564523,0.5016543396282261,45182976,207351808,31395840,32748544,
110,2026-10-09T11:11:49.774632+00:00,110.00103753400026,1285,1791541887.37,descendente,0.99695758200005,0.0,0.0,45178880,207343616,31584256,33007616,
111,2026-10-09T11:11:50.779804+00:00,111.0062423620002,1282,1791541887.28,principal,1.005173847000151,0.0,0.0,24018944,32931840,14061568,14786560,
111,2026-10-09T11:11:50.779804+00:00,111.0062423620002,1283,1791541887.37,descendente,1.005171718999918,0.0,0.0,11145216,19406848,5029888,5385216,
111,2026-10-09T11:11:50.779804+00:00,111.0062423620002,1284,1791541887.37,descendente,1.0051701449997381,0.0,0.0,45182976,207351808,31395840,32771072,
111,2026-10-09T11:11:50.779804+00:00,111.0062423620002,1285,1791541887.37,descendente,1.0049415209996369,0.9950827775582973,0.49754138877914866,45178880,207343616,31584256,33053696,
112,2026-10-09T11:11:51.776703+00:00,112.00293322200014,1282,1791541887.28,principal,0.996898102999694,0.0,0.0,24018944,32931840,14061568,14786560,
112,2026-10-09T11:11:51.776703+00:00,112.00293322200014,1283,1791541887.37,descendente,0.9968987319998632,0.0,0.0,11145216,19406848,5029888,5385216,
112,2026-10-09T11:11:51.776703+00:00,112.00293322200014,1284,1791541887.37,descendente,0.9968979499999477,0.0,0.0,45182976,207351808,31395840,32771072,
112,2026-10-09T11:11:51.776703+00:00,112.00293322200014,1285,1791541887.37,descendente,0.9968633950002186,0.0,0.0,45178880,207343616,31584256,33053696,
113,2026-10-09T11:11:52.781537+00:00,113.00759526799993,1282,1791541887.28,principal,1.0048451940001542,0.0,0.0,24018944,32931840,14061568,14786560,
113,2026-10-09T11:11:52.781537+00:00,113.00759526799993,1283,1791541887.37,descendente,1.0048641940002199,0.0,0.0,11145216,19406848,5029888,5385216,
113,2026-10-09T11:11:52.781537+00:00,113.00759526799993,1284,1791541887.37,descendente,1.0048775200002638,0.0,0.0,45182976,207351808,31395840,32771072,
113,2026-10-09T11:11:52.781537+00:00,113.00759526799993,1285,1791541887.37,descendente,1.0049364030001016,0.0,0.0,45178880,207343616,31584256,33053696,
114,2026-10-09T11:11:53.774794+00:00,114.00097468600006,1282,1791541887.28,principal,0.9932513479998306,0.0,0.0,24018944,32931840,14053376,14758912,
114,2026-10-09T11:11:53.774794+00:00,114.00097468600006,1283,1791541887.37,descendente,0.9932498549997035,0.0,0.0,11145216,19406848,5029888,5382144,
114,2026-10-09T11:11:53.774794+00:00,114.00097468600006,1284,1791541887.37,descendente,0.9932552359996407,0.0,0.0,45182976,207351808,31395840,32748544,
114,2026-10-09T11:11:53.774794+00:00,114.00097468600006,1285,1791541887.37,descendente,0.9932263199998488,0.0,0.0,45178880,207343616,31584256,33007616,
115,2026-10-09T11:11:54.775223+00:00,115.00122920900003,1282,1791541887.28,principal,1.0004888230000688,0.0,0.0,24018944,32931840,14061568,14786560,
115,2026-10-09T11:11:54.775223+00:00,115.00122920900003,1283,1791541887.37,descendente,1.0008492649999425,0.0,0.0,11145216,19406848,5029888,5385216,
115,2026-10-09T11:11:54.775223+00:00,115.00122920900003,1284,1791541887.37,descendente,1.0008849050000208,0.0,0.0,45182976,207351808,31395840,32771072,
115,2026-10-09T11:11:54.775223+00:00,115.00122920900003,1285,1791541887.37,descendente,1.0008725289999347,0.0,0.0,45178880,207343616,31584256,33053696,
116,2026-10-09T11:11:55.774841+00:00,116.00099416500007,1282,1791541887.28,principal,0.9995527109999784,0.0,0.0,24018944,32931840,14061568,14786560,
116,2026-10-09T11:11:55.774841+00:00,116.00099416500007,1283,1791541887.37,descendente,0.9991726309999649,0.0,0.0,11145216,19406848,5029888,5385216,
116,2026-10-09T11:11:55.774841+00:00,116.00099416500007,1284,1791541887.37,descendente,0.9991240060003292,0.0,0.0,45182976,207351808,31395840,32771072,
116,2026-10-09T11:11:55.774841+00:00,116.00099416500007,1285,1791541887.37,descendente,0.9993760239999574,0.0,0.0,45178880,207343616,31584256,33053696,
117,2026-10-09T11:11:56.774798+00:00,117.0011381889999,1282,1791541887.28,principal,0.9999714479999966,1.0000285528152444,0.5000142764076222,24018944,32931840,14061568,14786560,
117,2026-10-09T11:11:56.774798+00:00,117.0011381889999,1283,1791541887.37,descendente,1.000020854000013,0.0,0.0,11145216,19406848,5029888,5385216,
117,2026-10-09T11:11:56.774798+00:00,117.0011381889999,1284,1791541887.37,descendente,1.0000374859996555,0.0,0.0,45182976,207351808,31395840,32771072,
117,2026-10-09T11:11:56.774798+00:00,117.0011381889999,1285,1791541887.37,descendente,0.9998352530001284,0.0,0.0,45178880,207343616,31584256,33053696,
118,2026-10-09T11:11:57.775038+00:00,118.00094983600002,1282,1791541887.28,principal,1.0002283310000166,0.0,0.0,24018944,32931840,14061568,14766080,
118,2026-10-09T11:11:57.775038+00:00,118.00094983600002,1283,1791541887.37,descendente,1.0001872830002867,0.0,0.0,11145216,19406848,5029888,5380096,
118,2026-10-09T11:11:57.775038+00:00,118.00094983600002,1284,1791541887.37,descendente,1.000181146000159,0.0,0.0,45182976,207351808,31395840,32745472,
118,2026-10-09T11:11:57.775038+00:00,118.00094983600002,1285,1791541887.37,descendente,1.0003912709998986,0.0,0.0,45178880,207343616,31584256,33006592,
119,2026-10-09T11:11:58.775735+00:00,119.00218514900007,1282,1791541887.28,principal,1.0006967680001253,0.0,0.0,24018944,32931840,14061568,14786560,
119,2026-10-09T11:11:58.775735+00:00,119.00218514900007,1283,1791541887.37,descendente,1.0006945830000404,0.0,0.0,11145216,19406848,5029888,5385216,
119,2026-10-09T11:11:58.775735+00:00,119.00218514900007,1284,1791541887.37,descendente,1.0006793590000598,0.0,0.0,45182976,207351808,31395840,32771072,
119,2026-10-09T11:11:58.775735+00:00,119.00218514900007,1285,1791541887.37,descendente,1.0006479080002464,0.999352511512792,0.499676255756396,45178880,207343616,31584256,33053696,
120,2026-10-09T11:11:59.775652+00:00,120.00186939700006,1282,1791541887.28,principal,0.9999170959999901,0.0,0.0,24018944,32931840,14061568,14786560,
120,2026-10-09T11:11:59.775652+00:00,120.00186939700006,1283,1791541887.37,descendente,0.9999096259998623,0.0,0.0,11145216,19406848,5029888,5385216,
120,2026-10-09T11:11:59.775652+00:00,120.00186939700006,1284,1791541887.37,descendente,0.9999066870000206,1.0000933217080865,0.5000466608540433,45182976,207351808,31395840,32771072,
120,2026-10-09T11:11:59.775652+00:00,120.00186939700006,1285,1791541887.37,descendente,0.9997167599999557,0.0,0.0,45178880,207343616,31584256,33053696,
121,2026-10-09T11:12:00.776424+00:00,121.00098032400001,1282,1791541887.28,principal,1.0007761759998175,0.0,0.0,24018944,32931840,14061568,14786560,
121,2026-10-09T11:12:00.776424+00:00,121.00098032400001,1283,1791541887.37,descendente,1.0010241619997942,0.0,0.0,11145216,19406848,5029888,5385216,
121,2026-10-09T11:12:00.776424+00:00,121.00098032400001,1284,1791541887.37,descendente,1.0013067820000288,0.0,0.0,45182976,207351808,31395840,32771072,
121,2026-10-09T11:12:00.776424+00:00,121.00098032400001,1285,1791541887.37,descendente,1.001792475000002,0.0,0.0,45178880,207343616,31584256,33053696,
122,2026-10-09T11:12:01.774666+00:00,122.00101220900024,1282,1791541887.28,principal,0.9982398189999913,0.0,0.0,24018944,32931840,14061568,14759936,
122,2026-10-09T11:12:01.774666+00:00,122.00101220900024,1283,1791541887.37,descendente,0.9980134790002921,0.0,0.0,11145216,19406848,5029888,5383168,
122,2026-10-09T11:12:01.774666+00:00,122.00101220900024,1284,1791541887.37,descendente,0.9979405169997335,1.0020637332238256,0.5010318666119128,45182976,207351808,31395840,32733184,
122,2026-10-09T11:12:01.774666+00:00,122.00101220900024,1285,1791541887.37,descendente,0.9977121629999601,0.0,0.0,45178880,207343616,31584256,32987136,
123,2026-10-09T11:12:02.774620+00:00,123.00096071200005,1282,1791541887.28,principal,0.9999498950000998,0.0,0.0,24018944,32931840,14061568,14786560,
123,2026-10-09T11:12:02.774620+00:00,123.00096071200005,1283,1791541887.37,descendente,0.9999191470001279,0.0,0.0,11145216,19406848,5029888,5385216,
123,2026-10-09T11:12:02.774620+00:00,123.00096071200005,1284,1791541887.37,descendente,0.9997030850004194,0.0,0.0,45182976,207351808,31395840,32771072,
123,2026-10-09T11:12:02.774620+00:00,123.00096071200005,1285,1791541887.37,descendente,0.9994762259998424,0.0,0.0,45178880,207343616,31584256,33053696,
124,2026-10-09T11:12:03.775445+00:00,124.00166940300005,1282,1791541887.28,principal,1.0008241730001828,0.0,0.0,24018944,32931840,14061568,14786560,
124,2026-10-09T11:12:03.775445+00:00,124.00166940300005,1283,1791541887.37,descendente,1.001012088999687,0.0,0.0,11145216,19406848,5029888,5385216,
124,2026-10-09T11:12:03.775445+00:00,124.00166940300005,1284,1791541887.37,descendente,1.0010262149999107,0.0,0.0,45182976,207351808,31395840,32771072,
124,2026-10-09T11:12:03.775445+00:00,124.00166940300005,1285,1791541887.37,descendente,1.000941236000017,0.0,0.0,45178880,207343616,31584256,33053696,
125,2026-10-09T11:12:04.774424+00:00,125.00092799200002,1282,1791541887.28,principal,0.9989775310000368,0.0,0.0,24018944,32931840,14061568,14786560,
125,2026-10-09T11:12:04.774424+00:00,125.00092799200002,1283,1791541887.37,descendente,0.9988018610001745,0.0,0.0,11145216,19406848,5029888,5385216,
125,2026-10-09T11:12:04.774424+00:00,125.00092799200002,1284,1791541887.37,descendente,0.9988034999996671,0.0,0.0,45182976,207351808,31395840,32771072,
125,2026-10-09T11:12:04.774424+00:00,125.00092799200002,1285,1791541887.37,descendente,0.9988145699999222,1.0011868369121373,0.5005934184560686,45178880,207343616,31584256,33053696,
126,2026-10-09T11:12:05.774950+00:00,126.0014681749999,1282,1791541887.28,principal,1.000526194000031,0.0,0.0,24018944,32931840,14061568,14770176,
126,2026-10-09T11:12:05.774950+00:00,126.0014681749999,1283,1791541887.37,descendente,1.0005239990000518,0.0,0.0,11145216,19406848,5029888,5384192,
126,2026-10-09T11:12:05.774950+00:00,126.0014681749999,1284,1791541887.37,descendente,1.0005241040003057,0.0,0.0,45182976,207351808,31395840,32747520,
126,2026-10-09T11:12:05.774950+00:00,126.0014681749999,1285,1791541887.37,descendente,1.0012596770002347,0.0,0.0,45178880,207343616,31584256,33011712,
127,2026-10-09T11:12:06.781688+00:00,127.00820715200007,1282,1791541887.28,principal,1.0067382539996288,0.0,0.0,24018944,32931840,14061568,14786560,
127,2026-10-09T11:12:06.781688+00:00,127.00820715200007,1283,1791541887.37,descendente,1.0067972249999002,0.0,0.0,11145216,19406848,5029888,5385216,
127,2026-10-09T11:12:06.781688+00:00,127.00820715200007,1284,1791541887.37,descendente,1.0067965999996886,0.0,0.0,45182976,207351808,31395840,32771072,
127,2026-10-09T11:12:06.781688+00:00,127.00820715200007,1285,1791541887.37,descendente,1.006051216999822,0.0,0.0,45178880,207343616,31584256,33053696,
128,2026-10-09T11:12:07.777547+00:00,128.0040558579999,1282,1791541887.28,principal,0.9958596070000567,0.0,0.0,24018944,32931840,14061568,14786560,
128,2026-10-09T11:12:07.777547+00:00,128.0040558579999,1283,1791541887.37,descendente,0.9958007760001237,0.0,0.0,11145216,19406848,5029888,5385216,
128,2026-10-09T11:12:07.777547+00:00,128.0040558579999,1284,1791541887.37,descendente,0.9957919370003765,0.0,0.0,45182976,207351808,31395840,32771072,
128,2026-10-09T11:12:07.777547+00:00,128.0040558579999,1285,1791541887.37,descendente,0.9957903540002917,0.0,0.0,45178880,207343616,31584256,33053696,
129,2026-10-09T11:12:08.781434+00:00,129.00766441199994,1282,1791541887.28,principal,1.0038882260000719,0.0,0.0,24018944,32931840,14061568,14786560,
129,2026-10-09T11:12:08.781434+00:00,129.00766441199994,1283,1791541887.37,descendente,1.0038892089996807,0.0,0.0,11145216,19406848,5029888,5385216,
129,2026-10-09T11:12:08.781434+00:00,129.00766441199994,1284,1791541887.37,descendente,1.0038930399996389,0.0,0.0,45182976,207351808,31395840,32771072,
129,2026-10-09T11:12:08.781434+00:00,129.00766441199994,1285,1791541887.37,descendente,1.0038963859997239,0.0,0.0,45178880,207343616,31584256,33053696,
130,2026-10-09T11:12:09.774712+00:00,130.00107188600032,1282,1791541887.28,principal,0.9932748440000978,0.0,0.0,24018944,32931840,14041088,14746624,
130,2026-10-09T11:12:09.774712+00:00,130.00107188600032,1283,1791541887.37,descendente,0.993268712000372,0.0,0.0,11145216,19406848,5029888,5382144,
130,2026-10-09T11:12:09.774712+00:00,130.00107188600032,1284,1791541887.37,descendente,0.993263386000308,0.0,0.0,45182976,207351808,31395840,32748544,
130,2026-10-09T11:12:09.774712+00:00,130.00107188600032,1285,1791541887.37,descendente,0.9935044630001357,0.0,0.0,45178880,207343616,31584256,33009664,
131,2026-10-09T11:12:10.774979+00:00,131.00148411200007,1282,1791541887.28,principal,1.000268173999757,0.0,0.0,24018944,32931840,14061568,14786560,
131,2026-10-09T11:12:10.774979+00:00,131.00148411200007,1283,1791541887.37,descendente,1.0002718509999795,0.0,0.0,11145216,19406848,5029888,5385216,
131,2026-10-09T11:12:10.774979+00:00,131.00148411200007,1284,1791541887.37,descendente,1.000281133000044,0.0,0.0,45182976,207351808,31395840,32771072,
131,2026-10-09T11:12:10.774979+00:00,131.00148411200007,1285,1791541887.37,descendente,1.0003233500001443,0.0,0.0,45178880,207343616,31584256,33053696,
132,2026-10-09T11:12:11.777196+00:00,132.00363057699997,1282,1791541887.28,principal,1.0022170180000103,0.0,0.0,24018944,32931840,14061568,14786560,
132,2026-10-09T11:12:11.777196+00:00,132.00363057699997,1283,1791541887.37,descendente,1.0024871249997886,0.0,0.0,11145216,19406848,5029888,5385216,
132,2026-10-09T11:12:11.777196+00:00,132.00363057699997,1284,1791541887.37,descendente,1.002495677999832,0.0,0.0,45182976,207351808,31395840,32771072,
132,2026-10-09T11:12:11.777196+00:00,132.00363057699997,1285,1791541887.37,descendente,1.00221559099964,0.0,0.0,45178880,207343616,31584256,33053696,
133,2026-10-09T11:12:12.774853+00:00,133.00138558900017,1282,1791541887.28,principal,0.997654249000334,0.0,0.0,24018944,32931840,14061568,14786560,
133,2026-10-09T11:12:12.774853+00:00,133.00138558900017,1283,1791541887.37,descendente,0.9973779480001213,0.0,0.0,11145216,19406848,5029888,5385216,
133,2026-10-09T11:12:12.774853+00:00,133.00138558900017,1284,1791541887.37,descendente,0.997363082999982,0.0,0.0,45182976,207351808,31395840,32771072,
133,2026-10-09T11:12:12.774853+00:00,133.00138558900017,1285,1791541887.37,descendente,0.9975512750002054,1.0024547359731186,0.5012273679865593,45178880,207343616,31584256,33053696,
134,2026-10-09T11:12:13.775570+00:00,134.00093772300033,1282,1791541887.28,principal,1.0007396040000458,0.0,0.0,24018944,32931840,14049280,14707712,
134,2026-10-09T11:12:13.775570+00:00,134.00093772300033,1283,1791541887.37,descendente,1.0007903289997557,0.0,0.0,11145216,19406848,5029888,5363712,
134,2026-10-09T11:12:13.775570+00:00,134.00093772300033,1284,1791541887.37,descendente,1.0008137770000758,0.999186884694437,0.4995934423472185,45182976,207351808,31395840,32699392,
134,2026-10-09T11:12:13.775570+00:00,134.00093772300033,1285,1791541887.37,descendente,1.0006466089998867,0.0,0.0,45178880,207343616,31584256,32950272,
135,2026-10-09T11:12:14.788844+00:00,135.01507919100004,1282,1791541887.28,principal,1.013264431999687,0.0,0.0,24018944,32931840,14061568,14786560,
135,2026-10-09T11:12:14.788844+00:00,135.01507919100004,1283,1791541887.37,descendente,1.0132804610002495,0.0,0.0,11145216,19406848,5029888,5385216,
135,2026-10-09T11:12:14.788844+00:00,135.01507919100004,1284,1791541887.37,descendente,1.0133118640001157,0.0,0.0,45182976,207351808,31395840,32771072,
135,2026-10-09T11:12:14.788844+00:00,135.01507919100004,1285,1791541887.37,descendente,1.0133300560000862,0.0,0.0,45178880,207343616,31584256,33053696,
136,2026-10-09T11:12:15.773823+00:00,136.0003214870003,1282,1791541887.28,principal,0.9849673240000811,0.0,0.0,24018944,32931840,14061568,14786560,
136,2026-10-09T11:12:15.773823+00:00,136.0003214870003,1283,1791541887.37,descendente,0.9849023769997984,0.0,0.0,11145216,19406848,5029888,5385216,
136,2026-10-09T11:12:15.773823+00:00,136.0003214870003,1284,1791541887.37,descendente,0.9848428909999711,0.0,0.0,45182976,207351808,31395840,32771072,
136,2026-10-09T11:12:15.773823+00:00,136.0003214870003,1285,1791541887.37,descendente,0.9847885519998272,0.0,0.0,45178880,207343616,31584256,33053696,
137,2026-10-09T11:12:16.790101+00:00,137.01656499,1282,1791541887.28,principal,1.0162764309998238,0.0,0.0,24018944,32931840,14061568,14786560,
137,2026-10-09T11:12:16.790101+00:00,137.01656499,1283,1791541887.37,descendente,1.0163116450003145,0.0,0.0,11145216,19406848,5029888,5385216,
137,2026-10-09T11:12:16.790101+00:00,137.01656499,1284,1791541887.37,descendente,1.0163116139997328,0.0,0.0,45182976,207351808,31395840,32771072,
137,2026-10-09T11:12:16.790101+00:00,137.01656499,1285,1791541887.37,descendente,1.016358364000098,0.0,0.0,45178880,207343616,31584256,33053696,
138,2026-10-09T11:12:17.802543+00:00,138.02903182699993,1282,1791541887.28,principal,1.0124446400000124,0.9877083254645791,0.49385416273228955,24018944,32931840,14061568,14786560,
138,2026-10-09T11:12:17.802543+00:00,138.02903182699993,1283,1791541887.37,descendente,1.0124171849997765,0.0,0.0,11145216,19406848,5029888,5385216,
138,2026-10-09T11:12:17.802543+00:00,138.02903182699993,1284,1791541887.37,descendente,1.0124242040001263,0.0,0.0,45182976,207351808,31395840,32771072,
138,2026-10-09T11:12:17.802543+00:00,138.02903182699993,1285,1791541887.37,descendente,1.012384498999836,0.0,0.0,45178880,207343616,31584256,33053696,
139,2026-10-09T11:12:18.774670+00:00,139.00097901200024,1282,1791541887.28,principal,0.9721321420001914,0.0,0.0,24018944,32931840,14061568,14761984,
139,2026-10-09T11:12:18.774670+00:00,139.00097901200024,1283,1791541887.37,descendente,0.9721317769999587,0.0,0.0,11145216,19406848,5029888,5384192,
139,2026-10-09T11:12:18.774670+00:00,139.00097901200024,1284,1791541887.37,descendente,0.9721328400000857,0.0,0.0,45182976,207351808,31395840,32747520,
139,2026-10-09T11:12:18.774670+00:00,139.00097901200024,1285,1791541887.37,descendente,0.972140416000002,1.0286579834986158,0.5143289917493079,45178880,207343616,31584256,33014784,
140,2026-10-09T11:12:19.775556+00:00,140.00189262599997,1282,1791541887.28,principal,1.0008857799998623,0.0,0.0,24018944,32931840,14061568,14786560,
140,2026-10-09T11:12:19.775556+00:00,140.00189262599997,1283,1791541887.37,descendente,1.0008878839998943,0.0,0.0,11145216,19406848,5029888,5385216,
140,2026-10-09T11:12:19.775556+00:00,140.00189262599997,1284,1791541887.37,descendente,1.0008837069999572,0.9991170732485722,0.4995585366242861,45182976,207351808,31395840,32771072,
140,2026-10-09T11:12:19.775556+00:00,140.00189262599997,1285,1791541887.37,descendente,1.000876210000115,0.0,0.0,45178880,207343616,31584256,33053696,
141,2026-10-09T11:12:20.781241+00:00,141.0072659970001,1282,1791541887.28,principal,1.005685067000286,0.0,0.0,24018944,32931840,14061568,14786560,
141,2026-10-09T11:12:20.781241+00:00,141.0072659970001,1283,1791541887.37,descendente,1.0057097819999399,0.0,0.0,11145216,19406848,5029888,5385216,
141,2026-10-09T11:12:20.781241+00:00,141.0072659970001,1284,1791541887.37,descendente,1.0057260069997938,0.0,0.0,45182976,207351808,31395840,32771072,
141,2026-10-09T11:12:20.781241+00:00,141.0072659970001,1285,1791541887.37,descendente,1.0057382610002605,0.0,0.0,45178880,207343616,31584256,33053696,
142,2026-10-09T11:12:21.775132+00:00,142.00115168899993,1282,1791541887.28,principal,0.9938871589997689,0.0,0.0,24018944,32931840,14061568,14786560,
142,2026-10-09T11:12:21.775132+00:00,142.00115168899993,1283,1791541887.37,descendente,0.9938556750003045,0.0,0.0,11145216,19406848,5029888,5385216,
142,2026-10-09T11:12:21.775132+00:00,142.00115168899993,1284,1791541887.37,descendente,0.9938382390000697,0.0,0.0,45182976,207351808,31395840,32771072,
142,2026-10-09T11:12:21.775132+00:00,142.00115168899993,1285,1791541887.37,descendente,0.9938239240000257,1.0062144569584268,0.5031072284792134,45178880,207343616,31584256,33053696,
143,2026-10-09T11:12:22.775136+00:00,143.00121052900022,1282,1791541887.28,principal,1.0000074640001912,0.0,0.0,24018944,32931840,14057472,14761984,
143,2026-10-09T11:12:22.775136+00:00,143.00121052900022,1283,1791541887.37,descendente,1.0003405769998608,0.0,0.0,11145216,19406848,5029888,5382144,
143,2026-10-09T11:12:22.775136+00:00,143.00121052900022,1284,1791541887.37,descendente,1.0003472980001789,0.0,0.0,45182976,207351808,31395840,32747520,
143,2026-10-09T11:12:22.775136+00:00,143.00121052900022,1285,1791541887.37,descendente,1.000351362999936,0.0,0.0,45178880,207343616,31584256,33006592,
144,2026-10-09T11:12:23.774997+00:00,144.00134056200022,1282,1791541887.28,principal,0.9998598560000573,0.0,0.0,24018944,32931840,14061568,14786560,
144,2026-10-09T11:12:23.774997+00:00,144.00134056200022,1283,1791541887.37,descendente,0.9995297179998488,0.0,0.0,11145216,19406848,5029888,5385216,
144,2026-10-09T11:12:23.774997+00:00,144.00134056200022,1284,1791541887.37,descendente,0.9995294350001132,0.0,0.0,45182976,207351808,31395840,32771072,
144,2026-10-09T11:12:23.774997+00:00,144.00134056200022,1285,1791541887.37,descendente,0.99952814199969,0.0,0.0,45178880,207343616,31584256,33053696,
145,2026-10-09T11:12:24.799541+00:00,145.02596864199995,1282,1791541887.28,principal,1.0245388519997505,0.0,0.0,24018944,32931840,14061568,14786560,
145,2026-10-09T11:12:24.799541+00:00,145.02596864199995,1283,1791541887.37,descendente,1.0245346360002259,0.0,0.0,11145216,19406848,5029888,5385216,
145,2026-10-09T11:12:24.799541+00:00,145.02596864199995,1284,1791541887.37,descendente,1.02452478899977,0.0,0.0,45182976,207351808,31395840,32771072,
145,2026-10-09T11:12:24.799541+00:00,145.02596864199995,1285,1791541887.37,descendente,1.0245201810002982,0.0,0.0,45178880,207343616,31584256,33053696,
146,2026-10-09T11:12:25.774503+00:00,146.0010191680003,1282,1791541887.28,principal,0.9749629060002007,0.0,0.0,24018944,32931840,14061568,14786560,
146,2026-10-09T11:12:25.774503+00:00,146.0010191680003,1283,1791541887.37,descendente,0.9749650369999472,0.0,0.0,11145216,19406848,5029888,5385216,
146,2026-10-09T11:12:25.774503+00:00,146.0010191680003,1284,1791541887.37,descendente,0.9749655380001059,0.0,0.0,45182976,207351808,31395840,32771072,
146,2026-10-09T11:12:25.774503+00:00,146.0010191680003,1285,1791541887.37,descendente,0.9749680390000321,0.0,0.0,45178880,207343616,31584256,33053696,
147,2026-10-09T11:12:26.774808+00:00,147.001040096,1282,1791541887.28,principal,1.0003117249998468,0.0,0.0,24018944,32931840,14061568,14767104,
147,2026-10-09T11:12:26.774808+00:00,147.001040096,1283,1791541887.37,descendente,1.0003130879999844,0.0,0.0,11145216,19406848,5029888,5381120,
147,2026-10-09T11:12:26.774808+00:00,147.001040096,1284,1791541887.37,descendente,1.000318046999837,0.0,0.0,45182976,207351808,31395840,32744448,
147,2026-10-09T11:12:26.774808+00:00,147.001040096,1285,1791541887.37,descendente,1.000326933999986,0.0,0.0,45178880,207343616,31584256,33008640,
148,2026-10-09T11:12:27.774593+00:00,148.00092665400007,1282,1791541887.28,principal,0.9997815520000586,0.0,0.0,24018944,32931840,14061568,14786560,
148,2026-10-09T11:12:27.774593+00:00,148.00092665400007,1283,1791541887.37,descendente,0.9997859899999639,0.0,0.0,11145216,19406848,5029888,5385216,
148,2026-10-09T11:12:27.774593+00:00,148.00092665400007,1284,1791541887.37,descendente,0.9997870770002919,1.0002129683455458,0.5001064841727729,45182976,207351808,31395840,32771072,
148,2026-10-09T11:12:27.774593+00:00,148.00092665400007,1285,1791541887.37,descendente,0.9998394750000443,0.0,0.0,45178880,207343616,31584256,33053696,
149,2026-10-09T11:12:28.904265+00:00,149.13062844900014,1282,1791541887.28,principal,1.1296686509999745,0.0,0.0,24018944,32931840,14061568,14786560,
149,2026-10-09T11:12:28.904265+00:00,149.13062844900014,1283,1791541887.37,descendente,1.1296586190001108,0.0,0.0,11145216,19406848,5029888,5385216,
149,2026-10-09T11:12:28.904265+00:00,149.13062844900014,1284,1791541887.37,descendente,1.1296622499999103,0.0,0.0,45182976,207351808,31395840,32771072,
149,2026-10-09T11:12:28.904265+00:00,149.13062844900014,1285,1791541887.37,descendente,1.1295991319998393,0.0,0.0,45178880,207343616,31584256,33053696,
150,2026-10-09T11:12:29.778592+00:00,150.005054491,1282,1791541887.28,principal,0.8743277970002055,0.0,0.0,24018944,32931840,14061568,14786560,
150,2026-10-09T11:12:29.778592+00:00,150.005054491,1283,1791541887.37,descendente,0.8743321189999733,0.0,0.0,11145216,19406848,5029888,5385216,
150,2026-10-09T11:12:29.778592+00:00,150.005054491,1284,1791541887.37,descendente,0.8743281389997719,0.0,0.0,45182976,207351808,31395840,32771072,
150,2026-10-09T11:12:29.778592+00:00,150.005054491,1285,1791541887.37,descendente,0.8743536900001345,0.0,0.0,45178880,207343616,31584256,33053696,
151,2026-10-09T11:12:30.774750+00:00,151.00100058399994,1282,1791541887.28,principal,0.9962822909997158,0.0,0.0,24018944,32931840,14061568,14786560,
151,2026-10-09T11:12:30.774750+00:00,151.00100058399994,1283,1791541887.37,descendente,0.9963150379999206,0.0,0.0,11145216,19406848,5029888,5385216,
151,2026-10-09T11:12:30.774750+00:00,151.00100058399994,1284,1791541887.37,descendente,0.9963580660000844,0.0,0.0,45182976,207351808,31395840,32771072,
151,2026-10-09T11:12:30.774750+00:00,151.00100058399994,1285,1791541887.37,descendente,0.9964212820000284,0.0,0.0,45178880,207343616,31584256,33053696,
152,2026-10-09T11:12:31.774873+00:00,152.00078867000002,1282,1791541887.28,principal,1.000007970000297,0.0,0.0,24018944,32931840,14061568,14786560,
152,2026-10-09T11:12:31.774873+00:00,152.00078867000002,1283,1791541887.37,descendente,1.0001648289999139,0.0,0.0,11145216,19406848,5029888,5385216,
152,2026-10-09T11:12:31.774873+00:00,152.00078867000002,1284,1791541887.37,descendente,1.000150868000219,0.0,0.0,45182976,207351808,31395840,32771072,
152,2026-10-09T11:12:31.774873+00:00,152.00078867000002,1285,1791541887.37,descendente,1.00025444899984,0.9997456157279624,0.4998728078639812,45178880,207343616,31584256,33053696,
153,2026-10-09T11:12:32.775257+00:00,153.00168218399995,1282,1791541887.28,principal,1.0003791239996644,0.0,0.0,24018944,32931840,14061568,14786560,
153,2026-10-09T11:12:32.775257+00:00,153.00168218399995,1283,1791541887.37,descendente,1.0002081290003844,0.0,0.0,11145216,19406848,5029888,5385216,
153,2026-10-09T11:12:32.775257+00:00,153.00168218399995,1284,1791541887.37,descendente,1.0001857699999164,0.0,0.0,45182976,207351808,31395840,32771072,
153,2026-10-09T11:12:32.775257+00:00,153.00168218399995,1285,1791541887.37,descendente,1.0000166539998645,0.0,0.0,45178880,207343616,31584256,33053696,
154,2026-10-09T11:12:33.866560+00:00,154.09296328900018,1282,1791541887.28,principal,1.09130038100011,0.0,0.0,24018944,32931840,14061568,14786560,
154,2026-10-09T11:12:33.866560+00:00,154.09296328900018,1283,1791541887.37,descendente,1.091281095999875,0.0,0.0,11145216,19406848,5029888,5385216,
154,2026-10-09T11:12:33.866560+00:00,154.09296328900018,1284,1791541887.37,descendente,1.0912738009997156,0.0,0.0,45182976,207351808,31395840,32771072,
154,2026-10-09T11:12:33.866560+00:00,154.09296328900018,1285,1791541887.37,descendente,1.0913836560002892,0.0,0.0,45178880,207343616,31584256,33053696,
155,2026-10-09T11:12:34.775091+00:00,155.00116871299997,1282,1791541887.28,principal,0.9085411109999768,0.0,0.0,24018944,32931840,14061568,14786560,
155,2026-10-09T11:12:34.775091+00:00,155.00116871299997,1283,1791541887.37,descendente,0.9085472030001256,0.0,0.0,11145216,19406848,5029888,5385216,
155,2026-10-09T11:12:34.775091+00:00,155.00116871299997,1284,1791541887.37,descendente,0.9085772920002455,0.0,0.0,45182976,207351808,31395840,32771072,
155,2026-10-09T11:12:34.775091+00:00,155.00116871299997,1285,1791541887.37,descendente,0.9084780979997049,0.0,0.0,45178880,207343616,31584256,33053696,
156,2026-10-09T11:12:35.774787+00:00,156.00115476200017,1282,1791541887.28,principal,0.9996844239999518,0.0,0.0,24018944,32931840,14061568,14771200,
156,2026-10-09T11:12:35.774787+00:00,156.00115476200017,1283,1791541887.37,descendente,0.9996769289996337,0.0,0.0,11145216,19406848,5029888,5384192,
156,2026-10-09T11:12:35.774787+00:00,156.00115476200017,1284,1791541887.37,descendente,0.9996472950001589,1.000352829444529,0.5001764147222645,45182976,207351808,31395840,32749568,
156,2026-10-09T11:12:35.774787+00:00,156.00115476200017,1285,1791541887.37,descendente,0.9996191899999758,0.0,0.0,45178880,207343616,31584256,33017856,
157,2026-10-09T11:12:36.828438+00:00,157.0548839930002,1282,1791541887.28,principal,1.0536501380001937,0.0,0.0,24018944,32931840,14061568,14786560,
157,2026-10-09T11:12:36.828438+00:00,157.0548839930002,1283,1791541887.37,descendente,1.0536497840002994,0.0,0.0,11145216,19406848,5029888,5385216,
157,2026-10-09T11:12:36.828438+00:00,157.0548839930002,1284,1791541887.37,descendente,1.053653211999972,0.0,0.0,45182976,207351808,31395840,32771072,
157,2026-10-09T11:12:36.828438+00:00,157.0548839930002,1285,1791541887.37,descendente,1.053689986000336,0.0,0.0,45178880,207343616,31584256,33053696,
158,2026-10-09T11:12:37.774909+00:00,158.00120843800005,1282,1791541887.28,principal,0.9464736519998951,0.0,0.0,24018944,32931840,14061568,14786560,
158,2026-10-09T11:12:37.774909+00:00,158.00120843800005,1283,1791541887.37,descendente,0.9465258749996792,0.0,0.0,11145216,19406848,5029888,5385216,
158,2026-10-09T11:12:37.774909+00:00,158.00120843800005,1284,1791541887.37,descendente,0.9465358239999659,0.0,0.0,45182976,207351808,31395840,32771072,
158,2026-10-09T11:12:37.774909+00:00,158.00120843800005,1285,1791541887.37,descendente,0.9464988319996337,0.0,0.0,45178880,207343616,31584256,33053696,
159,2026-10-09T11:12:38.774779+00:00,159.00094964200025,1282,1791541887.28,principal,0.9998732539997945,0.0,0.0,24018944,32931840,14061568,14768128,
159,2026-10-09T11:12:38.774779+00:00,159.00094964200025,1283,1791541887.37,descendente,0.9998258310001802,0.0,0.0,11145216,19406848,5029888,5380096,
159,2026-10-09T11:12:38.774779+00:00,159.00094964200025,1284,1791541887.37,descendente,0.9998170359999676,0.0,0.0,45182976,207351808,31395840,32746496,
159,2026-10-09T11:12:38.774779+00:00,159.00094964200025,1285,1791541887.37,descendente,1.000507817000198,0.0,0.0,45178880,207343616,31584256,33013760,
160,2026-10-09T11:12:39.780770+00:00,160.007260803,1282,1791541887.28,principal,1.005990013000428,0.9940456536118469,0.49702282680592347,24018944,32931840,14061568,14786560,
160,2026-10-09T11:12:39.780770+00:00,160.007260803,1283,1791541887.37,descendente,1.0060183979999238,0.0,0.0,11145216,19406848,5029888,5385216,
160,2026-10-09T11:12:39.780770+00:00,160.007260803,1284,1791541887.37,descendente,1.0060360960001162,0.0,0.0,45182976,207351808,31395840,32771072,
160,2026-10-09T11:12:39.780770+00:00,160.007260803,1285,1791541887.37,descendente,1.0054664979998051,0.9945632221354953,0.49728161106774765,45178880,207343616,31584256,33053696,
161,2026-10-09T11:12:40.774615+00:00,161.00091756600023,1282,1791541887.28,principal,0.9938441249996686,0.0,0.0,24018944,32931840,14061568,14786560,
161,2026-10-09T11:12:40.774615+00:00,161.00091756600023,1283,1791541887.37,descendente,0.9938153090001833,0.0,0.0,11145216,19406848,5029888,5385216,
161,2026-10-09T11:12:40.774615+00:00,161.00091756600023,1284,1791541887.37,descendente,0.9937918679997892,0.0,0.0,45182976,207351808,31395840,32771072,
161,2026-10-09T11:12:40.774615+00:00,161.00091756600023,1285,1791541887.37,descendente,0.9936808649999875,0.0,0.0,45178880,207343616,31584256,33053696,
162,2026-10-09T11:12:41.782708+00:00,162.00910220200012,1282,1791541887.28,principal,1.0080962080000972,0.0,0.0,24018944,32931840,14061568,14786560,
162,2026-10-09T11:12:41.782708+00:00,162.00910220200012,1283,1791541887.37,descendente,1.008104651999929,0.0,0.0,11145216,19406848,5029888,5385216,
162,2026-10-09T11:12:41.782708+00:00,162.00910220200012,1284,1791541887.37,descendente,1.0081060839997917,0.0,0.0,45182976,207351808,31395840,32771072,
162,2026-10-09T11:12:41.782708+00:00,162.00910220200012,1285,1791541887.37,descendente,1.0081229930001427,0.0,0.0,45178880,207343616,31584256,33053696,
163,2026-10-09T11:12:42.779247+00:00,163.00523074500006,1282,1791541887.28,principal,0.9965474780001387,0.0,0.0,24018944,32931840,14057472,14716928,
163,2026-10-09T11:12:42.779247+00:00,163.00523074500006,1283,1791541887.37,descendente,0.9966549679998025,0.0,0.0,11145216,19406848,5029888,5365760,
163,2026-10-09T11:12:42.779247+00:00,163.00523074500006,1284,1791541887.37,descendente,0.9967303020002873,0.0,0.0,45182976,207351808,31395840,32697344,
163,2026-10-09T11:12:42.779247+00:00,163.00523074500006,1285,1791541887.37,descendente,0.997098627000014,0.0,0.0,45178880,207343616,31584256,32955392,
164,2026-10-09T11:12:43.781114+00:00,164.00603012300007,1282,1791541887.28,principal,1.0018697059999795,0.0,0.0,24018944,32931840,14061568,14786560,
164,2026-10-09T11:12:43.781114+00:00,164.00603012300007,1283,1791541887.37,descendente,1.0019306799999868,0.0,0.0,11145216,19406848,5029888,5385216,
164,2026-10-09T11:12:43.781114+00:00,164.00603012300007,1284,1791541887.37,descendente,1.0019898179998563,0.9980141335130035,0.49900706675650175,45182976,207351808,31395840,32771072,
164,2026-10-09T11:12:43.781114+00:00,164.00603012300007,1285,1791541887.37,descendente,1.0017603539999982,0.0,0.0,45178880,207343616,31584256,33053696,
165,2026-10-09T11:12:44.779169+00:00,165.00453454800027,1282,1791541887.28,principal,0.9980594179996842,0.0,0.0,24018944,32931840,14061568,14786560,
165,2026-10-09T11:12:44.779169+00:00,165.00453454800027,1283,1791541887.37,descendente,0.9984174600003826,0.0,0.0,11145216,19406848,5029888,5385216,
165,2026-10-09T11:12:44.779169+00:00,165.00453454800027,1284,1791541887.37,descendente,0.9984362029999829,0.0,0.0,45182976,207351808,31395840,32771072,
165,2026-10-09T11:12:44.779169+00:00,165.00453454800027,1285,1791541887.37,descendente,0.9984809500001575,0.0,0.0,45178880,207343616,31584256,33053696,
166,2026-10-09T11:12:45.778303+00:00,166.0041368940001,1282,1791541887.28,principal,0.9991148940002859,0.0,0.0,24018944,32931840,14061568,14786560,
166,2026-10-09T11:12:45.778303+00:00,166.0041368940001,1283,1791541887.37,descendente,0.9985899209996205,0.0,0.0,11145216,19406848,5029888,5385216,
166,2026-10-09T11:12:45.778303+00:00,166.0041368940001,1284,1791541887.37,descendente,0.9984520600000906,0.0,0.0,45182976,207351808,31395840,32771072,
166,2026-10-09T11:12:45.778303+00:00,166.0041368940001,1285,1791541887.37,descendente,0.9987259119998271,1.0012757133712498,0.5006378566856249,45178880,207343616,31584256,33053696,
167,2026-10-09T11:12:46.777976+00:00,167.00438963100032,1282,1791541887.28,principal,0.9996700269998655,0.0,0.0,24018944,32931840,14036992,14704640,
167,2026-10-09T11:12:46.777976+00:00,167.00438963100032,1283,1791541887.37,descendente,0.9996637630001715,0.0,0.0,11145216,19406848,5029888,5366784,
167,2026-10-09T11:12:46.777976+00:00,167.00438963100032,1284,1791541887.37,descendente,0.9996528339997894,0.0,0.0,45182976,207351808,31395840,32702464,
167,2026-10-09T11:12:46.777976+00:00,167.00438963100032,1285,1791541887.37,descendente,0.9991932779998933,0.0,0.0,45178880,207343616,31584256,32948224,
168,2026-10-09T11:12:47.782688+00:00,168.00906049000014,1282,1791541887.28,principal,1.0047177870001178,0.0,0.0,24018944,32931840,14061568,14786560,
168,2026-10-09T11:12:47.782688+00:00,168.00906049000014,1283,1791541887.37,descendente,1.0047259329999179,0.0,0.0,11145216,19406848,5029888,5385216,
168,2026-10-09T11:12:47.782688+00:00,168.00906049000014,1284,1791541887.37,descendente,1.0047300090000135,0.0,0.0,45182976,207351808,31395840,32771072,
168,2026-10-09T11:12:47.782688+00:00,168.00906049000014,1285,1791541887.37,descendente,1.0050043310002366,0.0,0.0,45178880,207343616,31584256,33053696,
169,2026-10-09T11:12:48.776357+00:00,169.00223231100017,1282,1791541887.28,principal,0.9936709160001556,0.0,0.0,24018944,32931840,14061568,14786560,
169,2026-10-09T11:12:48.776357+00:00,169.00223231100017,1283,1791541887.37,descendente,0.9936650600002395,0.0,0.0,11145216,19406848,5029888,5385216,
169,2026-10-09T11:12:48.776357+00:00,169.00223231100017,1284,1791541887.37,descendente,0.9936552610001854,0.0,0.0,45182976,207351808,31395840,32771072,
169,2026-10-09T11:12:48.776357+00:00,169.00223231100017,1285,1791541887.37,descendente,0.9933564240000123,0.0,0.0,45178880,207343616,31584256,33053696,
170,2026-10-09T11:12:49.776315+00:00,170.00267121700017,1282,1791541887.28,principal,0.9999551239998254,0.0,0.0,24018944,32931840,14061568,14786560,
170,2026-10-09T11:12:49.776315+00:00,170.00267121700017,1283,1791541887.37,descendente,0.9999503349999941,0.0,0.0,11145216,19406848,5029888,5385216,
170,2026-10-09T11:12:49.776315+00:00,170.00267121700017,1284,1791541887.37,descendente,0.9999560589999419,0.0,0.0,45182976,207351808,31395840,32771072,
170,2026-10-09T11:12:49.776315+00:00,170.00267121700017,1285,1791541887.37,descendente,1.0003598559997045,0.0,0.0,45178880,207343616,31584256,33053696,
171,2026-10-09T11:12:50.777175+00:00,171.0034623810002,1282,1791541887.28,principal,1.0008602620000602,0.0,0.0,24018944,32931840,14057472,14738432,
171,2026-10-09T11:12:50.777175+00:00,171.0034623810002,1283,1791541887.37,descendente,1.0009129739996752,0.0,0.0,11145216,19406848,5029888,5364736,
171,2026-10-09T11:12:50.777175+00:00,171.0034623810002,1284,1791541887.37,descendente,1.0009326590002274,0.9990682100421305,0.49953410502106527,45182976,207351808,31395840,32716800,
171,2026-10-09T11:12:50.777175+00:00,171.0034623810002,1285,1791541887.37,descendente,1.0005569940003625,0.0,0.0,45178880,207343616,31584256,32969728,
172,2026-10-09T11:12:51.781885+00:00,172.00804641900004,1282,1791541887.28,principal,1.004711554000096,0.0,0.0,24018944,32931840,14061568,14786560,
172,2026-10-09T11:12:51.781885+00:00,172.00804641900004,1283,1791541887.37,descendente,1.004666637000355,0.0,0.0,11145216,19406848,5029888,5385216,
172,2026-10-09T11:12:51.781885+00:00,172.00804641900004,1284,1791541887.37,descendente,1.0046530149998034,0.9953685352750118,0.4976842676375059,45182976,207351808,31395840,32771072,
172,2026-10-09T11:12:51.781885+00:00,172.00804641900004,1285,1791541887.37,descendente,1.0046291059998111,0.0,0.0,45178880,207343616,31584256,33053696,
173,2026-10-09T11:12:52.778919+00:00,173.00531731899991,1282,1791541887.28,principal,0.9970261849998678,0.0,0.0,24018944,32931840,14061568,14786560,
173,2026-10-09T11:12:52.778919+00:00,173.00531731899991,1283,1791541887.37,descendente,0.9970215899998038,0.0,0.0,11145216,19406848,5029888,5385216,
173,2026-10-09T11:12:52.778919+00:00,173.00531731899991,1284,1791541887.37,descendente,0.9970104499998342,0.0,0.0,45182976,207351808,31395840,32771072,
173,2026-10-09T11:12:52.778919+00:00,173.00531731899991,1285,1791541887.37,descendente,0.997005586999876,0.0,0.0,45178880,207343616,31584256,33053696,
174,2026-10-09T11:12:53.774642+00:00,174.00084447900008,1282,1791541887.28,principal,0.9957247039997128,0.0,0.0,24018944,32931840,14061568,14786560,
174,2026-10-09T11:12:53.774642+00:00,174.00084447900008,1283,1791541887.37,descendente,0.995717662000061,0.0,0.0,11145216,19406848,5029888,5385216,
174,2026-10-09T11:12:53.774642+00:00,174.00084447900008,1284,1791541887.37,descendente,0.9957177000001138,0.0,0.0,45182976,207351808,31395840,32771072,
174,2026-10-09T11:12:53.774642+00:00,174.00084447900008,1285,1791541887.37,descendente,0.995712272000219,1.0043061917789116,0.5021530958894558,45178880,207343616,31584256,33053696,
175,2026-10-09T11:12:54.774491+00:00,175.00087739900027,1282,1791541887.28,principal,0.9998486970002887,0.0,0.0,24018944,32931840,14049280,14715904,
175,2026-10-09T11:12:54.774491+00:00,175.00087739900027,1283,1791541887.37,descendente,0.9998484580000877,0.0,0.0,11145216,19406848,5029888,5363712,
175,2026-10-09T11:12:54.774491+00:00,175.00087739900027,1284,1791541887.37,descendente,0.9998490420002781,0.0,0.0,45182976,207351808,31395840,32702464,
175,2026-10-09T11:12:54.774491+00:00,175.00087739900027,1285,1791541887.37,descendente,0.999860635999994,0.0,0.0,45178880,207343616,31584256,32942080,
176,2026-10-09T11:12:55.777986+00:00,176.0042756480002,1282,1791541887.28,principal,1.003497072999835,0.0,0.0,24018944,32931840,14061568,14786560,
176,2026-10-09T11:12:55.777986+00:00,176.0042756480002,1283,1791541887.37,descendente,1.0035021710000365,0.0,0.0,11145216,19406848,5029888,5385216,
176,2026-10-09T11:12:55.777986+00:00,176.0042756480002,1284,1791541887.37,descendente,1.0035021740000047,0.0,0.0,45182976,207351808,31395840,32771072,
176,2026-10-09T11:12:55.777986+00:00,176.0042756480002,1285,1791541887.37,descendente,1.0034928189998027,0.0,0.0,45178880,207343616,31584256,33053696,
177,2026-10-09T11:12:56.777136+00:00,177.00298584700022,1282,1791541887.28,principal,0.9991571999998996,1.0008435109110974,0.5004217554555487,24018944,32931840,14061568,14786560,
177,2026-10-09T11:12:56.777136+00:00,177.00298584700022,1283,1791541887.37,descendente,0.9991786529999445,0.0,0.0,11145216,19406848,5029888,5385216,
177,2026-10-09T11:12:56.777136+00:00,177.00298584700022,1284,1791541887.37,descendente,0.999181149999913,0.0,0.0,45182976,207351808,31395840,32771072,
177,2026-10-09T11:12:56.777136+00:00,177.00298584700022,1285,1791541887.37,descendente,0.9992036730000109,0.0,0.0,45178880,207343616,31584256,33053696,
178,2026-10-09T11:12:57.781887+00:00,178.00786826900003,1282,1791541887.28,principal,1.0047492270000475,0.0,0.0,24018944,32931840,14061568,14786560,
178,2026-10-09T11:12:57.781887+00:00,178.00786826900003,1283,1791541887.37,descendente,1.0047244479997062,0.0,0.0,11145216,19406848,5029888,5385216,
178,2026-10-09T11:12:57.781887+00:00,178.00786826900003,1284,1791541887.37,descendente,1.0047168849996524,0.0,0.0,45182976,207351808,31395840,32771072,
178,2026-10-09T11:12:57.781887+00:00,178.00786826900003,1285,1791541887.37,descendente,1.0047011860001476,0.0,0.0,45178880,207343616,31584256,33053696,
179,2026-10-09T11:12:58.774971+00:00,179.0014485229999,1282,1791541887.28,principal,0.9930791870001485,0.0,0.0,24018944,32931840,14061568,14786560,
179,2026-10-09T11:12:58.774971+00:00,179.0014485229999,1283,1791541887.37,descendente,0.9930980640001508,0.0,0.0,11145216,19406848,5029888,5385216,
179,2026-10-09T11:12:58.774971+00:00,179.0014485229999,1284,1791541887.37,descendente,0.9933144370002083,0.0,0.0,45182976,207351808,31395840,32771072,
179,2026-10-09T11:12:58.774971+00:00,179.0014485229999,1285,1791541887.37,descendente,0.9935824989997855,0.0,0.0,45178880,207343616,31584256,33053696,
180,2026-10-09T11:12:59.801451+00:00,180.02766216600003,1282,1791541887.28,principal,1.0264787810001508,0.0,0.0,24018944,32931840,14061568,14751744,
180,2026-10-09T11:12:59.801451+00:00,180.02766216600003,1283,1791541887.37,descendente,1.0265378310000415,0.0,0.0,11145216,19406848,5029888,5383168,
180,2026-10-09T11:12:59.801451+00:00,180.02766216600003,1284,1791541887.37,descendente,1.0263639250001688,0.0,0.0,45182976,207351808,31395840,32732160,
180,2026-10-09T11:12:59.801451+00:00,180.02766216600003,1285,1791541887.37,descendente,1.0261966590001066,0.0,0.0,45178880,207343616,31584256,32992256,
181,2026-10-09T11:13:00.794949+00:00,181.02124486699995,1282,1791541887.28,principal,0.9935089989999142,0.0,0.0,24018944,32931840,14061568,14786560,
181,2026-10-09T11:13:00.794949+00:00,181.02124486699995,1283,1791541887.37,descendente,0.9934947570000077,0.0,0.0,11145216,19406848,5029888,5385216,
181,2026-10-09T11:13:00.794949+00:00,181.02124486699995,1284,1791541887.37,descendente,0.9934921679996478,0.0,0.0,45182976,207351808,31395840,32771072,
181,2026-10-09T11:13:00.794949+00:00,181.02124486699995,1285,1791541887.37,descendente,0.9938154619999295,0.0,0.0,45178880,207343616,31584256,33053696,
182,2026-10-09T11:13:01.775437+00:00,182.00154324799996,1282,1791541887.28,principal,0.9804887039999812,0.0,0.0,24018944,32931840,14061568,14786560,
182,2026-10-09T11:13:01.775437+00:00,182.00154324799996,1283,1791541887.37,descendente,0.9806082669997522,0.0,0.0,11145216,19406848,5029888,5385216,
182,2026-10-09T11:13:01.775437+00:00,182.00154324799996,1284,1791541887.37,descendente,0.9808822650002185,1.0194903462748977,0.5097451731374488,45182976,207351808,31395840,32771072,
182,2026-10-09T11:13:01.775437+00:00,182.00154324799996,1285,1791541887.37,descendente,0.9806817010003215,0.0,0.0,45178880,207343616,31584256,33053696,
183,2026-10-09T11:13:02.777752+00:00,183.00124933400002,1282,1791541887.28,principal,1.002340471000025,0.0,0.0,24018944,32931840,14061568,14786560,
183,2026-10-09T11:13:02.777752+00:00,183.00124933400002,1283,1791541887.37,descendente,1.0021934290002719,0.0,0.0,11145216,19406848,5029888,5385216,
183,2026-10-09T11:13:02.777752+00:00,183.00124933400002,1284,1791541887.37,descendente,1.0018938739999612,0.0,0.0,45182976,207351808,31395840,32771072,
183,2026-10-09T11:13:02.777752+00:00,183.00124933400002,1285,1791541887.37,descendente,1.0017029870000442,0.9982999082341107,0.49914995411705537,45178880,207343616,31584256,33053696,
184,2026-10-09T11:13:03.797575+00:00,184.02185361400007,1282,1791541887.28,principal,1.0197948129998622,0.0,0.0,24018944,32931840,14061568,14786560,
184,2026-10-09T11:13:03.797575+00:00,184.02185361400007,1283,1791541887.37,descendente,1.01979984899981,0.0,0.0,11145216,19406848,5029888,5385216,
184,2026-10-09T11:13:03.797575+00:00,184.02185361400007,1284,1791541887.37,descendente,1.0199107960002038,0.0,0.0,45182976,207351808,31395840,32769024,
184,2026-10-09T11:13:03.797575+00:00,184.02185361400007,1285,1791541887.37,descendente,1.020311130999744,0.9800931986502358,0.4900465993251179,45178880,207343616,31584256,33049600,
185,2026-10-09T11:13:04.821241+00:00,185.04755353200017,1282,1791541887.28,principal,1.0236626740002066,0.0,0.0,24018944,32931840,14061568,14786560,
185,2026-10-09T11:13:04.821241+00:00,185.04755353200017,1283,1791541887.37,descendente,1.0236391260000346,0.0,0.0,11145216,19406848,5029888,5385216,
185,2026-10-09T11:13:04.821241+00:00,185.04755353200017,1284,1791541887.37,descendente,1.0235257189997355,0.0,0.0,45182976,207351808,31395840,32771072,
185,2026-10-09T11:13:04.821241+00:00,185.04755353200017,1285,1791541887.37,descendente,1.0232134699999733,0.0,0.0,45178880,207343616,31584256,33053696,
186,2026-10-09T11:13:05.774918+00:00,186.00130417300034,1282,1791541887.28,principal,0.9536815289998231,0.0,0.0,24018944,32931840,14061568,14786560,
186,2026-10-09T11:13:05.774918+00:00,186.00130417300034,1283,1791541887.37,descendente,0.9536998210001002,0.0,0.0,11145216,19406848,5029888,5385216,
186,2026-10-09T11:13:05.774918+00:00,186.00130417300034,1284,1791541887.37,descendente,0.9538147769999341,0.0,0.0,45182976,207351808,31395840,32771072,
186,2026-10-09T11:13:05.774918+00:00,186.00130417300034,1285,1791541887.37,descendente,0.9537945719998788,0.0,0.0,45178880,207343616,31584256,33053696,
187,2026-10-09T11:13:06.777169+00:00,187.003488069,1282,1791541887.28,principal,1.0022420059999604,0.0,0.0,24018944,32931840,14057472,14754816,
187,2026-10-09T11:13:06.777169+00:00,187.003488069,1283,1791541887.37,descendente,1.0022058630001993,0.0,0.0,11145216,19406848,5029888,5383168,
187,2026-10-09T11:13:06.777169+00:00,187.003488069,1284,1791541887.37,descendente,1.002080128000216,0.9979241899504587,0.49896209497522936,45182976,207351808,31395840,32731136,
187,2026-10-09T11:13:06.777169+00:00,187.003488069,1285,1791541887.37,descendente,1.0019760630002565,0.0,0.0,45178880,207343616,31584256,32990208,
188,2026-10-09T11:13:07.872382+00:00,188.09862674500027,1282,1791541887.28,principal,1.095212396000079,0.0,0.0,24018944,32931840,14061568,14759936,
188,2026-10-09T11:13:07.872382+00:00,188.09862674500027,1283,1791541887.37,descendente,1.0952192439999635,0.0,0.0,11145216,19406848,5029888,5383168,
188,2026-10-09T11:13:07.872382+00:00,188.09862674500027,1284,1791541887.37,descendente,1.0952200510000694,0.0,0.0,45182976,207351808,31395840,32731136,
188,2026-10-09T11:13:07.872382+00:00,188.09862674500027,1285,1791541887.37,descendente,1.0952304309998908,0.0,0.0,45178880,207343616,31584256,32988160,
189,2026-10-09T11:13:08.946474+00:00,189.17277386900014,1282,1791541887.28,principal,1.0740969950002182,0.0,0.0,24018944,32931840,14061568,14786560,
189,2026-10-09T11:13:08.946474+00:00,189.17277386900014,1283,1791541887.37,descendente,1.0740980059999856,0.0,0.0,11145216,19406848,5029888,5385216,
189,2026-10-09T11:13:08.946474+00:00,189.17277386900014,1284,1791541887.37,descendente,1.0742603369999415,0.0,0.0,45182976,207351808,31395840,32771072,
189,2026-10-09T11:13:08.946474+00:00,189.17277386900014,1285,1791541887.37,descendente,1.0742839310000818,0.0,0.0,45178880,207343616,31584256,33053696,
190,2026-10-09T11:13:09.807963+00:00,190.03422038600002,1282,1791541887.28,principal,0.8614863439997862,0.0,0.0,24018944,32931840,14061568,14786560,
190,2026-10-09T11:13:09.807963+00:00,190.03422038600002,1283,1791541887.37,descendente,0.8615944640000635,0.0,0.0,11145216,19406848,5029888,5385216,
190,2026-10-09T11:13:09.807963+00:00,190.03422038600002,1284,1791541887.37,descendente,0.8615108959997997,0.0,0.0,45182976,207351808,31395840,32771072,
190,2026-10-09T11:13:09.807963+00:00,190.03422038600002,1285,1791541887.37,descendente,0.8615835539999352,0.0,0.0,45178880,207343616,31584256,33053696,
191,2026-10-09T11:13:10.775509+00:00,191.0009077730001,1282,1791541887.28,principal,0.9675405150001097,0.0,0.0,24018944,32931840,14061568,14765056,
191,2026-10-09T11:13:10.775509+00:00,191.0009077730001,1283,1791541887.37,descendente,0.9674236939999901,0.0,0.0,11145216,19406848,5029888,5381120,
191,2026-10-09T11:13:10.775509+00:00,191.0009077730001,1284,1791541887.37,descendente,0.9673474530000021,0.0,0.0,45182976,207351808,31395840,32745472,
191,2026-10-09T11:13:10.775509+00:00,191.0009077730001,1285,1791541887.37,descendente,0.9672523180001917,0.0,0.0,45178880,207343616,31584256,33005568,
192,2026-10-09T11:13:11.787582+00:00,192.01394750400004,1282,1791541887.28,principal,1.0120804139996835,0.0,0.0,24018944,32931840,14061568,14786560,
192,2026-10-09T11:13:11.787582+00:00,192.01394750400004,1283,1791541887.37,descendente,1.0121736689998215,0.0,0.0,11145216,19406848,5029888,5385216,
192,2026-10-09T11:13:11.787582+00:00,192.01394750400004,1284,1791541887.37,descendente,1.0124101860001247,0.0,0.0,45182976,207351808,31395840,32771072,
192,2026-10-09T11:13:11.787582+00:00,192.01394750400004,1285,1791541887.37,descendente,1.013120193999839,0.0,0.0,45178880,207343616,31584256,33053696,
193,2026-10-09T11:13:12.843249+00:00,193.06828933800034,1282,1791541887.28,principal,1.0556685260003178,0.9472670401463686,0.4736335200731843,24018944,32931840,14061568,14786560,
193,2026-10-09T11:13:12.843249+00:00,193.06828933800034,1283,1791541887.37,descendente,1.0555919980001818,0.0,0.0,11145216,19406848,5029888,5385216,
193,2026-10-09T11:13:12.843249+00:00,193.06828933800034,1284,1791541887.37,descendente,1.0553658819999328,0.0,0.0,45182976,207351808,31395840,32771072,
193,2026-10-09T11:13:12.843249+00:00,193.06828933800034,1285,1791541887.37,descendente,1.0547997230000874,0.0,0.0,45178880,207343616,31584256,33053696,
194,2026-10-09T11:13:13.789220+00:00,194.01484230100004,1282,1791541887.28,principal,0.9459734179999941,0.0,0.0,24018944,32931840,14061568,14786560,
194,2026-10-09T11:13:13.789220+00:00,194.01484230100004,1283,1791541887.37,descendente,0.9460869810000077,0.0,0.0,11145216,19406848,5029888,5385216,
194,2026-10-09T11:13:13.789220+00:00,194.01484230100004,1284,1791541887.37,descendente,0.9461003520000304,0.0,0.0,45182976,207351808,31395840,32771072,
194,2026-10-09T11:13:13.789220+00:00,194.01484230100004,1285,1791541887.37,descendente,0.9460174599998936,0.0,0.0,45178880,207343616,31584256,33053696,
195,2026-10-09T11:13:14.775045+00:00,195.00102272599997,1282,1791541887.28,principal,0.9858165509999708,0.0,0.0,24018944,32931840,14061568,14768128,
195,2026-10-09T11:13:14.775045+00:00,195.00102272599997,1283,1791541887.37,descendente,0.9856856699998389,0.0,0.0,11145216,19406848,5029888,5382144,
195,2026-10-09T11:13:14.775045+00:00,195.00102272599997,1284,1791541887.37,descendente,0.9857488739999098,0.0,0.0,45182976,207351808,31395840,32745472,
195,2026-10-09T11:13:14.775045+00:00,195.00102272599997,1285,1791541887.37,descendente,0.9857399379998242,0.0,0.0,45178880,207343616,31584256,33009664,
196,2026-10-09T11:13:15.775227+00:00,196.0013191410003,1282,1791541887.28,principal,1.0002583800001048,0.0,0.0,24018944,32931840,14061568,14786560,
196,2026-10-09T11:13:15.775227+00:00,196.0013191410003,1283,1791541887.37,descendente,1.0002971600001729,0.0,0.0,11145216,19406848,5029888,5385216,
196,2026-10-09T11:13:15.775227+00:00,196.0013191410003,1284,1791541887.37,descendente,1.0002287050001542,0.9997713472938418,0.4998856736469209,45182976,207351808,31395840,32771072,
196,2026-10-09T11:13:15.775227+00:00,196.0013191410003,1285,1791541887.37,descendente,1.0001782120002645,0.9998218197536611,0.49991090987683057,45178880,207343616,31584256,33053696,
197,2026-10-09T11:13:16.775402+00:00,197.00138694399993,1282,1791541887.28,principal,1.0002309899996362,0.0,0.0,24018944,32931840,14061568,14786560,
197,2026-10-09T11:13:16.775402+00:00,197.00138694399993,1283,1791541887.37,descendente,1.0002489459998287,0.0,0.0,11145216,19406848,5029888,5385216,
197,2026-10-09T11:13:16.775402+00:00,197.00138694399993,1284,1791541887.37,descendente,1.0002390159997958,0.0,0.0,45182976,207351808,31395840,32771072,
197,2026-10-09T11:13:16.775402+00:00,197.00138694399993,1285,1791541887.37,descendente,1.0002320759999748,0.0,0.0,45178880,207343616,31584256,33053696,
198,2026-10-09T11:13:17.775288+00:00,198.00142769000013,1282,1791541887.28,principal,0.9997572310003306,0.0,0.0,24018944,32931840,14061568,14786560,
198,2026-10-09T11:13:17.775288+00:00,198.00142769000013,1283,1791541887.37,descendente,0.9997197679999772,0.0,0.0,11145216,19406848,5029888,5385216,
198,2026-10-09T11:13:17.775288+00:00,198.00142769000013,1284,1791541887.37,descendente,0.9997192300002098,0.0,0.0,45182976,207351808,31395840,32771072,
198,2026-10-09T11:13:17.775288+00:00,198.00142769000013,1285,1791541887.37,descendente,0.9997293349997562,0.0,0.0,45178880,207343616,31584256,33053696,
199,2026-10-09T11:13:18.775479+00:00,199.00159522700005,1282,1791541887.28,principal,1.000199782999971,0.0,0.0,24018944,32931840,14061568,14767104,
199,2026-10-09T11:13:18.775479+00:00,199.00159522700005,1283,1791541887.37,descendente,1.0002291279997735,0.0,0.0,11145216,19406848,5029888,5381120,
199,2026-10-09T11:13:18.775479+00:00,199.00159522700005,1284,1791541887.37,descendente,1.0003660769998532,0.0,0.0,45182976,207351808,31395840,32744448,
199,2026-10-09T11:13:18.775479+00:00,199.00159522700005,1285,1791541887.37,descendente,1.0006890160002513,0.9993114584158956,0.4996557292079478,45178880,207343616,31584256,33008640,
