amostra,utc,tempo_relativo_s,dispositivo,intervalo_real_s,leitura_bytes_total,escrita_bytes_total,leituras_total,escritas_total,leitura_bytes_delta,escrita_bytes_delta,leituras_delta,escritas_delta,leitura_bytes_s,escrita_bytes_s,ocupado_ms_delta,erro
1,2026-10-09T15:25:29.472689+00:00,1.001063272000465,loop0,,374784,0,51,0,,,,,,,,
1,2026-10-09T15:25:29.472689+00:00,1.001063272000465,loop1,,2107392,0,217,0,,,,,,,,
1,2026-10-09T15:25:29.472689+00:00,1.001063272000465,loop2,,1106944,0,51,0,,,,,,,,
1,2026-10-09T15:25:29.472689+00:00,1.001063272000465,loop3,,1141760,0,66,0,,,,,,,,
1,2026-10-09T15:25:29.472689+00:00,1.001063272000465,loop4,,354304,0,43,0,,,,,,,,
1,2026-10-09T15:25:29.472689+00:00,1.001063272000465,loop5,,18432,0,12,0,,,,,,,,
1,2026-10-09T15:25:29.472689+00:00,1.001063272000465,loop6,,0,0,0,0,,,,,,,,
1,2026-10-09T15:25:29.472689+00:00,1.001063272000465,loop7,,0,0,0,0,,,,,,,,
1,2026-10-09T15:25:29.472689+00:00,1.001063272000465,sr0,,1536,0,8,0,,,,,,,,
1,2026-10-09T15:25:29.472689+00:00,1.001063272000465,sda,,356335104,10481704960,7903,63379,,,,,,,,
1,2026-10-09T15:25:29.472689+00:00,1.001063272000465,sda1,,319488,0,78,0,,,,,,,,
1,2026-10-09T15:25:29.472689+00:00,1.001063272000465,sda2,,326784000,241418240,6593,38897,,,,,,,,
1,2026-10-09T15:25:29.472689+00:00,1.001063272000465,sda3,,5571584,118784,155,25,,,,,,,,
1,2026-10-09T15:25:29.472689+00:00,1.001063272000465,sda4,,4657152,0,116,0,,,,,,,,
1,2026-10-09T15:25:29.472689+00:00,1.001063272000465,sda5,,16548864,10240167936,826,24457,,,,,,,,
2,2026-10-09T15:25:30.471869+00:00,2.000469504000648,loop0,0.9991797769998811,374784,0,51,0,0,0,0,0,0.0,0.0,0,
2,2026-10-09T15:25:30.471869+00:00,2.000469504000648,loop1,0.9991797769998811,2107392,0,217,0,0,0,0,0,0.0,0.0,0,
2,2026-10-09T15:25:30.471869+00:00,2.000469504000648,loop2,0.9991797769998811,1106944,0,51,0,0,0,0,0,0.0,0.0,0,
2,2026-10-09T15:25:30.471869+00:00,2.000469504000648,loop3,0.9991797769998811,1141760,0,66,0,0,0,0,0,0.0,0.0,0,
2,2026-10-09T15:25:30.471869+00:00,2.000469504000648,loop4,0.9991797769998811,354304,0,43,0,0,0,0,0,0.0,0.0,0,
2,2026-10-09T15:25:30.471869+00:00,2.000469504000648,loop5,0.9991797769998811,18432,0,12,0,0,0,0,0,0.0,0.0,0,
2,2026-10-09T15:25:30.471869+00:00,2.000469504000648,loop6,0.9991797769998811,0,0,0,0,0,0,0,0,0.0,0.0,0,
2,2026-10-09T15:25:30.471869+00:00,2.000469504000648,loop7,0.9991797769998811,0,0,0,0,0,0,0,0,0.0,0.0,0,
2,2026-10-09T15:25:30.471869+00:00,2.000469504000648,sr0,0.9991797769998811,1536,0,8,0,0,0,0,0,0.0,0.0,0,
2,2026-10-09T15:25:30.471869+00:00,2.000469504000648,sda,0.9991797769998811,356335104,10481704960,7903,63379,0,0,0,0,0.0,0.0,0,
2,2026-10-09T15:25:30.471869+00:00,2.000469504000648,sda1,0.9991797769998811,319488,0,78,0,0,0,0,0,0.0,0.0,0,
2,2026-10-09T15:25:30.471869+00:00,2.000469504000648,sda2,0.9991797769998811,326784000,241418240,6593,38897,0,0,0,0,0.0,0.0,0,
2,2026-10-09T15:25:30.471869+00:00,2.000469504000648,sda3,0.9991797769998811,5571584,118784,155,25,0,0,0,0,0.0,0.0,0,
2,2026-10-09T15:25:30.471869+00:00,2.000469504000648,sda4,0.9991797769998811,4657152,0,116,0,0,0,0,0,0.0,0.0,0,
2,2026-10-09T15:25:30.471869+00:00,2.000469504000648,sda5,0.9991797769998811,16548864,10240167936,826,24457,0,0,0,0,0.0,0.0,0,
3,2026-10-09T15:25:31.472548+00:00,3.0007143030006773,loop0,1.000678792999679,374784,0,51,0,0,0,0,0,0.0,0.0,0,
3,2026-10-09T15:25:31.472548+00:00,3.0007143030006773,loop1,1.000678792999679,2107392,0,217,0,0,0,0,0,0.0,0.0,0,
3,2026-10-09T15:25:31.472548+00:00,3.0007143030006773,loop2,1.000678792999679,1106944,0,51,0,0,0,0,0,0.0,0.0,0,
3,2026-10-09T15:25:31.472548+00:00,3.0007143030006773,loop3,1.000678792999679,1141760,0,66,0,0,0,0,0,0.0,0.0,0,
3,2026-10-09T15:25:31.472548+00:00,3.0007143030006773,loop4,1.000678792999679,354304,0,43,0,0,0,0,0,0.0,0.0,0,
3,2026-10-09T15:25:31.472548+00:00,3.0007143030006773,loop5,1.000678792999679,18432,0,12,0,0,0,0,0,0.0,0.0,0,
3,2026-10-09T15:25:31.472548+00:00,3.0007143030006773,loop6,1.000678792999679,0,0,0,0,0,0,0,0,0.0,0.0,0,
3,2026-10-09T15:25:31.472548+00:00,3.0007143030006773,loop7,1.000678792999679,0,0,0,0,0,0,0,0,0.0,0.0,0,
3,2026-10-09T15:25:31.472548+00:00,3.0007143030006773,sr0,1.000678792999679,1536,0,8,0,0,0,0,0,0.0,0.0,0,
3,2026-10-09T15:25:31.472548+00:00,3.0007143030006773,sda,1.000678792999679,356335104,10481704960,7903,63379,0,0,0,0,0.0,0.0,0,
3,2026-10-09T15:25:31.472548+00:00,3.0007143030006773,sda1,1.000678792999679,319488,0,78,0,0,0,0,0,0.0,0.0,0,
3,2026-10-09T15:25:31.472548+00:00,3.0007143030006773,sda2,1.000678792999679,326784000,241418240,6593,38897,0,0,0,0,0.0,0.0,0,
3,2026-10-09T15:25:31.472548+00:00,3.0007143030006773,sda3,1.000678792999679,5571584,118784,155,25,0,0,0,0,0.0,0.0,0,
3,2026-10-09T15:25:31.472548+00:00,3.0007143030006773,sda4,1.000678792999679,4657152,0,116,0,0,0,0,0,0.0,0.0,0,
3,2026-10-09T15:25:31.472548+00:00,3.0007143030006773,sda5,1.000678792999679,16548864,10240167936,826,24457,0,0,0,0,0.0,0.0,0,
4,2026-10-09T15:25:32.473687+00:00,4.001706470000499,loop0,1.0011390870004107,374784,0,51,0,0,0,0,0,0.0,0.0,0,
4,2026-10-09T15:25:32.473687+00:00,4.001706470000499,loop1,1.0011390870004107,2107392,0,217,0,0,0,0,0,0.0,0.0,0,
4,2026-10-09T15:25:32.473687+00:00,4.001706470000499,loop2,1.0011390870004107,1106944,0,51,0,0,0,0,0,0.0,0.0,0,
4,2026-10-09T15:25:32.473687+00:00,4.001706470000499,loop3,1.0011390870004107,1141760,0,66,0,0,0,0,0,0.0,0.0,0,
4,2026-10-09T15:25:32.473687+00:00,4.001706470000499,loop4,1.0011390870004107,354304,0,43,0,0,0,0,0,0.0,0.0,0,
4,2026-10-09T15:25:32.473687+00:00,4.001706470000499,loop5,1.0011390870004107,18432,0,12,0,0,0,0,0,0.0,0.0,0,
4,2026-10-09T15:25:32.473687+00:00,4.001706470000499,loop6,1.0011390870004107,0,0,0,0,0,0,0,0,0.0,0.0,0,
4,2026-10-09T15:25:32.473687+00:00,4.001706470000499,loop7,1.0011390870004107,0,0,0,0,0,0,0,0,0.0,0.0,0,
4,2026-10-09T15:25:32.473687+00:00,4.001706470000499,sr0,1.0011390870004107,1536,0,8,0,0,0,0,0,0.0,0.0,0,
4,2026-10-09T15:25:32.473687+00:00,4.001706470000499,sda,1.0011390870004107,356335104,10532294656,7903,63485,0,50589696,0,106,0.0,50532135.50134742,588,
4,2026-10-09T15:25:32.473687+00:00,4.001706470000499,sda1,1.0011390870004107,319488,0,78,0,0,0,0,0,0.0,0.0,0,
4,2026-10-09T15:25:32.473687+00:00,4.001706470000499,sda2,1.0011390870004107,326784000,241418240,6593,38897,0,0,0,0,0.0,0.0,0,
4,2026-10-09T15:25:32.473687+00:00,4.001706470000499,sda3,1.0011390870004107,5571584,118784,155,25,0,0,0,0,0.0,0.0,0,
4,2026-10-09T15:25:32.473687+00:00,4.001706470000499,sda4,1.0011390870004107,4657152,0,116,0,0,0,0,0,0.0,0.0,0,
4,2026-10-09T15:25:32.473687+00:00,4.001706470000499,sda5,1.0011390870004107,16548864,10290757632,826,24563,0,50589696,0,106,0.0,50532135.50134742,588,
5,2026-10-09T15:25:33.471441+00:00,5.0000971540002865,loop0,0.9977541449998171,374784,0,51,0,0,0,0,0,0.0,0.0,0,
5,2026-10-09T15:25:33.471441+00:00,5.0000971540002865,loop1,0.9977541449998171,2107392,0,217,0,0,0,0,0,0.0,0.0,0,
5,2026-10-09T15:25:33.471441+00:00,5.0000971540002865,loop2,0.9977541449998171,1106944,0,51,0,0,0,0,0,0.0,0.0,0,
5,2026-10-09T15:25:33.471441+00:00,5.0000971540002865,loop3,0.9977541449998171,1141760,0,66,0,0,0,0,0,0.0,0.0,0,
5,2026-10-09T15:25:33.471441+00:00,5.0000971540002865,loop4,0.9977541449998171,354304,0,43,0,0,0,0,0,0.0,0.0,0,
5,2026-10-09T15:25:33.471441+00:00,5.0000971540002865,loop5,0.9977541449998171,18432,0,12,0,0,0,0,0,0.0,0.0,0,
5,2026-10-09T15:25:33.471441+00:00,5.0000971540002865,loop6,0.9977541449998171,0,0,0,0,0,0,0,0,0.0,0.0,0,
5,2026-10-09T15:25:33.471441+00:00,5.0000971540002865,loop7,0.9977541449998171,0,0,0,0,0,0,0,0,0.0,0.0,0,
5,2026-10-09T15:25:33.471441+00:00,5.0000971540002865,sr0,0.9977541449998171,1536,0,8,0,0,0,0,0,0.0,0.0,0,
5,2026-10-09T15:25:33.471441+00:00,5.0000971540002865,sda,0.9977541449998171,356335104,10607063040,7903,63643,0,74768384,0,158,0.0,74936680.91954026,992,
5,2026-10-09T15:25:33.471441+00:00,5.0000971540002865,sda1,0.9977541449998171,319488,0,78,0,0,0,0,0,0.0,0.0,0,
5,2026-10-09T15:25:33.471441+00:00,5.0000971540002865,sda2,0.9977541449998171,326784000,241446912,6593,38899,0,28672,0,2,0.0,28736.538097774835,12,
5,2026-10-09T15:25:33.471441+00:00,5.0000971540002865,sda3,0.9977541449998171,5571584,118784,155,25,0,0,0,0,0.0,0.0,0,
5,2026-10-09T15:25:33.471441+00:00,5.0000971540002865,sda4,0.9977541449998171,4657152,0,116,0,0,0,0,0,0.0,0.0,0,
5,2026-10-09T15:25:33.471441+00:00,5.0000971540002865,sda5,0.9977541449998171,16548864,10365497344,826,24719,0,74739712,0,156,0.0,74907944.38144249,988,
6,2026-10-09T15:25:34.473577+00:00,6.001740057000461,loop0,1.0021358270005294,374784,0,51,0,0,0,0,0,0.0,0.0,0,
6,2026-10-09T15:25:34.473577+00:00,6.001740057000461,loop1,1.0021358270005294,2107392,0,217,0,0,0,0,0,0.0,0.0,0,
6,2026-10-09T15:25:34.473577+00:00,6.001740057000461,loop2,1.0021358270005294,1106944,0,51,0,0,0,0,0,0.0,0.0,0,
6,2026-10-09T15:25:34.473577+00:00,6.001740057000461,loop3,1.0021358270005294,1141760,0,66,0,0,0,0,0,0.0,0.0,0,
6,2026-10-09T15:25:34.473577+00:00,6.001740057000461,loop4,1.0021358270005294,354304,0,43,0,0,0,0,0,0.0,0.0,0,
6,2026-10-09T15:25:34.473577+00:00,6.001740057000461,loop5,1.0021358270005294,18432,0,12,0,0,0,0,0,0.0,0.0,0,
6,2026-10-09T15:25:34.473577+00:00,6.001740057000461,loop6,1.0021358270005294,0,0,0,0,0,0,0,0,0.0,0.0,0,
6,2026-10-09T15:25:34.473577+00:00,6.001740057000461,loop7,1.0021358270005294,0,0,0,0,0,0,0,0,0.0,0.0,0,
6,2026-10-09T15:25:34.473577+00:00,6.001740057000461,sr0,1.0021358270005294,1536,0,8,0,0,0,0,0,0.0,0.0,0,
6,2026-10-09T15:25:34.473577+00:00,6.001740057000461,sda,1.0021358270005294,356335104,10651840512,7903,64012,0,44777472,0,369,0.0,44682038.89488959,856,
6,2026-10-09T15:25:34.473577+00:00,6.001740057000461,sda1,1.0021358270005294,319488,0,78,0,0,0,0,0,0.0,0.0,0,
6,2026-10-09T15:25:34.473577+00:00,6.001740057000461,sda2,1.0021358270005294,326784000,242962432,6593,39172,0,1515520,0,273,0.0,1512290.0101636616,172,
6,2026-10-09T15:25:34.473577+00:00,6.001740057000461,sda3,1.0021358270005294,5571584,118784,155,25,0,0,0,0,0.0,0.0,0,
6,2026-10-09T15:25:34.473577+00:00,6.001740057000461,sda4,1.0021358270005294,4657152,0,116,0,0,0,0,0,0.0,0.0,0,
6,2026-10-09T15:25:34.473577+00:00,6.001740057000461,sda5,1.0021358270005294,16548864,10408759296,826,24815,0,43261952,0,96,0.0,43169748.88472593,916,
7,2026-10-09T15:25:35.471635+00:00,7.000312965000376,loop0,0.9980582379994303,374784,0,51,0,0,0,0,0,0.0,0.0,0,
7,2026-10-09T15:25:35.471635+00:00,7.000312965000376,loop1,0.9980582379994303,2107392,0,217,0,0,0,0,0,0.0,0.0,0,
7,2026-10-09T15:25:35.471635+00:00,7.000312965000376,loop2,0.9980582379994303,1106944,0,51,0,0,0,0,0,0.0,0.0,0,
7,2026-10-09T15:25:35.471635+00:00,7.000312965000376,loop3,0.9980582379994303,1141760,0,66,0,0,0,0,0,0.0,0.0,0,
7,2026-10-09T15:25:35.471635+00:00,7.000312965000376,loop4,0.9980582379994303,354304,0,43,0,0,0,0,0,0.0,0.0,0,
7,2026-10-09T15:25:35.471635+00:00,7.000312965000376,loop5,0.9980582379994303,18432,0,12,0,0,0,0,0,0.0,0.0,0,
7,2026-10-09T15:25:35.471635+00:00,7.000312965000376,loop6,0.9980582379994303,0,0,0,0,0,0,0,0,0.0,0.0,0,
7,2026-10-09T15:25:35.471635+00:00,7.000312965000376,loop7,0.9980582379994303,0,0,0,0,0,0,0,0,0.0,0.0,0,
7,2026-10-09T15:25:35.471635+00:00,7.000312965000376,sr0,0.9980582379994303,1536,0,8,0,0,0,0,0,0.0,0.0,0,
7,2026-10-09T15:25:35.471635+00:00,7.000312965000376,sda,0.9980582379994303,356335104,10725593088,7903,64170,0,73752576,0,158,0.0,73896064.57017401,988,
7,2026-10-09T15:25:35.471635+00:00,7.000312965000376,sda1,0.9980582379994303,319488,0,78,0,0,0,0,0,0.0,0.0,0,
7,2026-10-09T15:25:35.471635+00:00,7.000312965000376,sda2,0.9980582379994303,326784000,242962432,6593,39172,0,0,0,0,0.0,0.0,0,
7,2026-10-09T15:25:35.471635+00:00,7.000312965000376,sda3,0.9980582379994303,5571584,118784,155,25,0,0,0,0,0.0,0.0,0,
7,2026-10-09T15:25:35.471635+00:00,7.000312965000376,sda4,0.9980582379994303,4657152,0,116,0,0,0,0,0,0.0,0.0,0,
7,2026-10-09T15:25:35.471635+00:00,7.000312965000376,sda5,0.9980582379994303,16548864,10482511872,826,24973,0,73752576,0,158,0.0,73896064.57017401,988,
8,2026-10-09T15:25:36.471577+00:00,8.00019079499998,loop0,0.999941898000543,374784,0,51,0,0,0,0,0,0.0,0.0,0,
8,2026-10-09T15:25:36.471577+00:00,8.00019079499998,loop1,0.999941898000543,2107392,0,217,0,0,0,0,0,0.0,0.0,0,
8,2026-10-09T15:25:36.471577+00:00,8.00019079499998,loop2,0.999941898000543,1106944,0,51,0,0,0,0,0,0.0,0.0,0,
8,2026-10-09T15:25:36.471577+00:00,8.00019079499998,loop3,0.999941898000543,1141760,0,66,0,0,0,0,0,0.0,0.0,0,
8,2026-10-09T15:25:36.471577+00:00,8.00019079499998,loop4,0.999941898000543,354304,0,43,0,0,0,0,0,0.0,0.0,0,
8,2026-10-09T15:25:36.471577+00:00,8.00019079499998,loop5,0.999941898000543,18432,0,12,0,0,0,0,0,0.0,0.0,0,
8,2026-10-09T15:25:36.471577+00:00,8.00019079499998,loop6,0.999941898000543,0,0,0,0,0,0,0,0,0.0,0.0,0,
8,2026-10-09T15:25:36.471577+00:00,8.00019079499998,loop7,0.999941898000543,0,0,0,0,0,0,0,0,0.0,0.0,0,
8,2026-10-09T15:25:36.471577+00:00,8.00019079499998,sr0,0.999941898000543,1536,0,8,0,0,0,0,0,0.0,0.0,0,
8,2026-10-09T15:25:36.471577+00:00,8.00019079499998,sda,0.999941898000543,356335104,10788450304,7903,64318,0,62857216,0,148,0.0,62860868.34213828,948,
8,2026-10-09T15:25:36.471577+00:00,8.00019079499998,sda1,0.999941898000543,319488,0,78,0,0,0,0,0,0.0,0.0,0,
8,2026-10-09T15:25:36.471577+00:00,8.00019079499998,sda2,0.999941898000543,326784000,242974720,6593,39175,0,12288,0,3,0.0,12288.71399885409,20,
8,2026-10-09T15:25:36.471577+00:00,8.00019079499998,sda3,0.999941898000543,5571584,118784,155,25,0,0,0,0,0.0,0.0,0,
8,2026-10-09T15:25:36.471577+00:00,8.00019079499998,sda4,0.999941898000543,4657152,0,116,0,0,0,0,0,0.0,0.0,0,
8,2026-10-09T15:25:36.471577+00:00,8.00019079499998,sda5,0.999941898000543,16548864,10545356800,826,25118,0,62844928,0,145,0.0,62848579.62813943,948,
9,2026-10-09T15:25:37.473184+00:00,9.001819648000492,loop0,1.0016074819995993,374784,0,51,0,0,0,0,0,0.0,0.0,0,
9,2026-10-09T15:25:37.473184+00:00,9.001819648000492,loop1,1.0016074819995993,2107392,0,217,0,0,0,0,0,0.0,0.0,0,
9,2026-10-09T15:25:37.473184+00:00,9.001819648000492,loop2,1.0016074819995993,1106944,0,51,0,0,0,0,0,0.0,0.0,0,
9,2026-10-09T15:25:37.473184+00:00,9.001819648000492,loop3,1.0016074819995993,1141760,0,66,0,0,0,0,0,0.0,0.0,0,
9,2026-10-09T15:25:37.473184+00:00,9.001819648000492,loop4,1.0016074819995993,354304,0,43,0,0,0,0,0,0.0,0.0,0,
9,2026-10-09T15:25:37.473184+00:00,9.001819648000492,loop5,1.0016074819995993,18432,0,12,0,0,0,0,0,0.0,0.0,0,
9,2026-10-09T15:25:37.473184+00:00,9.001819648000492,loop6,1.0016074819995993,0,0,0,0,0,0,0,0,0.0,0.0,0,
9,2026-10-09T15:25:37.473184+00:00,9.001819648000492,loop7,1.0016074819995993,0,0,0,0,0,0,0,0,0.0,0.0,0,
9,2026-10-09T15:25:37.473184+00:00,9.001819648000492,sr0,1.0016074819995993,1536,0,8,0,0,0,0,0,0.0,0.0,0,
9,2026-10-09T15:25:37.473184+00:00,9.001819648000492,sda,1.0016074819995993,356335104,10852012032,7903,64452,0,63561728,0,134,0.0,63459717.64618411,916,
9,2026-10-09T15:25:37.473184+00:00,9.001819648000492,sda1,1.0016074819995993,319488,0,78,0,0,0,0,0,0.0,0.0,0,
9,2026-10-09T15:25:37.473184+00:00,9.001819648000492,sda2,1.0016074819995993,326784000,242974720,6593,39175,0,0,0,0,0.0,0.0,0,
9,2026-10-09T15:25:37.473184+00:00,9.001819648000492,sda3,1.0016074819995993,5571584,118784,155,25,0,0,0,0,0.0,0.0,0,
9,2026-10-09T15:25:37.473184+00:00,9.001819648000492,sda4,1.0016074819995993,4657152,0,116,0,0,0,0,0,0.0,0.0,0,
9,2026-10-09T15:25:37.473184+00:00,9.001819648000492,sda5,1.0016074819995993,16548864,10608918528,826,25252,0,63561728,0,134,0.0,63459717.64618411,916,
10,2026-10-09T15:25:38.472631+00:00,10.00129233000007,loop0,0.9994469510002091,374784,0,51,0,0,0,0,0,0.0,0.0,0,
10,2026-10-09T15:25:38.472631+00:00,10.00129233000007,loop1,0.9994469510002091,2107392,0,217,0,0,0,0,0,0.0,0.0,0,
10,2026-10-09T15:25:38.472631+00:00,10.00129233000007,loop2,0.9994469510002091,1106944,0,51,0,0,0,0,0,0.0,0.0,0,
10,2026-10-09T15:25:38.472631+00:00,10.00129233000007,loop3,0.9994469510002091,1141760,0,66,0,0,0,0,0,0.0,0.0,0,
10,2026-10-09T15:25:38.472631+00:00,10.00129233000007,loop4,0.9994469510002091,354304,0,43,0,0,0,0,0,0.0,0.0,0,
10,2026-10-09T15:25:38.472631+00:00,10.00129233000007,loop5,0.9994469510002091,18432,0,12,0,0,0,0,0,0.0,0.0,0,
10,2026-10-09T15:25:38.472631+00:00,10.00129233000007,loop6,0.9994469510002091,0,0,0,0,0,0,0,0,0.0,0.0,0,
10,2026-10-09T15:25:38.472631+00:00,10.00129233000007,loop7,0.9994469510002091,0,0,0,0,0,0,0,0,0.0,0.0,0,
10,2026-10-09T15:25:38.472631+00:00,10.00129233000007,sr0,0.9994469510002091,1536,0,8,0,0,0,0,0,0.0,0.0,0,
10,2026-10-09T15:25:38.472631+00:00,10.00129233000007,sda,0.9994469510002091,356335104,10918363136,7903,64593,0,66351104,0,141,0.0,66387819.71729295,1048,
10,2026-10-09T15:25:38.472631+00:00,10.00129233000007,sda1,0.9994469510002091,319488,0,78,0,0,0,0,0,0.0,0.0,0,
10,2026-10-09T15:25:38.472631+00:00,10.00129233000007,sda2,0.9994469510002091,326784000,243011584,6593,39177,0,36864,0,2,0.0,36884.398879908425,12,
10,2026-10-09T15:25:38.472631+00:00,10.00129233000007,sda3,0.9994469510002091,5571584,118784,155,25,0,0,0,0,0.0,0.0,0,
10,2026-10-09T15:25:38.472631+00:00,10.00129233000007,sda4,0.9994469510002091,4657152,0,116,0,0,0,0,0,0.0,0.0,0,
10,2026-10-09T15:25:38.472631+00:00,10.00129233000007,sda5,0.9994469510002091,16548864,10675232768,826,25391,0,66314240,0,139,0.0,66350935.31841304,1040,
11,2026-10-09T15:25:39.472498+00:00,11.000963636000051,loop0,0.999866555999688,374784,0,51,0,0,0,0,0,0.0,0.0,0,
11,2026-10-09T15:25:39.472498+00:00,11.000963636000051,loop1,0.999866555999688,2107392,0,217,0,0,0,0,0,0.0,0.0,0,
11,2026-10-09T15:25:39.472498+00:00,11.000963636000051,loop2,0.999866555999688,1106944,0,51,0,0,0,0,0,0.0,0.0,0,
11,2026-10-09T15:25:39.472498+00:00,11.000963636000051,loop3,0.999866555999688,1141760,0,66,0,0,0,0,0,0.0,0.0,0,
11,2026-10-09T15:25:39.472498+00:00,11.000963636000051,loop4,0.999866555999688,354304,0,43,0,0,0,0,0,0.0,0.0,0,
11,2026-10-09T15:25:39.472498+00:00,11.000963636000051,loop5,0.999866555999688,18432,0,12,0,0,0,0,0,0.0,0.0,0,
11,2026-10-09T15:25:39.472498+00:00,11.000963636000051,loop6,0.999866555999688,0,0,0,0,0,0,0,0,0.0,0.0,0,
11,2026-10-09T15:25:39.472498+00:00,11.000963636000051,loop7,0.999866555999688,0,0,0,0,0,0,0,0,0.0,0.0,0,
11,2026-10-09T15:25:39.472498+00:00,11.000963636000051,sr0,0.999866555999688,1536,0,8,0,0,0,0,0,0.0,0.0,0,
11,2026-10-09T15:25:39.472498+00:00,11.000963636000051,sda,0.999866555999688,356335104,10968272896,7903,64778,0,49909760,0,185,0.0,49916421.046905756,916,
11,2026-10-09T15:25:39.472498+00:00,11.000963636000051,sda1,0.999866555999688,319488,0,78,0,0,0,0,0,0.0,0.0,0,
11,2026-10-09T15:25:39.472498+00:00,11.000963636000051,sda2,0.999866555999688,326784000,243433472,6593,39259,0,421888,0,82,0.0,421944.305936093,56,
11,2026-10-09T15:25:39.472498+00:00,11.000963636000051,sda3,0.999866555999688,5571584,118784,155,25,0,0,0,0,0.0,0.0,0,
11,2026-10-09T15:25:39.472498+00:00,11.000963636000051,sda4,0.999866555999688,4657152,0,116,0,0,0,0,0,0.0,0.0,0,
11,2026-10-09T15:25:39.472498+00:00,11.000963636000051,sda5,0.999866555999688,16548864,10724720640,826,25494,0,49487872,0,103,0.0,49494476.740969665,904,
12,2026-10-09T15:25:40.471580+00:00,12.000195806000193,loop0,0.9990826650000599,374784,0,51,0,0,0,0,0,0.0,0.0,0,
12,2026-10-09T15:25:40.471580+00:00,12.000195806000193,loop1,0.9990826650000599,2107392,0,217,0,0,0,0,0,0.0,0.0,0,
12,2026-10-09T15:25:40.471580+00:00,12.000195806000193,loop2,0.9990826650000599,1106944,0,51,0,0,0,0,0,0.0,0.0,0,
12,2026-10-09T15:25:40.471580+00:00,12.000195806000193,loop3,0.9990826650000599,1141760,0,66,0,0,0,0,0,0.0,0.0,0,
12,2026-10-09T15:25:40.471580+00:00,12.000195806000193,loop4,0.9990826650000599,354304,0,43,0,0,0,0,0,0.0,0.0,0,
12,2026-10-09T15:25:40.471580+00:00,12.000195806000193,loop5,0.9990826650000599,18432,0,12,0,0,0,0,0,0.0,0.0,0,
12,2026-10-09T15:25:40.471580+00:00,12.000195806000193,loop6,0.9990826650000599,0,0,0,0,0,0,0,0,0.0,0.0,0,
12,2026-10-09T15:25:40.471580+00:00,12.000195806000193,loop7,0.9990826650000599,0,0,0,0,0,0,0,0,0.0,0.0,0,
12,2026-10-09T15:25:40.471580+00:00,12.000195806000193,sr0,0.9990826650000599,1536,0,8,0,0,0,0,0,0.0,0.0,0,
12,2026-10-09T15:25:40.471580+00:00,12.000195806000193,sda,0.9990826650000599,356335104,11031076864,7903,64912,0,62803968,0,134,0.0,62861633.176265985,932,
12,2026-10-09T15:25:40.471580+00:00,12.000195806000193,sda1,0.9990826650000599,319488,0,78,0,0,0,0,0,0.0,0.0,0,
12,2026-10-09T15:25:40.471580+00:00,12.000195806000193,sda2,0.9990826650000599,326784000,243433472,6593,39259,0,0,0,0,0.0,0.0,0,
12,2026-10-09T15:25:40.471580+00:00,12.000195806000193,sda3,0.9990826650000599,5571584,118784,155,25,0,0,0,0,0.0,0.0,0,
12,2026-10-09T15:25:40.471580+00:00,12.000195806000193,sda4,0.9990826650000599,4657152,0,116,0,0,0,0,0,0.0,0.0,0,
12,2026-10-09T15:25:40.471580+00:00,12.000195806000193,sda5,0.9990826650000599,16548864,10787524608,826,25628,0,62803968,0,134,0.0,62861633.176265985,932,
13,2026-10-09T15:25:41.473272+00:00,13.001213051999912,loop0,1.0016916069998842,374784,0,51,0,0,0,0,0,0.0,0.0,0,
13,2026-10-09T15:25:41.473272+00:00,13.001213051999912,loop1,1.0016916069998842,2107392,0,217,0,0,0,0,0,0.0,0.0,0,
13,2026-10-09T15:25:41.473272+00:00,13.001213051999912,loop2,1.0016916069998842,1106944,0,51,0,0,0,0,0,0.0,0.0,0,
13,2026-10-09T15:25:41.473272+00:00,13.001213051999912,loop3,1.0016916069998842,1141760,0,66,0,0,0,0,0,0.0,0.0,0,
13,2026-10-09T15:25:41.473272+00:00,13.001213051999912,loop4,1.0016916069998842,354304,0,43,0,0,0,0,0,0.0,0.0,0,
13,2026-10-09T15:25:41.473272+00:00,13.001213051999912,loop5,1.0016916069998842,18432,0,12,0,0,0,0,0,0.0,0.0,0,
13,2026-10-09T15:25:41.473272+00:00,13.001213051999912,loop6,1.0016916069998842,0,0,0,0,0,0,0,0,0.0,0.0,0,
13,2026-10-09T15:25:41.473272+00:00,13.001213051999912,loop7,1.0016916069998842,0,0,0,0,0,0,0,0,0.0,0.0,0,
13,2026-10-09T15:25:41.473272+00:00,13.001213051999912,sr0,1.0016916069998842,1536,0,8,0,0,0,0,0,0.0,0.0,0,
13,2026-10-09T15:25:41.473272+00:00,13.001213051999912,sda,1.0016916069998842,356335104,11078504448,7903,65020,0,47427584,0,108,0.0,47347490.653383784,936,
13,2026-10-09T15:25:41.473272+00:00,13.001213051999912,sda1,1.0016916069998842,319488,0,78,0,0,0,0,0,0.0,0.0,0,
13,2026-10-09T15:25:41.473272+00:00,13.001213051999912,sda2,1.0016916069998842,326784000,243458048,6593,39265,0,24576,0,6,0.0,24534.497272674904,80,
13,2026-10-09T15:25:41.473272+00:00,13.001213051999912,sda3,1.0016916069998842,5571584,118784,155,25,0,0,0,0,0.0,0.0,0,
13,2026-10-09T15:25:41.473272+00:00,13.001213051999912,sda4,1.0016916069998842,4657152,0,116,0,0,0,0,0,0.0,0.0,0,
13,2026-10-09T15:25:41.473272+00:00,13.001213051999912,sda5,1.0016916069998842,16548864,10834927616,826,25730,0,47403008,0,102,0.0,47322956.15611111,936,
14,2026-10-09T15:25:42.473494+00:00,14.001797474000341,loop0,1.0002222359998996,374784,0,51,0,0,0,0,0,0.0,0.0,0,
14,2026-10-09T15:25:42.473494+00:00,14.001797474000341,loop1,1.0002222359998996,2107392,0,217,0,0,0,0,0,0.0,0.0,0,
14,2026-10-09T15:25:42.473494+00:00,14.001797474000341,loop2,1.0002222359998996,1106944,0,51,0,0,0,0,0,0.0,0.0,0,
14,2026-10-09T15:25:42.473494+00:00,14.001797474000341,loop3,1.0002222359998996,1141760,0,66,0,0,0,0,0,0.0,0.0,0,
14,2026-10-09T15:25:42.473494+00:00,14.001797474000341,loop4,1.0002222359998996,354304,0,43,0,0,0,0,0,0.0,0.0,0,
14,2026-10-09T15:25:42.473494+00:00,14.001797474000341,loop5,1.0002222359998996,18432,0,12,0,0,0,0,0,0.0,0.0,0,
14,2026-10-09T15:25:42.473494+00:00,14.001797474000341,loop6,1.0002222359998996,0,0,0,0,0,0,0,0,0.0,0.0,0,
14,2026-10-09T15:25:42.473494+00:00,14.001797474000341,loop7,1.0002222359998996,0,0,0,0,0,0,0,0,0.0,0.0,0,
14,2026-10-09T15:25:42.473494+00:00,14.001797474000341,sr0,1.0002222359998996,1536,0,8,0,0,0,0,0,0.0,0.0,0,
14,2026-10-09T15:25:42.473494+00:00,14.001797474000341,sda,1.0002222359998996,356335104,11143438336,7903,65156,0,64933888,0,136,0.0,64919460.558769785,960,
14,2026-10-09T15:25:42.473494+00:00,14.001797474000341,sda1,1.0002222359998996,319488,0,78,0,0,0,0,0,0.0,0.0,0,
14,2026-10-09T15:25:42.473494+00:00,14.001797474000341,sda2,1.0002222359998996,326784000,243458048,6593,39265,0,0,0,0,0.0,0.0,0,
14,2026-10-09T15:25:42.473494+00:00,14.001797474000341,sda3,1.0002222359998996,5571584,118784,155,25,0,0,0,0,0.0,0.0,0,
14,2026-10-09T15:25:42.473494+00:00,14.001797474000341,sda4,1.0002222359998996,4657152,0,116,0,0,0,0,0,0.0,0.0,0,
14,2026-10-09T15:25:42.473494+00:00,14.001797474000341,sda5,1.0002222359998996,16548864,10899861504,826,25866,0,64933888,0,136,0.0,64919460.558769785,960,
15,2026-10-09T15:25:43.471531+00:00,15.000147389000631,loop0,0.9980362510004852,374784,0,51,0,0,0,0,0,0.0,0.0,0,
15,2026-10-09T15:25:43.471531+00:00,15.000147389000631,loop1,0.9980362510004852,2107392,0,217,0,0,0,0,0,0.0,0.0,0,
15,2026-10-09T15:25:43.471531+00:00,15.000147389000631,loop2,0.9980362510004852,1106944,0,51,0,0,0,0,0,0.0,0.0,0,
15,2026-10-09T15:25:43.471531+00:00,15.000147389000631,loop3,0.9980362510004852,1141760,0,66,0,0,0,0,0,0.0,0.0,0,
15,2026-10-09T15:25:43.471531+00:00,15.000147389000631,loop4,0.9980362510004852,354304,0,43,0,0,0,0,0,0.0,0.0,0,
15,2026-10-09T15:25:43.471531+00:00,15.000147389000631,loop5,0.9980362510004852,18432,0,12,0,0,0,0,0,0.0,0.0,0,
15,2026-10-09T15:25:43.471531+00:00,15.000147389000631,loop6,0.9980362510004852,0,0,0,0,0,0,0,0,0.0,0.0,0,
15,2026-10-09T15:25:43.471531+00:00,15.000147389000631,loop7,0.9980362510004852,0,0,0,0,0,0,0,0,0.0,0.0,0,
15,2026-10-09T15:25:43.471531+00:00,15.000147389000631,sr0,0.9980362510004852,1536,0,8,0,0,0,0,0,0.0,0.0,0,
15,2026-10-09T15:25:43.471531+00:00,15.000147389000631,sda,0.9980362510004852,356335104,11189440512,7903,65254,0,46002176,0,98,0.0,46092690.47480484,864,
15,2026-10-09T15:25:43.471531+00:00,15.000147389000631,sda1,0.9980362510004852,319488,0,78,0,0,0,0,0,0.0,0.0,0,
15,2026-10-09T15:25:43.471531+00:00,15.000147389000631,sda2,0.9980362510004852,326784000,243478528,6593,39267,0,20480,0,2,0.0,20520.29671213821,8,
15,2026-10-09T15:25:43.471531+00:00,15.000147389000631,sda3,0.9980362510004852,5571584,118784,155,25,0,0,0,0,0.0,0.0,0,
15,2026-10-09T15:25:43.471531+00:00,15.000147389000631,sda4,0.9980362510004852,4657152,0,116,0,0,0,0,0,0.0,0.0,0,
15,2026-10-09T15:25:43.471531+00:00,15.000147389000631,sda5,0.9980362510004852,16548864,10945843200,826,25962,0,45981696,0,96,0.0,46072170.1780927,860,
16,2026-10-09T15:25:44.471902+00:00,16.00054235800053,loop0,1.0003716860001077,374784,0,51,0,0,0,0,0,0.0,0.0,0,
16,2026-10-09T15:25:44.471902+00:00,16.00054235800053,loop1,1.0003716860001077,2107392,0,217,0,0,0,0,0,0.0,0.0,0,
16,2026-10-09T15:25:44.471902+00:00,16.00054235800053,loop2,1.0003716860001077,1106944,0,51,0,0,0,0,0,0.0,0.0,0,
16,2026-10-09T15:25:44.471902+00:00,16.00054235800053,loop3,1.0003716860001077,1141760,0,66,0,0,0,0,0,0.0,0.0,0,
16,2026-10-09T15:25:44.471902+00:00,16.00054235800053,loop4,1.0003716860001077,354304,0,43,0,0,0,0,0,0.0,0.0,0,
16,2026-10-09T15:25:44.471902+00:00,16.00054235800053,loop5,1.0003716860001077,18432,0,12,0,0,0,0,0,0.0,0.0,0,
16,2026-10-09T15:25:44.471902+00:00,16.00054235800053,loop6,1.0003716860001077,0,0,0,0,0,0,0,0,0.0,0.0,0,
16,2026-10-09T15:25:44.471902+00:00,16.00054235800053,loop7,1.0003716860001077,0,0,0,0,0,0,0,0,0.0,0.0,0,
16,2026-10-09T15:25:44.471902+00:00,16.00054235800053,sr0,1.0003716860001077,1536,0,8,0,0,0,0,0,0.0,0.0,0,
16,2026-10-09T15:25:44.471902+00:00,16.00054235800053,sda,1.0003716860001077,356335104,11257491456,7903,65396,0,68050944,0,142,0.0,68025659.81459883,1016,
16,2026-10-09T15:25:44.471902+00:00,16.00054235800053,sda1,1.0003716860001077,319488,0,78,0,0,0,0,0,0.0,0.0,0,
16,2026-10-09T15:25:44.471902+00:00,16.00054235800053,sda2,1.0003716860001077,326784000,243478528,6593,39267,0,0,0,0,0.0,0.0,0,
16,2026-10-09T15:25:44.471902+00:00,16.00054235800053,sda3,1.0003716860001077,5571584,118784,155,25,0,0,0,0,0.0,0.0,0,
16,2026-10-09T15:25:44.471902+00:00,16.00054235800053,sda4,1.0003716860001077,4657152,0,116,0,0,0,0,0,0.0,0.0,0,
16,2026-10-09T15:25:44.471902+00:00,16.00054235800053,sda5,1.0003716860001077,16548864,11013894144,826,26104,0,68050944,0,142,0.0,68025659.81459883,1016,
17,2026-10-09T15:25:45.473244+00:00,17.001838361999944,loop0,1.0013419179995253,374784,0,51,0,0,0,0,0,0.0,0.0,0,
17,2026-10-09T15:25:45.473244+00:00,17.001838361999944,loop1,1.0013419179995253,2107392,0,217,0,0,0,0,0,0.0,0.0,0,
17,2026-10-09T15:25:45.473244+00:00,17.001838361999944,loop2,1.0013419179995253,1106944,0,51,0,0,0,0,0,0.0,0.0,0,
17,2026-10-09T15:25:45.473244+00:00,17.001838361999944,loop3,1.0013419179995253,1141760,0,66,0,0,0,0,0,0.0,0.0,0,
17,2026-10-09T15:25:45.473244+00:00,17.001838361999944,loop4,1.0013419179995253,354304,0,43,0,0,0,0,0,0.0,0.0,0,
17,2026-10-09T15:25:45.473244+00:00,17.001838361999944,loop5,1.0013419179995253,18432,0,12,0,0,0,0,0,0.0,0.0,0,
17,2026-10-09T15:25:45.473244+00:00,17.001838361999944,loop6,1.0013419179995253,0,0,0,0,0,0,0,0,0.0,0.0,0,
17,2026-10-09T15:25:45.473244+00:00,17.001838361999944,loop7,1.0013419179995253,0,0,0,0,0,0,0,0,0.0,0.0,0,
17,2026-10-09T15:25:45.473244+00:00,17.001838361999944,sr0,1.0013419179995253,1536,0,8,0,0,0,0,0,0.0,0.0,0,
17,2026-10-09T15:25:45.473244+00:00,17.001838361999944,sda,1.0013419179995253,356335104,11315773440,7903,65519,0,58281984,0,123,0.0,58203879.166903734,1040,
17,2026-10-09T15:25:45.473244+00:00,17.001838361999944,sda1,1.0013419179995253,319488,0,78,0,0,0,0,0,0.0,0.0,0,
17,2026-10-09T15:25:45.473244+00:00,17.001838361999944,sda2,1.0013419179995253,326784000,243478528,6593,39267,0,0,0,0,0.0,0.0,0,
17,2026-10-09T15:25:45.473244+00:00,17.001838361999944,sda3,1.0013419179995253,5571584,118784,155,25,0,0,0,0,0.0,0.0,0,
17,2026-10-09T15:25:45.473244+00:00,17.001838361999944,sda4,1.0013419179995253,4657152,0,116,0,0,0,0,0,0.0,0.0,0,
17,2026-10-09T15:25:45.473244+00:00,17.001838361999944,sda5,1.0013419179995253,16548864,11072176128,826,26227,0,58281984,0,123,0.0,58203879.166903734,1040,
18,2026-10-09T15:25:46.471530+00:00,18.000175660999957,loop0,0.9982859060000919,374784,0,51,0,0,0,0,0,0.0,0.0,0,
18,2026-10-09T15:25:46.471530+00:00,18.000175660999957,loop1,0.9982859060000919,2107392,0,217,0,0,0,0,0,0.0,0.0,0,
18,2026-10-09T15:25:46.471530+00:00,18.000175660999957,loop2,0.9982859060000919,1106944,0,51,0,0,0,0,0,0.0,0.0,0,
18,2026-10-09T15:25:46.471530+00:00,18.000175660999957,loop3,0.9982859060000919,1141760,0,66,0,0,0,0,0,0.0,0.0,0,
18,2026-10-09T15:25:46.471530+00:00,18.000175660999957,loop4,0.9982859060000919,354304,0,43,0,0,0,0,0,0.0,0.0,0,
18,2026-10-09T15:25:46.471530+00:00,18.000175660999957,loop5,0.9982859060000919,18432,0,12,0,0,0,0,0,0.0,0.0,0,
18,2026-10-09T15:25:46.471530+00:00,18.000175660999957,loop6,0.9982859060000919,0,0,0,0,0,0,0,0,0.0,0.0,0,
18,2026-10-09T15:25:46.471530+00:00,18.000175660999957,loop7,0.9982859060000919,0,0,0,0,0,0,0,0,0.0,0.0,0,
18,2026-10-09T15:25:46.471530+00:00,18.000175660999957,sr0,0.9982859060000919,1536,0,8,0,0,0,0,0,0.0,0.0,0,
18,2026-10-09T15:25:46.471530+00:00,18.000175660999957,sda,0.9982859060000919,356335104,11367014400,7903,65631,0,51240960,0,112,0.0,51328942.63258815,872,
18,2026-10-09T15:25:46.471530+00:00,18.000175660999957,sda1,0.9982859060000919,319488,0,78,0,0,0,0,0,0.0,0.0,0,
18,2026-10-09T15:25:46.471530+00:00,18.000175660999957,sda2,0.9982859060000919,326784000,243486720,6593,39269,0,8192,0,2,0.0,8206.065968439352,68,
18,2026-10-09T15:25:46.471530+00:00,18.000175660999957,sda3,0.9982859060000919,5571584,118784,155,25,0,0,0,0,0.0,0.0,0,
18,2026-10-09T15:25:46.471530+00:00,18.000175660999957,sda4,0.9982859060000919,4657152,0,116,0,0,0,0,0,0.0,0.0,0,
18,2026-10-09T15:25:46.471530+00:00,18.000175660999957,sda5,0.9982859060000919,16548864,11123408896,826,26337,0,51232768,0,110,0.0,51320736.56661971,872,
19,2026-10-09T15:25:47.472625+00:00,19.001265796000553,loop0,1.0010947250002573,374784,0,51,0,0,0,0,0,0.0,0.0,0,
19,2026-10-09T15:25:47.472625+00:00,19.001265796000553,loop1,1.0010947250002573,2107392,0,217,0,0,0,0,0,0.0,0.0,0,
19,2026-10-09T15:25:47.472625+00:00,19.001265796000553,loop2,1.0010947250002573,1106944,0,51,0,0,0,0,0,0.0,0.0,0,
19,2026-10-09T15:25:47.472625+00:00,19.001265796000553,loop3,1.0010947250002573,1141760,0,66,0,0,0,0,0,0.0,0.0,0,
19,2026-10-09T15:25:47.472625+00:00,19.001265796000553,loop4,1.0010947250002573,354304,0,43,0,0,0,0,0,0.0,0.0,0,
19,2026-10-09T15:25:47.472625+00:00,19.001265796000553,loop5,1.0010947250002573,18432,0,12,0,0,0,0,0,0.0,0.0,0,
19,2026-10-09T15:25:47.472625+00:00,19.001265796000553,loop6,1.0010947250002573,0,0,0,0,0,0,0,0,0.0,0.0,0,
19,2026-10-09T15:25:47.472625+00:00,19.001265796000553,loop7,1.0010947250002573,0,0,0,0,0,0,0,0,0.0,0.0,0,
19,2026-10-09T15:25:47.472625+00:00,19.001265796000553,sr0,1.0010947250002573,1536,0,8,0,0,0,0,0,0.0,0.0,0,
19,2026-10-09T15:25:47.472625+00:00,19.001265796000553,sda,1.0010947250002573,356335104,11416178688,7903,65735,0,49164288,0,104,0.0,49110525.47998129,1008,
19,2026-10-09T15:25:47.472625+00:00,19.001265796000553,sda1,1.0010947250002573,319488,0,78,0,0,0,0,0,0.0,0.0,0,
19,2026-10-09T15:25:47.472625+00:00,19.001265796000553,sda2,1.0010947250002573,326784000,243486720,6593,39269,0,0,0,0,0.0,0.0,0,
19,2026-10-09T15:25:47.472625+00:00,19.001265796000553,sda3,1.0010947250002573,5571584,118784,155,25,0,0,0,0,0.0,0.0,0,
19,2026-10-09T15:25:47.472625+00:00,19.001265796000553,sda4,1.0010947250002573,4657152,0,116,0,0,0,0,0,0.0,0.0,0,
19,2026-10-09T15:25:47.472625+00:00,19.001265796000553,sda5,1.0010947250002573,16548864,11172573184,826,26441,0,49164288,0,104,0.0,49110525.47998129,1008,
20,2026-10-09T15:25:48.472541+00:00,20.000784182000643,loop0,0.9999158949995035,374784,0,51,0,0,0,0,0,0.0,0.0,0,
20,2026-10-09T15:25:48.472541+00:00,20.000784182000643,loop1,0.9999158949995035,2107392,0,217,0,0,0,0,0,0.0,0.0,0,
20,2026-10-09T15:25:48.472541+00:00,20.000784182000643,loop2,0.9999158949995035,1106944,0,51,0,0,0,0,0,0.0,0.0,0,
20,2026-10-09T15:25:48.472541+00:00,20.000784182000643,loop3,0.9999158949995035,1141760,0,66,0,0,0,0,0,0.0,0.0,0,
20,2026-10-09T15:25:48.472541+00:00,20.000784182000643,loop4,0.9999158949995035,354304,0,43,0,0,0,0,0,0.0,0.0,0,
20,2026-10-09T15:25:48.472541+00:00,20.000784182000643,loop5,0.9999158949995035,18432,0,12,0,0,0,0,0,0.0,0.0,0,
20,2026-10-09T15:25:48.472541+00:00,20.000784182000643,loop6,0.9999158949995035,0,0,0,0,0,0,0,0,0.0,0.0,0,
20,2026-10-09T15:25:48.472541+00:00,20.000784182000643,loop7,0.9999158949995035,0,0,0,0,0,0,0,0,0.0,0.0,0,
20,2026-10-09T15:25:48.472541+00:00,20.000784182000643,sr0,0.9999158949995035,1536,0,8,0,0,0,0,0,0.0,0.0,0,
20,2026-10-09T15:25:48.472541+00:00,20.000784182000643,sda,0.9999158949995035,356335104,11480403968,7903,65871,0,64225280,0,136,0.0,64230682.12155172,984,
20,2026-10-09T15:25:48.472541+00:00,20.000784182000643,sda1,0.9999158949995035,319488,0,78,0,0,0,0,0,0.0,0.0,0,
20,2026-10-09T15:25:48.472541+00:00,20.000784182000643,sda2,0.9999158949995035,326784000,243499008,6593,39271,0,12288,0,2,0.0,12289.033569174437,12,
20,2026-10-09T15:25:48.472541+00:00,20.000784182000643,sda3,0.9999158949995035,5571584,118784,155,25,0,0,0,0,0.0,0.0,0,
20,2026-10-09T15:25:48.472541+00:00,20.000784182000643,sda4,0.9999158949995035,4657152,0,116,0,0,0,0,0,0.0,0.0,0,
20,2026-10-09T15:25:48.472541+00:00,20.000784182000643,sda5,0.9999158949995035,16548864,11236786176,826,26575,0,64212992,0,134,0.0,64218393.08798255,976,
21,2026-10-09T15:25:49.472391+00:00,21.001051570000527,loop0,0.9998508150001726,374784,0,51,0,0,0,0,0,0.0,0.0,0,
21,2026-10-09T15:25:49.472391+00:00,21.001051570000527,loop1,0.9998508150001726,2107392,0,217,0,0,0,0,0,0.0,0.0,0,
21,2026-10-09T15:25:49.472391+00:00,21.001051570000527,loop2,0.9998508150001726,1106944,0,51,0,0,0,0,0,0.0,0.0,0,
21,2026-10-09T15:25:49.472391+00:00,21.001051570000527,loop3,0.9998508150001726,1141760,0,66,0,0,0,0,0,0.0,0.0,0,
21,2026-10-09T15:25:49.472391+00:00,21.001051570000527,loop4,0.9998508150001726,354304,0,43,0,0,0,0,0,0.0,0.0,0,
21,2026-10-09T15:25:49.472391+00:00,21.001051570000527,loop5,0.9998508150001726,18432,0,12,0,0,0,0,0,0.0,0.0,0,
21,2026-10-09T15:25:49.472391+00:00,21.001051570000527,loop6,0.9998508150001726,0,0,0,0,0,0,0,0,0.0,0.0,0,
21,2026-10-09T15:25:49.472391+00:00,21.001051570000527,loop7,0.9998508150001726,0,0,0,0,0,0,0,0,0.0,0.0,0,
21,2026-10-09T15:25:49.472391+00:00,21.001051570000527,sr0,0.9998508150001726,1536,0,8,0,0,0,0,0,0.0,0.0,0,
21,2026-10-09T15:25:49.472391+00:00,21.001051570000527,sda,0.9998508150001726,356335104,11536912384,7903,65989,0,56508416,0,118,0.0,56516847.46587944,960,
21,2026-10-09T15:25:49.472391+00:00,21.001051570000527,sda1,0.9998508150001726,319488,0,78,0,0,0,0,0,0.0,0.0,0,
21,2026-10-09T15:25:49.472391+00:00,21.001051570000527,sda2,0.9998508150001726,326784000,243499008,6593,39271,0,0,0,0,0.0,0.0,0,
21,2026-10-09T15:25:49.472391+00:00,21.001051570000527,sda3,0.9998508150001726,5571584,118784,155,25,0,0,0,0,0.0,0.0,0,
21,2026-10-09T15:25:49.472391+00:00,21.001051570000527,sda4,0.9998508150001726,4657152,0,116,0,0,0,0,0,0.0,0.0,0,
21,2026-10-09T15:25:49.472391+00:00,21.001051570000527,sda5,0.9998508150001726,16548864,11293294592,826,26693,0,56508416,0,118,0.0,56516847.46587944,960,
22,2026-10-09T15:25:50.471451+00:00,22.000112360999992,loop0,0.9990591550003955,374784,0,51,0,0,0,0,0,0.0,0.0,0,
22,2026-10-09T15:25:50.471451+00:00,22.000112360999992,loop1,0.9990591550003955,2107392,0,217,0,0,0,0,0,0.0,0.0,0,
22,2026-10-09T15:25:50.471451+00:00,22.000112360999992,loop2,0.9990591550003955,1106944,0,51,0,0,0,0,0,0.0,0.0,0,
22,2026-10-09T15:25:50.471451+00:00,22.000112360999992,loop3,0.9990591550003955,1141760,0,66,0,0,0,0,0,0.0,0.0,0,
22,2026-10-09T15:25:50.471451+00:00,22.000112360999992,loop4,0.9990591550003955,354304,0,43,0,0,0,0,0,0.0,0.0,0,
22,2026-10-09T15:25:50.471451+00:00,22.000112360999992,loop5,0.9990591550003955,18432,0,12,0,0,0,0,0,0.0,0.0,0,
22,2026-10-09T15:25:50.471451+00:00,22.000112360999992,loop6,0.9990591550003955,0,0,0,0,0,0,0,0,0.0,0.0,0,
22,2026-10-09T15:25:50.471451+00:00,22.000112360999992,loop7,0.9990591550003955,0,0,0,0,0,0,0,0,0.0,0.0,0,
22,2026-10-09T15:25:50.471451+00:00,22.000112360999992,sr0,0.9990591550003955,1536,0,8,0,0,0,0,0,0.0,0.0,0,
22,2026-10-09T15:25:50.471451+00:00,22.000112360999992,sda,0.9990591550003955,356335104,11598663680,7903,66118,0,61751296,0,129,0.0,61809449.11112451,992,
22,2026-10-09T15:25:50.471451+00:00,22.000112360999992,sda1,0.9990591550003955,319488,0,78,0,0,0,0,0,0.0,0.0,0,
22,2026-10-09T15:25:50.471451+00:00,22.000112360999992,sda2,0.9990591550003955,326784000,243499008,6593,39271,0,0,0,0,0.0,0.0,0,
22,2026-10-09T15:25:50.471451+00:00,22.000112360999992,sda3,0.9990591550003955,5571584,118784,155,25,0,0,0,0,0.0,0.0,0,
22,2026-10-09T15:25:50.471451+00:00,22.000112360999992,sda4,0.9990591550003955,4657152,0,116,0,0,0,0,0,0.0,0.0,0,
22,2026-10-09T15:25:50.471451+00:00,22.000112360999992,sda5,0.9990591550003955,16548864,11355045888,826,26822,0,61751296,0,129,0.0,61809449.11112451,992,
23,2026-10-09T15:25:51.471798+00:00,23.000495961000524,loop0,1.000346916000126,374784,0,51,0,0,0,0,0,0.0,0.0,0,
23,2026-10-09T15:25:51.471798+00:00,23.000495961000524,loop1,1.000346916000126,2107392,0,217,0,0,0,0,0,0.0,0.0,0,
23,2026-10-09T15:25:51.471798+00:00,23.000495961000524,loop2,1.000346916000126,1106944,0,51,0,0,0,0,0,0.0,0.0,0,
23,2026-10-09T15:25:51.471798+00:00,23.000495961000524,loop3,1.000346916000126,1141760,0,66,0,0,0,0,0,0.0,0.0,0,
23,2026-10-09T15:25:51.471798+00:00,23.000495961000524,loop4,1.000346916000126,354304,0,43,0,0,0,0,0,0.0,0.0,0,
23,2026-10-09T15:25:51.471798+00:00,23.000495961000524,loop5,1.000346916000126,18432,0,12,0,0,0,0,0,0.0,0.0,0,
23,2026-10-09T15:25:51.471798+00:00,23.000495961000524,loop6,1.000346916000126,0,0,0,0,0,0,0,0,0.0,0.0,0,
23,2026-10-09T15:25:51.471798+00:00,23.000495961000524,loop7,1.000346916000126,0,0,0,0,0,0,0,0,0.0,0.0,0,
23,2026-10-09T15:25:51.471798+00:00,23.000495961000524,sr0,1.000346916000126,1536,0,8,0,0,0,0,0,0.0,0.0,0,
23,2026-10-09T15:25:51.471798+00:00,23.000495961000524,sda,1.000346916000126,356335104,11652722688,7903,66233,0,54059008,0,115,0.0,54040260.56895766,944,
23,2026-10-09T15:25:51.471798+00:00,23.000495961000524,sda1,1.000346916000126,319488,0,78,0,0,0,0,0,0.0,0.0,0,
23,2026-10-09T15:25:51.471798+00:00,23.000495961000524,sda2,1.000346916000126,326784000,243499008,6593,39271,0,0,0,0,0.0,0.0,0,
23,2026-10-09T15:25:51.471798+00:00,23.000495961000524,sda3,1.000346916000126,5571584,118784,155,25,0,0,0,0,0.0,0.0,0,
23,2026-10-09T15:25:51.471798+00:00,23.000495961000524,sda4,1.000346916000126,4657152,0,116,0,0,0,0,0,0.0,0.0,0,
23,2026-10-09T15:25:51.471798+00:00,23.000495961000524,sda5,1.000346916000126,16548864,11409104896,826,26937,0,54059008,0,115,0.0,54040260.56895766,944,
24,2026-10-09T15:25:52.472957+00:00,24.001311798000643,loop0,1.001159820999419,374784,0,51,0,0,0,0,0,0.0,0.0,0,
24,2026-10-09T15:25:52.472957+00:00,24.001311798000643,loop1,1.001159820999419,2107392,0,217,0,0,0,0,0,0.0,0.0,0,
24,2026-10-09T15:25:52.472957+00:00,24.001311798000643,loop2,1.001159820999419,1106944,0,51,0,0,0,0,0,0.0,0.0,0,
24,2026-10-09T15:25:52.472957+00:00,24.001311798000643,loop3,1.001159820999419,1141760,0,66,0,0,0,0,0,0.0,0.0,0,
24,2026-10-09T15:25:52.472957+00:00,24.001311798000643,loop4,1.001159820999419,354304,0,43,0,0,0,0,0,0.0,0.0,0,
24,2026-10-09T15:25:52.472957+00:00,24.001311798000643,loop5,1.001159820999419,18432,0,12,0,0,0,0,0,0.0,0.0,0,
24,2026-10-09T15:25:52.472957+00:00,24.001311798000643,loop6,1.001159820999419,0,0,0,0,0,0,0,0,0.0,0.0,0,
24,2026-10-09T15:25:52.472957+00:00,24.001311798000643,loop7,1.001159820999419,0,0,0,0,0,0,0,0,0.0,0.0,0,
24,2026-10-09T15:25:52.472957+00:00,24.001311798000643,sr0,1.001159820999419,1536,0,8,0,0,0,0,0,0.0,0.0,0,
24,2026-10-09T15:25:52.472957+00:00,24.001311798000643,sda,1.001159820999419,356335104,11712782336,7903,66363,0,60059648,0,130,0.0,59990070.256759584,824,
24,2026-10-09T15:25:52.472957+00:00,24.001311798000643,sda1,1.001159820999419,319488,0,78,0,0,0,0,0,0.0,0.0,0,
24,2026-10-09T15:25:52.472957+00:00,24.001311798000643,sda2,1.001159820999419,326784000,243499008,6593,39271,0,0,0,0,0.0,0.0,0,
24,2026-10-09T15:25:52.472957+00:00,24.001311798000643,sda3,1.001159820999419,5571584,118784,155,25,0,0,0,0,0.0,0.0,0,
24,2026-10-09T15:25:52.472957+00:00,24.001311798000643,sda4,1.001159820999419,4657152,0,116,0,0,0,0,0,0.0,0.0,0,
24,2026-10-09T15:25:52.472957+00:00,24.001311798000643,sda5,1.001159820999419,16548864,11469164544,826,27067,0,60059648,0,130,0.0,59990070.256759584,824,
25,2026-10-09T15:25:53.471541+00:00,25.000203397000405,loop0,0.9985837049998736,374784,0,51,0,0,0,0,0,0.0,0.0,0,
25,2026-10-09T15:25:53.471541+00:00,25.000203397000405,loop1,0.9985837049998736,2107392,0,217,0,0,0,0,0,0.0,0.0,0,
25,2026-10-09T15:25:53.471541+00:00,25.000203397000405,loop2,0.9985837049998736,1106944,0,51,0,0,0,0,0,0.0,0.0,0,
25,2026-10-09T15:25:53.471541+00:00,25.000203397000405,loop3,0.9985837049998736,1141760,0,66,0,0,0,0,0,0.0,0.0,0,
25,2026-10-09T15:25:53.471541+00:00,25.000203397000405,loop4,0.9985837049998736,354304,0,43,0,0,0,0,0,0.0,0.0,0,
25,2026-10-09T15:25:53.471541+00:00,25.000203397000405,loop5,0.9985837049998736,18432,0,12,0,0,0,0,0,0.0,0.0,0,
25,2026-10-09T15:25:53.471541+00:00,25.000203397000405,loop6,0.9985837049998736,0,0,0,0,0,0,0,0,0.0,0.0,0,
25,2026-10-09T15:25:53.471541+00:00,25.000203397000405,loop7,0.9985837049998736,0,0,0,0,0,0,0,0,0.0,0.0,0,
25,2026-10-09T15:25:53.471541+00:00,25.000203397000405,sr0,0.9985837049998736,1536,0,8,0,0,0,0,0,0.0,0.0,0,
25,2026-10-09T15:25:53.471541+00:00,25.000203397000405,sda,0.9985837049998736,356335104,11768582144,7903,66481,0,55799808,0,118,0.0,55878949.07618892,952,
25,2026-10-09T15:25:53.471541+00:00,25.000203397000405,sda1,0.9985837049998736,319488,0,78,0,0,0,0,0,0.0,0.0,0,
25,2026-10-09T15:25:53.471541+00:00,25.000203397000405,sda2,0.9985837049998736,326784000,243511296,6593,39273,0,12288,0,2,0.0,12305.428116315552,12,
25,2026-10-09T15:25:53.471541+00:00,25.000203397000405,sda3,0.9985837049998736,5571584,118784,155,25,0,0,0,0,0.0,0.0,0,
25,2026-10-09T15:25:53.471541+00:00,25.000203397000405,sda4,0.9985837049998736,4657152,0,116,0,0,0,0,0,0.0,0.0,0,
25,2026-10-09T15:25:53.471541+00:00,25.000203397000405,sda5,0.9985837049998736,16548864,11524952064,826,27183,0,55787520,0,116,0.0,55866643.64807261,948,
26,2026-10-09T15:25:54.473319+00:00,26.001681992000158,loop0,1.0017778569999791,374784,0,51,0,0,0,0,0,0.0,0.0,0,
26,2026-10-09T15:25:54.473319+00:00,26.001681992000158,loop1,1.0017778569999791,2107392,0,217,0,0,0,0,0,0.0,0.0,0,
26,2026-10-09T15:25:54.473319+00:00,26.001681992000158,loop2,1.0017778569999791,1106944,0,51,0,0,0,0,0,0.0,0.0,0,
26,2026-10-09T15:25:54.473319+00:00,26.001681992000158,loop3,1.0017778569999791,1141760,0,66,0,0,0,0,0,0.0,0.0,0,
26,2026-10-09T15:25:54.473319+00:00,26.001681992000158,loop4,1.0017778569999791,354304,0,43,0,0,0,0,0,0.0,0.0,0,
26,2026-10-09T15:25:54.473319+00:00,26.001681992000158,loop5,1.0017778569999791,18432,0,12,0,0,0,0,0,0.0,0.0,0,
26,2026-10-09T15:25:54.473319+00:00,26.001681992000158,loop6,1.0017778569999791,0,0,0,0,0,0,0,0,0.0,0.0,0,
26,2026-10-09T15:25:54.473319+00:00,26.001681992000158,loop7,1.0017778569999791,0,0,0,0,0,0,0,0,0.0,0.0,0,
26,2026-10-09T15:25:54.473319+00:00,26.001681992000158,sr0,1.0017778569999791,1536,0,8,0,0,0,0,0,0.0,0.0,0,
26,2026-10-09T15:25:54.473319+00:00,26.001681992000158,sda,1.0017778569999791,356335104,11830300672,7903,66609,0,61718528,0,128,0.0,61608996.01517274,944,
26,2026-10-09T15:25:54.473319+00:00,26.001681992000158,sda1,1.0017778569999791,319488,0,78,0,0,0,0,0,0.0,0.0,0,
26,2026-10-09T15:25:54.473319+00:00,26.001681992000158,sda2,1.0017778569999791,326784000,243511296,6593,39273,0,0,0,0,0.0,0.0,0,
26,2026-10-09T15:25:54.473319+00:00,26.001681992000158,sda3,1.0017778569999791,5571584,118784,155,25,0,0,0,0,0.0,0.0,0,
26,2026-10-09T15:25:54.473319+00:00,26.001681992000158,sda4,1.0017778569999791,4657152,0,116,0,0,0,0,0,0.0,0.0,0,
26,2026-10-09T15:25:54.473319+00:00,26.001681992000158,sda5,1.0017778569999791,16548864,11586670592,826,27311,0,61718528,0,128,0.0,61608996.01517274,944,
27,2026-10-09T15:25:55.471521+00:00,27.000185774000784,loop0,0.9982018159998916,374784,0,51,0,0,0,0,0,0.0,0.0,0,
27,2026-10-09T15:25:55.471521+00:00,27.000185774000784,loop1,0.9982018159998916,2107392,0,217,0,0,0,0,0,0.0,0.0,0,
27,2026-10-09T15:25:55.471521+00:00,27.000185774000784,loop2,0.9982018159998916,1106944,0,51,0,0,0,0,0,0.0,0.0,0,
27,2026-10-09T15:25:55.471521+00:00,27.000185774000784,loop3,0.9982018159998916,1141760,0,66,0,0,0,0,0,0.0,0.0,0,
27,2026-10-09T15:25:55.471521+00:00,27.000185774000784,loop4,0.9982018159998916,354304,0,43,0,0,0,0,0,0.0,0.0,0,
27,2026-10-09T15:25:55.471521+00:00,27.000185774000784,loop5,0.9982018159998916,18432,0,12,0,0,0,0,0,0.0,0.0,0,
27,2026-10-09T15:25:55.471521+00:00,27.000185774000784,loop6,0.9982018159998916,0,0,0,0,0,0,0,0,0.0,0.0,0,
27,2026-10-09T15:25:55.471521+00:00,27.000185774000784,loop7,0.9982018159998916,0,0,0,0,0,0,0,0,0.0,0.0,0,
27,2026-10-09T15:25:55.471521+00:00,27.000185774000784,sr0,0.9982018159998916,1536,0,8,0,0,0,0,0,0.0,0.0,0,
27,2026-10-09T15:25:55.471521+00:00,27.000185774000784,sda,0.9982018159998916,356335104,11884384256,7903,66723,0,54083584,0,114,0.0,54181011.42785927,944,
27,2026-10-09T15:25:55.471521+00:00,27.000185774000784,sda1,0.9982018159998916,319488,0,78,0,0,0,0,0,0.0,0.0,0,
27,2026-10-09T15:25:55.471521+00:00,27.000185774000784,sda2,0.9982018159998916,326784000,243511296,6593,39273,0,0,0,0,0.0,0.0,0,
27,2026-10-09T15:25:55.471521+00:00,27.000185774000784,sda3,0.9982018159998916,5571584,118784,155,25,0,0,0,0,0.0,0.0,0,
27,2026-10-09T15:25:55.471521+00:00,27.000185774000784,sda4,0.9982018159998916,4657152,0,116,0,0,0,0,0,0.0,0.0,0,
27,2026-10-09T15:25:55.471521+00:00,27.000185774000784,sda5,0.9982018159998916,16548864,11640754176,826,27425,0,54083584,0,114,0.0,54181011.42785927,944,
28,2026-10-09T15:25:56.471766+00:00,28.000237552000726,loop0,1.0002450629999657,374784,0,51,0,0,0,0,0,0.0,0.0,0,
28,2026-10-09T15:25:56.471766+00:00,28.000237552000726,loop1,1.0002450629999657,2107392,0,217,0,0,0,0,0,0.0,0.0,0,
28,2026-10-09T15:25:56.471766+00:00,28.000237552000726,loop2,1.0002450629999657,1106944,0,51,0,0,0,0,0,0.0,0.0,0,
28,2026-10-09T15:25:56.471766+00:00,28.000237552000726,loop3,1.0002450629999657,1141760,0,66,0,0,0,0,0,0.0,0.0,0,
28,2026-10-09T15:25:56.471766+00:00,28.000237552000726,loop4,1.0002450629999657,354304,0,43,0,0,0,0,0,0.0,0.0,0,
28,2026-10-09T15:25:56.471766+00:00,28.000237552000726,loop5,1.0002450629999657,18432,0,12,0,0,0,0,0,0.0,0.0,0,
28,2026-10-09T15:25:56.471766+00:00,28.000237552000726,loop6,1.0002450629999657,0,0,0,0,0,0,0,0,0.0,0.0,0,
28,2026-10-09T15:25:56.471766+00:00,28.000237552000726,loop7,1.0002450629999657,0,0,0,0,0,0,0,0,0.0,0.0,0,
28,2026-10-09T15:25:56.471766+00:00,28.000237552000726,sr0,1.0002450629999657,1536,0,8,0,0,0,0,0,0.0,0.0,0,
28,2026-10-09T15:25:56.471766+00:00,28.000237552000726,sda,1.0002450629999657,356335104,11944726528,7903,66849,0,60342272,0,126,0.0,60327487.96481895,1028,
28,2026-10-09T15:25:56.471766+00:00,28.000237552000726,sda1,1.0002450629999657,319488,0,78,0,0,0,0,0,0.0,0.0,0,
28,2026-10-09T15:25:56.471766+00:00,28.000237552000726,sda2,1.0002450629999657,326784000,243511296,6593,39273,0,0,0,0,0.0,0.0,0,
28,2026-10-09T15:25:56.471766+00:00,28.000237552000726,sda3,1.0002450629999657,5571584,118784,155,25,0,0,0,0,0.0,0.0,0,
28,2026-10-09T15:25:56.471766+00:00,28.000237552000726,sda4,1.0002450629999657,4657152,0,116,0,0,0,0,0,0.0,0.0,0,
28,2026-10-09T15:25:56.471766+00:00,28.000237552000726,sda5,1.0002450629999657,16548864,11701096448,826,27551,0,60342272,0,126,0.0,60327487.96481895,1028,
29,2026-10-09T15:25:57.472525+00:00,29.001083540000764,loop0,1.0007589790002385,374784,0,51,0,0,0,0,0,0.0,0.0,0,
29,2026-10-09T15:25:57.472525+00:00,29.001083540000764,loop1,1.0007589790002385,2107392,0,217,0,0,0,0,0,0.0,0.0,0,
29,2026-10-09T15:25:57.472525+00:00,29.001083540000764,loop2,1.0007589790002385,1106944,0,51,0,0,0,0,0,0.0,0.0,0,
29,2026-10-09T15:25:57.472525+00:00,29.001083540000764,loop3,1.0007589790002385,1141760,0,66,0,0,0,0,0,0.0,0.0,0,
29,2026-10-09T15:25:57.472525+00:00,29.001083540000764,loop4,1.0007589790002385,354304,0,43,0,0,0,0,0,0.0,0.0,0,
29,2026-10-09T15:25:57.472525+00:00,29.001083540000764,loop5,1.0007589790002385,18432,0,12,0,0,0,0,0,0.0,0.0,0,
29,2026-10-09T15:25:57.472525+00:00,29.001083540000764,loop6,1.0007589790002385,0,0,0,0,0,0,0,0,0.0,0.0,0,
29,2026-10-09T15:25:57.472525+00:00,29.001083540000764,loop7,1.0007589790002385,0,0,0,0,0,0,0,0,0.0,0.0,0,
29,2026-10-09T15:25:57.472525+00:00,29.001083540000764,sr0,1.0007589790002385,1536,0,8,0,0,0,0,0,0.0,0.0,0,
29,2026-10-09T15:25:57.472525+00:00,29.001083540000764,sda,1.0007589790002385,356335104,12000190464,7903,66966,0,55463936,0,117,0.0,55421871.96302616,896,
29,2026-10-09T15:25:57.472525+00:00,29.001083540000764,sda1,1.0007589790002385,319488,0,78,0,0,0,0,0,0.0,0.0,0,
29,2026-10-09T15:25:57.472525+00:00,29.001083540000764,sda2,1.0007589790002385,326784000,243511296,6593,39273,0,0,0,0,0.0,0.0,0,
29,2026-10-09T15:25:57.472525+00:00,29.001083540000764,sda3,1.0007589790002385,5571584,118784,155,25,0,0,0,0,0.0,0.0,0,
29,2026-10-09T15:25:57.472525+00:00,29.001083540000764,sda4,1.0007589790002385,4657152,0,116,0,0,0,0,0,0.0,0.0,0,
29,2026-10-09T15:25:57.472525+00:00,29.001083540000764,sda5,1.0007589790002385,16548864,11756560384,826,27668,0,55463936,0,117,0.0,55421871.96302616,896,
30,2026-10-09T15:25:58.472533+00:00,30.00119457800065,loop0,1.0000079769997683,374784,0,51,0,0,0,0,0,0.0,0.0,0,
30,2026-10-09T15:25:58.472533+00:00,30.00119457800065,loop1,1.0000079769997683,2107392,0,217,0,0,0,0,0,0.0,0.0,0,
30,2026-10-09T15:25:58.472533+00:00,30.00119457800065,loop2,1.0000079769997683,1106944,0,51,0,0,0,0,0,0.0,0.0,0,
30,2026-10-09T15:25:58.472533+00:00,30.00119457800065,loop3,1.0000079769997683,1141760,0,66,0,0,0,0,0,0.0,0.0,0,
30,2026-10-09T15:25:58.472533+00:00,30.00119457800065,loop4,1.0000079769997683,354304,0,43,0,0,0,0,0,0.0,0.0,0,
30,2026-10-09T15:25:58.472533+00:00,30.00119457800065,loop5,1.0000079769997683,18432,0,12,0,0,0,0,0,0.0,0.0,0,
30,2026-10-09T15:25:58.472533+00:00,30.00119457800065,loop6,1.0000079769997683,0,0,0,0,0,0,0,0,0.0,0.0,0,
30,2026-10-09T15:25:58.472533+00:00,30.00119457800065,loop7,1.0000079769997683,0,0,0,0,0,0,0,0,0.0,0.0,0,
30,2026-10-09T15:25:58.472533+00:00,30.00119457800065,sr0,1.0000079769997683,1536,0,8,0,0,0,0,0,0.0,0.0,0,
30,2026-10-09T15:25:58.472533+00:00,30.00119457800065,sda,1.0000079769997683,356335104,12063412224,7903,67103,0,63221760,0,137,0.0,63221255.684058055,872,
30,2026-10-09T15:25:58.472533+00:00,30.00119457800065,sda1,1.0000079769997683,319488,0,78,0,0,0,0,0,0.0,0.0,0,
30,2026-10-09T15:25:58.472533+00:00,30.00119457800065,sda2,1.0000079769997683,326784000,243523584,6593,39275,0,12288,0,2,0.0,12287.901979408758,8,
30,2026-10-09T15:25:58.472533+00:00,30.00119457800065,sda3,1.0000079769997683,5571584,118784,155,25,0,0,0,0,0.0,0.0,0,
30,2026-10-09T15:25:58.472533+00:00,30.00119457800065,sda4,1.0000079769997683,4657152,0,116,0,0,0,0,0,0.0,0.0,0,
30,2026-10-09T15:25:58.472533+00:00,30.00119457800065,sda5,1.0000079769997683,16548864,11819769856,826,27803,0,63209472,0,135,0.0,63208967.782078646,864,
31,2026-10-09T15:25:59.472534+00:00,31.001173931000267,loop0,1.0000014920005924,374784,0,51,0,0,0,0,0,0.0,0.0,0,
31,2026-10-09T15:25:59.472534+00:00,31.001173931000267,loop1,1.0000014920005924,2107392,0,217,0,0,0,0,0,0.0,0.0,0,
31,2026-10-09T15:25:59.472534+00:00,31.001173931000267,loop2,1.0000014920005924,1106944,0,51,0,0,0,0,0,0.0,0.0,0,
31,2026-10-09T15:25:59.472534+00:00,31.001173931000267,loop3,1.0000014920005924,1141760,0,66,0,0,0,0,0,0.0,0.0,0,
31,2026-10-09T15:25:59.472534+00:00,31.001173931000267,loop4,1.0000014920005924,354304,0,43,0,0,0,0,0,0.0,0.0,0,
31,2026-10-09T15:25:59.472534+00:00,31.001173931000267,loop5,1.0000014920005924,18432,0,12,0,0,0,0,0,0.0,0.0,0,
31,2026-10-09T15:25:59.472534+00:00,31.001173931000267,loop6,1.0000014920005924,0,0,0,0,0,0,0,0,0.0,0.0,0,
31,2026-10-09T15:25:59.472534+00:00,31.001173931000267,loop7,1.0000014920005924,0,0,0,0,0,0,0,0,0.0,0.0,0,
31,2026-10-09T15:25:59.472534+00:00,31.001173931000267,sr0,1.0000014920005924,1536,0,8,0,0,0,0,0,0.0,0.0,0,
31,2026-10-09T15:25:59.472534+00:00,31.001173931000267,sda,1.0000014920005924,356335104,12121673728,7903,67226,0,58261504,0,123,0.0,58261417.07393121,1000,
31,2026-10-09T15:25:59.472534+00:00,31.001173931000267,sda1,1.0000014920005924,319488,0,78,0,0,0,0,0,0.0,0.0,0,
31,2026-10-09T15:25:59.472534+00:00,31.001173931000267,sda2,1.0000014920005924,326784000,243539968,6593,39276,0,16384,0,1,0.0,16383.975555098767,8,
31,2026-10-09T15:25:59.472534+00:00,31.001173931000267,sda3,1.0000014920005924,5571584,118784,155,25,0,0,0,0,0.0,0.0,0,
31,2026-10-09T15:25:59.472534+00:00,31.001173931000267,sda4,1.0000014920005924,4657152,0,116,0,0,0,0,0,0.0,0.0,0,
31,2026-10-09T15:25:59.472534+00:00,31.001173931000267,sda5,1.0000014920005924,16548864,11878014976,826,27925,0,58245120,0,122,0.0,58245033.09837611,1028,
32,2026-10-09T15:26:00.475164+00:00,32.00105504200019,loop0,1.0026302019996365,374784,0,51,0,0,0,0,0,0.0,0.0,0,
32,2026-10-09T15:26:00.475164+00:00,32.00105504200019,loop1,1.0026302019996365,2107392,0,217,0,0,0,0,0,0.0,0.0,0,
32,2026-10-09T15:26:00.475164+00:00,32.00105504200019,loop2,1.0026302019996365,1106944,0,51,0,0,0,0,0,0.0,0.0,0,
32,2026-10-09T15:26:00.475164+00:00,32.00105504200019,loop3,1.0026302019996365,1141760,0,66,0,0,0,0,0,0.0,0.0,0,
32,2026-10-09T15:26:00.475164+00:00,32.00105504200019,loop4,1.0026302019996365,354304,0,43,0,0,0,0,0,0.0,0.0,0,
32,2026-10-09T15:26:00.475164+00:00,32.00105504200019,loop5,1.0026302019996365,18432,0,12,0,0,0,0,0,0.0,0.0,0,
32,2026-10-09T15:26:00.475164+00:00,32.00105504200019,loop6,1.0026302019996365,0,0,0,0,0,0,0,0,0.0,0.0,0,
32,2026-10-09T15:26:00.475164+00:00,32.00105504200019,loop7,1.0026302019996365,0,0,0,0,0,0,0,0,0.0,0.0,0,
32,2026-10-09T15:26:00.475164+00:00,32.00105504200019,sr0,1.0026302019996365,1536,0,8,0,0,0,0,0,0.0,0.0,0,
32,2026-10-09T15:26:00.475164+00:00,32.00105504200019,sda,1.0026302019996365,356335104,12179230720,7903,67346,0,57556992,0,120,0.0,57406002.6171253,992,
32,2026-10-09T15:26:00.475164+00:00,32.00105504200019,sda1,1.0026302019996365,319488,0,78,0,0,0,0,0,0.0,0.0,0,
32,2026-10-09T15:26:00.475164+00:00,32.00105504200019,sda2,1.0026302019996365,326784000,243539968,6593,39276,0,0,0,0,0.0,0.0,0,
32,2026-10-09T15:26:00.475164+00:00,32.00105504200019,sda3,1.0026302019996365,5571584,118784,155,25,0,0,0,0,0.0,0.0,0,
32,2026-10-09T15:26:00.475164+00:00,32.00105504200019,sda4,1.0026302019996365,4657152,0,116,0,0,0,0,0,0.0,0.0,0,
32,2026-10-09T15:26:00.475164+00:00,32.00105504200019,sda5,1.0026302019996365,16548864,11935571968,826,28045,0,57556992,0,120,0.0,57406002.6171253,992,
33,2026-10-09T15:26:01.472895+00:00,33.001071751999916,loop0,0.9977306440005123,374784,0,51,0,0,0,0,0,0.0,0.0,0,
33,2026-10-09T15:26:01.472895+00:00,33.001071751999916,loop1,0.9977306440005123,2107392,0,217,0,0,0,0,0,0.0,0.0,0,
33,2026-10-09T15:26:01.472895+00:00,33.001071751999916,loop2,0.9977306440005123,1106944,0,51,0,0,0,0,0,0.0,0.0,0,
33,2026-10-09T15:26:01.472895+00:00,33.001071751999916,loop3,0.9977306440005123,1141760,0,66,0,0,0,0,0,0.0,0.0,0,
33,2026-10-09T15:26:01.472895+00:00,33.001071751999916,loop4,0.9977306440005123,354304,0,43,0,0,0,0,0,0.0,0.0,0,
33,2026-10-09T15:26:01.472895+00:00,33.001071751999916,loop5,0.9977306440005123,18432,0,12,0,0,0,0,0,0.0,0.0,0,
33,2026-10-09T15:26:01.472895+00:00,33.001071751999916,loop6,0.9977306440005123,0,0,0,0,0,0,0,0,0.0,0.0,0,
33,2026-10-09T15:26:01.472895+00:00,33.001071751999916,loop7,0.9977306440005123,0,0,0,0,0,0,0,0,0.0,0.0,0,
33,2026-10-09T15:26:01.472895+00:00,33.001071751999916,sr0,0.9977306440005123,1536,0,8,0,0,0,0,0,0.0,0.0,0,
33,2026-10-09T15:26:01.472895+00:00,33.001071751999916,sda,0.9977306440005123,356335104,12200292352,7903,67391,0,21061632,0,45,0.0,21109537.054561175,452,
33,2026-10-09T15:26:01.472895+00:00,33.001071751999916,sda1,0.9977306440005123,319488,0,78,0,0,0,0,0,0.0,0.0,0,
33,2026-10-09T15:26:01.472895+00:00,33.001071751999916,sda2,0.9977306440005123,326784000,243539968,6593,39276,0,0,0,0,0.0,0.0,0,
33,2026-10-09T15:26:01.472895+00:00,33.001071751999916,sda3,0.9977306440005123,5571584,118784,155,25,0,0,0,0,0.0,0.0,0,
33,2026-10-09T15:26:01.472895+00:00,33.001071751999916,sda4,0.9977306440005123,4657152,0,116,0,0,0,0,0,0.0,0.0,0,
33,2026-10-09T15:26:01.472895+00:00,33.001071751999916,sda5,0.9977306440005123,16548864,11956633600,826,28090,0,21061632,0,45,0.0,21109537.054561175,452,
34,2026-10-09T15:26:02.471943+00:00,34.00023865500043,loop0,0.999047738999252,374784,0,51,0,0,0,0,0,0.0,0.0,0,
34,2026-10-09T15:26:02.471943+00:00,34.00023865500043,loop1,0.999047738999252,2107392,0,217,0,0,0,0,0,0.0,0.0,0,
34,2026-10-09T15:26:02.471943+00:00,34.00023865500043,loop2,0.999047738999252,1106944,0,51,0,0,0,0,0,0.0,0.0,0,
34,2026-10-09T15:26:02.471943+00:00,34.00023865500043,loop3,0.999047738999252,1141760,0,66,0,0,0,0,0,0.0,0.0,0,
34,2026-10-09T15:26:02.471943+00:00,34.00023865500043,loop4,0.999047738999252,354304,0,43,0,0,0,0,0,0.0,0.0,0,
34,2026-10-09T15:26:02.471943+00:00,34.00023865500043,loop5,0.999047738999252,18432,0,12,0,0,0,0,0,0.0,0.0,0,
34,2026-10-09T15:26:02.471943+00:00,34.00023865500043,loop6,0.999047738999252,0,0,0,0,0,0,0,0,0.0,0.0,0,
34,2026-10-09T15:26:02.471943+00:00,34.00023865500043,loop7,0.999047738999252,0,0,0,0,0,0,0,0,0.0,0.0,0,
34,2026-10-09T15:26:02.471943+00:00,34.00023865500043,sr0,0.999047738999252,1536,0,8,0,0,0,0,0,0.0,0.0,0,
34,2026-10-09T15:26:02.471943+00:00,34.00023865500043,sda,0.999047738999252,356335104,12200308736,7903,67394,0,16384,0,3,0.0,16399.616715425313,4,
34,2026-10-09T15:26:02.471943+00:00,34.00023865500043,sda1,0.999047738999252,319488,0,78,0,0,0,0,0,0.0,0.0,0,
34,2026-10-09T15:26:02.471943+00:00,34.00023865500043,sda2,0.999047738999252,326784000,243539968,6593,39276,0,0,0,0,0.0,0.0,0,
34,2026-10-09T15:26:02.471943+00:00,34.00023865500043,sda3,0.999047738999252,5571584,118784,155,25,0,0,0,0,0.0,0.0,0,
34,2026-10-09T15:26:02.471943+00:00,34.00023865500043,sda4,0.999047738999252,4657152,0,116,0,0,0,0,0,0.0,0.0,0,
34,2026-10-09T15:26:02.471943+00:00,34.00023865500043,sda5,0.999047738999252,16548864,11956649984,826,28093,0,16384,0,3,0.0,16399.616715425313,4,
35,2026-10-09T15:26:03.471458+00:00,35.000143950000165,loop0,0.9995149300002595,374784,0,51,0,0,0,0,0,0.0,0.0,0,
35,2026-10-09T15:26:03.471458+00:00,35.000143950000165,loop1,0.9995149300002595,2107392,0,217,0,0,0,0,0,0.0,0.0,0,
35,2026-10-09T15:26:03.471458+00:00,35.000143950000165,loop2,0.9995149300002595,1106944,0,51,0,0,0,0,0,0.0,0.0,0,
35,2026-10-09T15:26:03.471458+00:00,35.000143950000165,loop3,0.9995149300002595,1141760,0,66,0,0,0,0,0,0.0,0.0,0,
35,2026-10-09T15:26:03.471458+00:00,35.000143950000165,loop4,0.9995149300002595,354304,0,43,0,0,0,0,0,0.0,0.0,0,
35,2026-10-09T15:26:03.471458+00:00,35.000143950000165,loop5,0.9995149300002595,18432,0,12,0,0,0,0,0,0.0,0.0,0,
35,2026-10-09T15:26:03.471458+00:00,35.000143950000165,loop6,0.9995149300002595,0,0,0,0,0,0,0,0,0.0,0.0,0,
35,2026-10-09T15:26:03.471458+00:00,35.000143950000165,loop7,0.9995149300002595,0,0,0,0,0,0,0,0,0.0,0.0,0,
35,2026-10-09T15:26:03.471458+00:00,35.000143950000165,sr0,0.9995149300002595,1536,0,8,0,0,0,0,0,0.0,0.0,0,
35,2026-10-09T15:26:03.471458+00:00,35.000143950000165,sda,0.9995149300002595,356335104,12242042880,7903,67481,0,41734144,0,87,0.0,41754397.805732794,580,
35,2026-10-09T15:26:03.471458+00:00,35.000143950000165,sda1,0.9995149300002595,319488,0,78,0,0,0,0,0,0.0,0.0,0,
35,2026-10-09T15:26:03.471458+00:00,35.000143950000165,sda2,0.9995149300002595,326784000,243564544,6593,39278,0,24576,0,2,0.0,24587.926865678353,8,
35,2026-10-09T15:26:03.471458+00:00,35.000143950000165,sda3,0.9995149300002595,5571584,118784,155,25,0,0,0,0,0.0,0.0,0,
35,2026-10-09T15:26:03.471458+00:00,35.000143950000165,sda4,0.9995149300002595,4657152,0,116,0,0,0,0,0,0.0,0.0,0,
35,2026-10-09T15:26:03.471458+00:00,35.000143950000165,sda5,0.9995149300002595,16548864,11998359552,826,28178,0,41709568,0,85,0.0,41729809.87886711,572,
36,2026-10-09T15:26:04.472834+00:00,36.0013078259999,loop0,1.0013758220002273,374784,0,51,0,0,0,0,0,0.0,0.0,0,
36,2026-10-09T15:26:04.472834+00:00,36.0013078259999,loop1,1.0013758220002273,2107392,0,217,0,0,0,0,0,0.0,0.0,0,
36,2026-10-09T15:26:04.472834+00:00,36.0013078259999,loop2,1.0013758220002273,1106944,0,51,0,0,0,0,0,0.0,0.0,0,
36,2026-10-09T15:26:04.472834+00:00,36.0013078259999,loop3,1.0013758220002273,1141760,0,66,0,0,0,0,0,0.0,0.0,0,
36,2026-10-09T15:26:04.472834+00:00,36.0013078259999,loop4,1.0013758220002273,354304,0,43,0,0,0,0,0,0.0,0.0,0,
36,2026-10-09T15:26:04.472834+00:00,36.0013078259999,loop5,1.0013758220002273,18432,0,12,0,0,0,0,0,0.0,0.0,0,
36,2026-10-09T15:26:04.472834+00:00,36.0013078259999,loop6,1.0013758220002273,0,0,0,0,0,0,0,0,0.0,0.0,0,
36,2026-10-09T15:26:04.472834+00:00,36.0013078259999,loop7,1.0013758220002273,0,0,0,0,0,0,0,0,0.0,0.0,0,
36,2026-10-09T15:26:04.472834+00:00,36.0013078259999,sr0,1.0013758220002273,1536,0,8,0,0,0,0,0,0.0,0.0,0,
36,2026-10-09T15:26:04.472834+00:00,36.0013078259999,sda,1.0013758220002273,356335104,12305653760,7903,67618,0,63610880,0,137,0.0,63523482.99456501,924,
36,2026-10-09T15:26:04.472834+00:00,36.0013078259999,sda1,1.0013758220002273,319488,0,78,0,0,0,0,0,0.0,0.0,0,
36,2026-10-09T15:26:04.472834+00:00,36.0013078259999,sda2,1.0013758220002273,326784000,243564544,6593,39278,0,0,0,0,0.0,0.0,0,
36,2026-10-09T15:26:04.472834+00:00,36.0013078259999,sda3,1.0013758220002273,5571584,118784,155,25,0,0,0,0,0.0,0.0,0,
36,2026-10-09T15:26:04.472834+00:00,36.0013078259999,sda4,1.0013758220002273,4657152,0,116,0,0,0,0,0,0.0,0.0,0,
36,2026-10-09T15:26:04.472834+00:00,36.0013078259999,sda5,1.0013758220002273,16548864,12061970432,826,28315,0,63610880,0,137,0.0,63523482.99456501,924,
37,2026-10-09T15:26:05.474565+00:00,37.00315560300078,loop0,1.0017313580001428,374784,0,51,0,0,0,0,0,0.0,0.0,0,
37,2026-10-09T15:26:05.474565+00:00,37.00315560300078,loop1,1.0017313580001428,2107392,0,217,0,0,0,0,0,0.0,0.0,0,
37,2026-10-09T15:26:05.474565+00:00,37.00315560300078,loop2,1.0017313580001428,1106944,0,51,0,0,0,0,0,0.0,0.0,0,
37,2026-10-09T15:26:05.474565+00:00,37.00315560300078,loop3,1.0017313580001428,1141760,0,66,0,0,0,0,0,0.0,0.0,0,
37,2026-10-09T15:26:05.474565+00:00,37.00315560300078,loop4,1.0017313580001428,354304,0,43,0,0,0,0,0,0.0,0.0,0,
37,2026-10-09T15:26:05.474565+00:00,37.00315560300078,loop5,1.0017313580001428,18432,0,12,0,0,0,0,0,0.0,0.0,0,
37,2026-10-09T15:26:05.474565+00:00,37.00315560300078,loop6,1.0017313580001428,0,0,0,0,0,0,0,0,0.0,0.0,0,
37,2026-10-09T15:26:05.474565+00:00,37.00315560300078,loop7,1.0017313580001428,0,0,0,0,0,0,0,0,0.0,0.0,0,
37,2026-10-09T15:26:05.474565+00:00,37.00315560300078,sr0,1.0017313580001428,1536,0,8,0,0,0,0,0,0.0,0.0,0,
37,2026-10-09T15:26:05.474565+00:00,37.00315560300078,sda,1.0017313580001428,356335104,12326711296,7903,67662,0,21057536,0,44,0.0,21021140.879566036,432,
37,2026-10-09T15:26:05.474565+00:00,37.00315560300078,sda1,1.0017313580001428,319488,0,78,0,0,0,0,0,0.0,0.0,0,
37,2026-10-09T15:26:05.474565+00:00,37.00315560300078,sda2,1.0017313580001428,326784000,243564544,6593,39278,0,0,0,0,0.0,0.0,0,
37,2026-10-09T15:26:05.474565+00:00,37.00315560300078,sda3,1.0017313580001428,5571584,118784,155,25,0,0,0,0,0.0,0.0,0,
37,2026-10-09T15:26:05.474565+00:00,37.00315560300078,sda4,1.0017313580001428,4657152,0,116,0,0,0,0,0,0.0,0.0,0,
37,2026-10-09T15:26:05.474565+00:00,37.00315560300078,sda5,1.0017313580001428,16548864,12083027968,826,28359,0,21057536,0,44,0.0,21021140.879566036,432,
38,2026-10-09T15:26:06.472402+00:00,38.000888674000635,loop0,0.9978368430001865,374784,0,51,0,0,0,0,0,0.0,0.0,0,
38,2026-10-09T15:26:06.472402+00:00,38.000888674000635,loop1,0.9978368430001865,2107392,0,217,0,0,0,0,0,0.0,0.0,0,
38,2026-10-09T15:26:06.472402+00:00,38.000888674000635,loop2,0.9978368430001865,1106944,0,51,0,0,0,0,0,0.0,0.0,0,
38,2026-10-09T15:26:06.472402+00:00,38.000888674000635,loop3,0.9978368430001865,1141760,0,66,0,0,0,0,0,0.0,0.0,0,
38,2026-10-09T15:26:06.472402+00:00,38.000888674000635,loop4,0.9978368430001865,354304,0,43,0,0,0,0,0,0.0,0.0,0,
38,2026-10-09T15:26:06.472402+00:00,38.000888674000635,loop5,0.9978368430001865,18432,0,12,0,0,0,0,0,0.0,0.0,0,
38,2026-10-09T15:26:06.472402+00:00,38.000888674000635,loop6,0.9978368430001865,0,0,0,0,0,0,0,0,0.0,0.0,0,
38,2026-10-09T15:26:06.472402+00:00,38.000888674000635,loop7,0.9978368430001865,0,0,0,0,0,0,0,0,0.0,0.0,0,
38,2026-10-09T15:26:06.472402+00:00,38.000888674000635,sr0,0.9978368430001865,1536,0,8,0,0,0,0,0,0.0,0.0,0,
38,2026-10-09T15:26:06.472402+00:00,38.000888674000635,sda,0.9978368430001865,356335104,12363214848,7903,67739,0,36503552,0,77,0.0,36582686.09349512,1508,
38,2026-10-09T15:26:06.472402+00:00,38.000888674000635,sda1,0.9978368430001865,319488,0,78,0,0,0,0,0,0.0,0.0,0,
38,2026-10-09T15:26:06.472402+00:00,38.000888674000635,sda2,0.9978368430001865,326784000,243564544,6593,39278,0,0,0,0,0.0,0.0,0,
38,2026-10-09T15:26:06.472402+00:00,38.000888674000635,sda3,0.9978368430001865,5571584,118784,155,25,0,0,0,0,0.0,0.0,0,
38,2026-10-09T15:26:06.472402+00:00,38.000888674000635,sda4,0.9978368430001865,4657152,0,116,0,0,0,0,0,0.0,0.0,0,
38,2026-10-09T15:26:06.472402+00:00,38.000888674000635,sda5,0.9978368430001865,16548864,12119531520,826,28436,0,36503552,0,77,0.0,36582686.09349512,1508,
39,2026-10-09T15:26:07.472305+00:00,39.00092564500028,loop0,0.9999034079992271,374784,0,51,0,0,0,0,0,0.0,0.0,0,
39,2026-10-09T15:26:07.472305+00:00,39.00092564500028,loop1,0.9999034079992271,2107392,0,217,0,0,0,0,0,0.0,0.0,0,
39,2026-10-09T15:26:07.472305+00:00,39.00092564500028,loop2,0.9999034079992271,1106944,0,51,0,0,0,0,0,0.0,0.0,0,
39,2026-10-09T15:26:07.472305+00:00,39.00092564500028,loop3,0.9999034079992271,1141760,0,66,0,0,0,0,0,0.0,0.0,0,
39,2026-10-09T15:26:07.472305+00:00,39.00092564500028,loop4,0.9999034079992271,354304,0,43,0,0,0,0,0,0.0,0.0,0,
39,2026-10-09T15:26:07.472305+00:00,39.00092564500028,loop5,0.9999034079992271,18432,0,12,0,0,0,0,0,0.0,0.0,0,
39,2026-10-09T15:26:07.472305+00:00,39.00092564500028,loop6,0.9999034079992271,0,0,0,0,0,0,0,0,0.0,0.0,0,
39,2026-10-09T15:26:07.472305+00:00,39.00092564500028,loop7,0.9999034079992271,0,0,0,0,0,0,0,0,0.0,0.0,0,
39,2026-10-09T15:26:07.472305+00:00,39.00092564500028,sr0,0.9999034079992271,1536,0,8,0,0,0,0,0,0.0,0.0,0,
39,2026-10-09T15:26:07.472305+00:00,39.00092564500028,sda,0.9999034079992271,356335104,12426379264,7903,67871,0,63164416,0,132,0.0,63170517.766700946,1004,
39,2026-10-09T15:26:07.472305+00:00,39.00092564500028,sda1,0.9999034079992271,319488,0,78,0,0,0,0,0,0.0,0.0,0,
39,2026-10-09T15:26:07.472305+00:00,39.00092564500028,sda2,0.9999034079992271,326784000,243564544,6593,39278,0,0,0,0,0.0,0.0,0,
39,2026-10-09T15:26:07.472305+00:00,39.00092564500028,sda3,0.9999034079992271,5571584,118784,155,25,0,0,0,0,0.0,0.0,0,
39,2026-10-09T15:26:07.472305+00:00,39.00092564500028,sda4,0.9999034079992271,4657152,0,116,0,0,0,0,0,0.0,0.0,0,
39,2026-10-09T15:26:07.472305+00:00,39.00092564500028,sda5,0.9999034079992271,16548864,12182695936,826,28568,0,63164416,0,132,0.0,63170517.766700946,1004,
40,2026-10-09T15:26:08.473189+00:00,40.00167197600058,loop0,1.0008839190004437,374784,0,51,0,0,0,0,0,0.0,0.0,0,
40,2026-10-09T15:26:08.473189+00:00,40.00167197600058,loop1,1.0008839190004437,2107392,0,217,0,0,0,0,0,0.0,0.0,0,
40,2026-10-09T15:26:08.473189+00:00,40.00167197600058,loop2,1.0008839190004437,1106944,0,51,0,0,0,0,0,0.0,0.0,0,
40,2026-10-09T15:26:08.473189+00:00,40.00167197600058,loop3,1.0008839190004437,1141760,0,66,0,0,0,0,0,0.0,0.0,0,
40,2026-10-09T15:26:08.473189+00:00,40.00167197600058,loop4,1.0008839190004437,354304,0,43,0,0,0,0,0,0.0,0.0,0,
40,2026-10-09T15:26:08.473189+00:00,40.00167197600058,loop5,1.0008839190004437,18432,0,12,0,0,0,0,0,0.0,0.0,0,
40,2026-10-09T15:26:08.473189+00:00,40.00167197600058,loop6,1.0008839190004437,0,0,0,0,0,0,0,0,0.0,0.0,0,
40,2026-10-09T15:26:08.473189+00:00,40.00167197600058,loop7,1.0008839190004437,0,0,0,0,0,0,0,0,0.0,0.0,0,
40,2026-10-09T15:26:08.473189+00:00,40.00167197600058,sr0,1.0008839190004437,1536,0,8,0,0,0,0,0,0.0,0.0,0,
40,2026-10-09T15:26:08.473189+00:00,40.00167197600058,sda,1.0008839190004437,356335104,12482531328,7903,67995,0,56152064,0,124,0.0,56102473.95729724,848,
40,2026-10-09T15:26:08.473189+00:00,40.00167197600058,sda1,1.0008839190004437,319488,0,78,0,0,0,0,0,0.0,0.0,0,
40,2026-10-09T15:26:08.473189+00:00,40.00167197600058,sda2,1.0008839190004437,326784000,243589120,6593,39283,0,24576,0,5,0.0,24554.295991230832,60,
40,2026-10-09T15:26:08.473189+00:00,40.00167197600058,sda3,1.0008839190004437,5571584,118784,155,25,0,0,0,0,0.0,0.0,0,
40,2026-10-09T15:26:08.473189+00:00,40.00167197600058,sda4,1.0008839190004437,4657152,0,116,0,0,0,0,0,0.0,0.0,0,
40,2026-10-09T15:26:08.473189+00:00,40.00167197600058,sda5,1.0008839190004437,16548864,12238823424,826,28687,0,56127488,0,119,0.0,56077919.661306016,840,
41,2026-10-09T15:26:09.473352+00:00,41.002015816000494,loop0,1.0001631260001886,374784,0,51,0,0,0,0,0,0.0,0.0,0,
41,2026-10-09T15:26:09.473352+00:00,41.002015816000494,loop1,1.0001631260001886,2107392,0,217,0,0,0,0,0,0.0,0.0,0,
41,2026-10-09T15:26:09.473352+00:00,41.002015816000494,loop2,1.0001631260001886,1106944,0,51,0,0,0,0,0,0.0,0.0,0,
41,2026-10-09T15:26:09.473352+00:00,41.002015816000494,loop3,1.0001631260001886,1141760,0,66,0,0,0,0,0,0.0,0.0,0,
41,2026-10-09T15:26:09.473352+00:00,41.002015816000494,loop4,1.0001631260001886,354304,0,43,0,0,0,0,0,0.0,0.0,0,
41,2026-10-09T15:26:09.473352+00:00,41.002015816000494,loop5,1.0001631260001886,18432,0,12,0,0,0,0,0,0.0,0.0,0,
41,2026-10-09T15:26:09.473352+00:00,41.002015816000494,loop6,1.0001631260001886,0,0,0,0,0,0,0,0,0.0,0.0,0,
41,2026-10-09T15:26:09.473352+00:00,41.002015816000494,loop7,1.0001631260001886,0,0,0,0,0,0,0,0,0.0,0.0,0,
41,2026-10-09T15:26:09.473352+00:00,41.002015816000494,sr0,1.0001631260001886,1536,0,8,0,0,0,0,0,0.0,0.0,0,
41,2026-10-09T15:26:09.473352+00:00,41.002015816000494,sda,1.0001631260001886,356335104,12537995264,7903,68112,0,55463936,0,117,0.0,55454889.86562532,1056,
41,2026-10-09T15:26:09.473352+00:00,41.002015816000494,sda1,1.0001631260001886,319488,0,78,0,0,0,0,0,0.0,0.0,0,
41,2026-10-09T15:26:09.473352+00:00,41.002015816000494,sda2,1.0001631260001886,326784000,243589120,6593,39283,0,0,0,0,0.0,0.0,0,
41,2026-10-09T15:26:09.473352+00:00,41.002015816000494,sda3,1.0001631260001886,5571584,118784,155,25,0,0,0,0,0.0,0.0,0,
41,2026-10-09T15:26:09.473352+00:00,41.002015816000494,sda4,1.0001631260001886,4657152,0,116,0,0,0,0,0,0.0,0.0,0,
41,2026-10-09T15:26:09.473352+00:00,41.002015816000494,sda5,1.0001631260001886,16548864,12294287360,826,28804,0,55463936,0,117,0.0,55454889.86562532,1056,
42,2026-10-09T15:26:10.472806+00:00,42.00105684100072,loop0,0.9994533019998926,374784,0,51,0,0,0,0,0,0.0,0.0,0,
42,2026-10-09T15:26:10.472806+00:00,42.00105684100072,loop1,0.9994533019998926,2107392,0,217,0,0,0,0,0,0.0,0.0,0,
42,2026-10-09T15:26:10.472806+00:00,42.00105684100072,loop2,0.9994533019998926,1106944,0,51,0,0,0,0,0,0.0,0.0,0,
42,2026-10-09T15:26:10.472806+00:00,42.00105684100072,loop3,0.9994533019998926,1141760,0,66,0,0,0,0,0,0.0,0.0,0,
42,2026-10-09T15:26:10.472806+00:00,42.00105684100072,loop4,0.9994533019998926,354304,0,43,0,0,0,0,0,0.0,0.0,0,
42,2026-10-09T15:26:10.472806+00:00,42.00105684100072,loop5,0.9994533019998926,18432,0,12,0,0,0,0,0,0.0,0.0,0,
42,2026-10-09T15:26:10.472806+00:00,42.00105684100072,loop6,0.9994533019998926,0,0,0,0,0,0,0,0,0.0,0.0,0,
42,2026-10-09T15:26:10.472806+00:00,42.00105684100072,loop7,0.9994533019998926,0,0,0,0,0,0,0,0,0.0,0.0,0,
42,2026-10-09T15:26:10.472806+00:00,42.00105684100072,sr0,0.9994533019998926,1536,0,8,0,0,0,0,0,0.0,0.0,0,
42,2026-10-09T15:26:10.472806+00:00,42.00105684100072,sda,0.9994533019998926,356335104,12595236864,7903,68237,0,57241600,0,125,0.0,57272910.98589632,972,
42,2026-10-09T15:26:10.472806+00:00,42.00105684100072,sda1,0.9994533019998926,319488,0,78,0,0,0,0,0,0.0,0.0,0,
42,2026-10-09T15:26:10.472806+00:00,42.00105684100072,sda2,0.9994533019998926,326784000,243589120,6593,39283,0,0,0,0,0.0,0.0,0,
42,2026-10-09T15:26:10.472806+00:00,42.00105684100072,sda3,0.9994533019998926,5571584,118784,155,25,0,0,0,0,0.0,0.0,0,
42,2026-10-09T15:26:10.472806+00:00,42.00105684100072,sda4,0.9994533019998926,4657152,0,116,0,0,0,0,0,0.0,0.0,0,
42,2026-10-09T15:26:10.472806+00:00,42.00105684100072,sda5,0.9994533019998926,16548864,12351528960,826,28929,0,57241600,0,125,0.0,57272910.98589632,972,
43,2026-10-09T15:26:11.472061+00:00,43.00071690799996,loop0,0.9992553880001651,374784,0,51,0,0,0,0,0,0.0,0.0,0,
43,2026-10-09T15:26:11.472061+00:00,43.00071690799996,loop1,0.9992553880001651,2107392,0,217,0,0,0,0,0,0.0,0.0,0,
43,2026-10-09T15:26:11.472061+00:00,43.00071690799996,loop2,0.9992553880001651,1106944,0,51,0,0,0,0,0,0.0,0.0,0,
43,2026-10-09T15:26:11.472061+00:00,43.00071690799996,loop3,0.9992553880001651,1141760,0,66,0,0,0,0,0,0.0,0.0,0,
43,2026-10-09T15:26:11.472061+00:00,43.00071690799996,loop4,0.9992553880001651,354304,0,43,0,0,0,0,0,0.0,0.0,0,
43,2026-10-09T15:26:11.472061+00:00,43.00071690799996,loop5,0.9992553880001651,18432,0,12,0,0,0,0,0,0.0,0.0,0,
43,2026-10-09T15:26:11.472061+00:00,43.00071690799996,loop6,0.9992553880001651,0,0,0,0,0,0,0,0,0.0,0.0,0,
43,2026-10-09T15:26:11.472061+00:00,43.00071690799996,loop7,0.9992553880001651,0,0,0,0,0,0,0,0,0.0,0.0,0,
43,2026-10-09T15:26:11.472061+00:00,43.00071690799996,sr0,0.9992553880001651,1536,0,8,0,0,0,0,0,0.0,0.0,0,
43,2026-10-09T15:26:11.472061+00:00,43.00071690799996,sda,0.9992553880001651,356335104,12651020288,7903,68353,0,55783424,0,116,0.0,55824991.95890328,924,
43,2026-10-09T15:26:11.472061+00:00,43.00071690799996,sda1,0.9992553880001651,319488,0,78,0,0,0,0,0,0.0,0.0,0,
43,2026-10-09T15:26:11.472061+00:00,43.00071690799996,sda2,0.9992553880001651,326784000,243589120,6593,39283,0,0,0,0,0.0,0.0,0,
43,2026-10-09T15:26:11.472061+00:00,43.00071690799996,sda3,0.9992553880001651,5571584,118784,155,25,0,0,0,0,0.0,0.0,0,
43,2026-10-09T15:26:11.472061+00:00,43.00071690799996,sda4,0.9992553880001651,4657152,0,116,0,0,0,0,0,0.0,0.0,0,
43,2026-10-09T15:26:11.472061+00:00,43.00071690799996,sda5,0.9992553880001651,16548864,12407312384,826,29045,0,55783424,0,116,0.0,55824991.95890328,924,
44,2026-10-09T15:26:12.472798+00:00,44.00136676800048,loop0,1.0007374629994956,374784,0,51,0,0,0,0,0,0.0,0.0,0,
44,2026-10-09T15:26:12.472798+00:00,44.00136676800048,loop1,1.0007374629994956,2107392,0,217,0,0,0,0,0,0.0,0.0,0,
44,2026-10-09T15:26:12.472798+00:00,44.00136676800048,loop2,1.0007374629994956,1106944,0,51,0,0,0,0,0,0.0,0.0,0,
44,2026-10-09T15:26:12.472798+00:00,44.00136676800048,loop3,1.0007374629994956,1141760,0,66,0,0,0,0,0,0.0,0.0,0,
44,2026-10-09T15:26:12.472798+00:00,44.00136676800048,loop4,1.0007374629994956,354304,0,43,0,0,0,0,0,0.0,0.0,0,
44,2026-10-09T15:26:12.472798+00:00,44.00136676800048,loop5,1.0007374629994956,18432,0,12,0,0,0,0,0,0.0,0.0,0,
44,2026-10-09T15:26:12.472798+00:00,44.00136676800048,loop6,1.0007374629994956,0,0,0,0,0,0,0,0,0.0,0.0,0,
44,2026-10-09T15:26:12.472798+00:00,44.00136676800048,loop7,1.0007374629994956,0,0,0,0,0,0,0,0,0.0,0.0,0,
44,2026-10-09T15:26:12.472798+00:00,44.00136676800048,sr0,1.0007374629994956,1536,0,8,0,0,0,0,0,0.0,0.0,0,
44,2026-10-09T15:26:12.472798+00:00,44.00136676800048,sda,1.0007374629994956,356335104,12705792000,7903,68468,0,54771712,0,115,0.0,54731349.65471719,932,
44,2026-10-09T15:26:12.472798+00:00,44.00136676800048,sda1,1.0007374629994956,319488,0,78,0,0,0,0,0,0.0,0.0,0,
44,2026-10-09T15:26:12.472798+00:00,44.00136676800048,sda2,1.0007374629994956,326784000,243589120,6593,39283,0,0,0,0,0.0,0.0,0,
44,2026-10-09T15:26:12.472798+00:00,44.00136676800048,sda3,1.0007374629994956,5571584,118784,155,25,0,0,0,0,0.0,0.0,0,
44,2026-10-09T15:26:12.472798+00:00,44.00136676800048,sda4,1.0007374629994956,4657152,0,116,0,0,0,0,0,0.0,0.0,0,
44,2026-10-09T15:26:12.472798+00:00,44.00136676800048,sda5,1.0007374629994956,16548864,12462084096,826,29160,0,54771712,0,115,0.0,54731349.65471719,932,
45,2026-10-09T15:26:13.473404+00:00,45.001920362999954,loop0,1.0006059679999453,374784,0,51,0,0,0,0,0,0.0,0.0,0,
45,2026-10-09T15:26:13.473404+00:00,45.001920362999954,loop1,1.0006059679999453,2107392,0,217,0,0,0,0,0,0.0,0.0,0,
45,2026-10-09T15:26:13.473404+00:00,45.001920362999954,loop2,1.0006059679999453,1106944,0,51,0,0,0,0,0,0.0,0.0,0,
45,2026-10-09T15:26:13.473404+00:00,45.001920362999954,loop3,1.0006059679999453,1141760,0,66,0,0,0,0,0,0.0,0.0,0,
45,2026-10-09T15:26:13.473404+00:00,45.001920362999954,loop4,1.0006059679999453,354304,0,43,0,0,0,0,0,0.0,0.0,0,
45,2026-10-09T15:26:13.473404+00:00,45.001920362999954,loop5,1.0006059679999453,18432,0,12,0,0,0,0,0,0.0,0.0,0,
45,2026-10-09T15:26:13.473404+00:00,45.001920362999954,loop6,1.0006059679999453,0,0,0,0,0,0,0,0,0.0,0.0,0,
45,2026-10-09T15:26:13.473404+00:00,45.001920362999954,loop7,1.0006059679999453,0,0,0,0,0,0,0,0,0.0,0.0,0,
45,2026-10-09T15:26:13.473404+00:00,45.001920362999954,sr0,1.0006059679999453,1536,0,8,0,0,0,0,0,0.0,0.0,0,
45,2026-10-09T15:26:13.473404+00:00,45.001920362999954,sda,1.0006059679999453,356335104,12758429696,7903,68578,0,52637696,0,110,0.0,52605818.55734332,972,
45,2026-10-09T15:26:13.473404+00:00,45.001920362999954,sda1,1.0006059679999453,319488,0,78,0,0,0,0,0,0.0,0.0,0,
45,2026-10-09T15:26:13.473404+00:00,45.001920362999954,sda2,1.0006059679999453,326784000,243589120,6593,39283,0,0,0,0,0.0,0.0,0,
45,2026-10-09T15:26:13.473404+00:00,45.001920362999954,sda3,1.0006059679999453,5571584,118784,155,25,0,0,0,0,0.0,0.0,0,
45,2026-10-09T15:26:13.473404+00:00,45.001920362999954,sda4,1.0006059679999453,4657152,0,116,0,0,0,0,0,0.0,0.0,0,
45,2026-10-09T15:26:13.473404+00:00,45.001920362999954,sda5,1.0006059679999453,16548864,12514721792,826,29270,0,52637696,0,110,0.0,52605818.55734332,972,
46,2026-10-09T15:26:14.471997+00:00,46.000646498000606,loop0,0.9985922630003188,374784,0,51,0,0,0,0,0,0.0,0.0,0,
46,2026-10-09T15:26:14.471997+00:00,46.000646498000606,loop1,0.9985922630003188,2107392,0,217,0,0,0,0,0,0.0,0.0,0,
46,2026-10-09T15:26:14.471997+00:00,46.000646498000606,loop2,0.9985922630003188,1106944,0,51,0,0,0,0,0,0.0,0.0,0,
46,2026-10-09T15:26:14.471997+00:00,46.000646498000606,loop3,0.9985922630003188,1141760,0,66,0,0,0,0,0,0.0,0.0,0,
46,2026-10-09T15:26:14.471997+00:00,46.000646498000606,loop4,0.9985922630003188,354304,0,43,0,0,0,0,0,0.0,0.0,0,
46,2026-10-09T15:26:14.471997+00:00,46.000646498000606,loop5,0.9985922630003188,18432,0,12,0,0,0,0,0,0.0,0.0,0,
46,2026-10-09T15:26:14.471997+00:00,46.000646498000606,loop6,0.9985922630003188,0,0,0,0,0,0,0,0,0.0,0.0,0,
46,2026-10-09T15:26:14.471997+00:00,46.000646498000606,loop7,0.9985922630003188,0,0,0,0,0,0,0,0,0.0,0.0,0,
46,2026-10-09T15:26:14.471997+00:00,46.000646498000606,sr0,0.9985922630003188,1536,0,8,0,0,0,0,0,0.0,0.0,0,
46,2026-10-09T15:26:14.471997+00:00,46.000646498000606,sda,0.9985922630003188,356335104,12811096064,7903,68693,0,52666368,0,115,0.0,52740612.912182346,936,
46,2026-10-09T15:26:14.471997+00:00,46.000646498000606,sda1,0.9985922630003188,319488,0,78,0,0,0,0,0,0.0,0.0,0,
46,2026-10-09T15:26:14.471997+00:00,46.000646498000606,sda2,0.9985922630003188,326784000,243601408,6593,39285,0,12288,0,2,0.0,12305.32265799868,8,
46,2026-10-09T15:26:14.471997+00:00,46.000646498000606,sda3,0.9985922630003188,5571584,118784,155,25,0,0,0,0,0.0,0.0,0,
46,2026-10-09T15:26:14.471997+00:00,46.000646498000606,sda4,0.9985922630003188,4657152,0,116,0,0,0,0,0,0.0,0.0,0,
46,2026-10-09T15:26:14.471997+00:00,46.000646498000606,sda5,0.9985922630003188,16548864,12567375872,826,29383,0,52654080,0,113,0.0,52728307.58952434,928,
47,2026-10-09T15:26:15.471620+00:00,47.000271857999905,loop0,0.9996233310002935,374784,0,51,0,0,0,0,0,0.0,0.0,0,
47,2026-10-09T15:26:15.471620+00:00,47.000271857999905,loop1,0.9996233310002935,2107392,0,217,0,0,0,0,0,0.0,0.0,0,
47,2026-10-09T15:26:15.471620+00:00,47.000271857999905,loop2,0.9996233310002935,1106944,0,51,0,0,0,0,0,0.0,0.0,0,
47,2026-10-09T15:26:15.471620+00:00,47.000271857999905,loop3,0.9996233310002935,1141760,0,66,0,0,0,0,0,0.0,0.0,0,
47,2026-10-09T15:26:15.471620+00:00,47.000271857999905,loop4,0.9996233310002935,354304,0,43,0,0,0,0,0,0.0,0.0,0,
47,2026-10-09T15:26:15.471620+00:00,47.000271857999905,loop5,0.9996233310002935,18432,0,12,0,0,0,0,0,0.0,0.0,0,
47,2026-10-09T15:26:15.471620+00:00,47.000271857999905,loop6,0.9996233310002935,0,0,0,0,0,0,0,0,0.0,0.0,0,
47,2026-10-09T15:26:15.471620+00:00,47.000271857999905,loop7,0.9996233310002935,0,0,0,0,0,0,0,0,0.0,0.0,0,
47,2026-10-09T15:26:15.471620+00:00,47.000271857999905,sr0,0.9996233310002935,1536,0,8,0,0,0,0,0,0.0,0.0,0,
47,2026-10-09T15:26:15.471620+00:00,47.000271857999905,sda,0.9996233310002935,356335104,12874260480,7903,68825,0,63164416,0,132,0.0,63188217.042506635,972,
47,2026-10-09T15:26:15.471620+00:00,47.000271857999905,sda1,0.9996233310002935,319488,0,78,0,0,0,0,0,0.0,0.0,0,
47,2026-10-09T15:26:15.471620+00:00,47.000271857999905,sda2,0.9996233310002935,326784000,243601408,6593,39285,0,0,0,0,0.0,0.0,0,
47,2026-10-09T15:26:15.471620+00:00,47.000271857999905,sda3,0.9996233310002935,5571584,118784,155,25,0,0,0,0,0.0,0.0,0,
47,2026-10-09T15:26:15.471620+00:00,47.000271857999905,sda4,0.9996233310002935,4657152,0,116,0,0,0,0,0,0.0,0.0,0,
47,2026-10-09T15:26:15.471620+00:00,47.000271857999905,sda5,0.9996233310002935,16548864,12630540288,826,29515,0,63164416,0,132,0.0,63188217.042506635,972,
48,2026-10-09T15:26:16.472268+00:00,48.000743795000744,loop0,1.000647848999506,374784,0,51,0,0,0,0,0,0.0,0.0,0,
48,2026-10-09T15:26:16.472268+00:00,48.000743795000744,loop1,1.000647848999506,2107392,0,217,0,0,0,0,0,0.0,0.0,0,
48,2026-10-09T15:26:16.472268+00:00,48.000743795000744,loop2,1.000647848999506,1106944,0,51,0,0,0,0,0,0.0,0.0,0,
48,2026-10-09T15:26:16.472268+00:00,48.000743795000744,loop3,1.000647848999506,1141760,0,66,0,0,0,0,0,0.0,0.0,0,
48,2026-10-09T15:26:16.472268+00:00,48.000743795000744,loop4,1.000647848999506,354304,0,43,0,0,0,0,0,0.0,0.0,0,
48,2026-10-09T15:26:16.472268+00:00,48.000743795000744,loop5,1.000647848999506,18432,0,12,0,0,0,0,0,0.0,0.0,0,
48,2026-10-09T15:26:16.472268+00:00,48.000743795000744,loop6,1.000647848999506,0,0,0,0,0,0,0,0,0.0,0.0,0,
48,2026-10-09T15:26:16.472268+00:00,48.000743795000744,loop7,1.000647848999506,0,0,0,0,0,0,0,0,0.0,0.0,0,
48,2026-10-09T15:26:16.472268+00:00,48.000743795000744,sr0,1.000647848999506,1536,0,8,0,0,0,0,0,0.0,0.0,0,
48,2026-10-09T15:26:16.472268+00:00,48.000743795000744,sda,1.000647848999506,356335104,12926947328,7903,68939,0,52686848,0,114,0.0,52652736.977028176,928,
48,2026-10-09T15:26:16.472268+00:00,48.000743795000744,sda1,1.000647848999506,319488,0,78,0,0,0,0,0,0.0,0.0,0,
48,2026-10-09T15:26:16.472268+00:00,48.000743795000744,sda2,1.000647848999506,326784000,243601408,6593,39285,0,0,0,0,0.0,0.0,0,
48,2026-10-09T15:26:16.472268+00:00,48.000743795000744,sda3,1.000647848999506,5571584,118784,155,25,0,0,0,0,0.0,0.0,0,
48,2026-10-09T15:26:16.472268+00:00,48.000743795000744,sda4,1.000647848999506,4657152,0,116,0,0,0,0,0,0.0,0.0,0,
48,2026-10-09T15:26:16.472268+00:00,48.000743795000744,sda5,1.000647848999506,16548864,12683227136,826,29629,0,52686848,0,114,0.0,52652736.977028176,928,
49,2026-10-09T15:26:17.473059+00:00,49.001176015000055,loop0,1.0007907010003692,374784,0,51,0,0,0,0,0,0.0,0.0,0,
49,2026-10-09T15:26:17.473059+00:00,49.001176015000055,loop1,1.0007907010003692,2107392,0,217,0,0,0,0,0,0.0,0.0,0,
49,2026-10-09T15:26:17.473059+00:00,49.001176015000055,loop2,1.0007907010003692,1106944,0,51,0,0,0,0,0,0.0,0.0,0,
49,2026-10-09T15:26:17.473059+00:00,49.001176015000055,loop3,1.0007907010003692,1141760,0,66,0,0,0,0,0,0.0,0.0,0,
49,2026-10-09T15:26:17.473059+00:00,49.001176015000055,loop4,1.0007907010003692,354304,0,43,0,0,0,0,0,0.0,0.0,0,
49,2026-10-09T15:26:17.473059+00:00,49.001176015000055,loop5,1.0007907010003692,18432,0,12,0,0,0,0,0,0.0,0.0,0,
49,2026-10-09T15:26:17.473059+00:00,49.001176015000055,loop6,1.0007907010003692,0,0,0,0,0,0,0,0,0.0,0.0,0,
49,2026-10-09T15:26:17.473059+00:00,49.001176015000055,loop7,1.0007907010003692,0,0,0,0,0,0,0,0,0.0,0.0,0,
49,2026-10-09T15:26:17.473059+00:00,49.001176015000055,sr0,1.0007907010003692,1536,0,8,0,0,0,0,0,0.0,0.0,0,
49,2026-10-09T15:26:17.473059+00:00,49.001176015000055,sda,1.0007907010003692,356335104,12987650048,7903,69066,0,60702720,0,127,0.0,60654760.22041657,944,
49,2026-10-09T15:26:17.473059+00:00,49.001176015000055,sda1,1.0007907010003692,319488,0,78,0,0,0,0,0,0.0,0.0,0,
49,2026-10-09T15:26:17.473059+00:00,49.001176015000055,sda2,1.0007907010003692,326784000,243601408,6593,39285,0,0,0,0,0.0,0.0,0,
49,2026-10-09T15:26:17.473059+00:00,49.001176015000055,sda3,1.0007907010003692,5571584,118784,155,25,0,0,0,0,0.0,0.0,0,
49,2026-10-09T15:26:17.473059+00:00,49.001176015000055,sda4,1.0007907010003692,4657152,0,116,0,0,0,0,0,0.0,0.0,0,
49,2026-10-09T15:26:17.473059+00:00,49.001176015000055,sda5,1.0007907010003692,16548864,12743929856,826,29756,0,60702720,0,127,0.0,60654760.22041657,944,
50,2026-10-09T15:26:18.472899+00:00,50.001532152000436,loop0,0.9998399850001078,374784,0,51,0,0,0,0,0,0.0,0.0,0,
50,2026-10-09T15:26:18.472899+00:00,50.001532152000436,loop1,0.9998399850001078,2107392,0,217,0,0,0,0,0,0.0,0.0,0,
50,2026-10-09T15:26:18.472899+00:00,50.001532152000436,loop2,0.9998399850001078,1106944,0,51,0,0,0,0,0,0.0,0.0,0,
50,2026-10-09T15:26:18.472899+00:00,50.001532152000436,loop3,0.9998399850001078,1141760,0,66,0,0,0,0,0,0.0,0.0,0,
50,2026-10-09T15:26:18.472899+00:00,50.001532152000436,loop4,0.9998399850001078,354304,0,43,0,0,0,0,0,0.0,0.0,0,
50,2026-10-09T15:26:18.472899+00:00,50.001532152000436,loop5,0.9998399850001078,18432,0,12,0,0,0,0,0,0.0,0.0,0,
50,2026-10-09T15:26:18.472899+00:00,50.001532152000436,loop6,0.9998399850001078,0,0,0,0,0,0,0,0,0.0,0.0,0,
50,2026-10-09T15:26:18.472899+00:00,50.001532152000436,loop7,0.9998399850001078,0,0,0,0,0,0,0,0,0.0,0.0,0,
50,2026-10-09T15:26:18.472899+00:00,50.001532152000436,sr0,0.9998399850001078,1536,0,8,0,0,0,0,0,0.0,0.0,0,
50,2026-10-09T15:26:18.472899+00:00,50.001532152000436,sda,0.9998399850001078,356335104,13043441664,7903,69183,0,55791616,0,117,0.0,55800544.92419003,1036,
50,2026-10-09T15:26:18.472899+00:00,50.001532152000436,sda1,0.9998399850001078,319488,0,78,0,0,0,0,0,0.0,0.0,0,
50,2026-10-09T15:26:18.472899+00:00,50.001532152000436,sda2,0.9998399850001078,326784000,243601408,6593,39285,0,0,0,0,0.0,0.0,0,
50,2026-10-09T15:26:18.472899+00:00,50.001532152000436,sda3,0.9998399850001078,5571584,118784,155,25,0,0,0,0,0.0,0.0,0,
50,2026-10-09T15:26:18.472899+00:00,50.001532152000436,sda4,0.9998399850001078,4657152,0,116,0,0,0,0,0,0.0,0.0,0,
50,2026-10-09T15:26:18.472899+00:00,50.001532152000436,sda5,0.9998399850001078,16548864,12799721472,826,29873,0,55791616,0,117,0.0,55800544.92419003,1036,
51,2026-10-09T15:26:19.473141+00:00,51.00152113200056,loop0,1.0002428569996482,374784,0,51,0,0,0,0,0,0.0,0.0,0,
51,2026-10-09T15:26:19.473141+00:00,51.00152113200056,loop1,1.0002428569996482,2107392,0,217,0,0,0,0,0,0.0,0.0,0,
51,2026-10-09T15:26:19.473141+00:00,51.00152113200056,loop2,1.0002428569996482,1106944,0,51,0,0,0,0,0,0.0,0.0,0,
51,2026-10-09T15:26:19.473141+00:00,51.00152113200056,loop3,1.0002428569996482,1141760,0,66,0,0,0,0,0,0.0,0.0,0,
51,2026-10-09T15:26:19.473141+00:00,51.00152113200056,loop4,1.0002428569996482,354304,0,43,0,0,0,0,0,0.0,0.0,0,
51,2026-10-09T15:26:19.473141+00:00,51.00152113200056,loop5,1.0002428569996482,18432,0,12,0,0,0,0,0,0.0,0.0,0,
51,2026-10-09T15:26:19.473141+00:00,51.00152113200056,loop6,1.0002428569996482,0,0,0,0,0,0,0,0,0.0,0.0,0,
51,2026-10-09T15:26:19.473141+00:00,51.00152113200056,loop7,1.0002428569996482,0,0,0,0,0,0,0,0,0.0,0.0,0,
51,2026-10-09T15:26:19.473141+00:00,51.00152113200056,sr0,1.0002428569996482,1536,0,8,0,0,0,0,0,0.0,0.0,0,
51,2026-10-09T15:26:19.473141+00:00,51.00152113200056,sda,1.0002428569996482,356335104,13102399488,7903,69309,0,58957824,0,126,0.0,58943509.15621758,984,
51,2026-10-09T15:26:19.473141+00:00,51.00152113200056,sda1,1.0002428569996482,319488,0,78,0,0,0,0,0,0.0,0.0,0,
51,2026-10-09T15:26:19.473141+00:00,51.00152113200056,sda2,1.0002428569996482,326784000,243617792,6593,39287,0,16384,0,2,0.0,16380.021997003636,8,
51,2026-10-09T15:26:19.473141+00:00,51.00152113200056,sda3,1.0002428569996482,5571584,118784,155,25,0,0,0,0,0.0,0.0,0,
51,2026-10-09T15:26:19.473141+00:00,51.00152113200056,sda4,1.0002428569996482,4657152,0,116,0,0,0,0,0,0.0,0.0,0,
51,2026-10-09T15:26:19.473141+00:00,51.00152113200056,sda5,1.0002428569996482,16548864,12858662912,826,29997,0,58941440,0,124,0.0,58927129.13422058,980,
52,2026-10-09T15:26:20.473255+00:00,52.00172991100044,loop0,1.0001140739996117,374784,0,51,0,0,0,0,0,0.0,0.0,0,
52,2026-10-09T15:26:20.473255+00:00,52.00172991100044,loop1,1.0001140739996117,2107392,0,217,0,0,0,0,0,0.0,0.0,0,
52,2026-10-09T15:26:20.473255+00:00,52.00172991100044,loop2,1.0001140739996117,1106944,0,51,0,0,0,0,0,0.0,0.0,0,
52,2026-10-09T15:26:20.473255+00:00,52.00172991100044,loop3,1.0001140739996117,1141760,0,66,0,0,0,0,0,0.0,0.0,0,
52,2026-10-09T15:26:20.473255+00:00,52.00172991100044,loop4,1.0001140739996117,354304,0,43,0,0,0,0,0,0.0,0.0,0,
52,2026-10-09T15:26:20.473255+00:00,52.00172991100044,loop5,1.0001140739996117,18432,0,12,0,0,0,0,0,0.0,0.0,0,
52,2026-10-09T15:26:20.473255+00:00,52.00172991100044,loop6,1.0001140739996117,0,0,0,0,0,0,0,0,0.0,0.0,0,
52,2026-10-09T15:26:20.473255+00:00,52.00172991100044,loop7,1.0001140739996117,0,0,0,0,0,0,0,0,0.0,0.0,0,
52,2026-10-09T15:26:20.473255+00:00,52.00172991100044,sr0,1.0001140739996117,1536,0,8,0,0,0,0,0,0.0,0.0,0,
52,2026-10-09T15:26:20.473255+00:00,52.00172991100044,sda,1.0001140739996117,356335104,13158580224,7903,69427,0,56180736,0,118,0.0,56174327.96973299,940,
52,2026-10-09T15:26:20.473255+00:00,52.00172991100044,sda1,1.0001140739996117,319488,0,78,0,0,0,0,0,0.0,0.0,0,
52,2026-10-09T15:26:20.473255+00:00,52.00172991100044,sda2,1.0001140739996117,326784000,243617792,6593,39287,0,0,0,0,0.0,0.0,0,
52,2026-10-09T15:26:20.473255+00:00,52.00172991100044,sda3,1.0001140739996117,5571584,118784,155,25,0,0,0,0,0.0,0.0,0,
52,2026-10-09T15:26:20.473255+00:00,52.00172991100044,sda4,1.0001140739996117,4657152,0,116,0,0,0,0,0,0.0,0.0,0,
52,2026-10-09T15:26:20.473255+00:00,52.00172991100044,sda5,1.0001140739996117,16548864,12914843648,826,30115,0,56180736,0,118,0.0,56174327.96973299,940,
53,2026-10-09T15:26:21.472632+00:00,53.00128943300024,loop0,0.9993765860008352,374784,0,51,0,0,0,0,0,0.0,0.0,0,
53,2026-10-09T15:26:21.472632+00:00,53.00128943300024,loop1,0.9993765860008352,2107392,0,217,0,0,0,0,0,0.0,0.0,0,
53,2026-10-09T15:26:21.472632+00:00,53.00128943300024,loop2,0.9993765860008352,1106944,0,51,0,0,0,0,0,0.0,0.0,0,
53,2026-10-09T15:26:21.472632+00:00,53.00128943300024,loop3,0.9993765860008352,1141760,0,66,0,0,0,0,0,0.0,0.0,0,
53,2026-10-09T15:26:21.472632+00:00,53.00128943300024,loop4,0.9993765860008352,354304,0,43,0,0,0,0,0,0.0,0.0,0,
53,2026-10-09T15:26:21.472632+00:00,53.00128943300024,loop5,0.9993765860008352,18432,0,12,0,0,0,0,0,0.0,0.0,0,
53,2026-10-09T15:26:21.472632+00:00,53.00128943300024,loop6,0.9993765860008352,0,0,0,0,0,0,0,0,0.0,0.0,0,
53,2026-10-09T15:26:21.472632+00:00,53.00128943300024,loop7,0.9993765860008352,0,0,0,0,0,0,0,0,0.0,0.0,0,
53,2026-10-09T15:26:21.472632+00:00,53.00128943300024,sr0,0.9993765860008352,1536,0,8,0,0,0,0,0,0.0,0.0,0,
53,2026-10-09T15:26:21.472632+00:00,53.00128943300024,sda,0.9993765860008352,356335104,13211910144,7903,69539,0,53329920,0,112,0.0,53363187.35803905,1004,
53,2026-10-09T15:26:21.472632+00:00,53.00128943300024,sda1,0.9993765860008352,319488,0,78,0,0,0,0,0,0.0,0.0,0,
53,2026-10-09T15:26:21.472632+00:00,53.00128943300024,sda2,0.9993765860008352,326784000,243617792,6593,39287,0,0,0,0,0.0,0.0,0,
53,2026-10-09T15:26:21.472632+00:00,53.00128943300024,sda3,0.9993765860008352,5571584,118784,155,25,0,0,0,0,0.0,0.0,0,
53,2026-10-09T15:26:21.472632+00:00,53.00128943300024,sda4,0.9993765860008352,4657152,0,116,0,0,0,0,0,0.0,0.0,0,
53,2026-10-09T15:26:21.472632+00:00,53.00128943300024,sda5,0.9993765860008352,16548864,12968173568,826,30227,0,53329920,0,112,0.0,53363187.35803905,1004,
54,2026-10-09T15:26:22.472146+00:00,54.000786065000284,loop0,0.9995140019991595,374784,0,51,0,0,0,0,0,0.0,0.0,0,
54,2026-10-09T15:26:22.472146+00:00,54.000786065000284,loop1,0.9995140019991595,2107392,0,217,0,0,0,0,0,0.0,0.0,0,
54,2026-10-09T15:26:22.472146+00:00,54.000786065000284,loop2,0.9995140019991595,1106944,0,51,0,0,0,0,0,0.0,0.0,0,
54,2026-10-09T15:26:22.472146+00:00,54.000786065000284,loop3,0.9995140019991595,1141760,0,66,0,0,0,0,0,0.0,0.0,0,
54,2026-10-09T15:26:22.472146+00:00,54.000786065000284,loop4,0.9995140019991595,354304,0,43,0,0,0,0,0,0.0,0.0,0,
54,2026-10-09T15:26:22.472146+00:00,54.000786065000284,loop5,0.9995140019991595,18432,0,12,0,0,0,0,0,0.0,0.0,0,
54,2026-10-09T15:26:22.472146+00:00,54.000786065000284,loop6,0.9995140019991595,0,0,0,0,0,0,0,0,0.0,0.0,0,
54,2026-10-09T15:26:22.472146+00:00,54.000786065000284,loop7,0.9995140019991595,0,0,0,0,0,0,0,0,0.0,0.0,0,
54,2026-10-09T15:26:22.472146+00:00,54.000786065000284,sr0,0.9995140019991595,1536,0,8,0,0,0,0,0,0.0,0.0,0,
54,2026-10-09T15:26:22.472146+00:00,54.000786065000284,sda,0.9995140019991595,356335104,13274398720,7903,69671,0,62488576,0,132,0.0,62518960.08961818,832,
54,2026-10-09T15:26:22.472146+00:00,54.000786065000284,sda1,0.9995140019991595,319488,0,78,0,0,0,0,0,0.0,0.0,0,
54,2026-10-09T15:26:22.472146+00:00,54.000786065000284,sda2,0.9995140019991595,326784000,243617792,6593,39287,0,0,0,0,0.0,0.0,0,
54,2026-10-09T15:26:22.472146+00:00,54.000786065000284,sda3,0.9995140019991595,5571584,118784,155,25,0,0,0,0,0.0,0.0,0,
54,2026-10-09T15:26:22.472146+00:00,54.000786065000284,sda4,0.9995140019991595,4657152,0,116,0,0,0,0,0,0.0,0.0,0,
54,2026-10-09T15:26:22.472146+00:00,54.000786065000284,sda5,0.9995140019991595,16548864,13030662144,826,30359,0,62488576,0,132,0.0,62518960.08961818,832,
55,2026-10-09T15:26:23.473177+00:00,55.00168857100016,loop0,1.0010302970003977,374784,0,51,0,0,0,0,0,0.0,0.0,0,
55,2026-10-09T15:26:23.473177+00:00,55.00168857100016,loop1,1.0010302970003977,2107392,0,217,0,0,0,0,0,0.0,0.0,0,
55,2026-10-09T15:26:23.473177+00:00,55.00168857100016,loop2,1.0010302970003977,1106944,0,51,0,0,0,0,0,0.0,0.0,0,
55,2026-10-09T15:26:23.473177+00:00,55.00168857100016,loop3,1.0010302970003977,1141760,0,66,0,0,0,0,0,0.0,0.0,0,
55,2026-10-09T15:26:23.473177+00:00,55.00168857100016,loop4,1.0010302970003977,354304,0,43,0,0,0,0,0,0.0,0.0,0,
55,2026-10-09T15:26:23.473177+00:00,55.00168857100016,loop5,1.0010302970003977,18432,0,12,0,0,0,0,0,0.0,0.0,0,
55,2026-10-09T15:26:23.473177+00:00,55.00168857100016,loop6,1.0010302970003977,0,0,0,0,0,0,0,0,0.0,0.0,0,
55,2026-10-09T15:26:23.473177+00:00,55.00168857100016,loop7,1.0010302970003977,0,0,0,0,0,0,0,0,0.0,0.0,0,
55,2026-10-09T15:26:23.473177+00:00,55.00168857100016,sr0,1.0010302970003977,1536,0,8,0,0,0,0,0,0.0,0.0,0,
55,2026-10-09T15:26:23.473177+00:00,55.00168857100016,sda,1.0010302970003977,356335104,13325627392,7903,69778,0,51228672,0,107,0.0,51175945.57677973,964,
55,2026-10-09T15:26:23.473177+00:00,55.00168857100016,sda1,1.0010302970003977,319488,0,78,0,0,0,0,0,0.0,0.0,0,
55,2026-10-09T15:26:23.473177+00:00,55.00168857100016,sda2,1.0010302970003977,326784000,243617792,6593,39287,0,0,0,0,0.0,0.0,0,
55,2026-10-09T15:26:23.473177+00:00,55.00168857100016,sda3,1.0010302970003977,5571584,118784,155,25,0,0,0,0,0.0,0.0,0,
55,2026-10-09T15:26:23.473177+00:00,55.00168857100016,sda4,1.0010302970003977,4657152,0,116,0,0,0,0,0,0.0,0.0,0,
55,2026-10-09T15:26:23.473177+00:00,55.00168857100016,sda5,1.0010302970003977,16548864,13081890816,826,30466,0,51228672,0,107,0.0,51175945.57677973,964,
56,2026-10-09T15:26:24.472516+00:00,56.00101573700067,loop0,0.9993393830000059,374784,0,51,0,0,0,0,0,0.0,0.0,0,
56,2026-10-09T15:26:24.472516+00:00,56.00101573700067,loop1,0.9993393830000059,2107392,0,217,0,0,0,0,0,0.0,0.0,0,
56,2026-10-09T15:26:24.472516+00:00,56.00101573700067,loop2,0.9993393830000059,1106944,0,51,0,0,0,0,0,0.0,0.0,0,
56,2026-10-09T15:26:24.472516+00:00,56.00101573700067,loop3,0.9993393830000059,1141760,0,66,0,0,0,0,0,0.0,0.0,0,
56,2026-10-09T15:26:24.472516+00:00,56.00101573700067,loop4,0.9993393830000059,354304,0,43,0,0,0,0,0,0.0,0.0,0,
56,2026-10-09T15:26:24.472516+00:00,56.00101573700067,loop5,0.9993393830000059,18432,0,12,0,0,0,0,0,0.0,0.0,0,
56,2026-10-09T15:26:24.472516+00:00,56.00101573700067,loop6,0.9993393830000059,0,0,0,0,0,0,0,0,0.0,0.0,0,
56,2026-10-09T15:26:24.472516+00:00,56.00101573700067,loop7,0.9993393830000059,0,0,0,0,0,0,0,0,0.0,0.0,0,
56,2026-10-09T15:26:24.472516+00:00,56.00101573700067,sr0,0.9993393830000059,1536,0,8,0,0,0,0,0,0.0,0.0,0,
56,2026-10-09T15:26:24.472516+00:00,56.00101573700067,sda,0.9993393830000059,356335104,13378297856,7903,69894,0,52670464,0,116,0.0,52705282.00528217,932,
56,2026-10-09T15:26:24.472516+00:00,56.00101573700067,sda1,0.9993393830000059,319488,0,78,0,0,0,0,0,0.0,0.0,0,
56,2026-10-09T15:26:24.472516+00:00,56.00101573700067,sda2,0.9993393830000059,326784000,243634176,6593,39290,0,16384,0,3,0.0,16394.830703875006,72,
56,2026-10-09T15:26:24.472516+00:00,56.00101573700067,sda3,0.9993393830000059,5571584,118784,155,25,0,0,0,0,0.0,0.0,0,
56,2026-10-09T15:26:24.472516+00:00,56.00101573700067,sda4,0.9993393830000059,4657152,0,116,0,0,0,0,0,0.0,0.0,0,
56,2026-10-09T15:26:24.472516+00:00,56.00101573700067,sda5,0.9993393830000059,16548864,13134544896,826,30579,0,52654080,0,113,0.0,52688887.174578294,928,
57,2026-10-09T15:26:25.472562+00:00,57.001048658999935,loop0,1.000046430999646,374784,0,51,0,0,0,0,0,0.0,0.0,0,
57,2026-10-09T15:26:25.472562+00:00,57.001048658999935,loop1,1.000046430999646,2107392,0,217,0,0,0,0,0,0.0,0.0,0,
57,2026-10-09T15:26:25.472562+00:00,57.001048658999935,loop2,1.000046430999646,1106944,0,51,0,0,0,0,0,0.0,0.0,0,
57,2026-10-09T15:26:25.472562+00:00,57.001048658999935,loop3,1.000046430999646,1141760,0,66,0,0,0,0,0,0.0,0.0,0,
57,2026-10-09T15:26:25.472562+00:00,57.001048658999935,loop4,1.000046430999646,354304,0,43,0,0,0,0,0,0.0,0.0,0,
57,2026-10-09T15:26:25.472562+00:00,57.001048658999935,loop5,1.000046430999646,18432,0,12,0,0,0,0,0,0.0,0.0,0,
57,2026-10-09T15:26:25.472562+00:00,57.001048658999935,loop6,1.000046430999646,0,0,0,0,0,0,0,0,0.0,0.0,0,
57,2026-10-09T15:26:25.472562+00:00,57.001048658999935,loop7,1.000046430999646,0,0,0,0,0,0,0,0,0.0,0.0,0,
57,2026-10-09T15:26:25.472562+00:00,57.001048658999935,sr0,1.000046430999646,1536,0,8,0,0,0,0,0,0.0,0.0,0,
57,2026-10-09T15:26:25.472562+00:00,57.001048658999935,sda,1.000046430999646,356335104,13432381440,7903,70008,0,54083584,0,114,0.0,54081072.96172046,956,
57,2026-10-09T15:26:25.472562+00:00,57.001048658999935,sda1,1.000046430999646,319488,0,78,0,0,0,0,0,0.0,0.0,0,
57,2026-10-09T15:26:25.472562+00:00,57.001048658999935,sda2,1.000046430999646,326784000,243634176,6593,39290,0,0,0,0,0.0,0.0,0,
57,2026-10-09T15:26:25.472562+00:00,57.001048658999935,sda3,1.000046430999646,5571584,118784,155,25,0,0,0,0,0.0,0.0,0,
57,2026-10-09T15:26:25.472562+00:00,57.001048658999935,sda4,1.000046430999646,4657152,0,116,0,0,0,0,0,0.0,0.0,0,
57,2026-10-09T15:26:25.472562+00:00,57.001048658999935,sda5,1.000046430999646,16548864,13188628480,826,30693,0,54083584,0,114,0.0,54081072.96172046,956,
58,2026-10-09T15:26:26.473286+00:00,58.00192034700012,loop0,1.0007234750000862,374784,0,51,0,0,0,0,0,0.0,0.0,0,
58,2026-10-09T15:26:26.473286+00:00,58.00192034700012,loop1,1.0007234750000862,2107392,0,217,0,0,0,0,0,0.0,0.0,0,
58,2026-10-09T15:26:26.473286+00:00,58.00192034700012,loop2,1.0007234750000862,1106944,0,51,0,0,0,0,0,0.0,0.0,0,
58,2026-10-09T15:26:26.473286+00:00,58.00192034700012,loop3,1.0007234750000862,1141760,0,66,0,0,0,0,0,0.0,0.0,0,
58,2026-10-09T15:26:26.473286+00:00,58.00192034700012,loop4,1.0007234750000862,354304,0,43,0,0,0,0,0,0.0,0.0,0,
58,2026-10-09T15:26:26.473286+00:00,58.00192034700012,loop5,1.0007234750000862,18432,0,12,0,0,0,0,0,0.0,0.0,0,
58,2026-10-09T15:26:26.473286+00:00,58.00192034700012,loop6,1.0007234750000862,0,0,0,0,0,0,0,0,0.0,0.0,0,
58,2026-10-09T15:26:26.473286+00:00,58.00192034700012,loop7,1.0007234750000862,0,0,0,0,0,0,0,0,0.0,0.0,0,
58,2026-10-09T15:26:26.473286+00:00,58.00192034700012,sr0,1.0007234750000862,1536,0,8,0,0,0,0,0,0.0,0.0,0,
58,2026-10-09T15:26:26.473286+00:00,58.00192034700012,sda,1.0007234750000862,356335104,13495545856,7903,70140,0,63164416,0,132,0.0,63118751.161497995,956,
58,2026-10-09T15:26:26.473286+00:00,58.00192034700012,sda1,1.0007234750000862,319488,0,78,0,0,0,0,0,0.0,0.0,0,
58,2026-10-09T15:26:26.473286+00:00,58.00192034700012,sda2,1.0007234750000862,326784000,243634176,6593,39290,0,0,0,0,0.0,0.0,0,
58,2026-10-09T15:26:26.473286+00:00,58.00192034700012,sda3,1.0007234750000862,5571584,118784,155,25,0,0,0,0,0.0,0.0,0,
58,2026-10-09T15:26:26.473286+00:00,58.00192034700012,sda4,1.0007234750000862,4657152,0,116,0,0,0,0,0,0.0,0.0,0,
58,2026-10-09T15:26:26.473286+00:00,58.00192034700012,sda5,1.0007234750000862,16548864,13251792896,826,30825,0,63164416,0,132,0.0,63118751.161497995,956,
59,2026-10-09T15:26:27.471477+00:00,59.00017141800072,loop0,0.9981909460002498,374784,0,51,0,0,0,0,0,0.0,0.0,0,
59,2026-10-09T15:26:27.471477+00:00,59.00017141800072,loop1,0.9981909460002498,2107392,0,217,0,0,0,0,0,0.0,0.0,0,
59,2026-10-09T15:26:27.471477+00:00,59.00017141800072,loop2,0.9981909460002498,1106944,0,51,0,0,0,0,0,0.0,0.0,0,
59,2026-10-09T15:26:27.471477+00:00,59.00017141800072,loop3,0.9981909460002498,1141760,0,66,0,0,0,0,0,0.0,0.0,0,
59,2026-10-09T15:26:27.471477+00:00,59.00017141800072,loop4,0.9981909460002498,354304,0,43,0,0,0,0,0,0.0,0.0,0,
59,2026-10-09T15:26:27.471477+00:00,59.00017141800072,loop5,0.9981909460002498,18432,0,12,0,0,0,0,0,0.0,0.0,0,
59,2026-10-09T15:26:27.471477+00:00,59.00017141800072,loop6,0.9981909460002498,0,0,0,0,0,0,0,0,0.0,0.0,0,
59,2026-10-09T15:26:27.471477+00:00,59.00017141800072,loop7,0.9981909460002498,0,0,0,0,0,0,0,0,0.0,0.0,0,
59,2026-10-09T15:26:27.471477+00:00,59.00017141800072,sr0,0.9981909460002498,1536,0,8,0,0,0,0,0,0.0,0.0,0,
59,2026-10-09T15:26:27.471477+00:00,59.00017141800072,sda,0.9981909460002498,356335104,13548183552,7903,70250,0,52637696,0,110,0.0,52733093.012834065,1004,
59,2026-10-09T15:26:27.471477+00:00,59.00017141800072,sda1,0.9981909460002498,319488,0,78,0,0,0,0,0,0.0,0.0,0,
59,2026-10-09T15:26:27.471477+00:00,59.00017141800072,sda2,0.9981909460002498,326784000,243634176,6593,39290,0,0,0,0,0.0,0.0,0,
59,2026-10-09T15:26:27.471477+00:00,59.00017141800072,sda3,0.9981909460002498,5571584,118784,155,25,0,0,0,0,0.0,0.0,0,
59,2026-10-09T15:26:27.471477+00:00,59.00017141800072,sda4,0.9981909460002498,4657152,0,116,0,0,0,0,0,0.0,0.0,0,
59,2026-10-09T15:26:27.471477+00:00,59.00017141800072,sda5,0.9981909460002498,16548864,13304430592,826,30935,0,52637696,0,110,0.0,52733093.012834065,1004,
60,2026-10-09T15:26:28.473227+00:00,60.001899957000205,loop0,1.001750137000272,374784,0,51,0,0,0,0,0,0.0,0.0,0,
60,2026-10-09T15:26:28.473227+00:00,60.001899957000205,loop1,1.001750137000272,2107392,0,217,0,0,0,0,0,0.0,0.0,0,
60,2026-10-09T15:26:28.473227+00:00,60.001899957000205,loop2,1.001750137000272,1106944,0,51,0,0,0,0,0,0.0,0.0,0,
60,2026-10-09T15:26:28.473227+00:00,60.001899957000205,loop3,1.001750137000272,1141760,0,66,0,0,0,0,0,0.0,0.0,0,
60,2026-10-09T15:26:28.473227+00:00,60.001899957000205,loop4,1.001750137000272,354304,0,43,0,0,0,0,0,0.0,0.0,0,
60,2026-10-09T15:26:28.473227+00:00,60.001899957000205,loop5,1.001750137000272,18432,0,12,0,0,0,0,0,0.0,0.0,0,
60,2026-10-09T15:26:28.473227+00:00,60.001899957000205,loop6,1.001750137000272,0,0,0,0,0,0,0,0,0.0,0.0,0,
60,2026-10-09T15:26:28.473227+00:00,60.001899957000205,loop7,1.001750137000272,0,0,0,0,0,0,0,0,0.0,0.0,0,
60,2026-10-09T15:26:28.473227+00:00,60.001899957000205,sr0,1.001750137000272,1536,0,8,0,0,0,0,0,0.0,0.0,0,
60,2026-10-09T15:26:28.473227+00:00,60.001899957000205,sda,1.001750137000272,356335104,13600866304,7903,70366,0,52682752,0,116,0.0,52590711.05071953,972,
60,2026-10-09T15:26:28.473227+00:00,60.001899957000205,sda1,1.001750137000272,319488,0,78,0,0,0,0,0,0.0,0.0,0,
60,2026-10-09T15:26:28.473227+00:00,60.001899957000205,sda2,1.001750137000272,326784000,243634176,6593,39290,0,0,0,0,0.0,0.0,0,
60,2026-10-09T15:26:28.473227+00:00,60.001899957000205,sda3,1.001750137000272,5571584,118784,155,25,0,0,0,0,0.0,0.0,0,
60,2026-10-09T15:26:28.473227+00:00,60.001899957000205,sda4,1.001750137000272,4657152,0,116,0,0,0,0,0,0.0,0.0,0,
60,2026-10-09T15:26:28.473227+00:00,60.001899957000205,sda5,1.001750137000272,16548864,13357113344,826,31051,0,52682752,0,116,0.0,52590711.05071953,972,
61,2026-10-09T15:26:29.473868+00:00,61.00244776100044,loop0,1.0006408139997802,374784,0,51,0,0,0,0,0,0.0,0.0,0,
61,2026-10-09T15:26:29.473868+00:00,61.00244776100044,loop1,1.0006408139997802,2107392,0,217,0,0,0,0,0,0.0,0.0,0,
61,2026-10-09T15:26:29.473868+00:00,61.00244776100044,loop2,1.0006408139997802,1106944,0,51,0,0,0,0,0,0.0,0.0,0,
61,2026-10-09T15:26:29.473868+00:00,61.00244776100044,loop3,1.0006408139997802,1141760,0,66,0,0,0,0,0,0.0,0.0,0,
61,2026-10-09T15:26:29.473868+00:00,61.00244776100044,loop4,1.0006408139997802,354304,0,43,0,0,0,0,0,0.0,0.0,0,
61,2026-10-09T15:26:29.473868+00:00,61.00244776100044,loop5,1.0006408139997802,18432,0,12,0,0,0,0,0,0.0,0.0,0,
61,2026-10-09T15:26:29.473868+00:00,61.00244776100044,loop6,1.0006408139997802,0,0,0,0,0,0,0,0,0.0,0.0,0,
61,2026-10-09T15:26:29.473868+00:00,61.00244776100044,loop7,1.0006408139997802,0,0,0,0,0,0,0,0,0.0,0.0,0,
61,2026-10-09T15:26:29.473868+00:00,61.00244776100044,sr0,1.0006408139997802,1536,0,8,0,0,0,0,0,0.0,0.0,0,
61,2026-10-09T15:26:29.473868+00:00,61.00244776100044,sda,1.0006408139997802,356335104,13653549056,7903,70482,0,52682752,0,116,0.0,52649013.774898425,928,
61,2026-10-09T15:26:29.473868+00:00,61.00244776100044,sda1,1.0006408139997802,319488,0,78,0,0,0,0,0,0.0,0.0,0,
61,2026-10-09T15:26:29.473868+00:00,61.00244776100044,sda2,1.0006408139997802,326784000,243662848,6593,39293,0,28672,0,3,0.0,28653.638347402346,48,
61,2026-10-09T15:26:29.473868+00:00,61.00244776100044,sda3,1.0006408139997802,5571584,118784,155,25,0,0,0,0,0.0,0.0,0,
61,2026-10-09T15:26:29.473868+00:00,61.00244776100044,sda4,1.0006408139997802,4657152,0,116,0,0,0,0,0,0.0,0.0,0,
61,2026-10-09T15:26:29.473868+00:00,61.00244776100044,sda5,1.0006408139997802,16548864,13409767424,826,31164,0,52654080,0,113,0.0,52620360.13655102,1000,
62,2026-10-09T15:26:30.471587+00:00,62.00036462800017,loop0,0.9977191219995802,374784,0,51,0,0,0,0,0,0.0,0.0,0,
62,2026-10-09T15:26:30.471587+00:00,62.00036462800017,loop1,0.9977191219995802,2107392,0,217,0,0,0,0,0,0.0,0.0,0,
62,2026-10-09T15:26:30.471587+00:00,62.00036462800017,loop2,0.9977191219995802,1106944,0,51,0,0,0,0,0,0.0,0.0,0,
62,2026-10-09T15:26:30.471587+00:00,62.00036462800017,loop3,0.9977191219995802,1141760,0,66,0,0,0,0,0,0.0,0.0,0,
62,2026-10-09T15:26:30.471587+00:00,62.00036462800017,loop4,0.9977191219995802,354304,0,43,0,0,0,0,0,0.0,0.0,0,
62,2026-10-09T15:26:30.471587+00:00,62.00036462800017,loop5,0.9977191219995802,18432,0,12,0,0,0,0,0,0.0,0.0,0,
62,2026-10-09T15:26:30.471587+00:00,62.00036462800017,loop6,0.9977191219995802,0,0,0,0,0,0,0,0,0.0,0.0,0,
62,2026-10-09T15:26:30.471587+00:00,62.00036462800017,loop7,0.9977191219995802,0,0,0,0,0,0,0,0,0.0,0.0,0,
62,2026-10-09T15:26:30.471587+00:00,62.00036462800017,sr0,0.9977191219995802,1536,0,8,0,0,0,0,0,0.0,0.0,0,
62,2026-10-09T15:26:30.471587+00:00,62.00036462800017,sda,0.9977191219995802,356335104,13706186752,7903,70592,0,52637696,0,110,0.0,52758030.63141266,948,
62,2026-10-09T15:26:30.471587+00:00,62.00036462800017,sda1,0.9977191219995802,319488,0,78,0,0,0,0,0,0.0,0.0,0,
62,2026-10-09T15:26:30.471587+00:00,62.00036462800017,sda2,0.9977191219995802,326784000,243662848,6593,39293,0,0,0,0,0.0,0.0,0,
62,2026-10-09T15:26:30.471587+00:00,62.00036462800017,sda3,0.9977191219995802,5571584,118784,155,25,0,0,0,0,0.0,0.0,0,
62,2026-10-09T15:26:30.471587+00:00,62.00036462800017,sda4,0.9977191219995802,4657152,0,116,0,0,0,0,0,0.0,0.0,0,
62,2026-10-09T15:26:30.471587+00:00,62.00036462800017,sda5,0.9977191219995802,16548864,13462405120,826,31274,0,52637696,0,110,0.0,52758030.63141266,948,
63,2026-10-09T15:26:31.471714+00:00,63.00030202900052,loop0,1.0001278670006286,374784,0,51,0,0,0,0,0,0.0,0.0,0,
63,2026-10-09T15:26:31.471714+00:00,63.00030202900052,loop1,1.0001278670006286,2107392,0,217,0,0,0,0,0,0.0,0.0,0,
63,2026-10-09T15:26:31.471714+00:00,63.00030202900052,loop2,1.0001278670006286,1106944,0,51,0,0,0,0,0,0.0,0.0,0,
63,2026-10-09T15:26:31.471714+00:00,63.00030202900052,loop3,1.0001278670006286,1141760,0,66,0,0,0,0,0,0.0,0.0,0,
63,2026-10-09T15:26:31.471714+00:00,63.00030202900052,loop4,1.0001278670006286,354304,0,43,0,0,0,0,0,0.0,0.0,0,
63,2026-10-09T15:26:31.471714+00:00,63.00030202900052,loop5,1.0001278670006286,18432,0,12,0,0,0,0,0,0.0,0.0,0,
63,2026-10-09T15:26:31.471714+00:00,63.00030202900052,loop6,1.0001278670006286,0,0,0,0,0,0,0,0,0.0,0.0,0,
63,2026-10-09T15:26:31.471714+00:00,63.00030202900052,loop7,1.0001278670006286,0,0,0,0,0,0,0,0,0.0,0.0,0,
63,2026-10-09T15:26:31.471714+00:00,63.00030202900052,sr0,1.0001278670006286,1536,0,8,0,0,0,0,0,0.0,0.0,0,
63,2026-10-09T15:26:31.471714+00:00,63.00030202900052,sda,1.0001278670006286,356335104,13758824448,7903,70702,0,52637696,0,110,0.0,52630966.23620719,940,
63,2026-10-09T15:26:31.471714+00:00,63.00030202900052,sda1,1.0001278670006286,319488,0,78,0,0,0,0,0,0.0,0.0,0,
63,2026-10-09T15:26:31.471714+00:00,63.00030202900052,sda2,1.0001278670006286,326784000,243662848,6593,39293,0,0,0,0,0.0,0.0,0,
63,2026-10-09T15:26:31.471714+00:00,63.00030202900052,sda3,1.0001278670006286,5571584,118784,155,25,0,0,0,0,0.0,0.0,0,
63,2026-10-09T15:26:31.471714+00:00,63.00030202900052,sda4,1.0001278670006286,4657152,0,116,0,0,0,0,0,0.0,0.0,0,
63,2026-10-09T15:26:31.471714+00:00,63.00030202900052,sda5,1.0001278670006286,16548864,13515042816,826,31384,0,52637696,0,110,0.0,52630966.23620719,940,
64,2026-10-09T15:26:32.472330+00:00,64.00050947799991,loop0,1.0006157079997138,374784,0,51,0,0,0,0,0,0.0,0.0,0,
64,2026-10-09T15:26:32.472330+00:00,64.00050947799991,loop1,1.0006157079997138,2107392,0,217,0,0,0,0,0,0.0,0.0,0,
64,2026-10-09T15:26:32.472330+00:00,64.00050947799991,loop2,1.0006157079997138,1106944,0,51,0,0,0,0,0,0.0,0.0,0,
64,2026-10-09T15:26:32.472330+00:00,64.00050947799991,loop3,1.0006157079997138,1141760,0,66,0,0,0,0,0,0.0,0.0,0,
64,2026-10-09T15:26:32.472330+00:00,64.00050947799991,loop4,1.0006157079997138,354304,0,43,0,0,0,0,0,0.0,0.0,0,
64,2026-10-09T15:26:32.472330+00:00,64.00050947799991,loop5,1.0006157079997138,18432,0,12,0,0,0,0,0,0.0,0.0,0,
64,2026-10-09T15:26:32.472330+00:00,64.00050947799991,loop6,1.0006157079997138,0,0,0,0,0,0,0,0,0.0,0.0,0,
64,2026-10-09T15:26:32.472330+00:00,64.00050947799991,loop7,1.0006157079997138,0,0,0,0,0,0,0,0,0.0,0.0,0,
64,2026-10-09T15:26:32.472330+00:00,64.00050947799991,sr0,1.0006157079997138,1536,0,8,0,0,0,0,0,0.0,0.0,0,
64,2026-10-09T15:26:32.472330+00:00,64.00050947799991,sda,1.0006157079997138,356335104,13812154368,7903,70814,0,53329920,0,112,0.0,53297104.54636922,1036,
64,2026-10-09T15:26:32.472330+00:00,64.00050947799991,sda1,1.0006157079997138,319488,0,78,0,0,0,0,0,0.0,0.0,0,
64,2026-10-09T15:26:32.472330+00:00,64.00050947799991,sda2,1.0006157079997138,326784000,243662848,6593,39293,0,0,0,0,0.0,0.0,0,
64,2026-10-09T15:26:32.472330+00:00,64.00050947799991,sda3,1.0006157079997138,5571584,118784,155,25,0,0,0,0,0.0,0.0,0,
64,2026-10-09T15:26:32.472330+00:00,64.00050947799991,sda4,1.0006157079997138,4657152,0,116,0,0,0,0,0,0.0,0.0,0,
64,2026-10-09T15:26:32.472330+00:00,64.00050947799991,sda5,1.0006157079997138,16548864,13568372736,826,31496,0,53329920,0,112,0.0,53297104.54636922,1036,
65,2026-10-09T15:26:33.471641+00:00,65.00015987500046,loop0,0.9993105920002563,374784,0,51,0,0,0,0,0,0.0,0.0,0,
65,2026-10-09T15:26:33.471641+00:00,65.00015987500046,loop1,0.9993105920002563,2107392,0,217,0,0,0,0,0,0.0,0.0,0,
65,2026-10-09T15:26:33.471641+00:00,65.00015987500046,loop2,0.9993105920002563,1106944,0,51,0,0,0,0,0,0.0,0.0,0,
65,2026-10-09T15:26:33.471641+00:00,65.00015987500046,loop3,0.9993105920002563,1141760,0,66,0,0,0,0,0,0.0,0.0,0,
65,2026-10-09T15:26:33.471641+00:00,65.00015987500046,loop4,0.9993105920002563,354304,0,43,0,0,0,0,0,0.0,0.0,0,
65,2026-10-09T15:26:33.471641+00:00,65.00015987500046,loop5,0.9993105920002563,18432,0,12,0,0,0,0,0,0.0,0.0,0,
65,2026-10-09T15:26:33.471641+00:00,65.00015987500046,loop6,0.9993105920002563,0,0,0,0,0,0,0,0,0.0,0.0,0,
65,2026-10-09T15:26:33.471641+00:00,65.00015987500046,loop7,0.9993105920002563,0,0,0,0,0,0,0,0,0.0,0.0,0,
65,2026-10-09T15:26:33.471641+00:00,65.00015987500046,sr0,0.9993105920002563,1536,0,8,0,0,0,0,0,0.0,0.0,0,
65,2026-10-09T15:26:33.471641+00:00,65.00015987500046,sda,0.9993105920002563,356335104,13874626560,7903,70944,0,62472192,0,130,0.0,62515290.54140554,960,
65,2026-10-09T15:26:33.471641+00:00,65.00015987500046,sda1,0.9993105920002563,319488,0,78,0,0,0,0,0,0.0,0.0,0,
65,2026-10-09T15:26:33.471641+00:00,65.00015987500046,sda2,0.9993105920002563,326784000,243662848,6593,39293,0,0,0,0,0.0,0.0,0,
65,2026-10-09T15:26:33.471641+00:00,65.00015987500046,sda3,0.9993105920002563,5571584,118784,155,25,0,0,0,0,0.0,0.0,0,
65,2026-10-09T15:26:33.471641+00:00,65.00015987500046,sda4,0.9993105920002563,4657152,0,116,0,0,0,0,0,0.0,0.0,0,
65,2026-10-09T15:26:33.471641+00:00,65.00015987500046,sda5,0.9993105920002563,16548864,13630844928,826,31626,0,62472192,0,130,0.0,62515290.54140554,960,
66,2026-10-09T15:26:34.472880+00:00,66.00158677900072,loop0,1.0012387669994496,374784,0,51,0,0,0,0,0,0.0,0.0,0,
66,2026-10-09T15:26:34.472880+00:00,66.00158677900072,loop1,1.0012387669994496,2107392,0,217,0,0,0,0,0,0.0,0.0,0,
66,2026-10-09T15:26:34.472880+00:00,66.00158677900072,loop2,1.0012387669994496,1106944,0,51,0,0,0,0,0,0.0,0.0,0,
66,2026-10-09T15:26:34.472880+00:00,66.00158677900072,loop3,1.0012387669994496,1141760,0,66,0,0,0,0,0,0.0,0.0,0,
66,2026-10-09T15:26:34.472880+00:00,66.00158677900072,loop4,1.0012387669994496,354304,0,43,0,0,0,0,0,0.0,0.0,0,
66,2026-10-09T15:26:34.472880+00:00,66.00158677900072,loop5,1.0012387669994496,18432,0,12,0,0,0,0,0,0.0,0.0,0,
66,2026-10-09T15:26:34.472880+00:00,66.00158677900072,loop6,1.0012387669994496,0,0,0,0,0,0,0,0,0.0,0.0,0,
66,2026-10-09T15:26:34.472880+00:00,66.00158677900072,loop7,1.0012387669994496,0,0,0,0,0,0,0,0,0.0,0.0,0,
66,2026-10-09T15:26:34.472880+00:00,66.00158677900072,sr0,1.0012387669994496,1536,0,8,0,0,0,0,0,0.0,0.0,0,
66,2026-10-09T15:26:34.472880+00:00,66.00158677900072,sda,1.0012387669994496,356335104,13925920768,7903,71062,0,51294208,0,118,0.0,51230745.04368267,864,
66,2026-10-09T15:26:34.472880+00:00,66.00158677900072,sda1,1.0012387669994496,319488,0,78,0,0,0,0,0,0.0,0.0,0,
66,2026-10-09T15:26:34.472880+00:00,66.00158677900072,sda2,1.0012387669994496,326784000,243699712,6593,39298,0,36864,0,5,0.0,36818.39059276084,16,
66,2026-10-09T15:26:34.472880+00:00,66.00158677900072,sda3,1.0012387669994496,5571584,118784,155,25,0,0,0,0,0.0,0.0,0,
66,2026-10-09T15:26:34.472880+00:00,66.00158677900072,sda4,1.0012387669994496,4657152,0,116,0,0,0,0,0,0.0,0.0,0,
66,2026-10-09T15:26:34.472880+00:00,66.00158677900072,sda5,1.0012387669994496,16548864,13682102272,826,31739,0,51257344,0,113,0.0,51193926.65308991,856,
67,2026-10-09T15:26:35.472680+00:00,67.00125681700047,loop0,0.9998004409999339,374784,0,51,0,0,0,0,0,0.0,0.0,0,
67,2026-10-09T15:26:35.472680+00:00,67.00125681700047,loop1,0.9998004409999339,2107392,0,217,0,0,0,0,0,0.0,0.0,0,
67,2026-10-09T15:26:35.472680+00:00,67.00125681700047,loop2,0.9998004409999339,1106944,0,51,0,0,0,0,0,0.0,0.0,0,
67,2026-10-09T15:26:35.472680+00:00,67.00125681700047,loop3,0.9998004409999339,1141760,0,66,0,0,0,0,0,0.0,0.0,0,
67,2026-10-09T15:26:35.472680+00:00,67.00125681700047,loop4,0.9998004409999339,354304,0,43,0,0,0,0,0,0.0,0.0,0,
67,2026-10-09T15:26:35.472680+00:00,67.00125681700047,loop5,0.9998004409999339,18432,0,12,0,0,0,0,0,0.0,0.0,0,
67,2026-10-09T15:26:35.472680+00:00,67.00125681700047,loop6,0.9998004409999339,0,0,0,0,0,0,0,0,0.0,0.0,0,
67,2026-10-09T15:26:35.472680+00:00,67.00125681700047,loop7,0.9998004409999339,0,0,0,0,0,0,0,0,0.0,0.0,0,
67,2026-10-09T15:26:35.472680+00:00,67.00125681700047,sr0,0.9998004409999339,1536,0,8,0,0,0,0,0,0.0,0.0,0,
67,2026-10-09T15:26:35.472680+00:00,67.00125681700047,sda,0.9998004409999339,356335104,13980004352,7903,71176,0,54083584,0,114,0.0,54094379.02018646,972,
67,2026-10-09T15:26:35.472680+00:00,67.00125681700047,sda1,0.9998004409999339,319488,0,78,0,0,0,0,0,0.0,0.0,0,
67,2026-10-09T15:26:35.472680+00:00,67.00125681700047,sda2,0.9998004409999339,326784000,243699712,6593,39298,0,0,0,0,0.0,0.0,0,
67,2026-10-09T15:26:35.472680+00:00,67.00125681700047,sda3,0.9998004409999339,5571584,118784,155,25,0,0,0,0,0.0,0.0,0,
67,2026-10-09T15:26:35.472680+00:00,67.00125681700047,sda4,0.9998004409999339,4657152,0,116,0,0,0,0,0,0.0,0.0,0,
67,2026-10-09T15:26:35.472680+00:00,67.00125681700047,sda5,0.9998004409999339,16548864,13736185856,826,31853,0,54083584,0,114,0.0,54094379.02018646,972,
68,2026-10-09T15:26:36.473104+00:00,68.00109644800068,loop0,1.000424467000812,374784,0,51,0,0,0,0,0,0.0,0.0,0,
68,2026-10-09T15:26:36.473104+00:00,68.00109644800068,loop1,1.000424467000812,2107392,0,217,0,0,0,0,0,0.0,0.0,0,
68,2026-10-09T15:26:36.473104+00:00,68.00109644800068,loop2,1.000424467000812,1106944,0,51,0,0,0,0,0,0.0,0.0,0,
68,2026-10-09T15:26:36.473104+00:00,68.00109644800068,loop3,1.000424467000812,1141760,0,66,0,0,0,0,0,0.0,0.0,0,
68,2026-10-09T15:26:36.473104+00:00,68.00109644800068,loop4,1.000424467000812,354304,0,43,0,0,0,0,0,0.0,0.0,0,
68,2026-10-09T15:26:36.473104+00:00,68.00109644800068,loop5,1.000424467000812,18432,0,12,0,0,0,0,0,0.0,0.0,0,
68,2026-10-09T15:26:36.473104+00:00,68.00109644800068,loop6,1.000424467000812,0,0,0,0,0,0,0,0,0.0,0.0,0,
68,2026-10-09T15:26:36.473104+00:00,68.00109644800068,loop7,1.000424467000812,0,0,0,0,0,0,0,0,0.0,0.0,0,
68,2026-10-09T15:26:36.473104+00:00,68.00109644800068,sr0,1.000424467000812,1536,0,8,0,0,0,0,0,0.0,0.0,0,
68,2026-10-09T15:26:36.473104+00:00,68.00109644800068,sda,1.000424467000812,356335104,14042083328,7903,71305,0,62078976,0,129,0.0,62052636.70340603,1012,
68,2026-10-09T15:26:36.473104+00:00,68.00109644800068,sda1,1.000424467000812,319488,0,78,0,0,0,0,0,0.0,0.0,0,
68,2026-10-09T15:26:36.473104+00:00,68.00109644800068,sda2,1.000424467000812,326784000,243699712,6593,39298,0,0,0,0,0.0,0.0,0,
68,2026-10-09T15:26:36.473104+00:00,68.00109644800068,sda3,1.000424467000812,5571584,118784,155,25,0,0,0,0,0.0,0.0,0,
68,2026-10-09T15:26:36.473104+00:00,68.00109644800068,sda4,1.000424467000812,4657152,0,116,0,0,0,0,0,0.0,0.0,0,
68,2026-10-09T15:26:36.473104+00:00,68.00109644800068,sda5,1.000424467000812,16548864,13798264832,826,31982,0,62078976,0,129,0.0,62052636.70340603,1012,
69,2026-10-09T15:26:37.473391+00:00,69.00180535400068,loop0,1.000286478999442,374784,0,51,0,0,0,0,0,0.0,0.0,0,
69,2026-10-09T15:26:37.473391+00:00,69.00180535400068,loop1,1.000286478999442,2107392,0,217,0,0,0,0,0,0.0,0.0,0,
69,2026-10-09T15:26:37.473391+00:00,69.00180535400068,loop2,1.000286478999442,1106944,0,51,0,0,0,0,0,0.0,0.0,0,
69,2026-10-09T15:26:37.473391+00:00,69.00180535400068,loop3,1.000286478999442,1141760,0,66,0,0,0,0,0,0.0,0.0,0,
69,2026-10-09T15:26:37.473391+00:00,69.00180535400068,loop4,1.000286478999442,354304,0,43,0,0,0,0,0,0.0,0.0,0,
69,2026-10-09T15:26:37.473391+00:00,69.00180535400068,loop5,1.000286478999442,18432,0,12,0,0,0,0,0,0.0,0.0,0,
69,2026-10-09T15:26:37.473391+00:00,69.00180535400068,loop6,1.000286478999442,0,0,0,0,0,0,0,0,0.0,0.0,0,
69,2026-10-09T15:26:37.473391+00:00,69.00180535400068,loop7,1.000286478999442,0,0,0,0,0,0,0,0,0.0,0.0,0,
69,2026-10-09T15:26:37.473391+00:00,69.00180535400068,sr0,1.000286478999442,1536,0,8,0,0,0,0,0,0.0,0.0,0,
69,2026-10-09T15:26:37.473391+00:00,69.00180535400068,sda,1.000286478999442,356335104,14095806464,7903,71418,0,53723136,0,113,0.0,53707749.85755853,920,
69,2026-10-09T15:26:37.473391+00:00,69.00180535400068,sda1,1.000286478999442,319488,0,78,0,0,0,0,0,0.0,0.0,0,
69,2026-10-09T15:26:37.473391+00:00,69.00180535400068,sda2,1.000286478999442,326784000,243699712,6593,39298,0,0,0,0,0.0,0.0,0,
69,2026-10-09T15:26:37.473391+00:00,69.00180535400068,sda3,1.000286478999442,5571584,118784,155,25,0,0,0,0,0.0,0.0,0,
69,2026-10-09T15:26:37.473391+00:00,69.00180535400068,sda4,1.000286478999442,4657152,0,116,0,0,0,0,0,0.0,0.0,0,
69,2026-10-09T15:26:37.473391+00:00,69.00180535400068,sda5,1.000286478999442,16548864,13851987968,826,32095,0,53723136,0,113,0.0,53707749.85755853,920,
70,2026-10-09T15:26:38.472450+00:00,70.001073636,loop0,0.9990589489998456,374784,0,51,0,0,0,0,0,0.0,0.0,0,
70,2026-10-09T15:26:38.472450+00:00,70.001073636,loop1,0.9990589489998456,2107392,0,217,0,0,0,0,0,0.0,0.0,0,
70,2026-10-09T15:26:38.472450+00:00,70.001073636,loop2,0.9990589489998456,1106944,0,51,0,0,0,0,0,0.0,0.0,0,
70,2026-10-09T15:26:38.472450+00:00,70.001073636,loop3,0.9990589489998456,1141760,0,66,0,0,0,0,0,0.0,0.0,0,
70,2026-10-09T15:26:38.472450+00:00,70.001073636,loop4,0.9990589489998456,354304,0,43,0,0,0,0,0,0.0,0.0,0,
70,2026-10-09T15:26:38.472450+00:00,70.001073636,loop5,0.9990589489998456,18432,0,12,0,0,0,0,0,0.0,0.0,0,
70,2026-10-09T15:26:38.472450+00:00,70.001073636,loop6,0.9990589489998456,0,0,0,0,0,0,0,0,0.0,0.0,0,
70,2026-10-09T15:26:38.472450+00:00,70.001073636,loop7,0.9990589489998456,0,0,0,0,0,0,0,0,0.0,0.0,0,
70,2026-10-09T15:26:38.472450+00:00,70.001073636,sr0,0.9990589489998456,1536,0,8,0,0,0,0,0,0.0,0.0,0,
70,2026-10-09T15:26:38.472450+00:00,70.001073636,sda,0.9990589489998456,356335104,14149136384,7903,71530,0,53329920,0,112,0.0,53380153.446789496,1008,
70,2026-10-09T15:26:38.472450+00:00,70.001073636,sda1,0.9990589489998456,319488,0,78,0,0,0,0,0,0.0,0.0,0,
70,2026-10-09T15:26:38.472450+00:00,70.001073636,sda2,0.9990589489998456,326784000,243699712,6593,39298,0,0,0,0,0.0,0.0,0,
70,2026-10-09T15:26:38.472450+00:00,70.001073636,sda3,0.9990589489998456,5571584,118784,155,25,0,0,0,0,0.0,0.0,0,
70,2026-10-09T15:26:38.472450+00:00,70.001073636,sda4,0.9990589489998456,4657152,0,116,0,0,0,0,0,0.0,0.0,0,
70,2026-10-09T15:26:38.472450+00:00,70.001073636,sda5,0.9990589489998456,16548864,13905317888,826,32207,0,53329920,0,112,0.0,53380153.446789496,1008,
71,2026-10-09T15:26:39.472797+00:00,71.00127289400007,loop0,1.0003464620003797,374784,0,51,0,0,0,0,0,0.0,0.0,0,
71,2026-10-09T15:26:39.472797+00:00,71.00127289400007,loop1,1.0003464620003797,2107392,0,217,0,0,0,0,0,0.0,0.0,0,
71,2026-10-09T15:26:39.472797+00:00,71.00127289400007,loop2,1.0003464620003797,1106944,0,51,0,0,0,0,0,0.0,0.0,0,
71,2026-10-09T15:26:39.472797+00:00,71.00127289400007,loop3,1.0003464620003797,1141760,0,66,0,0,0,0,0,0.0,0.0,0,
71,2026-10-09T15:26:39.472797+00:00,71.00127289400007,loop4,1.0003464620003797,354304,0,43,0,0,0,0,0,0.0,0.0,0,
71,2026-10-09T15:26:39.472797+00:00,71.00127289400007,loop5,1.0003464620003797,18432,0,12,0,0,0,0,0,0.0,0.0,0,
71,2026-10-09T15:26:39.472797+00:00,71.00127289400007,loop6,1.0003464620003797,0,0,0,0,0,0,0,0,0.0,0.0,0,
71,2026-10-09T15:26:39.472797+00:00,71.00127289400007,loop7,1.0003464620003797,0,0,0,0,0,0,0,0,0.0,0.0,0,
71,2026-10-09T15:26:39.472797+00:00,71.00127289400007,sr0,1.0003464620003797,1536,0,8,0,0,0,0,0,0.0,0.0,0,
71,2026-10-09T15:26:39.472797+00:00,71.00127289400007,sda,1.0003464620003797,356335104,14201094144,7903,71640,0,51957760,0,110,0.0,51939764.845172495,948,
71,2026-10-09T15:26:39.472797+00:00,71.00127289400007,sda1,1.0003464620003797,319488,0,78,0,0,0,0,0,0.0,0.0,0,
71,2026-10-09T15:26:39.472797+00:00,71.00127289400007,sda2,1.0003464620003797,326784000,243712000,6593,39300,0,12288,0,2,0.0,12283.744149429836,12,
71,2026-10-09T15:26:39.472797+00:00,71.00127289400007,sda3,1.0003464620003797,5571584,118784,155,25,0,0,0,0,0.0,0.0,0,
71,2026-10-09T15:26:39.472797+00:00,71.00127289400007,sda4,1.0003464620003797,4657152,0,116,0,0,0,0,0,0.0,0.0,0,
71,2026-10-09T15:26:39.472797+00:00,71.00127289400007,sda5,1.0003464620003797,16548864,13957263360,826,32315,0,51945472,0,108,0.0,51927481.10102306,944,
72,2026-10-09T15:26:40.473087+00:00,72.00179114399998,loop0,1.000290527999823,374784,0,51,0,0,0,0,0,0.0,0.0,0,
72,2026-10-09T15:26:40.473087+00:00,72.00179114399998,loop1,1.000290527999823,2107392,0,217,0,0,0,0,0,0.0,0.0,0,
72,2026-10-09T15:26:40.473087+00:00,72.00179114399998,loop2,1.000290527999823,1106944,0,51,0,0,0,0,0,0.0,0.0,0,
72,2026-10-09T15:26:40.473087+00:00,72.00179114399998,loop3,1.000290527999823,1141760,0,66,0,0,0,0,0,0.0,0.0,0,
72,2026-10-09T15:26:40.473087+00:00,72.00179114399998,loop4,1.000290527999823,354304,0,43,0,0,0,0,0,0.0,0.0,0,
72,2026-10-09T15:26:40.473087+00:00,72.00179114399998,loop5,1.000290527999823,18432,0,12,0,0,0,0,0,0.0,0.0,0,
72,2026-10-09T15:26:40.473087+00:00,72.00179114399998,loop6,1.000290527999823,0,0,0,0,0,0,0,0,0.0,0.0,0,
72,2026-10-09T15:26:40.473087+00:00,72.00179114399998,loop7,1.000290527999823,0,0,0,0,0,0,0,0,0.0,0.0,0,
72,2026-10-09T15:26:40.473087+00:00,72.00179114399998,sr0,1.000290527999823,1536,0,8,0,0,0,0,0,0.0,0.0,0,
72,2026-10-09T15:26:40.473087+00:00,72.00179114399998,sda,1.000290527999823,356335104,14262894592,7903,71773,0,61800448,0,133,0.0,61782498.4543,976,
72,2026-10-09T15:26:40.473087+00:00,72.00179114399998,sda1,1.000290527999823,319488,0,78,0,0,0,0,0,0.0,0.0,0,
72,2026-10-09T15:26:40.473087+00:00,72.00179114399998,sda2,1.000290527999823,326784000,243712000,6593,39300,0,0,0,0,0.0,0.0,0,
72,2026-10-09T15:26:40.473087+00:00,72.00179114399998,sda3,1.000290527999823,5571584,118784,155,25,0,0,0,0,0.0,0.0,0,
72,2026-10-09T15:26:40.473087+00:00,72.00179114399998,sda4,1.000290527999823,4657152,0,116,0,0,0,0,0,0.0,0.0,0,
72,2026-10-09T15:26:40.473087+00:00,72.00179114399998,sda5,1.000290527999823,16548864,14019063808,826,32448,0,61800448,0,133,0.0,61782498.4543,976,
73,2026-10-09T15:26:41.471596+00:00,73.00027771900022,loop0,0.9985089910005627,374784,0,51,0,0,0,0,0,0.0,0.0,0,
73,2026-10-09T15:26:41.471596+00:00,73.00027771900022,loop1,0.9985089910005627,2107392,0,217,0,0,0,0,0,0.0,0.0,0,
73,2026-10-09T15:26:41.471596+00:00,73.00027771900022,loop2,0.9985089910005627,1106944,0,51,0,0,0,0,0,0.0,0.0,0,
73,2026-10-09T15:26:41.471596+00:00,73.00027771900022,loop3,0.9985089910005627,1141760,0,66,0,0,0,0,0,0.0,0.0,0,
73,2026-10-09T15:26:41.471596+00:00,73.00027771900022,loop4,0.9985089910005627,354304,0,43,0,0,0,0,0,0.0,0.0,0,
73,2026-10-09T15:26:41.471596+00:00,73.00027771900022,loop5,0.9985089910005627,18432,0,12,0,0,0,0,0,0.0,0.0,0,
73,2026-10-09T15:26:41.471596+00:00,73.00027771900022,loop6,0.9985089910005627,0,0,0,0,0,0,0,0,0.0,0.0,0,
73,2026-10-09T15:26:41.471596+00:00,73.00027771900022,loop7,0.9985089910005627,0,0,0,0,0,0,0,0,0.0,0.0,0,
73,2026-10-09T15:26:41.471596+00:00,73.00027771900022,sr0,0.9985089910005627,1536,0,8,0,0,0,0,0,0.0,0.0,0,
73,2026-10-09T15:26:41.471596+00:00,73.00027771900022,sda,0.9985089910005627,356335104,14316945408,7903,71886,0,54050816,0,113,0.0,54131526.5933039,936,
73,2026-10-09T15:26:41.471596+00:00,73.00027771900022,sda1,0.9985089910005627,319488,0,78,0,0,0,0,0,0.0,0.0,0,
73,2026-10-09T15:26:41.471596+00:00,73.00027771900022,sda2,0.9985089910005627,326784000,243712000,6593,39300,0,0,0,0,0.0,0.0,0,
73,2026-10-09T15:26:41.471596+00:00,73.00027771900022,sda3,0.9985089910005627,5571584,118784,155,25,0,0,0,0,0.0,0.0,0,
73,2026-10-09T15:26:41.471596+00:00,73.00027771900022,sda4,0.9985089910005627,4657152,0,116,0,0,0,0,0,0.0,0.0,0,
73,2026-10-09T15:26:41.471596+00:00,73.00027771900022,sda5,0.9985089910005627,16548864,14073114624,826,32561,0,54050816,0,113,0.0,54131526.5933039,936,
74,2026-10-09T15:26:42.472282+00:00,74.00086549800017,loop0,1.0006858009992357,374784,0,51,0,0,0,0,0,0.0,0.0,0,
74,2026-10-09T15:26:42.472282+00:00,74.00086549800017,loop1,1.0006858009992357,2107392,0,217,0,0,0,0,0,0.0,0.0,0,
74,2026-10-09T15:26:42.472282+00:00,74.00086549800017,loop2,1.0006858009992357,1106944,0,51,0,0,0,0,0,0.0,0.0,0,
74,2026-10-09T15:26:42.472282+00:00,74.00086549800017,loop3,1.0006858009992357,1141760,0,66,0,0,0,0,0,0.0,0.0,0,
74,2026-10-09T15:26:42.472282+00:00,74.00086549800017,loop4,1.0006858009992357,354304,0,43,0,0,0,0,0,0.0,0.0,0,
74,2026-10-09T15:26:42.472282+00:00,74.00086549800017,loop5,1.0006858009992357,18432,0,12,0,0,0,0,0,0.0,0.0,0,
74,2026-10-09T15:26:42.472282+00:00,74.00086549800017,loop6,1.0006858009992357,0,0,0,0,0,0,0,0,0.0,0.0,0,
74,2026-10-09T15:26:42.472282+00:00,74.00086549800017,loop7,1.0006858009992357,0,0,0,0,0,0,0,0,0.0,0.0,0,
74,2026-10-09T15:26:42.472282+00:00,74.00086549800017,sr0,1.0006858009992357,1536,0,8,0,0,0,0,0,0.0,0.0,0,
74,2026-10-09T15:26:42.472282+00:00,74.00086549800017,sda,1.0006858009992357,356335104,14376239104,7903,72010,0,59293696,0,124,0.0,59253060.192112476,1024,
74,2026-10-09T15:26:42.472282+00:00,74.00086549800017,sda1,1.0006858009992357,319488,0,78,0,0,0,0,0,0.0,0.0,0,
74,2026-10-09T15:26:42.472282+00:00,74.00086549800017,sda2,1.0006858009992357,326784000,243712000,6593,39300,0,0,0,0,0.0,0.0,0,
74,2026-10-09T15:26:42.472282+00:00,74.00086549800017,sda3,1.0006858009992357,5571584,118784,155,25,0,0,0,0,0.0,0.0,0,
74,2026-10-09T15:26:42.472282+00:00,74.00086549800017,sda4,1.0006858009992357,4657152,0,116,0,0,0,0,0,0.0,0.0,0,
74,2026-10-09T15:26:42.472282+00:00,74.00086549800017,sda5,1.0006858009992357,16548864,14132408320,826,32685,0,59293696,0,124,0.0,59253060.192112476,1024,
75,2026-10-09T15:26:43.471743+00:00,75.0002841330006,loop0,0.9994610590001685,374784,0,51,0,0,0,0,0,0.0,0.0,0,
75,2026-10-09T15:26:43.471743+00:00,75.0002841330006,loop1,0.9994610590001685,2107392,0,217,0,0,0,0,0,0.0,0.0,0,
75,2026-10-09T15:26:43.471743+00:00,75.0002841330006,loop2,0.9994610590001685,1106944,0,51,0,0,0,0,0,0.0,0.0,0,
75,2026-10-09T15:26:43.471743+00:00,75.0002841330006,loop3,0.9994610590001685,1141760,0,66,0,0,0,0,0,0.0,0.0,0,
75,2026-10-09T15:26:43.471743+00:00,75.0002841330006,loop4,0.9994610590001685,354304,0,43,0,0,0,0,0,0.0,0.0,0,
75,2026-10-09T15:26:43.471743+00:00,75.0002841330006,loop5,0.9994610590001685,18432,0,12,0,0,0,0,0,0.0,0.0,0,
75,2026-10-09T15:26:43.471743+00:00,75.0002841330006,loop6,0.9994610590001685,0,0,0,0,0,0,0,0,0.0,0.0,0,
75,2026-10-09T15:26:43.471743+00:00,75.0002841330006,loop7,0.9994610590001685,0,0,0,0,0,0,0,0,0.0,0.0,0,
75,2026-10-09T15:26:43.471743+00:00,75.0002841330006,sr0,0.9994610590001685,1536,0,8,0,0,0,0,0,0.0,0.0,0,
75,2026-10-09T15:26:43.471743+00:00,75.0002841330006,sda,0.9994610590001685,356335104,14432747520,7903,72128,0,56508416,0,118,0.0,56538887.124356166,904,
75,2026-10-09T15:26:43.471743+00:00,75.0002841330006,sda1,0.9994610590001685,319488,0,78,0,0,0,0,0,0.0,0.0,0,
75,2026-10-09T15:26:43.471743+00:00,75.0002841330006,sda2,0.9994610590001685,326784000,243712000,6593,39300,0,0,0,0,0.0,0.0,0,
75,2026-10-09T15:26:43.471743+00:00,75.0002841330006,sda3,0.9994610590001685,5571584,118784,155,25,0,0,0,0,0.0,0.0,0,
75,2026-10-09T15:26:43.471743+00:00,75.0002841330006,sda4,0.9994610590001685,4657152,0,116,0,0,0,0,0,0.0,0.0,0,
75,2026-10-09T15:26:43.471743+00:00,75.0002841330006,sda5,0.9994610590001685,16548864,14188916736,826,32803,0,56508416,0,118,0.0,56538887.124356166,904,
76,2026-10-09T15:26:44.472815+00:00,76.00143293200017,loop0,1.0010725610000009,374784,0,51,0,0,0,0,0,0.0,0.0,0,
76,2026-10-09T15:26:44.472815+00:00,76.00143293200017,loop1,1.0010725610000009,2107392,0,217,0,0,0,0,0,0.0,0.0,0,
76,2026-10-09T15:26:44.472815+00:00,76.00143293200017,loop2,1.0010725610000009,1106944,0,51,0,0,0,0,0,0.0,0.0,0,
76,2026-10-09T15:26:44.472815+00:00,76.00143293200017,loop3,1.0010725610000009,1141760,0,66,0,0,0,0,0,0.0,0.0,0,
76,2026-10-09T15:26:44.472815+00:00,76.00143293200017,loop4,1.0010725610000009,354304,0,43,0,0,0,0,0,0.0,0.0,0,
76,2026-10-09T15:26:44.472815+00:00,76.00143293200017,loop5,1.0010725610000009,18432,0,12,0,0,0,0,0,0.0,0.0,0,
76,2026-10-09T15:26:44.472815+00:00,76.00143293200017,loop6,1.0010725610000009,0,0,0,0,0,0,0,0,0.0,0.0,0,
76,2026-10-09T15:26:44.472815+00:00,76.00143293200017,loop7,1.0010725610000009,0,0,0,0,0,0,0,0,0.0,0.0,0,
76,2026-10-09T15:26:44.472815+00:00,76.00143293200017,sr0,1.0010725610000009,1536,0,8,0,0,0,0,0,0.0,0.0,0,
76,2026-10-09T15:26:44.472815+00:00,76.00143293200017,sda,1.0010725610000009,356335104,14495924224,7903,72262,0,63176704,0,134,0.0,63109015.73097851,976,
76,2026-10-09T15:26:44.472815+00:00,76.00143293200017,sda1,1.0010725610000009,319488,0,78,0,0,0,0,0,0.0,0.0,0,
76,2026-10-09T15:26:44.472815+00:00,76.00143293200017,sda2,1.0010725610000009,326784000,243724288,6593,39302,0,12288,0,2,0.0,12274.834491243228,12,
76,2026-10-09T15:26:44.472815+00:00,76.00143293200017,sda3,1.0010725610000009,5571584,118784,155,25,0,0,0,0,0.0,0.0,0,
76,2026-10-09T15:26:44.472815+00:00,76.00143293200017,sda4,1.0010725610000009,4657152,0,116,0,0,0,0,0,0.0,0.0,0,
76,2026-10-09T15:26:44.472815+00:00,76.00143293200017,sda5,1.0010725610000009,16548864,14252081152,826,32935,0,63164416,0,132,0.0,63096740.896487266,968,
77,2026-10-09T15:26:45.471857+00:00,77.00045846800003,loop0,0.9990417810004146,374784,0,51,0,0,0,0,0,0.0,0.0,0,
77,2026-10-09T15:26:45.471857+00:00,77.00045846800003,loop1,0.9990417810004146,2107392,0,217,0,0,0,0,0,0.0,0.0,0,
77,2026-10-09T15:26:45.471857+00:00,77.00045846800003,loop2,0.9990417810004146,1106944,0,51,0,0,0,0,0,0.0,0.0,0,
77,2026-10-09T15:26:45.471857+00:00,77.00045846800003,loop3,0.9990417810004146,1141760,0,66,0,0,0,0,0,0.0,0.0,0,
77,2026-10-09T15:26:45.471857+00:00,77.00045846800003,loop4,0.9990417810004146,354304,0,43,0,0,0,0,0,0.0,0.0,0,
77,2026-10-09T15:26:45.471857+00:00,77.00045846800003,loop5,0.9990417810004146,18432,0,12,0,0,0,0,0,0.0,0.0,0,
77,2026-10-09T15:26:45.471857+00:00,77.00045846800003,loop6,0.9990417810004146,0,0,0,0,0,0,0,0,0.0,0.0,0,
77,2026-10-09T15:26:45.471857+00:00,77.00045846800003,loop7,0.9990417810004146,0,0,0,0,0,0,0,0,0.0,0.0,0,
77,2026-10-09T15:26:45.471857+00:00,77.00045846800003,sr0,0.9990417810004146,1536,0,8,0,0,0,0,0,0.0,0.0,0,
77,2026-10-09T15:26:45.471857+00:00,77.00045846800003,sda,0.9990417810004146,356335104,14548578304,7903,72375,0,52654080,0,113,0.0,52704582.53234771,984,
77,2026-10-09T15:26:45.471857+00:00,77.00045846800003,sda1,0.9990417810004146,319488,0,78,0,0,0,0,0,0.0,0.0,0,
77,2026-10-09T15:26:45.471857+00:00,77.00045846800003,sda2,0.9990417810004146,326784000,243724288,6593,39302,0,0,0,0,0.0,0.0,0,
77,2026-10-09T15:26:45.471857+00:00,77.00045846800003,sda3,0.9990417810004146,5571584,118784,155,25,0,0,0,0,0.0,0.0,0,
77,2026-10-09T15:26:45.471857+00:00,77.00045846800003,sda4,0.9990417810004146,4657152,0,116,0,0,0,0,0,0.0,0.0,0,
77,2026-10-09T15:26:45.471857+00:00,77.00045846800003,sda5,0.9990417810004146,16548864,14304735232,826,33048,0,52654080,0,113,0.0,52704582.53234771,984,
78,2026-10-09T15:26:46.473767+00:00,78.00202604400056,loop0,1.001909558999614,374784,0,51,0,0,0,0,0,0.0,0.0,0,
78,2026-10-09T15:26:46.473767+00:00,78.00202604400056,loop1,1.001909558999614,2107392,0,217,0,0,0,0,0,0.0,0.0,0,
78,2026-10-09T15:26:46.473767+00:00,78.00202604400056,loop2,1.001909558999614,1106944,0,51,0,0,0,0,0,0.0,0.0,0,
78,2026-10-09T15:26:46.473767+00:00,78.00202604400056,loop3,1.001909558999614,1141760,0,66,0,0,0,0,0,0.0,0.0,0,
78,2026-10-09T15:26:46.473767+00:00,78.00202604400056,loop4,1.001909558999614,354304,0,43,0,0,0,0,0,0.0,0.0,0,
78,2026-10-09T15:26:46.473767+00:00,78.00202604400056,loop5,1.001909558999614,18432,0,12,0,0,0,0,0,0.0,0.0,0,
78,2026-10-09T15:26:46.473767+00:00,78.00202604400056,loop6,1.001909558999614,0,0,0,0,0,0,0,0,0.0,0.0,0,
78,2026-10-09T15:26:46.473767+00:00,78.00202604400056,loop7,1.001909558999614,0,0,0,0,0,0,0,0,0.0,0.0,0,
78,2026-10-09T15:26:46.473767+00:00,78.00202604400056,sr0,1.001909558999614,1536,0,8,0,0,0,0,0,0.0,0.0,0,
78,2026-10-09T15:26:46.473767+00:00,78.00202604400056,sda,1.001909558999614,356335104,14601265152,7903,72490,0,52686848,0,115,0.0,52586431.10722162,984,
78,2026-10-09T15:26:46.473767+00:00,78.00202604400056,sda1,1.001909558999614,319488,0,78,0,0,0,0,0,0.0,0.0,0,
78,2026-10-09T15:26:46.473767+00:00,78.00202604400056,sda2,1.001909558999614,326784000,243724288,6593,39302,0,0,0,0,0.0,0.0,0,
78,2026-10-09T15:26:46.473767+00:00,78.00202604400056,sda3,1.001909558999614,5571584,118784,155,25,0,0,0,0,0.0,0.0,0,
78,2026-10-09T15:26:46.473767+00:00,78.00202604400056,sda4,1.001909558999614,4657152,0,116,0,0,0,0,0,0.0,0.0,0,
78,2026-10-09T15:26:46.473767+00:00,78.00202604400056,sda5,1.001909558999614,16548864,14357422080,826,33163,0,52686848,0,115,0.0,52586431.10722162,984,
79,2026-10-09T15:26:47.472297+00:00,79.00094913700013,loop0,0.9985300380003537,374784,0,51,0,0,0,0,0,0.0,0.0,0,
79,2026-10-09T15:26:47.472297+00:00,79.00094913700013,loop1,0.9985300380003537,2107392,0,217,0,0,0,0,0,0.0,0.0,0,
79,2026-10-09T15:26:47.472297+00:00,79.00094913700013,loop2,0.9985300380003537,1106944,0,51,0,0,0,0,0,0.0,0.0,0,
79,2026-10-09T15:26:47.472297+00:00,79.00094913700013,loop3,0.9985300380003537,1141760,0,66,0,0,0,0,0,0.0,0.0,0,
79,2026-10-09T15:26:47.472297+00:00,79.00094913700013,loop4,0.9985300380003537,354304,0,43,0,0,0,0,0,0.0,0.0,0,
79,2026-10-09T15:26:47.472297+00:00,79.00094913700013,loop5,0.9985300380003537,18432,0,12,0,0,0,0,0,0.0,0.0,0,
79,2026-10-09T15:26:47.472297+00:00,79.00094913700013,loop6,0.9985300380003537,0,0,0,0,0,0,0,0,0.0,0.0,0,
79,2026-10-09T15:26:47.472297+00:00,79.00094913700013,loop7,0.9985300380003537,0,0,0,0,0,0,0,0,0.0,0.0,0,
79,2026-10-09T15:26:47.472297+00:00,79.00094913700013,sr0,0.9985300380003537,1536,0,8,0,0,0,0,0,0.0,0.0,0,
79,2026-10-09T15:26:47.472297+00:00,79.00094913700013,sda,0.9985300380003537,356335104,14664425472,7903,72621,0,63160320,0,131,0.0,63253299.94727472,928,
79,2026-10-09T15:26:47.472297+00:00,79.00094913700013,sda1,0.9985300380003537,319488,0,78,0,0,0,0,0,0.0,0.0,0,
79,2026-10-09T15:26:47.472297+00:00,79.00094913700013,sda2,0.9985300380003537,326784000,243724288,6593,39302,0,0,0,0,0.0,0.0,0,
79,2026-10-09T15:26:47.472297+00:00,79.00094913700013,sda3,0.9985300380003537,5571584,118784,155,25,0,0,0,0,0.0,0.0,0,
79,2026-10-09T15:26:47.472297+00:00,79.00094913700013,sda4,0.9985300380003537,4657152,0,116,0,0,0,0,0,0.0,0.0,0,
79,2026-10-09T15:26:47.472297+00:00,79.00094913700013,sda5,0.9985300380003537,16548864,14420582400,826,33294,0,63160320,0,131,0.0,63253299.94727472,928,
80,2026-10-09T15:26:48.472250+00:00,80.00096861700058,loop0,0.9999532029996772,374784,0,51,0,0,0,0,0,0.0,0.0,0,
80,2026-10-09T15:26:48.472250+00:00,80.00096861700058,loop1,0.9999532029996772,2107392,0,217,0,0,0,0,0,0.0,0.0,0,
80,2026-10-09T15:26:48.472250+00:00,80.00096861700058,loop2,0.9999532029996772,1106944,0,51,0,0,0,0,0,0.0,0.0,0,
80,2026-10-09T15:26:48.472250+00:00,80.00096861700058,loop3,0.9999532029996772,1141760,0,66,0,0,0,0,0,0.0,0.0,0,
80,2026-10-09T15:26:48.472250+00:00,80.00096861700058,loop4,0.9999532029996772,354304,0,43,0,0,0,0,0,0.0,0.0,0,
80,2026-10-09T15:26:48.472250+00:00,80.00096861700058,loop5,0.9999532029996772,18432,0,12,0,0,0,0,0,0.0,0.0,0,
80,2026-10-09T15:26:48.472250+00:00,80.00096861700058,loop6,0.9999532029996772,0,0,0,0,0,0,0,0,0.0,0.0,0,
80,2026-10-09T15:26:48.472250+00:00,80.00096861700058,loop7,0.9999532029996772,0,0,0,0,0,0,0,0,0.0,0.0,0,
80,2026-10-09T15:26:48.472250+00:00,80.00096861700058,sr0,0.9999532029996772,1536,0,8,0,0,0,0,0,0.0,0.0,0,
80,2026-10-09T15:26:48.472250+00:00,80.00096861700058,sda,0.9999532029996772,356335104,14727589888,7903,72753,0,63164416,0,132,0.0,63167372.04352991,968,
80,2026-10-09T15:26:48.472250+00:00,80.00096861700058,sda1,0.9999532029996772,319488,0,78,0,0,0,0,0,0.0,0.0,0,
80,2026-10-09T15:26:48.472250+00:00,80.00096861700058,sda2,0.9999532029996772,326784000,243724288,6593,39302,0,0,0,0,0.0,0.0,0,
80,2026-10-09T15:26:48.472250+00:00,80.00096861700058,sda3,0.9999532029996772,5571584,118784,155,25,0,0,0,0,0.0,0.0,0,
80,2026-10-09T15:26:48.472250+00:00,80.00096861700058,sda4,0.9999532029996772,4657152,0,116,0,0,0,0,0,0.0,0.0,0,
80,2026-10-09T15:26:48.472250+00:00,80.00096861700058,sda5,0.9999532029996772,16548864,14483746816,826,33426,0,63164416,0,132,0.0,63167372.04352991,968,
81,2026-10-09T15:26:49.471798+00:00,81.00016778000008,loop0,0.9995476909998615,374784,0,51,0,0,0,0,0,0.0,0.0,0,
81,2026-10-09T15:26:49.471798+00:00,81.00016778000008,loop1,0.9995476909998615,2107392,0,217,0,0,0,0,0,0.0,0.0,0,
81,2026-10-09T15:26:49.471798+00:00,81.00016778000008,loop2,0.9995476909998615,1106944,0,51,0,0,0,0,0,0.0,0.0,0,
81,2026-10-09T15:26:49.471798+00:00,81.00016778000008,loop3,0.9995476909998615,1141760,0,66,0,0,0,0,0,0.0,0.0,0,
81,2026-10-09T15:26:49.471798+00:00,81.00016778000008,loop4,0.9995476909998615,354304,0,43,0,0,0,0,0,0.0,0.0,0,
81,2026-10-09T15:26:49.471798+00:00,81.00016778000008,loop5,0.9995476909998615,18432,0,12,0,0,0,0,0,0.0,0.0,0,
81,2026-10-09T15:26:49.471798+00:00,81.00016778000008,loop6,0.9995476909998615,0,0,0,0,0,0,0,0,0.0,0.0,0,
81,2026-10-09T15:26:49.471798+00:00,81.00016778000008,loop7,0.9995476909998615,0,0,0,0,0,0,0,0,0.0,0.0,0,
81,2026-10-09T15:26:49.471798+00:00,81.00016778000008,sr0,0.9995476909998615,1536,0,8,0,0,0,0,0,0.0,0.0,0,
81,2026-10-09T15:26:49.471798+00:00,81.00016778000008,sda,0.9995476909998615,356335104,14786895872,7903,72879,0,59305984,0,126,0.0,59332820.76883735,1004,
81,2026-10-09T15:26:49.471798+00:00,81.00016778000008,sda1,0.9995476909998615,319488,0,78,0,0,0,0,0,0.0,0.0,0,
81,2026-10-09T15:26:49.471798+00:00,81.00016778000008,sda2,0.9995476909998615,326784000,243736576,6593,39304,0,12288,0,2,0.0,12293.560488052493,8,
81,2026-10-09T15:26:49.471798+00:00,81.00016778000008,sda3,0.9995476909998615,5571584,118784,155,25,0,0,0,0,0.0,0.0,0,
81,2026-10-09T15:26:49.471798+00:00,81.00016778000008,sda4,0.9995476909998615,4657152,0,116,0,0,0,0,0,0.0,0.0,0,
81,2026-10-09T15:26:49.471798+00:00,81.00016778000008,sda5,0.9995476909998615,16548864,14543040512,826,33550,0,59293696,0,124,0.0,59320527.208349295,1000,
82,2026-10-09T15:26:50.471794+00:00,82.00034679200053,loop0,0.9999964290000207,374784,0,51,0,0,0,0,0,0.0,0.0,0,
82,2026-10-09T15:26:50.471794+00:00,82.00034679200053,loop1,0.9999964290000207,2107392,0,217,0,0,0,0,0,0.0,0.0,0,
82,2026-10-09T15:26:50.471794+00:00,82.00034679200053,loop2,0.9999964290000207,1106944,0,51,0,0,0,0,0,0.0,0.0,0,
82,2026-10-09T15:26:50.471794+00:00,82.00034679200053,loop3,0.9999964290000207,1141760,0,66,0,0,0,0,0,0.0,0.0,0,
82,2026-10-09T15:26:50.471794+00:00,82.00034679200053,loop4,0.9999964290000207,354304,0,43,0,0,0,0,0,0.0,0.0,0,
82,2026-10-09T15:26:50.471794+00:00,82.00034679200053,loop5,0.9999964290000207,18432,0,12,0,0,0,0,0,0.0,0.0,0,
82,2026-10-09T15:26:50.471794+00:00,82.00034679200053,loop6,0.9999964290000207,0,0,0,0,0,0,0,0,0.0,0.0,0,
82,2026-10-09T15:26:50.471794+00:00,82.00034679200053,loop7,0.9999964290000207,0,0,0,0,0,0,0,0,0.0,0.0,0,
82,2026-10-09T15:26:50.471794+00:00,82.00034679200053,sr0,0.9999964290000207,1536,0,8,0,0,0,0,0,0.0,0.0,0,
82,2026-10-09T15:26:50.471794+00:00,82.00034679200053,sda,0.9999964290000207,356335104,14843420672,7903,73000,0,56524800,0,121,0.0,56525001.850780435,916,
82,2026-10-09T15:26:50.471794+00:00,82.00034679200053,sda1,0.9999964290000207,319488,0,78,0,0,0,0,0,0.0,0.0,0,
82,2026-10-09T15:26:50.471794+00:00,82.00034679200053,sda2,0.9999964290000207,326784000,243736576,6593,39304,0,0,0,0,0.0,0.0,0,
82,2026-10-09T15:26:50.471794+00:00,82.00034679200053,sda3,0.9999964290000207,5571584,118784,155,25,0,0,0,0,0.0,0.0,0,
82,2026-10-09T15:26:50.471794+00:00,82.00034679200053,sda4,0.9999964290000207,4657152,0,116,0,0,0,0,0,0.0,0.0,0,
82,2026-10-09T15:26:50.471794+00:00,82.00034679200053,sda5,0.9999964290000207,16548864,14599565312,826,33671,0,56524800,0,121,0.0,56525001.850780435,916,
83,2026-10-09T15:26:51.472351+00:00,83.00105502099996,loop0,1.000556885000151,374784,0,51,0,0,0,0,0,0.0,0.0,0,
83,2026-10-09T15:26:51.472351+00:00,83.00105502099996,loop1,1.000556885000151,2107392,0,217,0,0,0,0,0,0.0,0.0,0,
83,2026-10-09T15:26:51.472351+00:00,83.00105502099996,loop2,1.000556885000151,1106944,0,51,0,0,0,0,0,0.0,0.0,0,
83,2026-10-09T15:26:51.472351+00:00,83.00105502099996,loop3,1.000556885000151,1141760,0,66,0,0,0,0,0,0.0,0.0,0,
83,2026-10-09T15:26:51.472351+00:00,83.00105502099996,loop4,1.000556885000151,354304,0,43,0,0,0,0,0,0.0,0.0,0,
83,2026-10-09T15:26:51.472351+00:00,83.00105502099996,loop5,1.000556885000151,18432,0,12,0,0,0,0,0,0.0,0.0,0,
83,2026-10-09T15:26:51.472351+00:00,83.00105502099996,loop6,1.000556885000151,0,0,0,0,0,0,0,0,0.0,0.0,0,
83,2026-10-09T15:26:51.472351+00:00,83.00105502099996,loop7,1.000556885000151,0,0,0,0,0,0,0,0,0.0,0.0,0,
83,2026-10-09T15:26:51.472351+00:00,83.00105502099996,sr0,1.000556885000151,1536,0,8,0,0,0,0,0,0.0,0.0,0,
83,2026-10-09T15:26:51.472351+00:00,83.00105502099996,sda,1.000556885000151,356335104,14896058368,7903,73110,0,52637696,0,110,0.0,52608399.17161937,972,
83,2026-10-09T15:26:51.472351+00:00,83.00105502099996,sda1,1.000556885000151,319488,0,78,0,0,0,0,0,0.0,0.0,0,
83,2026-10-09T15:26:51.472351+00:00,83.00105502099996,sda2,1.000556885000151,326784000,243736576,6593,39304,0,0,0,0,0.0,0.0,0,
83,2026-10-09T15:26:51.472351+00:00,83.00105502099996,sda3,1.000556885000151,5571584,118784,155,25,0,0,0,0,0.0,0.0,0,
83,2026-10-09T15:26:51.472351+00:00,83.00105502099996,sda4,1.000556885000151,4657152,0,116,0,0,0,0,0,0.0,0.0,0,
83,2026-10-09T15:26:51.472351+00:00,83.00105502099996,sda5,1.000556885000151,16548864,14652203008,826,33781,0,52637696,0,110,0.0,52608399.17161937,972,
84,2026-10-09T15:26:52.471500+00:00,84.0002101580003,loop0,0.9991484909996871,374784,0,51,0,0,0,0,0,0.0,0.0,0,
84,2026-10-09T15:26:52.471500+00:00,84.0002101580003,loop1,0.9991484909996871,2107392,0,217,0,0,0,0,0,0.0,0.0,0,
84,2026-10-09T15:26:52.471500+00:00,84.0002101580003,loop2,0.9991484909996871,1106944,0,51,0,0,0,0,0,0.0,0.0,0,
84,2026-10-09T15:26:52.471500+00:00,84.0002101580003,loop3,0.9991484909996871,1141760,0,66,0,0,0,0,0,0.0,0.0,0,
84,2026-10-09T15:26:52.471500+00:00,84.0002101580003,loop4,0.9991484909996871,354304,0,43,0,0,0,0,0,0.0,0.0,0,
84,2026-10-09T15:26:52.471500+00:00,84.0002101580003,loop5,0.9991484909996871,18432,0,12,0,0,0,0,0,0.0,0.0,0,
84,2026-10-09T15:26:52.471500+00:00,84.0002101580003,loop6,0.9991484909996871,0,0,0,0,0,0,0,0,0.0,0.0,0,
84,2026-10-09T15:26:52.471500+00:00,84.0002101580003,loop7,0.9991484909996871,0,0,0,0,0,0,0,0,0.0,0.0,0,
84,2026-10-09T15:26:52.471500+00:00,84.0002101580003,sr0,0.9991484909996871,1536,0,8,0,0,0,0,0,0.0,0.0,0,
84,2026-10-09T15:26:52.471500+00:00,84.0002101580003,sda,0.9991484909996871,356335104,14956457984,7903,73240,0,60399616,0,130,0.0,60451090.64776531,968,
84,2026-10-09T15:26:52.471500+00:00,84.0002101580003,sda1,0.9991484909996871,319488,0,78,0,0,0,0,0,0.0,0.0,0,
84,2026-10-09T15:26:52.471500+00:00,84.0002101580003,sda2,0.9991484909996871,326784000,243736576,6593,39304,0,0,0,0,0.0,0.0,0,
84,2026-10-09T15:26:52.471500+00:00,84.0002101580003,sda3,0.9991484909996871,5571584,118784,155,25,0,0,0,0,0.0,0.0,0,
84,2026-10-09T15:26:52.471500+00:00,84.0002101580003,sda4,0.9991484909996871,4657152,0,116,0,0,0,0,0,0.0,0.0,0,
84,2026-10-09T15:26:52.471500+00:00,84.0002101580003,sda5,0.9991484909996871,16548864,14712602624,826,33911,0,60399616,0,130,0.0,60451090.64776531,968,
85,2026-10-09T15:26:53.472985+00:00,85.00114018800014,loop0,1.0014856630004942,374784,0,51,0,0,0,0,0,0.0,0.0,0,
85,2026-10-09T15:26:53.472985+00:00,85.00114018800014,loop1,1.0014856630004942,2107392,0,217,0,0,0,0,0,0.0,0.0,0,
85,2026-10-09T15:26:53.472985+00:00,85.00114018800014,loop2,1.0014856630004942,1106944,0,51,0,0,0,0,0,0.0,0.0,0,
85,2026-10-09T15:26:53.472985+00:00,85.00114018800014,loop3,1.0014856630004942,1141760,0,66,0,0,0,0,0,0.0,0.0,0,
85,2026-10-09T15:26:53.472985+00:00,85.00114018800014,loop4,1.0014856630004942,354304,0,43,0,0,0,0,0,0.0,0.0,0,
85,2026-10-09T15:26:53.472985+00:00,85.00114018800014,loop5,1.0014856630004942,18432,0,12,0,0,0,0,0,0.0,0.0,0,
85,2026-10-09T15:26:53.472985+00:00,85.00114018800014,loop6,1.0014856630004942,0,0,0,0,0,0,0,0,0.0,0.0,0,
85,2026-10-09T15:26:53.472985+00:00,85.00114018800014,loop7,1.0014856630004942,0,0,0,0,0,0,0,0,0.0,0.0,0,
85,2026-10-09T15:26:53.472985+00:00,85.00114018800014,sr0,1.0014856630004942,1536,0,8,0,0,0,0,0,0.0,0.0,0,
85,2026-10-09T15:26:53.472985+00:00,85.00114018800014,sda,1.0014856630004942,356335104,15009095680,7903,73350,0,52637696,0,110,0.0,52559610.13190662,976,
85,2026-10-09T15:26:53.472985+00:00,85.00114018800014,sda1,1.0014856630004942,319488,0,78,0,0,0,0,0,0.0,0.0,0,
85,2026-10-09T15:26:53.472985+00:00,85.00114018800014,sda2,1.0014856630004942,326784000,243736576,6593,39304,0,0,0,0,0.0,0.0,0,
85,2026-10-09T15:26:53.472985+00:00,85.00114018800014,sda3,1.0014856630004942,5571584,118784,155,25,0,0,0,0,0.0,0.0,0,
85,2026-10-09T15:26:53.472985+00:00,85.00114018800014,sda4,1.0014856630004942,4657152,0,116,0,0,0,0,0,0.0,0.0,0,
85,2026-10-09T15:26:53.472985+00:00,85.00114018800014,sda5,1.0014856630004942,16548864,14765240320,826,34021,0,52637696,0,110,0.0,52559610.13190662,976,
86,2026-10-09T15:26:54.472829+00:00,86.00095972000054,loop0,0.9998442790001718,374784,0,51,0,0,0,0,0,0.0,0.0,0,
86,2026-10-09T15:26:54.472829+00:00,86.00095972000054,loop1,0.9998442790001718,2107392,0,217,0,0,0,0,0,0.0,0.0,0,
86,2026-10-09T15:26:54.472829+00:00,86.00095972000054,loop2,0.9998442790001718,1106944,0,51,0,0,0,0,0,0.0,0.0,0,
86,2026-10-09T15:26:54.472829+00:00,86.00095972000054,loop3,0.9998442790001718,1141760,0,66,0,0,0,0,0,0.0,0.0,0,
86,2026-10-09T15:26:54.472829+00:00,86.00095972000054,loop4,0.9998442790001718,354304,0,43,0,0,0,0,0,0.0,0.0,0,
86,2026-10-09T15:26:54.472829+00:00,86.00095972000054,loop5,0.9998442790001718,18432,0,12,0,0,0,0,0,0.0,0.0,0,
86,2026-10-09T15:26:54.472829+00:00,86.00095972000054,loop6,0.9998442790001718,0,0,0,0,0,0,0,0,0.0,0.0,0,
86,2026-10-09T15:26:54.472829+00:00,86.00095972000054,loop7,0.9998442790001718,0,0,0,0,0,0,0,0,0.0,0.0,0,
86,2026-10-09T15:26:54.472829+00:00,86.00095972000054,sr0,0.9998442790001718,1536,0,8,0,0,0,0,0,0.0,0.0,0,
86,2026-10-09T15:26:54.472829+00:00,86.00095972000054,sda,0.9998442790001718,356335104,15062433792,7903,73463,0,53338112,0,113,0.0,53346419.15772849,968,
86,2026-10-09T15:26:54.472829+00:00,86.00095972000054,sda1,0.9998442790001718,319488,0,78,0,0,0,0,0,0.0,0.0,0,
86,2026-10-09T15:26:54.472829+00:00,86.00095972000054,sda2,0.9998442790001718,326784000,243748864,6593,39306,0,12288,0,2,0.0,12289.913797664374,12,
86,2026-10-09T15:26:54.472829+00:00,86.00095972000054,sda3,0.9998442790001718,5571584,118784,155,25,0,0,0,0,0.0,0.0,0,
86,2026-10-09T15:26:54.472829+00:00,86.00095972000054,sda4,0.9998442790001718,4657152,0,116,0,0,0,0,0,0.0,0.0,0,
86,2026-10-09T15:26:54.472829+00:00,86.00095972000054,sda5,0.9998442790001718,16548864,14818566144,826,34132,0,53325824,0,111,0.0,53334129.24393083,964,
87,2026-10-09T15:26:55.471533+00:00,87.00020346900055,loop0,0.9987036679995072,374784,0,51,0,0,0,0,0,0.0,0.0,0,
87,2026-10-09T15:26:55.471533+00:00,87.00020346900055,loop1,0.9987036679995072,2107392,0,217,0,0,0,0,0,0.0,0.0,0,
87,2026-10-09T15:26:55.471533+00:00,87.00020346900055,loop2,0.9987036679995072,1106944,0,51,0,0,0,0,0,0.0,0.0,0,
87,2026-10-09T15:26:55.471533+00:00,87.00020346900055,loop3,0.9987036679995072,1141760,0,66,0,0,0,0,0,0.0,0.0,0,
87,2026-10-09T15:26:55.471533+00:00,87.00020346900055,loop4,0.9987036679995072,354304,0,43,0,0,0,0,0,0.0,0.0,0,
87,2026-10-09T15:26:55.471533+00:00,87.00020346900055,loop5,0.9987036679995072,18432,0,12,0,0,0,0,0,0.0,0.0,0,
87,2026-10-09T15:26:55.471533+00:00,87.00020346900055,loop6,0.9987036679995072,0,0,0,0,0,0,0,0,0.0,0.0,0,
87,2026-10-09T15:26:55.471533+00:00,87.00020346900055,loop7,0.9987036679995072,0,0,0,0,0,0,0,0,0.0,0.0,0,
87,2026-10-09T15:26:55.471533+00:00,87.00020346900055,sr0,0.9987036679995072,1536,0,8,0,0,0,0,0,0.0,0.0,0,
87,2026-10-09T15:26:55.471533+00:00,87.00020346900055,sda,0.9987036679995072,356335104,15106678784,7903,73556,0,44244992,0,93,0.0,44302422.64817819,896,
87,2026-10-09T15:26:55.471533+00:00,87.00020346900055,sda1,0.9987036679995072,319488,0,78,0,0,0,0,0,0.0,0.0,0,
87,2026-10-09T15:26:55.471533+00:00,87.00020346900055,sda2,0.9987036679995072,326784000,243748864,6593,39306,0,0,0,0,0.0,0.0,0,
87,2026-10-09T15:26:55.471533+00:00,87.00020346900055,sda3,0.9987036679995072,5571584,118784,155,25,0,0,0,0,0.0,0.0,0,
87,2026-10-09T15:26:55.471533+00:00,87.00020346900055,sda4,0.9987036679995072,4657152,0,116,0,0,0,0,0,0.0,0.0,0,
87,2026-10-09T15:26:55.471533+00:00,87.00020346900055,sda5,0.9987036679995072,16548864,14862811136,826,34225,0,44244992,0,93,0.0,44302422.64817819,896,
88,2026-10-09T15:26:56.473699+00:00,88.00186541400035,loop0,1.0021656910003003,374784,0,51,0,0,0,0,0,0.0,0.0,0,
88,2026-10-09T15:26:56.473699+00:00,88.00186541400035,loop1,1.0021656910003003,2107392,0,217,0,0,0,0,0,0.0,0.0,0,
88,2026-10-09T15:26:56.473699+00:00,88.00186541400035,loop2,1.0021656910003003,1106944,0,51,0,0,0,0,0,0.0,0.0,0,
88,2026-10-09T15:26:56.473699+00:00,88.00186541400035,loop3,1.0021656910003003,1141760,0,66,0,0,0,0,0,0.0,0.0,0,
88,2026-10-09T15:26:56.473699+00:00,88.00186541400035,loop4,1.0021656910003003,354304,0,43,0,0,0,0,0,0.0,0.0,0,
88,2026-10-09T15:26:56.473699+00:00,88.00186541400035,loop5,1.0021656910003003,18432,0,12,0,0,0,0,0,0.0,0.0,0,
88,2026-10-09T15:26:56.473699+00:00,88.00186541400035,loop6,1.0021656910003003,0,0,0,0,0,0,0,0,0.0,0.0,0,
88,2026-10-09T15:26:56.473699+00:00,88.00186541400035,loop7,1.0021656910003003,0,0,0,0,0,0,0,0,0.0,0.0,0,
88,2026-10-09T15:26:56.473699+00:00,88.00186541400035,sr0,1.0021656910003003,1536,0,8,0,0,0,0,0,0.0,0.0,0,
88,2026-10-09T15:26:56.473699+00:00,88.00186541400035,sda,1.0021656910003003,356335104,15165636608,7903,73683,0,58957824,0,127,0.0,58830415.498610735,1028,
88,2026-10-09T15:26:56.473699+00:00,88.00186541400035,sda1,1.0021656910003003,319488,0,78,0,0,0,0,0,0.0,0.0,0,
88,2026-10-09T15:26:56.473699+00:00,88.00186541400035,sda2,1.0021656910003003,326784000,243748864,6593,39306,0,0,0,0,0.0,0.0,0,
88,2026-10-09T15:26:56.473699+00:00,88.00186541400035,sda3,1.0021656910003003,5571584,118784,155,25,0,0,0,0,0.0,0.0,0,
88,2026-10-09T15:26:56.473699+00:00,88.00186541400035,sda4,1.0021656910003003,4657152,0,116,0,0,0,0,0,0.0,0.0,0,
88,2026-10-09T15:26:56.473699+00:00,88.00186541400035,sda5,1.0021656910003003,16548864,14921768960,826,34352,0,58957824,0,127,0.0,58830415.498610735,1028,
89,2026-10-09T15:26:57.473066+00:00,89.00170016700031,loop0,0.9993668689994593,374784,0,51,0,0,0,0,0,0.0,0.0,0,
89,2026-10-09T15:26:57.473066+00:00,89.00170016700031,loop1,0.9993668689994593,2107392,0,217,0,0,0,0,0,0.0,0.0,0,
89,2026-10-09T15:26:57.473066+00:00,89.00170016700031,loop2,0.9993668689994593,1106944,0,51,0,0,0,0,0,0.0,0.0,0,
89,2026-10-09T15:26:57.473066+00:00,89.00170016700031,loop3,0.9993668689994593,1141760,0,66,0,0,0,0,0,0.0,0.0,0,
89,2026-10-09T15:26:57.473066+00:00,89.00170016700031,loop4,0.9993668689994593,354304,0,43,0,0,0,0,0,0.0,0.0,0,
89,2026-10-09T15:26:57.473066+00:00,89.00170016700031,loop5,0.9993668689994593,18432,0,12,0,0,0,0,0,0.0,0.0,0,
89,2026-10-09T15:26:57.473066+00:00,89.00170016700031,loop6,0.9993668689994593,0,0,0,0,0,0,0,0,0.0,0.0,0,
89,2026-10-09T15:26:57.473066+00:00,89.00170016700031,loop7,0.9993668689994593,0,0,0,0,0,0,0,0,0.0,0.0,0,
89,2026-10-09T15:26:57.473066+00:00,89.00170016700031,sr0,0.9993668689994593,1536,0,8,0,0,0,0,0,0.0,0.0,0,
89,2026-10-09T15:26:57.473066+00:00,89.00170016700031,sda,0.9993668689994593,356335104,15222505472,7903,73802,0,56868864,0,119,0.0,56904892.25136677,888,
89,2026-10-09T15:26:57.473066+00:00,89.00170016700031,sda1,0.9993668689994593,319488,0,78,0,0,0,0,0,0.0,0.0,0,
89,2026-10-09T15:26:57.473066+00:00,89.00170016700031,sda2,0.9993668689994593,326784000,243748864,6593,39306,0,0,0,0,0.0,0.0,0,
89,2026-10-09T15:26:57.473066+00:00,89.00170016700031,sda3,0.9993668689994593,5571584,118784,155,25,0,0,0,0,0.0,0.0,0,
89,2026-10-09T15:26:57.473066+00:00,89.00170016700031,sda4,0.9993668689994593,4657152,0,116,0,0,0,0,0,0.0,0.0,0,
89,2026-10-09T15:26:57.473066+00:00,89.00170016700031,sda5,0.9993668689994593,16548864,14978637824,826,34471,0,56868864,0,119,0.0,56904892.25136677,888,
90,2026-10-09T15:26:58.472347+00:00,90.00098595500003,loop0,0.9992816050007605,374784,0,51,0,0,0,0,0,0.0,0.0,0,
90,2026-10-09T15:26:58.472347+00:00,90.00098595500003,loop1,0.9992816050007605,2107392,0,217,0,0,0,0,0,0.0,0.0,0,
90,2026-10-09T15:26:58.472347+00:00,90.00098595500003,loop2,0.9992816050007605,1106944,0,51,0,0,0,0,0,0.0,0.0,0,
90,2026-10-09T15:26:58.472347+00:00,90.00098595500003,loop3,0.9992816050007605,1141760,0,66,0,0,0,0,0,0.0,0.0,0,
90,2026-10-09T15:26:58.472347+00:00,90.00098595500003,loop4,0.9992816050007605,354304,0,43,0,0,0,0,0,0.0,0.0,0,
90,2026-10-09T15:26:58.472347+00:00,90.00098595500003,loop5,0.9992816050007605,18432,0,12,0,0,0,0,0,0.0,0.0,0,
90,2026-10-09T15:26:58.472347+00:00,90.00098595500003,loop6,0.9992816050007605,0,0,0,0,0,0,0,0,0.0,0.0,0,
90,2026-10-09T15:26:58.472347+00:00,90.00098595500003,loop7,0.9992816050007605,0,0,0,0,0,0,0,0,0.0,0.0,0,
90,2026-10-09T15:26:58.472347+00:00,90.00098595500003,sr0,0.9992816050007605,1536,0,8,0,0,0,0,0,0.0,0.0,0,
90,2026-10-09T15:26:58.472347+00:00,90.00098595500003,sda,0.9992816050007605,356335104,15282536448,7903,73931,0,60030976,0,129,0.0,60074132.956699744,1000,
90,2026-10-09T15:26:58.472347+00:00,90.00098595500003,sda1,0.9992816050007605,319488,0,78,0,0,0,0,0,0.0,0.0,0,
90,2026-10-09T15:26:58.472347+00:00,90.00098595500003,sda2,0.9992816050007605,326784000,243748864,6593,39306,0,0,0,0,0.0,0.0,0,
90,2026-10-09T15:26:58.472347+00:00,90.00098595500003,sda3,0.9992816050007605,5571584,118784,155,25,0,0,0,0,0.0,0.0,0,
90,2026-10-09T15:26:58.472347+00:00,90.00098595500003,sda4,0.9992816050007605,4657152,0,116,0,0,0,0,0,0.0,0.0,0,
90,2026-10-09T15:26:58.472347+00:00,90.00098595500003,sda5,0.9992816050007605,16548864,15038668800,826,34600,0,60030976,0,129,0.0,60074132.956699744,1000,
91,2026-10-09T15:26:59.472862+00:00,91.00117613100065,loop0,1.0005144849992575,374784,0,51,0,0,0,0,0,0.0,0.0,0,
91,2026-10-09T15:26:59.472862+00:00,91.00117613100065,loop1,1.0005144849992575,2107392,0,217,0,0,0,0,0,0.0,0.0,0,
91,2026-10-09T15:26:59.472862+00:00,91.00117613100065,loop2,1.0005144849992575,1106944,0,51,0,0,0,0,0,0.0,0.0,0,
91,2026-10-09T15:26:59.472862+00:00,91.00117613100065,loop3,1.0005144849992575,1141760,0,66,0,0,0,0,0,0.0,0.0,0,
91,2026-10-09T15:26:59.472862+00:00,91.00117613100065,loop4,1.0005144849992575,354304,0,43,0,0,0,0,0,0.0,0.0,0,
91,2026-10-09T15:26:59.472862+00:00,91.00117613100065,loop5,1.0005144849992575,18432,0,12,0,0,0,0,0,0.0,0.0,0,
91,2026-10-09T15:26:59.472862+00:00,91.00117613100065,loop6,1.0005144849992575,0,0,0,0,0,0,0,0,0.0,0.0,0,
91,2026-10-09T15:26:59.472862+00:00,91.00117613100065,loop7,1.0005144849992575,0,0,0,0,0,0,0,0,0.0,0.0,0,
91,2026-10-09T15:26:59.472862+00:00,91.00117613100065,sr0,1.0005144849992575,1536,0,8,0,0,0,0,0,0.0,0.0,0,
91,2026-10-09T15:26:59.472862+00:00,91.00117613100065,sda,1.0005144849992575,356335104,15338373120,7903,74051,0,55836672,0,120,0.0,55807959.64192506,972,
91,2026-10-09T15:26:59.472862+00:00,91.00117613100065,sda1,1.0005144849992575,319488,0,78,0,0,0,0,0,0.0,0.0,0,
91,2026-10-09T15:26:59.472862+00:00,91.00117613100065,sda2,1.0005144849992575,326784000,243761152,6593,39308,0,12288,0,2,0.0,12281.681259226465,12,
91,2026-10-09T15:26:59.472862+00:00,91.00117613100065,sda3,1.0005144849992575,5571584,118784,155,25,0,0,0,0,0.0,0.0,0,
91,2026-10-09T15:26:59.472862+00:00,91.00117613100065,sda4,1.0005144849992575,4657152,0,116,0,0,0,0,0,0.0,0.0,0,
91,2026-10-09T15:26:59.472862+00:00,91.00117613100065,sda5,1.0005144849992575,16548864,15094493184,826,34718,0,55824384,0,118,0.0,55795677.96066583,968,
92,2026-10-09T15:27:00.472710+00:00,92.00133114300024,loop0,0.9998482330001934,374784,0,51,0,0,0,0,0,0.0,0.0,0,
92,2026-10-09T15:27:00.472710+00:00,92.00133114300024,loop1,0.9998482330001934,2107392,0,217,0,0,0,0,0,0.0,0.0,0,
92,2026-10-09T15:27:00.472710+00:00,92.00133114300024,loop2,0.9998482330001934,1106944,0,51,0,0,0,0,0,0.0,0.0,0,
92,2026-10-09T15:27:00.472710+00:00,92.00133114300024,loop3,0.9998482330001934,1141760,0,66,0,0,0,0,0,0.0,0.0,0,
92,2026-10-09T15:27:00.472710+00:00,92.00133114300024,loop4,0.9998482330001934,354304,0,43,0,0,0,0,0,0.0,0.0,0,
92,2026-10-09T15:27:00.472710+00:00,92.00133114300024,loop5,0.9998482330001934,18432,0,12,0,0,0,0,0,0.0,0.0,0,
92,2026-10-09T15:27:00.472710+00:00,92.00133114300024,loop6,0.9998482330001934,0,0,0,0,0,0,0,0,0.0,0.0,0,
92,2026-10-09T15:27:00.472710+00:00,92.00133114300024,loop7,0.9998482330001934,0,0,0,0,0,0,0,0,0.0,0.0,0,
92,2026-10-09T15:27:00.472710+00:00,92.00133114300024,sr0,0.9998482330001934,1536,0,8,0,0,0,0,0,0.0,0.0,0,
92,2026-10-09T15:27:00.472710+00:00,92.00133114300024,sda,0.9998482330001934,356335104,15388921856,7903,74157,0,50548736,0,106,0.0,50556408.794483736,892,
92,2026-10-09T15:27:00.472710+00:00,92.00133114300024,sda1,0.9998482330001934,319488,0,78,0,0,0,0,0,0.0,0.0,0,
92,2026-10-09T15:27:00.472710+00:00,92.00133114300024,sda2,0.9998482330001934,326784000,243777536,6593,39309,0,16384,0,1,0.0,16386.486927958427,52,
92,2026-10-09T15:27:00.472710+00:00,92.00133114300024,sda3,0.9998482330001934,5571584,118784,155,25,0,0,0,0,0.0,0.0,0,
92,2026-10-09T15:27:00.472710+00:00,92.00133114300024,sda4,0.9998482330001934,4657152,0,116,0,0,0,0,0,0.0,0.0,0,
92,2026-10-09T15:27:00.472710+00:00,92.00133114300024,sda5,0.9998482330001934,16548864,15145025536,826,34823,0,50532352,0,105,0.0,50540022.30755577,936,
93,2026-10-09T15:27:01.473209+00:00,93.00129073500011,loop0,1.0004996340003345,374784,0,51,0,0,0,0,0,0.0,0.0,0,
93,2026-10-09T15:27:01.473209+00:00,93.00129073500011,loop1,1.0004996340003345,2107392,0,217,0,0,0,0,0,0.0,0.0,0,
93,2026-10-09T15:27:01.473209+00:00,93.00129073500011,loop2,1.0004996340003345,1106944,0,51,0,0,0,0,0,0.0,0.0,0,
93,2026-10-09T15:27:01.473209+00:00,93.00129073500011,loop3,1.0004996340003345,1141760,0,66,0,0,0,0,0,0.0,0.0,0,
93,2026-10-09T15:27:01.473209+00:00,93.00129073500011,loop4,1.0004996340003345,354304,0,43,0,0,0,0,0,0.0,0.0,0,
93,2026-10-09T15:27:01.473209+00:00,93.00129073500011,loop5,1.0004996340003345,18432,0,12,0,0,0,0,0,0.0,0.0,0,
93,2026-10-09T15:27:01.473209+00:00,93.00129073500011,loop6,1.0004996340003345,0,0,0,0,0,0,0,0,0.0,0.0,0,
93,2026-10-09T15:27:01.473209+00:00,93.00129073500011,loop7,1.0004996340003345,0,0,0,0,0,0,0,0,0.0,0.0,0,
93,2026-10-09T15:27:01.473209+00:00,93.00129073500011,sr0,1.0004996340003345,1536,0,8,0,0,0,0,0,0.0,0.0,0,
93,2026-10-09T15:27:01.473209+00:00,93.00129073500011,sda,1.0004996340003345,356335104,15443673088,7903,74273,0,54751232,0,116,0.0,54723890.083883524,976,
93,2026-10-09T15:27:01.473209+00:00,93.00129073500011,sda1,1.0004996340003345,319488,0,78,0,0,0,0,0,0.0,0.0,0,
93,2026-10-09T15:27:01.473209+00:00,93.00129073500011,sda2,1.0004996340003345,326784000,243777536,6593,39309,0,0,0,0,0.0,0.0,0,
93,2026-10-09T15:27:01.473209+00:00,93.00129073500011,sda3,1.0004996340003345,5571584,118784,155,25,0,0,0,0,0.0,0.0,0,
93,2026-10-09T15:27:01.473209+00:00,93.00129073500011,sda4,1.0004996340003345,4657152,0,116,0,0,0,0,0,0.0,0.0,0,
93,2026-10-09T15:27:01.473209+00:00,93.00129073500011,sda5,1.0004996340003345,16548864,15199776768,826,34939,0,54751232,0,116,0.0,54723890.083883524,976,
94,2026-10-09T15:27:02.475799+00:00,94.0006381940002,loop0,1.002587025000139,374784,0,51,0,0,0,0,0,0.0,0.0,0,
94,2026-10-09T15:27:02.475799+00:00,94.0006381940002,loop1,1.002587025000139,2107392,0,217,0,0,0,0,0,0.0,0.0,0,
94,2026-10-09T15:27:02.475799+00:00,94.0006381940002,loop2,1.002587025000139,1106944,0,51,0,0,0,0,0,0.0,0.0,0,
94,2026-10-09T15:27:02.475799+00:00,94.0006381940002,loop3,1.002587025000139,1141760,0,66,0,0,0,0,0,0.0,0.0,0,
94,2026-10-09T15:27:02.475799+00:00,94.0006381940002,loop4,1.002587025000139,354304,0,43,0,0,0,0,0,0.0,0.0,0,
94,2026-10-09T15:27:02.475799+00:00,94.0006381940002,loop5,1.002587025000139,18432,0,12,0,0,0,0,0,0.0,0.0,0,
94,2026-10-09T15:27:02.475799+00:00,94.0006381940002,loop6,1.002587025000139,0,0,0,0,0,0,0,0,0.0,0.0,0,
94,2026-10-09T15:27:02.475799+00:00,94.0006381940002,loop7,1.002587025000139,0,0,0,0,0,0,0,0,0.0,0.0,0,
94,2026-10-09T15:27:02.475799+00:00,94.0006381940002,sr0,1.002587025000139,1536,0,8,0,0,0,0,0,0.0,0.0,0,
94,2026-10-09T15:27:02.475799+00:00,94.0006381940002,sda,1.002587025000139,356335104,15475257344,7903,74339,0,31584256,0,66,0.0,31502757.57857092,464,
94,2026-10-09T15:27:02.475799+00:00,94.0006381940002,sda1,1.002587025000139,319488,0,78,0,0,0,0,0,0.0,0.0,0,
94,2026-10-09T15:27:02.475799+00:00,94.0006381940002,sda2,1.002587025000139,326784000,243777536,6593,39309,0,0,0,0,0.0,0.0,0,
94,2026-10-09T15:27:02.475799+00:00,94.0006381940002,sda3,1.002587025000139,5571584,118784,155,25,0,0,0,0,0.0,0.0,0,
94,2026-10-09T15:27:02.475799+00:00,94.0006381940002,sda4,1.002587025000139,4657152,0,116,0,0,0,0,0,0.0,0.0,0,
94,2026-10-09T15:27:02.475799+00:00,94.0006381940002,sda5,1.002587025000139,16548864,15231361024,826,35005,0,31584256,0,66,0.0,31502757.57857092,464,
95,2026-10-09T15:27:03.472023+00:00,95.00051340700065,loop0,0.9962265819995082,374784,0,51,0,0,0,0,0,0.0,0.0,0,
95,2026-10-09T15:27:03.472023+00:00,95.00051340700065,loop1,0.9962265819995082,2107392,0,217,0,0,0,0,0,0.0,0.0,0,
95,2026-10-09T15:27:03.472023+00:00,95.00051340700065,loop2,0.9962265819995082,1106944,0,51,0,0,0,0,0,0.0,0.0,0,
95,2026-10-09T15:27:03.472023+00:00,95.00051340700065,loop3,0.9962265819995082,1141760,0,66,0,0,0,0,0,0.0,0.0,0,
95,2026-10-09T15:27:03.472023+00:00,95.00051340700065,loop4,0.9962265819995082,354304,0,43,0,0,0,0,0,0.0,0.0,0,
95,2026-10-09T15:27:03.472023+00:00,95.00051340700065,loop5,0.9962265819995082,18432,0,12,0,0,0,0,0,0.0,0.0,0,
95,2026-10-09T15:27:03.472023+00:00,95.00051340700065,loop6,0.9962265819995082,0,0,0,0,0,0,0,0,0.0,0.0,0,
95,2026-10-09T15:27:03.472023+00:00,95.00051340700065,loop7,0.9962265819995082,0,0,0,0,0,0,0,0,0.0,0.0,0,
95,2026-10-09T15:27:03.472023+00:00,95.00051340700065,sr0,0.9962265819995082,1536,0,8,0,0,0,0,0,0.0,0.0,0,
95,2026-10-09T15:27:03.472023+00:00,95.00051340700065,sda,0.9962265819995082,356335104,15475257344,7903,74339,0,0,0,0,0.0,0.0,0,
95,2026-10-09T15:27:03.472023+00:00,95.00051340700065,sda1,0.9962265819995082,319488,0,78,0,0,0,0,0,0.0,0.0,0,
95,2026-10-09T15:27:03.472023+00:00,95.00051340700065,sda2,0.9962265819995082,326784000,243777536,6593,39309,0,0,0,0,0.0,0.0,0,
95,2026-10-09T15:27:03.472023+00:00,95.00051340700065,sda3,0.9962265819995082,5571584,118784,155,25,0,0,0,0,0.0,0.0,0,
95,2026-10-09T15:27:03.472023+00:00,95.00051340700065,sda4,0.9962265819995082,4657152,0,116,0,0,0,0,0,0.0,0.0,0,
95,2026-10-09T15:27:03.472023+00:00,95.00051340700065,sda5,0.9962265819995082,16548864,15231361024,826,35005,0,0,0,0,0.0,0.0,0,
96,2026-10-09T15:27:04.472414+00:00,96.00105274599991,loop0,1.0003909090000889,374784,0,51,0,0,0,0,0,0.0,0.0,0,
96,2026-10-09T15:27:04.472414+00:00,96.00105274599991,loop1,1.0003909090000889,2107392,0,217,0,0,0,0,0,0.0,0.0,0,
96,2026-10-09T15:27:04.472414+00:00,96.00105274599991,loop2,1.0003909090000889,1106944,0,51,0,0,0,0,0,0.0,0.0,0,
96,2026-10-09T15:27:04.472414+00:00,96.00105274599991,loop3,1.0003909090000889,1141760,0,66,0,0,0,0,0,0.0,0.0,0,
96,2026-10-09T15:27:04.472414+00:00,96.00105274599991,loop4,1.0003909090000889,354304,0,43,0,0,0,0,0,0.0,0.0,0,
96,2026-10-09T15:27:04.472414+00:00,96.00105274599991,loop5,1.0003909090000889,18432,0,12,0,0,0,0,0,0.0,0.0,0,
96,2026-10-09T15:27:04.472414+00:00,96.00105274599991,loop6,1.0003909090000889,0,0,0,0,0,0,0,0,0.0,0.0,0,
96,2026-10-09T15:27:04.472414+00:00,96.00105274599991,loop7,1.0003909090000889,0,0,0,0,0,0,0,0,0.0,0.0,0,
96,2026-10-09T15:27:04.472414+00:00,96.00105274599991,sr0,1.0003909090000889,1536,0,8,0,0,0,0,0,0.0,0.0,0,
96,2026-10-09T15:27:04.472414+00:00,96.00105274599991,sda,1.0003909090000889,356335104,15475335168,7903,74346,0,77824,0,7,0.0,77793.58978560359,60,
96,2026-10-09T15:27:04.472414+00:00,96.00105274599991,sda1,1.0003909090000889,319488,0,78,0,0,0,0,0,0.0,0.0,0,
96,2026-10-09T15:27:04.472414+00:00,96.00105274599991,sda2,1.0003909090000889,326784000,243818496,6593,39311,0,40960,0,2,0.0,40943.99462400189,56,
96,2026-10-09T15:27:04.472414+00:00,96.00105274599991,sda3,1.0003909090000889,5571584,118784,155,25,0,0,0,0,0.0,0.0,0,
96,2026-10-09T15:27:04.472414+00:00,96.00105274599991,sda4,1.0003909090000889,4657152,0,116,0,0,0,0,0,0.0,0.0,0,
96,2026-10-09T15:27:04.472414+00:00,96.00105274599991,sda5,1.0003909090000889,16548864,15231397888,826,35010,0,36864,0,5,0.0,36849.5951616017,4,
97,2026-10-09T15:27:05.471632+00:00,97.00029781000012,loop0,0.9992174200006048,374784,0,51,0,0,0,0,0,0.0,0.0,0,
97,2026-10-09T15:27:05.471632+00:00,97.00029781000012,loop1,0.9992174200006048,2107392,0,217,0,0,0,0,0,0.0,0.0,0,
97,2026-10-09T15:27:05.471632+00:00,97.00029781000012,loop2,0.9992174200006048,1106944,0,51,0,0,0,0,0,0.0,0.0,0,
97,2026-10-09T15:27:05.471632+00:00,97.00029781000012,loop3,0.9992174200006048,1141760,0,66,0,0,0,0,0,0.0,0.0,0,
97,2026-10-09T15:27:05.471632+00:00,97.00029781000012,loop4,0.9992174200006048,354304,0,43,0,0,0,0,0,0.0,0.0,0,
97,2026-10-09T15:27:05.471632+00:00,97.00029781000012,loop5,0.9992174200006048,18432,0,12,0,0,0,0,0,0.0,0.0,0,
97,2026-10-09T15:27:05.471632+00:00,97.00029781000012,loop6,0.9992174200006048,0,0,0,0,0,0,0,0,0.0,0.0,0,
97,2026-10-09T15:27:05.471632+00:00,97.00029781000012,loop7,0.9992174200006048,0,0,0,0,0,0,0,0,0.0,0.0,0,
97,2026-10-09T15:27:05.471632+00:00,97.00029781000012,sr0,0.9992174200006048,1536,0,8,0,0,0,0,0,0.0,0.0,0,
97,2026-10-09T15:27:05.471632+00:00,97.00029781000012,sda,0.9992174200006048,356335104,15475335168,7903,74346,0,0,0,0,0.0,0.0,0,
97,2026-10-09T15:27:05.471632+00:00,97.00029781000012,sda1,0.9992174200006048,319488,0,78,0,0,0,0,0,0.0,0.0,0,
97,2026-10-09T15:27:05.471632+00:00,97.00029781000012,sda2,0.9992174200006048,326784000,243818496,6593,39311,0,0,0,0,0.0,0.0,0,
97,2026-10-09T15:27:05.471632+00:00,97.00029781000012,sda3,0.9992174200006048,5571584,118784,155,25,0,0,0,0,0.0,0.0,0,
97,2026-10-09T15:27:05.471632+00:00,97.00029781000012,sda4,0.9992174200006048,4657152,0,116,0,0,0,0,0,0.0,0.0,0,
97,2026-10-09T15:27:05.471632+00:00,97.00029781000012,sda5,0.9992174200006048,16548864,15231397888,826,35010,0,0,0,0,0.0,0.0,0,
98,2026-10-09T15:27:06.472868+00:00,98.00106105800023,loop0,1.0012365929997031,374784,0,51,0,0,0,0,0,0.0,0.0,0,
98,2026-10-09T15:27:06.472868+00:00,98.00106105800023,loop1,1.0012365929997031,2107392,0,217,0,0,0,0,0,0.0,0.0,0,
98,2026-10-09T15:27:06.472868+00:00,98.00106105800023,loop2,1.0012365929997031,1106944,0,51,0,0,0,0,0,0.0,0.0,0,
98,2026-10-09T15:27:06.472868+00:00,98.00106105800023,loop3,1.0012365929997031,1141760,0,66,0,0,0,0,0,0.0,0.0,0,
98,2026-10-09T15:27:06.472868+00:00,98.00106105800023,loop4,1.0012365929997031,354304,0,43,0,0,0,0,0,0.0,0.0,0,
98,2026-10-09T15:27:06.472868+00:00,98.00106105800023,loop5,1.0012365929997031,18432,0,12,0,0,0,0,0,0.0,0.0,0,
98,2026-10-09T15:27:06.472868+00:00,98.00106105800023,loop6,1.0012365929997031,0,0,0,0,0,0,0,0,0.0,0.0,0,
98,2026-10-09T15:27:06.472868+00:00,98.00106105800023,loop7,1.0012365929997031,0,0,0,0,0,0,0,0,0.0,0.0,0,
98,2026-10-09T15:27:06.472868+00:00,98.00106105800023,sr0,1.0012365929997031,1536,0,8,0,0,0,0,0,0.0,0.0,0,
98,2026-10-09T15:27:06.472868+00:00,98.00106105800023,sda,1.0012365929997031,356335104,15475351552,7903,74350,0,16384,0,4,0.0,16363.764683144034,4,
98,2026-10-09T15:27:06.472868+00:00,98.00106105800023,sda1,1.0012365929997031,319488,0,78,0,0,0,0,0,0.0,0.0,0,
98,2026-10-09T15:27:06.472868+00:00,98.00106105800023,sda2,1.0012365929997031,326784000,243834880,6593,39315,0,16384,0,4,0.0,16363.764683144034,4,
98,2026-10-09T15:27:06.472868+00:00,98.00106105800023,sda3,1.0012365929997031,5571584,118784,155,25,0,0,0,0,0.0,0.0,0,
98,2026-10-09T15:27:06.472868+00:00,98.00106105800023,sda4,1.0012365929997031,4657152,0,116,0,0,0,0,0,0.0,0.0,0,
98,2026-10-09T15:27:06.472868+00:00,98.00106105800023,sda5,1.0012365929997031,16548864,15231397888,826,35010,0,0,0,0,0.0,0.0,0,
99,2026-10-09T15:27:07.472699+00:00,99.00138604400036,loop0,0.9998306990000856,374784,0,51,0,0,0,0,0,0.0,0.0,0,
99,2026-10-09T15:27:07.472699+00:00,99.00138604400036,loop1,0.9998306990000856,2107392,0,217,0,0,0,0,0,0.0,0.0,0,
99,2026-10-09T15:27:07.472699+00:00,99.00138604400036,loop2,0.9998306990000856,1106944,0,51,0,0,0,0,0,0.0,0.0,0,
99,2026-10-09T15:27:07.472699+00:00,99.00138604400036,loop3,0.9998306990000856,1141760,0,66,0,0,0,0,0,0.0,0.0,0,
99,2026-10-09T15:27:07.472699+00:00,99.00138604400036,loop4,0.9998306990000856,354304,0,43,0,0,0,0,0,0.0,0.0,0,
99,2026-10-09T15:27:07.472699+00:00,99.00138604400036,loop5,0.9998306990000856,18432,0,12,0,0,0,0,0,0.0,0.0,0,
99,2026-10-09T15:27:07.472699+00:00,99.00138604400036,loop6,0.9998306990000856,0,0,0,0,0,0,0,0,0.0,0.0,0,
99,2026-10-09T15:27:07.472699+00:00,99.00138604400036,loop7,0.9998306990000856,0,0,0,0,0,0,0,0,0.0,0.0,0,
99,2026-10-09T15:27:07.472699+00:00,99.00138604400036,sr0,0.9998306990000856,1536,0,8,0,0,0,0,0,0.0,0.0,0,
99,2026-10-09T15:27:07.472699+00:00,99.00138604400036,sda,0.9998306990000856,356335104,15475351552,7903,74350,0,0,0,0,0.0,0.0,0,
99,2026-10-09T15:27:07.472699+00:00,99.00138604400036,sda1,0.9998306990000856,319488,0,78,0,0,0,0,0,0.0,0.0,0,
99,2026-10-09T15:27:07.472699+00:00,99.00138604400036,sda2,0.9998306990000856,326784000,243834880,6593,39315,0,0,0,0,0.0,0.0,0,
99,2026-10-09T15:27:07.472699+00:00,99.00138604400036,sda3,0.9998306990000856,5571584,118784,155,25,0,0,0,0,0.0,0.0,0,
99,2026-10-09T15:27:07.472699+00:00,99.00138604400036,sda4,0.9998306990000856,4657152,0,116,0,0,0,0,0,0.0,0.0,0,
99,2026-10-09T15:27:07.472699+00:00,99.00138604400036,sda5,0.9998306990000856,16548864,15231397888,826,35010,0,0,0,0,0.0,0.0,0,
100,2026-10-09T15:27:08.471574+00:00,100.00013991600008,loop0,0.9988751079999929,374784,0,51,0,0,0,0,0,0.0,0.0,0,
100,2026-10-09T15:27:08.471574+00:00,100.00013991600008,loop1,0.9988751079999929,2107392,0,217,0,0,0,0,0,0.0,0.0,0,
100,2026-10-09T15:27:08.471574+00:00,100.00013991600008,loop2,0.9988751079999929,1106944,0,51,0,0,0,0,0,0.0,0.0,0,
100,2026-10-09T15:27:08.471574+00:00,100.00013991600008,loop3,0.9988751079999929,1141760,0,66,0,0,0,0,0,0.0,0.0,0,
100,2026-10-09T15:27:08.471574+00:00,100.00013991600008,loop4,0.9988751079999929,354304,0,43,0,0,0,0,0,0.0,0.0,0,
100,2026-10-09T15:27:08.471574+00:00,100.00013991600008,loop5,0.9988751079999929,18432,0,12,0,0,0,0,0,0.0,0.0,0,
100,2026-10-09T15:27:08.471574+00:00,100.00013991600008,loop6,0.9988751079999929,0,0,0,0,0,0,0,0,0.0,0.0,0,
100,2026-10-09T15:27:08.471574+00:00,100.00013991600008,loop7,0.9988751079999929,0,0,0,0,0,0,0,0,0.0,0.0,0,
100,2026-10-09T15:27:08.471574+00:00,100.00013991600008,sr0,0.9988751079999929,1536,0,8,0,0,0,0,0,0.0,0.0,0,
100,2026-10-09T15:27:08.471574+00:00,100.00013991600008,sda,0.9988751079999929,356335104,15476539392,7903,74580,0,1187840,0,230,0.0,1189177.6964773543,68,
100,2026-10-09T15:27:08.471574+00:00,100.00013991600008,sda1,0.9988751079999929,319488,0,78,0,0,0,0,0,0.0,0.0,0,
100,2026-10-09T15:27:08.471574+00:00,100.00013991600008,sda2,0.9988751079999929,326784000,244957184,6593,39543,0,1122304,0,228,0.0,1123567.8925337761,60,
100,2026-10-09T15:27:08.471574+00:00,100.00013991600008,sda3,0.9988751079999929,5571584,118784,155,25,0,0,0,0,0.0,0.0,0,
100,2026-10-09T15:27:08.471574+00:00,100.00013991600008,sda4,0.9988751079999929,4657152,0,116,0,0,0,0,0,0.0,0.0,0,
100,2026-10-09T15:27:08.471574+00:00,100.00013991600008,sda5,0.9988751079999929,16548864,15231463424,826,35012,0,65536,0,2,0.0,65609.80394357817,8,
101,2026-10-09T15:27:09.471609+00:00,101.0002629010005,loop0,1.0000356659993486,374784,0,51,0,0,0,0,0,0.0,0.0,0,
101,2026-10-09T15:27:09.471609+00:00,101.0002629010005,loop1,1.0000356659993486,2107392,0,217,0,0,0,0,0,0.0,0.0,0,
101,2026-10-09T15:27:09.471609+00:00,101.0002629010005,loop2,1.0000356659993486,1106944,0,51,0,0,0,0,0,0.0,0.0,0,
101,2026-10-09T15:27:09.471609+00:00,101.0002629010005,loop3,1.0000356659993486,1141760,0,66,0,0,0,0,0,0.0,0.0,0,
101,2026-10-09T15:27:09.471609+00:00,101.0002629010005,loop4,1.0000356659993486,354304,0,43,0,0,0,0,0,0.0,0.0,0,
101,2026-10-09T15:27:09.471609+00:00,101.0002629010005,loop5,1.0000356659993486,18432,0,12,0,0,0,0,0,0.0,0.0,0,
101,2026-10-09T15:27:09.471609+00:00,101.0002629010005,loop6,1.0000356659993486,0,0,0,0,0,0,0,0,0.0,0.0,0,
101,2026-10-09T15:27:09.471609+00:00,101.0002629010005,loop7,1.0000356659993486,0,0,0,0,0,0,0,0,0.0,0.0,0,
101,2026-10-09T15:27:09.471609+00:00,101.0002629010005,sr0,1.0000356659993486,1536,0,8,0,0,0,0,0,0.0,0.0,0,
101,2026-10-09T15:27:09.471609+00:00,101.0002629010005,sda,1.0000356659993486,356335104,15476568064,7903,74581,0,28672,0,1,0.0,28670.977420937983,4,
101,2026-10-09T15:27:09.471609+00:00,101.0002629010005,sda1,1.0000356659993486,319488,0,78,0,0,0,0,0,0.0,0.0,0,
101,2026-10-09T15:27:09.471609+00:00,101.0002629010005,sda2,1.0000356659993486,326784000,244985856,6593,39544,0,28672,0,1,0.0,28670.977420937983,4,
101,2026-10-09T15:27:09.471609+00:00,101.0002629010005,sda3,1.0000356659993486,5571584,118784,155,25,0,0,0,0,0.0,0.0,0,
101,2026-10-09T15:27:09.471609+00:00,101.0002629010005,sda4,1.0000356659993486,4657152,0,116,0,0,0,0,0,0.0,0.0,0,
101,2026-10-09T15:27:09.471609+00:00,101.0002629010005,sda5,1.0000356659993486,16548864,15231463424,826,35012,0,0,0,0,0.0,0.0,0,
102,2026-10-09T15:27:10.471801+00:00,102.00046508600008,loop0,1.0001913440000862,374784,0,51,0,0,0,0,0,0.0,0.0,0,
102,2026-10-09T15:27:10.471801+00:00,102.00046508600008,loop1,1.0001913440000862,2107392,0,217,0,0,0,0,0,0.0,0.0,0,
102,2026-10-09T15:27:10.471801+00:00,102.00046508600008,loop2,1.0001913440000862,1106944,0,51,0,0,0,0,0,0.0,0.0,0,
102,2026-10-09T15:27:10.471801+00:00,102.00046508600008,loop3,1.0001913440000862,1141760,0,66,0,0,0,0,0,0.0,0.0,0,
102,2026-10-09T15:27:10.471801+00:00,102.00046508600008,loop4,1.0001913440000862,354304,0,43,0,0,0,0,0,0.0,0.0,0,
102,2026-10-09T15:27:10.471801+00:00,102.00046508600008,loop5,1.0001913440000862,18432,0,12,0,0,0,0,0,0.0,0.0,0,
102,2026-10-09T15:27:10.471801+00:00,102.00046508600008,loop6,1.0001913440000862,0,0,0,0,0,0,0,0,0.0,0.0,0,
102,2026-10-09T15:27:10.471801+00:00,102.00046508600008,loop7,1.0001913440000862,0,0,0,0,0,0,0,0,0.0,0.0,0,
102,2026-10-09T15:27:10.471801+00:00,102.00046508600008,sr0,1.0001913440000862,1536,0,8,0,0,0,0,0,0.0,0.0,0,
102,2026-10-09T15:27:10.471801+00:00,102.00046508600008,sda,1.0001913440000862,356335104,15476572160,7903,74582,0,4096,0,1,0.0,4095.2164049118655,236,
102,2026-10-09T15:27:10.471801+00:00,102.00046508600008,sda1,1.0001913440000862,319488,0,78,0,0,0,0,0,0.0,0.0,0,
102,2026-10-09T15:27:10.471801+00:00,102.00046508600008,sda2,1.0001913440000862,326784000,244989952,6593,39545,0,4096,0,1,0.0,4095.2164049118655,236,
102,2026-10-09T15:27:10.471801+00:00,102.00046508600008,sda3,1.0001913440000862,5571584,118784,155,25,0,0,0,0,0.0,0.0,0,
102,2026-10-09T15:27:10.471801+00:00,102.00046508600008,sda4,1.0001913440000862,4657152,0,116,0,0,0,0,0,0.0,0.0,0,
102,2026-10-09T15:27:10.471801+00:00,102.00046508600008,sda5,1.0001913440000862,16548864,15231463424,826,35012,0,0,0,0,0.0,0.0,0,
103,2026-10-09T15:27:11.472055+00:00,103.00069535500006,loop0,1.0002544940007283,374784,0,51,0,0,0,0,0,0.0,0.0,0,
103,2026-10-09T15:27:11.472055+00:00,103.00069535500006,loop1,1.0002544940007283,2107392,0,217,0,0,0,0,0,0.0,0.0,0,
103,2026-10-09T15:27:11.472055+00:00,103.00069535500006,loop2,1.0002544940007283,1106944,0,51,0,0,0,0,0,0.0,0.0,0,
103,2026-10-09T15:27:11.472055+00:00,103.00069535500006,loop3,1.0002544940007283,1141760,0,66,0,0,0,0,0,0.0,0.0,0,
103,2026-10-09T15:27:11.472055+00:00,103.00069535500006,loop4,1.0002544940007283,354304,0,43,0,0,0,0,0,0.0,0.0,0,
103,2026-10-09T15:27:11.472055+00:00,103.00069535500006,loop5,1.0002544940007283,18432,0,12,0,0,0,0,0,0.0,0.0,0,
103,2026-10-09T15:27:11.472055+00:00,103.00069535500006,loop6,1.0002544940007283,0,0,0,0,0,0,0,0,0.0,0.0,0,
103,2026-10-09T15:27:11.472055+00:00,103.00069535500006,loop7,1.0002544940007283,0,0,0,0,0,0,0,0,0.0,0.0,0,
103,2026-10-09T15:27:11.472055+00:00,103.00069535500006,sr0,1.0002544940007283,1536,0,8,0,0,0,0,0,0.0,0.0,0,
103,2026-10-09T15:27:11.472055+00:00,103.00069535500006,sda,1.0002544940007283,356335104,15476572160,7903,74582,0,0,0,0,0.0,0.0,0,
103,2026-10-09T15:27:11.472055+00:00,103.00069535500006,sda1,1.0002544940007283,319488,0,78,0,0,0,0,0,0.0,0.0,0,
103,2026-10-09T15:27:11.472055+00:00,103.00069535500006,sda2,1.0002544940007283,326784000,244989952,6593,39545,0,0,0,0,0.0,0.0,0,
103,2026-10-09T15:27:11.472055+00:00,103.00069535500006,sda3,1.0002544940007283,5571584,118784,155,25,0,0,0,0,0.0,0.0,0,
103,2026-10-09T15:27:11.472055+00:00,103.00069535500006,sda4,1.0002544940007283,4657152,0,116,0,0,0,0,0,0.0,0.0,0,
103,2026-10-09T15:27:11.472055+00:00,103.00069535500006,sda5,1.0002544940007283,16548864,15231463424,826,35012,0,0,0,0,0.0,0.0,0,
104,2026-10-09T15:27:12.473315+00:00,104.00185085400062,loop0,1.001259982999727,374784,0,51,0,0,0,0,0,0.0,0.0,0,
104,2026-10-09T15:27:12.473315+00:00,104.00185085400062,loop1,1.001259982999727,2107392,0,217,0,0,0,0,0,0.0,0.0,0,
104,2026-10-09T15:27:12.473315+00:00,104.00185085400062,loop2,1.001259982999727,1106944,0,51,0,0,0,0,0,0.0,0.0,0,
104,2026-10-09T15:27:12.473315+00:00,104.00185085400062,loop3,1.001259982999727,1141760,0,66,0,0,0,0,0,0.0,0.0,0,
104,2026-10-09T15:27:12.473315+00:00,104.00185085400062,loop4,1.001259982999727,354304,0,43,0,0,0,0,0,0.0,0.0,0,
104,2026-10-09T15:27:12.473315+00:00,104.00185085400062,loop5,1.001259982999727,18432,0,12,0,0,0,0,0,0.0,0.0,0,
104,2026-10-09T15:27:12.473315+00:00,104.00185085400062,loop6,1.001259982999727,0,0,0,0,0,0,0,0,0.0,0.0,0,
104,2026-10-09T15:27:12.473315+00:00,104.00185085400062,loop7,1.001259982999727,0,0,0,0,0,0,0,0,0.0,0.0,0,
104,2026-10-09T15:27:12.473315+00:00,104.00185085400062,sr0,1.001259982999727,1536,0,8,0,0,0,0,0,0.0,0.0,0,
104,2026-10-09T15:27:12.473315+00:00,104.00185085400062,sda,1.001259982999727,356335104,15476572160,7903,74582,0,0,0,0,0.0,0.0,0,
104,2026-10-09T15:27:12.473315+00:00,104.00185085400062,sda1,1.001259982999727,319488,0,78,0,0,0,0,0,0.0,0.0,0,
104,2026-10-09T15:27:12.473315+00:00,104.00185085400062,sda2,1.001259982999727,326784000,244989952,6593,39545,0,0,0,0,0.0,0.0,0,
104,2026-10-09T15:27:12.473315+00:00,104.00185085400062,sda3,1.001259982999727,5571584,118784,155,25,0,0,0,0,0.0,0.0,0,
104,2026-10-09T15:27:12.473315+00:00,104.00185085400062,sda4,1.001259982999727,4657152,0,116,0,0,0,0,0,0.0,0.0,0,
104,2026-10-09T15:27:12.473315+00:00,104.00185085400062,sda5,1.001259982999727,16548864,15231463424,826,35012,0,0,0,0,0.0,0.0,0,
105,2026-10-09T15:27:13.471794+00:00,105.00046284700056,loop0,0.9984781390003263,374784,0,51,0,0,0,0,0,0.0,0.0,0,
105,2026-10-09T15:27:13.471794+00:00,105.00046284700056,loop1,0.9984781390003263,2107392,0,217,0,0,0,0,0,0.0,0.0,0,
105,2026-10-09T15:27:13.471794+00:00,105.00046284700056,loop2,0.9984781390003263,1106944,0,51,0,0,0,0,0,0.0,0.0,0,
105,2026-10-09T15:27:13.471794+00:00,105.00046284700056,loop3,0.9984781390003263,1141760,0,66,0,0,0,0,0,0.0,0.0,0,
105,2026-10-09T15:27:13.471794+00:00,105.00046284700056,loop4,0.9984781390003263,354304,0,43,0,0,0,0,0,0.0,0.0,0,
105,2026-10-09T15:27:13.471794+00:00,105.00046284700056,loop5,0.9984781390003263,18432,0,12,0,0,0,0,0,0.0,0.0,0,
105,2026-10-09T15:27:13.471794+00:00,105.00046284700056,loop6,0.9984781390003263,0,0,0,0,0,0,0,0,0.0,0.0,0,
105,2026-10-09T15:27:13.471794+00:00,105.00046284700056,loop7,0.9984781390003263,0,0,0,0,0,0,0,0,0.0,0.0,0,
105,2026-10-09T15:27:13.471794+00:00,105.00046284700056,sr0,0.9984781390003263,1536,0,8,0,0,0,0,0,0.0,0.0,0,
105,2026-10-09T15:27:13.471794+00:00,105.00046284700056,sda,0.9984781390003263,356335104,15477760000,7903,74812,0,1187840,0,230,0.0,1189650.4826728227,104,
105,2026-10-09T15:27:13.471794+00:00,105.00046284700056,sda1,0.9984781390003263,319488,0,78,0,0,0,0,0,0.0,0.0,0,
105,2026-10-09T15:27:13.471794+00:00,105.00046284700056,sda2,0.9984781390003263,326784000,246112256,6593,39762,0,1122304,0,217,0.0,1124014.5939736324,68,
105,2026-10-09T15:27:13.471794+00:00,105.00046284700056,sda3,0.9984781390003263,5571584,118784,155,25,0,0,0,0,0.0,0.0,0,
105,2026-10-09T15:27:13.471794+00:00,105.00046284700056,sda4,0.9984781390003263,4657152,0,116,0,0,0,0,0,0.0,0.0,0,
105,2026-10-09T15:27:13.471794+00:00,105.00046284700056,sda5,0.9984781390003263,16548864,15231528960,826,35025,0,65536,0,13,0.0,65635.88869919023,40,
106,2026-10-09T15:27:14.472663+00:00,106.00131785200028,loop0,1.0008693239997228,374784,0,51,0,0,0,0,0,0.0,0.0,0,
106,2026-10-09T15:27:14.472663+00:00,106.00131785200028,loop1,1.0008693239997228,2107392,0,217,0,0,0,0,0,0.0,0.0,0,
106,2026-10-09T15:27:14.472663+00:00,106.00131785200028,loop2,1.0008693239997228,1106944,0,51,0,0,0,0,0,0.0,0.0,0,
106,2026-10-09T15:27:14.472663+00:00,106.00131785200028,loop3,1.0008693239997228,1141760,0,66,0,0,0,0,0,0.0,0.0,0,
106,2026-10-09T15:27:14.472663+00:00,106.00131785200028,loop4,1.0008693239997228,354304,0,43,0,0,0,0,0,0.0,0.0,0,
106,2026-10-09T15:27:14.472663+00:00,106.00131785200028,loop5,1.0008693239997228,18432,0,12,0,0,0,0,0,0.0,0.0,0,
106,2026-10-09T15:27:14.472663+00:00,106.00131785200028,loop6,1.0008693239997228,0,0,0,0,0,0,0,0,0.0,0.0,0,
106,2026-10-09T15:27:14.472663+00:00,106.00131785200028,loop7,1.0008693239997228,0,0,0,0,0,0,0,0,0.0,0.0,0,
106,2026-10-09T15:27:14.472663+00:00,106.00131785200028,sr0,1.0008693239997228,1536,0,8,0,0,0,0,0,0.0,0.0,0,
106,2026-10-09T15:27:14.472663+00:00,106.00131785200028,sda,1.0008693239997228,356335104,15477833728,7903,74817,0,73728,0,5,0.0,73663.96214978851,8,
106,2026-10-09T15:27:14.472663+00:00,106.00131785200028,sda1,1.0008693239997228,319488,0,78,0,0,0,0,0,0.0,0.0,0,
106,2026-10-09T15:27:14.472663+00:00,106.00131785200028,sda2,1.0008693239997228,326784000,246140928,6593,39763,0,28672,0,1,0.0,28647.096391584422,4,
106,2026-10-09T15:27:14.472663+00:00,106.00131785200028,sda3,1.0008693239997228,5571584,118784,155,25,0,0,0,0,0.0,0.0,0,
106,2026-10-09T15:27:14.472663+00:00,106.00131785200028,sda4,1.0008693239997228,4657152,0,116,0,0,0,0,0,0.0,0.0,0,
106,2026-10-09T15:27:14.472663+00:00,106.00131785200028,sda5,1.0008693239997228,16548864,15231574016,826,35029,0,45056,0,4,0.0,45016.86575820409,4,
107,2026-10-09T15:27:15.474517+00:00,107.00308940600007,loop0,1.0018540209994171,374784,0,51,0,0,0,0,0,0.0,0.0,0,
107,2026-10-09T15:27:15.474517+00:00,107.00308940600007,loop1,1.0018540209994171,2107392,0,217,0,0,0,0,0,0.0,0.0,0,
107,2026-10-09T15:27:15.474517+00:00,107.00308940600007,loop2,1.0018540209994171,1106944,0,51,0,0,0,0,0,0.0,0.0,0,
107,2026-10-09T15:27:15.474517+00:00,107.00308940600007,loop3,1.0018540209994171,1141760,0,66,0,0,0,0,0,0.0,0.0,0,
107,2026-10-09T15:27:15.474517+00:00,107.00308940600007,loop4,1.0018540209994171,354304,0,43,0,0,0,0,0,0.0,0.0,0,
107,2026-10-09T15:27:15.474517+00:00,107.00308940600007,loop5,1.0018540209994171,18432,0,12,0,0,0,0,0,0.0,0.0,0,
107,2026-10-09T15:27:15.474517+00:00,107.00308940600007,loop6,1.0018540209994171,0,0,0,0,0,0,0,0,0.0,0.0,0,
107,2026-10-09T15:27:15.474517+00:00,107.00308940600007,loop7,1.0018540209994171,0,0,0,0,0,0,0,0,0.0,0.0,0,
107,2026-10-09T15:27:15.474517+00:00,107.00308940600007,sr0,1.0018540209994171,1536,0,8,0,0,0,0,0,0.0,0.0,0,
107,2026-10-09T15:27:15.474517+00:00,107.00308940600007,sda,1.0018540209994171,356335104,15477837824,7903,74818,0,4096,0,1,0.0,4088.4199834961614,268,
107,2026-10-09T15:27:15.474517+00:00,107.00308940600007,sda1,1.0018540209994171,319488,0,78,0,0,0,0,0,0.0,0.0,0,
107,2026-10-09T15:27:15.474517+00:00,107.00308940600007,sda2,1.0018540209994171,326784000,246145024,6593,39764,0,4096,0,1,0.0,4088.4199834961614,268,
107,2026-10-09T15:27:15.474517+00:00,107.00308940600007,sda3,1.0018540209994171,5571584,118784,155,25,0,0,0,0,0.0,0.0,0,
107,2026-10-09T15:27:15.474517+00:00,107.00308940600007,sda4,1.0018540209994171,4657152,0,116,0,0,0,0,0,0.0,0.0,0,
107,2026-10-09T15:27:15.474517+00:00,107.00308940600007,sda5,1.0018540209994171,16548864,15231574016,826,35029,0,0,0,0,0.0,0.0,0,
108,2026-10-09T15:27:16.472485+00:00,108.00116714200067,loop0,0.9979684950003502,374784,0,51,0,0,0,0,0,0.0,0.0,0,
108,2026-10-09T15:27:16.472485+00:00,108.00116714200067,loop1,0.9979684950003502,2107392,0,217,0,0,0,0,0,0.0,0.0,0,
108,2026-10-09T15:27:16.472485+00:00,108.00116714200067,loop2,0.9979684950003502,1106944,0,51,0,0,0,0,0,0.0,0.0,0,
108,2026-10-09T15:27:16.472485+00:00,108.00116714200067,loop3,0.9979684950003502,1141760,0,66,0,0,0,0,0,0.0,0.0,0,
108,2026-10-09T15:27:16.472485+00:00,108.00116714200067,loop4,0.9979684950003502,354304,0,43,0,0,0,0,0,0.0,0.0,0,
108,2026-10-09T15:27:16.472485+00:00,108.00116714200067,loop5,0.9979684950003502,18432,0,12,0,0,0,0,0,0.0,0.0,0,
108,2026-10-09T15:27:16.472485+00:00,108.00116714200067,loop6,0.9979684950003502,0,0,0,0,0,0,0,0,0.0,0.0,0,
108,2026-10-09T15:27:16.472485+00:00,108.00116714200067,loop7,0.9979684950003502,0,0,0,0,0,0,0,0,0.0,0.0,0,
108,2026-10-09T15:27:16.472485+00:00,108.00116714200067,sr0,0.9979684950003502,1536,0,8,0,0,0,0,0,0.0,0.0,0,
108,2026-10-09T15:27:16.472485+00:00,108.00116714200067,sda,0.9979684950003502,356335104,15477837824,7903,74818,0,0,0,0,0.0,0.0,0,
108,2026-10-09T15:27:16.472485+00:00,108.00116714200067,sda1,0.9979684950003502,319488,0,78,0,0,0,0,0,0.0,0.0,0,
108,2026-10-09T15:27:16.472485+00:00,108.00116714200067,sda2,0.9979684950003502,326784000,246145024,6593,39764,0,0,0,0,0.0,0.0,0,
108,2026-10-09T15:27:16.472485+00:00,108.00116714200067,sda3,0.9979684950003502,5571584,118784,155,25,0,0,0,0,0.0,0.0,0,
108,2026-10-09T15:27:16.472485+00:00,108.00116714200067,sda4,0.9979684950003502,4657152,0,116,0,0,0,0,0,0.0,0.0,0,
108,2026-10-09T15:27:16.472485+00:00,108.00116714200067,sda5,0.9979684950003502,16548864,15231574016,826,35029,0,0,0,0,0.0,0.0,0,
109,2026-10-09T15:27:17.471897+00:00,109.0004958060008,loop0,0.9994111380001414,374784,0,51,0,0,0,0,0,0.0,0.0,0,
109,2026-10-09T15:27:17.471897+00:00,109.0004958060008,loop1,0.9994111380001414,2107392,0,217,0,0,0,0,0,0.0,0.0,0,
109,2026-10-09T15:27:17.471897+00:00,109.0004958060008,loop2,0.9994111380001414,1106944,0,51,0,0,0,0,0,0.0,0.0,0,
109,2026-10-09T15:27:17.471897+00:00,109.0004958060008,loop3,0.9994111380001414,1141760,0,66,0,0,0,0,0,0.0,0.0,0,
109,2026-10-09T15:27:17.471897+00:00,109.0004958060008,loop4,0.9994111380001414,354304,0,43,0,0,0,0,0,0.0,0.0,0,
109,2026-10-09T15:27:17.471897+00:00,109.0004958060008,loop5,0.9994111380001414,18432,0,12,0,0,0,0,0,0.0,0.0,0,
109,2026-10-09T15:27:17.471897+00:00,109.0004958060008,loop6,0.9994111380001414,0,0,0,0,0,0,0,0,0.0,0.0,0,
109,2026-10-09T15:27:17.471897+00:00,109.0004958060008,loop7,0.9994111380001414,0,0,0,0,0,0,0,0,0.0,0.0,0,
109,2026-10-09T15:27:17.471897+00:00,109.0004958060008,sr0,0.9994111380001414,1536,0,8,0,0,0,0,0,0.0,0.0,0,
109,2026-10-09T15:27:17.471897+00:00,109.0004958060008,sda,0.9994111380001414,356335104,15477841920,7903,74819,0,4096,0,1,0.0,4098.413399910919,8,
109,2026-10-09T15:27:17.471897+00:00,109.0004958060008,sda1,0.9994111380001414,319488,0,78,0,0,0,0,0,0.0,0.0,0,
109,2026-10-09T15:27:17.471897+00:00,109.0004958060008,sda2,0.9994111380001414,326784000,246149120,6593,39765,0,4096,0,1,0.0,4098.413399910919,8,
109,2026-10-09T15:27:17.471897+00:00,109.0004958060008,sda3,0.9994111380001414,5571584,118784,155,25,0,0,0,0,0.0,0.0,0,
109,2026-10-09T15:27:17.471897+00:00,109.0004958060008,sda4,0.9994111380001414,4657152,0,116,0,0,0,0,0,0.0,0.0,0,
109,2026-10-09T15:27:17.471897+00:00,109.0004958060008,sda5,0.9994111380001414,16548864,15231574016,826,35029,0,0,0,0,0.0,0.0,0,
110,2026-10-09T15:27:18.473311+00:00,110.00193915,loop0,1.0014140949997454,374784,0,51,0,0,0,0,0,0.0,0.0,0,
110,2026-10-09T15:27:18.473311+00:00,110.00193915,loop1,1.0014140949997454,2107392,0,217,0,0,0,0,0,0.0,0.0,0,
110,2026-10-09T15:27:18.473311+00:00,110.00193915,loop2,1.0014140949997454,1106944,0,51,0,0,0,0,0,0.0,0.0,0,
110,2026-10-09T15:27:18.473311+00:00,110.00193915,loop3,1.0014140949997454,1141760,0,66,0,0,0,0,0,0.0,0.0,0,
110,2026-10-09T15:27:18.473311+00:00,110.00193915,loop4,1.0014140949997454,354304,0,43,0,0,0,0,0,0.0,0.0,0,
110,2026-10-09T15:27:18.473311+00:00,110.00193915,loop5,1.0014140949997454,18432,0,12,0,0,0,0,0,0.0,0.0,0,
110,2026-10-09T15:27:18.473311+00:00,110.00193915,loop6,1.0014140949997454,0,0,0,0,0,0,0,0,0.0,0.0,0,
110,2026-10-09T15:27:18.473311+00:00,110.00193915,loop7,1.0014140949997454,0,0,0,0,0,0,0,0,0.0,0.0,0,
110,2026-10-09T15:27:18.473311+00:00,110.00193915,sr0,1.0014140949997454,1536,0,8,0,0,0,0,0,0.0,0.0,0,
110,2026-10-09T15:27:18.473311+00:00,110.00193915,sda,1.0014140949997454,356335104,15477882880,7903,74821,0,40960,0,2,0.0,40902.16045941556,8,
110,2026-10-09T15:27:18.473311+00:00,110.00193915,sda1,1.0014140949997454,319488,0,78,0,0,0,0,0,0.0,0.0,0,
110,2026-10-09T15:27:18.473311+00:00,110.00193915,sda2,1.0014140949997454,326784000,246149120,6593,39765,0,0,0,0,0.0,0.0,0,
110,2026-10-09T15:27:18.473311+00:00,110.00193915,sda3,1.0014140949997454,5571584,118784,155,25,0,0,0,0,0.0,0.0,0,
110,2026-10-09T15:27:18.473311+00:00,110.00193915,sda4,1.0014140949997454,4657152,0,116,0,0,0,0,0,0.0,0.0,0,
110,2026-10-09T15:27:18.473311+00:00,110.00193915,sda5,1.0014140949997454,16548864,15231614976,826,35031,0,40960,0,2,0.0,40902.16045941556,8,
111,2026-10-09T15:27:19.472049+00:00,111.00051926200013,loop0,0.9987380910006323,374784,0,51,0,0,0,0,0,0.0,0.0,0,
111,2026-10-09T15:27:19.472049+00:00,111.00051926200013,loop1,0.9987380910006323,2107392,0,217,0,0,0,0,0,0.0,0.0,0,
111,2026-10-09T15:27:19.472049+00:00,111.00051926200013,loop2,0.9987380910006323,1106944,0,51,0,0,0,0,0,0.0,0.0,0,
111,2026-10-09T15:27:19.472049+00:00,111.00051926200013,loop3,0.9987380910006323,1141760,0,66,0,0,0,0,0,0.0,0.0,0,
111,2026-10-09T15:27:19.472049+00:00,111.00051926200013,loop4,0.9987380910006323,354304,0,43,0,0,0,0,0,0.0,0.0,0,
111,2026-10-09T15:27:19.472049+00:00,111.00051926200013,loop5,0.9987380910006323,18432,0,12,0,0,0,0,0,0.0,0.0,0,
111,2026-10-09T15:27:19.472049+00:00,111.00051926200013,loop6,0.9987380910006323,0,0,0,0,0,0,0,0,0.0,0.0,0,
111,2026-10-09T15:27:19.472049+00:00,111.00051926200013,loop7,0.9987380910006323,0,0,0,0,0,0,0,0,0.0,0.0,0,
111,2026-10-09T15:27:19.472049+00:00,111.00051926200013,sr0,0.9987380910006323,1536,0,8,0,0,0,0,0,0.0,0.0,0,
111,2026-10-09T15:27:19.472049+00:00,111.00051926200013,sda,0.9987380910006323,356335104,15477919744,7903,74823,0,36864,0,2,0.0,36910.577790285424,8,
111,2026-10-09T15:27:19.472049+00:00,111.00051926200013,sda1,0.9987380910006323,319488,0,78,0,0,0,0,0,0.0,0.0,0,
111,2026-10-09T15:27:19.472049+00:00,111.00051926200013,sda2,0.9987380910006323,326784000,246185984,6593,39767,0,36864,0,2,0.0,36910.577790285424,8,
111,2026-10-09T15:27:19.472049+00:00,111.00051926200013,sda3,0.9987380910006323,5571584,118784,155,25,0,0,0,0,0.0,0.0,0,
111,2026-10-09T15:27:19.472049+00:00,111.00051926200013,sda4,0.9987380910006323,4657152,0,116,0,0,0,0,0,0.0,0.0,0,
111,2026-10-09T15:27:19.472049+00:00,111.00051926200013,sda5,0.9987380910006323,16548864,15231614976,826,35031,0,0,0,0,0.0,0.0,0,
112,2026-10-09T15:27:20.472666+00:00,112.00113429500016,loop0,1.0006167979991005,374784,0,51,0,0,0,0,0,0.0,0.0,0,
112,2026-10-09T15:27:20.472666+00:00,112.00113429500016,loop1,1.0006167979991005,2107392,0,217,0,0,0,0,0,0.0,0.0,0,
112,2026-10-09T15:27:20.472666+00:00,112.00113429500016,loop2,1.0006167979991005,1106944,0,51,0,0,0,0,0,0.0,0.0,0,
112,2026-10-09T15:27:20.472666+00:00,112.00113429500016,loop3,1.0006167979991005,1141760,0,66,0,0,0,0,0,0.0,0.0,0,
112,2026-10-09T15:27:20.472666+00:00,112.00113429500016,loop4,1.0006167979991005,354304,0,43,0,0,0,0,0,0.0,0.0,0,
112,2026-10-09T15:27:20.472666+00:00,112.00113429500016,loop5,1.0006167979991005,18432,0,12,0,0,0,0,0,0.0,0.0,0,
112,2026-10-09T15:27:20.472666+00:00,112.00113429500016,loop6,1.0006167979991005,0,0,0,0,0,0,0,0,0.0,0.0,0,
112,2026-10-09T15:27:20.472666+00:00,112.00113429500016,loop7,1.0006167979991005,0,0,0,0,0,0,0,0,0.0,0.0,0,
112,2026-10-09T15:27:20.472666+00:00,112.00113429500016,sr0,1.0006167979991005,1536,0,8,0,0,0,0,0,0.0,0.0,0,
112,2026-10-09T15:27:20.472666+00:00,112.00113429500016,sda,1.0006167979991005,356335104,15477919744,7903,74823,0,0,0,0,0.0,0.0,0,
112,2026-10-09T15:27:20.472666+00:00,112.00113429500016,sda1,1.0006167979991005,319488,0,78,0,0,0,0,0,0.0,0.0,0,
112,2026-10-09T15:27:20.472666+00:00,112.00113429500016,sda2,1.0006167979991005,326784000,246185984,6593,39767,0,0,0,0,0.0,0.0,0,
112,2026-10-09T15:27:20.472666+00:00,112.00113429500016,sda3,1.0006167979991005,5571584,118784,155,25,0,0,0,0,0.0,0.0,0,
112,2026-10-09T15:27:20.472666+00:00,112.00113429500016,sda4,1.0006167979991005,4657152,0,116,0,0,0,0,0,0.0,0.0,0,
112,2026-10-09T15:27:20.472666+00:00,112.00113429500016,sda5,1.0006167979991005,16548864,15231614976,826,35031,0,0,0,0,0.0,0.0,0,
113,2026-10-09T15:27:21.480742+00:00,113.00181172300017,loop0,1.0080758750000314,374784,0,51,0,0,0,0,0,0.0,0.0,0,
113,2026-10-09T15:27:21.480742+00:00,113.00181172300017,loop1,1.0080758750000314,2107392,0,217,0,0,0,0,0,0.0,0.0,0,
113,2026-10-09T15:27:21.480742+00:00,113.00181172300017,loop2,1.0080758750000314,1106944,0,51,0,0,0,0,0,0.0,0.0,0,
113,2026-10-09T15:27:21.480742+00:00,113.00181172300017,loop3,1.0080758750000314,1141760,0,66,0,0,0,0,0,0.0,0.0,0,
113,2026-10-09T15:27:21.480742+00:00,113.00181172300017,loop4,1.0080758750000314,354304,0,43,0,0,0,0,0,0.0,0.0,0,
113,2026-10-09T15:27:21.480742+00:00,113.00181172300017,loop5,1.0080758750000314,18432,0,12,0,0,0,0,0,0.0,0.0,0,
113,2026-10-09T15:27:21.480742+00:00,113.00181172300017,loop6,1.0080758750000314,0,0,0,0,0,0,0,0,0.0,0.0,0,
113,2026-10-09T15:27:21.480742+00:00,113.00181172300017,loop7,1.0080758750000314,0,0,0,0,0,0,0,0,0.0,0.0,0,
113,2026-10-09T15:27:21.480742+00:00,113.00181172300017,sr0,1.0080758750000314,1536,0,8,0,0,0,0,0,0.0,0.0,0,
113,2026-10-09T15:27:21.480742+00:00,113.00181172300017,sda,1.0080758750000314,356335104,15477919744,7903,74823,0,0,0,0,0.0,0.0,0,
113,2026-10-09T15:27:21.480742+00:00,113.00181172300017,sda1,1.0080758750000314,319488,0,78,0,0,0,0,0,0.0,0.0,0,
113,2026-10-09T15:27:21.480742+00:00,113.00181172300017,sda2,1.0080758750000314,326784000,246185984,6593,39767,0,0,0,0,0.0,0.0,0,
113,2026-10-09T15:27:21.480742+00:00,113.00181172300017,sda3,1.0080758750000314,5571584,118784,155,25,0,0,0,0,0.0,0.0,0,
113,2026-10-09T15:27:21.480742+00:00,113.00181172300017,sda4,1.0080758750000314,4657152,0,116,0,0,0,0,0,0.0,0.0,0,
113,2026-10-09T15:27:21.480742+00:00,113.00181172300017,sda5,1.0080758750000314,16548864,15231614976,826,35031,0,0,0,0,0.0,0.0,0,
114,2026-10-09T15:27:22.477270+00:00,114.00063126200075,loop0,0.9965282420007497,374784,0,51,0,0,0,0,0,0.0,0.0,0,
114,2026-10-09T15:27:22.477270+00:00,114.00063126200075,loop1,0.9965282420007497,2107392,0,217,0,0,0,0,0,0.0,0.0,0,
114,2026-10-09T15:27:22.477270+00:00,114.00063126200075,loop2,0.9965282420007497,1106944,0,51,0,0,0,0,0,0.0,0.0,0,
114,2026-10-09T15:27:22.477270+00:00,114.00063126200075,loop3,0.9965282420007497,1141760,0,66,0,0,0,0,0,0.0,0.0,0,
114,2026-10-09T15:27:22.477270+00:00,114.00063126200075,loop4,0.9965282420007497,354304,0,43,0,0,0,0,0,0.0,0.0,0,
114,2026-10-09T15:27:22.477270+00:00,114.00063126200075,loop5,0.9965282420007497,18432,0,12,0,0,0,0,0,0.0,0.0,0,
114,2026-10-09T15:27:22.477270+00:00,114.00063126200075,loop6,0.9965282420007497,0,0,0,0,0,0,0,0,0.0,0.0,0,
114,2026-10-09T15:27:22.477270+00:00,114.00063126200075,loop7,0.9965282420007497,0,0,0,0,0,0,0,0,0.0,0.0,0,
114,2026-10-09T15:27:22.477270+00:00,114.00063126200075,sr0,0.9965282420007497,1536,0,8,0,0,0,0,0,0.0,0.0,0,
114,2026-10-09T15:27:22.477270+00:00,114.00063126200075,sda,0.9965282420007497,356335104,15477919744,7903,74823,0,0,0,0,0.0,0.0,0,
114,2026-10-09T15:27:22.477270+00:00,114.00063126200075,sda1,0.9965282420007497,319488,0,78,0,0,0,0,0,0.0,0.0,0,
114,2026-10-09T15:27:22.477270+00:00,114.00063126200075,sda2,0.9965282420007497,326784000,246185984,6593,39767,0,0,0,0,0.0,0.0,0,
114,2026-10-09T15:27:22.477270+00:00,114.00063126200075,sda3,0.9965282420007497,5571584,118784,155,25,0,0,0,0,0.0,0.0,0,
114,2026-10-09T15:27:22.477270+00:00,114.00063126200075,sda4,0.9965282420007497,4657152,0,116,0,0,0,0,0,0.0,0.0,0,
114,2026-10-09T15:27:22.477270+00:00,114.00063126200075,sda5,0.9965282420007497,16548864,15231614976,826,35031,0,0,0,0,0.0,0.0,0,
115,2026-10-09T15:27:23.481544+00:00,115.01018908600054,loop0,1.0042741799998112,374784,0,51,0,0,0,0,0,0.0,0.0,0,
115,2026-10-09T15:27:23.481544+00:00,115.01018908600054,loop1,1.0042741799998112,2107392,0,217,0,0,0,0,0,0.0,0.0,0,
115,2026-10-09T15:27:23.481544+00:00,115.01018908600054,loop2,1.0042741799998112,1106944,0,51,0,0,0,0,0,0.0,0.0,0,
115,2026-10-09T15:27:23.481544+00:00,115.01018908600054,loop3,1.0042741799998112,1141760,0,66,0,0,0,0,0,0.0,0.0,0,
115,2026-10-09T15:27:23.481544+00:00,115.01018908600054,loop4,1.0042741799998112,354304,0,43,0,0,0,0,0,0.0,0.0,0,
115,2026-10-09T15:27:23.481544+00:00,115.01018908600054,loop5,1.0042741799998112,18432,0,12,0,0,0,0,0,0.0,0.0,0,
115,2026-10-09T15:27:23.481544+00:00,115.01018908600054,loop6,1.0042741799998112,0,0,0,0,0,0,0,0,0.0,0.0,0,
115,2026-10-09T15:27:23.481544+00:00,115.01018908600054,loop7,1.0042741799998112,0,0,0,0,0,0,0,0,0.0,0.0,0,
115,2026-10-09T15:27:23.481544+00:00,115.01018908600054,sr0,1.0042741799998112,1536,0,8,0,0,0,0,0,0.0,0.0,0,
115,2026-10-09T15:27:23.481544+00:00,115.01018908600054,sda,1.0042741799998112,356335104,15477919744,7903,74823,0,0,0,0,0.0,0.0,0,
115,2026-10-09T15:27:23.481544+00:00,115.01018908600054,sda1,1.0042741799998112,319488,0,78,0,0,0,0,0,0.0,0.0,0,
115,2026-10-09T15:27:23.481544+00:00,115.01018908600054,sda2,1.0042741799998112,326784000,246185984,6593,39767,0,0,0,0,0.0,0.0,0,
115,2026-10-09T15:27:23.481544+00:00,115.01018908600054,sda3,1.0042741799998112,5571584,118784,155,25,0,0,0,0,0.0,0.0,0,
115,2026-10-09T15:27:23.481544+00:00,115.01018908600054,sda4,1.0042741799998112,4657152,0,116,0,0,0,0,0,0.0,0.0,0,
115,2026-10-09T15:27:23.481544+00:00,115.01018908600054,sda5,1.0042741799998112,16548864,15231614976,826,35031,0,0,0,0,0.0,0.0,0,
116,2026-10-09T15:27:24.471565+00:00,116.00023723300001,loop0,0.990021099999467,374784,0,51,0,0,0,0,0,0.0,0.0,0,
116,2026-10-09T15:27:24.471565+00:00,116.00023723300001,loop1,0.990021099999467,2107392,0,217,0,0,0,0,0,0.0,0.0,0,
116,2026-10-09T15:27:24.471565+00:00,116.00023723300001,loop2,0.990021099999467,1106944,0,51,0,0,0,0,0,0.0,0.0,0,
116,2026-10-09T15:27:24.471565+00:00,116.00023723300001,loop3,0.990021099999467,1141760,0,66,0,0,0,0,0,0.0,0.0,0,
116,2026-10-09T15:27:24.471565+00:00,116.00023723300001,loop4,0.990021099999467,354304,0,43,0,0,0,0,0,0.0,0.0,0,
116,2026-10-09T15:27:24.471565+00:00,116.00023723300001,loop5,0.990021099999467,18432,0,12,0,0,0,0,0,0.0,0.0,0,
116,2026-10-09T15:27:24.471565+00:00,116.00023723300001,loop6,0.990021099999467,0,0,0,0,0,0,0,0,0.0,0.0,0,
116,2026-10-09T15:27:24.471565+00:00,116.00023723300001,loop7,0.990021099999467,0,0,0,0,0,0,0,0,0.0,0.0,0,
116,2026-10-09T15:27:24.471565+00:00,116.00023723300001,sr0,0.990021099999467,1536,0,8,0,0,0,0,0,0.0,0.0,0,
116,2026-10-09T15:27:24.471565+00:00,116.00023723300001,sda,0.990021099999467,356335104,15477932032,7903,74825,0,12288,0,2,0.0,12411.856676596706,12,
116,2026-10-09T15:27:24.471565+00:00,116.00023723300001,sda1,0.990021099999467,319488,0,78,0,0,0,0,0,0.0,0.0,0,
116,2026-10-09T15:27:24.471565+00:00,116.00023723300001,sda2,0.990021099999467,326784000,246185984,6593,39767,0,0,0,0,0.0,0.0,0,
116,2026-10-09T15:27:24.471565+00:00,116.00023723300001,sda3,0.990021099999467,5571584,118784,155,25,0,0,0,0,0.0,0.0,0,
116,2026-10-09T15:27:24.471565+00:00,116.00023723300001,sda4,0.990021099999467,4657152,0,116,0,0,0,0,0,0.0,0.0,0,
116,2026-10-09T15:27:24.471565+00:00,116.00023723300001,sda5,0.990021099999467,16548864,15231627264,826,35033,0,12288,0,2,0.0,12411.856676596706,12,
117,2026-10-09T15:27:25.473376+00:00,117.0016308510003,loop0,1.0018109480006387,374784,0,51,0,0,0,0,0,0.0,0.0,0,
117,2026-10-09T15:27:25.473376+00:00,117.0016308510003,loop1,1.0018109480006387,2107392,0,217,0,0,0,0,0,0.0,0.0,0,
117,2026-10-09T15:27:25.473376+00:00,117.0016308510003,loop2,1.0018109480006387,1106944,0,51,0,0,0,0,0,0.0,0.0,0,
117,2026-10-09T15:27:25.473376+00:00,117.0016308510003,loop3,1.0018109480006387,1141760,0,66,0,0,0,0,0,0.0,0.0,0,
117,2026-10-09T15:27:25.473376+00:00,117.0016308510003,loop4,1.0018109480006387,354304,0,43,0,0,0,0,0,0.0,0.0,0,
117,2026-10-09T15:27:25.473376+00:00,117.0016308510003,loop5,1.0018109480006387,18432,0,12,0,0,0,0,0,0.0,0.0,0,
117,2026-10-09T15:27:25.473376+00:00,117.0016308510003,loop6,1.0018109480006387,0,0,0,0,0,0,0,0,0.0,0.0,0,
117,2026-10-09T15:27:25.473376+00:00,117.0016308510003,loop7,1.0018109480006387,0,0,0,0,0,0,0,0,0.0,0.0,0,
117,2026-10-09T15:27:25.473376+00:00,117.0016308510003,sr0,1.0018109480006387,1536,0,8,0,0,0,0,0,0.0,0.0,0,
117,2026-10-09T15:27:25.473376+00:00,117.0016308510003,sda,1.0018109480006387,356335104,15477956608,7903,74827,0,24576,0,2,0.0,24531.57459403641,8,
117,2026-10-09T15:27:25.473376+00:00,117.0016308510003,sda1,1.0018109480006387,319488,0,78,0,0,0,0,0,0.0,0.0,0,
117,2026-10-09T15:27:25.473376+00:00,117.0016308510003,sda2,1.0018109480006387,326784000,246210560,6593,39769,0,24576,0,2,0.0,24531.57459403641,8,
117,2026-10-09T15:27:25.473376+00:00,117.0016308510003,sda3,1.0018109480006387,5571584,118784,155,25,0,0,0,0,0.0,0.0,0,
117,2026-10-09T15:27:25.473376+00:00,117.0016308510003,sda4,1.0018109480006387,4657152,0,116,0,0,0,0,0,0.0,0.0,0,
117,2026-10-09T15:27:25.473376+00:00,117.0016308510003,sda5,1.0018109480006387,16548864,15231627264,826,35033,0,0,0,0,0.0,0.0,0,
118,2026-10-09T15:27:26.473154+00:00,118.00181901900032,loop0,0.9997779149998678,374784,0,51,0,0,0,0,0,0.0,0.0,0,
118,2026-10-09T15:27:26.473154+00:00,118.00181901900032,loop1,0.9997779149998678,2107392,0,217,0,0,0,0,0,0.0,0.0,0,
118,2026-10-09T15:27:26.473154+00:00,118.00181901900032,loop2,0.9997779149998678,1106944,0,51,0,0,0,0,0,0.0,0.0,0,
118,2026-10-09T15:27:26.473154+00:00,118.00181901900032,loop3,0.9997779149998678,1141760,0,66,0,0,0,0,0,0.0,0.0,0,
118,2026-10-09T15:27:26.473154+00:00,118.00181901900032,loop4,0.9997779149998678,354304,0,43,0,0,0,0,0,0.0,0.0,0,
118,2026-10-09T15:27:26.473154+00:00,118.00181901900032,loop5,0.9997779149998678,18432,0,12,0,0,0,0,0,0.0,0.0,0,
118,2026-10-09T15:27:26.473154+00:00,118.00181901900032,loop6,0.9997779149998678,0,0,0,0,0,0,0,0,0.0,0.0,0,
118,2026-10-09T15:27:26.473154+00:00,118.00181901900032,loop7,0.9997779149998678,0,0,0,0,0,0,0,0,0.0,0.0,0,
118,2026-10-09T15:27:26.473154+00:00,118.00181901900032,sr0,0.9997779149998678,1536,0,8,0,0,0,0,0,0.0,0.0,0,
118,2026-10-09T15:27:26.473154+00:00,118.00181901900032,sda,0.9997779149998678,356335104,15477956608,7903,74827,0,0,0,0,0.0,0.0,0,
118,2026-10-09T15:27:26.473154+00:00,118.00181901900032,sda1,0.9997779149998678,319488,0,78,0,0,0,0,0,0.0,0.0,0,
118,2026-10-09T15:27:26.473154+00:00,118.00181901900032,sda2,0.9997779149998678,326784000,246210560,6593,39769,0,0,0,0,0.0,0.0,0,
118,2026-10-09T15:27:26.473154+00:00,118.00181901900032,sda3,0.9997779149998678,5571584,118784,155,25,0,0,0,0,0.0,0.0,0,
118,2026-10-09T15:27:26.473154+00:00,118.00181901900032,sda4,0.9997779149998678,4657152,0,116,0,0,0,0,0,0.0,0.0,0,
118,2026-10-09T15:27:26.473154+00:00,118.00181901900032,sda5,0.9997779149998678,16548864,15231627264,826,35033,0,0,0,0,0.0,0.0,0,
119,2026-10-09T15:27:27.471609+00:00,119.00023703700026,loop0,0.9984551739999006,374784,0,51,0,0,0,0,0,0.0,0.0,0,
119,2026-10-09T15:27:27.471609+00:00,119.00023703700026,loop1,0.9984551739999006,2107392,0,217,0,0,0,0,0,0.0,0.0,0,
119,2026-10-09T15:27:27.471609+00:00,119.00023703700026,loop2,0.9984551739999006,1106944,0,51,0,0,0,0,0,0.0,0.0,0,
119,2026-10-09T15:27:27.471609+00:00,119.00023703700026,loop3,0.9984551739999006,1141760,0,66,0,0,0,0,0,0.0,0.0,0,
119,2026-10-09T15:27:27.471609+00:00,119.00023703700026,loop4,0.9984551739999006,354304,0,43,0,0,0,0,0,0.0,0.0,0,
119,2026-10-09T15:27:27.471609+00:00,119.00023703700026,loop5,0.9984551739999006,18432,0,12,0,0,0,0,0,0.0,0.0,0,
119,2026-10-09T15:27:27.471609+00:00,119.00023703700026,loop6,0.9984551739999006,0,0,0,0,0,0,0,0,0.0,0.0,0,
119,2026-10-09T15:27:27.471609+00:00,119.00023703700026,loop7,0.9984551739999006,0,0,0,0,0,0,0,0,0.0,0.0,0,
119,2026-10-09T15:27:27.471609+00:00,119.00023703700026,sr0,0.9984551739999006,1536,0,8,0,0,0,0,0,0.0,0.0,0,
119,2026-10-09T15:27:27.471609+00:00,119.00023703700026,sda,0.9984551739999006,356335104,15477956608,7903,74827,0,0,0,0,0.0,0.0,0,
119,2026-10-09T15:27:27.471609+00:00,119.00023703700026,sda1,0.9984551739999006,319488,0,78,0,0,0,0,0,0.0,0.0,0,
119,2026-10-09T15:27:27.471609+00:00,119.00023703700026,sda2,0.9984551739999006,326784000,246210560,6593,39769,0,0,0,0,0.0,0.0,0,
119,2026-10-09T15:27:27.471609+00:00,119.00023703700026,sda3,0.9984551739999006,5571584,118784,155,25,0,0,0,0,0.0,0.0,0,
119,2026-10-09T15:27:27.471609+00:00,119.00023703700026,sda4,0.9984551739999006,4657152,0,116,0,0,0,0,0,0.0,0.0,0,
119,2026-10-09T15:27:27.471609+00:00,119.00023703700026,sda5,0.9984551739999006,16548864,15231627264,826,35033,0,0,0,0,0.0,0.0,0,
120,2026-10-09T15:27:28.472556+00:00,120.00119637800071,loop0,1.000947429000007,374784,0,51,0,0,0,0,0,0.0,0.0,0,
120,2026-10-09T15:27:28.472556+00:00,120.00119637800071,loop1,1.000947429000007,2107392,0,217,0,0,0,0,0,0.0,0.0,0,
120,2026-10-09T15:27:28.472556+00:00,120.00119637800071,loop2,1.000947429000007,1106944,0,51,0,0,0,0,0,0.0,0.0,0,
120,2026-10-09T15:27:28.472556+00:00,120.00119637800071,loop3,1.000947429000007,1141760,0,66,0,0,0,0,0,0.0,0.0,0,
120,2026-10-09T15:27:28.472556+00:00,120.00119637800071,loop4,1.000947429000007,354304,0,43,0,0,0,0,0,0.0,0.0,0,
120,2026-10-09T15:27:28.472556+00:00,120.00119637800071,loop5,1.000947429000007,18432,0,12,0,0,0,0,0,0.0,0.0,0,
120,2026-10-09T15:27:28.472556+00:00,120.00119637800071,loop6,1.000947429000007,0,0,0,0,0,0,0,0,0.0,0.0,0,
120,2026-10-09T15:27:28.472556+00:00,120.00119637800071,loop7,1.000947429000007,0,0,0,0,0,0,0,0,0.0,0.0,0,
120,2026-10-09T15:27:28.472556+00:00,120.00119637800071,sr0,1.000947429000007,1536,0,8,0,0,0,0,0,0.0,0.0,0,
120,2026-10-09T15:27:28.472556+00:00,120.00119637800071,sda,1.000947429000007,356335104,15477956608,7903,74827,0,0,0,0,0.0,0.0,0,
120,2026-10-09T15:27:28.472556+00:00,120.00119637800071,sda1,1.000947429000007,319488,0,78,0,0,0,0,0,0.0,0.0,0,
120,2026-10-09T15:27:28.472556+00:00,120.00119637800071,sda2,1.000947429000007,326784000,246210560,6593,39769,0,0,0,0,0.0,0.0,0,
120,2026-10-09T15:27:28.472556+00:00,120.00119637800071,sda3,1.000947429000007,5571584,118784,155,25,0,0,0,0,0.0,0.0,0,
120,2026-10-09T15:27:28.472556+00:00,120.00119637800071,sda4,1.000947429000007,4657152,0,116,0,0,0,0,0,0.0,0.0,0,
120,2026-10-09T15:27:28.472556+00:00,120.00119637800071,sda5,1.000947429000007,16548864,15231627264,826,35033,0,0,0,0,0.0,0.0,0,
121,2026-10-09T15:27:29.471733+00:00,121.00036782700045,loop0,0.9991762370000288,374784,0,51,0,0,0,0,0,0.0,0.0,0,
121,2026-10-09T15:27:29.471733+00:00,121.00036782700045,loop1,0.9991762370000288,2107392,0,217,0,0,0,0,0,0.0,0.0,0,
121,2026-10-09T15:27:29.471733+00:00,121.00036782700045,loop2,0.9991762370000288,1106944,0,51,0,0,0,0,0,0.0,0.0,0,
121,2026-10-09T15:27:29.471733+00:00,121.00036782700045,loop3,0.9991762370000288,1141760,0,66,0,0,0,0,0,0.0,0.0,0,
121,2026-10-09T15:27:29.471733+00:00,121.00036782700045,loop4,0.9991762370000288,354304,0,43,0,0,0,0,0,0.0,0.0,0,
121,2026-10-09T15:27:29.471733+00:00,121.00036782700045,loop5,0.9991762370000288,18432,0,12,0,0,0,0,0,0.0,0.0,0,
121,2026-10-09T15:27:29.471733+00:00,121.00036782700045,loop6,0.9991762370000288,0,0,0,0,0,0,0,0,0.0,0.0,0,
121,2026-10-09T15:27:29.471733+00:00,121.00036782700045,loop7,0.9991762370000288,0,0,0,0,0,0,0,0,0.0,0.0,0,
121,2026-10-09T15:27:29.471733+00:00,121.00036782700045,sr0,0.9991762370000288,1536,0,8,0,0,0,0,0,0.0,0.0,0,
121,2026-10-09T15:27:29.471733+00:00,121.00036782700045,sda,0.9991762370000288,356335104,15477968896,7903,74829,0,12288,0,2,0.0,12298.130745076603,12,
121,2026-10-09T15:27:29.471733+00:00,121.00036782700045,sda1,0.9991762370000288,319488,0,78,0,0,0,0,0,0.0,0.0,0,
121,2026-10-09T15:27:29.471733+00:00,121.00036782700045,sda2,0.9991762370000288,326784000,246210560,6593,39769,0,0,0,0,0.0,0.0,0,
121,2026-10-09T15:27:29.471733+00:00,121.00036782700045,sda3,0.9991762370000288,5571584,118784,155,25,0,0,0,0,0.0,0.0,0,
121,2026-10-09T15:27:29.471733+00:00,121.00036782700045,sda4,0.9991762370000288,4657152,0,116,0,0,0,0,0,0.0,0.0,0,
121,2026-10-09T15:27:29.471733+00:00,121.00036782700045,sda5,0.9991762370000288,16548864,15231639552,826,35035,0,12288,0,2,0.0,12298.130745076603,12,
122,2026-10-09T15:27:30.473070+00:00,122.00165223400018,loop0,1.0013374629997998,374784,0,51,0,0,0,0,0,0.0,0.0,0,
122,2026-10-09T15:27:30.473070+00:00,122.00165223400018,loop1,1.0013374629997998,2107392,0,217,0,0,0,0,0,0.0,0.0,0,
122,2026-10-09T15:27:30.473070+00:00,122.00165223400018,loop2,1.0013374629997998,1106944,0,51,0,0,0,0,0,0.0,0.0,0,
122,2026-10-09T15:27:30.473070+00:00,122.00165223400018,loop3,1.0013374629997998,1141760,0,66,0,0,0,0,0,0.0,0.0,0,
122,2026-10-09T15:27:30.473070+00:00,122.00165223400018,loop4,1.0013374629997998,354304,0,43,0,0,0,0,0,0.0,0.0,0,
122,2026-10-09T15:27:30.473070+00:00,122.00165223400018,loop5,1.0013374629997998,18432,0,12,0,0,0,0,0,0.0,0.0,0,
122,2026-10-09T15:27:30.473070+00:00,122.00165223400018,loop6,1.0013374629997998,0,0,0,0,0,0,0,0,0.0,0.0,0,
122,2026-10-09T15:27:30.473070+00:00,122.00165223400018,loop7,1.0013374629997998,0,0,0,0,0,0,0,0,0.0,0.0,0,
122,2026-10-09T15:27:30.473070+00:00,122.00165223400018,sr0,1.0013374629997998,1536,0,8,0,0,0,0,0,0.0,0.0,0,
122,2026-10-09T15:27:30.473070+00:00,122.00165223400018,sda,1.0013374629997998,356335104,15477993472,7903,74831,0,24576,0,2,0.0,24543.174412325883,8,
122,2026-10-09T15:27:30.473070+00:00,122.00165223400018,sda1,1.0013374629997998,319488,0,78,0,0,0,0,0,0.0,0.0,0,
122,2026-10-09T15:27:30.473070+00:00,122.00165223400018,sda2,1.0013374629997998,326784000,246235136,6593,39771,0,24576,0,2,0.0,24543.174412325883,8,
122,2026-10-09T15:27:30.473070+00:00,122.00165223400018,sda3,1.0013374629997998,5571584,118784,155,25,0,0,0,0,0.0,0.0,0,
122,2026-10-09T15:27:30.473070+00:00,122.00165223400018,sda4,1.0013374629997998,4657152,0,116,0,0,0,0,0,0.0,0.0,0,
122,2026-10-09T15:27:30.473070+00:00,122.00165223400018,sda5,1.0013374629997998,16548864,15231639552,826,35035,0,0,0,0,0.0,0.0,0,
123,2026-10-09T15:27:31.473377+00:00,123.00187453400031,loop0,1.0003071230003115,374784,0,51,0,0,0,0,0,0.0,0.0,0,
123,2026-10-09T15:27:31.473377+00:00,123.00187453400031,loop1,1.0003071230003115,2107392,0,217,0,0,0,0,0,0.0,0.0,0,
123,2026-10-09T15:27:31.473377+00:00,123.00187453400031,loop2,1.0003071230003115,1106944,0,51,0,0,0,0,0,0.0,0.0,0,
123,2026-10-09T15:27:31.473377+00:00,123.00187453400031,loop3,1.0003071230003115,1141760,0,66,0,0,0,0,0,0.0,0.0,0,
123,2026-10-09T15:27:31.473377+00:00,123.00187453400031,loop4,1.0003071230003115,354304,0,43,0,0,0,0,0,0.0,0.0,0,
123,2026-10-09T15:27:31.473377+00:00,123.00187453400031,loop5,1.0003071230003115,18432,0,12,0,0,0,0,0,0.0,0.0,0,
123,2026-10-09T15:27:31.473377+00:00,123.00187453400031,loop6,1.0003071230003115,0,0,0,0,0,0,0,0,0.0,0.0,0,
123,2026-10-09T15:27:31.473377+00:00,123.00187453400031,loop7,1.0003071230003115,0,0,0,0,0,0,0,0,0.0,0.0,0,
123,2026-10-09T15:27:31.473377+00:00,123.00187453400031,sr0,1.0003071230003115,1536,0,8,0,0,0,0,0,0.0,0.0,0,
123,2026-10-09T15:27:31.473377+00:00,123.00187453400031,sda,1.0003071230003115,356335104,15478001664,7903,74832,0,8192,0,1,0.0,8189.484820850815,4,
123,2026-10-09T15:27:31.473377+00:00,123.00187453400031,sda1,1.0003071230003115,319488,0,78,0,0,0,0,0,0.0,0.0,0,
123,2026-10-09T15:27:31.473377+00:00,123.00187453400031,sda2,1.0003071230003115,326784000,246243328,6593,39772,0,8192,0,1,0.0,8189.484820850815,4,
123,2026-10-09T15:27:31.473377+00:00,123.00187453400031,sda3,1.0003071230003115,5571584,118784,155,25,0,0,0,0,0.0,0.0,0,
123,2026-10-09T15:27:31.473377+00:00,123.00187453400031,sda4,1.0003071230003115,4657152,0,116,0,0,0,0,0,0.0,0.0,0,
123,2026-10-09T15:27:31.473377+00:00,123.00187453400031,sda5,1.0003071230003115,16548864,15231639552,826,35035,0,0,0,0,0.0,0.0,0,
124,2026-10-09T15:27:32.473258+00:00,124.00164366300032,loop0,0.9998812449994148,374784,0,51,0,0,0,0,0,0.0,0.0,0,
124,2026-10-09T15:27:32.473258+00:00,124.00164366300032,loop1,0.9998812449994148,2107392,0,217,0,0,0,0,0,0.0,0.0,0,
124,2026-10-09T15:27:32.473258+00:00,124.00164366300032,loop2,0.9998812449994148,1106944,0,51,0,0,0,0,0,0.0,0.0,0,
124,2026-10-09T15:27:32.473258+00:00,124.00164366300032,loop3,0.9998812449994148,1141760,0,66,0,0,0,0,0,0.0,0.0,0,
124,2026-10-09T15:27:32.473258+00:00,124.00164366300032,loop4,0.9998812449994148,354304,0,43,0,0,0,0,0,0.0,0.0,0,
124,2026-10-09T15:27:32.473258+00:00,124.00164366300032,loop5,0.9998812449994148,18432,0,12,0,0,0,0,0,0.0,0.0,0,
124,2026-10-09T15:27:32.473258+00:00,124.00164366300032,loop6,0.9998812449994148,0,0,0,0,0,0,0,0,0.0,0.0,0,
124,2026-10-09T15:27:32.473258+00:00,124.00164366300032,loop7,0.9998812449994148,0,0,0,0,0,0,0,0,0.0,0.0,0,
124,2026-10-09T15:27:32.473258+00:00,124.00164366300032,sr0,0.9998812449994148,1536,0,8,0,0,0,0,0,0.0,0.0,0,
124,2026-10-09T15:27:32.473258+00:00,124.00164366300032,sda,0.9998812449994148,356335104,15478001664,7903,74832,0,0,0,0,0.0,0.0,0,
124,2026-10-09T15:27:32.473258+00:00,124.00164366300032,sda1,0.9998812449994148,319488,0,78,0,0,0,0,0,0.0,0.0,0,
124,2026-10-09T15:27:32.473258+00:00,124.00164366300032,sda2,0.9998812449994148,326784000,246243328,6593,39772,0,0,0,0,0.0,0.0,0,
124,2026-10-09T15:27:32.473258+00:00,124.00164366300032,sda3,0.9998812449994148,5571584,118784,155,25,0,0,0,0,0.0,0.0,0,
124,2026-10-09T15:27:32.473258+00:00,124.00164366300032,sda4,0.9998812449994148,4657152,0,116,0,0,0,0,0,0.0,0.0,0,
124,2026-10-09T15:27:32.473258+00:00,124.00164366300032,sda5,0.9998812449994148,16548864,15231639552,826,35035,0,0,0,0,0.0,0.0,0,
125,2026-10-09T15:27:33.472353+00:00,125.00099616100033,loop0,0.9990947610003786,374784,0,51,0,0,0,0,0,0.0,0.0,0,
125,2026-10-09T15:27:33.472353+00:00,125.00099616100033,loop1,0.9990947610003786,2107392,0,217,0,0,0,0,0,0.0,0.0,0,
125,2026-10-09T15:27:33.472353+00:00,125.00099616100033,loop2,0.9990947610003786,1106944,0,51,0,0,0,0,0,0.0,0.0,0,
125,2026-10-09T15:27:33.472353+00:00,125.00099616100033,loop3,0.9990947610003786,1141760,0,66,0,0,0,0,0,0.0,0.0,0,
125,2026-10-09T15:27:33.472353+00:00,125.00099616100033,loop4,0.9990947610003786,354304,0,43,0,0,0,0,0,0.0,0.0,0,
125,2026-10-09T15:27:33.472353+00:00,125.00099616100033,loop5,0.9990947610003786,18432,0,12,0,0,0,0,0,0.0,0.0,0,
125,2026-10-09T15:27:33.472353+00:00,125.00099616100033,loop6,0.9990947610003786,0,0,0,0,0,0,0,0,0.0,0.0,0,
125,2026-10-09T15:27:33.472353+00:00,125.00099616100033,loop7,0.9990947610003786,0,0,0,0,0,0,0,0,0.0,0.0,0,
125,2026-10-09T15:27:33.472353+00:00,125.00099616100033,sr0,0.9990947610003786,1536,0,8,0,0,0,0,0,0.0,0.0,0,
125,2026-10-09T15:27:33.472353+00:00,125.00099616100033,sda,0.9990947610003786,356335104,15478034432,7903,74834,0,32768,0,2,0.0,32797.68974785724,4,
125,2026-10-09T15:27:33.472353+00:00,125.00099616100033,sda1,0.9990947610003786,319488,0,78,0,0,0,0,0,0.0,0.0,0,
125,2026-10-09T15:27:33.472353+00:00,125.00099616100033,sda2,0.9990947610003786,326784000,246276096,6593,39774,0,32768,0,2,0.0,32797.68974785724,4,
125,2026-10-09T15:27:33.472353+00:00,125.00099616100033,sda3,0.9990947610003786,5571584,118784,155,25,0,0,0,0,0.0,0.0,0,
125,2026-10-09T15:27:33.472353+00:00,125.00099616100033,sda4,0.9990947610003786,4657152,0,116,0,0,0,0,0,0.0,0.0,0,
125,2026-10-09T15:27:33.472353+00:00,125.00099616100033,sda5,0.9990947610003786,16548864,15231639552,826,35035,0,0,0,0,0.0,0.0,0,
126,2026-10-09T15:27:34.472065+00:00,126.0005841709999,loop0,0.9997119010004099,374784,0,51,0,0,0,0,0,0.0,0.0,0,
126,2026-10-09T15:27:34.472065+00:00,126.0005841709999,loop1,0.9997119010004099,2107392,0,217,0,0,0,0,0,0.0,0.0,0,
126,2026-10-09T15:27:34.472065+00:00,126.0005841709999,loop2,0.9997119010004099,1106944,0,51,0,0,0,0,0,0.0,0.0,0,
126,2026-10-09T15:27:34.472065+00:00,126.0005841709999,loop3,0.9997119010004099,1141760,0,66,0,0,0,0,0,0.0,0.0,0,
126,2026-10-09T15:27:34.472065+00:00,126.0005841709999,loop4,0.9997119010004099,354304,0,43,0,0,0,0,0,0.0,0.0,0,
126,2026-10-09T15:27:34.472065+00:00,126.0005841709999,loop5,0.9997119010004099,18432,0,12,0,0,0,0,0,0.0,0.0,0,
126,2026-10-09T15:27:34.472065+00:00,126.0005841709999,loop6,0.9997119010004099,0,0,0,0,0,0,0,0,0.0,0.0,0,
126,2026-10-09T15:27:34.472065+00:00,126.0005841709999,loop7,0.9997119010004099,0,0,0,0,0,0,0,0,0.0,0.0,0,
126,2026-10-09T15:27:34.472065+00:00,126.0005841709999,sr0,0.9997119010004099,1536,0,8,0,0,0,0,0,0.0,0.0,0,
126,2026-10-09T15:27:34.472065+00:00,126.0005841709999,sda,0.9997119010004099,356335104,15478034432,7903,74834,0,0,0,0,0.0,0.0,0,
126,2026-10-09T15:27:34.472065+00:00,126.0005841709999,sda1,0.9997119010004099,319488,0,78,0,0,0,0,0,0.0,0.0,0,
126,2026-10-09T15:27:34.472065+00:00,126.0005841709999,sda2,0.9997119010004099,326784000,246276096,6593,39774,0,0,0,0,0.0,0.0,0,
126,2026-10-09T15:27:34.472065+00:00,126.0005841709999,sda3,0.9997119010004099,5571584,118784,155,25,0,0,0,0,0.0,0.0,0,
126,2026-10-09T15:27:34.472065+00:00,126.0005841709999,sda4,0.9997119010004099,4657152,0,116,0,0,0,0,0,0.0,0.0,0,
126,2026-10-09T15:27:34.472065+00:00,126.0005841709999,sda5,0.9997119010004099,16548864,15231639552,826,35035,0,0,0,0,0.0,0.0,0,
127,2026-10-09T15:27:35.473797+00:00,127.00245651200021,loop0,1.001732283999445,374784,0,51,0,0,0,0,0,0.0,0.0,0,
127,2026-10-09T15:27:35.473797+00:00,127.00245651200021,loop1,1.001732283999445,2107392,0,217,0,0,0,0,0,0.0,0.0,0,
127,2026-10-09T15:27:35.473797+00:00,127.00245651200021,loop2,1.001732283999445,1106944,0,51,0,0,0,0,0,0.0,0.0,0,
127,2026-10-09T15:27:35.473797+00:00,127.00245651200021,loop3,1.001732283999445,1141760,0,66,0,0,0,0,0,0.0,0.0,0,
127,2026-10-09T15:27:35.473797+00:00,127.00245651200021,loop4,1.001732283999445,354304,0,43,0,0,0,0,0,0.0,0.0,0,
127,2026-10-09T15:27:35.473797+00:00,127.00245651200021,loop5,1.001732283999445,18432,0,12,0,0,0,0,0,0.0,0.0,0,
127,2026-10-09T15:27:35.473797+00:00,127.00245651200021,loop6,1.001732283999445,0,0,0,0,0,0,0,0,0.0,0.0,0,
127,2026-10-09T15:27:35.473797+00:00,127.00245651200021,loop7,1.001732283999445,0,0,0,0,0,0,0,0,0.0,0.0,0,
127,2026-10-09T15:27:35.473797+00:00,127.00245651200021,sr0,1.001732283999445,1536,0,8,0,0,0,0,0,0.0,0.0,0,
127,2026-10-09T15:27:35.473797+00:00,127.00245651200021,sda,1.001732283999445,356335104,15478108160,7903,74838,0,73728,0,4,0.0,73600.50302625651,16,
127,2026-10-09T15:27:35.473797+00:00,127.00245651200021,sda1,1.001732283999445,319488,0,78,0,0,0,0,0,0.0,0.0,0,
127,2026-10-09T15:27:35.473797+00:00,127.00245651200021,sda2,1.001732283999445,326784000,246337536,6593,39776,0,61440,0,2,0.0,61333.75252188043,8,
127,2026-10-09T15:27:35.473797+00:00,127.00245651200021,sda3,1.001732283999445,5571584,118784,155,25,0,0,0,0,0.0,0.0,0,
127,2026-10-09T15:27:35.473797+00:00,127.00245651200021,sda4,1.001732283999445,4657152,0,116,0,0,0,0,0,0.0,0.0,0,
127,2026-10-09T15:27:35.473797+00:00,127.00245651200021,sda5,1.001732283999445,16548864,15231651840,826,35037,0,12288,0,2,0.0,12266.750504376087,8,
128,2026-10-09T15:27:36.473382+00:00,128.00160164099998,loop0,0.9995845040002678,374784,0,51,0,0,0,0,0,0.0,0.0,0,
128,2026-10-09T15:27:36.473382+00:00,128.00160164099998,loop1,0.9995845040002678,2107392,0,217,0,0,0,0,0,0.0,0.0,0,
128,2026-10-09T15:27:36.473382+00:00,128.00160164099998,loop2,0.9995845040002678,1106944,0,51,0,0,0,0,0,0.0,0.0,0,
128,2026-10-09T15:27:36.473382+00:00,128.00160164099998,loop3,0.9995845040002678,1141760,0,66,0,0,0,0,0,0.0,0.0,0,
128,2026-10-09T15:27:36.473382+00:00,128.00160164099998,loop4,0.9995845040002678,354304,0,43,0,0,0,0,0,0.0,0.0,0,
128,2026-10-09T15:27:36.473382+00:00,128.00160164099998,loop5,0.9995845040002678,18432,0,12,0,0,0,0,0,0.0,0.0,0,
128,2026-10-09T15:27:36.473382+00:00,128.00160164099998,loop6,0.9995845040002678,0,0,0,0,0,0,0,0,0.0,0.0,0,
128,2026-10-09T15:27:36.473382+00:00,128.00160164099998,loop7,0.9995845040002678,0,0,0,0,0,0,0,0,0.0,0.0,0,
128,2026-10-09T15:27:36.473382+00:00,128.00160164099998,sr0,0.9995845040002678,1536,0,8,0,0,0,0,0,0.0,0.0,0,
128,2026-10-09T15:27:36.473382+00:00,128.00160164099998,sda,0.9995845040002678,356335104,15478108160,7903,74838,0,0,0,0,0.0,0.0,0,
128,2026-10-09T15:27:36.473382+00:00,128.00160164099998,sda1,0.9995845040002678,319488,0,78,0,0,0,0,0,0.0,0.0,0,
128,2026-10-09T15:27:36.473382+00:00,128.00160164099998,sda2,0.9995845040002678,326784000,246337536,6593,39776,0,0,0,0,0.0,0.0,0,
128,2026-10-09T15:27:36.473382+00:00,128.00160164099998,sda3,0.9995845040002678,5571584,118784,155,25,0,0,0,0,0.0,0.0,0,
128,2026-10-09T15:27:36.473382+00:00,128.00160164099998,sda4,0.9995845040002678,4657152,0,116,0,0,0,0,0,0.0,0.0,0,
128,2026-10-09T15:27:36.473382+00:00,128.00160164099998,sda5,0.9995845040002678,16548864,15231651840,826,35037,0,0,0,0,0.0,0.0,0,
129,2026-10-09T15:27:37.471845+00:00,129.00045756800046,loop0,0.9984630990002188,374784,0,51,0,0,0,0,0,0.0,0.0,0,
129,2026-10-09T15:27:37.471845+00:00,129.00045756800046,loop1,0.9984630990002188,2107392,0,217,0,0,0,0,0,0.0,0.0,0,
129,2026-10-09T15:27:37.471845+00:00,129.00045756800046,loop2,0.9984630990002188,1106944,0,51,0,0,0,0,0,0.0,0.0,0,
129,2026-10-09T15:27:37.471845+00:00,129.00045756800046,loop3,0.9984630990002188,1141760,0,66,0,0,0,0,0,0.0,0.0,0,
129,2026-10-09T15:27:37.471845+00:00,129.00045756800046,loop4,0.9984630990002188,354304,0,43,0,0,0,0,0,0.0,0.0,0,
129,2026-10-09T15:27:37.471845+00:00,129.00045756800046,loop5,0.9984630990002188,18432,0,12,0,0,0,0,0,0.0,0.0,0,
129,2026-10-09T15:27:37.471845+00:00,129.00045756800046,loop6,0.9984630990002188,0,0,0,0,0,0,0,0,0.0,0.0,0,
129,2026-10-09T15:27:37.471845+00:00,129.00045756800046,loop7,0.9984630990002188,0,0,0,0,0,0,0,0,0.0,0.0,0,
129,2026-10-09T15:27:37.471845+00:00,129.00045756800046,sr0,0.9984630990002188,1536,0,8,0,0,0,0,0,0.0,0.0,0,
129,2026-10-09T15:27:37.471845+00:00,129.00045756800046,sda,0.9984630990002188,356335104,15478108160,7903,74838,0,0,0,0,0.0,0.0,0,
129,2026-10-09T15:27:37.471845+00:00,129.00045756800046,sda1,0.9984630990002188,319488,0,78,0,0,0,0,0,0.0,0.0,0,
129,2026-10-09T15:27:37.471845+00:00,129.00045756800046,sda2,0.9984630990002188,326784000,246337536,6593,39776,0,0,0,0,0.0,0.0,0,
129,2026-10-09T15:27:37.471845+00:00,129.00045756800046,sda3,0.9984630990002188,5571584,118784,155,25,0,0,0,0,0.0,0.0,0,
129,2026-10-09T15:27:37.471845+00:00,129.00045756800046,sda4,0.9984630990002188,4657152,0,116,0,0,0,0,0,0.0,0.0,0,
129,2026-10-09T15:27:37.471845+00:00,129.00045756800046,sda5,0.9984630990002188,16548864,15231651840,826,35037,0,0,0,0,0.0,0.0,0,
130,2026-10-09T15:27:38.478129+00:00,130.00071382600072,loop0,1.006283775999691,374784,0,51,0,0,0,0,0,0.0,0.0,0,
130,2026-10-09T15:27:38.478129+00:00,130.00071382600072,loop1,1.006283775999691,2107392,0,217,0,0,0,0,0,0.0,0.0,0,
130,2026-10-09T15:27:38.478129+00:00,130.00071382600072,loop2,1.006283775999691,1106944,0,51,0,0,0,0,0,0.0,0.0,0,
130,2026-10-09T15:27:38.478129+00:00,130.00071382600072,loop3,1.006283775999691,1141760,0,66,0,0,0,0,0,0.0,0.0,0,
130,2026-10-09T15:27:38.478129+00:00,130.00071382600072,loop4,1.006283775999691,354304,0,43,0,0,0,0,0,0.0,0.0,0,
130,2026-10-09T15:27:38.478129+00:00,130.00071382600072,loop5,1.006283775999691,18432,0,12,0,0,0,0,0,0.0,0.0,0,
130,2026-10-09T15:27:38.478129+00:00,130.00071382600072,loop6,1.006283775999691,0,0,0,0,0,0,0,0,0.0,0.0,0,
130,2026-10-09T15:27:38.478129+00:00,130.00071382600072,loop7,1.006283775999691,0,0,0,0,0,0,0,0,0.0,0.0,0,
130,2026-10-09T15:27:38.478129+00:00,130.00071382600072,sr0,1.006283775999691,1536,0,8,0,0,0,0,0,0.0,0.0,0,
130,2026-10-09T15:27:38.478129+00:00,130.00071382600072,sda,1.006283775999691,356335104,15478108160,7903,74838,0,0,0,0,0.0,0.0,0,
130,2026-10-09T15:27:38.478129+00:00,130.00071382600072,sda1,1.006283775999691,319488,0,78,0,0,0,0,0,0.0,0.0,0,
130,2026-10-09T15:27:38.478129+00:00,130.00071382600072,sda2,1.006283775999691,326784000,246337536,6593,39776,0,0,0,0,0.0,0.0,0,
130,2026-10-09T15:27:38.478129+00:00,130.00071382600072,sda3,1.006283775999691,5571584,118784,155,25,0,0,0,0,0.0,0.0,0,
130,2026-10-09T15:27:38.478129+00:00,130.00071382600072,sda4,1.006283775999691,4657152,0,116,0,0,0,0,0,0.0,0.0,0,
130,2026-10-09T15:27:38.478129+00:00,130.00071382600072,sda5,1.006283775999691,16548864,15231651840,826,35037,0,0,0,0,0.0,0.0,0,
131,2026-10-09T15:27:39.472161+00:00,131.0008249600005,loop0,0.9940320389996486,374784,0,51,0,0,0,0,0,0.0,0.0,0,
131,2026-10-09T15:27:39.472161+00:00,131.0008249600005,loop1,0.9940320389996486,2107392,0,217,0,0,0,0,0,0.0,0.0,0,
131,2026-10-09T15:27:39.472161+00:00,131.0008249600005,loop2,0.9940320389996486,1106944,0,51,0,0,0,0,0,0.0,0.0,0,
131,2026-10-09T15:27:39.472161+00:00,131.0008249600005,loop3,0.9940320389996486,1141760,0,66,0,0,0,0,0,0.0,0.0,0,
131,2026-10-09T15:27:39.472161+00:00,131.0008249600005,loop4,0.9940320389996486,354304,0,43,0,0,0,0,0,0.0,0.0,0,
131,2026-10-09T15:27:39.472161+00:00,131.0008249600005,loop5,0.9940320389996486,18432,0,12,0,0,0,0,0,0.0,0.0,0,
131,2026-10-09T15:27:39.472161+00:00,131.0008249600005,loop6,0.9940320389996486,0,0,0,0,0,0,0,0,0.0,0.0,0,
131,2026-10-09T15:27:39.472161+00:00,131.0008249600005,loop7,0.9940320389996486,0,0,0,0,0,0,0,0,0.0,0.0,0,
131,2026-10-09T15:27:39.472161+00:00,131.0008249600005,sr0,0.9940320389996486,1536,0,8,0,0,0,0,0,0.0,0.0,0,
131,2026-10-09T15:27:39.472161+00:00,131.0008249600005,sda,0.9940320389996486,356335104,15478108160,7903,74838,0,0,0,0,0.0,0.0,0,
131,2026-10-09T15:27:39.472161+00:00,131.0008249600005,sda1,0.9940320389996486,319488,0,78,0,0,0,0,0,0.0,0.0,0,
131,2026-10-09T15:27:39.472161+00:00,131.0008249600005,sda2,0.9940320389996486,326784000,246337536,6593,39776,0,0,0,0,0.0,0.0,0,
131,2026-10-09T15:27:39.472161+00:00,131.0008249600005,sda3,0.9940320389996486,5571584,118784,155,25,0,0,0,0,0.0,0.0,0,
131,2026-10-09T15:27:39.472161+00:00,131.0008249600005,sda4,0.9940320389996486,4657152,0,116,0,0,0,0,0,0.0,0.0,0,
131,2026-10-09T15:27:39.472161+00:00,131.0008249600005,sda5,0.9940320389996486,16548864,15231651840,826,35037,0,0,0,0,0.0,0.0,0,
132,2026-10-09T15:27:40.473231+00:00,132.00162337600068,loop0,1.0010697580000851,374784,0,51,0,0,0,0,0,0.0,0.0,0,
132,2026-10-09T15:27:40.473231+00:00,132.00162337600068,loop1,1.0010697580000851,2107392,0,217,0,0,0,0,0,0.0,0.0,0,
132,2026-10-09T15:27:40.473231+00:00,132.00162337600068,loop2,1.0010697580000851,1106944,0,51,0,0,0,0,0,0.0,0.0,0,
132,2026-10-09T15:27:40.473231+00:00,132.00162337600068,loop3,1.0010697580000851,1141760,0,66,0,0,0,0,0,0.0,0.0,0,
132,2026-10-09T15:27:40.473231+00:00,132.00162337600068,loop4,1.0010697580000851,354304,0,43,0,0,0,0,0,0.0,0.0,0,
132,2026-10-09T15:27:40.473231+00:00,132.00162337600068,loop5,1.0010697580000851,18432,0,12,0,0,0,0,0,0.0,0.0,0,
132,2026-10-09T15:27:40.473231+00:00,132.00162337600068,loop6,1.0010697580000851,0,0,0,0,0,0,0,0,0.0,0.0,0,
132,2026-10-09T15:27:40.473231+00:00,132.00162337600068,loop7,1.0010697580000851,0,0,0,0,0,0,0,0,0.0,0.0,0,
132,2026-10-09T15:27:40.473231+00:00,132.00162337600068,sr0,1.0010697580000851,1536,0,8,0,0,0,0,0,0.0,0.0,0,
132,2026-10-09T15:27:40.473231+00:00,132.00162337600068,sda,1.0010697580000851,356335104,15478145024,7903,74842,0,36864,0,4,0.0,36824.60658250837,16,
132,2026-10-09T15:27:40.473231+00:00,132.00162337600068,sda1,1.0010697580000851,319488,0,78,0,0,0,0,0,0.0,0.0,0,
132,2026-10-09T15:27:40.473231+00:00,132.00162337600068,sda2,1.0010697580000851,326784000,246362112,6593,39778,0,24576,0,2,0.0,24549.73772167225,8,
132,2026-10-09T15:27:40.473231+00:00,132.00162337600068,sda3,1.0010697580000851,5571584,118784,155,25,0,0,0,0,0.0,0.0,0,
132,2026-10-09T15:27:40.473231+00:00,132.00162337600068,sda4,1.0010697580000851,4657152,0,116,0,0,0,0,0,0.0,0.0,0,
132,2026-10-09T15:27:40.473231+00:00,132.00162337600068,sda5,1.0010697580000851,16548864,15231664128,826,35039,0,12288,0,2,0.0,12274.868860836124,8,
133,2026-10-09T15:27:41.471899+00:00,133.00055624200013,loop0,0.9986687099999472,374784,0,51,0,0,0,0,0,0.0,0.0,0,
133,2026-10-09T15:27:41.471899+00:00,133.00055624200013,loop1,0.9986687099999472,2107392,0,217,0,0,0,0,0,0.0,0.0,0,
133,2026-10-09T15:27:41.471899+00:00,133.00055624200013,loop2,0.9986687099999472,1106944,0,51,0,0,0,0,0,0.0,0.0,0,
133,2026-10-09T15:27:41.471899+00:00,133.00055624200013,loop3,0.9986687099999472,1141760,0,66,0,0,0,0,0,0.0,0.0,0,
133,2026-10-09T15:27:41.471899+00:00,133.00055624200013,loop4,0.9986687099999472,354304,0,43,0,0,0,0,0,0.0,0.0,0,
133,2026-10-09T15:27:41.471899+00:00,133.00055624200013,loop5,0.9986687099999472,18432,0,12,0,0,0,0,0,0.0,0.0,0,
133,2026-10-09T15:27:41.471899+00:00,133.00055624200013,loop6,0.9986687099999472,0,0,0,0,0,0,0,0,0.0,0.0,0,
133,2026-10-09T15:27:41.471899+00:00,133.00055624200013,loop7,0.9986687099999472,0,0,0,0,0,0,0,0,0.0,0.0,0,
133,2026-10-09T15:27:41.471899+00:00,133.00055624200013,sr0,0.9986687099999472,1536,0,8,0,0,0,0,0,0.0,0.0,0,
133,2026-10-09T15:27:41.471899+00:00,133.00055624200013,sda,0.9986687099999472,356335104,15478145024,7903,74842,0,0,0,0,0.0,0.0,0,
133,2026-10-09T15:27:41.471899+00:00,133.00055624200013,sda1,0.9986687099999472,319488,0,78,0,0,0,0,0,0.0,0.0,0,
133,2026-10-09T15:27:41.471899+00:00,133.00055624200013,sda2,0.9986687099999472,326784000,246362112,6593,39778,0,0,0,0,0.0,0.0,0,
133,2026-10-09T15:27:41.471899+00:00,133.00055624200013,sda3,0.9986687099999472,5571584,118784,155,25,0,0,0,0,0.0,0.0,0,
133,2026-10-09T15:27:41.471899+00:00,133.00055624200013,sda4,0.9986687099999472,4657152,0,116,0,0,0,0,0,0.0,0.0,0,
133,2026-10-09T15:27:41.471899+00:00,133.00055624200013,sda5,0.9986687099999472,16548864,15231664128,826,35039,0,0,0,0,0.0,0.0,0,
134,2026-10-09T15:27:42.471512+00:00,134.00019493000036,loop0,0.9996124019999115,374784,0,51,0,0,0,0,0,0.0,0.0,0,
134,2026-10-09T15:27:42.471512+00:00,134.00019493000036,loop1,0.9996124019999115,2107392,0,217,0,0,0,0,0,0.0,0.0,0,
134,2026-10-09T15:27:42.471512+00:00,134.00019493000036,loop2,0.9996124019999115,1106944,0,51,0,0,0,0,0,0.0,0.0,0,
134,2026-10-09T15:27:42.471512+00:00,134.00019493000036,loop3,0.9996124019999115,1141760,0,66,0,0,0,0,0,0.0,0.0,0,
134,2026-10-09T15:27:42.471512+00:00,134.00019493000036,loop4,0.9996124019999115,354304,0,43,0,0,0,0,0,0.0,0.0,0,
134,2026-10-09T15:27:42.471512+00:00,134.00019493000036,loop5,0.9996124019999115,18432,0,12,0,0,0,0,0,0.0,0.0,0,
134,2026-10-09T15:27:42.471512+00:00,134.00019493000036,loop6,0.9996124019999115,0,0,0,0,0,0,0,0,0.0,0.0,0,
134,2026-10-09T15:27:42.471512+00:00,134.00019493000036,loop7,0.9996124019999115,0,0,0,0,0,0,0,0,0.0,0.0,0,
134,2026-10-09T15:27:42.471512+00:00,134.00019493000036,sr0,0.9996124019999115,1536,0,8,0,0,0,0,0,0.0,0.0,0,
134,2026-10-09T15:27:42.471512+00:00,134.00019493000036,sda,0.9996124019999115,356335104,15478145024,7903,74842,0,0,0,0,0.0,0.0,0,
134,2026-10-09T15:27:42.471512+00:00,134.00019493000036,sda1,0.9996124019999115,319488,0,78,0,0,0,0,0,0.0,0.0,0,
134,2026-10-09T15:27:42.471512+00:00,134.00019493000036,sda2,0.9996124019999115,326784000,246362112,6593,39778,0,0,0,0,0.0,0.0,0,
134,2026-10-09T15:27:42.471512+00:00,134.00019493000036,sda3,0.9996124019999115,5571584,118784,155,25,0,0,0,0,0.0,0.0,0,
134,2026-10-09T15:27:42.471512+00:00,134.00019493000036,sda4,0.9996124019999115,4657152,0,116,0,0,0,0,0,0.0,0.0,0,
134,2026-10-09T15:27:42.471512+00:00,134.00019493000036,sda5,0.9996124019999115,16548864,15231664128,826,35039,0,0,0,0,0.0,0.0,0,
135,2026-10-09T15:27:43.472356+00:00,135.00090416400053,loop0,1.0008446280007774,374784,0,51,0,0,0,0,0,0.0,0.0,0,
135,2026-10-09T15:27:43.472356+00:00,135.00090416400053,loop1,1.0008446280007774,2107392,0,217,0,0,0,0,0,0.0,0.0,0,
135,2026-10-09T15:27:43.472356+00:00,135.00090416400053,loop2,1.0008446280007774,1106944,0,51,0,0,0,0,0,0.0,0.0,0,
135,2026-10-09T15:27:43.472356+00:00,135.00090416400053,loop3,1.0008446280007774,1141760,0,66,0,0,0,0,0,0.0,0.0,0,
135,2026-10-09T15:27:43.472356+00:00,135.00090416400053,loop4,1.0008446280007774,354304,0,43,0,0,0,0,0,0.0,0.0,0,
135,2026-10-09T15:27:43.472356+00:00,135.00090416400053,loop5,1.0008446280007774,18432,0,12,0,0,0,0,0,0.0,0.0,0,
135,2026-10-09T15:27:43.472356+00:00,135.00090416400053,loop6,1.0008446280007774,0,0,0,0,0,0,0,0,0.0,0.0,0,
135,2026-10-09T15:27:43.472356+00:00,135.00090416400053,loop7,1.0008446280007774,0,0,0,0,0,0,0,0,0.0,0.0,0,
135,2026-10-09T15:27:43.472356+00:00,135.00090416400053,sr0,1.0008446280007774,1536,0,8,0,0,0,0,0,0.0,0.0,0,
135,2026-10-09T15:27:43.472356+00:00,135.00090416400053,sda,1.0008446280007774,356335104,15478145024,7903,74842,0,0,0,0,0.0,0.0,0,
135,2026-10-09T15:27:43.472356+00:00,135.00090416400053,sda1,1.0008446280007774,319488,0,78,0,0,0,0,0,0.0,0.0,0,
135,2026-10-09T15:27:43.472356+00:00,135.00090416400053,sda2,1.0008446280007774,326784000,246362112,6593,39778,0,0,0,0,0.0,0.0,0,
135,2026-10-09T15:27:43.472356+00:00,135.00090416400053,sda3,1.0008446280007774,5571584,118784,155,25,0,0,0,0,0.0,0.0,0,
135,2026-10-09T15:27:43.472356+00:00,135.00090416400053,sda4,1.0008446280007774,4657152,0,116,0,0,0,0,0,0.0,0.0,0,
135,2026-10-09T15:27:43.472356+00:00,135.00090416400053,sda5,1.0008446280007774,16548864,15231664128,826,35039,0,0,0,0,0.0,0.0,0,
136,2026-10-09T15:27:44.472244+00:00,136.0009047880003,loop0,0.9998882569998386,374784,0,51,0,0,0,0,0,0.0,0.0,0,
136,2026-10-09T15:27:44.472244+00:00,136.0009047880003,loop1,0.9998882569998386,2107392,0,217,0,0,0,0,0,0.0,0.0,0,
136,2026-10-09T15:27:44.472244+00:00,136.0009047880003,loop2,0.9998882569998386,1106944,0,51,0,0,0,0,0,0.0,0.0,0,
136,2026-10-09T15:27:44.472244+00:00,136.0009047880003,loop3,0.9998882569998386,1141760,0,66,0,0,0,0,0,0.0,0.0,0,
136,2026-10-09T15:27:44.472244+00:00,136.0009047880003,loop4,0.9998882569998386,354304,0,43,0,0,0,0,0,0.0,0.0,0,
136,2026-10-09T15:27:44.472244+00:00,136.0009047880003,loop5,0.9998882569998386,18432,0,12,0,0,0,0,0,0.0,0.0,0,
136,2026-10-09T15:27:44.472244+00:00,136.0009047880003,loop6,0.9998882569998386,0,0,0,0,0,0,0,0,0.0,0.0,0,
136,2026-10-09T15:27:44.472244+00:00,136.0009047880003,loop7,0.9998882569998386,0,0,0,0,0,0,0,0,0.0,0.0,0,
136,2026-10-09T15:27:44.472244+00:00,136.0009047880003,sr0,0.9998882569998386,1536,0,8,0,0,0,0,0,0.0,0.0,0,
136,2026-10-09T15:27:44.472244+00:00,136.0009047880003,sda,0.9998882569998386,356335104,15481741312,7903,75434,0,3596288,0,592,0.0,3596689.904920626,184,
136,2026-10-09T15:27:44.472244+00:00,136.0009047880003,sda1,0.9998882569998386,319488,0,78,0,0,0,0,0,0.0,0.0,0,
136,2026-10-09T15:27:44.472244+00:00,136.0009047880003,sda2,0.9998882569998386,326784000,249929728,6593,40365,0,3567616,0,587,0.0,3568014.7006672723,176,
136,2026-10-09T15:27:44.472244+00:00,136.0009047880003,sda3,0.9998882569998386,5571584,118784,155,25,0,0,0,0,0.0,0.0,0,
136,2026-10-09T15:27:44.472244+00:00,136.0009047880003,sda4,0.9998882569998386,4657152,0,116,0,0,0,0,0,0.0,0.0,0,
136,2026-10-09T15:27:44.472244+00:00,136.0009047880003,sda5,0.9998882569998386,16548864,15231692800,826,35044,0,28672,0,5,0.0,28675.20425335351,8,
137,2026-10-09T15:27:45.472809+00:00,137.00147076200028,loop0,1.0005646419995173,374784,0,51,0,0,0,0,0,0.0,0.0,0,
137,2026-10-09T15:27:45.472809+00:00,137.00147076200028,loop1,1.0005646419995173,2107392,0,217,0,0,0,0,0,0.0,0.0,0,
137,2026-10-09T15:27:45.472809+00:00,137.00147076200028,loop2,1.0005646419995173,1106944,0,51,0,0,0,0,0,0.0,0.0,0,
137,2026-10-09T15:27:45.472809+00:00,137.00147076200028,loop3,1.0005646419995173,1141760,0,66,0,0,0,0,0,0.0,0.0,0,
137,2026-10-09T15:27:45.472809+00:00,137.00147076200028,loop4,1.0005646419995173,354304,0,43,0,0,0,0,0,0.0,0.0,0,
137,2026-10-09T15:27:45.472809+00:00,137.00147076200028,loop5,1.0005646419995173,18432,0,12,0,0,0,0,0,0.0,0.0,0,
137,2026-10-09T15:27:45.472809+00:00,137.00147076200028,loop6,1.0005646419995173,0,0,0,0,0,0,0,0,0.0,0.0,0,
137,2026-10-09T15:27:45.472809+00:00,137.00147076200028,loop7,1.0005646419995173,0,0,0,0,0,0,0,0,0.0,0.0,0,
137,2026-10-09T15:27:45.472809+00:00,137.00147076200028,sr0,1.0005646419995173,1536,0,8,0,0,0,0,0,0.0,0.0,0,
137,2026-10-09T15:27:45.472809+00:00,137.00147076200028,sda,1.0005646419995173,356335104,15481880576,7903,75439,0,139264,0,5,0.0,139185.41007175343,212,
137,2026-10-09T15:27:45.472809+00:00,137.00147076200028,sda1,1.0005646419995173,319488,0,78,0,0,0,0,0,0.0,0.0,0,
137,2026-10-09T15:27:45.472809+00:00,137.00147076200028,sda2,1.0005646419995173,326784000,249962496,6593,40367,0,32768,0,2,0.0,32749.508252177282,196,
137,2026-10-09T15:27:45.472809+00:00,137.00147076200028,sda3,1.0005646419995173,5571584,118784,155,25,0,0,0,0,0.0,0.0,0,
137,2026-10-09T15:27:45.472809+00:00,137.00147076200028,sda4,1.0005646419995173,4657152,0,116,0,0,0,0,0,0.0,0.0,0,
137,2026-10-09T15:27:45.472809+00:00,137.00147076200028,sda5,1.0005646419995173,16548864,15231799296,826,35047,0,106496,0,3,0.0,106435.90181957616,16,
138,2026-10-09T15:27:46.471953+00:00,138.00051686999996,loop0,0.9991437320004479,374784,0,51,0,0,0,0,0,0.0,0.0,0,
138,2026-10-09T15:27:46.471953+00:00,138.00051686999996,loop1,0.9991437320004479,2107392,0,217,0,0,0,0,0,0.0,0.0,0,
138,2026-10-09T15:27:46.471953+00:00,138.00051686999996,loop2,0.9991437320004479,1106944,0,51,0,0,0,0,0,0.0,0.0,0,
138,2026-10-09T15:27:46.471953+00:00,138.00051686999996,loop3,0.9991437320004479,1141760,0,66,0,0,0,0,0,0.0,0.0,0,
138,2026-10-09T15:27:46.471953+00:00,138.00051686999996,loop4,0.9991437320004479,354304,0,43,0,0,0,0,0,0.0,0.0,0,
138,2026-10-09T15:27:46.471953+00:00,138.00051686999996,loop5,0.9991437320004479,18432,0,12,0,0,0,0,0,0.0,0.0,0,
138,2026-10-09T15:27:46.471953+00:00,138.00051686999996,loop6,0.9991437320004479,0,0,0,0,0,0,0,0,0.0,0.0,0,
138,2026-10-09T15:27:46.471953+00:00,138.00051686999996,loop7,0.9991437320004479,0,0,0,0,0,0,0,0,0.0,0.0,0,
138,2026-10-09T15:27:46.471953+00:00,138.00051686999996,sr0,0.9991437320004479,1536,0,8,0,0,0,0,0,0.0,0.0,0,
138,2026-10-09T15:27:46.471953+00:00,138.00051686999996,sda,0.9991437320004479,356335104,15481925632,7903,75441,0,45056,0,2,0.0,45094.613074127556,4,
138,2026-10-09T15:27:46.471953+00:00,138.00051686999996,sda1,0.9991437320004479,319488,0,78,0,0,0,0,0,0.0,0.0,0,
138,2026-10-09T15:27:46.471953+00:00,138.00051686999996,sda2,0.9991437320004479,326784000,249962496,6593,40367,0,0,0,0,0.0,0.0,0,
138,2026-10-09T15:27:46.471953+00:00,138.00051686999996,sda3,0.9991437320004479,5571584,118784,155,25,0,0,0,0,0.0,0.0,0,
138,2026-10-09T15:27:46.471953+00:00,138.00051686999996,sda4,0.9991437320004479,4657152,0,116,0,0,0,0,0,0.0,0.0,0,
138,2026-10-09T15:27:46.471953+00:00,138.00051686999996,sda5,0.9991437320004479,16548864,15231844352,826,35049,0,45056,0,2,0.0,45094.613074127556,4,
139,2026-10-09T15:27:47.472660+00:00,139.0012648490001,loop0,1.000707207999767,374784,0,51,0,0,0,0,0,0.0,0.0,0,
139,2026-10-09T15:27:47.472660+00:00,139.0012648490001,loop1,1.000707207999767,2107392,0,217,0,0,0,0,0,0.0,0.0,0,
139,2026-10-09T15:27:47.472660+00:00,139.0012648490001,loop2,1.000707207999767,1106944,0,51,0,0,0,0,0,0.0,0.0,0,
139,2026-10-09T15:27:47.472660+00:00,139.0012648490001,loop3,1.000707207999767,1141760,0,66,0,0,0,0,0,0.0,0.0,0,
139,2026-10-09T15:27:47.472660+00:00,139.0012648490001,loop4,1.000707207999767,354304,0,43,0,0,0,0,0,0.0,0.0,0,
139,2026-10-09T15:27:47.472660+00:00,139.0012648490001,loop5,1.000707207999767,18432,0,12,0,0,0,0,0,0.0,0.0,0,
139,2026-10-09T15:27:47.472660+00:00,139.0012648490001,loop6,1.000707207999767,0,0,0,0,0,0,0,0,0.0,0.0,0,
139,2026-10-09T15:27:47.472660+00:00,139.0012648490001,loop7,1.000707207999767,0,0,0,0,0,0,0,0,0.0,0.0,0,
139,2026-10-09T15:27:47.472660+00:00,139.0012648490001,sr0,1.000707207999767,1536,0,8,0,0,0,0,0,0.0,0.0,0,
139,2026-10-09T15:27:47.472660+00:00,139.0012648490001,sda,1.000707207999767,356335104,15481925632,7903,75441,0,0,0,0,0.0,0.0,0,
139,2026-10-09T15:27:47.472660+00:00,139.0012648490001,sda1,1.000707207999767,319488,0,78,0,0,0,0,0,0.0,0.0,0,
139,2026-10-09T15:27:47.472660+00:00,139.0012648490001,sda2,1.000707207999767,326784000,249962496,6593,40367,0,0,0,0,0.0,0.0,0,
139,2026-10-09T15:27:47.472660+00:00,139.0012648490001,sda3,1.000707207999767,5571584,118784,155,25,0,0,0,0,0.0,0.0,0,
139,2026-10-09T15:27:47.472660+00:00,139.0012648490001,sda4,1.000707207999767,4657152,0,116,0,0,0,0,0,0.0,0.0,0,
139,2026-10-09T15:27:47.472660+00:00,139.0012648490001,sda5,1.000707207999767,16548864,15231844352,826,35049,0,0,0,0,0.0,0.0,0,
140,2026-10-09T15:27:48.471591+00:00,140.0002488050004,loop0,0.9989309980001053,374784,0,51,0,0,0,0,0,0.0,0.0,0,
140,2026-10-09T15:27:48.471591+00:00,140.0002488050004,loop1,0.9989309980001053,2107392,0,217,0,0,0,0,0,0.0,0.0,0,
140,2026-10-09T15:27:48.471591+00:00,140.0002488050004,loop2,0.9989309980001053,1106944,0,51,0,0,0,0,0,0.0,0.0,0,
140,2026-10-09T15:27:48.471591+00:00,140.0002488050004,loop3,0.9989309980001053,1141760,0,66,0,0,0,0,0,0.0,0.0,0,
140,2026-10-09T15:27:48.471591+00:00,140.0002488050004,loop4,0.9989309980001053,354304,0,43,0,0,0,0,0,0.0,0.0,0,
140,2026-10-09T15:27:48.471591+00:00,140.0002488050004,loop5,0.9989309980001053,18432,0,12,0,0,0,0,0,0.0,0.0,0,
140,2026-10-09T15:27:48.471591+00:00,140.0002488050004,loop6,0.9989309980001053,0,0,0,0,0,0,0,0,0.0,0.0,0,
140,2026-10-09T15:27:48.471591+00:00,140.0002488050004,loop7,0.9989309980001053,0,0,0,0,0,0,0,0,0.0,0.0,0,
140,2026-10-09T15:27:48.471591+00:00,140.0002488050004,sr0,0.9989309980001053,1536,0,8,0,0,0,0,0,0.0,0.0,0,
140,2026-10-09T15:27:48.471591+00:00,140.0002488050004,sda,0.9989309980001053,356335104,15481925632,7903,75441,0,0,0,0,0.0,0.0,0,
140,2026-10-09T15:27:48.471591+00:00,140.0002488050004,sda1,0.9989309980001053,319488,0,78,0,0,0,0,0,0.0,0.0,0,
140,2026-10-09T15:27:48.471591+00:00,140.0002488050004,sda2,0.9989309980001053,326784000,249962496,6593,40367,0,0,0,0,0.0,0.0,0,
140,2026-10-09T15:27:48.471591+00:00,140.0002488050004,sda3,0.9989309980001053,5571584,118784,155,25,0,0,0,0,0.0,0.0,0,
140,2026-10-09T15:27:48.471591+00:00,140.0002488050004,sda4,0.9989309980001053,4657152,0,116,0,0,0,0,0,0.0,0.0,0,
140,2026-10-09T15:27:48.471591+00:00,140.0002488050004,sda5,0.9989309980001053,16548864,15231844352,826,35049,0,0,0,0,0.0,0.0,0,
141,2026-10-09T15:27:49.471584+00:00,141.00015843100027,loop0,0.9999931610000203,374784,0,51,0,0,0,0,0,0.0,0.0,0,
141,2026-10-09T15:27:49.471584+00:00,141.00015843100027,loop1,0.9999931610000203,2107392,0,217,0,0,0,0,0,0.0,0.0,0,
141,2026-10-09T15:27:49.471584+00:00,141.00015843100027,loop2,0.9999931610000203,1106944,0,51,0,0,0,0,0,0.0,0.0,0,
141,2026-10-09T15:27:49.471584+00:00,141.00015843100027,loop3,0.9999931610000203,1141760,0,66,0,0,0,0,0,0.0,0.0,0,
141,2026-10-09T15:27:49.471584+00:00,141.00015843100027,loop4,0.9999931610000203,354304,0,43,0,0,0,0,0,0.0,0.0,0,
141,2026-10-09T15:27:49.471584+00:00,141.00015843100027,loop5,0.9999931610000203,18432,0,12,0,0,0,0,0,0.0,0.0,0,
141,2026-10-09T15:27:49.471584+00:00,141.00015843100027,loop6,0.9999931610000203,0,0,0,0,0,0,0,0,0.0,0.0,0,
141,2026-10-09T15:27:49.471584+00:00,141.00015843100027,loop7,0.9999931610000203,0,0,0,0,0,0,0,0,0.0,0.0,0,
141,2026-10-09T15:27:49.471584+00:00,141.00015843100027,sr0,0.9999931610000203,1536,0,8,0,0,0,0,0,0.0,0.0,0,
141,2026-10-09T15:27:49.471584+00:00,141.00015843100027,sda,0.9999931610000203,356335104,15481978880,7903,75453,0,53248,0,12,0.0,53248.36416556145,52,
141,2026-10-09T15:27:49.471584+00:00,141.00015843100027,sda1,0.9999931610000203,319488,0,78,0,0,0,0,0,0.0,0.0,0,
141,2026-10-09T15:27:49.471584+00:00,141.00015843100027,sda2,0.9999931610000203,326784000,250015744,6593,40379,0,53248,0,12,0.0,53248.36416556145,52,
141,2026-10-09T15:27:49.471584+00:00,141.00015843100027,sda3,0.9999931610000203,5571584,118784,155,25,0,0,0,0,0.0,0.0,0,
141,2026-10-09T15:27:49.471584+00:00,141.00015843100027,sda4,0.9999931610000203,4657152,0,116,0,0,0,0,0,0.0,0.0,0,
141,2026-10-09T15:27:49.471584+00:00,141.00015843100027,sda5,0.9999931610000203,16548864,15231844352,826,35049,0,0,0,0,0.0,0.0,0,
142,2026-10-09T15:27:50.473029+00:00,142.0016583610004,loop0,1.001444857000024,374784,0,51,0,0,0,0,0,0.0,0.0,0,
142,2026-10-09T15:27:50.473029+00:00,142.0016583610004,loop1,1.001444857000024,2107392,0,217,0,0,0,0,0,0.0,0.0,0,
142,2026-10-09T15:27:50.473029+00:00,142.0016583610004,loop2,1.001444857000024,1106944,0,51,0,0,0,0,0,0.0,0.0,0,
142,2026-10-09T15:27:50.473029+00:00,142.0016583610004,loop3,1.001444857000024,1141760,0,66,0,0,0,0,0,0.0,0.0,0,
142,2026-10-09T15:27:50.473029+00:00,142.0016583610004,loop4,1.001444857000024,354304,0,43,0,0,0,0,0,0.0,0.0,0,
142,2026-10-09T15:27:50.473029+00:00,142.0016583610004,loop5,1.001444857000024,18432,0,12,0,0,0,0,0,0.0,0.0,0,
142,2026-10-09T15:27:50.473029+00:00,142.0016583610004,loop6,1.001444857000024,0,0,0,0,0,0,0,0,0.0,0.0,0,
142,2026-10-09T15:27:50.473029+00:00,142.0016583610004,loop7,1.001444857000024,0,0,0,0,0,0,0,0,0.0,0.0,0,
142,2026-10-09T15:27:50.473029+00:00,142.0016583610004,sr0,1.001444857000024,1536,0,8,0,0,0,0,0,0.0,0.0,0,
142,2026-10-09T15:27:50.473029+00:00,142.0016583610004,sda,1.001444857000024,356335104,15482003456,7903,75455,0,24576,0,2,0.0,24540.54242549214,40,
142,2026-10-09T15:27:50.473029+00:00,142.0016583610004,sda1,1.001444857000024,319488,0,78,0,0,0,0,0,0.0,0.0,0,
142,2026-10-09T15:27:50.473029+00:00,142.0016583610004,sda2,1.001444857000024,326784000,250040320,6593,40381,0,24576,0,2,0.0,24540.54242549214,40,
142,2026-10-09T15:27:50.473029+00:00,142.0016583610004,sda3,1.001444857000024,5571584,118784,155,25,0,0,0,0,0.0,0.0,0,
142,2026-10-09T15:27:50.473029+00:00,142.0016583610004,sda4,1.001444857000024,4657152,0,116,0,0,0,0,0,0.0,0.0,0,
142,2026-10-09T15:27:50.473029+00:00,142.0016583610004,sda5,1.001444857000024,16548864,15231844352,826,35049,0,0,0,0,0.0,0.0,0,
143,2026-10-09T15:27:51.473258+00:00,143.00190093900073,loop0,1.000228547000006,374784,0,51,0,0,0,0,0,0.0,0.0,0,
143,2026-10-09T15:27:51.473258+00:00,143.00190093900073,loop1,1.000228547000006,2107392,0,217,0,0,0,0,0,0.0,0.0,0,
143,2026-10-09T15:27:51.473258+00:00,143.00190093900073,loop2,1.000228547000006,1106944,0,51,0,0,0,0,0,0.0,0.0,0,
143,2026-10-09T15:27:51.473258+00:00,143.00190093900073,loop3,1.000228547000006,1141760,0,66,0,0,0,0,0,0.0,0.0,0,
143,2026-10-09T15:27:51.473258+00:00,143.00190093900073,loop4,1.000228547000006,354304,0,43,0,0,0,0,0,0.0,0.0,0,
143,2026-10-09T15:27:51.473258+00:00,143.00190093900073,loop5,1.000228547000006,18432,0,12,0,0,0,0,0,0.0,0.0,0,
143,2026-10-09T15:27:51.473258+00:00,143.00190093900073,loop6,1.000228547000006,0,0,0,0,0,0,0,0,0.0,0.0,0,
143,2026-10-09T15:27:51.473258+00:00,143.00190093900073,loop7,1.000228547000006,0,0,0,0,0,0,0,0,0.0,0.0,0,
143,2026-10-09T15:27:51.473258+00:00,143.00190093900073,sr0,1.000228547000006,1536,0,8,0,0,0,0,0,0.0,0.0,0,
143,2026-10-09T15:27:51.473258+00:00,143.00190093900073,sda,1.000228547000006,356335104,15482015744,7903,75457,0,12288,0,2,0.0,12285.192256165356,8,
143,2026-10-09T15:27:51.473258+00:00,143.00190093900073,sda1,1.000228547000006,319488,0,78,0,0,0,0,0,0.0,0.0,0,
143,2026-10-09T15:27:51.473258+00:00,143.00190093900073,sda2,1.000228547000006,326784000,250040320,6593,40381,0,0,0,0,0.0,0.0,0,
143,2026-10-09T15:27:51.473258+00:00,143.00190093900073,sda3,1.000228547000006,5571584,118784,155,25,0,0,0,0,0.0,0.0,0,
143,2026-10-09T15:27:51.473258+00:00,143.00190093900073,sda4,1.000228547000006,4657152,0,116,0,0,0,0,0,0.0,0.0,0,
143,2026-10-09T15:27:51.473258+00:00,143.00190093900073,sda5,1.000228547000006,16548864,15231856640,826,35051,0,12288,0,2,0.0,12285.192256165356,8,
144,2026-10-09T15:27:52.472344+00:00,144.00086532800015,loop0,0.9990858800001661,374784,0,51,0,0,0,0,0,0.0,0.0,0,
144,2026-10-09T15:27:52.472344+00:00,144.00086532800015,loop1,0.9990858800001661,2107392,0,217,0,0,0,0,0,0.0,0.0,0,
144,2026-10-09T15:27:52.472344+00:00,144.00086532800015,loop2,0.9990858800001661,1106944,0,51,0,0,0,0,0,0.0,0.0,0,
144,2026-10-09T15:27:52.472344+00:00,144.00086532800015,loop3,0.9990858800001661,1141760,0,66,0,0,0,0,0,0.0,0.0,0,
144,2026-10-09T15:27:52.472344+00:00,144.00086532800015,loop4,0.9990858800001661,354304,0,43,0,0,0,0,0,0.0,0.0,0,
144,2026-10-09T15:27:52.472344+00:00,144.00086532800015,loop5,0.9990858800001661,18432,0,12,0,0,0,0,0,0.0,0.0,0,
144,2026-10-09T15:27:52.472344+00:00,144.00086532800015,loop6,0.9990858800001661,0,0,0,0,0,0,0,0,0.0,0.0,0,
144,2026-10-09T15:27:52.472344+00:00,144.00086532800015,loop7,0.9990858800001661,0,0,0,0,0,0,0,0,0.0,0.0,0,
144,2026-10-09T15:27:52.472344+00:00,144.00086532800015,sr0,0.9990858800001661,1536,0,8,0,0,0,0,0,0.0,0.0,0,
144,2026-10-09T15:27:52.472344+00:00,144.00086532800015,sda,0.9990858800001661,356335104,15482015744,7903,75457,0,0,0,0,0.0,0.0,0,
144,2026-10-09T15:27:52.472344+00:00,144.00086532800015,sda1,0.9990858800001661,319488,0,78,0,0,0,0,0,0.0,0.0,0,
144,2026-10-09T15:27:52.472344+00:00,144.00086532800015,sda2,0.9990858800001661,326784000,250040320,6593,40381,0,0,0,0,0.0,0.0,0,
144,2026-10-09T15:27:52.472344+00:00,144.00086532800015,sda3,0.9990858800001661,5571584,118784,155,25,0,0,0,0,0.0,0.0,0,
144,2026-10-09T15:27:52.472344+00:00,144.00086532800015,sda4,0.9990858800001661,4657152,0,116,0,0,0,0,0,0.0,0.0,0,
144,2026-10-09T15:27:52.472344+00:00,144.00086532800015,sda5,0.9990858800001661,16548864,15231856640,826,35051,0,0,0,0,0.0,0.0,0,
145,2026-10-09T15:27:53.471726+00:00,145.00040766500024,loop0,0.9993825390001803,374784,0,51,0,0,0,0,0,0.0,0.0,0,
145,2026-10-09T15:27:53.471726+00:00,145.00040766500024,loop1,0.9993825390001803,2107392,0,217,0,0,0,0,0,0.0,0.0,0,
145,2026-10-09T15:27:53.471726+00:00,145.00040766500024,loop2,0.9993825390001803,1106944,0,51,0,0,0,0,0,0.0,0.0,0,
145,2026-10-09T15:27:53.471726+00:00,145.00040766500024,loop3,0.9993825390001803,1141760,0,66,0,0,0,0,0,0.0,0.0,0,
145,2026-10-09T15:27:53.471726+00:00,145.00040766500024,loop4,0.9993825390001803,354304,0,43,0,0,0,0,0,0.0,0.0,0,
145,2026-10-09T15:27:53.471726+00:00,145.00040766500024,loop5,0.9993825390001803,18432,0,12,0,0,0,0,0,0.0,0.0,0,
145,2026-10-09T15:27:53.471726+00:00,145.00040766500024,loop6,0.9993825390001803,0,0,0,0,0,0,0,0,0.0,0.0,0,
145,2026-10-09T15:27:53.471726+00:00,145.00040766500024,loop7,0.9993825390001803,0,0,0,0,0,0,0,0,0.0,0.0,0,
145,2026-10-09T15:27:53.471726+00:00,145.00040766500024,sr0,0.9993825390001803,1536,0,8,0,0,0,0,0,0.0,0.0,0,
145,2026-10-09T15:27:53.471726+00:00,145.00040766500024,sda,0.9993825390001803,356335104,15482015744,7903,75457,0,0,0,0,0.0,0.0,0,
145,2026-10-09T15:27:53.471726+00:00,145.00040766500024,sda1,0.9993825390001803,319488,0,78,0,0,0,0,0,0.0,0.0,0,
145,2026-10-09T15:27:53.471726+00:00,145.00040766500024,sda2,0.9993825390001803,326784000,250040320,6593,40381,0,0,0,0,0.0,0.0,0,
145,2026-10-09T15:27:53.471726+00:00,145.00040766500024,sda3,0.9993825390001803,5571584,118784,155,25,0,0,0,0,0.0,0.0,0,
145,2026-10-09T15:27:53.471726+00:00,145.00040766500024,sda4,0.9993825390001803,4657152,0,116,0,0,0,0,0,0.0,0.0,0,
145,2026-10-09T15:27:53.471726+00:00,145.00040766500024,sda5,0.9993825390001803,16548864,15231856640,826,35051,0,0,0,0,0.0,0.0,0,
146,2026-10-09T15:27:54.473039+00:00,146.00168797300012,loop0,1.0013133419997757,374784,0,51,0,0,0,0,0,0.0,0.0,0,
146,2026-10-09T15:27:54.473039+00:00,146.00168797300012,loop1,1.0013133419997757,2107392,0,217,0,0,0,0,0,0.0,0.0,0,
146,2026-10-09T15:27:54.473039+00:00,146.00168797300012,loop2,1.0013133419997757,1106944,0,51,0,0,0,0,0,0.0,0.0,0,
146,2026-10-09T15:27:54.473039+00:00,146.00168797300012,loop3,1.0013133419997757,1141760,0,66,0,0,0,0,0,0.0,0.0,0,
146,2026-10-09T15:27:54.473039+00:00,146.00168797300012,loop4,1.0013133419997757,354304,0,43,0,0,0,0,0,0.0,0.0,0,
146,2026-10-09T15:27:54.473039+00:00,146.00168797300012,loop5,1.0013133419997757,18432,0,12,0,0,0,0,0,0.0,0.0,0,
146,2026-10-09T15:27:54.473039+00:00,146.00168797300012,loop6,1.0013133419997757,0,0,0,0,0,0,0,0,0.0,0.0,0,
146,2026-10-09T15:27:54.473039+00:00,146.00168797300012,loop7,1.0013133419997757,0,0,0,0,0,0,0,0,0.0,0.0,0,
146,2026-10-09T15:27:54.473039+00:00,146.00168797300012,sr0,1.0013133419997757,1536,0,8,0,0,0,0,0,0.0,0.0,0,
146,2026-10-09T15:27:54.473039+00:00,146.00168797300012,sda,1.0013133419997757,356335104,15482015744,7903,75457,0,0,0,0,0.0,0.0,0,
146,2026-10-09T15:27:54.473039+00:00,146.00168797300012,sda1,1.0013133419997757,319488,0,78,0,0,0,0,0,0.0,0.0,0,
146,2026-10-09T15:27:54.473039+00:00,146.00168797300012,sda2,1.0013133419997757,326784000,250040320,6593,40381,0,0,0,0,0.0,0.0,0,
146,2026-10-09T15:27:54.473039+00:00,146.00168797300012,sda3,1.0013133419997757,5571584,118784,155,25,0,0,0,0,0.0,0.0,0,
146,2026-10-09T15:27:54.473039+00:00,146.00168797300012,sda4,1.0013133419997757,4657152,0,116,0,0,0,0,0,0.0,0.0,0,
146,2026-10-09T15:27:54.473039+00:00,146.00168797300012,sda5,1.0013133419997757,16548864,15231856640,826,35051,0,0,0,0,0.0,0.0,0,
147,2026-10-09T15:27:55.471776+00:00,147.0003349030003,loop0,0.9987369099999341,374784,0,51,0,0,0,0,0,0.0,0.0,0,
147,2026-10-09T15:27:55.471776+00:00,147.0003349030003,loop1,0.9987369099999341,2107392,0,217,0,0,0,0,0,0.0,0.0,0,
147,2026-10-09T15:27:55.471776+00:00,147.0003349030003,loop2,0.9987369099999341,1106944,0,51,0,0,0,0,0,0.0,0.0,0,
147,2026-10-09T15:27:55.471776+00:00,147.0003349030003,loop3,0.9987369099999341,1141760,0,66,0,0,0,0,0,0.0,0.0,0,
147,2026-10-09T15:27:55.471776+00:00,147.0003349030003,loop4,0.9987369099999341,354304,0,43,0,0,0,0,0,0.0,0.0,0,
147,2026-10-09T15:27:55.471776+00:00,147.0003349030003,loop5,0.9987369099999341,18432,0,12,0,0,0,0,0,0.0,0.0,0,
147,2026-10-09T15:27:55.471776+00:00,147.0003349030003,loop6,0.9987369099999341,0,0,0,0,0,0,0,0,0.0,0.0,0,
147,2026-10-09T15:27:55.471776+00:00,147.0003349030003,loop7,0.9987369099999341,0,0,0,0,0,0,0,0,0.0,0.0,0,
147,2026-10-09T15:27:55.471776+00:00,147.0003349030003,sr0,0.9987369099999341,1536,0,8,0,0,0,0,0,0.0,0.0,0,
147,2026-10-09T15:27:55.471776+00:00,147.0003349030003,sda,0.9987369099999341,356335104,15482040320,7903,75459,0,24576,0,2,0.0,24607.08095788872,8,
147,2026-10-09T15:27:55.471776+00:00,147.0003349030003,sda1,0.9987369099999341,319488,0,78,0,0,0,0,0,0.0,0.0,0,
147,2026-10-09T15:27:55.471776+00:00,147.0003349030003,sda2,0.9987369099999341,326784000,250064896,6593,40383,0,24576,0,2,0.0,24607.08095788872,8,
147,2026-10-09T15:27:55.471776+00:00,147.0003349030003,sda3,0.9987369099999341,5571584,118784,155,25,0,0,0,0,0.0,0.0,0,
147,2026-10-09T15:27:55.471776+00:00,147.0003349030003,sda4,0.9987369099999341,4657152,0,116,0,0,0,0,0,0.0,0.0,0,
147,2026-10-09T15:27:55.471776+00:00,147.0003349030003,sda5,0.9987369099999341,16548864,15231856640,826,35051,0,0,0,0,0.0,0.0,0,
148,2026-10-09T15:27:56.472312+00:00,148.0010551740006,loop0,1.0005353500000638,374784,0,51,0,0,0,0,0,0.0,0.0,0,
148,2026-10-09T15:27:56.472312+00:00,148.0010551740006,loop1,1.0005353500000638,2107392,0,217,0,0,0,0,0,0.0,0.0,0,
148,2026-10-09T15:27:56.472312+00:00,148.0010551740006,loop2,1.0005353500000638,1106944,0,51,0,0,0,0,0,0.0,0.0,0,
148,2026-10-09T15:27:56.472312+00:00,148.0010551740006,loop3,1.0005353500000638,1141760,0,66,0,0,0,0,0,0.0,0.0,0,
148,2026-10-09T15:27:56.472312+00:00,148.0010551740006,loop4,1.0005353500000638,354304,0,43,0,0,0,0,0,0.0,0.0,0,
148,2026-10-09T15:27:56.472312+00:00,148.0010551740006,loop5,1.0005353500000638,18432,0,12,0,0,0,0,0,0.0,0.0,0,
148,2026-10-09T15:27:56.472312+00:00,148.0010551740006,loop6,1.0005353500000638,0,0,0,0,0,0,0,0,0.0,0.0,0,
148,2026-10-09T15:27:56.472312+00:00,148.0010551740006,loop7,1.0005353500000638,0,0,0,0,0,0,0,0,0.0,0.0,0,
148,2026-10-09T15:27:56.472312+00:00,148.0010551740006,sr0,1.0005353500000638,1536,0,8,0,0,0,0,0,0.0,0.0,0,
148,2026-10-09T15:27:56.472312+00:00,148.0010551740006,sda,1.0005353500000638,356335104,15482093568,7903,75463,0,53248,0,4,0.0,53219.50893588778,4,
148,2026-10-09T15:27:56.472312+00:00,148.0010551740006,sda1,1.0005353500000638,319488,0,78,0,0,0,0,0,0.0,0.0,0,
148,2026-10-09T15:27:56.472312+00:00,148.0010551740006,sda2,1.0005353500000638,326784000,250064896,6593,40383,0,0,0,0,0.0,0.0,0,
148,2026-10-09T15:27:56.472312+00:00,148.0010551740006,sda3,1.0005353500000638,5571584,118784,155,25,0,0,0,0,0.0,0.0,0,
148,2026-10-09T15:27:56.472312+00:00,148.0010551740006,sda4,1.0005353500000638,4657152,0,116,0,0,0,0,0,0.0,0.0,0,
148,2026-10-09T15:27:56.472312+00:00,148.0010551740006,sda5,1.0005353500000638,16548864,15231909888,826,35055,0,53248,0,4,0.0,53219.50893588778,4,
149,2026-10-09T15:27:57.471626+00:00,149.00024783500066,loop0,0.99931482699958,374784,0,51,0,0,0,0,0,0.0,0.0,0,
149,2026-10-09T15:27:57.471626+00:00,149.00024783500066,loop1,0.99931482699958,2107392,0,217,0,0,0,0,0,0.0,0.0,0,
149,2026-10-09T15:27:57.471626+00:00,149.00024783500066,loop2,0.99931482699958,1106944,0,51,0,0,0,0,0,0.0,0.0,0,
149,2026-10-09T15:27:57.471626+00:00,149.00024783500066,loop3,0.99931482699958,1141760,0,66,0,0,0,0,0,0.0,0.0,0,
149,2026-10-09T15:27:57.471626+00:00,149.00024783500066,loop4,0.99931482699958,354304,0,43,0,0,0,0,0,0.0,0.0,0,
149,2026-10-09T15:27:57.471626+00:00,149.00024783500066,loop5,0.99931482699958,18432,0,12,0,0,0,0,0,0.0,0.0,0,
149,2026-10-09T15:27:57.471626+00:00,149.00024783500066,loop6,0.99931482699958,0,0,0,0,0,0,0,0,0.0,0.0,0,
149,2026-10-09T15:27:57.471626+00:00,149.00024783500066,loop7,0.99931482699958,0,0,0,0,0,0,0,0,0.0,0.0,0,
149,2026-10-09T15:27:57.471626+00:00,149.00024783500066,sr0,0.99931482699958,1536,0,8,0,0,0,0,0,0.0,0.0,0,
149,2026-10-09T15:27:57.471626+00:00,149.00024783500066,sda,0.99931482699958,356335104,15482138624,7903,75465,0,45056,0,2,0.0,45086.892321291394,8,
149,2026-10-09T15:27:57.471626+00:00,149.00024783500066,sda1,0.99931482699958,319488,0,78,0,0,0,0,0,0.0,0.0,0,
149,2026-10-09T15:27:57.471626+00:00,149.00024783500066,sda2,0.99931482699958,326784000,250064896,6593,40383,0,0,0,0,0.0,0.0,0,
149,2026-10-09T15:27:57.471626+00:00,149.00024783500066,sda3,0.99931482699958,5571584,118784,155,25,0,0,0,0,0.0,0.0,0,
149,2026-10-09T15:27:57.471626+00:00,149.00024783500066,sda4,0.99931482699958,4657152,0,116,0,0,0,0,0,0.0,0.0,0,
149,2026-10-09T15:27:57.471626+00:00,149.00024783500066,sda5,0.99931482699958,16548864,15231954944,826,35057,0,45056,0,2,0.0,45086.892321291394,8,
150,2026-10-09T15:27:58.471781+00:00,150.000188643,loop0,1.0001540069997645,374784,0,51,0,0,0,0,0,0.0,0.0,0,
150,2026-10-09T15:27:58.471781+00:00,150.000188643,loop1,1.0001540069997645,2107392,0,217,0,0,0,0,0,0.0,0.0,0,
150,2026-10-09T15:27:58.471781+00:00,150.000188643,loop2,1.0001540069997645,1106944,0,51,0,0,0,0,0,0.0,0.0,0,
150,2026-10-09T15:27:58.471781+00:00,150.000188643,loop3,1.0001540069997645,1141760,0,66,0,0,0,0,0,0.0,0.0,0,
150,2026-10-09T15:27:58.471781+00:00,150.000188643,loop4,1.0001540069997645,354304,0,43,0,0,0,0,0,0.0,0.0,0,
150,2026-10-09T15:27:58.471781+00:00,150.000188643,loop5,1.0001540069997645,18432,0,12,0,0,0,0,0,0.0,0.0,0,
150,2026-10-09T15:27:58.471781+00:00,150.000188643,loop6,1.0001540069997645,0,0,0,0,0,0,0,0,0.0,0.0,0,
150,2026-10-09T15:27:58.471781+00:00,150.000188643,loop7,1.0001540069997645,0,0,0,0,0,0,0,0,0.0,0.0,0,
150,2026-10-09T15:27:58.471781+00:00,150.000188643,sr0,1.0001540069997645,1536,0,8,0,0,0,0,0,0.0,0.0,0,
150,2026-10-09T15:27:58.471781+00:00,150.000188643,sda,1.0001540069997645,356335104,15482138624,7903,75465,0,0,0,0,0.0,0.0,0,
150,2026-10-09T15:27:58.471781+00:00,150.000188643,sda1,1.0001540069997645,319488,0,78,0,0,0,0,0,0.0,0.0,0,
150,2026-10-09T15:27:58.471781+00:00,150.000188643,sda2,1.0001540069997645,326784000,250064896,6593,40383,0,0,0,0,0.0,0.0,0,
150,2026-10-09T15:27:58.471781+00:00,150.000188643,sda3,1.0001540069997645,5571584,118784,155,25,0,0,0,0,0.0,0.0,0,
150,2026-10-09T15:27:58.471781+00:00,150.000188643,sda4,1.0001540069997645,4657152,0,116,0,0,0,0,0,0.0,0.0,0,
150,2026-10-09T15:27:58.471781+00:00,150.000188643,sda5,1.0001540069997645,16548864,15231954944,826,35057,0,0,0,0,0.0,0.0,0,
151,2026-10-09T15:27:59.472973+00:00,151.00162094200005,loop0,1.001192636000269,374784,0,51,0,0,0,0,0,0.0,0.0,0,
151,2026-10-09T15:27:59.472973+00:00,151.00162094200005,loop1,1.001192636000269,2107392,0,217,0,0,0,0,0,0.0,0.0,0,
151,2026-10-09T15:27:59.472973+00:00,151.00162094200005,loop2,1.001192636000269,1106944,0,51,0,0,0,0,0,0.0,0.0,0,
151,2026-10-09T15:27:59.472973+00:00,151.00162094200005,loop3,1.001192636000269,1141760,0,66,0,0,0,0,0,0.0,0.0,0,
151,2026-10-09T15:27:59.472973+00:00,151.00162094200005,loop4,1.001192636000269,354304,0,43,0,0,0,0,0,0.0,0.0,0,
151,2026-10-09T15:27:59.472973+00:00,151.00162094200005,loop5,1.001192636000269,18432,0,12,0,0,0,0,0,0.0,0.0,0,
151,2026-10-09T15:27:59.472973+00:00,151.00162094200005,loop6,1.001192636000269,0,0,0,0,0,0,0,0,0.0,0.0,0,
151,2026-10-09T15:27:59.472973+00:00,151.00162094200005,loop7,1.001192636000269,0,0,0,0,0,0,0,0,0.0,0.0,0,
151,2026-10-09T15:27:59.472973+00:00,151.00162094200005,sr0,1.001192636000269,1536,0,8,0,0,0,0,0,0.0,0.0,0,
151,2026-10-09T15:27:59.472973+00:00,151.00162094200005,sda,1.001192636000269,356335104,15482138624,7903,75465,0,0,0,0,0.0,0.0,0,
151,2026-10-09T15:27:59.472973+00:00,151.00162094200005,sda1,1.001192636000269,319488,0,78,0,0,0,0,0,0.0,0.0,0,
151,2026-10-09T15:27:59.472973+00:00,151.00162094200005,sda2,1.001192636000269,326784000,250064896,6593,40383,0,0,0,0,0.0,0.0,0,
151,2026-10-09T15:27:59.472973+00:00,151.00162094200005,sda3,1.001192636000269,5571584,118784,155,25,0,0,0,0,0.0,0.0,0,
151,2026-10-09T15:27:59.472973+00:00,151.00162094200005,sda4,1.001192636000269,4657152,0,116,0,0,0,0,0,0.0,0.0,0,
151,2026-10-09T15:27:59.472973+00:00,151.00162094200005,sda5,1.001192636000269,16548864,15231954944,826,35057,0,0,0,0,0.0,0.0,0,
152,2026-10-09T15:28:00.471503+00:00,152.00009431300077,loop0,0.9985299350000787,374784,0,51,0,0,0,0,0,0.0,0.0,0,
152,2026-10-09T15:28:00.471503+00:00,152.00009431300077,loop1,0.9985299350000787,2107392,0,217,0,0,0,0,0,0.0,0.0,0,
152,2026-10-09T15:28:00.471503+00:00,152.00009431300077,loop2,0.9985299350000787,1106944,0,51,0,0,0,0,0,0.0,0.0,0,
152,2026-10-09T15:28:00.471503+00:00,152.00009431300077,loop3,0.9985299350000787,1141760,0,66,0,0,0,0,0,0.0,0.0,0,
152,2026-10-09T15:28:00.471503+00:00,152.00009431300077,loop4,0.9985299350000787,354304,0,43,0,0,0,0,0,0.0,0.0,0,
152,2026-10-09T15:28:00.471503+00:00,152.00009431300077,loop5,0.9985299350000787,18432,0,12,0,0,0,0,0,0.0,0.0,0,
152,2026-10-09T15:28:00.471503+00:00,152.00009431300077,loop6,0.9985299350000787,0,0,0,0,0,0,0,0,0.0,0.0,0,
152,2026-10-09T15:28:00.471503+00:00,152.00009431300077,loop7,0.9985299350000787,0,0,0,0,0,0,0,0,0.0,0.0,0,
152,2026-10-09T15:28:00.471503+00:00,152.00009431300077,sr0,0.9985299350000787,1536,0,8,0,0,0,0,0,0.0,0.0,0,
152,2026-10-09T15:28:00.471503+00:00,152.00009431300077,sda,0.9985299350000787,356335104,15482163200,7903,75467,0,24576,0,2,0.0,24612.18150660457,8,
152,2026-10-09T15:28:00.471503+00:00,152.00009431300077,sda1,0.9985299350000787,319488,0,78,0,0,0,0,0,0.0,0.0,0,
152,2026-10-09T15:28:00.471503+00:00,152.00009431300077,sda2,0.9985299350000787,326784000,250089472,6593,40385,0,24576,0,2,0.0,24612.18150660457,8,
152,2026-10-09T15:28:00.471503+00:00,152.00009431300077,sda3,0.9985299350000787,5571584,118784,155,25,0,0,0,0,0.0,0.0,0,
152,2026-10-09T15:28:00.471503+00:00,152.00009431300077,sda4,0.9985299350000787,4657152,0,116,0,0,0,0,0,0.0,0.0,0,
152,2026-10-09T15:28:00.471503+00:00,152.00009431300077,sda5,0.9985299350000787,16548864,15231954944,826,35057,0,0,0,0,0.0,0.0,0,
153,2026-10-09T15:28:01.475435+00:00,153.0039899500007,loop0,1.00393156500013,374784,0,51,0,0,0,0,0,0.0,0.0,0,
153,2026-10-09T15:28:01.475435+00:00,153.0039899500007,loop1,1.00393156500013,2107392,0,217,0,0,0,0,0,0.0,0.0,0,
153,2026-10-09T15:28:01.475435+00:00,153.0039899500007,loop2,1.00393156500013,1106944,0,51,0,0,0,0,0,0.0,0.0,0,
153,2026-10-09T15:28:01.475435+00:00,153.0039899500007,loop3,1.00393156500013,1141760,0,66,0,0,0,0,0,0.0,0.0,0,
153,2026-10-09T15:28:01.475435+00:00,153.0039899500007,loop4,1.00393156500013,354304,0,43,0,0,0,0,0,0.0,0.0,0,
153,2026-10-09T15:28:01.475435+00:00,153.0039899500007,loop5,1.00393156500013,18432,0,12,0,0,0,0,0,0.0,0.0,0,
153,2026-10-09T15:28:01.475435+00:00,153.0039899500007,loop6,1.00393156500013,0,0,0,0,0,0,0,0,0.0,0.0,0,
153,2026-10-09T15:28:01.475435+00:00,153.0039899500007,loop7,1.00393156500013,0,0,0,0,0,0,0,0,0.0,0.0,0,
153,2026-10-09T15:28:01.475435+00:00,153.0039899500007,sr0,1.00393156500013,1536,0,8,0,0,0,0,0,0.0,0.0,0,
153,2026-10-09T15:28:01.475435+00:00,153.0039899500007,sda,1.00393156500013,356335104,15482163200,7903,75467,0,0,0,0,0.0,0.0,0,
153,2026-10-09T15:28:01.475435+00:00,153.0039899500007,sda1,1.00393156500013,319488,0,78,0,0,0,0,0,0.0,0.0,0,
153,2026-10-09T15:28:01.475435+00:00,153.0039899500007,sda2,1.00393156500013,326784000,250089472,6593,40385,0,0,0,0,0.0,0.0,0,
153,2026-10-09T15:28:01.475435+00:00,153.0039899500007,sda3,1.00393156500013,5571584,118784,155,25,0,0,0,0,0.0,0.0,0,
153,2026-10-09T15:28:01.475435+00:00,153.0039899500007,sda4,1.00393156500013,4657152,0,116,0,0,0,0,0,0.0,0.0,0,
153,2026-10-09T15:28:01.475435+00:00,153.0039899500007,sda5,1.00393156500013,16548864,15231954944,826,35057,0,0,0,0,0.0,0.0,0,
154,2026-10-09T15:28:02.472413+00:00,154.00105010300013,loop0,0.9969788360003804,374784,0,51,0,0,0,0,0,0.0,0.0,0,
154,2026-10-09T15:28:02.472413+00:00,154.00105010300013,loop1,0.9969788360003804,2107392,0,217,0,0,0,0,0,0.0,0.0,0,
154,2026-10-09T15:28:02.472413+00:00,154.00105010300013,loop2,0.9969788360003804,1106944,0,51,0,0,0,0,0,0.0,0.0,0,
154,2026-10-09T15:28:02.472413+00:00,154.00105010300013,loop3,0.9969788360003804,1141760,0,66,0,0,0,0,0,0.0,0.0,0,
154,2026-10-09T15:28:02.472413+00:00,154.00105010300013,loop4,0.9969788360003804,354304,0,43,0,0,0,0,0,0.0,0.0,0,
154,2026-10-09T15:28:02.472413+00:00,154.00105010300013,loop5,0.9969788360003804,18432,0,12,0,0,0,0,0,0.0,0.0,0,
154,2026-10-09T15:28:02.472413+00:00,154.00105010300013,loop6,0.9969788360003804,0,0,0,0,0,0,0,0,0.0,0.0,0,
154,2026-10-09T15:28:02.472413+00:00,154.00105010300013,loop7,0.9969788360003804,0,0,0,0,0,0,0,0,0.0,0.0,0,
154,2026-10-09T15:28:02.472413+00:00,154.00105010300013,sr0,0.9969788360003804,1536,0,8,0,0,0,0,0,0.0,0.0,0,
154,2026-10-09T15:28:02.472413+00:00,154.00105010300013,sda,0.9969788360003804,356335104,15482175488,7903,75469,0,12288,0,2,0.0,12325.236560984842,8,
154,2026-10-09T15:28:02.472413+00:00,154.00105010300013,sda1,0.9969788360003804,319488,0,78,0,0,0,0,0,0.0,0.0,0,
154,2026-10-09T15:28:02.472413+00:00,154.00105010300013,sda2,0.9969788360003804,326784000,250089472,6593,40385,0,0,0,0,0.0,0.0,0,
154,2026-10-09T15:28:02.472413+00:00,154.00105010300013,sda3,0.9969788360003804,5571584,118784,155,25,0,0,0,0,0.0,0.0,0,
154,2026-10-09T15:28:02.472413+00:00,154.00105010300013,sda4,0.9969788360003804,4657152,0,116,0,0,0,0,0,0.0,0.0,0,
154,2026-10-09T15:28:02.472413+00:00,154.00105010300013,sda5,0.9969788360003804,16548864,15231967232,826,35059,0,12288,0,2,0.0,12325.236560984842,8,
155,2026-10-09T15:28:03.471522+00:00,155.00018999700023,loop0,0.9991088289998515,374784,0,51,0,0,0,0,0,0.0,0.0,0,
155,2026-10-09T15:28:03.471522+00:00,155.00018999700023,loop1,0.9991088289998515,2107392,0,217,0,0,0,0,0,0.0,0.0,0,
155,2026-10-09T15:28:03.471522+00:00,155.00018999700023,loop2,0.9991088289998515,1106944,0,51,0,0,0,0,0,0.0,0.0,0,
155,2026-10-09T15:28:03.471522+00:00,155.00018999700023,loop3,0.9991088289998515,1141760,0,66,0,0,0,0,0,0.0,0.0,0,
155,2026-10-09T15:28:03.471522+00:00,155.00018999700023,loop4,0.9991088289998515,354304,0,43,0,0,0,0,0,0.0,0.0,0,
155,2026-10-09T15:28:03.471522+00:00,155.00018999700023,loop5,0.9991088289998515,18432,0,12,0,0,0,0,0,0.0,0.0,0,
155,2026-10-09T15:28:03.471522+00:00,155.00018999700023,loop6,0.9991088289998515,0,0,0,0,0,0,0,0,0.0,0.0,0,
155,2026-10-09T15:28:03.471522+00:00,155.00018999700023,loop7,0.9991088289998515,0,0,0,0,0,0,0,0,0.0,0.0,0,
155,2026-10-09T15:28:03.471522+00:00,155.00018999700023,sr0,0.9991088289998515,1536,0,8,0,0,0,0,0,0.0,0.0,0,
155,2026-10-09T15:28:03.471522+00:00,155.00018999700023,sda,0.9991088289998515,356335104,15482175488,7903,75469,0,0,0,0,0.0,0.0,0,
155,2026-10-09T15:28:03.471522+00:00,155.00018999700023,sda1,0.9991088289998515,319488,0,78,0,0,0,0,0,0.0,0.0,0,
155,2026-10-09T15:28:03.471522+00:00,155.00018999700023,sda2,0.9991088289998515,326784000,250089472,6593,40385,0,0,0,0,0.0,0.0,0,
155,2026-10-09T15:28:03.471522+00:00,155.00018999700023,sda3,0.9991088289998515,5571584,118784,155,25,0,0,0,0,0.0,0.0,0,
155,2026-10-09T15:28:03.471522+00:00,155.00018999700023,sda4,0.9991088289998515,4657152,0,116,0,0,0,0,0,0.0,0.0,0,
155,2026-10-09T15:28:03.471522+00:00,155.00018999700023,sda5,0.9991088289998515,16548864,15231967232,826,35059,0,0,0,0,0.0,0.0,0,
156,2026-10-09T15:28:04.471948+00:00,156.00038567499996,loop0,1.000425420999818,374784,0,51,0,0,0,0,0,0.0,0.0,0,
156,2026-10-09T15:28:04.471948+00:00,156.00038567499996,loop1,1.000425420999818,2107392,0,217,0,0,0,0,0,0.0,0.0,0,
156,2026-10-09T15:28:04.471948+00:00,156.00038567499996,loop2,1.000425420999818,1106944,0,51,0,0,0,0,0,0.0,0.0,0,
156,2026-10-09T15:28:04.471948+00:00,156.00038567499996,loop3,1.000425420999818,1141760,0,66,0,0,0,0,0,0.0,0.0,0,
156,2026-10-09T15:28:04.471948+00:00,156.00038567499996,loop4,1.000425420999818,354304,0,43,0,0,0,0,0,0.0,0.0,0,
156,2026-10-09T15:28:04.471948+00:00,156.00038567499996,loop5,1.000425420999818,18432,0,12,0,0,0,0,0,0.0,0.0,0,
156,2026-10-09T15:28:04.471948+00:00,156.00038567499996,loop6,1.000425420999818,0,0,0,0,0,0,0,0,0.0,0.0,0,
156,2026-10-09T15:28:04.471948+00:00,156.00038567499996,loop7,1.000425420999818,0,0,0,0,0,0,0,0,0.0,0.0,0,
156,2026-10-09T15:28:04.471948+00:00,156.00038567499996,sr0,1.000425420999818,1536,0,8,0,0,0,0,0,0.0,0.0,0,
156,2026-10-09T15:28:04.471948+00:00,156.00038567499996,sda,1.000425420999818,356335104,15482208256,7903,75471,0,32768,0,2,0.0,32754.065732607927,4,
156,2026-10-09T15:28:04.471948+00:00,156.00038567499996,sda1,1.000425420999818,319488,0,78,0,0,0,0,0,0.0,0.0,0,
156,2026-10-09T15:28:04.471948+00:00,156.00038567499996,sda2,1.000425420999818,326784000,250122240,6593,40387,0,32768,0,2,0.0,32754.065732607927,4,
156,2026-10-09T15:28:04.471948+00:00,156.00038567499996,sda3,1.000425420999818,5571584,118784,155,25,0,0,0,0,0.0,0.0,0,
156,2026-10-09T15:28:04.471948+00:00,156.00038567499996,sda4,1.000425420999818,4657152,0,116,0,0,0,0,0,0.0,0.0,0,
156,2026-10-09T15:28:04.471948+00:00,156.00038567499996,sda5,1.000425420999818,16548864,15231967232,826,35059,0,0,0,0,0.0,0.0,0,
157,2026-10-09T15:28:05.471568+00:00,157.00021991199992,loop0,0.9996199219995106,374784,0,51,0,0,0,0,0,0.0,0.0,0,
157,2026-10-09T15:28:05.471568+00:00,157.00021991199992,loop1,0.9996199219995106,2107392,0,217,0,0,0,0,0,0.0,0.0,0,
157,2026-10-09T15:28:05.471568+00:00,157.00021991199992,loop2,0.9996199219995106,1106944,0,51,0,0,0,0,0,0.0,0.0,0,
157,2026-10-09T15:28:05.471568+00:00,157.00021991199992,loop3,0.9996199219995106,1141760,0,66,0,0,0,0,0,0.0,0.0,0,
157,2026-10-09T15:28:05.471568+00:00,157.00021991199992,loop4,0.9996199219995106,354304,0,43,0,0,0,0,0,0.0,0.0,0,
157,2026-10-09T15:28:05.471568+00:00,157.00021991199992,loop5,0.9996199219995106,18432,0,12,0,0,0,0,0,0.0,0.0,0,
157,2026-10-09T15:28:05.471568+00:00,157.00021991199992,loop6,0.9996199219995106,0,0,0,0,0,0,0,0,0.0,0.0,0,
157,2026-10-09T15:28:05.471568+00:00,157.00021991199992,loop7,0.9996199219995106,0,0,0,0,0,0,0,0,0.0,0.0,0,
157,2026-10-09T15:28:05.471568+00:00,157.00021991199992,sr0,0.9996199219995106,1536,0,8,0,0,0,0,0,0.0,0.0,0,
157,2026-10-09T15:28:05.471568+00:00,157.00021991199992,sda,0.9996199219995106,356335104,15482257408,7903,75473,0,49152,0,2,0.0,49170.688697042664,8,
157,2026-10-09T15:28:05.471568+00:00,157.00021991199992,sda1,0.9996199219995106,319488,0,78,0,0,0,0,0,0.0,0.0,0,
157,2026-10-09T15:28:05.471568+00:00,157.00021991199992,sda2,0.9996199219995106,326784000,250171392,6593,40389,0,49152,0,2,0.0,49170.688697042664,8,
157,2026-10-09T15:28:05.471568+00:00,157.00021991199992,sda3,0.9996199219995106,5571584,118784,155,25,0,0,0,0,0.0,0.0,0,
157,2026-10-09T15:28:05.471568+00:00,157.00021991199992,sda4,0.9996199219995106,4657152,0,116,0,0,0,0,0,0.0,0.0,0,
157,2026-10-09T15:28:05.471568+00:00,157.00021991199992,sda5,0.9996199219995106,16548864,15231967232,826,35059,0,0,0,0,0.0,0.0,0,
158,2026-10-09T15:28:06.472768+00:00,158.00139517800017,loop0,1.0012008260000584,374784,0,51,0,0,0,0,0,0.0,0.0,0,
158,2026-10-09T15:28:06.472768+00:00,158.00139517800017,loop1,1.0012008260000584,2107392,0,217,0,0,0,0,0,0.0,0.0,0,
158,2026-10-09T15:28:06.472768+00:00,158.00139517800017,loop2,1.0012008260000584,1106944,0,51,0,0,0,0,0,0.0,0.0,0,
158,2026-10-09T15:28:06.472768+00:00,158.00139517800017,loop3,1.0012008260000584,1141760,0,66,0,0,0,0,0,0.0,0.0,0,
158,2026-10-09T15:28:06.472768+00:00,158.00139517800017,loop4,1.0012008260000584,354304,0,43,0,0,0,0,0,0.0,0.0,0,
158,2026-10-09T15:28:06.472768+00:00,158.00139517800017,loop5,1.0012008260000584,18432,0,12,0,0,0,0,0,0.0,0.0,0,
158,2026-10-09T15:28:06.472768+00:00,158.00139517800017,loop6,1.0012008260000584,0,0,0,0,0,0,0,0,0.0,0.0,0,
158,2026-10-09T15:28:06.472768+00:00,158.00139517800017,loop7,1.0012008260000584,0,0,0,0,0,0,0,0,0.0,0.0,0,
158,2026-10-09T15:28:06.472768+00:00,158.00139517800017,sr0,1.0012008260000584,1536,0,8,0,0,0,0,0,0.0,0.0,0,
158,2026-10-09T15:28:06.472768+00:00,158.00139517800017,sda,1.0012008260000584,356335104,15482257408,7903,75473,0,0,0,0,0.0,0.0,0,
158,2026-10-09T15:28:06.472768+00:00,158.00139517800017,sda1,1.0012008260000584,319488,0,78,0,0,0,0,0,0.0,0.0,0,
158,2026-10-09T15:28:06.472768+00:00,158.00139517800017,sda2,1.0012008260000584,326784000,250171392,6593,40389,0,0,0,0,0.0,0.0,0,
158,2026-10-09T15:28:06.472768+00:00,158.00139517800017,sda3,1.0012008260000584,5571584,118784,155,25,0,0,0,0,0.0,0.0,0,
158,2026-10-09T15:28:06.472768+00:00,158.00139517800017,sda4,1.0012008260000584,4657152,0,116,0,0,0,0,0,0.0,0.0,0,
158,2026-10-09T15:28:06.472768+00:00,158.00139517800017,sda5,1.0012008260000584,16548864,15231967232,826,35059,0,0,0,0,0.0,0.0,0,
159,2026-10-09T15:28:07.471515+00:00,159.00013925400071,loop0,0.9987464780006121,374784,0,51,0,0,0,0,0,0.0,0.0,0,
159,2026-10-09T15:28:07.471515+00:00,159.00013925400071,loop1,0.9987464780006121,2107392,0,217,0,0,0,0,0,0.0,0.0,0,
159,2026-10-09T15:28:07.471515+00:00,159.00013925400071,loop2,0.9987464780006121,1106944,0,51,0,0,0,0,0,0.0,0.0,0,
159,2026-10-09T15:28:07.471515+00:00,159.00013925400071,loop3,0.9987464780006121,1141760,0,66,0,0,0,0,0,0.0,0.0,0,
159,2026-10-09T15:28:07.471515+00:00,159.00013925400071,loop4,0.9987464780006121,354304,0,43,0,0,0,0,0,0.0,0.0,0,
159,2026-10-09T15:28:07.471515+00:00,159.00013925400071,loop5,0.9987464780006121,18432,0,12,0,0,0,0,0,0.0,0.0,0,
159,2026-10-09T15:28:07.471515+00:00,159.00013925400071,loop6,0.9987464780006121,0,0,0,0,0,0,0,0,0.0,0.0,0,
159,2026-10-09T15:28:07.471515+00:00,159.00013925400071,loop7,0.9987464780006121,0,0,0,0,0,0,0,0,0.0,0.0,0,
159,2026-10-09T15:28:07.471515+00:00,159.00013925400071,sr0,0.9987464780006121,1536,0,8,0,0,0,0,0,0.0,0.0,0,
159,2026-10-09T15:28:07.471515+00:00,159.00013925400071,sda,0.9987464780006121,356335104,15482269696,7903,75475,0,12288,0,2,0.0,12303.422610910542,16,
159,2026-10-09T15:28:07.471515+00:00,159.00013925400071,sda1,0.9987464780006121,319488,0,78,0,0,0,0,0,0.0,0.0,0,
159,2026-10-09T15:28:07.471515+00:00,159.00013925400071,sda2,0.9987464780006121,326784000,250171392,6593,40389,0,0,0,0,0.0,0.0,0,
159,2026-10-09T15:28:07.471515+00:00,159.00013925400071,sda3,0.9987464780006121,5571584,118784,155,25,0,0,0,0,0.0,0.0,0,
159,2026-10-09T15:28:07.471515+00:00,159.00013925400071,sda4,0.9987464780006121,4657152,0,116,0,0,0,0,0,0.0,0.0,0,
159,2026-10-09T15:28:07.471515+00:00,159.00013925400071,sda5,0.9987464780006121,16548864,15231979520,826,35061,0,12288,0,2,0.0,12303.422610910542,16,
160,2026-10-09T15:28:08.472843+00:00,160.0015270920003,loop0,1.0013275589999466,374784,0,51,0,0,0,0,0,0.0,0.0,0,
160,2026-10-09T15:28:08.472843+00:00,160.0015270920003,loop1,1.0013275589999466,2107392,0,217,0,0,0,0,0,0.0,0.0,0,
160,2026-10-09T15:28:08.472843+00:00,160.0015270920003,loop2,1.0013275589999466,1106944,0,51,0,0,0,0,0,0.0,0.0,0,
160,2026-10-09T15:28:08.472843+00:00,160.0015270920003,loop3,1.0013275589999466,1141760,0,66,0,0,0,0,0,0.0,0.0,0,
160,2026-10-09T15:28:08.472843+00:00,160.0015270920003,loop4,1.0013275589999466,354304,0,43,0,0,0,0,0,0.0,0.0,0,
160,2026-10-09T15:28:08.472843+00:00,160.0015270920003,loop5,1.0013275589999466,18432,0,12,0,0,0,0,0,0.0,0.0,0,
160,2026-10-09T15:28:08.472843+00:00,160.0015270920003,loop6,1.0013275589999466,0,0,0,0,0,0,0,0,0.0,0.0,0,
160,2026-10-09T15:28:08.472843+00:00,160.0015270920003,loop7,1.0013275589999466,0,0,0,0,0,0,0,0,0.0,0.0,0,
160,2026-10-09T15:28:08.472843+00:00,160.0015270920003,sr0,1.0013275589999466,1536,0,8,0,0,0,0,0,0.0,0.0,0,
160,2026-10-09T15:28:08.472843+00:00,160.0015270920003,sda,1.0013275589999466,356335104,15482269696,7903,75475,0,0,0,0,0.0,0.0,0,
160,2026-10-09T15:28:08.472843+00:00,160.0015270920003,sda1,1.0013275589999466,319488,0,78,0,0,0,0,0,0.0,0.0,0,
160,2026-10-09T15:28:08.472843+00:00,160.0015270920003,sda2,1.0013275589999466,326784000,250171392,6593,40389,0,0,0,0,0.0,0.0,0,
160,2026-10-09T15:28:08.472843+00:00,160.0015270920003,sda3,1.0013275589999466,5571584,118784,155,25,0,0,0,0,0.0,0.0,0,
160,2026-10-09T15:28:08.472843+00:00,160.0015270920003,sda4,1.0013275589999466,4657152,0,116,0,0,0,0,0,0.0,0.0,0,
160,2026-10-09T15:28:08.472843+00:00,160.0015270920003,sda5,1.0013275589999466,16548864,15231979520,826,35061,0,0,0,0,0.0,0.0,0,
161,2026-10-09T15:28:09.472504+00:00,161.00116747800075,loop0,0.9996614989995578,374784,0,51,0,0,0,0,0,0.0,0.0,0,
161,2026-10-09T15:28:09.472504+00:00,161.00116747800075,loop1,0.9996614989995578,2107392,0,217,0,0,0,0,0,0.0,0.0,0,
161,2026-10-09T15:28:09.472504+00:00,161.00116747800075,loop2,0.9996614989995578,1106944,0,51,0,0,0,0,0,0.0,0.0,0,
161,2026-10-09T15:28:09.472504+00:00,161.00116747800075,loop3,0.9996614989995578,1141760,0,66,0,0,0,0,0,0.0,0.0,0,
161,2026-10-09T15:28:09.472504+00:00,161.00116747800075,loop4,0.9996614989995578,354304,0,43,0,0,0,0,0,0.0,0.0,0,
161,2026-10-09T15:28:09.472504+00:00,161.00116747800075,loop5,0.9996614989995578,18432,0,12,0,0,0,0,0,0.0,0.0,0,
161,2026-10-09T15:28:09.472504+00:00,161.00116747800075,loop6,0.9996614989995578,0,0,0,0,0,0,0,0,0.0,0.0,0,
161,2026-10-09T15:28:09.472504+00:00,161.00116747800075,loop7,0.9996614989995578,0,0,0,0,0,0,0,0,0.0,0.0,0,
161,2026-10-09T15:28:09.472504+00:00,161.00116747800075,sr0,0.9996614989995578,1536,0,8,0,0,0,0,0,0.0,0.0,0,
161,2026-10-09T15:28:09.472504+00:00,161.00116747800075,sda,0.9996614989995578,356335104,15482269696,7903,75475,0,0,0,0,0.0,0.0,0,
161,2026-10-09T15:28:09.472504+00:00,161.00116747800075,sda1,0.9996614989995578,319488,0,78,0,0,0,0,0,0.0,0.0,0,
161,2026-10-09T15:28:09.472504+00:00,161.00116747800075,sda2,0.9996614989995578,326784000,250171392,6593,40389,0,0,0,0,0.0,0.0,0,
161,2026-10-09T15:28:09.472504+00:00,161.00116747800075,sda3,0.9996614989995578,5571584,118784,155,25,0,0,0,0,0.0,0.0,0,
161,2026-10-09T15:28:09.472504+00:00,161.00116747800075,sda4,0.9996614989995578,4657152,0,116,0,0,0,0,0,0.0,0.0,0,
161,2026-10-09T15:28:09.472504+00:00,161.00116747800075,sda5,0.9996614989995578,16548864,15231979520,826,35061,0,0,0,0,0.0,0.0,0,
162,2026-10-09T15:28:10.472576+00:00,162.0012330260006,loop0,1.0000715559999662,374784,0,51,0,0,0,0,0,0.0,0.0,0,
162,2026-10-09T15:28:10.472576+00:00,162.0012330260006,loop1,1.0000715559999662,2107392,0,217,0,0,0,0,0,0.0,0.0,0,
162,2026-10-09T15:28:10.472576+00:00,162.0012330260006,loop2,1.0000715559999662,1106944,0,51,0,0,0,0,0,0.0,0.0,0,
162,2026-10-09T15:28:10.472576+00:00,162.0012330260006,loop3,1.0000715559999662,1141760,0,66,0,0,0,0,0,0.0,0.0,0,
162,2026-10-09T15:28:10.472576+00:00,162.0012330260006,loop4,1.0000715559999662,354304,0,43,0,0,0,0,0,0.0,0.0,0,
162,2026-10-09T15:28:10.472576+00:00,162.0012330260006,loop5,1.0000715559999662,18432,0,12,0,0,0,0,0,0.0,0.0,0,
162,2026-10-09T15:28:10.472576+00:00,162.0012330260006,loop6,1.0000715559999662,0,0,0,0,0,0,0,0,0.0,0.0,0,
162,2026-10-09T15:28:10.472576+00:00,162.0012330260006,loop7,1.0000715559999662,0,0,0,0,0,0,0,0,0.0,0.0,0,
162,2026-10-09T15:28:10.472576+00:00,162.0012330260006,sr0,1.0000715559999662,1536,0,8,0,0,0,0,0,0.0,0.0,0,
162,2026-10-09T15:28:10.472576+00:00,162.0012330260006,sda,1.0000715559999662,356335104,15482294272,7903,75477,0,24576,0,2,0.0,24574.241565571363,8,
162,2026-10-09T15:28:10.472576+00:00,162.0012330260006,sda1,1.0000715559999662,319488,0,78,0,0,0,0,0,0.0,0.0,0,
162,2026-10-09T15:28:10.472576+00:00,162.0012330260006,sda2,1.0000715559999662,326784000,250195968,6593,40391,0,24576,0,2,0.0,24574.241565571363,8,
162,2026-10-09T15:28:10.472576+00:00,162.0012330260006,sda3,1.0000715559999662,5571584,118784,155,25,0,0,0,0,0.0,0.0,0,
162,2026-10-09T15:28:10.472576+00:00,162.0012330260006,sda4,1.0000715559999662,4657152,0,116,0,0,0,0,0,0.0,0.0,0,
162,2026-10-09T15:28:10.472576+00:00,162.0012330260006,sda5,1.0000715559999662,16548864,15231979520,826,35061,0,0,0,0,0.0,0.0,0,
163,2026-10-09T15:28:11.472488+00:00,163.0010792560006,loop0,0.9999127910004972,374784,0,51,0,0,0,0,0,0.0,0.0,0,
163,2026-10-09T15:28:11.472488+00:00,163.0010792560006,loop1,0.9999127910004972,2107392,0,217,0,0,0,0,0,0.0,0.0,0,
163,2026-10-09T15:28:11.472488+00:00,163.0010792560006,loop2,0.9999127910004972,1106944,0,51,0,0,0,0,0,0.0,0.0,0,
163,2026-10-09T15:28:11.472488+00:00,163.0010792560006,loop3,0.9999127910004972,1141760,0,66,0,0,0,0,0,0.0,0.0,0,
163,2026-10-09T15:28:11.472488+00:00,163.0010792560006,loop4,0.9999127910004972,354304,0,43,0,0,0,0,0,0.0,0.0,0,
163,2026-10-09T15:28:11.472488+00:00,163.0010792560006,loop5,0.9999127910004972,18432,0,12,0,0,0,0,0,0.0,0.0,0,
163,2026-10-09T15:28:11.472488+00:00,163.0010792560006,loop6,0.9999127910004972,0,0,0,0,0,0,0,0,0.0,0.0,0,
163,2026-10-09T15:28:11.472488+00:00,163.0010792560006,loop7,0.9999127910004972,0,0,0,0,0,0,0,0,0.0,0.0,0,
163,2026-10-09T15:28:11.472488+00:00,163.0010792560006,sr0,0.9999127910004972,1536,0,8,0,0,0,0,0,0.0,0.0,0,
163,2026-10-09T15:28:11.472488+00:00,163.0010792560006,sda,0.9999127910004972,356335104,15482294272,7903,75477,0,0,0,0,0.0,0.0,0,
163,2026-10-09T15:28:11.472488+00:00,163.0010792560006,sda1,0.9999127910004972,319488,0,78,0,0,0,0,0,0.0,0.0,0,
163,2026-10-09T15:28:11.472488+00:00,163.0010792560006,sda2,0.9999127910004972,326784000,250195968,6593,40391,0,0,0,0,0.0,0.0,0,
163,2026-10-09T15:28:11.472488+00:00,163.0010792560006,sda3,0.9999127910004972,5571584,118784,155,25,0,0,0,0,0.0,0.0,0,
163,2026-10-09T15:28:11.472488+00:00,163.0010792560006,sda4,0.9999127910004972,4657152,0,116,0,0,0,0,0,0.0,0.0,0,
163,2026-10-09T15:28:11.472488+00:00,163.0010792560006,sda5,0.9999127910004972,16548864,15231979520,826,35061,0,0,0,0,0.0,0.0,0,
164,2026-10-09T15:28:12.472642+00:00,164.00130799399994,loop0,1.0001532480000606,374784,0,51,0,0,0,0,0,0.0,0.0,0,
164,2026-10-09T15:28:12.472642+00:00,164.00130799399994,loop1,1.0001532480000606,2107392,0,217,0,0,0,0,0,0.0,0.0,0,
164,2026-10-09T15:28:12.472642+00:00,164.00130799399994,loop2,1.0001532480000606,1106944,0,51,0,0,0,0,0,0.0,0.0,0,
164,2026-10-09T15:28:12.472642+00:00,164.00130799399994,loop3,1.0001532480000606,1141760,0,66,0,0,0,0,0,0.0,0.0,0,
164,2026-10-09T15:28:12.472642+00:00,164.00130799399994,loop4,1.0001532480000606,354304,0,43,0,0,0,0,0,0.0,0.0,0,
164,2026-10-09T15:28:12.472642+00:00,164.00130799399994,loop5,1.0001532480000606,18432,0,12,0,0,0,0,0,0.0,0.0,0,
164,2026-10-09T15:28:12.472642+00:00,164.00130799399994,loop6,1.0001532480000606,0,0,0,0,0,0,0,0,0.0,0.0,0,
164,2026-10-09T15:28:12.472642+00:00,164.00130799399994,loop7,1.0001532480000606,0,0,0,0,0,0,0,0,0.0,0.0,0,
164,2026-10-09T15:28:12.472642+00:00,164.00130799399994,sr0,1.0001532480000606,1536,0,8,0,0,0,0,0,0.0,0.0,0,
164,2026-10-09T15:28:12.472642+00:00,164.00130799399994,sda,1.0001532480000606,356335104,15482294272,7903,75477,0,0,0,0,0.0,0.0,0,
164,2026-10-09T15:28:12.472642+00:00,164.00130799399994,sda1,1.0001532480000606,319488,0,78,0,0,0,0,0,0.0,0.0,0,
164,2026-10-09T15:28:12.472642+00:00,164.00130799399994,sda2,1.0001532480000606,326784000,250195968,6593,40391,0,0,0,0,0.0,0.0,0,
164,2026-10-09T15:28:12.472642+00:00,164.00130799399994,sda3,1.0001532480000606,5571584,118784,155,25,0,0,0,0,0.0,0.0,0,
164,2026-10-09T15:28:12.472642+00:00,164.00130799399994,sda4,1.0001532480000606,4657152,0,116,0,0,0,0,0,0.0,0.0,0,
164,2026-10-09T15:28:12.472642+00:00,164.00130799399994,sda5,1.0001532480000606,16548864,15231979520,826,35061,0,0,0,0,0.0,0.0,0,
165,2026-10-09T15:28:13.472461+00:00,165.00108619300045,loop0,0.9998197419999997,374784,0,51,0,0,0,0,0,0.0,0.0,0,
165,2026-10-09T15:28:13.472461+00:00,165.00108619300045,loop1,0.9998197419999997,2107392,0,217,0,0,0,0,0,0.0,0.0,0,
165,2026-10-09T15:28:13.472461+00:00,165.00108619300045,loop2,0.9998197419999997,1106944,0,51,0,0,0,0,0,0.0,0.0,0,
165,2026-10-09T15:28:13.472461+00:00,165.00108619300045,loop3,0.9998197419999997,1141760,0,66,0,0,0,0,0,0.0,0.0,0,
165,2026-10-09T15:28:13.472461+00:00,165.00108619300045,loop4,0.9998197419999997,354304,0,43,0,0,0,0,0,0.0,0.0,0,
165,2026-10-09T15:28:13.472461+00:00,165.00108619300045,loop5,0.9998197419999997,18432,0,12,0,0,0,0,0,0.0,0.0,0,
165,2026-10-09T15:28:13.472461+00:00,165.00108619300045,loop6,0.9998197419999997,0,0,0,0,0,0,0,0,0.0,0.0,0,
165,2026-10-09T15:28:13.472461+00:00,165.00108619300045,loop7,0.9998197419999997,0,0,0,0,0,0,0,0,0.0,0.0,0,
165,2026-10-09T15:28:13.472461+00:00,165.00108619300045,sr0,0.9998197419999997,1536,0,8,0,0,0,0,0,0.0,0.0,0,
165,2026-10-09T15:28:13.472461+00:00,165.00108619300045,sda,0.9998197419999997,356335104,15482306560,7903,75479,0,12288,0,2,0.0,12290.215409649316,8,
165,2026-10-09T15:28:13.472461+00:00,165.00108619300045,sda1,0.9998197419999997,319488,0,78,0,0,0,0,0,0.0,0.0,0,
165,2026-10-09T15:28:13.472461+00:00,165.00108619300045,sda2,0.9998197419999997,326784000,250195968,6593,40391,0,0,0,0,0.0,0.0,0,
165,2026-10-09T15:28:13.472461+00:00,165.00108619300045,sda3,0.9998197419999997,5571584,118784,155,25,0,0,0,0,0.0,0.0,0,
165,2026-10-09T15:28:13.472461+00:00,165.00108619300045,sda4,0.9998197419999997,4657152,0,116,0,0,0,0,0,0.0,0.0,0,
165,2026-10-09T15:28:13.472461+00:00,165.00108619300045,sda5,0.9998197419999997,16548864,15231991808,826,35063,0,12288,0,2,0.0,12290.215409649316,8,
166,2026-10-09T15:28:14.473422+00:00,166.00164037000013,loop0,1.0009601389992895,374784,0,51,0,0,0,0,0,0.0,0.0,0,
166,2026-10-09T15:28:14.473422+00:00,166.00164037000013,loop1,1.0009601389992895,2107392,0,217,0,0,0,0,0,0.0,0.0,0,
166,2026-10-09T15:28:14.473422+00:00,166.00164037000013,loop2,1.0009601389992895,1106944,0,51,0,0,0,0,0,0.0,0.0,0,
166,2026-10-09T15:28:14.473422+00:00,166.00164037000013,loop3,1.0009601389992895,1141760,0,66,0,0,0,0,0,0.0,0.0,0,
166,2026-10-09T15:28:14.473422+00:00,166.00164037000013,loop4,1.0009601389992895,354304,0,43,0,0,0,0,0,0.0,0.0,0,
166,2026-10-09T15:28:14.473422+00:00,166.00164037000013,loop5,1.0009601389992895,18432,0,12,0,0,0,0,0,0.0,0.0,0,
166,2026-10-09T15:28:14.473422+00:00,166.00164037000013,loop6,1.0009601389992895,0,0,0,0,0,0,0,0,0.0,0.0,0,
166,2026-10-09T15:28:14.473422+00:00,166.00164037000013,loop7,1.0009601389992895,0,0,0,0,0,0,0,0,0.0,0.0,0,
166,2026-10-09T15:28:14.473422+00:00,166.00164037000013,sr0,1.0009601389992895,1536,0,8,0,0,0,0,0,0.0,0.0,0,
166,2026-10-09T15:28:14.473422+00:00,166.00164037000013,sda,1.0009601389992895,356335104,15482306560,7903,75479,0,0,0,0,0.0,0.0,0,
166,2026-10-09T15:28:14.473422+00:00,166.00164037000013,sda1,1.0009601389992895,319488,0,78,0,0,0,0,0,0.0,0.0,0,
166,2026-10-09T15:28:14.473422+00:00,166.00164037000013,sda2,1.0009601389992895,326784000,250195968,6593,40391,0,0,0,0,0.0,0.0,0,
166,2026-10-09T15:28:14.473422+00:00,166.00164037000013,sda3,1.0009601389992895,5571584,118784,155,25,0,0,0,0,0.0,0.0,0,
166,2026-10-09T15:28:14.473422+00:00,166.00164037000013,sda4,1.0009601389992895,4657152,0,116,0,0,0,0,0,0.0,0.0,0,
166,2026-10-09T15:28:14.473422+00:00,166.00164037000013,sda5,1.0009601389992895,16548864,15231991808,826,35063,0,0,0,0,0.0,0.0,0,
167,2026-10-09T15:28:15.479372+00:00,167.0078953100001,loop0,1.0059508240001378,374784,0,51,0,0,0,0,0,0.0,0.0,0,
167,2026-10-09T15:28:15.479372+00:00,167.0078953100001,loop1,1.0059508240001378,2107392,0,217,0,0,0,0,0,0.0,0.0,0,
167,2026-10-09T15:28:15.479372+00:00,167.0078953100001,loop2,1.0059508240001378,1106944,0,51,0,0,0,0,0,0.0,0.0,0,
167,2026-10-09T15:28:15.479372+00:00,167.0078953100001,loop3,1.0059508240001378,1141760,0,66,0,0,0,0,0,0.0,0.0,0,
167,2026-10-09T15:28:15.479372+00:00,167.0078953100001,loop4,1.0059508240001378,354304,0,43,0,0,0,0,0,0.0,0.0,0,
167,2026-10-09T15:28:15.479372+00:00,167.0078953100001,loop5,1.0059508240001378,18432,0,12,0,0,0,0,0,0.0,0.0,0,
167,2026-10-09T15:28:15.479372+00:00,167.0078953100001,loop6,1.0059508240001378,0,0,0,0,0,0,0,0,0.0,0.0,0,
167,2026-10-09T15:28:15.479372+00:00,167.0078953100001,loop7,1.0059508240001378,0,0,0,0,0,0,0,0,0.0,0.0,0,
167,2026-10-09T15:28:15.479372+00:00,167.0078953100001,sr0,1.0059508240001378,1536,0,8,0,0,0,0,0,0.0,0.0,0,
167,2026-10-09T15:28:15.479372+00:00,167.0078953100001,sda,1.0059508240001378,356335104,15484719104,7903,75920,0,2412544,0,441,0.0,2398272.3036167715,304,
167,2026-10-09T15:28:15.479372+00:00,167.0078953100001,sda1,1.0059508240001378,319488,0,78,0,0,0,0,0,0.0,0.0,0,
167,2026-10-09T15:28:15.479372+00:00,167.0078953100001,sda2,1.0059508240001378,326784000,252608512,6593,40832,0,2412544,0,441,0.0,2398272.3036167715,304,
167,2026-10-09T15:28:15.479372+00:00,167.0078953100001,sda3,1.0059508240001378,5571584,118784,155,25,0,0,0,0,0.0,0.0,0,
167,2026-10-09T15:28:15.479372+00:00,167.0078953100001,sda4,1.0059508240001378,4657152,0,116,0,0,0,0,0,0.0,0.0,0,
167,2026-10-09T15:28:15.479372+00:00,167.0078953100001,sda5,1.0059508240001378,16548864,15231991808,826,35063,0,0,0,0,0.0,0.0,0,
168,2026-10-09T15:28:16.473176+00:00,168.00180512299994,loop0,0.9938032460004251,374784,0,51,0,0,0,0,0,0.0,0.0,0,
168,2026-10-09T15:28:16.473176+00:00,168.00180512299994,loop1,0.9938032460004251,2107392,0,217,0,0,0,0,0,0.0,0.0,0,
168,2026-10-09T15:28:16.473176+00:00,168.00180512299994,loop2,0.9938032460004251,1106944,0,51,0,0,0,0,0,0.0,0.0,0,
168,2026-10-09T15:28:16.473176+00:00,168.00180512299994,loop3,0.9938032460004251,1141760,0,66,0,0,0,0,0,0.0,0.0,0,
168,2026-10-09T15:28:16.473176+00:00,168.00180512299994,loop4,0.9938032460004251,354304,0,43,0,0,0,0,0,0.0,0.0,0,
168,2026-10-09T15:28:16.473176+00:00,168.00180512299994,loop5,0.9938032460004251,18432,0,12,0,0,0,0,0,0.0,0.0,0,
168,2026-10-09T15:28:16.473176+00:00,168.00180512299994,loop6,0.9938032460004251,0,0,0,0,0,0,0,0,0.0,0.0,0,
168,2026-10-09T15:28:16.473176+00:00,168.00180512299994,loop7,0.9938032460004251,0,0,0,0,0,0,0,0,0.0,0.0,0,
168,2026-10-09T15:28:16.473176+00:00,168.00180512299994,sr0,0.9938032460004251,1536,0,8,0,0,0,0,0,0.0,0.0,0,
168,2026-10-09T15:28:16.473176+00:00,168.00180512299994,sda,0.9938032460004251,356335104,15486103552,7903,76118,0,1384448,0,198,0.0,1393080.5776412284,476,
168,2026-10-09T15:28:16.473176+00:00,168.00180512299994,sda1,0.9938032460004251,319488,0,78,0,0,0,0,0,0.0,0.0,0,
168,2026-10-09T15:28:16.473176+00:00,168.00180512299994,sda2,0.9938032460004251,326784000,253992960,6593,41030,0,1384448,0,198,0.0,1393080.5776412284,476,
168,2026-10-09T15:28:16.473176+00:00,168.00180512299994,sda3,0.9938032460004251,5571584,118784,155,25,0,0,0,0,0.0,0.0,0,
168,2026-10-09T15:28:16.473176+00:00,168.00180512299994,sda4,0.9938032460004251,4657152,0,116,0,0,0,0,0,0.0,0.0,0,
168,2026-10-09T15:28:16.473176+00:00,168.00180512299994,sda5,0.9938032460004251,16548864,15231991808,826,35063,0,0,0,0,0.0,0.0,0,
169,2026-10-09T15:28:17.473736+00:00,169.0022837510005,loop0,1.0005603069994322,374784,0,51,0,0,0,0,0,0.0,0.0,0,
169,2026-10-09T15:28:17.473736+00:00,169.0022837510005,loop1,1.0005603069994322,2107392,0,217,0,0,0,0,0,0.0,0.0,0,
169,2026-10-09T15:28:17.473736+00:00,169.0022837510005,loop2,1.0005603069994322,1106944,0,51,0,0,0,0,0,0.0,0.0,0,
169,2026-10-09T15:28:17.473736+00:00,169.0022837510005,loop3,1.0005603069994322,1141760,0,66,0,0,0,0,0,0.0,0.0,0,
169,2026-10-09T15:28:17.473736+00:00,169.0022837510005,loop4,1.0005603069994322,354304,0,43,0,0,0,0,0,0.0,0.0,0,
169,2026-10-09T15:28:17.473736+00:00,169.0022837510005,loop5,1.0005603069994322,18432,0,12,0,0,0,0,0,0.0,0.0,0,
169,2026-10-09T15:28:17.473736+00:00,169.0022837510005,loop6,1.0005603069994322,0,0,0,0,0,0,0,0,0.0,0.0,0,
169,2026-10-09T15:28:17.473736+00:00,169.0022837510005,loop7,1.0005603069994322,0,0,0,0,0,0,0,0,0.0,0.0,0,
169,2026-10-09T15:28:17.473736+00:00,169.0022837510005,sr0,1.0005603069994322,1536,0,8,0,0,0,0,0,0.0,0.0,0,
169,2026-10-09T15:28:17.473736+00:00,169.0022837510005,sda,1.0005603069994322,356335104,15486103552,7903,76118,0,0,0,0,0.0,0.0,0,
169,2026-10-09T15:28:17.473736+00:00,169.0022837510005,sda1,1.0005603069994322,319488,0,78,0,0,0,0,0,0.0,0.0,0,
169,2026-10-09T15:28:17.473736+00:00,169.0022837510005,sda2,1.0005603069994322,326784000,253992960,6593,41030,0,0,0,0,0.0,0.0,0,
169,2026-10-09T15:28:17.473736+00:00,169.0022837510005,sda3,1.0005603069994322,5571584,118784,155,25,0,0,0,0,0.0,0.0,0,
169,2026-10-09T15:28:17.473736+00:00,169.0022837510005,sda4,1.0005603069994322,4657152,0,116,0,0,0,0,0,0.0,0.0,0,
169,2026-10-09T15:28:17.473736+00:00,169.0022837510005,sda5,1.0005603069994322,16548864,15231991808,826,35063,0,0,0,0,0.0,0.0,0,
170,2026-10-09T15:28:18.473221+00:00,170.00187141600054,loop0,0.9994854030001079,374784,0,51,0,0,0,0,0,0.0,0.0,0,
170,2026-10-09T15:28:18.473221+00:00,170.00187141600054,loop1,0.9994854030001079,2107392,0,217,0,0,0,0,0,0.0,0.0,0,
170,2026-10-09T15:28:18.473221+00:00,170.00187141600054,loop2,0.9994854030001079,1106944,0,51,0,0,0,0,0,0.0,0.0,0,
170,2026-10-09T15:28:18.473221+00:00,170.00187141600054,loop3,0.9994854030001079,1141760,0,66,0,0,0,0,0,0.0,0.0,0,
170,2026-10-09T15:28:18.473221+00:00,170.00187141600054,loop4,0.9994854030001079,354304,0,43,0,0,0,0,0,0.0,0.0,0,
170,2026-10-09T15:28:18.473221+00:00,170.00187141600054,loop5,0.9994854030001079,18432,0,12,0,0,0,0,0,0.0,0.0,0,
170,2026-10-09T15:28:18.473221+00:00,170.00187141600054,loop6,0.9994854030001079,0,0,0,0,0,0,0,0,0.0,0.0,0,
170,2026-10-09T15:28:18.473221+00:00,170.00187141600054,loop7,0.9994854030001079,0,0,0,0,0,0,0,0,0.0,0.0,0,
170,2026-10-09T15:28:18.473221+00:00,170.00187141600054,sr0,0.9994854030001079,1536,0,8,0,0,0,0,0,0.0,0.0,0,
170,2026-10-09T15:28:18.473221+00:00,170.00187141600054,sda,0.9994854030001079,356335104,15486119936,7903,76121,0,16384,0,3,0.0,16392.435498128263,212,
170,2026-10-09T15:28:18.473221+00:00,170.00187141600054,sda1,0.9994854030001079,319488,0,78,0,0,0,0,0,0.0,0.0,0,
170,2026-10-09T15:28:18.473221+00:00,170.00187141600054,sda2,0.9994854030001079,326784000,253997056,6593,41031,0,4096,0,1,0.0,4098.108874532066,12,
170,2026-10-09T15:28:18.473221+00:00,170.00187141600054,sda3,0.9994854030001079,5571584,118784,155,25,0,0,0,0,0.0,0.0,0,
170,2026-10-09T15:28:18.473221+00:00,170.00187141600054,sda4,0.9994854030001079,4657152,0,116,0,0,0,0,0,0.0,0.0,0,
170,2026-10-09T15:28:18.473221+00:00,170.00187141600054,sda5,0.9994854030001079,16548864,15232004096,826,35065,0,12288,0,2,0.0,12294.326623596196,200,
171,2026-10-09T15:28:19.472661+00:00,171.00120160000006,loop0,0.9994392960006735,374784,0,51,0,0,0,0,0,0.0,0.0,0,
171,2026-10-09T15:28:19.472661+00:00,171.00120160000006,loop1,0.9994392960006735,2107392,0,217,0,0,0,0,0,0.0,0.0,0,
171,2026-10-09T15:28:19.472661+00:00,171.00120160000006,loop2,0.9994392960006735,1106944,0,51,0,0,0,0,0,0.0,0.0,0,
171,2026-10-09T15:28:19.472661+00:00,171.00120160000006,loop3,0.9994392960006735,1141760,0,66,0,0,0,0,0,0.0,0.0,0,
171,2026-10-09T15:28:19.472661+00:00,171.00120160000006,loop4,0.9994392960006735,354304,0,43,0,0,0,0,0,0.0,0.0,0,
171,2026-10-09T15:28:19.472661+00:00,171.00120160000006,loop5,0.9994392960006735,18432,0,12,0,0,0,0,0,0.0,0.0,0,
171,2026-10-09T15:28:19.472661+00:00,171.00120160000006,loop6,0.9994392960006735,0,0,0,0,0,0,0,0,0.0,0.0,0,
171,2026-10-09T15:28:19.472661+00:00,171.00120160000006,loop7,0.9994392960006735,0,0,0,0,0,0,0,0,0.0,0.0,0,
171,2026-10-09T15:28:19.472661+00:00,171.00120160000006,sr0,0.9994392960006735,1536,0,8,0,0,0,0,0,0.0,0.0,0,
171,2026-10-09T15:28:19.472661+00:00,171.00120160000006,sda,0.9994392960006735,356335104,15486152704,7903,76126,0,32768,0,5,0.0,32786.383456327414,56,
171,2026-10-09T15:28:19.472661+00:00,171.00120160000006,sda1,0.9994392960006735,319488,0,78,0,0,0,0,0,0.0,0.0,0,
171,2026-10-09T15:28:19.472661+00:00,171.00120160000006,sda2,0.9994392960006735,326784000,253997056,6593,41031,0,0,0,0,0.0,0.0,0,
171,2026-10-09T15:28:19.472661+00:00,171.00120160000006,sda3,0.9994392960006735,5571584,118784,155,25,0,0,0,0,0.0,0.0,0,
171,2026-10-09T15:28:19.472661+00:00,171.00120160000006,sda4,0.9994392960006735,4657152,0,116,0,0,0,0,0,0.0,0.0,0,
171,2026-10-09T15:28:19.472661+00:00,171.00120160000006,sda5,0.9994392960006735,16548864,15232036864,826,35070,0,32768,0,5,0.0,32786.383456327414,56,
172,2026-10-09T15:28:20.472872+00:00,172.00153146400044,loop0,1.0002113529999406,374784,0,51,0,0,0,0,0,0.0,0.0,0,
172,2026-10-09T15:28:20.472872+00:00,172.00153146400044,loop1,1.0002113529999406,2107392,0,217,0,0,0,0,0,0.0,0.0,0,
172,2026-10-09T15:28:20.472872+00:00,172.00153146400044,loop2,1.0002113529999406,1106944,0,51,0,0,0,0,0,0.0,0.0,0,
172,2026-10-09T15:28:20.472872+00:00,172.00153146400044,loop3,1.0002113529999406,1141760,0,66,0,0,0,0,0,0.0,0.0,0,
172,2026-10-09T15:28:20.472872+00:00,172.00153146400044,loop4,1.0002113529999406,354304,0,43,0,0,0,0,0,0.0,0.0,0,
172,2026-10-09T15:28:20.472872+00:00,172.00153146400044,loop5,1.0002113529999406,18432,0,12,0,0,0,0,0,0.0,0.0,0,
172,2026-10-09T15:28:20.472872+00:00,172.00153146400044,loop6,1.0002113529999406,0,0,0,0,0,0,0,0,0.0,0.0,0,
172,2026-10-09T15:28:20.472872+00:00,172.00153146400044,loop7,1.0002113529999406,0,0,0,0,0,0,0,0,0.0,0.0,0,
172,2026-10-09T15:28:20.472872+00:00,172.00153146400044,sr0,1.0002113529999406,1536,0,8,0,0,0,0,0,0.0,0.0,0,
172,2026-10-09T15:28:20.472872+00:00,172.00153146400044,sda,1.0002113529999406,356335104,15486152704,7903,76126,0,0,0,0,0.0,0.0,0,
172,2026-10-09T15:28:20.472872+00:00,172.00153146400044,sda1,1.0002113529999406,319488,0,78,0,0,0,0,0,0.0,0.0,0,
172,2026-10-09T15:28:20.472872+00:00,172.00153146400044,sda2,1.0002113529999406,326784000,253997056,6593,41031,0,0,0,0,0.0,0.0,0,
172,2026-10-09T15:28:20.472872+00:00,172.00153146400044,sda3,1.0002113529999406,5571584,118784,155,25,0,0,0,0,0.0,0.0,0,
172,2026-10-09T15:28:20.472872+00:00,172.00153146400044,sda4,1.0002113529999406,4657152,0,116,0,0,0,0,0,0.0,0.0,0,
172,2026-10-09T15:28:20.472872+00:00,172.00153146400044,sda5,1.0002113529999406,16548864,15232036864,826,35070,0,0,0,0,0.0,0.0,0,
173,2026-10-09T15:28:21.473287+00:00,173.00158574100078,loop0,1.0004149259993937,374784,0,51,0,0,0,0,0,0.0,0.0,0,
173,2026-10-09T15:28:21.473287+00:00,173.00158574100078,loop1,1.0004149259993937,2107392,0,217,0,0,0,0,0,0.0,0.0,0,
173,2026-10-09T15:28:21.473287+00:00,173.00158574100078,loop2,1.0004149259993937,1106944,0,51,0,0,0,0,0,0.0,0.0,0,
173,2026-10-09T15:28:21.473287+00:00,173.00158574100078,loop3,1.0004149259993937,1141760,0,66,0,0,0,0,0,0.0,0.0,0,
173,2026-10-09T15:28:21.473287+00:00,173.00158574100078,loop4,1.0004149259993937,354304,0,43,0,0,0,0,0,0.0,0.0,0,
173,2026-10-09T15:28:21.473287+00:00,173.00158574100078,loop5,1.0004149259993937,18432,0,12,0,0,0,0,0,0.0,0.0,0,
173,2026-10-09T15:28:21.473287+00:00,173.00158574100078,loop6,1.0004149259993937,0,0,0,0,0,0,0,0,0.0,0.0,0,
173,2026-10-09T15:28:21.473287+00:00,173.00158574100078,loop7,1.0004149259993937,0,0,0,0,0,0,0,0,0.0,0.0,0,
173,2026-10-09T15:28:21.473287+00:00,173.00158574100078,sr0,1.0004149259993937,1536,0,8,0,0,0,0,0,0.0,0.0,0,
173,2026-10-09T15:28:21.473287+00:00,173.00158574100078,sda,1.0004149259993937,356335104,15486193664,7903,76128,0,40960,0,2,0.0,40943.0116799605,36,
173,2026-10-09T15:28:21.473287+00:00,173.00158574100078,sda1,1.0004149259993937,319488,0,78,0,0,0,0,0,0.0,0.0,0,
173,2026-10-09T15:28:21.473287+00:00,173.00158574100078,sda2,1.0004149259993937,326784000,254038016,6593,41033,0,40960,0,2,0.0,40943.0116799605,36,
173,2026-10-09T15:28:21.473287+00:00,173.00158574100078,sda3,1.0004149259993937,5571584,118784,155,25,0,0,0,0,0.0,0.0,0,
173,2026-10-09T15:28:21.473287+00:00,173.00158574100078,sda4,1.0004149259993937,4657152,0,116,0,0,0,0,0,0.0,0.0,0,
173,2026-10-09T15:28:21.473287+00:00,173.00158574100078,sda5,1.0004149259993937,16548864,15232036864,826,35070,0,0,0,0,0.0,0.0,0,
174,2026-10-09T15:28:22.471500+00:00,174.00017165999998,loop0,0.9982133090006755,374784,0,51,0,0,0,0,0,0.0,0.0,0,
174,2026-10-09T15:28:22.471500+00:00,174.00017165999998,loop1,0.9982133090006755,2107392,0,217,0,0,0,0,0,0.0,0.0,0,
174,2026-10-09T15:28:22.471500+00:00,174.00017165999998,loop2,0.9982133090006755,1106944,0,51,0,0,0,0,0,0.0,0.0,0,
174,2026-10-09T15:28:22.471500+00:00,174.00017165999998,loop3,0.9982133090006755,1141760,0,66,0,0,0,0,0,0.0,0.0,0,
174,2026-10-09T15:28:22.471500+00:00,174.00017165999998,loop4,0.9982133090006755,354304,0,43,0,0,0,0,0,0.0,0.0,0,
174,2026-10-09T15:28:22.471500+00:00,174.00017165999998,loop5,0.9982133090006755,18432,0,12,0,0,0,0,0,0.0,0.0,0,
174,2026-10-09T15:28:22.471500+00:00,174.00017165999998,loop6,0.9982133090006755,0,0,0,0,0,0,0,0,0.0,0.0,0,
174,2026-10-09T15:28:22.471500+00:00,174.00017165999998,loop7,0.9982133090006755,0,0,0,0,0,0,0,0,0.0,0.0,0,
174,2026-10-09T15:28:22.471500+00:00,174.00017165999998,sr0,0.9982133090006755,1536,0,8,0,0,0,0,0,0.0,0.0,0,
174,2026-10-09T15:28:22.471500+00:00,174.00017165999998,sda,0.9982133090006755,356335104,15486193664,7903,76128,0,0,0,0,0.0,0.0,0,
174,2026-10-09T15:28:22.471500+00:00,174.00017165999998,sda1,0.9982133090006755,319488,0,78,0,0,0,0,0,0.0,0.0,0,
174,2026-10-09T15:28:22.471500+00:00,174.00017165999998,sda2,0.9982133090006755,326784000,254038016,6593,41033,0,0,0,0,0.0,0.0,0,
174,2026-10-09T15:28:22.471500+00:00,174.00017165999998,sda3,0.9982133090006755,5571584,118784,155,25,0,0,0,0,0.0,0.0,0,
174,2026-10-09T15:28:22.471500+00:00,174.00017165999998,sda4,0.9982133090006755,4657152,0,116,0,0,0,0,0,0.0,0.0,0,
174,2026-10-09T15:28:22.471500+00:00,174.00017165999998,sda5,0.9982133090006755,16548864,15232036864,826,35070,0,0,0,0,0.0,0.0,0,
175,2026-10-09T15:28:23.472698+00:00,175.0014481140006,loop0,1.00119817399991,374784,0,51,0,0,0,0,0,0.0,0.0,0,
175,2026-10-09T15:28:23.472698+00:00,175.0014481140006,loop1,1.00119817399991,2107392,0,217,0,0,0,0,0,0.0,0.0,0,
175,2026-10-09T15:28:23.472698+00:00,175.0014481140006,loop2,1.00119817399991,1106944,0,51,0,0,0,0,0,0.0,0.0,0,
175,2026-10-09T15:28:23.472698+00:00,175.0014481140006,loop3,1.00119817399991,1141760,0,66,0,0,0,0,0,0.0,0.0,0,
175,2026-10-09T15:28:23.472698+00:00,175.0014481140006,loop4,1.00119817399991,354304,0,43,0,0,0,0,0,0.0,0.0,0,
175,2026-10-09T15:28:23.472698+00:00,175.0014481140006,loop5,1.00119817399991,18432,0,12,0,0,0,0,0,0.0,0.0,0,
175,2026-10-09T15:28:23.472698+00:00,175.0014481140006,loop6,1.00119817399991,0,0,0,0,0,0,0,0,0.0,0.0,0,
175,2026-10-09T15:28:23.472698+00:00,175.0014481140006,loop7,1.00119817399991,0,0,0,0,0,0,0,0,0.0,0.0,0,
175,2026-10-09T15:28:23.472698+00:00,175.0014481140006,sr0,1.00119817399991,1536,0,8,0,0,0,0,0,0.0,0.0,0,
175,2026-10-09T15:28:23.472698+00:00,175.0014481140006,sda,1.00119817399991,356335104,15486205952,7903,76130,0,12288,0,2,0.0,12273.294457687558,16,
175,2026-10-09T15:28:23.472698+00:00,175.0014481140006,sda1,1.00119817399991,319488,0,78,0,0,0,0,0,0.0,0.0,0,
175,2026-10-09T15:28:23.472698+00:00,175.0014481140006,sda2,1.00119817399991,326784000,254038016,6593,41033,0,0,0,0,0.0,0.0,0,
175,2026-10-09T15:28:23.472698+00:00,175.0014481140006,sda3,1.00119817399991,5571584,118784,155,25,0,0,0,0,0.0,0.0,0,
175,2026-10-09T15:28:23.472698+00:00,175.0014481140006,sda4,1.00119817399991,4657152,0,116,0,0,0,0,0,0.0,0.0,0,
175,2026-10-09T15:28:23.472698+00:00,175.0014481140006,sda5,1.00119817399991,16548864,15232049152,826,35072,0,12288,0,2,0.0,12273.294457687558,16,
176,2026-10-09T15:28:24.473527+00:00,176.0011260730007,loop0,1.0008282789995064,374784,0,51,0,0,0,0,0,0.0,0.0,0,
176,2026-10-09T15:28:24.473527+00:00,176.0011260730007,loop1,1.0008282789995064,2107392,0,217,0,0,0,0,0,0.0,0.0,0,
176,2026-10-09T15:28:24.473527+00:00,176.0011260730007,loop2,1.0008282789995064,1106944,0,51,0,0,0,0,0,0.0,0.0,0,
176,2026-10-09T15:28:24.473527+00:00,176.0011260730007,loop3,1.0008282789995064,1141760,0,66,0,0,0,0,0,0.0,0.0,0,
176,2026-10-09T15:28:24.473527+00:00,176.0011260730007,loop4,1.0008282789995064,354304,0,43,0,0,0,0,0,0.0,0.0,0,
176,2026-10-09T15:28:24.473527+00:00,176.0011260730007,loop5,1.0008282789995064,18432,0,12,0,0,0,0,0,0.0,0.0,0,
176,2026-10-09T15:28:24.473527+00:00,176.0011260730007,loop6,1.0008282789995064,0,0,0,0,0,0,0,0,0.0,0.0,0,
176,2026-10-09T15:28:24.473527+00:00,176.0011260730007,loop7,1.0008282789995064,0,0,0,0,0,0,0,0,0.0,0.0,0,
176,2026-10-09T15:28:24.473527+00:00,176.0011260730007,sr0,1.0008282789995064,1536,0,8,0,0,0,0,0,0.0,0.0,0,
176,2026-10-09T15:28:24.473527+00:00,176.0011260730007,sda,1.0008282789995064,356335104,15486205952,7903,76130,0,0,0,0,0.0,0.0,0,
176,2026-10-09T15:28:24.473527+00:00,176.0011260730007,sda1,1.0008282789995064,319488,0,78,0,0,0,0,0,0.0,0.0,0,
176,2026-10-09T15:28:24.473527+00:00,176.0011260730007,sda2,1.0008282789995064,326784000,254038016,6593,41033,0,0,0,0,0.0,0.0,0,
176,2026-10-09T15:28:24.473527+00:00,176.0011260730007,sda3,1.0008282789995064,5571584,118784,155,25,0,0,0,0,0.0,0.0,0,
176,2026-10-09T15:28:24.473527+00:00,176.0011260730007,sda4,1.0008282789995064,4657152,0,116,0,0,0,0,0,0.0,0.0,0,
176,2026-10-09T15:28:24.473527+00:00,176.0011260730007,sda5,1.0008282789995064,16548864,15232049152,826,35072,0,0,0,0,0.0,0.0,0,
177,2026-10-09T15:28:25.471655+00:00,177.0001781310002,loop0,0.9981278870000097,374784,0,51,0,0,0,0,0,0.0,0.0,0,
177,2026-10-09T15:28:25.471655+00:00,177.0001781310002,loop1,0.9981278870000097,2107392,0,217,0,0,0,0,0,0.0,0.0,0,
177,2026-10-09T15:28:25.471655+00:00,177.0001781310002,loop2,0.9981278870000097,1106944,0,51,0,0,0,0,0,0.0,0.0,0,
177,2026-10-09T15:28:25.471655+00:00,177.0001781310002,loop3,0.9981278870000097,1141760,0,66,0,0,0,0,0,0.0,0.0,0,
177,2026-10-09T15:28:25.471655+00:00,177.0001781310002,loop4,0.9981278870000097,354304,0,43,0,0,0,0,0,0.0,0.0,0,
177,2026-10-09T15:28:25.471655+00:00,177.0001781310002,loop5,0.9981278870000097,18432,0,12,0,0,0,0,0,0.0,0.0,0,
177,2026-10-09T15:28:25.471655+00:00,177.0001781310002,loop6,0.9981278870000097,0,0,0,0,0,0,0,0,0.0,0.0,0,
177,2026-10-09T15:28:25.471655+00:00,177.0001781310002,loop7,0.9981278870000097,0,0,0,0,0,0,0,0,0.0,0.0,0,
177,2026-10-09T15:28:25.471655+00:00,177.0001781310002,sr0,0.9981278870000097,1536,0,8,0,0,0,0,0,0.0,0.0,0,
177,2026-10-09T15:28:25.471655+00:00,177.0001781310002,sda,0.9981278870000097,356335104,15486246912,7903,76139,0,40960,0,9,0.0,41036.82557463661,56,
177,2026-10-09T15:28:25.471655+00:00,177.0001781310002,sda1,0.9981278870000097,319488,0,78,0,0,0,0,0,0.0,0.0,0,
177,2026-10-09T15:28:25.471655+00:00,177.0001781310002,sda2,0.9981278870000097,326784000,254078976,6593,41042,0,40960,0,9,0.0,41036.82557463661,56,
177,2026-10-09T15:28:25.471655+00:00,177.0001781310002,sda3,0.9981278870000097,5571584,118784,155,25,0,0,0,0,0.0,0.0,0,
177,2026-10-09T15:28:25.471655+00:00,177.0001781310002,sda4,0.9981278870000097,4657152,0,116,0,0,0,0,0,0.0,0.0,0,
177,2026-10-09T15:28:25.471655+00:00,177.0001781310002,sda5,0.9981278870000097,16548864,15232049152,826,35072,0,0,0,0,0.0,0.0,0,
178,2026-10-09T15:28:26.473473+00:00,178.00178695200066,loop0,1.0018190010005128,374784,0,51,0,0,0,0,0,0.0,0.0,0,
178,2026-10-09T15:28:26.473473+00:00,178.00178695200066,loop1,1.0018190010005128,2107392,0,217,0,0,0,0,0,0.0,0.0,0,
178,2026-10-09T15:28:26.473473+00:00,178.00178695200066,loop2,1.0018190010005128,1106944,0,51,0,0,0,0,0,0.0,0.0,0,
178,2026-10-09T15:28:26.473473+00:00,178.00178695200066,loop3,1.0018190010005128,1141760,0,66,0,0,0,0,0,0.0,0.0,0,
178,2026-10-09T15:28:26.473473+00:00,178.00178695200066,loop4,1.0018190010005128,354304,0,43,0,0,0,0,0,0.0,0.0,0,
178,2026-10-09T15:28:26.473473+00:00,178.00178695200066,loop5,1.0018190010005128,18432,0,12,0,0,0,0,0,0.0,0.0,0,
178,2026-10-09T15:28:26.473473+00:00,178.00178695200066,loop6,1.0018190010005128,0,0,0,0,0,0,0,0,0.0,0.0,0,
178,2026-10-09T15:28:26.473473+00:00,178.00178695200066,loop7,1.0018190010005128,0,0,0,0,0,0,0,0,0.0,0.0,0,
178,2026-10-09T15:28:26.473473+00:00,178.00178695200066,sr0,1.0018190010005128,1536,0,8,0,0,0,0,0,0.0,0.0,0,
178,2026-10-09T15:28:26.473473+00:00,178.00178695200066,sda,1.0018190010005128,356335104,15486271488,7903,76141,0,24576,0,2,0.0,24531.377399965506,8,
178,2026-10-09T15:28:26.473473+00:00,178.00178695200066,sda1,1.0018190010005128,319488,0,78,0,0,0,0,0,0.0,0.0,0,
178,2026-10-09T15:28:26.473473+00:00,178.00178695200066,sda2,1.0018190010005128,326784000,254103552,6593,41044,0,24576,0,2,0.0,24531.377399965506,8,
178,2026-10-09T15:28:26.473473+00:00,178.00178695200066,sda3,1.0018190010005128,5571584,118784,155,25,0,0,0,0,0.0,0.0,0,
178,2026-10-09T15:28:26.473473+00:00,178.00178695200066,sda4,1.0018190010005128,4657152,0,116,0,0,0,0,0,0.0,0.0,0,
178,2026-10-09T15:28:26.473473+00:00,178.00178695200066,sda5,1.0018190010005128,16548864,15232049152,826,35072,0,0,0,0,0.0,0.0,0,
179,2026-10-09T15:28:27.472808+00:00,179.00137696599995,loop0,0.999334885999815,374784,0,51,0,0,0,0,0,0.0,0.0,0,
179,2026-10-09T15:28:27.472808+00:00,179.00137696599995,loop1,0.999334885999815,2107392,0,217,0,0,0,0,0,0.0,0.0,0,
179,2026-10-09T15:28:27.472808+00:00,179.00137696599995,loop2,0.999334885999815,1106944,0,51,0,0,0,0,0,0.0,0.0,0,
179,2026-10-09T15:28:27.472808+00:00,179.00137696599995,loop3,0.999334885999815,1141760,0,66,0,0,0,0,0,0.0,0.0,0,
179,2026-10-09T15:28:27.472808+00:00,179.00137696599995,loop4,0.999334885999815,354304,0,43,0,0,0,0,0,0.0,0.0,0,
179,2026-10-09T15:28:27.472808+00:00,179.00137696599995,loop5,0.999334885999815,18432,0,12,0,0,0,0,0,0.0,0.0,0,
179,2026-10-09T15:28:27.472808+00:00,179.00137696599995,loop6,0.999334885999815,0,0,0,0,0,0,0,0,0.0,0.0,0,
179,2026-10-09T15:28:27.472808+00:00,179.00137696599995,loop7,0.999334885999815,0,0,0,0,0,0,0,0,0.0,0.0,0,
179,2026-10-09T15:28:27.472808+00:00,179.00137696599995,sr0,0.999334885999815,1536,0,8,0,0,0,0,0,0.0,0.0,0,
179,2026-10-09T15:28:27.472808+00:00,179.00137696599995,sda,0.999334885999815,356335104,15486373888,7903,76145,0,102400,0,4,0.0,102468.15300313548,4,
179,2026-10-09T15:28:27.472808+00:00,179.00137696599995,sda1,0.999334885999815,319488,0,78,0,0,0,0,0,0.0,0.0,0,
179,2026-10-09T15:28:27.472808+00:00,179.00137696599995,sda2,0.999334885999815,326784000,254103552,6593,41044,0,0,0,0,0.0,0.0,0,
179,2026-10-09T15:28:27.472808+00:00,179.00137696599995,sda3,0.999334885999815,5571584,118784,155,25,0,0,0,0,0.0,0.0,0,
179,2026-10-09T15:28:27.472808+00:00,179.00137696599995,sda4,0.999334885999815,4657152,0,116,0,0,0,0,0,0.0,0.0,0,
179,2026-10-09T15:28:27.472808+00:00,179.00137696599995,sda5,0.999334885999815,16548864,15232151552,826,35076,0,102400,0,4,0.0,102468.15300313548,4,
180,2026-10-09T15:28:28.476373+00:00,180.0048279700004,loop0,1.0035642049997477,374784,0,51,0,0,0,0,0,0.0,0.0,0,
180,2026-10-09T15:28:28.476373+00:00,180.0048279700004,loop1,1.0035642049997477,2107392,0,217,0,0,0,0,0,0.0,0.0,0,
180,2026-10-09T15:28:28.476373+00:00,180.0048279700004,loop2,1.0035642049997477,1106944,0,51,0,0,0,0,0,0.0,0.0,0,
180,2026-10-09T15:28:28.476373+00:00,180.0048279700004,loop3,1.0035642049997477,1141760,0,66,0,0,0,0,0,0.0,0.0,0,
180,2026-10-09T15:28:28.476373+00:00,180.0048279700004,loop4,1.0035642049997477,354304,0,43,0,0,0,0,0,0.0,0.0,0,
180,2026-10-09T15:28:28.476373+00:00,180.0048279700004,loop5,1.0035642049997477,18432,0,12,0,0,0,0,0,0.0,0.0,0,
180,2026-10-09T15:28:28.476373+00:00,180.0048279700004,loop6,1.0035642049997477,0,0,0,0,0,0,0,0,0.0,0.0,0,
180,2026-10-09T15:28:28.476373+00:00,180.0048279700004,loop7,1.0035642049997477,0,0,0,0,0,0,0,0,0.0,0.0,0,
180,2026-10-09T15:28:28.476373+00:00,180.0048279700004,sr0,1.0035642049997477,1536,0,8,0,0,0,0,0,0.0,0.0,0,
180,2026-10-09T15:28:28.476373+00:00,180.0048279700004,sda,1.0035642049997477,356335104,15486373888,7903,76145,0,0,0,0,0.0,0.0,0,
180,2026-10-09T15:28:28.476373+00:00,180.0048279700004,sda1,1.0035642049997477,319488,0,78,0,0,0,0,0,0.0,0.0,0,
180,2026-10-09T15:28:28.476373+00:00,180.0048279700004,sda2,1.0035642049997477,326784000,254103552,6593,41044,0,0,0,0,0.0,0.0,0,
180,2026-10-09T15:28:28.476373+00:00,180.0048279700004,sda3,1.0035642049997477,5571584,118784,155,25,0,0,0,0,0.0,0.0,0,
180,2026-10-09T15:28:28.476373+00:00,180.0048279700004,sda4,1.0035642049997477,4657152,0,116,0,0,0,0,0,0.0,0.0,0,
180,2026-10-09T15:28:28.476373+00:00,180.0048279700004,sda5,1.0035642049997477,16548864,15232151552,826,35076,0,0,0,0,0.0,0.0,0,
181,2026-10-09T15:28:29.473334+00:00,181.00190286100042,loop0,0.9969610699999976,374784,0,51,0,0,0,0,0,0.0,0.0,0,
181,2026-10-09T15:28:29.473334+00:00,181.00190286100042,loop1,0.9969610699999976,2107392,0,217,0,0,0,0,0,0.0,0.0,0,
181,2026-10-09T15:28:29.473334+00:00,181.00190286100042,loop2,0.9969610699999976,1106944,0,51,0,0,0,0,0,0.0,0.0,0,
181,2026-10-09T15:28:29.473334+00:00,181.00190286100042,loop3,0.9969610699999976,1141760,0,66,0,0,0,0,0,0.0,0.0,0,
181,2026-10-09T15:28:29.473334+00:00,181.00190286100042,loop4,0.9969610699999976,354304,0,43,0,0,0,0,0,0.0,0.0,0,
181,2026-10-09T15:28:29.473334+00:00,181.00190286100042,loop5,0.9969610699999976,18432,0,12,0,0,0,0,0,0.0,0.0,0,
181,2026-10-09T15:28:29.473334+00:00,181.00190286100042,loop6,0.9969610699999976,0,0,0,0,0,0,0,0,0.0,0.0,0,
181,2026-10-09T15:28:29.473334+00:00,181.00190286100042,loop7,0.9969610699999976,0,0,0,0,0,0,0,0,0.0,0.0,0,
181,2026-10-09T15:28:29.473334+00:00,181.00190286100042,sr0,0.9969610699999976,1536,0,8,0,0,0,0,0,0.0,0.0,0,
181,2026-10-09T15:28:29.473334+00:00,181.00190286100042,sda,0.9969610699999976,356335104,15486418944,7903,76147,0,45056,0,2,0.0,45193.339394887415,12,
181,2026-10-09T15:28:29.473334+00:00,181.00190286100042,sda1,0.9969610699999976,319488,0,78,0,0,0,0,0,0.0,0.0,0,
181,2026-10-09T15:28:29.473334+00:00,181.00190286100042,sda2,0.9969610699999976,326784000,254103552,6593,41044,0,0,0,0,0.0,0.0,0,
181,2026-10-09T15:28:29.473334+00:00,181.00190286100042,sda3,0.9969610699999976,5571584,118784,155,25,0,0,0,0,0.0,0.0,0,
181,2026-10-09T15:28:29.473334+00:00,181.00190286100042,sda4,0.9969610699999976,4657152,0,116,0,0,0,0,0,0.0,0.0,0,
181,2026-10-09T15:28:29.473334+00:00,181.00190286100042,sda5,0.9969610699999976,16548864,15232196608,826,35078,0,45056,0,2,0.0,45193.339394887415,12,
182,2026-10-09T15:28:30.472219+00:00,182.00088562700057,loop0,0.998884839999846,374784,0,51,0,0,0,0,0,0.0,0.0,0,
182,2026-10-09T15:28:30.472219+00:00,182.00088562700057,loop1,0.998884839999846,2107392,0,217,0,0,0,0,0,0.0,0.0,0,
182,2026-10-09T15:28:30.472219+00:00,182.00088562700057,loop2,0.998884839999846,1106944,0,51,0,0,0,0,0,0.0,0.0,0,
182,2026-10-09T15:28:30.472219+00:00,182.00088562700057,loop3,0.998884839999846,1141760,0,66,0,0,0,0,0,0.0,0.0,0,
182,2026-10-09T15:28:30.472219+00:00,182.00088562700057,loop4,0.998884839999846,354304,0,43,0,0,0,0,0,0.0,0.0,0,
182,2026-10-09T15:28:30.472219+00:00,182.00088562700057,loop5,0.998884839999846,18432,0,12,0,0,0,0,0,0.0,0.0,0,
182,2026-10-09T15:28:30.472219+00:00,182.00088562700057,loop6,0.998884839999846,0,0,0,0,0,0,0,0,0.0,0.0,0,
182,2026-10-09T15:28:30.472219+00:00,182.00088562700057,loop7,0.998884839999846,0,0,0,0,0,0,0,0,0.0,0.0,0,
182,2026-10-09T15:28:30.472219+00:00,182.00088562700057,sr0,0.998884839999846,1536,0,8,0,0,0,0,0,0.0,0.0,0,
182,2026-10-09T15:28:30.472219+00:00,182.00088562700057,sda,0.998884839999846,356335104,15486418944,7903,76147,0,0,0,0,0.0,0.0,0,
182,2026-10-09T15:28:30.472219+00:00,182.00088562700057,sda1,0.998884839999846,319488,0,78,0,0,0,0,0,0.0,0.0,0,
182,2026-10-09T15:28:30.472219+00:00,182.00088562700057,sda2,0.998884839999846,326784000,254103552,6593,41044,0,0,0,0,0.0,0.0,0,
182,2026-10-09T15:28:30.472219+00:00,182.00088562700057,sda3,0.998884839999846,5571584,118784,155,25,0,0,0,0,0.0,0.0,0,
182,2026-10-09T15:28:30.472219+00:00,182.00088562700057,sda4,0.998884839999846,4657152,0,116,0,0,0,0,0,0.0,0.0,0,
182,2026-10-09T15:28:30.472219+00:00,182.00088562700057,sda5,0.998884839999846,16548864,15232196608,826,35078,0,0,0,0,0.0,0.0,0,
183,2026-10-09T15:28:31.472526+00:00,183.00105239700042,loop0,1.0003077139999732,374784,0,51,0,0,0,0,0,0.0,0.0,0,
183,2026-10-09T15:28:31.472526+00:00,183.00105239700042,loop1,1.0003077139999732,2107392,0,217,0,0,0,0,0,0.0,0.0,0,
183,2026-10-09T15:28:31.472526+00:00,183.00105239700042,loop2,1.0003077139999732,1106944,0,51,0,0,0,0,0,0.0,0.0,0,
183,2026-10-09T15:28:31.472526+00:00,183.00105239700042,loop3,1.0003077139999732,1141760,0,66,0,0,0,0,0,0.0,0.0,0,
183,2026-10-09T15:28:31.472526+00:00,183.00105239700042,loop4,1.0003077139999732,354304,0,43,0,0,0,0,0,0.0,0.0,0,
183,2026-10-09T15:28:31.472526+00:00,183.00105239700042,loop5,1.0003077139999732,18432,0,12,0,0,0,0,0,0.0,0.0,0,
183,2026-10-09T15:28:31.472526+00:00,183.00105239700042,loop6,1.0003077139999732,0,0,0,0,0,0,0,0,0.0,0.0,0,
183,2026-10-09T15:28:31.472526+00:00,183.00105239700042,loop7,1.0003077139999732,0,0,0,0,0,0,0,0,0.0,0.0,0,
183,2026-10-09T15:28:31.472526+00:00,183.00105239700042,sr0,1.0003077139999732,1536,0,8,0,0,0,0,0,0.0,0.0,0,
183,2026-10-09T15:28:31.472526+00:00,183.00105239700042,sda,1.0003077139999732,356335104,15486443520,7903,76149,0,24576,0,2,0.0,24568.439947070787,8,
183,2026-10-09T15:28:31.472526+00:00,183.00105239700042,sda1,1.0003077139999732,319488,0,78,0,0,0,0,0,0.0,0.0,0,
183,2026-10-09T15:28:31.472526+00:00,183.00105239700042,sda2,1.0003077139999732,326784000,254128128,6593,41046,0,24576,0,2,0.0,24568.439947070787,8,
183,2026-10-09T15:28:31.472526+00:00,183.00105239700042,sda3,1.0003077139999732,5571584,118784,155,25,0,0,0,0,0.0,0.0,0,
183,2026-10-09T15:28:31.472526+00:00,183.00105239700042,sda4,1.0003077139999732,4657152,0,116,0,0,0,0,0,0.0,0.0,0,
183,2026-10-09T15:28:31.472526+00:00,183.00105239700042,sda5,1.0003077139999732,16548864,15232196608,826,35078,0,0,0,0,0.0,0.0,0,
184,2026-10-09T15:28:32.471861+00:00,184.0005635610005,loop0,0.9993346970004495,374784,0,51,0,0,0,0,0,0.0,0.0,0,
184,2026-10-09T15:28:32.471861+00:00,184.0005635610005,loop1,0.9993346970004495,2107392,0,217,0,0,0,0,0,0.0,0.0,0,
184,2026-10-09T15:28:32.471861+00:00,184.0005635610005,loop2,0.9993346970004495,1106944,0,51,0,0,0,0,0,0.0,0.0,0,
184,2026-10-09T15:28:32.471861+00:00,184.0005635610005,loop3,0.9993346970004495,1141760,0,66,0,0,0,0,0,0.0,0.0,0,
184,2026-10-09T15:28:32.471861+00:00,184.0005635610005,loop4,0.9993346970004495,354304,0,43,0,0,0,0,0,0.0,0.0,0,
184,2026-10-09T15:28:32.471861+00:00,184.0005635610005,loop5,0.9993346970004495,18432,0,12,0,0,0,0,0,0.0,0.0,0,
184,2026-10-09T15:28:32.471861+00:00,184.0005635610005,loop6,0.9993346970004495,0,0,0,0,0,0,0,0,0.0,0.0,0,
184,2026-10-09T15:28:32.471861+00:00,184.0005635610005,loop7,0.9993346970004495,0,0,0,0,0,0,0,0,0.0,0.0,0,
184,2026-10-09T15:28:32.471861+00:00,184.0005635610005,sr0,0.9993346970004495,1536,0,8,0,0,0,0,0,0.0,0.0,0,
184,2026-10-09T15:28:32.471861+00:00,184.0005635610005,sda,0.9993346970004495,356335104,15486443520,7903,76149,0,0,0,0,0.0,0.0,0,
184,2026-10-09T15:28:32.471861+00:00,184.0005635610005,sda1,0.9993346970004495,319488,0,78,0,0,0,0,0,0.0,0.0,0,
184,2026-10-09T15:28:32.471861+00:00,184.0005635610005,sda2,0.9993346970004495,326784000,254128128,6593,41046,0,0,0,0,0.0,0.0,0,
184,2026-10-09T15:28:32.471861+00:00,184.0005635610005,sda3,0.9993346970004495,5571584,118784,155,25,0,0,0,0,0.0,0.0,0,
184,2026-10-09T15:28:32.471861+00:00,184.0005635610005,sda4,0.9993346970004495,4657152,0,116,0,0,0,0,0,0.0,0.0,0,
184,2026-10-09T15:28:32.471861+00:00,184.0005635610005,sda5,0.9993346970004495,16548864,15232196608,826,35078,0,0,0,0,0.0,0.0,0,
185,2026-10-09T15:28:33.471826+00:00,185.00036620100036,loop0,0.999965111000165,374784,0,51,0,0,0,0,0,0.0,0.0,0,
185,2026-10-09T15:28:33.471826+00:00,185.00036620100036,loop1,0.999965111000165,2107392,0,217,0,0,0,0,0,0.0,0.0,0,
185,2026-10-09T15:28:33.471826+00:00,185.00036620100036,loop2,0.999965111000165,1106944,0,51,0,0,0,0,0,0.0,0.0,0,
185,2026-10-09T15:28:33.471826+00:00,185.00036620100036,loop3,0.999965111000165,1141760,0,66,0,0,0,0,0,0.0,0.0,0,
185,2026-10-09T15:28:33.471826+00:00,185.00036620100036,loop4,0.999965111000165,354304,0,43,0,0,0,0,0,0.0,0.0,0,
185,2026-10-09T15:28:33.471826+00:00,185.00036620100036,loop5,0.999965111000165,18432,0,12,0,0,0,0,0,0.0,0.0,0,
185,2026-10-09T15:28:33.471826+00:00,185.00036620100036,loop6,0.999965111000165,0,0,0,0,0,0,0,0,0.0,0.0,0,
185,2026-10-09T15:28:33.471826+00:00,185.00036620100036,loop7,0.999965111000165,0,0,0,0,0,0,0,0,0.0,0.0,0,
185,2026-10-09T15:28:33.471826+00:00,185.00036620100036,sr0,0.999965111000165,1536,0,8,0,0,0,0,0,0.0,0.0,0,
185,2026-10-09T15:28:33.471826+00:00,185.00036620100036,sda,0.999965111000165,356335104,15486443520,7903,76149,0,0,0,0,0.0,0.0,0,
185,2026-10-09T15:28:33.471826+00:00,185.00036620100036,sda1,0.999965111000165,319488,0,78,0,0,0,0,0,0.0,0.0,0,
185,2026-10-09T15:28:33.471826+00:00,185.00036620100036,sda2,0.999965111000165,326784000,254128128,6593,41046,0,0,0,0,0.0,0.0,0,
185,2026-10-09T15:28:33.471826+00:00,185.00036620100036,sda3,0.999965111000165,5571584,118784,155,25,0,0,0,0,0.0,0.0,0,
185,2026-10-09T15:28:33.471826+00:00,185.00036620100036,sda4,0.999965111000165,4657152,0,116,0,0,0,0,0,0.0,0.0,0,
185,2026-10-09T15:28:33.471826+00:00,185.00036620100036,sda5,0.999965111000165,16548864,15232196608,826,35078,0,0,0,0,0.0,0.0,0,
186,2026-10-09T15:28:34.471817+00:00,186.00026818200058,loop0,0.9999910529995759,374784,0,51,0,0,0,0,0,0.0,0.0,0,
186,2026-10-09T15:28:34.471817+00:00,186.00026818200058,loop1,0.9999910529995759,2107392,0,217,0,0,0,0,0,0.0,0.0,0,
186,2026-10-09T15:28:34.471817+00:00,186.00026818200058,loop2,0.9999910529995759,1106944,0,51,0,0,0,0,0,0.0,0.0,0,
186,2026-10-09T15:28:34.471817+00:00,186.00026818200058,loop3,0.9999910529995759,1141760,0,66,0,0,0,0,0,0.0,0.0,0,
186,2026-10-09T15:28:34.471817+00:00,186.00026818200058,loop4,0.9999910529995759,354304,0,43,0,0,0,0,0,0.0,0.0,0,
186,2026-10-09T15:28:34.471817+00:00,186.00026818200058,loop5,0.9999910529995759,18432,0,12,0,0,0,0,0,0.0,0.0,0,
186,2026-10-09T15:28:34.471817+00:00,186.00026818200058,loop6,0.9999910529995759,0,0,0,0,0,0,0,0,0.0,0.0,0,
186,2026-10-09T15:28:34.471817+00:00,186.00026818200058,loop7,0.9999910529995759,0,0,0,0,0,0,0,0,0.0,0.0,0,
186,2026-10-09T15:28:34.471817+00:00,186.00026818200058,sr0,0.9999910529995759,1536,0,8,0,0,0,0,0,0.0,0.0,0,
186,2026-10-09T15:28:34.471817+00:00,186.00026818200058,sda,0.9999910529995759,356335104,15486455808,7903,76151,0,12288,0,2,0.0,12288.10994172486,16,
186,2026-10-09T15:28:34.471817+00:00,186.00026818200058,sda1,0.9999910529995759,319488,0,78,0,0,0,0,0,0.0,0.0,0,
186,2026-10-09T15:28:34.471817+00:00,186.00026818200058,sda2,0.9999910529995759,326784000,254128128,6593,41046,0,0,0,0,0.0,0.0,0,
186,2026-10-09T15:28:34.471817+00:00,186.00026818200058,sda3,0.9999910529995759,5571584,118784,155,25,0,0,0,0,0.0,0.0,0,
186,2026-10-09T15:28:34.471817+00:00,186.00026818200058,sda4,0.9999910529995759,4657152,0,116,0,0,0,0,0,0.0,0.0,0,
186,2026-10-09T15:28:34.471817+00:00,186.00026818200058,sda5,0.9999910529995759,16548864,15232208896,826,35080,0,12288,0,2,0.0,12288.10994172486,16,
187,2026-10-09T15:28:35.472348+00:00,187.00105268700008,loop0,1.0005308919999152,374784,0,51,0,0,0,0,0,0.0,0.0,0,
187,2026-10-09T15:28:35.472348+00:00,187.00105268700008,loop1,1.0005308919999152,2107392,0,217,0,0,0,0,0,0.0,0.0,0,
187,2026-10-09T15:28:35.472348+00:00,187.00105268700008,loop2,1.0005308919999152,1106944,0,51,0,0,0,0,0,0.0,0.0,0,
187,2026-10-09T15:28:35.472348+00:00,187.00105268700008,loop3,1.0005308919999152,1141760,0,66,0,0,0,0,0,0.0,0.0,0,
187,2026-10-09T15:28:35.472348+00:00,187.00105268700008,loop4,1.0005308919999152,354304,0,43,0,0,0,0,0,0.0,0.0,0,
187,2026-10-09T15:28:35.472348+00:00,187.00105268700008,loop5,1.0005308919999152,18432,0,12,0,0,0,0,0,0.0,0.0,0,
187,2026-10-09T15:28:35.472348+00:00,187.00105268700008,loop6,1.0005308919999152,0,0,0,0,0,0,0,0,0.0,0.0,0,
187,2026-10-09T15:28:35.472348+00:00,187.00105268700008,loop7,1.0005308919999152,0,0,0,0,0,0,0,0,0.0,0.0,0,
187,2026-10-09T15:28:35.472348+00:00,187.00105268700008,sr0,1.0005308919999152,1536,0,8,0,0,0,0,0,0.0,0.0,0,
187,2026-10-09T15:28:35.472348+00:00,187.00105268700008,sda,1.0005308919999152,356335104,15486455808,7903,76151,0,0,0,0,0.0,0.0,0,
187,2026-10-09T15:28:35.472348+00:00,187.00105268700008,sda1,1.0005308919999152,319488,0,78,0,0,0,0,0,0.0,0.0,0,
187,2026-10-09T15:28:35.472348+00:00,187.00105268700008,sda2,1.0005308919999152,326784000,254128128,6593,41046,0,0,0,0,0.0,0.0,0,
187,2026-10-09T15:28:35.472348+00:00,187.00105268700008,sda3,1.0005308919999152,5571584,118784,155,25,0,0,0,0,0.0,0.0,0,
187,2026-10-09T15:28:35.472348+00:00,187.00105268700008,sda4,1.0005308919999152,4657152,0,116,0,0,0,0,0,0.0,0.0,0,
187,2026-10-09T15:28:35.472348+00:00,187.00105268700008,sda5,1.0005308919999152,16548864,15232208896,826,35080,0,0,0,0,0.0,0.0,0,
188,2026-10-09T15:28:36.471405+00:00,188.00012310400052,loop0,0.9990573869999935,374784,0,51,0,0,0,0,0,0.0,0.0,0,
188,2026-10-09T15:28:36.471405+00:00,188.00012310400052,loop1,0.9990573869999935,2107392,0,217,0,0,0,0,0,0.0,0.0,0,
188,2026-10-09T15:28:36.471405+00:00,188.00012310400052,loop2,0.9990573869999935,1106944,0,51,0,0,0,0,0,0.0,0.0,0,
188,2026-10-09T15:28:36.471405+00:00,188.00012310400052,loop3,0.9990573869999935,1141760,0,66,0,0,0,0,0,0.0,0.0,0,
188,2026-10-09T15:28:36.471405+00:00,188.00012310400052,loop4,0.9990573869999935,354304,0,43,0,0,0,0,0,0.0,0.0,0,
188,2026-10-09T15:28:36.471405+00:00,188.00012310400052,loop5,0.9990573869999935,18432,0,12,0,0,0,0,0,0.0,0.0,0,
188,2026-10-09T15:28:36.471405+00:00,188.00012310400052,loop6,0.9990573869999935,0,0,0,0,0,0,0,0,0.0,0.0,0,
188,2026-10-09T15:28:36.471405+00:00,188.00012310400052,loop7,0.9990573869999935,0,0,0,0,0,0,0,0,0.0,0.0,0,
188,2026-10-09T15:28:36.471405+00:00,188.00012310400052,sr0,0.9990573869999935,1536,0,8,0,0,0,0,0,0.0,0.0,0,
188,2026-10-09T15:28:36.471405+00:00,188.00012310400052,sda,0.9990573869999935,356335104,15486533632,7903,76155,0,77824,0,4,0.0,77897.42712747742,12,
188,2026-10-09T15:28:36.471405+00:00,188.00012310400052,sda1,0.9990573869999935,319488,0,78,0,0,0,0,0,0.0,0.0,0,
188,2026-10-09T15:28:36.471405+00:00,188.00012310400052,sda2,0.9990573869999935,326784000,254205952,6593,41050,0,77824,0,4,0.0,77897.42712747742,12,
188,2026-10-09T15:28:36.471405+00:00,188.00012310400052,sda3,0.9990573869999935,5571584,118784,155,25,0,0,0,0,0.0,0.0,0,
188,2026-10-09T15:28:36.471405+00:00,188.00012310400052,sda4,0.9990573869999935,4657152,0,116,0,0,0,0,0,0.0,0.0,0,
188,2026-10-09T15:28:36.471405+00:00,188.00012310400052,sda5,0.9990573869999935,16548864,15232208896,826,35080,0,0,0,0,0.0,0.0,0,
189,2026-10-09T15:28:37.472683+00:00,189.0012128799999,loop0,1.0012776949997715,374784,0,51,0,0,0,0,0,0.0,0.0,0,
189,2026-10-09T15:28:37.472683+00:00,189.0012128799999,loop1,1.0012776949997715,2107392,0,217,0,0,0,0,0,0.0,0.0,0,
189,2026-10-09T15:28:37.472683+00:00,189.0012128799999,loop2,1.0012776949997715,1106944,0,51,0,0,0,0,0,0.0,0.0,0,
189,2026-10-09T15:28:37.472683+00:00,189.0012128799999,loop3,1.0012776949997715,1141760,0,66,0,0,0,0,0,0.0,0.0,0,
189,2026-10-09T15:28:37.472683+00:00,189.0012128799999,loop4,1.0012776949997715,354304,0,43,0,0,0,0,0,0.0,0.0,0,
189,2026-10-09T15:28:37.472683+00:00,189.0012128799999,loop5,1.0012776949997715,18432,0,12,0,0,0,0,0,0.0,0.0,0,
189,2026-10-09T15:28:37.472683+00:00,189.0012128799999,loop6,1.0012776949997715,0,0,0,0,0,0,0,0,0.0,0.0,0,
189,2026-10-09T15:28:37.472683+00:00,189.0012128799999,loop7,1.0012776949997715,0,0,0,0,0,0,0,0,0.0,0.0,0,
189,2026-10-09T15:28:37.472683+00:00,189.0012128799999,sr0,1.0012776949997715,1536,0,8,0,0,0,0,0,0.0,0.0,0,
189,2026-10-09T15:28:37.472683+00:00,189.0012128799999,sda,1.0012776949997715,356335104,15486533632,7903,76155,0,0,0,0,0.0,0.0,0,
189,2026-10-09T15:28:37.472683+00:00,189.0012128799999,sda1,1.0012776949997715,319488,0,78,0,0,0,0,0,0.0,0.0,0,
189,2026-10-09T15:28:37.472683+00:00,189.0012128799999,sda2,1.0012776949997715,326784000,254205952,6593,41050,0,0,0,0,0.0,0.0,0,
189,2026-10-09T15:28:37.472683+00:00,189.0012128799999,sda3,1.0012776949997715,5571584,118784,155,25,0,0,0,0,0.0,0.0,0,
189,2026-10-09T15:28:37.472683+00:00,189.0012128799999,sda4,1.0012776949997715,4657152,0,116,0,0,0,0,0,0.0,0.0,0,
189,2026-10-09T15:28:37.472683+00:00,189.0012128799999,sda5,1.0012776949997715,16548864,15232208896,826,35080,0,0,0,0,0.0,0.0,0,
190,2026-10-09T15:28:38.474403+00:00,190.0012223190006,loop0,1.001718594000522,374784,0,51,0,0,0,0,0,0.0,0.0,0,
190,2026-10-09T15:28:38.474403+00:00,190.0012223190006,loop1,1.001718594000522,2107392,0,217,0,0,0,0,0,0.0,0.0,0,
190,2026-10-09T15:28:38.474403+00:00,190.0012223190006,loop2,1.001718594000522,1106944,0,51,0,0,0,0,0,0.0,0.0,0,
190,2026-10-09T15:28:38.474403+00:00,190.0012223190006,loop3,1.001718594000522,1141760,0,66,0,0,0,0,0,0.0,0.0,0,
190,2026-10-09T15:28:38.474403+00:00,190.0012223190006,loop4,1.001718594000522,354304,0,43,0,0,0,0,0,0.0,0.0,0,
190,2026-10-09T15:28:38.474403+00:00,190.0012223190006,loop5,1.001718594000522,18432,0,12,0,0,0,0,0,0.0,0.0,0,
190,2026-10-09T15:28:38.474403+00:00,190.0012223190006,loop6,1.001718594000522,0,0,0,0,0,0,0,0,0.0,0.0,0,
190,2026-10-09T15:28:38.474403+00:00,190.0012223190006,loop7,1.001718594000522,0,0,0,0,0,0,0,0,0.0,0.0,0,
190,2026-10-09T15:28:38.474403+00:00,190.0012223190006,sr0,1.001718594000522,1536,0,8,0,0,0,0,0,0.0,0.0,0,
190,2026-10-09T15:28:38.474403+00:00,190.0012223190006,sda,1.001718594000522,356335104,15486533632,7903,76155,0,0,0,0,0.0,0.0,0,
190,2026-10-09T15:28:38.474403+00:00,190.0012223190006,sda1,1.001718594000522,319488,0,78,0,0,0,0,0,0.0,0.0,0,
190,2026-10-09T15:28:38.474403+00:00,190.0012223190006,sda2,1.001718594000522,326784000,254205952,6593,41050,0,0,0,0,0.0,0.0,0,
190,2026-10-09T15:28:38.474403+00:00,190.0012223190006,sda3,1.001718594000522,5571584,118784,155,25,0,0,0,0,0.0,0.0,0,
190,2026-10-09T15:28:38.474403+00:00,190.0012223190006,sda4,1.001718594000522,4657152,0,116,0,0,0,0,0,0.0,0.0,0,
190,2026-10-09T15:28:38.474403+00:00,190.0012223190006,sda5,1.001718594000522,16548864,15232208896,826,35080,0,0,0,0,0.0,0.0,0,
191,2026-10-09T15:28:39.472463+00:00,191.0010547390002,loop0,0.9980616160000864,374784,0,51,0,0,0,0,0,0.0,0.0,0,
191,2026-10-09T15:28:39.472463+00:00,191.0010547390002,loop1,0.9980616160000864,2107392,0,217,0,0,0,0,0,0.0,0.0,0,
191,2026-10-09T15:28:39.472463+00:00,191.0010547390002,loop2,0.9980616160000864,1106944,0,51,0,0,0,0,0,0.0,0.0,0,
191,2026-10-09T15:28:39.472463+00:00,191.0010547390002,loop3,0.9980616160000864,1141760,0,66,0,0,0,0,0,0.0,0.0,0,
191,2026-10-09T15:28:39.472463+00:00,191.0010547390002,loop4,0.9980616160000864,354304,0,43,0,0,0,0,0,0.0,0.0,0,
191,2026-10-09T15:28:39.472463+00:00,191.0010547390002,loop5,0.9980616160000864,18432,0,12,0,0,0,0,0,0.0,0.0,0,
191,2026-10-09T15:28:39.472463+00:00,191.0010547390002,loop6,0.9980616160000864,0,0,0,0,0,0,0,0,0.0,0.0,0,
191,2026-10-09T15:28:39.472463+00:00,191.0010547390002,loop7,0.9980616160000864,0,0,0,0,0,0,0,0,0.0,0.0,0,
191,2026-10-09T15:28:39.472463+00:00,191.0010547390002,sr0,0.9980616160000864,1536,0,8,0,0,0,0,0,0.0,0.0,0,
191,2026-10-09T15:28:39.472463+00:00,191.0010547390002,sda,0.9980616160000864,356335104,15486533632,7903,76155,0,0,0,0,0.0,0.0,0,
191,2026-10-09T15:28:39.472463+00:00,191.0010547390002,sda1,0.9980616160000864,319488,0,78,0,0,0,0,0,0.0,0.0,0,
191,2026-10-09T15:28:39.472463+00:00,191.0010547390002,sda2,0.9980616160000864,326784000,254205952,6593,41050,0,0,0,0,0.0,0.0,0,
191,2026-10-09T15:28:39.472463+00:00,191.0010547390002,sda3,0.9980616160000864,5571584,118784,155,25,0,0,0,0,0.0,0.0,0,
191,2026-10-09T15:28:39.472463+00:00,191.0010547390002,sda4,0.9980616160000864,4657152,0,116,0,0,0,0,0,0.0,0.0,0,
191,2026-10-09T15:28:39.472463+00:00,191.0010547390002,sda5,0.9980616160000864,16548864,15232208896,826,35080,0,0,0,0,0.0,0.0,0,
192,2026-10-09T15:28:40.471798+00:00,192.00035241100068,loop0,0.9993344939994131,374784,0,51,0,0,0,0,0,0.0,0.0,0,
192,2026-10-09T15:28:40.471798+00:00,192.00035241100068,loop1,0.9993344939994131,2107392,0,217,0,0,0,0,0,0.0,0.0,0,
192,2026-10-09T15:28:40.471798+00:00,192.00035241100068,loop2,0.9993344939994131,1106944,0,51,0,0,0,0,0,0.0,0.0,0,
192,2026-10-09T15:28:40.471798+00:00,192.00035241100068,loop3,0.9993344939994131,1141760,0,66,0,0,0,0,0,0.0,0.0,0,
192,2026-10-09T15:28:40.471798+00:00,192.00035241100068,loop4,0.9993344939994131,354304,0,43,0,0,0,0,0,0.0,0.0,0,
192,2026-10-09T15:28:40.471798+00:00,192.00035241100068,loop5,0.9993344939994131,18432,0,12,0,0,0,0,0,0.0,0.0,0,
192,2026-10-09T15:28:40.471798+00:00,192.00035241100068,loop6,0.9993344939994131,0,0,0,0,0,0,0,0,0.0,0.0,0,
192,2026-10-09T15:28:40.471798+00:00,192.00035241100068,loop7,0.9993344939994131,0,0,0,0,0,0,0,0,0.0,0.0,0,
192,2026-10-09T15:28:40.471798+00:00,192.00035241100068,sr0,0.9993344939994131,1536,0,8,0,0,0,0,0,0.0,0.0,0,
192,2026-10-09T15:28:40.471798+00:00,192.00035241100068,sda,0.9993344939994131,356335104,15486545920,7903,76157,0,12288,0,2,0.0,12296.183183693063,8,
192,2026-10-09T15:28:40.471798+00:00,192.00035241100068,sda1,0.9993344939994131,319488,0,78,0,0,0,0,0,0.0,0.0,0,
192,2026-10-09T15:28:40.471798+00:00,192.00035241100068,sda2,0.9993344939994131,326784000,254205952,6593,41050,0,0,0,0,0.0,0.0,0,
192,2026-10-09T15:28:40.471798+00:00,192.00035241100068,sda3,0.9993344939994131,5571584,118784,155,25,0,0,0,0,0.0,0.0,0,
192,2026-10-09T15:28:40.471798+00:00,192.00035241100068,sda4,0.9993344939994131,4657152,0,116,0,0,0,0,0,0.0,0.0,0,
192,2026-10-09T15:28:40.471798+00:00,192.00035241100068,sda5,0.9993344939994131,16548864,15232221184,826,35082,0,12288,0,2,0.0,12296.183183693063,8,
193,2026-10-09T15:28:41.472417+00:00,193.00110584699996,loop0,1.0006189280002218,374784,0,51,0,0,0,0,0,0.0,0.0,0,
193,2026-10-09T15:28:41.472417+00:00,193.00110584699996,loop1,1.0006189280002218,2107392,0,217,0,0,0,0,0,0.0,0.0,0,
193,2026-10-09T15:28:41.472417+00:00,193.00110584699996,loop2,1.0006189280002218,1106944,0,51,0,0,0,0,0,0.0,0.0,0,
193,2026-10-09T15:28:41.472417+00:00,193.00110584699996,loop3,1.0006189280002218,1141760,0,66,0,0,0,0,0,0.0,0.0,0,
193,2026-10-09T15:28:41.472417+00:00,193.00110584699996,loop4,1.0006189280002218,354304,0,43,0,0,0,0,0,0.0,0.0,0,
193,2026-10-09T15:28:41.472417+00:00,193.00110584699996,loop5,1.0006189280002218,18432,0,12,0,0,0,0,0,0.0,0.0,0,
193,2026-10-09T15:28:41.472417+00:00,193.00110584699996,loop6,1.0006189280002218,0,0,0,0,0,0,0,0,0.0,0.0,0,
193,2026-10-09T15:28:41.472417+00:00,193.00110584699996,loop7,1.0006189280002218,0,0,0,0,0,0,0,0,0.0,0.0,0,
193,2026-10-09T15:28:41.472417+00:00,193.00110584699996,sr0,1.0006189280002218,1536,0,8,0,0,0,0,0,0.0,0.0,0,
193,2026-10-09T15:28:41.472417+00:00,193.00110584699996,sda,1.0006189280002218,356335104,15486570496,7903,76159,0,24576,0,2,0.0,24560.798634017596,8,
193,2026-10-09T15:28:41.472417+00:00,193.00110584699996,sda1,1.0006189280002218,319488,0,78,0,0,0,0,0,0.0,0.0,0,
193,2026-10-09T15:28:41.472417+00:00,193.00110584699996,sda2,1.0006189280002218,326784000,254230528,6593,41052,0,24576,0,2,0.0,24560.798634017596,8,
193,2026-10-09T15:28:41.472417+00:00,193.00110584699996,sda3,1.0006189280002218,5571584,118784,155,25,0,0,0,0,0.0,0.0,0,
193,2026-10-09T15:28:41.472417+00:00,193.00110584699996,sda4,1.0006189280002218,4657152,0,116,0,0,0,0,0,0.0,0.0,0,
193,2026-10-09T15:28:41.472417+00:00,193.00110584699996,sda5,1.0006189280002218,16548864,15232221184,826,35082,0,0,0,0,0.0,0.0,0,
194,2026-10-09T15:28:42.472317+00:00,194.00096859400037,loop0,0.9998998890005169,374784,0,51,0,0,0,0,0,0.0,0.0,0,
194,2026-10-09T15:28:42.472317+00:00,194.00096859400037,loop1,0.9998998890005169,2107392,0,217,0,0,0,0,0,0.0,0.0,0,
194,2026-10-09T15:28:42.472317+00:00,194.00096859400037,loop2,0.9998998890005169,1106944,0,51,0,0,0,0,0,0.0,0.0,0,
194,2026-10-09T15:28:42.472317+00:00,194.00096859400037,loop3,0.9998998890005169,1141760,0,66,0,0,0,0,0,0.0,0.0,0,
194,2026-10-09T15:28:42.472317+00:00,194.00096859400037,loop4,0.9998998890005169,354304,0,43,0,0,0,0,0,0.0,0.0,0,
194,2026-10-09T15:28:42.472317+00:00,194.00096859400037,loop5,0.9998998890005169,18432,0,12,0,0,0,0,0,0.0,0.0,0,
194,2026-10-09T15:28:42.472317+00:00,194.00096859400037,loop6,0.9998998890005169,0,0,0,0,0,0,0,0,0.0,0.0,0,
194,2026-10-09T15:28:42.472317+00:00,194.00096859400037,loop7,0.9998998890005169,0,0,0,0,0,0,0,0,0.0,0.0,0,
194,2026-10-09T15:28:42.472317+00:00,194.00096859400037,sr0,0.9998998890005169,1536,0,8,0,0,0,0,0,0.0,0.0,0,
194,2026-10-09T15:28:42.472317+00:00,194.00096859400037,sda,0.9998998890005169,356335104,15486570496,7903,76159,0,0,0,0,0.0,0.0,0,
194,2026-10-09T15:28:42.472317+00:00,194.00096859400037,sda1,0.9998998890005169,319488,0,78,0,0,0,0,0,0.0,0.0,0,
194,2026-10-09T15:28:42.472317+00:00,194.00096859400037,sda2,0.9998998890005169,326784000,254230528,6593,41052,0,0,0,0,0.0,0.0,0,
194,2026-10-09T15:28:42.472317+00:00,194.00096859400037,sda3,0.9998998890005169,5571584,118784,155,25,0,0,0,0,0.0,0.0,0,
194,2026-10-09T15:28:42.472317+00:00,194.00096859400037,sda4,0.9998998890005169,4657152,0,116,0,0,0,0,0,0.0,0.0,0,
194,2026-10-09T15:28:42.472317+00:00,194.00096859400037,sda5,0.9998998890005169,16548864,15232221184,826,35082,0,0,0,0,0.0,0.0,0,
195,2026-10-09T15:28:43.471497+00:00,195.0001118250002,loop0,0.999180795999564,374784,0,51,0,0,0,0,0,0.0,0.0,0,
195,2026-10-09T15:28:43.471497+00:00,195.0001118250002,loop1,0.999180795999564,2107392,0,217,0,0,0,0,0,0.0,0.0,0,
195,2026-10-09T15:28:43.471497+00:00,195.0001118250002,loop2,0.999180795999564,1106944,0,51,0,0,0,0,0,0.0,0.0,0,
195,2026-10-09T15:28:43.471497+00:00,195.0001118250002,loop3,0.999180795999564,1141760,0,66,0,0,0,0,0,0.0,0.0,0,
195,2026-10-09T15:28:43.471497+00:00,195.0001118250002,loop4,0.999180795999564,354304,0,43,0,0,0,0,0,0.0,0.0,0,
195,2026-10-09T15:28:43.471497+00:00,195.0001118250002,loop5,0.999180795999564,18432,0,12,0,0,0,0,0,0.0,0.0,0,
195,2026-10-09T15:28:43.471497+00:00,195.0001118250002,loop6,0.999180795999564,0,0,0,0,0,0,0,0,0.0,0.0,0,
195,2026-10-09T15:28:43.471497+00:00,195.0001118250002,loop7,0.999180795999564,0,0,0,0,0,0,0,0,0.0,0.0,0,
195,2026-10-09T15:28:43.471497+00:00,195.0001118250002,sr0,0.999180795999564,1536,0,8,0,0,0,0,0,0.0,0.0,0,
195,2026-10-09T15:28:43.471497+00:00,195.0001118250002,sda,0.999180795999564,356335104,15486570496,7903,76159,0,0,0,0,0.0,0.0,0,
195,2026-10-09T15:28:43.471497+00:00,195.0001118250002,sda1,0.999180795999564,319488,0,78,0,0,0,0,0,0.0,0.0,0,
195,2026-10-09T15:28:43.471497+00:00,195.0001118250002,sda2,0.999180795999564,326784000,254230528,6593,41052,0,0,0,0,0.0,0.0,0,
195,2026-10-09T15:28:43.471497+00:00,195.0001118250002,sda3,0.999180795999564,5571584,118784,155,25,0,0,0,0,0.0,0.0,0,
195,2026-10-09T15:28:43.471497+00:00,195.0001118250002,sda4,0.999180795999564,4657152,0,116,0,0,0,0,0,0.0,0.0,0,
195,2026-10-09T15:28:43.471497+00:00,195.0001118250002,sda5,0.999180795999564,16548864,15232221184,826,35082,0,0,0,0,0.0,0.0,0,
196,2026-10-09T15:28:44.471635+00:00,196.00034414000038,loop0,1.0001380450003126,374784,0,51,0,0,0,0,0,0.0,0.0,0,
196,2026-10-09T15:28:44.471635+00:00,196.00034414000038,loop1,1.0001380450003126,2107392,0,217,0,0,0,0,0,0.0,0.0,0,
196,2026-10-09T15:28:44.471635+00:00,196.00034414000038,loop2,1.0001380450003126,1106944,0,51,0,0,0,0,0,0.0,0.0,0,
196,2026-10-09T15:28:44.471635+00:00,196.00034414000038,loop3,1.0001380450003126,1141760,0,66,0,0,0,0,0,0.0,0.0,0,
196,2026-10-09T15:28:44.471635+00:00,196.00034414000038,loop4,1.0001380450003126,354304,0,43,0,0,0,0,0,0.0,0.0,0,
196,2026-10-09T15:28:44.471635+00:00,196.00034414000038,loop5,1.0001380450003126,18432,0,12,0,0,0,0,0,0.0,0.0,0,
196,2026-10-09T15:28:44.471635+00:00,196.00034414000038,loop6,1.0001380450003126,0,0,0,0,0,0,0,0,0.0,0.0,0,
196,2026-10-09T15:28:44.471635+00:00,196.00034414000038,loop7,1.0001380450003126,0,0,0,0,0,0,0,0,0.0,0.0,0,
196,2026-10-09T15:28:44.471635+00:00,196.00034414000038,sr0,1.0001380450003126,1536,0,8,0,0,0,0,0,0.0,0.0,0,
196,2026-10-09T15:28:44.471635+00:00,196.00034414000038,sda,1.0001380450003126,356335104,15486570496,7903,76159,0,0,0,0,0.0,0.0,0,
196,2026-10-09T15:28:44.471635+00:00,196.00034414000038,sda1,1.0001380450003126,319488,0,78,0,0,0,0,0,0.0,0.0,0,
196,2026-10-09T15:28:44.471635+00:00,196.00034414000038,sda2,1.0001380450003126,326784000,254230528,6593,41052,0,0,0,0,0.0,0.0,0,
196,2026-10-09T15:28:44.471635+00:00,196.00034414000038,sda3,1.0001380450003126,5571584,118784,155,25,0,0,0,0,0.0,0.0,0,
196,2026-10-09T15:28:44.471635+00:00,196.00034414000038,sda4,1.0001380450003126,4657152,0,116,0,0,0,0,0,0.0,0.0,0,
196,2026-10-09T15:28:44.471635+00:00,196.00034414000038,sda5,1.0001380450003126,16548864,15232221184,826,35082,0,0,0,0,0.0,0.0,0,
197,2026-10-09T15:28:45.471922+00:00,197.00047189100042,loop0,1.0002865810001822,374784,0,51,0,0,0,0,0,0.0,0.0,0,
197,2026-10-09T15:28:45.471922+00:00,197.00047189100042,loop1,1.0002865810001822,2107392,0,217,0,0,0,0,0,0.0,0.0,0,
197,2026-10-09T15:28:45.471922+00:00,197.00047189100042,loop2,1.0002865810001822,1106944,0,51,0,0,0,0,0,0.0,0.0,0,
197,2026-10-09T15:28:45.471922+00:00,197.00047189100042,loop3,1.0002865810001822,1141760,0,66,0,0,0,0,0,0.0,0.0,0,
197,2026-10-09T15:28:45.471922+00:00,197.00047189100042,loop4,1.0002865810001822,354304,0,43,0,0,0,0,0,0.0,0.0,0,
197,2026-10-09T15:28:45.471922+00:00,197.00047189100042,loop5,1.0002865810001822,18432,0,12,0,0,0,0,0,0.0,0.0,0,
197,2026-10-09T15:28:45.471922+00:00,197.00047189100042,loop6,1.0002865810001822,0,0,0,0,0,0,0,0,0.0,0.0,0,
197,2026-10-09T15:28:45.471922+00:00,197.00047189100042,loop7,1.0002865810001822,0,0,0,0,0,0,0,0,0.0,0.0,0,
197,2026-10-09T15:28:45.471922+00:00,197.00047189100042,sr0,1.0002865810001822,1536,0,8,0,0,0,0,0,0.0,0.0,0,
197,2026-10-09T15:28:45.471922+00:00,197.00047189100042,sda,1.0002865810001822,356335104,15486582784,7903,76161,0,12288,0,2,0.0,12284.47950157772,16,
197,2026-10-09T15:28:45.471922+00:00,197.00047189100042,sda1,1.0002865810001822,319488,0,78,0,0,0,0,0,0.0,0.0,0,
197,2026-10-09T15:28:45.471922+00:00,197.00047189100042,sda2,1.0002865810001822,326784000,254230528,6593,41052,0,0,0,0,0.0,0.0,0,
197,2026-10-09T15:28:45.471922+00:00,197.00047189100042,sda3,1.0002865810001822,5571584,118784,155,25,0,0,0,0,0.0,0.0,0,
197,2026-10-09T15:28:45.471922+00:00,197.00047189100042,sda4,1.0002865810001822,4657152,0,116,0,0,0,0,0,0.0,0.0,0,
197,2026-10-09T15:28:45.471922+00:00,197.00047189100042,sda5,1.0002865810001822,16548864,15232233472,826,35084,0,12288,0,2,0.0,12284.47950157772,16,
198,2026-10-09T15:28:46.472074+00:00,198.00061812500007,loop0,1.000151700999595,374784,0,51,0,0,0,0,0,0.0,0.0,0,
198,2026-10-09T15:28:46.472074+00:00,198.00061812500007,loop1,1.000151700999595,2107392,0,217,0,0,0,0,0,0.0,0.0,0,
198,2026-10-09T15:28:46.472074+00:00,198.00061812500007,loop2,1.000151700999595,1106944,0,51,0,0,0,0,0,0.0,0.0,0,
198,2026-10-09T15:28:46.472074+00:00,198.00061812500007,loop3,1.000151700999595,1141760,0,66,0,0,0,0,0,0.0,0.0,0,
198,2026-10-09T15:28:46.472074+00:00,198.00061812500007,loop4,1.000151700999595,354304,0,43,0,0,0,0,0,0.0,0.0,0,
198,2026-10-09T15:28:46.472074+00:00,198.00061812500007,loop5,1.000151700999595,18432,0,12,0,0,0,0,0,0.0,0.0,0,
198,2026-10-09T15:28:46.472074+00:00,198.00061812500007,loop6,1.000151700999595,0,0,0,0,0,0,0,0,0.0,0.0,0,
198,2026-10-09T15:28:46.472074+00:00,198.00061812500007,loop7,1.000151700999595,0,0,0,0,0,0,0,0,0.0,0.0,0,
198,2026-10-09T15:28:46.472074+00:00,198.00061812500007,sr0,1.000151700999595,1536,0,8,0,0,0,0,0,0.0,0.0,0,
198,2026-10-09T15:28:46.472074+00:00,198.00061812500007,sda,1.000151700999595,356335104,15486607360,7903,76163,0,24576,0,2,0.0,24572.272361720406,8,
198,2026-10-09T15:28:46.472074+00:00,198.00061812500007,sda1,1.000151700999595,319488,0,78,0,0,0,0,0,0.0,0.0,0,
198,2026-10-09T15:28:46.472074+00:00,198.00061812500007,sda2,1.000151700999595,326784000,254255104,6593,41054,0,24576,0,2,0.0,24572.272361720406,8,
198,2026-10-09T15:28:46.472074+00:00,198.00061812500007,sda3,1.000151700999595,5571584,118784,155,25,0,0,0,0,0.0,0.0,0,
198,2026-10-09T15:28:46.472074+00:00,198.00061812500007,sda4,1.000151700999595,4657152,0,116,0,0,0,0,0,0.0,0.0,0,
198,2026-10-09T15:28:46.472074+00:00,198.00061812500007,sda5,1.000151700999595,16548864,15232233472,826,35084,0,0,0,0,0.0,0.0,0,
199,2026-10-09T15:28:47.479606+00:00,199.00829001400052,loop0,1.007532538000305,374784,0,51,0,0,0,0,0,0.0,0.0,0,
199,2026-10-09T15:28:47.479606+00:00,199.00829001400052,loop1,1.007532538000305,2107392,0,217,0,0,0,0,0,0.0,0.0,0,
199,2026-10-09T15:28:47.479606+00:00,199.00829001400052,loop2,1.007532538000305,1106944,0,51,0,0,0,0,0,0.0,0.0,0,
199,2026-10-09T15:28:47.479606+00:00,199.00829001400052,loop3,1.007532538000305,1141760,0,66,0,0,0,0,0,0.0,0.0,0,
199,2026-10-09T15:28:47.479606+00:00,199.00829001400052,loop4,1.007532538000305,354304,0,43,0,0,0,0,0,0.0,0.0,0,
199,2026-10-09T15:28:47.479606+00:00,199.00829001400052,loop5,1.007532538000305,18432,0,12,0,0,0,0,0,0.0,0.0,0,
199,2026-10-09T15:28:47.479606+00:00,199.00829001400052,loop6,1.007532538000305,0,0,0,0,0,0,0,0,0.0,0.0,0,
199,2026-10-09T15:28:47.479606+00:00,199.00829001400052,loop7,1.007532538000305,0,0,0,0,0,0,0,0,0.0,0.0,0,
199,2026-10-09T15:28:47.479606+00:00,199.00829001400052,sr0,1.007532538000305,1536,0,8,0,0,0,0,0,0.0,0.0,0,
199,2026-10-09T15:28:47.479606+00:00,199.00829001400052,sda,1.007532538000305,356335104,15490289664,7903,76764,0,3682304,0,601,0.0,3654774.273899316,536,
199,2026-10-09T15:28:47.479606+00:00,199.00829001400052,sda1,1.007532538000305,319488,0,78,0,0,0,0,0,0.0,0.0,0,
199,2026-10-09T15:28:47.479606+00:00,199.00829001400052,sda2,1.007532538000305,326784000,257937408,6593,41655,0,3682304,0,601,0.0,3654774.273899316,536,
199,2026-10-09T15:28:47.479606+00:00,199.00829001400052,sda3,1.007532538000305,5571584,118784,155,25,0,0,0,0,0.0,0.0,0,
199,2026-10-09T15:28:47.479606+00:00,199.00829001400052,sda4,1.007532538000305,4657152,0,116,0,0,0,0,0,0.0,0.0,0,
199,2026-10-09T15:28:47.479606+00:00,199.00829001400052,sda5,1.007532538000305,16548864,15232233472,826,35084,0,0,0,0,0.0,0.0,0,
