amostra,utc,tempo_relativo_s,pid,criado_epoch_s,papel,cpu_intervalo_real_s,cpu_uma_cpu_pct,cpu_capacidade_vm_pct,rss_bytes,vms_bytes,uss_bytes,pss_bytes,erro
1,2026-10-09T10:50:41.826974+00:00,1.0120647090000148,1288,1791541891.2,principal,,,,24182784,32931840,14036992,14779392,
1,2026-10-09T10:50:41.826974+00:00,1.0120647090000148,1289,1791541891.29,descendente,,,,11120640,19406848,5025792,5405696,
1,2026-10-09T10:50:41.826974+00:00,1.0120647090000148,1290,1791541891.29,descendente,,,,45412352,207376384,31727616,33090560,
1,2026-10-09T10:50:41.826974+00:00,1.0120647090000148,1291,1791541891.29,descendente,,,,45453312,207368192,31719424,33083392,
2,2026-10-09T10:50:42.815513+00:00,2.0008237859999554,1288,1791541891.2,principal,0.9885429449998355,0.0,0.0,24182784,32931840,14036992,14779392,
2,2026-10-09T10:50:42.815513+00:00,2.0008237859999554,1289,1791541891.29,descendente,0.9884707759999856,0.0,0.0,11120640,19406848,5025792,5405696,
2,2026-10-09T10:50:42.815513+00:00,2.0008237859999554,1290,1791541891.29,descendente,0.9884363609999127,0.0,0.0,45412352,207376384,31727616,33090560,
2,2026-10-09T10:50:42.815513+00:00,2.0008237859999554,1291,1791541891.29,descendente,0.9884008490000724,0.0,0.0,45453312,207368192,31719424,33083392,
3,2026-10-09T10:50:43.874491+00:00,3.059983703999933,1288,1791541891.2,principal,1.05897033500014,0.0,0.0,24182784,32931840,14036992,14779392,
3,2026-10-09T10:50:43.874491+00:00,3.059983703999933,1289,1791541891.29,descendente,1.0589514539999527,0.0,0.0,11120640,19406848,5025792,5405696,
3,2026-10-09T10:50:43.874491+00:00,3.059983703999933,1290,1791541891.29,descendente,1.0589319760001672,0.0,0.0,45412352,207376384,31727616,33090560,
3,2026-10-09T10:50:43.874491+00:00,3.059983703999933,1291,1791541891.29,descendente,1.0589134690001174,0.0,0.0,45453312,207368192,31719424,33083392,
4,2026-10-09T10:50:44.822952+00:00,4.0076183900000615,1288,1791541891.2,principal,0.9484663589998945,0.0,0.0,24182784,32931840,14036992,14779392,
4,2026-10-09T10:50:44.822952+00:00,4.0076183900000615,1289,1791541891.29,descendente,0.9484889759999078,0.0,0.0,11120640,19406848,5025792,5405696,
4,2026-10-09T10:50:44.822952+00:00,4.0076183900000615,1290,1791541891.29,descendente,0.9485715060000075,0.0,0.0,45412352,207376384,31727616,33090560,
4,2026-10-09T10:50:44.822952+00:00,4.0076183900000615,1291,1791541891.29,descendente,0.9486367469999095,0.0,0.0,45453312,207368192,31719424,33083392,
5,2026-10-09T10:50:45.823969+00:00,5.009491257000036,1288,1791541891.2,principal,1.0010109199999988,0.0,0.0,24182784,32931840,14036992,14779392,
5,2026-10-09T10:50:45.823969+00:00,5.009491257000036,1289,1791541891.29,descendente,1.0009902690001127,0.0,0.0,11120640,19406848,5025792,5405696,
5,2026-10-09T10:50:45.823969+00:00,5.009491257000036,1290,1791541891.29,descendente,1.0008983420000277,1.9982049285879444,0.9991024642939722,45412352,207376384,31727616,33090560,
5,2026-10-09T10:50:45.823969+00:00,5.009491257000036,1291,1791541891.29,descendente,1.0012337050000042,7.990142521220831,3.9950712606104153,45453312,282869760,31907840,33271808,
6,2026-10-09T10:50:46.816952+00:00,6.001221357000077,1288,1791541891.2,principal,0.9929839220001213,0.0,0.0,24182784,32931840,14036992,14779392,
6,2026-10-09T10:50:46.816952+00:00,6.001221357000077,1289,1791541891.29,descendente,0.9958162939999511,0.0,0.0,11120640,19406848,5025792,5405696,
6,2026-10-09T10:50:46.816952+00:00,6.001221357000077,1290,1791541891.29,descendente,0.9958347079998475,13.054375284941255,6.527187642470627,45412352,282877952,31928320,33291264,
6,2026-10-09T10:50:46.816952+00:00,6.001221357000077,1291,1791541891.29,descendente,0.9955302949999805,1.0044897729606495,0.5022448864803247,45453312,282869760,31907840,33271808,
7,2026-10-09T10:50:47.820033+00:00,7.005084544000056,1288,1791541891.2,principal,1.0030867220000346,0.9969227765333398,0.4984613882666699,24182784,32931840,14036992,14779392,
7,2026-10-09T10:50:47.820033+00:00,7.005084544000056,1289,1791541891.29,descendente,1.000286325999923,0.0,0.0,11120640,19406848,5025792,5405696,
7,2026-10-09T10:50:47.820033+00:00,7.005084544000056,1290,1791541891.29,descendente,1.0004781950001416,12.993786436293513,6.496893218146757,45412352,282877952,31936512,33299456,
7,2026-10-09T10:50:47.820033+00:00,7.005084544000056,1291,1791541891.29,descendente,1.0006179780000366,4.9969120183046405,2.4984560091523202,45453312,282869760,31916032,33280000,
8,2026-10-09T10:50:48.815649+00:00,8.00107557199999,1288,1791541891.2,principal,0.9956117439999161,0.0,0.0,24182784,32931840,14036992,14779392,
8,2026-10-09T10:50:48.815649+00:00,8.00107557199999,1289,1791541891.29,descendente,0.9955960340000729,0.0,0.0,11120640,19406848,5025792,5405696,
8,2026-10-09T10:50:48.815649+00:00,8.00107557199999,1290,1791541891.29,descendente,0.9954075459997966,16.07381827101729,8.036909135508646,45412352,282877952,31961088,33324032,
8,2026-10-09T10:50:48.815649+00:00,8.00107557199999,1291,1791541891.29,descendente,0.9952162120000594,2.009613565257956,1.004806782628978,45453312,282869760,31920128,33284096,
9,2026-10-09T10:50:49.815547+00:00,9.000412202000007,1288,1791541891.2,principal,0.99990595700001,0.0,0.0,24182784,32931840,14036992,14779392,
9,2026-10-09T10:50:49.815547+00:00,9.000412202000007,1289,1791541891.29,descendente,1.0000231920000715,0.0,0.0,11120640,19406848,5025792,5405696,
9,2026-10-09T10:50:49.815547+00:00,9.000412202000007,1290,1791541891.29,descendente,1.0001161960001355,8.998954357498242,4.499477178749121,45412352,282877952,31965184,33328128,
9,2026-10-09T10:50:49.815547+00:00,9.000412202000007,1291,1791541891.29,descendente,1.0002228359999208,3.9991088545795126,1.9995544272897563,45453312,282869760,31924224,33288192,
10,2026-10-09T10:50:50.838516+00:00,10.023735923000004,1288,1791541891.2,principal,1.0229557190000378,0.0,0.0,24182784,32931840,14036992,14779392,
10,2026-10-09T10:50:50.838516+00:00,10.023735923000004,1289,1791541891.29,descendente,1.022868500999948,0.0,0.0,11120640,19406848,5025792,5405696,
10,2026-10-09T10:50:50.838516+00:00,10.023735923000004,1290,1791541891.29,descendente,1.022930469999892,7.820668397922172,3.910334198961086,45412352,282877952,31977472,33340416,
10,2026-10-09T10:50:50.838516+00:00,10.023735923000004,1291,1791541891.29,descendente,1.0228186130000267,12.709975976942761,6.354987988471381,45453312,282869760,31928320,33292288,
11,2026-10-09T10:50:51.814703+00:00,11.000148708000097,1288,1791541891.2,principal,0.9761994779998986,0.0,0.0,24182784,32931840,14036992,14779392,
11,2026-10-09T10:50:51.814703+00:00,11.000148708000097,1289,1791541891.29,descendente,0.9762135510000007,0.0,0.0,11120640,19406848,5025792,5405696,
11,2026-10-09T10:50:51.814703+00:00,11.000148708000097,1290,1791541891.29,descendente,0.9760691720000523,17.416798406987553,8.708399203493776,45412352,282877952,31985664,33348608,
11,2026-10-09T10:50:51.814703+00:00,11.000148708000097,1291,1791541891.29,descendente,0.9760623570000462,1.024524706672766,0.512262353336383,45453312,282869760,31932416,33296384,
12,2026-10-09T10:50:52.815039+00:00,12.000468862999924,1288,1791541891.2,principal,1.0003318480000871,0.0,0.0,24182784,32931840,14036992,14779392,
12,2026-10-09T10:50:52.815039+00:00,12.000468862999924,1289,1791541891.29,descendente,1.000300900999946,0.0,0.0,11120640,19406848,5025792,5405696,
12,2026-10-09T10:50:52.815039+00:00,12.000468862999924,1290,1791541891.29,descendente,1.000308706999931,7.99753110616519,3.998765553082595,45412352,282877952,31985664,33348608,
12,2026-10-09T10:50:52.815039+00:00,12.000468862999924,1291,1791541891.29,descendente,1.0003788550000081,5.9977277308603485,2.9988638654301742,45453312,282869760,31944704,33308672,
13,2026-10-09T10:50:53.817097+00:00,13.002091201999974,1288,1791541891.2,principal,1.0020602949998647,0.0,0.0,24182784,32931840,14036992,14779392,
13,2026-10-09T10:50:53.817097+00:00,13.002091201999974,1289,1791541891.29,descendente,1.0020810000000893,0.0,0.0,11120640,19406848,5025792,5405696,
13,2026-10-09T10:50:53.817097+00:00,13.002091201999974,1290,1791541891.29,descendente,1.0020811110000523,7.983385688226402,3.991692844113201,45412352,282877952,31985664,33348608,
13,2026-10-09T10:50:53.817097+00:00,13.002091201999974,1291,1791541891.29,descendente,1.0020538039998428,4.989752027328121,2.4948760136640606,45453312,282869760,31944704,33308672,
14,2026-10-09T10:50:54.816510+00:00,14.002195221999955,1288,1791541891.2,principal,0.9994007050001983,0.0,0.0,24182784,32931840,14036992,14779392,
14,2026-10-09T10:50:54.816510+00:00,14.002195221999955,1289,1791541891.29,descendente,0.9993486579999171,0.0,0.0,11120640,19406848,5025792,5405696,
14,2026-10-09T10:50:54.816510+00:00,14.002195221999955,1290,1791541891.29,descendente,0.9993142800001351,4.002744762138023,2.0013723810690114,45412352,282877952,31993856,33356800,
14,2026-10-09T10:50:54.816510+00:00,14.002195221999955,1291,1791541891.29,descendente,0.9992410820000259,8.00607595515171,4.003037977575855,45453312,282869760,31944704,33308672,
15,2026-10-09T10:50:55.815199+00:00,15.000193054999954,1288,1791541891.2,principal,0.9986923449998812,0.0,0.0,24182784,32931840,14036992,14779392,
15,2026-10-09T10:50:55.815199+00:00,15.000193054999954,1289,1791541891.29,descendente,0.9986949789999926,0.0,0.0,11120640,19406848,5025792,5405696,
15,2026-10-09T10:50:55.815199+00:00,15.000193054999954,1290,1791541891.29,descendente,0.9986987919999137,12.015634840179903,6.0078174200899515,45412352,282877952,31997952,33360896,
15,2026-10-09T10:50:55.815199+00:00,15.000193054999954,1291,1791541891.29,descendente,0.9987126539999736,5.006445026979907,2.5032225134899533,45453312,282869760,31948800,33312768,
16,2026-10-09T10:50:56.852859+00:00,16.037692087000096,1288,1791541891.2,principal,1.0376582999999755,0.0,0.0,24182784,32931840,14036992,14779392,
16,2026-10-09T10:50:56.852859+00:00,16.037692087000096,1289,1791541891.29,descendente,1.0376732239999455,0.0,0.0,11120640,19406848,5025792,5405696,
16,2026-10-09T10:50:56.852859+00:00,16.037692087000096,1290,1791541891.29,descendente,1.0377251400000205,9.636463081158755,4.818231540579378,45412352,282877952,31997952,33360896,
16,2026-10-09T10:50:56.852859+00:00,16.037692087000096,1291,1791541891.29,descendente,1.0377280750001319,4.8182179132034,2.4091089566017,45453312,282869760,31952896,33316864,
17,2026-10-09T10:50:57.816337+00:00,17.001969905000124,1288,1791541891.2,principal,0.9634784659999696,0.0,0.0,24182784,32931840,14036992,14779392,
17,2026-10-09T10:50:57.816337+00:00,17.001969905000124,1289,1791541891.29,descendente,0.9634681830000318,0.0,0.0,11120640,19406848,5025792,5405696,
17,2026-10-09T10:50:57.816337+00:00,17.001969905000124,1290,1791541891.29,descendente,0.9634121859999141,2.075954642325627,1.0379773211628136,45412352,282877952,31997952,33360896,
17,2026-10-09T10:50:57.816337+00:00,17.001969905000124,1291,1791541891.29,descendente,0.9639134169999579,5.18718788619195,2.593593943095975,45453312,282869760,31965184,33329152,
18,2026-10-09T10:50:58.817958+00:00,18.00284235999993,1288,1791541891.2,principal,1.0016316700000516,0.0,0.0,24182784,32931840,14036992,14779392,
18,2026-10-09T10:50:58.817958+00:00,18.00284235999993,1289,1791541891.29,descendente,1.0020345030000044,0.0,0.0,11120640,19406848,5025792,5405696,
18,2026-10-09T10:50:58.817958+00:00,18.00284235999993,1290,1791541891.29,descendente,1.0022280729999693,7.982215042184744,3.991107521092372,45412352,282877952,31997952,33360896,
18,2026-10-09T10:50:58.817958+00:00,18.00284235999993,1291,1791541891.29,descendente,1.0021184160000303,4.989430310998216,2.494715155499108,45453312,282869760,31965184,33329152,
19,2026-10-09T10:50:59.815879+00:00,19.001123043999996,1288,1791541891.2,principal,0.9979193829999531,0.0,0.0,24182784,32931840,14036992,14779392,
19,2026-10-09T10:50:59.815879+00:00,19.001123043999996,1289,1791541891.29,descendente,0.997553956000047,0.0,0.0,11120640,19406848,5025792,5405696,
19,2026-10-09T10:50:59.815879+00:00,19.001123043999996,1290,1791541891.29,descendente,0.9973892210000486,9.023558517081215,4.511779258540607,45412352,282877952,31997952,33360896,
19,2026-10-09T10:50:59.815879+00:00,19.001123043999996,1291,1791541891.29,descendente,0.9971560479998516,2.005704126261545,1.0028520631307725,45453312,282869760,31965184,33329152,
20,2026-10-09T10:51:00.830371+00:00,20.01586887899998,1288,1791541891.2,principal,1.0144830430001548,0.0,0.0,24182784,32931840,14036992,14779392,
20,2026-10-09T10:51:00.830371+00:00,20.01586887899998,1289,1791541891.29,descendente,1.0144754450000164,0.0,0.0,11120640,19406848,5025792,5405696,
20,2026-10-09T10:51:00.830371+00:00,20.01586887899998,1290,1791541891.29,descendente,1.0144494920000398,9.857563219125502,4.928781609562751,45412352,282877952,31997952,33360896,
20,2026-10-09T10:51:00.830371+00:00,20.01586887899998,1291,1791541891.29,descendente,1.0143124410001292,0.0,0.0,45453312,282869760,31965184,33329152,
21,2026-10-09T10:51:01.818530+00:00,21.004137436000065,1288,1791541891.2,principal,0.9881673599998066,0.0,0.0,24182784,32931840,14036992,14779392,
21,2026-10-09T10:51:01.818530+00:00,21.004137436000065,1289,1791541891.29,descendente,0.9881900039999891,0.0,0.0,11120640,19406848,5025792,5405696,
21,2026-10-09T10:51:01.818530+00:00,21.004137436000065,1290,1791541891.29,descendente,0.9882288979999885,10.11911311259783,5.059556556298915,45412352,282877952,31997952,33360896,
21,2026-10-09T10:51:01.818530+00:00,21.004137436000065,1291,1791541891.29,descendente,0.9882568819998596,5.059413287243651,2.5297066436218256,45453312,282869760,31965184,33329152,
22,2026-10-09T10:51:02.844593+00:00,22.029909090000046,1288,1791541891.2,principal,1.0260614040000746,0.0,0.0,24182784,32931840,14036992,14779392,
22,2026-10-09T10:51:02.844593+00:00,22.029909090000046,1289,1791541891.29,descendente,1.026017402999969,0.0,0.0,11120640,19406848,5025792,5405696,
22,2026-10-09T10:51:02.844593+00:00,22.029909090000046,1290,1791541891.29,descendente,1.0259826660001181,4.87337668139463,2.436688340697315,45412352,282877952,31997952,33360896,
22,2026-10-09T10:51:02.844593+00:00,22.029909090000046,1291,1791541891.29,descendente,1.0259605660000943,7.797570652436844,3.898785326218422,45453312,282869760,31973376,33337344,
23,2026-10-09T10:51:03.826729+00:00,23.012113068999952,1288,1791541891.2,principal,0.9821337149999181,0.0,0.0,24182784,32931840,14036992,14779392,
23,2026-10-09T10:51:03.826729+00:00,23.012113068999952,1289,1791541891.29,descendente,0.9837940960001106,0.0,0.0,11120640,19406848,5025792,5405696,
23,2026-10-09T10:51:03.826729+00:00,23.012113068999952,1290,1791541891.29,descendente,0.9839655759999459,0.0,0.0,45412352,282877952,31997952,33360896,
23,2026-10-09T10:51:03.826729+00:00,23.012113068999952,1291,1791541891.29,descendente,0.984086040999955,9.14554177687066,4.57277088843533,45453312,282869760,31973376,33337344,
24,2026-10-09T10:51:04.815761+00:00,24.000554548000082,1288,1791541891.2,principal,0.9890653250001833,0.0,0.0,24182784,32931840,14036992,14779392,
24,2026-10-09T10:51:04.815761+00:00,24.000554548000082,1289,1791541891.29,descendente,0.9874402849998205,0.0,0.0,11120640,19406848,5025792,5405696,
24,2026-10-09T10:51:04.815761+00:00,24.000554548000082,1290,1791541891.29,descendente,0.9873356850000619,9.115440813829256,4.557720406914628,45412352,282877952,32002048,33364992,
24,2026-10-09T10:51:04.815761+00:00,24.000554548000082,1291,1791541891.29,descendente,0.9872765229999914,5.064437250879266,2.532218625439633,45453312,282869760,31973376,33337344,
25,2026-10-09T10:51:05.818622+00:00,25.001121903000012,1288,1791541891.2,principal,1.0028454309999688,0.9971626425050064,0.4985813212525032,24182784,32931840,14036992,14779392,
25,2026-10-09T10:51:05.818622+00:00,25.001121903000012,1289,1791541891.29,descendente,1.0028991490000863,0.0,0.0,11120640,19406848,5025792,5405696,
25,2026-10-09T10:51:05.818622+00:00,25.001121903000012,1290,1791541891.29,descendente,1.0029054899998755,0.0,0.0,45412352,282877952,32002048,33364992,
25,2026-10-09T10:51:05.818622+00:00,25.001121903000012,1291,1791541891.29,descendente,1.0029787559999477,13.958421268895538,6.979210634447769,45453312,282869760,31977472,33341440,
26,2026-10-09T10:51:06.815429+00:00,26.000963547000083,1288,1791541891.2,principal,0.9967890539999189,0.0,0.0,24182784,32931840,14036992,14779392,
26,2026-10-09T10:51:06.815429+00:00,26.000963547000083,1289,1791541891.29,descendente,0.9967016529999455,0.0,0.0,11120640,19406848,5025792,5405696,
26,2026-10-09T10:51:06.815429+00:00,26.000963547000083,1290,1791541891.29,descendente,0.9967143349999787,9.029668465639688,4.514834232819844,45412352,282877952,32010240,33373184,
26,2026-10-09T10:51:06.815429+00:00,26.000963547000083,1291,1791541891.29,descendente,0.9966440410000814,5.016836296921844,2.508418148460922,45453312,282869760,31977472,33341440,
27,2026-10-09T10:51:07.827038+00:00,27.009464261999938,1288,1791541891.2,principal,1.0116144270000405,0.0,0.0,24182784,32931840,14036992,14779392,
27,2026-10-09T10:51:07.827038+00:00,27.009464261999938,1289,1791541891.29,descendente,1.011693925000145,0.0,0.0,11120640,19406848,5025792,5405696,
27,2026-10-09T10:51:07.827038+00:00,27.009464261999938,1290,1791541891.29,descendente,1.0116262760000154,6.919551385792515,3.4597756928962573,45412352,282877952,32010240,33373184,
27,2026-10-09T10:51:07.827038+00:00,27.009464261999938,1291,1791541891.29,descendente,1.011555769000097,2.9657287239488532,1.4828643619744266,45453312,282869760,31981568,33345536,
28,2026-10-09T10:51:08.814945+00:00,28.000422753000066,1288,1791541891.2,principal,0.9879348070001015,0.0,0.0,24182784,32931840,14036992,14779392,
28,2026-10-09T10:51:08.814945+00:00,28.000422753000066,1289,1791541891.29,descendente,0.9878447419998793,0.0,0.0,11120640,19406848,5025792,5405696,
28,2026-10-09T10:51:08.814945+00:00,28.000422753000066,1290,1791541891.29,descendente,0.9878164659999129,8.09867042649691,4.049335213248455,45412352,282877952,32010240,33373184,
28,2026-10-09T10:51:08.814945+00:00,28.000422753000066,1291,1791541891.29,descendente,0.9878132789999654,4.049348277692479,2.0246741388462395,45453312,282869760,31981568,33345536,
29,2026-10-09T10:51:09.814819+00:00,29.000214975000063,1288,1791541891.2,principal,0.999841485999923,0.0,0.0,24182784,32931840,14036992,14779392,
29,2026-10-09T10:51:09.814819+00:00,29.000214975000063,1289,1791541891.29,descendente,0.999845194000045,0.0,0.0,11120640,19406848,5025792,5405696,
29,2026-10-09T10:51:09.814819+00:00,29.000214975000063,1290,1791541891.29,descendente,0.9999326780000501,4.000269306129586,2.000134653064793,45412352,282877952,32010240,33373184,
29,2026-10-09T10:51:09.814819+00:00,29.000214975000063,1291,1791541891.29,descendente,0.9999844490000669,9.00013996117592,4.50006998058796,45453312,282869760,31981568,33345536,
30,2026-10-09T10:51:10.816972+00:00,30.000883664999947,1288,1791541891.2,principal,1.0021648489998825,0.0,0.0,24182784,32931840,14036992,14779392,
30,2026-10-09T10:51:10.816972+00:00,30.000883664999947,1289,1791541891.29,descendente,1.004094172999885,0.0,0.0,11120640,19406848,5025792,5405696,
30,2026-10-09T10:51:10.816972+00:00,30.000883664999947,1290,1791541891.29,descendente,1.004193903999976,0.0,0.0,45412352,282877952,32010240,33373184,
30,2026-10-09T10:51:10.816972+00:00,30.000883664999947,1291,1791541891.29,descendente,1.0043136979998053,9.957048300661613,4.978524150330807,45453312,282869760,31981568,33345536,
31,2026-10-09T10:51:11.818899+00:00,31.001211237000007,1288,1791541891.2,principal,1.0019316790001085,0.0,0.0,24182784,32931840,14036992,14779392,
31,2026-10-09T10:51:11.818899+00:00,31.001211237000007,1289,1791541891.29,descendente,1.0001517760001661,0.0,0.0,11120640,19406848,5025792,5405696,
31,2026-10-09T10:51:11.818899+00:00,31.001211237000007,1290,1791541891.29,descendente,1.0001438540000436,7.998849333527811,3.9994246667639053,45412352,282877952,32010240,33373184,
31,2026-10-09T10:51:11.818899+00:00,31.001211237000007,1291,1791541891.29,descendente,1.0002799660001074,9.997201123588946,4.998600561794473,45453312,282869760,31981568,33345536,
32,2026-10-09T10:51:12.815967+00:00,32.00146502300004,1288,1791541891.2,principal,0.997051170000077,0.0,0.0,24182784,32931840,14036992,14779392,
32,2026-10-09T10:51:12.815967+00:00,32.00146502300004,1289,1791541891.29,descendente,0.9973255309998876,0.0,0.0,11120640,19406848,5025792,5405696,
32,2026-10-09T10:51:12.815967+00:00,32.00146502300004,1290,1791541891.29,descendente,0.9971671119999428,12.034091232644652,6.017045616322326,45412352,282877952,32018432,33381376,
32,2026-10-09T10:51:12.815967+00:00,32.00146502300004,1291,1791541891.29,descendente,0.99685680399989,1.003153106833052,0.501576553416526,45453312,282869760,31981568,33345536,
33,2026-10-09T10:51:13.815197+00:00,33.00041933500006,1288,1791541891.2,principal,0.9992338779998136,0.0,0.0,24182784,32931840,14036992,14779392,
33,2026-10-09T10:51:13.815197+00:00,33.00041933500006,1289,1791541891.29,descendente,0.9988350850001098,0.0,0.0,11120640,19406848,5025792,5405696,
33,2026-10-09T10:51:13.815197+00:00,33.00041933500006,1290,1791541891.29,descendente,0.9988466240001799,8.00923766249661,4.004618831248305,45412352,282877952,32018432,33381376,
33,2026-10-09T10:51:13.815197+00:00,33.00041933500006,1291,1791541891.29,descendente,0.9989147070000399,5.00543236070256,2.50271618035128,45453312,282869760,31981568,33345536,
34,2026-10-09T10:51:14.831636+00:00,34.01660752600014,1288,1791541891.2,principal,1.0164477220000663,0.0,0.0,24182784,32931840,14036992,14779392,
34,2026-10-09T10:51:14.831636+00:00,34.01660752600014,1289,1791541891.29,descendente,1.0169437959998504,0.0,0.0,11120640,19406848,5025792,5405696,
34,2026-10-09T10:51:14.831636+00:00,34.01660752600014,1290,1791541891.29,descendente,1.0171575329998177,0.0,0.0,45412352,282877952,32018432,33381376,
34,2026-10-09T10:51:14.831636+00:00,34.01660752600014,1291,1791541891.29,descendente,1.0175072849999651,2.948381838858497,1.4741909194292484,45453312,282869760,31981568,33345536,
35,2026-10-09T10:51:16.391687+00:00,35.57662808800001,1288,1791541891.2,principal,1.5600471899999775,0.0,0.0,24182784,32931840,14036992,14779392,
35,2026-10-09T10:51:16.391687+00:00,35.57662808800001,1289,1791541891.29,descendente,1.5599014470001293,0.0,0.0,11120640,19406848,5025792,5405696,
35,2026-10-09T10:51:16.391687+00:00,35.57662808800001,1290,1791541891.29,descendente,1.5596966210000573,0.641150327913751,0.3205751639568755,45412352,282877952,32018432,33381376,
35,2026-10-09T10:51:16.391687+00:00,35.57662808800001,1291,1791541891.29,descendente,1.5593201280000812,0.0,0.0,45453312,282869760,31981568,33345536,
36,2026-10-09T10:51:16.817071+00:00,36.00256530499996,1288,1791541891.2,principal,0.4253810580000845,0.0,0.0,24182784,32931840,14036992,14779392,
36,2026-10-09T10:51:16.817071+00:00,36.00256530499996,1289,1791541891.29,descendente,0.4250805419999324,0.0,0.0,11120640,19406848,5025792,5405696,
36,2026-10-09T10:51:16.817071+00:00,36.00256530499996,1290,1791541891.29,descendente,0.425161338999942,0.0,0.0,45412352,282877952,32018432,33381376,
36,2026-10-09T10:51:16.817071+00:00,36.00256530499996,1291,1791541891.29,descendente,0.42534012999999504,0.0,0.0,45453312,282869760,31981568,33345536,
37,2026-10-09T10:51:17.816582+00:00,37.00160492500004,1288,1791541891.2,principal,0.9995064649999676,0.0,0.0,24182784,32931840,14036992,14779392,
37,2026-10-09T10:51:17.816582+00:00,37.00160492500004,1289,1791541891.29,descendente,0.999443188999976,0.0,0.0,11120640,19406848,5025792,5405696,
37,2026-10-09T10:51:17.816582+00:00,37.00160492500004,1290,1791541891.29,descendente,0.9993287130000681,0.0,0.0,45412352,282877952,32018432,33381376,
37,2026-10-09T10:51:17.816582+00:00,37.00160492500004,1291,1791541891.29,descendente,0.9990899080000872,0.0,0.0,45453312,282869760,31981568,33345536,
38,2026-10-09T10:51:18.815905+00:00,38.0013111830001,1288,1791541891.2,principal,0.999570489000007,0.0,0.0,24182784,32931840,14036992,14779392,
38,2026-10-09T10:51:18.815905+00:00,38.0013111830001,1289,1791541891.29,descendente,0.9996195020000869,0.0,0.0,11120640,19406848,5025792,5405696,
38,2026-10-09T10:51:18.815905+00:00,38.0013111830001,1290,1791541891.29,descendente,0.9996408859999519,0.0,0.0,45412352,282877952,32018432,33381376,
38,2026-10-09T10:51:18.815905+00:00,38.0013111830001,1291,1791541891.29,descendente,0.9997418359998846,8.002065845327646,4.001032922663823,45453312,282869760,31981568,33345536,
39,2026-10-09T10:51:19.815563+00:00,39.00112192400002,1288,1791541891.2,principal,0.9994036420000612,0.0,0.0,24182784,32931840,14036992,14779392,
39,2026-10-09T10:51:19.815563+00:00,39.00112192400002,1289,1791541891.29,descendente,0.9995554919998995,0.0,0.0,11120640,19406848,5025792,5405696,
39,2026-10-09T10:51:19.815563+00:00,39.00112192400002,1290,1791541891.29,descendente,0.999535073000061,6.002790859545462,3.001395429772731,45412352,282877952,32018432,33381376,
39,2026-10-09T10:51:19.815563+00:00,39.00112192400002,1291,1791541891.29,descendente,0.9994181659999413,8.004657381823751,4.002328690911876,45453312,282869760,31981568,33345536,
40,2026-10-09T10:51:20.815968+00:00,40.00139141800014,1288,1791541891.2,principal,1.0004186249998384,0.0,0.0,24182784,32931840,14036992,14779392,
40,2026-10-09T10:51:20.815968+00:00,40.00139141800014,1289,1791541891.29,descendente,1.0002791179999804,0.0,0.0,11120640,19406848,5025792,5405696,
40,2026-10-09T10:51:20.815968+00:00,40.00139141800014,1290,1791541891.29,descendente,1.0002907610000875,9.997093235173116,4.998546617586558,45412352,282877952,32018432,33381376,
40,2026-10-09T10:51:20.815968+00:00,40.00139141800014,1291,1791541891.29,descendente,1.0003186890000961,2.999044237590792,1.499522118795396,45453312,282869760,31981568,33345536,
41,2026-10-09T10:51:21.816167+00:00,41.00144284499993,1288,1791541891.2,principal,1.0001983900001505,0.0,0.0,24182784,32931840,14036992,14779392,
41,2026-10-09T10:51:21.816167+00:00,41.00144284499993,1289,1791541891.29,descendente,1.0003912790000413,0.0,0.0,11120640,19406848,5025792,5405696,
41,2026-10-09T10:51:21.816167+00:00,41.00144284499993,1290,1791541891.29,descendente,1.0004028529999687,9.995973092252322,4.997986546126161,45412352,282877952,32018432,33381376,
41,2026-10-09T10:51:21.816167+00:00,41.00144284499993,1291,1791541891.29,descendente,1.0004190120000658,3.998324653989734,1.999162326994867,45453312,282869760,31981568,33345536,
42,2026-10-09T10:51:22.815164+00:00,42.00055683400001,1288,1791541891.2,principal,0.9989990509998279,0.0,0.0,24182784,32931840,14036992,14779392,
42,2026-10-09T10:51:22.815164+00:00,42.00055683400001,1289,1791541891.29,descendente,0.9987625740000112,0.0,0.0,11120640,19406848,5025792,5405696,
42,2026-10-09T10:51:22.815164+00:00,42.00055683400001,1290,1791541891.29,descendente,0.9987609339998471,0.0,0.0,45412352,282877952,32018432,33381376,
42,2026-10-09T10:51:22.815164+00:00,42.00055683400001,1291,1791541891.29,descendente,0.9992569080000067,14.010411024348867,7.005205512174434,45453312,282869760,31981568,33345536,
43,2026-10-09T10:51:23.832731+00:00,43.01824170500004,1288,1791541891.2,principal,1.0175569440000345,0.9827459837962316,0.4913729918981158,24182784,32931840,14036992,14779392,
43,2026-10-09T10:51:23.832731+00:00,43.01824170500004,1289,1791541891.29,descendente,1.0176208360001056,0.0,0.0,11120640,19406848,5025792,5405696,
43,2026-10-09T10:51:23.832731+00:00,43.01824170500004,1290,1791541891.29,descendente,1.0176100670000778,0.0,0.0,45412352,282877952,32018432,33381376,
43,2026-10-09T10:51:23.832731+00:00,43.01824170500004,1291,1791541891.29,descendente,1.0171998599998915,11.797091674787863,5.8985458373939315,45453312,282869760,31981568,33345536,
44,2026-10-09T10:51:24.815049+00:00,44.00034510499995,1288,1791541891.2,principal,0.9823222590000569,0.0,0.0,24182784,32931840,14036992,14779392,
44,2026-10-09T10:51:24.815049+00:00,44.00034510499995,1289,1791541891.29,descendente,0.9822470729998258,0.0,0.0,11120640,19406848,5025792,5405696,
44,2026-10-09T10:51:24.815049+00:00,44.00034510499995,1290,1791541891.29,descendente,0.98224532800009,6.108453589915133,3.0542267949575663,45412352,282877952,32018432,33381376,
44,2026-10-09T10:51:24.815049+00:00,44.00034510499995,1291,1791541891.29,descendente,0.9821730759999809,3.054451474293739,1.5272257371468696,45453312,282869760,31985664,33349632,
45,2026-10-09T10:51:25.814724+00:00,45.00016551199997,1288,1791541891.2,principal,0.999679770000057,0.0,0.0,24182784,32931840,14036992,14779392,
45,2026-10-09T10:51:25.814724+00:00,45.00016551199997,1289,1791541891.29,descendente,0.9997626610002044,0.0,0.0,11120640,19406848,5025792,5405696,
45,2026-10-09T10:51:25.814724+00:00,45.00016551199997,1290,1791541891.29,descendente,0.9997800579999421,14.003079865392978,7.001539932696489,45412352,282877952,32018432,33381376,
45,2026-10-09T10:51:25.814724+00:00,45.00016551199997,1291,1791541891.29,descendente,0.9998100880000038,1.000189948073571,0.5000949740367855,45453312,282869760,31985664,33349632,
46,2026-10-09T10:51:26.817562+00:00,46.00252993000004,1288,1791541891.2,principal,1.0028330000000096,0.0,0.0,24182784,32931840,14036992,14779392,
46,2026-10-09T10:51:26.817562+00:00,46.00252993000004,1289,1791541891.29,descendente,1.0029125349999504,0.0,0.0,11120640,19406848,5025792,5405696,
46,2026-10-09T10:51:26.817562+00:00,46.00252993000004,1290,1791541891.29,descendente,1.0029309139999896,6.979543558072137,3.4897717790360687,45412352,282877952,32018432,33381376,
46,2026-10-09T10:51:26.817562+00:00,46.00252993000004,1291,1791541891.29,descendente,1.0030331600000864,4.984880061192878,2.492440030596439,45453312,282869760,31985664,33349632,
47,2026-10-09T10:51:27.838307+00:00,47.023916482000004,1288,1791541891.2,principal,1.020737519000022,0.0,0.0,24182784,32931840,14036992,14779392,
47,2026-10-09T10:51:27.838307+00:00,47.023916482000004,1289,1791541891.29,descendente,1.020560080999985,0.0,0.0,11120640,19406848,5025792,5405696,
47,2026-10-09T10:51:27.838307+00:00,47.023916482000004,1290,1791541891.29,descendente,1.0205110100000638,2.939703707851154,1.469851853925577,45412352,282877952,32018432,33381376,
47,2026-10-09T10:51:27.838307+00:00,47.023916482000004,1291,1791541891.29,descendente,1.0205139580000377,3.9195936210802147,1.9597968105401073,45453312,282869760,31989760,33353728,
48,2026-10-09T10:51:28.828713+00:00,48.01125334800008,1288,1791541891.2,principal,0.9904384129999926,0.0,0.0,24182784,32931840,14036992,14779392,
48,2026-10-09T10:51:28.828713+00:00,48.01125334800008,1289,1791541891.29,descendente,0.9907666750000317,0.0,0.0,11120640,19406848,5025792,5405696,
48,2026-10-09T10:51:28.828713+00:00,48.01125334800008,1290,1791541891.29,descendente,0.9911865039998702,11.097810508527045,5.548905254263523,45412352,282877952,32018432,33381376,
48,2026-10-09T10:51:28.828713+00:00,48.01125334800008,1291,1791541891.29,descendente,0.9912363669998285,4.035364453088722,2.017682226544361,45453312,282869760,31989760,33353728,
49,2026-10-09T10:51:29.819550+00:00,49.00124911900002,1288,1791541891.2,principal,0.9908168160000059,0.0,0.0,24182784,32931840,14036992,14779392,
49,2026-10-09T10:51:29.819550+00:00,49.00124911900002,1289,1791541891.29,descendente,0.9905254239999977,0.0,0.0,11120640,19406848,5025792,5405696,
49,2026-10-09T10:51:29.819550+00:00,49.00124911900002,1290,1791541891.29,descendente,0.9901583340001707,2.0198789742239924,1.0099394871119962,45412352,282877952,32018432,33381376,
49,2026-10-09T10:51:29.819550+00:00,49.00124911900002,1291,1791541891.29,descendente,0.9899952920000032,9.090952323437874,4.545476161718937,45453312,282869760,31989760,33353728,
50,2026-10-09T10:51:30.816360+00:00,50.00139535800008,1288,1791541891.2,principal,0.9968078299998524,0.0,0.0,24182784,32931840,14036992,14779392,
50,2026-10-09T10:51:30.816360+00:00,50.00139535800008,1289,1791541891.29,descendente,0.9969227149999824,0.0,0.0,11120640,19406848,5025792,5405696,
50,2026-10-09T10:51:30.816360+00:00,50.00139535800008,1290,1791541891.29,descendente,0.9969708139999511,0.0,0.0,45412352,282877952,32018432,33381376,
50,2026-10-09T10:51:30.816360+00:00,50.00139535800008,1291,1791541891.29,descendente,0.9971528870000839,10.028552421971076,5.014276210985538,45453312,282869760,31989760,33353728,
51,2026-10-09T10:51:31.815390+00:00,51.00063914800012,1288,1791541891.2,principal,0.999026737000122,0.0,0.0,24182784,32931840,14036992,14779392,
51,2026-10-09T10:51:31.815390+00:00,51.00063914800012,1289,1791541891.29,descendente,0.9989479930000016,0.0,0.0,11120640,19406848,5025792,5405696,
51,2026-10-09T10:51:31.815390+00:00,51.00063914800012,1290,1791541891.29,descendente,0.9990123850000145,2.001977182695216,1.000988591347608,45412352,282877952,32018432,33381376,
51,2026-10-09T10:51:31.815390+00:00,51.00063914800012,1291,1791541891.29,descendente,0.9988341650000621,10.011671957575825,5.005835978787912,45453312,282869760,31997952,33361920,
52,2026-10-09T10:51:32.815238+00:00,52.00066786000002,1288,1791541891.2,principal,0.9998519399998713,0.0,0.0,24182784,32931840,14036992,14779392,
52,2026-10-09T10:51:32.815238+00:00,52.00066786000002,1289,1791541891.29,descendente,0.9998093909998715,0.0,0.0,11120640,19406848,5025792,5405696,
52,2026-10-09T10:51:32.815238+00:00,52.00066786000002,1290,1791541891.29,descendente,0.9996724420000191,1.0003276653295372,0.5001638326647686,45412352,282877952,32018432,33381376,
52,2026-10-09T10:51:32.815238+00:00,52.00066786000002,1291,1791541891.29,descendente,0.9996610099999543,12.004069259438904,6.002034629719452,45453312,282869760,32002048,33366016,
53,2026-10-09T10:51:33.825312+00:00,53.010553099999925,1288,1791541891.2,principal,1.0100699020001684,0.0,0.0,24182784,32931840,14036992,14779392,
53,2026-10-09T10:51:33.825312+00:00,53.010553099999925,1289,1791541891.29,descendente,1.010346817000027,0.0,0.0,11120640,19406848,5025792,5405696,
53,2026-10-09T10:51:33.825312+00:00,53.010553099999925,1290,1791541891.29,descendente,1.0106343479999396,1.9789551027609413,0.9894775513804707,45412352,282877952,32018432,33381376,
53,2026-10-09T10:51:33.825312+00:00,53.010553099999925,1291,1791541891.29,descendente,1.0107847520000632,10.882633496631195,5.4413167483155975,45453312,282869760,32002048,33366016,
54,2026-10-09T10:51:34.815883+00:00,54.001143688999946,1288,1791541891.2,principal,0.9905705189999026,0.0,0.0,24182784,32931840,14036992,14779392,
54,2026-10-09T10:51:34.815883+00:00,54.001143688999946,1289,1791541891.29,descendente,0.9903674240001692,0.0,0.0,11120640,19406848,5025792,5405696,
54,2026-10-09T10:51:34.815883+00:00,54.001143688999946,1290,1791541891.29,descendente,0.990106638000043,8.07993774908904,4.03996887454452,45412352,282877952,32026624,33389568,
54,2026-10-09T10:51:34.815883+00:00,54.001143688999946,1291,1791541891.29,descendente,0.9900579049999578,1.010041932850583,0.5050209664252915,45453312,282869760,32002048,33366016,
55,2026-10-09T10:51:35.830299+00:00,55.015901399000086,1288,1791541891.2,principal,1.0144107599999188,0.0,0.0,24182784,32931840,14036992,14779392,
55,2026-10-09T10:51:35.830299+00:00,55.015901399000086,1289,1791541891.29,descendente,1.0143091729999014,0.0,0.0,11120640,19406848,5025792,5405696,
55,2026-10-09T10:51:35.830299+00:00,55.015901399000086,1290,1791541891.29,descendente,1.0142546380000113,13.803239813234697,6.9016199066173485,45412352,282877952,32026624,33389568,
55,2026-10-09T10:51:35.830299+00:00,55.015901399000086,1291,1791541891.29,descendente,1.0140882079999756,0.986107512256789,0.4930537561283945,45453312,282869760,32002048,33366016,
56,2026-10-09T10:51:36.814860+00:00,56.000434885000004,1288,1791541891.2,principal,0.9845629590001863,0.0,0.0,24182784,32931840,14036992,14779392,
56,2026-10-09T10:51:36.814860+00:00,56.000434885000004,1289,1791541891.29,descendente,0.9845851109998875,0.0,0.0,11120640,19406848,5025792,5405696,
56,2026-10-09T10:51:36.814860+00:00,56.000434885000004,1290,1791541891.29,descendente,0.9846145179999439,0.0,0.0,45412352,282877952,32026624,33389568,
56,2026-10-09T10:51:36.814860+00:00,56.000434885000004,1291,1791541891.29,descendente,0.9846853290000581,4.062211431607182,2.031105715803591,45453312,282869760,32002048,33366016,
57,2026-10-09T10:51:37.821694+00:00,57.006904159999976,1288,1791541891.2,principal,1.006980490999922,0.0,0.0,24182784,32931840,14036992,14779392,
57,2026-10-09T10:51:37.821694+00:00,57.006904159999976,1289,1791541891.29,descendente,1.0071129870000277,0.0,0.0,11120640,19406848,5025792,5405696,
57,2026-10-09T10:51:37.821694+00:00,57.006904159999976,1290,1791541891.29,descendente,1.007096539000031,0.9929534669967531,0.49647673349837657,45412352,282877952,32026624,33389568,
57,2026-10-09T10:51:37.821694+00:00,57.006904159999976,1291,1791541891.29,descendente,1.007109059999948,10.922352341861433,5.461176170930717,45453312,282869760,32002048,33366016,
58,2026-10-09T10:51:38.821240+00:00,58.006765275000134,1288,1791541891.2,principal,0.9994002939999973,0.0,0.0,24182784,32931840,14036992,14779392,
58,2026-10-09T10:51:38.821240+00:00,58.006765275000134,1289,1791541891.29,descendente,0.9992404110000734,0.0,0.0,11120640,19406848,5025792,5405696,
58,2026-10-09T10:51:38.821240+00:00,58.006765275000134,1290,1791541891.29,descendente,0.9992248949999976,0.0,0.0,45412352,282877952,32026624,33389568,
58,2026-10-09T10:51:38.821240+00:00,58.006765275000134,1291,1791541891.29,descendente,0.9995411540000987,7.003213396453091,3.5016066982265457,45453312,282869760,32002048,33366016,
59,2026-10-09T10:51:39.814481+00:00,59.000116209,1288,1791541891.2,principal,0.9932362239999293,0.0,0.0,24182784,32931840,14036992,14779392,
59,2026-10-09T10:51:39.814481+00:00,59.000116209,1289,1791541891.29,descendente,0.993229964999955,0.0,0.0,11120640,19406848,5025792,5405696,
59,2026-10-09T10:51:39.814481+00:00,59.000116209,1290,1791541891.29,descendente,0.9932278979999865,6.040909656365647,3.0204548281828236,45412352,282877952,32026624,33389568,
59,2026-10-09T10:51:39.814481+00:00,59.000116209,1291,1791541891.29,descendente,0.9928505939999468,2.014401776145203,1.0072008880726016,45453312,282869760,32002048,33366016,
60,2026-10-09T10:51:40.815905+00:00,60.00154144299995,1288,1791541891.2,principal,1.001422919000106,0.0,0.0,24182784,32931840,14036992,14779392,
60,2026-10-09T10:51:40.815905+00:00,60.00154144299995,1289,1791541891.29,descendente,1.001423066000143,0.0,0.0,11120640,19406848,5025792,5405696,
60,2026-10-09T10:51:40.815905+00:00,60.00154144299995,1290,1791541891.29,descendente,1.001422550999905,8.98721522799069,4.493607613995345,45412352,282877952,32026624,33389568,
60,2026-10-09T10:51:40.815905+00:00,60.00154144299995,1291,1791541891.29,descendente,1.001389492000044,0.0,0.0,45453312,282869760,32002048,33366016,
61,2026-10-09T10:51:41.815854+00:00,61.00142964399993,1288,1791541891.2,principal,0.9999493389998406,0.0,0.0,24182784,32931840,14036992,14779392,
61,2026-10-09T10:51:41.815854+00:00,61.00142964399993,1289,1791541891.29,descendente,0.999953830999857,0.0,0.0,11120640,19406848,5025792,5405696,
61,2026-10-09T10:51:41.815854+00:00,61.00142964399993,1290,1791541891.29,descendente,0.9999662899999748,2.0000674222731676,1.0000337111365838,45412352,282877952,32026624,33389568,
61,2026-10-09T10:51:41.815854+00:00,61.00142964399993,1291,1791541891.29,descendente,0.9999711670000124,5.000144169156838,2.500072084578419,45453312,282869760,32010240,33374208,
62,2026-10-09T10:51:42.817910+00:00,62.0033006430001,1288,1791541891.2,principal,1.0020579220001764,0.0,0.0,24182784,32931840,14036992,14779392,
62,2026-10-09T10:51:42.817910+00:00,62.0033006430001,1289,1791541891.29,descendente,1.0023195579999538,0.0,0.0,11120640,19406848,5025792,5405696,
62,2026-10-09T10:51:42.817910+00:00,62.0033006430001,1290,1791541891.29,descendente,1.0023462530000415,0.9976592390172376,0.4988296195086188,45412352,282877952,32026624,33389568,
62,2026-10-09T10:51:42.817910+00:00,62.0033006430001,1291,1791541891.29,descendente,1.002416519999997,1.995178610982951,0.9975893054914755,45453312,282869760,32010240,33374208,
63,2026-10-09T10:51:43.821567+00:00,63.007000269999935,1288,1791541891.2,principal,1.0036584839999705,0.0,0.0,24182784,32931840,14036992,14779392,
63,2026-10-09T10:51:43.821567+00:00,63.007000269999935,1289,1791541891.29,descendente,1.0033947070000977,0.0,0.0,11120640,19406848,5025792,5405696,
63,2026-10-09T10:51:43.821567+00:00,63.007000269999935,1290,1791541891.29,descendente,1.0037913539999863,3.984891864291077,1.9924459321455386,45412352,282877952,32026624,33389568,
63,2026-10-09T10:51:43.821567+00:00,63.007000269999935,1291,1791541891.29,descendente,1.0038208720000057,2.9885810144817766,1.4942905072408883,45453312,282869760,32010240,33374208,
64,2026-10-09T10:51:44.816380+00:00,64.00161126400008,1288,1791541891.2,principal,0.9948158889999377,0.0,0.0,24182784,32931840,14036992,14779392,
64,2026-10-09T10:51:44.816380+00:00,64.00161126400008,1289,1791541891.29,descendente,0.9948164649999853,0.0,0.0,11120640,19406848,5025792,5405696,
64,2026-10-09T10:51:44.816380+00:00,64.00161126400008,1290,1791541891.29,descendente,0.9943843850001031,5.028236641104534,2.514118320552267,45412352,282877952,32026624,33389568,
64,2026-10-09T10:51:44.816380+00:00,64.00161126400008,1291,1791541891.29,descendente,0.9943196129997887,6.034277028789884,3.017138514394942,45453312,282869760,32010240,33374208,
65,2026-10-09T10:51:45.815579+00:00,65.00053713400007,1288,1791541891.2,principal,0.9992926469999475,0.0,0.0,24182784,32931840,14036992,14779392,
65,2026-10-09T10:51:45.815579+00:00,65.00053713400007,1289,1791541891.29,descendente,0.9993005900000753,0.0,0.0,11120640,19406848,5025792,5405696,
65,2026-10-09T10:51:45.815579+00:00,65.00053713400007,1290,1791541891.29,descendente,0.999300790999996,6.0041981894120715,3.0020990947060358,45412352,282877952,32026624,33389568,
65,2026-10-09T10:51:45.815579+00:00,65.00053713400007,1291,1791541891.29,descendente,0.9992668260001665,1.0007337119385067,0.5003668559692533,45453312,282869760,32010240,33374208,
66,2026-10-09T10:51:46.820343+00:00,66.00350513100011,1288,1791541891.2,principal,1.004768828000124,0.0,0.0,24182784,32931840,14036992,14779392,
66,2026-10-09T10:51:46.820343+00:00,66.00350513100011,1289,1791541891.29,descendente,1.0113901549998445,0.0,0.0,11120640,19406848,5025792,5405696,
66,2026-10-09T10:51:46.820343+00:00,66.00350513100011,1290,1791541891.29,descendente,1.0115236229999027,3.9544306322150025,1.9772153161075012,45412352,282877952,32026624,33389568,
66,2026-10-09T10:51:46.820343+00:00,66.00350513100011,1291,1791541891.29,descendente,1.0116444039999806,3.953958509713999,1.9769792548569995,45453312,282869760,32010240,33374208,
67,2026-10-09T10:51:47.830878+00:00,67.01285515900008,1288,1791541891.2,principal,1.0105440219999764,0.0,0.0,24182784,32931840,14036992,14779392,
67,2026-10-09T10:51:47.830878+00:00,67.01285515900008,1289,1791541891.29,descendente,1.0044469410001966,0.0,0.0,11120640,19406848,5025792,5405696,
67,2026-10-09T10:51:47.830878+00:00,67.01285515900008,1290,1791541891.29,descendente,1.0045717489999788,6.968143397391296,3.484071698695648,45412352,282877952,32026624,33389568,
67,2026-10-09T10:51:47.830878+00:00,67.01285515900008,1291,1791541891.29,descendente,1.0052807929998835,3.978987789136421,1.9894938945682106,45453312,282869760,32010240,33374208,
68,2026-10-09T10:51:48.815825+00:00,68.00087348400007,1288,1791541891.2,principal,0.9848333370000546,0.0,0.0,24182784,32931840,14036992,14779392,
68,2026-10-09T10:51:48.815825+00:00,68.00087348400007,1289,1791541891.29,descendente,0.9843372009997893,0.0,0.0,11120640,19406848,5025792,5405696,
68,2026-10-09T10:51:48.815825+00:00,68.00087348400007,1290,1791541891.29,descendente,0.9844924700000774,3.047255404604443,1.5236277023022216,45412352,282877952,32026624,33389568,
68,2026-10-09T10:51:48.815825+00:00,68.00087348400007,1291,1791541891.29,descendente,0.983667037000032,5.083020790499365,2.5415103952496825,45453312,282869760,32010240,33374208,
69,2026-10-09T10:51:49.822836+00:00,69.00053639600014,1288,1791541891.2,principal,1.0070173750000322,0.0,0.0,24182784,32931840,14036992,14779392,
69,2026-10-09T10:51:49.822836+00:00,69.00053639600014,1289,1791541891.29,descendente,1.006983006000155,0.0,0.0,11120640,19406848,5025792,5405696,
69,2026-10-09T10:51:49.822836+00:00,69.00053639600014,1290,1791541891.29,descendente,1.0066162600001007,4.967136135869264,2.483568067934632,45412352,282877952,32026624,33389568,
69,2026-10-09T10:51:49.822836+00:00,69.00053639600014,1291,1791541891.29,descendente,1.0097717440000906,3.9612912757435566,1.9806456378717783,45453312,282869760,32010240,33374208,
70,2026-10-09T10:51:50.815094+00:00,70.00049808099993,1288,1791541891.2,principal,0.9922548489998917,0.0,0.0,24182784,32931840,14036992,14779392,
70,2026-10-09T10:51:50.815094+00:00,70.00049808099993,1289,1791541891.29,descendente,0.9922554620000028,0.0,0.0,11120640,19406848,5025792,5405696,
70,2026-10-09T10:51:50.815094+00:00,70.00049808099993,1290,1791541891.29,descendente,0.992210471999897,1.0078506811001535,0.5039253405500768,45412352,282877952,32026624,33389568,
70,2026-10-09T10:51:50.815094+00:00,70.00049808099993,1291,1791541891.29,descendente,0.989331256000014,8.086270348260093,4.043135174130047,45453312,282869760,32010240,33374208,
71,2026-10-09T10:51:51.853349+00:00,71.03833332499994,1288,1791541891.2,principal,1.0386528930000622,0.0,0.0,24182784,32931840,14036992,14779392,
71,2026-10-09T10:51:51.853349+00:00,71.03833332499994,1289,1791541891.29,descendente,1.0387476690000312,0.0,0.0,11120640,19406848,5025792,5405696,
71,2026-10-09T10:51:51.853349+00:00,71.03833332499994,1290,1791541891.29,descendente,1.038766750999912,1.9253600464924074,0.9626800232462037,45412352,282877952,32026624,33389568,
71,2026-10-09T10:51:51.853349+00:00,71.03833332499994,1291,1791541891.29,descendente,1.0387841629999457,5.7759833213789005,2.8879916606894502,45453312,282869760,32010240,33374208,
72,2026-10-09T10:51:52.816970+00:00,72.00254718399992,1288,1791541891.2,principal,0.9632218619999549,2.0763648323423283,1.0381824161711641,24182784,32931840,14036992,14779392,
72,2026-10-09T10:51:52.816970+00:00,72.00254718399992,1289,1791541891.29,descendente,0.9631225439998161,0.0,0.0,11120640,19406848,5025792,5405696,
72,2026-10-09T10:51:52.816970+00:00,72.00254718399992,1290,1791541891.29,descendente,0.9633924540000862,4.151994323176997,2.0759971615884987,45412352,282877952,32026624,33389568,
72,2026-10-09T10:51:52.816970+00:00,72.00254718399992,1291,1791541891.29,descendente,0.9631533199999467,0.0,0.0,45453312,282869760,32010240,33374208,
73,2026-10-09T10:51:53.816027+00:00,73.00151970000002,1288,1791541891.2,principal,0.9990580389999195,0.0,0.0,24182784,32931840,14036992,14779392,
73,2026-10-09T10:51:53.816027+00:00,73.00151970000002,1289,1791541891.29,descendente,0.9990591360001417,0.0,0.0,11120640,19406848,5025792,5405696,
73,2026-10-09T10:51:53.816027+00:00,73.00151970000002,1290,1791541891.29,descendente,0.9987682959999802,7.008632560759785,3.5043162803798924,45412352,282877952,32026624,33389568,
73,2026-10-09T10:51:53.816027+00:00,73.00151970000002,1291,1791541891.29,descendente,1.0000370410000414,4.999814801859433,2.4999074009297164,45453312,282869760,32010240,33374208,
74,2026-10-09T10:51:54.821402+00:00,74.00070650600014,1288,1791541891.2,principal,1.005378649000022,0.0,0.0,24182784,32931840,14036992,14779392,
74,2026-10-09T10:51:54.821402+00:00,74.00070650600014,1289,1791541891.29,descendente,1.0054810469998756,0.0,0.0,11120640,19406848,5025792,5405696,
74,2026-10-09T10:51:54.821402+00:00,74.00070650600014,1290,1791541891.29,descendente,1.0055261750001137,3.9780167831030977,1.9890083915515488,45412352,282877952,32026624,33389568,
74,2026-10-09T10:51:54.821402+00:00,74.00070650600014,1291,1791541891.29,descendente,1.0042434300000878,7.966196004886471,3.9830980024432354,45453312,282869760,32010240,33374208,
75,2026-10-09T10:51:55.841909+00:00,75.027396554,1288,1791541891.2,principal,1.0205030300001,0.0,0.0,24182784,32931840,14036992,14779392,
75,2026-10-09T10:51:55.841909+00:00,75.027396554,1289,1791541891.29,descendente,1.0204086450000887,0.0,0.0,11120640,19406848,5025792,5405696,
75,2026-10-09T10:51:55.841909+00:00,75.027396554,1290,1791541891.29,descendente,1.0203714079998463,5.880211806171201,2.9401059030856005,45412352,282877952,32026624,33389568,
75,2026-10-09T10:51:55.841909+00:00,75.027396554,1291,1791541891.29,descendente,1.0203277049999997,8.820695503901845,4.410347751950923,45453312,282869760,32014336,33378304,
76,2026-10-09T10:51:56.835451+00:00,76.02012197299996,1288,1791541891.2,principal,0.9935724609999852,0.0,0.0,24182784,32931840,14036992,14779392,
76,2026-10-09T10:51:56.835451+00:00,76.02012197299996,1289,1791541891.29,descendente,0.9936319319999711,0.0,0.0,11120640,19406848,5025792,5405696,
76,2026-10-09T10:51:56.835451+00:00,76.02012197299996,1290,1791541891.29,descendente,0.9936678690000917,4.025489929572782,2.012744964786391,45412352,282877952,32026624,33389568,
76,2026-10-09T10:51:56.835451+00:00,76.02012197299996,1291,1791541891.29,descendente,0.9940340939999714,6.036010269885572,3.018005134942786,45453312,282869760,32014336,33378304,
77,2026-10-09T10:51:57.818678+00:00,77.00379462900014,1288,1791541891.2,principal,0.983217685999989,0.0,0.0,24182784,32931840,14036992,14779392,
77,2026-10-09T10:51:57.818678+00:00,77.00379462900014,1289,1791541891.29,descendente,0.9832318010001018,0.0,0.0,11120640,19406848,5025792,5405696,
77,2026-10-09T10:51:57.818678+00:00,77.00379462900014,1290,1791541891.29,descendente,0.9832062269999824,7.119564347511149,3.5597821737555746,45412352,282877952,32026624,33389568,
77,2026-10-09T10:51:57.818678+00:00,77.00379462900014,1291,1791541891.29,descendente,0.9831206960000145,8.137352852553224,4.068676426276612,45453312,282869760,32018432,33382400,
78,2026-10-09T10:51:58.816377+00:00,78.00159355699998,1288,1791541891.2,principal,0.9976768579999771,0.0,0.0,24182784,32931840,14036992,14779392,
78,2026-10-09T10:51:58.816377+00:00,78.00159355699998,1289,1791541891.29,descendente,0.9976019009998254,0.0,0.0,11120640,19406848,5025792,5405696,
78,2026-10-09T10:51:58.816377+00:00,78.00159355699998,1290,1791541891.29,descendente,0.9975812610000503,15.036369052244513,7.518184526122257,45412352,282877952,32026624,33389568,
78,2026-10-09T10:51:58.816377+00:00,78.00159355699998,1291,1791541891.29,descendente,0.9973026499999378,1.0027046453750659,0.5013523226875329,45453312,282869760,32018432,33382400,
79,2026-10-09T10:51:59.820652+00:00,79.00557380100008,1288,1791541891.2,principal,1.004294555999877,0.0,0.0,24182784,32931840,14036992,14779392,
79,2026-10-09T10:51:59.820652+00:00,79.00557380100008,1289,1791541891.29,descendente,1.00431116499999,0.0,0.0,11120640,19406848,5025792,5405696,
79,2026-10-09T10:51:59.820652+00:00,79.00557380100008,1290,1791541891.29,descendente,1.0044546229999014,7.964521061296977,3.9822605306484884,45412352,282877952,32026624,33389568,
79,2026-10-09T10:51:59.820652+00:00,79.00557380100008,1291,1791541891.29,descendente,1.0044782850000047,6.968791764373479,3.4843958821867393,45453312,282869760,32022528,33386496,
80,2026-10-09T10:52:00.817210+00:00,80.00281461999998,1288,1791541891.2,principal,0.9965370800000528,0.0,0.0,24182784,32931840,14036992,14779392,
80,2026-10-09T10:52:00.817210+00:00,80.00281461999998,1289,1791541891.29,descendente,0.9965228370001569,0.0,0.0,11120640,19406848,5025792,5405696,
80,2026-10-09T10:52:00.817210+00:00,80.00281461999998,1290,1791541891.29,descendente,0.9963822260001507,0.0,0.0,45412352,282877952,32026624,33389568,
80,2026-10-09T10:52:00.817210+00:00,80.00281461999998,1291,1791541891.29,descendente,0.9963934259999405,10.0361962845796,5.0180981422898,45453312,282869760,32022528,33386496,
81,2026-10-09T10:52:01.815021+00:00,81.00056428900007,1288,1791541891.2,principal,0.9978115850001359,0.0,0.0,24182784,32931840,14036992,14779392,
81,2026-10-09T10:52:01.815021+00:00,81.00056428900007,1289,1791541891.29,descendente,0.9978091999998924,0.0,0.0,11120640,19406848,5025792,5405696,
81,2026-10-09T10:52:01.815021+00:00,81.00056428900007,1290,1791541891.29,descendente,0.9978172849998828,3.0065624689999897,1.5032812344999948,45412352,282877952,32026624,33389568,
81,2026-10-09T10:52:01.815021+00:00,81.00056428900007,1291,1791541891.29,descendente,0.9977809490001164,11.024463847523972,5.512231923761986,45453312,282869760,32026624,33390592,
82,2026-10-09T10:52:02.814901+00:00,82.00046312900008,1288,1791541891.2,principal,0.999881589999859,0.0,0.0,24182784,32931840,14036992,14779392,
82,2026-10-09T10:52:02.814901+00:00,82.00046312900008,1289,1791541891.29,descendente,0.9998794820000967,0.0,0.0,11120640,19406848,5025792,5405696,
82,2026-10-09T10:52:02.814901+00:00,82.00046312900008,1290,1791541891.29,descendente,0.9998734030000378,8.001012904230164,4.000506452115082,45412352,282877952,32026624,33389568,
82,2026-10-09T10:52:02.814901+00:00,82.00046312900008,1291,1791541891.29,descendente,1.0000934539998525,6.999345883130899,3.4996729415654495,45453312,282869760,32026624,33390592,
83,2026-10-09T10:52:03.815714+00:00,83.001167076,1288,1791541891.2,principal,1.000810189000049,0.0,0.0,24182784,32931840,14036992,14779392,
83,2026-10-09T10:52:03.815714+00:00,83.001167076,1289,1791541891.29,descendente,1.0008128829999805,0.0,0.0,11120640,19406848,5025792,5405696,
83,2026-10-09T10:52:03.815714+00:00,83.001167076,1290,1791541891.29,descendente,1.0008513190000485,11.989792861530077,5.9948964307650385,45412352,282877952,32026624,33389568,
83,2026-10-09T10:52:03.815714+00:00,83.001167076,1291,1791541891.29,descendente,1.0006330890000754,2.9981019346438305,1.4990509673219152,45453312,282869760,32026624,33390592,
84,2026-10-09T10:52:04.819255+00:00,84.00454269900001,1288,1791541891.2,principal,1.003546771999936,0.0,0.0,24182784,32931840,14036992,14779392,
84,2026-10-09T10:52:04.819255+00:00,84.00454269900001,1289,1791541891.29,descendente,1.003582409000046,0.0,0.0,11120640,19406848,5025792,5405696,
84,2026-10-09T10:52:04.819255+00:00,84.00454269900001,1290,1791541891.29,descendente,1.0040321919998405,5.9759040076686905,2.9879520038343452,45412352,282877952,32030720,33393664,
84,2026-10-09T10:52:04.819255+00:00,84.00454269900001,1291,1791541891.29,descendente,1.0040797639999255,6.97155768991367,3.485778844956835,45453312,282869760,32026624,33390592,
85,2026-10-09T10:52:05.815466+00:00,85.00103500399996,1288,1791541891.2,principal,0.9962061100000028,0.0,0.0,24182784,32931840,14036992,14779392,
85,2026-10-09T10:52:05.815466+00:00,85.00103500399996,1289,1791541891.29,descendente,0.9961644539998815,0.0,0.0,11120640,19406848,5025792,5405696,
85,2026-10-09T10:52:05.815466+00:00,85.00103500399996,1290,1791541891.29,descendente,0.9956701500000236,3.0130460373850143,1.5065230186925072,45412352,282877952,32034816,33397760,
85,2026-10-09T10:52:05.815466+00:00,85.00103500399996,1291,1791541891.29,descendente,0.9956161430000066,8.035225278583875,4.017612639291937,45453312,282869760,32030720,33394688,
86,2026-10-09T10:52:06.837233+00:00,86.02280532600003,1288,1791541891.2,principal,1.021772363000082,0.0,0.0,24182784,32931840,14036992,14779392,
86,2026-10-09T10:52:06.837233+00:00,86.02280532600003,1289,1791541891.29,descendente,1.0217873340000097,0.0,0.0,11120640,19406848,5025792,5405696,
86,2026-10-09T10:52:06.837233+00:00,86.02280532600003,1290,1791541891.29,descendente,1.0217987979999634,3.9146650082476,1.9573325041238,45412352,282877952,32034816,33397760,
86,2026-10-09T10:52:06.837233+00:00,86.02280532600003,1291,1791541891.29,descendente,1.0218057980000594,10.765255023537557,5.382627511768779,45453312,282869760,32030720,33394688,
87,2026-10-09T10:52:07.815458+00:00,87.00111754399995,1288,1791541891.2,principal,0.9782169590000649,0.0,0.0,24182784,32931840,14036992,14779392,
87,2026-10-09T10:52:07.815458+00:00,87.00111754399995,1289,1791541891.29,descendente,0.9782048189999841,0.0,0.0,11120640,19406848,5025792,5405696,
87,2026-10-09T10:52:07.815458+00:00,87.00111754399995,1290,1791541891.29,descendente,0.9781912920000195,7.156064521580191,3.5780322607900956,45412352,282877952,32034816,33397760,
87,2026-10-09T10:52:07.815458+00:00,87.00111754399995,1291,1791541891.29,descendente,0.9781892809999135,7.156079233299886,3.578039616649943,45453312,282869760,32030720,33394688,
88,2026-10-09T10:52:08.819818+00:00,88.00515108400009,1288,1791541891.2,principal,1.0043680699998276,0.0,0.0,24182784,32931840,14036992,14779392,
88,2026-10-09T10:52:08.819818+00:00,88.00515108400009,1289,1791541891.29,descendente,1.0043838430001415,0.0,0.0,11120640,19406848,5025792,5405696,
88,2026-10-09T10:52:08.819818+00:00,88.00515108400009,1290,1791541891.29,descendente,1.0049192620001577,10.946153005471858,5.473076502735929,45412352,282877952,32043008,33405952,
88,2026-10-09T10:52:08.819818+00:00,88.00515108400009,1291,1791541891.29,descendente,1.0050460300001305,6.964855132057106,3.482427566028553,45453312,282869760,32030720,33394688,
89,2026-10-09T10:52:09.816219+00:00,89.00186208500008,1288,1791541891.2,principal,0.996393449000152,1.0036196052909299,0.5018098026454649,24182784,32931840,14036992,14779392,
89,2026-10-09T10:52:09.816219+00:00,89.00186208500008,1289,1791541891.29,descendente,0.9963719449999644,0.0,0.0,11120640,19406848,5025792,5405696,
89,2026-10-09T10:52:09.816219+00:00,89.00186208500008,1290,1791541891.29,descendente,0.9958375329999853,9.037618789972313,4.518809394986157,45412352,282877952,32043008,33405952,
89,2026-10-09T10:52:09.816219+00:00,89.00186208500008,1291,1791541891.29,descendente,0.9957018989998687,6.025899926500656,3.012949963250328,45453312,282869760,32030720,33394688,
90,2026-10-09T10:52:10.848024+00:00,90.03223497800013,1288,1791541891.2,principal,1.0318122529999982,0.0,0.0,24182784,32931840,14036992,14779392,
90,2026-10-09T10:52:10.848024+00:00,90.03223497800013,1289,1791541891.29,descendente,1.031824216999894,0.0,0.0,11120640,19406848,5025792,5405696,
90,2026-10-09T10:52:10.848024+00:00,90.03223497800013,1290,1791541891.29,descendente,1.0318316919999688,12.598953977467378,6.299476988733689,45412352,282877952,32043008,33405952,
90,2026-10-09T10:52:10.848024+00:00,90.03223497800013,1291,1791541891.29,descendente,1.0318417500000123,2.907422577153985,1.4537112885769925,45453312,282869760,32030720,33394688,
91,2026-10-09T10:52:11.840861+00:00,91.02606178500014,1288,1791541891.2,principal,0.9928476999998566,0.0,0.0,24182784,32931840,14036992,14779392,
91,2026-10-09T10:52:11.840861+00:00,91.02606178500014,1289,1791541891.29,descendente,0.9929042900000695,0.0,0.0,11120640,19406848,5025792,5405696,
91,2026-10-09T10:52:11.840861+00:00,91.02606178500014,1290,1791541891.29,descendente,0.9929599469999175,11.077989634159142,5.538994817079571,45412352,282877952,32043008,33405952,
91,2026-10-09T10:52:11.840861+00:00,91.02606178500014,1291,1791541891.29,descendente,0.9930451650000123,1.007003543489529,0.5035017717447645,45453312,282869760,32030720,33394688,
92,2026-10-09T10:52:12.814946+00:00,92.00056079599995,1288,1791541891.2,principal,0.9740699210001367,0.0,0.0,24182784,32931840,14036992,14779392,
92,2026-10-09T10:52:12.814946+00:00,92.00056079599995,1289,1791541891.29,descendente,0.9740105850000873,0.0,0.0,11120640,19406848,5025792,5405696,
92,2026-10-09T10:52:12.814946+00:00,92.00056079599995,1290,1791541891.29,descendente,0.9739524200001597,12.320930420808212,6.160465210404106,45412352,282877952,32047104,33410048,
92,2026-10-09T10:52:12.814946+00:00,92.00056079599995,1291,1791541891.29,descendente,0.9738616480001383,2.05367980565518,1.02683990282759,45453312,282869760,32030720,33394688,
93,2026-10-09T10:52:13.816283+00:00,93.00177814800008,1288,1791541891.2,principal,1.0013372159999108,0.0,0.0,24182784,32931840,14036992,14779392,
93,2026-10-09T10:52:13.816283+00:00,93.00177814800008,1289,1791541891.29,descendente,1.0013697309998406,0.0,0.0,11120640,19406848,5025792,5405696,
93,2026-10-09T10:52:13.816283+00:00,93.00177814800008,1290,1791541891.29,descendente,1.0013759979999577,3.994503571075291,1.9972517855376455,45682688,282877952,32067584,33430528,
93,2026-10-09T10:52:13.816283+00:00,93.00177814800008,1291,1791541891.29,descendente,1.0014134369998828,9.985885579844993,4.9929427899224965,45453312,282869760,32030720,33394688,
94,2026-10-09T10:52:14.818025+00:00,94.0036214490001,1288,1791541891.2,principal,1.0017408690000593,0.0,0.0,24182784,32931840,14036992,14779392,
94,2026-10-09T10:52:14.818025+00:00,94.0036214490001,1289,1791541891.29,descendente,1.0018283530000645,0.0,0.0,11120640,19406848,5025792,5405696,
94,2026-10-09T10:52:14.818025+00:00,94.0036214490001,1290,1791541891.29,descendente,1.0018996919998244,4.990519549936445,2.4952597749682224,45682688,282877952,32079872,33442816,
94,2026-10-09T10:52:14.818025+00:00,94.0036214490001,1291,1791541891.29,descendente,1.0018678339999951,7.985085186395822,3.992542593197911,45453312,282869760,32038912,33402880,
95,2026-10-09T10:52:15.880549+00:00,95.06612261600003,1288,1791541891.2,principal,1.062524668999913,0.0,0.0,24182784,32931840,14036992,14779392,
95,2026-10-09T10:52:15.880549+00:00,95.06612261600003,1289,1791541891.29,descendente,1.0624067569999625,0.0,0.0,11120640,19406848,5025792,5405696,
95,2026-10-09T10:52:15.880549+00:00,95.06612261600003,1290,1791541891.29,descendente,1.062343655000177,0.0,0.0,45682688,282877952,32079872,33442816,
95,2026-10-09T10:52:15.880549+00:00,95.06612261600003,1291,1791541891.29,descendente,1.0623601570000574,9.413003616624946,4.706501808312473,45453312,282869760,32038912,33402880,
96,2026-10-09T10:52:16.828198+00:00,96.01384083500011,1288,1791541891.2,principal,0.9476492820001567,0.0,0.0,24182784,32931840,14036992,14779392,
96,2026-10-09T10:52:16.828198+00:00,96.01384083500011,1289,1791541891.29,descendente,0.9476398570000129,0.0,0.0,11120640,19406848,5025792,5405696,
96,2026-10-09T10:52:16.828198+00:00,96.01384083500011,1290,1791541891.29,descendente,0.9476218709999102,2.1105464755570122,1.0552732377785061,45682688,282877952,32083968,33446912,
96,2026-10-09T10:52:16.828198+00:00,96.01384083500011,1291,1791541891.29,descendente,0.9479424010000912,8.439331325996267,4.219665662998134,45453312,282869760,32038912,33402880,
97,2026-10-09T10:52:17.819592+00:00,97.0051763460001,1288,1791541891.2,principal,0.9913909179999791,0.0,0.0,24182784,32931840,14036992,14730240,
97,2026-10-09T10:52:17.819592+00:00,97.0051763460001,1289,1791541891.29,descendente,0.9913868890000685,0.0,0.0,11120640,19406848,5025792,5384192,
97,2026-10-09T10:52:17.819592+00:00,97.0051763460001,1290,1791541891.29,descendente,0.9913866819999839,2.0173763036288093,1.0086881518144046,45682688,282877952,32083968,33393664,
97,2026-10-09T10:52:17.819592+00:00,97.0051763460001,1291,1791541891.29,descendente,0.9910408139999163,0.0,0.0,45453312,282869760,32038912,33350656,
98,2026-10-09T10:52:18.852074+00:00,98.03759492600011,1288,1791541891.2,principal,1.0324856600000203,0.0,0.0,24182784,32931840,14036992,14779392,
98,2026-10-09T10:52:18.852074+00:00,98.03759492600011,1289,1791541891.29,descendente,1.0324989660000483,0.0,0.0,11120640,19406848,5025792,5405696,
98,2026-10-09T10:52:18.852074+00:00,98.03759492600011,1290,1791541891.29,descendente,1.0325114620000022,0.0,0.0,45682688,282877952,32083968,33446912,
98,2026-10-09T10:52:18.852074+00:00,98.03759492600011,1291,1791541891.29,descendente,1.0331160000000637,0.0,0.0,45453312,282869760,32038912,33402880,
99,2026-10-09T10:52:19.815556+00:00,99.00114651600006,1288,1791541891.2,principal,0.9634792229999221,0.0,0.0,24182784,32931840,14036992,14779392,
99,2026-10-09T10:52:19.815556+00:00,99.00114651600006,1289,1791541891.29,descendente,0.9634635039999466,0.0,0.0,11120640,19406848,5025792,5405696,
99,2026-10-09T10:52:19.815556+00:00,99.00114651600006,1290,1791541891.29,descendente,0.9634500540000772,0.0,0.0,45682688,282877952,32083968,33446912,
99,2026-10-09T10:52:19.815556+00:00,99.00114651600006,1291,1791541891.29,descendente,0.9628371419998984,0.0,0.0,45453312,282869760,32038912,33402880,
100,2026-10-09T10:52:20.815436+00:00,100.00086062700007,1288,1791541891.2,principal,0.9998811749999277,0.0,0.0,24182784,32931840,14036992,14779392,
100,2026-10-09T10:52:20.815436+00:00,100.00086062700007,1289,1791541891.29,descendente,0.9999247050000122,0.0,0.0,11120640,19406848,5025792,5405696,
100,2026-10-09T10:52:20.815436+00:00,100.00086062700007,1290,1791541891.29,descendente,0.9999331399999392,1.0000668644707758,0.5000334322353879,45682688,282877952,32083968,33446912,
100,2026-10-09T10:52:20.815436+00:00,100.00086062700007,1291,1791541891.29,descendente,0.9999847629999294,1.0000152372320412,0.5000076186160206,45453312,282869760,32038912,33402880,
101,2026-10-09T10:52:21.815082+00:00,101.00027434200001,1288,1791541891.2,principal,0.9996589610000228,0.0,0.0,24182784,32931840,14036992,14741504,
101,2026-10-09T10:52:21.815082+00:00,101.00027434200001,1289,1791541891.29,descendente,0.9997135549999712,0.0,0.0,11120640,19406848,5025792,5400576,
101,2026-10-09T10:52:21.815082+00:00,101.00027434200001,1290,1791541891.29,descendente,1.000013115999991,0.0,0.0,45682688,282877952,32083968,33408000,
101,2026-10-09T10:52:21.815082+00:00,101.00027434200001,1291,1791541891.29,descendente,1.000003371000048,0.0,0.0,45453312,282869760,32038912,33369088,
102,2026-10-09T10:52:22.816171+00:00,102.00173862600013,1288,1791541891.2,principal,1.001079552999954,0.0,0.0,24182784,32931840,14036992,14779392,
102,2026-10-09T10:52:22.816171+00:00,102.00173862600013,1289,1791541891.29,descendente,1.000993937999965,0.0,0.0,11120640,19406848,5025792,5405696,
102,2026-10-09T10:52:22.816171+00:00,102.00173862600013,1290,1791541891.29,descendente,1.0007068150000578,0.0,0.0,45682688,282877952,32083968,33446912,
102,2026-10-09T10:52:22.816171+00:00,102.00173862600013,1291,1791541891.29,descendente,1.000794593000137,0.0,0.0,45453312,282869760,32038912,33402880,
103,2026-10-09T10:52:23.822874+00:00,103.00737989200002,1288,1791541891.2,principal,1.0067063960000269,0.0,0.0,24182784,32931840,14036992,14779392,
103,2026-10-09T10:52:23.822874+00:00,103.00737989200002,1289,1791541891.29,descendente,1.0067089649999161,0.0,0.0,11120640,19406848,5025792,5405696,
103,2026-10-09T10:52:23.822874+00:00,103.00737989200002,1290,1791541891.29,descendente,1.0066930230000253,0.0,0.0,45682688,282877952,32083968,33446912,
103,2026-10-09T10:52:23.822874+00:00,103.00737989200002,1291,1791541891.29,descendente,1.006580091999922,0.0,0.0,45453312,282869760,32038912,33402880,
104,2026-10-09T10:52:24.816642+00:00,104.00190486700012,1288,1791541891.2,principal,0.993786880000016,0.0,0.0,24182784,32931840,14036992,14779392,
104,2026-10-09T10:52:24.816642+00:00,104.00190486700012,1289,1791541891.29,descendente,0.9938899800001764,0.0,0.0,11120640,19406848,5025792,5405696,
104,2026-10-09T10:52:24.816642+00:00,104.00190486700012,1290,1791541891.29,descendente,0.9943199320000531,0.0,0.0,45682688,282877952,32083968,33446912,
104,2026-10-09T10:52:24.816642+00:00,104.00190486700012,1291,1791541891.29,descendente,0.9944510329999048,1.0055799298468344,0.5027899649234172,45453312,282869760,32038912,33402880,
105,2026-10-09T10:52:25.815698+00:00,105.00029087300004,1288,1791541891.2,principal,0.9990444879999814,0.0,0.0,24182784,32931840,14036992,14757888,
105,2026-10-09T10:52:25.815698+00:00,105.00029087300004,1289,1791541891.29,descendente,0.9992419229999996,0.0,0.0,11120640,19406848,5025792,5399552,
105,2026-10-09T10:52:25.815698+00:00,105.00029087300004,1290,1791541891.29,descendente,0.9988416179999149,1.0011597254049203,0.5005798627024601,45682688,282877952,32083968,33420288,
105,2026-10-09T10:52:25.815698+00:00,105.00029087300004,1291,1791541891.29,descendente,0.998781882000003,0.0,0.0,45453312,282869760,32038912,33379328,
106,2026-10-09T10:52:26.824698+00:00,106.01005943199993,1288,1791541891.2,principal,1.008994593000125,0.0,0.0,24182784,32931840,14036992,14779392,
106,2026-10-09T10:52:26.824698+00:00,106.01005943199993,1289,1791541891.29,descendente,1.0087180470000021,0.0,0.0,11120640,19406848,5025792,5405696,
106,2026-10-09T10:52:26.824698+00:00,106.01005943199993,1290,1791541891.29,descendente,1.0087011240000265,0.0,0.0,45682688,282877952,32083968,33446912,
106,2026-10-09T10:52:26.824698+00:00,106.01005943199993,1291,1791541891.29,descendente,1.0092267640000046,0.0,0.0,45453312,282869760,32038912,33402880,
107,2026-10-09T10:52:27.818670+00:00,107.00405205600009,1288,1791541891.2,principal,0.9939792539998962,0.0,0.0,24182784,32931840,14036992,14779392,
107,2026-10-09T10:52:27.818670+00:00,107.00405205600009,1289,1791541891.29,descendente,0.9941668719998233,0.0,0.0,11120640,19406848,5025792,5405696,
107,2026-10-09T10:52:27.818670+00:00,107.00405205600009,1290,1791541891.29,descendente,0.9942433589999382,0.0,0.0,45682688,282877952,32083968,33446912,
107,2026-10-09T10:52:27.818670+00:00,107.00405205600009,1291,1791541891.29,descendente,0.9940301159999763,0.0,0.0,45453312,282869760,32038912,33402880,
108,2026-10-09T10:52:28.815367+00:00,108.00048242899993,1288,1791541891.2,principal,0.9966894850001609,0.0,0.0,24182784,32931840,14036992,14779392,
108,2026-10-09T10:52:28.815367+00:00,108.00048242899993,1289,1791541891.29,descendente,0.9968344210001305,0.0,0.0,11120640,19406848,5025792,5405696,
108,2026-10-09T10:52:28.815367+00:00,108.00048242899993,1290,1791541891.29,descendente,0.9968016370000896,0.0,0.0,45682688,282877952,32083968,33446912,
108,2026-10-09T10:52:28.815367+00:00,108.00048242899993,1291,1791541891.29,descendente,0.9965013680000538,0.0,0.0,45453312,282869760,32038912,33402880,
109,2026-10-09T10:52:29.816200+00:00,109.00116387000003,1288,1791541891.2,principal,1.0008282289998078,0.0,0.0,24182784,32931840,14036992,14751744,
109,2026-10-09T10:52:29.816200+00:00,109.00116387000003,1289,1791541891.29,descendente,1.000474590000067,0.0,0.0,11120640,19406848,5025792,5403648,
109,2026-10-09T10:52:29.816200+00:00,109.00116387000003,1290,1791541891.29,descendente,1.0004248719999396,0.9995753084397694,0.4997876542198847,45682688,282877952,32083968,33410048,
109,2026-10-09T10:52:29.816200+00:00,109.00116387000003,1291,1791541891.29,descendente,1.0003733099999863,0.0,0.0,45453312,282869760,32038912,33367040,
110,2026-10-09T10:52:30.822359+00:00,110.0070866420001,1288,1791541891.2,principal,1.0061630370000785,0.0,0.0,24182784,32931840,14036992,14779392,
110,2026-10-09T10:52:30.822359+00:00,110.0070866420001,1289,1791541891.29,descendente,1.0061642889997984,0.0,0.0,11120640,19406848,5025792,5405696,
110,2026-10-09T10:52:30.822359+00:00,110.0070866420001,1290,1791541891.29,descendente,1.006162631000052,0.0,0.0,45682688,282877952,32083968,33446912,
110,2026-10-09T10:52:30.822359+00:00,110.0070866420001,1291,1791541891.29,descendente,1.0061418820000654,0.0,0.0,45453312,282869760,32038912,33402880,
111,2026-10-09T10:52:31.817073+00:00,111.00228270899993,1288,1791541891.2,principal,0.994709782999962,0.0,0.0,24182784,32931840,14036992,14779392,
111,2026-10-09T10:52:31.817073+00:00,111.00228270899993,1289,1791541891.29,descendente,0.9947334140001658,0.0,0.0,11120640,19406848,5025792,5405696,
111,2026-10-09T10:52:31.817073+00:00,111.00228270899993,1290,1791541891.29,descendente,0.9947280629999113,0.0,0.0,45682688,282877952,32083968,33446912,
111,2026-10-09T10:52:31.817073+00:00,111.00228270899993,1291,1791541891.29,descendente,0.9947084890000042,0.0,0.0,45453312,282869760,32038912,33402880,
112,2026-10-09T10:52:32.817221+00:00,112.00238343900014,1288,1791541891.2,principal,1.000146814000118,0.9998532075510695,0.4999266037755348,24182784,32931840,14036992,14779392,
112,2026-10-09T10:52:32.817221+00:00,112.00238343900014,1289,1791541891.29,descendente,1.0001451079999697,0.0,0.0,11120640,19406848,5025792,5405696,
112,2026-10-09T10:52:32.817221+00:00,112.00238343900014,1290,1791541891.29,descendente,1.000144649000049,0.0,0.0,45682688,282877952,32083968,33446912,
112,2026-10-09T10:52:32.817221+00:00,112.00238343900014,1291,1791541891.29,descendente,1.0001415369999904,0.999858483029698,0.499929241514849,45453312,282869760,32038912,33402880,
113,2026-10-09T10:52:33.815530+00:00,113.00065765499994,1288,1791541891.2,principal,0.9983105809999415,0.0,0.0,24182784,32931840,14036992,14778368,
113,2026-10-09T10:52:33.815530+00:00,113.00065765499994,1289,1791541891.29,descendente,0.9983146669999314,0.0,0.0,11120640,19406848,5025792,5405696,
113,2026-10-09T10:52:33.815530+00:00,113.00065765499994,1290,1791541891.29,descendente,0.9983794839999973,0.0,0.0,45682688,282877952,32083968,33444864,
113,2026-10-09T10:52:33.815530+00:00,113.00065765499994,1291,1791541891.29,descendente,0.9983928500000729,0.0,0.0,45453312,282869760,32038912,33398784,
114,2026-10-09T10:52:34.822737+00:00,114.00822712600007,1288,1791541891.2,principal,1.0072078579999015,0.0,0.0,24182784,32931840,14036992,14779392,
114,2026-10-09T10:52:34.822737+00:00,114.00822712600007,1289,1791541891.29,descendente,1.0072165890001088,0.0,0.0,11120640,19406848,5025792,5405696,
114,2026-10-09T10:52:34.822737+00:00,114.00822712600007,1290,1791541891.29,descendente,1.0071537369999533,0.0,0.0,45682688,282877952,32083968,33446912,
114,2026-10-09T10:52:34.822737+00:00,114.00822712600007,1291,1791541891.29,descendente,1.0072211409999454,0.9928306300316332,0.4964153150158166,45453312,282869760,32038912,33402880,
115,2026-10-09T10:52:35.815188+00:00,115.000165423,1288,1791541891.2,principal,0.9924568600001749,0.0,0.0,24182784,32931840,14036992,14756864,
115,2026-10-09T10:52:35.815188+00:00,115.000165423,1289,1791541891.29,descendente,0.9924576399998841,0.0,0.0,11120640,19406848,5025792,5399552,
115,2026-10-09T10:52:35.815188+00:00,115.000165423,1290,1791541891.29,descendente,0.9925481990001117,0.0,0.0,45682688,282877952,32083968,33421312,
115,2026-10-09T10:52:35.815188+00:00,115.000165423,1291,1791541891.29,descendente,0.9924979140000687,0.0,0.0,45453312,282869760,32038912,33377280,
116,2026-10-09T10:52:36.831503+00:00,116.01714611600005,1288,1791541891.2,principal,1.016303506999975,0.0,0.0,24182784,32931840,14036992,14779392,
116,2026-10-09T10:52:36.831503+00:00,116.01714611600005,1289,1791541891.29,descendente,1.016289044000132,0.0,0.0,11120640,19406848,5025792,5405696,
116,2026-10-09T10:52:36.831503+00:00,116.01714611600005,1290,1791541891.29,descendente,1.0161955599999146,0.0,0.0,45682688,282877952,32083968,33446912,
116,2026-10-09T10:52:36.831503+00:00,116.01714611600005,1291,1791541891.29,descendente,1.016551746999994,0.0,0.0,45453312,282869760,32038912,33402880,
117,2026-10-09T10:52:37.832975+00:00,117.01845409900011,1288,1791541891.2,principal,1.0014804499999173,0.0,0.0,24182784,32931840,14036992,14779392,
117,2026-10-09T10:52:37.832975+00:00,117.01845409900011,1289,1791541891.29,descendente,1.001508604999799,0.0,0.0,11120640,19406848,5025792,5405696,
117,2026-10-09T10:52:37.832975+00:00,117.01845409900011,1290,1791541891.29,descendente,1.0015230930000598,0.0,0.0,45682688,282877952,32083968,33446912,
117,2026-10-09T10:52:37.832975+00:00,117.01845409900011,1291,1791541891.29,descendente,1.0011445339998772,0.0,0.0,45453312,282869760,32038912,33402880,
118,2026-10-09T10:52:38.815946+00:00,118.00156746200014,1288,1791541891.2,principal,0.9829632119999587,0.0,0.0,24182784,32931840,14036992,14779392,
118,2026-10-09T10:52:38.815946+00:00,118.00156746200014,1289,1791541891.29,descendente,0.9829368820001037,0.0,0.0,11120640,19406848,5025792,5405696,
118,2026-10-09T10:52:38.815946+00:00,118.00156746200014,1290,1791541891.29,descendente,0.9829236289999699,0.0,0.0,45682688,282877952,32083968,33446912,
118,2026-10-09T10:52:38.815946+00:00,118.00156746200014,1291,1791541891.29,descendente,0.9832424420001189,0.0,0.0,45453312,282869760,32038912,33402880,
119,2026-10-09T10:52:39.814990+00:00,119.00040997500014,1288,1791541891.2,principal,0.9990472060001139,0.0,0.0,24182784,32931840,14036992,14734336,
119,2026-10-09T10:52:39.814990+00:00,119.00040997500014,1289,1791541891.29,descendente,0.9990663539999787,0.0,0.0,11120640,19406848,5025792,5386240,
119,2026-10-09T10:52:39.814990+00:00,119.00040997500014,1290,1791541891.29,descendente,0.999082185999896,1.0009186571566602,0.5004593285783301,45682688,282877952,32083968,33393664,
119,2026-10-09T10:52:39.814990+00:00,119.00040997500014,1291,1791541891.29,descendente,0.9987898439999299,0.0,0.0,45453312,282869760,32038912,33349632,
120,2026-10-09T10:52:40.815999+00:00,120.0015637250001,1288,1791541891.2,principal,1.001006051999866,0.0,0.0,24182784,32931840,14036992,14779392,
120,2026-10-09T10:52:40.815999+00:00,120.0015637250001,1289,1791541891.29,descendente,1.0009871510001176,0.0,0.0,11120640,19406848,5025792,5405696,
120,2026-10-09T10:52:40.815999+00:00,120.0015637250001,1290,1791541891.29,descendente,1.0009734800000842,0.0,0.0,45682688,282877952,32083968,33446912,
120,2026-10-09T10:52:40.815999+00:00,120.0015637250001,1291,1791541891.29,descendente,1.0009486639999068,0.0,0.0,45453312,282869760,32038912,33402880,
121,2026-10-09T10:52:41.817172+00:00,121.00250638000011,1288,1791541891.2,principal,1.0011704969999755,0.0,0.0,24182784,32931840,14036992,14779392,
121,2026-10-09T10:52:41.817172+00:00,121.00250638000011,1289,1791541891.29,descendente,1.0011657479999485,0.0,0.0,11120640,19406848,5025792,5405696,
121,2026-10-09T10:52:41.817172+00:00,121.00250638000011,1290,1791541891.29,descendente,1.0011595149999266,0.0,0.0,45682688,282877952,32083968,33446912,
121,2026-10-09T10:52:41.817172+00:00,121.00250638000011,1291,1791541891.29,descendente,1.0011501950000365,0.0,0.0,45453312,282869760,32038912,33402880,
122,2026-10-09T10:52:42.830624+00:00,122.01622439500011,1288,1791541891.2,principal,1.0134554490000482,0.0,0.0,24182784,32931840,14036992,14779392,
122,2026-10-09T10:52:42.830624+00:00,122.01622439500011,1289,1791541891.29,descendente,1.0134659589998591,0.0,0.0,11120640,19406848,5025792,5405696,
122,2026-10-09T10:52:42.830624+00:00,122.01622439500011,1290,1791541891.29,descendente,1.0134700230000817,0.0,0.0,45682688,282877952,32083968,33446912,
122,2026-10-09T10:52:42.830624+00:00,122.01622439500011,1291,1791541891.29,descendente,1.013474639000151,0.0,0.0,45453312,282869760,32038912,33402880,
123,2026-10-09T10:52:43.814652+00:00,123.00029917000006,1288,1791541891.2,principal,0.9840266109999902,0.0,0.0,24182784,32931840,14036992,14779392,
123,2026-10-09T10:52:43.814652+00:00,123.00029917000006,1289,1791541891.29,descendente,0.9840302990000964,0.0,0.0,11120640,19406848,5025792,5405696,
123,2026-10-09T10:52:43.814652+00:00,123.00029917000006,1290,1791541891.29,descendente,0.9840343109999594,0.0,0.0,45682688,282877952,32083968,33446912,
123,2026-10-09T10:52:43.814652+00:00,123.00029917000006,1291,1791541891.29,descendente,0.9840376089998699,0.0,0.0,45453312,282869760,32038912,33402880,
124,2026-10-09T10:52:44.815421+00:00,124.00088772200002,1288,1791541891.2,principal,1.0007710070001394,0.0,0.0,24182784,32931840,14036992,14754816,
124,2026-10-09T10:52:44.815421+00:00,124.00088772200002,1289,1791541891.29,descendente,1.0009514369999124,0.0,0.0,11120640,19406848,5025792,5402624,
124,2026-10-09T10:52:44.815421+00:00,124.00088772200002,1290,1791541891.29,descendente,1.0009655379999458,0.0,0.0,45682688,282877952,32083968,33411072,
124,2026-10-09T10:52:44.815421+00:00,124.00088772200002,1291,1791541891.29,descendente,1.0009763590001057,0.0,0.0,45453312,282869760,32038912,33367040,
125,2026-10-09T10:52:45.814549+00:00,125.00010637700007,1288,1791541891.2,principal,0.9991311639998912,0.0,0.0,24182784,32931840,14036992,14779392,
125,2026-10-09T10:52:45.814549+00:00,125.00010637700007,1289,1791541891.29,descendente,0.998961331000146,0.0,0.0,11120640,19406848,5025792,5405696,
125,2026-10-09T10:52:45.814549+00:00,125.00010637700007,1290,1791541891.29,descendente,0.9989562460000343,0.0,0.0,45682688,282877952,32083968,33446912,
125,2026-10-09T10:52:45.814549+00:00,125.00010637700007,1291,1791541891.29,descendente,0.9992818179998721,1.0007186981563636,0.5003593490781818,45453312,282869760,32038912,33402880,
126,2026-10-09T10:52:46.814793+00:00,126.00033875400004,1288,1791541891.2,principal,1.000238266999986,0.0,0.0,24182784,32931840,14036992,14779392,
126,2026-10-09T10:52:46.814793+00:00,126.00033875400004,1289,1791541891.29,descendente,1.0002619869999307,0.0,0.0,11120640,19406848,5025792,5405696,
126,2026-10-09T10:52:46.814793+00:00,126.00033875400004,1290,1791541891.29,descendente,1.0002554909999617,0.0,0.0,45682688,282877952,32083968,33446912,
126,2026-10-09T10:52:46.814793+00:00,126.00033875400004,1291,1791541891.29,descendente,1.0001969600000393,0.0,0.0,45453312,282869760,32038912,33402880,
127,2026-10-09T10:52:47.814803+00:00,127.00031002600008,1288,1791541891.2,principal,1.0000109929999326,0.0,0.0,24182784,32931840,14036992,14779392,
127,2026-10-09T10:52:47.814803+00:00,127.00031002600008,1289,1791541891.29,descendente,1.0000527689999217,0.0,0.0,11120640,19406848,5025792,5405696,
127,2026-10-09T10:52:47.814803+00:00,127.00031002600008,1290,1791541891.29,descendente,1.0000530940001227,0.0,0.0,45682688,282877952,32083968,33446912,
127,2026-10-09T10:52:47.814803+00:00,127.00031002600008,1291,1791541891.29,descendente,1.0000268960000085,0.0,0.0,45453312,282869760,32038912,33402880,
128,2026-10-09T10:52:48.815995+00:00,128.0012260430001,1288,1791541891.2,principal,1.0014610050000101,0.0,0.0,24182784,32931840,14032896,14750720,
128,2026-10-09T10:52:48.815995+00:00,128.0012260430001,1289,1791541891.29,descendente,1.0013900450001074,0.0,0.0,11120640,19406848,5025792,5401600,
128,2026-10-09T10:52:48.815995+00:00,128.0012260430001,1290,1791541891.29,descendente,1.0013885890000438,0.9986133365057874,0.4993066682528937,45682688,282877952,32083968,33421312,
128,2026-10-09T10:52:48.815995+00:00,128.0012260430001,1291,1791541891.29,descendente,1.001138093999998,0.0,0.0,45453312,282869760,32038912,33377280,
129,2026-10-09T10:52:49.814851+00:00,129.0005004510001,1288,1791541891.2,principal,0.9985872629999903,0.0,0.0,24182784,32931840,14036992,14779392,
129,2026-10-09T10:52:49.814851+00:00,129.0005004510001,1289,1791541891.29,descendente,0.9985784059999787,0.0,0.0,11120640,19406848,5025792,5405696,
129,2026-10-09T10:52:49.814851+00:00,129.0005004510001,1290,1791541891.29,descendente,0.998576003999915,0.0,0.0,45682688,282877952,32083968,33446912,
129,2026-10-09T10:52:49.814851+00:00,129.0005004510001,1291,1791541891.29,descendente,0.9985753169999043,0.0,0.0,45453312,282869760,32038912,33402880,
130,2026-10-09T10:52:50.818152+00:00,130.00350909000008,1288,1791541891.2,principal,1.0033021010001448,0.0,0.0,24182784,32931840,14036992,14779392,
130,2026-10-09T10:52:50.818152+00:00,130.00350909000008,1289,1791541891.29,descendente,1.0033027590000074,0.0,0.0,11120640,19406848,5025792,5405696,
130,2026-10-09T10:52:50.818152+00:00,130.00350909000008,1290,1791541891.29,descendente,1.0033238799999253,0.0,0.0,45682688,282877952,32083968,33446912,
130,2026-10-09T10:52:50.818152+00:00,130.00350909000008,1291,1791541891.29,descendente,1.0038570050001,0.0,0.0,45453312,282869760,32038912,33402880,
131,2026-10-09T10:52:51.817339+00:00,131.00266529600003,1288,1791541891.2,principal,0.9991858329999559,0.0,0.0,24182784,32931840,14036992,14779392,
131,2026-10-09T10:52:51.817339+00:00,131.00266529600003,1289,1791541891.29,descendente,0.999184004999961,0.0,0.0,11120640,19406848,5025792,5405696,
131,2026-10-09T10:52:51.817339+00:00,131.00266529600003,1290,1791541891.29,descendente,0.9991633290001118,0.0,0.0,45682688,282877952,32083968,33446912,
131,2026-10-09T10:52:51.817339+00:00,131.00266529600003,1291,1791541891.29,descendente,0.998684232999949,0.0,0.0,45453312,282869760,32038912,33402880,
132,2026-10-09T10:52:52.815014+00:00,132.00064794600007,1288,1791541891.2,principal,0.9976708040001085,0.0,0.0,24182784,32931840,14036992,14730240,
132,2026-10-09T10:52:52.815014+00:00,132.00064794600007,1289,1791541891.29,descendente,0.9976676500000394,0.0,0.0,11120640,19406848,5025792,5385216,
132,2026-10-09T10:52:52.815014+00:00,132.00064794600007,1290,1791541891.29,descendente,0.9976721059999818,0.0,0.0,45682688,282877952,32083968,33392640,
132,2026-10-09T10:52:52.815014+00:00,132.00064794600007,1291,1791541891.29,descendente,0.9976204740000867,0.0,0.0,45453312,282869760,32038912,33349632,
133,2026-10-09T10:52:53.879327+00:00,133.06497748700008,1288,1791541891.2,principal,1.0643146999998407,0.0,0.0,24182784,32931840,14036992,14778368,
133,2026-10-09T10:52:53.879327+00:00,133.06497748700008,1289,1791541891.29,descendente,1.0643060289999084,0.0,0.0,11120640,19406848,5025792,5404672,
133,2026-10-09T10:52:53.879327+00:00,133.06497748700008,1290,1791541891.29,descendente,1.0642993139999817,0.0,0.0,45682688,282877952,32083968,33444864,
133,2026-10-09T10:52:53.879327+00:00,133.06497748700008,1291,1791541891.29,descendente,1.064299095000024,0.0,0.0,45453312,282869760,32038912,33393664,
134,2026-10-09T10:52:54.830187+00:00,134.01553723799998,1288,1791541891.2,principal,0.9508595209999839,0.0,0.0,24182784,32931840,14036992,14779392,
134,2026-10-09T10:52:54.830187+00:00,134.01553723799998,1289,1791541891.29,descendente,0.9508589230001689,0.0,0.0,11120640,19406848,5025792,5405696,
134,2026-10-09T10:52:54.830187+00:00,134.01553723799998,1290,1791541891.29,descendente,0.9508553929999835,0.0,0.0,45682688,282877952,32083968,33446912,
134,2026-10-09T10:52:54.830187+00:00,134.01553723799998,1291,1791541891.29,descendente,0.9508453079999981,1.0516957822542077,0.5258478911271038,45453312,282869760,32038912,33402880,
135,2026-10-09T10:52:55.821036+00:00,135.00632935599992,1288,1791541891.2,principal,0.9908540440001161,0.0,0.0,24182784,32931840,14036992,14779392,
135,2026-10-09T10:52:55.821036+00:00,135.00632935599992,1289,1791541891.29,descendente,0.990867913999864,0.0,0.0,11120640,19406848,5025792,5405696,
135,2026-10-09T10:52:55.821036+00:00,135.00632935599992,1290,1791541891.29,descendente,0.9908674180001071,1.0092167547683892,0.5046083773841946,45682688,282877952,32083968,33446912,
135,2026-10-09T10:52:55.821036+00:00,135.00632935599992,1291,1791541891.29,descendente,0.9908658239999113,0.0,0.0,45453312,282869760,32038912,33402880,
136,2026-10-09T10:52:56.814655+00:00,136.0001458910001,1288,1791541891.2,principal,0.9936213849998694,0.0,0.0,24182784,32931840,14036992,14779392,
136,2026-10-09T10:52:56.814655+00:00,136.0001458910001,1289,1791541891.29,descendente,0.9936187920000066,0.0,0.0,11120640,19406848,5025792,5405696,
136,2026-10-09T10:52:56.814655+00:00,136.0001458910001,1290,1791541891.29,descendente,0.9936179609999272,0.0,0.0,45682688,282877952,32083968,33446912,
136,2026-10-09T10:52:56.814655+00:00,136.0001458910001,1291,1791541891.29,descendente,0.9936242210001183,0.0,0.0,45453312,282869760,32038912,33402880,
137,2026-10-09T10:52:57.837931+00:00,137.02319019900006,1288,1791541891.2,principal,1.0232712430001811,0.0,0.0,24182784,32931840,14036992,14746624,
137,2026-10-09T10:52:57.837931+00:00,137.02319019900006,1289,1791541891.29,descendente,1.0232693289999588,0.0,0.0,11120640,19406848,5025792,5402624,
137,2026-10-09T10:52:57.837931+00:00,137.02319019900006,1290,1791541891.29,descendente,1.023286773999871,0.9772431594038438,0.4886215797019219,45682688,282877952,32083968,33413120,
137,2026-10-09T10:52:57.837931+00:00,137.02319019900006,1291,1791541891.29,descendente,1.0233193099998061,0.0,0.0,45453312,282869760,32038912,33369088,
138,2026-10-09T10:52:58.814945+00:00,138.00057684900003,1288,1791541891.2,principal,0.9770146439998371,0.0,0.0,24182784,32931840,14036992,14779392,
138,2026-10-09T10:52:58.814945+00:00,138.00057684900003,1289,1791541891.29,descendente,0.9770179740000913,0.0,0.0,11120640,19406848,5025792,5405696,
138,2026-10-09T10:52:58.814945+00:00,138.00057684900003,1290,1791541891.29,descendente,0.9774496649999946,0.0,0.0,45682688,282877952,32083968,33446912,
138,2026-10-09T10:52:58.814945+00:00,138.00057684900003,1291,1791541891.29,descendente,0.9774511150001217,0.0,0.0,45453312,282869760,32038912,33402880,
139,2026-10-09T10:52:59.815096+00:00,139.00058131700007,1288,1791541891.2,principal,1.0001552630001243,0.0,0.0,24182784,32931840,14036992,14779392,
139,2026-10-09T10:52:59.815096+00:00,139.00058131700007,1289,1791541891.29,descendente,1.0005293970000366,0.0,0.0,11120640,19406848,5025792,5405696,
139,2026-10-09T10:52:59.815096+00:00,139.00058131700007,1290,1791541891.29,descendente,1.0001023240001814,0.0,0.0,45682688,282877952,32083968,33446912,
139,2026-10-09T10:52:59.815096+00:00,139.00058131700007,1291,1791541891.29,descendente,1.0000738880000881,0.0,0.0,45453312,282869760,32038912,33402880,
140,2026-10-09T10:53:00.815000+00:00,140.00061663099996,1288,1791541891.2,principal,0.9999004510000304,0.0,0.0,24182784,32931840,14036992,14779392,
140,2026-10-09T10:53:00.815000+00:00,140.00061663099996,1289,1791541891.29,descendente,0.9995260199998484,0.0,0.0,11120640,19406848,5025792,5405696,
140,2026-10-09T10:53:00.815000+00:00,140.00061663099996,1290,1791541891.29,descendente,0.9995093400000314,0.0,0.0,45682688,282877952,32083968,33446912,
140,2026-10-09T10:53:00.815000+00:00,140.00061663099996,1291,1791541891.29,descendente,0.9995052279998617,0.0,0.0,45453312,282869760,32038912,33402880,
141,2026-10-09T10:53:01.815501+00:00,141.001038547,1288,1791541891.2,principal,1.0005010549998588,0.0,0.0,24182784,32931840,14036992,14754816,
141,2026-10-09T10:53:01.815501+00:00,141.001038547,1289,1791541891.29,descendente,1.0007222240001283,0.0,0.0,11120640,19406848,5025792,5402624,
141,2026-10-09T10:53:01.815501+00:00,141.001038547,1290,1791541891.29,descendente,1.0007383449999452,0.0,0.0,45682688,282877952,32083968,33413120,
141,2026-10-09T10:53:01.815501+00:00,141.001038547,1291,1791541891.29,descendente,1.000746528000036,0.0,0.0,45453312,282869760,32038912,33370112,
142,2026-10-09T10:53:02.815599+00:00,142.00119423900014,1288,1791541891.2,principal,1.0000956500000484,0.0,0.0,24182784,32931840,14036992,14779392,
142,2026-10-09T10:53:02.815599+00:00,142.00119423900014,1289,1791541891.29,descendente,0.9998709510000481,0.0,0.0,11120640,19406848,5025792,5405696,
142,2026-10-09T10:53:02.815599+00:00,142.00119423900014,1290,1791541891.29,descendente,0.9998535469999297,0.0,0.0,45682688,282877952,32083968,33446912,
142,2026-10-09T10:53:02.815599+00:00,142.00119423900014,1291,1791541891.29,descendente,0.999839239000039,0.0,0.0,45453312,282869760,32038912,33402880,
143,2026-10-09T10:53:03.815485+00:00,143.00110879299996,1288,1791541891.2,principal,0.9998882610000237,0.0,0.0,24182784,32931840,14036992,14779392,
143,2026-10-09T10:53:03.815485+00:00,143.00110879299996,1289,1791541891.29,descendente,1.0001011009999274,0.0,0.0,11120640,19406848,5025792,5405696,
143,2026-10-09T10:53:03.815485+00:00,143.00110879299996,1290,1791541891.29,descendente,1.000114731999929,0.0,0.0,45682688,282877952,32083968,33446912,
143,2026-10-09T10:53:03.815485+00:00,143.00110879299996,1291,1791541891.29,descendente,1.0001336539999102,0.9998663638608953,0.49993318193044767,45453312,282869760,32038912,33402880,
144,2026-10-09T10:53:04.814628+00:00,144.00012345200003,1288,1791541891.2,principal,0.9991399799998817,2.001721520542324,1.000860760271162,24182784,32931840,14036992,14779392,
144,2026-10-09T10:53:04.814628+00:00,144.00012345200003,1289,1791541891.29,descendente,0.998920988000009,0.0,0.0,11120640,19406848,5025792,5405696,
144,2026-10-09T10:53:04.814628+00:00,144.00012345200003,1290,1791541891.29,descendente,0.9989005790000647,0.0,0.0,45682688,282877952,32083968,33446912,
144,2026-10-09T10:53:04.814628+00:00,144.00012345200003,1291,1791541891.29,descendente,0.9988850590000311,0.0,0.0,45453312,282869760,32038912,33402880,
145,2026-10-09T10:53:05.815310+00:00,145.00076576200013,1288,1791541891.2,principal,1.0006825410000602,0.0,0.0,24182784,32931840,14032896,14753792,
145,2026-10-09T10:53:05.815310+00:00,145.00076576200013,1289,1791541891.29,descendente,1.0007003860000623,0.0,0.0,11120640,19406848,5025792,5403648,
145,2026-10-09T10:53:05.815310+00:00,145.00076576200013,1290,1791541891.29,descendente,1.0009429500000806,0.0,0.0,45682688,282877952,32083968,33424384,
145,2026-10-09T10:53:05.815310+00:00,145.00076576200013,1291,1791541891.29,descendente,1.000951478999923,0.0,0.0,45453312,282869760,32038912,33381376,
146,2026-10-09T10:53:06.823335+00:00,146.00893234,1288,1791541891.2,principal,1.0080267240000467,0.0,0.0,24182784,32931840,14036992,14779392,
146,2026-10-09T10:53:06.823335+00:00,146.00893234,1289,1791541891.29,descendente,1.0080247529999724,0.0,0.0,11120640,19406848,5025792,5405696,
146,2026-10-09T10:53:06.823335+00:00,146.00893234,1290,1791541891.29,descendente,1.0077973779998501,0.0,0.0,45682688,282877952,32083968,33446912,
146,2026-10-09T10:53:06.823335+00:00,146.00893234,1291,1791541891.29,descendente,1.0077994210000725,0.0,0.0,45453312,282869760,32038912,33402880,
147,2026-10-09T10:53:07.825404+00:00,147.01097196499995,1288,1791541891.2,principal,1.002070257000014,0.0,0.0,24182784,32931840,14036992,14779392,
147,2026-10-09T10:53:07.825404+00:00,147.01097196499995,1289,1791541891.29,descendente,1.0020939799999269,0.0,0.0,11120640,19406848,5025792,5405696,
147,2026-10-09T10:53:07.825404+00:00,147.01097196499995,1290,1791541891.29,descendente,1.0021134120001989,0.0,0.0,45682688,282877952,32083968,33446912,
147,2026-10-09T10:53:07.825404+00:00,147.01097196499995,1291,1791541891.29,descendente,1.0026236660000905,0.0,0.0,45453312,282869760,32038912,33402880,
148,2026-10-09T10:53:08.816000+00:00,148.00134387799994,1288,1791541891.2,principal,0.9905965010000273,0.0,0.0,24182784,32931840,14036992,14779392,
148,2026-10-09T10:53:08.816000+00:00,148.00134387799994,1289,1791541891.29,descendente,0.9905693539999447,0.0,0.0,11120640,19406848,5025792,5405696,
148,2026-10-09T10:53:08.816000+00:00,148.00134387799994,1290,1791541891.29,descendente,0.990547136999794,1.009543072355944,0.504771536177972,45682688,282877952,32083968,33446912,
148,2026-10-09T10:53:08.816000+00:00,148.00134387799994,1291,1791541891.29,descendente,0.9900347369998599,0.0,0.0,45453312,282869760,32038912,33402880,
149,2026-10-09T10:53:09.815366+00:00,149.000676182,1288,1791541891.2,principal,0.9993637089999083,0.0,0.0,24182784,32931840,14032896,14750720,
149,2026-10-09T10:53:09.815366+00:00,149.000676182,1289,1791541891.29,descendente,0.9997258130001683,0.0,0.0,11120640,19406848,5025792,5401600,
149,2026-10-09T10:53:09.815366+00:00,149.000676182,1290,1791541891.29,descendente,0.9997719540001526,0.0,0.0,45682688,282877952,32083968,33422336,
149,2026-10-09T10:53:09.815366+00:00,149.000676182,1291,1791541891.29,descendente,0.9997698820000096,0.0,0.0,45453312,282869760,32038912,33379328,
150,2026-10-09T10:53:10.824687+00:00,150.01017578300002,1288,1791541891.2,principal,1.0093212500000845,0.0,0.0,24182784,32931840,14036992,14779392,
150,2026-10-09T10:53:10.824687+00:00,150.01017578300002,1289,1791541891.29,descendente,1.008959379999851,0.0,0.0,11120640,19406848,5025792,5405696,
150,2026-10-09T10:53:10.824687+00:00,150.01017578300002,1290,1791541891.29,descendente,1.008953118999898,0.0,0.0,45682688,282877952,32083968,33446912,
150,2026-10-09T10:53:10.824687+00:00,150.01017578300002,1291,1791541891.29,descendente,1.0089873290000924,0.0,0.0,45453312,282869760,32038912,33402880,
151,2026-10-09T10:53:11.823699+00:00,151.00924445500004,1288,1791541891.2,principal,0.9990108639999562,0.0,0.0,24182784,32931840,14036992,14779392,
151,2026-10-09T10:53:11.823699+00:00,151.00924445500004,1289,1791541891.29,descendente,0.9990026210000451,0.0,0.0,11120640,19406848,5025792,5405696,
151,2026-10-09T10:53:11.823699+00:00,151.00924445500004,1290,1791541891.29,descendente,0.9990168260001155,0.0,0.0,45682688,282877952,32083968,33446912,
151,2026-10-09T10:53:11.823699+00:00,151.00924445500004,1291,1791541891.29,descendente,0.9989801280000847,0.0,0.0,45453312,282869760,32038912,33402880,
152,2026-10-09T10:53:12.816262+00:00,152.00180877499997,1288,1791541891.2,principal,0.9925659580001138,0.0,0.0,24182784,32931840,14036992,14779392,
152,2026-10-09T10:53:12.816262+00:00,152.00180877499997,1289,1791541891.29,descendente,0.9925743860001148,0.0,0.0,11120640,19406848,5025792,5405696,
152,2026-10-09T10:53:12.816262+00:00,152.00180877499997,1290,1791541891.29,descendente,0.9925168939998912,0.0,0.0,45682688,282877952,32083968,33446912,
152,2026-10-09T10:53:12.816262+00:00,152.00180877499997,1291,1791541891.29,descendente,0.9927492069998607,0.0,0.0,45453312,282869760,32038912,33402880,
153,2026-10-09T10:53:13.815943+00:00,153.00123391800003,1288,1791541891.2,principal,0.999684847999788,0.0,0.0,24182784,32931840,14032896,14747648,
153,2026-10-09T10:53:13.815943+00:00,153.00123391800003,1289,1791541891.29,descendente,0.9996742449998237,0.0,0.0,11120640,19406848,5025792,5400576,
153,2026-10-09T10:53:13.815943+00:00,153.00123391800003,1290,1791541891.29,descendente,0.9996736240000246,0.0,0.0,45682688,282877952,32083968,33420288,
153,2026-10-09T10:53:13.815943+00:00,153.00123391800003,1291,1791541891.29,descendente,0.9994514940001409,1.0005488070243163,0.5002744035121581,45453312,282869760,32038912,33376256,
154,2026-10-09T10:53:14.814512+00:00,154.00010158300006,1288,1791541891.2,principal,0.998562154000183,0.0,0.0,24182784,32931840,14036992,14779392,
154,2026-10-09T10:53:14.814512+00:00,154.00010158300006,1289,1791541891.29,descendente,0.9985629290001725,0.0,0.0,11120640,19406848,5025792,5405696,
154,2026-10-09T10:53:14.814512+00:00,154.00010158300006,1290,1791541891.29,descendente,0.9985602750000453,0.0,0.0,45682688,282877952,32083968,33446912,
154,2026-10-09T10:53:14.814512+00:00,154.00010158300006,1291,1791541891.29,descendente,0.9985479949998535,0.0,0.0,45453312,282869760,32038912,33402880,
155,2026-10-09T10:53:15.821638+00:00,155.0068711460001,1288,1791541891.2,principal,1.0071327089999613,0.0,0.0,24182784,32931840,14036992,14779392,
155,2026-10-09T10:53:15.821638+00:00,155.0068711460001,1289,1791541891.29,descendente,1.0071594329999698,0.0,0.0,11120640,19406848,5025792,5405696,
155,2026-10-09T10:53:15.821638+00:00,155.0068711460001,1290,1791541891.29,descendente,1.0072231839999404,0.9928286162247587,0.49641430811237935,45682688,282877952,32083968,33446912,
155,2026-10-09T10:53:15.821638+00:00,155.0068711460001,1291,1791541891.29,descendente,1.0072503280000547,0.992801860869433,0.4964009304347165,45453312,282869760,32038912,33402880,
156,2026-10-09T10:53:16.818486+00:00,156.003880342,1288,1791541891.2,principal,0.9968394079999143,0.0,0.0,24182784,32931840,14036992,14779392,
156,2026-10-09T10:53:16.818486+00:00,156.003880342,1289,1791541891.29,descendente,0.9968245820000448,0.0,0.0,11120640,19406848,5025792,5405696,
156,2026-10-09T10:53:16.818486+00:00,156.003880342,1290,1791541891.29,descendente,0.9968559640001331,0.0,0.0,45682688,282877952,32083968,33446912,
156,2026-10-09T10:53:16.818486+00:00,156.003880342,1291,1791541891.29,descendente,0.9968559199999163,0.0,0.0,45453312,282869760,32038912,33402880,
157,2026-10-09T10:53:17.816185+00:00,157.00176372200008,1288,1791541891.2,principal,0.997696440000027,0.0,0.0,24182784,32931840,14036992,14718976,
157,2026-10-09T10:53:17.816185+00:00,157.00176372200008,1289,1791541891.29,descendente,0.9979587689999789,0.0,0.0,11120640,19406848,5025792,5385216,
157,2026-10-09T10:53:17.816185+00:00,157.00176372200008,1290,1791541891.29,descendente,0.9978754859998844,0.0,0.0,45682688,282877952,32083968,33376256,
157,2026-10-09T10:53:17.816185+00:00,157.00176372200008,1291,1791541891.29,descendente,0.9978482450001138,0.0,0.0,45453312,282869760,32038912,33333248,
158,2026-10-09T10:53:18.818467+00:00,158.00405514099998,1288,1791541891.2,principal,1.0022882410000875,0.0,0.0,24182784,32931840,14036992,14779392,
158,2026-10-09T10:53:18.818467+00:00,158.00405514099998,1289,1791541891.29,descendente,1.0020908839999265,0.0,0.0,11120640,19406848,5025792,5405696,
158,2026-10-09T10:53:18.818467+00:00,158.00405514099998,1290,1791541891.29,descendente,1.0021775259999686,0.0,0.0,45682688,282877952,32083968,33446912,
158,2026-10-09T10:53:18.818467+00:00,158.00405514099998,1291,1791541891.29,descendente,1.0022079309999299,0.0,0.0,45453312,282869760,32038912,33402880,
159,2026-10-09T10:53:19.816737+00:00,159.00235361299997,1288,1791541891.2,principal,0.9982694149998679,0.0,0.0,24182784,32931840,14036992,14779392,
159,2026-10-09T10:53:19.816737+00:00,159.00235361299997,1289,1791541891.29,descendente,0.9982027890000609,0.0,0.0,11120640,19406848,5025792,5405696,
159,2026-10-09T10:53:19.816737+00:00,159.00235361299997,1290,1791541891.29,descendente,0.9981100200000128,0.0,0.0,45682688,282877952,32083968,33446912,
159,2026-10-09T10:53:19.816737+00:00,159.00235361299997,1291,1791541891.29,descendente,0.9980916459999207,0.0,0.0,45453312,282869760,32038912,33402880,
160,2026-10-09T10:53:20.814864+00:00,160.00043193400006,1288,1791541891.2,principal,0.9981272700001682,0.0,0.0,24182784,32931840,14036992,14779392,
160,2026-10-09T10:53:20.814864+00:00,160.00043193400006,1289,1791541891.29,descendente,0.9981681459998981,0.0,0.0,11120640,19406848,5025792,5405696,
160,2026-10-09T10:53:20.814864+00:00,160.00043193400006,1290,1791541891.29,descendente,0.9981691670000146,0.0,0.0,45682688,282877952,32083968,33446912,
160,2026-10-09T10:53:20.814864+00:00,160.00043193400006,1291,1791541891.29,descendente,0.9984508500001539,0.0,0.0,45453312,282869760,32038912,33402880,
161,2026-10-09T10:53:21.814530+00:00,161.00013409200005,1288,1791541891.2,principal,0.999664269999812,0.0,0.0,24182784,32931840,14036992,14779392,
161,2026-10-09T10:53:21.814530+00:00,161.00013409200005,1289,1791541891.29,descendente,0.9996235749999869,0.0,0.0,11120640,19406848,5025792,5405696,
161,2026-10-09T10:53:21.814530+00:00,161.00013409200005,1290,1791541891.29,descendente,0.999619335000034,0.0,0.0,45682688,282877952,32083968,33446912,
161,2026-10-09T10:53:21.814530+00:00,161.00013409200005,1291,1791541891.29,descendente,0.9993331109999417,0.0,0.0,45453312,282869760,32038912,33402880,
162,2026-10-09T10:53:22.816404+00:00,162.00179355299997,1288,1791541891.2,principal,1.001994491000005,0.0,0.0,24182784,32931840,14036992,14753792,
162,2026-10-09T10:53:22.816404+00:00,162.00179355299997,1289,1791541891.29,descendente,1.0021116190000612,0.0,0.0,11120640,19406848,5025792,5402624,
162,2026-10-09T10:53:22.816404+00:00,162.00179355299997,1290,1791541891.29,descendente,1.0021193059999405,0.0,0.0,45682688,282877952,32083968,33412096,
162,2026-10-09T10:53:22.816404+00:00,162.00179355299997,1291,1791541891.29,descendente,1.0021116469999924,0.0,0.0,45453312,282869760,32038912,33368064,
163,2026-10-09T10:53:23.814984+00:00,163.00055754899995,1288,1791541891.2,principal,0.9984611610000229,0.0,0.0,24182784,32931840,14036992,14779392,
163,2026-10-09T10:53:23.814984+00:00,163.00055754899995,1289,1791541891.29,descendente,0.9983473279999089,0.0,0.0,11120640,19406848,5025792,5405696,
163,2026-10-09T10:53:23.814984+00:00,163.00055754899995,1290,1791541891.29,descendente,0.9983418940000774,0.0,0.0,45682688,282877952,32083968,33446912,
163,2026-10-09T10:53:23.814984+00:00,163.00055754899995,1291,1791541891.29,descendente,0.9990838300000178,0.0,0.0,45453312,282869760,32038912,33402880,
164,2026-10-09T10:53:24.816207+00:00,164.00189171500006,1288,1791541891.2,principal,1.0012208810001084,0.0,0.0,24182784,32931840,14036992,14779392,
164,2026-10-09T10:53:24.816207+00:00,164.00189171500006,1289,1791541891.29,descendente,1.0015679100001762,0.0,0.0,11120640,19406848,5025792,5405696,
164,2026-10-09T10:53:24.816207+00:00,164.00189171500006,1290,1791541891.29,descendente,1.0016015329999846,0.0,0.0,45682688,282877952,32083968,33446912,
164,2026-10-09T10:53:24.816207+00:00,164.00189171500006,1291,1791541891.29,descendente,1.000863728000013,0.0,0.0,45453312,282869760,32038912,33402880,
165,2026-10-09T10:53:25.817304+00:00,165.00293109900008,1288,1791541891.2,principal,1.0010979139999563,0.0,0.0,24182784,32931840,14036992,14779392,
165,2026-10-09T10:53:25.817304+00:00,165.00293109900008,1289,1791541891.29,descendente,1.0007443909998983,0.0,0.0,11120640,19406848,5025792,5405696,
165,2026-10-09T10:53:25.817304+00:00,165.00293109900008,1290,1791541891.29,descendente,1.000708953999947,0.0,0.0,45682688,282877952,32083968,33446912,
165,2026-10-09T10:53:25.817304+00:00,165.00293109900008,1291,1791541891.29,descendente,1.0007052169999042,0.0,0.0,45453312,282869760,32038912,33402880,
166,2026-10-09T10:53:26.816180+00:00,166.00134053500005,1288,1791541891.2,principal,0.9988809310000306,0.0,0.0,24182784,32931840,14036992,14757888,
166,2026-10-09T10:53:26.816180+00:00,166.00134053500005,1289,1791541891.29,descendente,0.9988799679999829,0.0,0.0,11120640,19406848,5025792,5399552,
166,2026-10-09T10:53:26.816180+00:00,166.00134053500005,1290,1791541891.29,descendente,0.998880262000057,1.0011209932184484,0.5005604966092242,45682688,282877952,32083968,33422336,
166,2026-10-09T10:53:26.816180+00:00,166.00134053500005,1291,1791541891.29,descendente,0.9988830740001049,0.0,0.0,45453312,282869760,32038912,33378304,
167,2026-10-09T10:53:27.814622+00:00,167.00024734,1288,1791541891.2,principal,0.9984381540000413,0.0,0.0,24182784,32931840,14036992,14779392,
167,2026-10-09T10:53:27.814622+00:00,167.00024734,1289,1791541891.29,descendente,0.9984496600000057,0.0,0.0,11120640,19406848,5025792,5405696,
167,2026-10-09T10:53:27.814622+00:00,167.00024734,1290,1791541891.29,descendente,0.9984497369998735,0.0,0.0,45682688,282877952,32083968,33446912,
167,2026-10-09T10:53:27.814622+00:00,167.00024734,1291,1791541891.29,descendente,0.9984701460000451,0.0,0.0,45453312,282869760,32038912,33402880,
168,2026-10-09T10:53:28.814551+00:00,168.000146416,1288,1791541891.2,principal,0.9999282369999491,0.0,0.0,24182784,32931840,14036992,14779392,
168,2026-10-09T10:53:28.814551+00:00,168.000146416,1289,1791541891.29,descendente,0.9999197150000327,0.0,0.0,11120640,19406848,5025792,5405696,
168,2026-10-09T10:53:28.814551+00:00,168.000146416,1290,1791541891.29,descendente,0.9999201060002179,0.0,0.0,45682688,282877952,32083968,33446912,
168,2026-10-09T10:53:28.814551+00:00,168.000146416,1291,1791541891.29,descendente,0.9999076169999626,0.0,0.0,45453312,282869760,32038912,33402880,
169,2026-10-09T10:53:29.815763+00:00,169.0013393910001,1288,1791541891.2,principal,1.0012138140000388,0.0,0.0,24182784,32931840,14036992,14779392,
169,2026-10-09T10:53:29.815763+00:00,169.0013393910001,1289,1791541891.29,descendente,1.0012113620000491,0.0,0.0,11120640,19406848,5025792,5405696,
169,2026-10-09T10:53:29.815763+00:00,169.0013393910001,1290,1791541891.29,descendente,1.0012119219998112,0.0,0.0,45682688,282877952,32083968,33446912,
169,2026-10-09T10:53:29.815763+00:00,169.0013393910001,1291,1791541891.29,descendente,1.0011990210000477,0.0,0.0,45453312,282869760,32038912,33402880,
170,2026-10-09T10:53:30.814640+00:00,170.00011509900014,1288,1791541891.2,principal,0.9988743540000087,0.0,0.0,24182784,32931840,14036992,14746624,
170,2026-10-09T10:53:30.814640+00:00,170.00011509900014,1289,1791541891.29,descendente,0.9988690679999763,0.0,0.0,11120640,19406848,5025792,5401600,
170,2026-10-09T10:53:30.814640+00:00,170.00011509900014,1290,1791541891.29,descendente,0.9988663789999919,0.0,0.0,45682688,282877952,32083968,33413120,
170,2026-10-09T10:53:30.814640+00:00,170.00011509900014,1291,1791541891.29,descendente,0.9993783699999312,1.000622016664089,0.5003110083320444,45453312,282869760,32038912,33369088,
171,2026-10-09T10:53:31.817928+00:00,171.00352425000005,1288,1791541891.2,principal,1.0032891789999212,0.0,0.0,24182784,32931840,14036992,14779392,
171,2026-10-09T10:53:31.817928+00:00,171.00352425000005,1289,1791541891.29,descendente,1.0032939949999218,0.0,0.0,11120640,19406848,5025792,5405696,
171,2026-10-09T10:53:31.817928+00:00,171.00352425000005,1290,1791541891.29,descendente,1.00329584300016,0.0,0.0,45682688,282877952,32083968,33446912,
171,2026-10-09T10:53:31.817928+00:00,171.00352425000005,1291,1791541891.29,descendente,1.0028727599999456,0.0,0.0,45453312,282869760,32038912,33402880,
172,2026-10-09T10:53:32.824098+00:00,172.00973056299995,1288,1791541891.2,principal,1.0061686060000739,0.0,0.0,24182784,32931840,14036992,14779392,
172,2026-10-09T10:53:32.824098+00:00,172.00973056299995,1289,1791541891.29,descendente,1.0061710429999948,0.0,0.0,11120640,19406848,5025792,5405696,
172,2026-10-09T10:53:32.824098+00:00,172.00973056299995,1290,1791541891.29,descendente,1.0061707529998785,0.0,0.0,45682688,282877952,32083968,33446912,
172,2026-10-09T10:53:32.824098+00:00,172.00973056299995,1291,1791541891.29,descendente,1.0060839029999897,0.0,0.0,45453312,282869760,32038912,33402880,
173,2026-10-09T10:53:33.818417+00:00,173.0040541850001,1288,1791541891.2,principal,0.9943186369998784,0.0,0.0,24182784,32931840,14036992,14779392,
173,2026-10-09T10:53:33.818417+00:00,173.0040541850001,1289,1791541891.29,descendente,0.9943278099999588,0.0,0.0,11120640,19406848,5025792,5405696,
173,2026-10-09T10:53:33.818417+00:00,173.0040541850001,1290,1791541891.29,descendente,0.9943868479999765,0.0,0.0,45682688,282877952,32083968,33446912,
173,2026-10-09T10:53:33.818417+00:00,173.0040541850001,1291,1791541891.29,descendente,0.9944756360000611,0.0,0.0,45453312,282869760,32038912,33402880,
174,2026-10-09T10:53:34.814879+00:00,174.00042092700005,1288,1791541891.2,principal,0.9964606769999591,0.0,0.0,24182784,32931840,14032896,14706688,
174,2026-10-09T10:53:34.814879+00:00,174.00042092700005,1289,1791541891.29,descendente,0.9964445120001528,0.0,0.0,11120640,19406848,5025792,5378048,
174,2026-10-09T10:53:34.814879+00:00,174.00042092700005,1290,1791541891.29,descendente,0.9963834899999711,0.0,0.0,45682688,282877952,32083968,33372160,
174,2026-10-09T10:53:34.814879+00:00,174.00042092700005,1291,1791541891.29,descendente,0.9962969650000559,1.0037167984347923,0.5018583992173962,45453312,282869760,32038912,33328128,
175,2026-10-09T10:53:35.816792+00:00,175.002115237,1288,1791541891.2,principal,1.002139457000112,0.0,0.0,24182784,32931840,14036992,14779392,
175,2026-10-09T10:53:35.816792+00:00,175.002115237,1289,1791541891.29,descendente,1.0021763449999526,0.0,0.0,11120640,19406848,5025792,5405696,
175,2026-10-09T10:53:35.816792+00:00,175.002115237,1290,1791541891.29,descendente,1.0021803330000694,0.0,0.0,45682688,282877952,32083968,33446912,
175,2026-10-09T10:53:35.816792+00:00,175.002115237,1291,1791541891.29,descendente,1.0021790739999688,0.0,0.0,45453312,282869760,32038912,33402880,
176,2026-10-09T10:53:36.818765+00:00,176.00438852399998,1288,1791541891.2,principal,1.0017486780000127,0.0,0.0,24182784,32931840,14036992,14779392,
176,2026-10-09T10:53:36.818765+00:00,176.00438852399998,1289,1791541891.29,descendente,1.0018072840000514,0.0,0.0,11120640,19406848,5025792,5405696,
176,2026-10-09T10:53:36.818765+00:00,176.00438852399998,1290,1791541891.29,descendente,1.0018162660001053,0.9981870268415578,0.4990935134207789,45682688,282877952,32083968,33446912,
176,2026-10-09T10:53:36.818765+00:00,176.00438852399998,1291,1791541891.29,descendente,1.001833970000007,0.0,0.0,45453312,282869760,32038912,33402880,
177,2026-10-09T10:53:37.824236+00:00,177.00986450999994,1288,1791541891.2,principal,1.005472200999975,0.0,0.0,24182784,32931840,14036992,14779392,
177,2026-10-09T10:53:37.824236+00:00,177.00986450999994,1289,1791541891.29,descendente,1.0053833459999169,0.0,0.0,11120640,19406848,5025792,5405696,
177,2026-10-09T10:53:37.824236+00:00,177.00986450999994,1290,1791541891.29,descendente,1.0054210959999637,0.0,0.0,45682688,282877952,32083968,33446912,
177,2026-10-09T10:53:37.824236+00:00,177.00986450999994,1291,1791541891.29,descendente,1.005413992000058,0.0,0.0,45453312,282869760,32038912,33402880,
178,2026-10-09T10:53:38.814483+00:00,178.00010641300014,1288,1791541891.2,principal,0.9902445840000382,0.0,0.0,24182784,32931840,14032896,14752768,
178,2026-10-09T10:53:38.814483+00:00,178.00010641300014,1289,1791541891.29,descendente,0.9903001299999232,0.0,0.0,11120640,19406848,5025792,5404672,
178,2026-10-09T10:53:38.814483+00:00,178.00010641300014,1290,1791541891.29,descendente,0.9902683620000516,0.0,0.0,45682688,282877952,32083968,33423360,
178,2026-10-09T10:53:38.814483+00:00,178.00010641300014,1291,1791541891.29,descendente,0.990280408999979,0.0,0.0,45453312,282869760,32038912,33379328,
179,2026-10-09T10:53:39.815164+00:00,179.00015508,1288,1791541891.2,principal,1.0006902259999606,0.0,0.0,24182784,32931840,14036992,14779392,
179,2026-10-09T10:53:39.815164+00:00,179.00015508,1289,1791541891.29,descendente,1.0006785970001602,0.0,0.0,11120640,19406848,5025792,5405696,
179,2026-10-09T10:53:39.815164+00:00,179.00015508,1290,1791541891.29,descendente,1.00114805599992,0.0,0.0,45682688,282877952,32083968,33446912,
179,2026-10-09T10:53:39.815164+00:00,179.00015508,1291,1791541891.29,descendente,1.0013046750000285,0.0,0.0,45453312,282869760,32038912,33402880,
180,2026-10-09T10:53:40.818447+00:00,180.00403689299992,1288,1791541891.2,principal,1.003274723000004,0.0,0.0,24182784,32931840,14036992,14779392,
180,2026-10-09T10:53:40.818447+00:00,180.00403689299992,1289,1791541891.29,descendente,1.0032497590000276,0.0,0.0,11120640,19406848,5025792,5405696,
180,2026-10-09T10:53:40.818447+00:00,180.00403689299992,1290,1791541891.29,descendente,1.0027908889999253,0.0,0.0,45682688,282877952,32083968,33446912,
180,2026-10-09T10:53:40.818447+00:00,180.00403689299992,1291,1791541891.29,descendente,1.0027914529998725,0.0,0.0,45453312,282869760,32038912,33402880,
181,2026-10-09T10:53:41.816732+00:00,181.00223927599995,1288,1791541891.2,principal,0.9982877550000921,0.0,0.0,24182784,32931840,14036992,14779392,
181,2026-10-09T10:53:41.816732+00:00,181.00223927599995,1289,1791541891.29,descendente,0.9982793799999854,0.0,0.0,11120640,19406848,5025792,5405696,
181,2026-10-09T10:53:41.816732+00:00,181.00223927599995,1290,1791541891.29,descendente,0.9982671940001637,0.0,0.0,45682688,282877952,32083968,33446912,
181,2026-10-09T10:53:41.816732+00:00,181.00223927599995,1291,1791541891.29,descendente,0.9981042950000756,0.0,0.0,45453312,282869760,32038912,33402880,
182,2026-10-09T10:53:42.815948+00:00,182.00126344499995,1288,1791541891.2,principal,0.9992210979999072,2.001559018322677,1.0007795091613385,24182784,32931840,14036992,14756864,
182,2026-10-09T10:53:42.815948+00:00,182.00126344499995,1289,1791541891.29,descendente,0.9996803139999884,0.0,0.0,11120640,19406848,5025792,5400576,
182,2026-10-09T10:53:42.815948+00:00,182.00126344499995,1290,1791541891.29,descendente,0.9996802589998879,0.0,0.0,45682688,282877952,32083968,33421312,
182,2026-10-09T10:53:42.815948+00:00,182.00126344499995,1291,1791541891.29,descendente,0.9996750430000247,0.0,0.0,45453312,282869760,32038912,33377280,
183,2026-10-09T10:53:43.822023+00:00,183.00724900399996,1288,1791541891.2,principal,1.0060786559999997,0.0,0.0,24182784,32931840,14036992,14779392,
183,2026-10-09T10:53:43.822023+00:00,183.00724900399996,1289,1791541891.29,descendente,1.0056512310000016,0.0,0.0,11120640,19406848,5025792,5405696,
183,2026-10-09T10:53:43.822023+00:00,183.00724900399996,1290,1791541891.29,descendente,1.005660134999971,0.0,0.0,45682688,282877952,32083968,33446912,
183,2026-10-09T10:53:43.822023+00:00,183.00724900399996,1291,1791541891.29,descendente,1.005680491000021,0.9943515947155183,0.49717579735775913,45453312,282869760,32038912,33402880,
184,2026-10-09T10:53:44.815299+00:00,184.0003086490001,1288,1791541891.2,principal,0.9932772770000611,0.0,0.0,24182784,32931840,14036992,14779392,
184,2026-10-09T10:53:44.815299+00:00,184.0003086490001,1289,1791541891.29,descendente,0.9932563919999211,0.0,0.0,11120640,19406848,5025792,5405696,
184,2026-10-09T10:53:44.815299+00:00,184.0003086490001,1290,1791541891.29,descendente,0.9936029309999412,0.0,0.0,45682688,282877952,32083968,33446912,
184,2026-10-09T10:53:44.815299+00:00,184.0003086490001,1291,1791541891.29,descendente,0.9936563619999106,0.0,0.0,45453312,282869760,32038912,33402880,
185,2026-10-09T10:53:45.815561+00:00,185.00016858999993,1288,1791541891.2,principal,1.0002541129999827,0.0,0.0,24182784,32931840,14036992,14779392,
185,2026-10-09T10:53:45.815561+00:00,185.00016858999993,1289,1791541891.29,descendente,1.0005153269999028,0.0,0.0,11120640,19406848,5025792,5405696,
185,2026-10-09T10:53:45.815561+00:00,185.00016858999993,1290,1791541891.29,descendente,1.0001682690001417,0.9998317593093522,0.4999158796546761,45682688,282877952,32083968,33446912,
185,2026-10-09T10:53:45.815561+00:00,185.00016858999993,1291,1791541891.29,descendente,1.0001544270000977,0.0,0.0,45453312,282869760,32038912,33402880,
186,2026-10-09T10:53:46.816864+00:00,186.00196275500002,1288,1791541891.2,principal,1.0013189310000143,0.0,0.0,24182784,32931840,14036992,14779392,
186,2026-10-09T10:53:46.816864+00:00,186.00196275500002,1289,1791541891.29,descendente,1.0015350270000454,0.0,0.0,11120640,19406848,5025792,5405696,
186,2026-10-09T10:53:46.816864+00:00,186.00196275500002,1290,1791541891.29,descendente,1.0016209109999181,0.0,0.0,45682688,282877952,32083968,33446912,
186,2026-10-09T10:53:46.816864+00:00,186.00196275500002,1291,1791541891.29,descendente,1.0017191559998082,0.0,0.0,45453312,282869760,32038912,33402880,
187,2026-10-09T10:53:47.824533+00:00,187.00916035399996,1288,1791541891.2,principal,1.0076510339999913,0.0,0.0,24182784,32931840,14036992,14779392,
187,2026-10-09T10:53:47.824533+00:00,187.00916035399996,1289,1791541891.29,descendente,1.0071565000000646,0.0,0.0,11120640,19406848,5025792,5405696,
187,2026-10-09T10:53:47.824533+00:00,187.00916035399996,1290,1791541891.29,descendente,1.0070564830000421,0.0,0.0,45682688,282877952,32083968,33446912,
187,2026-10-09T10:53:47.824533+00:00,187.00916035399996,1291,1791541891.29,descendente,1.0071770770000512,0.0,0.0,45453312,282869760,32038912,33402880,
188,2026-10-09T10:53:48.819205+00:00,188.00459709100005,1288,1791541891.2,principal,0.9946878929999912,0.0,0.0,24182784,32931840,14036992,14779392,
188,2026-10-09T10:53:48.819205+00:00,188.00459709100005,1289,1791541891.29,descendente,0.9950299469999209,0.0,0.0,11120640,19406848,5025792,5405696,
188,2026-10-09T10:53:48.819205+00:00,188.00459709100005,1290,1791541891.29,descendente,0.995159982999894,1.0048635566970014,0.5024317783485007,45682688,282877952,32083968,33446912,
188,2026-10-09T10:53:48.819205+00:00,188.00459709100005,1291,1791541891.29,descendente,0.9950330460001169,0.0,0.0,45453312,282869760,32038912,33402880,
189,2026-10-09T10:53:49.815379+00:00,189.0002849120001,1288,1791541891.2,principal,0.9961620960000346,0.0,0.0,24182784,32931840,14032896,14713856,
189,2026-10-09T10:53:49.815379+00:00,189.0002849120001,1289,1791541891.29,descendente,0.9958232569999836,0.0,0.0,11120640,19406848,5025792,5394432,
189,2026-10-09T10:53:49.815379+00:00,189.0002849120001,1290,1791541891.29,descendente,0.9959728420001284,0.0,0.0,45682688,282877952,32083968,33408000,
189,2026-10-09T10:53:49.815379+00:00,189.0002849120001,1291,1791541891.29,descendente,0.9958445809998011,1.0041727585602043,0.5020863792801021,45453312,282869760,32038912,33363968,
190,2026-10-09T10:53:50.859952+00:00,190.04224931199997,1288,1791541891.2,principal,1.0445728699999108,0.0,0.0,24182784,32931840,14032896,14742528,
190,2026-10-09T10:53:50.859952+00:00,190.04224931199997,1289,1791541891.29,descendente,1.0445697950001431,0.0,0.0,11120640,19406848,5025792,5402624,
190,2026-10-09T10:53:50.859952+00:00,190.04224931199997,1290,1791541891.29,descendente,1.0443018629998733,0.0,0.0,45682688,282877952,32083968,33412096,
190,2026-10-09T10:53:50.859952+00:00,190.04224931199997,1291,1791541891.29,descendente,1.044302972000196,0.0,0.0,45453312,282869760,32038912,33369088,
191,2026-10-09T10:53:51.836600+00:00,191.0221035950001,1288,1791541891.2,principal,0.9769145990001107,0.0,0.0,24182784,32931840,14036992,14779392,
191,2026-10-09T10:53:51.836600+00:00,191.0221035950001,1289,1791541891.29,descendente,0.976909427999999,0.0,0.0,11120640,19406848,5025792,5405696,
191,2026-10-09T10:53:51.836600+00:00,191.0221035950001,1290,1791541891.29,descendente,0.9768968270000187,0.0,0.0,45682688,282877952,32083968,33446912,
191,2026-10-09T10:53:51.836600+00:00,191.0221035950001,1291,1791541891.29,descendente,0.9768674160000046,0.0,0.0,45453312,282869760,32038912,33402880,
192,2026-10-09T10:53:52.834871+00:00,192.020523378,1288,1791541891.2,principal,0.9979972749999888,0.0,0.0,24182784,32931840,14036992,14779392,
192,2026-10-09T10:53:52.834871+00:00,192.020523378,1289,1791541891.29,descendente,0.9979979509998884,0.0,0.0,11120640,19406848,5025792,5405696,
192,2026-10-09T10:53:52.834871+00:00,192.020523378,1290,1791541891.29,descendente,0.9979954740001631,0.0,0.0,45682688,282877952,32083968,33446912,
192,2026-10-09T10:53:52.834871+00:00,192.020523378,1291,1791541891.29,descendente,0.9981202059998395,0.0,0.0,45453312,282869760,32038912,33402880,
193,2026-10-09T10:53:53.815352+00:00,193.00076028500007,1288,1791541891.2,principal,0.980483472999822,0.0,0.0,24182784,32931840,14032896,14705664,
193,2026-10-09T10:53:53.815352+00:00,193.00076028500007,1289,1791541891.29,descendente,0.9804901340000924,0.0,0.0,11120640,19406848,5025792,5380096,
193,2026-10-09T10:53:53.815352+00:00,193.00076028500007,1290,1791541891.29,descendente,0.9806096979998529,1.019773720410734,0.509886860205367,45682688,282877952,32083968,33373184,
193,2026-10-09T10:53:53.815352+00:00,193.00076028500007,1291,1791541891.29,descendente,0.9805396530000507,0.0,0.0,45453312,282869760,32038912,33368064,
194,2026-10-09T10:53:54.817769+00:00,194.00323410300007,1288,1791541891.2,principal,1.0024212240000452,0.0,0.0,24182784,32931840,14036992,14779392,
194,2026-10-09T10:53:54.817769+00:00,194.00323410300007,1289,1791541891.29,descendente,1.0031461050000416,0.0,0.0,11120640,19406848,5025792,5405696,
194,2026-10-09T10:53:54.817769+00:00,194.00323410300007,1290,1791541891.29,descendente,1.0032803310000418,0.0,0.0,45682688,282877952,32083968,33446912,
194,2026-10-09T10:53:54.817769+00:00,194.00323410300007,1291,1791541891.29,descendente,1.003634203000047,0.0,0.0,45453312,282869760,32038912,33402880,
195,2026-10-09T10:53:55.868224+00:00,195.05356957699996,1288,1791541891.2,principal,1.0504518010000083,0.0,0.0,24182784,32931840,14036992,14779392,
195,2026-10-09T10:53:55.868224+00:00,195.05356957699996,1289,1791541891.29,descendente,1.049736282999902,0.0,0.0,11120640,19406848,5025792,5405696,
195,2026-10-09T10:53:55.868224+00:00,195.05356957699996,1290,1791541891.29,descendente,1.049492096999984,0.0,0.0,45682688,282877952,32083968,33446912,
195,2026-10-09T10:53:55.868224+00:00,195.05356957699996,1291,1791541891.29,descendente,1.049147425000001,0.0,0.0,45453312,282869760,32038912,33402880,
196,2026-10-09T10:53:56.816470+00:00,196.00190088299996,1288,1791541891.2,principal,0.9482429550000688,0.0,0.0,24182784,32931840,14036992,14779392,
196,2026-10-09T10:53:56.816470+00:00,196.00190088299996,1289,1791541891.29,descendente,0.9482209079999393,0.0,0.0,11120640,19406848,5025792,5405696,
196,2026-10-09T10:53:56.816470+00:00,196.00190088299996,1290,1791541891.29,descendente,0.9482068310001068,0.0,0.0,45682688,282877952,32083968,33446912,
196,2026-10-09T10:53:56.816470+00:00,196.00190088299996,1291,1791541891.29,descendente,0.948136642999998,0.0,0.0,45453312,282869760,32038912,33402880,
197,2026-10-09T10:53:57.816006+00:00,197.00016846800008,1288,1791541891.2,principal,0.9995434559998557,0.0,0.0,24182784,32931840,14036992,14779392,
197,2026-10-09T10:53:57.816006+00:00,197.00016846800008,1289,1791541891.29,descendente,0.9995663750000858,0.0,0.0,11120640,19406848,5025792,5405696,
197,2026-10-09T10:53:57.816006+00:00,197.00016846800008,1290,1791541891.29,descendente,0.9995793479999975,0.0,0.0,45682688,282877952,32083968,33446912,
197,2026-10-09T10:53:57.816006+00:00,197.00016846800008,1291,1791541891.29,descendente,0.9995963839999149,0.0,0.0,45453312,282869760,32038912,33402880,
198,2026-10-09T10:53:58.903221+00:00,198.088312674,1288,1791541891.2,principal,1.0872257040000477,0.0,0.0,24182784,32931840,14036992,14754816,
198,2026-10-09T10:53:58.903221+00:00,198.088312674,1289,1791541891.29,descendente,1.0876931620000505,0.0,0.0,11120640,19406848,5025792,5402624,
198,2026-10-09T10:53:58.903221+00:00,198.088312674,1290,1791541891.29,descendente,1.0883603830000084,0.0,0.0,45682688,282877952,32083968,33411072,
198,2026-10-09T10:53:58.903221+00:00,198.088312674,1291,1791541891.29,descendente,1.0885493680000309,0.9186537876894234,0.4593268938447117,45453312,282869760,32038912,33367040,
199,2026-10-09T10:53:59.817907+00:00,199.00354117200004,1288,1791541891.2,principal,0.9146683690000827,0.0,0.0,24182784,32931840,14036992,14779392,
199,2026-10-09T10:53:59.817907+00:00,199.00354117200004,1289,1791541891.29,descendente,0.914192359000026,0.0,0.0,11120640,19406848,5025792,5405696,
199,2026-10-09T10:53:59.817907+00:00,199.00354117200004,1290,1791541891.29,descendente,0.9135223759999462,0.0,0.0,45682688,282877952,32083968,33446912,
199,2026-10-09T10:53:59.817907+00:00,199.00354117200004,1291,1791541891.29,descendente,0.913671038000075,0.0,0.0,45453312,282869760,32038912,33402880,
